日期,股票代碼,標題,來源,連結
2026-09-26 08:22:30,AVGO,Nvidia vs. Broadcom: Whose AI Bull Case is Better?,The Globe and Mail,https://news.google.com/rss/articles/CBMizAFBVV95cUxPRlJXTU0wcV9jLVNjZjFxR0tscm5HRFBvWnpxaTRzeV9rS29abkl3clcxSDRTOGYwck5Kc2kxNG5VZl81ZDBtcld4MUdzaTZsYTZaV2trdEdxcmpzRVhmcThpVHZIWndfVlVSTUt0QnhManJSNDQ2NmtzUDRpR1pTVHFhSXU5T04zTTZnS1NRQk4tVHJBU00yS1NSVFNnREtjR1hINEpqQ0U4NV94bHBoOVM1WWZPaW5FTkF4a2VLNFJRU1VoZGJFNUdnVWs?oc=5
2026-09-26 04:51:00,AVGO,NVIDIA (NVDA) vs. Broadcom (AVGO): Which AI Chip Stock Has the Stronger Moat?,Yahoo Finance,https://news.google.com/rss/articles/CBMilwFBVV95cUxNLWVITFJqMFB6NHJHUF9HRHBBYzdsQUhUYS0yb1FjU1VmNGM5cmx4QW1oaDlWQ216Zkk4akJNWV9EUFNBb2ZyMDY3cmRDQ3Nzd1VMcmxlS0prems5VFVwVnRVYnlCV3dMXzVfUGpvRWxIbmlla1l6SUp2eWRyMkFVU3RXTW9BN3VkOTB4ejZNdzdCWXV3akNN?oc=5
2026-09-26 04:35:21,AVGO,"Broadcom: Sideways for Nearly Two Months After Earnings, Is Now a Buying Opportunity?",TradingKey,https://news.google.com/rss/articles/CBMiekFVX3lxTE1hbXR6WTlYRTV5WHlSUEZGbVpmQlZYLVlfcHR4MlBrRzVESl9vOW42REJQWllmcnc4NHlNSk0yQUVyLWdUMS1ZZkZBVkZrT0wxbnBvUy1FZ2QwSlU0alpzT19kRTV0NXlNeVNGWW0xNWNRWWoxSXIwcFJ3?oc=5
2026-09-25 23:44:55,AVGO,Nvidia Would Have to Add Almost a Whole Broadcom to Reach $7 Trillion,The Globe and Mail,https://news.google.com/rss/articles/CBMi6wFBVV95cUxPaDM0SFhISkZjZU1CQzFtMmlnZWI5QllTNktxX2RfQkdJcjlzVDFyVFJNbFJjWllDdTVscTdLdmlxOWw5dWl2d3dNdGtFbFREZEdSYlpMQUV2OW1PaFVlUDROeE80SldaNGJ2WkwwaVJjVC1YZXQ1ZnRmNGNRRE9IbVh6WmZFWHJHSk1ualZHWk1uSUdYbnk3bHp2S0t2N3pIN3VqMVctUmJSZW0ta1ZURzZQZXhUcVNLQlNrYkxqM0JKVExIR2dQdkxQX042ZDU0VnNjcS11cUNISVd4cTNVeDgyejYzdENGMFgw?oc=5
2026-09-25 22:47:44,AVGO,"INTC, AMD, NVDA, AVGO: Chip Stocks Slide As Fresh US-Iran Strikes Test Peace Deal",Stocktwits,https://news.google.com/rss/articles/CBMi2AFBVV95cUxNY3RBR09ZNmcyNE1RdFRqd1VheS1MQXoyZlE1UENsYURHb19DTWU2cjRFWG9QdWFweGc2ZUxpY0pJNVRoaXpDMzJINVJCOGVlaVdXXzVoQlFQUUZoVDVLeEZPNnVSQTV3cFdibW1sb1lWeFZHd0x1TlV1VlB5LTdxcGxkNF9FMlJZREs4UTdiM3Zod2ZiTzVuWWJIV1VmMWdkVEk1MmlpS005MTl2RkFfTUEyZzlBR1A0bGZBb216blVZdTJycXJJUHNadlJteDcwa3o0dHlEeEs?oc=5
2026-09-25 21:23:33,AVGO,Broadcom(AVGO.US) Director Sells US$250.01 Million in Common Stock,Moomoo,https://news.google.com/rss/articles/CBMipAFBVV95cUxPa2xvZ0dCbThFRmZaQkwtM2psOHdnR0Q2cXlZVlptMm1QMkd3VGZTWTlCemhqcFZpUWg4QmhNU0pvSjdXZzEyTm9WTElkLWRrOEJsVkF6LXhEc3lSSXJCTUhhamJRdzdRTHJ4bi1NaV8tUW15cWtfY3pCRTZJU3VLenpzRnI3R2YzaV9lalNELXA4b2YyNmdERkdLUnBmMkN0QUxBMQ?oc=5
2026-09-25 18:48:04,AVGO,"NVDA, AVGO, MU, INTC Stocks Gain: Top Wall Street Traders See No Signs Of Panic In Chips Or AI Even As Correction Territory Looms",Stocktwits,https://news.google.com/rss/articles/CBMimAJBVV95cUxONnpKVm1UUlRxeXlIQVB1WURiZ0R5Q3dTeGhiZ3dMR2ZOQ0poNE8tX1BudXJ0WWdldkpwRnU5YW9NUzhOa2R1eGVIOGRseVgxYmRQbmd6YjhpQVhYNzc4MURBQXhVU196U0U1N25lVjhoa1N0TDMtYVl5RmlqZi1ibEIweGVKNXl2SGQtc29YQ2lxWEhkV2RlZU9kRVZhVHVuYWRMQWxNS3cyWVVYWlhiazE0TDZPeEdPb1ZLbWZVak1tSlFkRFotOG9jdXoyQ0hpY3ZYbTdLMDFXZzZFUnU2dFNxWGJzdlg1OFB5M1BrT0xsRFB4VGpabWFFTUcwXzlaNENlTFRGa19oelJsSER1RnFmdlVKdUFq?oc=5
2026-09-25 18:29:04,AVGO,AVGO Oct 2026 365.000 call (AVGO261016C00365000) Interactive Stock Chart - Yahoo Finance,Yahoo! Finance Canada,https://news.google.com/rss/articles/CBMibkFVX3lxTE5INnViLTFDLXFpbGRhaDJ0enJDTG9QTGxfWnFhZGdkNlpCSTQzbTVEN0NhcUZ2V1FhU1d1RzU0dnF1T0tWWFRRM0p0N0pqclVCSDB3VXBNbTNDODM3SmJIXzlMZEVmX2MyUWluUHB3?oc=5
2026-09-25 15:53:21,AVGO,"Nasdaq, S&P 500, Dow Futures Mixed As Investors Eye Jobs Reports, Iran Tensions: Why AVGO, CRWD, TSM, NVDA, MSTR, BMNR In Focus",Stocktwits,https://news.google.com/rss/articles/CBMiywFBVV95cUxPMUZQTkxSeTY1ZEtDNVk1UWRlT3BDWGlRUkltemp3LXA2LXEwdDVKVUh3cVN0V3ZsckV3b2dhSTB3ZjVhZnVyMFVhVDN4S1FDMFNvQW96OVE0bFlPakpOQjJBZXpIcFpEaW9YMjMtZ0Z3T3BUZEFwWVlHZmNwNmZVa3N0RXVZOWl1YW1aREstYkplRU9CNVlDcVcyMVNrdXJJQWphNEFEZ0lXMGw4aGpucTFTZGh1a2RaNzlnNnZ6OU10X1JENEMxWWFUNA?oc=5
2026-09-25 14:35:36,AVGO,MRVL Vs AVGO: Which Custom AI Chipmaker Has Bigger Upside Potential?,Stocktwits,https://news.google.com/rss/articles/CBMiygFBVV95cUxNa2taTXpfcWJBS2w3QWdrZW5qTll4LTk4Y1QyU2NhRGVGWVBMdWxjcnR6MUVGRHgwRTh6UkRFdWNWU1VFTHhaNDlhVnVpMlMtenJWcGNtQlZ3WWZLWG9fZDJubE1lQnZ2b2phZ0txOVhqZWJ3V0ZDT3NERG9taVFfcndiZV9DanJaRDVkSnRjVU5HR3BIUlpIQTllWjZYblptYlNuYlU1Smd6dWx6bEl2ZlE2c3NlMjlPYjhXaENVdVNsZGNxYWNuQWJ3?oc=5
2026-09-25 14:07:20,AVGO,$Broadcom (AVGO.US)$,Moomoo,https://news.google.com/rss/articles/CBMiekFVX3lxTE5reWF1ajlReklxVGJ6dnRLaGxsQUFiYmJuMWNWdXpmOTdNMGRRY1VQalE5ZER4SXFnZXVoa1FaWFZkbE5KNjdBeENuSFRNS0NCMWU5c214MXh0WFF2U0ZlcWpVQTV2U3VBT19PSVN2TExSbGx2ZnhRaEln?oc=5
2026-09-25 11:24:40,AVGO,AVGO260925P00367500 interactive stock chart | AVGO Sep 2026 367.500 put stock,Yahoo Finance Australia,https://news.google.com/rss/articles/CBMiZEFVX3lxTFBaT3lEMndyNTZOYXVVUklsNlpFUHJJSlNqLTFwVFVpVlRmZGZIdVRYb2l6X0dEWFJodl9oT2hsbjZWbmZHUVF0THJEeFhBMkJ6d0hhaGUzNlBWMDZTNU8yRWJHbGg?oc=5
2026-09-25 10:08:03,AVGO,"NVDA, AVGO’s AI Backstops Have One Analyst Worried — Michael Burry Says There’s A Reason Nvidia’s 5Y CDS Are Going ‘Parabolic’",Stocktwits,https://news.google.com/rss/articles/CBMizAFBVV95cUxOclg5ZHFlSkw1TlpYTFdyeHAzTjJ5TUMwV3dkQXhfUmlWRURLQWlyTk5lMlN6MFhMc0I5TURKOFJtYjFfazVIeGpraWZsakFwaTdZNDNQd1paSE9KRUtteGR2REJrM1F3VDg2b1dYMWt2RkFVQXFGaG9jOUNhLTQ2MV94N1BValR4R01oTXZfdEJKT3VvdV9sV2tzNm5sZktzMzZZa0dvWnBGQzRXWW5pR1JETDYtUXBKSW5pV3V5NHZ2MEhmZUt5Ukh4VU8?oc=5
2026-09-25 10:02:30,AVGO,Jim Cramer Couldn’t Believe People Didn’t Take Broadcom Inc. (AVGO)’s CEO Seriously,Insider Monkey,https://news.google.com/rss/articles/CBMivgFBVV95cUxOODdWSk5ucks2dm1UbnoyNWtES19WeWpRaWVCN1pTTnRnajBJOHYteV9RcERZQmc2bU8yUHpUVENlOUREbjVHWnh5dGFUR2p4TU9JaXQ5RmNaWEkyNFpreXl2M0I1QThVSnI4azBfY01La1RIdHdOMWNicUNxZEhTbldPOTFLQ0pVM1dCTG1VN2NES21XZlU5QW93R2x3Qi1TajlGbFdkWVJiekl3eFU0eExXZXVuX2ljUzhnYXBB?oc=5
2026-09-25 10:02:30,AVGO,Jim Cramer Couldn’t Believe People Didn’t Take Broadcom Inc. (AVGO)’s CEO Seriously,Yahoo Finance,https://news.google.com/rss/articles/CBMilwFBVV95cUxPU0hpWGlsVDdXampVT3FSd01JcGRqbnhvaXhGSzQ3VHpHWWN0Tmdzam9NWnJXNDQ0ZTFFblFSWnREZEhZbUJDYVNBOTRTczBBRFd0MmlQNkszcnRsTVctNEZqZnc1R1ZaZ28zbTA2UnlWbUtyd1FxVHlGNFZDblh6dTliQ2hVdi1LVzRlMGhHTGd4Rk1iNzlz?oc=5
2026-09-25 08:42:58,AVGO,AVGO261005C00410000 interactive stock chart | AVGO Oct 2026 410.000 call stock,Yahoo Finance Australia,https://news.google.com/rss/articles/CBMiZEFVX3lxTE9ZeEJwcG5PS1pKMng5OFdwZW5uVVNPZWRDVVNpN2VyYU5qajlla0d3QjhycTVxQnVTZG1ENmFFRjU5cHdGUVdCNUVGTWgwSUZXbWx4ZjVyWG1QVmdzenMxTl9DeWQ?oc=5
2026-09-25 08:04:26,AVGO,AVGO261005P00405000 interactive stock chart | AVGO Oct 2026 405.000 put stock,Yahoo Finance Australia,https://news.google.com/rss/articles/CBMiZEFVX3lxTE1fV1YzcGdxUGI1OWsyaFRnYVdMSnlHczRMeDBuZnk3UjFtWW41SUV3UkhIZkg2bVBqUVY0cE1IaHNtTWFsQWllNE9zaU5iQ2ZtRkxKbGdldXVqTGxTdWlERVlYQW4?oc=5
2026-09-25 07:59:04,AVGO,AVGO261005P00345000 Interactive Stock Chart | AVGO Oct 2026 345.000 put Stock - Yahoo Finance,Yahoo! Finance Canada,https://news.google.com/rss/articles/CBMiZkFVX3lxTE5JVGlFejNDVE9RdXRiMGR4R2xrT3RFR2JXYjF3WlBDbUtYM2VTdy01WW9YbjVQanZfal95TVBpSEpuaGh0cl9rTkJjcWFYdldBckMwaC0tODIwQnVNY3dlY0tfdGZxZw?oc=5
2026-09-25 07:19:49,AVGO,$Broadcom (AVGO.US)$ Shorted 32 shares at $363.58 and took profit at $352.36 after the strong reversal confirmed.,Moomoo,https://news.google.com/rss/articles/CBMipAFBVV95cUxPZWpSeHBzMmNPZEpqTjc5dlgtYU9SMmRBLTREdDVNWFpqWlI4ci1DNlY0ajlzaEliYkJUMDhaMzFXV2ZZTlBUTDRtbFN4UWNVY0VVRDJxLTAwbV9MQUxYUEFEalQzOW5kaENMRFM1OUs2dFdhZzlyRE0yVHFYSFVOTWZ5UGtGenp3eWVod3dZcTJmTjZuXy00elZvRzZ0dFpVV0tJeA?oc=5
2026-09-25 07:15:52,AVGO,AVGO Oct 2026 410.000 call (AVGO261005C00410000) interactive stock chart,Yahoo Finance Australia,https://news.google.com/rss/articles/CBMibkFVX3lxTE9rT2h5VTdpS1ZKcFVaM3h6R3NFN1hUVWQzbWVVczR2R2Y5VEhoM3FSZlh0MUhFWFppYl9tWVFjeV92eHFYb3FSTWU4RGo0ZWdxUVlqOUc4OUdjbUIxVFN4a295QzBxUXNYSGRpd25n?oc=5
2026-09-25 07:15:33,AVGO,AVGO261023C00315000 interactive stock chart | AVGO Oct 2026 315.000 call stock,Yahoo Finance Australia,https://news.google.com/rss/articles/CBMiZEFVX3lxTE9GMmtkdkw0dkxkVmRzSTd3UjdqLXRnOTIwSE92MVdVZm5TNWRacV8xREZlUTBIQjhjUllaazdMU1o1QmhkWmhiT0FqZ3NIUWxmSHc4bzUtS2t5aWZtLUxBYU54Ulo?oc=5
2026-09-25 07:05:47,AVGO,AVGO Stock Heads For Worst Month In 7 Years: Co-Founder’s Quarterly Stake Sales Top $720M,Stocktwits,https://news.google.com/rss/articles/CBMi5wFBVV95cUxQZU4xTzM1S21sWGkxUmlndTI4c0l4c3NpNWVNMEZqVnFJMDhLMHFkcUhmZVR6WnoxZExGUDQ5clZIalVmdllWdDY1UGtBa0pFZHhwR0NZbWczU3VEZFVmVS1iaXpGRlQ0SkxIV0R0R1MtS2xUbXdzYWJoUmJQRkJPa3dmaGRnd0prZy1XRkdHTDAxTDc5T2lHX29JWGZNY08zUWtoTFFHVFpvTkpaVzZXZnNmWHhxQjdqS1QyVXFUSTBqMzVUX3ZzLTB3TC1YZFZrT0gzbXE5MFNSWXluM3k3R0tieDJwU1k?oc=5
2026-09-25 06:39:26,AVGO,AVGO Oct 2026 410.000 call (AVGO261005C00410000) Interactive Stock Chart - Yahoo Finance,Yahoo! Finance Canada,https://news.google.com/rss/articles/CBMibkFVX3lxTE9oT1JCbXhZamR3UUVHSFBXeFRzMUFlSTZleU1EMGhGUjFrVXhTV0t6TnNBcFJTWFh4RkR6WUwzOTZESDYwaVRHOHlWeEg0TFB0Yl9YVFdsRFBkem9nYU1sX0FDcE01NXFRS3VrZUNn?oc=5
2026-09-25 06:08:02,AVGO,"AVGO Oct 2026 410.000 call (AVGO261005C00410000) Stock Price, News, Quote & History",Yahoo! Finance Canada,https://news.google.com/rss/articles/CBMiZkFVX3lxTE5UTG9oQXlvcUNsZ1lfSWw5TF8yWVp3ZmtJRlhmT0xrWndrOElJQ2JyR2NDVEI4dThlMFZTa2tpbmNxZVVMMktRdjJLTzFMVE1aZThvS2JfUjhzMDJPWko0dVpuVjV5dw?oc=5
2026-09-25 05:23:19,AVGO,AVGO Oct 2026 405.000 put (AVGO261005P00405000) Interactive Stock Chart - Yahoo Finance,Yahoo! Finance Canada,https://news.google.com/rss/articles/CBMibkFVX3lxTFBkUzlPdFR6Rng0M0p5VUVfVjhwbXYzeHhETUhndW85dER1TFlJRmxBS0Z6MnhuZzB4dFlpa0RrdGs0d2VHWFBEclRaVTZHOU5yUlN5cC1tcUVGd09YbWIyX181WmgwM21hR3VFVUt3?oc=5
2026-09-25 05:07:41,AVGO,"Broadcom’s 27% Pullback Masks Bullish AI Outlook, Morningstar Says – Sees $230B Revenue Potential",Stocktwits,https://news.google.com/rss/articles/CBMiugFBVV95cUxQM2JobUxqNnhOUHpzclAwWlRKbkZUaGd6MFVmVndaVVBNN0ZnYWF5aS1qWEFYX1B5OG1peGpPVDEzeFhKV3VxYkd1TE9VdzJYcGdnWkZ6UjFpS2t4V2puZkVHUC03SWNDNnVwVExueVprMndadTNkVXdmRm8teHZGdjk3RmlpM3pYaTBWQXVsbk5FVU8xYXVjSVc2YzhJZVZ0bWtqRVBFdDVKTVZBUFRRVVh4WXdmNG1rSHc?oc=5
2026-09-25 04:26:00,AVGO,Broadcom vs. Marvell: Which Custom AI Chip Stock Has the Better Risk-Reward?,Yahoo Finance,https://news.google.com/rss/articles/CBMimgFBVV95cUxNU3hGV1Bvb0FjVWhtaXQyRlFOMlN4UThmaVBlazkwUjdJdzd4Q0c2QXU4M1BuWk9UYVQ1TFBQNEVSS0toMVRBQlgxdWtVQk9Bb0lSbUVuY3hVR3FySEJza1NWTF9mNXFLWHFteU9xbDkzWWQyNk1majNuTFg1V1YxdmhVMVVwLV9UNDFJYlk0S3N2MEpRQVRLNFhR?oc=5
2026-09-25 02:08:29,AVGO,"AVGO Stock Headed For $319B Market Cap Wipeout, But Analysts Eye Buying Opportunity",Stocktwits,https://news.google.com/rss/articles/CBMi1wFBVV95cUxOYVpRTzA5eFlORzhveW5TY2U2a2hrM0x6SjQwQ18tVEM4cjlPM1doXzRfS2owRmJfNGkwXzZNTktzQ1VGc1RkOUNJZzNBeTF0X0R0OGN3NmZZZWdxLXUwMm41S1JQaTM2Nlp0WG5IZjIxaHl3SERRdzQwNE9GbE9JLXhkNWlJMTIzOFA1YkxwaUVLQUxGX1k3UmVYU2poTTdUMmpRM0tXb2JpazJVbVJoMlRvRWdjaVdIQU40U3hfWjlTNWVBWWRRenBWX2N6eWsxWDJLT01YQQ?oc=5
2026-09-25 02:07:41,AVGO,"AVGO Stock Extends Post-Earnings Selloff: Analysts, Retail Expect Strong Rebound",Stocktwits,https://news.google.com/rss/articles/CBMi2gFBVV95cUxNMTBRb2lSSW9EalRsT3lpaERfNzNyN0lnWHlxb2dpMUdDWkxlZERqYVNnRHJUbjhaZTZGYzBHWkhLR1U1WVNmeEdObzIxczE5VzE5dUxmNllDUlpvcFQtdUp6Ti1HR3FxNnZFVVZ1UTZuaXBIdEcyelpYYmxnNU5sVHQtenFSM0tWRW45Z0RzdlhQNWNqdGJyeWlTbW1YdF9HcER0aHBTX0I0N3QwbGpuWXUzZVoxdFdaekwzLWlCNl9CLXQ1VThpa1I2TW1OcFk3aHd4aVhEbzRxUQ?oc=5
2026-09-25 00:59:03,AVGO,AVGO261009P00260000 interactive stock chart | AVGO Oct 2026 260.000 put stock,Yahoo Finance Australia,https://news.google.com/rss/articles/CBMiZEFVX3lxTE1jbVN0ejUwN1JaaGVYUnFCeG40Sm4zcm9yN1NhMWt5VzlDTDJzaERxYnU0ZER5LTlEbHpZa2VSX2ZkMm5OLTl5WktqOEIyaHdkcWJyMndRbEg0bFdHV2NMTlJsLVg?oc=5
2026-09-25 00:12:05,AVGO,AVGO260923C00422500 interactive stock chart | AVGO Sep 2026 422.500 call stock,Yahoo Finance Australia,https://news.google.com/rss/articles/CBMiZEFVX3lxTE5lVlJQdHFtRWRTTE1NVUNJaXZla2tXQ3JfX1lyaDR2cTV2Qm5uOGM0ZWRRS1JydWs1bFBkY3kxUmFpdHgzRDZnWEhTSnlaSjByanE2S0RVZkZOZzNadXAxYlZSWDE?oc=5
2026-09-25 00:09:04,AVGO,"Broadcom Stock Forecast: Down Over 30% Since June, Can the Stock Rebound From Here?",TradingKey,https://news.google.com/rss/articles/CBMixwFBVV95cUxOcGx4R09pV05mckRkSHR4MGV5TFYwamVJVWFfa0dKajlEamFWM29hLTVXdmR4NEhZTzQ3QU5mUXVZZjk3OVQ5TC12YUtvbnlYWkpfMTNLUzI0UUhsbXQwdzQ1R1VMU29XVXdvUGhRNmhVVThnaWc5QU56MXcxbXRvQ016eURybnlYZFZXNVhjc29RQzBobFZqS2kxQnJLNEluRzB6N0hvZndxS3gwVmN6YlB1elhRcXdwWmJGMGlPTU5iZG43bE44?oc=5
2026-09-24 23:17:50,AVGO,AVGO260923C00382500 interactive stock chart | AVGO Sep 2026 382.500 call stock,Yahoo Finance Australia,https://news.google.com/rss/articles/CBMiZEFVX3lxTE02Vkk3SzVKMERvTWV1WDNKaVdlSmU4OWNFcmw0cXJKOC1paDBkM2JPYmZmaGVjMjVnbGs2NEVtd3VGU0dYQzVYZ2pHbWpRRE03LWtKcXRjMUhMeVZLZVowS0lLN2s?oc=5
2026-09-24 23:14:39,AVGO,"AVGO Oct 2026 260.000 put (AVGO261009P00260000) stock price, news, quote and history",Yahoo Finance UK,https://news.google.com/rss/articles/CBMiZkFVX3lxTE5ZR0JpcU1nOXdvTnQ0eTU3a29NYVR4M00tNG9VdjFGbnFDR0tPaU9jTnE1NF9nVVV5U0RpdWZrN210YkRpRTJ6VG5iRWM1MTBVV2V1aHEzN1FLSm00dkI4M2VsZHJpdw?oc=5
2026-09-24 22:26:45,AVGO,"Dow, S&P 500, Nasdaq Futures Rise As Investors Look Past Iran Tensions, Focus On Earnings: AVGO, SNOW, DELL, HPE Stocks In Focus",Stocktwits,https://news.google.com/rss/articles/CBMimAJBVV95cUxQOTg4MWdxWmtUTDVzYW9LQlpOVHlJZ1o2ZzhOQnhvTnpoX3pfYmVBSXc4ZmdVVGZrQlduOHFxa0lDZEpSSnZnckk5MS1qVVFWUGRUcGMzallCd1EyWlYtT1cybUFWQUdSQi1oa0d0eW42b18yYTFaYVF4aTNxRWFndGdZemlIUmY4TjlfTzI3dG1jeFBOclRWT202dlA2RXhoT0d5LXNibDhpRTU0eWxMWTM5SG52SDB6ZTczRnBaaUdBME1mQW1wZV8zeUFNR3NfT2FKVU9kUHc2dXBOSkZtR0MzbzBKZE9odzBTN2o3TmtPbGc1Mm1lcElnRE4tSVhGS08zdjB1dlpjeDd2LTlTdnBXamdkV3ZQ?oc=5
2026-09-24 21:34:40,AVGO,Broadcom (NASDAQ:AVGO) Stock Falls 1.3% - Here's Why,MarketBeat,https://news.google.com/rss/articles/CBMiqAFBVV95cUxNZEJTRkFuU19LUXJHWlpwSldXYVZ6cjlGMWpEakd5OFFLWjBhUFlRZnl6bkFHdWpuRlFSd1VxWnk3YUxLM20wYzZKaGJ0WURzWGhBUjZrWlpOSnl3Tk9pV1hLc1dLRFNxM2lRRzZPamFCU2NWSGlLZk9lUU9IREItallJR3dqdEVGTWxrRHBtVkw4SGtDaHdLM3lKdUQzdG5KNHVYNmVsZ2Q?oc=5
2026-09-24 21:23:00,AVGO,Broadcom's Latest Prediction Makes the Stock a No-Brainer Buy Right Now,The Motley Fool,https://news.google.com/rss/articles/CBMimAFBVV95cUxPWG9WeTRaNFpucUp0ZXZmVTZJc2pGSkpQV3hZbm91XzVpT2h2TG4xMXIwRXdxSkZFRjFNOFcwSlpZd0lUcFhXVHdCVE05LTRwbVlrMk9GWHJ5Z0pZS1drZ3QxY1dQNlQxZEtPTUlGMzNkekRNRlVib3BuR3pobkU5OTg3T3htTWRoWjVmZ0VMZ09uRzR3ZmlRZQ?oc=5
2026-09-24 21:16:44,AVGO,Broadcom (AVGO) Stock May Be 24% Undervalued Following Fresh AI Demand Fears,Yahoo Finance,https://news.google.com/rss/articles/CBMilgFBVV95cUxPdlRBb2pHLVhaZWtTNHZ1dEZfOXcwWXhNQmpOcXJLM1FKWkt4X1VJdi0yVDRRREVuZm15YTlaYnJlSU1YY1dzT3I0SGJXZWpwMlZsbFV1TnROQXFjQUFDN1VOTy1aVmNGZkNITFhSNEcxZFZ1Zl91SGNvODhlLVFTcmJlTngtTXZEZ1hqVlktLXZoa1dkNWc?oc=5
2026-09-24 21:06:05,AVGO,"Marvell Technology vs. Broadcom: Which AI Chip Stock Is Better for Long-Term Holding, MRVL or AVGO?",TradingKey,https://news.google.com/rss/articles/CBMisgFBVV95cUxQREJ5OGh4TndKOWZaRThqLXJpQ0p6YmJ1R1doeTYyWF9HN1BPR0RPOE1XWGVlTVc5eHdwQ3NheVBDMElNeEQ4RmticnJCRmJsaGVWXzhaT0hFcF9CRld5d1c2MWZOZXdRQmhPX0lwMnVCVWxNRmgyekk2bWhHekNSOVl2dlQ1YXR3X1M2QjFZV0VaVEhwRWdERGE2T2Z2UWQ2N2JHT2k0REhLaDUxdUpuNDNR?oc=5
2026-09-24 20:47:46,AVGO,AVGO Sep 2026 320.000 put (AVGO260928P00320000) interactive stock chart,Yahoo Finance Australia,https://news.google.com/rss/articles/CBMibkFVX3lxTFB6RjY2SEFmdGNEcVgycXhkc01iMGFoSEtWTGREZ1d2VUoxMFVPbGU0dnFSMlJERG9UdVNEUU9HZ3k5MVl5eTVoTUdSY3A1Z3hTcmdaMUlEUVFlQzQ4bDBBYnEzc3VXZ2R4eTI2RFFn?oc=5
2026-09-24 20:45:03,AVGO,Broadcom's Latest Prediction Makes the Stock a No-Brainer Buy Right Now,The Globe and Mail,https://news.google.com/rss/articles/CBMi6wFBVV95cUxOSER6RTF2ZDFzakNWYnp3MVB6WVlHR3Z5YlBPYTlCR1RnZlFpYm9lbHhFaHpqTV9FbFhUcmlXOXJVX2lrNmdzV3JjbmY2V0tuNzBKR0FLSHBtR2w4WDFMa2Zfd0ZfSWZSalRCVnQ3a0RuX2J1UEZwaHN1X1d6aHZZSHUyenQzNXZXcjFwRHZReXI4TG5xYnlFbzVQRzBkeExIWHFKTU9STkI3Nm1KWmNLZTNDb2c5WGRJb094OXVnLTRRbFVFdVFyaHUyZUxwMjhTb1VIV094Zkw4aVZpOHdLdWpxeTduZ1VSQVhB?oc=5
2026-09-24 20:45:01,AVGO,Broadcom's Latest Prediction Makes the Stock a No-Brainer Buy Right Now,The Globe and Mail,https://news.google.com/rss/articles/CBMi7wFBVV95cUxPNUJiSG1QRlRwRmtOZXR6TC1hTVJHeUJWcE9SNGtXVU4wZjZRMXhOV2tGY3ZMb05mR0FZZjFfUl9vUGtoU1pzSHRiQm5tWC1WMEN1Wlo2OFRXUmR3WGNTcTZqdjZTaVB5UERXeEJjUUJKYUtkYTQ1ZGtSSlUwcEN0T2RodUpXazBJRG1RMmUzLXF5Y2ZXUWZsenRzaGhGdWZFSHZCY2dlTjB3S19JUGk2SjJERWFIa09DQUFlUnFILWFsb19FSmFJbXI2VmxpYTh3VmFZZ2lRcHJWa1I2NC1PUWNFUTg3U3JJN292dWlCRQ?oc=5
2026-09-24 20:44:40,AVGO,AVGO Sep 2026 372.500 put (AVGO260928P00372500) interactive stock chart,Yahoo Finance Australia,https://news.google.com/rss/articles/CBMibkFVX3lxTE1pVnB3TC12dm1xaE9GZEQ4RzV0MS0wczZrZl9lM0sydi1UVlB6cjh4cGFmUWluZDE0X1Qyc0x6YXo5MGRyYWlmX1VvZWRXVmpYSmJIZ2Y5dkd3RmpOSkpHMjFLMEdHSEtza3lwY21n?oc=5
2026-09-24 20:43:00,AVGO,Broadcom's Latest Prediction Makes the Stock a No-Brainer Buy Right Now,Yahoo Finance,https://news.google.com/rss/articles/CBMipwFBVV95cUxPUkE1WUY5VjFNQWhJS0QxRnFUSEs2a2p1TkV6NFVJODVWVXJKOWlfWmdFQnJQVnNoUlJJY1FLVUI4bmtNang4cE1UcjNSNlhxSEdpbjVDSVQ0aEg1OGxrYjVkdEZKVUhpbXpyRGZuSURSYkpBMW9ELUo0cW1fcGE0UlJfbmdtYW9HSGRXTTM5OHQ1RjlVYWJmRlZtY0l6TjRNV0xqMmU4cw?oc=5
2026-09-24 20:38:07,AVGO,Broadcom's (AVGO) Buy Rating Reiterated at Sanford C. Bernstein,MarketBeat,https://news.google.com/rss/articles/CBMivgFBVV95cUxNNUMtWnd4SXZ6YWdvUzQ1eU5EMGoyX3dMOFpqc1Zaby12ZHlLR3ZXdEx3RTZicDlELWRMVXZWT3BpWGdaZ0wtYUVNNHVhUzQ1clRycTBvRVlDcVhnQ1RYdkpjOERHWERjaGpVRjMzTldMUzcxOU1DaHpmQzdMYXBSLV9mYkttdm5hTjlxenVjN0F5cWZQSWlnczIyZHlnVVNBSnFJdmlDcTFJbGZzbVRkeW8tMG5PSmExYzRDTXR3?oc=5
2026-09-24 18:37:37,AVGO,"AVGO Sep 2026 305.000 put (AVGO260928P00305000) stock price, news, quote and history",Yahoo Finance UK,https://news.google.com/rss/articles/CBMiZkFVX3lxTFBveU5vdEdNay1yMWJPX1RJYjJNX0FFX1R0N1A5OU8yNVlMSHBJbXN4UVBwSkN3ZlFUazBqWWVsVnBoRFpuTnhrRkhlaG1uZ3h1ZEZubTRsMFhYQTZkZVhEN0VQNHBNQQ?oc=5
2026-09-24 18:37:06,AVGO,AVGO Sep 2026 440.000 call (AVGO260928C00440000) interactive stock chart – Yahoo Finance,Yahoo Finance Singapore,https://news.google.com/rss/articles/CBMibkFVX3lxTE55dWFIUXpPTW5ERVNiVElJMEJiOWQ4VjdtOGVtSVN3VHVnQWc5ZF9Pd0FCUEpxMUN2X21NRUNTa09leU5NNjNDY1YzcVRrQ25lbHhOellXNW1XQjBxZ3MtQTcyOGRMNnJmbXJWenBn?oc=5
2026-09-24 18:36:29,AVGO,AVGO Sep 2026 305.000 put (AVGO260928P00305000) interactive stock chart,Yahoo Finance Australia,https://news.google.com/rss/articles/CBMibkFVX3lxTE43ZU1HYUlYckFpNUctcERBcXZhQ0N3Y2NXOVhSSkMtRlFmYzE0RHRzOXl2SnJPWUdyNEVRQlB5cVdUXzU2MXkwVGtXQmJ3d0dfa21IZzgtWjJSNUhuZjhDMlZaSmJGM01vTTh4QUhn?oc=5
2026-09-24 18:35:30,AVGO,AVGO Sep 2026 375.000 call (AVGO260928C00375000) interactive stock chart – Yahoo Finance,Yahoo Finance Singapore,https://news.google.com/rss/articles/CBMibkFVX3lxTE9BWkpCNXpZWUFsazlZZkZSNmE0S0VnT3hMUW9TdGhxNTJtdHRzTVFWRDRSaDNkcW1SNlFFMVozVHhwdUk3WV9XUUxwTF90eXZrQ2s3RTVqSnRpcUVPeXhCcHhBemlwSXZnN2tlQURR?oc=5
2026-09-24 18:35:21,AVGO,AVGO Sep 2026 362.500 put (AVGO260928P00362500) interactive stock chart,Yahoo Finance UK,https://news.google.com/rss/articles/CBMibkFVX3lxTE9Fa0RlTXVmSlRaRkdhRzEwc2pTSVBIZnlrclo5RXNaRnU0eGNpYkNxNGlISlhGWTQ2VzctZnl0VS1COTZTY1libVhWOUs0U0VVcnpzN3FHU09CeEdERmFUWGxyWUZKcDdWVnpJMEJB?oc=5
2026-09-24 18:31:16,AVGO,AVGO Sep 2026 362.500 call (AVGO260928C00362500) interactive stock chart,Yahoo Finance Australia,https://news.google.com/rss/articles/CBMibkFVX3lxTE01dXVDa1YyVmVLXy1oMm5mVmpQRjZQUVFUdGtwYTJVd3JZa202UU5PUEwzS2dBYVlBUF9kVWNRVUFybTdiN0ttd05oblNwM3l4Nnk0R2piZnRETFVWeXV0WjIyc0Q3aXVVajNZb0dB?oc=5
2026-09-24 17:56:18,AVGO,AVGO Sep 2026 332.500 put (AVGO260928P00332500) interactive stock chart – Yahoo Finance,Yahoo Finance Singapore,https://news.google.com/rss/articles/CBMibkFVX3lxTFBHRVphaXhlSkhQbGtHU1VYVE1seTZhVWEzNjZ2bGJ3S19LQlNvbGdsaEtkZV8wMW9kM3BzYTJ3dGVOZHdVZzFuNmlpM0k1Mmw5SV85UlBGLWIxa29LbC13aG9IU0lXZXEwMHpzTmx3?oc=5
2026-09-24 17:46:36,AVGO,What's Going On With Broadcom Stock Thursday?,Benzinga,https://news.google.com/rss/articles/CBMioAFBVV95cUxOZUxTVDFDaGlFdnRUd1pMX1RvNlpmMmxaZ0RBNHc4U0U2cUc5NWtNTkJiX1RvejFFVWVkSjJadmlqSU1aUnF2NXBzSVd4bjdIQXdIQy1nVWFVOTNKMDdlSTJfS3ZEX2d2enJsVk1BWjFTSG56aEdTd0lHVzVNOFd5T0ZjcGxKdTlGeXZSUzFwdDBtME52N2FaSG5kZWdHdXZl?oc=5
2026-09-24 17:44:12,AVGO,AVGO Sep 2026 300.000 call (AVGO260928C00300000) interactive stock chart – Yahoo Finance,Yahoo Finance Singapore,https://news.google.com/rss/articles/CBMibkFVX3lxTE1GY0JWaEdqN1pNaHgxeW51dmZqTUpZNkxWUDk2blZwT1NQZkVuYzY4bVdrUTVGRno2T1BZQ0R0eGJad0RHRHpySUhfWTFWcHNiU19Ncm1uRmhTTnFNcXRPbTN0OXRzSmgwMl9ZUW5R?oc=5
2026-09-24 17:42:27,AVGO,AVGO Sep 2026 365.000 call (AVGO260928C00365000) interactive stock chart – Yahoo Finance,Yahoo Finance Singapore,https://news.google.com/rss/articles/CBMibkFVX3lxTE9qcFVpblJDczN1T3oyNXRrdHZJWHZvQnNDc3VlOU1Fb1Z0MFRNdmVtQlVoSVhBRVZaXzJCb2FYQmhPa08wYTBYaEMzZXlyUzU2RF96VVNaZ0hIWmE5N3VxTnBkLWRtZC1NUzVGeElR?oc=5
2026-09-24 17:22:28,AVGO,AVGO Sep 2026 410.000 call (AVGO260928C00410000) Interactive Stock Chart,Yahoo! Finance Canada,https://news.google.com/rss/articles/CBMibkFVX3lxTE5nbnRUcDJBeDlFb1doUGYwQUJHX3J6WWlsdWYzWjFVc2NGVy10NlVHVW52NjVvUTFJNzRub0FqbmhRLU5WOU00OTlJam1pZUZHdUNpeVFnQmF5cjN4N2lLazF1c1pYQlU4RlZQOHJn?oc=5
2026-09-24 17:15:08,AVGO,"AVGO Sep 2026 300.000 call (AVGO260928C00300000) stock price, news, quote and history",Yahoo Finance Singapore,https://news.google.com/rss/articles/CBMiZkFVX3lxTFB1TkphVGdMNXNBNnZhb2lvYTJTTnpod05PWTJQZ2N5SDFHQ3pKTXluUV9ZZ1dpNGVBVkpMcWpJVlMwcXlmcFNjVWdXTVljWG9LbWtYaGM5QTlQcWp4eUQyR1VvYkVMZw?oc=5
2026-09-24 17:04:35,AVGO,"AVGO Sep 2026 290.000 call (AVGO260928C00290000) stock price, news, quote and history",Yahoo Finance Singapore,https://news.google.com/rss/articles/CBMiZkFVX3lxTE15R2J5VkVTTUM0YzdScEpGU1ZNQUhwQ1QxV3g3U1FBekNhYkhZaWY4c3ZDRTZBWUtuMUZJUjJLODMtTUlmWHVjU01aR1JCX3E3bDM2RGV2NUJFSWlNaXBYZjRxUUk0dw?oc=5
2026-09-24 17:02:52,AVGO,"AVGO Sep 2026 385.000 put (AVGO260928P00385000) stock price, news, quote and history",Yahoo Finance Singapore,https://news.google.com/rss/articles/CBMiZkFVX3lxTE5ITExNTGVTcnBTM2pHLVk4QVdkLW5uVElLMHp6OUlNb1QwdjlVaEdJbnF2YUVjWVotQ2JGSklrNzVmSEVsT25wLUdJTnYwTld5MUxZSGtCcGVOV1JmRWppRmVfYUMzdw?oc=5
2026-09-24 17:02:13,AVGO,"AVGO Sep 2026 425.000 call (AVGO260928C00425000) stock price, news, quote and history",Yahoo Finance Singapore,https://news.google.com/rss/articles/CBMiZkFVX3lxTE1xbExLZEhGaGhHTHY4YmwyZzV1X3dxSko3Y1lXRVJwcEpvcG5CYVNIWVBsb1V5SmRlTGJ0LVR4SzV4dlJXRXE4dl9wRExrSXdMaTdMQ0NlSll3R3NwUzE3WG1tcEJtQQ?oc=5
2026-09-24 17:02:12,AVGO,"AVGO Sep 2026 367.500 put (AVGO260928P00367500) stock price, news, quote and history",Yahoo Finance Singapore,https://news.google.com/rss/articles/CBMiZkFVX3lxTFBfMlo5YUVsSGd1SWVEWXcyelQxMURhTW9pc1V2QzFoUFE5YWdlb21zMUU1RUZFdG1lVWNlNzBhaFIyRUdlQTRWNy1mSm9YdWVlQXJLTFdPeGozRGtfOTR5bmcxMlQ4UQ?oc=5
2026-09-24 16:57:29,AVGO,"AVGO Sep 2026 440.000 call (AVGO260928C00440000) stock price, news, quote and history",Yahoo Finance Singapore,https://news.google.com/rss/articles/CBMiZkFVX3lxTFBTRVIxNjhJWFBpSEpCeXhzTDZQa2FUemZJMzB3N3ZrdVdlcktXYXozNlJQbDR1MTJ0Ui1pZ2pPSFRKdVNVSUcwQlV0LVZjSXR4S2YxeFE3ME1VN1JSRUNfZmd6TXc5dw?oc=5
2026-09-24 16:36:55,AVGO,"AVGO Sep 2026 330.000 call (AVGO260928C00330000) stock price, news, quote and history",Yahoo Finance Singapore,https://news.google.com/rss/articles/CBMiZkFVX3lxTFBodm82bXlnNG5EcFVyMkFaQUtYcG1ZR1hqQ3dZM25UaWFRWm9IR0ppaEx2UW1DR2J6eFF1Q1YtaE80eGY1UlBqYzFmOEZMd0NfMlB6UXRPRlpUNkN0emdEbmVFY2hRUQ?oc=5
2026-09-24 16:33:44,AVGO,"AVGO Sep 2026 300.000 call (AVGO260928C00300000) stock price, news, quote and history",Yahoo Finance UK,https://news.google.com/rss/articles/CBMiZkFVX3lxTE5PUTViekdYdmVFRE91OE14T0Y4MmJCZ0tMc1doeC13TjY1UzJGeFgwUHRCcHcwWUVnT05hQTdJTWdaTzExR3BGWGdWWGxtbDlmM1ZlN1lDdmVneFd2bVZUTVNIdTRaZw?oc=5
2026-09-24 16:18:36,AVGO,"AVGO Sep 2026 350.000 call (AVGO260928C00350000) stock price, news, quote and history",Yahoo Finance Singapore,https://news.google.com/rss/articles/CBMiZkFVX3lxTFB3MXVIOThOOENxa21Pdmg2YjhHcmZ2RW1YMElPa21tWFhpSDNpOUVTSGx4STRfWFRSWlpNQThhZkFpNzdwOXhrdG5IeG5UU0NQQ2x5YmhOSHNrb1I0MVZmWG50RkYxZw?oc=5
2026-09-24 16:16:26,AVGO,AVGO Sep 2026 355.000 put (AVGO260923P00355000) Interactive Stock Chart,ca.finance.yahoo.com,https://news.google.com/rss/articles/CBMibkFVX3lxTE0zeDZBZWJDcG5hcEZqeXdqaS1MR2tuNm16eDRzLW5YejZYRnF1Yk01eC13RTktbW94dTBqX1hGMVdEU1RnejlKdHdHRTMwZ3YtcGZIUkFtSGVQcnZQTzZqSGR6T2tRcEJTaTRnQXZB?oc=5
2026-09-24 15:56:20,AVGO,"Broadcom and CoreWeave: One AI Stock Is the Right Play, but Avoid the Other, Says Investor",TipRanks,https://news.google.com/rss/articles/CBMiwwFBVV95cUxPdE9NUlNWMmZCeU9aSk15UDBlcnVKNGladUp5Nkl3ZGtTV3JBVWVFdnc1Q2xHMC03VTFhdThrLTVCRFQwQU4wQWZtM21ZWWVqNEIxZlNKNXlVdEdIT0JNeXBWR1UtcWdmbS1IWnRMOFhKUFZUa1M0a29NN01QelFMU25BVU01R0lzbnVsb3V6d0FSME0tM2V3dXU0LW8wdmpvRV9rWWp5ZGtYd0xoT2Ryd2l2cGFFRk4xV3VvODJUd3BBWms?oc=5
2026-09-24 14:17:35,AVGO,ADBE vs AVGO: US Stock Price & Performance Comparison 2026 | MEXC,mexc.co,https://news.google.com/rss/articles/CBMiUkFVX3lxTFBYNDRyZGxla081ckpjSVVSZlEyVTJBNkZ2WkRaTGhqazdYWTRCY0lNN3JWNE04U2V4ZVFfMFVfTTZ6ZDF2QmhFWXBiNE9WRkVCV0E?oc=5
2026-09-24 13:56:17,AVGO,"Broadcom: China Just Added A New Risk To The AI Story, Beyond Margins (NASDAQ:AVGO)",Seeking Alpha,https://news.google.com/rss/articles/CBMirAFBVV95cUxNdWdxQ25kM3pzdGVXZFNzWjlWcm5hdWlkWDlNMGpOeUJjQTFvMHhKdDI3WkhmWjBROWI0MGFYbmZpeElJUm80Q25Ic0ExRWYwTzZqQTdiWkdMTlJVNTBqeWtDNmlHeVNCZlJXbGVMOWRFSjVyOWlTT1FCWnRyOVdNVURRLXFhWHJzdVU0czRKS0lyM1NSYXlrem9rNVZqV1VyTGFnWDBjVWhQTjUx?oc=5
2026-09-24 13:46:42,AVGO,Broadcom vs. Marvell: Which Custom AI Chip Stock Has the Better Risk-Reward?,Insider Monkey,https://news.google.com/rss/articles/CBMiuAFBVV95cUxPY1ZZS2xwZ3dSakRLbFBNWG1DOGZkVk9qZF8wX1B6TlkwUFc1WlZvSXpzVTJQeU1mOHZsanpNRU1EQnBhMmdyclZEdFdIYnlYZUNheFVmNVkzX2M0WXM2dTJZT3J5b2s5YlJucjdzVXBFNlUyc1FCenozOXE5WjVxNkhhLU5MRTdJaFpiMlNmMUI0OU1leDN0anc0NXdfY2pNS0pnQktZTGJGcjVBc3hLNGRwczFiQVVW0gHAAUFVX3lxTE1EWUQ1TENPRC1NOERZWWZjaDlwajhnb3VwdHhzdjFjMFVBS0JVMmVXNktMWm11S3dVWHJocWhEeTk5ZHV6aUhfUlVBc1YtMk1UYjhUc2pxb2hYZUlrNUNwcW5UWVQzVUNYM0FTM291Mkxsck5MNUMxLWJHWkpPUi14cGZBaWpmWG5aOV9WdV9oU21fZlJKSC05Y1NSZl9QdVU1UmR3Sm1Yd29ZcFNOdlhVZ1hIa3dpZGRsN05JRUpWeg?oc=5
2026-09-24 13:00:23,AVGO,Why Broadcom Stock Is Worth $650,YouTube,https://news.google.com/rss/articles/CBMiXEFVX3lxTE5BOHNFcDhsSkJsMXRvVzF2eTREaFN2TGl4M0x4T3B3MTBUYS1fbU5ITzY2d1pzdFhGODFzR0R6MWJvNUlYQU14YlY3OVFYWVJBejdYNTB1WjJwdlFU?oc=5
2026-09-24 12:19:07,AVGO,AVGO Sep 2026 347.500 call (AVGO260930C00347500) interactive stock chart – Yahoo Finance,Yahoo Finance Singapore,https://news.google.com/rss/articles/CBMibkFVX3lxTFB5RXpuSzVrUmdzNzBQSE5UX3Q1ckRHUHhLaDF0dFp4cEJsRVhzcTU2SG5qZDNSSXpjV1R5YUFnTWVRVEp3S2xxT2hMcUx6VXRyLWUtdmhxUGxlTW9iUl9MR1kzLUJOTWxfeXJsZEl3?oc=5
2026-09-24 11:04:36,AVGO,AVGO Sep 2026 347.500 call (AVGO260925C00347500) interactive stock chart,Yahoo Finance UK,https://news.google.com/rss/articles/CBMibkFVX3lxTE9zazk4T1FiZmdfVE02VDZkNmVEQnlWd2dmRml3UHFzV2FESU9qVmxtVWZnX3ZPcUZwa2FWOV9JbS1USVE3bGFOdDF2ZXNZcy1UWmNlZEdWUzA4MzNBejBlVjZ0OEYzYnI3U1RzWWN3?oc=5
2026-09-24 10:41:56,AVGO,"AVGO Sep 2026 347.500 call (AVGO260925C00347500) stock price, news, quote and history",Yahoo Finance UK,https://news.google.com/rss/articles/CBMiZkFVX3lxTFBMeWtISEZrVEpnRlF6azlGN29NeHlPXzZyU2s3ZllpZGpOT1RTUGtta1RROEJuSHFoY2JJRkxzOEJHRG9Ga2U1Q29ibld2ZGtXWmxCWTV4Ni1TbDR5dlYzeDRQTFYtQQ?oc=5
2026-09-24 10:29:13,AVGO,"AVGO Oct 2026 347.500 put (AVGO261009P00347500) stock price, news, quote and history",Yahoo Finance Australia,https://news.google.com/rss/articles/CBMiZkFVX3lxTE9sSmZLTjNWQWEteTE5SmtGSC1fajJIWGhKMk1vNUY2Z0VyanVRUGQ2ZWVkQldLcEZlNDZlclpaRDEtN2J5R2U5WFNpaHJiZy1VZmdMZW0xTk9jNlRuRWI0eEhuT1NyQQ?oc=5
2026-09-24 10:17:53,AVGO,Why Broadcom Stock Is Worth $650,Morningstar,https://news.google.com/rss/articles/CBMikwFBVV95cUxNQXZoMFoybDN3cmI0OTBaMjZQbEpYNHR5ZF9oNjNJM0FrcHNIR2pVaVFSWGwyWmFqaUZMaFhucmFjRVVJdVBJWHJXd0pqWGMwZllYUzVfcURlQUk3LXdYYXlLcDdndnBza01LWXZUSHlfM0s5bVoxbEF5MUxRXzdvYVprSC1LYWlwMGdsaE15UDZXRGM?oc=5
2026-09-24 09:52:22,AVGO,AVGO Stock Jumps — JPMorgan Says Investors Should Be ‘Aggressive Buyers’ Of Broadcom At Current Levels,Stocktwits,https://news.google.com/rss/articles/CBMi9AFBVV95cUxOX1F1MUZkQ1R3c3FiaEJMWHh1WjJheFpxZjEwNHNsaVg3SVZFaHZWS3B6blh4cm9jWUlSbkRaLV9BLW1LZFR6Y0lTYW5HZUlPcTVSTks1Vk41OTBFMVVVMEtyZmtiV3o0eUdzSks5TXJuaGVfbGw0YjhDN2VnaWRkSzdCM21uQTlsV3czQ1lyYnk3WU5yaFpLcmZqbmRHcXVNLVQzYjM1Z0VVLTVzWU5VRWhoNk1zTGQ3ajFraGQ5M0ZoaGE2SFdfOUpQa2p3M3EwdENFSC02V0dremlKVV94WFc1Q2hQNzdjamttOE92MDB5ZjNt?oc=5
2026-09-24 09:31:20,AVGO,"AVGO Oct 2026 347.500 put (AVGO261016P00347500) stock price, news, quote and history",Yahoo Finance Singapore,https://news.google.com/rss/articles/CBMiZkFVX3lxTFBZNVJkZDFsbVNmMWJ1TzFQNHhPWWlKWnMzbXlwS1FNbkRIWnVfVjZmcGZrM2JZQk80ajVYeVlxWWMxWXNFTkxIcm5Ednp2X2ZSUFVYUUYyWHVhRUp2Wm9WVEhBM1RiZw?oc=5
2026-09-24 09:16:56,AVGO,"Why Are AI Chip Stocks MRVL, AVGO, Nvidia Falling in Premarket Today, Sept. 24?",TipRanks,https://news.google.com/rss/articles/CBMipwFBVV95cUxOdUc4ekVlb253bVRqc0hXWUtsNUxUNXhNSDFuZ3p5RUNWRV9wcWdhWU9oTDVob3pHbjhWaHpDdEFieFBEUktSVGdkbWZZT0NPZ1Q5NU9zZGt6cTBzaHZCUHdFMWFwVDFDSUwxdVF1UnMzNFh5Q0hpY0dtTVhXU2tHTEFzckdpN2RnczU1d2p2cktEcXVxTE54aTBYZDFLanVTM2x3VktPZw?oc=5
2026-09-24 08:54:18,AVGO,"Dow Hits Record High And S&P 500 Gains As Oil Slides, While Chip Weakness Weighs On Nasdaq — AVGO, UNH, META, PINS, RUM In Focus",Stocktwits,https://news.google.com/rss/articles/CBMimAJBVV95cUxPUkQtQTBpUExveWNkZW1fTUxYMG1qN1dNdmVQSHlvRHltckg0aWxwLUJxdVltZDh3ZFBVQnFZNUZLNXNrdlN3VmZJNjZleG53QXpuWEZNcnhKd0JfcVRzRDFvQlVEVDkzT1JrX0NUMVBHQldLNl9tVkNpY1lleGl5UnZINW45Z1dDUW9rUC1HZkZNZElFcm04eHh0dktPR2ZUSmdXLS1HTGJHSUdmVElYY2VLdkk3c1R0Nm9pZ2RyenMxaGczWUxyWFJSLXhrWThnRHhsMWQwcnd2a1pXLVdsckhNWWlCQUVOaExMVlZBT1E3M2JtNU5OcDZmTVhobS1vX2N3cGdnWXBhUmFUWnZQMjQ3X1oxMnBC?oc=5
2026-09-24 08:25:07,AVGO,AVGO260923P00337500 Interactive Stock Chart | AVGO Sep 2026 337.500 put Stock,ca.finance.yahoo.com,https://news.google.com/rss/articles/CBMiZEFVX3lxTE9fOXFUaTlwa016ZjZlQVFsY0h2YS1GNXJUX08tX0dDVjVnakRPcjJNTkV4WGRyLWxXSkYyemx4ZHZSRUxUVndyT3I2dXkxYnhDaXNXM20wMVNSQWVNXzBWVy1nNjc?oc=5
2026-09-24 07:30:50,AVGO,AVGO Jan 2028 690.000 call (AVGO280121C00690000) interactive stock chart,Yahoo Finance UK,https://news.google.com/rss/articles/CBMibkFVX3lxTE5HcVctV0VGSUJuZHZ0U05Pbjl4SEVwT0RONmM3Qk1xTXEyb1BZbkx3dlBDRTBjdkphODhzdjBLNjZzb09SVTFsS1MzR1JVeWZJX29NNEhxTlAyMHJNN183OU02UENieHJCb056NWZR?oc=5
2026-09-24 07:11:59,AVGO,AVGO Sep 2026 327.500 put (AVGO260925P00327500) interactive stock chart,Yahoo Finance Australia,https://news.google.com/rss/articles/CBMibkFVX3lxTE1ScnNjVTdmSENKQVJDdmNiY1Z5S1BubnRad1RRSkNCazBsaEFKcTBqVlo3LTZZOVpGSVphN2x0M2M0OU8wLV9teHNUdjRpVDdJZE83cHEwTl9KOVlDUU1rMjdRU2tTQllkblAxSHRn?oc=5
2026-09-24 06:30:00,AVGO,Where Will Broadcom Stock Be in 5 Years?,fool.com,https://news.google.com/rss/articles/CBMiigFBVV95cUxOd2VRTnF6NTJlRE5FV0JNNl9ROU9sSEhkMHoxd2tyaU9qT0JCZXBQWmhjd0ZJSWtuekFickg4ZVdyQjhDN2FjcWEtUW1JUGR0MGpMYlRBYkFoc002bDR6S1I1TjlZVWlKR3RqZzdFR18yMml3b0lpcFVMWUtBZFFmUm4yTERtVy1wUVE?oc=5
2026-09-24 06:09:30,AVGO,Broadcom (NASDAQ:AVGO) Shares Bought Rep. Rick W. Allen,MarketBeat,https://news.google.com/rss/articles/CBMitAFBVV95cUxPNWJNbVFEb2F5MW9yWXBkT3o4aUZBN2FrN2FVMHFHV3VSNE5qUk81MUNFRXZXV2VEU3g2b2o2NmtUS2xsTUFPdUwzZVFaZ2xtQ3RyN2l0cnZuaGtackZvSzdzSkZPejRzU3VVRHpTTVl5N3poUEFNVXQ4TlBmNGk1c2d2T1hBZ1pPaVlvSGZpYXdlMHBuOXBfRUlzNmhxcjJ4T0pVcVlCc2VLWHV5UmxzekV6OXg?oc=5
2026-09-24 05:54:10,AVGO,AVGO Sep 2026 327.500 put (AVGO260925P00327500) Interactive Stock Chart,Yahoo! Finance Canada,https://news.google.com/rss/articles/CBMibkFVX3lxTE1TOVltcUhkQkRKVG1yb3NUV09qbHpDYkU2bU5OTm5LNV9OQmhJQ2QxcUJsYkNXSEozYVBGZWhSeWpDR0FyM21vRHA3VElfUWhnQkw3ZGo2b0NBSkhQNjB3eF9aOGQwWU5JdER0ZEdR?oc=5
2026-09-24 05:50:00,AVGO,Where Will Broadcom Stock Be in 5 Years?,finance.yahoo.com,https://news.google.com/rss/articles/CBMimAFBVV95cUxPUmpXdnZCM25GNkYzWHRDX2hVN3BpX05vNlpRYmgtdjVSTHlCNVVVNVY4akVXSGxCaVgzV0lhYWlHZG52LVJHanZKcnNxa1NGSUVvaTN6TUxZMmNDc1Q4a29XNGJIdmVfRV9wMEowTVFkSXhJYXJJMWp1SEtCazU3NHpDM0lqcHN6OElKZWdsWU91WnZTZ29aWg?oc=5
2026-09-24 05:46:25,AVGO,BROADCOM INC (AVGO.SW) stock major holders,Yahoo Finance UK,https://news.google.com/rss/articles/CBMiYEFVX3lxTFAwSl9EaDhEZFZRUjNzZ28wTFpBaEVpYnBhQ3ExU3JOQkZKcFltdFp0N2NKRkVWQWtteDRBcXo4SHUwOGlBSVhxaVl5Rnl5TWdFSE5weWhZcmp1QjZiMG9vTw?oc=5
2026-09-24 04:23:05,AVGO,AVGO Sep 2026 367.500 put (AVGO260925P00367500) interactive stock chart,Yahoo Finance UK,https://news.google.com/rss/articles/CBMibkFVX3lxTE9MWFdXUHFhR3Z6Qm44Vk14aXQ2RW1ySXgwMHFKbm4xYnhnZ29fYWJuYUdpRktPNkI1TVhmTHpkM2kteEZLLXRZY3g5TTJ3VHVLUXN4M2NfUGZnZTM3UERrYUxEXzZxVTJlZEYyTG93?oc=5
2026-09-24 03:38:58,AVGO,AVGO Sep 2026 362.500 put (AVGO260925P00362500) interactive stock chart – Yahoo Finance,Yahoo Finance Singapore,https://news.google.com/rss/articles/CBMibkFVX3lxTFBrZW95azZYWW0zV1g1dTE1S3FXLVB3dW51d1RrVi1XOFpUMmJUQUZWM2RQVU4wT3A5SFl4YzU4UUtlSERTMENCdmVfQUhNM0t1dHZlYW5JWHRsODZOWjY0aGFaX3FkTXdSeTZ1YXBn?oc=5
2026-09-24 03:38:43,AVGO,AVGO Sep 2026 372.500 put (AVGO260925P00372500) interactive stock chart – Yahoo Finance,Yahoo Finance Singapore,https://news.google.com/rss/articles/CBMibkFVX3lxTE5KYlAtVU5sSjhIczVWdjlwbmxJMm9LWk0tSEtvUmVEMFR1LVRaRUYyeGZ5Y1AxX0U2aWNxamh1TXNSbUVhZ0UxQmNTdXFIM1d3MkxOWUhmM0JxcXhiSUpWVFdENzBCbWZuOVdRQkdn?oc=5
2026-09-24 03:38:40,AVGO,AVGO Sep 2026 377.500 put (AVGO260925P00377500) interactive stock chart – Yahoo Finance,Yahoo Finance Singapore,https://news.google.com/rss/articles/CBMibkFVX3lxTFBENjRJOVhzX1psMllXNXNKZDZBekVoTS10ODAzS0NBYTJLRmZNVGZlMWVhRVpnemJuMFN4WjJQOWhscjEzak95U3RmOWk1alU3TjYzX2o1NkpQYVV0Ync1VXVzYjFSSkhMNExhMmFn?oc=5
2026-09-24 03:27:57,AVGO,"AVGO Sep 2026 307.500 put (AVGO260925P00307500) stock price, news, quote and history",Yahoo Finance Singapore,https://news.google.com/rss/articles/CBMiZkFVX3lxTFBBRC1UcWpVT1g3WTctVVVrSWFTVUUtTjVSWEJTbUVQelJKQmljRng1Yk92ZDlzOTJCeEU4bkJia05nYzFmTWtXOTRld3FyenRxSktJNW1tODZhLXREczljbVZYSUNHdw?oc=5
2026-09-24 03:27:53,AVGO,"AVGO Sep 2026 235.000 call (AVGO260925C00235000) stock price, news, quote and history",Yahoo Finance Singapore,https://news.google.com/rss/articles/CBMiZkFVX3lxTE8wNUg4VktLV2FkeDg2RGtzZjBLWHBSRnRJVXFVeE41TEFHeUxCbDNNTllXUkFJdmItOGRUNDhVN3BGcXpqckpseGJQWjdPcmVsSlY3LWdlajhWVFdkSEFaZFNleXpDUQ?oc=5
2026-09-24 03:25:51,AVGO,"AVGO Sep 2026 312.500 call (AVGO260925C00312500) stock price, news, quote and history",Yahoo Finance Singapore,https://news.google.com/rss/articles/CBMiZkFVX3lxTE4tTjFHQjNlR3VRN3c1anEyTGxjRFlqWHpBSVVIYm5hU1M1WFhTczl2TnRNdU5OSk1hdmZQZ2FVQnZiVERISUdVY2JWRHNGVGt5UVVYeDMtU1hZSDRHVld0Q1NGTEotZw?oc=5
2026-09-24 03:24:08,AVGO,"AVGO Sep 2026 377.500 call (AVGO260925C00377500) stock price, news, quote and history",Yahoo Finance Singapore,https://news.google.com/rss/articles/CBMiZkFVX3lxTFAwOEFwVndKMU9LOXNOaW1tcmttSWRHajFhY1dhVFBobUhKVTJCaGlQeDB3RG52LWpQRnhDbVRxUlhmVnJHOUxDSHdsdUh2Y3pXYVB6cGVxcEdxeGtpMXFzR1Q0c0Zodw?oc=5
2026-09-24 02:40:39,AVGO,AVGO Sep 2026 352.500 put (AVGO260925P00352500) interactive stock chart – Yahoo Finance,Yahoo Finance Singapore,https://news.google.com/rss/articles/CBMibkFVX3lxTE5HVEloUkdKVlcwRi0tUFVjRjFhdjhiZHNNQU5WcHN0TUxBWVV0SWFMTFRHOTVSWG43YVRoSnRJc2JGZ1Fna0pKYTlLbGdUTmVyeENIaTFncXZXZFFmbnFSQTFLdnZNbWFsUDVua3JB?oc=5
2026-09-24 02:11:50,AVGO,"AVGO Sep 2026 362.500 call (AVGO260925C00362500) stock price, news, quote and history",Yahoo Finance Singapore,https://news.google.com/rss/articles/CBMiZkFVX3lxTFBDaFRpYmNsTDNJNTVQWWZXbV9kRUF5UURQWTB3M2ZtREF3aWRuazFyeUMyWGF0NnE3TXk0ektsX3FEZGdXVjR5aXZ6THhkWDZTSE12Ml9DV1RVWkMxV1U4QkxGanpxdw?oc=5
2026-09-24 02:09:05,AVGO,"AVGO Sep 2026 315.000 call (AVGO260925C00315000) stock price, news, quote and history",Yahoo Finance UK,https://news.google.com/rss/articles/CBMiZkFVX3lxTFBqMWRpd2F6ZEtTNWVkckh0OW0wWC16VGZXRzlJLWMyWDY4bll1VWs1Z3dvd2gtT0JPNTZfOFVaXzN0eUhOaHczVW5WejNvNGpJMG92RG96U0s3R0xoTnQzTEdiVmZfdw?oc=5
2026-09-24 02:05:36,AVGO,AVGO Sep 2026 322.500 call (AVGO260925C00322500) Interactive Stock Chart - Yahoo Finance,Yahoo! Finance Canada,https://news.google.com/rss/articles/CBMibkFVX3lxTE9PVHotdFpKSTh3UjZWNWhyTE5NTmMxdWl3R2MwV0VMQjJYNGhiQmtMWFVXTk1xbnBDUm9hdVhjXzNFSTFnbGRONVVlOGJWOHp3MURfd3FoVS1PMmdBX29zRjVGUUpPY2RvRnQzMEJn?oc=5
2026-09-24 01:57:13,AVGO,AVGO Sep 2026 225.000 put (AVGO260925P00225000) interactive stock chart,Yahoo Finance Australia,https://news.google.com/rss/articles/CBMibkFVX3lxTE41ZW1oV0cwZnFBTjhZR0lRUmt2UHVPNm9rdG5vRVBLYkFoNkl2ZElqekJqTXJOQWN5SC1rN084cEU1TmZva1o2Zy15QWdtNnR0M3U0amliVERIM3prR19MTE95TDRCOGZtV1NFSGtB?oc=5
2026-09-24 01:34:16,AVGO,"AVGO Sep 2026 515.000 call (AVGO260925C00515000) stock price, news, quote and history",Yahoo Finance UK,https://news.google.com/rss/articles/CBMiZkFVX3lxTE1sX0pXVS02bVlQUF9NM25WcFJsUXdEa1hNamNWSHZJcG9zRk1TVUhaWTVMd2xmNWZ0MjZZWkVEV05DTzNKcWVnS2VVYk1hU21wYnFKSzR4LUZraDZjdEVvZlJUTi00dw?oc=5
2026-09-24 01:24:13,AVGO,"AVGO Sep 2026 342.500 put (AVGO260925P00342500) Stock Price, News, Quote & History",Yahoo! Finance Canada,https://news.google.com/rss/articles/CBMiZkFVX3lxTFBpTmx2a0tYYXlrclhYLUk3TWU1eWJHaUVjQ0hhb3RMcnRSUzRkSW1fazR4b0JDOGRiT3YtOVpFa0FhTzNDSUpqNEhEYkdMR3ZfTi1KeUxQWkZySjFBMWlzbVhPd2YyQQ?oc=5
2026-09-24 01:22:32,AVGO,AVGO Oct 2026 310.000 put (AVGO261030P00310000) interactive stock chart,Yahoo Finance UK,https://news.google.com/rss/articles/CBMibkFVX3lxTE1xZGZpbk4xbnlrVWMzSnFId0U4Q3U1LU5zNHFqTm5QQ2ZIa1VNcllCUHZqcGpKRGdhUUZycW5NYkNwWDU0UGxlS01ZNTlIczdnbFFPWThQYjJuTDY3a0RCalpHWTRLT0pQSndRU0t3?oc=5
2026-09-24 01:20:43,AVGO,"AVGO Sep 2026 367.500 call (AVGO260925C00367500) stock price, news, quote and history",Yahoo Finance UK,https://news.google.com/rss/articles/CBMiZkFVX3lxTE1xN3JKSlo4dWVXTjlUalloT2NqdWR1S2hYc1hFNE9wbUNySUNJU2h5cFZvcmh1VEcxazQ5aDFkLVlxSnNvRUp3VzBic0dUcWF1cUM0NmFIV3F4UTh4U2w1WUIzMFZYQQ?oc=5
2026-09-24 01:17:16,AVGO,"AVGO Sep 2026 355.000 put (AVGO260925P00355000) stock price, news, quote and history",Yahoo Finance UK,https://news.google.com/rss/articles/CBMiZkFVX3lxTE9kUDkzZjdIQUdGVW43Z3FXam1pLTA0bFZQdnFyTGJ3R1lIM2FqWS1VOXhiQTNsVEFxR18yVHJVYjI2SHBQNG55UkI5azhPRUlLUnYwNGVZVmhvT3hZb0RCeDNzdk1OUQ?oc=5
2026-09-24 01:14:49,AVGO,"AVGO Sep 2026 322.500 call (AVGO260925C00322500) Stock Price, News, Quote & History",Yahoo! Finance Canada,https://news.google.com/rss/articles/CBMiZkFVX3lxTE9QRHV5WTFHWEI0Z2JLdXItWF9lUjU0bFN4Ym9Gbi1hNnlndEhhSm9yeks4TWlLazhVcnVleFFZYzZnUFZ4Sms4Vjh4MGw4ZlRSTnZmRWd5VzdNTjVzRFJqazNwWG9CQQ?oc=5
2026-09-24 01:05:51,AVGO,"AVGO Sep 2026 382.500 put (AVGO260925P00382500) stock price, news, quote and history",Yahoo Finance Singapore,https://news.google.com/rss/articles/CBMiZkFVX3lxTE9HbHZSQ3o3R0JCMnU1VW9RcFVPQXVEdXdBblFPVWkzZHhoMmpuaHpTRndHaEVZVWt2akI2U0J3TXJxWlp3aHJ4UDNYcW10VmZqcUkyQzh5RDBscWt6dkdQU09yTmI5QQ?oc=5
2026-09-24 00:42:23,AVGO,AVGO Stock Slides Toward Key Support as China Scrutiny Clouds a Record Broadcom Quarter,kobaran.com,https://news.google.com/rss/articles/CBMisgFBVV95cUxNbDZsaFVZMVppczlOREZxUktwZXpLdTF1ajdaMEZacHdabXZreGxQblpSZXZoZDRnQUE1dzVLX1QtSlVWdHlObzlXT0Q2VDZrYUZHU1BjQUpOMnRjN0c3Wld4cUlJMnpTbno3MW94bTVZRVJKQkhyS25NQ19kTWkya01jZi1idFJWU0tmZ2xuWTcyUUszTTNRZGZ3Z1NSUGxrNEFvSUlFNV93VFAzTmNLcWJR?oc=5
2026-09-24 00:20:04,AVGO,Founders shares acquired in 1991 are part of a proposed sale by a Broadcom (NASDAQ: AVGO) affiliate.,Stock Titan,https://news.google.com/rss/articles/CBMikwFBVV95cUxPNEVNdmphT1ZJWjNlSUxTMk1xRURhaGxPU1VZNEFDT2dQMXJEemlpZU9LUXJJUm0xQ0JmSVI2TlVyVGhsMG1ZcWU5VzRxWHRUUnIydTRMT1JTSVUtWThpN19fUGtwVUVUc25za1dMTWJmRnk5Mmg5SWxLVEN4dDhrbTdDUEZqS3E5aEVUN1hxSHkyUTg?oc=5
2026-09-24 00:12:03,AVGO,"A 72,474-share sale is proposed for Broadcom (NASDAQ: AVGO) by Samueli Foundation.",Stock Titan,https://news.google.com/rss/articles/CBMikwFBVV95cUxQQWZzZ0d4U1BtX0dKcTJ4LU9yS1lUZ1RPdURiV3hzLXRQdnJrT0dYMVpiLUc2NXk4c1FUQmVGemFJV0FScXhheW5Dd1RlQlNLVlE0enJKVmVtRHl2bFVNM0JaakNOS0RWRzJhY2txMElnaGVaaERtV3F4TFBtNlU0T2FWV2RubDBRWHVGdnRyd3V6d1k?oc=5
2026-09-24 00:00:02,AVGO,AVGO News | BROADCOM INC (NASDAQ:AVGO),ChartMill,https://news.google.com/rss/articles/CBMiW0FVX3lxTE1BazdXUWV6U0pYMXJQQjUyMkFrSTVzeUl1dFpBeFE4WjlHeng4RTdBZExRVTVDWGlPM2FwNlFGcENuOHN5dFdDQlRUNFc3QXJLcHJrMElkUFY2OG8?oc=5
2026-09-23 23:54:23,AVGO,"After a $120M share sale in June, H&S Investments plans another sale of Broadcom (AVGO) shares.",Stock Titan,https://news.google.com/rss/articles/CBMikwFBVV95cUxNNENuY3YzRnhpdXd2T0hhVHU5VVJZQ1I0Q2xpRXpuZWZZakJ3WHp1OC16Ty15bV96dzMtN2ZWdFExNmNKd3ppRVZVNXFSb01Ic3BUZnhIWENMRS02VkF3RFhrNHZrY3VibHF6cVdIb2xCWlVvTkJzc1ZXUjdlcS1SaUZOOGVKUC1rSlpwNERyYUtYMUE?oc=5
2026-09-23 23:08:13,AVGO,Broadcom Inc. $AVGO Stock Holdings Lifted by QRG Capital Management Inc.,MarketBeat,https://news.google.com/rss/articles/CBMiygFBVV95cUxQMWM2WGVuVTlmRG9XX0l2VTViUW5Xd2dQWFBWR1RpZURIeEpjbmpjMGFmdlN3NExSSFZvelhFTk81VDl5X2ljemY5dE90aU5aekFQb09rSno3MmVIdHk3UzJ1aHhvTGFBdVRPeTBnNVpYS0l4TklvRWw3NEgzeGRoejhsMHJmbnZ3ZU1ZWUNUaU5sX0s5MVBwbm1xcnd3UDYyb094U3FWOUZHM3k0Nm0zSlhnVzhPc3hQMnZiTDNkNlFGci1uaFdVNHZB?oc=5
2026-09-23 23:08:12,AVGO,Broadcom Inc. $AVGO Shares Bought by Envestnet Portfolio Solutions Inc.,MarketBeat,https://news.google.com/rss/articles/CBMiyAFBVV95cUxQcEtOZWtfMmd6Ylk5UXhIZ09yNnJYcG1ITHJtOU92UHNqMDE2STZ1RFppYVVfZWVtSlQ2ZXNWMzRWWlVoYmFOSmhEd0g2SVpnaEZfLVNHUjFxUHdYcWZmSmhFU2F4SzdCU2ZjdldFMC1kZUxrMVF0RUNscEJKSGI1U04tLWNaRVRra1ZKeTdqNFM1RU5udDVCeXZvaDc2SDljNFluWDBrWldZcndMb3Q4WVNKVllCRVdFYXNHT2NLQWNzelNOZzhpaQ?oc=5
2026-09-23 22:42:51,AVGO,"Broadcom P/E below peer average, revenue growth hits 85.5%",scanx.trade,https://news.google.com/rss/articles/CBMiswFBVV95cUxQVTV1R2NWd294LU9qMjdqZ1hXeDZEVHdLYjdXa2s1c1kzRzYwNjM3bWZmdUh6TjRiNnZKSjU5bVNLamViTW1lMnRVZDAyZDg2OE5PQy1PYXR3MlhsV1I5ZUVGMDNJdmdvLXN2UkpDY2wwMTRUeE42VzI5eTI0M1MteWpsald3UllmS2RrYUR5YUx0Z3A3TzFvdmFXMTNNeFlPak0xelZjMThnZl9QaS15anJBVQ?oc=5
2026-09-23 22:36:35,AVGO,AVGO Stock Reverses to $355 as China Data-Centre Raises $300 Downside Threat for Broadcom,FXLeaders,https://news.google.com/rss/articles/CBMiygFBVV95cUxObGx1ejFCUFUwTDhTUU02TVlmOXUtQ0Z1SGlTc3NOQURlSTdCSGNEZWZjdm1ncl8wYlM0dlJSeDhHM3ExTWVhdl85RWtjMUtac1hDSjNYeHRYeWFJZ3hOcTA4RWthdzFfVHMwbmNGVGNtWFZ6bGdrU3JuakRwcDZqZXBQTUhYYkN2cEdYQ3Y4TThoZUtJb2J1VWNfSXZrUWp3MkQ3N1ViWTZXY2pyM2xhRlZfNmdFMVpleFBZZnh0eUJqd3d5RGM3a2lR?oc=5
2026-09-23 21:28:26,AVGO,AVGO Oct 2026 230.000 put (AVGO261023P00230000) interactive stock chart – Yahoo Finance,Yahoo Finance Singapore,https://news.google.com/rss/articles/CBMibkFVX3lxTFB2MDVQUVhRWmVQbDhFSzlNejhSQzVNQ3NPWkZSdGNNSDlCLUNwTGVkbDRqQlNsbVRFZUhuTGx1cEpnektLOFhXT1ptUzNMa1JnZVM3ckZrNF9ZbjJPdTBrZ3c0dkdMSEdiTkxsRHl3?oc=5
2026-09-23 21:23:41,AVGO,Broadcom (NASDAQ:AVGO) Shares Down 2.6% - Should You Sell?,MarketBeat,https://news.google.com/rss/articles/CBMisAFBVV95cUxNc1JKSkZlOUJIdWhPY19KYVJGSEVxN2d1U3Zrak5wYi0ycFlJdmExVkNOV1hUaUdieHNYUGZCWWdFak1TSHBlSEFsbVh0ek5zcGhSODhqVklrcFYtZWFPQzhGWGxfRW1IemZMME5xRDNveXRUd1owZGZUVXMzMEViMjY2ZjhqRDZwNVlzNndpeXY5RzB6QzY2My1jWV9QR19xTjVTMy13ZVRtQnFYY1d4VA?oc=5
2026-09-23 21:22:31,AVGO,AVGO Oct 2026 505.000 call (AVGO261023C00505000) interactive stock chart – Yahoo Finance,Yahoo Finance Singapore,https://news.google.com/rss/articles/CBMibkFVX3lxTE9qMDFOVjJNWnE1Rm4wd0NrTXFLWnBJYUhOWG5UbWhlUGtRNlRVVTFxRTlKb2lXbzB1WW12dS1LMUw2WVRkV25zb1FDemJ1RnJWaC1VNmQzSFFvb0dLbGY0d0V4NnhmUkxCblhEZ1Nn?oc=5
2026-09-23 20:17:26,AVGO,AVGO Oct 2026 345.000 put (AVGO261005P00345000) interactive stock chart,Yahoo Finance UK,https://news.google.com/rss/articles/CBMibkFVX3lxTE1lMTFRcUF2QVEtbkNncXFGUm5GaUUycXQ5MWhhQ3ktOWt3dHFLSWJZVkdZQzZWd283RkdTUDI1OUxYUnY5T0FTMXhZcVhsbWRtTV9fczRsT09lNXhQUS1ROEV2NGtGeWM1R1NxU09n?oc=5
2026-09-23 19:19:13,AVGO,Broadcom AVGO Stock Reverses to $355 as China Data-Centre Raises $300 Downside Threat,FXLeaders,https://news.google.com/rss/articles/CBMixAFBVV95cUxOOUZud3hMUnBaTGNkMmVrZUNTd1RUUE9McmV1ZHFyWE9fN2FvYzRXbVRqTV94UVltbXZ3c3RrSkRYaFF0ZjNfSGx4UjFINVd4Y1dzYm1iNUVPaFZDbzFFY1U0VTFYLXJ6Q01aMXpFRjA4V2RxMzlkRXA1RTdOaDRQbHVfVEZqME1weDVmUlRvUzY0VDZfbTVYMlA5UW1vRXlIZmE3QTZ2eTlPVWdZQUU4cVdkdWtmbTE5OHNfTEVGSGZ0ZU8t?oc=5
2026-09-23 18:57:52,AVGO,"INTC, AMD, AVGO: Chip Stocks Jump Premarket After Nvidia's Blowout Report",Stocktwits,https://news.google.com/rss/articles/CBMizwFBVV95cUxPQUU4dTZXYndUX2YwZlZ6VmR6d3JoV2dDbE1XR1FKS0p2YTZScmlIclZkTUxxb0paRW00TEgwVlE1Qk5hT3BnM3J4eVZqVDBpZ3o1blFiYTQ5M2t3OTlJU3pud01kVlJYQzFVaF82a2xfWXRfM2R2MzBVRDczX0pnRkpPZ3dpam03QlhibkliRnQ3NWhJU25VM0d1bVlvSm02bjJaV2pjZlJwTUpVVnZCMHRxYjFFd2Q2RXRNOFl3ZkItc0llS0JKR2dVN1VORDg?oc=5
2026-09-23 18:23:13,AVGO,"DE,PFE,TSLA,MA,SBUX,CME,MDT,META,MO,TJX,BSX,HCA,AMT,ORCL,LOW,NOW,XOM,ADBE,GEV,BA,CRM,MAR,BLK,AVGO,INTU,CVX,PLD,UNH,DHR,MSFT,COST,ABT,WM,BX,RTX,SPGI,HONA,DUK,SO,GD,BKNG,NVDA,KO,BAC,COP,ICE,ACN,BMY,NE",Yahoo! Finance Canada,https://news.google.com/rss/articles/CBMilANBVV95cUxNcTNsZkFDcTMxVER2d1dYZWdIdFk1OFFqWGJ3SjB5bGMxYmZub1ZQZGF0TEU2TzZEQkR3NTR0cC1lc1NXMERiNHFEUHVVUTlhQVpBSXkzTlprNGdfN3gzVlFyd0tTU3J0RzlHSnZSVDRsTHdzdTVmbDkyWWJlby0wMk1vUE1neFkzOE9EUVpXVDRUc0pPNTlDWUZBX0tybUZseWlkNkZpYWFmZjRNSG5hdG1VZWpSY3VHUWIwSVBVOUFIdHRSTFVnb3hmdi1ic3EySnFUVU8zQWJWaGN3ZlFvVE01OE5jTVlmMmZhN3hmcEV3eDVzYW1zc194cU5Qa2tZTFRFRWgxSnU0ZWV4TWhBR0pwa1o4TXJBcWY5dkt1OGE4LVNHVTM4WWxnRkJ3UGl5UExhaGd0dzN1SU9LX0Z4SmJlbzhUd244Wk9aUjllYktpbEhxX05teXZFRHA2SktpRmUwT3BEX0p4UXItZ2NYT1E2emxaMkhSUjFoNzNQZ2V6d1lMQ3FYaTdfM2haa3F6dUJYbQ?oc=5
2026-09-23 17:09:32,AVGO,Beyond Nvidia: 3 AI Infrastructure Stocks to Watch - Broadcom (NASDAQ:AVGO),benzinga.com,https://news.google.com/rss/articles/CBMiogFBVV95cUxQZ3paRnd6MUk3SlF4V1dMbWF4Y2QxZFV0SFROWWk1aXB3OGJtVDBiOS1ESFBjU19KTENqVGJHSE5BVDk3TWpYOXFobkk0Wk03TjYtaDUzOHhKbGhsVUUxbFBfWWhqNmNuUHdXYW1CbFYwc2o1M3BkS2ZZOE9hVDNvMDFtLUZjQnhIZ3JRSnFTMGJMbGZyM1h6TEZDVDZ6ZFpaSFE?oc=5
2026-09-23 17:09:32,AVGO,"EXCLUSIVE: Beyond Nvidia: Why Jensen Investment's Allen Bond Favors Broadcom, KLAC, Amphenol",TradingView,https://news.google.com/rss/articles/CBMi4AFBVV95cUxPWTg1T2NNWVBkaEF0OEd0OWVPZG1CNTd0X0tUNnNub2JvY1YwZU54a3BDM3Etc2gtcWJfMzFvSURtck9uTWdjcnZRMXJNSTNHdE5IWVJqempjLWxTN3RxZXZLRGQtSnR4VTlLNmF1OW5ORXI1bU9ZVHJORFpuRkFQQ2k4UDJTV21VeVhoZ0YtUGZRcXM1MmVmTGVOVl9RVW1yY0hDcXVFbVRJQTFxRFB6SUNFUnFqUU90SHJ2eDFMOWhNOGNmU3U0YWRwclA0WGwtWVdVakNMQXVubEFQemVWcA?oc=5
2026-09-23 16:40:58,AVGO,avgo latest peak to trough was 32.05%.,Moomoo,https://news.google.com/rss/articles/CBMipwFBVV95cUxOWjRGRFdtblBqZG83UEJxYXZzNGlrMklsTjBxQXE4cDFxcTV6bkVMdlNFQmlNZnZhaTVuMjJTcXlvcndJVkdHWVRPOHdIekNmLVJtd0hsWjdkVlhHTFJYYkxBTFlqTWdiRXVMZThqbl9KVWExaGN0MGl0ZHVYZm1KRTN4eVF0NUtZZ1ZLbWk4ZlhXbjQxWnI5TG1nWENaMGp1VjBVQVlhYw?oc=5
2026-09-23 15:58:57,AVGO,"Why are Intel, AMD, Broadcom (AVGO) stocks down on Wednsday?",Invezz,https://news.google.com/rss/articles/CBMilgFBVV95cUxPMU51RUctbGo0TkJVNHhZZWtXOWxFeFBOaXFaLVA4RnZXb1NxUGNheFRnZjdqckFrWEt0TVFyZk10Tkh3a3VmUHRyNUF2S3drRGFGeDQwdzQ3RTdDLWJERnpaZUhVazlRSHNwWGNGRkdpenNQbjlFenZNSXJWV2o3Q3I0U0FOeWN2WmZET3BBQ2xaSTdWclE?oc=5
2026-09-23 15:48:44,AVGO,AVGO Stock Quote Price and Forecast,CNN,https://news.google.com/rss/articles/CBMiUEFVX3lxTE1LY3VvVktnejctYWhud1RicWtyOTFwZVZoZC1pTktnSURqYWhQdlZ6X2ZaY05hN19kckJGWk5pQUFGdHJVaFF6SkV0TmNGMzkw?oc=5
2026-09-23 15:45:48,AVGO,Broadcom Just Made a Move That Further Solidifies My Decision to Buy on Repeat,Yahoo Finance,https://news.google.com/rss/articles/CBMinAFBVV95cUxNQlJtc3VPcmY0X0ZLdGFtRFVEOHFLRnRRbTVwOFR0aXR4MlY2UG15bFgyNFVDb3AyQ1JDcTVJSUswc0VLV1R0N29aQ0pvLUZVQjIwZUlOQzRhdGZNb3hzeU90cGNFMWlwSy1OalpwTVNpUzZXTVJOVTJobmpEd09EOUpoRkdJYmdfdUxHMEFTbVFrNXhuWUVZMVNJUlI?oc=5
2026-09-23 15:08:58,AVGO,"Why AMD, Broadcom and Intel Stocks Are Slipping Today — and What Wall Street Sees Ahead",TipRanks,https://news.google.com/rss/articles/CBMitAFBVV95cUxNM3RablJVeFE0M0hNRXo1Z2xVVFgtcXpVdEIzcERhOWZPWVEzaU0xNWhKTVFFWkVwUG9ncDVRdExFSDBIdG1iSENIV2hMN0I4Y3drRk94aUtWTEQ1MXlwVTdiWURXN3VkNzByUWxwSndZaTJqRTdiU2ptLWpSUWN2ZHJCd3I4d3dRRFdOaEFBaGlUdjdDYzJlXzhFdmFaUThRbDY0aGxpOEV6VzZKOVRtdUR3MW4?oc=5
2026-09-23 14:54:49,AVGO,$Broadcom (AVGO.US)$ That teasing little imp,Moomoo,https://news.google.com/rss/articles/CBMiswFBVV95cUxQWVMwdnpRUlo1YW9UWUZfRHlTUjBkT0hUeXRsYXJLR3l0dE5iOVE5YUFLR1l0QS0wdUNPUndxdG5EUHNIU1JjM2lsdExPQ2hjVloxeXFkX2VkMHh5bkxKVXo0VTJSaUJtcThhekNyM0tCVTdjZ3lJV1hyY3Q2VngyNkVybDVjTjFRQXkzaVJRUGJMTXUtUWxZa29RbU0zaFhXMzJxX0RlSHRPcVM3TXVPYngtaw?oc=5
2026-09-23 14:26:29,AVGO,"INTC, AMD, AVGO, Other Chip Stocks Rebound Premarket: Cathie Wood Trims AMD Holding Further",Stocktwits,https://news.google.com/rss/articles/CBMi5gFBVV95cUxNbG5qblZCN0NNQVljazNIS1UwUzhQek9xQW1fVW5iV29fVDJFR1ZEbHVaRHZpMHdVNGttMEVialhyUGtEYWt0V0FmR0pJcmNnUjV3ZUM2bzB6OGhENXVwbTM3SkVYMGRGWU5TTUd5dWI2eFFoZm16NUNKeWprdVVzS25Cd3RrN0dyai1PTUlBa0JoNDNNVVdsQXl4OF9qT0owVVNJblU3SDFqMlhGZUQ0RHd3MmpUZ21lQWNfc2pwSERwd2hsdV80R1F1c21Hc2E5MGtiUk1fVE9XOERaVGRpbUU1Y2Nxdw?oc=5
2026-09-23 14:18:26,AVGO,"S&P 500, Dow End Lower As Oil Prices Rise Amid US-Iran Crisis — PSKY, GOOGL, IREN, AMD, NVDA, AVGO In Focus",Stocktwits,https://news.google.com/rss/articles/CBMixwFBVV95cUxQQWNEWVBJNWh1MXNfRVlJYkhHaTMyR3hxUjlrVkZqdXl0Y2J4MUplUER5dEtnX3hhZjV3ZlN1TXM5MFBOamRnUUdpLS1IdkdvNjBXZUZjYnhPR2VlQVd6UlplczVCbklMS011VG5jWWQ1WEVzekVoSmxCbXhueFhZWlpPTlQyTy1OU1pGZ2pVQWRTdHlheFhfdFFSUUF3Y2tXTTF0eDJJMDhjMjM3NEExTkVtbjNqM3pDS1JkRXRkVVFHZEYtYnZZ?oc=5
2026-09-23 14:18:08,AVGO,AVGO Oct 2026 362.500 put (AVGO261002P00362500) interactive stock chart,Yahoo Finance Australia,https://news.google.com/rss/articles/CBMibkFVX3lxTFAwWXh4N0FVS2hSajI5OU9XcUp6MDRldWUxdHdhNWZRbGsxQkl1QUdrbDBDNFBZY2ZWbXV3bF9hY2JKMzNXYUhoSTB1RlNuU0Zqc0k4S29LNEFEM3V0SU4xeTFEVVJvRXNOSWJNWlpR?oc=5
2026-09-23 13:23:57,AVGO,AVGO Sep 2026 375.000 put (AVGO260923P00375000) interactive stock chart,Yahoo Finance UK,https://news.google.com/rss/articles/CBMibkFVX3lxTE03U0FxQkhYQnp2YzJuVGhCQVRyUEEzckxLU2lCM2JabTlMV2JMbHdqRlYwUmxPUnA3QnVBWm56YnNtNEZESHJzT1dBa0JmY0xOVUNONV9CT2IzZlZIeHVobm9kOExENXJxRjUtbk1B?oc=5
2026-09-23 12:45:56,AVGO,AVGO Sep 2026 310.000 call (AVGO260923C00310000) interactive stock chart – Yahoo Finance,sg.finance.yahoo.com,https://news.google.com/rss/articles/CBMibkFVX3lxTE5WOWNSYlY4ckJrQm9WYzh2d1hudE1iVmJQVVVqd1JiYWVGYTFPYVVtWnhuZllfNzY2b0FORHRlZ3BxYW9udjFiZGN1LU5UWmxLMVREUHpodUFNU1lUaUlJZlNFejdsMG9Gell2aURR?oc=5
2026-09-23 12:36:29,AVGO,AVGO Sep 2026 295.000 call (AVGO260923C00295000) interactive stock chart – Yahoo Finance,sg.finance.yahoo.com,https://news.google.com/rss/articles/CBMibkFVX3lxTFBMTzNGRWN2NVJhcnZqX3hlTDE4WVVJWEdSSFFvcEJCSy1qY1ZORWtHRV95M2RsbXNKZ084S1RSZlAwQnZtaldmT01WQWY0czVzenU0bkhkMnNMRmthM3lfRU5jSzJTMHZnenB3bkpn?oc=5
2026-09-23 12:30:00,AVGO,Why Is Broadcom (NASDAQ:AVGO) in Focus as Sector Rotation Shapes the US Session?,Kalkine Media,https://news.google.com/rss/articles/CBMivwFBVV95cUxQWks3ejdycllnTXBaM2FWN01oVEJzaDJqRzFETFhyanNXb2t3VXhvTXYxemlMWUhUNG1sOVBiVkRCZW51d2FpelRaTWliSkUtVjg2YXRGdEtHWVJfRnM1R2VvY0wzbGFDUm9ScGRMNjNNMURGczFqRm9pN3NHbnF1bU0ycFpBSk52Qkxac01rTWNxWnhZem1VSW9mNnlSMnZxTGRCX25qM0NJWWcxY0YwUmExRUxVckRyemJna3I2Zw?oc=5
2026-09-23 11:51:39,AVGO,AVGO Oct 2026 347.500 put (AVGO261002P00347500) interactive stock chart,Yahoo Finance UK,https://news.google.com/rss/articles/CBMibkFVX3lxTE9EVllkYmxlTUhwZnJhSko1SnhBenpBXzhJQVd6MzR4WnJ1TXJsZDBDUUpDNUhVakpfWHZ2YVR5a1NUYlNQaTU1SUxON0JKVkVSeTNRVGQ5T09aTUV4emVGTkxKcmkxOW9ENHJlREFn?oc=5
2026-09-23 11:44:50,AVGO,"AVGO,KKR,TSLA,NOW,DASH,PM,PANW | Stock Prices | Quote Comparison - Yahoo Finance",Yahoo! Finance Canada,https://news.google.com/rss/articles/CBMidkFVX3lxTE1pN2V1UHVnTHctYU1LLWg3NUNHZVBsMzRKcVBqY2tRUnRkV1NnZEsxbmNERUZtTUYyY2dad0huUDB3SFZUTlg2N05yeVo0WXdKMWswMDVCRllNSWE3ZDM3T1lLSF9fMUpCbUJyMlBjQXNTbEJ1a3c?oc=5
2026-09-23 11:43:40,AVGO,$Broadcom (AVGO.US)$,Moomoo,https://news.google.com/rss/articles/CBMiekFVX3lxTE9XVE1vMG1FaTlnVndzOUwybWRpZ0tleGpfQVk2Z0loeWFPQVd6UHpUQTZBd1FSTUNUanlnNlp6bk5sRUN6UFZRNy1xSENKcXFfS21PUkZFWmtqdmVDS1hRbFJSZ2NPM2VSbGlwTnpKZjV2TlRpQVpWSi1B?oc=5
2026-09-23 11:33:00,AVGO,Why is Broadcom (NASDAQ:AVGO) in focus amid today’s technology stocks discussion?,Kalkine Media,https://news.google.com/rss/articles/CBMivwFBVV95cUxOWm41T1FMVjYwamY0RTNPXzRKeFZvNElEMkJmeVZHUl81Z2dBcVlNcTBocE5QdWk0NmhkZFhJM1hITG1VbFVhdnAwOVFIVU1KQnNZWkZoNjByaWxtbDNFQXBUblZ0VWkxQnhRREpFR0k3Sk41dEdkVk16bUhaaGxaZHM3SFcwTDdGXzkxdTNsZGFSblc0eG03eF9SM3NsZk9yX2tfYTBjM0dWTnNld2dmeXR6a3phZ2g0b3RHajc2aw?oc=5
2026-09-23 11:14:27,AVGO,AVGO Sep 2026 385.000 put (AVGO260925P00385000) interactive stock chart,Yahoo Finance UK,https://news.google.com/rss/articles/CBMibkFVX3lxTE00eGZlZjFWalp3NVZpcnFKT1Z1bG9Jd3EyZEcxd3o2VXJJTjFSQlYxcVIzdnVhQnFuZjlpUU9BNmY2Y2RQSXNmbEw0Tmduc2tWeDVfSnVxNC1sblpUVkdNck9zWHRNc1pmZmEzbUVn?oc=5
2026-09-23 10:36:26,AVGO,"AVGO Oct 2026 377.500 put (AVGO261002P00377500) stock price, news, quote and history",sg.finance.yahoo.com,https://news.google.com/rss/articles/CBMiZkFVX3lxTFByN2M0YkEtbDNvVEFRcERQQTJkRVVLVUNXQVk0TEV0OEI5RHlqUDlXRHJ1Z3RUSW9IZkxJNkFjbkZ3X1NFT1d4cDNDV1dJUnRxNEFUcWlyMW9feUtHdC10ZGxoRXB0QQ?oc=5
2026-09-23 10:34:57,AVGO,"China examining dependence on Broadcom switches in data centers, FT reports",tipranks.com,https://news.google.com/rss/articles/CBMiwgFBVV95cUxNclFDcVBRdXFleFdtazRfVzRuQmtFM2s2cTRPRzctM2pYalMtMng3cDZqYXVYMjNFRzAtc3B2VHdCVl9OMklkWl9mYXFDaFUwODJQZ2NZSVdQWEEyemtTMWlRUmlpb3FMQ1Z2Yno1RktnZFk2QmRvOWdVT3JLb2lyTGo4YmhWUzFWVkMyblRMT296b0tDTmRiWlNjdUlZQWd4eElvUjNYUUJOeWo2Q0pLMmh1bEdhYnU4VThXZGtpcDRQQQ?oc=5
2026-09-23 10:01:28,AVGO,"AVGO Oct 2026 367.500 put (AVGO261002P00367500) stock price, news, quote and history",sg.finance.yahoo.com,https://news.google.com/rss/articles/CBMiZkFVX3lxTE1tb0hSNjNidHpURnMxVkJrS3NUVHktN01mSktjRmc1U1E5T2lNUjRqWlkzbGRFWld3VkwxdHd0YzFjUUdwa3lqMFFpemFjUS1UbDQ2THpMRldxSUpvN1JTTTZXWV90QQ?oc=5
2026-09-23 09:41:52,AVGO,"AVGO Sep 2026 310.000 call (AVGO260923C00310000) stock price, news, quote and history",Yahoo Finance Singapore,https://news.google.com/rss/articles/CBMiZkFVX3lxTFBSY0RfT1d2dXdxUGUxcUpTTUxNVHU5TzdGTmdRTHlIUVpqLTRVZ2N1UHJlRGVhVmJOOFFYclVzdTAxd1I5cDdmcHFlUWpldkU4MEk4UThMTEgwS1dPd1ZzanF6MFlkQQ?oc=5
2026-09-23 09:32:29,AVGO,AVGO Stock Sinks To Near 5-Month Lows Despite Exploding AI Sales — Wall Street Reactions Are Mixed,Stocktwits,https://news.google.com/rss/articles/CBMi8gFBVV95cUxQb015Z1JEOEVYSjdxQnhmMFV2alBXWk5iVk1Ma2JKQ19MLVRHc2hjRzdJVVM4OTEydGF3NlQxNFFneGs4dURLOXdUUVgtQzZ6UWFTdUZPQUZGWkFUbDFibFRxUERkdTlfcnJybEtGSjVJZGRIeXUyVVNXdWJwb1NGcDJuWGdqV2ZMdzgwRlBVRU9ERVVWVXV6YzN2RWhlUlRGRVB1cWNnMFlWZHpaODlZVHFsSXVGNFBPS0NYeE9SVjdOdWhab0NGNzhqV0hWQVRqaklEN0RSYnlYX2NibTR5LXBkY2tSRm0tdVNMbm5xUmU1UQ?oc=5
2026-09-23 09:08:19,AVGO,AVGO Oct 2026 390.000 put (AVGO261030P00390000) interactive stock chart – Yahoo Finance,Yahoo Finance Singapore,https://news.google.com/rss/articles/CBMibkFVX3lxTE1VajlxZGNldmZCZzZUTUtXSkZiWnZkbFBwdlgyVTNtMzMzd2hmVkJYNXRqM3UxWDM0NUI4SF85eGxBdGZpX1phaFNFenZUZ3ZNQnhGdDRpQzkwLTdRR1kxbG5Ha3YwZmw5bzBSb2tn?oc=5
2026-09-23 09:00:19,AVGO,Broadcom (AVGO) Stock Dips as Beijing Scrutinizes Network Equipment in Government Data Centers,Blockonomi,https://news.google.com/rss/articles/CBMitwFBVV95cUxOQWR1RC1lWXZYZ0tab0tKUlFPNGpOaDRiX2g1Q08tNUIwUkVDelZBVkpWMTNaODJlb1JtbXV6VDljamR6a1N0RmtHbkxxOEFBTkFKaEgxVGNRdXhkWnQ3dmd4TEhzNFpWWTRhd1Z6WFVhMzNMQ2hEWU9GbmVITTJIWGxvazJ0VjM4clYxVEowb1B2TmxmMHJIaFV1d3dKTjM4ZnUyeU9Gb0RmMjd4X2d6SWdlbWdmbnM?oc=5
2026-09-23 08:32:05,AVGO,AVGO Oct 2026 275.000 put (AVGO261023P00275000) interactive stock chart,Yahoo Finance UK,https://news.google.com/rss/articles/CBMibkFVX3lxTE1NSW1IMlFXWTZOUjBwR045YjBMREQ0c3hTZnhLalBPMXAwXzBqVXdUemN3bHR5Tk4xMS1WbU5ZT0JCUVRYQmdXUzYtQlFkNWp4STVBRnIxcHJmeXQ5YURGZktYRTF3Y2NXQ3lHWmF3?oc=5
2026-09-23 08:23:49,AVGO,AVGO Stock Falls Premarket: China Reportedly Audits Broadcom’s Grip On State-Backed Data Centers,TradingView,https://news.google.com/rss/articles/CBMi7AFBVV95cUxNcGthbmpZWml5c2c0VUxWeGFReUpwRFd2cHEzcmczaHctSWQ3ODRvWHRMTm83emlUR25tdzdmXzhaWUJHS1NUZzNQSzExSEpmSnFDc1VyNmlDNTdCRk5Cc05oUnhDRkNnbV9Tckp2RExCT1I4d3pYMlVwcWNsZmh0ZjN2Z1hIeUVXaExhbWRJUjM5SzVtcUV4LUg1YUF6OXFwQkxQU0hLTzdXVHNuX2tabERJd0tXRWphQWRERV9FSHJOVzZFSXNoQnJ1MnBQSXJNRnVtR3ZlTktKZjRwZ0ZoUXZkbjFyUnNRMExtWg?oc=5
2026-09-23 08:23:49,AVGO,AVGO Stock Falls Premarket: China Reportedly Audits Broadcom’s Grip On State-Backed Data Centers,Yahoo Finance,https://news.google.com/rss/articles/CBMingFBVV95cUxOVi1aZDZmUWlwREV1Zm9rSGZobFJjc0xYbTZhS0NrVWF1QVh5REZrRUZfRU1qM1FaWVhwTTBjMUxtRjBZR3JIMnhRbWlGU0dxU2wta2FkUGZNemtWZWdFZ3p6d0lQZDBWT0hRWElzNGJ4enI0OWthN1d3Y2RMaTZMLUZOR1duWnF5a0Q0WnVNRVJqeHdkbjNiUjBVbXFFdw?oc=5
2026-09-23 08:23:49,AVGO,AVGO Stock Falls Premarket: China Reportedly Audits Broadcom’s Grip On State-Backed Data Centers,TradingView,https://news.google.com/rss/articles/CBMi6wFBVV95cUxNckpNOHJtTDFFeXNyamYwR1JCQ2c3cVdiQkJ4UzBPYTVkT2pRcmZHV244eEt1UlNCeVYtaHdsUjhTYldxUWRnMk1vUGdYRVBBUFhXYlRvaEs1Nmo4VENmcGtfdTNJOVZhVmJHN0h4QVBsOVN5YXRrQjJRbVZYdnRsNHJINmUxSTdXZnFLcW1ab25iYUx4NXdfdkRZTG1NRXBCcXhDZWpwakl2V2F0NjFyenBYckh0bERfUDNSNm4xbVlmdFBuNFh5OF9HTnFOUExyWE9uS2E3RTVZbDl2dkZKYW9fdzFSSUprSlRN?oc=5
2026-09-23 08:20:07,AVGO,"AVGO Sep 2026 300.000 call (AVGO260923C00300000) stock price, news, quote and history",Yahoo Finance Singapore,https://news.google.com/rss/articles/CBMiZkFVX3lxTE1ST0wxNFZIZmNWM2Y5amhvaHhBcWdCeDRrWW5iYjVmSF9yam9lbnVIRnhlQlk1ZkVNNU1hN000SWU2S2NmT3E1V1huYXN4THYxVkRMXzNNZFk3ZGpBb21oNjlodzR2UQ?oc=5
2026-09-23 08:12:15,AVGO,AVGO Oct 2026 300.000 put (AVGO261023P00300000) interactive stock chart,Yahoo Finance UK,https://news.google.com/rss/articles/CBMibkFVX3lxTFA3N3laaVV3eDl6WkFxb3d2al9zOUN1RmdySjVnQlpWRDNieDhyaVEyMGF2d3JqM3FyNjZ1eGdoR0RHd3haOE1RWmc0NnlDVC13eFRvWTQta01wWXUySnJuSHZ1Q2stUVhseUFrazBn?oc=5
2026-09-23 08:02:36,AVGO,AVGO Oct 2026 510.000 call (AVGO261023C00510000) interactive stock chart – Yahoo Finance,Yahoo Finance Singapore,https://news.google.com/rss/articles/CBMibkFVX3lxTE8zMWVjMVVXSFFQU0NUaVBqVm8zUlkwcVpSSTc0NGF1cGhoR1JLMnVOUm5FWmlaTHlQX2hQVjQxRjA3V1JPWld3b2s2MzBJUGdPcEc4Q1R0ZWtURklUcWZscWI5NHgwQjRHLVRsckdB?oc=5
2026-09-23 07:54:43,AVGO,"AVGO Sep 2026 390.000 call (AVGO260930C00390000) stock price, news, quote and history",Yahoo Finance UK,https://news.google.com/rss/articles/CBMiZkFVX3lxTE8taURaNU5vejgtbUJfN1ZUQUZ2dG8yYmwyV1lhTE1kQ3hzZUNBQldJcmxYSURqdWsyc3JFOGxuOGlGbFRiandCdHkwUU1JOF8xVXRzUjlSZHA5YjVlbjJvSGNBRnc3dw?oc=5
2026-09-23 07:49:25,AVGO,Broadcom Stock Outlook: Will China's Review of AVGO Switches Hit Data Center Growth?,MEXC,https://news.google.com/rss/articles/CBMie0FVX3lxTFBVd01ZYVR4N0lDTmwzcG9PSjl1X0R2LXVUMnNrcEotUjV5ZjIzQ2ZEaC1IaHBiTFJ4NjcyeTR3a0dLZFFKa0RqV0VGRlR6SEJZV0pRQlVNdEQ0c3huQ3N0OHR5WnI5OG1kUE9leU1mcXlzZUVkbXRvdnExUQ?oc=5
2026-09-23 07:26:58,AVGO,"AVGO Sep 2026 322.500 call (AVGO260923C00322500) stock price, news, quote and history",Yahoo Finance Singapore,https://news.google.com/rss/articles/CBMiZkFVX3lxTE1icmNTSHlZbzlSR1luLUZmTHd0THFBYlFLVTI5dFRaMUJPZzh0MXRoZ2VzN1FBbUVQYTlweGZBYk9UMDR2SVMyLWUycF9XOG5lU1ZrWHQtTVVRcWU2UG94NG5wNnljZw?oc=5
2026-09-23 07:21:08,AVGO,"Broadcom: Hard To Ignore The Numbers, Buy Before The Market Catches Up",Seeking Alpha,https://news.google.com/rss/articles/CBMisgFBVV95cUxQX0hvdFFRejBtdUtDcUdGT1k5Nlk4Sklsa2prenM0amJSQ0N3WjU3UUdTVWZKWGhaR3N2RldEYm4tdTRUZGRNODg3QWVzT1M5YnZZRWRtSUNtSGdscDQ5R3BvQlBpdG8xSjhvYmpEeTJHTHRSQlF2RFZzTWZaOTYxWXNWdlZJZ0UtbERJSWJFTmZrcHlIbGRvNUU2N3JSQVd4WlJFSmg2b2ttLVlLMXBjYVZR?oc=5
2026-09-23 07:18:50,AVGO,AVGO Stock Faces China Risk as Beijing Targets Broadcom Chips in State-Backed Data Centers,TipRanks,https://news.google.com/rss/articles/CBMivAFBVV95cUxOTTR2Z2ttTHBNSFdmMFl2alB3d0tmTldFNnBtV2FOMWxRVUxFMnp3TFd2TVhZUmVvUG5VT3JNdWlmb29SajRlNnJPSHQ4ckY5Zjl1TS1LVE5aVm9iSmVEU2YxcUtBaG1hcExXRm9jcHRNRHZpWE5nVGJ3N0s5YjFRQ2FuVGxjN1lGTnJPSXFjNlVhVmJqNXNUUF9NeHhmcm9IbDlfZ1kzM1FfeDhFU0lUb0J6VVI0dWVRYkZLXw?oc=5
2026-09-23 07:18:04,AVGO,"AVGO Oct 2026 540.000 call (AVGO261023C00540000) stock price, news, quote and history",Yahoo Finance Singapore,https://news.google.com/rss/articles/CBMiZkFVX3lxTFB2R0R5eUU1RmlPNjk5WWNmUzJncXR1Y1pibkw4eDB4VlNBOG5UQkZnMlBDaW9Nd3EyRkpFdUpNd1FGdHdKalVEWTZJVC1hVmRiRzZoYjQ1N2s0VGpUTXNuYk4wRXBEdw?oc=5
2026-09-23 07:14:26,AVGO,"AVGO Oct 2026 545.000 call (AVGO261023C00545000) Stock Price, News, Quote & History",Yahoo! Finance Canada,https://news.google.com/rss/articles/CBMiZkFVX3lxTE9kN01TOVZWN0E5Mk1xbTl4MlkzdmhjLUxRZXg1TEIyUlFIWm9XWHl5OHVidkEzWm9YamJtSHhqYUpoUFFxeS1zLWM1R2ZYNmw3N01oY1J5emlYcDRsc2ZSclhwZ0luZw?oc=5
2026-09-23 07:07:02,AVGO,"Broadcom Sees $230B In AI Revenue By 2028, Driven By 'Geniuses' OpenAI, Anthropic: Analyst Says Some Risks Remain Unresolved",Stocktwits,https://news.google.com/rss/articles/CBMikgJBVV95cUxPMmNHTWFCQVNmV3ZSbEo5U1VaMWpwSmtfbXdkZGJzWFljdlZVYnZRYk1SaHpUNmdTcU9sX01IQjRqLXBWcmwwUWNDVTluN29GR255WG1FdXY4WFkzLUpCc05CWncyak1mVUtpY0FuMlRnM0RTbHd2b0NiZkNldGdUbjQwaXVyWXlBZ3hDOFVtWlpDeFFBVHhRN0hVZ0lGVDNiZ1BGLWNtWFNSaWFTVzNKWlFwOFVUNGJtRDRYMXZRM3BtWFpKTk1YU2JZNF9NTURBTFk4RFhzOUZtY3ZKbS1vNTVSbl9XRlJ0WUNuUDNreURuR3BvRUNPeXc4SndfV2tTUkR2SXo1aDBoLTNjY1phVE5n?oc=5
2026-09-23 07:03:38,AVGO,China Examines Use of Broadcom Switches in Domestic AI Centers,marketscreener.com,https://news.google.com/rss/articles/CBMitgFBVV95cUxNcXYzNmpJb1VjRllLa3FjcGktVXEzcWI0MXktUno3cGpQcWlZbHZCS2xIdFdLYjZwT0s4dnUyM1EwQ1I5bHRvanl5VFVYSlVBMGtTcU4zaG1yaWR1MktXcHBwb1FReXpjLWJMdThWejhpYnNIcFg3RU1yUXVBWFl3bUlRZmhIQUlTRGY1M0NvelhtZWd0RTh6c2ZPLTZhMUl5bTNQSW01S2xRaUZNMkRmUVRuWGh0Zw?oc=5
2026-09-23 06:48:00,AVGO,Can execution catch up with expectations at Broadcom (NASDAQ:AVGO)?,Kalkine Media,https://news.google.com/rss/articles/CBMivwFBVV95cUxNNkZLMFdsYXF0Wkc3QXZEYVVacXlMbldiakFGMGxrTHhRVHNSRjM4QXcza2FGenQ0S2JMQTFVRXQ4M1BRUHNjRENWUng2UEdkRnZsRHhjbkl1LXRGVC1vU3hmbVdMczdXRmxkMmQ1LXFIN0tuS3Y1ZU9USUM5cjBxc1lBaXQ1WWFOZEJNWERqeTZIaGg0MW01ZHduN3ctRW1nb1JmOFlDZENVd0NTU2hMTGhIem1jdHd5bmZkdW5jMA?oc=5
2026-09-23 05:46:04,AVGO,"AVGO Oct 2026 275.000 put (AVGO261023P00275000) stock price, news, quote and history",Yahoo Finance UK,https://news.google.com/rss/articles/CBMiZkFVX3lxTFBFNW14aGQwdGN2OTNlbkRaWHBPQ2JneEhyajdpRHFTXzBkM2hDeUdGWFNGWFZGWGZBWDRUM1hKNDZUS0Y1amZySEhHQkc0dkgxM3l6aDNta0h3dnVISmdQMElGTHVXQQ?oc=5
2026-09-23 05:20:41,AVGO,AVGO Jan 2029 390.000 call (AVGO290119C00390000) interactive stock chart – Yahoo Finance,Yahoo Finance Singapore,https://news.google.com/rss/articles/CBMibkFVX3lxTE5BNW9DaWNJQWFpNlFaTnVuSlBhR01xVzZUOXpVTUZIbkhTTVF0X01FbGVVQUdBLWtXNEQyNkppb1VvU3VfSFJzam9sRFBhNENNRWp4aWExWW51TDFTYjJkUXVCMHB1ZmRXSnNBTUhn?oc=5
2026-09-23 04:43:36,AVGO,"AVGO Oct 2026 500.000 call (AVGO261023C00500000) Stock Price, News, Quote & History",Yahoo! Finance Canada,https://news.google.com/rss/articles/CBMiZkFVX3lxTFBXTjBrZUJoQWIyOFcyRDg2MFU3Y2F6ZEQ5WDV1VnpnWTFiOWRDZnJGWENFMWxteWVIOWZGMjJIazNQWHNyNUVhU1FndjUzZElHOEx1SENIQ003bXFUbi1JVVpYYnB5QQ?oc=5
2026-09-23 04:41:24,AVGO,"AVGO Oct 2026 390.000 put (AVGO261030P00390000) Stock Price, News, Quote & History",Yahoo! Finance Canada,https://news.google.com/rss/articles/CBMiZkFVX3lxTE9PNHlHOElmRUZyczNUSWQxajhxQVhlXzA1TVpTMkF2WEwzcGlhQzJZRzBBbG15RE9UWFBYS2ZmeFhkcGhfZDJOSGxLbmFNd05KbHZHVklwXzBEbm53WDJTZTRaREhYZw?oc=5
2026-09-23 04:14:16,AVGO,"China takes stock of Broadcom gear amid domestic AI drive, FT reports",marketscreener.com,https://news.google.com/rss/articles/CBMivgFBVV95cUxOTF9NbTdzaXRZcFpKNFZ3SXVIa1hwUDBJOFdpb0VVajRlLW0zdUpGSGFJZmlwZm1LWHF3VjZkanVDQVlsWHZaMzBfUnFJcnh3SUp0bkpKQ21jWVl0MjNWbEJwdmZKYl9YYlBDcEVTaTlpRnJDQlNOQkFqdmRrT3Y4YUlWWTBQZjVPdkI1eG5HcXJCM2NxV1djUGVXdnhMblE5X2I4dHNxTmtQcTV3eFVmWG51VVhkOExEdGp3bURn?oc=5
2026-09-23 03:32:14,AVGO,Best AI Stocks To Buy: Broadcom Stock Vs. Marvell Stock | AVGO Stock Vs. MRVL Stock London Elections 2026 (W0MSC84fgq),Unisba Media,https://news.google.com/rss/articles/CBMiggFBVV95cUxQOUs0RHhrMVpFTS1VVEpWVEFmdlBOMHRVZjNMc2o2YmtFMG9NTS0tTFhjMW40SkF4ZnFiQklDclFVWnRweHhvNTRBR3ZSTV9mV2swRlN4dGNiUF9IUlV1N3BoSm8xMWdNeHNZNGlJNFFLMGhxbmEyaS14Z19VMlBKdDFn?oc=5
2026-09-23 02:13:00,AVGO,Broadcom (AVGO) Is Up 7.4% After Massive Buybacks And AI Chip Deals With Hyperscalers - Has The Bull Case Changed?,Yahoo Finance,https://news.google.com/rss/articles/CBMikwFBVV95cUxNLU4wTFdINnhXYi0xeElNa0RkaHd2NVo5czA3YkVFcTNsZ3lobnZpdXdEYktGaGNKcmVPSlY3dTlOaFZLc2xVWmxTeVhuNGxHZzRuMlVTRW1vbkFoaEZYdkU1SENCSHQ2aWdFR0JLamg4WUN0YXZaT3lpbHBqLUFzM25rcEVrTkVCTUdNMFJva1dXS0k?oc=5
2026-09-23 01:48:05,AVGO,"Why Are Nasdaq, S&P 500 Futures Rising Premarket? TSLA, AVGO, SNOW, HPE, PLTR, LULU Stocks In Focus",Stocktwits,https://news.google.com/rss/articles/CBMi6gFBVV95cUxNajVrUWtEeXp6Q2VUZGhuZXZVTHY5ejBrYnFHZmxEUzBrd0c3Y0lqbzFoelBkMncwYnBLc3VDXzZaSTlUckVTUmg5MFF6bnpYSWhvb1dqeGVFTmVWVHZqcEZFNFRxbE9Fdkhoamg4SF8wUVFYNzJmM0d1aUdYTVA2ZGxKQXIyUU9EaWVONUp0NE8zbGZqSXZKd1FRYVVEN1NZT2oybEY5UXJpdGhUaS01c1k0blprS1JjeVhLcHBWQmZ3RFJQVU11YnI3Y3ByWXR5dHNpMWthWEkweHpZS3EyV3FQeGNzV0hJMGc?oc=5
2026-09-22 22:20:44,AVGO,Broadcom Just Named Its Next AI Customer. It Isn’t Google.,finance.yahoo.com,https://news.google.com/rss/articles/CBMilgFBVV95cUxQcjltRUF3R0xUVTFjLXNDQWdjTWJESzdRU2xpa19KYWU0ck10R1VYRUtSUkt1OXlLRXY5NkRxbHc2ejNMY3BMeFRDUndDUk5meTlSeDNGem84Uy02dUZreXBfam1POWdfUHNMaDN4TGZ5ZURYM2U3Mzlkanotbk80bV90VWtHVy1XVlpzTTM3T0h2bXVzVGc?oc=5
2026-09-22 21:01:12,AVGO,"NVDA, HOOD, AVGO, BULL, RGTI On Traders' Radar Today — Dow Futures Decline As Investors Keep An Eye On Iran War, Jobs Data",Stocktwits,https://news.google.com/rss/articles/CBMixwFBVV95cUxNb1RQbHF0YUVBZUZwWTg0TVF2Q0w3NDlmTzRNMkh5ZjFqbTBSQ3ZUZHBRWFhrdGRNWTFsb0NUZEt4QXVEdlFHWEUyMGxVZ25MNFlOamZjX3pGZ0UyZTdmSzJDaVhQc2VhWXVnczRQSGlqcGNSOGp0a2U5Q3pyQVFRUVF1ZjRjNUF3STFYVThtZEp5emVyZzZVaGY3aXRyekxkMkx2NFhMMDQ1OTZ6b1FsVnJ2WXdPdldUZldBQzh0MzdUMkk5dVJN?oc=5
2026-09-22 20:38:12,AVGO,Broadcom stock gains 0.30 percent after the close,AD HOC NEWS,https://news.google.com/rss/articles/CBMirAFBVV95cUxOU0dTZDFWYlJsQmtNSjcya0RQbTItVEdCeXhhVFNHM19HczFmLWN0NXh0WWZvWXlzTU5wMHdHbUNWaHN6R3huWlV6RlJERVZVSjFoV0NwU3c0ei1vc3pTQjlQZ0JlVVNkeWhod214Q2Jic3ctYV9SRThBSTFENXI1WVJTaXRIYmUxSWhCbHRPRm1jVTRPZjI3d1JjRFVmOUJwVjNoMWVDc2N5QmlM?oc=5
2026-09-22 18:57:44,AVGO,Direxion Daily AVGO Bear 1X Shares declares quarterly distribution of $0.0430,TradingView,https://news.google.com/rss/articles/CBMi1gFBVV95cUxQdDZIZldqVHFhbkZzS2tranhVa0NuR0pHVHpmNDg1Wi1Jd2V5UE9JZngtT2x6SjI4cTVkVTMxS0NjWjJlUi1aMVVqU1JpTnpyN3FVcjlLMkxoS01lbmJ6TUs5LXhiY3NMel95bmZXZ0YwclEzMVRMRUl6ZXhBeWRyNjczWkthaEJRT3VKUkRvamhmLUJpVEhjSUZyQUV5R2RVWlotWG9ST1VJZmIzMXd6a2NtMEdTb00zS3ItZXBmM0JINE9MTUFXSTJWX2oxODdMRkwyUWFn?oc=5
2026-09-22 18:31:16,AVGO,"Chip Trillionaires Club: Only One Clear Buy Among NVDA, AVGO, MU, AMD",Zacks Investment Research,https://news.google.com/rss/articles/CBMiqgFBVV95cUxNOU5id1YwSW9UcF9tU1g1SUR4MG1iTWFhaEh3eURBMDRVRllUUmZnMlJ4cGFiTmdtUUhSQUNwTndIYVR0WDhRdDN3WUdhRUI1Z1g3N0JpRWFIVFIySGVRMFdoWXNLSGNISVBVQl9WUUZjV29QbTMxRUdMZXp2WnU0TVFFQ2Q5Sk5qX2pkdV9ScjAwOWRiSTF3dFRzMHU0R1FUU25TdkZjQnBOdw?oc=5
2026-09-22 18:10:50,AVGO,"‘Get Ready for What’s Ahead,’ Says Top Investor About Broadcom Stock",TipRanks,https://news.google.com/rss/articles/CBMiUEFVX3lxTFA1bHF1cTctQjZtVHFzb0ZTWUNjNjZVdUpLQjM3SHJNT2NNSjNhVF9ZdEk1VFNWVlJGeFJudGhwRnpzYkNnZ2g0aTlnX1l5MmZF?oc=5
2026-09-22 17:42:14,AVGO,How agentic AI impacts the semiconductor industry (AVGO:NASDAQ),Seeking Alpha,https://news.google.com/rss/articles/CBMikAFBVV95cUxQdzNUM0l2M19iYVRBVkJhRlRLMGJqeWJ1dVZfaTFDMDdNcUZrUzRWT3JFZGpZeFlaNHJGRHl1ZjdNQ3dKLW9pUUh1Nm82NUhYQzdHb29IcnRjRi1kT3hOSUtvQ3pBMWRsdDVLUXhiUDhJSUgxWHMyRzJyQ0syNll1REU5ZmtSUTNhYWZPOFU0Yi0?oc=5
2026-09-22 17:06:56,AVGO,Broadcom Inc. $AVGO Stock Position Increased by State Street Corp,MarketBeat,https://news.google.com/rss/articles/CBMiwgFBVV95cUxPZGZLM1BodHZkNFJ3aWJmWWZMSDFZbVdpeThvQ040M0RaUEtyQWN4MUViOEVnTUtNYU8wMzEwVnljRnJKTTd6cjZsSXdKSGNmbVpRX0RFcUFxb1gxdWZnNnd5LVdzRmhGUlRXQ0tlTUJUeS1feHRoeVQtSzdKUFc0akYxVmdmZk41bzB2bUZIM2toVjFYTE8tajZ2M20xWml6OUl0ZFRWNE9aVlBvMlV6Smp5OHNiMWxvVlViM19NQkdnZw?oc=5
2026-09-22 17:06:56,AVGO,Broadcom Inc. $AVGO Stake Raised by Andra AP fonden,MarketBeat,https://news.google.com/rss/articles/CBMirwFBVV95cUxOWTdHUjN0YUJVWnFkbFA5bHlNLV9Ed0s2eF9WSGd2V2FfZml6OVVMdWVpTnBXbUp2b29fdkk1enVPVFg4ekstNmszMGZKS1AtZHBid0xlWUdmNmp4cnFGZHB2SGIxZkRYUzQ3dEMxMjZ3ZXFaOHFSN3g4SC04TmY1YWl2bkpQTHkzeUt4NWFwS0lPTHRwYkpZTlU1bW9zNHhldmx3cnNwbk5jZTJwc3dV?oc=5
2026-09-22 16:05:52,AVGO,Broadcom CEO Holds $350B Outlook Strong Amid Calls to Slow Froniter AI Development,MarketBeat,https://news.google.com/rss/articles/CBMiugFBVV95cUxNendJOEgxVDM2cVltN2JOa1VoQmplSHg3aUlTbFNSOFhzS0N3SHhwVzJTWjFWRkFtTlh6YlBXaTVuUE53NG94OHhGMFlIcEg2OGJvaEhJcXVsNDI3d1FQMnNzYVhhb0poTzRqREZfeUVueXA1dUsxODZtNnczbHU2UFBjMGhFd09mMi0wVnI0bFBPczdlT0hvN0JkYTAxRmhVb3htYUw1bjNIcm5fUkdyYUxlOHFyaVdST3c?oc=5
2026-09-22 15:01:44,AVGO,Broadcom (AVGO) Could Be 22% Below Fair Value On Surging AI Sales,simplywall.st,https://news.google.com/rss/articles/CBMi0wFBVV95cUxQTDZoaWVsT1RUblhwNUY4RXVKUFJ6RzFhWDJiNXNkZHlEOGNJSmVuUmdsR3hIamFJV3JsNlRWMFdSNzZCaUFMTWdiOXVNVmFJdU1XWlVlODhDUDVZMkZWTTh1aDVzeFM4Smt5U2oyLXVZQlNuYWFDZDdwUUVzdzhMNUlyaFFBaTFUR2ZIb1lyMXEzX1lXMy03d3EwTTdsTW83X3NQVEh6VmtSVHNRZEdReEdueUdkUzJzdTBNUGU2ZGJaeDdBLVlCWWxDTGNhMFQyWG1V0gHTAUFVX3lxTFBMNmhpZWxPVFRuWHA1RjhFdUpQUnpHMWFYMmI1c2RkeUQ4Y0lKZW5SZ2xHeEhqYUlXcmw2VFYwV1I3NkJpQUxNZ2I5dU1WYUl1TVdaVWU4OENQNVkyRlZNOHVoNXN4UzhKa3lTajItdVlCU25hYUNkN3BRRXN3OEw1SXJoUUFpMVRHZkhvWXIxcTNfWVczLTd3cTBNN2xNbzdfc1BUSHpWa1JUc1FkR1F4R255R2RTMnN1ME1QZTZkYlp4N0EtWUJZbENMY2EwVDJYbVU?oc=5
2026-09-22 15:01:42,AVGO,Broadcom (AVGO) Could Be 22% Below Fair Value On Surging AI Sales,simplywall.st,https://news.google.com/rss/articles/CBMizgFBVV95cUxNZUdDRTR6cWo4Y0wybmxjdTBTY3VNb1ZnU090em9UR3BsNVRFcnZhd2xGNl9JandmQTBsNlV6ZUFJcjhOMGtFUl9hU05vNnJiaVhhX0o5RGF4SW03V0daMURYdHBnVWZhQkIxSFc5akVTTUxSNFliT1JwaE8wY01fdkZka2tnV2NHTy13TWVaMm04U2ZIWnZtZFhMYWdVWVRnRVB1LTYtbUxFel9wSXRaWGdRYnA0MG5WSld1Z3FwM0htaVY2QXR5cFVYcVNVUdIB0wFBVV95cUxQTDZoaWVsT1RUblhwNUY4RXVKUFJ6RzFhWDJiNXNkZHlEOGNJSmVuUmdsR3hIamFJV3JsNlRWMFdSNzZCaUFMTWdiOXVNVmFJdU1XWlVlODhDUDVZMkZWTTh1aDVzeFM4Smt5U2oyLXVZQlNuYWFDZDdwUUVzdzhMNUlyaFFBaTFUR2ZIb1lyMXEzX1lXMy03d3EwTTdsTW83X3NQVEh6VmtSVHNRZEdReEdueUdkUzJzdTBNUGU2ZGJaeDdBLVlCWWxDTGNhMFQyWG1V?oc=5
2026-09-22 14:29:32,AVGO,"Collect 9.1% A Year On AVGO Stock Now, Own It 30% Cheaper If It Dips",Trefis,https://news.google.com/rss/articles/CBMi0AFBVV95cUxQME02a2hrQzJzRHF3ZFN5WmhkQzU0M0dTSjk4NFNWLTJwd1ItSm9HMXRtY1ZOUDhpc09ySlhIOUhiZnNucHhSUnBMSFF0d1h2cGl0Szg1NnpPbDJLSTJYNjNaOXVFdDBtZnJnLUoxS3pkcmEyNFB6RjNVaERMekZxT3o1LXlkUk9zaU1VR1AyWTk5MS0wRUJ4NjBkWDlQOHNtZHpIbmhMRU5LbldJcFN5OTVQT1dZa19jQklqN1QzUkQta3o0a0Q4OC1xSGZ3NWZP?oc=5
2026-09-22 13:50:21,AVGO,"The Zacks Analyst Blog Highlights NVIDIA, Vertiv, Arista Networks, Broadcom and Hewlett Packard",The Globe and Mail,https://news.google.com/rss/articles/CBMiiAJBVV95cUxPVzVtUnZfbWlRMlBuYV9hUklxNjVxbGhTZ2E2RkVCNVhfeVFkZU15a1NEM3M3cW42R1ltU3lCNFhDMFFMdXNVUjNPM1p3b3ZjYU1CeHlndk5URlZfMFJTYWNqN1VrUExzQnhYTEtIVTI3V3hsMHg0OE5HV3QybFpOcmowX3IzMy1ISWUxQW0zX09JZXhjVk9XZy0tUXFQbnBUMmxqSlV4a29IYzdOZXpiandzdFM1UkZKZnJEaDVCNmthdzdKcXlmU0JNWHF0WEZ3RVdfSFFLN3ZtZk9VT3ZJeEVVQ1Noa00wbFBobmctVjhYUWd6czY0T05WVXo4UGhwbFVHdEg1Nnc?oc=5
2026-09-22 12:50:20,AVGO,Prediction: Broadcom Will Be a $3 Trillion Company by the End of 2030,theglobeandmail.com,https://news.google.com/rss/articles/CBMi5wFBVV95cUxQLXFEQzJQLXEwYmNQWkRCdWFNcnNqc1JMZ0p6dzF3RWlvdVkweW4xbzNNdEFrUnFxYW11WklUU1ZzLWctNHBqcVBBZ2ctX3g4QXcxbHBuekxxMmNZQzUzbllaRlp4LTZZOFVCQ040SmZudmVLMldEd1lwTjZWTnJNc3MyVWEzQUN6cThXTHVHUmtxU0FkczlkYy01RElTU3lLalRnSHN6ZndDb1Y5ZkNQY0o1ZkdEUEtqemxJUDUtMXRKQWk5TzVWdTdaNTJKTEZvR0U0clhpcXhUQmtjdzBBNC1wMnMxWUU?oc=5
2026-09-22 12:48:00,AVGO,"Chip Trillionaires Club: Only One Clear Buy Among NVDA, AVGO, MU, AMD",Yahoo Finance,https://news.google.com/rss/articles/CBMingFBVV95cUxOTG5rRUdvZGNScmVtbldISzMwbGN0MmNXRXE1dVJlanhlb2lDVmI0eXlqUU10Zmp1WXAzUEVGVklZd0N5N2pxSEpHd2NsdENPVmxhQTBfemFmc3l0X1U3UFBKTDNXWTJGMVBPU2FDN0hQd01OYjhsc25DenpoMF9sQUVGY0oxN0ozZnBMRnFuT2tDQnVXRldnQm45WV9jUQ?oc=5
2026-09-22 12:46:54,AVGO,Prediction: Broadcom Will Be a $3 Trillion Company by the End of 2030,The Globe and Mail,https://news.google.com/rss/articles/CBMi6gFBVV95cUxOVzRNTktIaWxaWHc0bjUxelo4ODJBbXBBcnN2UmVaUTVMd3ZXQXRvRktXeS1lZ1dCLWlNeUlTRTVraUNVa09tU1d2Qi1qTU5ZRS1TSWJoYXpoZTNRZUc5ZmdJNEdXTDMyX0xnNDlwYnJQS1NsR0czWXRXdlRqd3BCajl0ZXdMR2lVT3NoZlE1YUFXVzJwWVlHMGppRVdWQ29idDBJdzVtWWotSHpwVFZfdlJSU05WSmJ5NncyTTlIRFd4Z2Q4Z2pnZnNZZU93UjhNX1ZyMFJNNHJVYy1FSTh5dERSZFhZaWxiVnc?oc=5
2026-09-22 12:39:00,AVGO,Is Broadcom (NASDAQ:AVGO) Stock Worth Watching Today?,Kalkine Media,https://news.google.com/rss/articles/CBMirAFBVV95cUxQOV9ZR01WWkhBZ3VEMkVoX2p5QW9NNldDU1QyWG1TVWR3U25pRkR2Rjd5Y1lYMTBXSy1BcXo0UXAzcmV4ODlGTzNYSkQ2T1lQbWNoc25SSGNCb1BoNDZibEZBZ0hzQ2dSUlpUVkVMUEhDdWhMeFQ4MEJ1V3hBa3pBcWxKMkZqb3pLS3NvZ05YT2d6dmxVU1htbndhTEtYZmxpZDNod0QxQU5uMF9J?oc=5
2026-09-22 08:53:55,AVGO,"S&P 500, Nasdaq, Dow Futures Ease After Another Record Close As AI Momentum Cushions Iran's Expanding Strikes: MRVL, AVGO, MSFT, PANW In Focus",Stocktwits,https://news.google.com/rss/articles/CBMi6gFBVV95cUxPRFFlMTFLQmUyMklSYmV4dVVuejItd1YwZ0loWk5Ga096NzNvYlliTzN5Qk5BSDNOd3A2bGFjTVBobl9QeXhzczlrWk1UbmdxNUhGU0Izdk5PRFBUdEduc0M0M2VSbXFLVl9tdWI2ZEMwSFh4U0Z5Mjlzdm5ha0NVcE91bjZVaVpvTHFxLXh0cXdYa24tUTFvN1RvdHBXOHlvTExkSC1sc2tYVDBMU2pfdVFoZU92TEtxdEhDUlRIU3RtNXpta2wwYjFCSTBfaXVnbkdXY1FYTU41elVCU1dlMlhKS0NUcHNLdUE?oc=5
2026-09-22 07:18:44,AVGO,"Broadcom’s ASIC Business Is About to Explode, A $1,000 Investment Could Double by 2028",NAI500,https://news.google.com/rss/articles/CBMitgFBVV95cUxNSEU2OHAyTmtaSngzMWVKM2VmU0FiVWFDZHhTTXdyNGVKWm43S25KREMxaDFTZmZIN1AzNlRWdVQwd3pkWExDLXZzV2p1SmdjaWNRa19qc19zU0UwTjRyeWxpa3U0eW9vTkJOMU4tRTUyOGhGYUp0V3lCMUttYk5laER1UXpOa3ZtNGtPRW1lUGNwekRremItazZJLVhKRHhUOHZ5dWpGcWVCcDFpVV92eDNieGVoZw?oc=5
2026-09-22 07:15:00,AVGO,"History Says a $1,000 Investment in Broadcom Will Be Worth This Much by 2028",The Motley Fool,https://news.google.com/rss/articles/CBMimAFBVV95cUxObUNJTjFVdlgwQnYxUnM0TGhPQWtEa3BJc0czX1hVcWxpeWlNZjg2ZEUwY29hZlpPVGppejgwWTdzWmFFLVJyRVZPM3FiUW5Nb01HUnZmUlNLX29mSkpSX19HeDNweDBIZTJUSGxFYlFfQ19xOENqYW1DQ2F4TWFacTZ3ck1yZU45bDFZVkhqVEJ6NmFYTl9kcA?oc=5
2026-09-22 06:35:00,AVGO,"History Says a $1,000 Investment in Broadcom Will Be Worth This Much by 2028",The Globe and Mail,https://news.google.com/rss/articles/CBMi9AFBVV95cUxPeDRLQVBYdHltUmdubWU0NmF4LXI3emZHNmdTbDVLWk8xUkxaVFp5TVBfNU9zSFdOZWFOckllMDkxU2FrTUhmcXV4bU5aYkVxMkJqaENLdGxEOFhDUGlGN3Vwd3FuZ0lqWmVWVGdlVng0cW9DRUdZRUN6T0xVVzFoSzdUeFVqbDczNFJTNzZqVzlnTXloaDZCOC1jT0JDbzhqdDNlUm9qZklRM2VDUmd6STJSUWJ5aHZGdDFjaVhoLVRzMXRGM1c4OUU5ZlRVanBSQUhDTVZzb1JfM3Q0dmFNS0tnNWRvMUxxUGYyTHl5dTlYS1Ff?oc=5
2026-09-22 06:12:30,AVGO,Broadcom Stock Forecast: AVGO Rebounds as AI Demand Supports Recovery,FXLeaders,https://news.google.com/rss/articles/CBMilAFBVV95cUxORUlYT3N1eUp0R1FEZXV4aHUyZ3QwSXpTWnkxb3pmbW4zSTQyRmZoUFhWRTdUWjN1TnEyZG52VHBTVU9VbXh3N3ZZc3N2c0xPcjljWjlJYlE2cFlkWGZZaS1maWp5UEdPdl9iSWtCSTJlNVRVQ0N2OG5ZMkFWWTdkb1NLbE9NTXJ3b2ZZRFBkNElfOGFy?oc=5
2026-09-22 03:14:05,AVGO,PANW vs CRWD vs AVGO: Morningstar Has A 'Top Pick' Trading At A 40% Discount After Earnings,Stocktwits,https://news.google.com/rss/articles/CBMiuAFBVV95cUxOU0VaZk5RWHZFd3k3WVI0d21SUG1YY3B5RE52SElzVEllYnhvRUpRNUpRdEItQUZZSFJLdEFDZzBBYjVuUksxMGZaR1I1a0FabXVESjkzellJRTlWT3k5a0xBUlcwTV9RRW01Z2NsTGpkVHVmVUNLMjhuczhSTzZ5T1JDYzJmbXFiT1pmLXBPVEt4MGU0UlNkRGx2Y2hIcVdpZmhocVluakNiT1Z3djhaS04xS0ZWcjlr?oc=5
2026-09-22 01:36:00,AVGO,AVGO 260921 385.00C (AVGO260921C385000) Stock Options Chain | Quotes & News,Moomoo,https://news.google.com/rss/articles/CBMiYEFVX3lxTE5MU1Z1aHNDRmRodUV0ZGhNSkM1SE85N3gwUTJoNUMzcmJ2RWV4c2RCQjNGZlRITU5kNGV0bkdZZU96RU9XTkt1MF9xQS1rUFNXM1RfVVBmc2tHQUc2YTJwVw?oc=5
2026-09-21 23:38:21,AVGO,AVGO 261218 500.00C (AVGO261218C500000) Stock Options Chain | Quotes & News,Moomoo,https://news.google.com/rss/articles/CBMiXkFVX3lxTFB3Yk1GRjd6dWxtSkVfVjBjZmVQSUFYMUpZcm5KS2NaaFJqR2M0MV9LQXplNXpEdWpWdHdGSVZFQW5ScWt4by1VZkRrMTNfb2pSeG94Sk5relFMcDFZT1E?oc=5
2026-09-21 22:34:45,AVGO,Is Broadcom a Buy After 12.59% Crash? Broadcom (AVGO) Stock Price Target and Analyst Consensus Explained,MEXC,https://news.google.com/rss/articles/CBMi0wFBVV95cUxOWE5HZXlNN2U4TzgycnBNaUZYRjBWMlpWMEVhZjFaQml4UTVUMzhUbUdzWUMyclI3YUpTNEpkTmthMXdzZ09GS2lTS0p0UUFCbkN1VTlhRnFTWGc5Tkw0c1ExZHlJRmdJNHhtNnM4RzR5bS1EOFF0VlR4RDdtcmxrOFNhSU0tdW84NHd4aTZtUUVWNkhmYWFfbUM1SnJWUGI5Ti1CaTRnOHZxcmRZYWtJU1pOYTRTdFcyemtJVVBuNHEtcXZWbTFpbWxkY2tLQlR4c2Fv?oc=5
2026-09-21 21:26:33,AVGO,Broadcom (NASDAQ:AVGO) Shares Up 1.4% - Here's Why,MarketBeat,https://news.google.com/rss/articles/CBMipgFBVV95cUxQd2VKUkVJVTR0d041cEowRkhPZ3pReUVsekh1cnk3b3F0S0JQMzZac1U0bUp0ZlNaTlZKdC1aUGxxbWZKWmVHQlRjdzhRZVhrdUZkQWtuTG95NUJ3cWNVZFlZb2k1MEVIcVY0aUN2Y2hFT05sYXdKdTBneFFyVmtfZ0dIQ0V0Rzd3TFNPVXA5ZmQxZFBxUksxOWZKOGhpemp6c25tcEZB?oc=5
2026-09-21 19:56:57,AVGO,"Dow, S&P 500, Nasdaq Futures Slip As Trump’s Hormuz Deadline Looms: Why UNH, CAR, TSLA, AVGO, ENVX Are Trending After-Hours",Stocktwits,https://news.google.com/rss/articles/CBMizwFBVV95cUxPaTFzRnFlV1J4WU0xM2JWeWFSbXJRVkJvS19IRVNRVEN6TnZxOWJKSW0zSzhqY2xWZDJ3b0VFbGstZ0lGN1NYZDVHZkdRb1ZmUnRoQk9DRXpMUTROWVpqWXVlYkc0RkpfM1duX3FFTHN3ZGk2VF9YSTlyandwdDl4TUZwazRZb3BkbVBCQ0thUzFGMGVuS3IzUVlIX2xlTG5TeFNueU9mRXBCZjh4QUkxOFBGXzBVRk1zLWk0VzM1RV9WWEl3Mk9KT0wzSjNIeFE?oc=5
2026-09-21 19:52:00,AVGO,Broadcom (NASDAQ:AVGO) Weighs Chip Demand As AI Development Debate Grows,Kalkine Media,https://news.google.com/rss/articles/CBMixwFBVV95cUxOaFpvZFpENFlEUEFuM3JvVDJwblF3NGUzMURDVEd0NS1LVmJGRk1DVUtOUkNSNFBLNllJbkJBejdZd3lzRE9TVGNpZ1ROYm5uQXI0VUF3LWdxVW9HSTExWGVWMDdfQll0Yk1RY1VKWVhxSV9zem8yNVZaWE84TVhNNkdtM0wxMWVxLWViZ3lTME5HamxXc3l1RlJpM0VSZmJwbDJCdXhHSXItWUdqbm9uX1QzcmkwS1RXYXpOYUpDam5iZkVpOERR?oc=5
2026-09-21 18:13:33,AVGO,"‘Prepare for What’s Coming,’ Says Top Analyst About Broadcom Stock",TipRanks,https://news.google.com/rss/articles/CBMilwFBVV95cUxQcHpGbGRrQW1zbHMtLVZVRHdyR1BvNEdxOW9XTGwzYmlfYXRtel84MkE1M1N5bzdGRk9NTzI1SFBad09qbnBXR01Za3FGMEMzOWlOdXFKQU9YU3kzQWdKaDFDbVNKUXFTbTRRSWprUXVWT1lkOVRwYnhTTmR4R1o4WnpmaDY0R0JOVEs5UWhNWUZZT3FUZm1J?oc=5
2026-09-21 18:04:16,AVGO,Broadcom vs. Intel: Which Semiconductor Stock Is a Better Buy in 2026?,The Globe and Mail,https://news.google.com/rss/articles/CBMi5wFBVV95cUxPVjgxdlVhOWlIOU9QSWlpUlJaMG5sMi1RUDJ1WnJuTklLZUpXd2dpdGI5Z1N6LTdQcWU1WUVKbFg0bVR6VF91cG5vNXQ3SF9WRkd3Z0QxY0dQck9HZ0UtR2c2cE1HTmZ5MzlnR2w0MHJpWm5pVy16UFdRaUZxclN6MUQ1XzZVUHhnWXJQWVlZc2RTb3pKaGxHaVdVQXhOdldDS3djUUdJTm0tOVNpMFY2SFVqb0pGd296cmNwMVByeUdTcmZiRFFvRmlsT0QtTlM5UWk4QjEyU1VWeUJJLU14a1FOOEZyX00?oc=5
2026-09-21 17:26:08,AVGO,Broadcom vs. Intel: Which Semiconductor Stock Is a Better Buy in 2026?,finance.yahoo.com,https://news.google.com/rss/articles/CBMipAFBVV95cUxQQm1vcEFZa21VMWZCNzd0a21rOXdfRmhNTmcxV0Fvai1MbHV3aWtTYWx2eE5RZTA4ZHBSR0NZM0dHX1VwaHZyRkk3a182UDNvS0xHTW80N0JiMURkbWpuSmZwSVN0WGVjYzEtSkRSeU9SV1p0MVFHQ3ZPTEVOZmUzWDJJei05UFQ2YXA5WmwxSkhQMm5LN0l0NUZ6dDJsbUVMRTJUdA?oc=5
2026-09-21 15:44:33,AVGO,Broadcom's AI revenue soars but stock lags; mod...,Pluang,https://news.google.com/rss/articles/CBMiiwFBVV95cUxPaDZMSGFyb2xVbXdaQ04zSnpVOHNqa3k1NmVGTkNFWmhUMnBEUlNKeXdBWlRTQVNMVDFZNzkwaVNRMm5OYTJGYVQxS2lRWWZEdGIzSW4zZ3NrWmc0dWVjcUI2dTItWVlfUUYxOTczNnlabFZQRFdYUFVEM09qTG0xLTlPaFdGaEp5eHhJ?oc=5
2026-09-21 15:30:16,AVGO,Broadcom’s AI Opportunity Is Bigger Than Its Stock Price Suggests,Yahoo Finance,https://news.google.com/rss/articles/CBMiowFBVV95cUxOX2pURTBBV2xtb1dCZnpDa0kzM01kUEhvdWwyaGc5UDc0Y19tcHVzRjB3ejN3ZVJsaUh0NTBycVR4Ujk5TmU0YTdLWGdSZXJyeF9CSk9zWms4N2NWblhzQ1lIb2ZLcG8xaEJBd19uaG1kQkNPMUl3Z1FsVEVqMHlvXzVEWk1qVGFUbVViOWRwRXBPUGdSOVBYQlVJcFJIQi0zaU1j?oc=5
2026-09-21 15:30:16,AVGO,Broadcom’s AI Opportunity Is Bigger Than Its Stock Price Suggests,AOL.com,https://news.google.com/rss/articles/CBMihwFBVV95cUxOLUhtbnd5SXdTTXdLaWJaYkM0UnU5dERuNjVPdzRwNEtBZGREb1NZLUVoVWw1OUl1bUhsVVZkVEQ3Vmh3WXRGcXdZRjVhV1NpSmRCVG0yNFBhWnFhS1FIMVZRQThzZTNNT2RyRUV1b255cUlKTlRsMHY5Wk9zRjBzekRmdlBKVUE?oc=5
2026-09-21 15:30:00,AVGO,Broadcom’s AI Opportunity Is Bigger Than Its Stock Price Suggests,24/7 Wall St.,https://news.google.com/rss/articles/CBMirAFBVV95cUxNNWVnOFh1ek9HZ0ViaGk1NTg4WEl6dzcwS08ycms2WnZBQ2c2cFZJbkM2N0JpVk1SblUtZm4zc3J5TjFoQmZyUDloQnQxTFg3dDdBMTFKUjhidVVQbXhfXzExRFBsaUtsajVZREVwbUFzNlVEcjJrX3JfbEg0bEtLM0dCeXRIR2gydENzUFVyRDJ0Rm1ZaDdyckIwU3FScUNZQU0tR2h1aG1sOU5y?oc=5
2026-09-21 15:18:59,AVGO,Broadcom Stock Jumps. Anthropic Could Become Its Biggest Custom Chip Customer,TradingView,https://news.google.com/rss/articles/CBMi0gFBVV95cUxQTk03STFXbHBJakplZjREaVQyaTk0amt3S3RlNThwU2hYU1BvS2NrR0tPdmNvckZzVi1qRkhFQXJUbjdOTmNDYkZpYnFQZ2l2SjROX3o5R21CQmlTNXZlNFpDYjlOSHF0Snl0WW9PNV9qN0NENkdqS3VHMWN5OGppckpHb0Z6VWRBYW55czJITDhlZzlQbDZ5UHprRFB2NDJiTlJybXJrbzNkV21EemVWYVRkd1BEaG5ZX0ZSQkU0TlJmNVowMVR5d2pmdXlGUjRaWnc?oc=5
2026-09-21 15:18:59,AVGO,Broadcom Stock Jumps. Anthropic Could Become Its Biggest Custom Chip Customer,Yahoo Finance,https://news.google.com/rss/articles/CBMiogFBVV95cUxNa0NrelpLeWlLYktvSTVfdmlJOTlxM0MwcDlFYWtNM0FGTDI5Ung2aTBpZFJVdGhJNUVYUVplTGNOWDJaSU56a25wamEyTlNaT29NWVVsS0E5aTVqZjg4alZ4N3BKX1VTeGlCTXpuVEctYU1tZ1ZWcm9iUUE0UUc0MUdXU2hpa2RvUEo3XzFGWlBjUm1iR3VyLVp2ZzNiRUZ6NGc?oc=5
2026-09-21 15:18:59,AVGO,Broadcom Stock Jumps. Anthropic Could Become Its Biggest Custom Chip Customer,sg.finance.yahoo.com,https://news.google.com/rss/articles/CBMijgFBVV95cUxPaWFXZTUyU3BFSjNBaWM5R1V2RGZiWTdtMElvQVNFcDBONm5raFV3LUZmZ3lSS0dMVjFkcm50NjllUi1kaVJJeXE3TFRucl9vcWREbDhRUk0wSGt0RTM2NEFuRE0tVVlpSVJfUHVJeUwwbVoxSnQ0SVdUb0x2V1JrNnRnMThZQVhrVXJLVW1R?oc=5
2026-09-21 14:41:32,AVGO,"AVGO Stock Gains 2.97% Today, Momentum: Explained",JournalArta,https://news.google.com/rss/articles/CBMiiwFBVV95cUxOR0xtalpWak1VbV9FODJ4RXE2YnhxR1N3Q2NEdjVxTHJqVzdDMnlYcVNWZjlINjkyb013Um1CRmhHbnhvZDBwWkZTclgxQ0JnY0N2TFlGRy1jZXRVRzRvRm50RkI1WjJnMFhSM2d1eTZRZC1pUTJQVGxuMlZDX2JwX2R3UTd2em5mM2Nj?oc=5
2026-09-21 14:01:55,AVGO,"$Broadcom (AVGO.US)$ Just a healthy pullback, chill guys. Believe this good stock.",Moomoo,https://news.google.com/rss/articles/CBMiswFBVV95cUxONFJFdXl6eFVSV2V3RFlqXzRWdTJzZ0lFbnE5amNGSThVNERhX2hwenRSbm9kSFBtVWFyd2VjVEZKNDdoc0VpbDcwQkx3Zm5fNjVTUGtYcFJwbDR5anNrcU03UHlQUWVjckVMbnEzM2xSMEsybFkzdklVWDdWY202MlpsTmR5NldjYjVSa0VFQ1BJNWlDYk5JaWtqbFREN3ZONnh2VzFudl85X09oSktIVjdIdw?oc=5
2026-09-21 13:15:46,AVGO,Broadcom Stock: $65 Dividend Per 100 Shares Due September 30,kobaran.com,https://news.google.com/rss/articles/CBMiiwFBVV95cUxPd1I5bEl5cFNHUXh6cTBGXzhfRVduaFhOUGdnRl83eHFyRXBfb3JOVDVQeFJ0VklyRHFuc0MwSEZSVXFxX2xtUGd4QWpOYW83aG15MzV5cW1JRFFwM0tHcjVfeTRZR3prV2xmREI5cFNDajFZQmFXeDd2bU9vRUVLZ1V6S1hrOS1CUF9V?oc=5
2026-09-21 12:45:20,AVGO,Broadcom Inc. : Bernstein maintains a Buy rating,marketscreener.com,https://news.google.com/rss/articles/CBMinwFBVV95cUxQZ1kwUjM2MTMwb25nTFRzVGd0eVVIMHR1S1VEWjlOSzg0NGtYRUNienlOVU1saTVhc0hINHI4ZnFtOHNlXzlZV1hPUU5QLUFucVpLZWpraEgwYWNETUtLck1IZnlienM1NjI4WGVVcV9xRU5sNVBIbC1HY3FDU0JmdGc3aWtLRmRaV1M2TWRXWENFb3RibU1fZm42UG5hT1k?oc=5
2026-09-21 12:34:52,AVGO,Broadcom stock offers 49% upside with strong gr...,Pluang,https://news.google.com/rss/articles/CBMigwFBVV95cUxNUzg2eGJ5YVcxQTdNQ0N5Q2VjMDhUcVNOS2FBaXdWRWNBTnBzckUtZnZicHJCRmFPLUZuZHBpTjN4a2YyTU5vV1JHOHRQNDV0em1FVGxSZUg0YUZZTi16a25KWXY2YW45ZmJBTnpFQ0xET0I0eWpCdy1LVXZRTFNrX0pOZw?oc=5
2026-09-21 12:20:58,AVGO,Broadcom: High-Quality And Undervalued AI Stock (NASDAQ:AVGO),Seeking Alpha,https://news.google.com/rss/articles/CBMikAFBVV95cUxNUjJOdWVPQWlXdlRVb0p1UEdxMXV3Q0xqeTZRT01HQ05rVlgxQjFLZ3ZCV3gySExIOGtxbkpRVDZyV2xyX2o0dHZpNG9tSXpOcGxVd3g5LUh0eVh2UjZHMkg0ZEE0elk4N2c1SHNkQjJubkFFRjlRNmNITEdNM3F2WGlfU1VIODM3SF9zT1RETFE?oc=5
2026-09-21 12:20:03,AVGO,AMD vs. Broadcom: The AI Chip Race Is Big Enough for Both. Here's the Better Buy.,The Globe and Mail,https://news.google.com/rss/articles/CBMi8wFBVV95cUxOSF82QWY3Q2s0dkZ4NEhZUkdMTnVha2k3dWRRRTdjY2UxWVdlcmFwMXVGb2RKYmVnaTZGMUJEcTFaeUFuQTdtcG5jQTBXMlVPQm1QY0VmSHJ1ZERNMGQ1UHpjcHlxUlV2ZDRkRVdyTXAtRF8xV0x1NzlxdldCblN6Nm9hdEc0aUpfZG1sQ3o2eUJJYU5DYnZRUXpYeEY1M0tqYUZoMkhkTVd4anRvMWNIOTdUZUFJdkRXRHNYRWcycl9fYlgwb2h0YmJtUjlQRk4yX0tjX2lleDVnSm1OaDJVOHN6RzY5TzBGTzYzcXBoYTljNUU?oc=5
2026-09-21 12:04:36,AVGO,"Broadcom, Cisco, Arista Networks And A Financial Stock On CNBC’s ‘Final Trades’",Benzinga,https://news.google.com/rss/articles/CBMizgFBVV95cUxNcEtiNi0tVGt4TXN3YlFRWjR1X0o2elFqa0xacVZqMXVtanJGbGtUR0dDejZDMmxKM1ZRVUNNRWtidU1PRkJsZnlSNGxPX0stZEZYMXhvQ0dnM2hRd1FOcWFjU2s4eFNSY2x0aTJVSFRlVVFQUmwtUGI2ZVU5cExsOWszN3BsNU9aQzZLRk9fd0VhbW8taGo5a0d2Yllha3kzanFMYmp6Vk9Iam1PVDZ2VmdBdEg3aUhtaHpVMHJEX2hNUWNfbTNCcEVLbl9IZw?oc=5
2026-09-21 12:04:36,AVGO,"Broadcom, Cisco, Arista Networks: CNBC’s ‘Final Trades’ - Broadcom (NASDAQ:AVGO)",Benzinga,https://news.google.com/rss/articles/CBMi7wFBVV95cUxQbmg5blZvVHE1Q0RFRTBTNjVqTmlXcmdaWEo1U01jSEdpTGQ2VklkWTFTTVViTl9nM3hMbjl3YUZpVDdteXNvazVMdFZqOG5ORmRBQkZ4Q2lOOHBJUFFveE1adHdKdHk3c2UxOElVbkhCYUd6VV83QVRnX193U3VNSnhMNUQ1c0s5Y3g4N3NhWmEtaHlfcVNzWTRDTTF0Zng2WmljeG1sM2Q0dlZyTE1zckZ5NU1EeDVVakd0NEtvRmRncVF2RlY1WGU2SVNOWlNQalFTSmdjdkcyRVlfNGFmYVVjWUFvMVFjNWJ6bWYtWQ?oc=5
2026-09-21 11:49:00,AVGO,"Broadcom Inc (Derivatives) Price (AVGO/USD) Today | Live Price, Market Cap & Chart",Binance,https://news.google.com/rss/articles/CBMiaEFVX3lxTE1lRUljeU4zd210d1hhS0I1V0VKbGNQcTZfa3Y1YnNIeTBBblBWRlNKbFV2ZWljM295Smdyby1nSVhqTG9lYXNwOU4zbHVOam9TbVJOamJZMlR0OXZrcDEzdjZGSGhuMEJR?oc=5
2026-09-21 11:25:07,AVGO,“Our Targets Haven’t Changed”: Broadcom’s CEO Pushes Back on the AI Slowdown Scare,Yahoo Finance,https://news.google.com/rss/articles/CBMinAFBVV95cUxOamRyUnZEQUc5TmVJdmtUeDFBdGYyY1NUWHZFRHpjY2l1QnRwREdRLUl1WjVmcjlxem9tYm5OdnJYWi0xZDJlLUtodkN0ZmpIaUVPSUhOOUd0RGJyNVV0TnlyOVNxeVVYS3pjY2pVX1h6dzltcDBsYWNUS1B5R2FPc1Vzc3NoNW5SSTVzT0lsRFhRLWJoLUQwenhCd3g?oc=5
2026-09-21 11:25:07,AVGO,“Our Targets Haven’t Changed”: Broadcom’s CEO Pushes Back on the AI Slowdown Scare,Insider Monkey,https://news.google.com/rss/articles/CBMivgFBVV95cUxPRk1SVEtkUmpXQkJsTVh6V3BoN1EtTmNNQk51TXRSRGhhQnNNMGFKTjFTR0MxdVZjRlR0dVN5M2RJMWZBYkl2U3ZfOTl1Q0E2THpma0dRbmVlT21SRzJlZDFUY1Y2a2pVdFBfWkhrZXBuYlJKRGU5STJ1SnJ2V1BDZndPZTdMY2RPLUo5S0pJSTFmbEhqN2ZvTHVqWG1lem1IZ0p5anNEX1FwanpnRDhmaDNpeTRHZ1ROaVlQNDZB0gHGAUFVX3lxTFBIb0FTYWh0UnhRUmhfTUM5MVQ3aFRoNEVHN0d1aFBVMm1sRFhyMU1WZHJsRHgwN0o1b3REblpZS0lnTmFxb2JZMUhra3JVSWF1cUNaRTNMMGdYZjhpNWNxX0Z6VWVCWGN6TzJ2OVlRVXU2U2Vlc2U0NkJVck1TNXdXd0N1N1U3cGJSemdWTWxxMXpRV2RNc3gzTTM1c1FnWndpb2hBWXVEcElnbmczSU9qZUtrbV92QXVKUkdjZkJ0UW1lR2V4QQ?oc=5
2026-09-21 11:25:07,AVGO,“Our Targets Haven’t Changed”: Broadcom’s CEO Pushes Back on the AI Slowdown Scare,au.finance.yahoo.com,https://news.google.com/rss/articles/CBMiiAFBVV95cUxOUUFMeTBZeURDaEtra2JfZXVxQlhLSGZzNnJrX0J1TERQVGZvYnVuTjJtQ1RaQWJJYTFuM3V4eDRZWVlYeEVXYy1weXdEbDJ6dFk2UDRaVUN6dGFsWUdPcnF5QVc1QS11bTRSb05YZ3pQZTRsMVZCYnRnbEpIc1AtOGkxVHl0Xy1a?oc=5
2026-09-21 10:40:39,AVGO,AVGO 260921 325.00C (AVGO260921C325000) Stock Options Chain | Quotes & News,Moomoo,https://news.google.com/rss/articles/CBMiYEFVX3lxTE10bnJsNHgwT2ZYMjVyS0h6MUc1cDJtUlJSNG5lc0N5NFQ3RnYwMUxBSnN6ckVnZnhyUEtmY1NoT3MzTlgzQ3RneDVtN3h0T0RWbDdUQTMwMG5oWlV0SWpCbw?oc=5
2026-09-21 10:39:23,AVGO,$Broadcom (AVGO.US)$,Moomoo,https://news.google.com/rss/articles/CBMiywJBVV95cUxQQWw1UlA0cnNjc0J1azJiNHJLQmxBbWU3Sk9IV0E1ckVfQnJRbjNrcmY5ZGFpZHpPZXVja240MGZpdDdMX2xIRjJnNDhTZlMyTm53eml1ZVJFODd5TmRoa2Q3T1hCV1ZJOE5qRWtCSzlabERYU2pTNDhad1pVaGtEQXVOdmppWXo0QXNHSVlKcXdhcEJEUF9rRnpfcWczYWl2QVVRTGtYMkRuRTFtZ3RKTjUtRGJfRzdQWWRHQ245QjRYRFRXS21yblVwSVd2ajlWeG94dkM5MWVuZ2NNUjkwd05FQjdSRUlFRTNtQ0E0QmRZRjNmS1l0RldDUktsVEhGM0E5ZzB0Q2ZPZFF0VUdzVTBlS25pbnVwckJKM2dLYWxYZkRkeWVRN19Ddmg1aHJEbWY1OGllTjBRR1FSOXRidmFJaHZxREJmMG13?oc=5
2026-09-21 10:08:09,AVGO,"Broadcom Inc. SEC Filing (Sep 21, 2026)",Stock Titan,https://news.google.com/rss/articles/CBMilwFBVV95cUxQMnZVQVIzZVdpcU16MHRwYUdaX3RqcDR1anJNMXRFMHpBdGc4Q1N0QkNORi1YMHc4TVJQVnRuc1puWS1tQWtIcUIzRGQ3OFFFZk16anVzbTVTemdKRm50UlFDbnZoeFdOMHh1amZhbTliSkZUTmZSSzZuejg2UDhMMDVleGlaQ01aMVpIOTIwMzUyVWxLNUo0?oc=5
2026-09-21 09:32:45,AVGO,"Broadcom keeps quarterly dividend at $0.65 per share, continuing 16 years of growth streak.",Pluang,https://news.google.com/rss/articles/CBMinAFBVV95cUxNLXFUcTc1YkpIeFlzWElXMHdJS0hTYzhlc0p5SW5FTDRGMGRSQldUSjNBVjJqRUFnV2NSUlJkUHlhcERFVzk1QWVlMjNGd0FoYk41bUxuaHR0ME1FRDJ3NzNTSXlJVEh5MTFDa2VfZEJkOFBITEtqVEQ4NUg5T094WmRkZlQ0U1Z4elhGV0xqOS1QQ2JRZ2tuaHU5QjI?oc=5
2026-09-21 09:14:52,AVGO,Broadcom to pay dividends on September 30; Here’s how much 100 AVGO shares will earn,finbold.com,https://news.google.com/rss/articles/CBMiqAFBVV95cUxQYVlnWGFxWmJidjhPT1FTajhvOWY4NFFZTGJEQzJkTXNlOW92c2M3RFVLYk9OYXBzRFdTZlVEZGZvV0NzOW5VeFdReFVnbm5YM0xqYVlVUkdiNU9XOEdnYS1sQUpLWGxiUnBQa050cWRTOXRyVE11T1RPSU9JblRIcDZjQ2s2NXktZjZOYk1ON1EtVmQ1bWlDSHBNMS0zcDRNREJoYkZkc3Y?oc=5
2026-09-21 03:45:40,AVGO,Broadcom • Robinhood Token (AVGO) Price Prediction for 2026 to 2031,Bybit,https://news.google.com/rss/articles/CBMigwFBVV95cUxNQmFLTTQ2X2xvS18xNWllVHc1RnVkbUJaaTdKZk9YT2NvTGJQSzluWDNKSkV3aURDZDg1aHdKOWY4SWhZa2pfeEhYSFVnbmhLMjltV2t1TF9qUUE1RmQyb1NJc0xWNTZKS1JRZlB6WkEzbWphY2hzVDJfclYtZnZ1RTlKbw?oc=5
2026-09-20 23:57:05,AVGO,Broadcom Stock Forecast: Why Did AVGO Drop 17% and Is Wall Street Missing the AI Story?,tradingkey.com,https://news.google.com/rss/articles/CBMi1wFBVV95cUxOYWJZTlZuWDRhOXNJaGVzTW9ObGhfdEZHTmxHazNoTVpUaEVPSno5NXVWbVZESlhMR2xpWmphMlQzYWcwNWp2WDlxZG9PWl9JZnJIV1h3cEVxaVdrQWhONVZ6RnBfYjVfLU04T01KTTVLRVVkVFhybi11MnJLckVZZjM2ZUppdThxVHRYZGhjUHBIWUpWZ0lqVUhHSUxsemlPRnFwN0xIZjNLck9wMHlSSGc0YzdtSUZWNi04NHVpQ2x0Y3ZKZEphY2Q2MFZXZUpoc3o3QTZ5SQ?oc=5
2026-09-20 17:47:00,AVGO,Jim Cramer shares a strong verdict on Broadcom stock for investors,Yahoo Finance,https://news.google.com/rss/articles/CBMingFBVV95cUxOalJsMzhYUXpqbWlwLXJSd2pBWlY0S3U0emhZNFpMbndpRE9qVnFfUXJwUkdpUDhRX2dTOHVHZEdqQW1WZE4tYjZwUnppZXZaSDFUU1JpSmpBTU9sUVNNeWVPcHVVeXcxQ1J1b2o2aFJkT253Wjh1WkJvaVhfVlV6N0ZUMndKVFF1SXJUVnpzYzctanZYTDJtVmFPa3QxZw?oc=5
2026-09-20 16:42:19,AVGO,Broadcom And 2 Other AI Stocks To Own,simplywall.st,https://news.google.com/rss/articles/CBMitAFBVV95cUxQbEZtd1BIeWtseU9TRHItTVdCNy1fNVhJWm5tQThqNlAtRVMwaFZ1WTdONlByOGZWcDd5ZTBqek5saG1PS1hXTFYxNDBHRDBmZkFXeWNnb1BYeF9Tam00Nm5mdkg0cGtKR2ZVQW1pWElsamQxY0lrZHlUSm5TVjZObWVqYXM0cktkVVBsRWRoQ2lDYTFCMWNYQURYMm5NTWpGcXBsa3A4TVJIUVNEMkpmNUJXdkLSAbQBQVVfeXFMUGxGbXdQSHlrbHlPU0RyLU1XQjctXzVYSVpubUE4ajZQLUVTMGhWdVk3TjZQcjhmVnA3eWUwanpObGhtT0tYV0xWMTQwR0QwZmZBV3ljZ29QWHhfU2ptNDZuZnZINHBrSkdmVUFtaVhJbGpkMWNJa2R5VEpuU1Y2Tm1lamFzNHJLZFVQbEVkaENpQ2ExQjFjWEFEWDJuTU1qRnFwbGtwOE1SSFFTRDJKZjVCV3ZC?oc=5
2026-09-20 16:42:17,AVGO,Broadcom And 2 Other AI Stocks To Own,simplywall.st,https://news.google.com/rss/articles/CBMirwFBVV95cUxPVUtTREhsaWhlT0pOdk9xeTJBWXVjOVAwM3lzQVd1T1NkZFJyV2g2NlBCNG1Hd2tWSlVHQnhvN2hrN0ZsMmtPTTRkc3lKd0cwV2p1SnoyZ2ZydktnUE1kR2hNV0tBUXdlRVNnWmpCRl9TaGR1OWVYeHh0THY0N3pHa2ZUZXhjNEJ4YlZlUFRyU21aLUZjX1NxMFlVanRCYzdzY3dWay1OMUNOUDZZNnJn0gG0AUFVX3lxTFBsRm13UEh5a2x5T1NEci1NV0I3LV81WElabm1BOGo2UC1FUzBoVnVZN042UHI4ZlZwN3llMGp6TmxobU9LWFdMVjE0MEdEMGZmQVd5Y2dvUFh4X1NqbTQ2bmZ2SDRwa0pHZlVBbWlYSWxqZDFjSWtkeVRKblNWNk5tZWphczRyS2RVUGxFZGhDaUNhMUIxY1hBRFgybk1NakZxcGxrcDhNUkhRU0QySmY1Qld2Qg?oc=5
2026-09-20 15:30:06,AVGO,Broadcom Stock Forecast: Why Did AVGO Fall After $13.5B Earnings and What's Next?,TradingKey,https://news.google.com/rss/articles/CBMi0AFBVV95cUxQdTlMLTNTNDhGakt6NDFKT2dkS1pWOC04UUVnU1pHcFFmSE4xNkVUbUZCMm9rTUFqMmJmOXR1NGp1bFJlUUI0dUl5eUlmV0dVd1JlZWptZEo4dGdGak1YU0YtNFFZRFpJVk81R2VJQjNsZnhMRWM3WmFxNlhOUnMyVEczZVlJRUs0MWd1MnhISmZFdUdCYzVYZ3hBRnN3VXpEYXVQOXFaMlJGU0pSbWNVWTZIT3YwRWhaWlIyMlp0T1hBNXA3RjdydnZ2TXQwU0hX?oc=5
2026-09-20 15:00:25,AVGO,Broadcom Stock Remains in Bear Territory as Analysts Signal a Floor,Benzinga,https://news.google.com/rss/articles/CBMiwgFBVV95cUxOZUxmejBVTWlOLWNQVWJhb0I2MXFkNlkyNlNlMkFqWkNDYjNoYlNJU0xheWx5RGEtZDVsdnB6a1BFRUhYNkRWeVA0VzNXM1ZOUHctSnFBajhFZlB5ajY4bVkxTDE5S1dsSURJWTNFS2lLamVMT1F2SzBvOG9TQ2h5dVNNWU05bUFPeFlCUmp0OEZVNDROUWZ4azFSLW0tMGRzZVdIWGtUUHRQbGtlOEgwZjRGeGVrdGFBazc2SHdxY3lCZw?oc=5
2026-09-20 14:10:49,AVGO,AVGO Looks 12.4% Undervalued on GF Value™ as Insider Selling Wei,GuruFocus,https://news.google.com/rss/articles/CBMitwFBVV95cUxQNUVBZ0ZBeFA3T0pob2lhUEpkUXJLWEcxWWc3c3Y0d1NaTTlxSlgyUEM3QzBIaVM5aWtGRzZrczJQYk5qQVBwY0kwQ2o4RnhtMm1ZM1pmd0lUdlk2X0M2ZVpnUTVlWFF0cVl4YmlkU3M5endKal9Db3RBa1E4QXhfVzdKR1htcTNsaVNncVNPNTBwVy1fVm5yWmhBaEJiSU5uUFpDVUhmbWVtR2JtV2RIcEZMZUlpMDg?oc=5
2026-09-20 13:52:39,AVGO,Broadcom Heads 3 AI Growth Stocks To Watch,simplywall.st,https://news.google.com/rss/articles/CBMitgFBVV95cUxPLXAzekdSWnhCQ1V1dDNYYVlvWENBd1J4d2d0THdWSDdiUTJmM2FEZmxBUXVxWnhXYTQxY2sxdXo3SjJ6azRIeW93SklOOHFMYk9BYXBOOVFRS0thUEZtY3FTckFVVGEtSkZaRkdEQjVmVU5EbmFTUjRfdnVMeFprZEtkcWMwWmhHeWdVYmRET2JtRnlLby1UNnFpX192b0tUSDZvODl0MldLWkhEcXI2SE1MSEtWUdIBuwFBVV95cUxPVXdhbFQxYU9yZVZmUDRmY3ozSWNzcWdNc000YmN6dENUeXhYYU5mdmhMU004Vk5hYzVFZVRVVmZGWGhJREljQjhZUHNPMjVlQURhNXdBNDdWNzJvemFTWXJrbWFrWXlLdGV1dkVNc3RVMUtZQ0NLM1ZBdTlJUE5GajU3bVlDMXFMaE9ZNTVrUlUyOHUzRm9TY1J3NVA2MVNBd3JlWC11R2tkN1V3NmZrZVpjMFlGYklvN3Vv?oc=5
2026-09-20 13:32:10,AVGO,Broadcom Heads 3 AI Growth Stocks To Watch,simplywall.st,https://news.google.com/rss/articles/CBMiuwFBVV95cUxPVXdhbFQxYU9yZVZmUDRmY3ozSWNzcWdNc000YmN6dENUeXhYYU5mdmhMU004Vk5hYzVFZVRVVmZGWGhJREljQjhZUHNPMjVlQURhNXdBNDdWNzJvemFTWXJrbWFrWXlLdGV1dkVNc3RVMUtZQ0NLM1ZBdTlJUE5GajU3bVlDMXFMaE9ZNTVrUlUyOHUzRm9TY1J3NVA2MVNBd3JlWC11R2tkN1V3NmZrZVpjMFlGYklvN3Vv0gG7AUFVX3lxTE9Vd2FsVDFhT3JlVmZQNGZjejNJY3NxZ01zTTRiY3p0Q1R5eFhhTmZ2aExTTThWTmFjNUVlVFVWZkZYaElESWNCOFlQc08yNWVBRGE1d0E0N1Y3Mm96YVNZcmttYWtZeUt0ZXV2RU1zdFUxS1lDQ0szVkF1OUlQTkZqNTdtWUMxcUxoT1k1NWtSVTI4dTNGb1NjUnc1UDYxU0F3cmVYLXVHa2Q3VXc2ZmtlWmMwWUZiSW83dW8?oc=5
2026-09-20 12:53:12,AVGO,Broadcom: 5 Reasons To Buy This Dip (NASDAQ:AVGO),Seeking Alpha,https://news.google.com/rss/articles/CBMigAFBVV95cUxNamI3dUlLVkRQbTNsQTVNSXpNUElkbnZPaThmWmFvNFd2LS1Kb2Z2SVVlbGZIZzRXNXdTQnE3Y0gwLUF0by1TWHNwYk5icWtpN05ZejFncXR1alZodlhZbm9TaERFOFN2OTJpMnZ3cnJybVFsWGpNeEdVQUlEbjM5OA?oc=5
2026-09-20 10:02:51,AVGO,"Tickeron Launches New AI Trading Robots for Semi & Finance with Profit Factor 2.8 for Hedge Funds (JPM, BAC, NVDA, GOOG, AVGO, META, AMD)",prlog.org,https://news.google.com/rss/articles/CBMi9gFBVV95cUxQbWpBTVp5ZDAyY3hfMHVJc0U2b202am9oY2VDYXVJd1F4V3luNUZocmRncWQyR3MtSHVvM2VFVnBTcll0VTYweWNSb09oaU92ZTR6WTljN3BTVkRqQzBuUFJHcnNwS2FZQjllRkJmX3VVOE9ocEprOXdCR1BFR0MzOUtQYTFTVmFPSENiaWxOSm9acW94amRMLTU0ZGlFMnNGRG5GWmZwZHlJYU5icGVQeVAySTJmUEUxQndjemRrTUZZS3VfWW9FY19hT3NwdWwzcFMwWTEtY1hmM2ZhcmFfVDhYRWVnOE1oZmpjY29FZXhEUEplZFE?oc=5
2026-09-20 05:54:56,AVGO,"S&P 500, Nasdaq End Higher On Support From Strong Tech Gains Led By Nvidia, Dow Hits Record Highs — MSFT, NVDA, LMT, AVGO, SPCX In Focus",Stocktwits,https://news.google.com/rss/articles/CBMiogJBVV95cUxOanRCWDJ2ZGVRVXlOZHMySzBzcFBFSHVOYzg4QkJDNUVrcGtwU0w0b0pSMFBwUVhhRDBGX1FDRGFvcHRIcG9iRXpWdE1TSllmd3pPLVpvaVRiaFNNTjFfUjA2b3NtSHBPZHR4TXU5Xy1Za21xWFdmNXNyaHUzNjlucDE0eHRDTUc5YmdpSFJMTlhfLS0xSkxGRTVYcEVIX2QzbkRCV2NaSnRmbmRLU0xCYXpnTFFUTVBxX1hyUkl4S25mSHV3T3kzV0FnZmhxY0FTQkhKQU1zeGQ4Ymc2OW9VczVvbHpyS2YxSGdySFJxSk1rSG5KUmF0WWxIZGEwSGtyUUF5RXZONmZHRFdiMVBYMV9Ia19sazZCMXdQdk9RMmZxZw?oc=5
2026-09-20 03:30:05,AVGO,"Nasdaq, S&P 500 Futures Take A Breather Ahead Of ADP Jobs Data: Why PANW, AVGO, CRWD, PLTR, ASTC, GME, XOS Are In Focus",Stocktwits,https://news.google.com/rss/articles/CBMi1wFBVV95cUxPWjNJQ1ptLUZkcHZ1ZTFseF9hOTN3ZW1VUk1EZHFUVGstRG93bGU1ZEhaU0VlQXdJcVA5TWJhNmJDZF83UzJlUjdzV2dSNXBNYjJXckRKVkNPSmdWZ3dYS2FvWVp0clZYQW1WVlpzS0M5UnhGVS1qcHVDM1loTWNGZExha2IzbGIwbmIzMFZySFVIWkZ0dS1nOXJSRHpUaGI4UEdKaXhPSHh0RjlEVlpFWnhnTHhlWUYzUWI0VVlkTmdDZnRMRHNhZmlwVnNuanZMUUFWbFlFNA?oc=5
2026-09-20 00:29:19,AVGO,"S&P 500, Dow End Lower As Middle East Tensions Spur Oil Rally Ahead Of Key Inflation Data — META, QCOM, BE, AMZN, AVGO In Focus",Stocktwits,https://news.google.com/rss/articles/CBMixwFBVV95cUxPTExLVUxrN2l0NmNNalVORTVURzNEWE4tTWQyWUM0Y0pTQ2R6VFVGdWlXTHc4akpaZ013Y3JXa3daY2tfcUkwUU96N3J6QlV5Wkpsdzd1TUItay1VTGF4WjNuM054bVdjckVHWHVSSEpCYW9LQkJzRG9DV3lsbl9GMmROanM1bjNpWGYxeEowV2ZiYXVQOUJXTHF2OGo4ODA0YnE5T2dZVjF6YkZQdXVYVU8zUzZEdDVjV3MwTGtTVG9TZ1NycENz?oc=5
2026-09-19 23:31:26,AVGO,Broadcom (AVGO) Stock May Trade At A Discount On Fresh AI Chip News,simplywall.st,https://news.google.com/rss/articles/CBMizgFBVV95cUxOWjc0VjF2Q0tVWXl4X2c0d0o3dlVYVmNJTHl0eXhlb1F3TG8yRENSVEVCa0RNSndaeW1EcWRLM3JnYXNEU3NGT2cxZXNkMUZGUDZIMDllaks1a3JoblMwMjM5Y3JKaUFjQ2w2RF8tbzJjOG1JUW9LWkFndm9pX2tmYUxoQk9FaF9NdXB6b2p1RjV3QzJmZ1ZBcXZUOTd6SmN4SVhtaTlONXc3TDV5alhFMlFFUGR6eVFHRTdzSnYtSHVOZ1puZ1A4T2JJWG1BZ9IB0wFBVV95cUxOQUpzakY5dHZQN3h0c2Q2UjZaS3g3V2U1SmN0dFl0Z2VtQ05pdTJWLUZEYmhlN2lyak10TU9sWTktTmdKdTFqOEthUFQ0RDFPOU9jOVBNNDU0TTVHTjlpTGwyWGtydl91MmpHR1J6UUlQaWlfeDdGeEc4aFpjdnFWdlhIWjhDdGVNa2hFNHk4VUc5UFduWk9CaldMX1dUbEl6U2tVTlhYaUVVNW44RDBGU3prX1EwcjFaUTVNLUxPWEZ1bHRzbTFCdDV3ODJFR3lpN3JV?oc=5
2026-09-19 22:17:46,AVGO,"S&P 500, Nasdaq Close Lower On Tech Weakness But Recover After-Hours On Strong Micron Earnings — MU, AVGO, GOOGL In Focus",Stocktwits,https://news.google.com/rss/articles/CBMikgJBVV95cUxQSHkxaHhHeTZJTVQ1Qy1GX1ZDNTRpTUk3TTJTeVVsN01Qc2lrSnRIUU1COVFYZTZLTjdjMGdPbFFEd3I3eDNHbm1vMW15UjBNeTZnREpnbGJqM2ZmakE3NDJxSVBaZm9POEVXUUZMd09NYWZPcjZXWHAyQWZxSU5TWTBsajRNUDdwSjRqY3Z1VGpZU1RLUi1EX0prWnJuNXozQ1Q4VDYzRTFZdEFDTWd1Q2ZuLURHOUtYdmVZdHJfQjU4NXRfbzdqM2RldEtZaDFsdVFGcVBGOUxtay1ILWVjeUV0Ukt0ZUx3MzFOVHpORWt4Si1EcUNwN216S0EwUlF6dzRPS0FicmltQ0VmLUJpZXBn?oc=5
2026-09-19 22:15:11,AVGO,AMD vs. Broadcom Stock: Which AI Investment Has the Edge?,techi.com,https://news.google.com/rss/articles/CBMiV0FVX3lxTE95SEw1dktTb0R5MjdrRFhqejJKWGt4b3FoOXAwUUFCSkNaWXhBV3ItTWdXbGtwb2pfR3pUMmJpWGxqc2ZablRrYzAzWERDSFdUTnZ2VHExSQ?oc=5
2026-09-19 16:18:55,AVGO,"Broadcom vs. Micron: One AI Stock Has the Upper Hand, Says Investor",TipRanks,https://news.google.com/rss/articles/CBMipAFBVV95cUxQbDhQNGw5YkRCMXE2Wjd5VDcwWlpqWVFDbS1XMEJXOU5BU0N3MFVmeUFBazlERkt0ZjJDTksxU1JHYnpHQWZaS2owYXJqelpHeGpoTTZOOEp3RDZINXREYWU3MjA2ZnMxRE5SaENMa3B6NVNsWHZ0QlFJVmhZN3l1RlMxbHVnbnhILWpXcXhTYnlNSDRDTFBmY19mUDMzVktPd0RNbQ?oc=5
2026-09-19 06:19:00,AVGO,Applied Materials vs. Broadcom: Comparing Sales Growth Trajectories for These Artificial Intelligence Companies,The Globe and Mail,https://news.google.com/rss/articles/CBMinwJBVV95cUxQZ0g2VU9LVXpESWJyOW5TOUJkMWVtMm5jbVhOVkNKZHFEXzV3R19KbkxBU3E1SVdvdE5TQzBoV2x1SURXWkotZTBTQ0FyaU5lM3AwalFySG5VYUMyeWZMY0poQ1RwRE1QZ1gtb05ldkFDVEVfMTU0dXp2R29ud3ZfWXJ5UTk1X3VLUFFmckMtQm55UTlDTVJEZWZLUXNJOS1nb2pSSkFLa21PUFRLSHRPbXFfMkZlaW4tSm9BNnVGdnFnczhoWms4ZDN0TzNIaUR6emtoM2taMFZ0ZzI4R0h2SHU4elp6SzltRGJEUFZtSEI1Q1JJX3hGOVJOSWVxSTlkZEVBSjFkc1ZiM3ZtR3lqYWt3OEljcG5ob1RzUVZWMA?oc=5
2026-09-19 00:00:00,AVGO,Direxion Daily AVGO Bull 2X Shares rStock (RAVL) Price Prediction 2026-2050,MEXC,https://news.google.com/rss/articles/CBMijgFBVV95cUxPVFdfRDFWelhiWTMxaXkwTTFZMkdUZzJWTU0zcFNJaWZheWtqQVhtOUFHXzllRk9KVnA3Z3FSWTh6cFNLWkZHRnZlcUZwOVlvN3MwTXoxZkp1SExpWWVER2FZc2lqT3pPTVhfXzluN0x5d1lvWVd2b21jNVFucUhwMUtYT3RReF94eDdRRTVn?oc=5
2026-09-18 22:48:05,AVGO,Broadcom Stock And 2 More Profitable AI Stocks,simplywall.st,https://news.google.com/rss/articles/CBMiuwFBVV95cUxQQ0RKc2FRam9QNFlXTHRXTU02OXJYazdhUjJLa01FTUxJa1NLeWJweU1JNTJxYkJld1hxVzNTUjlHLV8zOHRobVVYRTRYM1ZfZzVYSXkzYTlBVmdTTEVzU0tKTWVYc2hQQmtLOXhTNDFwWmxxTkJVQVQ2cHhXNU1rRE1ZOUZtZ2s4VFRnOVJqTG92dFN0aHluaVlBZFh2WlNFNmxOM2N0aS1jc0ZCS3RuUDNydXdMSTlOWmFj0gHAAUFVX3lxTE5UOHRUOTgxcVd6b3hDX2t5VlZaeDFyVjhxWHZiOVRkdE9ua0hUV045RHNSekptZ0NjQ2xBUE01MlpRajdDRDc3Q3M4TGI3cWRHWEVLNF9OVlFKbk1FYXNodmJ2NFBpU2NfVGVyM3dvSXlfY3NFMU1Hdkk1Qm85TTlEcGdETjlyRHFwLU5jbTFSUmV6dlE4QkF2ZzU4cUdUNnJPblEtRm44U21vRUtJN3RJa2FKQ2pFQWFYTm5hQmJSTg?oc=5
2026-09-18 22:17:32,AVGO,Broadcom Stock Price Forecast. Should You Buy AVGO?,StockInvest.us,https://news.google.com/rss/articles/CBMiSEFVX3lxTE54XzZ3SlJhVW5PVUNKS2xIQ0w3bVloNi1KdEVjYmQ0TlRLNnBRQi1WRHNHbXVkOEZMSFM5MVpPQkNYbzRMOVpOSA?oc=5
2026-09-18 22:10:16,AVGO,"AVGO Looks 12.1% Undervalued on GF Value™ as of September 18, 20",GuruFocus,https://news.google.com/rss/articles/CBMiowFBVV95cUxNRU9kdWlaSHNTaVcyUjFxZ2VpRVlHQzB4NENROWpCVTFZM3RoQ2dDcWVLSGNMQlhLTHQ1d1VSNG1pLUlXRTVWRnNlMFByaVNxSUVRMjBfV194VHVaQllEVXE2RmlpcXpBTkQ4Z0NGWm0zb1R1Y1RzaVVhdTlTcW1rNElEd2dKOFJkVVI3UDB4SFZpQ213RTg1c256OHhfc01JWi1z?oc=5
2026-09-18 19:55:00,AVGO,Broadcom (AVGO) Yield Shares Purpose ETF (YAVG) Stock Price | Quotes & News,Moomoo,https://news.google.com/rss/articles/CBMivAJBVV95cUxOU3l0a2RzekJNZU0wZHhxQzVzWUY1MmJuejRMZzdvaUNiQTJjanVoN1ZWaURWQmhRdVlRTUs3OUJhRTExS0NjbHljMkNURWdkSTYydGtZRkxqalhuYndpOHhNaXlyR1FSQkp1VlpPa0RCSmtVQThXb3FqdXo1Xy1ZWnZrUnRfM0xkaDI4X1ZHZUd1NWV0UGFSaVc3YWxMU1l0aHFWNUw0U0U0UjV1RDhyYk9HV0xFT1NQb3c0bTQ4Unp1by1TZkkzOTV2TzRpbWxwcHEzVFY0MGtKZDBqYzFNWlpDeFRqRXhiT0dhb1J5R1MyQnV3NmFhQVpJNl81cmhQNzRYc1RhSWMxWGZqWlEzNmxvNWR5OXZGaEhRVDV4Y2VDX1ljaHIzR0JUYWpXYXhiV2tXS3c2S1M3SlpH?oc=5
2026-09-18 19:54:28,AVGO,Broadcom's AI growth and strong Google ties off...,Pluang,https://news.google.com/rss/articles/CBMic0FVX3lxTE1PYkdqMjBveTZJeDJQRWlONjBnM0pNekZENndRRWJRakVwOGZQcVhQQ0xPU2pGUWVzVklhaEdlZktPWUh1VXZfUmI0TWpudWRCMm01M2puV2c2YWxiRDJLN1RlZ1ctS0hYRUZJcVNmT0ozeG8?oc=5
2026-09-18 19:41:07,AVGO,Broadcom: A New Buying Opportunity Emerged (NASDAQ:AVGO),Seeking Alpha,https://news.google.com/rss/articles/CBMiigFBVV95cUxNSVEtVHhjMXh4a2lBSjZ2Wm9MeU5XdF9aRDk3V0JwTEFNVDBnU2ZrTkZGTFBhRGxOZGQ5M3FDeTZjdVNfVl9rLUJoWmI3TUpZb1JoZ0NjUzBXdGxyaE8xMWhOTm13Q2hTMmZodVpnM2JFeG5rek95OW9jQVFPR3p2czg2ZDNyREQyNFE?oc=5
2026-09-18 19:33:38,AVGO,Broadcom (NASDAQ:AVGO) Could Be A Buy For Its Upcoming Dividend,Moomoo,https://news.google.com/rss/articles/CBMimgFBVV95cUxNNnF0MzhFT1N4ODV5Wjk4dUtWNVZWRWhRZ1JoT21sLTRNQTZfOWtmMk1WV21tNDVQMkppSEthZW1zVjIySkh2MEtiU0wwUlhGS2tGR1M2V3NEV3BDckpwWlI3dkx6VmRRQm9qcXlYYmJfcUg4bFdfcUFic3V6MGZwZHZFa0s4TkRwRXkzb2VVSmxrM196czdWaDBn?oc=5
2026-09-18 18:20:00,AVGO,AVGO 260918 390.00P (AVGO260918P390000) Stock Options Chain | Quotes & News,Moomoo,https://news.google.com/rss/articles/CBMiYEFVX3lxTE13MXlwZnpoVjRIQ0ZZdUdhU3J6VUhvR2g5bVdWWDhwcXdSb1hYNGUzQUEtenJyWXFlNFc3LVlGNUo0Nk9OZ2tkWVdSQ1F3WGRUVUtObWh0OVpCQjdwbU0yVg?oc=5
2026-09-18 17:50:00,AVGO,"Broadcom CFO O’Toole Amie Thuener Forfeits 1,554 Shares at $339.27 Each",Kalkine Media,https://news.google.com/rss/articles/CBMitAFBVV95cUxOdVpfU3lUYXdQWHg1SVN5bi1Dei0yZzhpNVRzbHdXS1JONGxQV1lfbno0bTlvdEZxdkJXNXNBOWdIRkNlUG9nelJKUEV4bDQ0bE1RU1dDampJc3RpUVNESGJNOVpDLWd1WHdZQzdOQ0VqWENYbDFZdjh3QjZVdkUzbnRtYzdnRGpxbWxHZUw5YWJENWxQbi12b2VlbmtBM2RrbkNJdUU0OTJJQ1hxMEt2SkM0Ylo?oc=5
2026-09-18 15:41:39,AVGO,What Is Going on With Broadcom Stock on Friday?,Benzinga,https://news.google.com/rss/articles/CBMiowFBVV95cUxQM2kydGkwTzh4a0JBUDFOX1RQdU4zWFZkbHpWam12ZnhmMHJWZ1YwRENTLUxPeFlqQ1UzTWxYdVE4ZmtQdlhBV1N6OWt2YnNMM05LVnB0UWFTRXFRR3dQVEhXb1d2anZOdHo1bGZHdERneWVrUWZsdmtYUGJCZjZjc0VacE1HbWhaSXNoNEx1S1FyUFZSRTlpZU16dkZPTXFJZERB?oc=5
2026-09-18 15:41:39,AVGO,What Is Going on With Broadcom Stock on Friday?,TradingView,https://news.google.com/rss/articles/CBMiaEFVX3lxTE82NWdiMjZNWVRwLWlGQlkxQnRRODBYcjdReU9ELTZINDNEZENmWThHamlaQTg3OWVPdm9xUzNSSmpfM0NGdXlQMGlpQzdhMmZIU1NhcG1aZkp1NEJ4d212YzBiZ2NYWkV6?oc=5
2026-09-18 15:16:40,AVGO,Broadcom shares rise nearly 3% as AI semiconductor revenue surges and Q3 results impress,Traders Union,https://news.google.com/rss/articles/CBMijwFBVV95cUxOaVZ2bVRfb0sxcS1iSGo2RjFhS09vb2hCWjVYcXVSYnpSUHVSLXV1akpFamdxRE5SMGI0My1Rc1Exejc0VW9RSEd2TXVmRlNOYThnaEYwME0ySVBlQmdoVWVLNktvYjNtSHRQbnN3UUticmVJbUlqXzl3Vzg0Y0VIRGdya3daaVlUOU9ULTVmTQ?oc=5
2026-09-18 15:11:36,AVGO,AI chip sales surge: Can AVGO break the $365.33 resistance to extend gains?,Traders Union,https://news.google.com/rss/articles/CBMijwFBVV95cUxQVEVBQzREQ0tuS0ZHY1pmZUhrbkR3TkpaUnluSTBOLTZsOFhWM240cHdSX1B4MFpMR3ZiRE02ZWd6dG1xZVc1RDZyY215VlJqcEprcG9yd0pwdnF6TWdWXzFKdjMtaU9sVDBaZF9EUTY5Sm01b2hpajAybHJ4UWRtZ0t5MmI3bHpOT1pvbHNFaw?oc=5
2026-09-18 13:47:21,AVGO,Broadcom Inc Stock (AVGO) Opened Up by 4.16% on Sep 18: Key Drivers Unveiled,tradingkey.com,https://news.google.com/rss/articles/CBMiiwFBVV95cUxNSWdJeTdRdW44RGROaG9PZE0wQ3dNVVFmX2Z3UW9tYXlTek5pTXg0UEg1NEJwRUVJZHVZaG5WMmQweVdWNWNMV25oZFJPdlE3bUthblZsUU0tYzZCYjQtR3hKRDcwcWRlb210aUlfMEdEbU41OE1BU2hKUjV3d2loU1IzRGpfMmhUM0h3?oc=5
2026-09-18 13:44:16,AVGO,Why is Broadcom stock rallying today?,Investing.com,https://news.google.com/rss/articles/CBMinwFBVV95cUxPbG9SMWlCLTlITV9BQUtTMlQzU2x5S3ExLXBmaVRiRmFVMDQtTjRGMUlTRUtfbUJLREdkRG1pbElpSzM5clNjb2VqSk9Gc0FlUFJpdVpyZWtfS215UTlmMmU3d0JSSUdJMU1qbXRqTk9zbUQxREtpeFNNcDVkSHV6N09ERGQ3QlFQR1ZXUGN3TkFaaDk2bC1jeTNqakN2cUU?oc=5
2026-09-18 13:00:05,AVGO,Broadcom Inc. (AVGO) is Attracting Investor Attention: Here is What You Should Know,Yahoo Finance,https://news.google.com/rss/articles/CBMipAFBVV95cUxOdWlyVm1BS0JKLUtUSjZnM050ZnEtckxmN2IzY3JjTUxUTU04VXpBUE93RWs0VjdMOFp6TGIzanVQdldPZFk5ZVJQYmtna0JQQzlzWTRHY3hVN3hnUk5PSnFsbE9hdlcwQ1ZmODF2WFVEVmhscmFkcVd1ZlFrb1ZyT0hhN0VMOW95RVhCMlpCa1NyeExMVExJSVR4TTFweVJ2N0dqbA?oc=5
2026-09-18 12:24:23,AVGO,"Dividend Roundup: Microsoft, JPMorgan Chase, McDonald's, Broadcom, and more (VIG:NYSEARCA)",Seeking Alpha,https://news.google.com/rss/articles/CBMiqwFBVV95cUxPU1NyOTJ0c0NrUHlwVUx2cHZMU0IyaVh5UWxVSHlPSTFJUU9xWGd6NXNwQkpGcS1JbEdkcEZhTjZqdG9uZUhtQ2hTYUpyNVlRZnZLQkZGUFl3cnpWSmtFa3JUeGpRLVFIM2RKMDU0U3pLY2xOSGxXdEhvLTBIbFRJazNIbDFNOS1iUFA1WHVSSHRYeFItQ084T0NTTUJxcFFDS3k3OUpQeDBGb1E?oc=5
2026-09-18 12:19:00,AVGO,"Here’s When Nividia’s Dominance Fades, Opening Broadcom’s Era of Dominance",24/7 Wall St.,https://news.google.com/rss/articles/CBMitAFBVV95cUxOajdNa1lUUWF3MEd2aXc5WEQyUTBSekZkSXRsNXBuT3pzZm5RQ2N6bmNtNE9sd2JuOXpTNEdvRUNPTGJtQlhPQ0xUY3N4Wng4aDd4dlRSclhONHlMbTUzaXNfeXo2ay1UcGVVLS1JSEprWllNMU1iMFFUYi1BWm1US19naEVDODNWb2FkMFVyQUFOSW5qVHdEQ0ZleFY2Zm4ya1ltQXVvc0pLSmVrd0xOb1NwbGg?oc=5
2026-09-18 10:32:26,AVGO,Oracle and Broadcom's Growth Potential in AI Infrastructure,Intellectia AI,https://news.google.com/rss/articles/CBMilwFBVV95cUxNbTcyMjhibDBGSWkzNV9xZXdjN1VZelRIUXNJdTVsWXA0ZFFTaFdqUDNkTXd6cTRWSkdBQVptT3dpV3dCYWs2U2V6ZWM5cW94VWFZb1FRSS1nWDEyVzZ3MW1Sbk4yN3BBZkdyUHZUVmREbnU4Rmp0ZEhVOG5pYllCelRfdUdIWklrLTRndXBBWmVKdkFUQUg0?oc=5
2026-09-18 10:07:24,AVGO,Broadcom (AVGO) Offers Investment Opportunity Amid Market Volati,GuruFocus,https://news.google.com/rss/articles/CBMiqAFBVV95cUxQN1Jkd2pTRG1XWk42OHEzdXU0TUE1MEZUbkJpd3J3S09ZNDdDa0RlWlU1ZGlMMWRQYUtTZUthYjZYRW96cF9rU0pxTmpTaHQ2SkhtYXRjUzJoUE4zTVU0UlY2bHh4NGhsZHp5Y1hJOTVELWNVTGRJa1hSUjFRNFVtLUN0djJWUlBrMm0wbjJYcUFPcGhYdUZnUUt3R2lBdzlWbi1KX0dyc0s?oc=5
2026-09-18 09:51:12,AVGO,Broadcom (NASDAQ:AVGO): A Compelling Affordable Growth Story With Elite Expansion and Reasonable Forward Valuation,ChartMill,https://news.google.com/rss/articles/CBMi9AFBVV95cUxNb0NoeGpuMDI3cTBLSm5DY2hIX3p3UVFLQTQ3ZkpGR2pLVHhqVmh4VldzbUc2bjFfVjdhRGo1VHgzbXk0Qk4yYjlCTlJQT2JLaHdFWGVYdHJYbU9VSVFhSWhXcW90cl9NT1VlY3JackdTN2VFSnd1d3l0cEJad29HRC15U2VqNjlLZHcwNi1JcC1wRzd5ZnZRelFWTkp1MjdmUGJqWDUzc0RPOVJBUk9vYkxIZElFTlFMNTlZNE1LZEVZajg3cTNTVjdEN09aTWRITW81YkpzdzJEeVJJb2RtX1JBOGw5dW8ybzFXTWhiekhTUzhD?oc=5
2026-09-18 09:02:24,AVGO,Nvidia vs. Broadcom: Whose AI Revenue Actually Grows Faster From Here?,The Globe and Mail,https://news.google.com/rss/articles/CBMi5wFBVV95cUxQMUtTOTVla2ppYU1sRS1nM2h6R0hqQzhCczg3X01rT1lQTXNYeTJXRHIwM1IzU0RjWXJuZjVEZGViSzRhVnBEQXhObnVZNFJJWFRvbkVuSmVyNHVJblItVEJvdjdtNmF2eWV1Z3h4dkI5T2hJbUxUdndkT2tsVW9wOWJzV29iTVVFa1pkN182VzBidGJKVWFpQUNnMlRHZUJJbzlYdzJLejM2TzJURE93NzN4MVlmN01uRWtQSndyNzZKaGVNd0hRWVhIVC1kcHpHZnY4SFZTV2pXcjFFbHNXTlFkY2VRbE0?oc=5
2026-09-18 09:00:00,AVGO,"AVGO Stock Gains 2.29%, Momentum Weakens: Full Details",JournalArta,https://news.google.com/rss/articles/CBMijwFBVV95cUxNMEZGcHdWX1ZzTW9OX29kRkZQSENqcTBYamZLRmpLbDNxbHlRYVo2NWxiSGlUQ2tsOUlTVUp5bW5OX3AzaV81Uy1SVzBiUTZ0dmpjd3lSQWJUZm5qbjFkQ2F2eGs3LVhvcXZRS1lZd2JTaWNqSFVhdGVXaDd0ckFUU1F0TFJLVHhIRDdTOXJTdw?oc=5
2026-09-18 08:45:00,AVGO,"Own Broadcom by Sept. 21 to Qualify for Its Sept. 30 Dividend. Here's How Many Shares You'd Need for $5,000 in Yearly Dividends.",The Motley Fool,https://news.google.com/rss/articles/CBMimAFBVV95cUxQbGkwTEw2QzN6bmJrR2dzcEl2cVV0eEtLdHdycTBTUF9kTkxsMHRPeTJVak5CWmlpNTNqUDZudlJ3QmRvUDdDZFhPV25BZXVmX1RLOGNTTUpmdDM0ZUE4ZWF0TXh6N0o2dW5lMFR3VzJDS0hLVFV5aUZSNnVWZG8xZjRzYTBqQVpwZDhZQlloUHRHTkFJaFQ0Sw?oc=5
2026-09-18 08:33:06,AVGO,AI Chip Demand Could Be A Game Changer For Broadcom (AVGO),simplywall.st,https://news.google.com/rss/articles/CBMiyAFBVV95cUxOVmEyandmRUtZQl9YMXpuUGRVVjV2ZXdmNWROaDFyZURZQXNvUHR6Xzc5OXU3ZTJKUUVmQngyeTZUQ19RajBaY1QteEZ6Wm5aVEtjQkNqREJJblE0Szg0V2VmcU1tQ3ZBdkM2TldCWV9PVUdsN0dSTl94akhPcWlVQno4OU1JdlZSMmtkb2hKdnVjN0JieHNxY0g5N3FqR1FQMzNiT1JVYy1PR0tTZTVsbWhfZ0o0aDJaUmVzODBJTFM5N0w1U1NVTNIBzgFBVV95cUxNRU9UWEFFTXU3dXk5WTBRTUQ0dENaYjl2Q0w0MUYzYk9qUzRRQy1OMDBxZlZsMGp3UVdDTmtrZ2M1ZnVIVDR6TE1oTkFvQ0RDbEJXYnVsYlVjVDFjM1QzTndlUVhLSkVMXzhFSllNclhma0xreVpwdkI3QmJzeUU0UzZ2ZDItQmhTemIxWEV4UjBaMjZqVDhSbEx1MzZDbGJXQ1cycDdlX3A1Tm55N2k2TDBha2FRU0pfQjllWVhXdjhwcFhfYzBvY1RSTGVUQQ?oc=5
2026-09-18 08:22:38,AVGO,"Broadcom (AVGO) Stock: A Hidden Bargain After 30% Decline, Says Jim Cramer",Blockonomi,https://news.google.com/rss/articles/CBMimAFBVV95cUxOdVBVc1dHVVA3cWd3TTd0QmhpT1dLb1hQNDY1dVZpZXBQYXdaWWVZMV9HMHl2M01mRU9VQS12ZWd0NGVfMk1nQngtYWRnYjkzY0dqWHBacHF2ajdoYVNsVHQ2R0Y5eXg5YXRSSi1JM2pRdnJpNW5GT3FJMlJTRFZsX1JGMV9UZ2dJQXphTlhVM0xkQW9XWERtcg?oc=5
2026-09-18 06:30:56,AVGO,Broadcom stock heads into the open after a 1.6 percent drop,AD HOC NEWS,https://news.google.com/rss/articles/CBMivwFBVV95cUxOc1lCZjB0RFdab2RtWnR1SmNCVG9LeTBfU3pYM1ZxVzRFLWJ6OGlOSjVBTFFPTFp1Si1hN1U2V281SW5ubGFtdGNEb2hGNFItSXdRTEs2bVdJeWd1WXF4Q0FkZWluU05iOXRnNTQwakRRR2dwUVNKUS1Jd3gxX2NSVmE0aWM1NGhkaGZoYjRjX1FGc1Jxc2pValF1bklra1c5Skg5Z0dZNVBLdkJHMzg2WTRHcDJKaUFGT2U0V09OSQ?oc=5
2026-09-18 05:21:33,AVGO,"Binance Will Support the Broadcom (AVGO), Invesco QQQ Trust (QQQ), Meta (META), and Seagate (STX) Cash Dividend Distribution via bStocks",Binance,https://news.google.com/rss/articles/CBMilAFBVV95cUxOUDBuS3p0YjJPR25mN0VUNG9UMll4LXY0QWNaTjJTbm9xN2R2NEY1RVlaNkRuX1hyaF9wTzBHb2RSRXpDT2lFazZHNHhxT1h3aDdrXzVRU05GOU5QMFpiUWFNR0Z1eTZBR1U4V1pXTUw5R1FCeXhpeFB5T2swSkFlNWZKd3p4TnVTY0VvcUt3VXFzbzJn?oc=5
2026-09-18 05:06:50,AVGO,"Binance Will Support the Broadcom (AVGO), Invesco QQQ Trust (QQQ), Meta (META), and Seagate (STX) Cash Dividend Distribution via bStocks",Binance,https://news.google.com/rss/articles/CBMihwFBVV95cUxORzdRLXJCUklLdmUzRElvNzIyRXNaOGtabkhmWncwZEhGdTNRU1JVTDdWcDJpTV90UVJFYXRlQ3lqX3NhUmJZV1FzVHlobGdVUUNxd1hYWUktcE5WdE1yOE1JMGpnb2lLRXRDWTRRZ2VfX0RuVGs1RjZBb2RILXRVS0ZHQk5zWEE?oc=5
2026-09-17 22:10:55,AVGO,"Broadcom (AVGO) CFO uses 1,554 shares to cover taxes, holding 48,597 more",Stock Titan,https://news.google.com/rss/articles/CBMiqgFBVV95cUxNX1l6X2RfYUxnMjN5Z2NMYkZ2bGxOMGp3M0ZwYXVOXzY3VE5Wc3NRQ1I2NDNrM2RjdUJ6NFdmVWc1RTBOS0xEaXVvcTFBVER2VmVtZGREbkNzNkR3cDVfVnNBYnZJNGlELWhjdTE0YmQyV3BhNDdPRGpkNG1jTWNydkt3N1BrVzV1VmY5bmpaQWRDS2FWaC1CSG9lUU9hU1B2S3J1N0VwekFxdw?oc=5
2026-09-17 22:06:31,AVGO,"Broadcom (AVGO) insider uses 8,059 shares to cover taxes",Stock Titan,https://news.google.com/rss/articles/CBMiqgFBVV95cUxNdGxLNlJfaDUtSFkwYzFITDQ5OExIOWJ5ZVFoMmUzclFIcFBXdjRRWm1xai1fMElyY2wyaWdaaEtJR18wVGlsSjlMYXV6emltNzM3N1J2SnUwbGI5NFJRTlFmaU5XaWNuQUFNeEM2S3B2NW5VVGFYTUM2Q3pvbUJtcTdKY0QwbU5ZR3JNM2VleE5uUVlaZ1pYYk1pTVhHWXZUWnRYcl9OTXZUQQ?oc=5
2026-09-17 21:48:07,AVGO,"Why Are Semiconductor Stocks Nvidia, AMD, TSMC, and AVGO Falling Today?",TipRanks,https://news.google.com/rss/articles/CBMiqAFBVV95cUxNSnE1MUFneDBhTTNnb01oQ2VXTWxKbnZ0bHhOaXFEREZDQVNFMTgzZVdoM1ZXV05femRyZC1MOUZYQjJPY0ZJNDhaNWp0aXYzbnVuZ2MtbHFpdFRfcks5SzFJb1ZwczFPeWhzVWtFQzM0TUZEXzFfTmJRSk5ZVlI0VGJjMm1TZ3hldTFxX2ZoVHNrREtCVnBnVDdyQ1I5SWl0RVhfcjFNSzQ?oc=5
2026-09-17 21:42:37,AVGO,Jim Cramer on Broadcom (AVGO): “The Stock May Be Too Cheap to Ignore”,Yahoo Finance,https://news.google.com/rss/articles/CBMimwFBVV95cUxNbHVRZElnc0syLV80UHFDNExJV2RXcEFBcHk3cDI2aDlwSVRFR3pjaEczNXpCeGlVMjZQS0k3YTFzSDVJWjk1M19ZMnZ5YmhObU9DQlhUU1ZnSlAwcEtlTzg1TDFIeXc1ckhHYkZRaEpzbTFydGZ6NF83dzItdnZHemFVMlJoNXFFZ091ZExDLTlYUWVfN2NhM1B6SQ?oc=5
2026-09-17 21:19:00,AVGO,Why Are Observers Suddenly Watching Broadcom (NASDAQ:AVGO) So Closely?,Kalkine Media,https://news.google.com/rss/articles/CBMirAFBVV95cUxQNGR6VWZhYWJjZ20yWVZLVlFZNGhaQUdRNTRFblRKT1hKSFRsUDlBSjhnZU8wdllfNEJCamE0YUwyc0ZYSGwzZFNZQ0RELURPSFg2aW9TYVN3R1NhcS1XeFFzMlZ1bGZCemE3RThOUEgzQ3p1XzJfTUFheVVNUlM3eWFDWWU2QmtnaXYtS1JDaVFSNkFvbW5VQVpnbVNKWndhNExrXzBITUFRVWQ5?oc=5
2026-09-17 20:31:00,AVGO,Broadcom Inc. stock underperforms Thursday when compared to competitors despite daily gains,marketwatch.com,https://news.google.com/rss/articles/CBMi5AFBVV95cUxOdkVMLVVsYlRYTE53dHZaV3AwVFlxQWpIdFhmR19tTkdTQnRJX3lVM2tKbUJia1pvYTR5cUJwTVJ4NVg3eE1vdnF6RlhWOUlpX09rbzZneTd1akVjWWpPZlk3UVRZelotRmVrZFlEYk9pZW5uNDd2Z1FFODJRaVg0X2RJMkIyQXkxdW1YWkJIMUN2Rjk0N1RUUURCRThhU3hxc2hFZVdqcjJZRDd2NWlZUkhydzRnTk1GSzU1YzJOWXdocW44WloxMnUtaUgxMFJqNWZrcEZMX0doUXF1VnFYUDIzQmU?oc=5
2026-09-17 18:23:00,AVGO,"Oracle vs. Broadcom: Which ""Picks and Shovels"" AI Stock Has the Bigger Growth Runway From Here?",The Motley Fool,https://news.google.com/rss/articles/CBMimAFBVV95cUxPLUZPMnB1cGNwVDRYS2d5VnNPNzRZVC1ISkZvLTdkMjk3a3JqX1U2aVhfVnlvVUNmdjN5R3h3azJNMVpId29HS2hwQjZKRGhwQkxYQnRNZmJBcWlRakQ2aVBnOVpQWm1BeHNOSTBTNnNrUUZJN1lRX3d1QW9HR213Tm83TWhRSHpLRC1qcF92MnpJTVpHbXpPaQ?oc=5
2026-09-17 17:43:38,AVGO,"Oracle vs. Broadcom: Which ""Picks and Shovels"" AI Stock Has the Bigger Growth Runway From Here?",The Globe and Mail,https://news.google.com/rss/articles/CBMiiAJBVV95cUxQNVJFNEY0QmltQlpmS3liOU55RE1NSUoyNFkzODl4ekwycHFkRUNsWVAtWEk3cVdlb2htZTRrLU9SYzh1NGE5OHBSbDQyaDRQLTlmVDBIWVNJYno2MDlqSTlLVEdpek41eGpkOEpmUE5fYndIQ3l0eXhvc0xaTFBpNV9zZGNsbzZBaW1sTGFjanJsaGF2SHRncS1aTmE2M2F2U0tqRllTalBlMm5sMTRfemxXNkVNazlQbVhhMWMwbm51ZS1CZVpFUlhJN1FsUHZKVjA0QU8zYWFRY2tiODFDeEpzSTFrN1UtcjVoeDVmek15QXR4TGI1NUgycG84N2dfX21WY0N3aDQ?oc=5
2026-09-17 17:37:00,AVGO,"AMD Jumps 7% as Semiconductor Rebound Reaches a Third Session; Broadcom Rises 3%, NVIDIA Edges Higher",24/7 Wall St.,https://news.google.com/rss/articles/CBMi2AFBVV95cUxPanpzelJUbnNzQjNmNFdxbHF6dnkyODg4TEJGVklFdXd4SElERF9UNmw4UHdNZE9GNlhISmpJZm44VjQwOWhtQTBEOXlyVU8ydTl4SzkyWVdQRF9JTl9LWFE0d3Q0OE1uWmlTSUNXcGs3NTVyU0pON1ZIMHZUVHpmV3VKbUo0bzRtQVNKaS13dERfQzdkamJ4UExQLXdmeThzeG0xaE1EZE9jOFBSMHhsRVhlbE9kTHhYeVhLR0RLSWNGcjVMUDlQWFhOcjFIdnFSZEpIc05FS3k?oc=5
2026-09-17 16:22:59,AVGO,$Broadcom (AVGO.US)$ Bout 8 years ago..,Moomoo,https://news.google.com/rss/articles/CBMiekFVX3lxTE9jd3RGWnBSYmFiX2djTEdGU0FGWHhfakVBQ0xOaEY4Y3pKdWVRd2I5OUZGcjAxZnpLdXFueG5DWEFPUExkZlp3TmtNc0hkMjdITXR5ZC1tOE9wSnE1VFRveHhZNFNmd1U4VE1ESEx1WEo3RUdSV2ZTUjJB?oc=5
2026-09-17 15:35:36,AVGO,Can Broadcom stock break $350.69 resistance after Connective Capital raises stake?,Traders Union,https://news.google.com/rss/articles/CBMilAFBVV95cUxPY0Q3OEtTS293endHQlVuM0hQWUlxZmtmclJ4dzQ2SGpMUFhCY01YRVUtcVZJUEJlTFcyTV95NjdERndUV2RGOXBUNEsyT1BJbkZXWkljYTQ4UldDNWJUOWlFMnBhSWpJSUxfczd2eEhibjFRajFjNlJiZzh6dkg1dHpSN3VOTmxTejZielppd0Jaak16?oc=5
2026-09-17 15:15:28,AVGO,Broadcom Inc Stock (AVGO) Moved Up by 3.17% on Sep 17: A Full Analysis,TradingKey,https://news.google.com/rss/articles/CBMiiwFBVV95cUxPaUZIX1FTb2c4VXZOOHpkeXFIY2o3VkhSNXh3MUhZSDlWeG5Qbmh5YjN6Z1dneW1xZFdGSHNvdkJoTTZnbGVGcjc0TGR3Y2lVR0E2RTZVSzA0OEZTVkxGempRRUVHSVROc0hxNjREUG0wWE1NaGhuNklrSEcwamFNaHhySVFnalplREhj?oc=5
2026-09-17 14:54:33,AVGO,"Broadcom CEO Hock Tan Says He Isn’t Worried – ‘No, Not in the Least’ – About AVGO as AI Extinction Fears Rattle Stocks",Barchart.com,https://news.google.com/rss/articles/CBMi6gFBVV95cUxNdlFoaXUwYWFuOFpsbHZWQkZSMVBJTmxkX0pNd2xzNFpqeWdMVTdNLWRrVks4aDBXcmxYcUhzVHVqa2xBUG56aE9SVno4aDRGckJaNDVWbWFZQ3ltQWdnRWwyR1pVamQ0QmRfUWdVSzAtQmVtZnRNcm50TkNFNjNvU2FXUVBpTW1leG1pZm1EMzNfSnQycllJNDlrRGJNUlY2SmxkdTUtSlVpdENDb1RuQS0walBoOVNFNHcwUnlWYjVCRWQ0Sm9SdUc4a0tYYkFYZnpIeXhSa1BEQlp2ZFY2SXJIaUFVc2J1MXc?oc=5
2026-09-17 14:24:22,AVGO,"Broadcom: In An Expensive Tech Market, Buy (NASDAQ:AVGO)",Seeking Alpha,https://news.google.com/rss/articles/CBMiiAFBVV95cUxNVUlLTkk3SGhOUC1paGNfNERCNW13WnFZam0zc3pZdXFhRENmTUJzM1VibFVsT05fZXd0TW5hRVowbGlHTVJHa2F6dWM0YjZ2MHFWRHZKb2xjZEh4UUtHM3BQdXFlcWEwSTJyS00zbklBUkJsS0JtZlc3MWR3M1llX3pKM3RMbi1t?oc=5
2026-09-17 14:04:41,AVGO,"Broadcom: Sideways for Nearly Two Months After Earnings, Is Now a Buying Opportunity?",TradingKey,https://news.google.com/rss/articles/CBMiggFBVV95cUxQSDEtYmpOalUxdk1aVW5qLWVvZ1IxMzlOT3pUVEZEWUxINGZ6bGc2OXlkWGNzX21KZVFkQmJhNXJ1ZWxNZUpjRW9UdU93X1JzSlpiNHRnNmI5NGFCaDFKdWNkWDhFR19tSURDbTJQQTA0NkNWWHZzY09FTEJab0t1eWJn?oc=5
2026-09-17 13:29:06,AVGO,Broadcom Stock (AVGO) Is Down despite AI Growth. I’m Bullish,TipRanks,https://news.google.com/rss/articles/CBMijwFBVV95cUxNMDlfQnQwNXVYWU5RazBza1JmUmNJS0Rmb1lFMG5FVUZUOEF2RU5NRmlKV0NBeXh0NHRZZ2pOckkxVmVHU2owMU5EU3cyVHdBNDVjSUJMT1Z1cHVtazE2YkExZ1NDcTdzdzJ6cnpZZVJnUTNrMHRRdG96V2JpUF8wZGQzV1c1U1Y0a0JZV2hKbw?oc=5
2026-09-17 13:18:11,AVGO,AVGO stock down over 30% from highs: Should you load up on Broadcom now?,Investing.com Australia,https://news.google.com/rss/articles/CBMiygFBVV95cUxQUkU5WXZSb01qYm11cTZsekV2SzhzX19xMVZSSWQzT2lON2tWVlNTZHYyeGVadFdWbXdHeHJhVTJjTkdTMHlVVmdZVzYtZFJFNUNHU0lTYVBEX1dzTlNXZW5BX29ZVUlpS2VWVGM1RGFLbDhFMnEwQzlmejJUQ3VEeWtWS1NWOEwzaUs3YnpxUFFLU05MdjhSWk44b1dJcTlEWHVCMzZHdjItcW1KVk53T1QyN3RrdG1tbUUxSnpWcnNGb1NBQmdZSTFB?oc=5
2026-09-17 13:11:53,AVGO,"Broadcom stock slides despite strong AI revenue growth and earnings beats, but analysts see 75% upside soon.",Pluang,https://news.google.com/rss/articles/CBMimwFBVV95cUxNRmFWOFFhS3pUSUpPOHhvUXU0Nl9HQkNBY3BsVkxWVEVaVl9mOTlxcE5OR2gyQVNtVlRTeXlFYTgzTzJ6QTdJQ3g0QnBVdnNKRXo4UjVSZG8wMGZiOTR5bzczSTVPVHhzN2JFX3h0Qi1yVEdpSlpNbXNFQTdZSzlkdWhkS0RfMldCNUdCdEh1SWVkWjNIQmtBWlZOaw?oc=5
2026-09-17 13:04:51,AVGO,Enterprise AI to Boost Broadcom's Software Business? What Industry Data Shows,MarketBeat,https://news.google.com/rss/articles/CBMisgFBVV95cUxOb1RwemszTW5yaV9KcmVCdWNmMlJHSWdxLUxCQzJtemtyRW9nZnIxUWJGcUFwemhjbUoxaUdiWEZtZVdyeXMtX3lKNldsVHdhZFduT3lMOUdEWDlkMEpCelNXanZ3dFNuUGNHYmI1VzlnWWNoWFVOaG1Mdi0yRWV6eTk2djZxRnJ1TVVWNGdzUnluX280ZWppbVBlcUdFT0ZyR3Q0UzMzZVpieUJYMm5zR3hR?oc=5
2026-09-17 12:55:00,AVGO,Investors Want to Know When Broadcom's Custom Hyperscaler Chips Will Move Share Prices,24/7 Wall St.,https://news.google.com/rss/articles/CBMiyAFBVV95cUxPRjdycHdFSkctSHNydDEyX2hwWkt0dHBWU0JIRlFSV1B1eXNoeURPMjFUaGYxd2l4Um14SE53RXE4MWZrdWJZY29ZX256RlJWNGlRRmV0Ujc0cDZEcjhJV0MwRm5fT1hzanpPV2FGZWoxbGdSUUhPWHhIaXJHREJKa2ZrZzgydEpJdFpUWXdDT3hKdEdsQ3FhUWlBNnhkNnQwRHQ2bHdKWEJrd2xRWGNGUlNfbkI0eWJnaG84UkZucENORGtFWXYyaw?oc=5
2026-09-17 12:51:25,AVGO,"Despite Hype, Broadcom Keeps Edging Sideways and Down: This Wall Street Analyst Says It Will Provide 75% Returns Soon",aol.com,https://news.google.com/rss/articles/CBMihAFBVV95cUxQNmc1MHFCOVFmV29vMWNPcXRDREYxTjF4UDA1cm5PRXNTNEhmX3FGc0ZDYzM0N3RmYUdTMzAxYkVCU1pkaWVYODlERlFvN2FlMi1SYlB4eW9qdXVJcUdEQ0dpcy0xdWpCYVlwLTBxNkZrbWtfRWx0R1lqSmNxSUdYNC1jOWs?oc=5
2026-09-17 12:51:00,AVGO,"Despite Hype, Broadcom Keeps Edging Sideways and Down: This Wall Street Analyst Says It Will Provide 75% Returns Soon",24/7 Wall St.,https://news.google.com/rss/articles/CBMi7wFBVV95cUxQZ1NLNFgtT0t5clE0ZndCeVVFejV2ZUVaWFBjdGdoR3dZZmNPdnQzOC1PaGVUak1GLUVac0RBVmhRSi1QclZxakJpMkZncjVybW5GOVAxT0dLSlBkWGUyb1ZDTDlrT2doeXNLWXZzaWNqbERyNXJxSGQtejI5a1BaWlJYZ01GWGluM1VaeEE1ZlF5YTdVanU2eEJUbUh1cEhhUURta012WDdDRFJLTlRjUnVvcmdHVUZ1STM0aW5uUzJsWFNUeThBZjB1OWVNMFRob1BlbF9idEJaa3ZSYkFUQWVqaUNocVdfZUJxMHhvTQ?oc=5
2026-09-17 12:49:01,AVGO,Broadcom Drops 30%: Evaluating AVGO After the Pullback,TradingPedia,https://news.google.com/rss/articles/CBMimAFBVV95cUxPd09MazlUamU2UTRRTEJMaVY0RXZNMW1BNGtrekJWUUZNZi1zUGN2dnhFODdVVFR6elBWdGRYd3ZjTHZVd2puc01BejhHeGFnNWJzVThoODA5R1l6R0JxbnZOMWxKb0VkVWZVMVdKR3l5WXB0RFlMdG0tVkdBcVRFZ1QzOW9XUjZTWjZycGFiU2RwY0xaS3NUeA?oc=5
2026-09-17 12:12:32,AVGO,Broadcom stock has slumped amid AI safety panic: a golden time to buy?,Invezz,https://news.google.com/rss/articles/CBMiqwFBVV95cUxQTzdXV1NTUTNXckxNZWUtTGxocEgxX2ExSm1wVHUxRWF4Ym0yWjNoNVlLRDlCWms0b1hNaVowVHBEWGx4MHJId0FxU3duOHZOZjlIOGhsa08zU0JZSDlEX0JTeWtFRU1LR0dUbmRBWjlyU3p2ckFDSnlaaE5MZ3N2bWhWNGMwYmkxeXItMWc1WnRkNXFNR2JwYUtaa2dtNktyWGFma2lSSjItLVE?oc=5
2026-09-17 12:10:54,AVGO,Broadcom stock has slumped amid AI safety panic: a golden time to buy?,Invezz,https://news.google.com/rss/articles/CBMiqwFBVV95cUxNV19WZkdjVVVUc3RMN3o3Q0NtMTFhZ3cxWElTSmczaU5IZkt5MF9rWHdIS2JBb1JKSXJwNUJOUW9xRHlPT2Jmc3JDNUNNYUlDRS10d1puWWVOd2JqLWtJV1pNR3hmZkI0SVo1LXU1S2N4T0hzQ3dham5xdmxvSEFqaTRzaWlSblQ4czFkbWl6d1dpSWF5THJKakc5cnhhOThjTC1GYWNtbXJtTFE?oc=5
2026-09-17 12:10:51,AVGO,AVGO stock down over 30% from highs: Should you load up on Broadcom now?,Investing.com,https://news.google.com/rss/articles/CBMiywFBVV95cUxQZW42V2R6NlRDeXhFRkhBMVE0Nmd0MkpQd3lwYS0wdjBGWDJuQTZadEt5enNrUTZkMnRpMGkxSzFLRC1nZDJUSFdMQl9faTJHUko3QzlScXdVb3lpYkIwQVFFcG8tbFRIbDZoUHhTSXhfYWpDaDBTekp2XzdYaW5sQWJ2LXhPRHBXc1poTU5qT01KTVpybV9PU1VMQmM1NTJfaC1zVHlOWm9uLVZocGZsMXp4Y1picjFYSVdoNUl2dVp2bjJXdWQ4bk5uaw?oc=5
2026-09-17 12:10:00,AVGO,AVGO stock down over 30% from highs: Should you load up on Broadcom now?,Investing.com UK,https://news.google.com/rss/articles/CBMiygFBVV95cUxOUHdSSlV3U1JaQm9feTZvSGhYVDdkcTA3UUl3enltZ0RVaFN2SEEzMDJ4enktRVRoRVoycEpaRnZsYklna09DSmZVbVluTGNTTGU1a3V2MmlPNEs4M2JTYlQ5ZzlBVVN0cWo4OXZDaGNiTGhaOGkzT3NpSkxON0Q0U19sODE1TjhDbm80SEJyMHpkdWtIMzllaEswam9aMGNIeGlDUnNZa0JFVDlURUpmUlRZVEZrTmJwM1pEN3pOM1EyZ3ljakFNVjFR?oc=5
2026-09-17 11:17:46,AVGO,Broadcom (AVGO) Stock Prediction for September 17: Technical Sell Signal vs. Wall Street's Bullish Outlook,kobaran.com,https://news.google.com/rss/articles/CBMixAFBVV95cUxPODQ4a1B3LTZQS3hVVGh1N3lwMlNnTVpXSEd4cWJYM0NFejBnQXhpUkcxMlNfMHh3bFNzYmZ3NDNkU2J3bDk5Y1M2c1FNVGVhdEc1QjlVTDVGV05XWE43ZHJOa0lkN28xaEgxcHVyaXVDZHFOdndTeEktdHNzQk5qSGF2Qm4tTjFKeXBmVXAxTFhvalNtcFlpY1IxaEkzeEJjNHRmRHRMckRwVzNJbnY3UFc0X3hQVnl4eEhubHNRU2ttZUY1?oc=5
2026-09-17 11:06:00,AVGO,Billionaire Stanley Druckenmiller Dumped Broadcom and 11X'd His Fund's Stake in This Trillion-Dollar Dual-Industry Leader,The Motley Fool,https://news.google.com/rss/articles/CBMi4AFBVV95cUxOTFl1N002ZHRjMFdXRmVpMkFFUk5xaDJ6OEwzZFlKS3I3RGp4Q3dhd3FhejJKeFg4ajNnTi1HbzVGdVV1VVpHbWlMTkt1bkwxNHQtMmxfN1R3VVpxMk5hZ3hrbkJtaXlMX2wwUFhnR1JaZzZVeDlJelg1Zmw1YXRtWGNLTWZNb0hFcERXQzgycnFuZlpOaTlpWkRnLXJDd19zNUlBcEoxT0RPSWV0eEEwTTBjVk03d21WWG5SYXdvai1qTnc0eWRKeXN6UTFpUTF5WS1QdnJkZU5UVWNPUUlTaw?oc=5
2026-09-17 10:26:00,AVGO,Billionaire Stanley Druckenmiller Dumped Broadcom and 11X'd His Fund's Stake in This Trillion-Dollar Dual-Industry Leader,The Globe and Mail,https://news.google.com/rss/articles/CBMirAJBVV95cUxPUlg3U0djYVI2OVJpQmlJM1lBMk5LNjUzOWhjYi1OSTNLUHN2aThyd3JucHhhLUp3cXBjSFVDeXlDUnJxTlQ1VDFVd3l2R2Zsa2ZveXBnY0FHNGZELU1zNnNJam1nbzFJb1EydEpfOXdqd3M4MEFhUWd0Y1U5RzdaNEtFbnJESUQzNTgxRE5ad3dMdW5pY29UUlBNVkVkM0VDRzBMTk9PajRoNV9qZTVLR3BHejlQWUxXUTFIM0lMQmdtQWtUaFlheVU4US1oVzZtYU9QS21YQU5KdmxMMEZjRExtOElvSEk5NGtXYkg2MENnT2FZbnVMV1ZFODQ2NjE0cGxLZkt4TU8yWmlrSWE5aVU5V2VFdk84Q0hveTg0TmI3VUhzTW9QRy13cE4?oc=5
2026-09-17 08:45:49,AVGO,"$Broadcom (AVGO.US)$ The clouds have cleared, revealing a bright outlook Patience pays off as clarity emerges",Moomoo,https://news.google.com/rss/articles/CBMipwFBVV95cUxNUTRUcjRKd1R0QmU5ekppa2I0Nmh5VWNSTW4yNDVMNkRaWWctV2lKalhJR1pleTBreE1hZ3htcEkybXdsTW9xQS1hOWNVcnU3TDZEQ2Q1UzdOM0pXamNOQUtWTk4wRGZscGVpdjZFU203SkFoeDdzam1QNGN2S1gtREphM3NoS2VZUjlEZVQ0NjUwcklYeDFBbVV3ekk4MEFoR2FLdDRKTQ?oc=5
2026-09-16 22:03:00,AVGO,Broadcom (NASDAQ:AVGO) Emerges As A Session Standout Amid Shifting Sentiment,Kalkine Media,https://news.google.com/rss/articles/CBMiuwFBVV95cUxQWGh6ZC1YU3ZmZkx1aElkeEdkclptQ3Q3TWZxWk1pYmtiaEV3RjdidXZ1VVYtQVJnaHVHYzNnOHVrdTI0U3R2RjNvRHp2aEVSbDJqLXR0NFNXdng3OHh1U0ZiLU56OTE3VXIzNEZSOFV0LXZoQTZjRkc3TzZCdE1OYTU1ZHVkWVljdVcwLUFsNU85N0dRalZpWEdMY0dFcGFfdlVMekJlYnZLbHNjM3c3ZU1iT19iLU01b05z?oc=5
2026-09-16 21:33:00,AVGO,"Anthropic's $517 Billion Compute Spending Spree Points To Big Wins Nvidia, AVGO and AMD",foreignpolicyjournal.com,https://news.google.com/rss/articles/CBMizgFBVV95cUxNX2VDVVhXNmZrUlVlNFlfX2w5OWtqNXlxZEdjLWcwNDlzam5ERjZzUWVsY2hZTklqcFJ0NTh2RndGZTlBdU9IUE96T1YwTEVNNE9lc00tREJmaXB5SXBtRzJzemVuMnRjTjhVTkRaaERtb2MxVXpvTzNva2FFOUQzOHJDMGF1SFpTMHlUc3dBdHFaZWxtQ2gzdllpTW1fbFVzUGxtYi0tajUyT2JoUHVWWTNPUUdGYmxhNGpwQTY3YloyZFlyWmNSdFp6SEFXdw?oc=5
2026-09-16 16:50:30,AVGO,Broadcom: Buy The Tantrum – Again (NASDAQ:AVGO),Seeking Alpha,https://news.google.com/rss/articles/CBMidkFVX3lxTE5pdnI3TnRWTk1FYkQtOGdpbjZtX3hXNnJzMWFTdmpPbzQ3WHNYTzNoTV9aVDBYc3g2bzhwR3pnSnRMSDhMNmpfcWk5WWoxVDdyU21DRVk0eUtleTJwSUJLTTN4N1FyXzJHUE9iZkVja2NZdHZ2bGc?oc=5
2026-09-16 15:11:11,AVGO,Broadcom (AVGO) Shares Fell As Slower AI Development Raised Demand Concerns,Yahoo Finance,https://news.google.com/rss/articles/CBMinAFBVV95cUxQU0RHU0VHTFQ2cmg1WTVldGU4TW5IQ3FpOWVwZ25VS1pLT19MSTlHZkJOQXRWbUJRRFRtbFk1bTRrX255ZFVuVjRseXZNUGxXYkhPUzJCRFRCMTE1cE4zcmhJSnN0eEFBRWFKSlZrRjlqM0dqWERaRXpocHRvVE10alUxd0lTaWsteUUyWDIwaThzR0N6RXJ5ZlFtY1U?oc=5
2026-09-16 14:58:50,AVGO,Broadcom: Pacing The Frontier Could Be Bullish For Inference (NASDAQ:AVGO),Seeking Alpha,https://news.google.com/rss/articles/CBMiogFBVV95cUxQbXpSOW5qM3ZrVjNmeGowVlpLMGlVVmZvSmR4cEFvX0toUVgtcXBSQ01ReDBRS2NfdF9SYVVES1diUVctaTNWal9GSThEVmwwNTh2UUNzOWtBLThHRmxFSXNITzYwSUphR2NScGNRSFd3V2tkXzBtb2hzVjlyY2RVODd1dkhEa0x6M1Foczk5ZEdqM24zLWpEcVJFVEgtb01Ldnc?oc=5
2026-09-16 14:58:50,AVGO,Broadcom: Pacing The Frontier Could Be Bullish For Inference (NASDAQ:AVGO),Seeking Alpha,https://news.google.com/rss/articles/CBMiuwFBVV95cUxPeHc1S29TdHgyTVU0RGNVZFg5RjVGYjBDM2pIbTJzOFVoVUJOWUpkV1IxaEJReTRCYjRURHRoM1IyWDEtbjhkZTFBZUdkU0ZQUnd1LVJGcGRUTjBSUWVHNWpUcmtkODlMdjhEZ1VJQjBPOEhUVUlmM0xWeFlXMFB6QTR5dDQ1ZXdTQWZZeUQ2ejVZSkdpdHR2SE9LQmM0dFlfVHZEWmU4a2xMVWVURnY2UjZVN25HRnd0THNv?oc=5
2026-09-16 14:40:54,AVGO,Prediction Broadcom Stock: Could AVGO Nearly Double by 2028?,kobaran.com,https://news.google.com/rss/articles/CBMiiwFBVV95cUxNdVBXRmRKYWgxa3RaTFVTMkxUM3BaRlhYQW9MVWhLeUcxZmIyZ2tMZHN6RkhBT0lsUnFCSlFnYzhmWU55UHhZYVRwaFRueGVOT2NaMEtjeDRlMjB1c1pOQkd5a1FLZHpSWk1UTUNPOXZ0OUlGWTZsT3Y3bWdLRDRpbDdLelVqLWZob0Jv?oc=5
2026-09-16 14:38:35,AVGO,"AMAT, AVGO Expand AI Supply Chain Push With New Packaging Technology Partnership",Stocktwits,https://news.google.com/rss/articles/CBMi7wFBVV95cUxQLVB3NGdqMXpYcGNVUU1yOGRxczN5ZnBncXdwVGdDWkpaSjhhV2paTVVVb2k2LTZsNVczQjVDX1BBY2dCZmRvTU5VcXBMSmJMQXl5VVJvMWdLYTNhWld5aUdQLUM3R3YxZ3k5cWtlWE5oT1dXTE84Qks2MWZBWlpkRmpXZTBNeHBuU2YxLVpTVnZDY1QzcEx6ZUlWSUhXdzJrZ2xjaC1JNngwMDRja3ZLYTdjQ3VRbVhfRHpRMjNyTWFDN0ZqNFdXY2txa2FUd2lQek05RDRiMEwzUDFJQTc4a1VoVW5DRlh0TG84SE85MA?oc=5
2026-09-16 13:48:00,AVGO,"Prediction: This Is What a $5,000 Investment in Broadcom Will Be Worth by 2028",The Motley Fool,https://news.google.com/rss/articles/CBMimAFBVV95cUxPeHZwckJiOFh0VDdVcU4yYVZDUC1PQmRJbzcyMUlXOUdFZXk1SnR0VVRnRjJQbXhoWHEzWXVHMDlWd1F4Mm5KNksxV0V4QTE4SVEzNzJQc3BORk1IU29rTndYT3I0U3k2SW5lTU9ad1FWMjRGdGdvMklHTVZKU1F1Z2pVYXVDRWRVZG1icDBkY1FmeUtURnpGYw?oc=5
2026-09-16 13:35:00,AVGO,Wall Street Sees 56% Upside in Broadcom After Summer Selloff,24/7 Wall St.,https://news.google.com/rss/articles/CBMipgFBVV95cUxPRC1xSmd4MUtUWks5UGhOSFRaRGI3eWtfSUNCWGRhdTBLVDVjVDJlckNhQTVnT2JHdHR0T2ZNd2dhR0w4RlJuaTVkRDlnUXVvVWNuQ2VJb2lBdlJSX0ZRRnVpOUt6bXhwMFRBUmEtb3FHMGQ4Y3dvU2MxblQyQWtIR2RLSHU1QlF5d1RWb0ZtMzVGTXNIai0tZnhXQmZtT20zdHZvM0Vn?oc=5
2026-09-16 13:08:00,AVGO,"Prediction: This Is What a $5,000 Investment in Broadcom Will Be Worth by 2028",Yahoo Finance,https://news.google.com/rss/articles/CBMiowFBVV95cUxQWDBidFFFTWlUZWdrRVlGSnpDY2pZa1hCTTNFR3J5bW8tOHBrMWNVTVVINjBZc1NKZnY4aGZIaGdtMHh4M0wta3BoUWd0Z193QVFyekh4M0hJRUVzRkQtTy1Bd0txTl9lbmFiZ1NLQktWUURMQ1BYVU9TUDB2R0RPTS02Y3BORWxRTTc2YlBLZnJyVzdRY3VpVlZmM0tVTFd2Sjk4?oc=5
2026-09-16 13:04:06,AVGO,"‘A Striking Counterpoint,’ Says Top Investor About Broadcom Stock",TipRanks,https://news.google.com/rss/articles/CBMilwFBVV95cUxQcmZDZy1YY0JXM3NwcXdaa3E4dzU4Z2E1VEdKbUppSkxHTEhGcGlXcTh3c2o5bVVveTMtV0h3bWJIRWtlZ1JWNzUzQlVqTlNXSnFYTUVKNDFoTW5wQ21LTTlOOUxiQXFkZHVzQnVWSW9Ld01RWTRTdjl2bXhsUGRUUmdQcWV1SGROSW92aUltV3YyN3NaQlMw?oc=5
2026-09-16 12:25:23,AVGO,Broadcom Stock Reaffirms Long-Term Revenue Goals Despite AI Slowdown Fears,tikr.com,https://news.google.com/rss/articles/CBMifEFVX3lxTE5ma3VUVmNEY0tXZkM1YjB4OWxvSnBDQ1JXa1dyNFN5U01MRkkxNVNSSnVwRW45WnZLb0w1X3gwWWt0aC1zQTduSWxoRmJpWEVwYUFvRlRZQk8xb2lBLTFlVTY4T1c0WlU5SjBGS3pkZUk1TThiOXN4bEFlN1E?oc=5
2026-09-16 12:07:00,AVGO,Broadcom CEO delivers blunt verdict on AI’s biggest debate right now,thestreet.com,https://news.google.com/rss/articles/CBMi3gFBVV95cUxNOG0ySEhkNDJCRDc4MnNUaGlsNk9mZkJqaVlHZHhlN0NaQUxlZTBWaW5lREVHN3owSkExSnlmNTdSczB2MDFGaHNMY2s5a0xZTTNyOTM0V0VHbjRpTmJ6Y0NFRXBsNW9PMWpfdGVON21kbzk5clY4bUxQTnlSdWx0NEZGSm80c3FjVV9wN1pVa09FdXhUUDl6Tk9mcUljLVpEcXVQUTJfcG9VbERQdUZrNnBOdTV0ZGJ1RDU5QVFIVFk4cWdROFFRUEdNOVo0V3RyTGM2MGlwLUNtMFFUcnc?oc=5
2026-09-16 10:04:52,AVGO,"Top AI Trading Agents Analyzing Next-Gen Semiconductor Stocks for Retail Traders (AVGO, LITE)",PRLog,https://news.google.com/rss/articles/CBMixAFBVV95cUxPMlc1QVpGTS1qb05XTEN0b0lWSmQ5c0c3OFNpOHpkcW93bTN1Tmo2R0NBZkR1aElORzR0b0dGQmhDTHRFd3NXUHlfendrQjZ2aTdSNU5ZUXUzZTM4NHVyNDZhdXRyTGxBUVlra25xdlpHaTdLWFBkZm03bjRPVlpuX3NnbEVYalFVaDZoaHlEX05rT25zdEJ2RUtyMzRUY3RESGVnVGV6R1lpUEwyX05TWVVLQ3VlUk14c194UnRSQWhqNlJp?oc=5
2026-09-16 10:00:00,AVGO,"What is Direxion Daily AVGO Bull 2X Shares rStock | How RAVL Works, Use Cases and Values | MEXC",MEXC,https://news.google.com/rss/articles/CBMihgFBVV95cUxNX19iSk1wV3gyRDRmeVlyeUN0SWxvcFNpelJSaWcycUtvQkdiTHFCY21sdUpMNWNIWklJU3RtdzJkZWZkbExraFpwVHhYTFpwbzBoeFRmcTZtaUpmTFJkVVI1NzMtaUhVclNzMDJCZFRhR1hlYVN0bDJIRVg4c1M1VHR1NXluUQ?oc=5
2026-09-16 07:17:31,AVGO,Jensen Huang and Hock Tan Address AI Slowdown Fears as NVDA and AVGO Say Demand for Computing Power Remains Strong,TradingKey,https://news.google.com/rss/articles/CBMi3AFBVV95cUxOUTI2Rm9sTnhRdXlNaElfLVhVamMwX0gycjFRWndJWXAybHZ4ZEdJTUNCVWxuTm5tcFVsMmRTYXAwQUNrMU5kVXJYSUFKcFNlWDdkdjlYSWlKUm4ySmNHdXZ0ZzdXTTdFV0FrVjlxLWNxWEh2V3hBWUdFTW9KSnVfTDJMZ0c1S2tFRDMtcW9CT3FxdFJXeXJabWg4dDlJUEpmUV9QbTJZLUxCY1dsY1BRVmhNbmRjUENZUHZDZ2lqZVdoYUk4bDFFaFN0UjFyMEVLQ3lpNDFWWjRxNVdF?oc=5
2026-09-16 06:16:52,AVGO,AVGO Stock Drops After-Hours After Q3 Revenue Outlook Fails To Impress,Stocktwits,https://news.google.com/rss/articles/CBMizwFBVV95cUxQV25fNEotUF9YeFpFNXV3THVDN1FhY3VaMnJTQ1pYM0RmYnhvbUFNYUFjMDZ4NFMzZWxmTU1xYVhYcDk5WlhiOGJqYll5NW94WmtONmxLN1VBcE5nOVpVTWFVb0kyaFRMaWtzU0V5U2x3UldrQ3Y2bVJ1a3M3Q1JwWC05V3FsYVpldFZIZS1RZ3dPUGJyaE00RXF4a3lsVzZBRDBmSGdPV1ZUVW5rcVY0Q2Jrby1hcUpuNGplVVdjQWQ0NGFtWmRfSFNlSjVaMUE?oc=5
2026-09-16 05:00:00,AVGO,Direxion Daily AVGO Bull 2X Shares rStock Price Today: Live RAVL to USD Price Chart & Market Data,MEXC,https://news.google.com/rss/articles/CBMifkFVX3lxTE1nRktULTRYS19KOGJlVzVBTk1hSTNtRXYyMXY3dURROVczLU1QUzNYTXZaZ21NWDYwZnFmX2RmTGJRUnRrV0pvcmlLM2VZRFVFV0lEU2stSS1SWVhKcE9hT0lEMVlhMVpXbzVBV1JkRFRmVzN5NUZwNGNWa1hLZw?oc=5
2026-09-16 02:00:56,AVGO,AVGO Stock Breaks Below the $340 Support as $300 Risk Emerges on AI Spending Concerns,fxleaders.com,https://news.google.com/rss/articles/CBMixAFBVV95cUxOWjYxOU5RWHdUTW1wUXczTWxEOHVhejZPTk1lc2xvSllqWDlRTXdzX2IwTGU1T0YwMkdRMmtISGZuMl9GbktxMTBsTUdvLU9MeUdZS1VnTmVEWkxLNFNzbFJIMmpnWFpwanUxQUxjRkJyeDk4OFNJaEE2Y2kwTmdiT0Y1MXpvWGZ5MkEyRWc3S0RSRng4MDRodUMxQ3NqRGkzakhTNlBicDAyY0RLaldaUnpTS0xlMFNQOEp0anhzazlfVXRx?oc=5
2026-09-16 00:32:49,AVGO,Broadcom Inc. Earnings Call Signals AI Supercycle,TipRanks,https://news.google.com/rss/articles/CBMiogFBVV95cUxQR0tWdnRJZ0pOM0dpM2pXZHBNeVFxVklOZE1saTBOajltZG1MX3dDRkxyb2UxZjQ3NmJReG1TUS1hbEJXMzVlNjRJemFTU3VrQldWTmtucmM0eXJRdDU4Vk5Db0d3NEF5dmNZOGpRQUFEX3RjYkI5RXBDamx4NlR6YzdlOEI4N1lmSl8wdHVhbmc1Q2UxU01xQTJMWTBrTkhwSHc?oc=5
2026-09-16 00:00:00,AVGO,"What is Direxion Daily AVGO Bull 2X Shares rStock | How RAVL Works, Use Cases and Values | MEXC",MEXC,https://news.google.com/rss/articles/CBMifEFVX3lxTE5ySWZwSWtLNk84ck5veWw5ZWluei1FbXpyUXhTd0llSUFIeUl2Q2dhWnJVNmVacF9Gb0pXOXVzUWdBdDZlZEk3TUprdDc1T0hlYzIzYWx6QWlhaEFpRkwxRncwS2lfMjhUU0l3VVNfdlFCX183NXlEWEk2Z2M?oc=5
2026-09-16 00:00:00,AVGO,Direxion Daily AVGO Bull 2X Shares rStock (RAVL) Price Prediction 2026-2050,MEXC,https://news.google.com/rss/articles/CBMijAFBVV95cUxPbGpCX2x6Z2pYa1loaUxyYXp1dE5jSmVnNnJ0WmJqcHdDZFNleXlhQmUyNDBOSW1malhuLWt5cHdKSWN2MVFEajlRUUVpM29rT3RFUXNoM05DRGl2UlFGZjlmMlN3ajBFOTVIWjFuTlNOLW1IaHJZa282ckRoaVpBVUQwY2RkT1dKaHpTeg?oc=5
2026-09-15 20:47:02,AVGO,Broadcom’s Free Cash Flow Hit $13.7 Billion Last Quarter. Its Dividend Didn’t Move. Here’s Why It Matters.,TIKR.com,https://news.google.com/rss/articles/CBMiwwFBVV95cUxQdEdUbnllMEIySDdmZWRGU3NkeVhhVXJoQ2ZHUG93eDhFdXo2d0syLTBrWDJCRDJmZWZHOG0tOTBfcjlPdEJDUEdia3JTOFhZOURiZmQ1bWZpQVVsdXFCWXNoX0JBaFJvNURUU0M4T1Z1X05MWVhJcEtUbjhPSlBuMzZ0SlBIYlc4UERPVU5UaDVIQ0p2QnU2QW1SbUkwYkJ0T3ZwRE5tXzhrOEtrYmtsRUFtTTNzLUxOTDFtT2ZnbUo4YWM?oc=5
2026-09-15 19:45:49,AVGO,AVGO Stock Breaks Below $340 Support as $300 Risk Emerges on AI Spending Concerns,FXLeaders,https://news.google.com/rss/articles/CBMivwFBVV95cUxOS1RpN1VMRTVpTHEyaWpqZ291R3JYWkh0UzhKWnhsdjdIdE5OenlGakYwbW5Id0taS0YzLU53eXdHcWtMeGN2ZzN4VmxDVUtvUWxwY2RzamdlZUZxWUR5X0F1czZTWU82ZmRlbmFmSXJOdjRMaUVzZmpFb1pjaVo1dDdjQkdXN0N5dWdHZlNuUElGWnJTTnpQQjlHSDhwb0cyd2l1SEMydkZteklnWnNFV0l5UzdnV0U4NW1SNGlOMA?oc=5
2026-09-15 19:43:37,AVGO,"Direxion Daily AVGO Bull 2X Shares rStock (RAVL) Price, MarketCap, Charts and Fundamentals Info",BeInCrypto,https://news.google.com/rss/articles/CBMie0FVX3lxTE5JLVZ5SzJ0cG9UWHRZeXcyczlvU3hXRXhLOE9ZX0xPZ3JwVlNKNUFBQldZVkVMczhfSEZPTFkyNmE5QUdCUENoVEFneGI4dWVWaC1ZMUlPN0EzWldOdWt5eW5lVnlpcXcwZ2lJYTRqVl9rX0FvQWZDbFMzYw?oc=5
2026-09-15 19:18:26,AVGO,Broadcom (AVGO) Could Be 47% Below Fair Value On Buybacks And Revenue Guidance,Yahoo Finance,https://news.google.com/rss/articles/CBMimAFBVV95cUxQcnllMGZFc0EwVFkwWC1oY19NLWI4TG1vcUZxcGNlWEhOdjM0bmhfX0FZYjdCY1hLeVdDMmlzOVAwekZOa3RUa1RmQjhWU19COGdjd3ppTUxJMVZWTVN1dWtRMWt2dW5CVVpYX2tMLVZJSTdOaVFRRC1QYzJSTkJoYkc0Q1dwdnIyOWRfak04SkRBZ3Q4ajRDdw?oc=5
2026-09-15 19:18:20,AVGO,Broadcom Slips Again as AI Approaches 62% of Quarterly Sales,TradingView,https://news.google.com/rss/articles/CBMiuwFBVV95cUxOVnhtUUsydDhlSHFDUHM2VlBST0JlWFliOHRhWU5OZVE2RTctZlFNUnB0X0xGMXdKaUh5SDJnajdDRUdiN2VqbE9zWURyZUxiNDE2bWNXRzhuNTZpZFpmMVNNTEpROFdsV21sQXE2akhheFVzV3kzV25nQTFqc3ZIV3V1bkRKQ2lrcTZGcHhHREFQMGFzMVdZN2hiQ1ZWbVkwbTE0blhuOXNvb0psU2M2Y2M0WmNFbEFVTkRz?oc=5
2026-09-15 19:00:00,AVGO,NVIDIA vs. Broadcom: Which AI Stock Should You Buy After Earnings?,TradingView,https://news.google.com/rss/articles/CBMiuwFBVV95cUxQcnZkMkRyWDQ0RkZkcEg3d1BwWWd3NzhhUjhONTFxek9oOTY2TFZVVkFMNEtnUFIzUXppaUgxR3pvRTNjWGdzN3MxQUZ1dGVuOFF0RVhVWjlRanl5MlJ2b3oyeFMyTDM1WGNPcmdpMGRIbzFva2Zud2pBVWF1TVhJd2xydjhCV3VQcTB2bTJrS1c4SmZ4dGdHMDVreTBQWjRBWDdrT0s5Q2FlTnVBOU1uVkZ0ZldIWGdWRGlv?oc=5
2026-09-15 19:00:00,AVGO,NVIDIA vs. Broadcom: Which AI Stock Should You Buy After Earnings?,Yahoo Finance,https://news.google.com/rss/articles/CBMilwFBVV95cUxNYnN4YTdpT1o3LUdKakhTLVdiUmowbU5GbzZxYlpUSHJ4LVVOWmZBTGpuWnh0ZnVUZ3V4dVEyUFVKUFNoTzk3R2xMV3IxYVgyNDVwb1lRcjhrejd1WHJRZEVkU08ySVdSaWxLcFFDN1U1RVhWVFd2WjVXb29XenBPOUthQ3gxa0hfSFJIem02Zy04ZlJtaTJN?oc=5
2026-09-15 18:46:27,AVGO,AVGO Gains 3% Overnight: Chipmaker Ups Debt Buyback By $500M After Strong Interest,Stocktwits,https://news.google.com/rss/articles/CBMi3AFBVV95cUxOQjVFdmwtdnc0bFpOS0V3WVhpZFdmcHY3S2wtSkRZanRXcE50X2VjS0xOaV8wVkhfNXpxUGxhSU9fQ0U0Tmp6bnZqOVFrTWRhZW9UU0s3cndPU1c1YUtFQ1IydVFGdTEtYUxtUWNVSWhrZE80aHl3YmxEWDZZN2lYejJBTk5Xc0xMOTNURXlpWVdUUDVDNmlrYlFZWUo2UHN3cXF6ajVLTWtydE90eTNIOVkyWjJTcHN5VlBaU2V4bHNQNFNwV3NVLVhrelRyNnVQV3d0eFEtWGJGb2F6?oc=5
2026-09-15 18:36:32,AVGO,Does Broadcom (AVGO) Face AI Demand Risks After Safety Warnings?,simplywall.st,https://news.google.com/rss/articles/CBMizgFBVV95cUxON3RaS1VERHZiQ0Vzd2pOT3dOTk1GeUpzN3ZOVTZpVnRuMlhXWFd1eXk5SjB3WmRjVGJ5dFhzVTZQYlh2SWZMZ3BRcHJLXzNNWnZsRWlQVmhIRGFqb3JWSmJUajRBelNUbGxnRUFPNXpnS3JJdWdWZ29IX2dNZ2VFX2Q2c2R6WlhyLXoxNHlYMTdYMGxfUWl3Ry1OT21NOHBiaEdfMDJnamFIbFhCTjc0ZDFSa2ZGUGdmR0V5SEx2dTVqVHBDSTIySmNWVC16UdIB0wFBVV95cUxQdnA5VkV5R29yR2NhczJReEZKZHRLNlpTRzFZWUtzSlp3Tng0T0JjX253bDFpOFdMUG16bzhyRktmS29mSUFGN3p4U0JpUm04SVdXMTFhTmlQblBZSG5BQVNIbTAwNVhMUzE5Tkw5OXQ0MEczNzFfVzN3Q3VHRU1YcFoxbVRla2h0TjVicTJybkdra0dFTXlWc2R6ejRMa3ZGeHBlM3ktbEl4MFN6SE9IMkFIbmdTdGFjWmxvOEN6MmFwb3J0YXg5NVNlcnNaOWZ1NzVB?oc=5
2026-09-15 17:09:59,AVGO,"ARK Is Buying The AI Dip: Cathie Wood Adds NVDA Across Five Funds, Buys NET, AVGO Stocks Too",Stocktwits,https://news.google.com/rss/articles/CBMiyAFBVV95cUxPY2RvTVY3clhMZWh1MlNRYkhtd1pmVEo2b0hVTEozS1kxQWlHY3JFLVBJd0EyUUYxbGtsZ2UtUlNPampiMTdORHRCVEVRNXpPVU1jOHpuVFpzMzZFZmh6Qy1TZ2ZZeEpEbVhvS2xNSXRLOVZTTmlxcmlhZThKd2FiWkFGY3ZQWTVCelplSVdoSVh0eTBrR3FzRW01VTVJVVJ6a2xVSF9KVGtPdUJDS01CQlhsVUtZd3RfNm02bFpwSGtMU2xtcmtxdg?oc=5
2026-09-15 17:00:04,AVGO,Broadcom's Biggest Customers Want To Slow AI Down - They're Still Buying (NASDAQ:AVGO),Seeking Alpha,https://news.google.com/rss/articles/CBMirAFBVV95cUxObXZsTll4Y3BHdDR3aTA3Wk1BVHhGMGNPeC1BX21XWnVQQmh3QUN6SnRvVlRKNmxMN1Y4V2dHU3ctZlR3TjBwZmZ0ampzTTVyWWpjY0ZQb1JSSDhaelFvczc3eDFpNERZUjQxUWV0SUJYRUkxel9RaUxzVGpicFByRkttbmVRN1VVNXZHR01qSHhqMWtLeXJsWjNvbHZfV3lrUXRNcmJLT0dJUnlT?oc=5
2026-09-15 16:17:08,AVGO,Broadcom's AI chip business soars with huge rev...,Pluang,https://news.google.com/rss/articles/CBMiiwFBVV95cUxQcU85UzY2a2JOM1FGWDZ5TzdHWFlSYW44d2d4QmJadXFGaDZCZnhRNVE4TlQtb241UTBUQlpGMzhEUnZ4ZHR5QXRwRTZ6V3BZa043ZC1jVVQ4cGxyajBqS1ZrTE9EdXM0UEs2eXBhYkl6UHZzNktWa3Jya3dPeHZZY0pRQ2Fhdl80UlQw?oc=5
2026-09-15 16:14:13,AVGO,"Broadcom's AI revenue soars 221%, aiming for $5...",Pluang,https://news.google.com/rss/articles/CBMiiwFBVV95cUxPUWxhYkZQa0lUZjdBN3VEWXZEcWtTSDRqb0NVR2hLLWNFaE9xVXVlSVA2TC0tOWtRdzhpTFY1TWdDbFJWZVVZeVZMX09aSzUxd0k2U0FxRngxQ2hMVEpJVzMweXFRQ001TjBCTWU3WnJlU0t1MmlnSExBMDFZSU5GVldYUzlucUE0Q3Jr?oc=5
2026-09-15 16:00:25,AVGO,Prediction: Broadcom Could Join the Next Trillion-Dollar Club,Yahoo Finance,https://news.google.com/rss/articles/CBMiogFBVV95cUxQX0xNSFRCM1VJOENXa2tjbGVlZzNTOE5jM3BkeHgycG5ONERlR1JYcXh3VHdRM1hxMjZiSC1aclZtSGNacHB1ZS1NdGxDaThzOGFJZGxGeUYyQ0lfTy1sTWhMZXJFdkZqZktzZVg1NmVyNFJXMkN5QmxEVmxmeUhZSlFIcVlmcC0xN2VnMTFMUVFEanI2eDlIUXpjdDcwdThXMEE?oc=5
2026-09-15 16:00:00,AVGO,Prediction: Broadcom Could Join the Next Trillion-Dollar Club,24/7 Wall St.,https://news.google.com/rss/articles/CBMipwFBVV95cUxPRzhJbXdROGJFX01yMlVEUXRVYXlUUlpSMTJnQ2pjX0hEM3VxUXVSTjNkNzA5ekhiN3RvQ045SDVoS2tWMW0zd3Azbl9fN2U1VWNtcThtc2pWVkJsQWhEMDEybjlyTklQMl9oT1V3Y3hUR1ExcHlEcG54Rl90UjdkQ2VHY0c0YW54VXZyWF9mazVJOUd6b0R3WjFpbjAwNW93WVFiQmlPSQ?oc=5
2026-09-15 15:17:34,AVGO,Broadcom Options Cheapest in a Year as 94% of Shareholders Sit Underwater: Options Chatter,Moomoo,https://news.google.com/rss/articles/CBMisAFBVV95cUxOWGJ6ZlZRc09mQWZMVnFhRTdmUlppNkNQeUJFV3hYbkk0UHJKSDRVbGhXOGhIOV95azJjUWN6TXlLbkhHU1dzdXVXdF8tRDBDeWQzSXprSmRDbmNLbHNEYXc5N3g3NkEtZm0wUTFscU5naHhjVDlQSWNrYnFOcFA3czl0SVEwQWxPbThMUk9hQ3MtQ3NhV1B4VUJadHl1WjVKMXQxWncwWDBjQkxkQmFDbA?oc=5
2026-09-15 15:16:41,AVGO,Credo vs. Broadcom: Which AI Connectivity Stock Is the Better Pick?,theglobeandmail.com,https://news.google.com/rss/articles/CBMi4wFBVV95cUxNdlI2MWFYLUVRZEFiSzZwMk5iQmh0VlhuRkhoUG5YX01EMGMtOVZFVmVpRHRwSXozZGIycDktenoxbXNEQnBKbjRGRjZGT0oxcC1uZUMwSTVDSTl5Q1NTd1N2Vnl1ZmFwV1ZIVnRzbHZuVzhIVkM0WHZ2V19Kc1FHVEVyVEE5VWZzRmhOMEVpbFFZZGZDMUdQb3pjOEtNSXk0dzVWWUFPVExkTEo5T2RYZ19qOWxBQ0IzZVh4M3JfR1lLejZwODZyU2FpLW1tY2liMzEtTkFyajV2Mi1Nam5DSDlGYw?oc=5
2026-09-15 14:30:55,AVGO,"Analysts’ Top Technology Picks: Salesforce (CRM), Broadcom (AVGO)",The Globe and Mail,https://news.google.com/rss/articles/CBMi2gFBVV95cUxPR3VicG9ob3M1U0tuWkg0a0Ewd3NoRnFlVUdZYUFha29VeVZHb2VvN0oxaWRBV1BYWGpfcEc4STdzVVBwYkgxamFEZHNPVDhLU2Fzbm9Nb19KeWRPYWNKZVZFUzBjamhjNmhJVF9nV01MY3NQSU9IUDhnM2s1dVRkY3FHNDhkN3FYS0xESGNjVlFrS3ZkN1ljVmdnMkotRFBVU25PZXpva09QUHk4TktkNXBpWDVhOGt6T0h1QnlzbTJ5Si05SmI2WUg3bVByazgzLWhpUUJvQUhPQQ?oc=5
2026-09-15 14:03:00,AVGO,Credo vs. Broadcom: Which AI Connectivity Stock Is the Better Pick?,Yahoo Finance,https://news.google.com/rss/articles/CBMingFBVV95cUxNVVNzalRPdEhsdy1iSUJodHA1REpxVU01YXRzY2FjWmJ0VTAtLWpVbnlwREk0ZncwV2hraFRTaERUQmpZNER1N083WmdEcFhQRVMtdGZJVTZSazVRdlozY1A1Mnl3ZTVnenhZUy04U0txWWk1MzZzWm04dVdjaGlpeFVMSFBVU1RuOUV3VkZHY0M4cUtHNy1PZkZzQUhLUQ?oc=5
2026-09-15 14:02:24,AVGO,AVGO Looks 14.2% Undervalued on GF Value™,GuruFocus,https://news.google.com/rss/articles/CBMigwFBVV95cUxNNEc5VjJTU3lTR0FLMm53NE01ZDM1M2tveG5DZGR3Mm55R2EzSVdrMzZHSi1UZkdtTV90MXVkT0hQT19ZMHNMYTZQblFMMThZWXB1YUlSTXVkc2c4WUg4WENPTVdCZDkxSGw2dUJ4VkNFNGVWUnBtSVRuTWVGSC1IdjdONA?oc=5
2026-09-15 13:23:30,AVGO,Credo vs. Broadcom: Which AI Connectivity Stock Is the Better Pick?,zacks.com,https://news.google.com/rss/articles/CBMiqAFBVV95cUxNRXJRUFhCNDQtSnY0V2g5bGdnNW1haVJTNUFSX196RHJZM2FmVHZMNEx0T1dvSDhxdEhsMWRvUWx1NW1ycWtVcS1HS3RPNXhHaWFGWm5sb1ZuaWZqWFVXZmVMN2RQemRyUzJLd1p3SWFVQV9hQUFoWVRKUEVmZV85QUR2NTd3UUg3aTJpdUZwLWVOX0I0WGNDYzJ3TnlmWW90Q0Z1NEFhMXY?oc=5
2026-09-15 13:17:11,AVGO,"Broadcom’s strong AI growth faces margin, financing risks (AVGO:NASDAQ)",Seeking Alpha,https://news.google.com/rss/articles/CBMimAFBVV95cUxOZEtOUWFoMlNtb0hTSGlUUHlDRmJBYXpzRFlOdl9rMzFpR29tTTRORTlrYUxYQ2VMSVk0TWgwT0tac3MyeUdNcFloZzlOOWdQeDRKLS1kMllEakh2bXRZZFU5V0ZLRUJudzQxdVNHTWZhLWlvbXhObkRvR2poRDVUX2duSEY5eV8xMS15OVM3d1lnSHE0OGVncw?oc=5
2026-09-15 12:39:02,AVGO,Broadcom CEO Sends Urgent Message on AI Slowdown Fears,tradingview.com,https://news.google.com/rss/articles/CBMitAFBVV95cUxOcWFXM1RzOVBweU9EeGVsYnNzWE85emFVRlRIY1V3RjR3emhWZkVOYzB0dFkxNkt4Tk1ycGx2VU1yS1Y4TmhqaXE5ZlBnMUlaWVhMcHo2RUlhQ0x0aHlXNUFZemh1ZmIzdUVXUVI4ZC0wVXdoY25MVnR2cktFbkx3N0NneGFlSnBzSjhKaWJHWXI0d3NIeEp3SVdDZHF2TXJJRGtKcEFwYmNuYkZTeWZTYUotR2c?oc=5
2026-09-15 12:39:02,AVGO,Broadcom CEO Sends Urgent Message on AI Slowdown Fears,Yahoo Finance,https://news.google.com/rss/articles/CBMingFBVV95cUxNLTdQYkVaQndIdEVXQldkQWNaaGRrQWdFdjFKZDF2cFA2OEtDZ2VSc0FBanJFX0F3UkVtU0tWeEJmOFRkR3hNY0xmZGdWc3BicUlHZ0pVMERDRk9aUXJBOFVTUVVHUktxVVRLcXNBREthMEMzQmZ3RlhHUjZNeGlTWlVnV0NqWTFGLVlMYjNWTDU1NDUwcWpjMmx5cTU4Zw?oc=5
2026-09-15 12:26:58,AVGO,Broadcom’s Real Constraint Isn’t Demand. It’s Supply.,Yahoo Finance UK,https://news.google.com/rss/articles/CBMihgFBVV95cUxOS1NJT1NvOEhFT3BCV3AtZWdrSTAyYWVmTnpFMV9ybEwzSHI0V191X2VJOWN2V2R3M21IS0g5T0dNanRSUWhDZkZFSFJTckhmd05ITmNjWmFLTkFWcnJkeE9nOE5rS1E1WThQN2RsN2o1LTJrbWZQcmhjVEJieHVtZ2tjMG5OUQ?oc=5
2026-09-15 12:12:12,AVGO,$Broadcom (AVGO.US)$ $E-mini NASDAQ 100 Futures (DEC6) (NQmain.US)$ $Alphabet-A (GOOGL.US)$,Moomoo,https://news.google.com/rss/articles/CBMirAFBVV95cUxNOUZ0QnpjRTk3RTlsNTlOeGdwZDF6NEUySEYzOXNBY1JyQlBYZWRVSkZiQ2MtbVdDM056VkRnM2lCZTdOZWJkOTV0QWdRdEtkMVdPMWF5N2Nibm9UeGlWZTBmdVJqV3lvVTc2MFpqVFJqcUp2bUs3Wm1pYU9BOEozMUppWXRVVlhJQ0QtN2xqbFpPd1dscFlLUWxaZ1ViOGxfZ25WUzBpaWxjZ1lE?oc=5
2026-09-15 11:30:34,AVGO,"An AI Slowdown Could Hurt Semiconductors, But Here’s Why You Should Load Up on Broadcom Stock",Yahoo Finance,https://news.google.com/rss/articles/CBMiowFBVV95cUxQdHhkc0luZmxQWUlDbGxWZm56MFotQVU5WEE3MHNKNFI3Ul9GOHdnYlZidkRNMlUzSzEwVU5NYjExT0x4cVlaRzV3dWhwX3hjMXZGSGs1Zkp1S2V0V2pLN19Ya2Y2S2o3cUhaMF9NTHdsaXlKRC1abTBlSUh0TEhtc2p6QkhFbmxfS3J4RWJPa2FmRVNibTk4dWNRbGxISEpmb0VB?oc=5
2026-09-15 11:16:35,AVGO,Broadcom CEO Hock Tan defends $230B AI chip revenue target,qz.com,https://news.google.com/rss/articles/CBMidEFVX3lxTE80RlRHa3lSV2xnMnFiQnZnSWI5b0pwaTBjd2ZrcTVJNXBsTlZHT1FEdTdSSTI4a3JBS0lCMkdPbDZYQW1PYTFxWmQ2bWlNS25nZ1RXNlh2YUtZcE83dHk1bEU4VW53ZWhFTEU0aU1fYTVBRWlw?oc=5
2026-09-15 11:16:29,AVGO,Citi Recommends Nvidia (NVDA) and Broadcom (AVGO) Stock Following Chip Sector Decline,blockonomi.com,https://news.google.com/rss/articles/CBMiqAFBVV95cUxQblRZcTZINXJnMU1vTGEtdVNoRThXRU8xQUVpV0M2OU1Bbjd6TjNQM2hha0VuX1VNMlo1dDIwZms4Rl9uM0dFQWw3bWJwSnRzb1FodFl3Q09mczhhMy0tNmZ3WXdsb3pWS3MyUzgydWUyOU9LTVd2RmR1d0k3bkFMTXduOG9BVDdLVV9VQi1qVTBhUjE5cTNnc2hOTXBvWXNqU01jaU00U1E?oc=5
2026-09-15 11:00:47,AVGO,Broadcom (NASDAQ:AVGO): Dividend Quality and Growth for Income Investors,ChartMill,https://news.google.com/rss/articles/CBMivAFBVV95cUxNSUNhQ0RHZWdnYkFoMnZXWVM0YW5OVGtvTTNQcDgwblRmLWJvZGxXVWJZOTZiR0tNSWFVRXNDd2w1Sm9peWdzbVNiNnNyY2ItQUhGZklWMUlYM3B0RmY4aTcyTnRRUzJPT1ZpVE84SWZzVnFJbWtLcDJkZGJOR2FZRnJFYmNKZ0xTYnBKU1BvV3JldnMzak5yZ195VVFzZWlsdWZOcHVOMUh2R1FubmFrOVFENWdORmYybFlHQQ?oc=5
2026-09-15 10:15:08,AVGO,What's Going On With Broadcom Stock Tuesday? - Broadcom (NASDAQ:AVGO),benzinga.com,https://news.google.com/rss/articles/CBMiwAFBVV95cUxQNk9LeUdXbTZfNFhsSnNseVZfNzJVajlNWXk4M05EUGgwNm44V2VKM3B4ZVBmOFRTOWtXOUZOOGFEcHE1QlZJaXNQRGI1NnptTzlUTXBha1JXd08ySnRua3ZnNl9sWXdfdEoyQ3N6NTJhQkhkbldsTC1jNG9zdWZUUzd6Qk1IcW9fRW1jZHNaOTlhV2xOc2tBSmZBendkRlFsbXQ3RmZtTHFQZFNhNi1mVnpVd1MtaUZSOW9WaHpCdGk?oc=5
2026-09-15 10:15:08,AVGO,"AI Fears Hammer Chip Stocks, but Broadcom CEO Says Demand Isn’t Cracking",tradingview.com,https://news.google.com/rss/articles/CBMiaEFVX3lxTFBqejg1WkVSMWNjcV9ZcWl3c09HdFdsdy1iMEd6VUtCSFNZVDd3Uk95NFc1RjRUd3ExdFo3eHViZzBzcFg1OTZsTUs2c3Y3M3pibHFGOEhvZkc2Y3dfd1h5a05QZGdXWjFs?oc=5
2026-09-15 09:00:46,AVGO,Broadcom (AVGO) CEO Dismisses AI Slowdown Concerns After 5% Stock Decline,Blockonomi,https://news.google.com/rss/articles/CBMimgFBVV95cUxQdlM0X2JEa1dZTnlBVXdyVTBuVW1WaFp0elhlZFFsZmpSSUprQWVhaEg3cHJvSGdxT1NkN2xpZjZwZlA5RFpyX1IwWU5zYWt4TmhCb3FxSEJ1S291eGdMRnBEQmo2dzNraUl1UWlqNl9zSXQtakhCUUVHOTNxcDlUaWZOb0pMOFhtUmFyaElteGxuUTFaR1VrQ0dR?oc=5
2026-09-15 06:58:00,AVGO,Why Did Broadcom (AVGO) Stand Out?,Kalkine Media,https://news.google.com/rss/articles/CBMilAFBVV95cUxPWmtMLTlIcDF0UWxOaUlmZ0k4LWhyVEtMUGlJR0lKS0UzYzgySFpjeG9VbmVBR3A3cGZVM2g1MHM0ZUc3ck9jdU9aUTNtczJTNnRWRk15MTBIZGt3MWFwbDVpUUVSZThCUUt1U3U3R2ZlcjRUNmNKUkhDSmI0SDZTeFduOWhuWUd6Tm1PMlJSNjZkMnVX?oc=5
2026-09-15 06:03:23,AVGO,AVGO Looks 14.6% Undervalued on GF Value™,GuruFocus,https://news.google.com/rss/articles/CBMigwFBVV95cUxQNmJ6R2Y0b1h1Sjc2WkhmaGFVNDE2SUhrUEROQmVheElVbFUtdW5ENk8zRUVWeF9VLWFaNmtZbmJxOXJTZ0duVkx6NUR0MlNUNGRXODBqcG1xMHRKMEJudHpUWFVPZXpLUlhQU05YUW92S2k4cHp5ZDJNeTJUcEs5RVJOOA?oc=5
2026-09-15 05:39:05,AVGO,Broadcom Stock (AVGO) Gained in After-Hours Trading on CEO’s Dismissal of AI Slowdown Fears,TipRanks,https://news.google.com/rss/articles/CBMitAFBVV95cUxPcnJDRlRCTnVXUEQybFhrbUhZUDBQaFh3Z1E0NHRBSHRxOW0zdFl0SjNpMldyUXhwYnIwSzVIUDhuZmFPZUw2V2ZaTTA5TFFLaEllT2h4RWVld0w5TzdaMjFjUWtPV1VIWkx3X1U5VHQ5d3VtQXJ6QXlyZHdqTnAtU1lhdXlRVzFJUVNBMW01aXJSRF9ERWU4RHNMYVFHZlpobV9qMHpYREFwaG5fR05SaDVidGc?oc=5
2026-09-15 04:20:20,AVGO,"Broadcom CEO dismisses AI slowdown concerns, stands by long-term revenue goals",Seeking Alpha,https://news.google.com/rss/articles/CBMitgFBVV95cUxQdzlBWjdTLTM2Z2pDbjZlT0V1VkFEUEQ0RlFRb1FTdzJMdGU4VG5DT0xUN3NwOVJYQ2picjlSZXF5bWhhYWp2bFdJUmp6a0tMQndZcEwxY25Fd0ZPdnZacXpoNjE2aDJLMGtoVnZPU1FhQ3ZSNnVJOWV4bGVrdkhQT3hERmlhbjNZV0t0R1dLcEtwakxVNkhQdEdJZzc2bDhNQlh4UktWREZPeDdYNTJHcnZjWmtBZw?oc=5
2026-09-15 03:32:42,AVGO,Broadcom Delivered Strong Q3 Results but Its Stock Fell. What Is the Market Worried About?,NAI500,https://news.google.com/rss/articles/CBMivgFBVV95cUxOZFdEN2JTWmRtdkE5bjM3S0tjWUp2UFVyYVpyZkNWdlpRTEU4dzMyUG1ibU1KSXVEbmNPZUNIemhQSE1pVTVTb2dGNV9FcUxqUEtTcGp5UlcyNzM4X3YyREJ6MlUyOWRDdm9FMGc5TW4wak1Ud0toTkt5T016czFaX3ROUUphNVlwU1hSM0tKUjE2TUo2VUJDb0hQVkM1TGlvQ0JPdmJudVhpdXh2QXZ1cjJvYXVKaFZVdjRRR09n?oc=5
2026-09-15 00:39:10,AVGO,"Today’s Market Recap: AI Chip Stocks Plunge as Nvidia, Micron, Broadcom Tumble; Gold Drops below $4,300",TradingKey,https://news.google.com/rss/articles/CBMi0gFBVV95cUxNeW9aQ0RxT2gzNXNjZENXV1RQS1lsNHNmM1o2SzltNHdKN1JvaGFIdFVIaWNhdUVBRUlFQ185RlNDZXJOYmJXS0xVVzZvRVVmc0lIRUNzWWN4V2x1ZzZQVGU2SklEcm8zVThsOVhlZlVOWm42eHFydGhhbEg5N0hfRHBuQS1NNDRDU3lfcG12SVBNRjdHZXR2SUZjMVVEejVodVNlZkdpMlAyZXlYbWQtaG5fMV9IX0NGTGFiNldaYmg5UHBRLWpUaE53Zm5jVE12Vmc?oc=5
2026-09-14 23:06:27,AVGO,Broadcom CEO says AI demand remains strong desp...,Pluang,https://news.google.com/rss/articles/CBMipAFBVV95cUxPbl9qZmdpMHZ2cUgtdWd3TnVXaXp5dW1CTm4wRVUzelZURjlBODY5UDlGckY4SEI2R3lJOTNqcWFUbmRxS01LemFaMTd2Sk1zYnRybzJtRWVIRUZELXpVQk1FMGVjbjFCRjRjY0JuSFRyc3dqN0tWMnNfWTRia3hsOWNTTmswV3RKejdnd3p6M0p2TXdXMHhBdGUzdVBVM0NnMjZjTA?oc=5
2026-09-14 23:03:57,AVGO,"AVGO, ORCL and MU: comparing three AI infrastructure stocks after a sector selloff",Investing.com,https://news.google.com/rss/articles/CBMi2gFBVV95cUxPU3V0UmN3b2tqTThmWWtnV1VpUVlsQWFPUmtIcnIxMWJvRzIyMTU3Y1Q1TkxpbVBDT3h5WERYQWxZb0JWM3hPdEhLZ240QlBCUDNlTEdHNktkWlI2NERnTTgzODlEakhQcUNoY1dpMXI3N2xHNE9RTVBvcGVvMGNYenJRUmFLQUtyU0J1OFZEakRCSUVVb2w4aUthbnZWT0NRWFI1MlRMVjBGeWVjTnJ6VGFRalFsQTZ6WVY5T2ZsRmlxMXFYVFBrWXNQN3EtSGxlUzlpZ0VXbFlfdw?oc=5
2026-09-14 22:50:04,AVGO,AVGO Stock Inches Higher — Broadcom Reportedly Eyes Nearly $100B Debt Package To Fund AI Infrastructure Expansion,Stocktwits,https://news.google.com/rss/articles/CBMi5AFBVV95cUxNOFRKRU5aSnMyWWJ1ZUJyWTllSElsRnRzbzBhTmZDRG41eTMzS05oelVOR0F1RllpS0s2OWRlb21fM2lUMU1fZ0JKbEJpdVhWRzNybnhlb2pxbDNaZjBmN1R5U1JOdkFLZTI0SHU2bEZNeVN5SDFKRURGcXl1WkFfclZTRk1PQVFXYWdmZ1Y2WWF4QTJmQjhPeUk3ZHJKZl95eDU0OXRjVHVEbnh5MHIxYVlBcklJX0pUNW5zNVVUczR1N0hVVHZoMUJ6dExhSnRXWHhSdHlTOXBUWXprSE5VUlBjZ00?oc=5
2026-09-14 22:43:25,AVGO,"Broadcom CEO addresses Anthropic's slowdown push, says AI revenue targets haven't changed",CNBC,https://news.google.com/rss/articles/CBMisAFBVV95cUxOamtMaEl3OW04aFdDZXY3Q0tDMnRWWHNna3h1ak5HTi1INUZIX0h6R1g1Z0JKOC1NSkR1R3VCVUFzTktFR0g0T2V4QzNRQkgtRlZ4YUltRGc0eGdITDhCY3N4M1VaRU5Nd2w1TWJXMnNSNTZPRHBkTUwwM0lUZkhmU1VzNnhtUXl2TTlPcGJ3c2NabEhmTDA3RGNaMGtKTmQzZG1hdm1sbzBDRHlmYXNZZ9IBtgFBVV95cUxQRk56b2o1TFpzTnZKNGpOVm5QeUxNZzk4SC11d1FGUnNNX1ltU0lTaGdYQjB4Qjl5aExrTjVJQ0xpWlVVQ2tqdGE4UU1tajBRZWM5NWVMVXJvcU1zZFFGX254NzV3V3RSLUVUR0E0VVc5REZxM01WbE9IZi1FWkNiaW5VbGJXbmtsdXQyS3Z4d0FNd2VlSDdJRlZDRDJZQnp1dmhyc2hQVDBBMENxaUlYc05IcHhfQQ?oc=5
2026-09-14 21:57:06,AVGO,Is Broadcom Inc (AVGO) a Bargain After 4.8% Drop? GF Value Says Undervalued,GuruFocus,https://news.google.com/rss/articles/CBMirgFBVV95cUxQeGRzZ2ZLWWJJWmZnZlZvZ181NlZDeEh3VGdYMm80MHJBRE9HbkJVTk52ZkhWTWlaa2xwank2dkN4OGRLN1FFTW1JSjVQYzloY1Q3dHNyWGhHQzVUaUJ5WTV0NXVVSFBGaVV3enVFZUowR3p0d1Ztd0YzR2NCRndjM01hc2x6Qm8tcTZIMVhrWk13aUxHTEdkeTR5eTh3b3NZR01la1BMSHNZQ05VV2c?oc=5
2026-09-14 19:02:11,AVGO,Broadcom (AVGO) Is Storming the AI Market. I’m Bullish,TipRanks,https://news.google.com/rss/articles/CBMihwFBVV95cUxOQWc3S2x4WXJGT2xsUk1iUG9Vano5R1p2OHE5bTN0Ql90dnA2b2QzSGhfNkdHVGhZeHNSaFYtVXl4OUUyVEVKM1F2bWJLVnFnSG9TaUZyVVliR0ItSUtySlhJc0dDX1NBc2xiYmNYOUc1T2s2X3JSdWtwUjRJd0dxaE1oVi1fSk0?oc=5
2026-09-14 18:08:55,AVGO,Is Broadcom Stock in Trouble?,The Globe and Mail,https://news.google.com/rss/articles/CBMitgFBVV95cUxQWVkwLXl5QmloVG5sQWd3ZVVleWJZYkRVZUJ4NnBUSkVrVjlHNndBdEl3Uno0V0t5VXhBeHNITGF4WTVfMTdLSmlIdmJkT3hkVTNpLVp4a3p1NkhKZmFoTnNuSl9WNGczRkhGUElfVXU4REphbWhDMGM2OF9aT1MyQm1ISTNPbXdQSXV1eG02a3JnN0UwalFPdVJ6Z29qVEJlajhMRmp1aEhtVklDNUdwOFEzbWdDUQ?oc=5
2026-09-14 18:06:41,AVGO,"Nasdaq 100 Slips as AI Leaders Urge Slowdown, 10-Year Yield Touches 5% - Broadcom (NASDAQ:AVGO), Advanced",Benzinga,https://news.google.com/rss/articles/CBMi_wFBVV95cUxNQmJJNktJUWk0UDZETmcwcmpuMzR4YmJLV0I4NmVxZDJnTFVIUXVrdGR5MkkwVm14YmQxQ2FvdnRfeDZvUmVGUjNrQjN0SU9CYmEwQTlUTk5MV2plakxkUkhRSVJneHlkUGUyRndjMXdHUFJWT282ZG1pbU1kM2xHOUFkenhKYTNFLUwySThOOUw2Zkhseno5VWw3cy1vcExkSTd2bDByemVvWEt1ZXg0NHJGdkcxbDE5NnNlRC1nRHdkRzZEUFZwNFdKcEhUMGpOMjZjQUVQRzZsVkhEUldpeEFuMXpTZEk1S2l3STJGakxNaGhKeHJUQ0E2TGxVUWM?oc=5
2026-09-14 16:47:00,AVGO,Vertiv vs. Broadcom: Which AI Infrastructure Stock Has More Upside?,Yahoo Finance,https://news.google.com/rss/articles/CBMiogFBVV95cUxPc2ZGU1NkOWZtUXBtY2dDdDktYzBPdW9neUVQZTBudzJQZ3dldDVtT3BsQTBBTzlfT2x3Q2E5RmRCTkM1dmJfSGZob3l5cUlYcmgzUDNaSFpSS3YtS0RGdGlhMmszaDZOVEhrV0NwcWthZEI3V1RzOWtGTktsTVdHWFFTTWIwNUhFSWRzUzR0ejNBcUVpSE1nRW9idnhtUlBIMGc?oc=5
2026-09-14 16:43:00,AVGO,"Marvell Falls 7% as AI Pacing Debate Collides With Fed Week; Broadcom Drops 4%, NVIDIA Pulls Back",247wallst.com,https://news.google.com/rss/articles/CBMi0wFBVV95cUxNZTJvWXFWQjlLNmU1N0pwQ2hmWXJMMXhOOWctN181Zkd4T2R0b0xZaWFWV3VIaWdQWUJUMy1nUjZPQUFiS2hlSVFvLWZONlVvRVJPLWNKaFlzWG5hODJMVmptMnV3Nlp0V3oyendHZWl3ZHFHRE9JZEM5Rkc5RUkwX2ZoYVJicWtldFFJUVpSTlFnenNzMmtZR0ZxUk0tMExibTdNd2FOdE9VY0FBVzFLODV0MmN1UTZIUDhTMFBxNm5SVjdtaldOaWhSVTVDRzVXSkRV?oc=5
2026-09-14 16:15:00,AVGO,"Forget the Magnificent 7. This Duo Says Broadcom, Not Nvidia, Wins the Next Leg of AI.",24/7 Wall St.,https://news.google.com/rss/articles/CBMixAFBVV95cUxPeU5EZ0hySmIxQjBtYjlRdjdzVW9OZjU0MU82eGVEbVZqTHg0Q1RZVGwzbnNvcy1wVkhYTDRtalFxcUozSHZsbXRKbzMwX0hOcEFreVFmbFJ2ejlqN2ZlRUlocEFoenhaaVlYaHk2bWFGWlU4dlljN2x5dTE4WFFMcWNFNlpOaFNaaEN5cDVkVUpxX29mWEszRHV3ZUZIY1l1bjFKMl9iR0VrbTlGU1VnSVJVdnU2NzN3WWRBU2NSSUN2aGpF?oc=5
2026-09-14 16:12:59,AVGO,"Broadcom Inc Share Price - AVGO, RNS News, Articles, Quotes, & Charts (NASDAQ:AVGO)",Proactive financial news,https://news.google.com/rss/articles/CBMib0FVX3lxTE9GRnpmQUV2dHphVHdJVHpYVHdpN3JLZ0RHZTBGQU0tNEdFbkVMS3VScEg3MnFHQndWWFpPMXZCMTJTNXBpbTd4dGk1NUxnWkFteWY3cW44RHpEVFRBWjRxQ2RjQzRwS1RpelNrREpkNA?oc=5
2026-09-14 16:12:28,AVGO,Vertiv vs. Broadcom: Which AI Infrastructure Stock Has More Upside?,zacks.com,https://news.google.com/rss/articles/CBMiqAFBVV95cUxOTWdCVmZ2T0Q4RkVHRWJKVEFlYjZ1S3JMMFBkZHFESGVQMEVyQXQxU0dyamRXQXRfRGRNdUtQZ1NLWWduWXk2dDVVczJKdTVWNzc3UlhJa2ZnYkswbTZBamRMMGtXdG4xblVORE9Nc2NfLVI1VDloR190WUdGQzFOdDEwLWJNNFlwS2Z2b3liUHFEaktqNXNPTm1kNlJwRjZ2RlF6RW9pMi0?oc=5
2026-09-14 15:58:00,AVGO,Broadcom Shares Decline Amid AI Slowdown Concerns : 기업주식정보 : JKN,재경일보,https://news.google.com/rss/articles/CBMiSkFVX3lxTE4ybnRPSFQtaE9xclFSR2YyVjZDZWliRmZJVkhhRE1yZUQ5WV9FTllKdFB1WTl6VE9vOUFhaGRicFNfMlBpeWs2VnFB?oc=5
2026-09-14 15:45:00,AVGO,Fantastic News for Broadcom Stock Investors,The Motley Fool,https://news.google.com/rss/articles/CBMijwFBVV95cUxPM3hCck5wVHdPdlptRUM5OGJzN0l0ajJHN0hTcFZ2QVJLYUlFSVdiQXdnYngxc2JDN09NTkFMeThVQ3VrU2dOd2d5WFdHLVN3cjBkRTNrUTZJa25fVWxlb3BXZWNlejlIZ3BuSlRBR1ZnbkotZ2pZOWtNREUta052UlNuWGJmU21Kc3A5UFJfOA?oc=5
2026-09-14 15:05:02,AVGO,Fantastic News for Broadcom Stock Investors,Yahoo Finance,https://news.google.com/rss/articles/CBMipwFBVV95cUxPeWF2UUdOY2d2MjFWZ25zR0Jfd1ROcjNfWVlBcUozTUdCOFNyYkpvRVF4a19EMXR2a0tmTTIzY1JSel9xNWNNMVduZHQwcTBPUW1JWFdzUHFmUU1lZmQ3em4xRkRaTFdoTUdOOHkxM1ZuelZxUlJSWWVBdWhaT1duTTViUnZ6X2ZfSDR4OExhbE1KcDUwQmh4XzNGVVM4d3d0UjduTmRGZw?oc=5
2026-09-14 14:47:29,AVGO,Broadcom stock under support pressure: Downside targets to watch,Traders Union,https://news.google.com/rss/articles/CBMijwFBVV95cUxNSmFlMFZwR29OYmIyTTR3N2tORWFXcHlzOWJkbHo5bTFsa1dkNExvVkZlbzNfZE1jSHJPRzhUTllrOWprRWVZNnlHUHNFcEpKUUc2TzhpbmJ6UXhDTEI4VWVkYVZYVnNRcG8zY2N3RXBOVE5hYlZPLUl4Y3RuMThmSG11UE5IVHRFZDZ2LTEwdw?oc=5
2026-09-14 14:12:14,AVGO,Broadcom Inc. : Bernstein reiterates its Buy rating,marketscreener.com,https://news.google.com/rss/articles/CBMiowFBVV95cUxQRm9qV2UwaWN5U0ZpRG1uRnpLelJTX1dXZm1zYWhMNDhON29WaVFiR0tMS1VMRG1NcHRVUkFBUktlaEpOdW9zdkxxVU1XSldQcFRReGNzQnB3V2hXT0xUT0VqTHpaLU8wZ1hFZFVhTHFmV1lWQjNwdGtYcGRXX3E4M2gyR0NyVEo2N2N5ZV9iTkZzeUtxakFtM05LVG55S0l1aDFN?oc=5
2026-09-14 13:47:43,AVGO,Broadcom Inc Stock (AVGO) Opened Down by 3.73% on Sep 14: Key Drivers Unveiled,TradingKey,https://news.google.com/rss/articles/CBMiiwFBVV95cUxQcXJQUnVqaTJiajlEdjExT090cC1COHk3SElMdXZhMFhRLW1DdEp4VjR5Smx1ZF9yLTF3RjBTM1h0U3d5QnpFTmlCdmhSanNUdUJ1VVpRTjBMYkpGeU9lRVZGYkMwLUtMQUlEUnRPYm00ZTdqbk5VUmtTZDZrS2ZwVGVPLUFOVk9ZVkIw?oc=5
2026-09-14 13:26:22,AVGO,Why Is Broadcom Stock Falling Monday?,Benzinga,https://news.google.com/rss/articles/CBMikwFBVV95cUxOLVBZb0d3cm42Vm5IbDhua01UbGtsTUowNllpRDFIZGFRM2pLbjcwVEZ0NFJNWml5Sk5ES29vQ0hGUnNjSVdyeXBTSldsRUhwRTZkZFNIMGVRN09OWkdRZWN0WkxQc1ZnZ1J1YmpfWlowajcwamlabG40TGNzcXNha0VOa2h5eVVyRExERlNRemt4Y2M?oc=5
2026-09-14 13:26:22,AVGO,Why Is Broadcom Stock Falling Monday?,TradingView,https://news.google.com/rss/articles/CBMimwFBVV95cUxNcE5rLUszVGhveUU1dFhybDBGN2pDSl9kMWZsbkZNMGk5bzBHS0tyNVhxSWNSeHIza3VXR3otcHI5NGJJcHFKMnp3eFBEd3RGRW4zMkY2VnlhOXEzT3pHUWExNXNvSTZGVDZxOGttZVprR1haZUhBTFNjbnpwQlpXZDcwdWJpbS0wNjBIV2ZxYU45MHc5UHJTcHZMRQ?oc=5
2026-09-14 13:19:00,AVGO,AVGO Stock Steadies As Broadcom Cash Machine Powers On,timothysykes.com,https://news.google.com/rss/articles/CBMid0FVX3lxTE5zc0dWX1ZuRnUtRnRyRzg5SWlFUDdsdGZXdGFMQ2VFRFhxYi16MFQ3eFcxY2M0VHdILW5YeXF5QTRXUXY1cmFrZEdJLW9GN2Y3SkZOLTdYQlVhMXA2cHNXWFJVMkE4NWdkMFJYMVZyVE90eWlhOS1J?oc=5
2026-09-14 12:42:54,AVGO,Broadcom Inc. (NASDAQ:AVGO) Just Reported Third-Quarter Earnings: Have Analysts Changed Their Mind On The Stock?,Moomoo,https://news.google.com/rss/articles/CBMirAFBVV95cUxPNTA3Ml8taG82UUo4aTZZVU9xVURJZVFOdmczZUFTN1QzZU8wQzM1VDcwSFhCYVBUNTlDUGJmbGFIN2hPMGtQaDZlc2NJcHRZYkNwcDdCWXo0YlZUNHlZQzJoLW4xczBWU2dtN3hUU2dGdzNyNUo0WlREVlR0Q0xINXYzT2pFd0ZkVmdtY3F6eFhtcm8yakpaZk1FQ2djbnY2YnhvTU1DMnA0Z2tS?oc=5
2026-09-14 11:29:53,AVGO,Broadcom (AVGO) Stock Drops 3% in Pre-Market Trading Amid Semiconductor Sector Weakness,Blockonomi,https://news.google.com/rss/articles/CBMirAFBVV95cUxNUC0wT2Rxa0hDcG5kR3NONjZPRkxhVDA1VVdKaC1xOG5IaDI2SjhyNG1tNGx4Ny1wZEtWWXJ0a2NMQ3NxcXlybWx1TEtrUElnNjFXVC1OQjFTSE5Vc1VKdkFOaVBCUlJqUEtlZ3dDdGJsbHZ1Z084UThHQXZSOTZLR3liOTkzRE1pUFlLankyaFcteFd0cXZyS3BQVFVudEdtLWpRYlhkWXJKV2VW?oc=5
2026-09-14 11:22:29,AVGO,Broadcom: How To Earn $500 A Month Ahead Of Q3 Earnings - Broadcom (NASDAQ:AVGO),Benzinga,https://news.google.com/rss/articles/CBMi9gFBVV95cUxNS0tMYm9ENlNHRFNuNjBlMEQxcHNPTkF2VFRqdXItNzlROVNRaXlqZkViUk5iVlVrVTkzWUg1bVBhT19TRFE4Zm9OM0FpR1diOEJfVk9KanM5Vnd2dDJQTE1ia2FEdURMODJzdGwyTXNkbThfSHRhLTR1SDNZLTM2OEQ2SjNwa2YwOE1zUkgzYkhQZFZoVkg1OExVbWtkeUpZbHBfY3d3bTRreDdsRTBGWHlrZ1RzSFJuNkZidTFGeFUwakstYXJyaGpiZzc0OFpEaEVpTkhfUHBNM2xzajZ3UlIyaHFHTk96SWxGNFVkY29PdGdVRlE?oc=5
2026-09-14 11:12:58,AVGO,Broadcom Shares Fall 3.2% as AI Development Debate Weighs on Semiconductor Stocks,Yahoo Finance,https://news.google.com/rss/articles/CBMikwFBVV95cUxOYUFvTW40UnRpUV8tcTNzZmRKRUF6dVp5dDZGbjFrWWp6WXJhckMzRUh0a1JhTmpUNXF3MFVPWnFmZUJTWXpDVmRFQkFnYnVNX1MtREQ3d2EwTnA3UGttcXFCZXdQc3IxbkpnQWdTbmxoRDVEU0NIS1V1TG9jZEl2ZGtxMlp4dWlOdkRreXc2MktkOXM?oc=5
2026-09-14 10:54:00,AVGO,Wall Street sets Broadcom stock price for the next 12 months,finbold.com,https://news.google.com/rss/articles/CBMiiAFBVV95cUxNMkJWM3ZYcGlNMnNvYjdWSzVlQjVQc09WbklGWWVvdXRBSm5vd2VQY2RNRXhHakVEWkVwdzJlU3FSUEpBQVFROHhiNmw5TGZHMEwwLVhveTZpc240LWk2MzZOcnpCdkpMUGdadWdCQWFORjI3MXpWZlhNdE1yQVZ1ZUhNc18wRWtf?oc=5
2026-09-14 10:21:18,AVGO,Broadcom vs. Nvidia: 3 Key Metrics Point to the Stronger AI Chipmaker to Buy After Earnings,theglobeandmail.com,https://news.google.com/rss/articles/CBMihAJBVV95cUxQZHJxelppTXl5eGNLLXR6aDNZMGpEajctbTF2YWV6eWVtYXkwaUZubTNFSmNNbHBLbjhqNVJORFBtazFnSi03QzV4b0laUWMydlhCNXRfRzlaVVlmbDR6ZDdDQXF3MHlSR2pwMzVBU2s5OFRnZENKTm1aYUdKRzVqdXByYWtSZ0thbTRacGZDVXVUT01fOUpHTXZudENRWndtYVNJSkhIN1NsUGE5NjFLSmNjaWJkUVQ5NGpsYjVZTEV2YkJVVGtQendQbGpmMFE0SjNMTU9PYS1EYWc3N3lfZHdqQTNaUl9RNVljUUxIdXdaSWJ4SlY1cTJSNDhyR3pKMmRBbw?oc=5
2026-09-14 08:52:18,AVGO,"Zacks Market Edge Highlights: Broadcom, Bloom Energy, and Sandisk",The Globe and Mail,https://news.google.com/rss/articles/CBMi4AFBVV95cUxPcmdTWXk3YkFQZU5UVUllYUtoVlU5czk1OGxsRU03QUkzVng3RnJ2ZTFXcEpkcU9YX1luWDZyRWlPWEUwOFQ3QmVvZm9FSnhqb3o0R09qT3pFVHpYM24xWjBWVjhjZ2hYSHBlWDBYVEpzOE5OdXNDaG1ocm1UazdsTVRoQnk5U0ZHUHEwbmt1bkRNTnJLVGhrYU5NRmFpS3JmeWhRTHJjNEJzQjZPeVZVRjhqLUE2VDBPSmk4R3h3eWV5NnNjWDVaOWU0OFVsRkN3aElHN1Y0Ync2dzBNdlBqZg?oc=5
2026-09-14 07:40:00,AVGO,"Zacks Market Edge Highlights: Broadcom, Bloom Energy, and Sandisk",TradingView,https://news.google.com/rss/articles/CBMiugFBVV95cUxOMXNWV052RFl4V2JIalpjd3l4blo5OXJvczAwQ29FSkVlMUhjdkhmNTdGVXNncHkxZWwtU0hlaUJOamlKNHVTcUpDR1M4TmwwbHYycjlmejBZTXRHTnZqdlZmV2x2c0E4R25nMENyR3JGT1lIRnRzQnJFT3JLT2dmQmRxaDVQZHhPYXNPS2Jzajh1MDVsYjhuY3BHWVp5NmE2SkZBQ0JBWEVGdWxSV3E2OUc0b2Utdi1NUVE?oc=5
2026-09-14 07:00:00,AVGO,"Wall Street Today: DJIA, S&P 500, Nasdaq Comp Fall as AI Fears Hit Big Techs Like MU, NVDA and AVGO",Moomoo,https://news.google.com/rss/articles/CBMiogFBVV95cUxPaDR0bjJleU9LNjNoYkNSQVZSSzQ2ME92NzZfdjJwUGlMVkV6YzFtX245amF6WGxOR2t2ZG1Rb0RhLXFyNkJyc0J5SzREN0dmZjBJLXQ3WlpiVG9kVm83NnphcXFJeGtvZmJFVmt5RFVSR0Nsa3VWbE0xNFo1UXpfbHJUaHBOajZmYUpkN2lrOF9rZG1rTUZ6TDd0M0p5c2RERXc?oc=5
2026-09-13 23:38:42,AVGO,Why Is Broadcom (AVGO) At The Center Of Next Generation Optics Standards?,simplywall.st,https://news.google.com/rss/articles/CBMizgFBVV95cUxObnQ5dG12eHQtemVoS1NBSVh2TDU1MTJIbUcwakRRbmFOMkFuLWN0Mm1vcDVxQ0p5WmVwcDc4T3ZTZnN2M2daeDlqOVp5dzAwakN1UlZqZGVRNDE3bV9zMHRwU1RURDJseVA0aW94R1o1cDlZSEh5Tnl3bnBkQW9DZDM0cjJFNjFISElXeGRGMURxWVdjd0lyRzRScEJ1c1RJQzZqODBlbDFGZVd4bTlUNXppZzZfaENHQTN2MFJ2YVh2YXZzQVFWb1NYNHpWUdIB0wFBVV95cUxPNnNyX0tBdVROVF8yZm9iUmRzM2JkaDdlLTJOTU5SVW1NMzZ1U0Rxb21fY1lSblhBQm54clRsdUFlc3RfRnRyQTdVNmtnVlRhRURKbnNKbndTR1Z5V3BXR0M3SUlqb1lGbGprUzhrRHVxdnZKa3ZucmtVVWU0Tmc3VVE0cjZLWDBaSjZaNnMzMmU3dC13d2VsVUJpX3BPY1YyTE5CU0tKMWtHOHVsX0p0Q2FOQTVHR2l5dFdGZW8tREFLeXdRcU84eVl1aTljZDZjTVN3?oc=5
2026-09-13 17:27:25,AVGO,Nvidia vs. Broadcom: Which Trillion-Dollar AI Chip Stock Has More Upside After Their Latest Earnings?,The Globe and Mail,https://news.google.com/rss/articles/CBMikwJBVV95cUxNX0NITDNyeHc0ZndrNGxRVnA1QnR5em1MSzhfdTR2UnlKNVRXMnk3TVNHRWJGOHp5UXYyaXRwU0pSS3l4N0dNTXlCVjlhaUhXanc1V3o1eXQ1RUlQTGVhUG5GWHdzb0szenhDZzFaTGwxVXpzMmlldDYxV2ZwZ3VnUmw4NHZmcDZQWjhBU2hyVjQ4SmJFNUFNMUNqNkFPQ0FWTV92bDJzQWdCQ3lIc2xFQnNNMUJJdTNnWGYyTWVGOTB4dVozN0lpX3BJWlh2TVdRZ2RQd2NpajNkWEV4RUZ2ZXM5UEJyVnRoVENsekx2WjdIMGU4YlVaSXh4UFR2R1R3VnBzRkNfZzFoaXVBRXBFTUVCSQ?oc=5
2026-09-13 16:17:10,AVGO,Broadcom stock pressured despite record revenue; cautious AI outlook weighs on Q4 guidance.,Pluang,https://news.google.com/rss/articles/CBMif0FVX3lxTE9CaFMwQVlIQjhBZ3NNcDBNQ0xPb0NJaFloaU9zOTBPWFQ4YnZ2eDhYeUNKUkRoWmFrSTFuamN0cFBRQUNBZkpvN21YQzBKT3lvVmEtV2hmemlIQ25pREFjLVpiLVlxbzl5ckJabExNSGd6VkdkeUNzeHNVMTBIUW8?oc=5
2026-09-13 16:00:00,AVGO,Broadcom: Buckle Up For What's Coming (NASDAQ:AVGO),Seeking Alpha,https://news.google.com/rss/articles/CBMiggFBVV95cUxPS0tIeGE3NjZkOE5wSE81Rmkxd2cyLUlUWjZxSUM0Rk9KTXBUTU9jT2JCbmZ2MDhLVzBjUUVscTlXQjIxQno2aFluMDJ0cHhsb0ZQY1JKdHYzYmYyellsOU4zQ3V2NHQ4S1FiWkVJeS1UdEt6V1hmcjhHRnN2bkkzSHZB?oc=5
2026-09-13 14:00:00,AVGO,Broadcom CEO Hock Tan Says Demand Already Exceeds Broadcom's $115 Billion AI Forecast. Here's What That Means for the Stock.,The Motley Fool,https://news.google.com/rss/articles/CBMilwFBVV95cUxPNWw0dUJjemtfc01fS0QydmhIV1lsRkd1Y3ZIczdWQTZqUU9ZbTUyZFJMQ25JNVZxWFlrOUFTbHZGTkNFWjhodVlaRU9oakwyZHd3VktuZlJWckZQQXpXVUtISkFGTmU2c1ZuOURsRldZMFozVHotdHRDZ2xHcDEyOW5acnEyYVVSazFRdlFIN21mSDlGTzhR?oc=5
2026-09-13 13:48:08,AVGO,Broadcom CEO Hock Tan Says Demand Already Exceeds Broadcom's $115 Billion AI Forecast. Here's What That Means for the Stock.,The Globe and Mail,https://news.google.com/rss/articles/CBMisgJBVV95cUxOZkxjdGd1cm5yZjZiSDcydFZVNlpYVEZoNEJ1TmxvMEV0WGJHMEQ0RmVWT1lCWk8yaXhtRURQUF9iS3h2SmkxWWJwXzFlZzNQWVdod0xxc0NGb1pJRWxFT3hQeG9RM0ROMS1BY2tBTjJ2UkRuWlhqaFhkMFpXX0ctemdzNl90MWRETDVwcWFiRHkzeVdiMk9DSVUxQ082enVDTFpNWkY1VlN1MFQ4Vk9OUk80ZVVVZmVSNFUwWWtTMHgtVll3dDJLVlp3aTFfdUp3YWhXWWNuU0tXSHJ3S2d0aF8tUjNpckdNckpydkN2T2RSaDRST0k0Q2lsRjJDWWxMeUl0UUNzaUpJTjRYSG9CM1dzNEJqZzVWdlFMeElBWGlveU0xM25pME5oSEJBbUF2Q1E?oc=5
2026-09-13 13:20:00,AVGO,Broadcom CEO Hock Tan Says Demand Already Exceeds Broadcom's $115 Billion AI Forecast. Here's What That Means for the Stock.,The Globe and Mail,https://news.google.com/rss/articles/CBMirAJBVV95cUxNRWtzWWV3Rkw2UHNpQjRHbUk0eExMOTVPUThjWTF1R0M4aWZlQTRDYlFiSkdxNExEZEIxUU1NSWxrZ3lkS2FCSWdkRlMtWHN6QmNaaXQweE5fN09qOUZ3T3lBZkdYRjBWX2JxTFFmWWNEZE93VGtHcGw0S2h3ZExvVkFUdkNEVk50SkNSdk9zUTdoVFJKdS0zcnlqSVVTdnhCM1c1SGcya0E2NEczd281TUNaX3NGY0tfeV9KYmJ6MWVYMWdWbGdOcF9LWHdNcWIxb2JsRGNwSk1YSThXWlltMlhXZW9DcVI2UmtjYXA2c185OW45UkYyRi1tbVc5a2VONjZWODZrRlQtanUyNDQyTWdzN2p2MGJvbU5EYkZyM3ByRFh3NElSNkJ3a1Q?oc=5
2026-09-13 13:17:17,AVGO,About Direxion Daily AVGO Bull 2X Shares rStock,Coinbase,https://news.google.com/rss/articles/CBMihAFBVV95cUxOSVNhLVpNNlVlamtFX0ZwcW1STEVnZ0dMMGdpeXpDNnpQd3E3WWNVZzJDTG5RNlJKUlRDR0dLa1VWSEFUXzNMN2wtVldid3RUT3Zqd1Jqb0kxZTdiS09IY1JHZEczMUdUdXI0U1VwNmNmU2RYR0xnZk5vS1VBWlVGRGY3Z2Q?oc=5
2026-09-13 11:38:04,AVGO,Broadcom’s Anthropic Ramp Puts Google’s TPU Business in a Different Light,finance.yahoo.com,https://news.google.com/rss/articles/CBMioAFBVV95cUxQVnJSMDVoRE4wZXdlbHRpd3NhaXplUDVzRWJWTUczbUhDRVBDZXVPVUFTOE05QlJTR3NuYjY3MXcwOFBVZm9xellQYTZMVHhiNXF6UEdsOFFJZXVLT2w5U3NBNTg2RVQxRDhGajZ0eWR0MnFUSzNxNmFmVnhQVVE1ZXlKLVJGZnphLXdDZm9mU0RUeUEyNmY4TFkxcTkzcG1J?oc=5
2026-09-13 06:25:16,AVGO,Will Broadcom Stock (AVGO) Rise or Fall After Earnings Today?,TipRanks,https://news.google.com/rss/articles/CBMikgFBVV95cUxQeVFfRmEybHFqVzVjWUhNRWhveWhMVHpzZ2dOQjVqeG5aTi1leER3X1ZPYjlRMkpURHNGazhGV2swR1FQcjZRRlBMZThHVW01Y3pWWnNjVFpXd0VPWjRBeS1BRndBZkVmaFlyczhJVWttU2p6THhhY2JWbzdoOXJSbE5mRVBFR1o4OEliUlc1RXNrZw?oc=5
2026-09-12 23:56:06,AVGO,Broadcom Stock Nears Earnings: Can AVGO Break $379 After Nvidia Rally?,TradingKey,https://news.google.com/rss/articles/CBMiwwFBVV95cUxQS1BvX3A3YkZCRWgyM3ZvZDBLY2laclRXU3RrU2poNXRoLVc0cTB6Vnh0Y1FHYl9STW1JS2lwa0RpYk9qRjJxMDZVZG9KcTJyQWtyWnU2ZHZ5anNqMU1Xc1BIUVdKV0xwQkNrRm94ZnVGTjJydXdONkdZTkN5TUc4Qjd0RVFMc0VjTlBORml6V3U5b2UwaDJGTUhJODlySnBtSEtIMEtYS2lic3BMalhYa2tZOTZuVFE3TzRZcjQ4YlVheEk?oc=5
2026-09-12 18:26:00,AVGO,Better AI Chip Stock: Broadcom vs. Nvidia,The Motley Fool,https://news.google.com/rss/articles/CBMiigFBVV95cUxPaWp0Uk9CeU5NYkMxdE01cjA1aUpCNDdsZG16ZXllNUZIUklXb1h3Ny1Ja3lST2s1R1pyVUs0c05CQUNNYmE5WHpmQ0JzV2NKSjlXLUg1WDBweGVja0I0bVJoOFE2dE5QSW84bEYxMFZhbnNDMUNmTDhzYWZiYTNROXFQVUEzQlB5dnc?oc=5
2026-09-12 18:02:42,AVGO,Broadcom and Nvidia Benefit from AI Infrastructure Build-Out,Intellectia AI,https://news.google.com/rss/articles/CBMimAFBVV95cUxOYV82UUk1d0JMR1FVaWswYTZEX1RLdWRCS3U2YkdYbWlhRGtDc1NYN3E5dGZmaXlTRVRwSTQyb0pkb05IWDN0Q3YyakpGMHBER01NMjJvRVdROGxTTG9RV252UnQtVVVLUk5pQ3VOVFdRZVhQNm5lbHJ1b3RJamZrVzZDaDhTb3FzWUdjYm5rVnp5VFR4ZS1jXw?oc=5
2026-09-12 17:46:00,AVGO,Better AI Chip Stock: Broadcom vs. Nvidia,The Globe and Mail,https://news.google.com/rss/articles/CBMiwgFBVV95cUxNQnpPOHk3ZndzV0RZQ21meUxieFdyajlfdDB3TFRIMUFTN0NrSEZGSm9tTzUtOHVBR1NmZko3Wk5ISFYxTnZhZHplN2NlX185WlVwMjFNekxWaE5OeFdMNzNHZG9ySm5oZXljck4wdE5yeWFNTk5iZE4yNlE3U2FDN1NuWkduTUhVM0FsWUk3Z285anU5UGw1dlZaQTlRMXNuZXU3TUJMWlVXUTBfZHJ1Uk5UZDdPSXJmSFRDZWQxOVdkUQ?oc=5
2026-09-12 13:15:16,AVGO,"Broadcom's First Mover Advantage Is Dead - Robust, Multi-Year XPU Tailwinds (NASDAQ:AVGO)",Seeking Alpha,https://news.google.com/rss/articles/CBMisgFBVV95cUxNeDM3MjlqOXU2VWVYM2NGOGdNeHdlRFpPMkRvVVBEZ3NsQnVBNEd1QlBVWGFOWFNlRkdfX2dQLVhRZWtMMlRCSUpYc3dzdGVyRkVZS0dGVXFSekZOOWFvVF9JYmMwSFlJa0JVTzhxX0ZKN1M1ZmhzamdFOTROdDh2aFZnUUxqX2tiaEN4Q0dSa2xWZ2JuZHdmTWVFM1RwaUYxNWR3TEFhbGRUZ3lHNFJQNVJ3?oc=5
2026-09-12 12:25:54,AVGO,What Does Broadcom (AVGO) Gain As Its AI Chip Ties Deepen?,simplywall.st,https://news.google.com/rss/articles/CBMixwFBVV95cUxOUzcyamdrV3I5RWVQRkMwWV9kZDFPRkxUZG1lbnN5Q3JaWU0ydkEyUVlyZUdDVHo3MUJWSGlqQW14UWt4eTJMOElLeEUyMmZyZzNGNVo1RDFSTThscm1hVEwwb0FjV2VJV1NvVUNCUGVsZm1yS1p6XzhnMmRXZmdnNGpsUS1ZVy1OR3lxT0VYSnBNWDR1YlNLRXJWbDJUeUlaRWxSdDdsTjA0Z2pWdEd5Qms4VnVIcDB0UWhOajd0d0NyNENVSTZ30gHMAUFVX3lxTE9LeEJqVjU0WkFLV1pNTU04NVNHemE4Q2kzNW5sdXd2Nkc1aGNhMEpRNG9aTngxVURYYzVXTG5kN1d0TmNvMEVORlowdWdWaFR0VGVabVF6WkFoUExGcERLX0VVR1VSVU91eTJNUlRsUU53SjZFUmtCS1pJRDZjQ2pHMUhjSzZudkRnZG9wdjJYc29RRDQ3Z0lwanhrUE1LNUhvUHFrZVVBVjB5OEE5aDBuOG5VQXdWbXgzN1Bfc3EwMDY4eDFGamxaaUhRbQ?oc=5
2026-09-12 11:03:00,AVGO,"Broadcom's AI Chip Revenue Grew 221% Last Quarter. A $1,000 Investment a Year Ago Would Be Worth This Much Today.",The Globe and Mail,https://news.google.com/rss/articles/CBMiogJBVV95cUxQQjdGR0pDMXI3ZmxpczVvanB0YTRwZ2oyWi1LWXkyelpzQmlJa1IzZ1J2RlR0SEJRMVNnUHpaTGF1akdGOUdrVldBc1ZLLVM2cE00djFHWTJ6R2JCTTFyZzRDNlBxRENDdmY1LWZHeTUySTkxQXJDSTlwU0ZseUJKSmlqNTN6NlVQZ0YtVmRkNlJoSWNKcktEMEcyUjNGZThiWVl2aWtUeWtUNXdvM3kyUkV5Rm9PaEtIVE8zbTdfNVRoTWJNR0xQZHFPSXVQRG5yZ1N0MnRlMGc2OXV2SF9VakJnbG5BNU85WFJYZlVOeTRrUExQWFV0U3RMS2RZdVpwaksxcGZtOV8zNlJxS0JHYzdFekVYSTRBX1FuTy01YUNSQQ?oc=5
2026-09-12 10:59:02,AVGO,AVGO 260909 452.50C (AVGO260909C452500) Stock Options Chain | Quotes & News,Moomoo,https://news.google.com/rss/articles/CBMiYEFVX3lxTE1uUXFlMVpqUTNrdDU3OUplb2pOTzVEa2R2cUcyVkV5amNNc1hqX3Zhdnp1U0hRaDA2SGdLWDR5dldTVFEzSTFkemJTT1FrNEp3c2Z4MTloTlBBYU1wekNrbg?oc=5
2026-09-12 05:50:01,AVGO,Broadcom’s $126.8 Billion Purchase Commitments Top Nine-Month Revenue,TechStock²,https://news.google.com/rss/articles/CBMikgFBVV95cUxPQXNCZy00OGRCUk9sNUNjY3VQcGNzRXRZWlRMNmNoY2Jta3phRFR4dS11ZmxjbzNRenE2N1lmTEc3d21wREE3MlQxemVqTWRJbTFRMzZLNEFyUGtDY05SYkFVRGJXeUVHRzF6eXZDdTN1TXEzQldmRHc1T3I4bFFvRjBFWVlhME5rZDlMaURTZFgtQQ?oc=5
2026-09-11 17:43:35,AVGO,What's Going On With Broadcom Stock Friday,TradingView,https://news.google.com/rss/articles/CBMipAFBVV95cUxQZk9GOG1wSTJIcmpXVFFLM2dBT3JYbGhkeGhkTmhjUHFjZW5wekNVMmItWU1KUndlWDJYdU9EV3VUYlE4TW1KVWZUUDduVlpKUzcxN3NHMVktZkkwVElQbmtJQnRETHVhTlhSczNOQzk3TDhiclJHb3dlV2dTdWE1dFNXVHl6b0ViQ2thckRjdzlzblFURW1UdmpHSGt1VERoTjNTUA?oc=5
2026-09-11 17:43:35,AVGO,What's Going On With Broadcom Stock Friday,Yahoo Finance,https://news.google.com/rss/articles/CBMinwFBVV95cUxQRWYyd1A1ZVpGUkZ5T0RPUzNHVnB6bkxWakt2eGdKZTlWajVSb0dNZmFWUzVZd2Etenh4YjIxc2VfeW4tOUgxOEVvZ085ajJuM3dqQmF5YTVlelJtNzJHTHczVXh0OXR5MU5BWTg1Z3pSUmxCdFFYdG9RNlk3Y0RtXzFIZ3Itd0Rnd2t3RzFicFF2Y2NRRVJjNzNPaGNDUE0?oc=5
2026-09-11 16:54:59,AVGO,"Marvell Rises 5% as Piper Sandler Starts Coverage With $270 Target; Broadcom Edges Higher, NVIDIA Holds Steady",Yahoo Finance,https://news.google.com/rss/articles/CBMimgFBVV95cUxNeUVtS2hqWDA5QTZZVWlTbzhBOGlwQTBSeTJoZVhnMXdzZHZiNHRWaVNobDlaSHdZUGh5R3Z2RThMYjhVYzNYUmU1Y291MHRTeHIxVkQ5UWdyZ0RfWkhSQTR0OXpxU2R3N2JFdWhXdzJZdEtrMnYyYm54U09sUjhaclBUY0dQWGZCTkR6eUJmRVZuTmNPOXM4YzNn?oc=5
2026-09-11 16:54:00,AVGO,"Marvell Rises 5% as Piper Sandler Starts Coverage With $270 Target; Broadcom Edges Higher, NVIDIA Holds Steady",24/7 Wall St.,https://news.google.com/rss/articles/CBMi5AFBVV95cUxPNDRCQzhuQ0dra0dvTVcydFVLZTNZaDRfVUJSOEFGNGd4dGhoU1FIbk1RSkxKRmtYeVhkLUZNSXBGZTdCT1g0UV9nU0s1QXlSdS05bVozb2tCNDlOU3lIS3NKTXc3dFRmbGtScU9qZF90aERSbFVCNWM0VE9pNDBKQk15RVJIR3dsd3RyRFdycllUSmlObFpyOEhrOV9rWjZDTHpRUF8xZWk5dVl6OG5scEk0RkhEMHZVaUhEUTg2TVNObzVpeHd2bGdxb2VCYTVUeEpqQlhXbllTbXpyd0JDcng0eVo?oc=5
2026-09-11 16:54:00,AVGO,"Marvell Rises 5% as Piper Sandler Starts Coverage With $270 Target; Broadcom Edges Higher, NVIDIA Holds Steady",24/7 Wall St.,https://news.google.com/rss/articles/CBMikwJBVV95cUxNSWp6UExKbjh1QXpYVF9YUTh3NzhRaHJvQ081NFdlQWUwQkFNMk5wS3NUY1hGSGZPZDRxNG1YSUg2cmU2a2tOOF8tS0RmNEl5MmtuWUxXWWY3RktvWlBJdFhJTkJyVGRLOE1QZ2RKM240bFRJVXRQdWV6cFBKXzd6bDU0bk11eXVMaWxkUjJEZFI1c3VTNjdWZGJNdUZfVGlBWWU3N0FYLUhUZnFJSkc2NjYyQUhfdWpLcE5RNEpKRTNZQVZVQjdqbGE2SVhheFFWM0xzbUQ0RmFhM2ZfMlUzZE9LQ0MxSWt2Y2Fkelh1Q0R6NnZHYldVWmdrMzM5MXN1YWg3NUpKelpDcC1LbmNySGhFcw?oc=5
2026-09-11 16:46:37,AVGO,Broadcom (AVGO) Stock: Analysts Remain Optimistic Amid EU Antitrust Scrutiny and Insider Sales,blockonomi.com,https://news.google.com/rss/articles/CBMitgFBVV95cUxPR2pvdkFNcGo2VzBnNE9MMVlDbngzcDN4bDN5NHpxMjRWY3VScDU5aGdEYldDdzJCdHI3MVFwLXV6U3pvTjQ5Q3E4ekRzeHVrYk5LSVVUdlNNb051TGtQbUtNcE5mdjY3UGRVdnRtRVE0eWhMdnRfYlMxTGM5RGRoSlBXTzY1UDJLZlh4NzNIMkZFQU1mTENHaGRxcXdudjU0Z21obDU0MjZtR3laRFF5WEhZbFpmdw?oc=5
2026-09-11 15:31:39,AVGO,Why Broadcom stock is gaining today,Wealth Awesome,https://news.google.com/rss/articles/CBMiekFVX3lxTFBJUkJ5bXl6YTlhQzZ6RXpwX2hFV2hPNGVLVkM4NDJwNVRmTjcwalRjdU1ablNTSVJpazBjaXUxQ0gyU2VZd0hBN3ZMRzdCa1RPN1lKeWRCUllIZ3N5ZjBCUi1va2ExX3BlYmZBbk1TalY0ZmlxS081LTJR?oc=5
2026-09-11 13:11:17,AVGO,AVGO Looks 10.1% Undervalued on GF Value™,GuruFocus,https://news.google.com/rss/articles/CBMigwFBVV95cUxORURzcnF5eFV6ZTNxVlBvQUdiM1VDdlA1dXZvWGNUNXpHUXhTdzBkWk8wbkZKRE1ZcnBSaHM4MlExOGNJcXFOTF9fSHVZT2lNbUZHWS1iN0drRkJtTFMyYm9nRzJTeGN1RF9qTGtvM18xdFJKYW9EeE1fQ0RkcmhHNGhOMA?oc=5
2026-09-11 12:53:45,AVGO,"4 stocks to watch on Friday: KR, NVO, AVGO, and SPCX",Seeking Alpha,https://news.google.com/rss/articles/CBMikAFBVV95cUxQVC1wVXlaejJWdVF5QXBVbE9HQWt6bXBweFRpbFlxRXBaLWRRaWtud2hQanRhTHBGc3VvcGQ4WVF1Z1RkVVItVDBQeXg3QWZrQU5lRVBqbXNvSHBhcVQ5ZTdMZ1RJUG83N1ZYVHRTTTkyZFFhVHNqN2ZkQ0JBMjFQc3J4U2VaQmU5dTdJNV9iUGs?oc=5
2026-09-11 11:55:41,AVGO,"Broadcom's AI-driven revenue surges 85% YoY, wi...",Pluang,https://news.google.com/rss/articles/CBMifkFVX3lxTE5SdnJEeHNqOTBQWFlDeWpSWFlkdkV4UHNXTUloUmFHaUNpM21mT3ZKNV9KSGp6Tjlaak1RSHpILTRXUzBLRFlpRjdUN2hKOUFlLTlLblAxeHhHNHZ6NzREUTZDd0JEX3dZUm5NUGhKT0x4TDYtV3FLaXFQVmNTZw?oc=5
2026-09-11 11:43:16,AVGO,Broadcom’s VMware Overhaul Could Trigger EU Probe,tradingview.com,https://news.google.com/rss/articles/CBMirAFBVV95cUxNMzBKS3VtWnNaUVBuYUh1QTNWbzRKNUtpaUtqRGZGdTAtb3ZycWdoNU9Hek1QRTZlMFFRUmktV2RVTjE3dm5udmdDNk1vRUpzRmp0SlZNRy1aX1RNdTQ5cWhKZHN6UzJwVXlUVHJEVHRCaHdyVzRKZUxSOWF6QVl5SUJpM0R3eERCN3g0azhEQlE1eDRsSWtYSTBPbDlTSV9nUWxVbDFERzduNzd6?oc=5
2026-09-11 11:43:16,AVGO,What's Going On With Broadcom Stock Friday? - Broadcom (NASDAQ:AVGO),Benzinga,https://news.google.com/rss/articles/CBMiowFBVV95cUxOeUhBSTNkSUVvUDR5WFVINzV0NDVIMHVGU3VTRDd3cVRmMXN3MUtGNHlYaXpmeVB6dlRoZ2psTnBhVmhaR2lMdF81Z0JyM1BiaVdVZ3hKWUlHUUdkWWptaFdrZzN1c0dfQUcyZl9SZEtMSThTY09WSFd0bHNOUU1rUFFVQjgtZFFJVEstamQtZUNaQXB5QkZvaVZTRFJQOVU3WExn?oc=5
2026-09-11 11:41:07,AVGO,Broadcom: A $230 Billion AI Juggernaut In The Making (NASDAQ:AVGO),Seeking Alpha,https://news.google.com/rss/articles/CBMijgFBVV95cUxOMllCcGFPZTZEaXpHd1BwVkZuZ09FX2ZUMWw0T3F5N2F6ckZOZnBydU5IcTJwQ3dCOXJnNWxzdF9RQXZiUFNBTFdNM1AxdC02NEstS2d6bUNuak5SaTdzQloyY2tDbF9MbjJqSGNScWVudnNrUE1QN2ZsSnNpMDYzYzYtUk9vWjU4SUhZOVF3?oc=5
2026-09-11 11:30:01,AVGO,"Broadcom Could Be Above $1,000 In 2 Years",Seeking Alpha,https://news.google.com/rss/articles/CBMikgFBVV95cUxOQmR6N1dVWWY0X2xuOXFHUUxZYUdpZ3lLS0xKYkQ2M2pobWxIeTRQUmhzTHlKRXJvM2JKM0V3cW80dW1RMUhPUVl6WXZNVGhXQndkRkFhTjNWaHlZU0VZZXhfQjhsSDFkempwSlRvU0ZWS19oYUpTVF90NXEzNmN5STV5d194cXU0SlEyUktQU0lpZw?oc=5
2026-09-11 11:18:03,AVGO,Prediction: Broadcom and Nvidia Will Be 2027's Best Performing AI Stocks,The Globe and Mail,https://news.google.com/rss/articles/CBMi6wFBVV95cUxPRUVjMTRrQkZITVFpN2FmMVRSLVNIMFl2WWU0ZzhHMVJUUzFoX1o5ZjdUd1NXZlhmU1FOQUtKTi1peFM3anFCZS0tZmhnS29wTTZxMTYxZTVQU2FJUXU5dGxXR1VBaUtSU05zQi1VM3JQdDJKWGlMa2IyQlNwalJmcTlqUHVWOWVhbUZSU0dFZDVjUFExVjJPWnNZWTZBdFBacTllTF9mN0dhb1BaNDlxX0NKR3hYVF9rcUh4S2NKZC10UzBvWHVMV3BZNTYzZERVdDdJUGFGam5LUDZ4Qk9sNlVMY3pKUzRQaHZ3?oc=5
2026-09-11 10:44:00,AVGO,Why is Broadcom (NASDAQ:AVGO) stock in focus today?,Kalkine Media,https://news.google.com/rss/articles/CBMiqgFBVV95cUxQRElVWnA2bDJMdmpfYjhKNkNNRXRSSzBfeUUtQ2NpTUNZYklvcmhIeDdBV2loTzNNdE1KMzZPdXYtenpmdEhGajBIOU40RmZWZDAyaFJyZk1xMVd3Y3JvZjhfajRXMmZ0MmxmRWxscnBHMUZTNUV4eXF2NkZZeVBHNFRtbWtfaWw0ZjJ0eldCNEdIc2p1cjlWUVZrUFpSam0wdDRwSXNUd1FOZw?oc=5
2026-09-10 22:31:00,AVGO,Broadcom (NASDAQ:AVGO) Guidance Overshadows Blowout AI Chip Growth,Kalkine Media,https://news.google.com/rss/articles/CBMirgFBVV95cUxPVFlRZWdQUmZmTGF6TlBFcTVaRTRSS19zUlBmQUFtLUhKYmhjNjZDaFhXTzFQSThXWE5PMGFCOEMyaDRPLVVHZHRrNDZFbnVJWEYyVG1WeXlCYjI1UmtwYzJGMnppMTZ5ZmxxWEdvOUp0OXI0ZXlGUHdLN0RxYnlRNkI3NDI0MWhxeGpaT1VPZUpCTlRVZlZEaVY2VGRBNk9QSTFXcEFsRzJRS19wR0E?oc=5
2026-09-10 20:11:49,AVGO,Broadcom (NASDAQ: AVGO) launches $654M note swap with no new debt,Stock Titan,https://news.google.com/rss/articles/CBMisgFBVV95cUxNMTAxZDZCSktBclkzLW9HVVU5QkJKRGs3cVd5R09fckt0QjF5ek9HUzBnOFY2LXNhczV0bU9aMktvNXNQbVZ0WDhkTDlwRWdkdjM4Wk5sWmdEWjktWldWRUx5R2VXVmQ1Qzhua1RFWXN5SDNWUk5GcHotU3RDN1FBeFU4NDZSSTlsVmF0Snhzelc4eHdvOTdlcVF5c2tYWEUtMDRSSFZQb19yMG9DaFotYVBR?oc=5
2026-09-10 17:56:36,AVGO,"Broadcom (AVGO) Set A Fair Value Debate, Is The Stock Still Below Fair Value?",simplywall.st,https://news.google.com/rss/articles/CBMizgFBVV95cUxOZXZOZ1kxd2dwUnRDRlpaVlJQMElJNHdrZVc3amRBbDZmWTZoalJEY0pTRlMyUlhGSkV5MENNUmVzU1VzUV9xa0NpX0I3c1NTY20tUXgzaHg0S1lJTl9DVFV2Y1BpV1Z1bl9CUy1TbHl0MktnY3FpZHh4YWdQd1lpM0c2M3pVbFN2dktBWEVfQUw3eW1tS1JzUXVYUjRpS01va0pWRVZrdUI1M1V0ZUJrVnhtR2VIX1RhZEhhZG1yU1dnbEt3RFNRVHFKLUwtd9IB0wFBVV95cUxQenlTdmtzOHpLcXo1dlR4Mk9zcnl2bm9yNHBQS1hIbWZSUXFUakhXX3FjOGRIenhYNTM5Q2tGVWdyZGgtZE9mUHpiSEJXanRFdmo3N0JhMkVyUHRjMmtvcjRpbFluemw4eUF6dTVhWHhTcXh2T2w1cUg3VXc4M3UyRVpBVDBkZXVkSjNOSUNfLVJ4Wld2ZURRLVBHMllJaVBFbk14VF9BLWo1R3RJSTFVX1haTVU1TDNBNS1ONmNBelBzblY3SGFNVndJc2RuUkZSQksw?oc=5
2026-09-10 17:21:26,AVGO,Macquarie Upgrades Broadcom (AVGO) Stock as Anthropic AI Business Could Top $40B,TipRanks,https://news.google.com/rss/articles/CBMiqwFBVV95cUxQVWJpT3hlQjk1WEVKbEFpMWI0N0dyRi1HSk9MOU16YVdpWlhtTmpNYi1GM01RXzQzUFNfTUtMRzRpLWVOSWhGSTRUS0VqMkgtU2JQcWtkUnJxNkFTTjVJMzV6ZXAtdVIwNU9ORmlETTNKQVpyR01iS2l2WTdkVG12c05hc0h0MFQtc2E3VHNCUmYtclhNaU5ZZWRIdlBVU3BBTzJBQ2VielFNRzQ?oc=5
2026-09-10 17:02:27,AVGO,Broadcom leads OpenAI's AI chip efforts despite Samsung partnership uncertainty.,Pluang,https://news.google.com/rss/articles/CBMisAFBVV95cUxPZGIyUkd5WmVlamNrQ2xGZzE4bC1GeUlCNnE1V245UHFwTlZwLVlzUFZ6QjdKLXlWV3JzaC1yLVJzbkRfX3VvNWZrVVphYW1LMmZybG5nWk9mdVJ3dTY5R3lmMGFYbU5xMFgzaURGZG5GZzF1b0hFQ3B3VVVxQmtYdFg1VXFqSE9uZTJGX3Rld1poYTBYc2JWVE5kZ1F2N0hTaTJhR2JacThCSl9TSUM2ag?oc=5
2026-09-10 16:58:00,AVGO,The Case for Broadcom Over Nvidia Strengthens in September,24/7 Wall St.,https://news.google.com/rss/articles/CBMipAFBVV95cUxNWVdxLUVYUVRRRTFBUjhqSVpRN2NlYkJDUjNJY3RTYWo0VjVEc1F3OVlTN0NhX1IwNHZqc2d1YWFmSEstSGZfcjhZaFhjSFJacW1oWWllQ0JPQ3VLdHlLb3pLVkE1U2tuOXREc25ES2toYmJtazVhWFBjYzAwTTRURXhzdUhqNXJOWTdyc2Z1RTd6aGFwOWlSZkFiME1sdXZ5V3JmZQ?oc=5
2026-09-10 16:40:39,AVGO,OpenAI Picked Broadcom for Its First Custom AI Chip. The Race for Number Two Just Got Dangerous.,AOL.com,https://news.google.com/rss/articles/CBMihgFBVV95cUxNTXlPRm5xcFc1VTFPRHpCcmhyVUxTUlBVcUNNM2t5bzZIYklfSDRDdnoyLWVkdDlZQjFncGN0Q1Z1dGZydFlvWjgxLXIwc0lFREZ0cGV6aXJXOU9oSF9fSERzRkJiX2x0S1d6THpHN3Uyb1BrTTRGdnhWdVhiV3M1WHJJWDJyUQ?oc=5
2026-09-10 16:40:00,AVGO,OpenAI Picked Broadcom for Its First Custom AI Chip. The Race for Number Two Just Got Dangerous.,24/7 Wall St.,https://news.google.com/rss/articles/CBMi1AFBVV95cUxQcU5FeUV6YnJZWFdXOE9kd3ZRMG8yX3BrMVRFZ0t4X0Y3MXV3SVpDcGRuOHpYN0Z0VnpmYk93X3A2dU9pSTFqQVJwMTVxdWtrdjg2M0NvNk41cE50d25Db0lnOUxOWVhMbHpEQ0c2YWtWRVlUTnJmVFRFYnlSQ01YSG5KNVRIbFdURmk1emVyZEZhemZVeGNCaDF5RkROeFBDVWxoYW1BaXhNYzRGYmpxTW90Q1VTTTZMQUZ1UmI5OFBtMm1JVFdjVkt3bVNBWWhxdlZRQg?oc=5
2026-09-10 15:30:32,AVGO,Prediction: Broadcom Could Become One of the World’s Most Valuable Tech Companies,AOL.com,https://news.google.com/rss/articles/CBMihwFBVV95cUxObmhqbnVzanNXcElaalU3clljMkJ4S29xMWJ3dkc0aUw0NHltQl9uclFKeHRjN1JoVF9zS0dUUHIzMFJjSjh5UVZhbVlwNnBVWTc4eW01azhHdmQxR29na2JmcEVqRldMbmtja1MxV0VlTi1obGIyZnlBNnY5NENHNVNCM3NoM3M?oc=5
2026-09-10 15:30:32,AVGO,Prediction: Broadcom Could Become One of the World’s Most Valuable Tech Companies,Yahoo Finance,https://news.google.com/rss/articles/CBMiowFBVV95cUxOUW5kTlo5RVotUkktSUFWdzNlWi1EU1pwaGdKcV9TM1AtQzNFdTJtbmRvWTNEMWVzODNiRnpTU3gwWWVFQXpWeFN5R0MyaXRYWWtKalJkMU51N01jY2ZDWUU5WjZud0U0Y0xfdWI1eXBETDJMQXRTLUtaM3d4UFVNZlBPQ2FPTzBwWC1uQ2l1YWxPcXh1NFQ3d25NVEJUU1p1SGpn?oc=5
2026-09-10 14:09:45,AVGO,Broadcom stock seen rising over 26% as analysts highlight AI and networking strengths.,Pluang,https://news.google.com/rss/articles/CBMinAFBVV95cUxONl91azdUSW9XdXRwWG12TkZYUElxS091bUUwd3FpR3RqN3BuMlVLeUhVNFZkTVJyajgwUzFUeFYxZFd2eWlucXNPdzNBdnd0dGtQbmJETG5XaXg2WFZQXzdaXzN3V2NmSDhiaWwycVROR1pTaGFvNWNZeHJITVN4SnNsdGNRYW42RTB6dVU2UE1ac3hNM3RxbFlxb1U?oc=5
2026-09-10 14:04:18,AVGO,$Broadcom (AVGO.US)$ Buying two shares of AVGO every week 🥳🥳,Moomoo,https://news.google.com/rss/articles/CBMipwFBVV95cUxQMTJnSnF3WE5KRVNwQ2lzUjkxY1g5WmpKaXRyMWFiYlZab2VVVUNUNHdGYklWMm9QdkNteDM4SmU2alYyMXFfNG14Y0xBZ2NIU0wtLVVSTFVUQ2JCeC05cnc5M2Q0ZFR0Z3VlNm5ZdU13X3ZhUVJpc0RNdHluVXQ1S1hDT2N5dm0tdU53Zi1LWUROamVORFNrSUJZdzNiM3RiUUlwQmJYQQ?oc=5
2026-09-10 13:59:32,AVGO,$Broadcom (AVGO.US)$ Our Xiaobo is a real hardliner.[Joyful][Mess Around],Moomoo,https://news.google.com/rss/articles/CBMiqAFBVV95cUxOLUZZTFZwWnQwNTlVTTdqcjA5QmpkRGd1N29pQURhd1lfanRiZVRpeTZIVlM0RmhVOTBvcFZxNThyV2xYUm5sbkN2Mld4cDhqaW14aDZrVTJmZnEwSDV4Q1dVYjZpWGN0NC02R3VMM1RnWkhpZXA4dnhNdUFsaTlVdXExb0xlUWplYlRQQTBMQ01ETTNlQzRnSzN0dDU1V0RpX1J5bGdYejI?oc=5
2026-09-10 13:31:08,AVGO,Wall Street sets Broadcom (AVGO) stock price for next 12 months,Finbold,https://news.google.com/rss/articles/CBMijAFBVV95cUxPeTZuczZZZDZOY2cxWnhlYmtZWk9FNmlDb2NpWktLUWtQdFA4V2VYZzBaZ09HSWdJYTFGYUd0dWxhX2ViUUdOT1lSdDFsbHdQQy1XZE02YkFGbFR5TjExWHlWLW9kRHUyTnE2VjcwLWVDZ1UxUWZqRjdNc2p0dFFldUN3VHd2VHphRU1NLQ?oc=5
2026-09-10 13:30:07,AVGO,Broadcom: The Performance And Economic Benefits Of OpenAI's Jalapeño Inference Chip,Seeking Alpha,https://news.google.com/rss/articles/CBMivgFBVV95cUxNc0tHYXpEWGJpNzZHeDlseFdDU2tadjZiZnZGOXlOajFEZnU0S3dLdUJpNGNidnJJdUJpSWt4UXRRQ2lkMGFUSndBOW9zeEVSbE1RT1hpckZuUjdrWV9oYkxSWlBfcGNwcGhZMWgyZEVVc1VPRmZEdXBtemt3M1BYUUZkNDY3XzNrNXlKa3JXbXg3UHJkRUxPQnNrdVRSeUF1UVhhR1NFTC1ocFFFM3JnTDRrcy1Db1YweXFORVRB?oc=5
2026-09-10 13:26:00,AVGO,"Billionaire Stanley Druckenmiller Has Sold Micron, Broadcom, and Intel. Here's the Biggest AI Chip Designer Left in His Portfolio.",The Motley Fool,https://news.google.com/rss/articles/CBMilwFBVV95cUxOS2JQeWtOUG9IamcxVUpOQjc5OHBtTGxucEFuTTlEOUl6cjhvVXhZazJZSDhGOGVJeTd4UE9RMFMxQTBRQWtUU0VxWXV2WXBjSGxfTC1zVk1WbXRMbXU1aUY3RlhINHVOMXBoUzRrcnNCNG1YVWhTcDFPampnM3ByclJJNXI3NVhtRUxMd1JVajZRVXF1aGpJ?oc=5
2026-09-10 12:38:27,AVGO,"Broadcom Inc. Share Price Today (AVGO) | Live Chart, News & Stock Market",TechGraph,https://news.google.com/rss/articles/CBMiWEFVX3lxTFBINVNWZ19DdGtFZVV4NklScEFuamh3dmxWX1JoM1h2QUVZanktVU0zZXp1VVpITUZxdmR1VWstWGhnTDdjQ211OFVSRWlVRXBraUs0ZjYxQWE?oc=5
2026-09-10 10:02:17,AVGO,AI demand lifts Broadcom (AVGO) to $13.1B quarterly profit,stocktitan.net,https://news.google.com/rss/articles/CBMiqAFBVV95cUxOU09pQUswU1poV1l5a3FtYW1zdmdLd1laT21LQkZtT3A4dmcxdGhiQ0FUdzNNbUh4eG4zWS1EbGEzcUoxYWpiMXNJM1MzcVZ4NFZldkhvNlRSakttMWh3RDJSVG5XVTNfUXRQOEZ6cWloaHFsYUw1WV80OUh5NTI2ZXpyMHdNQVFzZGh1RmxFT2lMblVfMVFpNVB0SUJYdV9WaTZxVUoxMzc?oc=5
2026-09-10 07:20:14,AVGO,"Broadcom Is 26% Below Its High. What $10,000 Bought a Decade Ago, and When the Gains Landed.",Longbridge,https://news.google.com/rss/articles/CBMiTkFVX3lxTE1QWS1WUi1hbjhScHR0UGF1Q1BrT0ktNHprS3NTU091MmhxeFY4aE0zQnM0RlNMNlpRWk13NnZuRHJscnZOaklSUmhfckJVUQ?oc=5
2026-09-10 03:34:00,AVGO,"Broadcom Is 26% Below Its High. What $10,000 Bought a Decade Ago, and When the Gains Landed.",The Motley Fool,https://news.google.com/rss/articles/CBMizgFBVV95cUxNdzVGdDBVYnhwdERfTUgxeS1tclNmTXlSSjBueHE2TG9jdmY1ZTVIeHloaTFsYW5ZNkRjalptX3diUnd3WDFUaUVQUWREa1RVeE5jQTVJeFhDcVNOZ2JhQ1hFV3V3N25XejRUdnF1d21sd2EyZG5teDRKSU44ZzhzcUFWVU9ubDd4Q00tZm1pWGdJM3Z0V0Z3OU9FLTFkQWlxOW9obnRQMU1oNVFnOUdGcXY1d3FJanRKM2VLR0N0SndNQktDai1MWnI5VnlQZw?oc=5
2026-09-10 03:01:09,AVGO,"Broadcom Is 26% Below Its High. What $10,000 Bought a Decade Ago, and When the Gains Landed.",The Globe and Mail,https://news.google.com/rss/articles/CBMihAJBVV95cUxQNUtjd1hqaFQtNUlsNFB6eHNlcWFvSm9mdm9hbHlOY1ZaVXhMckNSZnJXMVJWYXk4U05sWllZY1dzMTZfVUNYQ2xjWGNBMHFPenJhZ0lxMUNJeTJGNkN0SEFWQk9zZzRtUDZHc1pjVWVDQWs0T2UwSldTWnlxMkdvOG9nSzNPVlJLOS1objdQejJqNGcxZnJ5LTBBNVg0dDRmVC1STF9iQVQ5cGdyeTh4VzVDTS1CcHhEZjJBRE1qSloyVDZlTDhkQ3gyODdLZ1psZGpfZVlZM2oteF9URFJ6Sm9sUmpLSXRQS0Q5c2pTRE5TZHN5b2lKMlpSbHR4UjdMSER0Ng?oc=5
2026-09-09 22:55:11,AVGO,Broadcom Forecasts $230 Billion in AI Semiconductor Revenue in 2028. The Stock Could Reach $900 Per Share as a Result.,theglobeandmail.com,https://news.google.com/rss/articles/CBMiqAJBVV95cUxNNWhxbVdMSHZhMTJRTV9YUUpTeFpGV1BWZERyNDBIVHZSTGtFaTlCdFlQU2M5ZEdQQkFfb0xHLTBybTVPbk54eDBTa2lRY3hLM0pyTGNWdHJFemdKRmhTQ0FySExLTzJfXy05Tmt6N0lZWlcxTW1sQV9TWlZpaktEZV85dC1YTjFlaGlFbHNjSnQ1RjdKdkVBWGg3Mmo3al9tZ0NrWVlWTlJQVEdNWF83QXVvRXhaeHVzZno3MHlrcE9qakJ4d29TVnZnRUhkZjZ0XzdaM0NBNU90dVJMZlJzbFNCamdqVmt5X205NUxqYngzZk1YejRGS3Rab19lWjF2SzF0Y25TLWpRNWFJNUl1b2IwR2RUeEVlZHlxenJlczM3WlpnYnZxeQ?oc=5
2026-09-09 22:41:00,AVGO,Broadcom Forecasts $230 Billion in AI Semiconductor Revenue in 2028. The Stock Could Reach $900 Per Share as a Result.,Yahoo Finance,https://news.google.com/rss/articles/CBMinwFBVV95cUxPVDIyeldNMEhzRG9HcENYSmlSVnU4cUhGZHhxRHNPdEJlZE5RdnNSVDQ2d1Zac1hDRVQ2MVo5aXFoVm16dUdMRDRwY2VLSVh5cDhPeTNaNUdDcUdfaUluekgybnoyUE1rS0VPSk5LZzZCdUxxNjFOQjgxckxhbVZ1eEV3VnFZOVE4RURGQnJ0RDJXeF9ILVl1QVhVTFUyWVE?oc=5
2026-09-09 22:05:10,AVGO,"AVGO has lowest and TSLA highest PEG among Mag 8 stocks, Gary Black notes",Traders Union,https://news.google.com/rss/articles/CBMihAFBVV95cUxOY3RzdXgyYnE4eVBzcHBXV3NoMGhPU1ExOXYyXzRrVGxBc0VCTHY5NTIzaVRic2VsaExQVWNseHVYajVVbHJXWVlyWDQzMU5GdzJhTnlrNjRyY2hxekQzaC1jY0pIUUZvOTM3WXZhMlMxckNRMEtoWFAxbGJ0b1I0eVY0MHY?oc=5
2026-09-09 20:31:00,AVGO,Broadcom Inc. stock underperforms Wednesday when compared to competitors,MarketWatch,https://news.google.com/rss/articles/CBMi4wFBVV95cUxNU2JTWFpkRnowMkhwbHZKSnlQUlA0X1pVN3RUTVFRZWw2ZE05QnQ2a045MDVsaXlVMHk2d05jMnBwM01iQ1pYaEdHYWR2TXpIS3FENUFIbGhYZDZHbUY0ZkJWbzYzV05fWDgycU0zYUVhMjNPbTk3T2pFODZ6RUJEaFBYM1VyUDM2eG1nc1BFNDc4WjNtb1pQcTRVLUNhbTBqTkYtODgzQjhmYXRKaUxxS1pfbFFqUFRIRGNUY3RJcmNNRjVubURVdmFaaFpZbU14MmNCRTJCRE50d0VHVTNDTzJFaw?oc=5
2026-09-09 19:27:33,AVGO,Broadcom: Wall Street’s Margin Fallacy Expands Bulls' Alpha (NASDAQ:AVGO),Seeking Alpha,https://news.google.com/rss/articles/CBMingFBVV95cUxQYUc4UjJfU0F4UFhTRlpIcW9CUmhiQkVpUlZxQWJvRU9oREo5MWNVSUc4dWpRQm0wdGFhLVJwUXl3ajlzT05kbi03OW9vZ09RZUFmSHVQbm1haVZQeFlMLXAxYTI0c01aRlcxQzhPVDczU3hibVRZdWdkSkg3SnFXUUtGb09jY0UxUEYtS294MVNLTV8waFZIOFhvdHVYUQ?oc=5
2026-09-09 18:46:06,AVGO,"Broadcom (AVGO) Faces Google Chip Risks, But Macquarie Sees a $40 Billion Anthropic Opportunity",Yahoo Finance,https://news.google.com/rss/articles/CBMimwFBVV95cUxQR3FQcU15QW5LUXFXRWU5T1V1TmtEcFV4SW5sZUZMVlBjUnZRbHVxWHpnekFSNmtjYTBSaldNcVNodVNVNUNTT01wRzFtVkpGNERsRVluT2VIZktsN0phZEJZci1mdDNBVktuQ253UTNHM0JZajZNczJ4S29HWEQ0REs2bTJWYms5WWp0cFphc2JtVW54MHRWbFE0Zw?oc=5
2026-09-09 17:13:45,AVGO,Broadcom Inc (AVGO) Stock News Today,TradingKey,https://news.google.com/rss/articles/CBMieEFVX3lxTFAyZWZROGRuTUI1SkVZSE9MQUdxelM3SnU3ek42WWFDNG9rc2d5ZUc5dktueVNqS2s2Q2p2aVZUQjk2MUFGb05oN3VySEdvTVhoTVdzaHRfYXFiak1mdWV3R2hfazc5c3E4bm5pcXNacG5Eelh2ZWpnRg?oc=5
2026-09-09 17:12:01,AVGO,Broadcom Stock Jumps -- AI Revenue Set to Double Again,tradingview.com,https://news.google.com/rss/articles/CBMisAFBVV95cUxPY0ZjOENZUjhIb0RCWDhHRU11VUtteHEzZkFjUl83Z1o4Y0h6alBLYlVKQ0N3YlRlbkZ0OUdQbGlUSFJxOVlpRk13SHN1X3NHQ0J0NS1SMVBickRjdU14UDNfM1ZXUHc1QTY4Sk00RFFIeXlBU2JMZmRTbWRfaUVUbENNYXdIbTE1WUZiZlFkY08ta1YtcWlvOGl6WFltOXpQNTlvWUdUeUhvamVpVzhzeA?oc=5
2026-09-09 17:12:01,AVGO,Broadcom Stock Jumps -- AI Revenue Set to Double Again,Yahoo Finance,https://news.google.com/rss/articles/CBMimwFBVV95cUxPajI3RktDeXlPdkVHeUlCRk81Umc2Q1lIV2hNRDlLNTAybzJWWDZ5ZjVIZmtkbm1FRXJlVTRKd2F3ejNORmJDQm12VF9XQzVQVnFWSzljUms2OHpNX2dZY21aWDV5eVR4dHUtSktXb1dHenFxaGdROHhvb3VoOHduS3BQVmdTSm40R01iVEQ3MEhMWHFjVzREQ3VaRQ?oc=5
2026-09-09 16:50:01,AVGO,LITE's Laser Growth Accelerates: Can It Challenge AVGO & AAOI?,Zacks Investment Research,https://news.google.com/rss/articles/CBMi4AFBVV95cUxOMlpkVE9HMUstSzRKTll0d2JsdF81S1R5cHdISXFsOWhybndxUkltTE9VRFgwdUoxSlBjNTJrNnZIa05Sdk5aY0doYWp3Uk9LZ0hycWg5bDRwZTRPYjE4LXdKWEUySEVqa2V5Z21ZMXB5NXg3b3g0dDd2dU5KMlJvTnZsOERDa05HT0ZwSURfaC04ektnbHljVHpoMXZBaXNNTXRsZUViMy1YLWRoMWFQakdEaG1Nand3TnZsNDluczg0Sk9tMFFUcWZZRGJtNnE5cl9oUVBOV1J6ckNmZUc0MA?oc=5
2026-09-09 16:42:00,AVGO,LITE's Laser Growth Accelerates: Can It Challenge AVGO & AAOI?,Yahoo Finance,https://news.google.com/rss/articles/CBMiqAFBVV95cUxPaE1JWjlYQ1JORUI0SFhpM3VsWi1IenhSSjdxQTRNTERiTmhobXpsZkNycTVpNVFhV29UMmwwOFEzRmttY29RdGg5eDl6QmoxNERNZURjNWxIeUQtWmVqNS1VVTctSTV4ZGJGUnRZbV9JRk14MDI1Q01vOEtzQlJOYzF4WmpUTHV3WGlrOEdmb3VXRTJiN3ZNLUc3dXloZDkwY3pZYzE5ZTM?oc=5
2026-09-09 15:51:44,AVGO,"Because Broadcom Monetizes Alphabet, Meta, and OpenAI at Scale I Buy Again and Again",Yahoo Finance,https://news.google.com/rss/articles/CBMiqAFBVV95cUxQTFdaYWQ3dXo3QjdNbnFmMEEwY0tQT3htNFlDY3IxUEtpRC00Qngtb0FNa3Yxem1neFRXMndEU3lwemRUNUtqQ2hoaE1ZWjNfSy1ONGtwcExQLTdsZE83UmFyNmZWQ0lmSHRWUVZlelZCVVdkbU5NZGJBRENBakJVQ3FiMmZKUjI2dWRJdE55bjBoSEh6LVh6SldaYVBpbFNjTmt4U01CWTI?oc=5
2026-09-09 15:51:00,AVGO,"Because Broadcom Monetizes Alphabet, Meta, and OpenAI at Scale I Buy Again and Again",24/7 Wall St.,https://news.google.com/rss/articles/CBMixAFBVV95cUxPWnREakswUHJfSm5SMXc1RUVoVWlEZ25kUi1hN1Q5czZDTXdxSmF6emhVN3pXZFhqX1cyMDFBUHFwY2d6RTBjUG1FUTM3OENJbVB6RUNlWEh4UUxzOXVFbHp3ZXNwUlpNZ2ZRNnZFTFRwdDg0QS1yLWVKM3BUbFk3WkRqMkl3dlBEOTVMSVlPTEJBelpQTmhoRmxPX3ZwSmZHU0cxT1RMcm5PS2hQaWI4RmduVzNFVW1WZ0d6LW5ycEtvVUg3?oc=5
2026-09-09 15:51:00,AVGO,"Because Broadcom Monetizes Alphabet, Meta, and OpenAI at Scale I Buy Again and Again",24/7 Wall St.,https://news.google.com/rss/articles/CBMi8wFBVV95cUxPdFZTWUI1elZRbnZiY3BObnBCN2htV3JyQ2M3YmktRWQ2eXNJUnR5ZXgzd3ZoR0R2cy1hWUUzTmVselBTNlJuVUxpWU5QZy0wZmpEa1Ffa2RxZVR2alRTRF9Yck84Y1BzcWhvUXVKcU85TjFWVE14NDU3bm9nbEJfYzJYWWxEYzdUa216UzdzQUROVk1Pc2RPbElwODFnZ256TWNvTGdrMzc4VE91cFFHUlc3X2loTC1SbmNNUFRsLTJUUVI1WGRDNThNMXBwLU91NGNldlNlMWhyVHViOUp3S1BjQVNFVGRHVFhVblF2MkhLSE0?oc=5
2026-09-09 15:47:58,AVGO,What Makes Broadcom (AVGO) a Lucrative Bet?,Yahoo Finance,https://news.google.com/rss/articles/CBMinwFBVV95cUxNVVpldW02NVRoTXJKYUttLWxhdnlGREkwcUV0Z1RaLWtQazRsSHV4SWhBRUNaWGFydHcySng2akpHZXZCb1ZEVG9COUswazFxeXlOWVFCV0x3UzJpWVJHYXZWWHBjYjFyMzZxVUpheVh4WEpmX1pXZDZ3LW1yU2VkZEtBZUlxY1YxdXJIQldCb3pTczhBSDlWbmV3SjM0aEk?oc=5
2026-09-09 15:30:24,AVGO,Broadcom Stock Slipped While Its Revenue Schedule Got Longer,Trefis,https://news.google.com/rss/articles/CBMirwFBVV95cUxPSHU3cWZmWXVSQlFGUk9XYzdNWVEwNEktOFk0SzN4U2xmRWg3akN5TUc5S2ZtQ214M3lPSmZ1d2c4a3pSOXVuNzJ0cjFNSUs4QmtZeTY5aW56TXNyQXA5MlQ3S2dNaFBqVzQyeGd5ZnlOVnZmUEFPbkQwTExFd1RMc1Q3cEQ1a05LMlJkV3BUallTajBRMGlrU2h6SmF2NU1fblVUYjYwZThrUHRvS3hB?oc=5
2026-09-09 15:30:24,AVGO,Broadcom Stock Slipped While Its Revenue Schedule Got Longer,Trefis,https://news.google.com/rss/articles/CBMivgFBVV95cUxPVVV3Rkt0TC1sYUYzRTB2M3RWZHJsMGl4cy1rWktvcTlQSmhjNHlUTHJuNm52NEU0S1VFOE5MWkh1aHdiTzYxSWkweWxkeGpUX2FhRGhNUzhFS0VMRDdlS1d0THdFS1ZKLTFHZjR6Wm9oS084Zlh3azJxZTA5SU83dnZnalRjOXBKT19Qd0tKMTdmTUVZa2hxOVBVckJWMGMtdFM1ZDdvdGNTVDNjNm8xSWw4SGktSjNvTlpIaTlR?oc=5
2026-09-09 15:29:52,AVGO,Why Broadcom Providing 2028 Guidance Is a Big Deal for AVGO Stock Bulls,Barchart.com,https://news.google.com/rss/articles/CBMitgFBVV95cUxQNU1VV2Qxc3NDWTg4WjhmVzNqSTdJWFlQbEhIU0lZS19oeXVLX2lSR0djYmMzd1g0RDFZTmdnMDdsNjNpRVlwR0EwMW5QSlZ6NW9IWmZWeGltNUtpeWxMeXN1c1RUUzBvLWMzV2kxYTJsbWlxSXhCQlU0QjhoT25rMU9OR2VJVGZybzlITjVPZThpbENDdXFVYld6XzFGQTVDZGduc1haaXBTMDJZMFQ2R0NZdTduUQ?oc=5
2026-09-09 15:29:52,AVGO,Why Broadcom Providing 2028 Guidance Is a Big Deal for AVGO Stock Bulls,inkl,https://news.google.com/rss/articles/CBMingFBVV95cUxPWlZJdVlXX2o5NGVJRHpocFRIR0hYZjM5VDBfV3JidTU3dTZBZ2Jlenc1UGlfbkxkQVNReV9uTFB4d01HTGh5Vk5sdERDUHdpSlV5Zk5MMTNLWUNqMkJHVEVzRG1rc3dFTlhocUNqLTZWc1BfRXdwM2liUFpiYkt1blZPcjRZS0xQUXcwTmxzcDBpdlhFRXJ1M3BiNGhCZw?oc=5
2026-09-09 14:20:14,AVGO,"Qualcomm vs. Broadcom: One AI Stock Is a Buy, the Other Is a Wait-and-See, Says Top Bernstein Analyst",TipRanks,https://news.google.com/rss/articles/CBMi0AFBVV95cUxPZGpTR2FEWWh2cG92RkVUZlUtWGpTNUNKemI2bXJEOHRvYU1XVjBnbEt0NllQXzllazltWUxhVmtFbi1MRjVWRTJDdm54dTBnb3JPVEtzcmIxRDRpTnJEUTNWd1RXdzg3UTRHZjcwV1VmbEdBNm9wVDFpT0pvUDVhTXNNdGpaTko0eFZKdnlsSWU1OG9IZDFZRGRPRGpUX20yRUwzcDFUVUJfa0lUOVZxV3EyeDM0QUJVZDlMXzA5dzhJWkNMeDdtUEhELUdsMEZr?oc=5
2026-09-09 13:59:57,AVGO,Broadcom (AVGO) Drops 26% Despite Record $16.7B AI Revenue Milestone,Blockonomi,https://news.google.com/rss/articles/CBMikgFBVV95cUxNdEViOHJjVXRBUWl4UzBzSVRSdUVsRlhyOEgyNGdnQ2F3SHB0ZmJObWFzSGxmYzU2eWIzWVdFbVFxamROSDRIY01LUkNDT015ckdaa2tmdDluVXg3N0stc3FhdXlNdjM0TVNZZ3pzZDN2em9HTk94RllONGY2Qm55ZTdlT1RMeTZvdVNQMklQYUdHQQ?oc=5
2026-09-09 13:52:46,AVGO,Broadcom: The $230 Billion AI Dream Is Getting Expensive,Seeking Alpha,https://news.google.com/rss/articles/CBMimwFBVV95cUxPY2tiVlJlWmpCY2pxNEZyRV9JUzNzdXMzaURJMEgzQmE2V1J0dmNxMHRpbUZnYW82Skp1OFJza1ZIdWctQ015SkYzYUplN0RiTnVkcFlEM3BPNEJYYUdTQ3BDUk9KYmV4UWJpUWVPY1pqRUpQWFdUWWR6dm5xandQVjd1WlVQY3ozak9Ea3JNUFBpdjd3dmJXT0d4NA?oc=5
2026-09-09 13:14:24,AVGO,NVDA Stock - NVIDIA To $225 Or $190 Next? (NVDA/AMD/TSM/AVGO) Tony Award (ykv7Qc4Y0Z),Mshale,https://news.google.com/rss/articles/CBMiYEFVX3lxTE1Gcm5Vd1lndTd4QnhKU2NDel83YU14ZkM0OUllcWFTZmFDNWZhYzNlUWdLYkhBRDBGdTh6YVByMlMzMU1VMGtwQlRVc0hKSktMOXBrb0xYTGJvaURWeTVkaA?oc=5
2026-09-09 13:08:05,AVGO,"‘Recent Earnings Confirm It,’ Says Investor About Broadcom Stock",TipRanks,https://news.google.com/rss/articles/CBMilgFBVV95cUxQZFpFbDVEekFYNmNvQWJERFNCT2xsZHJNY1YyeUw4S3VscF9weFRqWkUxZzRsQXVSakJlREpueW5rX2Z2RGdqTTk2STJnNmRxS2ttTVdmd2M3ZUMwa3ZyYzJCVVgzbWVMSW53SmcxN3EtTlQ4aWROWTYxZXZxS2JfNEVYV2dCcFFnaDhCbWJpSXpLMEgzV0E?oc=5
2026-09-09 13:01:09,AVGO,Why Broadcom stock went up yesterday,Wealth Awesome,https://news.google.com/rss/articles/CBMie0FVX3lxTE93SEVjLTFCUUprVXdIMXFKQTZLOUZhNS0yZC12Q2drUnhPUUplbkJ2clJDLTVScm5vZXJPVk5aVF9PSFRPTU9xcS1MV01KdlhCMG53cFVIU1hIMFpkWFA4VjRrb2JiQ3p1alZGanJMSlE2VVVDeGp3cmVZQQ?oc=5
2026-09-09 12:55:01,AVGO,2nd June STOCK MARKET #AVGO #HPE #QQQ #NVDA #IWM Jared Mccain (28H39Ut8mC),Mshale,https://news.google.com/rss/articles/CBMiW0FVX3lxTE5iejg2T1pUcmhjeVQ2RFd5bTF4SzR4Qmd0XzVBemtCOXNzWmxpWE5Dc1ZUWkk4TWFTQUF5Z2g1Z3RuS3lLdmdVYzkwMWdnRzJnU29BUGN3TWRnOVk?oc=5
2026-09-09 12:34:39,AVGO,Why Is Broadcom (AVGO) Emerging As A Key AI Infrastructure Winner?,simplywall.st,https://news.google.com/rss/articles/CBMizgFBVV95cUxNYmNicnJvUWFuNGFNcGtPVldaTWU5QXlUSGFfYlZNeUNra29vTnBTUGpOaDN4UnpGbGV5VzluaEVOQ09qRkFMRmp2ZVpoYnIzR3hienFHNUNLY2lfSENtcXd5QzFzWi1DMkFQaHFsLWZveFhWRldtZXQ4MjB0Ty1oOEpiVGZCMnR3WDBXWmVGM0VjckY1cVcwY0xWaHdNbm1kODh6VFRxV3l6cmFaVUhqX2V2X19HdTBhV1ZJMUVMMnN0bHlidEdNSUYtcHlXd9IB0wFBVV95cUxPY0RqMkVDN2NfV2R4RDh5Zzlrdng1eGM1RTVkN01seTc4Y0lqQ3pjYk9Ea1lpQlZHMl9PMlc2aVZYVzIxUUU2Sl9VZGdkUkRZNTd2c3pkOVdYbXdxeGphWVFlSkJfZDhGR2xWcFg2Uml0YlpEMTJSMTJOZjZiT0hWeHJBbG8zdDZxN2V5RHZJOWdhanJ5X0tGYkFtZGhOMkxkLWtNSEpzSld4RGhEQ3dpbFo4N1VnbkNiaTNkM0d0bDdmS0QwQkVBQk1TRHk5VDJkcVlZ?oc=5
2026-09-09 12:20:59,AVGO,"Nvidia, Broadcom have 'broadest' ownership among chips; Micron, AMD surge: BofA (NVDA:NASDAQ)",Seeking Alpha,https://news.google.com/rss/articles/CBMisAFBVV95cUxPZU4xMlQ2Z3FhWmczZ0dVdEVWTTlvTkQ3d2JpeDJKOTY5blFfWmt6VzgwLW9HbFJ0OWRpTFY4bUNZdTRoX0VDcUNPb0xaYTlGbFJqVzRzVE1WajVTUTBFbWV0Z2djYU92MmNmTHU1a1FaT1hHWnVJQ0wwWXJDajBpdElsZWlWZnkyc3lMVkJvYW9TUDVRRmd2RHg0SERudzNtM2pzRGE2T21DUlNPNVJ4Vg?oc=5
2026-09-09 12:13:49,AVGO,AVGO Stock Just Crashed 20% - Massive Buying Opportunity?! AVGO Stock Analysis Catanzaro Informa (AU8UoGB7ZV),Mshale,https://news.google.com/rss/articles/CBMiYEFVX3lxTFBHZnNlamMtbVF0VVZ6Rkx3c0dCUHd5RVFGTGFCbWRTWkxnVmhOalItZElsTlFkTWhydEJvbkRLaGc4T055c1FaUE9Iem5fZWw2X241ZkZZS3I5QXhMSEdJQQ?oc=5
2026-09-09 11:37:00,AVGO,Truist cuts Broadcom stock target on rattling Q4 outlook,thestreet.com,https://news.google.com/rss/articles/CBMipwFBVV95cUxPc1RlVmpBbGladExEQTFsVUVPd1MwS1hnaWU4dC1WSWhLMHZEWFhnQ0t1QUxFdC0yMFZIbjFXb1MzcVB6WDFPNnNLSm9BYk5BS3o4V0JUQjZ1SHdoQ3lYMnZuRFFSUEswMnQ1Z0lqTTNfTlNxcWpQR01OVkw3WjJGUjQyX3daY3o4X2ZsRmtudWQ0M1k1Y1pKTlc0bk84SmI2UjN5NkNaNA?oc=5
2026-09-09 11:31:10,AVGO,$Broadcom (AVGO.US)$,Moomoo,https://news.google.com/rss/articles/CBMiekFVX3lxTE53NzhGWGpaUlF1VDdwUHJONkdWcjZsMU1pWVp6NG16QXNaREU1b2NsWGJQUDRoT3hNcDFuLUdzY2VFRDB5b1dEWEFCUVhvTUV3UXIzVGVrRUZ0aFJIUnlIbVZDTjBBTWE5RDdYVFM1WGVBajB6QW1ick9B?oc=5
2026-09-09 10:15:37,AVGO,"Broadcom CEO: AI revenue to hit $230 billion by 2028, power is bottleneck",scanx.trade,https://news.google.com/rss/articles/CBMiugFBVV95cUxPZzBQUWxRNnRIMzlqNnRhRWdFajFLdDlUaGszaVdYazZNemRZcG5pWElBTF95RnhocXZaWTRkSGR5VFpzbXNCb2QtbTFzUWNva1hOOFRrZ0dpYWQ5UUkzeUlLaDVNc21OUl9pYVByc2NyY1Q5YUZQbzdDM1N6UUVieG1KQWxKcFFtLVJLYXNHVkdKMHRDdkIyc1N2N0dnWVRsV24wMzBiY3VhcTJ6bWl2TTZqRFkzRTdmSEE?oc=5
2026-09-09 10:13:34,AVGO,Broadcom Stock Slipped While Its Revenue Schedule Got Longer,Trefis,https://news.google.com/rss/articles/CBMiygFBVV95cUxQN25Ka2xJamJRMUgyWXdkeU1na0kzMEhWYVo1NXE0NW1yMGthOHdqUGRxTEM1bWpJU2s3SnRlN0s2ckNRRGhESEMxVmdUREJ1WE9JUk1lTS0xck13SHBPand1UmhqWkVhT0M2eUpNX3U2MGFVcC1PajhpN2lzX0diWXI1WE1pSG9ua2RjemtLd0VnTmdlUGMzZFFGM3F0c0lHcVZpSWZhazdZOXpGbkhLcmhhMXlEMlVTRjVhb25Mbjc4eWU4eFRBR0FR?oc=5
2026-09-09 10:01:48,AVGO,What Is Broadcom (AVGO) Stock and the AVGOon Tokenized Stock?,Pintu,https://news.google.com/rss/articles/CBMimgFBVV95cUxOYUs0QUhCXzItRTZKX1dwLWRhUG9WbnhGbVRVWlAtMWFtZjMwUFNHRG9xRkhJbEpJLTVCV3FWWURuQy1GSkhXV21KYmxCcTYzRmZnMF9GWmZVR21odl96bnpLSGJpMkcxUkptWFQwdmtLdjc0SWZvUUVyM0x6d1ktbHJLWW9jcTFiZVg0WUU2VkplNm92MDFZYnF3?oc=5
2026-09-09 09:51:44,AVGO,What's Going On With Broadcom Stock Wednesday? - Broadcom (NASDAQ:AVGO),Benzinga,https://news.google.com/rss/articles/CBMixgFBVV95cUxNQWotNXZOYmUyZWRweWoxYUZVekROeXZYc3NseHhJMlQ1MnBWZE5xZDdWdDE2SUtXcGdaa0tyMmh0QWt2a1ZqY0hxOFVPR3BXdEh0N3VjZTJUN0tGOTNmUjh2bGdaZmFRRTZtTWhVVHFvTS1FM3dsWmkwcVI0TlROWUw3dkgzVE41cW50ejFQMGp2RmhqUWtmNEpPZTd0ekkxSFQzY3dhelZzVEZ4cXZpODFuRnFrVEdueGVselkxb29sVU1DMFE?oc=5
2026-09-09 09:51:44,AVGO,Broadcom Says AI’s Biggest Bottleneck Is Moving From Silicon to Electricity,tradingview.com,https://news.google.com/rss/articles/CBMiaEFVX3lxTE1RZHpId1dKUWx4MEd3OUU3ZmtRREpmWWtSTmZ3Wml0ZWtrRHZyM01NVHpPUzdZa1V4aDVnZ1RCb29uckZIS09lRWVVNFM0QWlSQTA4RzJhSzNnMVBVNlZvZkR4aE43Y1kx?oc=5
2026-09-09 08:39:07,AVGO,AVGO 260904 347.50P (AVGO260904P347500) Stock Options Chain | Quotes & News,Moomoo,https://news.google.com/rss/articles/CBMiYEFVX3lxTE1jSExhY21HNDRZeTRaaU5RTUk0NzRLRW04U05YME16TUVNZjJCbXNzYlAyYi0yM2xjbWpRSjYzblI5RElQWWJWNEltTXhPajYwbVQzVEdid1dSVUdaeDVBXw?oc=5
2026-09-09 08:18:45,AVGO,AVGO 260824 350.00P (AVGO260824P350000) Stock Options Chain | Quotes & News,Moomoo,https://news.google.com/rss/articles/CBMiYEFVX3lxTE1ud3p2MFk2TGtjU0NtNEVIRlVFaVZPYmstakVLcmtjUjRGbUx4aF9lUzl5Q1Y4R0hQMUlMMVBPMVFhUnVKN1VDSTJ4VXRDbTkxd1c1WVF6Mk1LMWpSMm9vNw?oc=5
2026-09-09 08:12:58,AVGO,Broadcom's Artificial Intelligence (AI) Chip Revenue Just Rose 221%. There's More Growth Coming.,theglobeandmail.com,https://news.google.com/rss/articles/CBMihAJBVV95cUxPZURXZHNHS2lqNXRjOENVUjJ3djRlNHdPaHRJTTJSS0tVVXlNSUdfalNvQjRqQWl3ejM1X1N5RFhickMtcUw0ZHhvTmM5YXdmMXg5UkdWelhyOXhDci1tQ19xelNNQ0Q5YUpJbS1fZnNVWWJhdlhyVEVzcmhiZFZyUU1BSDRYang4WXpSN1VEYklMVzlUZEEtTFZSX0JZVDBmdW9KOEQzdHN4Sk5YXzd4UTJCS3NLWWszc25GeGdSZTVKa0FmSVR3cnI2c0ktWXBOOXZfbXdLQXJPbnRpYzVodEU0MXMtOG5Xc1ljNWwzZFMzdVNwY2Z4VEFneVVzcEU1b1VIeA?oc=5
2026-09-09 08:12:47,AVGO,"Broadcom Inc (AVGO) Technical Analysis: Support, Resistance, Indicators & Moving Averages",TradingKey,https://news.google.com/rss/articles/CBMiZ0FVX3lxTFB5LXBXaW9jSWZDX2xIdnpOX1AyclEtRHFqQkFfaFo4N3htZFl6NUJBaWdaa2VMRy1OUV9iOENYQlYwQ0VoZnpUVlZIRkI5ZmF3NnZTSDBNamlKaG1iTm1ka3p6YU9hZXc?oc=5
2026-09-09 07:18:02,AVGO,(AVGO) Risk Channels and Responsive Allocation,Stock Traders Daily,https://news.google.com/rss/articles/CBMiwAFBVV95cUxOMXRyT09yN3VfRFJndUdma1JjU2RfcHZ2aXlHdkhpajJseEs0VzV0WUcyQUhndzVteHVsMWFGX0R1WnBYY0RKbk5EN1Z2dnplck5TM1pGMDBvQlNuSlNDMTNrX0FSMTRQSEw3anlGZDNnR0J2ajh0ZE5hTmw2U3EyUEFJUGxycjA4elh6ZTQ2RFIwYkRQRGtheXEtY2pBaF9ucGdfR2JhaklNSTFHQkR5aUFpZjJDemt5dGwxQlRPV3U?oc=5
2026-09-09 05:36:38,AVGO,Broadcom's $230 Billion AI Bet Gets Real (NASDAQ:AVGO),Seeking Alpha,https://news.google.com/rss/articles/CBMihgFBVV95cUxQejFhU19HZTJ2MG5oRDY4T1ZNWkJENWRuUWNlMkNlaV9QYzBoOVdnTU5zaTBhTHZqOVBPRmN0SWZyOUp6b3JDSGZjX3F4ZEZGVUdMS3lxTDh2LUxudjVsWi1aNjdiUEF1Y0lyTXNyaEZmZTRwNlg4cHlkdGFrb3lLWkQxVk5tdw?oc=5
2026-09-09 03:19:49,AVGO,AVGO Stock Alert: Why Broadcom Is Crashing & The AI Buy Zone! Ufc Ranking (nyvOTL5dy6),Mshale,https://news.google.com/rss/articles/CBMiW0FVX3lxTFBra3ZsTDMtMWhiLXUxUjlDVDJpTldfRDQ5MzJRWWN5SVQtRWdWTFozdGd4UGk5dWlXZ0w2NUt5ckpkQzFHTC1xdkNrT2k2RzNvbmFCUnZtZnFXUkU?oc=5
2026-09-09 03:04:02,AVGO,Why Is Everyone Talking About Broadcom Stock? | AVGO Stock Analysis | Stock Split Fourth Wing (V1KEidWQxT),Mshale,https://news.google.com/rss/articles/CBMikgFBVV95cUxOc3U2TWpmeEtGaGNZSWo5WUhmXzJQTnRzLWpUUnNndkFLbmhtVkc1bk5zdk5xQnNMLTdEWXdvcUJiZFN1RXM2dnRaZ2VLaDk3bjJlb0xEZFRuMDdlbHo4elRfQ3ZwUkVHa1Q2eGZQNFM2LTVUVVlaX3hYSmVCVTBoX1R1VHZoOS1FQmhuZE5VMGtMZw?oc=5
2026-09-09 02:13:00,AVGO,"Why Is Broadcom Stock Falling, and is it a Buying Opportunity on the Dip?",The Motley Fool,https://news.google.com/rss/articles/CBMimAFBVV95cUxOMGJiYVBtT0R4dGxYVTlmbVBDTi1wZ0VjRHpYbUVULWp4eFpkQ0VaUFBwNWh0SEllVzEzN095ZGJjbjExSUE0dno1cVF6b1JuWEp0UHFZYVF0NWdJWHFPd1h2X0EyR183ZHR3ZWpPcmhfQ0MxWmZQUTkxbmpuUDVfVkZVMUlFMjZIT3VuSm9kS2xieW9OY3VHQg?oc=5
2026-09-09 01:55:27,AVGO,"Breakdown of positions in MU, LITE, NVDA, and AVGO: The current focus is on protecting profits.",Moomoo,https://news.google.com/rss/articles/CBMisAFBVV95cUxNN240RTlja2RZSG94SU1RQ2RwOVBxOGJrSFFNV1k4a1dwcVVYNjRQM1I0Vk1ISHAwWHJmTUJWVUlnd2VqMzZtUG9HYXFFc0xuTFhwUWhmdjBsSWQ1NFhEMDFHaUdyb192WXZucU5XcV9SVkIyTUQ3anFwM0M3VFFWWG1RRFpreF85UTJVNVFKdW1pd09fQ1NGMERoajFWanpCWFJiOXd1T1JUZWJjUldlSQ?oc=5
2026-09-09 01:33:00,AVGO,"Why Is Broadcom Stock Falling, and is it a Buying Opportunity on the Dip?",theglobeandmail.com,https://news.google.com/rss/articles/CBMi7wFBVV95cUxQbUMyaFRnU2FtZEQyS0FWZHg1QUxoUXA3UjM5NkVjUUhUcjRGczYyX0VHSy1ZdFZXeWFYalh2NlVpYWNrT1c2QWxiUnFFMDVibGtrcjJkVDd6NWktZFhCamhtTlVhNU1sLXJVSE1lMGhOeG5iT2U1TTBPb0s1d1prV1M1Mk9wR3gxNnlTTlhiNGxaNGVXZW1uMGxDenNtTVY3OWl6RG1zZHFoY3hBSlRtV05LZjVwNjBVeWVnU2d4bmI0djI4dVZlN25XOWRTRUs5MEIxbHlnYVZNTDQzQy01akM0b1A2aEM3Vl8xcl9VRQ?oc=5
2026-09-09 01:33:00,AVGO,"Why Is Broadcom Stock Falling, and is it a Buying Opportunity on the Dip?",theglobeandmail.com,https://news.google.com/rss/articles/CBMi7AFBVV95cUxQcEtKcE1VUHg1NUpGNmplT3lKOE85MGhNZ3JCMW1VSkxLRm1TYlg3bEhFbWdHWTh1TnRjN3dRN0k0Mk9JOWc1MWNyUlNmTXBjQUJ5VEc3djJuVm1WWFhuOVBYb1hxSkZ5eXR0aVU2ZXBUWmV6U09RSjVDeDBBZ0ZBNVV5YVQ2Z2FpZGJTbFI0aGlqVnAxbEh5UDlzRGdyQlo0UFV5bjdrZHBHMnlOVFY0cW9qcVR3MW92bFBZb2lZQ1FmRkJRNnBtNExIMDdLdjZHY0FjYVRGSDRVdjE2dWVKNUE4V0JYNzRGd3lIRw?oc=5
2026-09-09 00:48:30,AVGO,Broadcom (AVGO) Stock: The Silent Monster Driving The AI Boom Subaru Outback Sales Drop 2026 (0avWTwtn2E),Mshale,https://news.google.com/rss/articles/CBMiW0FVX3lxTE1UaXpCbjZ2V2tic2U3WWt4U1hvY2R3Q05sV25mY0duUUdEX1ozWDF5QVV5d2VjZmxxMW5YeXl1MEJvYzBIcTllMEI2eDdIVzBKbGY3cjdpNENQX1k?oc=5
2026-09-09 00:18:34,AVGO,AVGO Sep 2026 320.000 call (AVGO260904C00320000) Interactive Stock Chart,Yahoo Finance,https://news.google.com/rss/articles/CBMiakFVX3lxTFB2dG1zZ19pWXVySWxmcFpzYWNLbjdwLTdmOTBFRzBqMEhOWkVsQk11NmNjWElJeVpmbTZBTGVmMEJESy11cFhTajE3TVNWci1GRnZkZTFqV2JEeGZzamdxdTVxbnRQS3NhQUE?oc=5
2026-09-08 22:46:39,AVGO,"S&P 500, Dow End Lower As Middle East Tensions Spur Oil Rally Ahead Of Key Inflation Data — META, QCOM, BE, AMZN, AVGO In Focus",Yahoo Finance,https://news.google.com/rss/articles/CBMijAFBVV95cUxQbXh4WF91UXlEb2c0R1QyMHM2aDY4ZnN2dW1xb1VicUtrQzhLUXlxbEF0aUhIdFZ3VnEtLU0zWlo1clRiR2hHRDdmRnpHZTh1a3FFZENBRmQzYTNqUC1qWGNVQVRnTHpOOEVrNllUYzhnSUlYdzZuUTEyT2xuVlNxcTRvd09Uc0o4ci1HaA?oc=5
2026-09-08 21:50:13,AVGO,Broadcom (AVGO) Post-Split Valuation: What The TPO Profile Reveals Freiburg Fc (9BtoUbhTrN),Mshale,https://news.google.com/rss/articles/CBMiW0FVX3lxTFB4cFVBYjBzYjRpTC1HZGR1MlhwaHBpeExlTTJ3VlN4T0FSb1A3a1duUS1GX0NQRFVYY242VXJWcnlfN2RmSDBxWDRqeHRiTHlUVzdJU0ppY1VxQlk?oc=5
2026-09-08 19:57:01,AVGO,Technical Analysis Of Stocks: SPY / QQQ / NVDA / TSLA / AMD / PLTR / AVGO / SMCI Aryna Sabalenka (xLugY8mrDP),Mshale,https://news.google.com/rss/articles/CBMiYEFVX3lxTE42dmE4X0NrYjFzcVpEcFRlMEFNcjN3dDQ5WUlfOUItaGZhRXh2ckE4bWloZkhFOF9GMm0xcXpKdWZGZkgwaGkyajBUa3dWdXdhWkJuaFNPelJSMGIxOFNQSw?oc=5
2026-09-08 19:54:00,AVGO,Why Broadcom Stock Rallied Tuesday Morning,The Motley Fool,https://news.google.com/rss/articles/CBMijgFBVV95cUxNcFpzdjltazg1eldjbl8xN3lXZ0xKQWFyblJGQVRhcndPejI2R2locFBkd2l1SGN0YVRPRGJjSEVfQ2JxYk9Ba3BwdHY4Y2tUbWwzb09FVldMQ3lycjNkdmFQc2w3TWV3MVhtV3J5Sk9mWHlUT29Ta0pmaFNJTmtlektpU1ZBUzhyMWJnMHJR?oc=5
2026-09-08 19:39:11,AVGO,NVDA Stock - What Just Happened Today? (NVDA/AMD/TSM/AVGO) Wes Streeting (Ga8kcYxe1b),Mshale,https://news.google.com/rss/articles/CBMiYEFVX3lxTE03TXVrSmVwVFdXcTlnRnlxQlVydzc2VEJfN210RVU2bVpIU3ROM2lmMW90NEJzQm1jSmtsVjU1LTBVNnFOcVhGdG85em5EMjlpczU1cjdTZjZlaTRrWlpGdg?oc=5
2026-09-08 19:38:18,AVGO,Why Broadcom Stock Rallied Tuesday Morning,theglobeandmail.com,https://news.google.com/rss/articles/CBMiyAFBVV95cUxQMk90d0pmNWUtSXplTWZmTF83bUd6cEdXY2tjZkRXVVJVR1l2RWhwLVZTNlhNUktuNjJFcnpsUkxXdlRpZkxGWWpjZVlkNFUxZno4SG9hTzdHWUtUT2ZVV2dUMW9oUjJBdTMySE9zc281T3dsY2JpSENJWFo2R3NIYWs3elp6VXZyRUVWdGYtby02X2ZXOF9sUU8zR3JBc2tQT3RxVVYzN2pxMkpEZ1pET2g1Y1ZBQmUwTUNfZW41N3VLbnB3MnZzUw?oc=5
2026-09-08 19:25:56,AVGO,Broadcom Shares Rise After Citic Securities Upgrade,Moomoo,https://news.google.com/rss/articles/CBMimAFBVV95cUxNdmRjdTZldlo5SDFOTTJzTnNTU0dCZU9maGMwbWd6MjVDbnhqVWFzWW1XWmptcmU3MzY2V0ZEbmVNUHYyeXlubDNpdkVUZ1FBRDhxVGNpd3BZM1ZQRHY4MmpETTR5aWJKSE5XVmpKM0I0V25zdzBfXzQ2SGctV3JTYUt5RlVJcmZpTjVOVEpzX1h3a2RQVDZoVw?oc=5
2026-09-08 19:20:57,AVGO,Broadcom Earnings: Why This Stock Just Became A Must-Buy (NASDAQ:AVGO),Seeking Alpha,https://news.google.com/rss/articles/CBMinAFBVV95cUxQMlozTkJzV2oxR3h3ckNDR1dRbUhlb2pRa0hHWFRWZmZuM292WVlfTEV6LUFOUVl1S3pfVVdyZUNUaWlYaXFBbjZKYTFiNHE4bmhjQXdDVVZSQWZZUXN5OFlNMmFRRnZ6amF0SmREemlYNUdkOG40QXE1Y0VKZTYtWGUzc0wzRG1DQUUzQ2pwd09XaVRKWFZlYi1sV1M?oc=5
2026-09-08 19:14:57,AVGO,Why Broadcom Stock Rallied Tuesday Morning,Yahoo Finance,https://news.google.com/rss/articles/CBMioAFBVV95cUxPYkpnWVBzRFNnTGFkeXVtMDI3NW1JVGc2RzRSaE45ZDJRc01rV0RnV2g1OTNFaXpHM3Z2RDdMOWdFOTNRY0dCU0pKVU1LZmx0ZW04bnA1NE8xZjhMMTN1YnVZRV81YXFzeHEtMTdQamdtaEE0SUNERFpfQkprcGRkMVVZNnJhRlcxajJZRXZVR25EZ0lSMDJOY2pDaUNMdGdJ?oc=5
2026-09-08 19:11:37,AVGO,Broadcom • Robinhood Token (AVGO) Price Prediction for 2026 to 2031,Bybit,https://news.google.com/rss/articles/CBMihwFBVV95cUxPdS1mdy0wcFVFR0tBU2hpMmVoWjY2d21ZSUVadnJCbEVwbVdZaDJKYkNhdTVxQS1fcGRDSU02SUluVEhoam1qREFiMThVdVlqN0VYZmdlekdHYllZb0RJQWNNTElXcWRjTFdjdkw0eUdORHZvS2tMeG9iaU01Yi10eXVDcVpOaE0?oc=5
2026-09-08 18:59:12,AVGO,Broadcom Shares Rise After Citic Securities Upgrade,marketscreener.com,https://news.google.com/rss/articles/CBMipwFBVV95cUxNd0ZrbTJBbm5ZVXR3VHRnMmFhVW5iVTlTUUd0N3E1WlVUYjdLYjMzblZrTnJtV21VdHFCM1IwcTYzSnpvVEw4c1JMbkR6alNBRk0zbXJiZzJPQS03Z2pCejM2cE5kR3NRUWcwajd6Uzc3aHpSWjdPdnY2ekI2XzNnSm1sNHZnaGtsNzkyMFJReXp4UElCVExsQVg2R1ktZmNaOXpZTjNCZw?oc=5
2026-09-08 18:31:03,AVGO,Broadcom vs. Marvell: Which Custom AI Chip Stock Is the Better Buy?,theglobeandmail.com,https://news.google.com/rss/articles/CBMi4wFBVV95cUxNNXJhZGRQeHgwMmhrS1NWRWhKZDRBLW5aN0dKRjN6bGJYY1NFUmdqam1HX1dNZHFIXzdMTXRtdlEzU0I4X2ZDY0trWlhnMnp2S1F3dW1QUGpfUzRZUGJtdlBVNDFISElKVFFvOThWWVk3SmQ0dHNRaS0zbGszRl9OMGdQemxWQ094Vkg4dVd3ZkloXzhnN0p4TDJ6ckM3ekNxU2tDRVhtM1k0cjVKUzk0SkhUR2hOT05ueDViZ19UdHZjMnlfTFFSVExLcUI1a1Q0RWhfcFVkVmxXcUVBcGpwbEF5NA?oc=5
2026-09-08 18:28:03,AVGO,"Despite Post-Earnings Drop, Wall Street Analysts Eye New Highs for Broadcom Stock",MarketBeat,https://news.google.com/rss/articles/CBMiuAFBVV95cUxNR05LcVh3OVFwcmpHUFM5a0llRjlEZDB4bXBVakd3elBhNk1kZzBDVmcySlVOREtRSzRJNlIzc3pab01SUjlpZmhjaUtuN3pXRFZHVkZNZzFvek1NM3V2U1hHcWUtWHFrNVhBVWJFZFRmeVVEb0N5RkNOczNHTVJZX3hRSjVZcjQ5Z1NOTnI0c1hHVE9sWjlrU1FCOWlXX1lfamN5SFZSdzNnTHA0MjlheWh0SzNabEt6?oc=5
2026-09-08 17:19:00,AVGO,Why Did Broadcom (NASDAQ:AVGO) Shares Barely Budge After A Blockbuster AI Quarter?,kalkinemedia.com,https://news.google.com/rss/articles/CBMi0wFBVV95cUxNUlBub2Faa0NfU1ZqaWVtS0VSUjFESVB0QnJLdTliUmZKM3k1dEF2Z1piX1FSYzhKVEZSV2o5OU1SN1I2RmpEQzhaNFp6Z1VlT1FDZGU2eVc4R053WmRBTVdZTTRXMlVNa3NXTkIxalBRdzIzZHhVM20td084aFlEc21BaEl3VEhXcXg3MWFIbWNQMTgtV3BBOFVJWndGbVpJbUlKYUx4U3EtbXN6eW10cGt4MFBZbE0xOXkxSkx0ZkJ5YVRJVy1QMEhTQ3BYTVBDMXBr?oc=5
2026-09-08 16:46:13,AVGO,"Applied Materials, AMD, Broadcom, Lam Research, and Marvell Technology Shares Skyrocket, What You Need To Know",theglobeandmail.com,https://news.google.com/rss/articles/CBMimgJBVV95cUxQdnVicW1PbFQ5TG9jU19BYkdUSGp1ZnBjZFp1U1VxWmlHbnBFMjhXb2FmMXd4V3hadGIxMEp3cXB2RUVLaXh2Qm8yR1N4QVJfNTRLb0xyN1VLQWNKRS1GWTdUZG9ibnBvUmU0bUVra21ESmNybnZUakFPNFdUSXNuLXd0YktnSTltTVpSX1JncDUxNmJxNVNLT1NsTGxZR1QtVTBXQlhXcUw0LUZwMmk4dHpBaFBwQ2NsaE1uTmI4QjJtTWhJTTFWUExlUGNRcjhFcTVmUlloTmxtUGxTbnZ4OUl1SVRueEtUUHhKYVhKQUFLMTAzamh6TVducjdUS3RDZ25YOU5mMjVYUmd4a3V4a1hVNjJDQ0hsLVE?oc=5
2026-09-08 15:15:31,AVGO,Broadcom Inc Stock (AVGO) Moved Up by 3.78% on Sep 8: A Full Analysis,tradingkey.com,https://news.google.com/rss/articles/CBMiiwFBVV95cUxNUHJjNVRmekphbkdMLVdNM1pEaGNNODIzZzlmU0dKMXN4V3hiZUFyd21hR1NRY1V5ZVo4WGgxX2pWYjYxNkZnenh2RzhYWDJUakt6WldxZnp2Mk1ST2tuUXRuVFJjTGM4TC14eERST1hNcFh2R0JDLUdPY3F0c093MjNMbHdsVDl4RG1R?oc=5
2026-09-08 15:02:28,AVGO,AI semiconductor revenue surge confirmed lifts Broadcom stock toward $381.72 resistance,Traders Union,https://news.google.com/rss/articles/CBMiiwFBVV95cUxPU0l2SFFjbUxmNEhzY0doTVNiY25HY2RlMmY3YTN5VXR2QWV2NGpSYUtPUTd4TC1WMnU3aFZuWE9QaGVZZjFPcGk1Qkh6QlBKcTl6OGhPNHVrbmdCWlpRREpyM0Z3TlF3WGcydVR5aUN0akVOUXBPX1JIM25PaUNuZl9JcVRqT2EwT080?oc=5
2026-09-08 15:00:21,AVGO,$Broadcom (AVGO.US)$ see guys patience is the key im cashing out,Moomoo,https://news.google.com/rss/articles/CBMi9gJBVV95cUxOMkNiQXNaQVN2WDBhU3dTZWpPanVRSklCb2lBS05Fc0YxWlZGcnB6OGRlVlVXSklRamJCSlhBckNDZmlSZFVjVnktc05hTTBuVWdxZ0lMcGR5T3VoaWs1dUgxa3JuT2tnc09ZeEFNbnhaQnRlRm1uYzhONmV1UmxGQzZ0SmJPb3ZJNVVsV3JTNDFwcEtnR1NkSWZpbVp1RFoxTGFmNURGWFNfTk5qekJQQlZzem1NVEIwaXphWXdQVjBaT3cxcWRzaUY2RGJObVRDcVBfTkFDUkFFLTBXOUdWZ2R2VkVsclY5SEM3aEh3dXBuc3gteXJqdFltcEFFSVF5aTVVWDROZVZIT2FfUDlqX2h0azZUcU5JYzVKNW1CQzk1RjZuWUtqUXhsYkpwTVJkWDMwSUdub3NZWGtPYWExa3dYUDBtS3VJRFFaVG92WHNzVGJkMDktd1JqV3JVM2ZWYlhPUVFlLUZJNTZOeDliLWFsSmVfdw?oc=5
2026-09-08 14:22:00,AVGO,"Qualcomm Rises 5% on Multi-Generation Amazon AI Silicon Deal; Broadcom Ticks Up, Amazon Holds Flat",247wallst.com,https://news.google.com/rss/articles/CBMi1gFBVV95cUxQU3JnRWxKSVBDUEtJSVEwWTBneXBRWVNwd0xzS2NTU0lwSXNFN0Z1T0c4VDNkZU5raGhic05yYzUyaThDM3dzTlNSLVE5eEluYjdYR18wSTNHb0UtdmUtVVg4TW1MUWZiaDI4NWNqbGZzYlNyUldZOHBVRF81WGNoVXFFXzZEOEVNdktReUtOSEVnbjBiUm1MMjZ0Zk9QNU42SHlMLTFESmtMVFhCZjFLemQwaWxOWkhfc0ltWTVNMFhucHRzemg0YXlzLUtvX3NqX2ZrM0lR?oc=5
2026-09-08 14:02:10,AVGO,Why Broadcom stock is gaining today,Wealth Awesome,https://news.google.com/rss/articles/CBMiekFVX3lxTE5UUkx4cXBWbFdCZ2M5bjJwNTdzbmZuOWlqX0NuWlBfbUg3dm9ZM25saDhEek1wbXZndkJ3V2pJVk9oRU1ONW5sNlZIX054R1Z2eFFZRlotZzlCWVdKODB3U2FhRHFXVW9UMnN5YzdFZkFQYWQ2RnpGSGFn?oc=5
2026-09-08 14:00:03,AVGO,"​Margin Pressure Is a Major Risk - Broadcom’s $230 billion AI opportunity: Buy, Sell or Hold on the AVGO stock?",The Economic Times,https://news.google.com/rss/articles/CBMiigJBVV95cUxQajd5WmsyUDdhZE1MR19zOVJtd0xMN1RNZ1VLQVZVWXN3VEhnZ2E4NzltR3VaTWZVS08xWFdFWjlfRjBtTEZVVWxJcXRicFNjSEFsYmE2MS1tbzFFd2dTeDJrN0ZJZ1VZZFpQY2tSWlBUNzd2LUdKMURaM2FnVVdhVVFKSTJ5YWFlR0hNVWRuWno3b0MxckJ0SWhjbVNWak1rNURHOThzWHVpQVJSZWQtRGlWcElPcVhZZkltZzBtU0dUWmc3dVRoazItSG1IaE1LWkxwUjdhUnAtRzVQMWZxel9MMlQ5RFRVZFpIbWk2T2VkYzVMRTBnTnVyeXY0TVI0SzhvaEx5WmJCdw?oc=5
2026-09-08 13:57:04,AVGO,"Broadcom: Pay Attention, This Was The Turning Point (NASDAQ:AVGO)",Seeking Alpha,https://news.google.com/rss/articles/CBMilAFBVV95cUxQcUJQcnZvOS1MYmdXaWhKYnVIRWMzX2xFRnBTaWNiX3B5WGpBUWVaMFRhMWpNcV9uV2ExSlJnQlQ5VzhwNjlnZlJHVEdJV3psaGJ1S0tESnZZaG5yYjdScW4wTTRteHZiX2FucjRPN2FqdVVXOFA1SlJHZjJ5T1FHLUlvc2s0YVlhSWZBWW5jVTFxZmhD?oc=5
2026-09-08 13:53:56,AVGO,"Broadcom’s $230 billion AI opportunity: Buy, Sell or Hold on the AVGO stock?",The Economic Times,https://news.google.com/rss/articles/CBMilAJBVV95cUxNNVhPMzNCMjcxblRKczFhbmVUVUxzaVIzODhmdTVnSzlwa2JmaVlWZHN5bGZHZVVoOFJSZTdiZzByTVpYbVVUeFkzT052b3FhUHpQb0NLUzVIdUQ0WXFPY2xvZjBzcDBrTU9Gbm1Ta1c0U1RSTmdxR0NvcHA1V1BIX0lGX0RMakQ1emVZOGpYbmdJWHZxSnUwUk5feGFPdTFjeDR5MUtaNVNsY2JGRUdJWGQyTUYyaTZKWXBJT1dWLTFINlBYaTFOT0d4MHpHUkVMVF9TR3pzcks5VkxZaE5DRTJHVDY1dWRGTFBlQ1hHVndDcGdGME5WX0pBRmllVVNIUWh6SmZ0RDRxenQwOWNOVXRjRC0?oc=5
2026-09-08 13:47:52,AVGO,"Broadcom’s $230 billion AI opportunity: Buy, Sell or Hold on the AVGO stock?",The Economic Times,https://news.google.com/rss/articles/CBMiigJBVV95cUxQRjd2Sk5nNlFGTGtLX3hRWUhyY2dtSzNKWU80UEM4enViaHZ0MU05d21ZTGZKWkdBcDA5STB3ME0tMWRfNExkcDl6SWJ2NGpZSGlGMFp6VFJJS043WUhSMG5ObjVDN1k4QUNYbnlVY0dzSlVvSXUxTVI0WDdQZDhUaGhiZEZyTGQ3dnRMckFkQW1sTkV2V3lWT2VTOUY4YWtUQ3FTRFNrbHcydmZsS0lCc0lMM2hnOVM0NnhGOUUxRkU5RklKTldRV1lVMDlwZndvMFFWa0ZDaG5lNnhaRWE2MjJaaUpwTUhDUFBCM2NRaEZyQm1fd08tUk1QTVd5bXlxUVZtaDdPSktZZw?oc=5
2026-09-08 13:47:02,AVGO,"​$115 Billion AI Revenue Target - Broadcom’s $230 billion AI opportunity: Buy, Sell or Hold on the AVGO stock?",The Economic Times,https://news.google.com/rss/articles/CBMihwJBVV95cUxNOGdrQkFfaEpkeWdROWROd1pSUWtlLWVucHVHUzh5TzkweHQ4c2VSVS1RUU1fMHZzS0NRTmY1UEdJZThNcl9NMHhMV3FmQlhRc0tVVTBpNGd5LTF0QjBoMWJBUkFMdjV0cjlDTF91d0RONENkWXJrQ184QzVBSkFtR3BjYmRpRmxGOUlmM3Naa011dmJSOC1JNmZaM0RpWHRXTjlDb3MyUWJuS2F6OHVNQi1BMy00RlJ1dS1ZU3lUc1VWNHJvZWMyWHJFa2V3eE9ObXB2WFVpMVBwbDZPV3E2a0JKd0UyVERkWENkRzdBcmpxY3lhM0NYS2dZV25NV3pyWXJmZkVmZw?oc=5
2026-09-08 13:03:00,AVGO,Top Analyst sets jaw-dropping Broadcom stock target after earnings,Yahoo Finance,https://news.google.com/rss/articles/CBMimgFBVV95cUxNNk9pb0lkczJVSlBQTHlxZTlBU1QtbGJnR3YzYmZMV0lvZWJkWVplUzZ1RnF2STNpMXpJc0RLTzlVSGQxcVEybTNCNXZMMFJUNFVCeGRSN0Rmc05OajVBdU53eHRCc2FiMTltbldDSWpwRlhCRVNKZ0RyM0VTWDF0c294ZmpaYkJ4SHpVMnUybXRHYUpFTzhIeXp3?oc=5
2026-09-08 12:20:20,AVGO,Can Broadcom (AVGO) Hold Its Valuation Edge After Mixed Guidance?,simplywall.st,https://news.google.com/rss/articles/CBMizgFBVV95cUxNNi1ZamJkNk9SZFllN1FpRzVBTGNmT2V6WjBXbDRvdnY1WFZvUGZJMTZGT2Z5Uk9LcVJ4dGZNTllHbTdhREVaamxnNjVIejRTUkJzLUFETkdGWGFSdXp3QnJuUEhZZEhTcnhEQ2tTNkdLLUxjR2phcUU1ZktSQjNHMkdFR2VsSEVOWjlfVGdnakNsRWtXa3NmV1hCTzJyV05pbk1NMW9IRmNCYmxuQ3lMQUZyN2NkaDNiNjBIY2N6RzlFcGpkb0lGa2hpVXIyQdIB0wFBVV95cUxPeFhkMFhaTHdjQ1FIejdzYzNIZTVXWE9LWDR6azFLUWtacW0zb3NfYnFHSVpmUnVxQ2JRb1JrY3JQYVlCYkVTcHFOdWs3aDAtZW96emRSaGt6bFNsNjdiR1lIMGdlb2xwZDhWM0NRRF9WTDZYU0ZadWlWcVpmZkpUR2VvVUYtTnRxUWNfYWtCNktHMFB2RGN6ZjBDZ2tmQ3IzWkZvQldPT0p5QTNDLUhhQTUzcmtyTmFvS0F6c25tVEt0dEtVMkRSQ1RPWDlibGZNLVlz?oc=5
2026-09-08 11:47:25,AVGO,Broadcom (AVGO) Stock Price Target Soars to $600 on Explosive AI Growth,Blockonomi,https://news.google.com/rss/articles/CBMilwFBVV95cUxQLTR0eVM1Wi1MdHJ0ZS1FbTFWRHktcFY2amhtV1dkZ2hhc29FVkZ0dV9GZVNMV3d6VnRyTkpEeXJLQk9aSFh1X1BvWnJtOWVnUGx3SHpLXzAyekFpM3o5VERLcE05S2dTdkJjQTNHOU4zNnFsTGVIR2k0YlRuZ1AzX3Y2QjFOS2hWN0V2SlMxMDdCWDBqc1Nn?oc=5
2026-09-08 11:05:59,AVGO,Analysts Offer Insights on Technology Companies: Palo Alto Networks (PANW) and Broadcom (AVGO),The Globe and Mail,https://news.google.com/rss/articles/CBMihAJBVV95cUxOeWJaS1habjFHMjVlNUhucU5LLUpWUmFKVXlLQW5iLU5rZkhPamgxRjNRcHRVdmRrbGJYYzgtRjlLYXF3ZXRkZ05QaXBiOTZsV1ZFR3lYYTB1d3JKWWp3U3IwUWQtYk1kdXlIT2NqZTFVaVZEVmJ6RTlraXV0eXdSQ0ZEVWh0Umo2MDYzTHV3S1JvQldiYTVvbkpVM05yVFFjRUE0R1JIdzI1N2JCNVVuVW9UVU5lbEhnMkFMakdHZ1ItNTlMS2VBNW9UeGdzbmtNZjdHNzVXN0ZZbU1FaDQyTnJHeU9QVk5aLTFZUHM1ZmU2dlNnNTRiaGRCVUFpT0ZXb0lyQQ?oc=5
2026-09-08 10:46:50,AVGO,Analysts Offer Insights on Technology Companies: Palo Alto Networks (PANW) and Broadcom (AVGO),theglobeandmail.com,https://news.google.com/rss/articles/CBMihAJBVV95cUxPN2NNamotMUoxRTA2amZYa3hDSjZkai1zX0dZUGh6bm5zRDlSc0NCVkJkZ2ZUWHFzQnBGMk1yNS02Sk5MbEh6VTlkVXg4RVpuYl9Sd2tGMjgycksxUE5rS19XUHlSNldEUm5KZEtXQVJJWG80OWxjd1duVFlIYzdFcXpRbmFrQkVJQTBEM2k5X2cxYlhlTlJhUmhfMENDMlJSdnNrUmRkYktRWTRIclNqeTFQQnFabE9oUDhBVi1pSGdHS1ZjdWxta0c4ZC01UkMtdDJUZnZGRkI5MU9SaDB5ZDBZMl83SkFLN3NtWTVTU3RJeEZ2NnNWZDVqSENnSXA4OG9GcA?oc=5
2026-09-08 10:27:43,AVGO,$Broadcom (AVGO.US)$ lets go hold until 400 above [Onlooker][Onlooker][Onlooker],Moomoo,https://news.google.com/rss/articles/CBMi8gJBVV95cUxOYkRIV2ZLcWwzcmVEdUV4TFRSbTNwZzhoSE5YVkoxV0EzblpQSFVkb2U5dnZ6UnY1QUY0OUJNSWs1c3hvbkNrV2RzQUIzUVh6LUFZQ1NReUVzYU8xeTVXNy1tRlhLSV9ha29XckNSRVdIdFVScXFHSS15ODFUSUZCcnJUZ3ZVSmNXdFdEaF9ycDZtNkFPQWRwZTlzUkUyWk0wMkhSa1NxUjMxdUh4RHdQVTBTNkpTXzN2dHljNXdLOVJfUVhRM1I5NU5VSXZ6SzEyT2sxQndfRUFKa2FVYTBKeWpjY2ZlTnRUN1QwNzZvSUNrY1oxWEtxSGtpc2tOZ0E0ZTFwdGRHZElqQjdoRTZ4YlBWU2FiYnpwZERpNjlpMkJxVnFPY01UM25MdDQ2OGcza2xad0dvMmduRVFIQmJ4QTQwNHl4T1NocUZhcHI5M09ZYXA1M0ZSYkxCaUNvaHJlSGhKbEtjNHNjbW0tSVNyRjl3?oc=5
2026-09-08 10:03:58,AVGO,Top Analyst sets jaw-dropping Broadcom stock target after earnings,thestreet.com,https://news.google.com/rss/articles/CBMimwFBVV95cUxNNVVPdnN2cXIybjg1NlNKS2JCeUdxUHN3RGZMNTlHcUR0V2FZczd6WnkxNmdOVTVaSlFRbGZRcFBRZnBtUGkydDZKdVpRVnd0TmFqSHNjSVhjZnhmOENjdkxELUlpRHYzV2pMZm1oVjFvUDhtZnR3NGtJRGpYSURwQ3NPR1JDTUJNZzZNYll5dXRNTDV3NFV0Q0R2cw?oc=5
2026-09-08 09:45:35,AVGO,"Citic Securities Upgrades Broadcom to Buy From Add, Price Target is $525",marketscreener.com,https://news.google.com/rss/articles/CBMiwAFBVV95cUxNTWNla0ppRkNBeUk0NUhrOC1WSlVtbTMzNmVSbDczXy0wWmdQVWdWMXBZcTVzNkRZVGhBU0s3cGFKc0dzZDg1SVgwQjlLdEEwUmJvcVVqcDhxUzNGZ2tEN0ZyazJiemx2dzR6SXk2b1pGNWc1QlRaalBDR0VwNUtjYmZkcjBQYzkwaVJaaDhnS2YxMlpoR3V6VWc2WVZLZXlTR0p6MVRYNE42T2dzTEd0V0xoczVvcGgwNHdYemp5cnI?oc=5
2026-09-08 09:23:33,AVGO,"‘It’s Completely Absurd,’ Says Top Investor About Broadcom Stock",TipRanks,https://news.google.com/rss/articles/CBMilAFBVV95cUxPMDY3ZlQxMUtlMDkxRTNPWVNCbkpxRFFhcWdMMWlGR2xWTkctWjA4RzU4R0M2MWtFTFNuTTJ5cF9LZm9TVnBYZHdRNzRNamJydmp4N0JDU1ctY2h2ZTNkOTB0UGkyaWVhYnBLY0IzQWtrTkc5NjI3cW0xdFpCTFh0V2YydEZON3ZzZkwtSGdRZXBGWnRy?oc=5
2026-09-08 08:08:20,AVGO,"Broadcom’s $230 billion AI opportunity: Buy, Sell or Hold on the AVGO stock?",The Economic Times,https://news.google.com/rss/articles/CBMimwJBVV95cUxOS0hrdWhyUWJDaFY3eE40RDFwU2ljQ3lzQ2lKRkVacUpwVkpYS285SW1fVEl5V1VyLXpYT2Z1dlFaX0IyWmtFbU5XSzVCaWVUN2hjN0I2VlVVWGF6b2JkLW5pZlRxd2xrclRwVXVTUGkyUjZKWFNJX1A4aTc2QWU3emU2QnJGVkM0VHlFSXMwb1duenRQU1V0Rm56MTlESnRyTXJCX2pad1dfNm5GaVRFS2NwUEdSVHlUaTFlLUFzQk01eXJwcjg3YUM0blZBQVlwY0MzWTEtVGxKSXhLMW1nVjBUVlZiVzdyU2h0NG0yU01UTmlsZGNSYnNUcVlPNnR5NjFSLXV0a0pOVmk0QnpqRk5zQUV0RmhvMEdr?oc=5
2026-09-08 07:01:56,AVGO,Broadcom: Recent Earnings Confirm Why It's The AI Stock I Trust The Least (NASDAQ:AVGO),Seeking Alpha,https://news.google.com/rss/articles/CBMitAFBVV95cUxPYnJ5bXY5a1Z0bDNNSGJFN05YZ1hlVk0tQXJjTWhCaTk0NVg1c3JXYzBfenlCN2FHRUJkbnJma2FUQmE5MHJZdmtrQU5QRkJoeEV5dllNb1pGYlVnZzJjbGQ5TGJ5VjBhTGd5SkJNVnBzS0h4N3dBN0JkLThTczJXa3dDbllRVDZkLS1kUW93V3JrcXlFM3VBS1l5RnpNVmN0THU2NzRwTkFwcGI3N3kzNVlKSkY?oc=5
2026-09-08 05:25:16,AVGO,"Broadcom’s $230 billion AI opportunity: Buy, Sell or Hold on the AVGO stock?",The Economic Times,https://news.google.com/rss/articles/CBMi6wFBVV95cUxQZGswX3ZEZTV2NFFYNmVMOW8tUkV6N1lTOE1FcTF3Mng5OV8waUNxemw5RmJ6MzFZdmZIaEJmZGhrazNERFVxeUg3X0hPbUM5UUgwX0lfTVZIVm4tdE5DTklGbWk0UDNTdHRUNDFWWUF4RENWWHAtazlFTWFseGo4U3hjU2cwandCWG9FNW1yV0JBQUVOcVIyWmNndkJlbU5rVUw3bVk1cFZrX2RmZmpRckRENF84amNCUHNSeGI0TFVnVDFMQktKanVveVlxcGQySEdwdmFEcEl3QUVoRnZpRGVUYk5rd0dBZnNv?oc=5
2026-09-08 05:21:40,AVGO,"Broadcom’s $230 billion AI opportunity: Buy, Sell or Hold on the AVGO stock?",The Economic Times,https://news.google.com/rss/articles/CBMingJBVV95cUxNWGhseWZmQ1JESldNeTNfZlRqM3JVdWIwd0t0aE1KWDViendabE0xbFFFNGJBdnd0NWdtSS1lZkJuMXA3LUhlRlBpeGhTQllXLWFMWXpra3V4eEZLSUpaMEdlamZ2VnNUY0tMTF9iNFFHWF93a3FsVjRaWHdpM1dabVhkcEtySTAzaE91bWVzNF8ySE9NTktRWHZKaFM1eGxiUVh0cGpIRlppM0NPb0h1R0JWakVMS2FleEx0RGxFenVyYVdfVGpGRVVNRUF6TmFLUWpWQ2JKOUJNSWRTaG95aVZ5VVo3LVo2N3ZNUVJKWk1KVmxfSG16aU9fOW9TeXBQcHdvbjhlSTB1LWZaelJHc3lWZzRsdTVSRzRPeDhn?oc=5
2026-09-08 03:04:47,AVGO,"The Big 3: F, GLW, AVGO Taylor Frankie Paul (6ZLIlIMtVC)",Mshale,https://news.google.com/rss/articles/CBMiWkFVX3lxTE1SeXU2dENKY0IzZmxlZUJKTXZ6RzF5ZHc2djZHRTk5amxNTnVNcXNRWlJlTkVjR3h5aFlwNGh3WmMwXzQxMWJmSWJEcmtNYXlBeHpZRXlNU0hmUQ?oc=5
2026-09-08 02:56:56,AVGO,"The Big 3: F, GLW, AVGO Taylor Frankie Paul (6ZLIlIMtVC)",Mshale,https://news.google.com/rss/articles/CBMiW0FVX3lxTE1wdVpnQ3FnNkdrLWMySjlLMEVoa1BzNzROeXZyNTh1RXBBLU10ZHc1TURrVUNPcXZHRUdPUDNBeURKajFIUWQtNldSZVFwQnMycWJ3NnByaWRfVk0?oc=5
2026-09-08 01:35:50,AVGO,"$Broadcom (AVGO.US)$ Keep it up, Guga! Today it's 365.[Shhh]",Moomoo,https://news.google.com/rss/articles/CBMimgFBVV95cUxQN21ZYjl3OTdwX1JpRmxXQzEyVnFtRkVEQ2dYbGJxZUo2QVdYbVFIejRFV1JNNlpKS096YzlfNEE4cGxLWHRwV0pQTGlTREFzYXBVRE03NmZoSGVYQVR3a193ZDNGVFY4Uk1ZU3NIMHRLaEY3ZkxKZFBEOVlxa0JzMEYyQnNJdldFeGJTT3dXUDhDM3JqcXlIb0tR?oc=5
2026-09-07 23:01:00,AVGO,"Broadcom Inks Pact With Meta, Leads 21 Top Performers Onto Best Stock Watchlists",Investor's Business Daily,https://news.google.com/rss/articles/CBMisAFBVV95cUxNdXdJYzd3YUxoVEt3VklxcW9JSEUwa1Rfc3RkNE1fSjAtVTRUdkxZMWQ1MmczLWZSQlY3djhMellaakRUVUZtN3pYODZLdW55N1FwWTdMWW5KX0Z2OW9pX3RiSTFRYjgtblg3ZjJ0MndaNTlnbThMb0dWRTRYYnp3UFQ0VkVVLVBNUUhVcjNGdDlydkxTUl84OFYtZFAyU2xTMEFGVlY1Q1BuQ3JYYU1Tcw?oc=5
2026-09-07 21:33:38,AVGO,Broadcom Profile - AVGO - AI Stocks Report Cavaliers Vs Pistons (WwqMCd3qmT),Mshale,https://news.google.com/rss/articles/CBMiWkFVX3lxTFBPQUFNSW5iWDdXUFNVNkQ0dFpXWU01UEFSTl9uUmZDYlptc3J4NU1wdTBhVWJKNTFCWW1tRGpjQk5FQURIZ0ZaUzkxUUpOdi1HYVd0eThYVXVwZw?oc=5
2026-09-07 21:02:54,AVGO,Broadcom Profile - AVGO - AI Stocks Report Cavaliers Vs Pistons (WwqMCd3qmT),Mshale,https://news.google.com/rss/articles/CBMiW0FVX3lxTE9aX2IyYjlfZ19XS1I3UFVJQjJWeENLLTQ2Mnc2S3doYWpSSklaTDdFRDA3UWEtM0g5MmZLVWM0dDFjR0xPaGhwTXlXc0hJQ3BHTlQxNUp0Q0lWUHc?oc=5
2026-09-07 19:37:35,AVGO,Broadcom Inc. (AVGO) Stock: Rises as Custom AI Silicon Fuels Massive Growth Outlook,blockonomi.com,https://news.google.com/rss/articles/CBMipgFBVV95cUxPQWlPWEg0SHBXdEtvZ2JCQ2ptTzhrY1loMGNuZkljMHlHa1ZlRi0zSzlvdmVsUE55ajBfUlFDWHpWMm0wREotS1BadVZZX2kzVG8zNk10RXpMQW1KRVphdmV2RE14UWg0Z2pCUTFLdjZ0RXFNQVVWWVc1UGcwNDZPV0lndVdJRGNydk9LUDFRNkN5c0d2b2tBS05fREhJZFVHZmhtdTZ3?oc=5
2026-09-07 18:48:10,AVGO,"Broadcom Drops 10% in 3 Months: Buy, Sell or Hold the Stock?",The Globe and Mail,https://news.google.com/rss/articles/CBMi2AFBVV95cUxQdl9GUU5sZzFYYTF6alhXejJxUmlTZWlKTkNOMG0zOG9Zb3F5am1mV0w5dV96b05HZm9uaUtTUVpfa0hDNkRNVUhxd2gzZTZteW1FeFFTNkpSbmxKb0VybHo2WGJ3N3BGb2w1ZlMyZ0xwWkFtUmpuSVdhQXhueWlKQnRQS1U4VUtqNFh5LUdIY0hsSUxkZ0tMMml3cnhHVS1wTHozTXJtZTRCb1BCR2dwSjBPT21wLWVvM29oNWJDX0Q3ZDZabTl5QkJoRTlsUEFYcXNERVZ3Nlg?oc=5
2026-09-07 18:19:09,AVGO,Broadcom Inc. (AVGO)’s AI Opportunity Expands Across Infrastructure,Yahoo Finance UK,https://news.google.com/rss/articles/CBMiiAFBVV95cUxNSnVaQzdvRTFxQ2pCUEctWkJiSHVTRTVCUTNlcVVsU0F2SEt6TjFXaUpWcWN4OWNyalhVS2xDT28tOU9MUm4tR0VQN0YtczY3cTRIdXdxV3ZjRm9XOS1kUldiU2xhd09fN2J3U1JzTGRLV2pvWXZlbXhrSFJtYTcxYTBnRERaVDFu?oc=5
2026-09-07 18:18:17,AVGO,Broadcom Inc. (AVGO)’s AI Opportunity Expands Across AI Infrastructure,Yahoo Finance,https://news.google.com/rss/articles/CBMinAFBVV95cUxNeDlWQzFldkdQdV8yNjMyaS1Za0RYMUFMdGhIQW5KWGNjOXFjT0Q0MVZkOFRiMHBEajZPRFZSRXdkV2drLVhnY0hSSFFqbm8zb2tPWnJ5UnJkTWxfWmJXczlrQmMzdlpVNWRjaFNYdTBUM1pkTEpmLVB5ZUk4YzBpTXpJUHBHTjd2LW5GaVRPa09uZVphbWJEVjhiOU0?oc=5
2026-09-07 17:40:00,AVGO,"Broadcom Drops 10% in 3 Months: Buy, Sell or Hold the Stock?",Yahoo Finance,https://news.google.com/rss/articles/CBMilgFBVV95cUxQNTY0aHFyVi1YMzZ6bDdWc3VQeTA5cmRka3RRRDM1ZXV5WjMtS0k1Mk5IUlVLc3FmT0YteVBQbG8zaUNseEFrVnhQalZUd2k0OHZRdHZaM3ZrTGdtVjFZNWQtcWg5QXNudGVxcXlWaTd4Rlk5MWE0SWcxMjhlWWlxQ0tyS2tEeldBZ2FyRHFUbkE0ek9nRHc?oc=5
2026-09-07 16:49:04,AVGO,"Broadcom Drops 10% in 3 Months: Buy, Sell or Hold the Stock?",Zacks Investment Research,https://news.google.com/rss/articles/CBMingFBVV95cUxOTmpERDlaZVJXeWFsQnpnNVREcFRDQXdzcmJEQVpXdG9nTGZUUDEzUkhfbXNXSnJMZ05JOGVVWTJiWGcyalB2M1c3bHMtYnBxY2dkWG5nX0xHeERqenRtSkZMdnJhSmV6b29jWlpiYjNnVDZHSXdSSks3QzJVQXlTemRUMDJ6bjR1cmQtQnNGTGYxRDdKTFdZdUxuWHhYQQ?oc=5
2026-09-07 16:36:48,AVGO,"BROADCOM INC. - COMMON STOCK - David Taylor Congressional Trade on Aug. 26, 2026",Quiver Quantitative,https://news.google.com/rss/articles/CBMidkFVX3lxTE0yMmQxZ1RQUzdfNFo2VVJsTGVGWHctWm9DZ0NMbUpIRHowdVF0bDFQTlVkTlh4Z0hhWUpzVEpfbG5TbmdiR3VpNVpZcVBYMm5YdzdUVm1CTF9heU9FSzVFZFhFNS1PdS1OS2hJRXdXSGQ3Y1pQZlE?oc=5
2026-09-07 15:39:01,AVGO,Broadcom stock: Why the AI chipmaker’s growth story is gaining steam,Invezz,https://news.google.com/rss/articles/CBMiqAFBVV95cUxPZTRueW9iTWRZZk5OT19ySHg0MWNZZnV1V3RWU2M5TDh2LWZBWWNSeXdzV3JibUk5eENzQmxCbHZ2Q0duV1dRalllVDJPMTV2elBrZ3JYcUp0RGJ3RkpKUi1wc1B5Nk5FaHV4blJXUnM1dkpqVG5lU0FqZGVodFI1cDJTN1RTUjFPS0owalJ2V1phN2hVQVoxNks2Y1ZIbGtYaW1wY2M4Zl8?oc=5
2026-09-07 14:23:48,AVGO,AVGO Stock: Why Broadcom’s Ethernet IP Creates Massive Switching Costs Naga Munchetty (CrweibhC4K),Mshale,https://news.google.com/rss/articles/CBMiW0FVX3lxTE5IQVdVRnoyemNvMVFPTnlpNVNwRGVUVm5zS3V4OVNZaUw2b0FFWWZaSXVIQmdlOEZ5Q05ra0stbEFqNU5TV010U2RLM0lLTnJRaGp0dVFCa1NNSkE?oc=5
2026-09-07 13:38:00,AVGO,Broadcom vs Marvell: One of These AI Chip Stocks Is a Clear Winner,24/7 Wall St.,https://news.google.com/rss/articles/CBMirgFBVV95cUxNVkFSYWZYNUY2ZThZWTJEdkVNUW9XRVQ1Vk5Xd1NKbU1BRHNIR215a091eEhmaU1SMHFocm9lNk5remtJdlNHR2pYY1N5aWJfMFFybW9RaVVPNmhQWVJ4Ym9SRVFnbzhYbUNlaDlKY1dxLTQwS0p5N0Rmc2RGRHJzNkRlcjRrN3NkanRoSE82OTEza1gtSVlvMTRXeTd0WnFMUEhLQzJpa1pyd2hzTWc?oc=5
2026-09-07 13:00:04,AVGO,Broadcom Inc. (AVGO) Is a Trending Stock: Facts to Know Before Betting on It,Yahoo Finance,https://news.google.com/rss/articles/CBMingFBVV95cUxPaGd6VlJQYVdFa2JLVnJOZktlUEtvZkZrWU40ZFo1WEVXY0pXTV9IRlRlbnVGWEZfeWk4RUJiZFVBa2ktcEc5R3JuQy1aODNmb29fVHVFazVuWXRrWkJUVVEzUkt5Y1d1eXBfaVdGTVFXNVRabWoyMTVtQndKMWRFY05CU205N1hrWC1MVFBaVGd3eDhMRUYzLWd3UW02UQ?oc=5
2026-09-07 13:00:00,AVGO,Broadcom: Market Is In Disbelief. Don't Be Mistaken (NASDAQ:AVGO),Seeking Alpha,https://news.google.com/rss/articles/CBMikgFBVV95cUxOYlVDWlZPY0lqa0dNeXlNUlRMc2lnZEd5bjcydTJHNDVSSkZPMEFrSkhzVy1ha2hGZXNUdUktSWdpeFdDb0xDa3VNRk5RMWpqN1JUWlVGczVXWVNMcHFpczBzRWhwSzZiREZkekplS1dqeURWRDY4MzM3SDRoNkd2bkR6V0pDU19uRUx2YVBhaUVhdw?oc=5
2026-09-07 12:44:14,AVGO,Broadcom stock may rise modestly by September 2...,Pluang,https://news.google.com/rss/articles/CBMimwFBVV95cUxNeFV1UEg0bUtVSjdHYUtTc3ZKakJqaVhrYUU2UmpVbjZMaUExbXdmdHA1Qzl2WlJpQmRIWERsZHdTWklfWDVnc3VnTUx2NzJSUXl0eEhXdE16MjNmQmVxdy1iaEdGa1RfUXR6Q1V0WWNWVllGSF9iSk13Qi0ySjdIbGFmUW56UE53dUlzRkFhbGZKVjFhOWItV1A3dw?oc=5
2026-09-07 12:30:15,AVGO,Broadcom: A New Catalyst The Market Is Missing (NASDAQ:AVGO),Seeking Alpha,https://news.google.com/rss/articles/CBMikgFBVV95cUxNU19zSS1mWHFFY05xYmlENmMwTFVBeUhrZnhfLUJsYU5UYlNra19rc1ZrYjV3T3dmYW9JbkFfSmcyZGlYeGFSRFFjSUhXdVZvNHVwMjJaM2pGa2dlS2tRbHlUcWtqRmIxanh5dWFEVFpuYk56Q2d6UFdzTXpzeXc3ZGxNR25FbEFKZ2hFZkR6UlRHQQ?oc=5
2026-09-07 12:24:21,AVGO,"Machine learning algorithm sets Broadcom (AVGO) stock price for September 30, 2026",Finbold,https://news.google.com/rss/articles/CBMiogFBVV95cUxPSmQzSmduR2dpcnZsNEwxWklLVkxBck41dUN3TTNVa3kwOXltZXY2RlpXNy12cy1RQ1k3UXlJMWtYV09JTVU4bklQTzNJQ05xSGkwMXBnWDJsRm1HQ3pTMW5vVHEyVWhJQWNOV3c5UDMxUzVSamZvdFl2aExUTVFJUGNGU1JMREJwN29pTWNTOV9FVkF6WTZ0WElVZzhtRDd5QXc?oc=5
2026-09-07 10:23:52,AVGO,NVDA Stock - What Just Happened Today? (NVDA/AMD/TSM/AVGO) Eminem (qZ9XhIzi1F),Mshale,https://news.google.com/rss/articles/CBMiW0FVX3lxTE00bmFaN3pUb19vUHRkblRoNnNzNXJtVGxBejVtNF9IMlpEbkdBRlRFejRGSVgyZmN4MlhoZWlxNWZrWUxjNFV3aDlqdFpqUksyWWQ0WWNUenJmajg?oc=5
2026-09-07 09:28:08,AVGO,$Broadcom (AVGO.US)$,Moomoo,https://news.google.com/rss/articles/CBMiekFVX3lxTFBhZFluVExUOFpqbjc1dlJXWDRZa1FBLWpHbmZra1FPUkVSNmFsSE00TURfZDE2emgyQlhUNGpRblBVS0RnN0U5LUtrYml4RXV1LVRlaEQ3VUN5V1hNQ0tjLU82dnphQ29vWlZjMWJlQmhZdHUzV1pDSHhR?oc=5
2026-09-07 07:28:35,AVGO,"Why Did MRVL, AVGO, HPE Stocks Climb To 52-Week Highs Today?",stocktwits.com,https://news.google.com/rss/articles/CBMivgFBVV95cUxNZEVucWZkOWlUbm5LMmVrWDF2UlFpQ2xXZVUyazBmWWp6WGxvMXFqQjNaSzZxTmdNbmN6YTh5TDQwREk0RDAxS0lvVUFVWlI3WWdtaWowVFcyZmZGUDMyN0ZCZC12bUl5MGxuMUwzaW9PQTVHTm45dGxkNzZvSndnUVc3UTF2MF9DdFJ4aXFoVndqRXFQMU04RHlPOFhTaUFTVnBwN2lJNGpWTGc0V2VYN0piTDBYY2ttT3h4OVlB?oc=5
2026-09-07 05:58:53,AVGO,"Why Chip Stocks Micron, Nvidia, AVGO, and Intel Are Volatile in Pre-Market Today – August 31",TipRanks,https://news.google.com/rss/articles/CBMiuAFBVV95cUxNMXI4ZGhuTUFNYmZ1RjRnYjhiV3JYZVg3N3M0bndjTk43S1k0MzJyV3hVZHJKOWllUU53UHNQQ003cjlHZ2hsa3NHeW5nR2p5OXp3NU42VElUZXk1dm1jbHJtZWx3c0JPRTdody0xcTQ3N045TGpseDNYOFZURm5GQm8wcmZzR29iZEdVXzhEV0REaWxyaWprck1tQTZxLVFpNDFUVHc5UDVsaWM3clY1MnZpeF92MlEy?oc=5
2026-09-07 05:46:28,AVGO,Broadcom: The Valuation At This Point Is Absurdly Inadequate (NASDAQ:AVGO),Seeking Alpha,https://news.google.com/rss/articles/CBMiogFBVV95cUxNU091bFY0SG5FR1lZTlhROE1QRnZ0VS1seUxtb0ZvQnlzcTlTZHZELVBhQzJrTE5SSG9JYTI2ZlR6N25ZcjBkTWwyRTR6RWZ0dGFKNTJFTDgwZHhtUU5MaGp3SE9EcXZVdDVrX0hJaGpGWVpFQjI0RlFpT2NNZWJtZmZyUng0LWdVY0ZYMTdkTmNVRncwb3A2M0M0bTBFa0dyclE?oc=5
2026-09-07 03:15:23,AVGO,"US Stock Futures Rangebound After S&P 500, Dow Snap Three-Day Losing Streak As Oil Steadies — MSFT, DELL, UBER, ASTS, AVGO In Focus",Stocktwits,https://news.google.com/rss/articles/CBMinAJBVV95cUxNTTQzYzFWSWV6MmNYSVNKTXYtM0E1VkZPWTVzenV1R25vaFB5ZWF3aWhhRldRcGVieS13YWE0OVBvekV3dkRIdjZ0YXBKVlVROThXQ2MtOE5ScmNrRjROMzk0X3FXRXFOZjNWOUR2Tk5Xb0hvV0U3Wlp5a085QjQ3aVhmUnRfVkljckpzVm01bk5HYms2VmZlSm9VbzNWcTEyMjI1MEoxb0ZuM3N3Rk9UalVGUkJMOTEwRzVONEp6XzVPaktLamFidUJDRlBRdWxhZ1Q4Y1lvWDJTWTFONmtzVDExSHk2ZW95Z29yczNyTzQ5RmhjdFlRel9nQ3JiSDRMWVhlMlVLSXpnalpqNEk0bWZpQWMwVDlwR0R1aw?oc=5
2026-09-07 00:52:51,AVGO,Broadcom’s $490 Upgrade Turns Anthropic Into a $40 Billion Test,TechStock²,https://news.google.com/rss/articles/CBMiiAFBVV95cUxPQkN3SDNyb1FaWjhiRF9ETHZQRXpSWGJTQ2dwSGVTX256eXVrSnFDcmRBMW5OYjJtZWZXM1Y1VzR4UUVWTHJaWDVWMG1GTTQtbkhLVWE0SUg1dThhakM4em5vQ0lhb2FJOUxZWjJReE9NbkNleXhwMy1HVVZELTZ6STF5UzZXTEph?oc=5
2026-09-07 00:00:00,AVGO,Broadcom And 2 Other Undervalued Stocks To Own,simplywall.st,https://news.google.com/rss/articles/CBMiuwFBVV95cUxOcUNRWDhOU2tfejVvcEdVdTJzQ2Mta1M1NmFfeUF5NTZTYUFtV044NHkxV05iUGh1Wjl6S3pQcmpma1BfZk5NNjJnLVZsTWdLOHNITGxqWkhKS0laT0gxM0NiWk96eFd0X3ZNdkE4MWUxdDdVSnU1NEdBQ3RLZjk4NE5FUjktY01jQUloZC1FaUctTEtNWjRRSXJ6dXlGOVB1M0p1S1JqNXlteHBpWE9nV3NCc0tQRVlmeFVV0gHAAUFVX3lxTE5OVFdDT1lvZG1IX3MtdkRKUHI5Vm95c1NNN1FybjFkN0w0WjNaeWdNUzdlRXZFSVI5QzBrNW8wUUk2dXZ0RWtUaFdzVjRvLXVCbEVISjNjclh1bGozRy1NOGs1SE5nX3JxR2tGTHZlVHRSd29ZMkttbjJEU2k4VFJpVUVOMzBwOTJjazRvejRxWXRWUUFsZVdzTVdGa3JjdWJPWVJQNFZ6TDA3bTJTdGMzMGFKRW51cC1iRklBNGJtUQ?oc=5
2026-09-06 23:47:19,AVGO,🚀 Broadcom (AVGO) Stock Analysis: Wall Street Predicts +71% Upside! Nick Robinson (4zNSjj7Inl),Mshale,https://news.google.com/rss/articles/CBMiYEFVX3lxTE81aWR3aURqVllMNjRtbUJyc0pEc1pBMUJEdFBGVzJlQi1VX2R5QU9KRUIyQVo1Z2lMSzlCRk5HZnFLSkdtUVIwS1Exd3pGN2tmc0tvV0ZKRlFJTU9reGpUSA?oc=5
2026-09-06 20:44:26,AVGO,Broadcom analysts raise price targets despite soft Q4 guidance,scanx.trade,https://news.google.com/rss/articles/CBMiygFBVV95cUxNN1NPcUZOVE5kS2ZENzhQbk9YT3k2WkE2YTZjSUpTdDRRSGRITDAyWS10aFRhTjBPeC14Rm4xZE90azdKRG1yS24xZHZvX2pIV3pfWFVTWm55aXFYeERiME8ta0lqRW51SDFSdm5FczFzNWxQWTNJV1VacjBtZ0c4SGVpMFplQmpWVU5rMDh1MWtfSmNZNFl4aDB6Wm5qeXF3R2dmUjBoQTFTMUtzT3N1VmpPUlVpZnFjZ1FaQ0ZzeFhHNWJxMWRZUlB3?oc=5
2026-09-06 19:14:20,AVGO,Broadcom Ships First 2nm Chip Ahead of Crucial Q1 Earnings,Stocktwits,https://news.google.com/rss/articles/CBMimgFBVV95cUxPNUpoTWQ3a1FCLVFldjdPbVFhczZxY1JBUkh1MndMSVdqa01EQlNYVFNJek51REljOXRxcld1aVBpNktRWWZZODh6X1c5TzFaQ0VXMHZtVWtVdVY0eHVveGVCNjQ4YzU0QWQ5Y1JhakNrTW9Rbk1WZmFrTFVtV0kyelpFX2g3WUhVWWNxRUdWTjE1MEdRcTJ2YjR3?oc=5
2026-09-06 17:14:33,AVGO,Broadcom's AI Boom: 74% Surge Set To Explode! AVGO Stock Analysis Cancun (oAizY2Z7Mr),Mshale,https://news.google.com/rss/articles/CBMiW0FVX3lxTE5odWppcjJIUzN2NmpINTBzcDJnYVk4Y1U0V3lSR0xiakJPeEJUV3VBcjE3U2hwVk1md21sOGY0Z0txRlJ3X3RTenBMVHRnc2pGNzRId0xEaFBCVms?oc=5
2026-09-06 14:05:23,AVGO,Broadcom (AVGO) Stock Drops 3% Despite Strong Earnings: Should Investors Buy the Dip?,Blockonomi,https://news.google.com/rss/articles/CBMipwFBVV95cUxNc243NjctTHRPVmJHUlRfeDdMUFVudGJZMVV4eFFQOGtaM0JYRnZEVlhSSkVUcEYtYTVmUXl0cnliYUI5RzRkS2lWaWE3Ny1aSlJVbmowam5qLTVRLU5Tc3dLeTNkQ0tHb0U3UjBQM0hXWUZ3SGJYZV82T2lvMjhwdGVzeS1oSmFQSGVod2JSVkVQdE9Yc00tSnVFdGZMQ0hkZnRLU21JZw?oc=5
2026-09-06 14:05:15,AVGO,Broadcom (AVGO) Stock Drops 3% Despite Strong Earnings: Should Investors Buy the Dip?,MoneyCheck,https://news.google.com/rss/articles/CBMipwFBVV95cUxQNHhoTi1KRks5RHVhZkgzV0lJSk15Uy1abVF1S1dhVFdYSTczdDJkb2lLa0hzdzQxTUZlM05qTWZ2em51dFlMY1I4VUt5a0t0dGNtY0xsM056aEsxakY2WFBNdGc5UTlHYTZtVEZWbktIQ0lhbUlDeVhxTUF0WXdxMkNsUmRBQnQzLWhiTVRhd0xpOHRqQlo2THJ0WEN2ZzNOLTZqOTBNSQ?oc=5
2026-09-06 12:10:16,AVGO,Broadcom And 2 Top Growth Stocks To Watch,Yahoo Finance,https://news.google.com/rss/articles/CBMimAFBVV95cUxQVnV6SVlXZTdrSHBQZk1wUzVnMDVvejlzUDItLW1yQVNzVEJBMEJmbW1CU1NOSXl4UWVnaFIyNG8zRHpsN1p6RTdJZjZuRVhVYmVCbmpKdDZEazlrZi02eEpzbnVQSE4zRDJYSXV2MjhRbU1hRjRZRlhFbFBVdllibDhicWQ0aWRNdUdNelpDZGktalFNdDFSag?oc=5
2026-09-06 10:50:20,AVGO,Stock Market Analysis | MU / SNDK / SK Hynix / NVDA / AMD / ARM / AVGO / INTC / STX / TSM Celtic Vs Rangers (NwKYlLKWdT),Mshale,https://news.google.com/rss/articles/CBMiW0FVX3lxTE1CUmVWNGlKdDhYei1wTnFvQVpKZWt1eEY0S0JrN2IwZ3BvamR5YllUWWFRYnMybFROd2VOQ3drd3RZUmowQmRUY1AyMUtsdlo4d2VUdllyc1hLR1k?oc=5
2026-09-06 10:48:10,AVGO,AVGO Stock News: Why This Urgent Broadcom Alert Changes Everything Rodents (MuKwyKItuM),Mshale,https://news.google.com/rss/articles/CBMiYEFVX3lxTE5TNHJPVTFHQUxDOXY3M2RfNk5GemltcHZGLTZuWHl6MVdySUQzSVBXdDdnOTF5ZVVQMldTRWlIeUlKbTJsRnRKdmFybEpQa2ZTYUl6dHlFb3JpSGU1QTJWVA?oc=5
2026-09-06 08:48:20,AVGO,Broadcom Stock And 2 Cash Flow Bargains,simplywall.st,https://news.google.com/rss/articles/CBMisgFBVV95cUxNU1FlQk54dmJxbnhjUmZ1QldzMXBFS05vdThkVXQtV3pnaVBKVk1Vd0pvTTY0Sm9kY0NMa0NlRFUtdFZ6MGo1ZWNsZnFrSXdFTG83UkJOMExVU3BRMVEyZUxvdkxfaTFmclpKMUFrVV8yQWZ1dVBSV290MERqQm1HN2R3ZUNYN3RpOVJIMDRCend6ZWF5QndlRWRVNkpSQm81TGNVdU9QRExuQzBJX21ieXlR0gG3AUFVX3lxTFBIUklWUmMzaVNzeTNVMVBLdEJKOExDUHhDRTlFMHZkMGZWTFkySjlUc29WUExhX2lpRE4teGw4eHBpaTZrenNaY1FSYS1zblFicHZ0bmRkdE1HclQtcTloWUpGS2JjQjRHYlNhU2FLOGJCRXF1R2V3emU1RE42UlFVTFBxODNhZGFPa3gtUXJjaG1kQkJSaElONmMyV29LX2ViMUhmTlV4TXpJTEgzSVFQWFFwOTlkRQ?oc=5
2026-09-06 07:35:15,AVGO,Broadcom Stock And 2 Cash Flow Bargains,simplywall.st,https://news.google.com/rss/articles/CBMitwFBVV95cUxQSFJJVlJjM2lTc3kzVTFQS3RCSjhMQ1B4Q0U5RTB2ZDBmVkxZMko5VHNvVlBMYV9paUROLXhsOHhwaWk2a3pzWmNRUmEtc25RYnB2dG5kZHRNR3JULXE5aFlKRktiY0I0R2JTYVNhSzhiQkVxdUdld3plNURONlJRVUxQcTgzYWRhT2t4LVFyY2htZEJCUmhJTjZjMldvS19lYjFIZk5VeE16SUxIM0lRUFhRcDk5ZEXSAbcBQVVfeXFMUEhSSVZSYzNpU3N5M1UxUEt0Qko4TENQeENFOUUwdmQwZlZMWTJKOVRzb1ZQTGFfaWlETi14bDh4cGlpNmt6c1pjUVJhLXNuUWJwdnRuZGR0TUdyVC1xOWhZSkZLYmNCNEdiU2FTYUs4YkJFcXVHZXd6ZTVETjZSUVVMUHE4M2FkYU9reC1RcmNobWRCQlJoSU42YzJXb0tfZWIxSGZOVXhNeklMSDNJUVBYUXA5OWRF?oc=5
2026-09-06 06:48:36,AVGO,Broadcom price target raised to $475 from $450 at Raymond James,tipranks.com,https://news.google.com/rss/articles/CBMisAFBVV95cUxNQWlWUHU4dHpCRjY1MnRvLUtVc3dmbExqcGQyT0d5RW14Z1NWUS0yUmtPM29NMVBxY2szaXc4SC1kNUpvdzhsdUFOYmRYZ25NVmNfMVpHMGNoMXh2R1JLNXJQN1Bnd3Z2am0tQWJwSC1zeVc0b3BQWlFMQzJpX1JZOGN3QmtGX0hoZzctazlBMTdzWnpqWmJQTlo0SXlvSkljdnVlbWN1T2dMaHZTMk5RVg?oc=5
2026-09-06 05:44:39,AVGO,"O'Reilly Slumps, AMC Declines, Broadcom Gains | Stock Movers Sndk Stock (s6Z3bI7x2o)",Mshale,https://news.google.com/rss/articles/CBMiYEFVX3lxTFA3anN0d0lMb0FHeC1XTGVwNzBXNjlvWk9pajR6OEtTRjIxVzBIVnJNdTJhT1F4U2E2VWJKb0ZVcVV5VlVCUk5DV1dUS0RGMm14dUhMUDZIYzJrdlZVdF9SWg?oc=5
2026-09-06 03:02:46,AVGO,Stock Market Analysis | MU / SNDK / SK Hynix / NVDA / AMD / ARM / AVGO / INTC / STX / TSM Sting (zAgfk5ZdSz),Mshale,https://news.google.com/rss/articles/CBMiW0FVX3lxTE9PWkVTZVdydFhzMWlvV2FyeDFxRXNsQ2YzVHNpRXB2VWV5bUhaT3ZXMlJyLVk3RlBaRkVCbkhYZlliSHgzMm1mOHFTN2ZRZ2k3V21iMTJWSDZweFk?oc=5
2026-09-06 03:01:20,AVGO,Broadcom (AVGO) Hit With Street-Low Target Despite Strong Quarter – Here’s Why,TipRanks,https://news.google.com/rss/articles/CBMipgFBVV95cUxNdGNDMnk5T2s5U1d2V3lFcEU4alJJVEk1WWdaVWhiMXd3S3Q0R1JDQlRrRzlWUzNVelFGY0dORWxfNXNpV3dhLWZCLUJEZnVGc3JPZGNtbVdpU1VtZWZGRlJUaHBacWlzZzMwNHJiTGJBcnI5ampsWEs1Z19fSkczUF8yMldwUHhDSmFsNmVJbzFST0tORThRSEJ0THRxNE1scGMzZWhB?oc=5
2026-09-06 02:35:42,AVGO,NVDA Stock - NVIDIA To $225 Or $190 Next? (NVDA/AMD/TSM/AVGO) Tony Award (ykv7Qc4Y0Z),Mshale,https://news.google.com/rss/articles/CBMiW0FVX3lxTE55NE5ISW4yWjhOYVpqU2F5RGlFVnRMUy1EMmVtVGlkdmNSRjVZemtWMWx2dWFuczNlM19zVWotZTlsVnBzQVM1NVB3cVpndWZ1S09IaXM3VkxJMk0?oc=5
2026-09-05 19:08:54,AVGO,Broadcom vs. Nvidia: 1 Critical Metric Shows Which Artificial Intelligence (AI) Chipmaker Is the Better Buy After Earnings,The Globe and Mail,https://news.google.com/rss/articles/CBMiqwJBVV95cUxNRnhXYXUxM0VDVHJ4cUVyam1wbTd2MjgweUVudE16MXo4elc2TTNaVnVLRnFTNzhpb3BJT0tsZWV3UmRmQXFQYzM4Q0ItRElCdmVhcXhrMFFFbkpER3M1QTVVUU1kdFpEdmpYMmNjc3lpTGo0TXFUZ1FGNzd3RGF6X09yQzBhR0RrTlNpam5JZ1lyTXZicFBsVW5rM2UyLTVZN1F3bk1MR2tkOGNhaVQxN0F3ZHlHSDZuaFhjcThIUVd4RWFaOFdFR1VzbUtWSkh0STduRng3QkRIYzJfN3NHd1ozOWZueDBGa1hHY0stclcyMzVlT0R0RWZpc1ZsdG5PY1F3V2NZU25DMkh5dzBJenloSGxkQW5uMDRiSEY3OFd2THhiSEptb25ZVQ?oc=5
2026-09-05 19:05:01,AVGO,Broadcom vs. Nvidia: 1 Critical Metric Shows Which Artificial Intelligence (AI) Chipmaker Is the Better Buy After Earnings,The Globe and Mail,https://news.google.com/rss/articles/CBMirgJBVV95cUxQdnZYVnFLSEJtVi14aTYxNkkyUlExdUN6SWxRVHJTMkhWYWMySVNHcEJ3VW4zR00wTzFYNWpYa0VyNkc4YW55dUU2MjhjTU84QWhkX3FJaHJlYjB2ZUtSSWhYeWI4cV9ZUE9JMThuS255UlJYRjZzdDY4dUlHTEoyX2xlN0NqRW1VMnYyWm1MUWZiUURYdS1xVW9YN3NpOGFMRGtmRmx2Tm1DTDctTF9WNzNtdkowTEkxWjRMd2VRRDI5djE1ZEJtbjVjRW9iMzdzdjFTanFOSV9aLWJoa1BPV1lrS29YRXYxTXlOMzhKTFQyc2ZkeGRhM1FzQkJNRHF1bFVZN2dMVjY3NmsxOUpxb1BTTVZ3Z29RWHdTd3hKSl84aUlUb0d1WnRTdnNYZw?oc=5
2026-09-05 18:55:53,AVGO,Broadcom: Margin Compression Is Masking Explosive Growth (DCA) (NASDAQ:AVGO),Seeking Alpha,https://news.google.com/rss/articles/CBMixwFBVV95cUxQV3hBYnFfcUJkM2dLWi1Xc2Y1U2ZVV1ZHeU5MT2RJd0lEdVNNd0hGZC1rY2g3b094ZjVRM1JpVng4ZVl3bU9Ebk9BYjFBT20xMkhyRmY1Y2VwNTNsYllZUzNjbVhYSTloWmpwTjNhWjRfSVZKQVBodGhqVUFyVy0xcl9oaGZvNnFQdFNGaHlQUlIwNTBXYWk2bHhrY3BhYWc0MEQySzZxdll2Z29raVhZdkpYTHltbGo5TEtJdDBRUzh3emYyX18w?oc=5
2026-09-05 18:25:00,AVGO,"With AI Revenue Set to Surge 400% Over the Next 2 Years, Broadcom Stock Looks Like a Buy on Recent Dip",The Motley Fool,https://news.google.com/rss/articles/CBMijwFBVV95cUxOeVQxVFc3eFB4bVBtTldGRXFBMW0zWXVJdmpfYmpnVFNWOGJ3MVVGM25PQmF2dGluYVBsaUxSYjk5MUN6aHpPOHB4aW9zSHFzaV93Z1pFWVdZUTJZSXdRZkMtRU5zQVJVSkpjbWdHWkNtejNNU2ltTU1SUllnU295NnZHNGRkd1ZFY0RMWE1yZw?oc=5
2026-09-05 18:08:45,AVGO,"With AI Revenue Set to Surge 400% Over the Next 2 Years, Broadcom Stock Looks Like a Buy on Recent Dip",The Globe and Mail,https://news.google.com/rss/articles/CBMikwJBVV95cUxQV3MyU0FBbE5EX1hxY0lpMGdXZkVyZTFQY01oYlByc3ZzS2JtNUtxTktHcW1aYmNGb0d1TEJ0ZlBySl9wNVBic1FDZVlXa2QxQnpPUHFrcENlMy1EX0ZDc3NTNkFwRWJod3B0MlVWRC1jZkxvWE80MGJZTGxvV3ZMenpJSVp6MnRhQmx4WWpHMzZ5OWpTQnRhYUxxeUNwcXJtQnd5YV9nZ1dreTc1T0luaXc5X3B1bTZ4RjF1bHh4VTlmMjNmajV3VV91Vms1MXFWOGJZVDEtLWwzeGNDOUZQc0xrYWVzeVFSeGRlTmRSNUpyc3Jpbzl3Y08tQU9KdTVKZ2xVdjkxcGpPaHNDRVBsTnU1Yw?oc=5
2026-09-05 16:35:08,AVGO,NVDA Stock - This Can Be Massive (NVDA/AMD/TSM/AVGO) Bolu (thuiIGPgFS),Mshale,https://news.google.com/rss/articles/CBMiW0FVX3lxTE9xckFPZE1EUEwzUlRzZUdaeDloNXh3UGlwem9pOG9hNnYzeHpmdWFBajNCSG11ZnluZy1vVHdvMDJjckRHak4zTWpCSnBWcVpuZ3ZUVjZqRFZVZ2M?oc=5
2026-09-05 14:58:38,AVGO,"Broadcom (AVGO) AI Revenue Soars, But Wall Street Wants More",Yahoo Finance,https://news.google.com/rss/articles/CBMimwFBVV95cUxPTks3b1JIWUF5a1Y2UGNFczhOUE50clVUM3ZaMzZmajdPNXFwWmlwS2wweUdneFlYdnlPZUdVZnIzS1hpS084bWYtaDZPRVYybUo0Q1VpRXhuRHczdW4tUTdrUWJNanE3NndMR1VwSEFXUzl6TEhidmE5Z1ZEblNnR3RmeWpVakdZRFdOWUplNDVqb2Y0c2VtU2RjZw?oc=5
2026-09-05 13:25:58,AVGO,"LULU, AVGO, DELL, SNOW, GOOGL: 5 Stocks Investors Couldn't Stop Buzzing About This Week",Benzinga,https://news.google.com/rss/articles/CBMi1AFBVV95cUxNNVRQcE1GYkJuNFVsRU9oVE9YelB2UHRHTXRIaWlvZjRUSW5hZlNQRUJfMlFhcGFFanBqX0lYa0lZbjd5MnlJemNYUFRwblNrZkRFcVBfQWtBRFdQZlBSek9PTFREWV9Vel9BZDMyZDlxTXB3eWtvZkNHYzd2TFJfemk0aFBqOXl2aU80MU5KaVpLTHlPWjRIcEpZYVFJVmdWZWRCQloxbmM3ZVRpM3VGUW95TGJZUHprMjRSMndHVll1UGVZd0dSSTZGZzJNS3RPNmx2Mg?oc=5
2026-09-05 12:38:43,AVGO,Broadcom’s Upcoming Report Is the AI Infrastructure Trade’s Next Pivotal Test,ChartMill,https://news.google.com/rss/articles/CBMixgFBVV95cUxPc05rX0NOTFFPenExVHNPci1Fd1dKTUdYcHFoRTd0aGdMNHc1MWM1NzZzQkt4ZWFDN21iWTJaSV9xNUpMVlAzZEIxRUZuNFJBVm1sUjZoOFoxN1A4cUFDay1HcmE1dWlyb3diNEJoOXY3YTd1ejgwTkxMYTA5Qnh0QndwOVZJV3BSM0RUN2ZkOC0xYmxCa1REbGIxMWpLemFLTW5mc1RKREJwUTVsc2VrNEhEYUY4QVp4N3ZUQ3hDN3BQZG1Ucmc?oc=5
2026-09-05 09:41:17,AVGO,"Broadcom, Argan, HASI, UiPath, Anthropic Trending By Analysts",TipRanks,https://news.google.com/rss/articles/CBMipgFBVV95cUxQRkFjcmVBeGxUNkdJdUpvd295VmxNTVQzS3J0M3JwY3ROUjZ2SFRRaU1STzFwLWNFS1ZEdFBFcVNOT284VWtoUVYwYjBHOXBSRzFXb01TQTBYeW1uSFRRMUxBOV9vVlBOa3RtQnlJcDBNaHd4VXdRVXc0VzNIQ05RUXd4MlpEa0JpeDRza1RSRGRFSmpvZGVOb0xQOHk2aXVSSDhyREp3?oc=5
2026-09-05 09:30:17,AVGO,Broadcom: The $350 Billion AI Signal Has A $29 Billion Footnote (NASDAQ:AVGO),Seeking Alpha,https://news.google.com/rss/articles/CBMiowFBVV95cUxNdW9jTlNmbk9laDN5TkN3UUJOcWc0QTd5NC1jWndTdUNaaXpIZWVQSWgyeUFiTlZSdUlIdmRQb3BRYmtEb3BEcFNkUEtIZWMzeDQwdVFua05CQ0NGR2N1dVFXeU4yTTJUajcyQzBSaFVWR3RmeTZ3YzlLRlRfV2ZGYlZlUkFyeDZRTmdfNDNPM3NTUlpCajBUUFc5eEEwTVMzeFBF?oc=5
2026-09-05 09:27:04,AVGO,How Moomoo AI Helps Me Evaluate High-Growth Stocks Like Broadcom ($AVGO) 🚀,moomoo.com,https://news.google.com/rss/articles/CBMirgFBVV95cUxOYzZyTEsyd2FjdlJtcjhWdzRnZmc5bVFhVERkemh3TDAyLXIzd3Nkb01kZldRQm9oZkFWQjJidE91VUZUSVBrSUVxVThmRFoyNF8zb2ItZnJrajM2MHdJNVFTTkEzLTI5Q2lESVBGUGZQelBEWHhfLWpGd0NrYnNjbEF2djI2MkJsRlJIekU1LVlBdllWZ0xJbGZHcjBrczBtNzlESDhhN1hlZHhZVVE?oc=5
2026-09-05 07:37:03,AVGO,Broadcom Stock And 2 More AI Stocks To Watch,simplywall.st,https://news.google.com/rss/articles/CBMiuAFBVV95cUxPMEJ1Z3ZGUFphdVFBWGN3NHpZdjBZRXBCT0RqUnNGaGo4X2NWYzZ3eWh0TktNWU9OdUV6WUh0RjFjMkxvUTduUUNaQTRNZ04tQTdsR196SlZYdDQ5Sk5zRUpCR1dpblpHYXN6eWtpME1mNzc2OG8yZkRnRWZuRWg4c3lTYUNjUlVwNmdhSkZ2aU96d0trODR4VFdlYjNmRTJkelM5bkJjWWRNTXFnU3pfWEJJMGZaQTZq0gG-AUFVX3lxTE9CckhCRUZmSU1tb2FFR2pUeVRUUnNwZTFPYXd3ZE8tVFd1QnJQRzZpVGl0Mm5RNENRbDNEb0RiZnk5bzZNVlllY1c2Y2UzOHo3ZzZRUUZ6R3hjdjZ5dVpLQms2c2R6TmdYWkRXcmdpemxaX3RDdnYzNC0ta0N4WTJBb2o2c2hxUTFiWTkzZTVzSmJrdnJwRDZCeElkeG1pbkM5T1dQbTZXbVgtZ3VRMHBZcnN1SG1nVkdPWHZNX3c?oc=5
2026-09-05 06:37:59,AVGO,Broadcom Stock: The Market Has It Wrong (NASDAQ:AVGO),Seeking Alpha,https://news.google.com/rss/articles/CBMifkFVX3lxTE9MaFFyN3pNemRwVk1YckVQZlNKNmJsVWJmTm1YQl9LT2pvTFdlVEVQNTYwSHF5RmxVWjNITEF1b1ZTR2Z6WC1tOV9pMDN4cGxwVFllTW9URl9UaU5QWUcyQWd4TG9GSTN3Z19tbGE1UE54YUl1Slh0N1BqVWs4dw?oc=5
2026-09-05 06:14:00,AVGO,Broadcom And 2 Other Undervalued Stocks To Own,Yahoo Finance,https://news.google.com/rss/articles/CBMiogFBVV95cUxNYlZxVmNVWVdlWDZ0X2w4emkxYk1PVEpSRV9LbE95Wm5GYlpmelNrc1FyNVg4Q1NmNnQ5dGQwX05lQjRxZjY2Ujg3UnVVWWNQWHBhb3ptMmpFOUx1ZDY1bEdpWEYzdlJLc01xZDNRVmxKTGpFOGEza20yRktaRC1wSThMQ0dXeGdyRFptY0ZxV2s5T3hNLWVFYXY3RFVQSjk5b2c?oc=5
2026-09-05 04:06:58,AVGO,Broadcom (AVGO) Stock Forum and Discussion,Moomoo,https://news.google.com/rss/articles/CBMiWkFVX3lxTE93VXFRZEFyeGVLUk5YYzFaOWMtRVo2SF9kZUcyYTdGbGdNM1haeXM1NFJNXy1mQWhjSl8yLVVJZWNOcFJNc2JPZ0NsN1pUOHZRbDM2Ulhva1NKZw?oc=5
2026-09-05 04:04:28,AVGO,Broadcom Inc. (AVGO) Stock Analysis | Breakout Or Correction Ahead? Pasto - Tolima (Iu1MGKVE31),Mshale,https://news.google.com/rss/articles/CBMiYEFVX3lxTE5NLXBpTkgyV1o1NnpsMFljSEoyc3RLYUxRREpxUGZQYllRNHF5VGZTXzkySDgxZkQxOFpoMXQxeEoycENwQm9SQ1hWLWdSQ0NHLWFrc1hVWnJqRkJwRktJNw?oc=5
2026-09-05 03:23:43,AVGO,Broadcom Stock Could Be Becoming The Hidden Power Behind AI Infrastructure Nba Mvp (ZLy8OXlvSi),Mshale,https://news.google.com/rss/articles/CBMiW0FVX3lxTFBMMGR6dWFJTzRZZlNQMW5PektnTHpNRUV4Ync1bXdOb1hvdTFvcUdOclNVR0NmQV80dmZLSDdEaXVHaC12VnZIZHQxS1poY0JaQlFRczlNNmhKbkU?oc=5
2026-09-05 00:15:00,AVGO,Broadcom (NASDAQ:AVGO): Why Is AI Revenue Raising Questions?,Kalkine Media,https://news.google.com/rss/articles/CBMiowFBVV95cUxQZ244WlF5MjBBbzVjYUw5TDBNcnZlT1Z3ZEw4Z1hudk5pYTF2Z1BPekZOMXY0d2FTUUVidHZDYVdtNGVFcndKMFBMa1lKVVFEemE0OHJuSzRqY1B4RXJtN2RkRENwTnZIREpGNW9pS1lOd183Ti05enphTlhIRnlyTXFIempzZUQtYkNJUzJxc1huM2E4U09ROEdUeHZxZDhwVGQw?oc=5
2026-09-05 00:13:42,AVGO,​3 Reasons Broadcom Will Crush Earnings In 2026 AVGO STOCK PODCAST TODAY PRICE ANALYSIS FOR 2026 BUY Mahmoud Khalil (lkXJSgW60i),Mshale,https://news.google.com/rss/articles/CBMiW0FVX3lxTFBzc2R5X1lZX3JobDA3eFJIb1BwMDJYaXhwaHBCcHlkb2ZkY3lnMzY3Qm5CeGZDTG4tbHk2YlZGblFfUWRGUWV3azhpQ0ZBUmhZWXBtSEpQR3lhdkk?oc=5
2026-09-05 00:01:47,AVGO,NVDA Stock - Is NVIDIA Ready To Fly Yet? (NVDA/AMD/TSM/AVGO) What Time Does Voting End Today (T0HZ5ZYjDG),Mshale,https://news.google.com/rss/articles/CBMikgFBVV95cUxPdnpUUGxBeG5wZ0hPODhac3dubzkzWTRUUFZZXy1FTXljU0NnR2xIMFRPcTVzdHBjbHp5NVJadUJ3V0hCVGQ5VDBUQ3haTFBQeWJjQ0VYTXdQQkdEQWtzY1NfN1NLSG94RXBzT1RWSERZMzhadmJGbFhtT0tkc0lFc1NuM2RVUUNLXzY0b3ItNUczZw?oc=5
2026-09-04 23:39:35,AVGO,Broadcom (AVGO) Stock Is Down After Q3 Earnings: Is It Too Soon to Buy the Dip?,The Globe and Mail,https://news.google.com/rss/articles/CBMi8wFBVV95cUxOWXlWY1ZQdm5aai1ma19vZGlrQV9HOGw5bkV0VXVCZU9wYkZxaVNwcDFrNWEwcXNibHdiWkdjbXoyZDV3eHJnWU56TGlpeTB5dFNpRHBJNEl3dU1LME1ZZFo4UEFqRE12dmZQQkF0cERsaTBsTmZGYnQxTXRXbHIwX0FpMzZNNXVfNDd2NjdnbnZDSXZNMUNPaVVwdDJSRWkyMXRrUW5Fd3lxZzUxZV9YS25KTUxGenBvNkVmcUZwYjEwQzRHdTlTVzE2VnU1cjlpazYwWkIwZ3BTZVVQbDJsVXl1ZXhVVzc1dFB5bW01M25Cc2M?oc=5
2026-09-04 23:22:18,AVGO,"U.S.-Iran Peace Talks, ASML, AVGO & META Move Stock Market Near Record Highs Jared Mccain (eAiJMFhRB0)",Mshale,https://news.google.com/rss/articles/CBMiWkFVX3lxTE1YTTNBZUwtbUtmQWRfSTUxa21YMFV2NUczZFFFUmZiQ05lRlV6Nkk1cGluQWEtaXpzMTVUWWFOQnYzRXMwa0tWU19hVDJxREZSQnBiR2VETWNGZw?oc=5
2026-09-04 22:52:08,AVGO,Broadcom (AVGO Stock) Buy At $385 ?! Best Places To Retire (gzFRqDDOZm),Mshale,https://news.google.com/rss/articles/CBMiW0FVX3lxTE4wRjVVQktjb3QzRXF2UEtOYi1BYkNNa08weTRpUnhaTkQ3Nzd2UElDZXB5azltSHJ3TkF5OGh3WUxHd18xd2Y1OXdHTkZaYnBuZ0FEdEFEQjM2cDg?oc=5
2026-09-04 22:51:41,AVGO,Jim Cramer Says “Someone Must Know Something” About Broadcom Inc. (NASDAQ:AVGO)’s Post-Earnings Share Dip,Yahoo Finance,https://news.google.com/rss/articles/CBMimAFBVV95cUxNVVdxTnNldmFMY1F0NUdFbVFCcTBPTnhUcC0zcDBYS2c1dVhoUEFab2g2WUdjRkJoRUdWUlRSZGpLdjc5Wjl3M3hBTWI4Z0tGM3J0MGZ3OUN3X3ZqN2s0VTlOdGxhWXV6X2NJazh4cE1oVlRmZm5KX3JwTUU2SDFRUjJESURtMGIxckVNdWVGSVBDQnU1RDZKRA?oc=5
2026-09-04 22:28:09,AVGO,Broadcom Soars 14% In 4 Days: AI Earnings Catalyst Ahead! AVGO Stock Analysis Nemesis Netflix (cYBpqJvKr9),Mshale,https://news.google.com/rss/articles/CBMiW0FVX3lxTE1McW5ZVU9Md01mSm52RXlwTWlCYXN2V3JXbDMwZGYwdl9kTnBqUENOV29Ib3VzMzVXaDZpcHU0dTEycTZkVjVxTXpGeEVtekRaR3RfcjRWcEVlcjA?oc=5
2026-09-04 22:20:00,AVGO,Broadcom (AVGO) Stock Is Down After Q3 Earnings: Is It Too Soon to Buy the Dip?,Yahoo Finance,https://news.google.com/rss/articles/CBMilwFBVV95cUxPVHY0WFJVdWREM3hnU3RtNURIbzREU085dVczd2JOcTZuMHRYNWVuVy1ENUhINXBLSmx6blZtajM1cGVyZ0p1REdueW9ISGZOT3NrVFU3eE1xeGJiSDdzeXZ1T2R1dzVZbDVFWXg0ZTNWdUswYXBTYkFXTldLaGpoSjZHTWZrd3NTakRmeEtSeVE0RWhsaWlN?oc=5
2026-09-04 22:07:22,AVGO,Broadcom: Bubble Or Buying Opportunity? (AVGO Stock Analysis) Clayton Carpenter (6D7QbFhO6q),Mshale,https://news.google.com/rss/articles/CBMiW0FVX3lxTFB2RXZKYUU0MlM4emJmWUV1ZEFjS2s4WlhybzdmWE5CV3M1VmhOcllVZU1kdXI4RnRScjRDUlNDSVRJTlNvX1IzZHk3VlNJamprUm80QVAtc0JaVGs?oc=5
2026-09-04 21:30:43,AVGO,Broadcom (AVGO) Stock Is Down After Q3 Earnings: Is It Too Soon to Buy the Dip?,Zacks Investment Research,https://news.google.com/rss/articles/CBMitwFBVV95cUxPeTNBYWxyYVBwUVNiOXhPUDktdFMyLUZGNnRYS0tvWXJLWGNXMThvd1kzTGthdjVlai1qZlB2R3k2ZUhCNHY1LXR4a09DRU5KaWN2TWMwMG5EbmtHUXA3dm5nT2ZmUUxPLWlOajUtYThuVzNrdEJ2bFpxdy1xenZyNVo5eDZlWFhGZ01CSnAxWWp4dWlBVTJYdWxVb25VZnEzTldFaGhlcktKVUdkVFJhYm9xUnhVWlE?oc=5
2026-09-04 20:33:19,AVGO,Broadcom Stock Crashed But Nothing Changed (AVGO Stock) Diana Shnaider (46png4JLvq),Mshale,https://news.google.com/rss/articles/CBMiYEFVX3lxTE9UeUpWcnhVR1c2UXhpY3p3Vk9QSEtNQ2FlUnd5UmRiajZHTS1oQmtlZy1zMlhkV05ZUzRzWUdZYklBNG1xMjVhVlBGUVNLTzFaYVlBakZyRjQ1TGE0Tnc3Tw?oc=5
2026-09-04 20:00:25,AVGO,"If You Invested $1000 In Broadcom Stock 15 Years Ago, You Would Have This Much Today",Benzinga,https://news.google.com/rss/articles/CBMiuwFBVV95cUxQbDZZazBfSjJWbG4xeDhVaVV4aDZRY25OZWs3Sk9WLUJ2ZUpSbXRxSFhxdVIxSmtkQnhlLWdrZllKVFBCUXNJVVBGdXZWMnNueE95bUd0NUs4bWd0eTVqN2RlRkFtYnR0bXRrUkxUQUJoZ1IwZk1saWhTdGE5Mmxqd1BCXzBHblBnU3p0cDNVQnNydTVtQzN4NFdhUnM2YkwtRm1OenBoQ3hmaHVIY2Z1bzd0WjIzMmZOZFFn?oc=5
2026-09-04 18:37:06,AVGO,Broadcom (AVGO) Lost $350B In One Day. The Thesis Didn't Break. Ricky Hatton (pIxi59AM3T),Mshale,https://news.google.com/rss/articles/CBMiYEFVX3lxTFBmUEt0Z0NaYVFCdVpPTDB5a2tCa0oyTmM5eHhibUE4b0NxdHBRbGh4Z1BjMlVWUDRvN3k4aGt3bURZWjhmM05aZ3RKLU1Lb0wwbVBLampReGtBSGFEb192LQ?oc=5
2026-09-04 18:29:48,AVGO,"NVDA Stock - Its Coming, Get Ready (NVDA/AMD/TSM/AVGO) Centerpoint Outage (5tbqBRiHdb)",Mshale,https://news.google.com/rss/articles/CBMiW0FVX3lxTE91RDJsZmtXYU9xTjRKd1RySW5aLUVUZXNoQnU0ZV8wRkpZbnZITDl4ODNIX0FKVXlYWEEtRVBZNGdHSHl0QThybFNOMHFwdWJaV0NQVWFKX3dEcGM?oc=5
2026-09-04 17:13:13,AVGO,Broadcom Crushed Earnings and the Stock Fell Anyway. Investors Are Ignoring a $230 Billion Signal.,Barchart.com,https://news.google.com/rss/articles/CBMi1gFBVV95cUxOQ0VjODZDdURQb2JidEhVNFRpNUJKYnBIemtiaVpGTzdiOW9sMU9Ld0RWTGR0WXRKVDJrWHVzS01PUlN5VXRtaXpVamEwZldodUF4RkNkNWNtMFNZa0NqbHd4ZWtnRHlwN2dheHhQNmVuVnNtS3hxVXVHR1BUUTBFeWZtbXcwSlF3OTlURjRtMXFLQk1RWFdCTkVUWF82Sjl4NnBrRUxnRS1WeDZIVkM3ZFBrbXdMZy1oXzlzV1dJNVRPX0J2a1I4bWY4QnhJSXd0M0VXOWlR?oc=5
2026-09-04 17:07:00,AVGO,5-star analyst resets Broadcom stock price target,thestreet.com,https://news.google.com/rss/articles/CBMilAFBVV95cUxPUVhYN2pIMkF1S1VwWkJsT0Q3SU5wZ2FPLWgtalBudG5zTktDTGk3TnFJSlgtNElzc0NlTFpPVTgwbnYxYVA0bG1vR05WTnA5dG9aRnZUaDFWOS1LWDlnOEM1dXNLOVdibTAxOW9XbmZWZlRZOU5KZm8xSTIxd0xfTEJqSmlvUE9pUFZGNVQ1ZGVCY3JH?oc=5
2026-09-04 16:55:39,AVGO,"$Broadcom (AVGO.US)$ Get free coupons, points from Moomoo! 👇",Moomoo,https://news.google.com/rss/articles/CBMirgFBVV95cUxNc0o4ZkZQTXg0RjY4LUlBSV9nOE1ZTS1LM0E1bkE0TmlJSnJSd0lxenA0bEdOMHVLVFpkNld2aHJ2dDVGb2E1Z2NLRVRrNkZYRko5M2xUWDk5aHNYeXhJa2ZnVWRCSk90bzlLclJMRkxQdW8yZV9scndYMUpXbi1heHZCdWFQUUxQRmprNFVsaTdjWU9HTW1Zb2FtVDV0TVNHZEhmcnoxOEREZlNrdWc?oc=5
2026-09-04 16:14:47,AVGO,"$Broadcom (AVGO.US)$ LMAO, both bulls and bears got slaughtered",Moomoo,https://news.google.com/rss/articles/CBMirgFBVV95cUxNbVgwRlVPMkUxNFhJNGxHUlZndGcyajVob3BOdXFIMkw2cEUzUnRwUDdhZTV6S3NYQWc2ZXpFR3I2U096ZXBuWUV4NzFGdXFaeXVJRVBrb1ZEVGYwWVFLUGI1OXNhSGVKZEgtLTlxUV95eTZyUldyLWNTYzNRdnNzLVlHdU5takMxMjVESl8wc2FkMXFNNFA2LVBFTkFiOEdaYWdmR2FHOXN2WXZxMVE?oc=5
2026-09-04 15:04:34,AVGO,DA Davidson cuts Broadcom stock price target on guidance concerns,Investing.com,https://news.google.com/rss/articles/CBMiwwFBVV95cUxNS2pHcU5QN2ZlSkRwbGNWaXczWkRyNGhEOWdHZEYtZVdjMGpSOGt6NDZCNXN1M05hejJKajBSNXc5Vk90XzlyMTVuY0pKel85RXR0UDJBWkFUeXZPMHFxUXkwSW9TZ1FKTm9oZVd2RWY0bFFPYXlibXNuMUZ3OEozTUg0RHNMY3NxMmVSd1kwc3ZjdFhBakE4STlTajFYOURnS0Y5a0M3RS1RV1FvaFNzNEt0TXFqMUZjbU1CdVJIYkN4UlE?oc=5
2026-09-04 14:55:30,AVGO,Broadcom: The AI Tollbooth Is Becoming An Earnings Machine,Seeking Alpha,https://news.google.com/rss/articles/CBMikgFBVV95cUxOekk1QUVqSHZ4UE1hd0toWENjTmRjZnhyZGh4eS1XdFZtQ04yUHNsbVI1Z0E4OVprZFdyRVg0d3pxcXNjcWNCNUVFN2NZYVhjTDZLQ1Z3T01CMFIzN1p2NENPbzdkb3NkOVFfTzJaZ0tNcXFzXzg5Y3h0N09Ec2tMUktfc2EzZ1pxb3FHMHF3Z3Zrdw?oc=5
2026-09-04 14:08:27,AVGO,NVDA Stock - What Just Happened? (NVDA/AMD/TSM/AVGO) Dundee United Vs Livingston (KHuIGlFkGm),mshale.com,https://news.google.com/rss/articles/CBMiW0FVX3lxTE12anFXYzRDR3QxT0lMQnNiY2NqazlzRDRJdExQaUtQUzQzbHZNakFSTXdpOE5Nd1JEckVpaDdmS2phajlfMVI1ZHg5TFVUMkQ4cjNUZHZpS1ZmLWM?oc=5
2026-09-04 14:00:20,AVGO,Technical Analysis Of Stocks: SPY / QQQ / NVDA / TSLA / AMD / PLTR / META / AVGO Brighton Vs Wolves (4GwfnSzPbM),mshale.com,https://news.google.com/rss/articles/CBMiYEFVX3lxTE1ZVnpZNGJnVjhPa1luNXJSX1Q4TkxmUTFZb0k4NGZhZ1ZObmxhZTVrZTktYTRkZXc1bk9YYzdRdlAzY3Q3SXVfTWlKTnJvTldsS0tYMndVT0Q1ajkzbDhsTw?oc=5
2026-09-04 13:28:29,AVGO,"Oil Spikes, Key Jobs Data Week, Chip Stock $AVGO Earnings 🔴 Live Trading Stock Market Today $NVDA Golden Knights Vs Ducks (EiW0AiJeqs)",mshale.com,https://news.google.com/rss/articles/CBMiW0FVX3lxTE9MZjdKQ25idHRGU3EwSEdReGM1QkpjRUJMaGFTaGZOdmFGZkxBajdKWnljYVB0TG80eHN3MmlzSzVmcUl5V3Y0MDFyOXdEN01WemtQNnVwYTMxSW8?oc=5
2026-09-04 13:20:43,AVGO,"Marvell or Broadcom: Buy the Dip in Only One AI Stock, Says Top RBC Analyst",TipRanks,https://news.google.com/rss/articles/CBMisAFBVV95cUxNTjF5Q0lpRjBKSmZXN2dQTW8tUjlCRWNCa2xMVEFhZXBjT2pVSUsyUUdnV1h0WG85M0hlUjRPU3lkTDFWcGZtR3BsQ0pMdDNGTkNpeEFMQlR2NklibU13SHRuN3BrNkRZQ2NyTFNHRTF4T3ZqTXZGV0IyT2psZlB4M0VfVUdtb2pid0ZJc19rT3lPbVN6c3ZJRTNvOVFKaWRWSWFyb1JudUVodkVmVFFjUQ?oc=5
2026-09-04 13:15:02,AVGO,Is AVGO Stock Poised for a Rebound After Broadcom's Strong Q3 Results?,Barchart.com,https://news.google.com/rss/articles/CBMiswFBVV95cUxNd182aUpXNHQ0Q1pwUENNNEt1MHRoamZBRzhKb0NLU0F5TS00cEFaNjQzRVRBVk42Y2ZTM2ViUEh0TGJXVmlWcUVEME9sNi03VTdYR0toeE1TWEJETk9XMGhMZmY4RVdZMmJMVUctWXhlZG9XLWhneEdRYnl6cHA3V3RPQ0hBNnBoMEVXalA4bTF0S09NbFlLWTZVZk5iSG04RWIydHMxOEdOM0pDWFMwT0ZDOA?oc=5
2026-09-04 13:15:02,AVGO,Is AVGO Stock Poised for a Rebound After Broadcom's Strong Q3 Results?,Yahoo Finance,https://news.google.com/rss/articles/CBMiogFBVV95cUxNRDRkTTl6NUx5cWpsNzY2MUMtUGpwdE9Ca1VvT3FMOGVCZ3gxaEk4R2dPdkVlUWFobDNxczJhdUJYVlN5d0ttdWRSVldxVDBIdlNDNF9Xem56Ukx5YW1od1RqTjVBMFVvaG1fMzNsaGlwOG95d2JGdlBiWHg0UEJpaE45MFhPVy01RWJDVnMtVS13cHlDVXIzSExNOGU5R0lwa0E?oc=5
2026-09-04 12:15:01,AVGO,"New Buy Rating for Broadcom (AVGO), the Technology Giant",The Globe and Mail,https://news.google.com/rss/articles/CBMi1AFBVV95cUxOQi1tVUN6VlM5dUJhNGFOVUZfLVRWd054UUdCM09SQkNBQy1MR01QZ0xKd1UwUUc4Rzc4aFZ1enhmSUIxd3dQM1lqNkpoaFZnWjVydElRVVJQTmlxUU5LYWVMTlRNVFpFa0VhYlNaTmRpSHJMNjBkMWZqdWIyNGIxeXNjUjJrSDZQQ1NWUEV0RFROT3FWWUNMQkR1emd5Qmx5YzRtRDl4U25ITE1vUld6WTZuLU5wWU1qc2tQeHNSRVZGSkp1b3R4c0Rhci1IUW9vV2NPNw?oc=5
2026-09-04 12:14:09,AVGO,Broadcom's Sell-Off May Be Running Out of Steam: The Chart Offers an Early Clue,benzinga.com,https://news.google.com/rss/articles/CBMikgFBVV95cUxQQjlOeTZKN0hDLVJoYUFCR0N2RGxDaURKaEFpSDJQQndqVGtYTWxKWVk3dDVTb202bWNYZjVYMFVHWXNNNXRxSGFQeDhBN3h2cGFvM1VGa0pONl9Fa0JzVnNFQlNaaVBMRUxPRGg0MnpGeHdQbVh5SHFFRlpNejlfVGlBTlQwMUlPMVlGY2Z1b1FRdw?oc=5
2026-09-04 12:14:09,AVGO,Broadcom's Sell-Off May Be Running Out of Steam: The Chart Offers an Early Clue,TradingView,https://news.google.com/rss/articles/CBMiaEFVX3lxTE91S0kwMjhRY2QyWlk4TGhwNS1mc0ZOTENzQkVCaGdIYm5IVVozTzM2UzRLYnVtWWtHR1FWNERGY296MzAzMzBKNHJORTM2T0ZPUHFnNXRYMHAtejNleHBDdDJkZE1IbVlw?oc=5
2026-09-04 12:05:06,AVGO,"Analysts Conflicted on These Technology Names: NetApp (NTAP), Hewlett Packard Enterprise (HPE) and Broadcom (AVGO)",The Globe and Mail,https://news.google.com/rss/articles/CBMingJBVV95cUxOUjBhZEpGMWtOalhfc0hIRFhZRHdqU05zSXVYV1h1NEp5TGU0VTFHRlEzWGxEdko1SVZSX3VWZnRWcUdjSVgwSmZkYVhILVJUeEhxbWg5OUc5LTlFT2lTWTZPYldSUDdQV3dsVTJwNDB0NWx2TllOa1VuNGxDS1JWem8zaVg1OEpwcXVfVkgtei03R1drcExzVEZEZDFLeEUwelpsWnBTV3BRMjRCaTlScXlHYjFMQURvbHVkelhzOUdsMW95ek1aUzd2WnViTXBqUEZJZ05FU0ZIbVNyZlpISVpPQlozN1A3WmJpeXpiUmlTVjdPNzV6dXBfQlFDWW81a0tscmRsajhGVXk0czV4QnJldTZkQy0tTHYtMmVn?oc=5
2026-09-04 11:57:35,AVGO,Broadcom: Buy The AI Reset After Q3 Earnings,Seeking Alpha,https://news.google.com/rss/articles/CBMijAFBVV95cUxNa01WTi1nbDZlV0VIZVVnSkM0WGlqcjRYZ0ZIZnNERGdOMFpxdER3VWRpMWZqbkRVRWlOUU1jTVFHcklBV3dmS0dBYmwxR3phYXg1S0ZCSl9lMlB6WUhUT0Rzc0Mwdjllb0ZmRG1aeVE4N3dfLTJRbHNXTzdvUVpDSW9relk2M3pBMmt6Rg?oc=5
2026-09-04 11:48:56,AVGO,"New Buy Rating for Broadcom (AVGO), the Technology Giant",The Globe and Mail,https://news.google.com/rss/articles/CBMi1wFBVV95cUxNSHhsMThrSFJsX0ZwWFdQdkU0MVRtZ3Q2Y0F5ODU3akNPSWxHQ3I3QmtDNVFCaWxpY2pWU1ZQbE1oNVRoR0w5SzZkNkxLMmxtMWV3ZUJKTVYwWWpnNkZzeU5fSnJzdHYydG1LVHpaLWYwMGFYX0FOZ29aalg2UGV0MDVfQ0hERGQ4OXJYRlhSUF9BcjVtazFMZ0FuT1dKNE9ScGtzbko5bmhyT3BveWdtbG4xbmlTekstR3Q2emNYWUtsMllZaXMzdDNKek5yVnY0WTJDYXNVaw?oc=5
2026-09-04 11:35:01,AVGO,AVGO Stock’s 27% Selloff Is Sending A Signal – But Morningstar Sees AI Demand Getting Stronger Through 2030,Asianet Newsable,https://news.google.com/rss/articles/CBMi-AFBVV95cUxNOTJvOHZzS2NvcVFLaUxqN3RQTmpwYkdfaF9vSTlIdFJaaXJIU05wRnQ0LUpzeHY0WnFWMUE4X0hSRGI0REhRcV93M1hZVzdrUzNmQ1lWc1BmLW5rZkhWMzloVV8tVEIyR2c3enQ1ZmtxdVVia1g1QUVpR3k2bl91VkZyX24xdm1Scy1nWnpndmVVQkNVSi1LYWRIVWJJUTJEWm1ZZWE4bXBVMFllYzE2SmVBcUJlcDRDeE43TU1GSHpqU2JDSURMMkYtZ3Q2R09Pdnhhb1RPMnNCcWN1bE9BTzZXUEJHRjNWRS1XdG9SS3d0UkNVYUQxLdIB_gFBVV95cUxNU1Z6ZkJuck9ZSEpNVHJCVE5NUFljZzIycVhKTHFreDZoRkZ0bDRMb2hsdkcyZnVkWEZ1ZTBMX1VDLXp3NnZMUFBDZlBsYXBHbUFaQThaZGlhUGc0dFM2amhaZDBuczF0R3VPQndWemlGWlpZQW92TVhTcm9nLVI2dHF1MUYwZ2lfcGM5NXRpUWlSY00xV2ZUNHVJOW9mMEcwcWxDdDRYY3JYQnd2WER4SVB5R19TZDFkSTJfbF95V2JhU0wtQnNHNXByMnlldkk0VEU0eFo2dTlHd2V6Z2VZRk1vdURNTjFQRlNqd24zUGFjVFpHOGtQWXNTSEtJdw?oc=5
2026-09-04 11:30:00,AVGO,Broadcom: Margin Compression Is Masking Explosive Growth (NASDAQ:AVGO),Seeking Alpha,https://news.google.com/rss/articles/CBMinAFBVV95cUxPRzVVUXNkanBYQjZBLU5GdUwzNnlZbkpUOUZzSU5aUWFOZGc1eVV3eS1wOURoOWlDWFh4T3Nyd2wwWFBHUmlwLUVYYmVFbmd5RUNuX3huSnJKWG9CYXJuZDdmQWpaelk5OU1tWDdMZ0lQeU9LMktDdUtWcllSOEU0OEl6WVpzSnhLNFZVeVZoQzVnVXdfb0R2enhqaHI?oc=5
2026-09-04 11:25:49,AVGO,Analysts Offer Insights on Technology Companies: Microsoft (MSFT) and Broadcom (AVGO),The Globe and Mail,https://news.google.com/rss/articles/CBMi-AFBVV95cUxPdlI1OHB4X0VKZEE2Tjg1ZGtJUTV1OGxONWk2bF9tNGdpSHVCYlhHT0dOM0N5dWQxbFJMNzRaejJrN1k2aEJ0YnZ1NWYtZmlUdUNwYzVxT2lpbHFHWW5OcXZoLVJRVlZTbUZKcE5tUWI1cjZuOHkteE5ZbWVwdER5Z0ZRQzN1VlpGNzFnMk1IenZTZFFtQ2JXcm5wdjMxaUN1c0hEVjhyLWxjbUh1bXJhRV9CbURuM0Yta0h6UVRWMHVjTzFqVmdxX3I4dlNjR0tfY01FNHZHUVBtdmpyVGROODZYT2xrdmt6cVRYQjQ0dFIyUXJVWVVaNg?oc=5
2026-09-04 11:25:49,AVGO,"Analysts Offer Insights on Technology Companies: Broadcom (AVGO), CrowdStrike Holdings (CRWD) and Snowflake (SNOW)",The Globe and Mail,https://news.google.com/rss/articles/CBMingJBVV95cUxPRUNqNnA2M1RCdlZpVkNiLW8tc2twRkZ4SXc0V3RoRGZnQ2YtNjZ5RkZTa3JkN1NtY3pZLXE1X2JiMndrcnJRUy1vQXR0SU1HV2kzb3E0aUZ4YXlfNkNUSnlSM1NSSlpYWjBVV25kcGgzRmVfX0lnaGRtN2dJaGFaRmRMVEZTdDlabzlxSVZaa0d4dlQyMzc3VWh0T2pkdzhuaVJYSDFNblpXZHJoZjdWcTFWRWlvSnJ6c1BSWmdQWXRlVEJwdWNnWlJtZExLelRBTDRDOFJnXzdZelFzNGJfTDh2ZzQ1X0I2VXNtbnI0Vkx2QVkxOXp1YmJRWlBUdGpNY25KRXZKN0dVQ2g5eDlNaFBDVXFpM2FqSUtKaDNn?oc=5
2026-09-04 11:25:49,AVGO,"Analysts Offer Insights on Technology Companies: Broadcom (AVGO), CrowdStrike Holdings (CRWD) and Snowflake (SNOW)",The Globe and Mail,https://news.google.com/rss/articles/CBMimwJBVV95cUxNRDhxN2dxMmF3eWtLQjlNZkVGUTB2UGpmWjN1dEtfZjZmdVlHN0MxLU53WUZtc3R5V1FkR2hTenRKVjdWTHNkbHlQdzFxaUVaMFJvTmtRbEFNam1DVnhBSU9PeUR2d0lnQ2ZzR1pEbGZYSXBFQjNqbHdpRmtlSkxYQUlRb3BHblZuc1pkcHJidE9XRkd5aEd3ZkkyTUM5SG9oSUZVY1R4U0hCUEJsbktxR3JDS01rcnU0UDA3NVNkZkE1VWdFa29RTmpnVEFWRGZ4WTUxb1YzOFhxTl9GUzJvVEp6Mk9FcWNXQ2ZBNmJXaDBvMVVfS0J0c01lbVpJNGpIYnZBWktTLUlmaFhncFZaNHk5TkxHUFNzVkRF?oc=5
2026-09-04 11:06:50,AVGO,NVDA Stock - Is NVIDIA Ready Yet? (NVDA/AMD/TSM/AVGO) Cancer Colorectal (2CqPytNOzL),mshale.com,https://news.google.com/rss/articles/CBMiYEFVX3lxTE5xV3FHYnRxYWhmSkhEenVhaDdNY0R1N1Z2NHNwc3RLRjlWbmUzcFgtOVdraUxMMXk0WUhyWXFuUlpjWWUtYVVqNFh6bm1OQ2JYREZnUGp0Q3d2bHJEUm8yWg?oc=5
2026-09-04 10:40:15,AVGO,Technical Analysis Of Stocks: SPY / QQQ / NVDA / TSLA / AMD / PLTR / AVGO / SNDK Xinxin Yao (SC3h9iTb9a),mshale.com,https://news.google.com/rss/articles/CBMiW0FVX3lxTE5ERTR4SzFqUnB2c1RZWFVZQkREQzdUbjdXSkZ0YUdXaEhTOWpuc2dYalVBbmhqSlhmdnBRZXZEZU1YSTU2ZFAyUEVKQUt2UEhKVDFyRkhCMXFWUHc?oc=5
2026-09-04 10:36:36,AVGO,"AVGO Stock Analysis Today | Broadcom Stock Prediction, AVGO Stock Price Target, Forecast & News Yash Punja (CurWjU54sI)",mshale.com,https://news.google.com/rss/articles/CBMiW0FVX3lxTE9IaUlSeVFHTWtYWHRoWTZBWk5BMzFsU1BhT2lLSFpyRXFER29sQ2FXc3dnaXBTSWRncm42RGNtX3FFVFVydDduelJsNG9vdGFZSkVCRnpJbk1KTU0?oc=5
2026-09-04 10:28:16,AVGO,NVDA Stock - How High Can NVIDIA Go? (NVDA/AMD/TSM/AVGO) Gt Vs Rr (w1IaUSSi3F),mshale.com,https://news.google.com/rss/articles/CBMiW0FVX3lxTE00S1pWRUpfX0FCWGVSQjB0ZXpDTzZJbWRDR3ZFZS0wSFIxOXhaUW9RWlM0cElqR19LaHpWN1pJV1ZYQWFrckttekVSa3pSRjlJd3hqUElGTmduaGs?oc=5
2026-09-04 10:26:12,AVGO,AVGO Stock: How Broadcom's VMware AI Push Battles Nutanix And Microsoft Rod Stewart (v7u0WuMWGM),mshale.com,https://news.google.com/rss/articles/CBMiYEFVX3lxTE5Xenh2ZjR6OF96c1lmcmI0OWNLSnhJeVpjX1ZvNkp6amVSdXRjZVJnbVJCMTRZOFFrV0FZUHBhSk4ycmg5TmE0ME9PZVA0UXdQeURNYWU2U1NOYjdYbHc3Mg?oc=5
2026-09-04 10:23:32,AVGO,Broadcom’s NEW Problem Is Putting Pressure On AVGO Stock Wild Vs Avalanche (vjLKSvDwY9),mshale.com,https://news.google.com/rss/articles/CBMiWkFVX3lxTE5qd3ZpUUdYNUEtb1FJMzJ4aGNkUldNV1gtMGlLV3p0U1RqTmdwTC1pZzRTcEFzMDV2Y2dGR0FBT1ViUm9RWXZhSTZkeTZiNGRFNGZVUmo3QVgyUQ?oc=5
2026-09-04 10:19:13,AVGO,NVDA Stock - Whats Going On With NVIDIA? (NVDA/AMD/TSM/AVGO) Kara Young Leaving Proof Broadway (jIrOlDk8bA),Mshale,https://news.google.com/rss/articles/CBMiW0FVX3lxTE0zUkFsYW40NFRULTZiUmhXNUxBRlgwb01JQUhZXzd3NWRBY1k1c2Jqc3Z3OTNndXdiMmRsOXIzWDBQanN6YjJHUXlqTjg2WDJpSEdiNlhkVmhqMXM?oc=5
2026-09-04 10:03:42,AVGO,AVGO Stock Analysis: The Real Truth Behind The Recent Crash Indiana Jones (7gkKq1QwbH),Mshale,https://news.google.com/rss/articles/CBMiW0FVX3lxTFBxLUtkbnNJVXdjRTFrV0NqX0xISFdMUW9ELVVBb1d6ekVybDVhS3dHN2RiYlVyOGdzZ1NUT0I5eFJLVTVzV3lzTlFuV1NnM3I0eUdnQnJzMDBHV2M?oc=5
2026-09-04 09:27:56,AVGO,Analysts’ Opinions Are Mixed on These Technology Stocks: Broadcom (AVGO) and NetApp (NTAP),The Globe and Mail,https://news.google.com/rss/articles/CBMigAJBVV95cUxORWNzRDltWjNERWQ4QVgtdTlDblB2bDVvZmlDeGNGMHRnVkdsa0xfU2R2RTdWU2RydzRGeWVsWm5ubGpiZlloXzlXYWk2UC1EY1hIVlhjT041SmFvdWRmOHVES21YWHdZcExYNzk3aHJGMFRmWjdZOXNQenlzNVNpSXVvRlZ0SmxhdUpRYU56bndsMXlDNkt1bHRiNzVBaGNQVVhqdnZOLXllTnduLXh4cWZmZjlCMVdicVB3OTRlVGFaWktYcnVxR1RyNmQyaURMWVZGMmJBa1hJaVpzbkRjQkp6QlAyTm44enRUQ2o2ZEdxYW9NZlRfMHdjd3NpUnVw?oc=5
2026-09-04 09:01:04,AVGO,"New Buy Rating for Broadcom (AVGO), the Technology Giant",The Globe and Mail,https://news.google.com/rss/articles/CBMi1AFBVV95cUxOalVNTTJsaTR2WThXYmFZMzFiOEpGQXY4ZzVwd3pZQWsyTDI1Ql8yREpmb09tODlFYmt6OWJvWEV1NUZYUWhTTXZqT1RXcGRXMXphVmhrWWs2ZDhjUEhnSXFrTko4N1pTTmpaYktQMDlIVWNLaG93TXFLVzAzYmxQcjZXX0ltUkxDWUZoNWtta2dSTC0wWmtRS2huSnZqaGN2TGFFR21iY3VsNHNleGRBOUliV0FGaFctS0dTWFZsalhvN3VOQm5tei1SSjJTdUJnYjAtWA?oc=5
2026-09-04 08:56:35,AVGO,"New Buy Rating for Broadcom (AVGO), the Technology Giant",The Globe and Mail,https://news.google.com/rss/articles/CBMi1wFBVV95cUxPRXhLUlpMTU44V3dJUWo5V1l4Wjh5WU1QcHRPTHdLMExMUkNOdUVvRDVzb0lfSGg4azFHNGdPb3RibWo0NnFWSHpDZWxRNUJzR2dJSm9HckY3X1k0SDFIQldzbklxNUJjdkhTX2JoZHBKMDFaczdjYlRaYkk4NjM0YVBuQ2xLS2o4RWVKdGlvbkFFeEIyMzRLVHUxUXRFaW1oRzZoY3h6dnM2VVNsT003cWhYMExObHRGZEJlQTNTMmJ5WWN5WGVlSlNzRmg0Z0JVN2JZaGpvdw?oc=5
2026-09-04 08:45:46,AVGO,Broadcom AVGO: Why This AI Giant Is Preparing For A Massive Breakout Travis Kelce (EkqFue6f0A),Mshale,https://news.google.com/rss/articles/CBMiYEFVX3lxTE54YkUxbnlKeDJHV2NZLWtENGl0SUc5ZFpmVGxhcmR3TmNlYWxPX3d4SDAtc0k0MjVWZUdFUUVBVURpMV9nU3lvdkdvWl9vaFhBeDdHQ1hVdjFVbldEczhFQg?oc=5
2026-09-04 08:23:17,AVGO,Avgo Ft Radulov` - Химна на Бавареца Iren Stock (jmjGtV6CzT),Mshale,https://news.google.com/rss/articles/CBMiYEFVX3lxTE9EWXJXa0JWeW9iX1hTM3FuTEtSUFZyNFhJc2hsbjI0dXFoMWw0V3UydjJ3aGQwaXJtZ2pMaHhyUnF1T1hLd0dYSDN5SUFJWUFiQVJMeDhWTUFFT1I1bGcyQg?oc=5
2026-09-04 07:49:02,AVGO,Semiconductor Stocks Crash? 📉 $AVGO Earnings Disappoint | Live Trading Stock Market Today John Lithgow (Ry6pKgHfwK),Mshale,https://news.google.com/rss/articles/CBMiW0FVX3lxTE5IajFZU0cxRVNpaXdHVThoSjBad01mRnljXzR1aEV4aS1lMXdUb1pnMlFZazFyQS1lREVBdW1MZExuWWw1X3pFLWVzSjR0aktucU9Oc1piTllhcTA?oc=5
2026-09-04 07:35:04,AVGO,"New Buy Rating for Broadcom (AVGO), the Technology Giant",The Globe and Mail,https://news.google.com/rss/articles/CBMi1wFBVV95cUxPcmc4NERFTy1sYUlHdFZaLWRLWjA2US1McEdLNGExMUpxbDM4aXhzQW9wVmlNaVFhYnUydEhBMk56UnY4TEZsalJBd0QxQ05PSWlrVEhtR2xmbENWZUVTWWUzMXBIeUJyazdWYkhkbHN6UGN2d0RRRENDMWlxdmFUcFk1UjFnSEJEaGRxbUYxMTRQbWQxcmRmR0RxSWhETW5POXFCYmdFT3R5a3lJY1dnZ0YzdUNVcFQyNWxQN19rajB4SFU2V0hWYVVPYmkwTGJoY1dqWE81cw?oc=5
2026-09-04 07:34:52,AVGO,"New Buy Rating for Broadcom (AVGO), the Technology Giant",The Globe and Mail,https://news.google.com/rss/articles/CBMi1AFBVV95cUxQZnJoYU5BcTVDbTFUVGNBeExYNVhzTy1EOWdrVWdZLURYTVhhWm9Qc2RNT0tCWmdVbGt3TUg2ZWVwdWlGN2RIRW1BRENDUkNBc0ZIMWVkQmUxUHEtczVwRDdmYkZMemJWRmR0bTZzN3Btdmc5Rk91dVJ1TWxpcWd2cThXUzlLQWdOY2FUZDJwTzZQUk5RLTA1alBzc2NvSkhJNHFhWlhzZmtnUmpuU1R4M1luUGVPc3ZwMFNxWFlneGIxOGpOcmptc0FIWUg1c3pCN1F0Yg?oc=5
2026-09-04 07:24:22,AVGO,SNOW +23% Vs AVGO -4% | Why Did Wall Street React So Differently? Raymond Epps Fox News Lawsuit (MF968lCXPX),Mshale,https://news.google.com/rss/articles/CBMiW0FVX3lxTE1ZNTM5VWR2RmhyRWVkVU42eEQyVXZydVA0bTJXRUJ6d29ESE52OEhTTndMc1pQZjBRY284OUZfNkdQSjBoS24tcUk3MnRSSEZmR0N6NzVVQVVWNU0?oc=5
2026-09-04 07:00:00,AVGO,$Broadcom (AVGO.US)$,Moomoo,https://news.google.com/rss/articles/CBMiekFVX3lxTFBSYjhGNmxUM0l2QjNvNW95TjRyYm5Hell3amQ1RzVva183MFRXb3lyVWgxdkNIX0ZXM3hMME9pdjNmMzgxRjlsNTFzaF94Y3pkSDh3RUhwblIxMjNFaVF0cldueFdqN0lLUzRSY1VUWDJnaldQOTVSYlNR?oc=5
2026-09-04 07:00:00,AVGO,Broadcom's Artificial Intelligence (AI) Chip Sales Surged 221% to $16.7 Billion Last Quarter: Is the Stock a Screaming Buy Right Now?,The Globe and Mail,https://news.google.com/rss/articles/CBMitAJBVV95cUxObUJuMDBXZmRsWTFTZWo3VXpRek5FckZRNDZQSEZZejMzWWREcnptZFFTdnpXMWdHSzIxTnk4VTFwaU50TWxKQjBVUVMyekZTSXhRTGo5ZlRsSGQxS1dkWXFRX3AtV0JZUGJuQnFjaGVGSGJTT2V2VlA4STg3NHNYWGdsX3B6ckhSQlVkc2JOZmZRZDAzRFc5N1ZOc2tER3dsN2hCbEJMUjNCdVBJcVc3UVZTdmNHVXNVdDJoUjlQN0FwdmROZ3pYTlBpVUpkZjQ3SkZpcWVFMllCTTVqUGxGMXZsWkJXSzJsaF91cmZaTzRQSlpVNE56bVBGa2tzQXdmSHVVTVJrRGVGSWpvTkFfQ3EyZ1o5WVNuWS0tT2VSSGxVczlmOG5YM1lZY2pyTUxwWDI4cw?oc=5
2026-09-04 07:00:00,AVGO,Investment Outlook for Broadcom and Nvidia,Intellectia AI,https://news.google.com/rss/articles/CBMiggFBVV95cUxOMm9GTlhBOS14Qm1rVXJQcHZLYzA5R1gySFEwSlhiRlg4RlUzbGhoM05xTnJ1cDJJM1lPeHVVUmd5elZBY1FKOVhidHZaa0dLcmFhVFRJdDJRRGZjRUZvOUw4dnJROEQxN1JiR3lZOERkWXhaSGxrRGE2dGlmcThMWjlB?oc=5
2026-09-04 06:51:49,AVGO,AVGO: The $1200 AI Stock That Screams Long-Term Growth Dianne Buswell (BqbuBx1zvY),Mshale,https://news.google.com/rss/articles/CBMiYEFVX3lxTFBTUjA2YmdYcVc5eUlacDdTZ1dOWFhtRHNWUkJ5UE1vdjZSM2JXMUpILWFIbDNtNVctRy1ZRHR2U1oyajEza3J0Y1ZkbHFBTFhqRGJlbmNmQjdPc1dwTWZreQ?oc=5
2026-09-04 06:47:39,AVGO,LIVE: HORMUZ OIL SHOCK? 🛢️ Crude Inventories | 1v1 Battle | OIL Stocks | AVGO & SNOW Earnings Saudi Pro League (5FDLAPboWi),Mshale,https://news.google.com/rss/articles/CBMiW0FVX3lxTE5kU3lULWZsQ2U5THVMemlYM2hDVE5kNWlidkx3TVdwd2xKUnhnWnpRa0FDeVJYZk9wU3VvNEMtcHM4QXl3LXNXVVZkTTMyUXNNM2J3RWJvMWQwYlU?oc=5
2026-09-04 06:46:12,AVGO,🚨 [I'M READY TO BUY] Opportunity Of LIFETIME! Broadcom (AVGO) Stock Analysis #avgo #broadcom Rickie Fowler (KpCpeOzeok),Mshale,https://news.google.com/rss/articles/CBMiW0FVX3lxTE5ET3NkaWQxdUN5UzhkQnFwZVdkYmJacmhFU2VFRWVaWnNoalUtN3lQczFEcXd1TG1ORmZNaWFrX3BINlZTWGw2bU5qZV9WSUF4cVBka084YUJNcnc?oc=5
2026-09-04 06:45:16,AVGO,NVDA Stock - What Just Happened? (NVDA/AMD/TSM/AVGO) Roma Termini (lvnbkcGPhM),Mshale,https://news.google.com/rss/articles/CBMiYEFVX3lxTFBEQkRieEV2dkdBU3F2R0toRmlucm5hcEZ0UFpMVERVMVZIUTBQQmswVmJXWXctX2pld1o3S2l3MmFVUHlfUGJfc1F1WGp5MnhrTVozeU5PWFpPMl93UXlPcg?oc=5
2026-09-04 06:28:35,AVGO,AVGO Stock Prediction 2026: Next Move After Crucial Market Dip Hull Fc (QTcomEWGY5),Mshale,https://news.google.com/rss/articles/CBMiYEFVX3lxTE5fZUJsS1dWWF9NRFZWV2RPRVZPNm1HejlBSWhEUGRGcnFPWUw2a3pXV0l5SlFjRV8tNnllS3V4VktkRHRLNjZoU0gwM2tKdTNNT2JfWEZPMjdSbXdDU04zTg?oc=5
2026-09-04 06:12:00,AVGO,Why Is Broadcom (NASDAQ:AVGO) Sliding on Soft Guidance Despite Blowout AI Growth?,Kalkine Media,https://news.google.com/rss/articles/CBMi0gFBVV95cUxONlB6clFzanJIYXhSNEdJdDdZdnF6dGhOVVdMalluNy1XcDNiM015QzdOdGJkazNYMGpfUG5qOTdway1ieHhOaVpScHIzQXY3aXZ6cUV2TWhjT0s3ZXlVMlBMOXNlVG10Q2dUMjZkOV9FV0p4YjNnMEFlY0Z4Zks0RVJaaG9KUXhSM2hYVkx0cjEySjRBZXlpRGJjR1I1Qm9ZUEVhYjFYYzdaUG94cjVKS2ItU1NZTlhaNzAzcmVhcTVWbjZOOEhad2piNVAySGV6dXc?oc=5
2026-09-04 05:59:08,AVGO,AVGO Stock Analysis 2026 – 143% AI Growth & 72% Upside? (Must Watch) Shia Labeouf (XV0WpcpNnW),Mshale,https://news.google.com/rss/articles/CBMiW0FVX3lxTE4tM3dxR0hQUFBWcE9jY29WdTY5LW9qYVNLS21KYnhvMTVBT0pkNUhHZVhPM3E1MEx2QXI3LXJDbHp5ajUwNXZLZXpkeFJxNS01ckoweUl0R0hLcTA?oc=5
2026-09-04 05:58:33,AVGO,"Broadcom Slides On Disappointing AI Outlook, CrowdStrike Falls, Petco Drops | Stock Movers Al Pacino (YliVVixUHL)",Mshale,https://news.google.com/rss/articles/CBMiW0FVX3lxTE5SRUgzVm1GLThBZlNDVUI4eGFLUHd0cDRka2V2cldyQkRoWFJuQTl4Z2UtSUhxSkc2U1BnMVlrd1Y5UUZqT2YtZjVXdVBiQXFfMXJWNTNHeTliN3c?oc=5
2026-09-04 05:43:03,AVGO,"Chip Trade Alive: $DELL Up 9%, $AVGO On Deck | PreMarket Playbook + Direxion | September 2, 2026 Avs Vs Porto (7IyBXLJCOT)",Mshale,https://news.google.com/rss/articles/CBMiW0FVX3lxTE9ZYnM3VVRrV2tMZkJEZmI4aDlPQlVvelBfRDFhUFBSRm1EblZOWmo0STdVRHlvMm4ySDB0WDh2dm1qeU9EZzVJeHRMSE1QQ210cENvNTkzMHg2TXM?oc=5
2026-09-04 05:33:19,AVGO,AVGO: The $700 AI Stock Druckenmiller Missed Motherboard Sales Decline 2025 (hIBIj39uGK),Mshale,https://news.google.com/rss/articles/CBMiYEFVX3lxTE5ReDdLejRzdjJLeHA4eEVQTE1IT1MwUDB3UkdBWkZiYW1mMWhSd1pZOTY5WWg1VjB4Rk1RWk4xeUFpSXdMbHU0X292UVdOaDZhd2FHMVBOTUt0V1dkNEtyQQ?oc=5
2026-09-04 05:32:13,AVGO,"AVGO Stock Technical Analysis | Broadcom Inc. | September 3, 2026 Jovana Nogic (Dri6dB2EkU)",Mshale,https://news.google.com/rss/articles/CBMiYEFVX3lxTE9NN0JGZUNYMkluY2NRWWczQ21EY1JEWm9hc0xJb0c0cWdIRmo1RmhXYmJvOTVTcmh3SkpNSFZIdngwTDlVbnViRzA4THdwXzdQU2s1Sk9RUS1CbjBMUENZdA?oc=5
2026-09-04 05:30:48,AVGO,Broadcom (AVGO) SELL-OFF OR HUGE OPPORTUNITY? Indonesia (N5nQTNRz5s),Mshale,https://news.google.com/rss/articles/CBMiYEFVX3lxTE9zRldUV2FCX0w4SXpRNVRjdDhvQW94WDdXRVFsb0FDMGtQVDZFWTllYTl1b2JncHFQWmktT1NiamRKc2lpVjJIclV1SW5MNjZYc3lsa2p2QlppUjhQaEJ2TQ?oc=5
2026-09-04 05:30:01,AVGO,"Broadcom Earnings $AVGO, Semiconductors Reversal Bounce! | Live Trading Stock Market Today Ospedale Infermi Di Rimini (M9mtbf9dnp)",Mshale,https://news.google.com/rss/articles/CBMiW0FVX3lxTE91TjM3YlJBdzBMeElxZFBZUlRhbldmd0NnOGo0cVMzVnI4Z1FxTkFUU09YNmZGdmJqNDZIbWMxeTIyM3JteFRTeUY3ck4tdXdNc0lFQWhsOERSaDA?oc=5
2026-09-04 05:27:35,AVGO,"AVGO At Oversold RSI Of 15, $164.6B Backlog Is A Stock To Buy! AVGO Stock Analysis Dagestan (grT9DakLxv)",Mshale,https://news.google.com/rss/articles/CBMiW0FVX3lxTE1BVlBXVm5CemdGNVo4SkNmMmtHaUN0b1dnVTVJUWdIWHNoaUtMZ0syVXV6OUNtRDhPSHhzM2xRN09jVHhpaTYtZDd5VXc2MllWc3lFQjVXR0Q5Ymc?oc=5
2026-09-04 04:48:25,AVGO,Broadcom Stock Drops 6%! Is AVGO In Trouble? | AVGO Stock. Guido Fawkes (dUE5BXzy9A),Mshale,https://news.google.com/rss/articles/CBMiW0FVX3lxTE9QVEhwb29lZ2hZZmhaVUpNZFRQN2ZfOTB6RzNQS2tDbzRnZnptR1J1dzc3aV9lbW1nZ1pDZTBDUXFOM1V0eGE3ajZaTFBuSVJ5Sl9mYnBkZlItSVk?oc=5
2026-09-04 04:47:34,AVGO,"Bull V. Bear: VMware Risks Loom Over AVGO, Stock Contraction Offers Opportunity Brisbane (EWs9Lyji7q)",Mshale,https://news.google.com/rss/articles/CBMiW0FVX3lxTE9HdUNOZmRzczU0WHZoSUV6eXV0SVBySVlFZkJPRmtPOTBMX3BhSnRUV1NWdFlLQmhkTFh2VzhHVVhGWVNjYUlYNVBZTWhqbXVhMkI4R3hPUENpelE?oc=5
2026-09-04 04:45:54,AVGO,NVDA Stock - NVIDIA Will Do This Next! (NVDA/AMD/TSM/AVGO) Amal Clooney (ApULBipOEE),Mshale,https://news.google.com/rss/articles/CBMiYEFVX3lxTFB1RWRNOEFibGE5RG5WR2hWT3RNVzhBYS1KbVNUZTBoazJFVGM5VjlzaFQ5V1lXdUtvQ2ZRSVUwd2xtNXhuYy1tQlJJV2E2cjZ0Z09GcjI3RW9SZ05JRExDLQ?oc=5
2026-09-04 03:45:07,AVGO,TD Cowen Reaffirms Their Buy Rating on Broadcom (AVGO),The Globe and Mail,https://news.google.com/rss/articles/CBMi0wFBVV95cUxNSUJEdFdvRHpfVnpoTWh3djhhUUFGMHVva2hyTWdRZEFqZndpV0JTQUgtS0p0MVlPb3hJY1NOUTFFT0c4WmhZYmpmWjRDY3UyMUR2S2F5QklrdWRUUkFucGUyVXlBa2E1cV9FdWw5azNRSTNQTUE5eXMxdGltWXlpQlRyLXk3Y084dlVPUHNaNzQ5RWRuQTNGckRybFN3bGh3YUhtTEt3dVlYUENHbG1OWkp6b2llLVZPTGJqQktheV9OYllfZFI0V2U0enF3OXRvYlBz?oc=5
2026-09-04 03:29:55,AVGO,Broadcom Stock Trends Worldwide As AVGO Gains Investor Attention | July 2026 | NewsDrop Aipac (MHjA26pUTN),Mshale,https://news.google.com/rss/articles/CBMiW0FVX3lxTE1rUVJrWjN4NWpYRlBYZkJZTDR0cENMeS15QmVoZDB4dXpVeWpNUkxBNWVnTHJmd3JmcnNxd2IycWZUSnNTQjN0ZlVmRWlURExoX1VId2V4MW81d2c?oc=5
2026-09-04 03:08:37,AVGO,Broadcom (AVGO): New Buy Recommendation for This Technology Giant,The Globe and Mail,https://news.google.com/rss/articles/CBMi4AFBVV95cUxObDlxME5fUmwwSTBhdTJ4OHdfejdORFQyREh6SkJCbmxLMGM2RWpRYy1feUZ0dV9sSXBiSWVJaVlYRUxTaWtQR0J5bEVsVmd5d2s3VTFxMFR6akQxbkVYalBzWWc0MVF3MVJ3UlN0V0dzQVlCTmhrYlNXODBxLUctSlh0dXE1WjFodFU0bVY3YkEyUjFVTFhHYUJ0SVZBNVpSTU9rVS1JT1VvT1lxV29DRXBIYWk3d0tDSFo5RFRscmJXTGk5Y0NTTDNOMDEzelVfRnh2Mk43dEQ1NGg3VWlQMw?oc=5
2026-09-04 02:06:28,AVGO,$Broadcom (AVGO.US)$,Moomoo,https://news.google.com/rss/articles/CBMiekFVX3lxTE9RdEFlZ0pPR1BjMVYxdWVmeFUzdm1zcmtySDhXTEVSSlJBcWlIN2RGSHc1d3NDSUVMeEF1b2FHWEIxN1Y3MlcyRDJyMy1fbUI4Qllrc0xzVTJuR0JwZHhPY2hRTElSUWsyNTBrREZYNy10Sm1RQXl1allB?oc=5
2026-09-04 02:05:22,AVGO,"New Buy Rating for Broadcom (AVGO), the Technology Giant",The Globe and Mail,https://news.google.com/rss/articles/CBMi1wFBVV95cUxQd2xrT3hIVy1lc0ZyOWl3RnN0SGliMVRlMDMwNkdDYlRCMF9BaXNpQ2hPd0VIZTBndHJhcVZuTDhoZkw0Q2hEUTBpVzZaZWVIbEJQYUFzbEk0a2tsbkRBbVIzNEs3YUJYdTRzakNYbjlBYWRXWWlMZmRxc0FIOUNydGdSc2FndC1lUUFLNkhPTldvQTZ3Z1ZrWW0yZXYwWUt2cE9hVEFvMGtYZ1FJb0hGNVdsY3JhN0JXWXRQM2FxbGNMVW1iUG42ek9paFNHcW9IUi1Vb0t0UQ?oc=5
2026-09-04 01:57:54,AVGO,"New Buy Rating for Broadcom (AVGO), the Technology Giant",The Globe and Mail,https://news.google.com/rss/articles/CBMi1AFBVV95cUxQRzlQYkM5clBDNW5RaXV1Z2tjNVk1VkxVTnhLU0FQLThRYm9sb3VsTU1HUnprWWNwMFc2UjI5WHdJd3YxbnZkSXNNVHJhLXNWME1wU1BrT3RXOWlBX1FLd2pLR00yM3ZGVDJJWHZDUjQ0bm1wQzRESDJsRVNOQjV6c00zNkpDU09MY0t5QlpiX1hxdDhCRHBaMTBEejQ3R1NTWERiTGxNaGpBSnNtRTJaLTg3NmxEczdpMFRqM1o1ZXBvSUE3WENxRzhhYkJzelhWandvSw?oc=5
2026-09-04 01:02:41,AVGO,NVDA Stock - Can NVIDIA Still See Higher? (NVDA/AMD/TSM/AVGO) Ed Miliband (R4zuGZRH6p),Mshale,https://news.google.com/rss/articles/CBMiYEFVX3lxTE9FM0hQY3BmUnJlc2hPMk5GQlVPYXI1Q2F2c1FQdktWWEVtOUlYdThOWVVkTnNJek93TEtHT005WEtyMDZxOXJqWXBCblh0SzAwVWJFczFhOW92TWlHY3NYbw?oc=5
2026-09-03 23:32:16,AVGO,Broadcom (AVGO) Stock Wobbles As AI Strength Meets Debt Concerns,simplywall.st,https://news.google.com/rss/articles/CBMizgFBVV95cUxQQTlET2FFcVJxclVHTTBPX3hRUy12cy1tLVdsd0RlVXNWUnZGMVhqcmxjbU5GZl91S0lWZUNlQVQ4NkZBYVRQZFl1WGNZSy03WTdPYWJwZVpQVWZ6MEtNT0d6aUFSQ1BtNVp1OGRaUW9rZXlNbVpxb1NPRXpBSk9KNVRpeU1Sc3g5MGo5LVl0bUpnOXFBYTBIeHZLcHBwU0I5dmdoa1dkTVp4UTBnVWJtNFpBQWdjUm9lTW96ZWxpUVEzZDdmU2J5RTdkT29Hd9IB0wFBVV95cUxPSkVKUkJGZ2g5NEVSZjR3X0o1R3BhZlFCX3JPS0lLNlctWUYzcEVBWFd0cldWUHlGbnItSlFiWExpbFpzdHJEZm5rQjFuNHRfdkw4VXJPaHBVenFsbGhpRTVyak11bGlWcFVISVJ3ZWhvNkVRYml5ejhlTVpibWZoN3FLSzBaYzJnTmVXNG5iT2pMNEJWb1NiZ2NXOTRvTjN0UkNPNmRNVG9OT3RxbXpSaUZsMi03WUN1YkZuSjVFZm1Td2NkUzBOQ3JuV1Q0QWpmeWkw?oc=5
2026-09-03 23:12:01,AVGO,Hock Tan Just Put a $230 Billion Number on Broadcom's 2028 AI Revenue. That Is 4 Times This Year's.,Yahoo Finance,https://news.google.com/rss/articles/CBMijgFBVV95cUxNRGgyU3R6ZGNqbWN6VlJvVXFtenR0NnpvX0c3RV9lVVdoODg4WGx0Y1V3Y0MwZ2ZnZGo4MjNTdkF6QmJuampwSTR6Y1pvbER6ZU1LVDExOWlSNFhVN0FoNjFlUThGRVRGejNoOEhPQXBxdEg5dnRJT2JUUjIxNU5tWFR1NmtabEJtVWZMQ0Nn?oc=5
2026-09-03 22:30:09,AVGO,Broadcom Posts Record Q3 Results Driven by AI Growth,The Globe and Mail,https://news.google.com/rss/articles/CBMi0wFBVV95cUxNQlJYODlqZG85TTlEek9iTHI1eWRSYU1CbHpaTmNpYW1iVHVCMlFoQ1BNQmFOV1pVbXpkakhsMW10R3FnQmlGSmYtd2NLU2htQ3RWS1pCTGplT0VFaHlqWFUwd29HUWRpNzNRZlBsQi1qaElNdjdZVnUxZ09CMEJsV3lwemN1VzFXdGxSNzZ6MHBWdFFMV0YxYzVnTWJKVFhSWFIwMFNTWmJUcEdoendzVnVCTG1CUFBTVGpmQngyRWJhd2pzMVQ4R2hTQm9uUGo4bmhF?oc=5
2026-09-03 22:18:59,AVGO,AVGO Upgraded by Macquarie -- Price Target Announced at $490,GuruFocus,https://news.google.com/rss/articles/CBMimwFBVV95cUxQUkxWN19YRHpSaG9pNEdSN3BuZjB3amFPSGZ6ZGhPQndLOGNqMEh3UHVZWW1QRXU5OU9IOWx0ZXlXZVJFdGVDN3JxNElQSHNpMTRsSWlWQ0FjbWl4ek92Mld4b2R0LWxiLVJnc1FsQUE3eVZSVkpiZmZmY05naGJvOEVlbEMtUG5zQnhPT0JHTkxKdVo5SDJOaFhRUQ?oc=5
2026-09-03 22:14:05,AVGO,Broadcom Posts Record Q3 Results Driven by AI Growth,The Globe and Mail,https://news.google.com/rss/articles/CBMi1gFBVV95cUxPdnZfSXlUTExoQmU5V184ZEcwWWVfYzlMdkVDVnpzWERCTnVCTFFyVHNRYUNRX0Q2MlR1UGMtNUFvMENuTUJfMUF1Y0pFazVIWkxtZUtKeFlmdTZPZXdXU1Y5M1dvb0RnV0JYTG5PNDZmdTVtZGQ5NEkyWWx6YWRsSWhZUVdHeEtGakZXVzJGOWZTdEs3eWF5LU9SNl9fT2NzanpXVWlwTWpCSHo5enFVaXJoV0tMcmZRbXdpbjlYU0xIZm1qTldVQ3c2NEkxMFVQdFVTUzNR?oc=5
2026-09-03 21:35:00,AVGO,"AI Infrastructure Demand Remains Red-Hot: HPE, AVGO, DELL Deliver",Zacks Investment Research,https://news.google.com/rss/articles/CBMipgFBVV95cUxPTkU0bkpTSnhodXY0ZUdwRFgybzFWbWhPSVFwV3hMNmh0cWR5NERWT1ZUQlFtQXQ1ay1CNlFrbUFheExNa0dmZ3pRb1BmOW5ZZVZEaWhfUDJQZ1JGRUlwM0F4RzhidHBOUFl3TGVjYVppOTZFdmVJc0R4UVVKNThGeFZLTmptOE5ZbVFSLUlxdnlNdG9VSWhYMExJV09EYnh3Qno0X3NR?oc=5
2026-09-03 21:20:20,AVGO,Broadcom Shares Fall 5.6% Even as Revenue Surges 86%,TradingView,https://news.google.com/rss/articles/CBMirwFBVV95cUxNVWhXbjd3T2Y4eTBBSzBpNTQ5cV81UXlob0k0eVZwVFdjUTlYZWVtblFRZDBXWUhRQ09TU2h3WE8tU1JKRU01Y2tyLTVxUDhvMkFIemJNWkdrRzZGUjdRYV9ZWmF2eC1abU5YUXFKMExFNmlaTU1La04zLTJ3aU9rX19aeW1ralQ4UzE0TWRMMkJEYy1mOGJZMHFrcVRFTkdDeTBPUTJPQWVtTnR1Z0dJ?oc=5
2026-09-03 21:20:20,AVGO,Broadcom Shares Fall 5.6% Even as Revenue Surges 86%,Yahoo Finance UK,https://news.google.com/rss/articles/CBMifkFVX3lxTE1VSGxPbHBoNlNYMUc2NHBucDFTem5SaktPbFpSOEZSSnR2V3NnaTg0azVrU0lpc1U5dVhSLXNITkdJMHlMckhwTWUtUU1xbDdGdi1iN29UTHFrcHRna0gyeEdKQkZZZUdqd0JHTzJmdnQxc3BvT3JxclVPZUpyQQ?oc=5
2026-09-03 21:20:20,AVGO,Broadcom Shares Fall 5.6% Even as Revenue Surges 86%,Yahoo Finance,https://news.google.com/rss/articles/CBMikwFBVV95cUxQZDRLYkN2TnBVUEpmalA1NGFKNS1BZ2ZDRldjazhWd0hOaWJ3bURvOUI2eGpwcVk3bmZwcnoxS2w4ZllGYUdRdGl5QnlEZzJ4MVFCYUdNUEQtSWpJNlFfejdFMWdaM1p0X2NRMDZwa2VVSk4tYTJrQ0tuQi1GSVpUVUVqOTFsMXp1dC1aZ3ZhUFNCbUE?oc=5
2026-09-03 21:03:18,AVGO,Why Broadcom (AVGO) Stock Is Nosediving,Yahoo Finance,https://news.google.com/rss/articles/CBMioAFBVV95cUxOaXNva1FjTFV6VGF0dzZNQU50VVh4NlJCeW9hci1XUDA1OWs0MGF2bXN5V0J0Sko2VU5EcnFNVm1hT2xuWmpzNGk4VE91X2ZsMUt0cm5JeG9RUGQtajBuNmlWRnJ3b0l0SUtsR2xpLWFMcGdwLUVYZkhuT21ZenFnQTRudDY4R2JteUtJLWViSjRtaDJ2Ti15eFFVSGVOeWtD?oc=5
2026-09-03 20:48:25,AVGO,"Broadcom: Not Out Of The Woods, Just Cheaper (Rating Upgrade) (NASDAQ:AVGO)",Seeking Alpha,https://news.google.com/rss/articles/CBMinwFBVV95cUxPVGtfZ3E0RGRmNG8ycXRSYlluajFBT0xXcHM5V1daN1UwenMtSXg2ZGxhN3lJMDM5UFZ0Z3RqeUlMZHhGbzhWUWRZSXc0MDJLRFlEd0JHbnMzdmU3TEtlS0M4X1NMSDlOOTNVM2FTQ2M3a21YWWE5YXZKTEhDRnBTMk1UUjhBa0VieTJJSC1jc1k1S0p5MmRVQ1JDVjNWTE0?oc=5
2026-09-03 19:29:06,AVGO,What Could Broadcom (AVGO) New Private AI Push Mean For Investors?,simplywall.st,https://news.google.com/rss/articles/CBMi0wFBVV95cUxQaGs1WTNMVmhBVlktZjUwMmNBU2pPdk1CUThiX01lcGgyWEFZbUNJTmZwWUVWaEllR3o3RG9Od01TaHZBSFp0cW93dU5GX1JPRUkzeWhCaFJZMmtCRlllbk1WQURmdUUtVFRYVVMyUHpUVERlTk05a3VkeHM5TTFFR0xPYk9RTW5JR1BzWjZNVWVaN0ZXRldUQnRubDY3V0w1MmZzZ1NoZk9fRlBpSk5vSFM4bUdQTEpuNGhuZzhfSXUyaEtGeHFOY1B2TEk2SWxYZW5F0gHTAUFVX3lxTFBoazVZM0xWaEFWWS1mNTAyY0FTak92TUJROGJfTWVwaDJYQVltQ0lOZnBZRVZoSWVHejdEb053TVNodkFIWnRxb3d1TkZfUk9FSTN5aEJoUlkya0JGWWVuTVZBRGZ1RS1UVFhVUzJQelRURGVOTTlrdWR4czlNMUVHTE9iT1FNbklHUHNaNk1VZVo3RldGV1RCdG5sNjdXTDUyZnNnU2hmT19GUGlKTm9IUzhtR1BMSm40aG5nOF9JdTJoS0Z4cU5jUHZMSTZJbFhlbkU?oc=5
2026-09-03 19:29:04,AVGO,What Could Broadcom (AVGO) New Private AI Push Mean For Investors?,simplywall.st,https://news.google.com/rss/articles/CBMizgFBVV95cUxNYjFDcUxHdmRqZC1DM21hVVo3NlptdHg0MHhpRnFTd1lWd1NoYmtnUFNTQTBwNHNsZDBGV1c3UElhbHRfbm15VVNoUTBrbERYZkdkUURWMHpydTljTnllLVJzUy1wcnAyV2FSX2NIVU1RbVRYZ0JPU1psWGZpTk1EbG9nNEYyZm1pa003SDllenFYV0ZRSXFwVHMwSmlIUk5teGxRNzdGNVBaNzE0SnJ1QTYyUVE0a1NCSl9fQnJZQ2pHZGwwUWZYV1RydG1rd9IB0wFBVV95cUxQaGs1WTNMVmhBVlktZjUwMmNBU2pPdk1CUThiX01lcGgyWEFZbUNJTmZwWUVWaEllR3o3RG9Od01TaHZBSFp0cW93dU5GX1JPRUkzeWhCaFJZMmtCRlllbk1WQURmdUUtVFRYVVMyUHpUVERlTk05a3VkeHM5TTFFR0xPYk9RTW5JR1BzWjZNVWVaN0ZXRldUQnRubDY3V0w1MmZzZ1NoZk9fRlBpSk5vSFM4bUdQTEpuNGhuZzhfSXUyaEtGeHFOY1B2TEk2SWxYZW5F?oc=5
2026-09-03 19:18:26,AVGO,"Michael Dell Wealth Soars Past $100B: Dell Stock Hits New Highs - Broadcom (NASDAQ:AVGO), Dell Technologi",Benzinga,https://news.google.com/rss/articles/CBMiygFBVV95cUxQSEo3SW1OaTlCSmlMNXZiUDJxdmtKUlRycU4zVkFIV2k2dUpubmNoOGNfOUlaY2N0MUlfTlNwWFFRNHZJMEVSQ0VUV01IQlR4MzFQZWFLMG9veDFVWHNVUW5ocXExOEZCRlR5MjdoRno4RFVWS21JSVJEbTlmbmpqZnVIMVk1OWRzS3BaYmdja1QxeXhLRlJ6NWZ5UlB0OTJNck16d3lDUFVtMVE3RndVVXBiTklvR0VxcTRzQ2NsSVpPMWtfeHVXLWln?oc=5
2026-09-03 18:27:38,AVGO,The Path to $230 Billion: Broadcom Outlines the Next Phase of Its AI Growth Story,MarketBeat,https://news.google.com/rss/articles/CBMitwFBVV95cUxOekpGQzNEOUV2VTUyYUVsbEVsSTNjbXk1NjRzY3RnS1lGMU12RGFtNnRMUFA2SXczbTg5bVEtbGtldGVZV1pDX3ZScDh6ZDNWRWZMX2pfOW82UFg2QkZENFY1amNRT3ktMXZLQTZFcnR6VDJPeGY3RG10YlNtUEZUa0NGWmt2aC1YNTJpRTVtcU5ZVTBONFFKdWIzV3pESlUxdTZOWGhqYU04dGxHNHBYTDJJb185Zlk?oc=5
2026-09-03 18:25:00,AVGO,The Path to $230 Billion: Broadcom Outlines the Next Phase of Its AI Growth Story,TradingView,https://news.google.com/rss/articles/CBMi6gFBVV95cUxPLXllZjBadXdxaUpGRENrMi1NRm8xQ0xHT2RZTVVVdHVud0U2YnJnbFBta0lVY09yTjlPd01tc1RHVl9XaDNsY2tiRFVIeHFNWGtZdTBqNGN6Z2ptb09IMkFvYU56ZGQ5YTQxNm1hT0JrZjM0OVNlQjJpUm9JN3RENkNMYlg0cGN4ZFp6cEFORGI5bVRMZTJBRGtrR1FDSzFwRlI1WGh1dHhwMVdkRUxDMGd6eElzaHpTUnFsdlNlZDBidlJTZjJGd2Znc1ltWmFhZEE5X05WRVIyTjNwT1dVYWVWX2FkVW1oT0E?oc=5
2026-09-03 18:15:18,AVGO,AVGO Q2 Deep Dive: AI Semiconductor Surge Faces Supply Headwinds and Guidance Caution,Yahoo! Finance Canada,https://news.google.com/rss/articles/CBMieEFVX3lxTE52dHZ2TVlGVGp2SllscGs4X29hRHY2RG9Qb3FnUXF1Nml5UFhING9LeW8xdldNQ0RQbTFLMC1aMU8zN3p1VThEVjBNbmJVbHhQWmI0WW8wa0EtTEFtRGk0NEtGYWg4SllUSmZvVnYwRk96cUI3dTJDQw?oc=5
2026-09-03 18:13:25,AVGO,Broadcom: Don't Let The Market Confuse You (NASDAQ:AVGO),Seeking Alpha,https://news.google.com/rss/articles/CBMiiAFBVV95cUxQb2JpNk1BN2dMTzgzQjhmSlJxTEgwbTlvX041WEZ2dzVrRHRUdlg4Zl93bmhoRk43VU5uMU0tV3lqVWlXUzkxUGtrMDZiV2Z4N3JSSkNleFdRaTYtcDdDdVNqTGJVQThqSWZCV1NCSk9BRzhzNm9WdlRzSE4wVXlmVEMyMGxkWTct?oc=5
2026-09-03 17:49:00,AVGO,"AVGO Q3 Earnings Beat Estimates, Revenues Rise on Strong AI Demand",Yahoo Finance,https://news.google.com/rss/articles/CBMimwFBVV95cUxNWVo3N05nYVFfamo2RUh3d3h0ZzVwOTNTbHdNOGFTckdUakdDYXNqVFlLaTQ5S1Npc0JpbllUT1lOc3p5bjQzaVNPNmJxb0JwQ09lSzlONG5IdTB5ZGxYajFXLXFaRzk5WWRncFdoMUtyTWE3Y2dQYkZZNk9nb2JfMWNVbkV3UnJKZjlOUzNaMGJKN2tkWUw4MDNGaw?oc=5
2026-09-03 17:25:00,AVGO,Broadcom stock falls: why analysts are divided on the stock,TradingView,https://news.google.com/rss/articles/CBMitgFBVV95cUxNaG4yRHVoVnFTLXllUkY2MVFRMGJLazJpVUlVUFdRTG0tN1d6WWJqeUxCRG1OVWxtY2Q4WXRaSkNzbXFnM2tiWGhvX0RremhabmdfX01WTnV2QXU0TmlGRld2UTkxbW5YWHoyWnduVDFja0VsNjR5YW5WZHdRamtRV1I1MmdnTFJOTnpwZ1BJeGk4d3o1d3pYcmJuRGdiRU5EbTVCdEo5Rzc0NHUzZDJoWS1OeE42UQ?oc=5
2026-09-03 17:25:00,AVGO,Broadcom stock falls: why analysts are divided on the stock,TradingView,https://news.google.com/rss/articles/CBMitAFBVV95cUxOZVpqSllYa0cxcWZaZDJ2LWNVZEhmeUU0aFFQMG0zbkZ1RndvYjA1V1A3YnJaY3VOYVZfTEd3djhpYi1famlEeF9wbkdUWmtXWjhsOWNkR3loLVNDdzV1VjB5RENtRFF4SkkxaGFPekRiWEV3Y3p1enQ2XzZLTzRiTWNqcTJvWER2WFJGOUtVOWhjWW9rUmRnMEVJVjlSVm13RDRvQWFhN0o0cWZPTlZDZEFpejg?oc=5
2026-09-03 17:22:39,AVGO,Broadcom Tripled AI Chip Sales and the Stock Still Fell. Is AVGO the Nvidia Alternative Investors Missed?,Yahoo Finance,https://news.google.com/rss/articles/CBMimgFBVV95cUxOZTN0ck5IbXpCMHZfYXVhN3dQUGpGOFA4UDNvUnhwSFJNcG9UQjNlXzlWVktVMk1ZS0E0STFYS1UwN2l5MlFsUm5lSzhlVHk0OV85MXR0ak1uMzdGSU9UMmktaGJiT3Q2TkYzc0xjMGJKNFVYbEY1cnBWWEpscGp5UWJuRE44Zmt2RFFfaXJuaGtZSFZMZkhNSE9n?oc=5
2026-09-03 17:22:00,AVGO,Broadcom Tripled AI Chip Sales and the Stock Still Fell. Is AVGO the Nvidia Alternative Investors Missed?,24/7 Wall St.,https://news.google.com/rss/articles/CBMi4AFBVV95cUxNanBxeWpQN2p5TjZSQWRiYkR1WER5cjE2SXozZ3BwVkRBb1RNalVNV1JNWmVIb1NFWEVPak9YbGQ3T1ZieVRpZzhoeDRGWlkzd2NoNUZOUllJcWdjQnFPV2xIN0h5cldlSkxCSjFOdzhMWk9VSkFGSTFzV3FxMGlLZV9lNlg2MGMzd2kzZDRUYWZ6T1pINHRha1F0ZWNzX1A4dVh5R1JzV292V2M1NGNMWjZaNHdYTmliaVI0QUtyM3Zsek9FYTd4aE1IZzFUUUV3VnB5RnlULUJhSGRSemZDQg?oc=5
2026-09-03 17:22:00,AVGO,Broadcom Tripled AI Chip Sales and the Stock Still Fell. Is AVGO the Nvidia Alternative Investors Missed?,247wallst.com,https://news.google.com/rss/articles/CBMijwJBVV95cUxPZlFuREtDV1BMYUdhaWc3Z2d5SGtsYnZmTEcxX2xBcFZDQkxXM3hwSFJ3STR0R0Zha0trX3M2YXp6SmpMVmNZOVFrdlhHT1BQbDczS2ZFSkxPQ3otc1NzemFtYXhEMXBDNzdJcTdHMjByM3poeXd0N01oOG9lNFVEc2xKYkFaeW8tbmpPOUJaVkFoY1liN3NnRWhZWDEwR0tRdVpsY1pQNlVIX0hFSTYwWEFqZHlQY01pSFE1RVNMZEtRVURFUWtWM1V6aFJyU2xlbzZhMi1HNjRzWFBTT0E2SHE0LVJITldWUndaY2sycmRjbmwyNDU5QldFMnRpTVRkRmUwaWpGWnlVN1JGX3dR?oc=5
2026-09-03 17:02:03,AVGO,"Broadcom Tokenized Stock (Robinhood) Price | AVGO Price Today, Live Chart, USD converter, Market Capitalization",CryptoRank,https://news.google.com/rss/articles/CBMib0FVX3lxTFBRbHR4NjBpNEFzbFR2dy12OHpWaHRtUGV5S1lGUk1HamxEOFhweng3OW5fdTdiVmFWa0xTZEwwdXBsdlpmMW9SeUN2amo0dFVwRXgybzZ6d1dDSWdRWDhzWklHbnpEWFdnakQzSVl1UQ?oc=5
2026-09-03 16:59:58,AVGO,Broadcom Q3: Hardware Could Be The Missing Piece In An AI Portfolio (NASDAQ:AVGO),Seeking Alpha,https://news.google.com/rss/articles/CBMiqwFBVV95cUxNcmZZOUp6YlJrbjZEbURSTExRNndBTUtpWUNLcHpLZlF5RUxfSnRlbzJJT1VybTRDb1llVE4xVmVUY3EwajYzR2I5Ykp5S2lUZGItZUVCaEhJWURCeXRaZVNHUkFPOWZIRE84cjNkbGFtSHN6czZFYjN6bDZaWTdKOE5RMEVqeWFfXy1sWnIxM1N5aGZnSlhVWG9NVFZFZXJWUlNTM1R5ei13OEU?oc=5
2026-09-03 16:59:58,AVGO,Broadcom Q3: Hardware Could Be The Missing Piece In An AI Portfolio (NASDAQ:AVGO),Seeking Alpha,https://news.google.com/rss/articles/CBMi0AFBVV95cUxNakhWa2NKX3hteVF4SnQ0VTBiZUEtNlhFTmZJeU5uekEwdlpQOGY2UFpVY0JFa0JUSzR2Rm5LWG9GTzYxSGdjUGo2THVmUXN5ckVaNERhcG93d1pDalFOWG8zZVNXVFdGNTZtOHU5dU94T2lscWh0ay0wNkNNQzBPc2tkMFp4NFd0Yk5yZ3FkMFY0NG5mYUF1WG5FY1ViVG5ZXy1sTnFBSkNjQlRHc3lMYTEwVUNLQW1sdzZubWZtaEQ4MkRQUWdNQzVIVEg1VzVT?oc=5
2026-09-03 16:57:13,AVGO,"AVGO Q3 Earnings Beat Estimates, Revenues Rise on Strong AI Demand",Zacks Investment Research,https://news.google.com/rss/articles/CBMiqgFBVV95cUxQXy1DeExyQnY1c2dJZTc2QTBDNEhLVmVaOE5xOWxHV1dYZnFXcmxmc0ZfMjRLanlWU3ZaUG5rLWxrQ1Fka0RJUUNwWERnZ3NsYXY4WXl6U1ZtdFR3cnlsZ0w4dkZoSzI5MW9YM2hENlhlTTQtd1RnVTc5Wm4yMVBNYWlVdDd0MnV5eVZldV9tZG5aWXU1bDZzTXZYdk1MdE5SQTZOazR3X1NuUQ?oc=5
2026-09-03 16:26:46,AVGO,Snowflake Signals Surging AI Data Cloud Demand; Broadcom Sees Strong Chip Demand Through 2028; Yen Streng,benzinga.com,https://news.google.com/rss/articles/CBMi7AFBVV95cUxNTG5sRUZ1enBkZ3JNdkdKX21rWGdpV0xvWmhGN0xoUldtTGdoeUlWTWtubV9tNFRwcThMNVdTWldqSFQ0WUVVVlJYVWZLU0RmeXNOei1OVnZIUVowRnVlMjhxZlNNTEhRUnNhbEF4a0Znd1M2WjlWX2xWdFVncE1NNXluSkszVjRnWVhTM0U1SDNCTWhiX29GaDF4SXo4Z043bkdyOGRCODNhX3hMU1M5UWk2T0E4RmxjOGV0UjAzaVFYV0hIYUJCRlN4WnFoRERyYWdLTGcwbU9WeV9tbWJRM1FkbW1DY3dkLWVPMg?oc=5
2026-09-03 16:24:09,AVGO,Why Broadcom (AVGO) Stock Is Nosediving,StockStory,https://news.google.com/rss/articles/CBMioAFBVV95cUxNZDZEQnYtLXkyUUR6OUFyeUNHRE1hSWdGMWxUbTNFNnVxVDhNTjBTRzg2ZG5ueGdaUS1OQXFCajlVZzB0S1pTS3VoVXJBd3RQRUo4SWhhNWlEMVBSd1R3dmZKRElPUUNGWmdHRlh2Y04teUNXYXI3ZlVIc1NpYVlzYUxSVGlUSGtJUzhJU3NveUpyanA5clBiVzZBT3J5Qkxu?oc=5
2026-09-03 16:23:53,AVGO,Cramer Warns Broadcom’s $30 Billion AI Bet Depends on a Stock You Cannot Buy,Yahoo Finance,https://news.google.com/rss/articles/CBMingFBVV95cUxQN3Z4b0NKbHhOa0xmNnV4TzRJY3Jvck8zcEpUSks0TzgzV1IzZG1yeHB3NDZkemJuTTBtUURxM0dadE9tR19pMmJSQVZPSmN6bzNyLVdnRThzX1B6aDRwbVY0TUFVYXlyNlJ4cUlHNVBwWHByd01mUlhZb0RKRW9JTDc1bHZ6RXlZem96NTE1TlduYzd6T2VkZE40N1RWdw?oc=5
2026-09-03 16:23:00,AVGO,Cramer Warns Broadcom’s $30 Billion AI Bet Depends on a Stock You Cannot Buy,24/7 Wall St.,https://news.google.com/rss/articles/CBMiugFBVV95cUxNeWN1V3NWcWdfNWRtb1huQURGUWl1QzdDdjBNcnNBT250NVRGRmhubGpzaC1oS2sxcjdKVWJMSzZsdzJDWmF2dDlYSW1XeWRHNVJGZExkRjB0emljb1FjVVJGWURTdHM4Q3JjZ0ZaWVVmbGVtaGNJZUotVEF5WUkxcDI4dHUzQmdacmp6eDJBbkFENi1EY0JKekZSeXl1RXBHbXdOLVlCUEJuNllUOElDTVZzdV94V054d3c?oc=5
2026-09-03 16:23:00,AVGO,Cramer Warns Broadcom’s $30 Billion AI Bet Depends on a Stock You Cannot Buy,24/7 Wall St.,https://news.google.com/rss/articles/CBMi6AFBVV95cUxOYUtjaDRSN1h0dWtaYUF0Y0YyMU8wYkI2TWY3ejdOVTJNSkFwTWNHVFNkcUlQeFFXRUhpQUc3dVh6bXY4YmVUUlM2QW5vYmZFZGw3bGJ0WnIzcmRJTFlTMHFGTndMQW83M1kwT3NnQm5uUGZRQ2VsV19weVRmblJSR0UxM0duQ1VPRU12aHZvVHBYcmVxUlNycXp1SkxuRkZzeldocFJBc0d6X183MEFpV21STWxRZTQ1WUVMVURTQ2J2SjdMMl8xOW9wMGFwb1hWODRZdnhWaExvcnRLNG4zZUVQaGh0STdQ?oc=5
2026-09-03 16:13:00,AVGO,"Broadcom Inc Stock Price Live, Charts & News",The Economic Times,https://news.google.com/rss/articles/CBMifEFVX3lxTE45aUloajV4S2M3NElhV1NBZGJxRzVFUjRVenVCSXdsYzViRWxsdkRKaTdTbVhTN1NVbndhdXZsSmVLd09KR3hHczhFRU93dVhUam9qallXbE9fMHVxVmJaU0w0MUduZWJRa3RBMFVuWTNBUUxlUzdOZWpmWlg?oc=5
2026-09-03 16:05:39,AVGO,Why Broadcom (AVGO) Stock Is Nosediving,TradingView,https://news.google.com/rss/articles/CBMinwFBVV95cUxNWUFZbGhxVlBMMXVvbHgycXhPdDdWbVBJRHNoV3ppeXJVQzlfS3Ywd01uTnRIRmdMQ2JaMjNKZGZlSW5fNi1KbEpLMHY1bnl5NEJNaWZxNk5aYkhMQ0xDUUhMWTVWelZRQUJsZy1hUFRWbDBDVGxiOWdCLWNmdkdzdHZoV1RXOW1Wbl9aV0hHU0FDQnBsNDFFY2tyNXI3X0U?oc=5
2026-09-03 15:57:16,AVGO,Broadcom’s Q3 Beats the Street — But Only Just Barely,Yahoo Finance,https://news.google.com/rss/articles/CBMimgFBVV95cUxPdjRCc0MwdHRTN0Z1OGcyei1PUjdfY2ZNSUhEVF9IUWlTbWxTOUNEdDBKQXNLRVBaSk9kdEJ0MTB4RFYtVGd5LVlYbjM1MUprTGxuTkprcXNwTEN4YzQ5RUlzelZVakRFeWVHUnJwelM5MkR2MTBYNHNuZjktSVF4Z09jOWd1a0JHTmQ1ek5RUTVJb2x5N2E3X3Z3?oc=5
2026-09-03 15:57:00,AVGO,Broadcom’s Q3 Beats the Street — But Only Just Barely,247wallst.com,https://news.google.com/rss/articles/CBMimgFBVV95cUxPOVBXZHJjQlBieC16aGc0OWFPMXBBOHFKTjAzYUJiQ19xdXRFdlJtYzhua212ZkJNajNCNmFsS19wckM5RlpXRnFDV2t5dW5iTGIyQ29CUnFFZTgzYWE2NmdwQ2JxWnR0eVhoY3RrYUVVTW5JSk1YSUwydkduLVU2QTRBZW5FQUxkSFdsQ3dDNDYzcHczNlozeHlR?oc=5
2026-09-03 15:47:00,AVGO,"Broadcom: The Market Is Overreacting Again, And Now There’s A Path To $30 In EPS",Seeking Alpha,https://news.google.com/rss/articles/CBMiuAFBVV95cUxNbmljanJkZFZ4TFRPM2hNOFpMRGZBbGF6QnRkb3Rjd0dxQ3NoZENadks0OExXeFg2Unp4b1pYbFJIdzE2aDl0bUtaVUZxYkU3MG9QdTA5RWRBY2xrTS15NUdKNlM2Q01zT3BCZzc4VG1ObFJRMVJPSldDVlQ2ZEJ1RUpTSWplRnplZkZXa0duVlVNVnNuS3VfSjBMUlhRSU1IVXQ0RG9HZU1kRDhnWFJ1aGhxVWMtZHNG?oc=5
2026-09-03 15:45:00,AVGO,Why Broadcom Stock Dropped Today,The Motley Fool,https://news.google.com/rss/articles/CBMigAFBVV95cUxOeTZtZFpkSjZnc2djRF9MNy1uNWQycVVRNFRGRWZCbzc2OE9WaWVtVHdfN0FibEg3U2FBM2E5UkdQUFZxWGExdklIckxTX1pkNWNVbjFUQk5pYWZhYTFvLUdiLVQ5VWQ3T2ItRjNBOXdOT3hfVV9fV1A4R0ZCdFQ4cA?oc=5
2026-09-03 15:43:40,AVGO,AVGO Q2 Deep Dive: AI Semiconductor Surge Faces Supply Headwinds and Guidance Caution,StockStory,https://news.google.com/rss/articles/CBMi4gFBVV95cUxQOFhQZnhKLUVzRVh6SUNyUEEzZE5pdk9CZUJsUHQ5NzUzR1FOSWFlYm0zR25MeF9ORXR4TXlTeW1ZVF9jNzdldUJqcmVfSm5sLUUzLW9sY3kzcHlyckRNOUd4RGRUSjBsaGZWR2t2R3ZxS0JJTFNxS0tLSlBWU0NWamFXSUpPaFNxQXdjOTZ4Ti1OTktGRXVMSnJ6TVNDY1RKajB6WDV0MEdXN0RiaEpSOHJfd3VqWkZEekdkaWROSWdjVktWQUJ3V0p1eU5YR1p6YWpWbW03QWtQMmM5S2VhUGR3?oc=5
2026-09-03 15:42:11,AVGO,"Everything Is Going Right for Broadcom, So It’s Time to Accumulate AVGO Stock",Barchart.com,https://news.google.com/rss/articles/CBMiuwFBVV95cUxPM0FvOWR2RmtLUXAwNkc2R1pVbUxuOEpZeV9Qenl3eUpocU5xcmQ1cEl5SVN1Ynp0QklLd1NGZnpGQTRwV1ZPR1RZTXRYTnhyclhIZldjY012Tjd2YWQtY0JYcm91RnJ4SmhUdnh4Z2tFdEtUaTZ3YWlrN3NOb3BLYnNmX01SOERLOUZDa0pCMXVhNWJCREFpM2k1SDlDZU9hb2JTVVAzczBhekNWeF8tUDUwLXRBTWNHRXFZ?oc=5
2026-09-03 15:39:27,AVGO,Broadcom stock falls as chipmaker's strong results 'not enough to keep investors happy',Yahoo Finance UK,https://news.google.com/rss/articles/CBMizgFBVV95cUxQejAyeWNDOXhEWGtoOHNGcUxCZHpyS291RWNuMWpxZk96c0kyOWNhUVRhclNyYVA1VWJrcFFLSEFzakYtWWZnRm5ZdkFIWEEwUEZ0OGlDbThPUlY0cXNWUjZ4eGRqN3JNb09SVVkzczBwUWY1d1JVWmZvT3ZiV2xpNkN4MklzX3d5eG9XS3VFNm1yVXhtYU5Ja2RHMkhNQ0tVOWpwOVdIRU9ZZUJ4Qy1oNkVYUkRFYVhkZ1RxR1NDcGFscFptM0RoTlhKVVFzUQ?oc=5
2026-09-03 15:39:27,AVGO,Broadcom stock falls as chipmaker's strong results 'not enough to keep investors happy',Yahoo Finance,https://news.google.com/rss/articles/CBMi4gFBVV95cUxQSWlGTWUzNEtsNnJOcVdmNWFzMFRKTUNHR3laSnFfUlFMY1U5c0R0UUxlWGg0cjc4UnIycHZHY3FNSWRlY0xQNUNCTzBhaVdCbzBjcEVDT25Cb0I3Rm5ubFRyWVZlMDdJdmJEOFVvY3ZHUVlXYjZNTEozQklLc2dhTk01TWVlRE5ybThDM3NTNkRfZzg4bGMyY3BQY0pMdmpaVERZaDBOT1dnbTMxd3ZZalVabzVoNWdPY3hRczJLRjZxSkdBLUFsSUU0ZEhkVXgwQzBKZjBsYTdqVlMzZ3pIVXZR?oc=5
2026-09-03 15:32:06,AVGO,$Broadcom (AVGO.US)$,Moomoo,https://news.google.com/rss/articles/CBMiekFVX3lxTE5BcGp1Snk0ZDJMYUJ2TzV6UmVoMDJMRjFBaGg4bHBScUR2MTFESGlTbmZsU0hkekJkWFFINFpJLXJYVlhJMVVsZERvVkFRS0xhTlZ2MGw3eHZpSnZLTVNJclFoNnloMDlHUWZtcmtLWnFiU0lrVC05VG9n?oc=5
2026-09-03 15:32:00,AVGO,Here's Why We Think Broadcom (NASDAQ:AVGO) Is Well Worth Watching,Moomoo,https://news.google.com/rss/articles/CBMilAFBVV95cUxNdmJGNzlJZHJNNWJUXzAyeUFGQnltcGo1VDFwN0c4SFNYSTBnNWhDaTJSbW9udEEwZmtuWkhmS1ZDUmtaQTJwOHdyT3lWWkRPTFg4V2F6OXNsaW1BSXF0Y1Q1Ylhndmtkc2xTVDl3NG1jektQWWhTWTAwX2FRN3Z3ZGs1UlYwNVd5OWlHLVduOGhhM25z?oc=5
2026-09-03 15:30:06,AVGO,AVGO Stock Sinks To Near 5-Month Lows Despite Exploding AI Sales — Wall Street Reactions Are Mixed,Asianet Newsable,https://news.google.com/rss/articles/CBMi7gFBVV95cUxQbWVWcW1jSmZJaHlfMlBPSVREMFdnQnZscUR1a3dRajJ4Z0dDVzNpTlROZVUxYVlhOF9RaHlPSUFNVGl3d05SRDh3RU0waFZrQmtLQjRSQTI3OE5icEdoYjBoY0VFLUQ1YVgwYkdTV1RnLVFlVERMT1FtQ2c5Q2hoMjlONGsta2RqNXhFYTN0Vm9ZWFZBVEtQQURKYS0xM1VQUTFpemIzQ0VVdWkyOFA1dms1NWRMaFBoaDBKSWp3V29wbHpNSHZCSzRMbDBNa0VKTkdWbS1KZnY1T1FNT2lvaXdDdE9QanN4ekRNazZR0gHzAUFVX3lxTE5fbWNEeVBzWXNEMWpFTzNaY1ZLZEFGU0xBRUFIcXJuNGFtRll5M2hoa3BYUkxLTkRFakxDYTFLd2c5VnBlVmYxOGlpYUJ1Z1Bqcmx1R1EwUk13dmRwMFlydWwtMEQxMWd3dGMyQUpJMDhqaGN5bVJqT1hTUERHR05tWHliZEFaQ2loWkh5MUE2ZVcyRmlDMVQxNzY4c3FxNGZhY0hTaTBWYmpUVUhxSmpiYmFrV1dEME11TS1hSTIxSzRyWjRPOEpXSTlkcW1fYjlEQ2xrOHN5X2ZqZnc2Z0RjcHVXSzdEa3d3UFBHRllfcGNHVQ?oc=5
2026-09-03 15:26:20,AVGO,"Broadcom Q2 AI Revenue Grows Over 200%, Guidance Restricted By Supply Constraints",Benzinga,https://news.google.com/rss/articles/CBMiywFBVV95cUxNMkdzVk15a3dOR1FyUE5iUkV6VHlveDVuZDRCNzc1dXU1NGg5SGpRMHdXa2lQNi1MYnlWNXpDZER0THJqQWpvLVMwSlh4Q0NkSHNCTFo5RWEwZHhBRDVsYzIwdFhMQ19wRW9RbjJMMUpUOFl1eXAwc3BGNVFRVW13ZkE4UkhEM3F6ZFNmWHhmTkhzMm0yY2VhdDBxWDlDNHk4M2JZMFF0N0gxX0FJTGNONnIwSVczWWN6dTNwMUR6S0hrSnREbHJvUkd0SQ?oc=5
2026-09-03 15:15:07,AVGO,AVGO Q3 Earnings Call Puts AI Supply and Scale in Focus,The Globe and Mail,https://news.google.com/rss/articles/CBMi1wFBVV95cUxPQTN1S3VSQUM2V1JTekpVMVkxNHkyd05jRlNVNHhvbzVJdlAwRm1aazZJaHg5QzZPcGIxUnFIa1huR3AzWXN4RUFTS1RTekNIbUpfSGdLdzF4dk1BV2J3R09RcFBjVGgzZVFtUzJOMktZSktlQjhzMU5pRVNLbjJXb1h1ZHEycWd1OXlRZ1VnSDg1TGpZek9BQmJBc0hkNFgyOThLNmtvZkYzb3pURHNhUTRCZVVDVXdMYXl3MW1nODlFS3BiM0hFdE9YWllNcmFmUjEzdjhzMA?oc=5
2026-09-03 15:13:40,AVGO,AVGO Stock Sinks To Near 5-Month Lows Despite Exploding AI Sales — Wall Street Reactions Are Mixed,Yahoo Finance,https://news.google.com/rss/articles/CBMikgFBVV95cUxQTzJsS2hHUEFOSEFoQjU4QmtiRnpxdm1yQzZEZVZGXzdnQkpTUVFkd29Ec2hIclQ0NkFlYnQ1ZWVkWlAwRnNCQUFHT21YRjFtQWp4SXpxVjYzQU5ad1pYN0pnaDJSeVcyenQ5em5xeXZwZUtCZVlsbUNsS091ODNZVlRZdnBFWDNJQjVKdHE4ekR4QQ?oc=5
2026-09-03 15:13:40,AVGO,AVGO Stock Sinks To Near 5-Month Lows Despite Exploding AI Sales — Wall Street Reactions Are Mixed,TradingView,https://news.google.com/rss/articles/CBMi7AFBVV95cUxNVm94Njlld3FSYXkxV3B3eEtLVkhRVHlfNW9WUnR2ME00MmNmVU9GVm13WThwU0xpLV80SmFUTlBxcUxXWTQ2NG1hbGROVWNuaFJ0NlFhT3Z1V3M3WUlNQXF6OWEyUFJfX3FORzYyaU10Y1B1aHRDVEF2OGtYWk5zM2lUUnZOM2dkTzl4UmFwYW1PbG14eTlpZXlyaXdYNVczTjRsaWNEbEZkWUU4eGM5YkJSM2JOQldrWmx1SlZDVUJ4aDhPNXoxQlNQaUlieTJqUTBROERxbEREVmVCZEVQd29mYlBiZEp5S2hUZA?oc=5
2026-09-03 15:07:09,AVGO,AVGO Q2 Deep Dive: AI Semiconductor Surge Faces Supply Headwinds and Guidance Caution,The Globe and Mail,https://news.google.com/rss/articles/CBMi_gFBVV95cUxOeHdpUllrQm9XS3RTcGR1dERHb2hlUW9Ed0JjTVF6T3NtSll6ODlmcTFoR0hxYnBnbm8waW5CbTFtaUFxcDFwb0dSckVNT2NQTUtzUUh5aGUtc2hZU18wbTdUZEViMWtWTU5XaVd1bU5Vd0hHTjhHWVdSX1Y2VDQzMUlTbVlPaGl1QTE4WEFJX3FSeTVKdnJaQXFyYTdocUJ1Mk1Gem4tbEVQTncwRTRZLWZYS0lDSUtNc1RGVzRnQmJ2bTVpUjMtX2ZpNWxibmZOczdtTWRVV3VLOFhpOW1Oa042MEpjNUkyanNVaWxteG5QbmR0X0hSdUdyZW1zUQ?oc=5
2026-09-03 15:05:44,AVGO,Why Broadcom Stock Dropped Today,Yahoo Finance,https://news.google.com/rss/articles/CBMingFBVV95cUxOM3JxNHpka2VIX0otSWVCLTViLTNXNFhrUnp6MHNMUFZqamxkSDFPd3YydXZ4c3pFNDZrdDJTamZ6amI1b3d5ckllQTFjbmk2aVVPMHJBbUc4ZXlZcTVONEJ0QXFqSFp1OUtnMVJmU0trSEJMMWlRM0pvbUhSSVRLUUVMUWRfSmtQT2w2SEJIalVfdmEtT1I2RFlpRHNJdw?oc=5
2026-09-03 14:54:34,AVGO,$Broadcom (AVGO.US)$,Moomoo,https://news.google.com/rss/articles/CBMiekFVX3lxTE94NzdVcnRvR2lqeXRWQXlZb2JCZldfVE13T24xS2k2Z01WSTNGOXNPeXRhQzhtdThUNnZhdjB1bldGLUlISS1KSjJOSEllMjNDNjgzVjd3WlR6NThwbFlEakwtbElWS25mNWNxdnhMZFhzRUFOT2t2SkFR?oc=5
2026-09-03 14:39:16,AVGO,Broadcom Stock Overreaction? Gary Black Says Shares Will Recover as Investors Recognize ‘AI Rev Strength’,benzinga.com,https://news.google.com/rss/articles/CBMi-wFBVV95cUxPank1bEhuVmpYYjVMVk9LMlBnd2E2MzZzdHFHOVNFcTI4Y09IWGZ4Zjk3RjB6T0cyZy05bnRidEV0S1Zkb2V1YXdMcklXY2d4ZlFWVXZscVNZSzFtN0hETy1jUFhEMVR0TjhJNlhuUkR0N3BzYXRvQnRWcllMLUZCS0ZWMkx2c3F4SHZsWUppeHdfQ1pmdTlwZUxVcnFLVUktX1lsWXI1aUpwVThLb2tkemJ2SktSVjQ5MmxZQWt2ZXBtMGdBT1NFbEhNVGZKbUFzTGlOUy1NTXBmR2R6YVhKV2FacUlZNmw1UDFLX3g1NWRQVmJ5VVF6eGUwUQ?oc=5
2026-09-03 14:23:00,AVGO,"Biggest stock movers Thursday: AVGO, SNOW, HPE, and more",Seeking Alpha,https://news.google.com/rss/articles/CBMijgFBVV95cUxPdzZJSVlHS083cHNfNklPcFZJRXFDQ3VZTkRSLThWcUFDR3VtQUppXzRrTDNmdVk0OGtvOXduQVczNDhEanAzR3VQT3FyZV9yT09TTVBHSDZsb0h5aktHQ3VzT09SdWhISE9pbTNNYUNlUmJFbTVnYXZpWWl3a0xrYl9kM0pPUDczeDVQekZ3?oc=5
2026-09-03 14:20:56,AVGO,AVGO Q2 Deep Dive: AI Semiconductor Surge Faces Supply Headwinds and Guidance Caution,TradingView,https://news.google.com/rss/articles/CBMi3gFBVV95cUxQdElhRkFlOGlVblY2UUMwU3lXYnVfMXY0cXVmdndYSlZYNkxPUkJmLXRORDNrZ0pGVXRHVlVkdF9NYTd2QTBCN19BRVBDcmdub0lleHp4eTEzZGRrUXZORVJ3Wm1tR0Z4OWVSclV5aldtLVBLU2NFZV9lVWFrZ1dmTlp4WmFrbnd0WDM0RVdwMWdDeGRjVDc1Tjk1UVc0MEVTeElkSkNFNHY1NEFCVTZwcmM1OFRJMVhJTFZtM1JyM0J1OTZUTmE5aC1NSlktN2R5YWdFcGU0M3FmUy1PeWc?oc=5
2026-09-03 14:06:00,AVGO,為什麼Broadcom股票在盈利後無法與Nvidia相匹配,Barron's,https://news.google.com/rss/articles/CBMifEFVX3lxTE9xZEZXb2JraXdYUHpjU29RY29aWWM2cVdUTlozcU5UWTNyalZSQ2w5LXdCeXJQRE1zVHpIczcybzQ2aS1WLUxxY3RhWVBhUVN1T0d5blNEQmZIaXA4TXVpODVFSGdkV1l6dW5XZWFIclhYZlFTajlYSTAtMHE?oc=5
2026-09-03 14:05:56,AVGO,"Broadcom Falls 6% as Soft Guidance Overshadows 221% AI Revenue Surge; NVIDIA Inches Higher, AMD Slips",Yahoo Finance,https://news.google.com/rss/articles/CBMimwFBVV95cUxQWWF4c3pNNG9QVFZKaFc4elJrQndoOUpxY3Q0Y1cxV29fWF9ITHpwSVBudlhZa1lPdFlXSVYzQk96T1JpemlqTkJ0REhhdTN0TGNBWDhVS3lMaW91amJ1bWZDVUVscEJqTG1qU3NGdFRPTFlnSVpJbnlfeDhRNi1xN3pXYU85Snc3OWxsVVJXMUNXUFVZWWFybVZ0Zw?oc=5
2026-09-03 14:00:00,AVGO,AVGO Q3 Earnings Call Puts AI Supply and Scale in Focus,Yahoo Finance,https://news.google.com/rss/articles/CBMilAFBVV95cUxQWVZINXBFY2RWZ3hqcUx6aVhYVFpNcjRoUFJYZVlsZlVDQW41QTJiTFVZcHlqNzN6UGhSTmRqVlJSZV9YNXVsTkxlcm5nN01fRGYyWHdWcnROVkNCSWd5RjlvQWxHZzVMTVM4YzBSZHpUODZHYmpfd1VkWjdVd1RxOC1fYkllWkdhMEUzUkJaUVltc0s1?oc=5
2026-09-03 13:57:26,AVGO,ETFs to Buy as Broadcom Slides Despite Better-Than-Expected Q3 Earnings,theglobeandmail.com,https://news.google.com/rss/articles/CBMi7AFBVV95cUxNOFJ5ajc5UGlMOS1DVFJwajJ4MXNhdDY3ODZLS3RfTmhLd3lpNERVRGF0MnBsWmlQY2VHS1B4X29YM1YzeGxkZlFkZ3pfNmlHWkdCZE81TWFCZ0pLYlhtWVlHNkllVWp1Z2pORlBZb0ZlQzRyQlJBdzRud2F6NWFOS3pEQ1c3WVFVUlhKVS1Mc055YUdkSXFpTFZRWlVHMVEtRkk3ZVhSYlVOQTlIZ0dJbl9pME9GZDBEQV9SWTlhSk5MeTZpek8tY0J0amJlaUNiUDBxXzJidEQ3ZXhocHRjYjFMTE41VElTWXJuLQ?oc=5
2026-09-03 13:56:59,AVGO,$Broadcom (AVGO.US)$ pretty much spot on…,Moomoo,https://news.google.com/rss/articles/CBMilAFBVV95cUxNZlhVS2lpalBnU2hNTXVXcFg4ck5xaGxjbExzWnd3OGZIZnFpMmpFRmtrWWExaThCYmtVZXRWWi12YXJWT3VPWUkwYWpybEJ3bHpiSkhjYWtLVWtCa3dLcGwyWjFHRXA2MlVrZGFoLUtGMmFoTHNpOVZ2THAzdVdFQVNzUFI5ODN1ZDQyN0pfa3dhZEVp?oc=5
2026-09-03 13:52:55,AVGO,Broadcom Stock Tumbles as AI Growth Soars 221%. The Problem Is Investor Expectations,TradingView,https://news.google.com/rss/articles/CBMi2gFBVV95cUxQR2Z5VUlCRG1nS1o5Q3lCUTM3SmFOTDZPWGFVWDVfVmR6cEQ2dFZOLTlWaW5wRFRpNFM1U2dyWDhjSVNEdkx3bS1zSVRiUS1mSjVKd2EyVHJoNHA2UUZhZFRiQnhYaUlEdnJ5UThzQ0t3YUUzeFpRM2JmTVJ3bE5BbDNoWnhOS1RuV3Q2N3RvQy1NcERobmZlbEsxSzdpYXZ6ZTNUUTZqM1NTX1Nwc1E0bzZDa3BSVEhfNFg5b3JPSlZ0UzRrNDM3VW5ZQzR3WVV3aXk3NVhJOUdydw?oc=5
2026-09-03 13:51:18,AVGO,Analysts set Broadcom stock price target,Finbold,https://news.google.com/rss/articles/CBMicEFVX3lxTE9tYXE3S3pJOU9UbU00RjNIbDF5THg3RDkzYUdnSGRsT2RYR3FQOVcyQlJJVVJXc1I1azE3M2t6Q3I0Y1pELVJlcjlubmt1SDc1S01zcGNCam5sank2MnJNTzJ6WDZFM1lVd1NweVp3ODM?oc=5
2026-09-03 13:35:00,AVGO,Broadcom’s Financial Results Top Wall Street Estimates,Baystreet.ca,https://news.google.com/rss/articles/CBMinwFBVV95cUxNYkdWSjl2cmlhRkJ4SDAwQlRER0F1Y2g3bTBpOW90bGw2MlM0ZjZlRUFVTXR1d0JOR0JsSm5XZ2kxVXllN2x0ZHlRR2EtR0VrY1JRbFlmTEI0V21QU1ZiQm80bi1vV1ZBZlRmOWxPSDN5RkhRTjI2LWhDX1dUX3lyeS1pSmdNTmJIR2dnVnkzTjJzZWdRUEdMeDQweV9wWlHSAX5BVV95cUxQak0wZjU5YkthSXdXQTd1VVh0UU9ES294TFlBNkc0bXpDMmdrUms5bzZPU0lPUWlIWGU4aDVnci1GbEJQeTZsNURJdnNBTmlzNzM2ZERZOGtHb2lrRWxnM3Yxb05VQ1lERG1IbHk5aDR4eDd3WjEzTC1uVGt2OWc?oc=5
2026-09-03 13:23:17,AVGO,Broadcom Stock Falls 5% After Q3 Beat as Cautious Q4 Guidance Weighs on AVGO,FXLeaders,https://news.google.com/rss/articles/CBMikgFBVV95cUxPQXF0VkZUQWxBeExVbmFjUzk1NjgxMkcwSjlNRjhtcFQydU9QdnlfSnBPbWZQSEc3QUxfaTZjZF93OTBCOGxYTXo1eXBJTVlleGgtTENLOGpNaHVPdWpOSDVtNWdoSzNEM2tpMnBmMU5naWhmVjg3cE9weHlnV1dTZDl4XzVaN2ZCNEpXT29ZWFB5dw?oc=5
2026-09-03 13:17:46,AVGO,Broadcom’s Latest Sales Outlook Is Dragging on the Stock,investopedia.com,https://news.google.com/rss/articles/CBMisgFBVV95cUxOcUFFSWE3ZFUtYXZVc2VuYkxYNnVQcDhpRlRPMnQ2S01NVFRQYnFMQ0s3RUtNencyN1VkRmxZUFZYa3ZvelE2LVlrQlZ4OEN0bnAwbnF6SVM1dXVlNGpFNFd2ZmIxTU0tUEdkS1oxTV96dl83WjdROFEyQllqOTE2WlV4N19vOUF2YkRpOEZVTHo4Y2MzTmtwSjNHODN5bWJSZGszWVVLeGVpRXl6cG9jaERR?oc=5
2026-09-03 13:15:00,AVGO,US Daily Equity Opening News - MSFT to report quarterly Azure sales; AVGO and HPE fall on outlooks; SNOW surges on earnings beat,Newsquawk,https://news.google.com/rss/articles/CBMijgNBVV95cUxQYnR3Zkk4QzBpdnFYdllLNjdreEhVdXpRUnJaSWJaWERreHNlVnhEOGtSRkp4c05nYTBvQWJFYzFOYXdIOXFjQXlWQUVIMHFlOEc0dTNOZXBiaVZab1VZUkhjOTd5MEhHakR3Vi13R3ctako3OGhkUVAxVXdFWm1mSl8wYm1kQTdRenNodUM3Q0tGTy10cmtMUkNIQjZrQVlUeUVCMFBMcnNLa2VtZEd6LWVpVEM2b1VkX0Y4Q0xvZFJjbmNMSkNUM1pBdy1NREV4UUpTZ2c4MEtISWRvSVY0VlNZUVNVTWlrcmhmOW1kOWN6ZGhsM3RtMlJBcjdlNkF4Vmlyc0p4Yl9hSkdvUFlNWkdqUjRNUDlzSlEtNnF2R2JxaHB3OFdGSlJKYkYyMzVJQU84SWNDckxBaV9uZkUtQ2FXaTZ1ME5Mdm9rOTlldVFGRkZrd1hTQ0tIOGZuTW5QeDR0dktCWFNfRGYxQnJ1OV9wbklnSTQwQ0U0dmtHTHVnNnU5ZnhCZy1FRmZzQQ?oc=5
2026-09-03 13:00:32,AVGO,Broadcom Is Cheaper Than It Looks At 19x 2027 (NASDAQ:AVGO),Seeking Alpha,https://news.google.com/rss/articles/CBMikwFBVV95cUxORFBtelNFaFJQS3pkRUEwakVuLWhWMU53YlNFWmlPUzZpMGduTWgzc2JLOFZ1QW9vZ09NZWFJTXVWX21vQW9wUkFUaDRaV3ZDLTd4ZEkwWGlJbGhaTHB4ajVsbXh5RHllT3RaVHg2TnlUZFNFNDRLWmxaaHpQRVQ1ZllGdW45QUdLSFAxY1VxcDctenc?oc=5
2026-09-03 12:52:00,AVGO,Broadcom Shares Robust Multi-Year Outlook: 8 Key Items Shaping the Stock Market Thursday,TheStreet Pro,https://news.google.com/rss/articles/CBMiwAFBVV95cUxPSTkzZ3JBQ280WWVFQ212dGV6QVNYNXNmd2R6ZVJtODZqRzk0N0J1QTc5RXViTlJ4UjFYTkhrcFlrR090cGNIOTlVYmt5X2Z5SmdJTmlScTRwOXk2TkQ2em5pV3c5UEJBaXR2UU95Z3otaGo5eTJlX0ZPSVhyUTM0a3ZTbkthbUozT3g5c3M2VEpuQzloYXBVeUE0MnAtMVpUYVlTblJhNl94THA1RHNfRk9SM2NXRHlkYjJqZVYyRm8?oc=5
2026-09-03 12:45:58,AVGO,These Analysts Increase Their Forecasts On Broadcom Following Upbeat Q3 Earnings,Benzinga,https://news.google.com/rss/articles/CBMi6wFBVV95cUxNN3ZuSXZVbHZlM0MtTEFrZ0V0aUVPTWl2cWhJblBpbUtidS1Edk5TNlc3MXVlVnJKcmR3WUg1Uk8yQU1jUmZuM1UzSkt2MkozTXZYbHAtT280MVZDLVNlZ3pxOWVZUG9HMGQwMDBFd3BPdFluWGhUS1BwZm1vakNpRG1feElhUDl1Zl9LM1ltVVRRQ1NsNzRNSFczSG1XU2ZJUmhibFhhZXF2MlhwZS1FZ2V1V05IZmdWYy1kOUVfX3pmZTl1U0FaUmZyM0xGNTFDbXppdU0wajQyUi1jd0pDVUNHeDdRWEhadnhj?oc=5
2026-09-03 12:33:00,AVGO,AVGO Stock Sees Profit-Taking As Traders Lock In Chip Gains,stockstotrade.com,https://news.google.com/rss/articles/CBMidkFVX3lxTE12VlduYzdwWkxac3BhcGtzQTdUT2RtNHA2N3pGS3pnN1VVN0FKZE1sbmNMaHdIb3lKRzdUdFV5WnpNS2tTZmhqZFpnWFh0d2FHODJkZW05M0hIcVA0VWhWeFIxMW5zU0t3Uzc1cGdkbFVFSXVhSWc?oc=5
2026-09-03 12:22:00,AVGO,ETFs to Buy as Broadcom Slides Despite Better-Than-Expected Q3 Earnings,TradingView,https://news.google.com/rss/articles/CBMixgFBVV95cUxQdFRpWk44eXhKbzdHb29RQ2dwV2IwaUY3QnBFTXYyZU5YNE5tWnc4RmItcTlsZzZEdzhpY1ZxbWVBOWdCdXp3QlFadU9RV0Zvak95QVhuOWRKUGE5b3pBc05sWjJabDBDa2Q3M1NrLVdMZTd1VWJ0QjdUMHVybDJ3S3hEXzA4Ql9pSjJLY3Rqemo0NEF3Q3FZc1hxTXpQR0tnTjJlSmNKODgzRS1kVlU5QkdCT2t1Q3d4UjVWX2hMVXZLMmJKQ0E?oc=5
2026-09-03 12:22:00,AVGO,ETFs to Buy as Broadcom Slides Despite Better-Than-Expected Q3 Earnings,Yahoo! Finance Canada,https://news.google.com/rss/articles/CBMiiAFBVV95cUxOa1VpcllleFRVZmpoSjRSRmhKYlJFM0czYW9jNUpaMTE1ZzYySmQxbzFobmdpeVU1QmpuY0RRWWNLSTdsMEJpQlJzbnZ1MTAtZW5DY1Q2ajBOWjN3TUxnd21tdUU0N3djMUhKTmR6dEFsZ3NaeUJpZUpOZy1zTjRfSEJYQ2lmOUk4?oc=5
2026-09-03 12:21:10,AVGO,"Today's Pre-Market Movers and Top Ratings | AVGO, SNOW, SKHY and More",moomoo.com,https://news.google.com/rss/articles/CBMiqAFBVV95cUxNVjVoSkQ5T0ZiQk55V2Y0dmo3UWJsQ0RPVThucVdKMGJPOG42ZlVHUjBwSnRwSU50UlhXdXA5TThSQ1haMF9iRXc0MUVHS2JTZVVxa1hoaEo5dGxnSnMyaE16VWZRTzE2UFo3SWo3ckFROTZFWDRrVU1MRjAxQmxHV3AzT3Q2N2ZrTDlqUTc5QXh4YUt3ci1lUDJtVnljZElkelB3V1k3YmQ?oc=5
2026-09-03 12:20:42,AVGO,"Broadcom in focus as Wall Street digests guidance for 2027, 2028 (AVGO:NASDAQ)",Seeking Alpha,https://news.google.com/rss/articles/CBMiowFBVV95cUxQZm5vQ2ZTUklBY1BnWFQ1c0drd1lnaFRlZW5wb2w5NVkzUjZlb3EySEFjeE5YVFByRjFLdUpuNG1IekNLNjhlNkhrS21QZGVEQnZ6YUhxYnJaSVUzLXpTejR3VDF6Rm8xTTNUdE12dEkyY012NU40c1ZZcFFTRXRmQlg5VkxhYVdOUWhmNE43Uk1iTmZfM080dXc4QVk3STVfT1Rj?oc=5
2026-09-03 12:18:22,AVGO,Broadcom Is Sitting at $370 and Wall Street Suddenly Has Doubts About Its AI Business,Yahoo Finance,https://news.google.com/rss/articles/CBMingFBVV95cUxQUHBJZ0xTMThYSWdWMEY5RVBZQURJYThMVF8yMkliaEVUbGJRTHJ6VFNoT1R3LTJNajJjbTBvb1U5M3FIWFBhWVk1d2NlZnBYdWR4cnlpRmtOZkNvTHJibnh3VFFVNnVqVU5DMUF2QXVQa0V3ZjBfbXV1R043SXZnQWFJUHVnb2dlV215RWMxTDhGR0toRDhVUWxhMWRKUQ?oc=5
2026-09-03 12:18:00,AVGO,Broadcom Is Sitting at $370 and Wall Street Suddenly Has Doubts About Its AI Business,247wallst.com,https://news.google.com/rss/articles/CBMixwFBVV95cUxQTTNPcW9DWnpYeEp6OTNLZHdCaWp0QXhCeFprcmtzWUt4MGw3VjNaRklBTXBDN0NsVWhrUF9Uc1VxQlNqV1pleVVnNVhjTGM3WjY0VU1UQ0h6YWs0SDc5SkozdWk5NG1odmpOenltSGFMZTlUNnp6eE14RjVzMWJ5TFpZa2VNZzBvZ2MxZE5SX3h4ZVBMT1RpV3NQcWZVVWZKSEZfMXlFZGcxQjc4VG84a0dMZDZHeFNKS2gyMzNkR0syVF9LZmww?oc=5
2026-09-03 11:47:00,AVGO,Broadcom (AVGO) Faces Profit-Taking As Traders Reassess Chip Momentum,StocksToTrade,https://news.google.com/rss/articles/CBMic0FVX3lxTE9EZjEyV2NJOEZuY01fY2t0MFg1b0VTSEF6RUxOUTRjUHdjNDZSTXc5Z2dZdHpZZGd6Tk1yWlpqTW94WklNR1c0Vk9FT0dKeUJSdENMQWktekhib2pYVXU3ZnpuLTIxT1ZTZlNHclJESXVrVnc?oc=5
2026-09-03 11:47:00,AVGO,AVGO Stock Sees Profit Taking As Chip Demand Stays Hot,timothysykes.com,https://news.google.com/rss/articles/CBMickFVX3lxTE5CcWF5bXU5MWZIY0VnODNnLUduWTVmU1J1eThPWWVGWnV2cDl0Vl9ZQWZMVS1oRnNmYm4zTTZseHVTdWllQllIaGRBZUdQUUxUNE5hOGNaZDhmVHdFSkRjTnNURDRYZEdrZlBWdUY5eFIyQQ?oc=5
2026-09-03 11:45:36,AVGO,Broadcom (AVGO) Stock Dips 2% Despite Massive 221% AI Revenue Growth in Q3 Earnings,Blockonomi,https://news.google.com/rss/articles/CBMipgFBVV95cUxOZVNrS2JVWmRpQ3h2cUxKVnR4S3I4TWx2eXNmaXFiNmRtUjVnM25GVEdHb1dHQUFnTjIyc1V2bnN1bzU4cTRaU2xya2xKUk92UndPLWw2UXBpZ1Fhc182TjdSVll2TEdXVGpqSGFDaHBaSHRmc2RyTUkwMUxOcnF1OHRUUGlFbkRjZW1VeXY0eFI5YVZhOXg3Z01TaFI4UzljZlA3eEdR?oc=5
2026-09-03 11:35:07,AVGO,"Stocks making the biggest moves premarket: Snowflake, Moderna, Broadcom & more",CNBC,https://news.google.com/rss/articles/CBMimAFBVV95cUxQa1I3N3lSUi02UjhiR3BGRjgtaDJkbXZtTWpVNW1DdlVGVjhzWUFrVlZWQWQ0dTR4X0NKN2xTOGtpWWlZLUtzWXBFbndYRmpKV2gyYV90VVM3ZDlIR1NLcDdLbFFGRDRRTTJ6T01uUUJuYWdMSGZUcnVabFhkc0hBUlpvVkxyNVRZNVU3Nk83NDVKS0lob2dHYw?oc=5
2026-09-03 11:31:48,AVGO,Broadcom’s $230 Billion Roadmap Rewrites The Valuation (NASDAQ:AVGO),Seeking Alpha,https://news.google.com/rss/articles/CBMimwFBVV95cUxPMFB6ejl5RzZPcDR3U0otbHBNRk5fVVhDYW4zcGFZa1RvNFVRTlI4NHBQZFhjQnNPMzRUbUhwYm5iN1N5R3I3UlU4R2t5UWNPNFNlUjg3RTlSVmsySVFFUi1YTGJQc19WQkhqRktBUWtqMHc3NFU3UHJhaFZQZnAyZnhPNWlhdjQyMERrSy1JMUptZG45bFdQUGJlcw?oc=5
2026-09-03 11:21:40,AVGO,Morgan Stanley raises Broadcom stock price target on valuation,Investing.com,https://news.google.com/rss/articles/CBMivwFBVV95cUxOLUNJZXhkV0RraUt1Y3RIYVFpNFRGcHE3VWl6engwSjE5UXZpaU41aXNEclRreGtLdXVCNkQ1dmFBVmN6T3J6TkR6MHF0M0d4by12RGZLWmRmY0VZTnVTVnpZMTZDZDFpV1ROSlFTUmJDQTQ2UmVxeGFBNFlCUjdaMFJZd0hMd01oTXpoR1htRTFIeEF0TkZmSlJqYkt2d0hmcmJuODdDVnZqVTNtbWJWeTRfQ0o5UmFFeWlUTlJxQQ?oc=5
2026-09-03 10:45:00,AVGO,Wall Street Breakfast Podcast: Broadcom Beat Meets High Hopes,Seeking Alpha,https://news.google.com/rss/articles/CBMiowFBVV95cUxQYk9vdUhMMF9iVTJoUnZwWUZOS2U4TzdXWGoxaUlkQ0FSU0xRSG12bnlkdkpXT1k3V3JzRnJWOXhsMjFzemhTekVHZW9CbF9Da0V3MlpKcGNWQ3FwZzdkbTJUMnRnbnN3bzRVOWtmLXRXU250UmMyM29ub3d5b3lfN2VSc0VyZGs1YzVWTm43TXFRb0ZFS1RReGhwRUFQdXJzdzFv?oc=5
2026-09-03 10:22:12,AVGO,Broadcom Shares Slip as Q4 Revenue Forecast Falls Below Estimates,Yahoo Finance,https://news.google.com/rss/articles/CBMinAFBVV95cUxQc0FyNUNJUW9IcEFuS1J2V0hzY0hFQTgyN0gzcjBrcHA4ZmJCblR3WG4xdkpMUkRqZ0xqQ2dOempuMFRqUzZFYnQ0VHlvbmJqbWYyQ2tDUVlYWjllZlNMUzEwNlFkM3hEU0ZKSjhTY3ZNOU1rOVBObndfU1NzSjBJaDFucEx2TEE3TU1VYmNabWZ0cGlaY1dXT0ZrVHU?oc=5
2026-09-03 10:05:22,AVGO,"Google, Anthropic and OpenAI Just Locked In Broadcom’s Q3 Earnings Through 2028.",TIKR.com,https://news.google.com/rss/articles/CBMipgFBVV95cUxOenVuVlltVUctQm8tYVhrcXJrWEdCR0hZMHd3VWJ1aU9TbDlhRHRyVmsyQktGcmJmbDJWVnBLQUZzN1Brd2FMOXBaVXBReDdpUUdrN3BhY05lY2Qtbk9ZUDVNVlZ1Uk9OWEQ1ZEpma3JRQW81dTZpYTg4RzM5WW9mSmpPck1pUjdlRnlhS1puQURwTTBNYjNkUS1kRXJVZGk5ZWVQSDdR?oc=5
2026-09-03 09:52:14,AVGO,Why Is Broadcom Stock Falling Thursday? - Broadcom (NASDAQ:AVGO),Benzinga,https://news.google.com/rss/articles/CBMilgFBVV95cUxOZmxBWllYWWg2MlhZb3Bub3BCQ3V1RjZQdlhKekZNOGVQangta1k0U1g2YUVnQ08zMWpqNTN2MU55MllEMXN6enNobDVGdjBXbld3YmF2UzNRM1hraVdSanVKTHNSMXpOcXZHTGhrOEFoUWhEY0dYcWdtY2RxRmw5Y1JwcFZ1TGpxNDRLNWVVM3NHNENwZlE?oc=5
2026-09-03 09:52:14,AVGO,Why Is Broadcom Stock Falling Thursday?,TradingView,https://news.google.com/rss/articles/CBMiaEFVX3lxTE9ySmNwcWhUSXByM28tSFlaMUVYMUVhdGJSSWRNb2FWZWlOWFlnREJiYi1GTmVUc0ZIdEVYUXBaOHpWUTZuRFhGckVnejhUazFlalFlODM1b3YtWWVTaTdqSFY1Q1ZJWlBC?oc=5
2026-09-03 09:35:01,AVGO,"Why Are Nasdaq, S&P 500 Futures Rising Premarket? TSLA, AVGO, SNOW, HPE, PLTR, LULU Stocks In Focus",Asianet Newsable,https://news.google.com/rss/articles/CBMi6AFBVV95cUxOWkNkSVItaWNCLVplY0hvbTFzUzRETTlyOU90Q3NyWTZCM0NvR0dvMGdMWFZodGRQamJSN2VWOEptSTJoWTVyMFNJNmlKekFNOWQ3d01CbUFiVE1zNUFrc1RBd3VIczRSd3BoUHQ0Q3lxWmRkOEpNajBNLXprMzFiRWhQck9hSi1yYkJuSmNxcmNnd0p3N0Z0YVNmR3NDLU5qNWhhZEVneFJzbWR5SG1mOThDTGtYTXhUclI0QlByYUVSRUtqbEFCXzZFTWc2akI0Q2ZFMDBKR2RDYm9sMXZsTDM1eHFYMVRp0gHuAUFVX3lxTE5sRkM1U0R3b2JrS2l4eG52bEFnX3dJWEU3VExxSlcyUk5ZWVJ2T3J2MDlCMDlkbkJ1Y0lqc1F3X2lsb1Rmcmc5OURHYTVqUVFiQXQ0QTNWWS1MRjVpbmNQQjlvT25DSVhUbmxuQmEtcldhdkZORUhiMzlkdnJkWU1LQUN2UXVLTHd6V18zbkxRTzgwRkxOUFJramdtNnU1QkZ4RzZjWE5uU0V3T0hnR3cyVkllOXRxc0loLXU2d2F5RFBrS0FMR3gzV29sb21YNlE2R1NTWGxnYzdpMm9JNzN1UDhKWTV2Vmh3d1RMN0E?oc=5
2026-09-03 09:13:33,AVGO,Broadcom stock wavers as chipmaker's strong results 'not enough to keep investors happy',Yahoo Finance,https://news.google.com/rss/articles/CBMi2gFBVV95cUxNRlg0cGlseUFSOG9lUWpLZE9SbVlmZmdjZVpmXy1nZ3lzb04tQ1NLZS1pcHBNZlIybjJhVTdXSHJqVl9OWmk2R3JUd002Q2ZtNlhWRk5TLTVQNE9FOGZYcVpLeVFtVV9qdkhEQVpuRFVrS0VKaEtKRXAtcmg3NE0zVmRhWFJibExUMVRTeFkyTmxnNll2SGF3b0ltaHVJbzVQSXFrVGJIcjZkeEhyaWIwZnJLdHc3QU1Cd3M0TzM5NHJNUmN2NWI2SXRISjEwbUZNR3JfUjBDUTVLUQ?oc=5
2026-09-03 08:38:35,AVGO,"Why Are Nasdaq, S&P 500 Futures Rising Premarket? TSLA, AVGO, SNOW, HPE, PLTR, LULU Stocks In Focus",finance.yahoo.com,https://news.google.com/rss/articles/CBMikwFBVV95cUxOZGhrbGtGWVU2YnlzQTV4S0F0eXBDR0VsbEhQVTFBWFVKUUJqOWdZbXRQUGZ3ZjVuVXNMSVJpbjVDTmxwb3ctT0dONHlHV1phYXk1QUE3Z01DbEVwQy1FbGQ5Q0c3enQ1SU91QXdwSkphd0I2RHlfS2FYTGJhb0tSdGZpVTF4LXhxVlpoZXBZTmk4SnM?oc=5
2026-09-03 08:26:57,AVGO,A Record Beat. The Stock Fell. What Is AVGO Missing?,Moomoo,https://news.google.com/rss/articles/CBMipgFBVV95cUxPRHpld3FMc25qcEZkMVdXWlhyb0Q5eWtUaXpNYVZXLWZHeHdHVXFJc0QyZ1hEc1g2eThvVXl2VGtjSWd2cWxQZ2h1SHl5R1c0TW9RX0NrMVZ1TEFrUmFpTjQyNWRaQ0hNOGNiVjJqVEQ2Tm1oT2UwNjF0cnM4NjFrSE9oSkxuWmNQS3h5YW10M0tHR1JnUjhORFE3bnp0YTR2Yl8wVTZ3?oc=5
2026-09-03 07:58:00,AVGO,"Broadcom's AI Revenue Just Soared 221%, and Profits Tripled. So, Why Is the Stock Flat?",The Motley Fool,https://news.google.com/rss/articles/CBMisAFBVV95cUxNNkNXbGdNLXQ5a2JfRWM4TEw2a2UwWFNPMEh5T2pTWGJabEROVkF1VV9WVmQ2V01oYXpjRUlPTFliX25va1RHMXhqMnYwUjRfMmpaOUxSelBpQ0NJeEhEcFRERFFzd3lXNXBIV0x1WGE3bUlYaWJ6T292QnZwTXFKZG15ZXZnRlk3eVVFN3d2ck5oSzF0XzhQZDNJcl9Wak0tc0ctMVpONU9EbW9KbWJzTw?oc=5
2026-09-03 07:27:43,AVGO,"Broadcom's AI Revenue Just Soared 221%, and Profits Tripled. So, Why Is the Stock Flat?",The Globe and Mail,https://news.google.com/rss/articles/CBMi-gFBVV95cUxOVFh5ellUMmZsOVMtY2VycmJTendJZmNVc2xtVzcyVXpiX2JIcHV5T1dWOUQ3b3o0NDZiM2Nsektpem8yNHFOTzlycUVBRVRnS2RuWHRwMDdYZmdYMk54eFdvdUxSSEoyVWZ5b0F3aV9QZjZIOWx6SzRmZFVoYk9CYWEyZHNnd3RGVjVwOGJrUHBRZFg5WWh6aTc5S1Vhb3I5cGxkbGxodmo1NnREcjRac0FIZ3RTU2liS25rcm84dW13SnktTUN6Qkp4UjRJel9DVXhyUU1laEp6SEhMUDhMSjRBVjNtN0pMdE5sS3l6MFBoV052VnBUNFNn?oc=5
2026-09-03 07:26:29,AVGO,"Broadcom’s AI revenue surged 221%, so why did the stock tumble 5%?",Invezz,https://news.google.com/rss/articles/CBMitAFBVV95cUxNa1ZVWE02U21NTFcwb1NjWDB0d0M4NkVYZ0VwbkVaQkRlRHUweTBYcVYyTkx6SVRsSXZjT0Jvel8tZlZPbmN2YVdjV0piVm1aTVVpVU5iMnlXZTVmM0RIMWlWSk9uQkhUY2tZdC1FWHZ6NHBfQU5tc1dQcFJYOW5HQUxROTFzb1pjZUdoVHkxbEZFQmdFdG53dnZwTUwwTWx6UG9MYXZvTnp1RGJxYVFUcXphOXg?oc=5
2026-09-03 07:25:41,AVGO,"Broadcom's AI Revenue Just Soared 221%, and Profits Tripled. So, Why Is the Stock Flat?",The Globe and Mail,https://news.google.com/rss/articles/CBMi_gFBVV95cUxPem9tb2lOY1l1TWlqQk1ZcUh5dkVkU1hxSXd0bGZualhmOWlob3ZYNzdFZ1pzYjBKMXFHT3MtendQbzl6TV93c1A2c1gzbWQta3BXMmdRZVc1dTN5RHc4OEFsVXVJUThoeFl5TG9sRno2cWhybE5TdUYyT0lSN3lpaW95bFQxYnFwTVNvS1Y5QTQtSmpjTGdxSG5TR2JyTUZfLWVVVVc0SVpGM2JWTmtpUFJRZ2FWRGpUelloYXktc1NBZ0xIckxreXlHQ2l3MXZRSWlBYzFDdThZOFg3M3RhNU9HcFlFcW9Zc0NfWExlUFllbHd6eVNOOEVQVWRSZw?oc=5
2026-09-03 06:55:31,AVGO,Broadcom CEO Hock Tan Says Anthropic 'On Track to Become Our Largest XPU Customer' as Google TPU Orders E,Benzinga,https://news.google.com/rss/articles/CBMiwAFBVV95cUxQeDRqT3I4RzE5T0FHVk9udGJMbnFNSXBRZURPS3pZN2F5MlZYQ0g4U1BHWklRdGdCNkdHYzlLc2xOdEFHR295dXdUUVZrV0lVNTZkZl9QSS1oYVpYcWR2Z25CODhLUDNEalpTZTFybFlCM1drYVpNWUFNcGlKYk1hbnV3M01SRmpXVk9tMEhDLUl6bXZjTjlWMU0zajdhLTVrNHhld1ZlaThJb0NFRDdaTkJtSVhneDl3a1podkt2ODk?oc=5
2026-09-03 06:55:00,AVGO,Broadcom CEO Hock Tan Says Anthropic 'On Track to Become Our Largest XPU Customer' as Google TPU Orders Explode,tradingview.com,https://news.google.com/rss/articles/CBMi_AFBVV95cUxOM1paNjhxWU53T182ekotc2RTWWZOMmZHUTZLS1BTeGJ3ZzQ2TzdhTXA4NEg4eVJVYU1pWnhRZnlyOHdSc1dIbGxfRGJfVUVJOEhhVUNmYmt5c0g1aGZSQnVvc2ZhZGc1LVdSS1NrVFlHSlUxSGo5Ujg4aEhSQl9UNlNKUGw4SFBFanlRTEhPN2V4bFNrbmpCNnZtUUNwNEVkUlNFUzh3RlB6cHB3NF8tN2RjN2V3bUFXOWhqRkt3RWpXLXlHNktIazdXcC1LWDJ6Z0JJakhOVTJrdjMxQzhyUzJQUlczYnB5RHpGRndEYjI1d25zR05VQ3lFWTc?oc=5
2026-09-03 05:51:43,AVGO,"Broadcom Raises AI Chip Outlook, but Stock Falls on Weaker Q4 Guidance",TipRanks,https://news.google.com/rss/articles/CBMioAFBVV95cUxQU2VDOEFrdGFuNzRPLXRFSENsT0xldHRLcjlNaUplQUMyZlhGaUsxQTBQTHBLSzhPaHJLdDVkTEdRdnNHYWs5ZlE4b2RqTjk3MnFISndBM3VkTTZ2aEpfVEZLczJzTktZRGlmLWJKSzFpQllOSGhiWnlXdl9aTGdkY0w0RXlMV2M4NldjS0swRVY0WGRWM2VWaFU5TWRXaUF2?oc=5
2026-09-03 05:24:52,AVGO,Broadcom Inc. : Buy rating from Jefferies,marketscreener.com,https://news.google.com/rss/articles/CBMilgFBVV95cUxQNWIwUFdnaG9ESFF5QU5wa3EyQUx4dWVhcXdJZXp5MTF1dk1TQXAxWTdyb2pfdlNqTjlwRXRVRDJ4TEhJYURGN0N2VzUyZl81MjhvNG1McGFTRjBhaGc2Z0JHelRNdENLVnpOUjE0X2Q3RXNHUG9CZWFZR2J3R3hqck93RkY0Q29yLW5reFBBY29ORThCc3c?oc=5
2026-09-03 05:10:11,AVGO,Broadcom Stock Slides After Earnings Even as AI Forecast Jumps to $230 Billion,CryptoRank,https://news.google.com/rss/articles/CBMitgFBVV95cUxQRk9hTklyMlYweWJrZnpvT20xQnNSNF9IRkNLQ2RmYzVpTnRCUjRhWHAxUENzbEdMUmg1dnlTUUdFZ1VrV3RESE5rUzRzcHlqX1Zpd25BTFN2UUJISFcxa3M3UWN5dVNYYWFnSU14cTF2a2dnQW1sbXRsZmpIR3JVWVpLLU5rOG1fZ0hJcUtCdkFSUFo2dDRlR1N3NklONlI1TnZxS3hTeWM2OHpTeDhCR0dBSGpBdw?oc=5
2026-09-03 04:51:33,AVGO,Broadcom Stock Slides After Earnings Even as AI Forecast Jumps to $230 Billion,Coinpaper,https://news.google.com/rss/articles/CBMiqAFBVV95cUxQbXhxYkFmMTFpcFhGVWVUOTVQeHBLVXYwUUlyUjlSb2pYVnhpWG1jS25RSVZFNWNiSmZqUTZxUXRFeEhfUnc1YmQ1MkNJTlNTSVF4bVdRQklZQllpTGMyTmlHU3ExTXl1Vk1RMjVQOGVEMFdxOVNxczR3cDRBdXFMNnZtSTJRTXNQWnBScjZ2elZaUTR5czY0SG0xN3pfMktRRTBDTEM0UFc?oc=5
2026-09-03 04:35:00,AVGO,"Dow, S&P 500, Nasdaq Futures Rise As Investors Look Past Iran Tensions, Focus On Earnings: AVGO, SNOW, DELL, HPE Stocks In Focus",Asianet Newsable,https://news.google.com/rss/articles/CBMijwJBVV95cUxPWUlIWnVlUHRkb3VFbWFGbEFBWmJEQ0tmdzhlbnlUZTFYU3hVNVVYLWVnMl9GRVRva1V3SXl6RkhYMFk5cW9fWk51Z19pVTViejdEYUh0N2dGLUtQV2NPQ3RMSWs0TnhZQkZFYXFzOW81a1FWOWo2bXBMeHdQUDB6YlVCS1RsdzlqTTVFVlByQ0k3QVMzbU1XSG9rWVlrRGxOZGVjUGNEQklKckpvV3cxcmdvYVk4bGxhdjdkOGdVNVRqMnYxM09yUXhqbVQ2bkVmeGlZdXVuUWt1Ry00Wmc1bkJnQnR1VF81R3hIbFpxZl9mbElNNE84NUpqS2JZVkZFd3pYTXd1MTBMU3dQeDc00gGUAkFVX3lxTFBtRElFOEVkdnBIVFpEVkl5OVFrZkc1cFpYTkF1ZGstaFRjOUNzaFd0NmNadnRydDdKSlBfajd6X20tbjFCd3NfUUE4ZjNkbVZGVkt5VFBiTnZKOUdLWnJjRlBFdGt0SU5jSW81amRiUWx0cjh4UU9UZ3lmQk11cGJaZlp2aEZNYnpWQjJXMm5JbzFvNWM0YXR3UGc0SDFsaHF5MUQ3eC1YTy1EclRlZVZSbDhYN0JYYm1SYkF3bmRubUhPbnhhZ2p0QlNIbWM2Zzk3bERFSTBiQmtnaVJXVnpGS25nTHVsVkRodDlJRHlyVXhaT1BqTmc2SDN5SG5rdVR0bndvVlhfYTRXZTJpRG1nV083Tw?oc=5
2026-09-03 03:52:50,AVGO,"Dow, S&P 500, Nasdaq Futures Rise As Investors Look Past Iran Tensions, Focus On Earnings: AVGO, SNOW, DELL, HPE Stocks In Focus",TradingView,https://news.google.com/rss/articles/CBMijwJBVV95cUxQZnlBbmY0R09mQWFaT0pIUXV1VUQxZkY0dDc5bmZJSHQycUlMcVB2NWNCb2VUeGx3RlI4aFNMWnZ1eEcxUGJobWpTM0NsLWZOS1M3Y0Fpb0ZIUDdBX29aOGhUSkM1SncxVWZDRE9YdVhHYVVsdW1iOFMtU1RMRGcyM0xISnRXWHItWjZrSTQ5TEtXMnRISVJ4SEVRd2FFOE5XTFBWc0ptWTJxbHdFNXBZTXlkMzBlT3JiaTU3T05nOUc2RVZyU2NKQnQxR3g1MmJtTEpDbklQY1RhTEJxMXZ2Mm5rQzZzMXV5MnVoOGJ6c2ZwUzBtZGIybkQ4SEZLVzRJcVVydUpzcUg5RHg0OVZz?oc=5
2026-09-03 03:52:00,AVGO,"Dow, S&P 500, Nasdaq Futures Rise As Investors Look Past Iran Tensions, Focus On Earnings: AVGO, SNOW, DELL, HPE Stocks In Focus",TradingView,https://news.google.com/rss/articles/CBMijgJBVV95cUxOdEltbDJEbkY0U19KS0ZGTEJxNmtrM19XbFZwWGtSZURnX2dndWNtOGZ5Q1AxMTRPVlduXzYwQ2RJUV9TZEZDTVIwWHF5dHpxZmZPMGRWc3ZSWHlrWUFGN1BRM01VZW9NQ09nQnAyNGlBbU1SYTV6dEVYTmphWjFoNXU5d0p6UTUxdFJfZFljQW5RR1N2NWFQMHo5UEpQWmVfNUZRdXFmcnVxZTRmbjRCamNBSGo3N2t3WXVpZFhmaFYwWUY0THF4TXRMOWZPcFJ4dmRoNHY0QW96UmZJQlZkNGhDamNpOWtiaWtVcmdNa1lOLXZHVTRuZ1lwWkk1LXlkNE5XbmJNRE1ma1Rrd0E?oc=5
2026-09-03 03:46:24,AVGO,"Broadcom Stock Forecast: AI Chip Revenue Surges 221%, Stock Falls Instead of Rising, Can AVGO Stock Still Rise?",TradingKey,https://news.google.com/rss/articles/CBMi5wFBVV95cUxPU0JXM3ExQmZPakd5SGxEbXljcVNPbjFwc2JFSDljak9fNXg0M3RVckdQQ3FIcUdPVTNvZ25pa2NKc2VlNGJ4cFhWZlJPUDd2SFJfVE5pX2d0cTR0YzNuNXFVSG1yLXZKTmRvWUVseFZBZWdUR1pMTjV4SmNMTHpHV2tXQlJpRWpMV2pWeUdMNDc3d3dIbUJKblZKWFZIU09iSV9wMmFxeF9JaWZyenFtdW9JanB0MVFGU1ZvTWdNb0pLMEZ6SE9rYjIyYUw3MVQ1SlhqUEk3QWtoUE9FUmJjck5fNWVpZHM?oc=5
2026-09-03 03:23:00,AVGO,Billionaire Dan Loeb Exited Nvidia and Broadcom. Is He Calling the Top in AI Chips?,finance.yahoo.com,https://news.google.com/rss/articles/CBMioAFBVV95cUxQYmphbXhON0Rua2NHRGZtdWc0a0NHaWFkdkdITTJ4ZVF3dXJLdUF5WWFEdkUzbGQ3SFhFNEo0UUx5WnY0cS1LRkVhUXZTWHhJYkpZUTduaGZmYkRNUUpfUVN6Y0dVOGdsMGpLYWg2RDNKaEkxTUdXeFpKOEszdmR5NDNqbXQ1RWhLYVBDb2NkY203dkwtdnVMc1BmdFZUeWtU?oc=5
2026-09-03 02:58:08,AVGO,Broadcom Inc. (AVGO) Stock Analysis: Why AVGO Stock Fell Despite Upbeat Earnings? Is It Still A Good Buy?,TOP1markets,https://news.google.com/rss/articles/CBMirwFBVV95cUxNXy1WVl9pMTNjNmJDb2ZmS1V6cTBEWWpzU3pzeGcyRWkyc3F5TGE0TVhSOEgxYk9SejZ2bU1YaEx5ZFhOX3Qtc2hubGZvSmI5ZVlDSnhyRkFMLWM3c2hYZy1IZzREczVjclIxbDhWY1hEZGhUWVBCMWwwajFHZ0RuYjdBMG1qMkRuZzJsbTFZODZhUjN1dndjb0NCSE1FTEt4aUhUeUgxTk1nODRGWGhJ?oc=5
2026-09-03 02:38:00,AVGO,Broadcom stock wavers as chipmaker's strong results 'not enough to keep investors happy',Yahoo Finance UK,https://news.google.com/rss/articles/CBMizwFBVV95cUxNYVdhWFRfcVRzMndXWU5QOU05WUZ3MDVGYjJ1TnFTT1pFY0JHQW1zR2s5OFRCV21PellKTzNrQ2lQMkUta1BIYnRDMkFnVGh5X2xXUDliNlczNzBBeVdrNDlDaGJ0cTZ3aG5LSHpjUmFLS3B4UWdRQkwwV0wzYUlUTnF5clk4Y2x5SFdqdDJxaTF5QkZhcTBUU3dXNGpja05UbmxyckxhR29GRmtNbVV1TE9QU1NNeEY1Qk5CYnQtUWEwT3VhZjBGNTU4N0VId00?oc=5
2026-09-03 02:34:00,AVGO,"Broadcom Sees $230B In AI Revenue By 2028, Driven By 'Geniuses' OpenAI, Anthropic: Analyst Says Some Risks Remain Unresolved",finance.yahoo.com,https://news.google.com/rss/articles/CBMimAFBVV95cUxQZ203aDVEOHUwaUJZNFFDbDdqRWZTdmtaT3V3MktVZGlaRVdDdU8wLUxfVG0zRnNCRTdvNVlJeEx5YV9hYXdWbDVPdXl3NEVyY2x4NzdGU3poWEQweTVJRmNHTHYtaFVIOGMyZnZYMGRIYmt1R3NJa2kyaXRWY0tKa0V3Ri1BZExJZkxiVHZtN0RDLTYxTE9NZw?oc=5
2026-09-03 02:34:00,AVGO,"Broadcom Sees $230B In AI Revenue By 2028, Driven By 'Geniuses' OpenAI, Anthropic: Analyst Says Some Risks Remain Unresolved",TradingView,https://news.google.com/rss/articles/CBMiiwJBVV95cUxPUlNpQ1Z0ODVpTmNKUE5JVUxDN3Q2QU1yaEpZNnZQdmNMQkFYZHlENjVMNHlPcVgzMTVvREs0SHpmMHphUTJpT0U0bmRhellVUlNfUUppcXNISGNnZC1adWFGS05mN3JYTlNBREVpaVY1RWFkanc1NWluTDV3WTAtcEJJNGZiT2dlVEZoQjJUYXZGQm9aOWFHSmd1TmVPMDZvdk9RZjNOcTZqN096NVlkbXN4X0JmUmFBVklIMldJQXZzTEhzTkZKVnRORU9uZF9QWGlubWQ2cWtYYWxjVFgtOHgzakNSTUQ5VmtIY3FtbjRLdzR1Qi02dkM3SVNnUjQtU2poenQ0TU1uTEk?oc=5
2026-09-03 02:29:13,AVGO,Broadcom stock wavers as chipmaker's strong results 'not enough to keep investors happy',Yahoo Finance UK,https://news.google.com/rss/articles/CBMizgFBVV95cUxPWUFLblBvRUFuQmd3bGMtdExRc0VsUXVZNUluM0NoYW5oTVZLd0d6NE12RUNzN1JPdDY4b01OZFJ1b3hYWm0xTENraWZ6TEhPaTVZU2hXRTZMSUdPc2hZdWdHdm9QZVYzcEl2R2EweGFONXRObWlDbVh3c3dJRVlUX2JKd3BlTk5rNmp3UXE2b2ZqeWRwZ0pQazQxZUtxbE81cjRnMnNzLU9FSEw5TFl6RExmS2liWWJNYzFVdkdXT25xckVVU25DdGpGVTBEQQ?oc=5
2026-09-03 02:29:07,AVGO,"Broadcom (AVGO) Q3 2026 Earnings Report - Results, Call & Slides",TipRanks,https://news.google.com/rss/articles/CBMibEFVX3lxTE9yeHJxVzl5ZXZnYkdIeXUzOW1nZlJNRnFIZVQ2b2VNTXQ0dGZselkxQklRNXI5b2N0Z3VfMHc2MGthNEcxTmQ3cXc2UElTLVc0dWhNLU82VHpPbkkxb1JDa1FRWHRjYjJ2THBqWQ?oc=5
2026-09-03 01:28:38,AVGO,$230 Billion by FY28—So Why Isn't Broadcom Stock Soaring?,moomoo.com,https://news.google.com/rss/articles/CBMiogFBVV95cUxPWmplQTJFNzRmN1RmSWdMQ1NWX1V3MjlkejVzWXNsd09tV3FRUE1WSWNsMjhsZU9EZ0piMi1RVjRVVXhZWExkazV3MG5xSlZGRXVtZ2p6YXBCdER3Z3ZVS1JkZUduUUtXNHF6emQzZTl1ejVRNkdpYl9DekpQemoycWVGcGhlS1dTZ1Z5Q21zdVQyVE8yVUN3RHdpcm12bzJWVlE?oc=5
2026-09-03 01:13:43,AVGO,AVGO Sep 2026 500.000 put (AVGO260904P00500000) Interactive Stock Chart,Yahoo Finance,https://news.google.com/rss/articles/CBMiakFVX3lxTE9xdTd1ZXZYMEFDNGJaN1AxWngwbHF6NWZSZnBaR2lEeERDVVgwT2MwelZfLW1zRHBWY1dVZnlCSXNGeW84clZfdHI2SjNwVm9nd1J4TjRCV0JnX1RZQ2FCcDl3X2JjSElOT1E?oc=5
2026-09-03 00:30:07,AVGO,"US Stock Futures Rangebound After S&P 500, Dow Snap Three-Day Losing Streak As Oil Steadies — MSFT, DELL, UBER, ASTS, AVGO In Focus",Asianet Newsable,https://news.google.com/rss/articles/CBMikwJBVV95cUxQazRmeWRabEhsTklqS3REUDg0ZHM2UFB6dEcySjNJQmMwczV0d2lLTmdQeXM0N0dJMTNfekpSZ0hoNGZJR05LYm9QZlJPTUpRenJfaWdFUjBXeE9TM2xtVFphaUctb3haNjZQR3c0RGNaYWNyS2FSVEE3Q2twRTZicEl2WUVyU1l0YVQ2T29IZE9UY3BKaWtEWVR5TzBRMUlzSk1JZ1EyRlVPZGs4NkUtX1J2SVJaRzdqSWNvYUhDRThyZ2pad1NxVk5FU3B2b2NXalJvZGVwNTFxNFFGc2UyZVZoZnJCVlNRckY4REEwNEJ6RmhERkJTcVpYREs0LWRaWVBYcjkyY0p5aW9PUFBCTGhIVdIBmAJBVV95cUxOVXFXamVFeE4xemM4M0YydHF2UXU3OTZKSUxQYmNvbzFZUV9MdkFlOFowZUpoNDllcnRtelRMMGJlSVVpSVpjM1E2aE1MWkVodHY2eW54OWVnT0Q3bzhNdFFkcUY3T0d0SURVOXhMMDNJd25oSmhoUGpvZnk0WXZxNW9QLTJlaDZ1Q0puc19kXzBhU0s0MFgyc1hEYXlOQUJpTHo2MnIzSHR1bDM1TEJjaFpLdGpZUmVTa3owaHFJUjdLM01VdmpCUkFiaGtnTDZubDBHWFp3aEVpb0diZkRMOFlodjFBRm15bGxZZ2VZNE9JTVQ0Z0UwZUtwVy0xV1pQMFBVcGtTdjUyb190UVdlTnk4YkppakR2?oc=5
2026-09-03 00:25:00,AVGO,"Broadcom’s stock falls despite upbeat earnings, extending a frustrating stretch for investors",MarketWatch,https://news.google.com/rss/articles/CBMizwFBVV95cUxOSFFnOHR4bUtOTFZSRzlnWTFuaDJWblpIdWdGNHJQQlBjZTMtMlVMTVV4WF9ZZXBNNEZHWHgyUF9aM01wYlZjbjhNTWJsVHBfanZjY3VQNzQzaHdXSGtnellkSUl6RjAxT0VZaThrUVp6ejFEVXZ1S2FPZkZjTzhGRklMWGpyanRJSGdBTnZQb1BzUkd1eFZ0S1lEQkVFcmozeE1kbFViUDNpX21abGNQZV9CVml0anFiTnc3U29aX3pza0VpOXBOY3l1cGJQcDA?oc=5
2026-09-03 00:12:00,AVGO,"US Stock Futures Rangebound After S&P 500, Dow Snap Three-Day Losing Streak As Oil Steadies — MSFT, DELL, UBER, ASTS, AVGO In Focus",Yahoo Finance,https://news.google.com/rss/articles/CBMimgFBVV95cUxQdDJPOFBhOGtIMUJISlk2NmZQc0ZPdGRKbnVJQjJyMHNNTjdGejEtX2IzVGJ5Vi0zaUxLTkZQU2cwY1dNbWc0XzZZUDl4dHVqOVM1OGxqM3ItVXhiUmpHTkpYd3lJbUxid2R0cnhmM0lqdUUtZ1NhUWlQSHczczgybHFGRG0wc0cwdGNETXFXanZwRzF0dUpDelF3?oc=5
2026-09-02 23:59:44,AVGO,AVGO Stock Climbs as Broadcom’s AI Chip Backlog Fuels Bullish Outlook,kobaran.com,https://news.google.com/rss/articles/CBMimAFBVV95cUxQUjZ2Z09EM1hTS2JUOTAxUndEZUc3TTNuVE1OUW9qTHpleHg0S280Z2J2bURXV29LWjlWVFFPN01xVURpbjAxd1pqcXpmV294dms4a0phVFA4b1p0TFRIQmdXQ21sQ0J5dDdqY294a0tzUUdRSXp5b2ZWckc3Q0FmanNfQU00Z3pRajN2WUpSV2ZvX2hLRllGSQ?oc=5
2026-09-02 23:21:01,AVGO,Broadcom Earnings: AI Chip Sales Tripled. Here’s the $34.8 Billion Number Investors Need to Watch.,Yahoo Finance,https://news.google.com/rss/articles/CBMimwFBVV95cUxQN1RHeGs3TnJ5SnAtYU11d2xoY2pOaW5wUmZtQXRPSTRwZjRJTnI0UlQ1VUYwN1JEQ01SVmhZVFdfQXFxYVhQdUNWQmhVVFc5dnlTUDAwWUg5M1M5SDNrZ25HMEd2Tmhkcnc0LXQ2bW9hOTNQenh3M1NEbEdwcDZWWGxpMGl2aXN2RGFKVXE1dzZHdXA3V094cFRyWQ?oc=5
2026-09-02 23:03:18,AVGO,Broadcom Q3 Earnings Call Highlights,Yahoo Finance,https://news.google.com/rss/articles/CBMiogFBVV95cUxOUjIzNWJVZ3ljMm54TDVxWEowdXhaUkIxQTlDak55YWpnVjVKVDBMVnNCZVVvVEVMY2RfWGVKQWlIU3hVTW8wTEhIN21DU0F1ZG4zbGMyVFpJTnZjWTRmMzBPRDY0dEZ6b1lYWEhWakVMZGpHOHZHczM4WndXMzlQM202QmlUU2J0M0FIQ2hWNnRVcExUUFAxTnRjUWl1TzJaZFE?oc=5
2026-09-02 23:00:56,AVGO,Broadcom Q3: Market Is Punishing Accelerated Growth (NASDAQ:AVGO),Seeking Alpha,https://news.google.com/rss/articles/CBMilgFBVV95cUxQMWhqVmZiYW1feUdZM1g4NVFmU2ltQngxb19XSGxyaHJValF0Wm4wVm10emR5d0VDOXVCTWVBdzJ0V3A3YlpZZzFKRzVvMEtNNDhfRUVaZG1VclMtNnI4dHpXSEs3Y0x4SXBNSGlUREZ6OENkWXF1OXpsRU9HVURKT3pESGZTS1BmYy11a09WNy1tekVuTEE?oc=5
2026-09-02 22:30:06,AVGO,AVGO Stock Dips 4% After-Hours — Broadcom’s Soft Q4 Outlook Overshadows Strong Q3 Chip Sales,Asianet Newsable,https://news.google.com/rss/articles/CBMi5AFBVV95cUxPamRhNWhEMzJZYkFwTFpNX0p4ZF9QakdLSl9IMDI4cFN6OUV5RjFudl9taHNhRF9GM0NZcXJQT3AxY0Q0VGVCY3RXdm5vRjIwMnoydTFpYnRKVjRzeFA3ZEdvaEp0dnNvZlZYUmJEdFVYSWtocGczSDJ3dUZudkoxY3k0UFVVeGp6bWFlRUt3R0xtVGI0VGtfRUU5YWowMFVQLXNxdTN0cm9OcldpMVlKZ08xbmF2WVpCV0k5QWdoSzhBR0ZHMmdiR3kwSURpYzNfaFdHc1pteUlWTzdCNjc3R0RhNkrSAeoBQVVfeXFMTU5wUzd3QmJVOWE3MUd2TzdHbTJPcm1NMm1nT2pISDF5ZDV5RTJFdldqcmwyaHprUnI1WnVwaXl0OFdFUWFEdlRxSWp4Tm93UlZVZDVpbEZLY19sc04zc1pPcjF6d1dUalBUYkRJSUxWcXRKSUhBWjVtTDdWdFNzUkhxaUtJN3JxX2pJWXJtNTZtRy1saHBpVkg2NGpDRXFLWmxvRTRhVDdVeXlxSXpqY3lpbS1XX3huanZ1anpfYkcxVnZ0TUx6bjMzeVN0d2l0QnJhSzhtODQtc1hoLTFPMGRfZ1BJQlRGbzNR?oc=5
2026-09-02 22:15:53,AVGO,Broadcom Just Posted 221% AI Growth; Buy This Selloff (NASDAQ:AVGO),Seeking Alpha,https://news.google.com/rss/articles/CBMiogFBVV95cUxNdkt5UzNRUzd1aUZYVmNoUDhYTzhrTmdOZ0t3bHh6YVVXbW50YkI3eEVCSUR0SmdfcW44SHJJeklrZ3oyXzUwcHQ0aUhNRWlzMFRVNl9GVFdsR2RCT2lNRW1aRktFR2dXOVZGVGtvdWgzMEJ6cXc2bzJnVEhFRmJNb0d2dVdkbWpkM3JlbEZyUkt1OTNYdV9TM3J4Vlo1NzZFZEE?oc=5
2026-09-02 21:57:01,AVGO,AVGO Stock Tests Support as Investors Question Outlook but Rebounds After Broadcom Earnings,FXLeaders,https://news.google.com/rss/articles/CBMizwFBVV95cUxNMGRDUFJmNWt5aExKdXMtZzRKSGYxcl9aeDVwZFRFcUhHWElqOWpNQk10NkppT240M1dObi1XZnhLMHhtYVhXZHgzUFdJZEZTbjg3azhLS3l6U1dFYjZ6VXk0TVZxZ2JSWWo5TDNHNEhxa0lMcXJzTHdrTlhab1F6b284UVFCa0MzblppcmsxcE55eU45NmF3bjM4YnN1cUV3bGwyTjZsM2I4TDY2dnpOeGFmMTQ1eVVHaGFhVUlvYm5rZ0JJWGJiLU1oazhRUWM?oc=5
2026-09-02 21:55:16,AVGO,Broadcom’s AI Revenue Jumped 221% to $16.7 Billion. Why Is AVGO Stock Swinging After Earnings?,Stocks Down Under,https://news.google.com/rss/articles/CBMifEFVX3lxTE5iYVg2cmNDN1gyTFRMdktObS1CelNheE5NcjVCSkFKVUhFNVZfVTdwaGJaUF82elQ5ckZyN0dsZkFMdkxZZURnNXMydVE4ME5pMWNEaFEzY3NBNUp0Yi0tZnVSaHB1SzZ2cS1kUzlvaklYeEo3ZldqTDN2Ymc?oc=5
2026-09-02 21:45:57,AVGO,AVGO Stock Dips 4% After-Hours — Broadcom’s Soft Q4 Outlook Overshadows Strong Q3 Chip Sales,finance.yahoo.com,https://news.google.com/rss/articles/CBMikgFBVV95cUxQczc4OEFDaUlLWTVyV25Ga1JKUzdGTlE1dHNremVSdkg0UVhCemtXMXpFa01NcW1CNGg1QmNHelNtTWZHYnB5RzNOaVRBOFdrQXlVRjhMeW41UmRlMHVRVzY3dVRfVmFtWG8zNmR4Qnp2Vmo1d051b3hucnJUQW5EbDdZNzhyblpXY3lkS29SSXJoQQ?oc=5
2026-09-02 21:45:01,AVGO,Broadcom Inc. (AVGO) Q3 Earnings and Revenues Beat Estimates,finance.yahoo.com,https://news.google.com/rss/articles/CBMimgFBVV95cUxOVjBDWUlSbnRhR25zb2l2VlVtNXluQkc0amNSWWhxWkh0SU0zWTJvRjlfUmUxNE9YUmVnb3NNSFE3V19sUURBWFFPdzVaeFgwRnBYVFdRU3VvTk9Ed2xFaHVWamhXeW04bVVvSGFDNW9fTUJCM01uZWpYcmM2eVp1Z0dwWTJkWkRrZlBYTnlNQ1RKbkgyZlpqN3NB?oc=5
2026-09-02 21:20:00,AVGO,Broadcom Falls as Strong Quarterly Results Appear to Miss Lofty AI Expectations,Quiver Quantitative,https://news.google.com/rss/articles/CBMisgFBVV95cUxQZ1hJYjcwVE1ZbVczQkFhcXVkTnlQWHBYNVlibGNqNHpfU3E2eHhyQzh0MUhVSWY1WnMwd2s3THMwektCbjBGY0psSnVKQW5iM0lvNzlBSnYxOFVhWWc1MHhPRl9uOEljenloX1dOWmJfSzl1a2N4c0h5SXFDS3p1aUI4VGRZNUVQYVZjam0wbDNJUTlRRHdSTlV3ZnRvaG1TZEUtSjBaQmNLR1VxR0FpRUp3?oc=5
2026-09-02 21:14:08,AVGO,Broadcom Stock Trades Lower After Earnings. Here’s What Traders Need to Know.,Yahoo Finance,https://news.google.com/rss/articles/CBMiowFBVV95cUxNRkVrZkVsR01JUXpCZTNqREx3aGFTYnlibllmOVZSNnlpVDhRWEFCOHVCaGlWZm1SYlMzLU1UUE55VGIzYThNeERnSHVYS1V6Z3JFZjM5MDBtVm1zT1o3MlAyVWpaZEVTSjFqUGZLRzJMRmN3a09UR2tqcVFFVWtDYkhDaDZEcmJ0WUNPbUlzTldLWTc1eldDWUdnVVB0SF9udEdZ?oc=5
2026-09-02 21:10:54,AVGO,Broadcom Slips Ahead of Earnings Despite Bullish Options,TipRanks,https://news.google.com/rss/articles/CBMimwFBVV95cUxNRTVaZzBVRm5DbkFfelVCRW5ZVjRhSG0yQXNGem5ZZm1HRzdac2dqVU5JMm9GWkduRnNuaVViVG1pRFlEVWE4bDlINlhBYlFZOU1telJpWU9fVWVxMG9VRHhkc1M4RHNFZXVmQ0JZNlRtTHY4NjNFcFlOaXJwX29BVFRmS0otdE5EMHF3NmtQT3RXOG1LZnl0YkZZdw?oc=5
2026-09-02 21:10:27,AVGO,"After-Hours Movers: AVGO, SNOW, HPE, NTAP, NTSK, CHPT, FIVE, TLYS, PVH, RARE",Investing.com Canada,https://news.google.com/rss/articles/CBMixgFBVV95cUxOWE4xS0xIa1ZHOWFlUUpXVmJxVThnRHp4VmhKTXNrS2lwNHhjTG00a0l5QmJyZVRUOVE4akttNHQ4U2c4Q08zQV9CUm5fWjFqajVweERfekNrbXJPUndtU1VyejlVdEdJNDBFSDM5MzRiZDFEZFVrMmI2Y0NReFdCVTQ5NjMzMmYyWHpKbl9kQXZ1WlpDeDN6N3lLMnYyWmlOT1RNU0JDX1VPc0NvdEpUX0hDeVJDbHBNM1dVdVR3Nldhc2VTOHc?oc=5
2026-09-02 20:59:29,AVGO,Broadcom stock sinks as chipmaker results 'not enough to keep investors happy',finance.yahoo.com,https://news.google.com/rss/articles/CBMizgFBVV95cUxQWi1FQVA1Q2FubEZJbUloSnRsRlBSWnBzTkVZSU85RTNJdE9LUEV0N1NBM3U0NDNPSHczc0I5aVozWTc4TjBwMXBiUTdYbGt2OTJEMk9oQkpzVDJiYXF0UWlWNjZHb1pGX2hRTjFoM0lkWjRtUEZjQVdzY2hjUGY5cjgwVzBueFp4ZjhjY2YwRW1BMEZZcXo3VWx5U3J6MkZJOUpSby1ySUFaUGVHZnV4dU41MDlQTFpfWUtQRHFWYjNNUEh3bzg5WlNNWGxXQQ?oc=5
2026-09-02 20:52:06,AVGO,"No Surprises In Broadcom’s (NASDAQ:AVGO) Q2 Sales Numbers, Inventory Levels Improve",StockStory,https://news.google.com/rss/articles/CBMi0wFBVV95cUxNeHM1b2JxaTh4M3ZISkVVRUw5NjBsZUdNODRRdjBXRTBkMU04M1RnbC1pSURsOWhDc293MWlaUGNtSHNBTGxzdVhmbWFNU1RxUF9aVTdvNHI1M05Xbkk0VlhkNmdsQjJQWHoydzdiNmxManVwN01sQUhqS1RJbmlOQnhQckN1bTV1MDBzNDZiQi11alV5RG5pYV83bnpBMzV2dmx3SHRDbXRuVXRkdFdqTHlHYVRGZ01rT1RQSWs5U1JVRVV6YTN4N1lvb1UzdkRockdr?oc=5
2026-09-02 20:50:00,AVGO,Broadcom Stock Falls Despite Better-Than-Expected Fiscal Q3 Results,Investor's Business Daily,https://news.google.com/rss/articles/CBMijwFBVV95cUxQejFpVFFiYk5qcXlWUDhHN2JHR0x3MFpQT3NuT1A5ZEVYVHB3d2YxRHEwdUIxRDhKbF9TSEN1Uzl0c1hrOGJtV1E0SFhwT041TW16V2JLdzNzMF9pd1A4eEtoMjlvSHhoNHM5Sy1pc0ZjM2hSMG9QUjdoU2RiLW5DRmZkek41SVBFV2JTeTB2Zw?oc=5
2026-09-02 20:49:11,AVGO,"AVGO: FY25 revenue hit $63.9B, with 78.6% gross margin and strong dividend growth",TradingView,https://news.google.com/rss/articles/CBMi8gFBVV95cUxNSllvLV9nbFphWmZaR2pxaHZrWUxial9IWFBSdWZmalZSV0FwUEJvZE5BaFJHQ2VJU3pHeGhiMXJGYV9GUlBtckxadzFiTHJ6akt2NllIOWpxRmdROEc3TG5Edzk2QzBUQjJ0eGhxTnpNNEVQQTE3THdKckJxbW5wWHFJTkdsQU55LVlBZkJJQy1xdmsxVGZaMEhLZmZRVXIweTJnWWxMeDNwVUZRS0Q1T2ZTMHhyWUgyYUhzUzZTZTREY3lnR3JUR3Z5M05GZVNUbU9hVjhwdlY1Q0s2STAxTnZHRHNac3pscWZHVlppQzJwQQ?oc=5
2026-09-02 20:42:00,AVGO,AVGO Stock Falls Below $350 Testing Support as Investors Question the Outlook After Broadcom Earnings,FXLeaders,https://news.google.com/rss/articles/CBMi2wFBVV95cUxPMG02WUkxMnFIQ290a1E5TS1GNk91S1hJMGZCVmdfdmtzQjRsRmd0Xy05WXg1cmQxR0hmWUlnNzQtdVBjLTVFT05tRHdOYVlCRVV0X0lSU1gyWVRoMk9EdlA3LW5ZdGlkbllXZXYwaFZOTXlPTXB5Y1EwQURFR1YzRjNERzdFUWwxQTFsRS1NeWgzNXlVVzgybExoaGlpNGF2dTdqLUlsUzdFOHhEZlIxeUF5TVMwTTROYUdfS3RPNHZjbnRHWlZjS056dV9rdEItUnczOHQybzBDcHM?oc=5
2026-09-02 20:40:56,AVGO,"Broadcom Q3 Revenue Rises 86%, Slightly Beating Estimates; Shares Fall Over 6% After Hours",tradingkey.com,https://news.google.com/rss/articles/CBMizAFBVV95cUxPeHBLTDcweHY0RXNudVBnaHNUWXFPU2wyYTRBZnBxYVJ6dmM2R3ppMjctdEh0N05LdklTY19jR1RrdU5hcGJUVjg4R0NSa3p1N09IUVpLWkktN2FLZGZEaWNGYkJEUGFIUGxwTEk5WTB1bnJRZGdQVkRVZE1YQ3FDSUo0ZGZQTzY0aUpZZzI0MjFpcDlKcnViMDZPcnJ5eXc4TkN5WUs2d1NoeDVGbVZ1ZEpVY2hCYTRJNWpNVlU0eGtGczk1V1NQdS1rWVk?oc=5
2026-09-02 20:38:51,AVGO,"No Surprises In Broadcom’s (NASDAQ:AVGO) Q2 Sales Numbers, Inventory Levels Improve",finance.yahoo.com,https://news.google.com/rss/articles/CBMinwFBVV95cUxPSVJZa2pseTZZeV8tN0pPUURNMFV0TzlTbnZ6MWR1M0VlbHdBWndRSFdYUUtEMVppYzhDNGJiOURFb1JsVzR4dThvVjBocXVoRlYtQzY2RG4yOEhaRmk0VVU0bXZVQkJYMjh2ZWc5d09QalY5Rm1DNHAtdF9iRlVfTmJUQk4xZm9hanUybmZNSFdYUGY0Y3gtOTVDckxZemc?oc=5
2026-09-02 20:36:06,AVGO,"Broadcom Beats Q3 Estimates as AI Revenue Jumps 221%, Shares Slide on Soft Guidance",Benzinga,https://news.google.com/rss/articles/CBMi1AFBVV95cUxNd0p0OS1fckZoVTA4NmhELVBxSVJhS0pCQ01PbDFRNHBHb2t0OFJBWHkzN19EVnZzbmJLcnNTanJtVlN0NTZnZEh2TURCVkltZ2gzZlFPNlYwbDQ5N0lsM2p3RnJ5aVRWUUpNMFdDZHdtVTdkUGZUZ1JkS0lGS1FKOGdHbzZsRXJjc1liQ0VDakgwZW90WFRiaEp5ZzFEMkNXYjktYmtIejlSQTB2WW1rNHNiWHFIZ1hBdTNTTGFfbElnTW9GdGlOdlI3TmdPR1U2aThsMA?oc=5
2026-09-02 20:34:42,AVGO,Broadcom Stock (AVGO) Drops Despite 86% Revenue Growth,TipRanks,https://news.google.com/rss/articles/CBMiiAFBVV95cUxNRk5PVEVvVWZmZ05vZHZJenJhazBMbUlGR3liRExmLXE2M3V4cUNNaXp0UUlGdzlXRDFjSGJwWktkOGpTVWFFa1F2Yl9MZFZibS1jekFkVnhTbnk0dnBDa1lpNUFQUlNiOWV1VTZ6aXRoUUdFLXl6UDRlbnJ4TTNLUkF6aE5kQ0t2?oc=5
2026-09-02 20:32:29,AVGO,"After-Hours Movers: AVGO, SNOW, HPE, NTAP, NTSK, CHPT, FIVE, TLYS, PVH, RARE",Investing.com,https://news.google.com/rss/articles/CBMixwFBVV95cUxOOENwS1NfWURRVWYtYk1IWWNMZDJBbFZKY1lBN2E4a1B4ajA5aFpqRGxZYWxoX3ctc2tiMFBuYUhmYUlVOTBiVks1Ym1BeFhScF8xbzNrc3BxemZJTk9TWmgxajVJY3Y0RFdzTXJKcE41NkNVd2FWVGRQOWw3cmVqZWp0V1AtVWVUVWxldzF2dnVsZ0gzQTYwT0xMSnl0c2UzQ2dPNFF3MkllcElTVGpRWjdxMUIzb0hyRjVVeThJQ01JU1lRa1Iw?oc=5
2026-09-02 20:31:00,AVGO,Broadcom Q3 Revenue Reaches $29.6 Billion as GAAP Net Income Hits $13.1 Billion,Quiver Quantitative,https://news.google.com/rss/articles/CBMitwFBVV95cUxQWGZfNU5vVVdLb0s0bVhWWjNTQTJNS2dtWWlFS0Jyc251d3FZbFFvY003RkpDWlV6NmdjcnFDUlZxMkJFZDRjTzVYOXlzUHN3NmZ3Zll5azVjclVPTGd3WTJLQkxoNVdSWlBoZUpjT0RzMHUxVVplSDIzYzk1R1pCZ0tHTE5tOVNwWWM0RHZaTEdQb3kyQTViREF5d2QyZHRSQXR0SHhwREFwNGdMd1ZkRHNVRUN2aFk?oc=5
2026-09-02 20:30:00,AVGO,"Stocks to watch on Wednesday after hours: AVGO, FIVE, NTAP (AVGO:NASDAQ)",Seeking Alpha,https://news.google.com/rss/articles/CBMimAFBVV95cUxQRW5Pa1BoQUMwcE8wZm5LUFB0cWY4QzJRTFRoZ3VvV1JqU3NsLS1XR0xKSEZoZmhKdXJLNWJyd2dxNWVnVHIya0lKMkd5dzlpZTc5bTJCLXZfQVlvX05zNUdsMmVxU2M0TUMzc0FyZ0JBQWFGRmhhMVlNTUdHa0I2V0Jmc19wWmVlREc5NGV4aS15M0wzajh6Nw?oc=5
2026-09-02 20:30:00,AVGO,"After-Hours Movers: AVGO, SNOW, HPE, NTAP, NTSK, CHPT, FIVE, TLYS, PVH, RARE",Investing.com UK,https://news.google.com/rss/articles/CBMixgFBVV95cUxNUXlfbTh6MVFXdG05cWZxNnJOTm5ldWlNX1NVQUNhWC15akt5MGFnd2c0RnVxT0J5NjZmdjdjRzFTT3VQZlU2c2JONUI0VDBwYW52dlhTeElNQkdYaE1tbWFMeTR4LTU2WEFvdnFseENkYXVVd2YwVml1MFZrNjRxWDFVaEozWDVveXh5NVU2Tjd0bUtjdkQyNVpBWktTQVZqMFBOUUptS3Y3ZFBmendzVzNaajltbXdDRFVTa0RIQ1I4NDV3VlE?oc=5
2026-09-02 20:26:59,AVGO,AVGO Stock Falls Below $350 Testing Support as Investors Question the Outlook After Earnings,FXLeaders,https://news.google.com/rss/articles/CBMizwFBVV95cUxQNWRKS3BZVzNZenhjOExYcGFDQXNFakxDYVdRY0UzcVl6a2hoRGlDZ3BhQTlaYkhWZk1SbWEyUFl4ZEZldTFzLV9DeFdvR1V2RXVQVHFraFlWRm5kN3I3cU9XdnZDN0M3U1Z3eGJNUEt4X29EZmZ5V2pzOEFLaXhRSU54VTB3Mmdmei1vMmhkQmFCMzB2R05RRlp5VU84bzBXWFQ2azBtVzlqMEkybG1Id0d4QlJ5bDA0ZXdGaU82cmlmUEpBRUFsNkx2ZE1oN3c?oc=5
2026-09-02 20:26:42,AVGO,AI chip sales hit $16.7B as Broadcom (AVGO) projects even higher Q4 revenue,Stock Titan,https://news.google.com/rss/articles/CBMiowFBVV95cUxOYUphRHI2QW9iRjRiNWZLN0F0SW1SN0dnREJESVl6dVdzQXRsTnRLVGI4LU0wb3BiVXRYakNUZHpSeHVabUpRSVljc1ZZM253N1ctQWxwOVZfX1VqQ3hxT3ZBM3VGbFp5ejBrdklZR0VVdHViOTJ6RzhiTTVBMjNnTjNqVEZ6RFVQbDAyTm1UVExSOFh3VWVNMHluQlJPNGowMXhv?oc=5
2026-09-02 20:24:00,AVGO,Broadcom stock drops on Q4 guidance miss even as AI semiconductor revenue triples,Yahoo Finance UK,https://news.google.com/rss/articles/CBMiiAFBVV95cUxOY3RIRFFpT0FjUWRaVzk5WWJodTFUMm5weG43Tm81SExEQWMxTFlkYzBfYTBvVS1DZnAtYUJpZnZZZHh6VXhiUng4czhvaHp6Q3pFdlB3RXFJWTEwYktNdXRfeGc2Um5KeHgxcEVqU2F4YWlWeHMtaTh1TTN4WDNfSkpXckNoNDMt?oc=5
2026-09-02 20:24:00,AVGO,Broadcom stock drops on Q4 guidance miss even as AI semiconductor revenue triples,Yahoo! Finance Canada,https://news.google.com/rss/articles/CBMiiAFBVV95cUxQX3lza2VXUHVodEp1TEZ1R05WZ1FJWkhTRGVXTXNzMTdVSW9VUTNNRS1Ed3N2QURnQ3ZxMkVMbFlKLUpnQ3JQcVpLWm9JYi1SSU5lVmR6TGxtWVVzeHdVdUsySXRSang4X0ktWHVfd3RLR3hfc0RDSV9rU3VGSU43ZGVnRWhNUDNw?oc=5
2026-09-02 20:22:09,AVGO,Broadcom delivers strong earnings view as CEO touts growth with AI labs,CNBC,https://news.google.com/rss/articles/CBMif0FVX3lxTE02MnFmSEVidVJwbDBTVjFsaFdzYTFSUnlPVmdnSXVEZ0I2dkhjNnQ0MUZFb2xHU0RpaU1jNzRxNGxUS3U5NlJyVWxiQXRsV1RPdlZLR2tIakNDSEI2ZkZUeFIwekhIQ1RkQVNPeWlaekVKTzh3bm81cDVFWmlRbEXSAYQBQVVfeXFMTWRuaWdHVEM0cXZrNXYwRHVOVmNIVTBnQm5Cejk3ZENUUURlMVZRN3ZPTmtXaVFFbTI3OGR6LXZnWUdOWVhpNWpLNnAxTF93cmVzclJyLXJQTk1MalQ3c25rbkZvNnNMYThxcGoxQ1ozYnVTOVhkRXB0VjhxaGJxYkF0RjY2?oc=5
2026-09-02 20:22:09,AVGO,Broadcom's stock drops 5% as weak guidance overshadows earnings beat,CNBC,https://news.google.com/rss/articles/CBMihAFBVV95cUxNZG5pZ0dUQzRxdms1djBEdU5WY0hVMGdCbkJ6OTdkQ1RRRGUxVlE3dk9Oa1dpUUVtMjc4ZHotdmdZR05ZWGk1aks2cDFMX3dyZXNyUnItclBOTUxqVDdzbmtuRm82c0xhOHFwajFDWjNidVM5WGRFcHRWOHFoYnFiQXRGNjbSAYQBQVVfeXFMTWRuaWdHVEM0cXZrNXYwRHVOVmNIVTBnQm5Cejk3ZENUUURlMVZRN3ZPTmtXaVFFbTI3OGR6LXZnWUdOWVhpNWpLNnAxTF93cmVzclJyLXJQTk1MalQ3c25rbkZvNnNMYThxcGoxQ1ozYnVTOVhkRXB0VjhxaGJxYkF0RjY2?oc=5
2026-09-02 20:21:40,AVGO,"(AVGO) Broadcom Expects Q4 Revenue of About $34.8B, vs. FactSet Est of $34.68B",marketscreener.com,https://news.google.com/rss/articles/CBMiwwFBVV95cUxNY3BFWUhlMGZrbnNZckE1RXBuS3EzOG52TUpEMmpydFNmNUJUb1QyMjZlOFVORkdCLVRNXzlteTFVSTMtSEJpNU0xY2xzUHg3ZWFnZWg2ZXVjUzBQcWhPN2lZQTBsR3hjS3RGTFVncXgxVURTcHJlT1p6R2hEd2c3dlRkYVN0WndKanpBZDF0cno4ZUtjUXE5NEtRX1pRZ0xqeW1jU0xPZkxna0lmY0Jib0c2Qm1sS3p2b2dDM1BtUXVxWk0?oc=5
2026-09-02 20:21:24,AVGO,Broadcom slides as weak guidance overshadows Q3 results (AVGO:NASDAQ),Seeking Alpha,https://news.google.com/rss/articles/CBMirAFBVV95cUxORnl1ZHF1MVBjZXQ5REpINldZakJkTnBrZkp3Z0ZUbTc0WHNERjE5MnhJN0dCZWVGclVyYkplZXhVYlJ3MkRqS2dLd3VOUFVxRXVfM3pmQ0d0dUZUNG9PSW1jOUV2LVNhbWs5N09TdG9QZ2NIcFQ0R2pLYlJpaFp6SHJITHdYMEZqdXRWTUZXTGhTV1QxWjZ0bWZhbjB6Nk9ENGhUZmlSYWItUDd5?oc=5
2026-09-02 20:18:44,AVGO,"Earnings Flash (AVGO) Broadcom Posts Fiscal Q3 Revenue $29.59B, vs. FactSet Est of $29.24B",marketscreener.com,https://news.google.com/rss/articles/CBMi0wFBVV95cUxQdHZxYUd0SGlhUHltcVlmUDhXMkRpWVctZHFIYXNnRGtUenlrVXY1VmE2UmJ5QkNoQ1I4dDFoem00Z01tSXV1bjgxS0ItZzRldHFpelhxZDlEMlhKWGROd2lRci1fRkJxdkNQdjNtRE0ySjBoQ2hkY29JWWxwVkNUeE5waS1jNlp3MnpLSDNYOWlyYU1VdjlhZTV2VmRGdFMybTFQeWQ3YXBOQlNETWRCYmV5elcwMndJWVZrWk03dUVWb3NDcVhfcmNXcHdwOWNmVl9j?oc=5
2026-09-02 20:15:00,AVGO,Broadcom Inc. Announces Third Quarter Fiscal Year 2026 Financial Results and Quarterly Dividend,finance.yahoo.com,https://news.google.com/rss/articles/CBMiowFBVV95cUxNT1BNdmFmR2NVSm1PMzVITWtScG1xSFNRS2tlTnBYZktRNUx3a0pWUmhUaFk5ZFVyWVNwd0hoLXN6MUxNWHZVMVV0S2g3YjVZcGxIeC1JbjAwb2RxVHc5bXk3Ym9sZ0RvZXZWVDB1dUVXaHNkS2JzdDNOem5IOS04Rjc4Y0VISFJ1YVhNaC04NFN6Y0ZkeGctVW9ycGRrZGN0NF9B?oc=5
2026-09-02 18:47:00,AVGO,Can AMD's Saudi AI Buildout Challenge NVIDIA and Broadcom?,TradingView,https://news.google.com/rss/articles/CBMiswFBVV95cUxPZ0EtU0Y1WmgtVFZDZHQ2SXoyM2g5WmFkWUprTjVQSTZ0anlUOVhrSXJ1c01vQTJsb2xSUUJhWUJ6ODFvUEhnSTAxdFc0bVhmSzh0ZnZtaW1tTVdYbDFLNnBaRURxR2xjcEdoUmp4dEVSZTAzY3N2N0VPVWY3OG5hZVpQUGo1cGV0T2ppX0w4OWFQQ2hvN1lBY3A3LTI1dC1kdDgycHZudVFzQkxFNVVsbFptdw?oc=5
2026-09-02 16:24:00,AVGO,Broadcom stock drops on Q4 guidance miss even as AI semiconductor revenue triples,proactiveinvestors.com,https://news.google.com/rss/articles/CBMi5wFBVV95cUxQUVVVa001akVZeHN6Y1ZtbXp5X29xRElEcHM5aDdIR1IycXBuYW5hRTI5cmJDZHRMckwxZ2FCak01WF9rcWNSMWdIRnpKVGM2QjRjM0RVbDhFSHJQQ2VaYnVkSmxQY1FjMTYtMm9LTU1kelNFM1ljd0kyd3oyOFZNTDhQVngwN3FjTlRPT0dFc1U4UE4xcC1GUjNRR0tKNFlHRGU4UnhCS19XLXNkXy1ZTjJiQUNtT1cxcXg1dkt0ZWlpS2xLRHM2RWVab0VqMFhLYm0zR0x0TmJkLWtPOHRXdHE5TnZoSk0?oc=5
2026-09-02 16:04:31,AVGO,"Broadcom Stock’s Earnings Are About to Hit, But Billionaire Stanley Druckenmiller Sold All His Shares. Should You Follow?",TipRanks,https://news.google.com/rss/articles/CBMi6wFBVV95cUxNUFptTmhRWXhOQW80SHVabFRqZGxma3VhVGhXUWg1a3Uwa2JzWTFIRlFKb04wN0ZzQTltcGQ1SUt3VGZFVU0wbjFLcjlYTlVtcEhTOFJkc2laUXNXaHRVREZMemlnMm5sZ095c1FlTmhVaUxfRFlKRGU4WFpaUWJCZDNMLS1zdTNhblY2WFlTaTBnTmVzYlpVWGRncGpwSHJuUWdMZ1FER0dMVm56ZHc4Rm12bjdKckQwZEp5aTlmZWJOMTZGNzduNTNwU25UT3BKLW1OMDVYYTdObnlvQ1BsMFhrWGIwYnBuNlRV?oc=5
2026-09-02 14:17:09,AVGO,Broadcom expects strong Q3 growth with AI semic...,Pluang,https://news.google.com/rss/articles/CBMinAFBVV95cUxOcEhhNWlrMEZNZ3lRYzUwQzcwOU5BU3ZVSXBmdV83SVFBNVNmbUhkRm9kaHctOTB4bkhOQ1dJVUVHTWdhR3hBYUpGUW1yT3RIV2t2SXRpSDJMYlB1TXFpX21NaUpoSVBpUFdYWnlwRDdYbGdjRGNOTVowdkNfdExIM2lSNnBXajR1MGxrVzl1ZEQ1RFlPb2QxNTJOdVc?oc=5
2026-09-02 14:00:21,AVGO,Marvell vs. Broadcom: One AI Stock Looks More Attractive Right Now,Yahoo Finance,https://news.google.com/rss/articles/CBMilAFBVV95cUxPNUphZnU5V1BCVDBPNThGb2NsTG8zNUFhcGtadlZBRnFsU2hDSXNpYXNGQnN1Q2lrR2pPMjdPRGpBdWtxRW5ZakhKTmhLdVpfaVhjLUhyWWk0anZGZTE2MWtNRm44cjBhVzBWWkR5UzJnOXU4YzV0cFdvRS01VldEbFNrbFJrcnpXRk96WmJiTE5Gczdp?oc=5
2026-09-02 14:00:00,AVGO,Marvell vs. Broadcom: One AI Stock Looks More Attractive Right Now,24/7 Wall St.,https://news.google.com/rss/articles/CBMirAFBVV95cUxQb0hqYk5aYlN6dWtyYS1qdjVrdmx3X1dVVjcxaG5qTXhGVkNfRUZLRjh0XzFLLVVHLWoxQkwzb1hYZnRIN09tdmhVNHJpVDRGMW8yTlRRYjZLbzNTMG9wQVVIemo4QTZ1N1BObmhIZFFzdU1pdnZ1TEt4UzNScE1WX2lMOFQzTTVjaEdlNEFDeDJoYUVsUzdGeldWWVVKcHFhc0pXLVBvU2k4Q0sz?oc=5
2026-09-02 13:57:44,AVGO,Broadcom shares flat ahead of Q3 earnings: Here's what Wall Street expects from the chipmaker,Livemint,https://news.google.com/rss/articles/CBMi8wFBVV95cUxNdl9rSDZPcjdXSWhQWlg5d0QwZGw4bFhaNjJKcDZVazI5UXh6RVpKRWgxdmFHOGpFRTZxZVFLVGxuV0FMR0ZFZmVvNWFHaWpYRVVucEdPLXJlUk9RYTQxN19DQ3ZpUXUzQmZhcDJkY3NLZE9fc0lyNHZ5N3M4ZUgwLTA3bjdRTGFveTI3bVdZLWhURmIzSW8tc1dDWXN1NTFvdVVuR1lYS21vUnN3blJiVmJGT1pJcmUyYng2MEVxUFh6UHo2dkNGd0NhMUJDUHF1T0xMb3NmbW9EV0VTdlpVNFVSWlNQMzJqd1Vta3l1a1BnY2fSAfgBQVVfeXFMUGFHcXh5YTVRVTh2WXZTZnpOMDBpbDM3YU41MnJiYTVWOThxUmlTTmJRaWY1Q1VlQVZ6dFdpa0ZJb1hLQVFSeXdzTElVeW1MVjFXaEh2c3ZISFNvY1lCaXVSVWRJUzNoM3VxTGRjd0EteE9fWU9kWE5YZ1R1QVBSdUpnZzNvNW9pOGIxcW1mWERmTWJSRnRVTVRYaTJwU012VFI0bTJZeXVEbVphZVRvb0xuU0Fjc0JaenZ0MGxJdl9lZ1NOZDRlTktXMkk1OGxuNllUX0VlVjJSR25sR3BrN1dWR3AwN0JEYmhpWGZPdmVNaTJudk9fTlc?oc=5
2026-09-02 13:56:00,AVGO,Here’s How Much Traders See Broadcom Stock Moving After Earnings,Investopedia,https://news.google.com/rss/articles/CBMiwwFBVV95cUxPRElVOEU4SXdzSnFBRjNfaGR0RnB0RlkzRDlBbklGZVFaSWE0aGFCQkZNd1QzUFBZS0tFNTNhV2xoM0JhdkVkQTFURXA1S1hSdXBRWFEyTmU3SjQzZm9uR2ZQTVd4V3ZQZUhtOHp6dnFIeFVGcHZNTnltcWZkZXpjeGhQeWZZT0pYMnE4aldMQ3czcXZodkNCM0N1S3Bvb0R1aUJ0R3BjTlotOTdwblhtTzhIZk05cE90YXRQeUVKd0h1X1U?oc=5
2026-09-02 13:45:40,AVGO,AVGO Stock - Broadcom EARNINGS CALL - Nvidia INVESTORS FOR YOU! - Martyn Lucas Investor Bolton Vs Bradford City (MYuv1tM4ti),Mshale,https://news.google.com/rss/articles/CBMikgFBVV95cUxPMmxFZ25mQnk4SEdqTnFTWF8yNjZJeERXdW16NmxsM0RQY2k2U29DRDRhM3A5RFhzOXZKMkkyYk1HTGtxOXJvY0phMThrOUgyWV9fODc5dlEzMjg4MlhOTkVCSlRtTkpGN0ZzOXZiYV9PX0Q3S2M3YkNZUHp6TktrSVJyYm1reUplTGMwTDFnMUxmQQ?oc=5
2026-09-02 13:30:03,AVGO,Broadcom Inc. (AVGO) Is Considered a Good Investment by Brokers: Is That True?,Yahoo Finance,https://news.google.com/rss/articles/CBMinwFBVV95cUxOTktLeGlGbTMyb3BFdjA4X2ZyR2ZNSFJOVTA0eEVoc2pKQkRKSm15dHgzMUZvY0VVTjdJNEJ3Q0xYV1UzS0FKZG5Ock5rdkxDbFBEa3VDTnNzN1RKTGdWSFRjRmxIdmRSSWRwWGV5Nm9QS2puWWtRemNTRzJsYWU0VEF5TUdlYnI4cnc5NnVtRUhVS0I2SUUtZWFTa045UUk?oc=5
2026-09-02 12:39:00,AVGO,Broadcom stock setup ahead of earnings today: What AI analysis says,Investing.com,https://news.google.com/rss/articles/CBMi0gFBVV95cUxNUFRjdEdIRU5tenE4aUhQaXJYR0VpQjVCQXZJdWVvQ0p3ZUxnMlBZakZRYkJtV2JuUGhkQ3otQmdRalFocElaT2lnSTYtS0V1eVlaUUxFblJVUHhqUFhDdmtLRFozc3V4Z1RHNE5uQkc1R2FDNXdTTEVmUV9mcE9QVzdMRERzX2YzTmZnelNrOTFXMi1xQ0xwZWdNMEJiR3BpY0RmOXVhMmJZSHJJbEVWUFRYZVQtUm1GQ1N6eTRMd1ZUZVRGRy1pRFRmR1FxUmp6M3c?oc=5
2026-09-02 12:32:08,AVGO,Broadcom Stock Price Forecast: Is AVGO a Buy Ahead of Today’s Earnings?,TipRanks,https://news.google.com/rss/articles/CBMinwFBVV95cUxQOUdhVEcxQk10NjdFUURYNGM5a1JCUUR5dWxnbkFWRDFiU2psd2tva0l5MGZrbnhKTDhiTEdTcjhlaFpodF9heG9YaUlka2JhZGhwdEZNVmhyY2VEQXVTdF82bWp6aC1hZEgwX24wbkRLbVNvbThHVVJnX1pWcVZ3Q0thRnBUenRWMU1lbkxpN3A4S3NRbmQwejRzTHVBTmM?oc=5
2026-09-02 10:59:45,AVGO,AVGO Stock Analysis: Critical EMA200 Support Ahead of Q3 Earnings,The Cryptonomist,https://news.google.com/rss/articles/CBMinAFBVV95cUxOSlo1MkJ3OXZqZERJN0tKTzhCZGtJNHVWTVYyOFpFUEdJa3gyNWtkUWdXN2I5YVQtcWVRRlB5aklma2NlSzNoVHA4amRDTE1LZG1JTno0T3Q1OHRpS2RiRDNqWnMydTNVel84X2ZkSTc4U3pqTkIwTU50cl9EUjg2WHZEQ1VFQjhvMmJQblpGTEdxZ1ZpZi10aTNmbHM?oc=5
2026-09-02 10:35:07,AVGO,Top Wall Street Forecasters Revamp Broadcom Expectations Ahead Of Q3 Earnings,Benzinga,https://news.google.com/rss/articles/CBMi5wFBVV95cUxNWkJuQWxub21PYzRqT2paSzlTRHEyUzVNTVVoN3ZQbHJ3ZnF4Um11LWZIOVBTcGVmVFY1akNlVWI1Z3RsYm5CWHU5RDdLQlQ0RkdqdjcwTDF0dTFVR0dxOHlSdzl0SVJHdWlyS2VlZDdIUE0xcC1KOGNVaEViSFliQU8zRGM3d3BBeUVHMk12TWhvcGpnM1pvSnk5bk04VXRwMW5ydzZQS3loU1lRZDlOZ0JlV0ZZeHNOTlpaSXFQUUVRVGx4TEdMYldIZFBZdmYtRUJoWmRjUHhkUjlydkVXcDBSaENsOU0?oc=5
2026-09-02 10:27:31,AVGO,Broadcom options price a 7% earnings swing: will AVGO hit $400 or fall below $343?,Invezz,https://news.google.com/rss/articles/CBMi0AFBVV95cUxNNFdQT3BULWJ4S3VkeWdzZmJ5YlJDM1YtbHVBVnEzaWkyZ2VpdVJVbE1ZY1Q0MU1SVUlrdXduNUUtNUdEanRXMVVEbXc2VHJoSV8tanlsbWNlVm52SUVzVE9lbUhZQkRUYllTSGhQYk12TU1mVmNNcUM2TnYxbWhlMVFSd0UydFJjOUd2UkEyNWdvZC1sWEJHYkFpdHIzaDVxREhkUy1DUE12ZmhBTjVEcS1VaGc1ZXpKbk5feEJnamxPRGp2VWk3S1lfWHliRTll?oc=5
2026-09-02 10:19:23,AVGO,Broadcom options price a 7% earnings swing: will AVGO hit $400 or fall below $343?,tradingview.com,https://news.google.com/rss/articles/CBMizwFBVV95cUxOTHdIak53MzBfQUliLVl5R3ZaX2QxWkVvbHZUdXQ3ZERrRHA4LVQydE55SUZwcVVRR1FMTkkxNzNFN3NMYUl3UHdTQTZwY3JpZXpqWGt1SXZCUzgyd2huWkMwcUJnZ0RlWnU0ZXBBLW9QRzVxTTVhNG9Lb21pRy1ibkxjeUlnRjlJZ0hqV3JZUkt3Ul9Ua1hsWk84UkFpTzJkcTZTWF80U1o3RGhYOHBGZk1TMTdLOEk2M1F1MFFXcjZFS0Nqc0Y1QVVRcFpzLUk?oc=5
2026-09-02 10:06:00,AVGO,Why Broadcom (NASDAQ:AVGO) Is the Most Anticipated Chip Report This Week?,Kalkine Media,https://news.google.com/rss/articles/CBMixwFBVV95cUxNSDZXNXc1OUtwTzlGUDNaUjd4bml0MG5kSFZqYldHMlhtQThsLWxqVzF6RV9KelVFQ0xpczNhOUp4Mk1tM3RQcE9kUUl0NDJCeTVqdlUtcUZWUEROWFNoRi1pRDJKYURzbnoxZmItVXFlVDByeHFGcElfTllYc3gxQ2g3VTdCV0JqUVNnUkJkQ3lqRkhfRmp5YWFDQTlSSWgxMnYtQkFVc2pnMngyeVAzODQzYlZUTXFuT3pJbDNHYmRBWTZNeGNn?oc=5
2026-09-02 09:31:44,AVGO,Broadcom (AVGO) Private AI Push Keeps The Undervalued Narrative In Focus,simplywall.st,https://news.google.com/rss/articles/CBMi0wFBVV95cUxPclpTVkFzZDZ4ZUhlNDItUVVTWE5aVk1CNXMyeXYwN24tMWY2QWJWMUR6R2ZYMWFiMFlQVkhKZ0cwLUlfQTcwMWlOZjVsS2V1M1hTTkc3c054TTJkdFJpbFc2aDVkVGIzNHlyYUZrZzdFd3lqVzhnRUk2c2ZtY0Q4NW4xcGhySHh0bG93Nng0WTJhcHNKWlpRZHZuUkRNdzUzblJ0VWJTWXpYb00zMVhsNnhxRXhFcWhCRjFMaFlXSjNla3BoQ1hlNXB4LUY5eXZySl840gHTAUFVX3lxTE9yWlNWQXNkNnhlSGU0Mi1RVVNYTlpWTUI1czJ5djA3bi0xZjZBYlYxRHpHZlgxYWIwWVBWSEpnRzAtSV9BNzAxaU5mNWxLZXUzWFNORzdzTnhNMmR0UmlsVzZoNWRUYjM0eXJhRmtnN0V3eWpXOGdFSTZzZm1jRDg1bjFwaHJIeHRsb3c2eDRZMmFwc0paWlFkdm5SRE13NTNuUnRVYlNZelhvTTMxWGw2eHFFeEVxaEJGMUxoWVdKM2VrcGhDWGU1cHgtRjl5dnJKXzg?oc=5
2026-09-02 09:02:24,AVGO,Bitget promotes Stock Perpetuals as AVGO options signal major earnings volatility,Traders Union,https://news.google.com/rss/articles/CBMimAFBVV95cUxQLWRwMkRFelBTMUhKMFNENk1zNk1lM1pfbG1EaVpHeVVXU3J0U1FxNEZ2bkRnMHE3SVlHQ3dDbmZ5TjNPc252Vm13c1N4bzVkTm9oUHoxMXNKUy1aY2MzRDJOdFRhblhuam80NENNM2pfWVZMUDFZMHhRaU0yZ0tGWlVMTkZBb05ycXN5eC0wR1h2VDhKdFItUA?oc=5
2026-09-02 08:47:41,AVGO,AVGO Earnings: Options Market Implied Move & Spread Strategy Analysis,Moomoo,https://news.google.com/rss/articles/CBMivAFBVV95cUxQTFZ0M2lnNk1jNTJ1cll4SUcycFZMLTZGT0g4UDMtdnNvelYzMGRvYUUxaG8xSGRucjhpckdyXzc3QUpxakRsNTZBdUJiakd6VW5CTTh0bk1YcVVvN3VjNDVXMC1kaFhZcExqUFZUblBObkliZDVfajluRmFESG11dWxnS1VoV0Qya0M3d3RlWXFvZ3FWVmtWT2lzMnBSU1lBYjE0TjE5VVRPOTBMWFE2eE9KelhQRG9keFpPbA?oc=5
2026-09-02 07:12:41,AVGO,Broadcom Earnings Today — Wall Street’s Last-Minute Verdict on AVGO Stock,TipRanks,https://news.google.com/rss/articles/CBMiogFBVV95cUxQT2NWbi1PVXZYel9YbXBLdVByUVBkQzN4d0RvZHI4UUdnZHVsNC1JRWxkc1NjN3NhVFJGYjY4V1VueFpIa1cyelU3a29JMV84RWxTT3dDMk16VU4zMjVNNkFJQVlncTZxWGt2MmdZYVJGYUc5MXd6MkczdnZ4UkVwTkJJbldQTUZ2WTZnNnFrTWk0aUNEQjFubmR1a2xEcWl1V0E?oc=5
2026-09-02 07:00:00,AVGO,$Direxion Daily AVGO Bull 2X Shares (AVL.US)$ Nice!,Moomoo,https://news.google.com/rss/articles/CBMiogFBVV95cUxNdnpWQ0dRLVFmVmN6a3NVQVZ5WUV4eFpPNE53UVNtX19Mb2s3R0Y0d19yWXRQaUFFbUdyMy0ySzFqdEwxa01GdFNoNmktRVZnQjVaNk5CUUtwT1dBZFVpNUNWRFcyeVJ2ZFBwOXRWNlh5V296bkZyN3BLX0t1d3VFYlZmVENWSjl3QU9UTU9TSjlsdGRrNGg2THZZMnJhY3ZFenc?oc=5
2026-09-02 04:06:00,AVGO,Broadcom Reports Wednesday. Its Profit Is Growing Nearly 4 Times as Fast as Its Revenue.,fool.com,https://news.google.com/rss/articles/CBMiyAFBVV95cUxQUTRKRko1cFN5TmdkREdPd3ZscUY5SENZd1Nnb3ZrRlVHYlpHY0tzb0NQTlh2eDNBVXp6cHA2ZU1SQUZOVHR6RFFvS3pjQ2JVSnQ0QnViNmM1bGliYlZVVUFqZnM1a2p0ZS1VY2NaSTl1TDM3SDVNeS1YWXUyNC1XS3VGTlNCUUc1djNWdTYzRlRpNGE1SEQ5a1lVTXFTbUY5a3ZQOUdLNkpBbGN5WlpQVG40THhuQ1JpTXlOSG1XWEM5VjJUc0ctWg?oc=5
2026-09-02 03:29:29,AVGO,Broadcom Reports Wednesday. Its Profit Is Growing Nearly 4 Times as Fast as Its Revenue.,The Globe and Mail,https://news.google.com/rss/articles/CBMigwJBVV95cUxPWGZLZU9NdmF4QkpRM1lOYkFrTHd5TzE1d0N4Z0JGUjcxWTdIa0pfVVhmcHo1OGhILWhBbXBzblRtSkxWSFAyYXdkd0pveElPcVVoSjNUbWloU3I4aGpISVN6RklkTU1lYWthUmZmb0xlYXk0ckhxU3Y2SVg4VFhNVkc1U1FqY0EyS0JSd3VnYmxHSTBqeVZjd0RzNGZ1WkVHeDZIUnhiSEduT2lDVVE3MzNZSjkwSnpOdDdyQnBrTlVwaTlWMGVzMzJDMl9uVnFOWXJMejhQSUNRWlduOXpIWHJnZmZnSWVpbVZJczJURUZiWW4taTRyc2lDVWIyVnkxbzJj?oc=5
2026-09-02 03:26:00,AVGO,Broadcom Reports Wednesday. Its Profit Is Growing Nearly 4 Times as Fast as Its Revenue.,Yahoo Finance,https://news.google.com/rss/articles/CBMiqgFBVV95cUxQS3ZDcW0tUWY0QU43eFJLX2lCVG83bW43clktNl91YnFvVURyS0J2dXF6UHd2OUh0UDNURERzVWpzazdGQjlUN0JxbzZPUEgzdU9iczVNRVMtcFp0U3N1UjBRUzUxRHpRWXpkd19ySWJPN3pLRjBjQVJRbWpTMVBncUIwMDdDZENxUE1fTlBzSWp0dE5iaFNYenM1enJjM2p0SXAzcHp3Ul9MQQ?oc=5
2026-09-02 02:37:32,AVGO,"Broadcom Beats Q3 as AI Revenue Soars 221%, but Soft Q4 Guide Weighs",Moomoo,https://news.google.com/rss/articles/CBMiqAFBVV95cUxPcTdTM1JSMnFIbnA2Rm5GYkg0d0tLOTE3QWdGMkJwUE9HQTdqdjBfd1c5eWYzU213TDFtMWxKb2dvS3JwS3RkcTl4bzJ3TkRQQmlZNWxPTkpaeWZMMDJSVDczWDRxeFotclpZNFJHQmVDeDFDVmlwNVczbDR3ZUx4ZWRHTjJZQnJSZjc4NkpuZ0cyM2NTQzlkZWM2NWt3MVhPWFVmX1F4MVU?oc=5
2026-09-02 02:13:37,AVGO,28 Analysts Share Their Broadcom Stock Forecast Before Q3 Earnings,Mitrade,https://news.google.com/rss/articles/CBMikwFBVV95cUxQNmZPZ0VoNmZlaE1MNTBKQWtSMVNaT1BmakNvcDZzM2drN3FzclpmVkY1YXI5YVF4RndTTUk4WUo5RmRFd3EyM2xMQ1NzN3k0Um1sazgtRTNDTDUxNzNzVWxSYkxUZE1TcGk5VzZJdUhXOUlVaGlIZ24yUGdXTHNseEF4NF81eHZIMTFzb0RnQ2EyWVE?oc=5
2026-09-01 23:44:46,AVGO,28 Analysts Share Their Broadcom Stock Forecast Before Q3 Earnings,CryptoRank,https://news.google.com/rss/articles/CBMiigFBVV95cUxNSG5EelNMM0RnSDVVQTRYLXhaT2Vhc0thdHRpN1VTU2RUQ25LUG1DQlFqTDB5SVJ4SEk3eUNLdjBGaFg2NFJ1dkwyb0Y2Ujh6cE95dHN0UndaNjFpTGtSNkYxcV9FYXdYaWo4QlVITWd0OTlnaGx5T2otNk1hWGhtbUk4TDREdXQxSGc?oc=5
2026-09-01 22:49:43,AVGO,Broadcom (NASDAQ:AVGO) Earnings Could Move AVGO Stock 7%. Here’s What Wall Street Expects,Stocks Down Under,https://news.google.com/rss/articles/CBMifEFVX3lxTE5hTmRnOEhFanVVLV9nX21CUmctbmVHd2QyUldDYzQyeFBCVE8wQy1CdGYyMW93cUV5WVZtZEtrdmpNbHZSUFZxZEpoUWR1SXVKSVRXaEdlSXVDVTR5aVVoQ0xqVWQtQzVUa1FTSEJPWjU3akpfUXZwSDY1M1o?oc=5
2026-09-01 22:23:06,AVGO,"Broadcom (AVGO) Q4 2025 Earnings: Results, Market Reaction & History",24/7 Wall St.,https://news.google.com/rss/articles/CBMiZEFVX3lxTE1NandzYVd6RjBXX2ZwMUJ6V0h1alg5anBzclhnTk8wVE9idXpkRWIwUWVsVnp5bk9HUG1tOXhIUUhoQUFHTE1JZkN5WFdxUEtWTkVOUlp3dF8yWUJjbU94SmVkWWs?oc=5
2026-09-01 22:16:45,AVGO,28 Analysts Share Their Broadcom Stock Forecast Before Q3 Earnings,Yahoo Finance,https://news.google.com/rss/articles/CBMingFBVV95cUxPRnloSGcyaTJ0NkxjQ0pjWndrb1EtTkcwb1lzcG5fQ1U0VnJadGJDc3FqWVlQR3pBUTl1ZndhZm1zd3BScm95eV9VX2RkSWd5SVFseVhrYkNMNzZFVkRaTkhnY1lBMXIyWVdNblBlZ2pxZC1HZ2F0aVhUWFh4TFBWQ3RTZ0RseVIwWXVBT1V1WnFaMjczc3R6R0twVS16Zw?oc=5
2026-09-01 22:16:00,AVGO,28 Analysts Share Their Broadcom Stock Forecast Before Q3 Earnings,beincrypto.com,https://news.google.com/rss/articles/CBMid0FVX3lxTE05NGhvNFNEa09nRl91Nm4wdVhZZzZUODBWU1pEYklROGFvbHQ1R2oxM2YxWmRnYjFfOF9Wb3lpa1c2Q2NIZmRoNmlTOUotS1ZjN1Y1QnBQb2xKYi1tbDY5NWh1Q0pUSkZrUWRFTHZtNEZFeno1c0tB?oc=5
2026-09-01 21:28:07,AVGO,AVGO Looks 5.5% Overvalued on GF Value™ Heading Into Q3 Earnings,GuruFocus,https://news.google.com/rss/articles/CBMiogFBVV95cUxONG9LcldYWHNYTGdtQXEyRGZxcXhEQ0pBSVJHajZBSm9kM2dOeVJBVUt6YndkMGNsTlk5eGpkeGxFZVBGTDhQZFI5OFdVUFl3eVdYRUNNajRFWFZ0dkRvNUdGeFpfREItbWhSZWN1alk3M0MycWZya3FFMlppcnJmLUF0bkRPb2NxUXpKSGlvOEd6cWRxR3pCYU9pUDEtYl9TZnc?oc=5
2026-09-01 20:26:51,AVGO,"Broadcom (AVGO) Q2 2024 Earnings: Results, Market Reaction & History",24/7 Wall St.,https://news.google.com/rss/articles/CBMiZEFVX3lxTE5IM0gxVnhoSFRxcWZwY08tenNmMG9LY3h0SmxDUUVCTGxfeWRkWEhna1JjaUZSN0pfUU15ODR3THo2ZUNmbVp5WlNpUGZBYTlLVWFWX2pxMl9kbEFOSzEtMko4RXY?oc=5
2026-09-01 18:54:00,AVGO,Broadcom earnings need to answer these questions for the stock to rally again,MarketWatch,https://news.google.com/rss/articles/CBMivAFBVV95cUxQTUJvMDREckpHaXFiRFljYWIzMHc2bEJnbHBOZVA1aGlPa1gxTGdTZjlONHlfS1dRYTVhXzV1VU5RTFBnaGZydnJkUHVyY3RoQmhDQzl1TFFzNXc5bjJvUV9xS0pWbENDZzItcEY0V2J0Zy0ybWRRZWRlX2dEZjlfUHgxRUxWclJVVmZPTWhfeDJQbTN0N3JyVXJWVEU3N1dFMzVRS1poQUQ2S2Z0dW1FWXFlWl9NVFV5dUVyeg?oc=5
2026-09-01 17:59:00,AVGO,Broadcom Boosts VMware AI Push to Challenge Nutanix & Microsoft,TradingView,https://news.google.com/rss/articles/CBMiuAFBVV95cUxON3UtVEFRNDdrbFVUb09GTEZyZmlFaHF6ejU1aUFwVkRUNVBZY2x0bjRGUTUtamlWUzR4cHpwWXh3OXJlUWxNcGtwbEFGMFpqdldhbTlXVVhNU3dhalZiWEVUWXdWY3RPV2FxRzlHUWVQTVV6X2pCLThUQlJPRmI4V3NhV3hEbXpZSlNLTHdIaGRQQVRlbG1aOTRVT0xhZzhtcmNWbE1ZdUdFeWhjTVlIRWJ6SVNYWS0x?oc=5
2026-09-01 17:59:00,AVGO,Can Broadcom (NASDAQ:AVGO) keep its custom-silicon momentum as earnings near?,Kalkine Media,https://news.google.com/rss/articles/CBMizAFBVV95cUxPNVpxWnlMNGVHdGZsNHdjbHZHRmFBang0cmZHNHEtVVpDZTBRajJiSUtpNC0zQkxvNnpvYW9kSnY5dVYtY25tNHFIVlc3cTF1TTRjSlg3OU9sVS1qTjlTZUlpWFdxdi1WbTRvamx3WlMwVFNoMlNpbTc2QzFfdERTNWRmY3lhcF9nbkZtR1JBLWRvcGVDWWpfaWItbk1uRkFndVo4Qms3RlRPbm9sOXhWa3BXYmd2dzk0SUw3UUpFN013QlZjRVJ1WXFOLW4?oc=5
2026-09-01 17:38:01,AVGO,Broadcom Q3 Preview: Nvidia Record Results Bring Added Pressure — ‘Has to Prove’,Benzinga,https://news.google.com/rss/articles/CBMi1AFBVV95cUxQT1p2T0o3aFg2TE9NQmNXTEIySndRQldaWTdpRHJ4SE9ZN09JQ1NkMzJRUmVoMWFYMzFOREpsc2lEMmhvdWhSZGpCUkhMdXpxOVhhTk14V2F0OTRjd3ZGTV9PYTZGcXMyajlvdnlJOGI1TUt4SWRBT3p0aW9lUi1UaXZfdmNZai1aem1uWDRPTXBrVUU5bmcwYkVSREdwRzBCR0oxMXJCNEFkNlZjS3FfN1hVd21VYnFJcVlxc3FBdmkyWnBNNG14LXF6LXVYM09DaVlUMA?oc=5
2026-09-01 17:38:01,AVGO,Broadcom Q3 Preview: Nvidia Record Results Bring Added Pressure — ‘Has to Prove’,TradingView,https://news.google.com/rss/articles/CBMizwFBVV95cUxNRVU5M1N3VUt0N182b0l0X2dJaGV2MjF4bWcxT2RuVmtUQ01NaHhiQkd3ME81QkZKaHFteGRSTnR2ODU3aWZDeGpEczEyWTRBdFZGdkRvaUlsU1FnVzYxOVRUeldaQnRKbFhvS09zYVJXQWJBTlM2OERJanFhczhsZVlrQmFVX2NpYXFnV1lrcElET2dJSHFNRDk2ZjJDRnNJcHRPanRSRDVCOGlERDhOU05MeklFa3EwRGxKMUxnZEYzanoyaUN3UkFCR3FGaW8?oc=5
2026-09-01 16:02:18,AVGO,"Broadcom Set to Report Q3 Earnings: Buy, Sell or Hold the Stock?",The Globe and Mail,https://news.google.com/rss/articles/CBMi3wFBVV95cUxNdGN3WHUtQ1VVN1JSdUswaHB6QmFHYnVMUlYwREtSaEc4c1lrNnE3VlotdG5KTEg0YlNteGVSUVZ1WE1vOTI5el80bzhKQ0wxa29oSFVDMGI5NmE5YnFjU095Y01NOXJzYkpZazRfOWF6R3ZqVUtaMmdHZjhjYmdmUjU2VTl4VTRqaFNBLTlVX3R5RTk0dGw3bzlHYmJEM1FwcWFNSWx3MjZmTV9FZl81N0NKV3JtMzFkZnNiMGgwb2Q4NlcyMnpCbDN4bDBZRC0xbmdPSVF4aTJWTHlBWmlr?oc=5
2026-09-01 16:02:00,AVGO,"Broadcom Set to Report Q3 Earnings: Buy, Sell or Hold the Stock?",The Globe and Mail,https://news.google.com/rss/articles/CBMi3gFBVV95cUxPNUJhaVlpU0wzekg1TTVZelB1RWJITUo1RVZPN0g1V3cyQTRtUVY1b0pnLXpyVjQ2VmNLWk40azhmRmlrTkVpQW9zeEkwbzJpWW1tWllxQnU2UGZrd0syU0lTZHNNc21zMEJSclNGN3hpNmpNRDZnRGwxNno1ajQ2MEhiMjl5YjJheUd2Q1BjRVBWb0ZuekltQm9sV3Yxd3dMcUZFeHUwM01YODRnS3F0ejZ6VkJZU212QnBwSXJIRHBCaF9SWTBMTnpybHAyM3ozX3pYMFQzMnZGb21fWEE?oc=5
2026-09-01 15:57:40,AVGO,Broadcom: Bubble Or Buying Opportunity? (AVGO Stock Analysis) Clayton Carpenter (6D7QbFhO6q),Mshale,https://news.google.com/rss/articles/CBMiYEFVX3lxTFB0R1VfTndVcUcxSTY1MTJPVWVCTVpKbjE3S3VETG5sbGtJQ2Rya3dYWGIzOTdXdTZnWHdGOVVTRjJTUVVxWnY5RUh3SE91SWVwdGdVVV93QUk0SnJDTG1NMA?oc=5
2026-09-01 15:02:00,AVGO,"Broadcom Set to Report Q3 Earnings: Buy, Sell or Hold the Stock?",Yahoo Finance,https://news.google.com/rss/articles/CBMinAFBVV95cUxOdjY2VFgteU1YNzkwVW5EcG5hOUhlc3FnMjd1N1h2QWlRdllldmtJQml4QllZVTFnLWxsRFhCVC1PLVl6Nl81cDc5NjkzM3B3czVrdzdTYl8waFEwSEhONmJvTGNrTWZWMzFIY3B6Y1BMSEgzV054NmpSdzZoaXpKcG1uenNDYVlCVnlpRXhSX0huTVF0aFpWTHpkOFY?oc=5
2026-09-01 14:47:06,AVGO,Broadcom vs. AMD: Which AI Stock Represents the Better Opportunity? Investor Weighs In,TipRanks,https://news.google.com/rss/articles/CBMivgFBVV95cUxOOFQxb01WQkgyYlVxSnN5dWR6a2RJT1MxZU9vcVdnTVRnbWk0aG5nX3l5QUhQckk0YjlDaHd2RFUyU1RlZmU3ZUJOcERMOHVqX1NSRzkxVEtkS3Y4QmFyejg4cGdqeDUzMVhLYld1MWttbkhpVEJVV0lBb1dyNHhmcTJlOVhjUTFwbUxkcmlvSTZlZFpvaU45dTFTZ2xNZDlzSjhXVXM3YVJqei14S1k2Z21Wb1lmOEE4Z0xpVlB3?oc=5
2026-09-01 14:08:19,AVGO,"Broadcom Set to Report Q3 Earnings: Buy, Sell or Hold the Stock?",Zacks Investment Research,https://news.google.com/rss/articles/CBMipAFBVV95cUxNRjU2WmJfemM3V1l4RWladC02SWxvWG9lOGpFVWVZQkRwX0dreHVnR0FoTi1TYXVLa1JmR3lLN1YxMWNSbmRaa1VjRGJIWTVnMlBCa0dPckZQdXlnSm9VSkx0ZGhDeVQ4aXZjUnpFcjRwWkljM2otZTNaaXRWWUdYTFJqOGhKWWVfVmhSMHBORTZTRGRqWHV4bDZ2M2ZLMWtqSFFEQQ?oc=5
2026-09-01 12:53:00,AVGO,Broadcom Has Floundered For Several Months: A Respected Wall Street Team Expects 80% Returns Ahead,24/7 Wall St.,https://news.google.com/rss/articles/CBMi1wFBVV95cUxNazZaUmJhcXpkNnh6aGFHSnFrXzdfZXBWdU9YQmF1dm1adUMxTEdyYjlVclhSNHByVzQ2RHlOZWZDM0EtNXVHYnByNUl6WmNtbXJ6SGVDVTQwdjl2dll0Ty1HVHROZkJ5Y0ktNlFfd1puMkRBMngzbWdnT3M2UVU0MzA4LU0xRVVTNzlFazA5VE9hVE5Yd2x5dWk2TUQzNnFfNDhFcWdiTjBMeWZRenJ6dFRodWhiVXVETGs5bk83N3ZLcDRmank4cVpZSFJHSFZjN0NXMXV0RQ?oc=5
2026-09-01 12:53:00,AVGO,Broadcom Has Floundered For Several Months: A Respected Wall Street Team Expects 80% Returns Ahead,24/7 Wall St.,https://news.google.com/rss/articles/CBMihgJBVV95cUxPNUpTSGh3UWdTcmJwc20tWVlMU1RHTkdsLUlMdklfb2ExNDhqOTM4cWZ6b3ZnN3FWT3VaRXJkNTVad1hQcmJ4RTIzRXpqT1NDSTc0dTc2THFUTmhKQXFpMHYtNmdtbi1MeC12NXRKRnFuVHBjSmg3dDFSLVlFbkZMNEMyZllhNjRFU0pveTk3Y0x2dGowWXhHaU9aQV9wbzg2TEFOZXBENzRvVnNxeGVSZkFueVluXzNSeEI3ck10TVFiNURLdm15Y3VxSGJNX2hyaWo3ZXRkU1lfUWZJQVNJd1B6TE1ramdNR1pDYTZpelY5djFHTjFyaUpvYU84a0EzeDZuZHBn?oc=5
2026-09-01 12:52:44,AVGO,"AVGO Stock Technical Analysis | Broadcom Inc. | July 20, 2026 Guillermo Del Toro (cFM9Za0K6D)",mshale.com,https://news.google.com/rss/articles/CBMiW0FVX3lxTFBGVGpTcDY4UVpLZXNEQjg4Q2VnS1hFYXVwaFFGZUdUZGVEQmlxNks5RHVHMDREaVVFcXZYR296WmVfRklOUUowWWRBeDdsUUV4czUzaXZZSGh5Ums?oc=5
2026-09-01 12:12:47,AVGO,Morgan Stanley delivers bold pre-earnings verdict on Broadcom,thestreet.com,https://news.google.com/rss/articles/CBMiwwFBVV95cUxQczc2Wm5LOUw2S0R1TnRWTEZrTjBPU3NKOTUwSmxjbnpoZHY3QVloR2hkSzgyVUtlOFg3WFVEVFREanpvYXQ2djRHZXlSU1BhSjRJV0F6SXhlbjFRVVdULWZMNzZxZENZN1BpaFZaX1ZwakpEWnExcU5DNk9wSEdEVTQ4eHBhR1JTLTRNcGZhM3RBRlZQdHlzZ3lBZ1pVQkRwelhMYlUwYnJJRTk1Ukh6LVphTXNKWHp4YmNsUlp1NFBtMlE?oc=5
2026-09-01 12:10:12,AVGO,How To Earn $500 A Month From Broadcom Stock Ahead Of Q3 Earnings,Benzinga,https://news.google.com/rss/articles/CBMiwwFBVV95cUxOVlZGTS1iMFJlOW9iUnZSTFZCWXpja1pHSldsaUpqakpHX3JTcVB2aGNhb1VDWEV2aVpFc3IxWXRWejBaUXU4S0VlZ05vNWRMLVY2V182TE0yOVlwUkN4MC1TUmhyeWM2UXI3eGdMUEp1TkpXT3BRRkVxZTFPakR3eXV6Rm9Yc2c1WHpETkQwazdTTTRKT0h5ZUlMNF92OHFKU3gxQ1FlUUp6VGlIalVpMjlfSm9iUjgzVUxNQjZCbDg3RzQ?oc=5
2026-09-01 12:06:41,AVGO,Broadcom stock falls to a key support: is it about to surge after earnings?,Invezz,https://news.google.com/rss/articles/CBMisgFBVV95cUxOREdyXzEyVF92SXp2ZmZ2QXJXS1lpV3JjbEpwdXhUU0o3VXdVY3dSeEJfTnJBNW9Cakk4Wl80emxUbXNHSjZwSC12bURGd3QxWXZheWJJd21xanJma25XMUpZWERIcDJQTUI1YVg0ZlpKNjBFSFhENGxxR0k0TU5sUUFkVklMQmxPY0pxbGR4WTZ5SzNKbkU2bU91YThtSUliZm5LS3ZiOWJfQVJqckxOTTF3?oc=5
2026-09-01 12:04:02,AVGO,Broadcom stock falls to a key support: is it about to surge after earnings?,invezz.com,https://news.google.com/rss/articles/CBMirgFBVV95cUxPeEtVdy1pTTdteFhBLVVBcmNRWnZuUWlyc3owWHk4RUQwRDVOYzdZQVRCZnVwZm5Hb29BcEJ5b2JZZVJianBNNk14TDFoTy1KQkNlX2ZfRTVkQWtBMHFPSDFhakJxRjlhU1VPSFg2Y2NteDdJTDVmSGU2d2QtRjJnSGd1NTliUnRMdzFHdWwxLWkxX2NJejdhZFljRDJKQXBEUXRYYlBUdkFiTjFiLWc?oc=5
2026-09-01 12:04:00,AVGO,"Analysts Have Conflicting Sentiments on These Technology Companies: Broadcom (AVGO), Sportradar Group AG (SRAD) and DocuSign (DOCU)",The Globe and Mail,https://news.google.com/rss/articles/CBMisgJBVV95cUxPbFd3UVA3N3prSHdJUVQta0M1ekpuQlltOG94VUFPWjV5S3ZtMmxmY2ZMQUNuakg3bzZvVWRDcFp1NnpJc0d2N2VQMzRlY3NydnBpSUNrdFMzVmhFNGFZMHd0cmVsNVhoTkZyVHpfZVhZTEtIVlEyMzdDUWwwSXVaWlVTZ1h2MTVTNUZLdUJyS2ROV1ZLWEVyQkVta01qdVE0N09HSklrZTNJZHBUSEhFSE1YMmZ4QUl5aS1vQXhjSnB3bmNUR2RTMU1POHlyWENPSGhzQm5KU2FsUzlfZlp6UktvQjJzT3JlU1BJaFJfcy1PeWNsTVFqYm1RaHN0am9TSkhsMXc2bVk1cTlOUEw1LUo2cG1fblpIZGxqRldCOHF4X19lNHByZVNEckhyS2VCNnc?oc=5
2026-09-01 10:30:00,AVGO,Is Broadcom (NASDAQ:AVGO) Quietly Becoming The Backbone Of AI Data Centers?,Kalkine Media,https://news.google.com/rss/articles/CBMiygFBVV95cUxQLW9sZU1hVTBfTVBxaEs1ZXFqMlkwX2FMajFJZTJGNnNfSjg5dzZBZWZ1aFhMOFZCWjNUYVBJRzBDSGgxZjA4UC1mVzU5SkozUHZjLVRaVXl3dWhGb2VYYlB6X3AxOTJDRTh1OGExaDl3cDdEZkhlNWJJaC1FcW5ZdHZiWXNqVVdkWDRwc3BvRFVMbnFWS1pJNXFJVDZJMFRuZ3UzYnplWVJKZkZwSEROdlBGZldqMGZLR256TXpjajd1ZXZUQndXMFdB?oc=5
2026-09-01 09:56:49,AVGO,"Broadcom Stock (AVGO) Is a Buy, J.P. Morgan Says Ahead of Q3 Earnings",TipRanks,https://news.google.com/rss/articles/CBMimwFBVV95cUxQOUpDUDFMbUdIUU1lZHdvMmxUV3B5TjBVSmZQZllHaVNiWG9vU2hNNEl0WHF5WkFsNG1fZ0JBRHBGUUxzUmRQNHRnVHZnWW9KcVh6Vk9FclBrM2JrbnFVdUVfUVRLNnNHUUpjZWgyUWFfOWFXNUdCTDB4MWgzb0F5bWU5SHFCTlo5bHh5NkdsNWp2M0d0eFNjLW5ONA?oc=5
2026-09-01 09:46:29,AVGO,NVIDIA Moves Deeper Into Broadcom Territory — Without Building The Chip,TradingView,https://news.google.com/rss/articles/CBMixwFBVV95cUxOTkFtSHlqZmdpR1liNXljbUE0X1BNWkVabldJRkpDNnRwamdHUUQ5cmNqdVB5V0RIbnRNcnBUVGRaZm1pTERwY21kZk8tX3ZQNEZXcjgweE9DRFZtenJfYlhEa3B6NldUeFhxc1BMRWdrckJlWVBicTFZYnR1UTNGVmFhTTBWdkZvZkRfX0RtM2hvMFdWTGkwR0lNUTRXbHczSl9lQzdLMHk5ZTZZejdjbmk0OGtMWTU3RkZINVdvdmtia3dvQUhj?oc=5
2026-09-01 09:30:16,AVGO,What's Going On With Broadcom Stock Tuesday?,Benzinga,https://news.google.com/rss/articles/CBMingFBVV95cUxOcUtKTEJGMXZRaFlIQk1yVjNsZ3ZOZzB0UWtzdFlKY0Q1N243ZVBYb2R6N3hzU0w1OERhRTl6ck4wRjlsb05RQnRmcDZndWwwRDRRcXpVNXdBSldYQTRQNkFDMVdVY0tJQmF4YXktZlJqWldPU2tGc2tXRmpORElCOWZDbmdJNFdOMU9jaHdzOXNmbm5lV0pHS0dXYTVHUQ?oc=5
2026-09-01 09:21:32,AVGO,Broadcom (AVGO) Stock Gains Analyst Confidence Before Q3 Earnings Release,blockonomi.com,https://news.google.com/rss/articles/CBMimwFBVV95cUxPcFQzN1c5M2lHZUtCYXV1cGNDVWpSMWM4WXJQdDNIVFpYUGNVWnA4eVpRTHJtWFdyR2kyZUQ3Rktna0s5RzFiZXluV1FTWEJtcDFlT3cxcmdzdDMtUTJXTFlwWkp3eHR3eVVWV2I4VzY2R0pUd1FvMWgzZE9UZ2lGaWNaaHlNOXY5YlNuYTluS0lLeXZFbnYyQTJKdw?oc=5
2026-09-01 07:07:05,AVGO,NVDA Stock - Is NVIDIA Ready Now? (NVDA/AMD/TSM/AVGO) Liv Golf Virginia (CU5sbtjZfr),Mshale,https://news.google.com/rss/articles/CBMiYEFVX3lxTFAxME05ZllyT3pRTTJJRm5LeVlGNEhoc0stazhHcHRReFJaNDFZdlFCVnRJOVpCTWdNSi1ZSFdtVEdjLXlCQU9GLTNHckdYd1NpRDk0UkxtRFlSYVJJS0pmRg?oc=5
2026-09-01 05:05:49,AVGO,Bitget UEX Daily | Broadcom (AVGO) Reports After-Hours Earnings; Oil Returns to $90 Mark; US Stocks Close Lower but Aug…,深潮TechFlow,https://news.google.com/rss/articles/CBMiXEFVX3lxTE1ESWw3SlpER0lUMnF0eC1kVXRXUG9hMUJ3TE95eTVZdVJ6ZXV3aUpwMFZEaHROZFJHMjBfbWtudjZYYmZQTnlBc1kybWpiRTRkVlZhQUpjMzJGTnZF?oc=5
2026-09-01 04:24:02,AVGO,Broadcom Stock: Why Q3 Is Not Going To Change Anything (NASDAQ:AVGO),Seeking Alpha,https://news.google.com/rss/articles/CBMiygFBVV95cUxQa01SSkdKUUJ3ZGU4TENWdDM1aWY5a3ptZGdULXFOa2h5Mk9XVzhheHp6Z2VSYjNZTnUtRkF0SFpnTHNQdVd6UUs3TXpsT2laR01SWXpqQXBQcnFUcmN6WTJJVWtFeFNRWmZiRkxSdFIyLU1LeXlXOFZqa2dTY0c2QU1fUkdPYndwVmxFb3NNRi1tcFNNLXRBc3NmMXV0TU9FSzhET0E0UGg2b2s4bXc3UC0tdm5DNThnSlo0V0ppYjFnUmx5TEJOZS1n?oc=5
2026-09-01 04:24:02,AVGO,Broadcom: Why Q3 Is Not Going To Change Anything,Seeking Alpha,https://news.google.com/rss/articles/CBMikgFBVV95cUxNejd6RU91dWdjQkVuUUl0Zm1DOWhmcW9mVXZRY0RuY3RXMWpLNG1UR1hrNnpzRTcxMlVZdF9YWmdHY3JFTEl3b2JLU1hEVmY5Qk8xM0d2Q3ZnaHlxXzdlSUVEUkJKYVNOaU40VXdqRVBwV3NPQ0NVVXFzVFN3c0hGMUQxVmdwTE9RamVkYnVLMW51UQ?oc=5
2026-09-01 03:18:23,AVGO,Broadcom (AVGO) Reports Earnings Tomorrow: What To Expect,StockStory,https://news.google.com/rss/articles/CBMiswFBVV95cUxNZ0Zxb0czbmRxZHhvYzJPak9QQjBUeGdSYlpXR2FjUGd3VWo0VFB1b2dBeng4bGZPU2FfQk5rX3hmRHFhNnZYLXlpYVhGQ3RtQVRfUVB0RGpscU54amdWVVJ3RWlVTXZMcmlHWHdXZ0hyWWlxT1hYODVFd2doZHpZSFhWdXpSQkx0bXhvSVJvLXZ6ZDZtZlhwVTB2MWpmLWRzMWVxNUc5aUozWHA2ekxfTk1tOA?oc=5
2026-09-01 03:16:00,AVGO,Broadcom (AVGO) Reports Earnings Tomorrow: What To Expect,Yahoo Finance,https://news.google.com/rss/articles/CBMipwFBVV95cUxNMWVRWWhtTUhaVEpfRTFPV0lkQjA1ODFiMXJaczFpNjhzUlB4c29NLW1seFR6ZFQza0lrZWlQeENaSzdTY3M0RDY2d1duV1VYOW1NdUl2b0tKZmNrc0Z2UC1sZG1zaWNRSlA2eXR2SzRlNGw1d3l3aFhWSTlzUHdYd2RLZ3QzVEpCdHhBU2R3Y1F5ZERjeG1NZzQ3bjlKbUg2V2s4N0VwNA?oc=5
2026-09-01 03:01:00,AVGO,Broadcom (AVGO) Reports Earnings Tomorrow: What To Expect,TradingView,https://news.google.com/rss/articles/CBMitgFBVV95cUxNVWNrR2otRGpfNzRKR0FQWndjNUR1Vi1nQ1BNT2xUUXZtZFk3TkpfQ3RkMHpkNC1kbXVoY09BeGtyQl9XSTZIVFFQMFFTX29tWXliNWJuRlg0R0ZkOS15QWdnalZGc3lwT1R1Y0s0N0hYNjFOaWlwWXBPS2hoSHBzV1VtSWozQ19KcVA5V2h1dnMtYWRzYkUySDAwZ3NkdnlQLUM0Yjc4SWtuTHJRTll4N1N2Q2U5QQ?oc=5
2026-09-01 02:01:47,AVGO,"Broadcom Inc (AVGO) Futures: Prices, Contracts & Specs",Stocktwits,https://news.google.com/rss/articles/CBMiVEFVX3lxTFBJNjNjSHJITWg4b1RKSlFpZUc3SHVnX002M2pWRUc4cy1QNF9JX0hUT1dRclA5aXcxQ2Q0anBBNzFINGcxcHlVWURHZURhcFN2TnlSRw?oc=5
2026-09-01 01:13:45,AVGO,Can Broadcom Reverse Its Underperformance with September 2 Earnings?,NAI500,https://news.google.com/rss/articles/CBMiogFBVV95cUxQeGI2OWxOVEluOGhrY3UtaWxGdFBVYm0ybjJ2SFpIMEVfSFQ1anFFekk0azctWlBYajluWjVSRnZRZnZkRmJoa1o1UXFtWXgyeHlRc2NZNjhlNFJ2dVo1Uk1wN0V6T2cyTC1sa0hYY0RLVk5wWXl6VnlmRVBhV1FtelVsMVJZTUZIVGpreVRPcGw4cHRmeDM0ZVh6N3RjMDI1Wnc?oc=5
2026-09-01 00:48:18,AVGO,Broadcom Stock And 2 AI Infrastructure Picks With Strong Earnings Growth,simplywall.st,https://news.google.com/rss/articles/CBMi1gFBVV95cUxQM01XbzdIT09UUi1qTXFUMmNzaFRZYWgzTzVCYU5RMmpXNnZqVFV4MmxLTWFId3ZoZ1FxbjBaRU94eC1lTk9qN200UFU2azBsNlRQTW03NjZNRDNyci1EMENNS1pnRmVzblczVGVCYU91dmxDdjBmYldjeG9xNzc5Q3VUbE9kcmExVFM4ZktKakk2bGJwdkpqeEJHTmJkeFBMelBuUW1QbTNzbjlsWllSSF9oSmpPaWs1R1dTVUpBUkRvNFJEUElJZElaM3J5cUxDOFdwb1N30gHWAUFVX3lxTFAzTVdvN0hPT1RSLWpNcVQyY3NoVFlhaDNPNUJhTlEyalc2dmpUVXgybEtNYUh3dmhnUXFuMFpFT3h4LWVOT2o3bTRQVTZrMGw2VFBNbTc2Nk1EM3JyLUQwQ01LWmdGZXNuVzNUZUJhT3V2bEN2MGZiV2N4b3E3NzlDdVRsT2RyYTFUUzhmS0pqSTZsYnB2Smp4QkdOYmR4UEx6UG5RbVBtM3NuOWxaWVJIX2hKak9pazVHV1NVSkFSRG80UkRQSUlkSVozcnlxTEM4V3BvU3c?oc=5
2026-09-01 00:38:45,AVGO,Broadcom Stock And 2 AI Infrastructure Picks With Strong Earnings Growth,simplywall.st,https://news.google.com/rss/articles/CBMi0AFBVV95cUxPNVhMams2RmJUaUtZR2RDRmd6M1pqYXZaenFlSjlfOFhFQ1gxY1pYYzZVZUVKMDVUekFGWVdBSW5pYTdLYVAwb25wX2FXMW16dHZvNjg5T0c4MldRVnJHeFNuVTY5MklxQ3NlTlI3cEMtdFk2VnpSbnBsY3hHeWxZd2dfRXBPTWNkSVdERy1MVFAxYjhFdWZoU1lRdmd2TnEtV2FuTVBRMWhQYXFNSjc1MVZ0ZHRVZmliZlVHclRnbmpQMVhpLWg1UkJzLVRzWWQ50gHWAUFVX3lxTFAzTVdvN0hPT1RSLWpNcVQyY3NoVFlhaDNPNUJhTlEyalc2dmpUVXgybEtNYUh3dmhnUXFuMFpFT3h4LWVOT2o3bTRQVTZrMGw2VFBNbTc2Nk1EM3JyLUQwQ01LWmdGZXNuVzNUZUJhT3V2bEN2MGZiV2N4b3E3NzlDdVRsT2RyYTFUUzhmS0pqSTZsYnB2Smp4QkdOYmR4UEx6UG5RbVBtM3NuOWxaWVJIX2hKak9pazVHV1NVSkFSRG80UkRQSUlkSVozcnlxTEM4V3BvU3c?oc=5
2026-09-01 00:20:36,AVGO,Broadcom (AVGO) Analysis: Is The AI Giant Ready For A New Breakout? Rublev (HZYZwvaDOd),Mshale,https://news.google.com/rss/articles/CBMiW0FVX3lxTFBycjB3bFV2Q2NrcVNjTHRRcFdXbTZmYzQtcmQxU09oczczTGJ5c2VwODNuQVdsVnNFRWVpc3FFMTJ1ZGRLeUctWm9KSi12QXE3UlRZOEQydVdpczA?oc=5
2026-09-01 00:17:31,AVGO,Broadcom Stock And 2 AI Infrastructure Picks With Strong Earnings Growth,simplywall.st,https://news.google.com/rss/articles/CBMizgFBVV95cUxPcG9NMmY5enctVVhERUNvTnlWNDdXMTJKdF8tMEh0TU4wUm5nam16TkZmT1dkMENMM3NIY3B0OV9EcUh5dkl0T2NEdm1OQVhyNU9VbTFvdHBELW51eVhER1dnSWcyY3pYQXAwMk9aWnpjQlBGa2JHY1p3TkI5eU9CQ183eXNwTDNldXc0UmFkQmFDb3NPb3hUTE02TDBHbDlEb3cxOGl5VE9xb05BcFNMc05YUlcyc054RGZBYUhscjAySWhJVEpNUGVRTkl2UdIB0wFBVV95cUxOYUJ5VzVqM3hjSkJzMDJPZnJkSk9ZWWdaZDFRUkptZDRmSkE0TkdaRl9PZy1ZLXJEeTdRTk54bFQ2YTFEdlVfTFBWTVp2MHE4RGNjOFBwU3NjeUtyek9HaEpNTXJoc2V5Qk55U29WaU9RbDJHb2xNRDdHaVpnckhkcVR1RzRuVk1vaC1jZzhmTVJ0MUxwQ2UxMWtNUHJvbjZsWlh0WVJpZ1pDckZUbFBvQ2xYSWRBTGs3YzY2OXNaMjJxb0lrTzVkNHdUbHhSLVJZR1pN?oc=5
2026-08-31 23:00:35,AVGO,Broadcom Could Swing $139 Billion In Value After Earnings,Benzinga,https://news.google.com/rss/articles/CBMisgFBVV95cUxQck56UDYweVBnbzdhd0t2N0htb0p3djM0bk92M1VvNV9GUXZTd3k5M25KVFk5UWVjdXlKbDFQYkYzMmlFaTk3XzNMN0F6MDJFS2p6Rm5mWWJtRzFSZ2p2YWZVejJTQWZGT1R2X2VSeVVxM01tRHBpV1c5aGljNjNwZlFkNUc1V0hlazFCWXpQRmFDaEhQbUR6UEozOFBUV3ZtbllBR2lQaUdCZHJzekd4dElR?oc=5
2026-08-31 22:45:00,AVGO,Broadcom's Next Earnings Report on September 2 Could Send the Stock Soaring. Here's Why.,fool.com,https://news.google.com/rss/articles/CBMixgFBVV95cUxQVXpsbHlNY0VvVUNYRllrQmYyUHlCNDFubUlHRDB1QklJd2dSZkZUSS1UUU1RSnRtUWItRG1WeUwzSHhUN1J1UlBuQXBnd1hvdUdnRno0LUZyWncwM3FjWmwyZEtZeWpFYUJyRU11czRCQUpEZnBNV2xoVW5GZ2Jqa3pOaUpTZmMtVnJYR3hBbWI2MTdRR1dqbDBFTEY2RTN0QXdMcXR4ZTVHSHZyOE1JV2hRY3VnRnN6VTB2cFozN1VUYkhKd3c?oc=5
2026-08-31 22:31:50,AVGO,"Broadcom Grew 200%, Then Crashed 23% (AVGO Stock) Heart (Td3boTjy74)",Mshale,https://news.google.com/rss/articles/CBMiW0FVX3lxTE0zY0lTLUpQN0VRTWVQZkhNbUgyYXlUTHRpdTYwak1jTnN6bXZLdU00bzFNa2lXcEE3OHZsZXhXTDI4VnVfOHAxYmwwY2xWN2MxY1JpaVNLTVRGMkE?oc=5
2026-08-31 22:14:19,AVGO,Broadcom’s Apple Deal Just Changed Everything AVGO Stock Analysis Hyeseong Kim (iIwEyZ1VsI),mshale.com,https://news.google.com/rss/articles/CBMiYEFVX3lxTE84clhDQkJkTjE2LW14QVFvOU14VzFldVlDWnZYRVo3R2l5elZUTXJwOGZ3ejBmZXRjWmtINi1fckpueHpWSm9nWi13cjkyNlBzMGYzUmp1VzluN0tHbk5GYw?oc=5
2026-08-31 22:08:21,AVGO,Broadcom's Next Earnings Report on September 2 Could Send the Stock Soaring. Here's Why.,The Globe and Mail,https://news.google.com/rss/articles/CBMi_gFBVV95cUxNMUVhNVoxTEo2bkV5dlFodVp5VkUta1h6bWtLSmthS0Z4NW15SUhHdURueHZuSVpPQ0JpTXE2eTZLTklrUEx4MnJoV2NPSUNmMkhBMnFfcE5mVDZ3cFJpVXJXSmpreVNmSF8tZXI1bEx6ZWd5OTluNnU3SkZLLVd4cEpNS3psdjhNUzZkXzYwOUhfQk1IVUpaMXBMWXV3LTItNEw4ZjlfT0gzRnlqY1d2cG1qYUVwcjJ6SGoyeUhLdDhnc3ZoekhveEZIYUNrYWZXMHFaZVM1SzdTeHJRVkRzQVAzQXF4aFJvQkdRaTlUMVM5eEY4NGg3SzZaS2dnZw?oc=5
2026-08-31 22:05:01,AVGO,Broadcom's Next Earnings Report on September 2 Could Send the Stock Soaring. Here's Why.,Yahoo Finance,https://news.google.com/rss/articles/CBMiqAFBVV95cUxPdngxZFEyMGlRc25QSnc5X1Q0c2lsUTFwMm5OSWN6QXBWNnpSUUlSVjlkaVFaMjhLQ3hYVzhaMGh6RWNlUHJZaTFmWDRQZlNNaHlfSG9sMndnMUJ4UDFWTWJ3OTExbXNhX3l5bVlValRWMEdHR1cxRjI3eFNCUGE2RTFaVkM2UHp1VWR6OFpFNmRyeml4NHJ5YWpwdTVtYklTYWh4WjNFZnY?oc=5
2026-08-31 20:39:00,AVGO,Is Broadcom (AVGO) Stock a Buy Before Its Q3 Earnings?,Yahoo Finance,https://news.google.com/rss/articles/CBMilgFBVV95cUxNeW5fTDdBaHlfczd1UTdpRkJZR29TOE40R2tPS3h4RkotRDl5aW1oX09jV1gwUXZhaXl6d3V3djVYbHRjdFdPV1l0M3ZwMVZTdndnNnlGMGJqV2RmRm9DZUV1VEpkMTVyMlp4NHRJOVItcU5uWjd4QmpYemdKRXVKTGYzWVZTMXdiQjhqOC15bkdKNURfN0E?oc=5
2026-08-31 20:01:24,AVGO,Is Broadcom (AVGO) Stock a Buy Before Its Q3 Earnings?,Zacks Investment Research,https://news.google.com/rss/articles/CBMilwFBVV95cUxOQkl0cTRDNkMtSG92Q2JKOS1Kb1FCWUFLTzAtNlRpOC1XaGt6ZlpLcEliSVZtM00yaXZUd3lJWnJMbWhydGJtM3o2NllLUmc1aEFzQ3R6a1FDS0l2M0o1c3lEUEQybm9xREtmbmF1RWppTjFKSW9ZU0ROY29nT3ZIU00xS3dMMi1OMGJNUE9rR25PeFltaFc0?oc=5
2026-08-31 19:43:39,AVGO,"Broadcom Tokenized Stock (Robinhood): Latest News, Social Media Updates and Insights",CryptoRank,https://news.google.com/rss/articles/CBMibkFVX3lxTE9ETTk4OENjX2ZBMDE2V3lFRUxtcVFRZGRqaDZXWFlwbE9kQnZDaGs2SHF0NWp6c0JhcDlVX3EtLVBZNFZMYnVUU3BrQXJsVEhsZnUzOTZuQ3lPaDlueDhVaS13dUVBTUFhOGZYSWV3?oc=5
2026-08-31 19:23:15,AVGO,"Broadcom (AVGO) Q3 Earnings Could Trigger an 8% Price Swing, According to Options Traders",TipRanks,https://news.google.com/rss/articles/CBMirgFBVV95cUxNVlpSREJ3MEw2aDBwa0VTVm9DeFk2VldZUkdPQ0ZVSzdRamg0d2JIeHpYMUg1Q1lRQUpfOVdVVWMwQmhFX1FFQnlJMkM4bklBMXJrWFd1ZFN2ZlRqZkswd3JuNkdlQlB3S2dhaGpydHBCRmNMWjdVNXZhcnE0aEpjU04wOXRvbVF0NFA1N2VCV2lVbUpORHQtX0ZiNjh2RHE4T1FVLTMyWXRpYklHeFE?oc=5
2026-08-31 19:05:00,AVGO,Broadcom Has Trailed the S&P 500 This Year. That Shouldn't Last Much Longer.,The Globe and Mail,https://news.google.com/rss/articles/CBMi7gFBVV95cUxQRC1nV1RCU0l0d2p5MmVnWTJ1bmNtOGtNLS1vbFJXaVJfVzNkNmt3bG9pN0VSR3A3QlM2MnltVmVZUm5wSTFtUUxSelc0dFFiT284NkdCRkJUeXZNS25wN3I5RFVUODZKODR3eXFKV0paeVB1SjNlQjlWTEZBRGFMSnZsal93azlYU2hJZGdCekF1YU02T1dXMjV1dmpjWTRGVk5Bejh6R2Y1ZUhKNXFmOE5CeHpxb3NZcUh5bk5oWnZ2dXZZMElRSHBaOTZSVDdOMGlGcnpDZ0JRYzlLME5FdUJIQk8ycERMYjZ6U1pB?oc=5
2026-08-31 19:01:05,AVGO,Broadcom Shares Rise 0.8% With $16 Billion AI Investment Under Scrutiny Ahead of Earnings Release,TechStock²,https://news.google.com/rss/articles/CBMikwFBVV95cUxPN1otZzZGNlJPbV9KVjJuUGM5NFJwZjJpS1dLWGl4WHZwRmZNRUtiUDZ0RmFLOFlKUnF4UUVvSXYxcVNISFZCN0V6dVlfNU1HaFE2UF96bms3RURiRG55LWFpckVhMmN2Y01WMnd2aU1KaWdrbVVHY2Vvei1ENHBvckQzOG4yRkNleXQ1Z21YcFRQWkk?oc=5
2026-08-31 18:03:00,AVGO,There Are 16 Billion Reasons to Pay Attention to Broadcom Earnings on Sept. 2,The Motley Fool,https://news.google.com/rss/articles/CBMiuwFBVV95cUxPVC1sWG9ScTdnMVdsYXBjVmpjanltWlFLNnlWTlFkeS04Znp3cHVIUG4zUGxhTGhGNFRSYnVrSC1MNG1laUJ4Rm5FTmdWQ0dWZ2swUDhCSFhJSWhqUXFhbTRMaU45RFBXeFBFQW5XTUw2TkRNa0NSaXR0TlVpakQ1cHpOc1pnMnU5MjFJald1a1ZSNGFaLVVLTGxhb2ZoOUNFZHF5SHhYZWpWUjV4bTRucWNLRU9qRktpVDdr?oc=5
2026-08-31 17:27:57,AVGO,There Are 16 Billion Reasons to Pay Attention to Broadcom Earnings on Sept. 2,The Globe and Mail,https://news.google.com/rss/articles/CBMi8wFBVV95cUxQbnNaM2NwV1VBV1o4bjZuUVRtaUFHRTZwd015dkhHNm96V25wZldtUmU4WGVuS2lvZDhra1JUdVJIUGtPRVJ5ZUZydzVvV1NQbFFsSEo5aGR2WkZUU2d5aGRPUXJITUJ2N1dZbm1CVk5DUF9TaHBsVVhmME4wa1RaNnljSkpNTUJfM0ZRblp4QXpGRW1OQ3YxZGlBTll6UFEybndwODRFR0F2MmZFUHlGdkhySWQwd2diTUtIODdIelBGMTBmU3dEamhFa1Rvc0gtTzBHWE1JTTVFVHZTT3R1LV9lbV9Zcm9HWkFheHZabTNfRVE?oc=5
2026-08-31 17:23:50,AVGO,There Are 16 Billion Reasons to Pay Attention to Broadcom Earnings on Sept. 2,Yahoo Finance,https://news.google.com/rss/articles/CBMingFBVV95cUxOZ042di14dzNJdFRQbWMxRGNhYjZqby1ZUVIxbEhhZUZjTnh5YVpRZ2NISmRaTkdUVHZ4bFhSbUhpVmRxODlGRHdVZ3hGVDNNekVucEtkZFBRLWtPXzk2bXQ5Zkk4OWxmd3JZT0p6d2Q4M0ktX2ZXSG42SnBEcy04OEdfNzcwM1Azc2RaX3JCRE1zUmQ5QXZ2X280c01rUQ?oc=5
2026-08-31 17:18:15,AVGO,Broadcom reports earnings this week. Mike Khouw says this trade could be a winner,CNBC,https://news.google.com/rss/articles/CBMiuAFBVV95cUxNaks5M0ZLNWtjUUZfQkVjelN5elIxaWdLMzg0YVJicWtqT2hfOUo0QTNGeGdmUEdfQ1lsanRhRFhLTWxOMHkzbkxVNjRYWTBkRmNnZjBJcXd3aGlJcXN0T1hvZGVOdDhGQlA2RHU2MDJEcFlXWW9RSElwbWtuOUplMU93YTRuYTFjbVNHOHltMkthVzZnRGNvVWV3MG4wb0YtRE9OWWhwU2kyQk5xdHdDeUluSHJuMF920gG-AUFVX3lxTFBOdDFzSGNaZXJFMFR1Xzl3QnNDaDNrVHBJWWczUzBrRDlzbDVKVEkzbXFQVXR5ODdmS3doR1FoWGxCQnZfVHVYeVBQTWxpeUYtVjhqTGJJX0tjbVFlRzdoZjlHSTdBOUNpcGl1SG4tUkFyYlVzeTdIR1BaTUJzbUd0TnI5MjEzWHZ4bEpYMFNvTUw4VV9TZVQ2RklNcVBRZl9WZ1U5cVZrWFk2LVphUnZvSV94RXVzSk0zWkZzc3c?oc=5
2026-08-31 17:11:52,AVGO,Broadcom (AVGO) Stock: New TrueSource Portfolio Targets Secure Open Source Software,Blockonomi,https://news.google.com/rss/articles/CBMipwFBVV95cUxQUkh4VHJLYkNOTTg5cDJKeU1GRVp1X010NGtQNzllNWdXX0t5MnVtT21XellfRUhYU2dnOWwwajUzaVl5TjJPZGY5c0J2bXAwbm5XV3RYSmlPRzZFTlNTNzNZUEZQRjFWQ2o3SFZ6cmRJdEJmYl9CNlVncVBmWXpGOGNDc0psVzhmUGxhVURTdjNaQkFQa1dVUk9uVnVPLTQxUEI1RlN3TQ?oc=5
2026-08-31 17:04:50,AVGO,"Bitget UEX Daily | Broadcom (AVGO) Reports After the Bell; Oil Reclaims the $90 Area; U.S. Stocks Fall but August Still Closes Higher (September 1, 2026)",Bitget,https://news.google.com/rss/articles/CBMiXkFVX3lxTFBSYTBhRW0zOVNwV3ZoOWJYWkRzYkgwRzNaNDFLc2Nyel9XdUtiODlRc21rWWRqOTBKTmw3N1VFZFE1d2hZYmZqNTVzUlJXM09wOHliR01HcUljLTl5blHSAWNBVV95cUxOUHk0SkRwZGl0Ym1rSDUyS0Q1Q0ZfZXlOWVRHUmlyZllPSFdkajBRbVNiaUZIUWdpTW5pb1Q3RWVaeTByNXQ1ZWlqUVg4RG8tNjk4VEZzZWxQeVV6TmJXQktMSDA?oc=5
2026-08-31 16:52:59,AVGO,Broadcom’s Google Problem? JPMorgan Says Not So Fast - Broadcom (NASDAQ:AVGO),benzinga.com,https://news.google.com/rss/articles/CBMi4gFBVV95cUxQTWJjeUw2c045T1FyemxSc1hsenVJcHlGSl9xaVB4enZ2SkRic2ZhSlZFTm9QeTVEOExQa3lVWHV2M09yd3kwMVVZYXJEOGpZcWE2U3ROMGNXZlpESk1qMlh6UlJGRmVleEd3QUlQVEVzNzlnWkhralJiMGVON01XTmJibk9XWFJyNFhEQ1d1RTAtYUxGZlp1NnI0QUtWaHJ1UzdGWHRVTDZJbzNaLXM4enY1R29TV0pWb0lNODItbW1NMGxjdURPS3A4SkhqWHVOMXBRV3VrRlpvOG5iaG51NzZR?oc=5
2026-08-31 16:52:59,AVGO,Broadcom’s Google Problem? JPMorgan Says Not So Fast - Broadcom (NASDAQ:AVGO),Benzinga,https://news.google.com/rss/articles/CBMi4AFBVV95cUxOemlEaERGVEZMR1FIUFRSYVJrY1VvaWlIZ0VLTV96ZXVOUndXYk9KbjQwc0JtZ0dqWTdmNEQtakVGQWNHZGZ0Uk1LaHFzcUEzSjVVc1B1b0g2b1UzZ0pYMUQxSDBVNXBvZzM1VHpmZGNHc1ZleC1QeHZGSlhOMEE3eXZyd3pORUZ2bGRyX2tEaUdkekhsNUhubTdWQWpnajVFQzVVU3lVcnN5VGQ3VHM1ZzFyZWw3RHZMOUhXQWZMTE1LUEYtVzAyUkhKN3hCQUEtc1Q0cVg2OE85bF9vWEZ1QQ?oc=5
2026-08-31 16:32:41,AVGO,Here’s How Much Traders See Broadcom Stock Moving After Earnings,Investopedia,https://news.google.com/rss/articles/CBMiugFBVV95cUxOQWhwMWdBckJXc2FWbF9pUTYwQzBtMnhqbS1ERWd3T3BoUF9falpaejRzZURHTlpLZWlaUGJmYnc1NG9zMlpWbzhJMml5dkFyNThiemhWX3BxT1JZMkVvekt0eGFYZ1hqVUMtU3pYejVHX0k5VG9nVmtCSHBmYXFLZElBYnhZVUpMZ0dkQ2t5RE1tZUl3MTl6YVNveHFULUpjTTk0blBBQU9MeGhRczRLVnNHc3E0eHZhUmc?oc=5
2026-08-31 16:32:41,AVGO,Here’s How Much Traders See Broadcom Stock Moving After Earnings,Yahoo Finance,https://news.google.com/rss/articles/CBMinAFBVV95cUxPbTdOVndnRGZoTkp5VFoyMVF3d3REOE1pd25rWWhQV2F1cW04ek9USG5zZXlXUk1CeDRlRmZIbmViS24yb1NnNkRkQ2JSZ1QwU0UzN1l4dmhMOGNuM21nZmtuTTZhQnZuU29Oa2lnNzVUMDgwRmNIaFZfS2d5MWlKT1N2elZZNG5pWEVUeGxIYzNtQTZlS25CVDZsWTY?oc=5
2026-08-31 16:02:00,AVGO,Broadcom Earnings Preview: Can AI Chip Growth Send AVGO Stock to Another Record?,Markets.com,https://news.google.com/rss/articles/CBMiqwFBVV95cUxQV3prWEF4ZWo3UmVCQ2NxcWRGSGlrX0JDZkZhNDJqMGJ4emN3LU5LWjJaMV9XUDhmWlBnaExFemtycVc4c21mMGdYTnJMWExvd25RN2ZPSHJaM0JuYzFTbTZmVHNBa0R2Z3FBVmN0dWFSZDFkVnM1WVZXMDYzSnZtWG40eHhENko5MzFFdkZwck1uUWhlX19XajQ3U0dHcjRWZEw4dDh2WWRXVFk?oc=5
2026-08-31 15:49:04,AVGO,"The TPU Mix Is Thinning Broadcom’s Gross Margin, Not Its Profit",Trefis,https://news.google.com/rss/articles/CBMivwFBVV95cUxOTkk2WU0yZWFremJoNmdwNHRKYUF2S0xKckFFdFE5UHN3MmYtazlWT05TWGhqRTNVU1BOUWVxRFRONDZHRjNuMUE3M3duNXZwaGhZR2FXRTNmc3QyTWROaXJhVm80VWNibG40eS1jelZhSFh0VHVBVG1fYUU0aGlrVW02ekk3OW5FVFZBeVdsOVNiQnFRYzRsbC1tbTBNS2RiTDlKeDBmcFlQcXU5WklGcmY0T0p1SEtXR3VKUnctWQ?oc=5
2026-08-31 15:49:04,AVGO,"The TPU Mix Is Thinning Broadcom’s Gross Margin, Not Its Profit",Trefis,https://news.google.com/rss/articles/CBMisAFBVV95cUxQckVKakFLTFd2MW5FU2EtaVhaU3VpaU0yX0FyOVpMekJXblZMUmR1aUM0bjFrOFByeXlnZ2FDS0ViRXF4Y0toU25JcTM2Mks3ZUJBeEZfWTBudC10VjlGNllsOTktMmhubU9ud0hsRnowRFZOejAzakFyWU1HbjV6UlVFY3habEdBMGhyZ0xaZld2QVhkQTllTUZFWHRfc3pFei02bmFZVTBFeU9ablFpLQ?oc=5
2026-08-31 15:39:00,AVGO,Is Broadcom (AVGO) Stock a Buy Before Its Q3 Earnings?,qz.com,https://news.google.com/rss/articles/CBMidEFVX3lxTE1zZ2VlOUxsa0FTRC1ZYlFlSnN4bnBtRG5ieDhaUDdZcFhHYlN1dkVzc0RGYXkwcEdyN3VjQ1hMWWZFV0tZWVhTVW9kcXpQUlZpajFiRXpLMzI2emtwc3JTaVNXRVgxbFp4VEktZkhpb21abzE5?oc=5
2026-08-31 15:19:06,AVGO,"Broadcom and Marvell: Goldman Sachs Says One AI Stock Is a Buy, but the Other Demands Caution",TipRanks,https://news.google.com/rss/articles/CBMiyAFBVV95cUxQV2NPa2VYNy1HeXpNR28zRVN3c0t6VWR3ekl2My1jWGRLaUxsbjlJem5ja1ZBdFNlOHNXR3BhY2RrRk8wTWpxbV9JbE0wV1NPemtkRmtwZm9xQXp1Q2gzeWNDeloyTzdmVnllZFdSWERvRUhRRXVoMFktWlJqZWcza2hTOXVVVkN2eFBjajctSzVoR3F6WUtUZXJwekRCeFFJSk9oX1JzYlkzTXo1RWQ5WEc1al9ZQmRyNmlOUktyVm41MWkxTERwZw?oc=5
2026-08-31 15:01:34,AVGO,Broadcom (AVGO) Reveals VMware AI Factory Ahead of Q3 Earnings Report,Blockonomi,https://news.google.com/rss/articles/CBMilgFBVV95cUxQcmc5ZFBENEVNYWNKX1U1M1k2elRndTgwRFBxNXRLTDRETGkxM0NJOHVSYkFwVThFVVl3UGtOa0FwRnFOTmNUT0E0Zi16VlotMU9wZkxtQWpLZThNejhncGhNTUJid1FuY0NTQlVOMFlULWJDUHJuX2h2YWJFdGlFSk9lbXZOOGF0OERpbTZualhSWS1BS2c?oc=5
2026-08-31 14:48:27,AVGO,Broadcom Stock (AVGO): Custom AI Chip Boom! (Price Target Boost) Elliot Page (CoGaUTRki8),Mshale,https://news.google.com/rss/articles/CBMiW0FVX3lxTFBDQ1k4ZFhTREhYX0JvQzg2bGdNQ2FlQUhOcy1YWjBmR1M4U0hCdzJveTFvdnBqbW1BNzZyWjRrTDBxWXFHNTZQYUdQaFhlSG1XT05iOGVSS3pKWGc?oc=5
2026-08-31 14:38:59,AVGO,"Broadcom focuses on private AI cloud, agentic control at VMware Explore",Seeking Alpha,https://news.google.com/rss/articles/CBMirAFBVV95cUxQSEZhNXVaMUY0bVI4ay1YSDJGNGRjdm1tbkVJU3YzcFRGMDhQUkRXREtfbGw1Y05sV3UxcG9JZWV3MDZpMmlXdzY3QXJXZEZiaDZPRG9HSnV3bTBWeGw2SG1MM1hJTS1LZ2RyVnZVaFcxM01hMTJiNlNLVDROVWlJb3FzVnFJLUl1cjNmeC1hNXM0U2FYckxBdmp0TWhlaV9JMUV6Ym8xbEJpdnJ5?oc=5
2026-08-31 14:24:47,AVGO,Broadcom Stock Faces an Earnings Test -- AI Sales Are Set to Soar,TradingView,https://news.google.com/rss/articles/CBMivwFBVV95cUxOb3Y3ZkkxLVQ4S3BVNFZ4eVU4aTJ2ZGVGdmgzUGF4QjZCc28yVE4yS3pUZ3V3d05YWl9LRkhDTDZSOUJnc0ZMOUNUdmVZQ2pscVZ0TWtfMDR5a2Zqb1ZELUFpVWIzVkxFT2M2V0NZVVRJR1lSalR6aDZjODFjN1diOGRmMk9nRHVzd210V0hZdHUzYUxUMjIzMEhLWlQxdEE0RU1wS1AtaHM3LTVzVjlVXzhMVzNRR2tMVVctMnY5SQ?oc=5
2026-08-31 14:15:29,AVGO,"Dear Broadcom Stock Fans, Mark Your Calendars for August 31",Barchart.com,https://news.google.com/rss/articles/CBMipAFBVV95cUxNMHFFVjdwQ2VsdjFXOTVKcjZUMG9CeXN2eU0xYXN5bEhvLTQybHh1NzJLZVdGa1o5MkN5RHZGdlpjYUZ0NXliNm5TbklnNkpOMmtQcmIzMHZYd0FVWEZSTF9sOGxNc1k0V2hGSVYwUDlmLVdhdFlYeERreEUwX09jZWU1bzB0VFgzNmNCVThRY2VmVHhDZkFQS24yVTdsR0ZfckVseA?oc=5
2026-08-31 14:02:21,AVGO,AVGO STOCK- BROADCOM INC STOCK TODAYS BREAKING NEWS | AVGO STOCK Janai Norman Gma Departure (GkQmtUiVgV),Mshale,https://news.google.com/rss/articles/CBMiW0FVX3lxTE83UUM5eFBEQnZnTm1nOUxLcGNrTG5tbzJYRTBDcFRSLWVLNGdlM3BFMDljbTlJSEZIaENpWklJbG15TDZVOFUyMThWTVAtVEt5TnY3dWhUWVg5ZkE?oc=5
2026-08-31 13:49:57,AVGO,Will Broadcom (AVGO) Stock Rise or Fall after Q3 Results?,TipRanks,https://news.google.com/rss/articles/CBMijAFBVV95cUxQdzZEblU0Q0pQMWRDYnNIR2I5a0llSEVKRk9MR0VoTkh3c250ZUtwZnZ6Q2w1TjgyLUJBSE1LbkkzX2U1SENiUFBkVTZ3cEt4Yjd0LWttOXRuVjlyaHNXLTVHSF9CamFxZndTZGxvcm90d3JxWnF4R1I0ZDJLT2djVFpVRXZndGlXNzFGLQ?oc=5
2026-08-31 13:32:05,AVGO,AI Infrastructure Stocks DELL vs. AVGO: Which Is a Better Pick Ahead of Earnings?,TipRanks,https://news.google.com/rss/articles/CBMirAFBVV95cUxOM2k0NDAwaE1CNHRyU0ludFdsVWNyWWRwa2haTVdaR01OeTFmWTlsT3U3YWpudHFtbjIwMEpOSExhUUdVaTE3d1Y4ZnZybXRraFk3RUZnSVNsMFFUOXFoRXo4TnpwV0lIUDJmZ3dkajAtd3dFU2Ria0RfQ09FSGJzWjFRbU9BNGRiYks0WGtsSmFiUDhyVW8xd1FONWNsakdMZ2ZsSjFpQjg0TlM2?oc=5
2026-08-31 13:29:00,AVGO,Broadcom's new private cloud can run more than 150 AI models,Stock Titan,https://news.google.com/rss/articles/CBMiwAFBVV95cUxPQUhzaUdWaFU4MU5CTnY4TEd0RjVQRFhheDByTVNxWnZZOVpyRFZGcmkxOV9aUjd2QnhfZ2dVaW15RFROU2h4OVpJS1dmaTVrdkRWWW5yXzhhUlk5N0lnLWduQ1d1NDNNNF9JSjBVWWRrQ0Y2ekRoUDNCdExiSF9yc0U1eEhXOWZtdWd5Xy1yRW5uY1loNWMwMWhsSEpYbFdqX3B1ZHoyb0RkNzB3NjE0TjVycl9UalgxQUFzVUZYY2w?oc=5
2026-08-31 13:26:54,AVGO,Broadcom stock dubbed a 'top pick' ahead of Q3 earnings: find out more,Invezz,https://news.google.com/rss/articles/CBMiqgFBVV95cUxOMlRnMEtCWmdyUng1MWQ0dGxMVXZXX2lqcHd3QktIcEg0b2F4ZXZiNHo0ZzVtZW9qSF96WXBONUJqdndidkNlWE1iTF9qcUk5MndndDBuUXA1ZF9WSHFTRGlRaE5mLW5KeGYzdS0xWl8wRURWc0NoTDFob1BtQzk0dnA5RlpobW0xN2lhTU5FTDIwb0p6ZjNkcE5DLVZFWlF4UHZZYmtLSFdCUQ?oc=5
2026-08-31 13:22:24,AVGO,Broadcom’s Earnings Test Comes With a Higher Bar After NVIDIA’s Blowout,MarketBeat,https://news.google.com/rss/articles/CBMiqgFBVV95cUxQQkJZLXkwSTg5WU43TE1HZXFrc2NnRzc5REdJY1oxd3Fkc1RENHd2bkVFY0U5Wk52eHloSU9kWHhFNkVyVnRpbG9MLUx4eTY5dnJkd1FwTF81Y0lOcjllQ0x3RGo4U0hZOFlkLWo0Z2FyUzd1Y2tZNjctdXh4MmZWMzFjWFJUYzZxYnZrczRZcDNvSUd1b3NUSHJOUzItbnAtSjBKcEQ3enRjZw?oc=5
2026-08-31 13:16:49,AVGO,Broadcom stock dubbed a 'top pick' ahead of Q3 earnings: find out more,Invezz,https://news.google.com/rss/articles/CBMipgFBVV95cUxNcjhzeFlKQ2RoMWw0bF94WkRPcmdzbVJYQzNrNEtFaVJyZVNrNi1YVFBrYnYxWG9TQS1yREtFTmRlS1M0X216aTdPZ0NkaGNoeHR2MHphaWtfb2hqb0xGbVJvOGJXQmpFSERmRzhFZlFNWl9qX0ZmOGEwMXFXUHZ6bVYtY2FvZmVUNi1MZ183UkZ4dkloZXBCZkxCTVNiMnctdUxfTVRR?oc=5
2026-08-31 13:13:07,AVGO,Broadcom's new AI traffic controller supports nearly 36M daily customer requests,stocktitan.net,https://news.google.com/rss/articles/CBMivAFBVV95cUxNdzYyWWFVTE1XOUhUR3FFaFZZOFZjUHNRX2VPR3BqVF9QV0ItdUh0bUdnUFZFS0RrU09FU0xYQVllakdla1dsYjJMVF9EOGFja1pRY21CcjRmWjZPRThsY0E0c2pCbE50R0FsZy1vNVBZTHc0dV9CYzhwUjN5Zk9reUdINHdHeHpuVDlmeFplTTRlZXAxR3BVZ3h3NVFBYWwtbm9SYWRDR2NudmpQTTZ2NHdpRDZHMmxLZUpNRg?oc=5
2026-08-31 13:13:00,AVGO,Broadcom Unveils AI-Ready Data Foundations for VMware Tanzu Platform to Help Enterprises Deploy Trusted Private AI Agents,Quiver Quantitative,https://news.google.com/rss/articles/CBMi6gFBVV95cUxNQTY2bzhxZC03Ni1YNVN3TnJuM3ZTZE5IdUE5VS1UYTNVZTkyNXZCYlZrV2VudVdydDlNYVNma0dDNFk4ZGE2MDdmcE4yOWNiOWRrM1YwbW5RMHA1VTNTWnE3TmlESHhVWGJvSjJndTd0cGMzTlhWQ3NaVFhEVnJ3Qy16ajlYUlZtMlJiaXJFVFFHQ3A4WVM0MVRvbmE1cEhDZnQwVkw1YmNWaVMzOTFBSzBhSFcxSVNhTVRJOUZPRnhvUmxWRkpQMWF4bEttazBZc1B1MmVnRkotU05nYVluY01NWENVTDFjRXc?oc=5
2026-08-31 13:13:00,AVGO,"Broadcom Unveils Security, Identity and Observability Capabilities for Agentic AI on Private AI Cloud",Quiver Quantitative,https://news.google.com/rss/articles/CBMi0gFBVV95cUxQTzdmd241NUpzc2xISjl5bHJxck4wUUdwU0JVdVpZMXhDUWlsTEx6bERvU3JvS2huSE1OVTVLcUI2OGhIUVhZMjV0dW83SzEwNnJKUzgweWM1Rktoc1FPS3V5SklmLXpKNlJadXZqMHpFRmtNU0dvOEk1UnhLT3NBUTJlbmh1V3NKcXk3ZFdVeHJ5U1JiT2dMa0NaOE5kU190M19oTUU4elFESXUxTWVLeVlYNjdiN3dHeV9hRUpnNml6NjZtSGQxUHhCNWFuLS1nelE?oc=5
2026-08-31 13:13:00,AVGO,Broadcom Launches TrueSource Portfolio for Verifiably Built Open Source Software and Enterprise Data Services,Quiver Quantitative,https://news.google.com/rss/articles/CBMi2gFBVV95cUxOcF8yZUdPMUFoTVo3U0FOMmJiRkhieDZaa1I4ZEI1NEh5Rk9nYjJ6OEh4ekoxcDR3SElqcTJFc3NpY1JsZnVnOVo5RjZ2VVo4MEVqbzg1NnJEZWNGbDFHVFdSSnhhQXozd1hGMlRkZTZpS1kzX0hZbmdvWjluYUtxaDgwNHdZRnB3eldNOFlsc0V2VE9wTllrTnlKSVA2WEVrblpiTTVZcmpVdkc3T1BEWVhIUHNDbnRuNEVFY29FZmhfQkFPNTNyV3N5SWNYMTVqRkJsRFRadjdLUQ?oc=5
2026-08-31 13:12:10,AVGO,Broadcom stock dubbed a 'top pick' ahead of Q3 earnings: find out more,tradingview.com,https://news.google.com/rss/articles/CBMiwgFBVV95cUxQMmhPa183czFDR3hfei1VblBhUUZ5Sk4zNFVwT2g4RzRQSFIyYWdTUjBRWXNKUjNoWDExdTgwWmRMN3laQWZ4WWRtcUMtT0tqT01iODV4Yno5elUzZnIxOTlfVlZzLVFfRFVjaVhoTWVYM3dKamZMZW5VTms1a3I0NS1MLUoybU9IRXNIY0xKOGQ0UFhMLVd4SEFubmY4RGd3RV9tMUkxVzVUWmdNb1dRTGxqdkdEUTdwMHduTkVYRnF6Zw?oc=5
2026-08-31 13:09:55,AVGO,Buy Before Earnings? Here’s What This Top Investor Says About Broadcom Stock,TipRanks,https://news.google.com/rss/articles/CBMipwFBVV95cUxPNDRDc01ucnFSbXpwWV9nTHhGOXhmR3hNU3hhaXVhVFpYNDVVbzFLS0I4SG9yN3BrMHB1Z2dORkItbjByREU3YzdhSk03NUZnZFNuQm93Q21HSGhjVmlVeHRPWERPOUgyS0MxMTlDYzVac2pBM2NfNG5reWhwYTZhbkxIaU5OSTI1S1A3Zk13M3U4VGo4ajl2Y2VBNmk1dFluOWFRUzYyRQ?oc=5
2026-08-31 13:05:00,AVGO,Broadcom's AI factory pairs with MetalSoft to cut server setup from weeks to minutes,stocktitan.net,https://news.google.com/rss/articles/CBMitwFBVV95cUxPZjVEMURxZkpPbmVBbFpFdzkzbUw5SDFGaWE1REk0R3BSLUg4c3RsRVh4REdVckZMdmw5OXRLX3daWmhoU0RoUUdQLXJMTGh5amF4eWFuOE13QlNtS0N1R2s0NElBNzdRZWt6b3czVURVRUdoMzBCMmQzbVhNR3VqTGN2LURwNW1INnJZTjRQcWFUVlJTeGVxdGNuMDQ3V05wRkxXVW9mQTA2SVF3aE1yYlE4eGVKaW8?oc=5
2026-08-31 13:04:00,AVGO,Broadcom's private-cloud platform can run 150+ open-source AI models,stocktitan.net,https://news.google.com/rss/articles/CBMivwFBVV95cUxPVmlQTHMtMVgwX09NTThCY0o1amNGMWpnemNKVjc4VnMwcVl5TGhGZURiVFVzZGpNVkg4Q3Iya2N0dXhrNnZucW1VMjUxc2RWeHpqTVQ0WFlxam5lLURtVlBfaVpFUnp3V1NpOFN1N0U4eXV4dVNSWklZSVBfTWVyeXg0djZFZGJVa2lfbmZZVlVlWHUzaHlOVERXTXEzLUVkU0dYMGVuNzIzaWs2Nmw0N0FXZ0JuVjFLaXd5Q1hIRQ?oc=5
2026-08-31 13:03:00,AVGO,"Spring security advisories surged more than 1,700% as Broadcom expands open-source coverage",stocktitan.net,https://news.google.com/rss/articles/CBMiuAFBVV95cUxOcmx2eHZyTC1veUNjalMycFRxRVNPbW9FbWFMT1VqTW5GanZ6d1J1LXFPM3RSTWVZZUpmVFZTS0xoeFMtUFNPQ25waTBzdllja2dqNjZvZUo1SHd4RkdOOU42Q01YYldPMGQ4eVB1VXFXeDByYWJOZTZ3ZjNmaDE1cU53LTdjQjFVTHEySzJZVEJFdWphVTBrNHpRTi1kNG13clJNVW8wXzNGOVFiVmo3alR1dHRmSjAt?oc=5
2026-08-31 13:02:00,AVGO,Broadcom plans to put governed AI agents and data inside private clouds,stocktitan.net,https://news.google.com/rss/articles/CBMiwAFBVV95cUxPWGR3Zm11QkxwR1FjZ3NveU1aUERZWk5Wd0E2a1hXVHdMSGU2azJ5ODA3NlhUdENWV2VVcWhfZ0JBcTZLV1JrbzJKemR5TkFaNWZ0WjNNaXh4eGFMLWlxbjM2OHM3QXdwRjNKdzFNbGlnanpYX2YyRzc4Vk5xZUppclRnSEVSVl9POHN6cVh3dVlHSFlvS1ctMVNSS0liY3ZpSDkzeHFyc09VTS1oeXVEdzJjeUoycmwwdGYtOFZhc18?oc=5
2026-08-31 13:01:00,AVGO,"Broadcom gives autonomous AI agents identities, rules and activity trails",stocktitan.net,https://news.google.com/rss/articles/CBMiwAFBVV95cUxOV1F3VW9qY0xXdF9vUllaMkR6Ui1pVnl2SW8tcl9LWEVhb0cyRVNNdzFidmxDNjB4N0xHc19FZndGaXlVRnZodXZUSXhaNmRrRGMyQTkxekN5dG42UGJnZ3JpLWtHd0ZVaEwwMkEtaDE4WE12OUh0a1BHSHlsS0hMdXFITVo0Y3dHc3V5T1o4TlFGMnpUWkx2S3FoeHFIT2NHdUJPTllpV3pnRThzNGpRQU96bGdmRjlQaHB2TV9oOXU?oc=5
2026-08-31 12:01:00,AVGO,Is Custom AI Silicon Redefining the Story Around Broadcom (NASDAQ:AVGO)?,Kalkine Media,https://news.google.com/rss/articles/CBMitAFBVV95cUxPdmpuTGJ3RVZ4VDJuSXV4eHhwWmJWV2RPQXVsTFdoQ1lkbm5rUkVZWkVvQW93Y3BzNnhQbkF4UEp4QklHT3c2c0Z6cVd2Mmp4bnhJMzZTdWlKTXk0amt6YmotMVpYcng2b0JqZTJNbzNrRUtZOGZZN3lOaVFianhLd3ZNZENNNHVtVG5iZDJ2WV9TWUtNX0piUnFGcGtKTnh0WEpEX3dQYmpxUy1MeWV2R28wa0E?oc=5
2026-08-31 10:12:21,AVGO,NVDA Stock - Can NVIDIA See $220+ ? (NVDA/AMD/TSM/AVGO) Shahbaz Ahmed (eh52BPxPts),Mshale,https://news.google.com/rss/articles/CBMiYEFVX3lxTE1hdU43ZDM1LUM4Q2xUcGt6dC1vZDVvUTNRemU1SlBOUDRCQWY0YVpmWjZtMUxaRXdheHR6TlozMXBEUzdBYUYtaHhNSGpaRUxtQTlxaTFnbXBBb3VJd29SYQ?oc=5
2026-08-31 10:09:54,AVGO,"AMD or AVGO: Cathie Wood Sells $74.5M of One Chip Stock, Buys $20.5M of the Other",TipRanks,https://news.google.com/rss/articles/CBMiqwFBVV95cUxQaUliTE9xZ3RHMEpLU3dCMGV3TlpNQUZMWUZTWTc1V0NiRjFKdGdYNTlkcWpaNEtHdnoxS0E2TzZfQk5ubnBRNXFFeU9qYWk3OEVoMU1WeUR6WTNQVVZXUTVsaE5WOUg3VUJranBfMmFLNERTc09FbEg2YU5vMjlzb3pyOUQwSm5sMkJZaDFfQzB1WklMREJnZU1HVi1qa2ZEUUI5TXZaaGtBQXM?oc=5
2026-08-31 09:57:06,AVGO,Broadcom Stock: 3 Reasons Retail Investors Are Bearish on AVGO Ahead of Q3 Earnings,TipRanks,https://news.google.com/rss/articles/CBMisgFBVV95cUxNRlRvZWQ2bXZiOHFPbEZDbkpxajMyRjVObGRrcmRRa3NLS3FlVzFTSVpDaUppTU5aSl94YTBUaU9nVGtrUjI2dmpwb0RLbnBPdlBva1pBalFDNGpDeU9Da2s4TFJfNVd6OVctVUVFS2JpUUx5NlI4R3JldG8wSVJEVmxHelZzTDR4V2NxOTczbl92cFhqWS02cHdrTi1LQWt6MGgxSTgzN19iLTc4cFEwZ2p3?oc=5
2026-08-31 09:14:31,AVGO,"SPX Expected Move, Gold Skew, AVGO Earnings: What the Options Market Is Pricing In",Moomoo,https://news.google.com/rss/articles/CBMisgFBVV95cUxQSV9Ib1ZxZm12SVBVNWE5N1gtcHlkTnhTQjg3cVZQMjJyeHB2eHVTX1FyZWp5bUkwdjAzV2h2WFlRVHlpWHVpOW9iTmpMZjAzYnZMd2FJX0FlUlpqVXdwQjJBTzI5VUdCUExRdlB3QjZZdFBQRzZMVjVUMXd6RHZoWjE1cmhTV3FPZkVDNWtlWGVuc0dMQVB3MURLYmJNVzNrYVNubmY4aDNCR1RId0pNLVNB?oc=5
2026-08-31 08:59:33,AVGO,Weekly Signal Ahead | The Week's Dual Catalyst: What AVGO and NFP Will Tell Us,Moomoo,https://news.google.com/rss/articles/CBMirAFBVV95cUxQbmFiMWN5QzZ6MmJiYW9XbTdGVVA3SmJWOUhJWmFCaTducnEyRXdYZVNrbE1QQWJiTUQxbmhOSHYyRGpXZXBLeU1OQjI0OF9nZGdGWGFqVk41OGEtak5zb294NDRsb21Cd3dkZ0h3d0s0MHU0Z0dfYkRBbnp6bVNWZm12Y2tkcGh2amtYaVZoREhxMVRDcmZUaFgtY29LUDllOEVVUkJfTmpKZ2F5?oc=5
2026-08-31 08:42:15,AVGO,"ARK Invest Exits AMD Position, Doubles Down on Nvidia (NVDA) and Broadcom (AVGO)",Blockonomi,https://news.google.com/rss/articles/CBMioAFBVV95cUxOdWlvODI3RFdsUkt1R3VNVERpckcyOXFSREtpSXFOeFVWODF0c3RIeExTb19NM2JldURfQ2NLWFNjbDVmemVOeFFfQWc5T09sbXgxNUVsQ2ZoNmlFRG9YVlRYT2lGa3hVRDZMamkxSklTeGNoYlpKVjJRWWp2VWtjSVZZSl9SQmE0VGZZaUxjSjRyTnJHVDNwQkwxRmxnbGpQ?oc=5
2026-08-31 08:30:55,AVGO,Tech Earnings Hit Markets: AVGO & CRWD Selling Shakes AI Trade Motherland (aYOHa3g0l2),Mshale,https://news.google.com/rss/articles/CBMiYEFVX3lxTE91RGJNc2JNUllkLUlsb0NtSUROVEVlVHlDTERfLXJXX1oydW5DM0VLNDFuWlhHQmZXejlXbGpNcUdPZVo3dDZmOVJ6M1MzaDVpV2w2WjJxOFk2TWdrVUFCRQ?oc=5
2026-08-31 08:30:12,AVGO,Bull V. Bear: AVGO New Value As Sell-Off Steepens Dc Defenders (MvNyMH5LMs),Mshale,https://news.google.com/rss/articles/CBMiYEFVX3lxTFBUblo2ZkRZS1hkeks0TXBkbXVMYndRaFQzVlhhd1ZqUS1XdEh6WGN5RUs5RnA1dUZNbmhuQUZPaUpTUS1hcjRhbldJUk1qbHBfYk0xU21WeXVhM0NWcExjVA?oc=5
2026-08-31 08:25:45,AVGO,"AVGO Stock Gains 3.71%, Momentum Weakens: Explained",JournalArta,https://news.google.com/rss/articles/CBMijwFBVV95cUxPRWFBLVVkLVhzVHhFXzVva0M4eHA1MVBRS2FmNmpnZk5xdnpnY3h6a2xyMDFoOTV6V2U0SkZhTkZmM2VNMm03NlZ6TlJqd0xPZURWLWJxM05VcnBlZTdpRGVEX0w3aWtSa2NCQ21UNTI1aEs4U3pLdHFGWHVPNXdwX3FUeGNSMV9tZ01qZ1k5bw?oc=5
2026-08-31 08:16:16,AVGO,Broadcom(AVGO) Earnings Preview: Can Custom AI Chips Drive AVGO Stock Higher?,MEXC,https://news.google.com/rss/articles/CBMihgFBVV95cUxPNHRlQUVpZjdwcTR4bVJqdU5fWGdTbnJ6Z251NkFaQjRGaTV1UGU1Zjh4NVNiSWhFSnQ2NzBxbzZKTC1wZ1Jkell5OWlzNnBaNVk3Tm5HNDFRTnRETWZvb0otR0c4VHNJSGV5VE9iNDYxcEppcGQ3b2hDbG5EdFF2UEZKbFc4dw?oc=5
2026-08-31 08:11:27,AVGO,Broadcom Stock Crashed But Nothing Changed (AVGO Stock) Diana Shnaider (46png4JLvq),Mshale,https://news.google.com/rss/articles/CBMiW0FVX3lxTFBkQWZINGRmejJUdy1yYjdYNUcwSWpjYk5iM0MyVmpMYTBQMlppR0tZVHNyMEV1Q0RYVHBGOE92dmJOX3A5Vlh1aVdCRG02TnhjdVZsV3dVQnVOOGs?oc=5
2026-08-31 08:11:15,AVGO,Broadcom (AVGO) Stock: The Silent Monster Driving The AI Boom Subaru Outback Sales Drop 2026 (0avWTwtn2E),Mshale,https://news.google.com/rss/articles/CBMiYEFVX3lxTE1kQnY5TndzLS1BYVN0ZzYteDRNSlR0dVJ6X1RHMHVxakhreGF6NjVqQ1NpLXhsYTV0OE11MTlMWEx6bDU5Tk4xcHBicF9YSWJxWHZ3NkRKU3lUZnVNUmtaMQ?oc=5
2026-08-31 06:29:13,AVGO,Broadcom (AVGO) Q3 Earnings Preview: Why Hitting the $16 Billion AI Target May Not Be Enough,TOP1markets,https://news.google.com/rss/articles/CBMid0FVX3lxTE5kcXd0WDdCcDZSRy1TRHA2a3dqVEJyb2VoeXRqaGlaQ0ktc1NVNHBWMnJuemV3Nmh0UWJvZTZva1JKR2hlSFVaZGZ2TVBTd1dPa2E2MVRDakkwbndGQURWYU16emZaaUFKS0RJX3hkYkJMbUxEQnow?oc=5
2026-08-31 06:10:43,AVGO,Broadcom Reports Wednesday. Nvidia Already Softened the Setup.,Money Morning,https://news.google.com/rss/articles/CBMiekFVX3lxTE15U0Fac01DVjN6X1NLNzdBWkJrSU5GWDVWYWFSeTJzSnZ4N1NXN3F5bnRZYnRybnI4NERCdWJoZ2l3N2lKZUhzRVpiT3I0TWJIZlBaT1ZGODZaZW94Wlo0SGIzbXBhZDBURUoxSE5oRzkyM2dkd3Y1VkJn?oc=5
2026-08-31 05:15:43,AVGO,Broadcom AVGO The NEXT NVIDIA Stock EXPLODES On AI! AVGO Analysis Bon Cop Bad Cop Serie (DAN8waUaf5),Mshale,https://news.google.com/rss/articles/CBMiW0FVX3lxTE5sX1pVM3pHeVBIeUhPSDlWRDZKYUlwQXp5U1haS0wtbVNWZUFrUTdZT1ZLZFZZZWZnZDBtWDlqSHM3RHJyeUlZdTFHNXhVbER5Q1dWV3ZMb3dSWDg?oc=5
2026-08-31 05:13:32,AVGO,Broadcom stock holds near $369 before September 2 earnings,AD HOC NEWS,https://news.google.com/rss/articles/CBMivAFBVV95cUxQNVNmSjJaNUFPd2t0M3FEaVRlTlpCSTNlcjdSeE9nVHhMSWRaNGFHQ1FMYUFSOHlBUm1ROTBqZDlDMzZmQzR6bS0yZ1F6VDFqQkNCSWxBYklTbDNmSG1xY1hvR0E3SFBGcTB6Z1l0X2lpcU9yUGlJaXFnYlRaMDlqY2s2ZVNNWTBpVWxlR1BmN280ZlRsVUhnQmpXanNsdkJfWHhMMV9IbnJVYi1pdnBuTVdHRkhmUEJ1ejRWbQ?oc=5
2026-08-31 03:39:28,AVGO,"S&P 500, Nasdaq End Lower On Chipmaker Weakness, While Traders Position For Nvidia Earnings This Week — AVGO, INTC, BE, NVDA, PSKY In Focus",Stocktwits,https://news.google.com/rss/articles/CBMitAFBVV95cUxONGZGaFNEeGVjOFlkd2Q0NFhCQU5pcGZySHRmSWo2bkFLZXN5dGUwU0Z3M1E4bmlkYmlsTWQyNzFINWJsU2F0MjVLWm5RU0VwVkhieXgxVjVKZWEtQmFBYUl2MndjLUJDME44bW40MTFRaVFidHJsblJ1bGxqcUszc05LLV9NOHlndzJwaUtrSVl5YzhzQ3owU2NXakYwOFd6VVVmT2hqN2ZnVXk1a08yQk9JOUI?oc=5
2026-08-31 02:26:38,AVGO,"The Week Ahead: Earnings from DELL, AVGO and LULU; US Jobs Data and Bank of Canada Interest Rate Decision in Focus",Moomoo,https://news.google.com/rss/articles/CBMiggNBVV95cUxPQ3Z1Q2szbnRDMGEtamt2VkVoX3dsdkZmeEgxV0UzMURnVnVLRi1HZkZIYS1FSkR3eDluNFZEaFRzU3Y1MGVNc3VGM1d0QkxETmd1a3dhOVJOdktuVXNObGpxZE4tNk1MYm96c2d5VFFSRnVCVUdnZ2p0aC0ycHZ0MGZXQ0FmQ3ZfOFNfaC1ZYlFrVjVKcVBWS0RpdVlqWFBZTEg0al9WRld4MzVKRjNZVXR5eDNEeUVtQ0R1NHZUVHgzWUFoUEVBQzNpanBRZ3lZelBkNFl0VWNJTDJQOXhUMzJWNzRRb1ZuY1pGT2V0X3FCdkxDUVBYd3JyV05jcGpWX25uTEVsbFR0dWNlakIwYXFUQ3lweDBJZE8wZjM3TVBoYnFtalJzWGl1U1FOaW9QWFloUzRTbmZTU1FPS2dsUmpvWHZGcGVBRFRlb2JGTkNrUy1NcVZ0Umk4LU5kcktVLVJ4REt2ZHZ1MFBFZHc4OUdlVkxpN2lLWlFmMTV5SzhGdw?oc=5
2026-08-31 00:12:58,AVGO,Broadcom Earnings September 2026: AI Chip Growth & Stock Analysis,Intellectia AI,https://news.google.com/rss/articles/CBMibEFVX3lxTE5GSk5ac1M0QkpfU2lGb0U3UldrVGpzYjlUYlVwbHU0NnBSTWxyeUlXall1Sy1kM3NIVWZEUU1OWEFnQkJlemhNWkdtbkV1b25Hc3RPU3NEbE9ZMjVUVnloajRpWGpDVGZkdVNSMw?oc=5
2026-08-30 22:24:00,AVGO,$Broadcom (AVGO.US)$,Moomoo,https://news.google.com/rss/articles/CBMiekFVX3lxTE9BSGcxQXk3bXdLQ1AxVjRLaXZxbWZEa1JhOVpjUkJUeENsWE9ybDJMYkV5TVF3YzlnZS1SRTdQbkR3c2MwVkVjZzFBc2pyX0draktOb0JHREk3dERfU3oxazNVTnR4NExzMVVTNzBIS19KYU16X0tXbnVn?oc=5
2026-08-30 21:42:01,AVGO,AVGO Stock Analysis: Buy The Dip Or Is Broadcom Overvalued Now? Ukraine (7j5eaiWqv9),Mshale,https://news.google.com/rss/articles/CBMiW0FVX3lxTE9FWTZxQlhEVHYyb0kzcVFRXzhMNkp6VE9YVHMtaE5NQWlwZ1FITHJDUXpOTUtVNUdISHdUU1YzY3NwVTkzaHRsTHJtMnBsdzNwTVhUNmRuT2NGZzA?oc=5
2026-08-30 20:24:00,AVGO,"The Week Ahead: Broadcom AI Test, Payrolls and Fed Risk Set September’s Tone",FXEmpire,https://news.google.com/rss/articles/CBMiwgFBVV95cUxOc0lGNkZXR3JMX1ZSay1jdGNlRk1LTC1IVFlXbjZBMmZTeGtLNGVuWlhoMVc1bFdSVkNvVjJFTkpkcnQ5RlNkZmhUWkM1eDNES1hrVTMyRWRaemk1VnI4dVNKNV9vbzRDQUx0LS1mQWZkQ29BazMyd1Fia2FuaW9jV0MtVVRURy1STExlaGk1alJoUTdrdEVjbDBpeXhDSVBBRURqSDRuRGN4UDBUSWJVTGtCZk1pVWJzbHlVcWtETFh2Zw?oc=5
2026-08-30 19:29:48,AVGO,Broadcom stock delivers 51.56% annualized return over five years,scanx.trade,https://news.google.com/rss/articles/CBMiwwFBVV95cUxPZ0JHR0hYZFJndkM3dnJIYmViZ1pCM2VIaFVBVnJhbFIxODgyZEU5MEEzcHF0T29hRWVKRjlISTJXSW92SU41MDQ3RFBCQ1dVN3gyX3VjRDBzRk02dmtIQmdYYWNPSkdPOTRLSFF4OENFSG9rN09tYXd3QU02SldoTUxFbEJoMGhiRUlpT0NDZzBhX3dSZWFIVFNMeXlCVm1WanlxLWdGNDFNRkMtQ1ZOQlJYeW9Yd2w2dTBTcDFITUZ0WGs?oc=5
2026-08-30 18:45:00,AVGO,Prediction: Broadcom Stock Will Go Parabolic After Sept. 2,The Motley Fool,https://news.google.com/rss/articles/CBMilwFBVV95cUxNUC1VcV9LVzRfWl9wVDhQbkF4MjM5X0ZicXZ0ZWdrU2ZfTnhFWEhSTmpXTkJlcFVJaXl2VVdJSk9Cdi05VEF6eFNyN29Ibjd4WURMUXlsV3o2UXJJRTI2bkVpQ1NUYk9wVFkwb094Zy00aXRub1NfM1dsc0NDeldwN1FwTGV2dFlnNmhfeVViSDd0VnBuLTR3?oc=5
2026-08-30 18:19:00,AVGO,"A $100 Bet on Broadcom in 2010 Is Now Worth Nearly $19,000",finance.biggo.com,https://news.google.com/rss/articles/CBMidkFVX3lxTFA0OUQ1czIyQ1BLQ1VsNlEtb3lCSUlGaFBRaS1lMlMwN004WUxrM0haZUdELV9fNm5JYW9yWEFDTnFRNVFZLUhUX1M0aVA3Z3hpN2QtRzZrZXVXcFNwcExnd2lEeW1NTVpQdW43VkZHX3ZCTndEa3c?oc=5
2026-08-30 17:04:37,AVGO,Broadcom Stock Prediction: Is AVGO Overvalued After Surge? Stephen Cloobeck (hyPx0j537e),Mshale,https://news.google.com/rss/articles/CBMiYEFVX3lxTFB2dElRUVV3Mi1oMXc4bTNISWpPT3BUWVhXSGFrTTh1M0JIS2t0LVItWTIxNzlHczlya2JaZUE0eHZVQzdrSFVfWnhLYjVNeXFZWnI5NlZxYk05SThKMW1WSQ?oc=5
2026-08-30 14:03:00,AVGO,Broadcom Stock (AVGO) Opinions on Upcoming Earnings and AI Chip Developments,Quiver Quantitative,https://news.google.com/rss/articles/CBMiswFBVV95cUxNZk0wVTZDQjNFcl8xSnhxbC1RQ0J2ak5OdzZJd3MtV3JJSEEwclNfSndtcV9qbTh6OUp3cUJiZFhHSWdvejgxT3RsbWZjblBFMi1ZRU42MWhZOUs2WGpLLWF2bjl1WjJEZnFZR1BaUWxyMFppSEJmcjVyTmpuOXpvREhZbDdDdFdmdUFCUWkwaHI1eGNPcVdNY1dmY21lbmlXcjFDUmRRcl9JYmJuZTV4RlNERQ?oc=5
2026-08-30 13:54:21,AVGO,"This Week's Market Movers: Key Earnings Reports from Broadcom (AVGO), Dell (DELL), and Palo Alto (PANW)",Blockonomi,https://news.google.com/rss/articles/CBMiuAFBVV95cUxPbktfdHlqaWZjOXNiZ2dVdkktWXZCaTRGaGotYVM5S0x5djh1RDFnN2RTOHAyc282c1lTSjRBRVlLSTRPSHQtaWlhTXNzdjR1QjRuY1EtQzRYT3hzS0s3aENyYU1XNnJqZFN5WDZLVF9wWWdnWVo0Qm92eUdtcWdFRDhGZlRWWDBGcjJrMzVyQUxpbVlkYktfMVcwV1RIeHZBT01JajZtaVFqSHZQYVZnbGx6cHVkeVlu?oc=5
2026-08-30 13:35:08,AVGO,"Technical trends in PANW, SNOW, AVGO drive weekly focus, Jay Woods examines",Traders Union,https://news.google.com/rss/articles/CBMikwFBVV95cUxQcGhUdUtvTldkNGhfUVUtbzd4LVJJNmpsSEhTUDlBa0gzUUxZbFRYVmsxSm1UUGNYMnhRT3UyTUwxRkNVMktlTDJ5bTJvQnRPWnN6NDZFOGh5bUpxSmc1a1lFVEY3QWZQNy0xclk3NE9xTGJpcGJvTm9GWXdRa2lPaTBCOW5aelI4WFpRa2Q1MFo1aXc?oc=5
2026-08-30 12:58:01,AVGO,Hock Tan Guided Broadcom Past $100 Billion of AI Revenue in 2027. The Stock Is 25% off Its High.,sharewise.com,https://news.google.com/rss/articles/CBMi9gFBVV95cUxQNWFuejkweGo5TW9MaGQydHBuZFp1dmFndTBhUk14RjZRTlpVbk5vc3ZkY1FOVUdqYjZGakVpSEtPMmZQRk5TSDlRQXhwM3BlNTRFU29MUWNrU0FydlgydkZ6NFRjWFAzbjZfOFNOdkdEMGVGWG9meUlnaWFidFR1TkQtbno2NlhDbVQ4OXJaY2I1WWtSUms2ZlV6REZ5Z0FkNGJnLXYwaDdoUzI4Z291SU9aNTljRjhZTEY0V2dLMkpQV0xPcElPa29nT005d2dCaWsyM2hqZ1JIZ1R2T29Qak5Id3JOTUt3c0EtSnh3U3kxeGZ2cHc?oc=5
2026-08-30 12:45:00,AVGO,Broadcom or AMD? Here's Why the Market Is Pricing the Same AI Boom So Differently Across 2 Chip Stocks.,The Globe and Mail,https://news.google.com/rss/articles/CBMilwJBVV95cUxNZkN1bkI4Q2RUQmkzZkFQTm5pUjQxVXdpMmIwY2FYZnhmaldiS0lFWmpGc1Q1V3g5ODR6TDVhcnRSNFBTdXNHR055VWR6U05SbFZ5R3FNZW82ZkRjQi01ODVfS3JSRFI0Ml81QXduOU1RVWZXUEcwVUpzOW9YSFJkeFE3QkxIUnRtS0RnUUNuNS14Nnd1ZGl6ZVNqaDN1UnhQd0JzLVVaVFBnV1JsZFNrS0hEeFpkd01wX0lIcUF2RzNRZlhPc0dkSG1KTF9RMGtjUWtOUzVkVEhqRUd2Rllwa1M2SnpkUlhLRWJMMTBQa2NiUmctUExqeHY5dG9oU0ttcFdZX3gzNlRzMDc1NU1KMkloWGZLRDA?oc=5
2026-08-30 12:31:55,AVGO,"Broadcom Week: 10 Stocks Set For Double-Digit Moves - Broadcom (NASDAQ:AVGO), Palo Alto Networks (NASDAQ",Benzinga,https://news.google.com/rss/articles/CBMiywFBVV95cUxPTnJVeElZeVlyTGo5aV9LSEhzOVNZeXNJTkRRQzEwUWZGYmI1VjNMbkJNbjhYMlZLRFcwMTlheE9TMThBeHN3VmRTeVY3ai0wVFdja29JYi16bXJVVnRHRWFFOEhCdDBmbHFrNGtCWWxYUVVJNWtodFBYX1g0Q25VSHk3c1JicVhUN0lINXQ2OVhLLVNCV05SSDQxV1Z6WDJGTWtBRVg1a0l6WGM1akRRdUdOcjhBa1lwa3B5a0lOS2N1NEdfQWpYUjFwcw?oc=5
2026-08-30 12:03:44,AVGO,"Best AI Stocks After Nvidia Earnings: NVDA, AMD, Broadcom, Marvell or Arm?",TradingKey,https://news.google.com/rss/articles/CBMizgFBVV95cUxNNnBYazctSFhsSEpjMDFTTVlWLS1RdUdCSjZFczduR0ZYN1I5dm9Ba0VhRWZWcUlCcEVhVXV2cld6Sm9tWkEyZnF6VWFVbVIzLUhIYmdqeVpUMV9GRnVnVVFTZmptRWdnQWRvdlBRMTRXVDRpOFRXREp5bDUyZ1ducFVZdjdxQ2NBTDYzYmk1cV9rODVfNlJLZWZFZEdNQTBmSzBEdDFnektGMDZONmFsejl5RzE5a0VJSlVRSnFwUVAydG05dFRNV1hDYWVWdw?oc=5
2026-08-30 11:07:05,AVGO,"Cathie Wood Sells $74.5M of AMD Stock, Buys $76M of Nvidia and Broadcom Ahead of AVGO Q3 Earnings",TipRanks,https://news.google.com/rss/articles/CBMiwgFBVV95cUxNV0NuaWdldDBSY2phSDhsTmdIbm82X1RlWmJ0NHgyZzVieVJ6NWI4OVBERFd5UmUxaUhDbWt6VDl4UU9fWGlHYU8zWm1Kc3puT2d5WlZFbVVONmNwTXZYcEJ0NGZPRXZTUlI2YXJ4WHpDZllpLWNYRkhJQTR4eGNVZFpNUzlqdDJFVU1odTFrb1RpaXFxUFFUajZVTnpFQXNPdktSbG9xNGNVb1QxTFR3Uk42cWh3OS10Z05rY0JUN0puUQ?oc=5
2026-08-30 10:51:16,AVGO,Broadcom Q4FY25 Results: Revenue up 24% to $63.89 billion on AI demand,scanx.trade,https://news.google.com/rss/articles/CBMiugFBVV95cUxPeGdWcGUtQ2NmeXB6dUVHNU1Bdko4aVhlbkgtVDBoQzJuZ2ljb1NkdG5iOFIwMVBuQ3FLQ2dyeDZod3JNLTh6bFpYRms3Q1NuX2NvT1Fhdk5pbUY2M2FoaWx6dU5EY3d1SGxLX0d2V1gybFJ0b29ORTV5bmEtSFZmWnJySXBXSmszZE4yaEgxdVlpdnhyLVpjRXYwaENsdGlPVHdpSUJSRjZUZXhfbzl3U1R0dTdMS1B4UWc?oc=5
2026-08-30 10:06:03,AVGO,Here's How Much You'd Have if You Invested $100 in Broadcom Stock in 2010,Benzinga,https://news.google.com/rss/articles/CBMixgFBVV95cUxPYnpqNUtubUpoUE5POFR1VHRWeXp3OHNwRzU3YVhYYjJhNU5McG9lVkNvZzBSRW1hdVlxWE9VSWhWT3ZlODZGNHYwSm95Sk9xUFptOUdPdDVrU2dORGctU1dFeTlZT0VyaW1Xb3RfaHFueDlZSm1JVENPajBpY3p1bEs4ZTdBWTlGR3kzUmN5WklVTkJzSkZTUDlIeWRSdjJiN1VVcTB4QS1aRmdWT2hTTVhDcXRmTTVuU2dsRzJjQS0zck5WTkE?oc=5
2026-08-30 09:20:11,AVGO,"What to Expect in the Week Ahead (Nonfarm Payrolls; Earnings from AVGO, DELL)",Moomoo,https://news.google.com/rss/articles/CBMiogFBVV95cUxNUG04QjlBc2NNNkpiUkwwamZWS0EzR2d0Ti1LV1RyS1ZYdXBLZ2ZSTG8xUkJ1bVhLOHVHOXhsZkp0bkRpZFl1dEFhZXlUTFVaTjJjMmJYZktLcXktWG9paFg3QTZMU3l0Y1NEMzd4cmlHUXhuSTdCQmtRVDg5OGN6VW16eV9nSHY4bnVuUVVRd2tERUdzMXd4Y0lOZy1Mc3cyX2c?oc=5
2026-08-30 09:19:36,AVGO,"What to Expect in the Week Ahead (Nonfarm Payrolls; Earnings from AVGO, DELL)",Moomoo,https://news.google.com/rss/articles/CBMisgFBVV95cUxOT1daOEVEREc0bzBDanY0Q01OYWt3aGxzZkJYQlk5Z2JjZVhJTWRvMWRmcFF0WnRmN2RST2h1WERqdEE1LXF5enJFT2xoQm8wb3hPMkEzYURJTmRUMmk4VjdBRG5GRE9LR05SZHlfbzdtRzZNMERJYkU2RE9FbHVRNjFOcmd3dEZEcURTX1ZHbUwyZkpKeGVlSmlhTG91Rk0wUzQwVlBzU0dWd1NBRkNtcFR3?oc=5
2026-08-29 23:04:39,AVGO,"AVGO Stock Today – August 28, 2026: Broadcom Falls 2.8%",The Eastern Herald,https://news.google.com/rss/articles/CBMiowFBVV95cUxNOEdWM1EweFF5TmV3TkUxRkZBdndfSWZXUEZnT3UwTVprSGlsb1JDbVpjNWkxNWxvNG9HMW1JOFR1UkEwLUd6b1czYjVNNlJ4V2ZVR1dQZ1VZaWhyS0w3eThENzAtaTBTVVluQVU1eGcxZU5qZEw4NS1ndDZ0UUEtUXVHYnQ4ai04RVpCSkdyS2o3bTlSaTk2QWJRc1B0bGVDNDE0?oc=5
2026-08-29 23:03:22,AVGO,NVDA Stock - This Will Get Crazy Soon (NVDA/AMD/TSM/AVGO) Real Sociedad Vs Real Betis (puSYi8uphM),Mshale,https://news.google.com/rss/articles/CBMiYEFVX3lxTE1NRF92Vzd3TzZmZ2xqdU9VSmpLeHFaTWh4bjZPUzZwQk1ITTQtSTdoN2RoTUZvNVRSNG1mRnBLanpwMjlYb2hoakZNeXMwZm1HMkc1QWpva2xJbHAyb3pDTw?oc=5
2026-08-29 22:15:09,AVGO,Broadcom Stock Faces Valuation Test as Fiscal Q3 Earnings Approach,Benzinga,https://news.google.com/rss/articles/CBMiwAFBVV95cUxOazVyd1gwOFdWMnRFdzRQYXAwemlxcmxmRWJyV2diaktodWl6ZEdtZk10N3ZvVE02UFpzbUd3MS05U0R4RERiaVVBUUJfVUNEc1JYdk1GX2FsSWV3dnluVzJ6VzQ5Z3JlSEpmX2lBaG9PUXpqYWFQYllwckpxUlZGVG8zWkhNUEdaNWp1NENEOXVOVUhjNkRIZmQtZlNkOUtIWkc5eE1MVzEyd0lFdGllWm9ET1BXZk9wWjgwUV8zWkc?oc=5
2026-08-29 21:54:01,AVGO,Understanding Momentum Shifts in (AVGO),Stock Traders Daily,https://news.google.com/rss/articles/CBMiuAFBVV95cUxOTVVsOGZfZWpNaUx4SS1SbnlocDg3cXJWVjduZU9YSWhFTVBkbmZ3ZThFYWlVTEwycEZLcmIxY2pjQTRUYldjQU0zUlZKMmdzOUh2cDFid2JvSU1CclZzenk1WGc3SmpQcWtnbjBHdjI1Wm0yXzFKLW1SSDFTdF9zbl82QmswQWtYUU1fMTZNUFJSYXhnNlVaWVF4M1FnS05lbE9VMWRfZktpYWc4ZzdoeEJJTEV1dldB?oc=5
2026-08-29 21:05:06,AVGO,"Broadcom Q3 Earnings Preview: AI Revenue Growth Is Key, Wall Street's Highest Price Target at $630",TradingKey,https://news.google.com/rss/articles/CBMi6AFBVV95cUxONkZTQ3hRNVdzd1Z5V29KTVg4Wjc0Nlh0akxSQlFPaXZOSzFUSU9HdFU3Z2s5TTZfbWI4S2pxQVdOb016cUNncEtqSXhjSFRDeHdBLWVCa2lfaV9ZOXU0TFRPMXpTUGE0UzZ6NzhOSmVvTjg2RjdaY2h1LXNVS3NUc1hNVUtxcVRRTUx6cTE4VmJiWkx0NF9mbEFHY0FwTkxKeUpDUXJ4anFvNDRFZk5lMVVoMkNlcmw3WjRtOS1qZEZkMk5oN3lRcGhQNTVTdzhyVDUwQ1hHNkd5OVEyMVZWNV9iZkdPT1Fl?oc=5
2026-08-29 20:07:38,AVGO,"MU, AVGO, MRVL Stocks Hit 52-Week Highs Amid Hot Chip Rally",Stocktwits,https://news.google.com/rss/articles/CBMivgFBVV95cUxNLW5lMHBQVFVpQm5aNUJ4ZUlXSklhVFFySGtlRW5vejg0M0dLc3hybGdTYVlrZXEwdWFaSXZaTk91WnhJNzVCZzF3V1kxb3FaU3dOdjV6b2Y0SkpfaVZTa0hOQTNFYmhnTURtOXRXQ01MN2JrY0FBNFpiSDdPTmN2d1ppRTdqMldOVzBKbDRic2kzd0g0d29kc3ktbGhHcnlXOXJ6X3U5aWd4TVN3S3cteVBKekVIX1ZwWmFWazd3?oc=5
2026-08-29 19:30:25,AVGO,Is Broadcom (AVGO) Making Its VMware Bet Stick With Enterprise AI Clouds?,simplywall.st,https://news.google.com/rss/articles/CBMi0wFBVV95cUxPN1dGSGRRUHlEelByQ0RpVEtXZ2hzR0lXSC1vb2hGS3BtTTF0QkhSRGlpU3dtd1pYdTU4VVdOdlg3YzUtSjRKVDdlY0VLM2JrMGRaUlhDUU4tbE92RS01MTM1QzlNWE9nTnJ2WkhBRUZjUVlyUGRPbDFTMlVTUWliU0xtNHJqWkhCTjF3b1BnalFHV0ZoVVJISERmZTVsTXZSRlN2eUFhM2QyUXVITmtSdm93N3VuWUlRYllhVjQ1NUkzU0Q2ZnhqZVE5QjMzM0pTcGY00gHTAUFVX3lxTE83V0ZIZFFQeUR6UHJDRGlUS1dnaHNHSVdILW9vaEZLcG1NMXRCSFJEaWlTd213Wlh1NThVV052WDdjNS1KNEpUN2VjRUszYmswZFpSWENRTi1sT3ZFLTUxMzVDOU1YT2dOcnZaSEFFRmNRWXJQZE9sMVMyVVNRaWJTTG00cmpaSEJOMXdvUGdqUUdXRmhVUkhIRGZlNWxNdlJGU3Z5QWEzZDJRdUhOa1J2b3c3dW5ZSVFiWWFWNDU1STNTRDZmeGplUTlCMzMzSlNwZjQ?oc=5
2026-08-29 19:29:48,AVGO,Is Broadcom (AVGO) Making Its VMware Bet Stick With Enterprise AI Clouds?,simplywall.st,https://news.google.com/rss/articles/CBMizgFBVV95cUxOVHRuNGhkOGpSbk1WeTY3UTQ5QV9jNm1pRjlwNHdQRE96dXdZV3NFSml2U1NSUXNFaVk0bFh3YXBZc0pRNVNsX1lwV0hsVVZ0QkdvbFZZMG5jVVRlY3phNnRDcEZjemZxSGFDQXNxSzMyVE9PNUVQMGR5TTRGUzBUdW5CSnd2WllTNzhRQ1NqNUZZRW1NYUpONDdMTmdaemRTdHlhWGVzM1I0S0NVWHdKWDdrVnFpYVUwZklTQzloUjNTb09BZFZHdjhlU3JIQdIB0wFBVV95cUxPN1dGSGRRUHlEelByQ0RpVEtXZ2hzR0lXSC1vb2hGS3BtTTF0QkhSRGlpU3dtd1pYdTU4VVdOdlg3YzUtSjRKVDdlY0VLM2JrMGRaUlhDUU4tbE92RS01MTM1QzlNWE9nTnJ2WkhBRUZjUVlyUGRPbDFTMlVTUWliU0xtNHJqWkhCTjF3b1BnalFHV0ZoVVJISERmZTVsTXZSRlN2eUFhM2QyUXVITmtSdm93N3VuWUlRYllhVjQ1NUkzU0Q2ZnhqZVE5QjMzM0pTcGY0?oc=5
2026-08-29 16:43:00,AVGO,26-07-27 Stock Of The Day AVGO Acl Two (qtd1g0coOr),Mshale,https://news.google.com/rss/articles/CBMiYEFVX3lxTE5uQzZ1di1fdG1hZWR6NGpNSXdkRXJISURYeTk5S21Ua2xSUXRRU2NGdXZ3SkZiamk3TUJrR0ZnWmV3eldSOG9QSk4tSGJfOEZpSFNxOHlaaWpGUmQ4N2gwXw?oc=5
2026-08-29 16:28:43,AVGO,"Stop Sleeping On Broadcom Stock, It Will Explode Soon! AVGO Stock Wnba Scores (AUkvafmbNo)",Mshale,https://news.google.com/rss/articles/CBMiYEFVX3lxTE1GV0FyZlBod3l0SlhsQ2FyMmhOZFIwZU1PWXFacVZQSG1rZndJQXR5V2VUNUxQcEE5Nk5UallwSXd6ejNIc1BZNzQ1RUd3ZkRxQlNnUHhFMlBBN1ZUZGJrbg?oc=5
2026-08-29 16:07:57,AVGO,Broadcom Earnings August 2026: AI Chip Revenue Surge & Stock Forecast,Intellectia AI,https://news.google.com/rss/articles/CBMiaEFVX3lxTE91dWJXRmVPVVNzWGhTNTljYTNoQ0MyX19pc2lhNDFfaDB1d25vX3pUeXJDbDIteG5VdllyZ0pWNXUtRHpnR29iV1JTT3Zpbm1ockpUbDhSZ2U4QzJLRmlQeExLVkw3T2hR?oc=5
2026-08-29 14:48:27,AVGO,AVGO Stock News: Why Broadcom Is Falling Today & Price Targets Marcell Ozuna (tSeKrELZIs),Mshale,https://news.google.com/rss/articles/CBMiYEFVX3lxTE9qZG9YdWpCV1dFaVF6QzVtUjdOQklucDlpUG1JTVY4SHhrS0lKczg2Qk1HellfZ2JTbUR2dWd4TWwyWHNqUGY5eWFnZmJ2WHQ1LVBreHpQVUFFRXZGN2tuZQ?oc=5
2026-08-29 13:29:38,AVGO,DISSAPOINTING EARNINGS! Will AVGO Stock Dump Lower? Pirates Game (VncHhAhbuA),Mshale,https://news.google.com/rss/articles/CBMiYEFVX3lxTE9VdWhkaDdZSFRWTW1fQlp1eFUwQ1N3cjlBcjZsQW03SXhETkZvR3dOeTZ3cG43MEg4c1czQTVJZFFjMF9iYXJyTjFBdC1BUDdSWmlsQUdCaVdmeGhKaTc3MA?oc=5
2026-08-29 12:24:14,AVGO,Broadcom Stock - What Exactly Does Broadcom Do? The Brutal Truth About AVGO's Massive $2T Surge... Texas (rWJfci5yj1),Mshale,https://news.google.com/rss/articles/CBMiW0FVX3lxTE5tV1J0cWdxR3pCZVJLTmJUMDJxR1RGUVhZakZXdVJQNGE0MEl6T1Fsei1qc0N6SFdNemNveEgwY0hpdmMwWDhYMDFkMElNN0Z1LTZWc2JLaXlGNUU?oc=5
2026-08-29 11:31:23,AVGO,Broadcom (NASDAQ:AVGO) Fits the Quality Investing Mold,ChartMill,https://news.google.com/rss/articles/CBMipgFBVV95cUxQdkl3QjVSNGpuMVQ5SXZ6NS1EQVFibnByTVlJRjZtcnBMTGQzOXZBVlF6TGVXZmlreElVRmt6NnFVMGNUcjNmdnJPdWtUZmdrYTZpZnBjMDFfUG1uOXRud2Q2azNLc1RyQ2IzVW5BUHdZYzRBcWNHdkc2R3YyT0lmWkpBdTNaOFJyRmsyWFJ6ZE1QVU92QkxKSHg3WHBFVDRldjFTaWtn?oc=5
2026-08-29 07:38:47,AVGO,Broadcom (AVGO) Stock Gains Momentum as ARK Invest Accumulates Before Q3 Earnings,MoneyCheck,https://news.google.com/rss/articles/CBMipgFBVV95cUxQck9kRHFVVWY2YVFGanhHS0tKU0I0dVBYZlBWaEJ5UzRld3lOMFVWWjZ4WjJxeDFMX3FhQW9wM3JmQ1R2NkVkLTc3U1gtN2hCN2tFanNNVzdUcHJHZEJPaWVTcndUVEs1NkxfS2pFSFAyVDgybXNESDAtTktBdVVJaUNDZVAyWkk3bG1laFJmazAyNzlQMmhEWW9vNzJCcUpUb01XRUVB?oc=5
2026-08-29 07:38:42,AVGO,Broadcom (AVGO) Stock Gains Momentum as ARK Invest Loads Up Ahead of Q3 Earnings,Blockonomi,https://news.google.com/rss/articles/CBMipAFBVV95cUxQWXZSZkVldmU5SGtBNzd6Y0k1RXJQZUhyMGI2QTBaY1EzR0ZnRzhLbnF2U0tiTDFGejVxc2pyQUhVTVp6RHo1aFV5elJBUlVOTDRjNjRwWm5XUjlHVWlqM2Q1TGZGeHpDeDBuNHJwRlpWMjhEeFRVYm52RlZReDFlYkVVMlE0enRMVF85MFUyZEsyMjB0SjZmSTFDbkg0Qk5tRXQwVg?oc=5
2026-08-29 07:00:00,AVGO,Broadcom (AVGO) Earnings: What to Expect This Quarter,Moomoo,https://news.google.com/rss/articles/CBMiakFVX3lxTE5qUFNNN3V6Y1otVVVSVGp3Rm9kMUMxS2twa1VWUmctSGlTUkRQLUFsc2VCNVRqMVZjazkwQzF4djh5cVR0dzJmbW9aRGNfcEJtRHBob1NyQnJfYXVrZTVqbW5hdC0tdEM1QVE?oc=5
2026-08-29 06:25:40,AVGO,Broadcom stock steadies ahead of Q3 2026 earnings surge expectations,AD HOC NEWS,https://news.google.com/rss/articles/CBMiywFBVV95cUxONXpaN3JleHFLaGczMGp0aXA2cjZWZVh5eUtlUnpLN0s1YmZmLUcyelA0WFlZdkQya2Fxc2tOanNyM19CTVlmV0pkUm1RZDNadTlrSnhZYWYwR2c4M2NGQUt3U0toNGVVWi1VN2hXdGZEME1yYzI5U3I3QlJlTnFLWkJyMDU4WDVId0hvNUM2bzNCVUZEZ3hGWUdfTThOLVVyNFpuMGpFVThEbUQ5NldVU2RPTl95R2I5Q0k4dlRmUjRrNEFUWlR5dmZYaw?oc=5
2026-08-29 04:19:19,AVGO,"U.S. Markets Edge Higher: Two Stocks to Consider – AVGO, HNHPF",kalkine.ca,https://news.google.com/rss/articles/CBMiiwFBVV95cUxQOVpJT203c0lMb0Nxb0p4cnFEUUVwWkdwd1ZrOEUxVkQ4STJ1U2wtNEl3b1RodUpnMWlrdmV6ZHB5emdZXzQ0QjVDbGlaQ2prSUdmeHVEVXFwNXN2TXVIVDU1UktFSkdWN0h0aEctLS1uTFNHSjZ5b0Q5S1poZXVlNTI4Nl9GaDBubDBB?oc=5
2026-08-29 03:11:00,AVGO,Broadcom’s Debt Deal Could Reach $100 Billion in the AI Buildout’s Latest Mega-Financing,Yahoo Finance UK,https://news.google.com/rss/articles/CBMihgFBVV95cUxNbVpOakp6OHpUa0tnN2dpRGZIY2kyYWF2Vks1bzdvX25iQWx6Y2xCWHUtbHZPdlpKSi04d0VGaC1zbnFFQWsyWkZXRzR2dk1PUS1yMkVqTzRVd0g1dmM2di0yb0RjeDJsVnAyUXBUREltX1h5dy1nMG9LbzFqNktZVVJ6VlhZQQ?oc=5
2026-08-29 02:57:08,AVGO,Broadcom Stock (AVGO) – Why Benchmark Is Bullish Ahead of Q3 Earnings,TipRanks,https://news.google.com/rss/articles/CBMimwFBVV95cUxPN0R1bHdudjBUdXc1cmJzWUFiVmxvMkltTmNWbTBMZWphRWZGblVhWGZFb2NlN3VvVFRiZXhUTVFSbVVKYTBoRDJvVWlFZndXQ0hmRjdFdjBaZDR4SXEzUE1wcmN0aFdKa3dYeWpEYlZYTkduclFQMnA4R0NpQU9paVZmWG9mZWRnNUFxRDlSelp0bjNsU3Y1TThQVQ?oc=5
2026-08-29 02:15:48,AVGO,Broadcom Stock Trends Worldwide As AVGO Gains Investor Attention | July 2026 | NewsDrop Score Canadien Ce Soir (68nOckFYhG),Mshale,https://news.google.com/rss/articles/CBMiWkFVX3lxTE5ZRGdlNGVSUDBqS0c2eE9ndGdVa183UWd3OWRDbmtpc1ZiRXdiU0NTUGxtZlNHeFpRWTBGUTZYOW16dVlTeUEwNDNiSEE3YlRLUkpkNENrSFBMZw?oc=5
2026-08-29 01:48:47,AVGO,Jobs Report And Broadcom (AVGO) Results Set To Test Stock Market Momentum,londoninsider.co.uk,https://news.google.com/rss/articles/CBMiogFBVV95cUxPYnhneG9IekktbzBfbi1MaEUtZXhMSl9EMlliWHVMaGMya3VhcHNFNFBpejVGczY3U3M0dmt5bUMyRExPTkZoOFFSOGw5YWFtdkhTZDl3bVdBNWxYNWN1SENOTWFOZ2MzQnlTOWw3X3NtTTFZNkZFcUpkMEtLZkpLRzFYSHF3OVlyS2pCenpBRG9Rc3dtTS1UNHNRZm00Wkx5aGc?oc=5
2026-08-29 00:27:01,AVGO,Why Is Broadcom Stock Sliding Ahead of Earnings?,Dailyhunt,https://news.google.com/rss/articles/CBMizAFBVV95cUxQM2dHN1Q0UEVTMmFwRWg1Q1VVSksyQ2JCX1hTTHpNdlJvTGVWSUExRWw5N1JnNXVaci1kck13SXczbVU3bGpIcGRxSlNTM3VFSDNRMllhU1hjSUpYMGV0ODI3V29zRkpvRjJyX2Zjbm1lMHNpbFFWdGZUZTBySGh4dFZYTklnMlRVSzdDTFNYM3g1eUdORGxROENkNlB3YVZORDl5RkdGM19QMUIwQTNQSHhVeVhIcEd5TFFENjZqdk1Rd0ZNdmRCQXc4c1E?oc=5
2026-08-28 23:59:06,AVGO,"Broadcom (AVGO) Stock Today — August 28, 2026",The Eastern Herald,https://news.google.com/rss/articles/CBMihAFBVV95cUxPMldNclliLWFNNmJ2RE44S2dmWWlqM0h5UWtsR0hJd3NDVUYxNEJtaUZQbWNVX3oxUTA2STRmMDBsa2hkQ1JweVo3bHRTRlpycFMyT3VTUGJrOWRXLW1sbElYa3JlUDRFejVKTzJVOWxzSFlZQlhoOENtVktiZkk2WW5ib0w?oc=5
2026-08-28 23:59:00,AVGO,"Broadcom Inc (AVGO) Stock Price, Quote, News & History",Benzinga,https://news.google.com/rss/articles/CBMiS0FVX3lxTE9GTHVIWXZYZHVFMDB6WmJaMzN2U2FYa3lsbFJWNWlVM1lJMVAtN2J1V2FIbDY3TDVUdmtxQWZpMnBlUmZibk4tU2poVQ?oc=5
2026-08-28 23:11:05,AVGO,AVGO Stock: My Honest Prediction For Broadcom Stock Ahsoka Season 2 Disney+ (rB5JecnzRl),Mshale,https://news.google.com/rss/articles/CBMiWkFVX3lxTE4wVERzckFYYmVnRnd4YTV2YWdqdHFxeVdTNGxLVGhWN2FCanhpd0FIdnZCZTNKWmRjVFZvVWM0U3FWd2U4T3pzd1p5bEJZRzZwbHRGZXJFeW9NZw?oc=5
2026-08-28 20:22:06,AVGO,"Jobs report, Broadcom results pose next hurdles for stock market rally",Yahoo Finance,https://news.google.com/rss/articles/CBMinwFBVV95cUxQeDA2cUZ0QzNPRTVuNzBlRVNTZFpJUTdTYldHb1BzYTJyd2k2T2dwVlZ5ZDJXTE9GX0dzMl8zTVhpYXljTXMwN1hlV2RlX05sUFA2YU42MWpEQkY5OElMdklmMUJBZ2tYbUR1OExkTXBpTzNvSFBqZGl5YkRabmJfUlNSeVVsVWN5R2hjaTlNM3pEaS0wRHlRVWIyR05UdXc?oc=5
2026-08-28 19:25:11,AVGO,Broadcom: I Am Hedging Before Q3; You Should Too (NASDAQ:AVGO),Seeking Alpha,https://news.google.com/rss/articles/CBMikAFBVV95cUxOV0ktdGpCZnhfdU1sM2xUZlEzS1hfR0dsdEJ5cXBKeFlGRHdrN3hlS1BmQldRQ1g5RVFiNzFLdnNyMjMwMEFvV0tqOV94SXVIMDlrNFFqRlN0aEV4Q0RhZldQUHpBOWNQLXZxaV9NdzB5RmpRaWNTM0xVd1hpZXR2eFVldzFETkZhWVV2cGoxek8?oc=5
2026-08-28 19:00:00,AVGO,Broadcom vs. AMD: Which AI Chip Stock Has the Better Risk-Reward?,TradingView,https://news.google.com/rss/articles/CBMiugFBVV95cUxNaWxHQXJnYTl4ZnlLaXBfaElHX1pMaDhkdGZLN1BPeUlRQ3RGbjVYcjY0RXpNWHJqb085S3RoZWlFTDE4X3BpTHpoWXh2N2ZwZkFJZUZvUXRFTFF1dFRpZEhzREhUUzJ0SGR0bWVHVjZCMDhQZFZldlNqNnZTU2g3WFI5U3dsQ3Y3OVpTVjJvQXVPVlhlMHA1QXUzV1V2Rm13dUpaZVhYT1h6WG04TkloMzQ2ZmU0Rmx5OXc?oc=5
2026-08-28 18:27:01,AVGO,Why Is Broadcom Stock Sliding Ahead of Earnings?,Dailyhunt,https://news.google.com/rss/articles/CBMiywFBVV95cUxPTWJUTl8yN2lIMjJzTVZtMHJmSlduVDJ3amc2U3dpb3lfV2JnLWh2TkNvU1VYaXB6VnVQNkZjZHNnTWZrSzJYVGhXS1VzY0hYUjZiZ0QtNDl4VmtFT1JEZ3c5WTB4RVo5eURLeXFCelhMZEx1SGtRemZnRUlnX2Jna0NROUJKOWtlcjdaaFJRTVdPZ1hwR0w5b2M5ZWFRSEVMcEIySnBKdzgxSElqYnFjUl8zU1JmNTNWNXF3b0Zyc3ozdFhHWEFFam9Zdw?oc=5
2026-08-28 17:29:33,AVGO,Why Is Broadcom Stock Sliding Ahead of Earnings?,Benzinga,https://news.google.com/rss/articles/CBMiogFBVV95cUxQR0ZGNDdxVE5WVk9XQ1dEM2pQWVR4SXk3ekxFZXZMSnBqS193bGluUE5WMUdGd24wbGZNYktDV1hsRGlSbHBOdjZzM05iTkhncF81OXBUY19UaXpOZURVdF91NmY4NmlseENSMmJNbjVZcDkzTXNpZXp2ck5qMnZpS3hnMkhvajZKZHE2Q1F0MmYxVHI4S2E0bkZyRVFFS1ZuSFE?oc=5
2026-08-28 17:29:33,AVGO,Why Is Broadcom Stock Sliding Ahead of Earnings?,TradingView,https://news.google.com/rss/articles/CBMiqgFBVV95cUxPcFFKaWRBV2tPY3BISlpRYnY5RWFoNWtfRTVQb0Vsc2NWNW93U0JwbmVzSGdDa284bTRaT0RtQmIzSFZuZU1iaURjNUhMRXlSajhycE1QT2pORTFiSS1HOE9UZ2EzcXpmaUVfOFRZNENSTUlZVGszXzdJaDZRc1EyNk1qTHJMSVpIaU1UMUhOMS1IMjJOMWlCb1VlVVFOblB2VXJzTUhoeEFKdw?oc=5
2026-08-28 16:21:54,AVGO,"Buy Broadcom Stock (AVGO) Ahead of Earnings, Says Mizuho",TipRanks,https://news.google.com/rss/articles/CBMiiwFBVV95cUxOWnlhQjQzb3paNXhBU3dPdFhDcURYT1JET3hYaWZNcnBJbEE0RE9HcG1YVTVlaTNoN3FwTU9ZUDloTDRHOU9hOHpRZ041N2lhOS1RMV8yWG9uOElJakhlYWFtanNsVExOVXpXQmxpV3NaczN6TXA0ZmtDam13TEk3emhlYUVqOHpYVVg4?oc=5
2026-08-28 16:20:00,AVGO,"Broadcom selloff could be a buying opportunity ahead of September 2 earnings, Mizuho says",Business Upturn,https://news.google.com/rss/articles/CBMi0wFBVV95cUxPanlLV056aFB6OUFIN2FoYlhFd0lZVkVPUnlxb29HN2hMR0JOXzJCVFVKX1JvbUZiVTA0NmxoNzZxM012T1I2ckNfRHluU0V0ekNBRDFZajRHdzVOVC0zRGo2THNaQmNQM21mM2FiY01pY1ZGUmdjTmZsdHdDYkk4MWZ3WGtEbkJPdDFUZkc5ejRMMTBJUnFDelY1UmdaanU5NDBqTmxObUJSdUJhR2xZWE5GQmg3VWx2dnVPYnVJT0VoVGxIS181MmNRX3BfMTAxTzVj?oc=5
2026-08-28 15:38:13,AVGO,$Broadcom (AVGO.US)$ Broadcom my goat 🥹,Moomoo,https://news.google.com/rss/articles/CBMikAFBVV95cUxPMVF1dmxkcG1pUjdDTVZYQXlXNF9EcS1SQ05qckZvMVRPdFFhdDdLOHh3a0FMaWdsMDNOLUNnY2ZZb2JNY1NZeDZ2MTh0TUNWVndiZklBcUs3SEo3ZkpuV0pUcDhLNzlXd1dzdFd0Z2JnbndGZVVWOEpmb3JCRmxka0hPN1pYNzNEQ09oaGJveEk?oc=5
2026-08-28 15:17:39,AVGO,Mizuho Sees Contrarian Opportunity in Broadcom (AVGO) Stock Ahead of Earnings,Blockonomi,https://news.google.com/rss/articles/CBMioAFBVV95cUxNdjZRTE1Qak14b1FGNWNmTU03RnAtWkxBbFN0ZkYtWml2d2tpQWZNaTV1RW5YaHdPbmNVT3hfMEZsN2VLVWp0Y28tb2hoWWxPM29tMGQycmJOVmhuc2dCTVM4anUwNkp2NExtcFhCN3M5a3BvX3ViT3I2UUx1Sy1JaU9fVVJwN3g4Vm5oNWJnOWM5Y2RDMU1KZXZTRzZFUWds?oc=5
2026-08-28 14:30:00,AVGO,"Mizuho is bullish on Broadcom ahead of Sept. 2 earnings, citing 30-quarter streak",Investing.com,https://news.google.com/rss/articles/CBMi2wFBVV95cUxQVnNwSFoyMURScW5MQWlhUVhxeXk3UFA1ZFhFaGU1OW96NWJ0Vy11WV8zVHJfREVYb0dXOENYUzQ1YTB3amkzWHdiS0UzWTNYZTFQMHo3ekJvV3NPMnBsZ2pnem1oRm9ySXpxMUdDNUtsZWJtNTd5eHpGYllyaVpkX2NUQVhiX2pyTlVsOHgtX0NNZ2E2Z2hOaVhmT3pzWTZjMXhtU3U2NXFwRGNxS3FBX2NVTDFUVlN0aEkxSG9GWHpucnVEWHRfYWM2eENfVXpNUGo1aVhzdFVBM2s?oc=5
2026-08-28 13:30:08,AVGO,"U.S. Markets Edge Higher: Two Stocks to Consider – AVGO, HNHPF",Kalkine,https://news.google.com/rss/articles/CBMikAFBVV95cUxQbk9SR0VMa0c4OGNNc013Wm0ydHZxODBoLTRibEp0bGZ3aGZWSmJoOTlHajEwUHFuUDAyeDI5U1E1N19PVERfelpURm04RUx4cy05R09kNVV0ZlgyVHRycXVRYXZOb1ZrR2JsZTJoa3VyR0dxZERfM0Zwb0E4LWpTVlQyMjhBQ1BNZW1PX2FEVHY?oc=5
2026-08-28 12:22:43,AVGO,"Broadcom (AVGO) Q3 2026 Preview: EPS Est. $3.24, Reports on September 2",AlphaStreet,https://news.google.com/rss/articles/CBMimwFBVV95cUxNcWh3WmUtZk10OFNrcDBwTU1hMWRGNTV4UEJkaXRZX0NPcF84WkVWRi05NnVQYnNlZkhSenQxdm5GNUh3Ulh2RXVBV1cxbU9qTDNQUS1TV0pGNXU4a1lmWVVxTklyVzNTQlRXaVNYeUptN0VJblRGS19ZWGtGWDd6N3hGZ1RtbnRRTzVyN29BX1RucDNyUTJ5RTJGQdIBmwFBVV95cUxNcWh3WmUtZk10OFNrcDBwTU1hMWRGNTV4UEJkaXRZX0NPcF84WkVWRi05NnVQYnNlZkhSenQxdm5GNUh3Ulh2RXVBV1cxbU9qTDNQUS1TV0pGNXU4a1lmWVVxTklyVzNTQlRXaVNYeUptN0VJblRGS19ZWGtGWDd6N3hGZ1RtbnRRTzVyN29BX1RucDNyUTJ5RTJGQQ?oc=5
2026-08-28 12:06:43,AVGO,Analysts Offer Insights on Technology Companies: DLocal (DLO) and Broadcom (AVGO),The Globe and Mail,https://news.google.com/rss/articles/CBMi8wFBVV95cUxNMnEtbjNmeFJFSW1DYTlIVDFpakF6STZFNlRNckQtZ2dhTEN3SDdrYWpfU1ZGSnU2RnZVOWxQX3NxNFZoNjZkRFM2V19hX3FlTkg5aFVRSzJveTYyVUJhWTQybTBVaDMtMmpxd3JSczVPNXhFeEVlTzZJRmhIM09BblYxWUV4VVdoaXl4MkxYdUlHS3lWTHVmWFByaG9xWnNHUGtsOE80WlNaaEd4TDEweHpCQTZsU3RtWFZvZkc1ME13d05OWlo5bzk1WVhtUENkRVdJcHJFd3owNFg1dnEwaUxIdTZrNGhZU2dSQnFhVmVVeWs?oc=5
2026-08-28 11:10:06,AVGO,Broadcom Stock: Is AVGO Underperforming the Technology Sector?,Barchart.com,https://news.google.com/rss/articles/CBMipwFBVV95cUxQTml3T3gwOWJZVS1UZkFxWGptYWJ2LXhMSU9LRmp0ZHNHUnZqRHN2SEl1Ums2Q2RyaUREVDlpR0dyRmQxYW1YVjF5RzQ3NUpSZFc3bTg4OTZYeTMwcUpPZlFlV291TjdUM2tyNl9xZkVvOTBMMkdiN0xZTG9NTnhWRDNpREdGc1FLcDBEZ1pZVGplcjFzVi16OHYzNEhvNDFYTXpRT3pWdw?oc=5
2026-08-28 11:10:06,AVGO,Broadcom Stock: Is AVGO Underperforming the Technology Sector?,inkl,https://news.google.com/rss/articles/CBMijwFBVV95cUxPbWlCSXlTNXA3Tk82dVRHZzBpU0dmbzF2UzFhMzNfWmNVQXl5Wm9aUVVoUEVzaUloTjVmcUNQRmdrZTNHbTNyUjZlWkVzM1VGME5rVTh2TEtOa1EwM1ZLTGRPaXhNOFdnc2pqY3JfYmtMOXV3RFRvN3EwM2NPTFlPNElPdlF4YUx1bkM1WU1FMA?oc=5
2026-08-28 11:10:06,AVGO,Broadcom Stock: Is AVGO Underperforming the Technology Sector?,Yahoo Finance,https://news.google.com/rss/articles/CBMisAFBVV95cUxNZVh3Wm1oQmJ0Q0o2aDREY3ZXVFNWbXNRcVRpRWNsOXFWak5UMGlwaHV1SWpzZGRna3Y2Q3VZNWVzbjU5N3d3ZG95LVNaOTIxVU55OHZHYzI5Njd2djhwSDM3TkZrTDVWVFljX1NaUWl1UFhVVUhGbWFvbWxaMUJKOG9VRVdkLWtSVjZDUE5rNHFoRXNVZU9PWWVUUVp1bElQRm1KLUctTDJVTnVYMnMyOQ?oc=5
2026-08-28 10:33:35,AVGO,"AVGO Stock Gains 4.49% Today, Momentum: Explained",JournalArta,https://news.google.com/rss/articles/CBMiiwFBVV95cUxQZXc1QWtoNV9UVTY0eE41Z2o0cnp6VmFwY25RYXBSVVlWOW9SNEJWTUZCQS1CSnNud3QzRmM4Z3M5UVY0Yzl0Y1RXYTRRbGxEcF9sOEdxWlVqSG9tS2RZYU1vTFRIRVFCZ3J6VDlJc2RCMUdJZUR3a1lMOVZCUHhVWmdwekZlX2ZVOUFJ?oc=5
2026-08-28 10:02:46,AVGO,"Wall St Week Ahead-Jobs report, Broadcom results pose next hurdles for stock market rally",marketscreener.com,https://news.google.com/rss/articles/CBMi2AFBVV95cUxOS2RGZjR1U0pBcnd5dzBoVTdEdGx3bDdFdFAxckltUzVoQnpxejB2WURfeXZBVjhvVXoybU1YZm9XNGtWM0VreGM3M1ZmWnpxbi11WE54U194bEZBOWRZRzlGSjY2U1NXUEJlQVdDanBPa29fRGJjamJ0dUhzYUNVV1BLbUgxTkxmb2JEYjRpSlhIZ2M3QWZPMklYMVdNWFg5dWpHTVpNeTk3alhmbm5rTElQREJHVUxMYnZraksxUzRrblpLMTdIcGZoYjVNcUYzN29QR294Y2s?oc=5
2026-08-28 09:19:26,AVGO,Broadcom (AVGO) Stock: Should You Buy Ahead of Wednesday’s Earnings Report?,Blockonomi,https://news.google.com/rss/articles/CBMimgFBVV95cUxPdmxRTjlTeEhSZk9JNC1GQTdfdVNxZXZhcGoyNm1oVVp5RXNZRXJma3BoQ0xNcWpvcHVydHRFSjdXejlYWlFfVTR5U1dtZ3ZLWndURGoyS3I2VlhfSjZreHQ4TmNfdDlqZFVVUFBpTU5aSU9jN194emZzNW5vZml0elg3Q0NxVk9Qb3hodWJJNVkxcUJ4bDB3RkFn?oc=5
2026-08-28 05:53:36,AVGO,AVGO Q3 Preview: A Revenue Beat May Not Be Enough,Moomoo,https://news.google.com/rss/articles/CBMipAFBVV95cUxNWTFMdWtBU1M4Z3QxLVljNVlydUdfanM4aS1TVk9zUzQwWXE4TG5zdnJZa0hRNURoalRISHVxLTEwS21fQzBVUklnbzhjZWhLOGt0SnE1aHM0U0p3QnFieEUtbDN6UEVNYlVMT0pOSl9IQldBOXdpc0lwUHAyT29WQkpUX2VMamUyRHFfUFpWMFBKUWVhUTc3X1JpeUlsZmFGSUpSXw?oc=5
2026-08-28 04:07:06,AVGO,AVGO Stock (Broadcom Stock ANALYSIS) AVGO STOCK PREDICTIONS! AVGO STOCK Analysis Avgo News Today Gwynedd Maldwyn (Qp9lCjsynC),Mshale,https://news.google.com/rss/articles/CBMiW0FVX3lxTE40TzgxbmQ1R194Y28zX251UEczbVNtTXBES0d0ajMya3d4RWxRaFVBV2VqeElpb2xfRk9UYUR3N0Y1MmZOQVlmT1MyT0M2TzFjMW95cThNaE01cEU?oc=5
2026-08-28 04:02:21,AVGO,Broadcom (AVGO) Just Changed The AI Game — The $2 Trillion Giant No One Talks About America Vs (gWr6FZwGpF),Mshale,https://news.google.com/rss/articles/CBMiW0FVX3lxTE43NFJEdzBrTk5pNTROWlhRMms5a3IwR3pOU0xaVU40T1c5Zkc2Z20xVE5UUUo4Ny1KT0R2VVNDY2NEcHdFbGd5Q2RmQUlYcFBBakdpNlVGZkxTVTA?oc=5
2026-08-28 02:54:36,AVGO,NVDA Stock - Is NVIDIA Ready To Pop Higher? (NVDA/AMD/TSM/AVGO) Arsenal Vs Everton (wgf1cfySVP),Mshale,https://news.google.com/rss/articles/CBMiW0FVX3lxTE1nUGMyZVJDUWVlRzFtbWExRFBGVXkzUUVlNXJNZkN2TTNtMjVuTlRweHhCOGJzV3E1d2tWVDZGYjZWRm5FMElaelBhQjFSNWtVQjFJTnlsVjl6RnM?oc=5
2026-08-27 22:32:26,AVGO,AVGO Stock Slips Nearly 3% — Broadcom’s AI Spending Is Pushing Credit Risks Higher,Stocktwits,https://news.google.com/rss/articles/CBMi2wFBVV95cUxQUE0tRXNKNTY4QU5BWFVNa3RlUmVmRDBvc0lUQ0xnZkhyT0VETnBjdU9DQWtIa2hIM0VETEFjSGJfaTFQNDlLZThKNEZrbld1ZGl3emJHbGtBZUVMbVFKUHBRU0lpU3JkTXBmYVVDbUNMVlZFT2h2MWdFNGt2ZmUwcmd2bXpmaTdWcWhQRlNpNzloaGZ3TnBzNXAyTUtVZzdwY0VkUUw2R21MMkVweGNOd0k4ZGQ3cXhqanFEQTFjcXFta0djM1MxZG1jMjlqX0FMWUZ0SVdNZnl5d1U?oc=5
2026-08-27 21:42:05,AVGO,Nvidia Drives S&P 500 Higher As Volatility Signals Begin To Shift (NASDAQ:AVGO),Seeking Alpha,https://news.google.com/rss/articles/CBMi3gFBVV95cUxQUjQ1eFlIckZ6bF9yTU1MaGNmTVo5bkhCT2RaWVlMR0NGMjRqd0N2UFl5Unl0SUdBdWZxbGlsUWs3YTRlaDVJcnBxdTBJNlphNkZQMlJyYTJpY2tmdkdEdU95TFp2Q2RSTlZnVEl6cTM5eng2ZFBjb0JVSjNyUTNINUJlNG83QWRUV3BUcGQxRWVCQzFpVF9BMDhnTGxtNnItbW5zdVNYZUtpUTVidVBSV2VWZ2dWeGtCaFIzWlZrcDEtcEMwYjZOcW0yV3hqN2JNd3pBdUV2Ukd5d0ZtSVE?oc=5
2026-08-27 21:21:40,AVGO,Broadcom Stock (AVGO): Who Owns It Ahead of Q3 Earnings?,TipRanks,https://news.google.com/rss/articles/CBMiigFBVV95cUxOcEYtWGc5R2JfMjY2cW9DMU9JZVIyNHkxcnFpanRUMGdab2cyRU82NXdFR19MVkRFbFcyMm5EYUIyMmtveFJFYkkxZXhPcUppaFRUdk92OUxGeTFieFBxYVVVcV9qRGlVNEJEcGdxZ2xzVXlBc1hiUjI1b2dUQWJlSmJwTUxfTUNwaGc?oc=5
2026-08-27 21:03:51,AVGO,Spicy Stocks: Why BNP Thinks Jalapeño Could Benefit Broadcom Stock,Barchart.com,https://news.google.com/rss/articles/CBMirgFBVV95cUxPT3llUHpmWURxZC16a3NxWVVqNTBzV2t5NnJEMEgxVWhEZ2YwZXk5dWJpcWpIbW1aaWJsZVljRDBieXh5TWthQWJmNFItaHZTdmRaUm5fQkhoLTh5QllrLUhPVTFCWUlyQW8wLVpwazQwdTBnUHhRR2ZoYlY2ejlDZWdyak5uSmxUcE9MRXRrUkY1UUhFaUhJTm9Rd25QaE5xbHY2QUhiX3pqMVhqTlE?oc=5
2026-08-27 20:28:00,AVGO,"Broadcom Inc. (AVGO) Key Financial Ratios – Valuation, Profitability & More",Value Research,https://news.google.com/rss/articles/CBMihAFBVV95cUxNbWFCTkF1RDQxYzFFci02Q0gtSWdkTE5rVUtUQk8yOE1MX29keW9PcFNwRGJ6eHkwdkpvclRkYWpuVEs0aW1aNVZYSXg5VDA3UEVCcmJ3eGp4V0VoanJMVFd4ZHQ4UU5xc0c1a2lZSmZyMjlLbDVraEZ1N21NWll5TElKYnI?oc=5
2026-08-27 19:34:01,AVGO,MoA Large Cap Growth Index Fund's Broadcom Inc(AVGO) Holding History,GuruFocus,https://news.google.com/rss/articles/CBMikAFBVV95cUxPajR6cUV1MnlrM3ZqWE9ESVVQY3h5V18yN2MzLW4yOUdURF9yMFNyTXhpVVdud29xVThfMmxVMDh4aFljQVlxb0JDZUtXSWRWVC1qb0h0V3prNmlEeWRWeU03cm1hSWY1RDI4d1R4WHI3OG1VelJmZEx3ZXJOMmNUTUFQRndBbkV2dkFuYnpYamU?oc=5
2026-08-27 18:23:11,AVGO,Broadcom Inc. (AVGO) Stock Update: What The Latest Price Action Is Showing Mississippi Redistricting Special Session Cancelled (6ZVtO0TsmQ),Mshale,https://news.google.com/rss/articles/CBMiWkFVX3lxTE1tcFhQUmxuT0VndUVDc2ZqVUNSbXFHWnJtdW84bmpmT3NOWWo4ZmtVY2FiQjRqemIxWTdHRkZ1bGVIbFZhUWZycVNtV0U0TUFvTVNIUC1ON3gzZw?oc=5
2026-08-27 18:03:00,AVGO,Broadcom Rides AI Semiconductor Growth: Can it Beat NVDA & AMD?,TradingView,https://news.google.com/rss/articles/CBMitgFBVV95cUxOcXVzMFpKNVJMYzRBM24xTFR4a2Rna1UzeUE5QW95SldBQVRNNTVMWU5mWm5kOVBTNmtzTTg2czlETGNKa1V5cFh4N3hZcUtWUDNXNGEwYkk5SnNORVJyVzNhNXprT243XzJJYkFNQ0xjOVZZVnN4RWN4OWFRU1plTVRTSzg4RkJFanFTakEzSzh5OW9lV2s5QkNCNC1QWHZUSmY3dXpGSEhYZG5Ya0k3TmEwakJ4QQ?oc=5
2026-08-27 17:43:00,AVGO,5 Reasons to Buy Broadcom Stock Before Its Sept. 2 Earnings,Yahoo Finance,https://news.google.com/rss/articles/CBMimAFBVV95cUxPaGVhOFhtNjAyZExjamRPUHRLa1I5OWNvc1B1OVpXc1V0SFZPRnBUemJtQzhyTm5kQU1xTERCdFZNSlVKMlRiNEZqSVQyNmpUN3FVUFZRTFVHV2F2V05lRUVocDZTYTE0cWoyMEtBUnZGNk5fMnJkQlJlZlprS2d4bm1vRjByaGtZUGtGT3JBTkdheHBuYnM5Tg?oc=5
2026-08-27 17:31:01,AVGO,Broadcom Rides AI Semiconductor Growth: Can it Beat NVDA & AMD?,Zacks Investment Research,https://news.google.com/rss/articles/CBMiogFBVV95cUxPQmY1NHFuVm1MZU5zNUdSeWJYVWlWTEFiMlNZb18xMG16dHNuVkNBNkRvNVRycGJxZ1R5MkNfUlpCSlJuV1VJbTlUSmtYRjdLbk14Nmw3T2JkRHhxa0REdVd0dmZRUE9vMmgxcXBLZ0ViWnhjVFd4S25XUWc1ZHA1cVBXVkRQSmdQVVRyTC0zdE5NQjBpZHdwanRFMjUyVjZPaXc?oc=5
2026-08-27 17:26:16,AVGO,"Impinj and Broadcom Shares Skyrocket, What You Need To Know",The Globe and Mail,https://news.google.com/rss/articles/CBMi2wFBVV95cUxOVFp6OVZ2YkdZOG5DdTQ1Wl9KOE9QcU5Balh5Q1VjdjRaV0pZcWN3ZHJiZm9YWVNoV0VBYkZ1LWZUR1Q2NTBMRkFiUU9Wb0NGX3lEeC1pYjRoSDRwNDZlbHJuY0NUNkJLYklzVVI2d04yc1oxMS00eDVGaGppYU02eFpjQURjVDBmTlo3NmhHckdxbkVnR1FscXFXMGRqZ3JCeFBVYUE0U0hDRVRFR3QwaERnTTRvQ1haQnBPb2VzeXhCbFZ3SExTaFBXYURJVDhhMno0Nm52T0EyUnM?oc=5
2026-08-27 17:25:00,AVGO,"Impinj and Broadcom Shares Skyrocket, What You Need To Know",The Globe and Mail,https://news.google.com/rss/articles/CBMi3gFBVV95cUxNOGNabXhfYkdZY2MyQWp3cTBTaUlfc0dXcFNNWmRvRnhaRkNtc1N5TFh3aHBNbUV4eE43QzY1M3F4YXlvVWE1RnMybHFGcncybmszQWlhRHE5V25DZzJoc1pFQTlFNk1YLVJ1eWtGTFJFc3d6Y2wzRGUwaFZYdkoxSmFlUFVIM3p3aG9hMklkZ21ldDRFTjFkNDhTQlB3TmZ2dTNXSXdtM2pVTFVlU1ZoeUFiRXNBOXMwRTNjdUZMODdycXN2TkFSNWxDOFFEMXBGLTlfOGZxWVpLamJqcGc?oc=5
2026-08-27 16:55:22,AVGO,Significance Of AAPL & AVGO $30B Deal As AI Chip Trade Sees Pressure Carburant (yke6Sb8Iu4),Mshale,https://news.google.com/rss/articles/CBMiW0FVX3lxTE1KX1BMTmRsVEtsZnU4dTRZNllha0JFWlNDYnFUMm5TZXcyVy1sVlZvYUg4UGhvdExubi1XY0pWOGUza0tFcW1FbzZiblpoRURBNlJITEtSalpIUjg?oc=5
2026-08-27 16:17:42,AVGO,Broadcom (AVGO) Stock May Trade At A Discount After AI Debt Concerns,Yahoo Finance,https://news.google.com/rss/articles/CBMimgFBVV95cUxQQ3RKVDI1SHNnTkIwN2ZTYjQ0YTNMMWtOcEpfV0xUX3VBT0ZhcTRCaS1KOVhodzZmMWJMajh1dmtfR0Q2TmtHVVdfdkFMLVZPNWFmeGdVVm1aS0g4WHZ0c0VKa2VrR1l6NTVlUHpMWHhUWUZEUzliQVFQUVBiR1JPWkNpdTJROXFYNGFhaFFzdkhsd2NOVVppTUdB?oc=5
2026-08-27 15:24:36,AVGO,Broadcom Inc. (AVGO) Stock: Surge as New Kyndryl Partnership Strengthens Private Cloud and AI Growth Strategy,Blockonomi,https://news.google.com/rss/articles/CBMiyAFBVV95cUxNcDVjTl9XXy1xN1I2M2lSbGhiYWhEUGcwSUVZNlRkUFBaQ0FxeUdIWlUwNnd2V2FaLXVhcHIySExxZXg4V0lDWUwtcTlVdmoySVVuTUJ5eVVOdFhsVmxmUERTM2NTLVVsalh4Qk1SZXFRVGFvWFBBaXNoeGVmdnE0dGhKSzlsNkd1WURLVkRZOHhxTkExT3pSVTZrRlJtT0dhNk5PenhzYWozWkcyYmtzX0tHRE9JUnRwQm5HWXZwTEFrTXBJZFNrQg?oc=5
2026-08-27 15:19:34,AVGO,$16 billion AI semiconductor revenue guidance lifts Broadcom stock toward $375.9 resistance,Traders Union,https://news.google.com/rss/articles/CBMikAFBVV95cUxPNlFDS1d5dnhXNjh4ZGZoOEQzcE1faVdHZGpadEtINngzUExYVDJ5NHFHSWV5Q3M4RnJHLWFIQXpmRWdEQWhuUTRZSzNWUTBMa3BBbTBORVpiX2V1Q3IyakFXZm54VV9PWlltUFp4NC12MzdzV3RiWUVCSWRzWUVUQXRLeGpDWVpoSmJJd01oRVk?oc=5
2026-08-27 14:15:27,AVGO,Broadcom Inc Stock (AVGO) Moved Up by 3.33% on Aug 27: Drivers Behind the Movement,TradingKey,https://news.google.com/rss/articles/CBMiiwFBVV95cUxOdUl6QVlyRHhmVHVjUUNwOEtHYU1JZHRSaUo0LW9OSk5uU2ZhaG1iYTduMnM4M3VLRTVUZWNsQ0tZRWRBbEVzcDJWMW4wWjNwNkIxaE5aMG5kbnhmeTY4Nkx4RG5ESnR2Z0JVNVlKY21oWEJtakJ1N2pjeHgtX0w2bWZ1c3ZUakowU0lr?oc=5
2026-08-27 13:44:08,AVGO,Broadcom Looks Expensive Until You Price The Order Book,Trefis,https://news.google.com/rss/articles/CBMitwFBVV95cUxPSS00bVVyUEJEN2JOX2tWM1RKTzNoSmNzX29TNklUUmdwLXhuYVdNNlBNeTdXbF96MGhNWmxPLTBfOVlseWExT19xNjM5ck1qVFV6QUlSdUJjOVZyOUdkaWFNYXJJaDRRY3B3eWJ0RF9PeldKaXh4NmFLMTkwUTVqM1FqTXZ3enQ5Y29RS0gxNnc1V2xQc1NuZjRqZlF0anY4akx5ajE5YlBRNDhKS091SmItS25URms?oc=5
2026-08-27 13:35:48,AVGO,"SIG Maintains Broadcom(AVGO.US) With Buy Rating, Maintains Target Price $490",富途牛牛,https://news.google.com/rss/articles/CBMirgFBVV95cUxQc0g3M29YbkpMbmV0SHJDdXBabk5GelJ6cWpoMzlTSDUyeDVmeUVMRVg1NGlQSHc5eHJpQkZFYWowN2hKZXotYjBPR0h2aklnSGJ6OXNqbC1LNFQ2MlNjYlN6WjctQUVFUXBacjZnUk05dFVBUUdXVnVoMm5EREdDTDh4Ql9IaHRaeENLN0tCQ1hPMGVUMkJXRkxRTEdvbk9DT1VuU0FxNV8xVjNSMmc?oc=5
2026-08-27 13:33:37,AVGO,What's Going On With Broadcom Stock Thursday?,Benzinga,https://news.google.com/rss/articles/CBMinwFBVV95cUxPSzhuRWM3M0FWSUZINTVRZlpnU2VjVE9OVHJyVzJoY1NzaVNtSEJnNWJDUlBMZ3ZydDNNMXI1TDFFb0JST182RDFEMFBwR0JlNlBzd0Q5eEZ1OUdVbEFGLVl4NXFROVRqczY1NVhLWlROSmtDaDN1cm5VTmhVTUtiOTZ3QXQ4MEltSHpnYmxzNm9jcmU3MlNFWmdBS0NmMGs?oc=5
2026-08-27 13:33:37,AVGO,What's Going On With Broadcom Stock Thursday?,TradingView,https://news.google.com/rss/articles/CBMipgFBVV95cUxOQXE2dE5PQ0Q5OHJyTU9YcW9MSl9aZWxpMGVyVlVlUG11XzJWWEZ2ZkNNTTNpM0dQNGhFdXJVRDg2YzBXcDhiRWhmQ2wwajRQamh4N1BuOTg2TkFTcnlZVDd2N05Udk91VWRTMmpVaVRqTTBCRzQzUkZrY0dNQWpuaUk5Vzdrb29DNkNvWXh6WUlXYlRGanJmM1VnYjNpLWRqb2tPc2xB?oc=5
2026-08-27 12:26:59,AVGO,Broadcom (AVGO) Stock Looks Fully Priced Despite Cash Flow Upside,simplywall.st,https://news.google.com/rss/articles/CBMizgFBVV95cUxQcjRLOUdQZXFlWUI5WmQyMElhY1hBZ2xCS3dTOXhWdjN1dC1KMUViM2dIUEpNdGN3OWxyQkx6T3VoMmczZTd0amFBSnhXWnVsak9NbGpxRi15blVndE9SdW9mcS16SVJnNmRfWTllWEh2MUFkSkZMUGdyQ1oyVVZCMWZCMTJ1M0NqMU9PVzRhaGdFVFk5UHFYT1NxSC1aUFV3SjdzMldYUkhSbjkybWM3Rmd4ZUlVYXlvZjVydmhUS3F2RWotbHF0TFRJcjNWZ9IB0wFBVV95cUxQak1MQ09KcHdUNXVtOTZtcG9TUUItQng0QnZvSVVkbW16Z0JVd29QMm9aSk9yNkxlWVppM1lSU20taFpvWmI1Mjd3WlRPbjhvbDV1M2QycVVOSzg4aW5ha3F6U0RNbkZXeUhxX2NlcjFlNU9nTkhCa0gwNW4yMDVvcHpOenNZVTd5b0M1ZkN0dUthYXd5aXN3WXQtVWV5cFVjR2N2QmRKOWxwa2dYNEFWR3hMTU1HT0VnX0E2eldjWTYycXRBMXdTX3hsTG42Zk1CMW9n?oc=5
2026-08-27 12:10:00,AVGO,History Says This Is What Will Happen to Broadcom Stock After Sept. 2,The Motley Fool,https://news.google.com/rss/articles/CBMilwFBVV95cUxNRlM5SG5WRmJFenhFVnQ3MlJWcVpNcl91TUc1X0VCTjhaOUNRN1gzR3V6SzR5cnBiTVRWaWdXRnRoeUxDaFNZdjF6NkVxT0Iyc2otamtJRUo2bldLVHp2RnQta2JRMGFrWjNvNnItcWZJMHVpdGNHa2hhUmFnZ1oxVXNmdksxV3JqRFREU2w3ZWk4SENJWjRv?oc=5
2026-08-27 12:04:32,AVGO,"‘It’s Bad, Like Nvidia,’ Says Top Investor About Broadcom Stock",TipRanks,https://news.google.com/rss/articles/CBMikgFBVV95cUxPWWRkTkVRNS1OSlpjdHY2MVN1LVV6Rm1oQWttSjRyQ1BKY1JyeGhEdnQ2RWd1V2F6Tk4ybUpVbmVzcWdEd1pwVmphNndvb0M2Q0liOWpla09PUkdMR2txRlUwY1dFSmQydkJMTDNaZER6UVM1V25VZ2hEUWNOR3dyQm94M2pBQ1h1MWpta1dJNVpRQQ?oc=5
2026-08-27 11:51:25,AVGO,ARK Invest Shifts $20.5M into Broadcom (AVGO) While Exiting AMD Position,parameter.io,https://news.google.com/rss/articles/CBMilgFBVV95cUxNOERicnU0ZUJ3ZVdqbkJpQWNIS1hDWC1Ba3VLQm9ZWkpKT1FleHV1c3IzVDk4Q1VSS1U5NU42ZUcwSzU3cWF4LTlENGNzUjlCRjRBRmNRX2lMX3llMHBmOXdOWVVmcktqNnJIS0dTd3RVdU1Nek9iV01OczJHcUlPZVFEOHltM3NQYVIyNjBuSHVMYWQ4WHc?oc=5
2026-08-27 11:48:26,AVGO,Cathie Wood’s ARK Invest Shifts $20.5M to Broadcom (AVGO) Just Before Earnings,Blockonomi,https://news.google.com/rss/articles/CBMinwFBVV95cUxOOGh4dVVtM29wYmhNeDZ2T1BQSVFJaG9oQlRGSjNRMjBQVURfUC1oUkZVdnM5VkRkTk1pT1VSbW82NFdDRGtPT0F5VF8ycGpSV3hPX3pPaXdHQU55STQ0V3NNZURLeS1aVkY5MzdXNlBtYkZjUWpvTzdnN1YyaEx1TWdJUVVkTl81Z20yOWVxWXVTZURWMWZaaWlqa1VlOXc?oc=5
2026-08-27 11:42:53,AVGO,"Oppenheimer Maintains Broadcom(AVGO.US) With Buy Rating, Announces Target Price $535",Moomoo,https://news.google.com/rss/articles/CBMiugFBVV95cUxNVGwtcEhIQ3FrMF9tblF0WTI1b1ExLW5qTTVuVENkUXdqS2dkWXdhTTZuUXNVRHVKYTZYbktIYnlFQlo1V05wTzlNSTNsZmdFbnJZc1lvbHZBVzRibHRTMkRNb25BOENoWTZxbE90ZFg4cFJONDZjeEFXc05RNGo3N0V0NnQ1WlVwdVJsTmFXYzVJbUMzdFJ5cDBWWVFkZWRNcWZ3VThKYmFFaGwyMWxLYVRCUzJjUVZhU1E?oc=5
2026-08-27 11:06:26,AVGO,Is Broadcom Stock a Buy after Its Recent 27% Drop? Cathie Wood Is Buying AVGO Shares Ahead of Earnings,TipRanks,https://news.google.com/rss/articles/CBMie0FVX3lxTFA5cUh5QVJyejJDaWVEcHN1WlFMOWNOUjdKRlhncUVmVURlekVsUks3Tk5lcWRtNzZCeTk0UmlWWS1US0p2SW8yOGVtNzJwMEFXRUtvN3JDc3pkeDlkOGlmeWRKLVFaOG4weUlyT0JQRTllcWk5M182Vk1NVQ?oc=5
2026-08-27 11:05:02,AVGO,"DELL, AVGO, HPE: 3 AI Infrastructure Stocks to Watch Ahead of Next Week’s Earnings",TipRanks,https://news.google.com/rss/articles/CBMixAFBVV95cUxOSVZlT0NXNHRrSnFLYkNZWG8yYWpIUWVXOXNXLWY0eklaODVpY2UxYl82YlRzNlhKLWVVLS0tMzU1OGFQTnNBeW1xeFpmZUtTeV9lV3pwR0hKRW5MNlk0ZENjbXhOdXRnT1h2bnRFMWtrQ05VMU1CcXhpSHBnTmZkWFRpYTgzbnlmSXhrQnB5T01pSGE3MnFoVUdNVV95SXVyMTR0bTBadnlqUGdxV1Z0Mks2SWo4a0kwaFpoYTZ2RHgyNFc3?oc=5
2026-08-27 10:50:20,AVGO,"Cathie Wood Bets $20M on Broadcom Ahead of Results, Sells $18M in AMD Stock",TipRanks,https://news.google.com/rss/articles/CBMipAFBVV95cUxOT0FTRlJlekNsRGhFdnp0b05tXzRMWmFORUhnZmF5bUJSLXR4dnh4VzktOWo5UzJXQW1UakVxcWJvR3JiY2xhR0VoUmJPZWFkaWktdnJCTlY1aW56N0dHQ3ZyLTNFcVhtVmF4SVk0ZWgzdUFabGtRUFg0c09fSE5ScGpXbUo2NXdYTloycEJDbkhjUmwyb0pKNXhjQTFmM2lUZGQtVg?oc=5
2026-08-27 10:45:30,AVGO,"INTC, AMD, AVGO: Chip Stocks Jump Premarket After Nvidia's Blowout Report",Menafn,https://news.google.com/rss/articles/CBMioAFBVV95cUxOWERaQ1hhU04tUzZJSUVZeUhtZ05TNk8ycXdDdnVLSmM5Sm4ycmlzVlQ2eXhuNnhSZmdIcWpSa200SkRMQ0ZfSDRYWGE1SU9uQ0RKNVpNZjJJU3JoOGk0WlFhN240RlpFWkpFbUNlS0htRHdUakw0am14dXRmaVlSSkJWZVZtcHMzTkQwNGVKNkktcDVpNjBWNVBtREZIcjlk?oc=5
2026-08-27 10:35:01,AVGO,"INTC, AMD, AVGO: Chip Stocks Jump Premarket After Nvidia's Blowout Report",Asianet Newsable,https://news.google.com/rss/articles/CBMiywFBVV95cUxOSXpCbUdlckk4VFhmeTJIdUt1MFdKbjZJMU83YkVWOEdGaVhOODlrWXdvLUN3TUx1a21wN0VmbUtsbERiRVZrXzhvS3ZqSkxOZ3UzTnZkbE00ckc3SkZaTE1OeXBBMWxxWVFfcDd2RXFlZzJqc25wM1hxdGItUEJyVXR2NlZtWFZ5YUdsc3F0cjliakJoeXh4LXk3Z1JzczByTTlfd1BtTXdSY1hsSGczNGtMQ3dxSlpmM2JMbHlMdng5ZDZsTldmV291a9IB0AFBVV95cUxPcGpPN280aXBSblhYOTh4b2p5a0JON19Yb0ZPMjQtVE9wcy1ud29iaDJCYWN0a25sX2lvb2NWd0pCRDNva19hRFpVZTNLUzhQXzFiMlBHWWNSc2JKeUVnVmwwVzV4RjhoVE5vT3Y4MXpIRmxQd2dqU25TYm9Fa29kV1dRNGkzdS1xakppak1CYzQwc3Z1S2RxLVNRRVZyU1haUGpjNmNoYjdPN1RoaHlIaW5YME9seWFHOWJXMTlaSXBmTm5lbkpBQ2JKN2NMUktT?oc=5
2026-08-27 10:29:03,AVGO,The Zacks Analyst Blog Highlights Advanced Micro Devices and Broadcom,The Globe and Mail,https://news.google.com/rss/articles/CBMi6AFBVV95cUxQQ1NoNkZyWnRpRnI0SGxCbldOc2dfaXBvUEIwNkxNS2dEeDlsZTVvc2RneFNxNXROZmFSa3czRVFFWm0xSl93VGpDRlF3Z3BaU0dwT291UXpPNWtkbGN4OXBKMHZHSmhSM0c3ZGRJZTY5cUpUaGw4dVVmdkJ1dzVVLUNQZTQwQ3NfQllvQ21BU1ZDdGpkVVoxc2ZUQmRfekp1VHFfVzJhQ0NvTklhY2J4cVBQeXpNdGNCN1ZYS3hPOXA3NTF1TjFHUXFQbF9hRlo3UTVFLS1HTlEyRm1BbHlsUWx2R1NVMFh4?oc=5
2026-08-27 07:28:47,AVGO,Broadcom (AVGO) Remains Wall Street's Preferred Semiconductor Play Despite Marvell Competition,Blockonomi,https://news.google.com/rss/articles/CBMitgFBVV95cUxNR0ZEM29zSW4tUGYwQ2RUcTQ2QzlxdXlmUHRVNTdSQjYwZEpoMEU2UzFEQ0tqNVhId3JPdUl1cHlDbEpCVGM3SHpSNHZSemRoRUt6U2piMlZoX2djaXR2a0M2NmlfRUphNkVSY2pvNjZURTFpX19WTFhORnpaLUViQVJKREVUeGR3UGM1aDN2NU90ejVTNzhzV0lqVnhkWkptXzVGSzVSUGhpR0N3SWJpVV95cERMdw?oc=5
2026-08-27 05:58:58,AVGO,Broadcom Stock Making Moves Ahead of Earnings,Schaeffer's Investment Research,https://news.google.com/rss/articles/CBMirAFBVV95cUxQQXFTZzcwNmROYXNCOENYQ1ZSOVBzTHVLNmZjdXZHeDF0MmZ0U1U1UUpHTUpMMTU3LXlna2VxbHYyRlFWWERQVHZ1SlZRRlhZdkk0N0RiQlZ0eHRJMXZxR3NHNEdIcWxUZng2REJjWWRrRmplZTVZQ25yd0Q4VDFuV05xM1VMWi05QVR1UGNoSDZNV3pqbE1DUlBjeXVuVFUzSnFGSHQzNC00a3Ry?oc=5
2026-08-27 04:43:52,AVGO,NVDA Stock - NVIDIA Huge Move!! (NVDA/AMD/AVGO) Immigration Detention (1FwVapDIST),Mshale,https://news.google.com/rss/articles/CBMiWkFVX3lxTE95b1FHb2VYendsV2pocjBBckNDanh1T1FRRW5SY1RsMmVmSnVuMFZtQUJFQzBWUUFzTHlNM1RJWTdYcC1ZMG1HSzhwdTVYR3NTUlBSelZQZnhWdw?oc=5
2026-08-27 01:53:14,AVGO,NVDA Stock - NVIDIA Is Getting Close.. (NVDA/AMD/TSM/AVGO) Prudential Center (LN7RsnbKWw),Mshale,https://news.google.com/rss/articles/CBMiYEFVX3lxTE5KcGtiTTNReTY0WUQ5ODNJMko2Sk9NdXN6SERpVy1zSThaN3hfRlZJSjJDcWtSQXhaZUNpSFN0VVphUmpQa21sX0dCUjVlWnlBNUk5TnFOejJmYm1wYVdpSw?oc=5
2026-08-27 01:25:20,AVGO,Broadcom Stock (AVGO): Hold Or Strong Buy? | 2 Minute Analysis Ncis Sydney (D58kYhxJkn),Mshale,https://news.google.com/rss/articles/CBMiW0FVX3lxTE0weUFWTF9GT2ZpLUVFWk5RQ2dWVlQwbHpUb3FlcEZEMS0tNGdtRDJ2ZndzcVV0MXRROUpkcFdPN2YtMUUzUUk3bFh6T2hVOWNfeHcyYVduVU5IVmc?oc=5
2026-08-27 01:20:32,AVGO,Bull V. Bear: AVGO New Value As Sell-Off Steepens Dc Defenders (MvNyMH5LMs),Mshale,https://news.google.com/rss/articles/CBMiW0FVX3lxTFBaUmNPTklNNUtjRWVlcDdBcVJ5T1RVMnNyWHMtQ3dwYW5PYUlBZWl0eDdocm94dzRRQWJNSWJXRUVUc29zanJiejFSRDZJQW05TUJOYjUydUFQOTg?oc=5
2026-08-27 01:12:57,AVGO,"Options Income Daily: MRNA, AVGO, MRVL and More",Moomoo,https://news.google.com/rss/articles/CBMinwFBVV95cUxPTHJWU2Z0VFl6eklOSWM5QWxYSm9ZZlI3R29kWl9ZNmMtS2hRZHp6VHl5azc0d2d4UHBEZFhYTzhadWYzb1FTa1RUZVhtTXo1c1BvbWdNYTI3YzB3SjMyYVZxRFgtUVJnS0tpaE1RNi1sc2wtRnQyYnZqNXc1SFVuaTVBRW9UTjZQZkFmT1NRZWNhM3o0VWc1QWhmVVloLTQ?oc=5
2026-08-27 00:32:59,AVGO,Broadcom Inc (AVGO) Shares Fall 0.3% -- GF Value Says Still Over,GuruFocus,https://news.google.com/rss/articles/CBMipAFBVV95cUxPdUtuNUZqS0ptZU1EZjUyaS1TQlFZTUtqRXZob0M4YmduUDJ4cTNYZGJmb2tDSTQtb3MzbXdTQ0ppX1ptd0JvbWhQZ1MwMndqZUFGbFlPbDB1LU9vRW8wUElBblU5Y1pVUFF6MW5CTGFWSU94cUFOUXBqQmQ5c2tzLUlrMm1xRnV0REFxa2V0OWY5OV9ldElsWFc2LThQeFFOZjVkbw?oc=5
2026-08-27 00:24:24,AVGO,"Cathie Wood’s ARK buys Broadcom stock, sells AMD By Investing.com",Investing.com South Africa,https://news.google.com/rss/articles/CBMiuwFBVV95cUxPZXpONmg3YmFZUlBOQW1SRXVTTS1lMHdldDljYmtHVXQ3SG5tdHhnSmZNV3gyYnlrNmdJXzhGR19ESC1CME0ycVpWclM4RC1vclZDS0pHVFNNemVTREg1cklvU1dqQ0N3Y1F5ZlFjNEsta201Ukk1QUFPdkN1Sk9hZ1BMZjl5MXRXMkswLTBPcWVyY1NQTWVMdC13dzV1QUZ6VnoxdkpFMDZHLXE5R3pBcTYxSElPR19qWXVv?oc=5
2026-08-26 22:03:17,AVGO,Broadcom Stock (AVGO) Remains Wall Street’s Pick Despite Google’s Marvell Deal – Here’s Why,TipRanks,https://news.google.com/rss/articles/CBMitAFBVV95cUxQQ2RncWp3MTBaaFhwdnY0V3NlQkV0NXc5bk1hOGpoXzRIZ0Z6a2hzb0Y5X2k5YWs1eWFwa3Z2VmJnWW45VGwtci1UenlsVnhUVXE2b2dvOFVWWWdUUzJBM3VRemhDZjlKRUNkNERHV3RwRlE0NFpEVFNOc0s1NXM1MXU1V2QzR1BaX19WTjFQZEVJa2ZPRnhPbUNLR3BPXy1KNERtNHp3ZlpSWVVURWtwTG5wWnk?oc=5
2026-08-26 21:34:34,AVGO,Broadcom Stock Today August 26 — AVGO Gains 1.2% as Custom AI Chip Orders Reach $12B Backlog,The Eastern Herald,https://news.google.com/rss/articles/CBMihAFBVV95cUxPYVlvRlZSMjBRU3h5dGJLNzdXSzd1ZE1FT1pTc1VQN0RON3h6a3E0akdpSWg0S3B4MU1qWlEzZDlwUThsbnJjVWNocHBDUjRUOW1SVDNla21ha094UEpwUnJtNnIxVEdETXBfS1UxYlIyMHE3YkRpcVdGTlFjRDNKMnJZSEg?oc=5
2026-08-26 21:24:42,AVGO,AVGO STOCK FORECAST BROADCOM INC STOCK(BUY??) Bper Banca (rurTlIIAcX),Mshale,https://news.google.com/rss/articles/CBMiW0FVX3lxTFBMdjZTV01WUHZTNnpPNmJ1LXVzdlJwY1ZLb2hkRmJBSXNYSUxuUHlVcVBuSkdDS3c4ZFRETGxhZjcxcGxlWFRhMXJvV29hU1BHeVVuVXlDRmVkQUU?oc=5
2026-08-26 19:59:00,AVGO,NVDA vs. AVGO: Which AI Chip Giant Actually Wins for Retirement Portfolios in 2026?,24/7 Wall St.,https://news.google.com/rss/articles/CBMiwgFBVV95cUxObmN1dlZDY19VcExXbFBFbk43SjFEekFheTVCME13c0d2WVFZMHNxbU84V2RSaXJrMUpGRWttYWpXc1prbTV6a1FBT0FEV25TVzNLWG8xeGZwT1VGX2pGRDdmQmpNMmFxUVBjcHVDTWthWE9LQ05uNFFnU1VoRGFETEVBTXhJb0o4cjZ0dU1xQnpCdkdXVHVrdzI5TU12YVllSlFmQmxEZ21Nbk9LdWFGcXZlbkhHWngycVVvS2tlR0c0dw?oc=5
2026-08-26 19:50:09,AVGO,"NVDA Stock - Its Coming, Get Ready (NVDA/AMD/TSM/AVGO) Centerpoint Outage (5tbqBRiHdb)",Mshale,https://news.google.com/rss/articles/CBMiYEFVX3lxTE80THczeWZuMmh6T3RnblhBX1Ytc2xxbWRvLU5nc2ZLU0prTy0yYzNKNHc5dTJLRGF0cC0xc04zU2ZkY2VoSUVlNVV4Mk1ySk1BczhJNDVPbTNBQjlXSGpwVg?oc=5
2026-08-26 19:23:20,AVGO,A $60 Billion Reason to Buy Broadcom Stock,inkl,https://news.google.com/rss/articles/CBMidkFVX3lxTE1mcGZjZDNibzlqUDY5eFhaYkZJdjNxSExCOUJUenRFVWRYVlFxVzBBdVc1ZVN4eHpJcUVNTWZLTjRLdEYta0lleENmems4S3ZaXzNEdkJDQllTR0hTa0hDc2Z5Zmp2bHZPeGRuNjRFTU1LWk9jSWc?oc=5
2026-08-26 17:23:00,AVGO,"Broadcom Is The New Nvidia, And That's The Problem (NASDAQ:AVGO)",Seeking Alpha,https://news.google.com/rss/articles/CBMikwFBVV95cUxQc0Z6QXRFWm02TGp1b2pkNkV4elRVQWg4T3h4RDB5THJGcTF2MVU1MURDemNZRlR4a1M4UnRkZUp0aEhLYm5pNW5sWWx0TWkyeUY5ZjVodFp2ZGZKRXdWXzZ2NldydndVRWp1VjFuZGphUzJUYXlJaFJ4WlQyN3Z5ak1TS3UxNFZiM0pLZFROcVhmcjg?oc=5
2026-08-26 17:16:00,AVGO,MXL's AI Optical Growth Accelerates: Can It Challenge AVGO & MRVL?,Yahoo Finance,https://news.google.com/rss/articles/CBMinwFBVV95cUxOMTlZSDc5TXRUZDg0VUw3NTB3RTFPbGkzUkpMdGIxQ0hLd2k2SjhwdHVoVDFPT3VmblR1cG12NS1rSlpRN3NzUEdlNDdoeUwtU0pzbnZOeV85YnVSaWpuOXJwRDlNVDJBbDBlY3FBTUxfUDhwV2V5WEIwSDY5MXpFaUtVQkF6c3gxZnlkZG5MS0w0aHpGZFB5cVZUMGVVSTQ?oc=5
2026-08-26 17:16:00,AVGO,MXL's AI Optical Growth Accelerates: Can It Challenge AVGO & MRVL?,Yahoo Finance UK,https://news.google.com/rss/articles/CBMiiwFBVV95cUxQb0FDWDc0WU9xb2tPbWxpdVNwSnVJVmN0eGN1YnJ2RXNkN1VGc0xmMk50X3YtZDYtYl85dUNjeFpWNmpsMHJwTm1FU2lBQWVpWEpJSmFYakd1cFdDUmtseTJ3cE5LaFpDTW85VGw1UkxLbjVVYmlNcTNLVDREdFFOSzIxZGwwWldGNUx3?oc=5
2026-08-26 16:20:00,AVGO,A Leading Hedge Fund Just Placed Massive Bets on Broadcom and Intel Stocks. Should You Follow Suit?,The Motley Fool,https://news.google.com/rss/articles/CBMimAFBVV95cUxNSGx1Z21rdHFhZThPSUV4SDZxUHAtdzYyWktickFZMmhqamNwUjkxNWRSQWdZcHVCZUlacW1jMER1dVo3ZENLRXZLeDYtYS1hcWdmcmFYZFIzdDlSdUVYd2VjY2tRTHlNNEgxV21ublZRTHhtY3cwcUZTMVJzZDBRcHlTeTJkMUFhZzZpWmpZaXV3UnZkTnVrYw?oc=5
2026-08-26 15:40:59,AVGO,A Leading Hedge Fund Just Placed Massive Bets on Broadcom and Intel Stocks. Should You Follow Suit?,The Globe and Mail,https://news.google.com/rss/articles/CBMikgJBVV95cUxOMUljeW9DaU4zVlc0MFoyWmZzMjFYT2oyZnctWGJfeEZUek1rTWdTS21abUp2WVRZM2dLVDlQYmRaVEloWlJnUEwxNF9RaEkzeWtSMHdkUkxSbkhzVmRTc1h2X0NqMHItRV9rMUVqMk9la1lZZGdLUjdKbzV5TlItS1lXYUNPTmN6MVVMNk1LM2ZPd2tMa2JBcTdaR2JEYnpia2dVSUVXdzBncGJRUkFya3JLWlV2T250ZDNRQncxbm9PQnZBNENxc19fSlVFNDNPSUNhM2tlZ1pwWE9sb1lWYjZKUGlrMUZzNFFsZUVSTi15RmZSWGlxOWxKSDR3ZlV2cHBBTlowS0RFLTBhTmRZQ013?oc=5
2026-08-26 15:39:10,AVGO,AVGO Oct 2026 260.000 put (AVGO261002P00260000) Interactive Stock Chart,Yahoo Finance,https://news.google.com/rss/articles/CBMiakFVX3lxTE5haFN5UzE5RklNeHlfYVFRY1RuWXFUa2xkQTY3QmV1SUxublBLREVpLUZ5WUEzdHU1R2psTGRsT21JdXVxRnZaTFBVRTV3YlF4OEJJLW5SdF80R044VXFfbFRPd2lRLW9uc1E?oc=5
2026-08-26 15:32:22,AVGO,Looking for a Bottom in Broadcom Stock? Here’s What Wall Street Thinks,TipRanks,https://news.google.com/rss/articles/CBMinwFBVV95cUxQb19oZS0tNnZ4ckNiSXNsdHNxMy1mU3hXZ2F4SXlwcG5qVlRwelJTc01vU3FkQ3VUalU2UDhyY19SaUwtZmttMEk4em5MaUNtbUJrSmx4MFFnYktTM3dNVDBJc2hiOThfcUlRSGVkZVdvblhzTkhYVmVkWjN5ZTdWZmhjcHMyRllDV2NYWk5lc0xNekRKdW4xNExzdmVaLWM?oc=5
2026-08-26 15:15:58,AVGO,Broadcom’s Next $100 Billion AI Business Is Taking Shape. Here’s What It Means for AVGO Stock,Barchart.com,https://news.google.com/rss/articles/CBMizgFBVV95cUxQbHVwTXh3WEU3VzVGR1FkMGc4d3pKdGJPTmZlSjFJNjJaWDdjNm81bEIxWGp1Mjh1U0JiMzZzNzVkTW9iQWVELW9tMjZUQ3NXYmw0Rm5Ld3hhVFZ4dVNFb1UxeDk5YUp6Y2tYRnZNSVJtLXdobzQtNlVFQ0dPUlJjLTFndW5yMi0wTmcwTmgzQXlVQy13YzQtT3cwRzdXRUhUcG9Sa3REZTY0aV9oYThUYi1BcU9rLWQ4RzM3MDlFeHdIVXBtWFZ3ZHJKRnV5QQ?oc=5
2026-08-26 13:28:37,AVGO,"Broadcom Stock Prediction March.2026. AI Prediction, Sentiment, And Fundamental Analysis Angels Vs Blue Jays (DqBdU0W3xG)",Mshale,https://news.google.com/rss/articles/CBMiW0FVX3lxTE5qdFBsMGpkNXFlLUZHQzdCNmVQMUNEOUVoX25xRFQ3XzBGNkQwZkl0djd4ck5UaVlWQ0w5NktSbXoySjhiSmdEb2dNUDl0dU8xenp0Tk1SMXEwRjA?oc=5
2026-08-26 13:19:54,AVGO,TSM Earnings Couldn't Save Memory | Micron / SNDK / SK Hynix / NVDA / AMD / ARM / AVGO / INTC / STX Casper Ruud (freWVmBb1Z),Mshale,https://news.google.com/rss/articles/CBMiYEFVX3lxTFA1VXlUTUYwUFJvTktNcmRYTkxtLTgyREE0azZ6MDZXSnFaZTVaTTc4UUFsUjhLY1VBdl9lNTA0R3FjY0JZX1dEcksxZk4yVVFvaUtFSHM2U0Rmdlo0Y24wVg?oc=5
2026-08-26 13:18:01,AVGO,NVDA Stock - Has NVIDIA Bottomed? (NVDA/AMD/TSM/AVGO) Ragnetti Rossi (htML64mH70),Mshale,https://news.google.com/rss/articles/CBMiYEFVX3lxTFBjdnVBYW04UFZ3bjAzZDAyZGJOSnRUZ3ZGcll2dVgxLWhubXl3bjQ3MldVdnlrajNIOF9Ydl9rSVloRVE3bXVrSHlsUVJLLUUybjBDYlMwMWFkSVFKdUI1Zg?oc=5
2026-08-26 13:15:13,AVGO,Stock Market Analysis | MU / SNDK / SK Hynix / NVDA / AMD / ARM / AVGO / INTC / STX / TSM Sting (zAgfk5ZdSz),Mshale,https://news.google.com/rss/articles/CBMiYEFVX3lxTE43SUNrOVhjQ0VxSGVmWTJMYkI4eEkwUVBKQnRBdTVlMGdQVUluN1ZfQ185anVRUFZIZmxpZGJORWpHb25Sb29melpaaFZsSHJzREJWaE5NOFhlRWNvV2VFcg?oc=5
2026-08-26 12:59:45,AVGO,Broadcom Fell 12.6% on Its Last Beat — Can It Avoid a Repeat in September?,TradingView,https://news.google.com/rss/articles/CBMiyAFBVV95cUxONkIxeUhCQnFUeWhPRGNrQjAtRzlYM0lLZTVkNzZIREUweEFiNW1EUFNJM3h4YTJZRVh6ZTFZNC1qZzZBX0ZFeENiNkw5ZHF0eVpOMjBQMjVjd0oyWjQ5TTNaVFVReEZVLWlqdXJYY2pZYWlUUGlCaVlrRDgwcVI1b1JIYzRMRy1QREJraE13NFR3eU1sUTRoR0NsdkY4MTl1ZzdMcElsanZfMy1CX1FlSkFhYUE4ZEpubHVhblhCOWpxSzM3dTZrZQ?oc=5
2026-08-26 12:31:19,AVGO,Broadcom’s Real Risk Is Its Customer List,Trefis,https://news.google.com/rss/articles/CBMiowFBVV95cUxNcnhKYVljcmNYcGpTOXJrN24tT3MxVzJMVVJNN3F5ckNGMjk5dWpnOEs1ejRqeUFMQ0VES0FnV1lRWXlqUVM4M3hxV0pzZzRaQnpwNWxBOG5zbzRzaDhOMjBLSnI2TzVGMGhwNHl3c3ZjRGp2MlV5WnVtTjJaaUtnSTFuWVRlZWtFcmJ3cEFYS3dsLUt6UzUzaTZUUWFtNDhqYzN3?oc=5
2026-08-26 12:14:46,AVGO,"Broadcom: Firing On All Fronts, But Is The Price Really Justified?",Seeking Alpha,https://news.google.com/rss/articles/CBMipwFBVV95cUxPVk1ackk3MUszNXpVaU9HcWp0TVptYkpmenNUbVlRaGxCTVExZk5GRm50WUotdDltdXVDUDVwQ1N6MWxqcW1UVXhRTGNqZ0p5SEhERE5HV0p6eHB1dnJ0QkFYcUxod08zWkxlMVc4NTljcW5qRFFrV3RHOWNCNl9RMUdZcVpsTkxNRTJVTHNZNGJfQzBrRDkydUs1M3UtWHV1My1kVHVhOA?oc=5
2026-08-26 12:05:00,AVGO,AMD vs. Broadcom: Which AI Stock Has the Bigger Upside Potential?,TradingView,https://news.google.com/rss/articles/CBMiugFBVV95cUxOcjd1TXFTc3JtZEROYW5tNG9Od1lsc1E2MzhpcVhNckdEclZXV1NiQ1I3U1FQSXktTGRPbDlHQUJIT2dvSUh5NnNKVE0xcC1zTFdadEloc0lNMzl6OTBEUUtHbEJQV2RsbHp5MXhYNmVkRTg5Mnpfc0s1aTBhWEloc0RFM1JWU2tLZlhaOU5XT1puVFNKQUt1YmZJUTlTWE5xZ0NwaUpqN3lmazkxajJ2ZEJjNDVuTDB0U3c?oc=5
2026-08-26 10:52:30,AVGO,The Two Customers That Define The Risk For Broadcom Stock,Trefis,https://news.google.com/rss/articles/CBMixgFBVV95cUxPSkhSXzF5S2g4djZUQ0w4Z2pHYVBUc3FsRnZGTTdXVllpVmVYVmpsZmZiWi1pdUF5S3g5S3p6WmZUNWNxTXVMZkRTQUt6c0M2OFNaa0RYN0FoN05IbVVLVnluXzM4cWJJenJmVUVuclBIOUNxQ2RoVy0yci1CV3RkZ3JrNk9vaXhySjBaY25CRWNYc0JCc2FhOURvTEtBektnN1ZkUmpYcG5pcXp5M21SdnpMTXVyRDZVZ2JEWW9WYWI5eklwcUE?oc=5
2026-08-26 10:30:37,AVGO,NVDA Stock - Massive Bull Trap? (NVDA/AMD/AVGO) New Permanent Drinks Mcdonald's (vOH548aRKp),Mshale,https://news.google.com/rss/articles/CBMiW0FVX3lxTE9henpMNTlzMi1hdTl5UmJLS1hMYV9TNW0xdFR1SmIyaGdpa0UxUURNQXlRZlNUVjR5RF9mSTk5V3hUYzNOd21jaGJUZllRQmR6RVNQRVhxRWg1TFE?oc=5
2026-08-26 08:15:22,AVGO,Broadcom Stock Leads 3 Cash Flow Picks For AI Infrastructure Investors,simplywall.st,https://news.google.com/rss/articles/CBMizAFBVV95cUxQZV9PTjVTellYRkV1dWRmdHVGcTBxTV9icmU3V1dnT3Jyak5JVjJ1eFVOQVNRN0ZTMmxnSXFDUGtkMDhlZ1dseXVGRXMxaGRROTJSVnhLQ3UwcUVpTGsyb0xUS0kzeG5CNXB5dDB4QmZhWFRrckZXME1iY2d4bkhoZjdDM1I2MWgzSFBWalVGOUttWEFlRzM1VjQyeVJ2RlFGcnJkQ3FkRzdtbi1sTktPVkNHdGV6LTlaaVhzTFZxZU80UDh0NkZkZVI2Q2rSAdIBQVVfeXFMT2xBeno0Ykdxbk93aGtFal9ORGdJaEhpRTctYUl5Sk1nXzJTRnpjaXNuMjU3NUtXQnh5N3l0cW9FOVhfVDJyTUE1VFFhSEs2dFlNaTdHYnZ3aV9qWllaMjc3dmc1dW5sYWRxZEhlZnhTUHV2VkZGUXZkeTBIR3REU2dLSTFxSVlWV0dvVUdLaDRrY0FIbGV3ZGRRajRrVHNKeFd3NnQ2aTQyVmhIY1F1eVh1eG1ieWpBREpqak9XOGVsMm5zYkVRbVk0WnphanlMSDZB?oc=5
2026-08-26 07:32:55,AVGO,Broadcom (AVGO) Crash 15%: Buying Opportunity Or Falling Knife? Q2 2026 Analysis Justin Trudeau (CCvphrNcVB),Mshale,https://news.google.com/rss/articles/CBMiW0FVX3lxTFBnUEphRmdKVGtyTFNVNEE3bEIzdkduYU9HYnhONG0tNzJNbjlCb1lRTDZvV3M4YWItWXZ1Qi1nbFVKallYdGJlT3JGNVkxMFAzaG43Z3JYZVBBcFE?oc=5
2026-08-26 07:00:00,AVGO,$Direxion Daily AVGO Bull 2X Shares (AVL.US)$,Moomoo,https://news.google.com/rss/articles/CBMimwFBVV95cUxQNFc4Q1ZKU2I0SUZ3YVBCeXFBOWVZajhVUmVxS0FyYTlMZEFhNXdEcmR6R3EwOFFqMk02UExnQ0dRc1MyY004WVFQcXNMQTJIQ1c1QzBLSmpyaVJaRFEwX3o0UnA3WFU2SVR1TENmS0FRMlZVWkJnaGt5VG5Ga3RsbkpPZmZBdmVrRVVjVHVfX1RvQVlNdVpBcWxxSQ?oc=5
2026-08-26 06:39:32,AVGO,Technical Analysis Of Stocks: SPY / QQQ / NVDA / TSLA / AMD / PLTR / SOXL / AVGO Surrey Shooting (sX9l4OK769),Mshale,https://news.google.com/rss/articles/CBMiW0FVX3lxTE5SRVhBcnQyOWNsQjVYeHNrQm84cDJOT3ZQQkZFa1NzM3ZoUXJQekhPVnh6UHRpZzN4NHRzdzdaeUx6d0tLYzkxeWdENG5QaU5lUGx6T1RQQUxBd1k?oc=5
2026-08-26 04:29:07,AVGO,NVDA Stock - Can NVIDIA Go Even Higher? (NVDA/AMD/TSM/AVGO) Bts (our0om7X7N),Mshale,https://news.google.com/rss/articles/CBMiYEFVX3lxTE9SZnhwYUk4T2ItM2k3MHlVWUxTR2tnTEFGQTdvUTV1VXNjQk5kWWxHMS1iREJ4R3Rvb1RfWm1QbjBRQzM1TVAyXzN6Mkd2U0o0QnZ6VjJkOWs2aVJEVTA2aw?oc=5
2026-08-26 04:27:34,AVGO,NVDA Stock - $184 Target Hit! Whats Next For NVDA? (NVDA/AMD/AVGO) Poland (vQhInUC4jT),Mshale,https://news.google.com/rss/articles/CBMiYEFVX3lxTE80V1dpMWZIdXNNZ0RGbnpWcGpKUWxlek4zM1hvN2RHbHNmX2FZMTI5ekdOaVJXa1JUX05PNnRRTG4xQ3gtYUN0djV2eDVVUkdMc0lUNU1TSjNCUTdjWVlUaQ?oc=5
2026-08-26 03:04:33,AVGO,Broadcom Tokenized Stock (Robinhood) to Japanese Yen Price Today | Live AVGO to JPY Converter & Exchange Rate,CryptoRank,https://news.google.com/rss/articles/CBMidEFVX3lxTE81cjlZUU54RFFERURKSU5UZVEzQ284NmdaMnlLcDBMaEgzcVN5TzBTNnc3WUJjYUduNVRaYzk3cTJCMENhSUFNOGVCM1p5R2taVWM4d0xIb0RaLUJWNHdwRHpNMl8wV2phSEMyZXBDaUJtQXVt?oc=5
2026-08-26 03:02:27,AVGO,One Degree Advisors Inc's Broadcom Inc(AVGO) Holding History,GuruFocus,https://news.google.com/rss/articles/CBMigAFBVV95cUxQNzZoMFlLYVp3V1FPUG5SaV9Cam9ZTnZyRDhickFWcmRvVTRmbVprWE9WRWlpdHR4WG1POGloYTkyM0RScWw2R1pEc1lvRW5yNFNTWDc4MzVJQk4zbk9TM2swdkpHeVI2NE80R0UydEdNd3hONXcyNGdWaktRVnNjNw?oc=5
2026-08-26 02:46:08,AVGO,Broadcom Tokenized Stock (Robinhood),CryptoRank,https://news.google.com/rss/articles/CBMidEFVX3lxTE9aTDFDRzRBWlljTUJUak4xck8xdDNKaGF6RmExTDdlSUgxV3dySzZvb3diTDBidWc2NnBBX2dKMmtqcFlQX21jQ09DcV94SUVkbm5mTURrOWVEOFB1STFxNUxSNms2V29ZMWZUaXJyb1FGc0Fr?oc=5
2026-08-26 02:45:58,AVGO,Broadcom Tokenized Stock (Robinhood),CryptoRank,https://news.google.com/rss/articles/CBMidEFVX3lxTE54NENmRnI2cllEMGM5WjJZTjRZcExqQUFvd3YzaXR5UTl2Wk5CS0UxY1ZBUUxjRVB6UEcxYzZfN212SXRrX3lDcHdxQ0lJRWFhdDVKMjdsekd1ZTBZUWk0WC05S3Q4ZkJucUNfU3V6QU5xdl83?oc=5
2026-08-26 02:45:07,AVGO,Broadcom Inc. (AVGO) Stock Analysis | Breakout Or Correction Ahead? Sandarsh Krishna (L0gJyfXKGD),Mshale,https://news.google.com/rss/articles/CBMiYEFVX3lxTFB3LXczVl9wd2xOR0pEaFNyZHFxTFdyb2VocG5DR04zQlpiNGpqWE15YWE4VzFzZG1qMjZGMWNoZ25zWHd4cHQyXzRQWnY1WUpQRGFVcjFlbGJ0NjFtUlUtbw?oc=5
2026-08-26 02:43:33,AVGO,Broadcom Tokenized Stock (Robinhood) to Euro Price Today | Live AVGO to EUR Converter & Exchange Rate,CryptoRank,https://news.google.com/rss/articles/CBMidEFVX3lxTE5xZjJyUVBpWDdud0RYYTl2MF9XWHhWLU5kbWZoVDRwUzM1X0p4cjg2YlRqVnUtRE5XZmhKWW9pVFNCdWcxbTBkWHN3MXkyTkhIZXBvMzJBSlFsdGlhRzNKU0dnbjU3SHJVQlZuZE1FNWZ2bVp1?oc=5
2026-08-26 02:42:39,AVGO,Broadcom (AVGO) Stock Prediction: Is A Massive AI Breakout Coming? Waterloo Weather (JbmqZUT6H3),Mshale,https://news.google.com/rss/articles/CBMiW0FVX3lxTE1xOWZhak9FS2JFWkNZakRSNDgtOTE1c1hsMzI3YXdDOVlLLUFCU3hvcW1tRFZWZGZqbmhPcFJ2a1dPOE8zaEhxd2M0cUh1TVVnVkZfdjVZTk1tQW8?oc=5
2026-08-26 00:11:15,AVGO,Broadcom Stock And 2 Power Grid Picks For The AI Infrastructure Buildout,simplywall.st,https://news.google.com/rss/articles/CBMizAFBVV95cUxQbnRNWlZ0SEtDY2drcFFvcFI3aG0zZG5mMDcwWlpZOU92M1ZpelJWM0JPc2NiUkdPaXA3VzJXVVdtV0JQdUpvcU53b1c0SDVONHczVENodU90dGEtWVdCOVJqb09zOHBSSHBzWm1xb0ZHQzQtWXNUSU42ZkhaRTJ5U3hsa29WellIY0ctM0VwOWhDWktKWmlVbjIxbDJmbXlUZDJJU2w3emlaRjZiNzU0LW42U0xCTVMwcnp2RnhVVUFJSU12SHdIOFVjLWTSAdIBQVVfeXFMTndwSThTejRxQ1pqT1M1UTJfd1lzalhVLVlkR3QtU05RSmxjOTdoRmFuVGFOYWJxb1F0M2NJeENHc0RRWDRDUHl0SV9aYnNQX0VDN29TOTRsZFpnWnNKX3NGSUpVMGFNWWw2d3hscGhwWk1jMng3aXpLMHd4TDdYcXZZaEJ6VzA5Tk0zT25HWjNnZ3pDZk80QnlzYlBlYUhWX0dTTDJuc3VGaF9GNWJ6OUtaYk5vZGdYQ3dVeWI5blVpYUJlSVNON1NHTEJvWExnRWx3?oc=5
2026-08-25 23:49:45,AVGO,AVGO Stock Analysis 2025: Is Broadcom The Best AI Stock You're Overlooking? Severe Thunderstorm Watch (sXTpMqsZ8z),Mshale,https://news.google.com/rss/articles/CBMiW0FVX3lxTE1XQ1E0LWNteEFCVDd1Zi02OUpBbmFIY2M0MWtrdjhGX1JCa2o0ZFBpbjVDcDhmdmRZbGhmLXl2cWJJLUVOeWRGXzBaUk9jNkJtUFhTRVFWMkhQSlU?oc=5
2026-08-25 23:47:18,AVGO,Memory Stocks Collapsing | Micron / Sandisk / NVDA / AMD / ARM / AVGO / INTC / STX / TSM Evan Mobley (vO3ar185l8),Mshale,https://news.google.com/rss/articles/CBMiW0FVX3lxTE9JUVlySG5EaGJEQ3dFb3M3dWd2bEtKR3JNZDR4UnZkRU9BNV9iZ2t5UFkxb1NzVzNqUEpqaGVJaEY5OGJ5UlJic2FWQlFLTVo5eERta1Nic3lNTmc?oc=5
2026-08-25 23:21:43,AVGO,Stock Market Analysis | Micron / Sandisk / NVDA / AMD / ARM / AVGO / INTC / STX / TSM Giants Game (ldvymEWiue),Mshale,https://news.google.com/rss/articles/CBMiYEFVX3lxTE9nZDBNamdHWW5iSlB6Xzk2THZIMVZzUkRTbXVsY1p4Rmk3VDhZanI0UjlKQllwaWRlZVpMWXBNYTR2UjFhcTc5VkdmWW8xWWJVZmJQS2FaUmh6WjhRZDl5eg?oc=5
2026-08-25 23:17:00,AVGO,BMO sees writing on the wall for Broadcom stock after earnings,thestreet.com,https://news.google.com/rss/articles/CBMinAFBVV95cUxPRlNteVVFLUh4OU83dTRkOEVjX0hsSVN4Vy1xSHRhMzNYMzhORnJhdDVvaWpFalFKUEVLS1hfX0FyQmxDcWJTSkd1WkppdjNIMEhsZi02LURtcjE0Wlk0cUtpTll1WElHeGVwRXQwbjZQVkRsd0gzUVowdC0xUHZsR1c3dzY0QXBGMy01Z3V0RDNYWXBNYl9EbWFBRkM?oc=5
2026-08-25 22:02:14,AVGO,NVDA Stock - Can NVIDIA Bottom Here? (NVDA/AMD/TSM/AVGO) Celtic Vs Rangers (KdDNPbAiVD),Mshale,https://news.google.com/rss/articles/CBMiW0FVX3lxTFBWZXNOS0NrVU5oM1ZWb0RpUk01dWd0dU9Kanh6WnFIbXBKcV93WkhCOUN0cl9ScE5tcW1QYWdhUjBUMjN6a0VBOS1VY2Q2TUJqeThhQ0VzZ2NnWE0?oc=5
2026-08-25 22:01:54,AVGO,Broadcom shares fall 28% amid AI growth but ris...,Pluang,https://news.google.com/rss/articles/CBMiggFBVV95cUxPLUhZWDUtenNRZHF5R1NsbVRLZV9iM0ZTYmViNEZHNlM1dmhRZlQ3TDZySFZvUV9qWmlaQnF6Z3pMZk5oTEJOOExhSnNpeVM2QkxIMHpJRmZYdUZ5TVpXVlVEOHVSTVdFYmt5czA2TjJDb3VXZVE0MWZvQlFCQjFVS09n?oc=5
2026-08-25 21:24:35,AVGO,Broadcom: Moving Big Into Vendor Financing (NASDAQ:AVGO),Seeking Alpha,https://news.google.com/rss/articles/CBMiigFBVV95cUxPWDZwQmEyYUNvVlZDdTdiV2NzM0lkM1hlTmdrb29UNGRHWXMtbnZ5U3BHRXVIWWJ6a1JXZ0g3UHp2VUhNOHJ3aWlLdHFVbWRaRnFWbndZVkNSV3VrRzFfTmtTZXZ0NnN4ZE03OWdWTExFV1FrMnREcnVCWVlRZDEzZ3FscHZXUU9HLXc?oc=5
2026-08-25 20:34:24,AVGO,"AVGO Stock Price Today, August 25, 2026: Broadcom at $357 as AI Revenue Soars 143%",The Eastern Herald,https://news.google.com/rss/articles/CBMigAFBVV95cUxQV2RKZnpDVmpjdmRSTlI5OHMtT3JOWVJuVEc4bVNKSDI2dFdCVjZDSHFsam9Sb0p2TjBiamlSNzllS00tcGJGUFZacDFmR1RONVpnd3ZnYWVPc1RTM2lvbVpMRzgtMDQzTUpsT09sQUVrYWN1SWVJWDVHaU14dnRJMw?oc=5
2026-08-25 20:05:43,AVGO,NVDA Stock - Can NVIDIA Still See Higher? (NVDA/AMD/TSM/AVGO) Ed Miliband (R4zuGZRH6p),Mshale,https://news.google.com/rss/articles/CBMiW0FVX3lxTE9oWnVobi1OS29BSjhyVFphTGh6Zk1JM1Ryd2d4WFlDUGlnZmpwZEx4a2Q3U1lOc181aDlBbk9lSXJwb3ZLb2M2TjNHWHlmWVoxWWtvS2MzNkQ4YlU?oc=5
2026-08-25 19:43:39,AVGO,BROADCOM Stock Price Analysis And Outlook | $AVGO Nhl Score (4tqoCZBhnG),Mshale,https://news.google.com/rss/articles/CBMiW0FVX3lxTE01STlESVVzN2lwbmtZck1tTUdEbHVEcW84bXBJMDdyMTdTdTNsVkdtMzl1TEY1RVdGYTlKUFdQZklkSm55bEV3NUpYclRuYUtSNHRjOUtLczdMMDQ?oc=5
2026-08-25 18:36:28,AVGO,Broadcom’s AI Boom: Is a 2x Stock Gain Still Within Reach?,AOL.com,https://news.google.com/rss/articles/CBMieEFVX3lxTE8yT2EwUVUwRWU0T3hWTzRIcFEzakttMTdFMmZESXBoQmh1QXkyempxRTdsaW9QTFZTOFU2SkloZnRfYmt5ZFhpcmVfNzRzczF3SXBIS25yS2NUQjJnSTM0NTRVVXpBOURvLWdfcm1vTU90czB0aFN3Zw?oc=5
2026-08-25 18:22:32,AVGO,106% AI Growth! Breaking Down Broadcom's Record-Shattering Quarter AVGO STOCK PODCAST TODAY ANALYSIS Dowdy (pGk9csdpH4),Mshale,https://news.google.com/rss/articles/CBMiYEFVX3lxTE5XMEhNMHBXMVo5RnRLcWo0YUhuU3REd1AyOW41ZnR4SjFxTkJ4LWhncTNmUnEtbk82REw4Z3liZFpqa2RaQ3VheGVNd3NXVll6ZU9wdjlmNU1LSWZlZUVmeg?oc=5
2026-08-25 18:06:24,AVGO,Broadcom Q3 Earnings Preview: I See Continued Margin Contraction (NASDAQ:AVGO),Seeking Alpha,https://news.google.com/rss/articles/CBMipwFBVV95cUxNMlRsSGMyaDEzOEhxOHljalpXU2JjNFpjUU1nSWRDRU5yRDNBNDlqU0xhalAxRFFvbldiLUkxaTRpM1hoQ0EyUkpFTWhVV051dWZNazVZd3FtbXpjYzBId1dtclZJZk1zaFMwNFdwVEt3S0Frb0FYOUdWVGphTmJhS3Z3eXA5X25HLVVxWjV1SW1jYXFTTmdjaFQ1SFdSSkJ0U1VuRWs1VQ?oc=5
2026-08-25 17:27:37,AVGO,Can Broadcom (AVGO) Balance Google AI Chip Competition Against Rising Leverage For Custom Growth?,simplywall.st,https://news.google.com/rss/articles/CBMi0wFBVV95cUxNYXpHNnIyY2NwdE14Ym1OSzhKV0FFenphWWZzVjJsMEhibzlKU0IzWV9tVWhhWWcwTk10YVhNaTFUU3NIeXJtV3pCajBycEZac1EtQnZTOUtvQnNTTjNJZVc3d1p4Z0RSV3hhV1p5VHQzUHRmaG1sLUhFcTZhRVJqal84dkJOZklGSlYzWV9tdTctaEZfNExfWFdiQzIwMzUyRGhwV2t5NFZqTjRxQVhybV9BTW9Dd3IydmRZdnlOQWZLVllmak11ak10bFBwczZGWVY00gHTAUFVX3lxTE1hekc2cjJjY3B0TXhibU5LOEpXQUV6emFZZnNWMmwwSGJvOUpTQjNZX21VaGFZZzBOTXRhWE1pMVRTc0h5cm1XekJqMHJwRlpzUS1CdlM5S29Cc1NOM0llVzd3WnhnRFJXeGFXWnlUdDNQdGZobWwtSEVxNmFFUmpqXzh2Qk5mSUZKVjNZX211Ny1oRl80TF9YV2JDMjAzNTJEaHBXa3k0VmpONHFBWHJtX0FNb0N3cjJ2ZFl2eU5BZktWWWZqTXVqTXRsUHBzNkZZVjQ?oc=5
2026-08-25 16:45:54,AVGO,This Setup Prints Money On Broadcom Inc. (AVGO) Stock. Rangers Fc Supporters (hwPFvXVUDo),Mshale,https://news.google.com/rss/articles/CBMiW0FVX3lxTE8tdUUzb0x1b2ZTMGNFX2RKUmtHeHRwc2xLVVEtdHlRaTRiYmJZRFJIYkN4UkZVWlIxWlE1Rkg2OHI5bmwySVZoQTVyZk52ZXZ2dHNJYmxUV0lFTzA?oc=5
2026-08-25 16:10:00,AVGO,NVDA Stock - Is NVIDIA Ready To Pop Higher? (NVDA/AMD/TSM/AVGO) Hull City Tickets (XwDI2eeFBQ),Mshale,https://news.google.com/rss/articles/CBMiYEFVX3lxTE9laFlEZHYyNWxsRUxHMFY4WlZLbXc4MGx1aUpCV2hJd08xa29fSjdCaHhHRGUxV2txWk5ZdVpnb3pUTnlTNk9OSmpnSHNTQ2tIMGRUdmN6LVpodlg4b1R0Yg?oc=5
2026-08-25 16:09:16,AVGO,AVGO Update: Down on VMware Noise & Competition…Buy or Sell?,t.co,https://news.google.com/rss/articles/CBMiO0FVX3lxTFA4dC1neVZrQ0R5MXRDUmRJSTZWV1RWMEI3OS1PVkR2clFXWU5aM0JCUm82anU0TnJyeTNN?oc=5
2026-08-25 15:13:34,AVGO,"Broadcom (AVGO) Earnings Dates, Reports & Conference Call",Moomoo,https://news.google.com/rss/articles/CBMiuwJBVV95cUxQWHNMeUhBdWNPVlNMU1hEUC1Ea3JkbTIyZVlycHBINEdneHRxMUpJdVlBV0FzYWVRaVVsc2liZXpjdlVfWUFQUGdFUWF0NE5FWkh1NlJlSnJiVnBnYWVNdEYzQUhjeVp4V2FncERfdnY3bDBnWWdNSkZQYjIzS3p0c084YXNZSkdlbHlMRnRRb1NlYWN6V0U1RXd4MHg0dGcxNGlRcUUtYzhDU1BMMmhKUG9IQlZ5MVppSU9EM0pISkJPbEpSNEVFZl9XYUtqZDlHNUdqMlEydkdvNWxoaU8wVl8wRnljcVpIcGZIZHZkUlhCUTdQcVRPc3R6MmNQM19XcHR5dlp4Mm9tVGVTZEZjMWM4NFo5eXpIN0UyS2ZkYmMwYmo5SUtxR01qd2dDRFdSZEZxTnJ2b0k0Q00?oc=5
2026-08-25 14:27:03,AVGO,Significance Of AAPL & AVGO $30B Deal As AI Chip Trade Sees Pressure Carburant (ke6Sb8Iu4n),Mshale,https://news.google.com/rss/articles/CBMiYEFVX3lxTE9nR3RyTDBFS2FCMGZzUHNUNndkbUpEdEpvWjNPNFAySXdYcGhfZ2J3cXJSUGh4UW5WMFZKM1ItaGFlSnR3Nk9JbzB4WEp5Y2o3V3BCOEFpWUpoa0Y5V1dwSA?oc=5
2026-08-25 11:17:16,AVGO,"Analysts’ Top Technology Picks: Broadcom (AVGO), Zscaler (ZS)",The Globe and Mail,https://news.google.com/rss/articles/CBMi1gFBVV95cUxNMzJBMHJldEhSMVh0akxFbzNBZkVTbi11MUZVaFRXTmhwV3BQZEcwYXZabTFESmh1a2hoYnpvdDJlOUJRbGpBZkt1d3BaVWI0ZEhPT3NobDlhZmFqWHFyMjhfQTdjUGJZUkdlV1NtRHp3NV9xdFZCbFdjcXF6Y2NJdmJ4RzNlUXBTVHozQWtQcTF1VVB2RVJEV3hlbi1YMjFsbU1sdkh2SG15MUNnYktRdHBJbzI3ZDlKcWtTN2c3Zm9Uc1VSaDBMbXFHRC1xb09aQUdxcGR3?oc=5
2026-08-25 09:47:56,AVGO,$Broadcom (AVGO.US)$ Hold and sell when it give 15%…,Moomoo,https://news.google.com/rss/articles/CBMiogFBVV95cUxOT09NR0hzc1pKcFROVjB5S2hkeThBZjBYRUdKREpaOWh4UU1uM0RVOFlzWmJrMUliajNfdFAtVG9td28tMUx4UWhYYng0WDZ2aWdCUEs2QVNKU05wVFA0X1lyUHJLa3Zjem5iM2ktUUtrSGh0UkVMdXREUFpYdTFkOHk5SVY1NmNNbWI4X3QySHM5X1YyRENZUW5melpMMTRZcWc?oc=5
2026-08-25 08:33:25,AVGO,Broadcom (AVGO) Stock Drops 3% Amid Rising Credit Default Swap Concerns,Blockonomi,https://news.google.com/rss/articles/CBMilwFBVV95cUxQc1pHU2U4WkdaaXducjUtd05kQURWTTAyV2VrYy1uN3pxYlFmZGZ2SjBzMFVGNmdxWGRSczhBR1pQWWlNSVZMVGZoQnd5X2Y0cjRCWUphaG1nNEdnNGlOTFdKeG5MR0FneDJIa3BpZDh6bnNKa1hLWmdrOGJCaEZtSnA4UHlTaERpQXFyOXB0VGRydWNqRlJV?oc=5
2026-08-25 08:13:51,AVGO,Huge News For Broadcom Stock And Apple Stock Investors! | AVGO Stock Analysis | AAPL Stock Analysis Inter Miami Vs Toronto (c7LycDdHGW),Mshale,https://news.google.com/rss/articles/CBMiW0FVX3lxTE9wbS04R2F6eDZmc25ZMWItUTNPWXN2NldVdXJoTElBZkNzUWpXbWJCY1NhNkEtQjRDYmdaSFpZT0lEZlg5TWdGNzhwU3oyTDcxbUVsYVBnZk5KdTQ?oc=5
2026-08-25 07:18:05,AVGO,NVDA Stock - Is NVIDIA Still Bullish? (NVDA/AMD/TSM/AVGO) Acl Two (5mbkNLJ9VW),Mshale,https://news.google.com/rss/articles/CBMiYEFVX3lxTE1XT240S1FpS3FlbzBJVHhwSXdVWHdTRTlET2xmUG5YZ252OWk3M0QwOFFmSFU1YnM0TEZYLXdkQjhTOW91SWMxTkQ2ekxGdFk5dVRrSU1sQnR4RG5MYmJYYg?oc=5
2026-08-25 06:40:18,AVGO,AVGO 260824 342.50P (AVGO260824P342500) Stock Options Chain | Quotes & News,Moomoo,https://news.google.com/rss/articles/CBMiYEFVX3lxTFB0Mlh2aHRZVVNzZTFrT2ZBMjNpNi1PRjdHLTd6OThILVdreU9lOGZQcnYtR2tGLTRfTFVMdXE4OUpTN2hFaTIxSUd3QUVwdF9iXzFuZzdrZ1dTM2VjZVFBcQ?oc=5
2026-08-25 05:50:37,AVGO,AVGO 260824 500.00C (AVGO260824C500000) Stock Options Chain | Quotes & News,Moomoo,https://news.google.com/rss/articles/CBMiYEFVX3lxTFBLb1JsZkhQak11SkJYbTR6WkRoa01GSU03cS0xdVZwYUs5U1V4dXE5NU5FSHBYcEZYNXkwTDF2Wnl4ckJoS3dhb2JXcThKWkVoZUh1T1o2LUlLejJGQnFQaQ?oc=5
2026-08-25 05:46:30,AVGO,Direxion Daily AVGO Bull 2X Shares (NASDAQ:AVL) Trading Down 5.2% - Here's What Happened,MarketBeat,https://news.google.com/rss/articles/CBMi2AFBVV95cUxPd2ZFeWJSWUZENnJLa3V4NFpXVDNiS3Y3R1l5eTM1VUxwTUJOMC05dVF1MEtXR0Etdk1Wck1DLUVEQ05KUktBUTVfdVpqdy16dVhZN1Y0dDQ3eEh5NnJHQ0RfTllzYXQ4YlJDenlGQlJkOWkyVUJzMGlnQjc3dGdYV2VfR2Y4Nl9xc2R5Z3FtQWR1SXVwaWRhRXhFZ2xwOWQ4RmFPSTVlOGdNUWR5S01BZnFUV0VsMGNNd1RnQUJJY2wtMHFVODF3c1N5Rmk3c1RoZ0h0d0xjU0Q?oc=5
2026-08-25 05:43:12,AVGO,AVGO 260824 337.50P (AVGO260824P337500) Stock Options Chain | Quotes & News,Moomoo,https://news.google.com/rss/articles/CBMiYEFVX3lxTE1DakxjbHZkcnQ3QVZ3VjVYY2I2Tjk3ckZ2VUJENkZBeDI5bk1ETUVlcUNZUjF4RXdRX3duc0Zud043bUM3V1I1LVlSNF8yN1ZtMWI0UHZIMkVyekF6VDhYaA?oc=5
2026-08-25 05:26:13,AVGO,"Marvell Falls 4% Ahead of August 27 Earnings, Broadcom Slips as Semi-Sector Positioning Shifts",AOL.ca,https://news.google.com/rss/articles/CBMie0FVX3lxTE42T2psMTFtUXJEWVlJaGxEUmhJX3c0akZPNjlOZjg3MEFuSm5pQzBSUXlDdHpJWUZ4ZkRmWVM4OV9BZWc2aHFDaHQ1V3JYYWdIUXJkb0VqUnFmdkZGbWR6TGE3UDB1V1VCTGpPYU9fTDRldThtY1d0ZzNHaw?oc=5
2026-08-25 04:27:30,AVGO,AVGO 260824 310.00P (AVGO260824P310000) Stock Options Chain | Quotes & News,Moomoo,https://news.google.com/rss/articles/CBMiYEFVX3lxTE54cGZtSVVKcHd1aFNqTzBHWGh6a1RQakhQQ09HaDBWU0RDcU5jNy14Rm8zMHIya1ZMTm9TdEo2UTVVLTZkXzJ3MFhQWk1wR25vZFFpVUw5bDNOdEQyblY0Sw?oc=5
2026-08-25 04:17:32,AVGO,AVGO Stock Alert: Broadcom’s $970M DoD Deal & AI Revenue Surge! West Ham Vs Arsenal (QoXZIse6TF),Mshale,https://news.google.com/rss/articles/CBMiYEFVX3lxTFBsd1YwbUM4Z3NvdmxRbUJLaWxpTGhiVXkzMF8zM1I0ZlEyNnNYNlY4RHNtT3luV1M2UU9ySkZlNkxpZlFZQlZibmdyU0IxX2xTVVlQMHc5QzEzRE9lNi1lWg?oc=5
2026-08-25 04:03:13,AVGO,Broadcom (AVGO) Faces Rising Concerns Over AI Financing Risks,GuruFocus,https://news.google.com/rss/articles/CBMinwFBVV95cUxQY0p1MlU2dEdpMFotWU5IczFnUnVreWJZVWJRcUhjUGJIZUlIRHpiV1pJaEdidXBIdEY5YW1EX2dPZlRLbjc1UTVOUG1saXBvQkVGcXBsa3E2VzFjbExZTXFqSU9nWkUwZnNOVHMzLTBYYTBaaTVLdVBMZ2dsSlAxaVN5VElVV3FzZElJYUtVZktFZDdULWhLd1BHaXlFM3c?oc=5
2026-08-25 03:43:33,AVGO,NVDA Stock - NVIDIA Can See A Huge Move (NVDA/AMD/TSM/AVGO) Marcello Hernandez (LXlEAQHrpi),Mshale,https://news.google.com/rss/articles/CBMiYEFVX3lxTE81dmExay1CcklUaVZEaDhweGJEeUdtYlZvMVREXzJoYTZRd2E2M1dSVnRuRVFncS1CdFBzUE5sOUlFMDRVcXl4ekdIa05QYVMxdkpuRm4yektYUHNDQVFvUQ?oc=5
2026-08-25 02:41:35,AVGO,Broadcom Stock (AVGO) Slips as Credit Default Swaps Jump 28 Basis Points – Here’s Why,TipRanks,https://news.google.com/rss/articles/CBMirwFBVV95cUxOaEdNNUFGV01Sb0JNaUhtVDVickJXRmEtcnV6MHMzYjlRSDVicHJSOFZIWEJKYnR2RjF2b2JjWmxsVXF1WjNzcm5pVml2OTlnSVVMMnlzSHZjVzhrZHBRY1Z1TU1BbzROdmh2S0FFZEhMbU55SDM4V3RvaFRwVEZ2LUlCR0tMQnVUZmtDR1pGSzRnbzNZMU1KYk1OVU16MVJxSmxwWF9LcklEOHpzU3JF?oc=5
2026-08-25 01:20:00,AVGO,Broadcom AVGO The NEXT NVIDIA Stock EXPLODES On AI! AVGO Analysis Bon Cop Bad Cop Serie (DAN8waUaf5),Mshale,https://news.google.com/rss/articles/CBMiYEFVX3lxTE5mRldQYno2SzFwQV91eXRJbTUzd1k5cE9iaGF5YlJKVW5zbFlwSkxFYjljQ3lSLXEwT2tQVXc3YkVFMjZSWE5kcWNsYk5tNHpEYjNwY2lHRWZfQU9Ld3VvWQ?oc=5
2026-08-25 01:08:53,AVGO,"NVDA, INTC, AMD, MU: Major Chip Stocks Fall For Second Day After AVGO's Soft AI Guidance",Stocktwits,https://news.google.com/rss/articles/CBMi4gFBVV95cUxPWmZ0aV9DNzJ1a2NadF9FS0ZxNk43ZkE1dVh5aGtmeFdZTUJFYjhTRldJYTJxYWJhWi03d0UwOVpfVXZjYjZBQ1JjY2Zvd1otWmRPWGpCWGo2MU1MblZHYU9WRm9aVVpCQ2FOSnpHSlpNU2xIMVA5elRoV1NGTS0xajctR3FJT2V0TGxzdWR1VFpJaDVsZExjYnJaTE9tTUJCTl93d0syRXJBQ2FWdDZoelk0aG5pS2FyRGsxTjM3YVNFS3JHYlhzTzkzN2NBZ3FUdTZaZVBmb0pJaDhaM3ZEUGNR?oc=5
2026-08-25 00:46:50,AVGO,Today’s Market Recap: Nvidia Earnings Take Center Stage as Micron and Broadcom Drag Down Memory Chip Sector,TradingKey,https://news.google.com/rss/articles/CBMixAFBVV95cUxOWGVfc0RUcElhM2J0dVo5QXNNUWg3bzRET0Jycm82ak1TMFBiZEdmdFU2N3RfMmswT0RVZENqM1MyODZVaGdwb0RudEUydlAwekQzelRIbTd3a2N1QWxyeEM3TFBqTjktNl9Pb25FWG0zdVhmQWRzaEVTOTUyMW5LdWM4anJjcGpQTjVhOFVqTzlodFplMmdzNTZLcU5VZlA3WlhGd20wNzY1aVNRUHVoVTd5UWNJRkQzT2tIODk5UlBSRERy?oc=5
2026-08-25 00:36:37,AVGO,Here’s Why I’m Buying More Broadcom as Spiking Treasury Yields Rock AI Stocks,AOL.com,https://news.google.com/rss/articles/CBMiekFVX3lxTFBid0xSby1YVTJOMDZqRE1ZaGlYNndJc2pWLU9jQjFUcUpabGNITzZFY2dvZlJrZUJLc2dZa2N3YkxYSnVKcHk1QjdpZFQ3OTVYOWF2RWZMTjRqZWtsMEFVSnBvbm1naEIyWVRUY1V5WWJoX0RWeHRaM3NB?oc=5
2026-08-24 23:32:27,AVGO,"AVGO Stock Today, August 24, 2026: Broadcom’s $164.6 Billion Committed Backlog",The Eastern Herald,https://news.google.com/rss/articles/CBMigAFBVV95cUxOaC1MM1dMZ1V1THV0N0gyUnFQNjdWMWxIZkRZT1lRa3Qxdy1YNVF1NlBKS2RacjN2R0JpQmpRS1ZfY3VtZFpPNldYd2xOSUJzbk8yN1B0b0RrZ0hZM2tQWEFuTnlZNjdxNW1lc2tNVS00eXFKd1N1ZzQ0SXV0Sk9BcA?oc=5
2026-08-24 23:22:52,AVGO,How to trade Broadcom (AVGO) perpetuals on Bybit,Bybit,https://news.google.com/rss/articles/CBMihAFBVV95cUxQbHRxdzhEc096ZFluTDdxWG9SaEI5cHE5cEhmSFhnOThsRHZac3JuTHlrSzQ2d2wwSXBTUVJxa3ozenlDc2R1d0x5bnJrMzU0RFdzNm9GdnAzbFNZTHpncTJnOHRwcmJGZ1BRVmlhYUxOYmlHYTdEV0J1aGdUaWhscXBIQVU?oc=5
2026-08-24 23:05:38,AVGO,"Can Retail Earnings Keep S&P 500 Rally Alive? NLST, AVGO, LUNR, MRK Stocks In Focus",Stocktwits,https://news.google.com/rss/articles/CBMimAJBVV95cUxNaEh1dkowXzNVRHl3bWpnMkhha3F2UVhYalZIaXYxTm9DVmpVNTN1Uk5ndE5SU0NpblRGajE5RnJ1UElTYV8tS3g3dDJGYzBodGIzbWRmeFptR3BSeTJ1OWJJNEo0eGNsekF3TVlaYlJsUGdoaGtVYkM3R2xGM0hkZjBhd2ZpeU5TeXhjZFAzZHhJVjRhXzdKcmlqZG9TYXRPU3JrUkV4ZWdvcXB4QlBXR3NLUjk3MFluT0hKVUtSR3hLbU14RlhudUJ1MGtwZnZSYlMzbWZGZDlqR3BQazduZEFNWW5WVUFEdi1XNnA4RHcyQ005T0dhM1pEREdWVkJaS0JSam4wTHpCNEl2SHBEYkpqcWdGRkZ3?oc=5
2026-08-24 22:13:00,AVGO,Can Broadcom (NASDAQ:AVGO) Sustain Its Momentum Push Near Record Highs?,Kalkine Media,https://news.google.com/rss/articles/CBMivgFBVV95cUxPZjgzZ1B6b3Ytbjg0YlFuLTBrS20xR25EYUNOYnNBU3FhQk04YmdTTGF6OHZmVzN5cWdIamZCcEdlNTVUUE5nOHpTYmV1THJyVG9ENFYta0F0MVp3b2hoY2Q5andnQTlEeFdaYlQyUy1HUXlTVVg2QW1FVF8tUDUtUjZrTjd2b3N6Y18wSl9PQWdQUGpqLTZEZ2lpc0Y4azBBS20xZ0p4OHJnZm55T1JZX0xxUDB1N1RuZGFFS0x3?oc=5
2026-08-24 21:52:14,AVGO,"S&P 500, Nasdaq End Lower On Chipmaker Weakness, While Traders Position For Nvidia Earnings This Week — AVGO, INTC, BE, NVDA, PSKY In Focus",TradingView,https://news.google.com/rss/articles/CBMimwJBVV95cUxNbWxMT2tBaF90d1ZDczVueW5ROFlWeDJlS2FMV3lKVnlQTlNoVWtTVEZkaTFwOEJfZzByU2xsdy1ZbnR2bDFBS3NQUnRRRW1zYXFSSlVGNld6SGZkSXZBLWpxMzE2cDZSX0JzVzVCeElaWV9aQnRGdUh4eUxEaTBoOEM5SE80WWpaMnVrcjhIQzQydDBUZEJXcjVJREpNeEJPa0gyZ0xfdW80eVJmR1U3UGc4VXYwQWM5dFZUNFp5cEFEeHhFT0MycHNnR2p6dkRQLVJQTUhGamhKTG5DUEx5a1p5Ql9ib3FfYTFhUFRmWVFyU0FaV2IyRTFieVA5SGdqSDlSVzFvbmpDUlpvT0wySDBoNlFVVHdIdEZN?oc=5
2026-08-24 21:44:54,AVGO,Broadcom Drags the Nasdaq While the Dow and S&P 500 Climb,AOL.com,https://news.google.com/rss/articles/CBMigAFBVV95cUxOVmczclVXRTZmYk51SmJ1RzVnZVBzUXpRSklyZFBQT2U3Y1V2bFRJMGhEbDVNR05KZEZ2Mkc2M3JiSjA1a2RNaGpJZ0FpMGY2Z3lRWTQ5MUo5cjEtdjZ1RGRDQXdKR3pURUVyS2ZqWnYyNGxoSFVuVXpmQ002Z1V4SQ?oc=5
2026-08-24 21:34:29,AVGO,"After Its Recent Stumble, Is Broadcom Stock An Opportunity Or A Trap?",Trefis,https://news.google.com/rss/articles/CBMixwFBVV95cUxNRFc2WjJwWW51bTQwdjhiUm0xQmhKN1RZbWpKTkc5TUtGcklsT0NrUlFoRVFOOUtDLXhVWHhTakYzWWNnQTFMTnR4WDMxOWVwUzIxankyTjJxcmxMWHpFY2RMclplZEhaaTlGcHdQOTktbFh2bFJhNDEzaEZzanNrYzByOFpBcUhTS0wzUzEyREhOeVNVazlNdUNUM1RlLVF5a1ltLVRxWUU0VDIzUVU0a0t1TnBaeXZtREwwN2NwdWlNXzdaaGhz?oc=5
2026-08-24 20:42:40,AVGO,AVGO Stock Slips Nearly 3% — Broadcom’s AI Spending Is Pushing Credit Risks Higher,Yahoo Finance,https://news.google.com/rss/articles/CBMikwFBVV95cUxPSlo3ZE16a0hGZXc2YWtvRW1vWDE0R0JOeGs2VjBieDBWc0JIU1k4eFpoRmF4LWJxNGNsNWdoSjVEdmMxUHpvQzJ4cnpnOWo1Qi04d09ZOGw5N3JLcGJTa1NTbDRKZ2ZyZnNyZmsxMTVPT1o3T1RHZXo0MFlKQm1CeTl6Y1BFdnNXckx4dkVpVmtydTg?oc=5
2026-08-24 20:31:00,AVGO,Broadcom Inc. stock outperforms competitors despite losses on the day,MarketWatch,https://news.google.com/rss/articles/CBMixwFBVV95cUxQSTRkZk1zUGppaldid1pFcTVsNkh2VHpSMXRaeWo0TU51NnFfMTdabVNQaVZPOXlPT3NXZXJ3d0JWTEZycHBvV01NcjhLSm9ZejlENWpFTEl6c0xRUVVGSXlGYjBVN2w2dFhEWXZNRlZpUVNEWV9SRGRISzdhWFVyel95MmVNLW13cjZneUVJOFpybUlVc1BGLXVMM3JRY0VpV2xfcmNIQ2pGWnlrbWdROVp3Z2RvN1JWYlo0TkI3LU8yQWY3Q2xz?oc=5
2026-08-24 20:27:28,AVGO,Let Me Show Why BROADCOM (AVGO) Stock Will Triple By 2027 Chet Holmgren (nLWwVuwiYm),Mshale,https://news.google.com/rss/articles/CBMiWkFVX3lxTE5qcjNHejdUNVNIeUFXLWtQcUllb3d2cVQ4NW9Qb3o0VUN4aWdxdmdVYlZoa2VlVVMzdUtEM2d1Y2JFekMyaGJKb0treUM5UVBFT2FGd2NRdlRiQQ?oc=5
2026-08-24 19:10:06,AVGO,Broadcom (AVGO) Stock: Retreats as Credit Risk Climbs on AI Chip Financing Deals,Blockonomi,https://news.google.com/rss/articles/CBMiowFBVV95cUxPNHhKMnA2VGYxc2M0YnhlRm9RRVZnX0V1RGI3V3d6SlhuQTNjVkZOZE1IVWxndk1mRk1jNDVEMlBZUHgyQmcweUV1dklfd1lzdTFzcG54azFpNUVkVVFkY2pvbDdoSG10YVRGLUZoaEJDejFzM0dLUWN4NFlRemROT0MtbG9QaGNpdmNWNFBpU1A0U0tYMF9pU3ZVWFlRcGhZT28w?oc=5
2026-08-24 18:53:33,AVGO,"Marvell Falls 4% Ahead of August 27 Earnings, Broadcom Slips as Semi-Sector Positioning Shifts",AOL.com,https://news.google.com/rss/articles/CBMifEFVX3lxTE92SEJ0a1BCUlhGdnV6OHU3UzBKYTYzaV9MVVlGMjlzR21RNGtvcWt2WDA1QVRBSHoxaXZ4dHRIM0NVSG9YR29Obi1RY3JXMHJJOE1PMnhrdHM2NDlqUXk3a1lmSHJ2MVZydTdhM1c3UjFMRkNJdWVoSXd6TzA?oc=5
2026-08-24 18:46:00,AVGO,Worried About Broadcom's Debt? Bet on These Semiconductor ETFs Instead,TradingView,https://news.google.com/rss/articles/CBMiwwFBVV95cUxQWkgtemFiNjktZEl1Z3BmNm1NeEhzQVZSbnh0enVfSXRyZ1BMTmRwQm1pM3lIRi1CNThMY3J6cWkxbXExUHp6QUdxSnhGck9xUzROZWs3b3NWa19NX3VzeXNmT0FPcUJ5Z3pVN0ZUSlRnSkFxTHcyQngzRDE1NUxBVG00U2ZId3FwR2puT3JVeXNrVVIwVTJnazBKNThUR240MjBNWm1tZEpXQXEzdzlFRjhjUmwxaDl0QTAzdVFLbWdHTlU?oc=5
2026-08-24 18:01:13,AVGO,"Marvell Falls 4% Ahead of August 27 Earnings, Broadcom Slips as Semi-Sector Positioning Shifts",24/7 Wall St.,https://news.google.com/rss/articles/CBMipAFBVV95cUxQSm5kamkxMXhSaFo5SjJmZWZ3akxXS3ZtRS1fRmszZmxfeFREV2JNLTFmUm1HME96LTBzUGt0UjBJUjE1V25EWkNpZXFRaXVWOXlheXFrbkhzN2pGWFlMVXhWd1pNZzR5ZTNudjBSaF90dngyRnVHVUE3TUdhSldqeFBCaUlVM0RfcWNTb2hLZFVabkF4V2dIRzRqRkw3Q2RjSzhDMg?oc=5
2026-08-24 17:33:00,AVGO,Broadcom Stock (AVGO) Opinions on AI Debt Financing and Valuation,Quiver Quantitative,https://news.google.com/rss/articles/CBMipAFBVV95cUxNN3BlYkpsWXhBWE9IcDZSV1ZiNzRqM1R1T0ViTEQzbng4N1VVRThzN1lRd1JBQVRTMnVJSF9fV3o0d0VaQzRrMllvTzk4aUxrbHhoVzJ5cHctaDIyQS0wekFoWFRBcjFwS3ZBa0ZLNU1kVFVJRWN4WDEycHBLWjNybU1nRDMtNWZTWkRGeGtHVk1INTBlWVJzNHpVZjRjQllzTlpOSQ?oc=5
2026-08-24 17:22:00,AVGO,AVGO 260824 250.00P (AVGO260824P250000) Stock Options Chain | Quotes & News,Moomoo,https://news.google.com/rss/articles/CBMixgJBVV95cUxPQ2lnd3dQREZucFlod2xUSlhIZkNCZUdVdHB3RjJRb2hERENVbTJVbjc2SDZRTzdvU0xKM05JWjJybkpyNGJ0UmdPNDFpXzdVZVdkMThjNFNFemFpdk01bjl5UHl3Z0JheVd0SmhWNG1Yd2lNWElHcW5kVXd1ZnMwR0MxSU5SbDBuamNxeHBxbC1STm1sVG5wREp2TG1PanJEeW1MTFZKaVdEOXIwYXFTc2RYUFBTc2ZFVmgzWmhLS3BZb3lRY05hZU9Zb251ZTVsdmRFSTlfcW5WVEtkZG9IdVVZZlFXQ2FQZ2l3OHhWS2d4aEhUdWZrQThPSHJPREt4THZlWU5jMjIzaEtiMXBvekRKaktuOGE2YUoxTXNrMkJGR1RPX3NjWWY0VC1RZWN6UmlRcDE2RGtyQURNeDNLaHE4cnVyZw?oc=5
2026-08-24 17:15:00,AVGO,Broadcom Stock And 2 AI Infrastructure Shares Backed By Data Center Demand,simplywall.st,https://news.google.com/rss/articles/CBMizgFBVV95cUxQY0JZSFNpMTRGZEpyTldrc1NpVWlkaVhYMnpxZGlqNUFueUtqbTVIdkFtcUN4U3lPN3pJV3pqc3JhZVBINDhGY1hJNDA0WTR2S3VoakwxaktBdDN6VjVIUkNzV19sNXVLNEJlSjBmT0hMZHVPZG9DX0dKZEwyQzV0NEJVWkJKWlhONFNiV0hSNVZPM1lsV2xDcTNVVnJCOEtlTzJSRE5YbkhsRVlRalZ1UVVQdzlGdnhyeWxiUGt5UE9zemNheHBMQTUyQjlld9IB0wFBVV95cUxQeWVWdlhPeWlvSXExT2dJb2pkMW1IakFwUnR3ZkY1M0xYQTRxMXBtcjNCdUplb05DaWwtU3QzYnRYSDBRZ0ZuUEdBTGVxcTNZOXhXbWl6dndPd3RCUWMxZUFSZjI5ZU9iVDlCVUF6b2xzZDBib1Y3OWdKX1JvOXhRUmRsRkgtbjBXbWdQZHRpX1gtZWJXYWQxdklpQTlEOE9uRE90ZVRPeXl5bFBzQjRuSnIycmd2TTlKdDR2X3RublViNlV5OTFLVVRyRkJ2ZU5Gemdv?oc=5
2026-08-24 16:41:55,AVGO,Top Analyst Trims Broadcom Stock’s Price Target Ahead of Earnings – Here’s Why,TipRanks,https://news.google.com/rss/articles/CBMisgFBVV95cUxPeWlKdWNiQklxQW9wWDhTZXlteGFxNUFkNXF0YlM1U3hsMHl5NndTckhEczduU0pCRmw1WUk5SUZmSU1KZFZ0elNuQmNWRmpydzdWWWFhTzlyRFVrU2ozaVZIUmZwZDZCaUN4VUxmdGFTaTQwY1pyS2hMallkYTVVNDkyd2o0OTBYZGY0Q0E1cXprMXprVDZRWEtpT2xoRmdYcUtma2RiSEk4Q0JwMU1vMGl3?oc=5
2026-08-24 15:45:42,AVGO,"AVGO Aug 2026 370.000 call (AVGO260824C00370000) Stock Price, News, Quote & History",Yahoo Finance,https://news.google.com/rss/articles/CBMiYkFVX3lxTE10azdhRHhhakdWWVk4YnR4QVdscmdfRmpHUU9fa2x0WTRiTzlNT2NCbDFONWxJdE1iZUIzNGg3ekNRVnVyWjhxUHVaU3JfWk9ENTJGTmx3WmFTUE9pZnlHY0h3?oc=5
2026-08-24 14:21:20,AVGO,Marvell Takes a Shot a Broadcom's Throne With Google Deal,MarketBeat,https://news.google.com/rss/articles/CBMimAFBVV95cUxOY09WbkhES1o5RDBZRzk0Q0FpbWNqcExQRll0Q1l5cjd0cnpMOXdwTG43Wm4yVGxSUHpfR044bTZ1TFZBLTJtYXVYZUhKdnU4UW9sQ2tUQk5EeVI0Y1FITlJ2THpoTTRVWVlyMFVodTZ3N01EV3lqNnBfWXN0RkxhRm5GM2p4ZElCTGx1cVhXdHMtYllFWkphag?oc=5
2026-08-24 13:43:57,AVGO,Broadcom stock dips 1% amid tech sell-off but e...,Pluang,https://news.google.com/rss/articles/CBMiiAFBVV95cUxOUmZTWHJPaDEzRlJ3NHZHSGdtbmsxQTFYNzN1WUk1Z3JkX3dIMGk0bGFNemJxcWlWWVc3Z0F6RVk2bkF1aThLaDFlTkd3T05Nam5Vem5RVFNkNmdrd0VPdDNaWE05SEdPQkI0cGhicGprcFBDOGhUdmhMSnhwWEFZQ2h3Vmd2Y1lo?oc=5
2026-08-24 13:37:10,AVGO,Broadcom Stock And 2 AI Infrastructure Names Trading Below Cash Flow Value,simplywall.st,https://news.google.com/rss/articles/CBMizgFBVV95cUxQQXZ6NUJROTdrdHFWaEd4aFlBSXpKRHY0M3poZDhXUnRFSHRxTFNmVExwMGdUTjFnV2dPeHBpX3ZRWHM1cFBzMS1vSzhpZmRjeTRZeGxfSHlSQTBNVGF5MnJIZFJ6Ny1aWkVBa3dubEE0U2kzb1RrUHpSX2NWeFNENjh6RlR5eXViZWlJcF9Kd0VyN09YNnRPeGFHTXBNTE5xTWo1ZERxQWlnSEROdUQtdmNOY2prOGdwYzB3V180QUZpNGJfNkpvSlNRcURNd9IB0wFBVV95cUxPamZPTktDaEp0X2xubndORW93RzgzNHZsR1FNdVZ5ZFRjMUh4REhtd2MtcjdGZE9pZGRqcVNiLVpjZ0xHenlrYXkwWjBVRktLRGlWU3ZpaW1YejZCdWZ2bmlKUDZ3OTlIS2cwbXpvX2duaWRpSFEtUUxsZy13bkJBTHpPQ0pWZ1FGdl8wcGF5akdjTWIzTzRkdWNkd29rYXVuSTJHTkpqR2ZsVC1BMm1rTjVlWHRFODNsSnNHdWJhanJKLVE2bUp0dWY1NXM5Vnh0X3A0?oc=5
2026-08-24 13:34:33,AVGO,"$1,000 invested in AVGO stock at the start of 2026 is now worth",Finbold,https://news.google.com/rss/articles/CBMiigFBVV95cUxPQnZ2Y3g4Q2VTZUFzNGZXb1dmYW95QWNrS1E5dEFXeFJSMldkVHFsanpMdy1iMV8zS0xnUXlhQzd0Y1VtdkhSMjZBLWExMkNQNHNPZ1FmeG9jelk0TmVOdVZhcUVxR2pwYUJTa2VwcnEzamhJc1N3c1Y0azRzZnRpek01WXlqZVZrZHc?oc=5
2026-08-24 13:13:44,AVGO,Broadcom: $100 Billion In AI Revenue Is A Lot To Ask (NASDAQ:AVGO),Seeking Alpha,https://news.google.com/rss/articles/CBMijwFBVV95cUxPQlZyU3h6QmkxLVhwVXhZRGxQTHVyVEtsU1BqRy1tN0ltRnZsQlQ3TWYtbkR2VnkxQldOZkd6Z2NGbkh6alpvWXRVU2tvblY2ckhWT1dBaDZmbVFOdHZ3VTZoT1pwMnBZanZIWDNTQ1FLSUd6TnA2UExzc0E2Vnd2VmhiY3dpb2JYaTQzTEZLVQ?oc=5
2026-08-24 10:20:02,AVGO,What's Going On With Broadcom Stock Monday?,TradingView,https://news.google.com/rss/articles/CBMiowFBVV95cUxOZUtLZGdrc0Jlb2tkWWFWalJ0TUVUYXVlWmI3STdQRDhRd2drM2IybmVMVVBFcGNDV0RKcTdaNjBUSEExdW1aTXlZby1iM0NINWZLckJ4SEtxeXRHbXJHUUpNU0dUUDMxcVRKTE13c2t6bmVJbkdxcFNYdlJjSXVvZkszdFE1TnlqN1dpXzRwM0ZFTE9XSHp1NF9Ia3JBdTVZS2J3?oc=5
2026-08-24 07:40:39,AVGO,Why Broadcom (AVGO) Is Back In The Spotlight,simplywall.st,https://news.google.com/rss/articles/CBMitgFBVV95cUxPY3VLWUlTYVQwLW1Nc1dhTk9GLXhocnFlS1VJeTBKcGViRnUwTmRfaTVlN1NBUHNBQUhJWG1HZHVZdi1VVC15T2tTX0F5MDdid2JtbV9PV2JTWGdtVllsUk9YUGEwYXlqTWo2UVpucjRORXYyZVRTSTNnX1FEM0VxUUcyX1FpSlloeFBsR0RPTWdEb2Z6eHlsME1VRVd4T2lERlM5azJfLVF1QzhIVkdHNEMydTZvUdIBuwFBVV95cUxQeDJRT0stVFRhQW9iRmlQZFVFcE9DQXhvSUhwVjNLcGM4UXg5MHdEc09tLWdKYTZfeFRrY3pJa052XzRxVEVyd2RhNE5DWWFDcEU3QmlVOXdVd1ZaTDhCWnBLTVlZX2RtVkdqQnl2NmVDbnV4aWtmZFM5dmljRFpvUVZseDc3ZmpNcjhoWHlWb2t0TFp2UHlpeTBMTGJ5Yi13SUt0cW9HSEVvLVNVckxHU1E2VTJJZ25yVVVR?oc=5
2026-08-24 03:39:15,AVGO,Broadcom vs. Marvell: Broadcom Stock Is Still the Better Buy After Alphabet's Announcement,AOL.com,https://news.google.com/rss/articles/CBMihAFBVV95cUxPTkNuVHlTcER3TUJUSk0yTlR1Q05ZSGg2b1g0MG5ocThxMlJ5SXBDQUxsckNISUtYdWVnTklSMUdUU2YzM1ktRHotRGtqTWZnU0RaOERRSkVmTWNXN2hPMEo3UC04Q1Y3aXRoWEE1T3RDckVWNWQ1MkJTUzNqM3VuOTlfZy0?oc=5
2026-08-24 03:06:16,AVGO,"Marvell Expands Chip Agreement with Google, Impacting Broadcom",Intellectia AI,https://news.google.com/rss/articles/CBMimwFBVV95cUxQa0czX1pfVkN4aVZ3YThESHJCTDNUdFpULXVmYUEwajRkRmt4TVRSV1hnbk5UYTJUTXJCUTZPV3F1dngyQ0ljR3pCdnlVdzBVWVZYamM2WkRCYWx2TkJmZVFTZ3NBYW0tYkkxTTJsWGEzVHNlU0Q0RVNLdVU1Q0MwWlhkOWdQX3RUaHJMSTNidFBfNTkwYmdoMHJLNA?oc=5
2026-08-24 02:53:32,AVGO,Broadcom Has Seen Its Biggest Customer Drop a Key Chip Before. History Says What the Stock Did Next.,AOL.com,https://news.google.com/rss/articles/CBMihgFBVV95cUxPYjE1OXFjbEhqdUZMMXktRE04b2NDaE9rZWk5WjR6SXNLdE5HbU1VeHFLYnBTRl8tOTBJeDBPdDhHVDRKaU53S0E2NnpSbmVyTFJXaUVzbjZOOUdFNW1EaXFOYVpTZElXWVRaNEIzUXVRd2IybFBsZUExQmdTRFZSU05fRUl5dw?oc=5
2026-08-24 02:46:00,AVGO,Broadcom Has Seen Its Biggest Customer Drop a Key Chip Before. History Says What the Stock Did Next.,Yahoo Finance,https://news.google.com/rss/articles/CBMiogFBVV95cUxQQ01QZmlPejMwbzhjbVpaaEpNdnJoX2NkN0tnTzhqTWNnS3dsMVR6Q2k0ZzAwMFBsRTg2TkxwNXR0aGNZM3ZxWXJWRVhZaEtMUlFRa2pZbDhLbDRKU3I1NE93X3pPZU13NzJZRnU0U3VkandWd1ZJZlByMmJmYVZ3aWtXR2U3TDV1cjYtdVA2cXVLWk51Q1ZfRnkxek1tX3FxTlE?oc=5
2026-08-24 02:29:41,AVGO,Broadcom Has Seen Its Biggest Customer Drop a Key Chip Before. History Says What the Stock Did Next.,The Motley Fool,https://news.google.com/rss/articles/CBMi2AFBVV95cUxNcnZhNGxyWFA4THJPbWpJTW1hUkp5UzRsSWRfemJnRUFybjhkbVM4T0xjVEVfa2lNVWVhWkhHLWZubFdRM0tMRjJaa01uQXZHRlp0LU9ycTd4WEROQjZTQ3NRVEFtSWhiNnFvLUh2bGctS1dBbUczNGpDSDNCb3ltdEJ4dWhPNGh0emE3eklSSHRZaXliVmw2cEFRR3NyMEp6ZVJpZUJkWFVCSF9GUDZKQVFlWFkwRVRNcHhCeHJEeUhwVXo5bnZKWFU4aGU3eFlQSDBLVUNVeVM?oc=5
2026-08-23 18:06:00,AVGO,Broadcom vs. Marvell Technology: 1 Critical Metric Decides the Better Custom AI Chip Stock,The Motley Fool,https://news.google.com/rss/articles/CBMimAFBVV95cUxPamNvN1JMNEUwcUNzZGhCcTJwWnRiNjhicDZ6dENzZ1k2cENhUGxKRWtMQlJRZHJtSWhuQmdjT19qNC1SYlI4OHJVUF9DdTVyeWxzTmZOaFZaNlloVXhFZUxyaHdVOHJLN1FYd2QxcXNkTkRQVU92UGt3aklUSXhJOWxxN1RDcmFsbFNyaWN6SWhqQmhWbmhvbQ?oc=5
2026-08-23 17:31:02,AVGO,Broadcom vs. Marvell Technology: 1 Critical Metric Decides the Better Custom AI Chip Stock,The Globe and Mail,https://news.google.com/rss/articles/CBMigwJBVV95cUxNa1dQMGJpQXFvQW9nMEU3LS1NSUJQNXRPWDQ0RDBIczZuLXFTZTQ5cklnZnRwLWZyV0M5aDQwRE9iVG5ZZkN3TElWbUJaZnNfVmgtTG5OS1RaMkd3YW40NGFYYnpHbElrUFhaV1Y3TjVfa0lPN2tzemlobGwyZTgyN3FVMlAyMEVRU2t0enRRc3ZBRlNoVS14NF9lS0dhczVBbHZoMGNzaTQyYjBVQmgtNFRTenp5Zm1EQ19vNWtReEZub1MzRjFXRzR0RktzeDlKSFlVekNfVzlZaV9hWEg5VHdhLTdtaml5RDB0RnZRb2dhNWhDZU5uYk0zbkVxT0pNZ1Rv?oc=5
2026-08-23 10:54:36,AVGO,D1 Capital Partners L.P.'s Broadcom Inc(AVGO) Holding History,GuruFocus,https://news.google.com/rss/articles/CBMiggFBVV95cUxOV09mNDZpUjhLcXlQMURwdTA1RkZTS0kyb0xMNzFvSzFOUEZkd1d6RUNTU2NBbVRQMzN6NXdPWUpCUFRQTG1hRW5jOHRwcnRuVEhVSnJLOTlYX2RXbXRuVENIU09oaW1xQ1p4Y2FKSWFOcV9WUjZOYUtLMnQ0TnBjZlNn?oc=5
2026-08-23 05:30:48,AVGO,Black Maple Capital Management LP's Broadcom Inc(AVGO) Holding History,GuruFocus,https://news.google.com/rss/articles/CBMikAFBVV95cUxOYmR4YVF4UnhwTF9ZTFp0RGRtS0FoNXFNczFyOXl2YW1KbDhrZzJiTGhJSU4xNUtscHVHMXFlcEdzd3JiWldlY2tRSVNOWHliZlpYYk5zNjlJaGc0WjFSX1VqVzB2c3cxakRfeDVTbDF5R3hsNGc4Wi1mcnRtUnBpSVBWbkdDbTA1Vkphck9iaTM?oc=5
2026-08-23 02:51:42,AVGO,AVGO Broadcom: Stock Surges 5.9%! 🚀 What’s Next For Price Predictions? Ponzi Scheme (EOK3opfZhr),Mshale,https://news.google.com/rss/articles/CBMiW0FVX3lxTE5NV0I4UVphYWdqVlU4WlJ5VTRFb3F2Q1J0d0M2RjhDWEo3ZlZNNHFKZjVOUkhqWlZGdXhPMzhMeWlNUXA0VndaTTNlZ2JiS2I3Y0ZvOHpoNUx2THc?oc=5
2026-08-23 02:36:11,AVGO,Broadcom Stock And 2 Cash Flow Value Picks Worth A Closer Look,simplywall.st,https://news.google.com/rss/articles/CBMizgFBVV95cUxOTTdVeTRIeFZnU2JDQnluZEU5eU9DMzdLcXFnaEdjcjllV3FaaXVzUjhWaUVnLWZBcGJzMTVObk1PSVN1a183R1FUWTItUXE1U3J4dmNYRmtpUmJBR2NuQTVadnRPR1JoT05SWUZzYmdmOGVsOHRXODE2eDlJUXFvMzJvNTlqUjRTX3dsM1RWeFVUWmdZX0lmMHZLS3NQMjlqZGZUZzQxZHRfdFhvc1JYVlh4RTZiNUpCX3B0ZEhCQzB1SHZpUFZhbGZKLWY1UdIB0wFBVV95cUxNM2VTY204UTFhOU5OZ2RMajFkQnVLU3RWajZ4TUpiS1NVV3VJZ0VOOEpJTXp4aFBPak1FU1J5ZnZXUEZ0VTBhZTJ1WVZZRHpYeDNTM096ODZSeXB6cDlURnlmNnVsOWpfaU5WSUpEU05SUTk0eUJQRWRLR0Vwb3ZGNndDYnZBNVFUd1luY25HVFRxSWRiWDdCMWZQZC0xZGNlZ0tHaGxsVUxtTzN3UjA5VE9ZcEhrZWNMc2NsbVd6X0sxUnpESzhGODJlRDJ4dFBMZEZB?oc=5
2026-08-22 20:35:05,AVGO,Broadcom (AVGO) Update: Advances 1.21% to $368.45 in the Latest Reading; Price Setup: Traders Can Monitor the $350.03-$386.87 Range for the Current Session - Island Reversal,vinanet.vn,https://news.google.com/rss/articles/CBMikAJBVV95cUxNNFlQNVBPRVFOd0pVYXd3Y1I2aVZ0eG51VGNUbmNQekVfa2RjbUVWcF9WMlJ3MndrQWE0cW5WbzJ1ejRPQkQ0RUUtTGNmT2YxMlBjR2Fnd0ZrbUZkeGJXeVo4WE9oTFVMazItQ3JVTWJ2LWVsYzdzUG5VUXRvX3JmLWd6WmloXzhBMVV2dWVCdmktUGxiem56dE5WZ2JFQXVEWDYxZDQ5QkhmbmxhYWh6U2tyYWt1aW1SSHdreVVpM3pqQ1FwQlZFTWo1YThNNnhuQV92NmI0enZVc2h5eDRiajA5YnVnY00wclo2SDg1bDBVeU9waG1tR2FvSDl1S2UzR1BGMVVlcWFSOEFnazBvcA?oc=5
2026-08-22 19:30:02,AVGO,Third Point Starts to Raise Alarm Bells on Broadcom After Dumping AVGO Stock in Q2,Barchart.com,https://news.google.com/rss/articles/CBMixAFBVV95cUxQVkFqQVVmOUxHVkN0NVdKb3VDbnJtZDBpVC1MMmkwak5teGptUEpRTHNuUEwyQkJ6VERzdkVNTzByNTRyQ2JWS2loSWJfUmROME1DUGZOWk5tcVo1ejh6RVJEUXEwTkVQSjhrRzRQdS1IMGVGbUEtQjlkdFFIdDlaYW1RMjR4bU1zMm5KSHNVbXBWLXliYXlJWW54Y3FWcUlXRGhVelJfU1JseWJhM0Y5dnJvUWEySmRZb1VSWFlnNW45bEdB?oc=5
2026-08-22 18:58:00,AVGO,Microsoft (NASDAQ: MSFT) vs. Broadcom (NASDAQ: AVGO): The AI Trade That Comes Down To One Clear Choice,foreignpolicyjournal.com,https://news.google.com/rss/articles/CBMi2wFBVV95cUxPMXJGLTBEc3RPU2lPUGNyUUFJM3Q0NXp3NjhoUEFLQi13VlI5QU5LRU9WMFZiYW9nUjhjY2NWb01PWjVzd3hsUUo2QjNHdXBqRzBrNUVhaEFWNHRoT2NLanFfUmJBUG1OM25qQmtzc3FINWNiMlhLSm1pZXo1TTBTZWs5a2gwTGFGdU9tQkVZUWdKaFRzUkNaOXB0RGFXWlpWMUFTMzRtS3ZmQ09SdWtpTEh3MzN0ZjBJMTR5WGhFOVlzaVZyRUQ1U3BaSGR4TGFCTFJveFh1d0V6WEE?oc=5
2026-08-22 16:38:00,AVGO,$AVGO stock fell 7% this week. Here's what we see in our data.,Quiver Quantitative,https://news.google.com/rss/articles/CBMiogFBVV95cUxNdXl1QkxlSkFpZVY3RXBuNUFVZUV5ODJISU0zZTk1WENGRDlzMktLVTEtMm9CSklGemZ1WTlYT29kYmg2aUFWTm5OZlF4QUVYbWJOTlNBTFZ6VDNOX0Vja25DN3N6aFhQNjFpUWdRSFRSNjZTR0Zkb01SaE51RmNMWTQ3ZUN5UTRwbEZmejhLN3k5czYxZmtJdXVaNm5ZZ0xDY2c?oc=5
2026-08-22 16:38:00,AVGO,$AVGO stock fell 7% this week. Here's what we see in our data.,Quiver Quantitative,https://news.google.com/rss/articles/CBMiowFBVV95cUxQbWF0a3lFUGY2cGs4a2lSa3dzdlRnSGJvYUVsU2xreVhZUWxmeUZHdjRlUWRTZ25jZGE2YkVORlpWb0NxbGM0dlhKWWJuQWc0LUZfT2pCV1gxa21yRGQxSXV5aGl4OURIUG1NOXVwVFczT0pjZEY4TEtuaGFVZ2NoRlpRMm1LcFRhME1iYUV4RE9qVHZXU2ZaQThkSG5fM0pTZjZr?oc=5
2026-08-22 15:10:45,AVGO,Broadcom Stock Slide Sparks Bold AI-Driven Upside Call,TipRanks,https://news.google.com/rss/articles/CBMiogFBVV95cUxQaUh5WTlVWXU0Q0Y0Q1dDT1FXYk82YjBqQk1hNl9NcGQtWWFHaHFBNDBYSy1UOGNVc0JTbTUySzJRcTZrWGJzbTI4dVh1SVQwQ3ptUF83V2E5d2MxNTlYT2dlX3h0UTZOa1VsX1lCQ1ZpLWZ2emZUVm1qck1GZkNhNWpVbG50ZlVFUUp1LVlLa283cDJVRzdfQnF5S042WmZUQ2c?oc=5
2026-08-22 15:00:43,AVGO,Broadcom Stock Forecast: StrongBuy Signal Trending By Analysts,TipRanks,https://news.google.com/rss/articles/CBMiogFBVV95cUxNVjREXzlBV2VrR2FodWpCenNuM2c0X09Hb3ZHSFFIV19Gc2RfeEpKR0pWbGdSQVM4a19ka0FBcnAxWEtrUzg2UXF0NU1LRkR3OUlpRFR5bThwQXo0ZUNnVmM4enQtUFZoQWRzelIyUW96blI1cGJVM3c2SkFHeTcyMkRvMkEtXy1fbVZUZWJHak5EcE9xVURiUi1pZElKdE9teGc?oc=5
2026-08-22 13:28:07,AVGO,Broadcom Stock Headlines 3 Cash Flow Picks Trading Below Fair Value,simplywall.st,https://news.google.com/rss/articles/CBMizgFBVV95cUxOb01YaWoxd3AzbVRYYXBWM0VqM1FzMElfTEV6TWxKVlRYMkVGRUdkRHBNOTlWc1psZDc2UXpucUZDRTdhTjBGMnlOcWY3VUxtSXFMNXhUTXlkVFlrMlRhMkd1RVZHSHh2bkdMTDVyR2FRbXlxTEFDS0tnM0VHNnBIeUplamxBYWg0OU0xNVhHS3RsR0F2bWZoT1BDOWhqcFRSMXR1N1JONkFiUkhzS2lrMlJvNTdlWFR6ZGh1LU5sNVJ4S0lINUYwZWdHcVQ5Z9IB0wFBVV95cUxNbmpVYW02WnVCdFhwaGlaLWNnWWVJMXg4TFNTWEVRNHpDSFZuYmJfZ092Z2Y0RlZHaWhrZGtqanBacnBBWDBkQnVtbmJQZUtjNTVsZUVjNDdXaV9KQnM4VmtEWTJvMlF3YzI2ZUxyYlo1YlRlOTlaWmhMUE1MNHFxT01Rc2x6UEJhTkZIZlNzUEJlLXFFRXJPX0p5WDhRWGNoZ211cURKWDg1WHYyRVBoaFhHU3pUWG9YTThpRENWSG1aQ0RkMldpamVvZ0pGQXU2TjZB?oc=5
2026-08-22 12:14:06,AVGO,AVGO Stock Hits Record Highs Amid Reports Of $35B Financing From Top Private Equity Players,Stocktwits,https://news.google.com/rss/articles/CBMi6wFBVV95cUxQVXRmZWhzcXpwS1c2RERPejBzLWx2RC1TNFBBbW1YTEN4YkFHcGk4SlRxQWFDdGYyTTEzNEdjdTNZVDA4dWdxV2ZCZ0t2Ykg3Y2tDT0JtZi1VTjhIbm05OTRiX1dUbURlZVVnNHNzRExOTkpianFGSzJMbmU0WFBnaFpmY1lqU3kzRk5URFVWdjV3OVE2M0FxdzNqVmYxOUF2QUZBQjFZdDN2NUd0ZDkyXzVVdlFwUlZUcHIzX0FQQ0oyTDZQR0Nqc3FZWVo1YmQ2bTZ5bFpPUG04ckdtVkxCeTVlWkVhLUtVX0Nv?oc=5
2026-08-22 08:47:22,AVGO,Broadcom (AVGO) Stock Analysis: The Silent AI Giant You're Ignoring! Conference League (nDeSyJgWPd),Mshale,https://news.google.com/rss/articles/CBMiWkFVX3lxTFB3UkE1SHFwZ1p1UjVWbC1ncmhydVV2cFZXLWhhRnh5b0F6S3FMdl9hNjdCV1JSZGllVnFFY1E2ZWsxV2ZxOHNfSmYydEhyYWdfbWJfanFTZWhBdw?oc=5
2026-08-22 08:15:13,AVGO,Broadcom seen as undervalued with strong growth potential despite recent 15% stock drop,Pluang,https://news.google.com/rss/articles/CBMic0FVX3lxTE9oTnVyQXlBMGhDeGdZd1Nob0dSZzFKLTNPYlJKaHBjb1gzbzdSSVZ1NkI5cjNTbTBxX1IxUm5LWnJLVlpwNFh4dmFJNk9DTVRGTFN0eUdTRlhLeV9ocDkycDdNMUhlY1AwM2tmLU1UaUc3Nk0?oc=5
2026-08-22 08:01:30,AVGO,Broadcom: The Market Has This One Wrong,Seeking Alpha,https://news.google.com/rss/articles/CBMihgFBVV95cUxQM29SeVh0NUJXUWVmNThSYV9QeWFTb21BNVBObjNNUUYteFYtN2hZUHg2Qk9MYnZIYndfVkJoS2NPQU82Y3N4TG4zV2V6NnRNVmtaV3k5VUVISVh5SkZkY05aY1ItN3R4ZURXOWNIbDF2NVNfZ0hOSVRZcnZfQ0c2dUJPY1MwQQ?oc=5
2026-08-22 07:58:29,AVGO,SA AB Growth Portfolio's Broadcom Inc(AVGO) Holding History,GuruFocus,https://news.google.com/rss/articles/CBMif0FVX3lxTE9PVnFzY1RoYU1HeEdRLXMzN1dzMmpMcnBqeDN5cXZOYkc5MTZJWThOOFRLeDBFYlRHUjV6M2JRR3NLWWRwS3BsU3FYZ0VEUE8wT2U1ZmI0Vkg3T3VTYzc4aTN5azhIRzdqeXUyLWMtTUdNdjM4YUZURkNYUUhHejg?oc=5
2026-08-22 06:40:11,AVGO,Should You Buy Broadcom Stock Before the Huge Investor Update?,The Motley Fool,https://news.google.com/rss/articles/CBMimAFBVV95cUxNbHQ5N0VscnN4N016elNVTzl2VmpKbVpwYV8zbHY4UHY2eFF4NmYzMDBZTm1oYnNzYWt4LUR1bjFxZlpSWi0tc1JJdmFzeHQ1YzhNTURXY0k1eU42bkVoWDJSYUFwWGVyMDYyelFWdVI2MlFUU25feEw4aWNwNTJZbVVBTVBCblltdjRJNDlOWDRmTXFmVGR6Vg?oc=5
2026-08-22 05:05:57,AVGO,Broadcom Stock: Priced For Perfection? (AVGO Analysis) Kyle Hurt (jTiueFpr31),Mshale,https://news.google.com/rss/articles/CBMiW0FVX3lxTE56dkh2VG1JYWYwYTZURjVIdTFIMzNfV0tkNWUzTk1WWUNMcHJlVlYyLWM2cGJXY1hEUVVrVWdqYjEwYlNUNWd4NndzSWdRRHAzdHdJenVITkNnZnM?oc=5
2026-08-21 23:27:00,AVGO,Why Broadcom Stock Inched Higher on Friday,The Motley Fool,https://news.google.com/rss/articles/CBMijgFBVV95cUxOOUF0LXpNcU9seVhUMGJuQzhhVnBrTFVrWWVzdEJpVmZ0YUtXQjE5Wl91VVAzTHpoYUxSRmhRVXRFSmlrY3NfTE8wQmhoTmQyb3kyN0xyWHJud2FKMjVMOHl4STR3bWJrRkp1QmZ3Rk1acFNpR0JzYlZ1R3ZBWWh1eC1ORlVuOVdyY0N1SjFR?oc=5
2026-08-21 22:28:37,AVGO,"The Zacks Analyst Blog Highlights Alphabet, Marvell, Broadcom and NVIDIA",Globes - Israel Business News,https://news.google.com/rss/articles/CBMiYEFVX3lxTE5sekhHdHJMU2p4Z3hRLVE4RS1qTlNqUlY5SzdYSldlUGhTY2dDdmptejM2cGF6TlRsMVp5d05kcV81ckh0M1RTdFVodGtnSFZaZTdtenYzcWV2MmxjRXhQZA?oc=5
2026-08-21 22:12:37,AVGO,Broadcom (AVGO) Is Down 6.2% After Google Expands AI Chip Ties With Marvell - What's Changed,Yahoo Finance,https://news.google.com/rss/articles/CBMijwFBVV95cUxOVGg4MF9uTlNTRmlnaFBXQi1YYzhJdVJTNVdYY21wQzRJQ0MzZTNJb1pvWkJQY1lKb3Z4QmhtdEVVTGo4YVZzejVHVHlfQXZ1RXdGc1pSb0pXcXBIc2JPejY2akRQam1aNTJ6MFJkTzN6cWRJTG9ONlhYdzU4Umlib2hNV0ZsWFZWdU50NU5Ubw?oc=5
2026-08-21 22:01:26,AVGO,Broadcom vs. Marvell: Broadcom Stock Is Still the Better Buy After Alphabet's Announcement,sharewise.com,https://news.google.com/rss/articles/CBMi7wFBVV95cUxPRzNFdDlJcW9IcFA4ZXdOdzJoSEhndWJoNXZnUE1uRVQyekpJelJTRFZ4dXhWbTNTTFpXLWtEUkZJTFE2VURRQUF4U1hSVk81SVhjWXhWdGJjcjdFUTNuMWpSRDhqSThvTUxzZks5V2xWUk9UaXl0VFVvUWtjM1RyVFVuOHVxd0ZGZ1FNekJfVXFNVE9nT1BqQXRaQmgyWk9FQnkxb1ZPWW1BTTBKY3NkRXBIOW9oMWdVdk5sTUtoNWxjMDZuX0J1S3pDc2xnRnlQTTd4enZ5VER3QUlTU3JpNTlMaGM1MDIyMkxrU1Z0TQ?oc=5
2026-08-21 21:45:02,AVGO,Broadcom Inc. (AVGO) Laps the Stock Market: Here's Why,sharewise.com,https://news.google.com/rss/articles/CBMisgFBVV95cUxNQ0dXT2JfVWVaQ2lScktaVjRTVkZNMXlucWx6WG10T2R6cEZWc2JNSXZPdV9sVGhyMU9yVkxvYTVsaXVQUE1HVy04WmJwR3F2dDBLRlBfSnJOckdhNzNQTGVHMUpSc2JaTHNtNzM0OXhRbThobHVPVWhzR2xJRlhWdnZVREtUcmJ1SEpfeWJHNXhZbEd0SUpFeGRuTnU4cFJSZ0lfbmhacFFscVVDWFd4NHR3?oc=5
2026-08-21 20:26:05,AVGO,Broadcom Stock Price Forecast — AVGO ($367) Rises on $100B AI Debt — $389 Next Test,TradingNEWS,https://news.google.com/rss/articles/CBMilgFBVV95cUxNOFp5TWxwZ2lfb3BHdUV1cEtqWlI3Y0xCM1EtVXVNbmdVRW5qTXdtWjNsQk45d1doeDUxVGtnZU5sVEdyRm9GbTR4cVNhdGhuQ1hzSlp5VTBoNzVCZDlETlpfb0pEb1VCTVRhMGdQcVZWRmYxcHZuU1JYaEMxdXZCQ1ZXLU9xc3MxVHp1QWpJSzI5bFF2akE?oc=5
2026-08-21 19:02:09,AVGO,Broadcom Stock Just Scored a New Bullish Rating. Here's Why.,Barchart.com,https://news.google.com/rss/articles/CBMipAFBVV95cUxNd3VXdTZDd1JBVGlVdEwtc19lZnk5OC01alk2Nnc3ZHozaFJvODc1YkRNWU5zdHNmOVo1OXJoa3RXOGpFTWwwcXZ4bkd0ZlVTbDFkVXR2ZkFDQklhd1o2R0RSaXRQM1hhTWN5TE5hVXdKdnNvcGFxYVFodjJEV0RsN3A2T05kaXJLVEpvd3VSY3BjRWRSV185cXdZUzRSNWdDaWRSXw?oc=5
2026-08-21 18:50:06,AVGO,"BMO Says Buy NVDA, AVGO, MRVL, MU, and AMD Stocks, Calls Nvidia a ‘Top AI Pick’",TipRanks,https://news.google.com/rss/articles/CBMipAFBVV95cUxORkJ0VHhrNDk4TzFSNUFpaHd4a0dXaHBTTWQ0M2kwQUFLVk5wcGZ5TWVFdG1jeUlUaVRjeERLek11ZDdDVEpyeGg2ZXZoWW1ybnN5ZlNSdW5fQ1BtZXdfay1RZXZsdk9qODNfM2pSR3o4YlpRdkNKUExKU29RTTY1NlkyWmJ5RWdORXJ1dm1uMWhlLWpvZVJrQ1pMWDljbFZERHNXcQ?oc=5
2026-08-21 17:24:43,AVGO,"Broadcom: You Snooze, You Lose (NASDAQ:AVGO)",Seeking Alpha,https://news.google.com/rss/articles/CBMieEFVX3lxTE5XNzZVblBJdU5fN1dodzdRUVJCY3I1MnFXTXRpcC01eUdnMi1Ec2o3M3Y1Vy1LWG1zb1FULTBPQ1Y0d2pBbnhsbmRrdng4TzdxdVFSWnNFSG1BUlU3RzI1LVBEWk44Y1JSNVFNdi1YeFdkbkVneEtrVg?oc=5
2026-08-21 17:00:14,AVGO,Broadcom’s AI Boom: Is a 2x Stock Gain Still Within Reach?,24/7 Wall St.,https://news.google.com/rss/articles/CBMioAFBVV95cUxQZXF4eWdXSkF3VnQ2ekhwR19KVnJnNEtVLVBBbHlEQWQydHFBQ1VEdjhUVm5mZ19BaXJtV1RwTGdybFNDZUFIWno2UE94SlZWc09HSVJCS2U5dFFaYVBBaEVNVkFvbF85T1U4Ulp4R2R5RzZMcW9OT01OTGFydkR3aFZqSlBEOXpnY09oQmRJM011clZMZktnQ1dUVjN2RHc0?oc=5
2026-08-21 16:55:34,AVGO,Broadcom Stock Forecast: Trending StrongBuy Call From Top Analyst,TipRanks,https://news.google.com/rss/articles/CBMipgFBVV95cUxQMU1FUjk1d0x3OTNGZ3FCbzVlMy1wc0ctWFRfQXhHc1Q4Qkg1NXNlc21Ma1JNUWRZQ3NPR2YwcDNvMDdLMUNoYnFDQTQ4emE4UndsbGxvWmVfUnQ0aDd4LWc0UHRsYTZOUHFzaWJoRENEWTFYSjAxYXF5eE0zWEthNURXSF9laVVGVXBnQWkzNVZCUjg3cnhjdkhHWHNpY0piSjdoNXNB?oc=5
2026-08-21 16:26:51,AVGO,Broadcom stock is rising today as AI financing and analyst optimism fuel rebound,Invezz,https://news.google.com/rss/articles/CBMiuwFBVV95cUxQSFotNmN3Y1FyUk9kXy1TTmlJSklkRGxDWGM4VkdjOUZMLVRLY1Z6WHh6TG4tZklSYWxEdFFQdHExMkFwd2FpNnZVNDMtZlUtcU45UzVVQnVHbHZFWnRmcmhLcnpzSEFYY3l3ZXFzWmdwaXRpN25jeEFNd2NFcDI3aTVwRHhJTEJxeHhUQWx0aHRLbGZmMHh3Ry11Wk5UZEtIM1BnWUR3QUpZd25kV1E3eFpWcGZXMnAxc24w?oc=5
2026-08-21 16:26:20,AVGO,Broadcom stock is rising today as AI financing and analyst optimism fuel rebound,Invezz,https://news.google.com/rss/articles/CBMitwFBVV95cUxOVWczZG9lb3BNa2M3TjlzQm9GSnRaT2NxTXBiZzdRcTJna1lYLUplVlJOWG9rbV93Y3E0eGFGRmpoTHYzZHl5bFFEdU9TajBXSVh4WU9ZVF9JbHZUSDhySGFLUGJocTN4ckdOR0J6OC1RY0tkNFRwUzI1M2pLak00N1YzWmRzcFZVNUZiNlZWS0ZHWTB4NHBaaWgyTE5oazNHUlg4NXVXUGFVVG5FWXdsbW9lbXhRZk0?oc=5
2026-08-21 16:22:09,AVGO,Broadcom stock is rising today as AI financing and analyst optimism fuel rebound,TradingView,https://news.google.com/rss/articles/CBMi0wFBVV95cUxNaEtWM0Z4YXI0cHRPWTVIQXFpeU5KUlFEZ1lqZWhyS29tOXFBVzl3cUpqQmw5WFRVaDZ6dnM1d3hyekJmQ0toNVJCZTY0cy16Wl9MMmdSZlI1SzI2d2x4QW1sY08zekgtNHJLaEctSnNOamlidV9NWFZydmN3ZS1wNmNSekRWRHVoS0JwUkNJZnU3bWJRNWQtTENPY3BsSVlUZlhtbXJuYU94Z1lwNzBVVTlCQURPZ1d2aFpjbnpQWnc0dTE3aEdvbXlHUloySVk5LXYw?oc=5
2026-08-21 16:06:09,AVGO,Marvell Sinks 6% as Google Warrant Dilution Overtakes the Deal Rally; Broadcom Ticks Up,24/7 Wall St.,https://news.google.com/rss/articles/CBMiyAFBVV95cUxPanVQTUlnb2xtYUI0ZVpXUzFmQk9wWHA1SG5YYTRVUl9yVWFVZnhzT2RKb3JQTkpVSWNjWUwza3d1MGxXMmphZTRRWXExX2phUndRd05FR001VXBBdTluWXpqTnNqQm1aMlJva0JFLTZMTmNMdG05RjVEZ21FU0NGRVc4SG96VHE0a1k4aXVZZEJ4X2NEcGpmVkR1enk5c0MyUDZpMENrU29MS0VCU1JMS1JNaWg4b2MyYzdrcGJCMi02RGFxS2haOQ?oc=5
2026-08-21 15:14:41,AVGO,Broadcom Seeking More Than $60 Billion in Latest AI Debt Deal,marketscreener.com,https://news.google.com/rss/articles/CBMiswFBVV95cUxPNzAwZWVFdjF1bmV6OGYtd3B4OFNGZV9meTBhQVkzYWd0N2FNS2YzRmhVZWVrZU44VjdyVW9LUWV0ZUhIWVJlZmdPbFE2QnlqeThVdmxyZDBYanhEcklxU3JET3FhSUZQclBRTFVzQ2hvTkFmMjdUZGJ3bnBOS3FVR1BRbjJOLVRLLTVqMU01RVk2MzZ6aEQtQ1lUb2xsalZQXzdqcDRnR01KWkpjaVBHSVFYTQ?oc=5
2026-08-21 15:08:53,AVGO,"was initiated with an Outperform rating and $455 price target. The analysts noted that Broadcom is the industry leader in custom ASIC (XPU) and Ethernet networking. The company is working with nearly all major hyperscalers and AI labs developing XPUs, ad",Moomoo,https://news.google.com/rss/articles/CBMitAFBVV95cUxPU3VPVmphV2QySmI4VklaLTd6WHYtdlBWTWN5dUJQOXZfLV9PU0xIaG51TDI0NzYtS3Z6QnlVNzY1Z3lFaG9FaFpWbGFkNTg5MUFTZlRUTWdWQ1g3YnIxLUM1WnNnaG9hcXFNaWM3ck8xZWRrSm1tQ2ZGVW5FS2k3b2dNcWF5aVRhdGFCd3JvaHNBZkt0QUZ1RDFaN193eVB5OEdRb05ndkpKUno2YnlPRG9BSkM?oc=5
2026-08-21 14:49:12,AVGO,Broadcom Stock Picks Up Another Lofty Bull Note,Schaeffer's Investment Research,https://news.google.com/rss/articles/CBMiqgFBVV95cUxQNFZQSHdvNEpuM1FqcXhFUmFMWkZfanBoVy1yZTVlYW1tQi1ZcDVUVjNFMGNHUnNNa1ptVUdrR2lBc1UxdmlBd0pfWlB4MU5QSDhHTkQ3b09DU1VNbGhIaHpsdFZuc1hNM1hIYmsyaE9mOXhhVVJSOEVKdWo5TDRNRTc1ZDJZNFAyWnZnTndJay1pbC1jaWVERGN2dFM4ZFVVRlNsZVAyS2dCUQ?oc=5
2026-08-21 14:30:29,AVGO,"Nvidia or Broadcom: One AI Chip Stock Is a Buy Ahead of Earnings, the Other Is a Pass, Says Investor",TipRanks,https://news.google.com/rss/articles/CBMixgFBVV95cUxPRE00QVlYSEQ2WFRjVFR4Y2ZBLUR4VUF3SXZmdEVMOVpnVkN4WXNMZzhUMUEzQWtONGp0ZUJpZEIzbUtsNDlpcGdhVFJ2UGlGZ3E4Wm5KNFItUm01ek9NdzJKWEVlSExuMFcwR0FDc0FWblBUbmRYVU1NS3VEdDZXWFN0a2RBWWV4Z1gxbS1YQ3h1TW8yLXlySThVaEpTZFpkeG5aeVhXNFJOakIzVnVLd0pfMXJ1ajZWYkZMVTNfcnBwT3FKd3c?oc=5
2026-08-21 14:15:22,AVGO,"Watch Broadcom, Moderna, Strategy, and More",Baystreet.ca,https://news.google.com/rss/articles/CBMifkFVX3lxTE9PM201VHNRdTVPY0hiRWZSSzBuQ1FERV9wUkNYTTA2VFFvM1A2WWZBOXg5NXVPa1dXWGdWTDFJTEczTmE5RHQxcWkyeFhpY3JCSkYzT0VHRTd6ZURYemE3ZWRvU1V6UDd6RTNkdnZ3RXNHV2V2QjI0Qm8tZjgxd9IBfkFVX3lxTE9PM201VHNRdTVPY0hiRWZSSzBuQ1FERV9wUkNYTTA2VFFvM1A2WWZBOXg5NXVPa1dXWGdWTDFJTEczTmE5RHQxcWkyeFhpY3JCSkYzT0VHRTd6ZURYemE3ZWRvU1V6UDd6RTNkdnZ3RXNHV2V2QjI0Qm8tZjgxdw?oc=5
