日期,股票代碼,標題,來源,連結
2026-09-20 03:47:23,BRK.B,Berkshire Hathaway (BRK.B) Confirms Warren Buffett Will Step Down As Chairman,simplywall.st,https://news.google.com/rss/articles/CBMi5AFBVV95cUxOM3VjQlJOaUJhbmV4M0pISkRVZHhBOF9yaU1zbTJJaFRReGVGa2R5QXhiRk9Zb0pTMDdaUGpEUV9tQVhlTU94UUs1WWJSN2J0STZaUTVOcGdsMEE4YzN2a3lrMTRQYmFnNmVFQk1MSDAyRnZKYU11SEVib0IwOGhNTS1YemNwMUFnLWFnYjUxdktkb3lhRW1uLWdheTNYWE9JMnV5YjFJaVJrN2NqeVp3RkJLdDhHV3cwTnNhdC1GZU9nZnpRemgzdFNtMUtpZGZ1UjFyTEhZTzZnS0g4bkp5MlRtbXLSAeoBQVVfeXFMT2QwREFMeTRHTDJJTFhPOTNSNnBNLVlkSHVtS2VWdkctTG9lSl95dE91TW9zanp5RWRRUmtRdC1LSXNDUC1lRGl3MTd3Z252OXBLU0VGMnVxVXdZZnJsUVFiRDdTV2R0cDB2SkdGUUVhZmRlcnRvR1M1LXZjM0tnR1pfNXBzX3VTRkkyMDI1Qy1pNDliS0UxVGFQOXFWdU5kcFB1TEctOERuYU5maDB3aE5Tem94MlpRTWhiOEo2Tl92YWpkVHZFVmI2S25SWlJ5bDhxdC01dGVVY2Q2SENNR2NRVXAxVEkydWtR?oc=5
2026-09-20 02:30:00,BRK.B,Warren Buffett Becomes Berkshire Chairman Emeritus At 96 As Son Howard Becomes Director - TalkMarkets,t.co,https://news.google.com/rss/articles/CBMiO0FVX3lxTE1DbmZCODZZMWJpNUNKLVlWU0hGUlEwSFh4Q0FIeEVEa2FnbWlLWjgyalNQVDh1dzRqcDNv?oc=5
2026-09-20 01:58:21,BRK.B,Why Berkshire Hathaway (BRK.A) Is Getting Attention Now,simplywall.st,https://news.google.com/rss/articles/CBMi3wFBVV95cUxObXVsTHU3Mm9WamU4ZDdoZ3phUUxLOUVodWhaR3kwUEdrOGx3ZnlUc05HcGVId0VwZ2p3NjBTVDJJUkhkMnhjbGdhN2Z1MEg3UnBVczhQRXBfUG5ZZHdRY3dsbzgyWHFhdnQ5ZVlwdW1RUXJYdDZyQndyQ1VjQS1GWkRNTEpIbUw2XzBKQk1EdE9oRmx6YWRZSFJNdzl6NWs1UnhGRVNHTTNNOUZkMnZLSU1WY0ZxalhRR3NUMGdpT0RZZnBXZy0zT1otRWFqVklvQ3daWW55SHBKV1hKS1Fz0gHfAUFVX3lxTE5tdWxMdTcyb1ZqZThkN2hnemFRTEs5RWh1aFpHeTBQR2s4bHdmeVRzTkdwZUh3RXBnanc2MFNUMklSSGQyeGNsZ2E3ZnUwSDdScFVzOFBFcF9Qbllkd1Fjd2xvODJYcWF2dDllWXB1bVFRclh0NnJCd3JDVWNBLUZaRE1MSkhtTDZfMEpCTUR0T2hGbHphZFlIUk13OXo1azVSeEZFU0dNM005RmQydktJTVZjRnFqWFFHc1QwZ2lPRFlmcFdnLTNPWi1FYWpWSW9Dd1pZbnlIcEpXWEpLUXM?oc=5
2026-09-19 17:00:15,BRK.B,Warren Buffett Leaves Berkshire Hathaway: 3 Rules to Copy the Oracle of Omaha’s Investment Style,Benzinga,https://news.google.com/rss/articles/CBMi8AFBVV95cUxNcjFkVGdiQzlXMFFaZFN5endPS3czSGtOR3ctbTdXVHRTYkxHWEo3NGNuaTBDQVdESGo2Vzk0MkJXTnFkX3JLczU3YU1JcDhpZVdUclRzSnBjM1ZkNy1sX1A3R0Nhcnh3X0gzUmhTWDRUTnhfRndQcWs1SzRSOUFFVzVUeFlHVDVLQV9BNG1qdWFpU2JFRm5ZZXdTR21rcHFTdm91TzNsUDFCWTBWVUIwbmhXWUgzZ280QzBvS09OdmJfZHUwQXZqd19sM3hHS19HVGdpN3EwU05pN2RHQkd2VFpYWmdNUlNrODFXUzhzOS0?oc=5
2026-09-19 16:45:00,BRK.B,Is Berkshire Hathaway Stock a Better Buy Than an S&P 500 Index Fund?,The Motley Fool,https://news.google.com/rss/articles/CBMilgFBVV95cUxNYlFEdUFrSWZRc2hvNUVGcllZYVNJaThiY3NNZzI3RGFQZzJERmp3Q0x5U21QbzNobFY0aTNJWXpESnRuc01DX2tiSHpWOXA0TWhzTTQ4Q2RqSWhDT0NtZHN1eDJ3UFNwOHo2dVhrN3Judlp4YXN5bUtYWHpGVHdpMkpkUzJtSzNXam5tZ2RxWUxNNUpRYkE?oc=5
2026-09-19 15:28:58,BRK.B,Berkshire Hathaway stock holds steady as Buffett succession plan advances,AD HOC NEWS,https://news.google.com/rss/articles/CBMizAFBVV95cUxNWmlNTVJqOWROQ1RrR3JXMFVqbkoxaEcwWmZHdThsMl9TRXJTVlpIbWEtSjRlZEpwXzVqYXUzN3FOemJHOUJnUWRYTWRNazVmSFRfWEVVVUNRMEQ3MXRfT1hxOVlaT2VVXzljSm1qTFhhYXZKSXZGZmlmRDNuYU9tcTU4OHl3aWlueFZvMTVCZjV2SWppeENWS0dlbUhQcnhvbzBIT0JsdE52bnV0V2ktQ2ZRZlFXWlRVeGZ2TFFNSWpkV0RVOEZtV0NSeEs?oc=5
2026-09-19 14:50:00,BRK.B,"Warren Buffett Watched Alphabet's Stock Price Climb 9,000% Before He Decided to Invest. Here's Why He and Greg Abel Are Making It One of Berkshire Hathaway's Biggest Investments Now.",Yahoo Finance,https://news.google.com/rss/articles/CBMipgFBVV95cUxOOXpqdHp2eVlwa0ZOTEJVX0RGSnl6T0stM201WF8zekdSNWhqeXdId3FFbGZuVzE3NDc5ZS1BNDZUOXdDOEgwYWdmYmxIdWRhZHZZSHZnQ2tYekxMZzhIWjh4Z00xc3ZKQWZjVXRuRk00MklRbFJadTY5bG9PRlF6VmM1ZlR2cmlPNWU5N3JEaEZfU05mMHc4RWZHNHM0aHFDM3o5bzZB?oc=5
2026-09-19 14:09:00,BRK.B,What History Says About Owning Berkshire Hathaway Through a Recession,The Motley Fool,https://news.google.com/rss/articles/CBMilwFBVV95cUxNdi05SWlra3ZEamRjMzBqUnJwSVU2RkhoQUwxZjZNWHNETnIzRGtCNGRWS2x2ZG5OR2l0OTBlY0FDN2ptcm9pSTRtZmgxd2NHcFVCbHRnS19icDE1SjdnbmtmbnctRkxmZnFBTDlvQW5PN2lSUTg4anpQX3lwWnItN2h1UU1XOGs3VHVSLXE3SWI1eWl1ellj?oc=5
2026-09-19 13:29:00,BRK.B,What History Says About Owning Berkshire Hathaway Through a Recession,Yahoo Finance,https://news.google.com/rss/articles/CBMipgFBVV95cUxQN1NQTHVjM1B5ZGVjWndOMVNqZF9zMXNmLXp3Zmt2cFZrT0djM2ZzcUNYR1dDenYwVE9aVDdnOHZYcDVZRHk0OTVlLUZIb0x3SzFZSmxpZ1BLVUxlVlppZ2R3WmRPYXIzMUZ4b3ZYUFFIN2pyaVhsLVZURWc4bk42UGNta1R1aF91LVYwTWRKdE5nY3hLT0JSLUZaS0x0SDJkYnpYTl9n?oc=5
2026-09-19 13:15:00,BRK.B,Is Markel the New Berkshire Hathaway Blueprint for Value Investors Post-Buffett?,24/7 Wall St.,https://news.google.com/rss/articles/CBMiwAFBVV95cUxOVm12S2NwLWVLWGtNM1FPbXVtNktOSkQ0bVBzWGU1X2F0OGhEa01mcVZFN3NicUxmSUdidmR1elIzVWJNbWNoYkJsR0NOeVFFUEVwV1dsbVZkU3YwbVZGU1Q3Tkc1dktyLWxTalQ2bVhtbWJnMXJ3akVwMTJoeUpaU3ZRR2JIVGhjZGJ0Rm9vSmhBdS1aa3Qxc0tqVDg1WnljekVQNG03QzViTHBvX3hGcHNBUFZSVDBvdVZLcjVLVnI?oc=5
2026-09-19 12:43:56,BRK.B,Buffett takes next step in plan to keep Berkshire from straying,CNBC,https://news.google.com/rss/articles/CBMiqwFBVV95cUxQQmdKblNYcGhDVVlYU2pZTlBxc3h1b0ZDUFF3VE4zZ0NTVXVvQTd3WDlWVWtiNnJ2UVJpNXF3MnNRcEJhRTJmdzZjVEpGeUh5d1Q5R3hMUnpCSzNFdmFheWYwMkNVZ3QwWnlUZHBZXy1vdEN2Wm1xc0JuQ0dSTXYtU1dWNTdmMnJiVlB5NUdIMWhLNFN0YUxhWFJxTzROdjdXanBuN2lhNUEwc2_SAbABQVVfeXFMT05ucmc1d1RTaXhFZ196eEgtM1c2M1BKQVpQUXFpRWwycjJDQXlfZ0JzWW1rek9rRjJVYnJmM3BCNHdfZ1JtaTF2YkNrN2RjZGlxeURULTNKRTJKZTdYR3NxSVI4SXJOVjY0eFp0M0MwUDVocW5RSlAxTmVtaGJXZVlSRl9BaVpWdlJrUm0zWWNUOU5VaGdPQVJ4SWxMUXdZdnl2Z3VZNHNZYlFYQ21rZ20?oc=5
2026-09-19 09:24:13,BRK.B,Berkshire Hathaway stock turns on Buffett's exit,AD HOC NEWS,https://news.google.com/rss/articles/CBMisAFBVV95cUxPWG1tSVY4cWpxTnVteTBfaXMweHh0aVhIZDBpcFI5Tmh6RDVCSTU3MzVoSFd5NDRKQjU3dWlwMkUxbEtXcXlZeW9oZjcxaVNHOHJfS1UtZzJ6YU5RMFotdDRWQjl2eWxLclVhSUJWRWg1S2laMUt4N2hzcnBDU2RkSldxTjY1RzBBRndvakRWRUdic3cwd1pkTGNoYjZ2S3NvUzVUVmk2clcxTmZ4REp6Zw?oc=5
2026-09-19 06:11:25,BRK.B,Why Berkshire Hathaway Succession Could Reshape SGH Stock And Other Conglomerate Picks,Yahoo Finance,https://news.google.com/rss/articles/CBMipwFBVV95cUxNdkg0WjZVNUEtQzFJNVh5NGwwblFONzFWQmhWUHY0YnZvcjdBQkhadTVKQy1DWVd0NnhpSlY5cnZtTjlucnBSWjZMa1huYUtJbnJud1JId3UyS1V0d3FRSTZfSWhUakNyZ0ZiaGY1eGtZdEJVZEo2UHdsSmlQMmxyQXJ6dkVtV09NR2lnN2ZyS3h1aTJzakpnZzlTMWNoaTdsbG1HZVdSYw?oc=5
2026-09-18 21:53:24,BRK.B,Warren Buffett Moves To Chairman Emeritus Role At Berkshire — Howard Buffett Elected Board Chairman,Stocktwits,https://news.google.com/rss/articles/CBMikgJBVV95cUxQaUNCUkZwQ2hLSHB1RmtrWGZGTHE4bGhqZE4ycEhIU2tnM3ppY1NSdlhBb2ZMcWw3dk9vYWhxZV95V0JJM3NpSng3UThXWGMwVF9kb0VRX1pwSHR5M1ZlX3R2NjJMZmJzcVRLSEltQS1zY3dIRXg1M3pnSElselEzYno4emFSUVJDZXdrWHhjWmlPWlhoZ2VsQzJoU01MQVdXNWdrcndnUDg0aFlqdWpXRXRnRUt1UzAzVHA1VGRXUlZoMGV6a05wOEg5bnpIeThzSlNHRGx2YTBZaDlMN1JKUWxfTUR6NDVlbjVXVGx5dlJ1OVFuR1VBWnVPZHBNYTItMTVtc3pMWnVOTVRDLVBXdXBn?oc=5
2026-09-18 20:04:00,BRK.B,Berkshire vs. Chubb: Which Stock Has Better Long-Term Potential?,The Globe and Mail,https://news.google.com/rss/articles/CBMi4wFBVV95cUxNQU15V3hIQ2RUOGd1d3RqdFFCejZUTVlpeEVadTB2ejkxd1FYWTZHOF9LR0Qya29aRzJvZlRma3c5TkE0clgwdktFQmJjQkpPWlo2SnhldDhtTy1hQ3BHMS0waGthbU5iYWx2V0Ezd3NiNHRSREFrY0VtR3lqRmswZ2R0bUhwR1FGdThJN0VhUFJNZVRqVzRQeU9lNUdMSzFWQmpDOTRSVG1LNjB3OG5IUjJvTjJaS3BoOUNJY3ppeThvNTFKSklDWHFUbmgwZ0Jyc3A4UUVEc05SSFIxWWU1QlFRYw?oc=5
2026-09-18 19:07:20,BRK.B,Warren Buffett Steps Down as Berkshire Hathaway Chairman After 56 Years. Here's What Investors Should Expect Moving Forward.,The Motley Fool,https://news.google.com/rss/articles/CBMi-AFBVV95cUxPOHBDUnJibFJmRThfa1hrcXhZcnE3Sk12ZGp0bnkyYjNrcGNIb0dmSHlsM0tNb3l4NDFhVVowRnRqYnJmMXFoOWxkWE00QU5QS3M5Q1U4MWRIQXVXRmwwSGdUcFV6YkxhMjdtMHUzaUlYX1BPc2Z2UHhxR0lDWEd0am1JcDZUVkNUR3VRZjRNNk43Z3pXMlB6WkRYOG5vdVdRX1R0ejFwaWlRbUZTZ2UwWTRqMHNDWUFNRnhhb0RXNTgyOFBWaEMySVRXUmxLNVpja1puVjBhZTFKeUJnMVAxUnNzSHZldGY3U18zQ1ptVzZuVl9jV3V6cg?oc=5
2026-09-18 18:56:00,BRK.B,Berkshire vs. Chubb: Which Stock Has Better Long-Term Potential?,TradingView,https://news.google.com/rss/articles/CBMiuAFBVV95cUxPRVg0dGxyWExnRFp6OVVoVTkxTzZLV1VVSFBLZHUxbll6VE9CMnM1OGExeTBUbWUwUElpTHR0V0lKZ0FmYzVWb3plY1g2ODZoUVZLSWs4eUlhLThJdERpNHY0aTFYMUJxamVFRUdIVHM1V3l2WUo1RXhfZll2ZUhrVXRvUmNlQmNUTVNlMXVQei1wOGtkdnpuTnpyV3F4YTlWMU9YX01UT1VyOGtuMHY5MnA1U2dlU1pG?oc=5
2026-09-18 18:50:18,BRK.B,Warren Buffett Steps Down as Berkshire Hathaway Chairman After 56 Years. Here's What Investors Should Expect Moving Forward.,Yahoo Finance,https://news.google.com/rss/articles/CBMiogFBVV95cUxNNFBmU1ZpalVVN3ZqVktBVDlNYkI5QkxCN3drTlJqU2NXbnR4MWhWS0NPb3BBT2RGWjQxM0ZuQnNCcDB6eXc5aUdDZUFOY1dfSmN6N2k1ZDdKOE51ZmFrOV9hT0ZycmhpNnN3WW0tbTVnd0FTRXlrRlVFWU9Xa0JQM2tHUkxwOThJNW9kQkJjQzE4Y1JCUzJZT2lPaFhNVnphT2c?oc=5
2026-09-18 18:20:10,BRK.B,Berkshire Hathaway: Warren Buffett Takes Another Step Back; Howard Buffett Elected Chairman,Morningstar,https://news.google.com/rss/articles/CBMizgFBVV95cUxQYUdHNl9icG5KampveDVWaVhiMkFTc2RJa2l3ZUM1ZTNoZWNkbW1WSFdyM1JMMWVtTGZ0WXNGbWljQWc3X0lOSnFpM0pjcEpQSUhXRXZZSHR2MjlvTjlFbU1Rbk0zWUhkWkJOQVFWZ1A4UnRRWU41bnlSQzZBMFdyYVdicnNRa1VwLVVLXzRiMGs3ZWJoc2xSbHFTRm56TnNxbWNVRG9uZ1hObHAyUlZIby02b3I1a2FTVXdPY1M4a3BkQk5mVVFaVGc2SDdfUQ?oc=5
2026-09-18 17:50:00,BRK.B,This Questionable Berkshire Hathaway Holding Actually Makes Sense,Yahoo Finance,https://news.google.com/rss/articles/CBMiswFBVV95cUxPa1FlUWZUY25xTFk2MzhFNVU2SWl3blZUcl9haWlCYUc1Q2QxUWZRQXVZSGxHZlhiQUszTHl6ZVdLUERaaGhYOHhKRDhSdG0tSXV3YWJZV3ZiWUszcjNadDJmQW9sTTZXNG9OLUFyWkd2THY2RFd3SUpHbThqR1pXVG1teEFMd0trWVpvYmZTT3o0NnB2SlRUS2NnQkxDZ2o5NXlHcEl5cXhjU1pkbFk0QXRHOA?oc=5
2026-09-18 17:41:00,BRK.B,"Opinion: As Warren Buffett’s reign ends, fans should sell Berkshire — and buy these stocks instead",MarketWatch,https://news.google.com/rss/articles/CBMixwFBVV95cUxQRzNiR2JoWGdDWndoTU1xSGprZ055eHlPN2pYaS1RcXJpWmJtbTVhc0VjQnhmNFBncmdidXJRZ1JjV3VKSlBRcFRwLWhyVnhoeGtkZmFFazY1YURlTGRhSUZjcC10NVFKWnJrY29NSGFWa0JWOHpqaGhGWlE2VXdkMlpCSzhqWDZydnR4VG9oNGoyek5pMVMxdWhac2VON0s0NUk4a2dBaVU4cHFZZ2J3NElIX0FobGozUFRSOUZ2ZEdaYVp2YXc0?oc=5
2026-09-18 16:37:48,BRK.B,Berkshire Hathaway: Warren Buffett Takes Another Step Back; Howard Buffett Elected Chairman,Morningstar,https://news.google.com/rss/articles/CBMiwgFBVV95cUxNbGxmd3lxT3Jib2h0dXZla242aXYzdi14NHo4ZExOem1BeEdYamxBalY0OFdSNU9RdjRfdVo1Ny1DZmFRcG5PTHRTaVVtekRfakVmRnBkdXgteGI5SHQ2RUtRVEdKWWRnOHo1NVlmNlJQMkdNU0xvWDJNNXVkQTM3ZXBZXzRpaU5nREZOSUk0SGFia3hOZDN5TWtaY2YydjF4RWZJMG5ZdVVRVGxIeDJya0pSd2R1SG95bWVOclhsSWE3dw?oc=5
2026-09-18 15:59:00,BRK.B,Buffett Leaves Berkshire Chair as Stock Tests $505,Benzinga,https://news.google.com/rss/articles/CBMilAFBVV95cUxOWnRtb3ZuSXNIeE5uNDIwT2hrckpvWDFlSVhBRmFsVVd5MGRyUlRvU3pCS2tCMzZYVkFUaksxYnlYQ05mZ3JSWTdncUdyb1habWxMaGRiMFk0bHlyRDF5LTA2cEhjbGU2Ym56Q0ZlTnEwTU1BTE5mY2VJUVpBZk5WNDFFc1ZMS2s3bS1ZcVkyZ2FvSVdz?oc=5
2026-09-18 15:31:00,BRK.B,Warren Buffett Steps Down as Berkshire Hathaway Chairman,WSJ,https://news.google.com/rss/articles/CBMimwFBVV95cUxOTkdiT2FvWVZFbFNOT01aT1pKbl9FVFJQMFdPTUdhUlhqSGdkc2tvZ0Nwb1JCQ2hpcS1KVkVxUkE1emhBcWVBUFk4cVJIRnZ1aHVmVlU1ZTRQM1U3THppVGFNZWxRcTNHOERkVF9pNXNiclJ6MGJPdUw4eG5YRjJnRFpDdkpWZGRMM3Brak1IcHM0UGt2NHNsOFpUOA?oc=5
2026-09-18 15:26:42,BRK.B,Berkshire Hathaway's Warren Buffet Steps Down as Chairman,Yahoo Finance,https://news.google.com/rss/articles/CBMipAFBVV95cUxNeG8xUWtqbVNSY3Atcmsya3ZEY09YbWE0UnlQaWFjeVk4NzNIQlBPMFJ4c0g0S3pTRlpPMjZwcFVyeG90MWxFYWdqMlZ6UTU5QUhvcTZmLWI0cUxEbW9FRTVvRHd1Wld2RWhNSElWajlxcS1NWVJhOFlacFVGbEtxM3JMRHlLdFB2RmF4aUdOT2FHZmJZZFJ0eDA3clNqSFFraklocQ?oc=5
2026-09-18 15:14:00,BRK.B,Buffett Steps Down as Berkshire Enters a New Era,Yahoo Finance,https://news.google.com/rss/articles/CBMiogFBVV95cUxNdjFHYjJDUlVRaUZxemtxRHlPeU5mODhLUUstM1BQMFR0Wk1aaFVLbHNjODFmbl8yX21Ka0JDckY1WmVtX3AxOW5fSmdvRVdWeExlV0dDS1FYaGVuV3FxWTJQMGQ4azU1TU1CWWI1SUFrcjJtZDJ2UGxOQm1qSy1iLXV0emhFUjBwLVgzRzgwbkVybk9GeUR6VXFnVnRNbmExeVE?oc=5
2026-09-18 15:10:00,BRK.B,Legendary Investor Warren Buffett Is Resigning as Berkshire Chairman,24/7 Wall St.,https://news.google.com/rss/articles/CBMisgFBVV95cUxOSzROeHRXdmR4Q2FweDhWMVB3Y3QycW5OOE15RWljaXhUTzAyWjYyZ2dGUk16UW5HTU9SaFhxR1Zud0gzN1FRbi1Nd2VCbGx4NF9rVS1PZWFlWW1ublFpS0ptSGhpOUYxT3hPTzF1RnVmWkd5ZUZ4UllmQ2ZFTkdsdkJqS2tIVS1VNFh2UW9jeFo5NUFfMHh6OW9lZ0w5emxkWWl2VVJadmlEWkF4Wmd2OVNn?oc=5
2026-09-18 15:09:32,BRK.B,What's Going On with Berkshire Hathaway Stock Today?,Benzinga,https://news.google.com/rss/articles/CBMisAFBVV95cUxQTkdDQWY3eDg4Z29JS3J2aVJENlhGdjZJWlZTa19ZcFpMXzRTNzd2RzlSc2tjMU03eXRCSXl0dGZVbWV5UzJ5cG1pdkxleGFseXpka1M3MDkwRDBZbUhPVExqLUlTbklJaDQtVUM2b3czenl1dXpaNFpYSUM4NUVTR1A0RHIwWXVBUm9JSnFKek1vU1JkLWZycE14dlp4bHdQUm1VcFBFUW5hRGRFRW9kMw?oc=5
2026-09-18 15:02:40,BRK.B,Warren Buffett Steps Down as Berkshire Chairman After 56 Years. Here Is What Changes for BRK.B,Stocks Down Under,https://news.google.com/rss/articles/CBMifkFVX3lxTFBJVDVVdDZhbTlNZDQyOGhjbGRIeWdvZ2JWeWhqLXBhLXZ5ckkzR3hMX3I2aTNLWDNkaFFORzRfYmxxTXFKYmphcE0yLWlpQkhvN1Rqd0dPMzRGVUZxWkhKVVV5OE15cmMwQ0R6VXg5UmlucmEyRTNfOW56ZS0zQQ?oc=5
2026-09-18 15:02:37,BRK.B,Berkshire Hathaway stock drops as Warren Buffett exits chairman role,GuruFocus,https://news.google.com/rss/articles/CBMiqwFBVV95cUxPUUR3Vmh1SmlXV1pwZjlCUWNRcTVQb1pGcUUyTHFwSEVaV3E2bEhBeTJraG1PcEVlYm0xY1JlVDJmdDlENVh0cFlZWHpfRVdzUS1fQ0dldS1jbnRxQUhKa25JWmJkRWNZWGFQd1VsVXI5TkxHTWlNYzZhcXphcUxPakx4X195cjFlcU8xNkhQdGNFcG1ZRE96YmxEUm1HSjVzcnFoUF9sZ194eEE?oc=5
2026-09-18 14:50:00,BRK.B,31% of Berkshire Hathaway's Portfolio Is Concentrated in These 2 AI Stocks Under Greg Abel,Yahoo Finance,https://news.google.com/rss/articles/CBMirgFBVV95cUxNN3FKYmFEVnQxVG9TM1ZibXBhaEVvTDgxWmM0V3gzbGFJLTBGUWFNc0JtRTlZQWlsbmtuNWsyenZKNUVhTTBEcjVnY3FaeUkzZXlCaW52TDdyMTJuamU3NTRBelZ6V0o1TmpDMUlnOVQ5LW1VMjRSNVRWb2hfVDNMS1dRS0pFVk5EMExQUzNVZGk3bzhGMmtHeEoxVDBneEdvVkR2SFBiajFBSmRWLWc?oc=5
2026-09-18 14:48:37,BRK.B,Warren Buffett Is Stepping Down as Berkshire Hathaway’s Chairman,Investopedia,https://news.google.com/rss/articles/CBMiugFBVV95cUxQMGJHTVd1b1Zka3FDc1ctaVEtOGQzQnQxLUoxSnhaT0pza0pyOS00V1JsMG41N2FMLUQ5X0dZUVhNSWE4UENUcnppNEJIZGd1elJOeVhBQjIxOEN4Z0NucVhkWWtTS1YtdjNJc2t5QndZejVNVHdsNzB0dUdBeUZ1bFNxS3FIMThEcmhxS0N5R2NVODVoZWJNcDRkcThIYVlkWm0yRGF1VmstOW9DWXhtTldFLU9WZkdSMGc?oc=5
2026-09-18 14:41:14,BRK.B,Berkshire Hathaway (BRK.A) Chairman Role Passes From Warren Buffett To Howard Buffett,simplywall.st,https://news.google.com/rss/articles/CBMi5AFBVV95cUxNdk13VjdiLTBDUlR3WE1wcXNoNUpuZ1pxU0V1dkhDME1wQkVleVVESFRKTGlCTXV3V3pfMXdFVzRpVHlxWHZQdHJaajNoOTZXTzk0WUI3NTFiVHZWdDZFSU15WUV3YkJjOTJHaDN1bmRrUDZOT3d2NnBqXzUzZEt6ZnEzYTZLUndrQ0cxdVB2bTRBZ1ljNXRlVXNlMGRSeTRIODBweUwyV0Fwbi1kb1pvZk80MlpXeWJPS2dnR0FSR3RSQ2E1cjJUYkI3UnM3YUxFVVR0dVlEbmRxbEJYaGdFeUpZMErSAeoBQVVfeXFMT0JBY1Bvb1J5TXVRUFVoamNJcnJ5TmxhUWhCRm9hbEU1eG5KVkl5QXlSQWZpR1RkTTItVklZbjd6VmJ1TnlCSkFsVHdVdTFqY3R5bjRQZnVTQkZTT0NXRjBXclFfZ3F4cmJjczluZTZqdTc5bnBKZkRUUkUwMGNvZGEwZkFVYXZSNzBQUEw4U3o0bVRzVWFpZkNodXVRU3g5R0htSmRVaENOaTY0aE9XT2JQM282bDBUdFl6ZmRPa3JaYl9US001dnpTaWI2ZWMtUlJ3NlhiZ29XOHZlaWMtOERwMG55UjZoZ2h3?oc=5
2026-09-18 14:35:12,BRK.B,Berkshire Hathaway stock drops as Warren Buffett exits chairman role,GuruFocus,https://news.google.com/rss/articles/CBMiT0FVX3lxTE9mSXZkendaWWh6SWJYQi1nYVNSaDYxTDczeHlsbk1TZzdEZTlJVTQ5TnZaTTBrS0VQUnBkczE1MHBvc2F0TFVlZFJTWHhOTFk?oc=5
2026-09-18 13:39:10,BRK.B,Berkshire Hathaway Stock Falls as Warren Buffett Steps Down as Chairman — Here’s Who Will Replace Him,TipRanks,https://news.google.com/rss/articles/CBMizwFBVV95cUxORWRZOG9uRDB5cmpsU1hueUMtXzg2ZGtJN19BZ1NzdWVSaUtjZFpKaFlhTzZBLUwzT0tMTjJEZDFpODBFUm15dW9QRElUYmxVdHo0UFJUOVVQeEczSl9lUmM4RFdoaHp6dm42RlVCQXZkVk5rUWNxdUlYRjlULWxnQ1dQLXd4Z2hkZ2FwclBja1A2amhPYmVxTzE1eFVjUTZvS0U0TEp0RDRsc2xwWktDVE9YTUpZM0pBd3c2S19EZWlEbUNSMGxCTk1VVlZtbmM?oc=5
2026-09-18 13:36:36,BRK.B,"If You Invested $1,000 In Berkshire Hathaway Stock When Warren Buffett First Did, Here's How Much You'd Have Today",Benzinga,https://news.google.com/rss/articles/CBMihAJBVV95cUxONUJiQ0ZrMm1QWEN3RWlkUVpqMG1DZ2VIaU5rWk91T1JUOGhEaHVVY2hVYjJucHNfcXZtcG1US0hTVmxkMWQ4RkEwc1F3bmwzZ0pPVGxFS3hnVmtjeUxRMzBQcTlSeERsZzdHemVfWnFrQTU3WmFlY2RmVkR4eC1iU3Z6QnkzNTFjSlB3dWZuSXVKVHlmclYtb1RuOGsyR3JmTlFSOGQ5d0xLcEp3cUtlZnpjMXp0WUltZFF5UWJULWNUWk9GeVFMZGRmalNxSUo3V21aaWhQXy16eDdPdTZpOXdPdm1CVTdYMEpPUWVraWRPRGk2NW5YdU9RbXRZRTRrc3pHRQ?oc=5
2026-09-18 12:25:51,BRK.B,Berkshire Hathaway stock reacts as Warren Buffett becomes chairman emeritus,AD HOC NEWS,https://news.google.com/rss/articles/CBMiwwFBVV95cUxQZFIxLTZNR3FqQUduc1ctejZ4NFlGdnhxbURYUUdLVTBYODN5S3VJcktmWlFFR0xZdkhiTzBWS3puT1E0bXVMLTY5XzVjQVJiWFYxcFhZalRONnJjeDlqVkVhWWdfZW4xb3ZUWVFzTGd6cVJoRFhSMnN2V1FId2ZtaUJXc0VaX0tkQzBNWW9rSEtzTlBFSjdtYTRiVmpQOWZFQU54R1Y0LUlSaDZmWWlLQTVmWWcxNDREb2ctTmhrcXFFbDg?oc=5
2026-09-18 12:24:15,BRK.B,"Berkshire Hathaway's Warren Buffett steps down as Chairman, passing role to son Howard.",Pluang,https://news.google.com/rss/articles/CBMihgFBVV95cUxQa3Jnd0poLUpnb0pEZmstOVNLMGd3ZGFUNVFlb3Badl9hYWgzaUI2UEQyRDlWc0gtcnp2eVVFMFVZVGo1a3BrZWdoX0xzdDR4M3pPVDE3R1ZkV0Vlb2VaTFpNSUIxakx0SndFellTWloyZG5YN05qNFhGVy1HdDRaRFZqaGZtZw?oc=5
2026-09-18 12:21:56,BRK.B,"Buffett Steps Down as Berkshire Chairman to Become Chairman Emeritus, Eldest Son Howard Takes Over",TradingKey,https://news.google.com/rss/articles/CBMi2wFBVV95cUxQeG9QS0ItcnFQRHdTVFpSb1NHcmZxV0JVenViMHRhNVVDT1luc0RqWmRjSzdueVBWcnpNdmM1bE10V3lIT3Z3OHY1UmxESFBYLTRXOXRmZW5fdVlTc3hTdHdEVUptSUt2dXQ3MlVLWkJHN0pYQ0wteFNEbzcxTVc3UnVaNGdURjFPX1JhWHNDUkdJVV9sSVhiYW81NnRxdXRqVmREc3R0dzJFNXdUc3o2WEJsNkhxa21Ud0Z6STVsTkZXcTA3UkR6VVB3VGxYU1R3cW1nOF80ZV9NU1E?oc=5
2026-09-18 12:21:00,BRK.B,"Warren Buffett Steps Down As Chairman Of Berkshire Hathaway, Ending Legendary Career",Investor's Business Daily,https://news.google.com/rss/articles/CBMisgFBVV95cUxPOVNzUHNLUGkwTXJMQ0pxZTJNN2RRYnJyeUhiSTE5VGZqM1lzaE1QSlVsWGpGOVlmVVNoV0N3UGNaYno5NHlUNU9fVmpxUWhBTjNsLVBlMVdvcTlYbXZOSUtvUDVpMEt4V1JCS3o4YmU4YVM5NUtPWER3V3VUcDZDQ01BRFRMdFJLS3hjaklqcHk0dXVqX1dObkNuQU9UVTdxU05tTGd0bDAtODVBM1hpdzJB?oc=5
2026-09-18 12:06:15,BRK.B,"$1,000 invested in Berkshire when Buffett stepped down as CEO is worth this much as he retires",Finbold,https://news.google.com/rss/articles/CBMiswFBVV95cUxNeUxFRzZxdWZ0ejVCNW11OHQzUWZneUx2dVpIZzZVRERQaHNGaWYyazRETXVoYlBMV0djM3VVRjdiaG5Ed19yeHZScmVqUks0dExBUFFLWTlyTWdydTBPTHkxcENFcWZkeUlSdUtsUzlCZTdKSGhOdG14TWJtQ0lVOUVrYmphOWJSVThQdnJCck9DMmt5aVp2Z2RPblZlUzN0ZjZrYTZfNzhZYXJBSWpDUXdRZw?oc=5
2026-09-18 11:45:00,BRK.B,Warren Buffett Steps Down as Berkshire Chairman After 56 Years,Coin Gabbar,https://news.google.com/rss/articles/CBMiiwFBVV95cUxPcjBJTFNnOTFaS0ZFcklGemdyQ205dkptakhxM1VKUnhIR2wtNUVZYlBPYWkza2o1a3h2Y014ZFhYdVZxVmtnZ05VVTFvSjBxMmppbEVONmlCRGZaWmxrQVdFM2p2VWFOeFlPNTF6SnZYdjhod1NBZ0tvNU14a0o2RmZnTTRjUXVvckk0?oc=5
2026-09-18 11:39:37,BRK.B,Investment heavyweight Warren Buffett steps down as Berkshire Hathaway chairman,Yahoo Finance UK,https://news.google.com/rss/articles/CBMilwFBVV95cUxOQUUwQ1gwLXJpaW1nN055cTdlY3RpSmptV1U5U1FsUVBCUWVqbEs3c3lBU2plTTdkRUJvU1dLeWo5VWFCWWpNR3R3VHBWNzBzZGxDcVdTMmlrUmtMNTdOX0traXNGclhzX3VpWF9SVUN3bDNyNWt3Wl9vSnpMWWJOZXdoaFFaQ2pUZGtBTzhWQ2J2Y1lMMXU0?oc=5
2026-09-18 11:39:00,BRK.B,Warren Buffett Steps Down as Berkshire Hathaway Chair: ‘Father Time Always Wins’,24/7 Wall St.,https://news.google.com/rss/articles/CBMivgFBVV95cUxOd1ZBWkFlalJ0NnVWRnlHVjZ4NDlxQnAxZVpFMnhyVVNRMzBNanExcjQxdFhOWUIxbnRrVEpCZTZRZEw0eXFKRDdLdHp3YWlaNDBDci1oYXpvbUZCWTFvZG9KR2l5RXdvNUMxcGludXRVSXdzaTVIN3h1Z010ZUtFLTNJR0kzWVJkdmFCMHk1aHl5RHk5VmFOT253VGNGWmVmVWZycmctTXNMMUh3c0FXSjNob1pJRXNvc1hjMUpR?oc=5
2026-09-18 11:32:04,BRK.B,Warren Buffett Steps Down as Berkshire Chairman. How Will Stock React?,Yahoo Finance,https://news.google.com/rss/articles/CBMiogFBVV95cUxNVWNZRHVKSjRuN2VERnRLc0F1QzlvSzB1bEVBRGEzS3UzelRsbXB2NDRCTi1vOEtaYjQ0SVhJMDEyaEdqUzRFMDdUTkZ0WnJSLVY0OU5aOTgtTmxIRUNCUnc1MENqbWhTdDFlWWVrSUhsRmdxUzE4Q081WGl0NVdsX0xZT3k5aWxVZWJnaWpwZnl1LTMzUUxzME9kcVliR1lCcXc?oc=5
2026-09-18 11:32:00,BRK.B,Warren Buffett Steps Down as Berkshire Chairman. How Will Stock React?,BeInCrypto,https://news.google.com/rss/articles/CBMifEFVX3lxTE8yTDJJQnlQNUx0OXF4RE5reGdicTJPYTRjMUpfVXJyWGR1MFQzTlJiSC1RcFFhRkZEUGJ4bGJhdjB0MEZhdUlxZEdkV3drR0MtOWM3UnZKRU5DM1R3RDB2Z25xY3RFN1IxcGVPcDdVdG94XzFDWEdsc0lsamo?oc=5
2026-09-18 11:25:27,BRK.B,Warren Buffett steps down as Berkshire Hathaway chairman (BRK.B:NYSE),Seeking Alpha,https://news.google.com/rss/articles/CBMimgFBVV95cUxQSi1iZHI2UnZkdzlYSEtEcXZ3MmJJQ0ZBWmNyU2wzNVVNNXJ6TzlGaWlyMGt6S3lTYUVlWlhZWWZ0MWVEd0J4LU1CMUdBcGJiRUtpdzQ3MTVOUFllTnJjWDZUTTNILTRIYmxkU0Q5Z1pWMXQ2X0pkNFhwV29UYnd4QjdnWEdyVGZYdDgwc2JOd1lDOFpjWDFCckdR?oc=5
2026-09-18 11:19:31,BRK.B,Warren Buffett Becomes Chairman Emeritus; Howard Takes Berkshire’s Chair,TechStock²,https://news.google.com/rss/articles/CBMilgFBVV95cUxPYmhXUUxwNmtzajJUVnItd2NTNld0bWFpMmVJS0ZobTNfQ0toOXM2QUc1T212RTVlV3YwS1F3MHU4STJ2Znl3SWNrM1cwb2l4UzBnc1dMRzAwSlp5MUF2NVUyNWVETzJnbFF1eTJMZ2ZEV01Ubm5meng1bldRdGJPbXFPU3JYdjVKNG82V1d6TzNDdU9iTnc?oc=5
2026-09-18 11:04:12,BRK.B,$Berkshire Hathaway-B (BRK.B.US)$,Moomoo,https://news.google.com/rss/articles/CBMi3gJBVV95cUxPR292bUFaTTRCbG4tTzFWZXM1VXZDZEtSaXBJYUQtUlR0c044UTF4NlVPS3h2RDhrdTRRNU1rb2tDblJxNU9SZnI0WTNMS0pObHBacU9CVU9sSFV1eDhMeXVKVXBsMmJLMU1oNm95b2Rsc21FcU91MnN0cGV6SmpncFc4TW1Rd1hTdDJMclA4UHpxcWQ5Ykt6T1lLRmVCVU1CLUp2ek1rd0cxRjhSd2RXQy1OS0V2Mkk4MEZsSzZyLXBIaDMyOTctMGJlVERhMTdzRm0zZEdqRnBKSHRwaDVmS1k3X0doS1YtbWsyOWJMa01tZ1dXcHlLdmZRWDNyVklrLUpDeGlhcUlZZ0NweFUyUTQzRzItUi1ucVI4OWlXcEYwd3E4UTl6empCaTRuZ1Q3UlZhLWxXaWQ1UXhaMTJxX084QWRrdzRQWDg0WHhPakUtV0hUWTZhU1RlM2FrUQ?oc=5
2026-09-18 10:51:00,BRK.B,What Is Driving Attention to Berkshire Hathaway (NYSE:BRK-B)?,Kalkine Media,https://news.google.com/rss/articles/CBMiowFBVV95cUxNWlVWYzNpdjRnaDlTNV9haUdjbzI5VDAtYWJHOHhXVGVMMG5uT2NGTHRtUDBjelM0bExla3Y2Vm5iX0wwUXBSdm5JcmN2T0xDSWZmd2hGSjZ1Vl9VUFA2YWtzUU94dmkzM0dIeEJHeHlSR0t2M0Q0UjFJTWp3a3liZFFpRml6aUltOEl6VTVyU3hibVdUdW15bEhMWC13VFpHaVA4?oc=5
2026-09-18 10:14:09,BRK.B,"Warren Buffett steps down as Berkshire Hathaway chairman, succeeded by his son Howard Buffett.",Pluang,https://news.google.com/rss/articles/CBMiiwFBVV95cUxNM1V6Y05ENWJKUXM1MjNpdkJWMUxob2FtX2FDVjNQRlpEOV9OVG05amN0bTVBRV9PWEFva2RBV2hFbVktTld1MW52aHNCU3liUGNOTlRua3VrWU1EMXU0NHJaNWMyRUZ0RElvWUZVWTRJanp5N1JOS1ZRVW1pbW1zMFg4ZEJSVC1JVkVj?oc=5
2026-09-18 10:09:37,BRK.B,3 Financial Stocks Berkshire Hathaway Owns That I'd Buy Before Buying Berkshire Itself,The Motley Fool,https://news.google.com/rss/articles/CBMimAFBVV95cUxOTkE3SGlwNkNyQkNlc0JldGRtaTRlaUxrUDNJbTh3emZ2bm9uMHBlNm5NYWpSaEp5YVNhS1FSUEcyMkFEZEtQcE03MG5ZcHd3RkxlZWhWQUFWcGtLQlBOdFNxZWk0MVNVdHR6QnNhWDUzeFg5QnNrb0YtbDZiSEtjYTduenZfUnVBUXRMLUhkWVpwUTl4RnhOSw?oc=5
2026-09-18 10:07:57,BRK.B,Berkshire Hathaway stock slips 2 percent as valuation debate intensifies,AD HOC NEWS,https://news.google.com/rss/articles/CBMi0AFBVV95cUxPaXFqQjU4eHUtRW1QUUVGNDVzZ3BNTWdkU1dMRkhWTlZyM0RobVdEbENGcksxYUJkMTJDa211R25JWldGdjBOTXRlYWtwYXJtWTZ4MHZMU2xHdjJNQ20tc2JLa1VQTFRlWlhfUjhVWWFrYzFRNFJab1NOOHBhQUIxUmVTdGFCZEJuOEpPWk9MclFWRmsweVJSczNYa0I4bFFGX3hyN3hPYTcwTmF3RU5jMnlSNG5jdlNXVWZqVE9pR3RPeXFrTXRqNTd0Nnh2M2di?oc=5
2026-09-18 10:05:00,BRK.B,3 Financial Stocks Berkshire Hathaway Owns That I'd Buy Before Buying Berkshire Itself,Yahoo Finance,https://news.google.com/rss/articles/CBMipAFBVV95cUxOT1l3M0NhNzUtTUJoRFpVTERVM3FqaEtITGlZY2M2eGE5VGN2YjZRcDFpX3NhN0I4ZzA3THF4emwtT3pzSkxrUnlEeFhSWUxCTnBhM2ZYQXpmVUx4TjEwRW5YNnEwWVZwMG5HUVEzeTFyTUgzRHVKNnRuM2tGc1lPeFVpeGd3NXFlQ19lOTBKTVBhRHZxejFDQUdJTnVsQm82NF81aQ?oc=5
2026-09-18 10:00:10,BRK.B,Warren Buffett steps down as chairman of Berkshire Hathaway: 'Father Time always wins',CNBC,https://news.google.com/rss/articles/CBMihwFBVV95cUxPVGV4dmJXb1U4VFdfNTFrRXNDN0gxaDZ3bFdpVWV6MFBJQnNiMDFrTEZUTXNyeVBadzhZTFFYdVY1dm5tNTBmZnlrYV9tZ19qN3RiMWJ5YjJ2UDc1dDNrcm43U0xBcndpckR4SzVSXzVEbXF5ZTVpSXRuYXBYUU1YSTg4QThHUjTSAYwBQVVfeXFMTUNLWWFPY2x2Y1FTZDJ4UE9Nc3ZrX0FERVBLUGxLOEVENmo1VS1kV0ZuOU91c3hUUngwd0xBT0FLbnVDU3dwZDhsSWVTWkNQZkxLanRUMFZFT1V2NTJvRy1yM3pRVWRzeEthY1RkUzZJUHZmb0hWZ29tVTdOSkRCOFdkenRZUU4zdWhJRXA?oc=5
2026-09-18 03:17:00,BRK.B,"Berkshire Hathaway (BRK.A) Moved Today, What Is Drawing Fresh Attention?",Yahoo Finance,https://news.google.com/rss/articles/CBMioAFBVV95cUxQcnk4dkprd0RqWG91aHBpRDZuTC13a1hzRHJ1bm9PMS12dmpkUVNCcWhTQkloMDV6QW9ZcUhORW5TQjMyaV9tdmZLTUlSMGwwUjlXM2dBRlRLcEc2Q0VuY0FKNFg2ZHpKbEZ1RUQ0dURGdV94LUkxWkFQZjQ1Rm1vU1h3S3paSGIwYkVyUG02SGpqTUJ2b3hlcjhiYTdoM1RR?oc=5
2026-09-17 21:45:08,BRK.B,Berkshire Hathaway B (BRK.B) Stock Declines While Market Improves: Some Information for Investors,Yahoo Finance,https://news.google.com/rss/articles/CBMilgFBVV95cUxPYTA5TTBfWndSSEVCZVdZRUgxZHlvQzJ4ZXBkaW9PTmR0SldXc3plTExSM3FkRlRUQmlTTjQ4X3hNWDczN0paYmtZWWRSSkh5MWQ1aHIya2NuN195cEpwOWRwajk2ci1jLWt1ZEpOQjNlX3dSRWV6YWc4WHdsN2JWQ1dKTzBOMWFYQkdXelQzLXp6Vms5U1E?oc=5
2026-09-17 21:04:00,BRK.B,2 Stocks That Former CEO Warren Buffett Purchased for Berkshire Hathaway's Portfolio Now Earn Over $1.44 Billion in Annual Dividends,Yahoo Finance,https://news.google.com/rss/articles/CBMilgFBVV95cUxObjhQRVhYYnJfZzVLUm83NU9VeDNRN295U1NmR0hITnRqWkdhTXRpaHZHN1BTM3JmOUJKaGtVZkp2WXh1WGgyMEpKc2pmNHVZRFAwM3liUjhjblRvbDl2aW1QZkFyOVZvcklKLXI5QlIyaElOZ25BTC1kdWNFR1dMS2d2V0FYdnh0RXVQYjJKd3RRZkVYbEE?oc=5
2026-09-17 20:31:00,BRK.B,Berkshire Hathaway Inc. Cl B stock underperforms Thursday when compared to competitors,marketwatch.com,https://news.google.com/rss/articles/CBMi8AFBVV95cUxORXg0V3l2X3FYVUJtN3dyVXFuU3NxYzB2UjJaZjVZcEoxQlVKaTQ2TmR2eHM0aldwSmo4WTlXektodlpiVEVsVGxOQ3c1eXVIREd4cmpxUkVlMnduVjlfRDJSV0d1NVpXTG9VUXhRTm14dVdXcTlVdmRCTmFXM1hudlBJUXViRUVGS2ttNWJGY3lyMUV1WmNvbTQ2ZVVPYXBYalM0QWtKVWF4a2NpWXlPLUdLLXQ4cWo0S3hNdDVCZ2hYRXU1YWVBOEtHdHk1c0t0bjhwd2o2bWlEOFhlSUVneDR4M1BISkttclRjWXdJdkY?oc=5
2026-09-17 20:31:00,BRK.B,Berkshire Hathaway Inc. Cl B stock underperforms Thursday when compared to competitors,MarketWatch,https://news.google.com/rss/articles/CBMi9gFBVV95cUxPczdtOFJpcnNZRjIzVVJGdWItOElfeGYxRUY1WWdrSHpuUE5KMmw4YllxRE1FVW5QQTlPZGp5SWY5R0w5U2N5UjU1UlJiT1NZOFRlel9qM1VEaWN3eXdlVHJ1X0pTeTE4b05XM0ZFVjd3anlEUWxpcUVTUFZTbWdrWDRzdHlBQ0ZycE9tWTRibVowc1pkZGpOa0pneDNHdXd2TkRsRjNZWlNOMG9XT1MwVjBUV3M1MUo2amJsR0ZxdlhjN014ekNOQm1NZG9Rc0tIYnZwd0tWd3hhTWVHR0JKNzN5WDNTZ3pWakNQTkQ0VEhOMTVrT3c?oc=5
2026-09-17 18:34:21,BRK.B,YieldMax BRK.B Option Income Strategy ETF declares $0.1321 dividend,TradingView,https://news.google.com/rss/articles/CBMiyAFBVV95cUxOczk4ZnFQRDZPU3MyMmRVVFFDamFZbDZtVUlxYlV5OFNBcDFQSEhiTVpXZ3l2U0hLeUR3LVZ5UXJaM2NKVndfc1lLbkxGLXFIRUVsOXZFVU1HVUEwOFRiSnZ0dmY5QUctYzBzWEVIWnk2SlR6UG1kMmU4Z1dRTDRRY0FrRFd1SU1fYUxsX3phU2FjSzNWMHlyVjNsMTNmemx1ZFJ0Zl9aclRLTXV0T2pBanhQeGh3dDhUM2JVNGJxX1M0SFUyYV9jeg?oc=5
2026-09-17 14:59:27,BRK.B,Berkshire Hathaway’s Biggest Profit Source Isn’t Its Stock Portfolio,nai500.com,https://news.google.com/rss/articles/CBMioAFBVV95cUxPODR3NVVwQ1JHS0U2RkdiNjZBSTRFa3dvSGp5Q213akFDZVVDTFJ3czhrWFAyU1B4SllxZGszU1k3bmRkWnZXTUxvc0xFeWl4Q284dUVJRndXZXBlQkJpNEdDM2Z3TlZjWUppa19kVWVFeUdaSXlvTWMweHBOMnNIVGN3Tll4MDhFZkhWUzFRcVpFckpwRFRxR19WUk5hNFhl?oc=5
2026-09-17 12:15:00,BRK.B,"Most of Berkshire Hathaway's Profit Comes From Businesses It Owns Outright, Not Stocks It Holds",The Motley Fool,https://news.google.com/rss/articles/CBMijAFBVV95cUxQZl9yUGRhN0ZVUWhMb1Rma3F6TnB0NV9WbGZxN0JBelI2TExHdXRpQ2t1NmNxbS1Ia2R3U01kb2hoRE5FWFJNQVVYV2ZRRkZEZEpKNlpJVER1MWNUdHd0Q0huZ3NhUTVXUC1Qa1dtVnhXeEllV0dhN0FXZGlhTjh4LW1IeHd0ZnVxMWQ2eg?oc=5
2026-09-17 11:41:40,BRK.B,"Most of Berkshire Hathaway's Profit Comes From Businesses It Owns Outright, Not Stocks It Holds",The Globe and Mail,https://news.google.com/rss/articles/CBMijgJBVV95cUxOcHdxd0kxSDBvTHJEbk1DUG1jYWIxejRLRnpLZ0hxaWZReWN2MzhnU0FtdTluVE9BUkRrMFdRS3lwb0FKNThzSm9rUS12TG9hdFRfRUphSExGekdSOUM4SEJCMUlfTEZ6ZjNtSm9zejVOd2l2UjgycmVJdk1abllsTXZCRG90M0JPdTBTWFlCQ1k1RG1sSkFuZlI4OTZ3NW5vSmZoT2c0OTR6cHdDd1ZCT3UxelBCcjI0ZEVtUmY3YXZlT0ZiS3lENlpib2JTYWNnWTdmSFA4dGxQUGJ4MmdWSldNVUs1dTZVckhwV2ZHNmpDOUowNzJBalZ4azRTdkFMUjZjUGJEMGNXSlVBbWc?oc=5
2026-09-17 11:35:00,BRK.B,"Most of Berkshire Hathaway's Profit Comes From Businesses It Owns Outright, Not Stocks It Holds",Yahoo Finance,https://news.google.com/rss/articles/CBMipAFBVV95cUxPSFlXelA0TGlwb19YUmc4dmhhekxka1A3SmtncjZtU0VaU2pmbGJGcU80Nk5VNWxIMy1VbHFIVEJSYk5TdVFVMjFUVjhmWE9GYnkyRDI2cmZYWjFGWWt2Z1JQZUpoZkRnRkFEUm82eEZ4ZHhKQUtvOFNCWFFERUhMZ2JuMzdjZjBkbWlpcTM2dGp2bXlObkNLWEVwNkU1c1UwejZZaA?oc=5
2026-09-17 11:12:32,BRK.B,Michael Saylor's Strategy (MSTR) Outpaces Berkshire Hathaway in Trading Volume: Bitcoin's Liquidity Pull Explained,The Crypto Times,https://news.google.com/rss/articles/CBMi0wFBVV95cUxONFZyaEVUU1RpZHNIcHQ2SXJEUGl4NHZhQlpTbmY0bnlXRzhaajVnQXg5Y0p2YjhvcE55Q05qSjQ0WF9SNlJRQ2Zici1zeEZPbGxmVU12SFpfeXdjbEVXNUNpVDBwaF9YSFJzdFJYeVVLMkQySVlhRzVMR2tHb21Xek9EaEUwck52TUlkQ3hVN0hVdjBlVXR0aVl0T2RDc3pPRFhqNUJpUWE2bDJUd0FrRjVmNmIzc19WWHN0ZG5nZEJNTnZKLVRXUzAxU3B4amY3dE5J?oc=5
2026-09-17 10:50:00,BRK.B,Greg Abel Has 75% of Berkshire Hathaway's Portfolio Invested in Just 8 Stocks. Is the 1 That's Lagging Behind the S&P 500 the Best Buy Now?,Yahoo Finance,https://news.google.com/rss/articles/CBMingFBVV95cUxQS2NCSWx6MURla2dpRXVaaTZtbVAzRFpXQ1EzRmtxZTlmNW5rbkg5N2MzNHBrcTAzc0hOVmFabks4cnAzYlhxNVJtUkViQUJGNEZURzkyeGQ4Qi1TVkJaMzVMMTV6S3hyMmhraF82dHQybGczTGpUekk2T2hrMzNqXzUyVnlZUkRaUHprV09PTndwVlVJLTNwdkJEU3ROdw?oc=5
2026-09-17 10:44:00,BRK.B,Berkshire Hathaway Has 30.6% of Its Portfolio in These 2 Magnificent AI Stocks. Here's Why That's a Signal Worth Watching.,The Motley Fool,https://news.google.com/rss/articles/CBMilgFBVV95cUxPcHd6bHhYbkZ5VUFscUU0S1ZSTEhJZnNKMEJBdGNuSnlhLXR3WEVjVU1EZmZ0SmRUakpyaC1GS2w5M1d2OGRWNkpHd1hENkRtbGtjUG1xXzVBb2JGS0dfX2ZnT0h3RWgxZ2JqeHdzZ1BrMXcxb3ZmaWF0c194OVlzRDNTQ3hxYWxfcXRIaGFtT29PV3lkT2c?oc=5
2026-09-17 08:14:18,BRK.B,"Strategy's trading volume surpasses Berkshire Hathaway's, marking a new era for Bitcoin proxy stocks",Crypto Briefing,https://news.google.com/rss/articles/CBMihwFBVV95cUxPQVZCbXdLM3I0YjZmQmd2Y1NPcDNKVURIRk1SWGgzcjBnMHljYWhFOWR4eFY4cWxnc09iWUNaMU5DRmFPaEJBRmZlVDNVek91VVlYUG9abkNzdGFQWVlrTk9RTEJ1VkgzdkRXTDA3Y295ekxjY1RqZHVTM0ZJYkZkeXN3RjlkM2c?oc=5
2026-09-17 08:14:18,BRK.B,"Strategy's trading volume surpasses Berkshire Hathaway's, marking a new era for Bitcoin proxy stocks",TradingView,https://news.google.com/rss/articles/CBMi9wFBVV95cUxOQ05WcTFqT2ZQUlYwMWR2QXlYNlRFckh2TzBBWTFaOTQ2OEl1NC1pbUJ5SzU4WUdVckpTQmF4T2hMRmxjUUpOSWNwbUQ1OWVqMXlEX2FDMmJ0R3M5YWlDbUVXU0x1QXBYUmI4QTIwaldnWGQ0SU5KUTAzMjVGZElxVERXZkwza05uN0RfbmFFYTVQTmVqVV9KUXZBenI1eHVyZzJ1U3l3anI1S1NYdF9veXV0V0FCTUNDQ2V6eXRvV0k2bVZWNVM3QXhvVEtIV1EzQndxU1NZR3BCTm14WVc4bWZQczd1ODh0N0tGaVRBRktGYWw5MlJr?oc=5
2026-09-17 06:15:00,BRK.B,Markel Is Built Like a Smaller Berkshire Hathaway. Its Stock Sits 18% Below Its 52-Week High.,The Motley Fool,https://news.google.com/rss/articles/CBMilwFBVV95cUxNQ2R3NGs2OVFqQ2tLaHBuWXdpVko5ancwUHRlUVUxZTRTcXpxV2VBNGc1VDdURm8tU0JpREJEU0FsSWNFaUZXbzJXS0FFTFZnbV83Y0plSnBQbU9saFhfNzFzOGN2UnZ2T3FsQ2duNnlzT2s5VHBOaUF6Y1BYTDVFTnk4UmdCcGxEbDhHUFUyLVhPcEtnaXhZ?oc=5
2026-09-17 05:09:16,BRK.B,Berkshire Hathaway raises Alphabet stake to 27.2M Class C shares,scanx.trade,https://news.google.com/rss/articles/CBMiugFBVV95cUxOT251c2piM1F4NU5QNXlfUVVqYUxHaHAtSHcwVmNCUFB6c1lZNEFqY18teWRwbi1LUi1WV1I0M1ZabU45ekFhT2x4Tmp0RVNxeGQyZ2ZLc1ZwbnJzTjVudDBLeERpYXA5dnAyd1Y2LWhMNmtIYUdqcTRZRFJqLUZBSklzdW5ta0FCSm9vSFQ0ekVGeHdzcm5QU01FcnQ1S1B3cS1RWmdiNmIyeC1Nb0dPbzFuQzJTT1FMdHc?oc=5
2026-09-17 02:13:34,BRK.B,Berkshire Hathaway stock heads into the open after a 0.35 percent gain,AD HOC NEWS,https://news.google.com/rss/articles/CBMizgFBVV95cUxQWlVJMFRzX2MzMkR4cHZ1MzlxS085dExxSTlwRXUxTHdwVE0zT1oxX183WHFodGNFenp1aDgwQXpyQ0Q5bk02WmVSZVd2R1BScDhZMThFYlM4MzhNRTlDWnBpLUxpeEhvZjZaczZySG9jUk1FZ3h4S3E3ejFXZ0s1WDFheUtxQ1ZrcjJtTThWNFhaZ09TNmx1OGhNdXFVZ3BRM2JYNV8xY0ZYSTk4T0FCX292UkdCUEt3VThrS3RObUl5UlZ5MzBHc01aTmxudw?oc=5
2026-09-17 00:44:34,BRK.B,Berkshire’s Google Stock Bet Grows Into a Top Three Holding,kobaran.com,https://news.google.com/rss/articles/CBMiiwFBVV95cUxNTTZLUmJlenc1aHpUOFI0ellOTGVlYmhKWTE5ZTI5LS1WbDAwSVBkR0RqeXdXNVZxMUg3ZE1yMzFFSUladV96aHFWQWlfX3BUb1VlMEJHNkczSlV6dkdxSjlzMkYwWlpLNGpiS1d6VDN3S0RIS2hnbV8zLWlHVEFTWWtNSk5fOW5mdUhZ?oc=5
2026-09-16 21:44:00,BRK.B,"Greg Abel Grew Berkshire Hathaway's Alphabet Stake by 83% Last Quarter, One of His Boldest Equity Bets Yet as CEO. Is Alphabet Now a Core Berkshire Holding?",The Motley Fool,https://news.google.com/rss/articles/CBMimAFBVV95cUxQZXN3ZVFPX2d4Y1gxeVBSdHc3a0xnNnFqYkg4UHdrTGVLRWVKUkF6Z3ZuaEYtWlBfN1FlcGxrSDlfVHI1LXY0Mm5HNzh1U2ttUnJ4bVVoSjNsZGFyZnFBNXNSQkhZOTNqQlFYNS1YN2dlZTFoU0Jham1IYXhiVFlZTjUwa1ZTUjNvRUd4cHhqQ3RzZWNWbUR0NQ?oc=5
2026-09-16 21:04:00,BRK.B,"Greg Abel Grew Berkshire Hathaway's Alphabet Stake by 83% Last Quarter, One of His Boldest Equity Bets Yet as CEO. Is Alphabet Now a Core Berkshire Holding?",Yahoo Finance,https://news.google.com/rss/articles/CBMioAFBVV95cUxObURmaExHSzRpSDBzUVUzcWNENWZqRUR3REVIT1BQVjlWRC0zR0ZkYWd4QWl6dk5Wcm5Yc3BpMkpsZXdFcmVlMVNmdWlCbzlEbngyampod2x2SEZfVE5BenRZUXpfRzFyUXRNYThtbF9vcTlkcXJqVU04TmotOWRjbjR3NTh1eVJpWDR5MGJNZ1ZiMnUyU0xyMTBYQlExWHFE?oc=5
2026-09-16 17:30:00,BRK.B,31% of Berkshire Hathaway's Portfolio Is Riding on These 2 AI Stocks Under Greg Abel,The Motley Fool,https://news.google.com/rss/articles/CBMilgFBVV95cUxPYlF1UzkyTTZxUkRSVHRHT2I5a1ladlY0N0J3bGRpaDVzU0dDbjZoaVRHTXVmVjhuTzFSMjhHeDFTTkZKN1pCYy02bG9XU3ExRDlPNWpMSHMtbkoyeWNFaVhQazBtQlAxaW9FSWdIMy12REtVVEVXSnRFdkx1OUNJVGpyYjBkSHRudnFxY2s2RFBBRnpVaXc?oc=5
2026-09-16 16:50:00,BRK.B,31% of Berkshire Hathaway's Portfolio Is Riding on These 2 AI Stocks Under Greg Abel,Yahoo Finance,https://news.google.com/rss/articles/CBMipgFBVV95cUxOYUlkbUZManVUemJlQW5ZWXU5bmhPcUdfRUFldTBFa01wOGVDSnRObUhZMERFSmVfd29ud29xTUh2N1IweHVHYUhTTWZYb0FiY0dZZDBlbGZXX2JFamFuVl9jR1pkWndzMGN6TWNEMHBXOUREXzB0RDc3X2RVcGVXTndWRTNRZm1CUE9jVmtFMVdpN3VxbVZwSnJGYmFkTEt3U0Z2Q0NB?oc=5
2026-09-16 16:34:00,BRK.B,Warren Buffett Hates Bonds—and Berkshire’s Portfolio Is Loving Him Right Now,Barron's,https://news.google.com/rss/articles/CBMikgFBVV95cUxQZUlNQmhzQzNaMTAyTDZYX3VSbUpKZjBNM0JiNEgzZGtORmpFLXRzSFJCWk1nTzB1X1ItU1B6aTN5MWVIWlpwYWpXYlI3TVNhQm5xWm95ZERCSldSMnRQNFE5Zi1xdUgteS1ienlENXVQRUhseS1FWUlkOVFtLTJ6c0ZjY2tlTWtfZzVjcWRXYW1DUQ?oc=5
2026-09-16 14:25:27,BRK.B,Berkshire Hathaway stock weekly forecast: Rally runs into overbought conditions as buyback activity draws focus,tradersunion.com,https://news.google.com/rss/articles/CBMilwFBVV95cUxPamJLVGV2OGVlbDFxa0VGUUViR0YtdmsxSndPMTNaNmZEczQxVzZQYVFZYm9aaThzTTZZcWlBVXhLaHkzZ2YzM1FRZzJjZnhFVzN2dFhMLXA0Y1dYemdvTTlxVmlFaW1hMy1wb3diSVc2TzV5OFVxenpqVjFtblBqOXFheVpSelNvZURObGtZUGN2RzZZdEJN?oc=5
2026-09-16 12:33:14,BRK.B,Why Berkshire Hathaway (BRK.B) Is Getting Attention Today,simplywall.st,https://news.google.com/rss/articles/CBMi3AFBVV95cUxNUGRPWGgtZi1rcTdoV0lVSlBOYXlmSE9mOUdrcUNPWF9KNjdBQzlqdFA3dl8weHY2T3BrUEx3bXZZcFM5ZmRvNFVqTVpWUE5zMGxwSjlUcWdhTzY0cmJvRS1QWDJWQlhsVGV2WWREOGRSR2MzOHFycUFkRkcwRmZFRk1OVWI5XzRhekdXamc5UHNVNDdkQjEyOGZTTTBmMVhKWElOSUU0OURtd2FXZmJfNkRvMVBZb2hYc3ZCUGx4b2NhaXRkQmxHT1NsdjVJcGtYMHQxLUxCeFFCWDVU0gHiAUFVX3lxTE9faHdNNUJTeW85Z3g0OEpuV2NGbHhYYTB3VHFLYlN4dE1UTjExM3FycExQY1JuNHJuU3NITHRkaEVYR3hYck02SVowLVJTLWRHMmlEODF2U0FyRnNkM3ZUMkVsalQ1UUJLeW5UQVdLX3U2MmdaZmgtaVBDOHYxMXJKdEc0V2NJT011VElQN1N0enNrTkNScFliaFlucS10S2k0UHZFVVZqWlRaNy1haFZpWVBCeUFqTEdidmJEcmxodDB1ZW92NF9EempUUVNvVGhvbG1YWkdxd2tSZnJWRThWN2c?oc=5
2026-09-16 10:57:13,BRK.B,Berkshire Hathaway stock gains on strong Q2 figures and mega-cap valuation,AD HOC NEWS,https://news.google.com/rss/articles/CBMi0wFBVV95cUxQQmlhdXROU1VXV3owWjlMR0xGcjlGN0NWa3FvdG5tNDJMWnRhR3F2S0RsSDlTUWJLaERXMHotaVR3dkc2SHN2MUEzUTdVMExVUXRCSlpoSF9LbHFLSVNsWndDSEc4S2lWcVRuZE8zaGcxeU5HSWw4bm9GbWhUSC1oVkVCUjlJZ1ZXZTVQT1AtQmkxX2FROV9KRkotcUU4SWhvcmpzX3MwWjViaGNkU3VUcnNOZ3RicFg2MzFNNjgzRkJ2Rnk2TWpTTFJkX3EyTDBURzFN?oc=5
2026-09-16 10:45:00,BRK.B,Greg Abel Has Run Berkshire Hathaway for Most of a Year. Here's What He Has Actually Changed.,The Motley Fool,https://news.google.com/rss/articles/CBMikAFBVV95cUxOQmRGelNrbV9LZVQyRFo4cjF5b21SWG5PLVVaNUlORjlUOUp0TFUzQm1iYUdWU21rWGxJU01ScWptdjdibk9mT2JoUHE2ZDdCbmFxeVhLem9KMjRhczZ6alJwbHluU2RMOVVzSDRLcGdMbWwzVy1VclBDVk9nQi1tRmZuN0dtaDRkWHN0YjdhTTM?oc=5
2026-09-16 10:24:57,BRK.B,Greg Abel Has Run Berkshire Hathaway for Most of a Year. Here's What He Has Actually Changed.,The Globe and Mail,https://news.google.com/rss/articles/CBMihwJBVV95cUxNNFhURTdSUzJWaHRkTU9IVmlpT0hnVEtSQnBQUmR5d3VRQXd2ODBzQXlTYnJZZ0FVTUFOM2REMWFGSkNUX0lVajNxbG9VQjFmRWVVVHRsTkc3a3dqMGh5QjA3WkJmOTR1ZFM1Mi1CX0x6MnF2dERQV1NadzZLNm93Ymdlb2ZHa0RLVFNyTHUybU1wd0lJY1QtT3dpRlJScjZlUnpUQndwZlBYdENyTDN2aUNyaTRzbTVGZm1YckFHNkFpT1l5dnM2ZGVRcnRIa3ZhWU1VREJkTmlyQ29XdjFlUVFqYkg1b21kcXBvemVEdl9MTGtROVJiZjQ5X0VlLVVUajFuVGZ3cw?oc=5
2026-09-16 10:22:56,BRK.B,Greg Abel Has Run Berkshire Hathaway for Most of a Year. Here's What He Has Actually Changed.,The Globe and Mail,https://news.google.com/rss/articles/CBMiigJBVV95cUxQVlBDVjNSWFpveXhOTEc4Skp3MzRvdTZMay1nS25HR3A5bU9QNm1nV21wek1oaVpSQ3ZfWVVxS3RQbVZValZfX1l5LW1meVlWaWM5R2lZLVUxSjZINlNtVHdmOWxjY0FVRHdqbUNkTGIwdzNfWU5iTzUzUUwxSkRBVDB5M0xjRk0wS0stalk1ZTlGN2pqUTliVXBDVTB3dnByY0xnU3hsYWdNVVpnWUxCdHVxdGNRUFBmTHNUVHhocUZ5Q256M1hXazdjU1Q2RG5QNXVYZk5GYnkzdnJfWjk0MlJKTFJTNF8zUS1LUWd0aExFeVlySFdJRDJIZk1nYmR1MTAzVDR0anZkdw?oc=5
2026-09-16 10:06:00,BRK.B,What Does Berkshire Hathaway (NYSE:BR-A) Show in S&P 500?,Kalkine Media,https://news.google.com/rss/articles/CBMimgFBVV95cUxNTnBOSlpwSV9aYVBneWtuQTE4VW1IZnlqM0o4YzJHaEt1TDdmQjVjckI3U1phdUVMRW1TQTdseXJGWkg3Nk40dVJXNTBSR1UwWU9nSGtJTzNKNF9xSXl6OHdJYS03dzZBRDZSOW1JR1pPNUZOWVhhU3NhRG5wQ0l6X2lwbjFXek9RQ1BfdE9VWGRHcDNsazhVNEpn?oc=5
2026-09-16 10:06:00,BRK.B,"Prediction: Warren Buffett's Successor, Greg Abel, Will Dispose of One of Berkshire Hathaway's Largest Holdings",The Motley Fool,https://news.google.com/rss/articles/CBMi3AFBVV95cUxNdEtES0NfRGlCYldDY2s4aFhMU1FQT3Q1SWNfZVo0Sm5BdlZEQnlXcksxRGVRejJFSjJlNmdPeG1OdlBuS2FsQTZmVy0tclJfYU5rTFEyUnhELWZnTGU5anJCQ2lMSmZsTldmbjJSTWEtbHBfNlVpOGdsUlZBUm9PSE5MV1habmpybk9LdlZuUWVOU0ZFQ2FWbmdlZjZ3OGowSTViQVdUdDhVQ0packdPVUdtTDFSNmgwU2hiQnBreDBvaU5lbWtnWE5qQXhsNjQ1ay16TFVGUFlteGIt?oc=5
2026-09-16 10:05:00,BRK.B,Greg Abel Has Run Berkshire Hathaway for Most of a Year. Here's What He Has Actually Changed.,Currently.com,https://news.google.com/rss/articles/CBMiiwFBVV95cUxNLTB6MDJfV0RZdG9mUGpZQkFLSUZBazd5QjdjWFVZM1hicUFOeE1Pc2UwTW1NQzBfcXJoTS1jWjBWSFFKaHlyeF91aU4xMHQwS2JqYzNOQWdyY05IQVJRS29HYU9BSWdndm9PbHVMQlB6R2JiZUJ6Y0xnbmVLX05QWDR6ZEdETWxmZ3Fn?oc=5
2026-09-16 10:05:00,BRK.B,Greg Abel Has Run Berkshire Hathaway for Most of a Year. Here's What He Has Actually Changed.,Yahoo Finance,https://news.google.com/rss/articles/CBMingFBVV95cUxOeHk0TmRwSFBjVVhNTWtUZmFCX2R0WGswbU5wLW1aYl9ySl96TWpSclNKNC0ybVQtY0dxSjV2UTIta1YyaU5HZFNDZmUwTDBCQXplQmxVTng4aFVvcGZHclRMNE9wclpmenNlUkVQME9JSmVjMEpVMjh0V1dEYWhSRmVzWlc4bThWWDkxSWJyLWFnODBVXzVYRlNFQm91Zw?oc=5
2026-09-16 09:26:01,BRK.B,"Prediction: Warren Buffett's Successor, Greg Abel, Will Dispose of One of Berkshire Hathaway's Largest Holdings",Yahoo Finance,https://news.google.com/rss/articles/CBMiqgFBVV95cUxPcUZhRjhQWS1GQUdFN21CSEJmellsaUdMbEZFbFhCUXctWGNjVWxwOEdyU3ZKYktkZFJSNnZWQ3dKTndhWVFqYUpMV1M4MHhkZWE4MkdxOVhYZVZvc1VONXNMMkJrbDcyRGZ3UkpSdlRFT19Hd0RUTW9xM1d6TUZ0QnZ1YlVIbkM5VXZoTk1QYmM1RnVnUmNSRXJRd3FjYkVDYVF5TmliUFZYQQ?oc=5
2026-09-16 08:35:34,BRK.B,Does Portfolio Reshaping Change The Bull Case For Berkshire Hathaway Stock (BRK.A)?,simplywall.st,https://news.google.com/rss/articles/CBMi4wFBVV95cUxNam0tVXU5TXk0b01kdlRVZF9vUEVyb01TdHVjNzZkYXpKR3B2MWZhS3BzelF1STVQWElTT3JZLWtOQWQxNGs0aVlLellyRVh1ZFR2SnRYTVlwQmhyLWYzWXhURGE1TWFpblFpbkwxeGFyNDF2dnZlVmtsUEtjY2NILTd3a2QyMmRLbzl1Sjc5eV9iNEVsRkw0dnlFZTFuRExScUhrYnBTR1VJQ1N3UHFUVWhsa1l5RHE2bHRpc3RjM1d2bFlqclFRM2dSVC1ubGZ6WFlkYXZiT2VBWDF5ZUE0TWE1RdIB6AFBVV95cUxOMVAyV1Y1SlRZdXFnb1ZQQS1icFRzSE1tVlJuS0tMMF9DdHk0U1VfT3hEWWFUbHNucWRsNzlJVkN5ZnRDSzItdm4wSWhVWDBtN2h2SkxRRWxzWjcySTVIXzczZERiSTJUUDRNQ1AyT1l1N1plSjFQbTFhQnNMT3U0dmN0TzN6YnA5OVdKOUU3LW5TNm42aWpDYm1uZWlNMWxxWXZjLTZsb3lIVjliTkFWSW14OHNUeTN2UF82SkgxcW4tcHNHTy1ZRXc2eHJMV2x0XzNuNVByRmVVQW9rSnRPTmM4VHdUWFNZ?oc=5
2026-09-15 23:30:00,BRK.B,"Berkshire Hathaway's Class A Shares Cost About $766,000. Here's Why the Class B Shares Exist.",The Motley Fool,https://news.google.com/rss/articles/CBMimAFBVV95cUxNS3JCQmVJcFpNczFuN3M1eWd6TlBkeTA4Q21HTEhWSGVocHVlY3Vob1BPd21ucTYyV3p0cDhmUTJPR3N4YnY5NXd2NHJEWFBSdlBtUjU3bUdfLXZ6Z2hvNW1IMzZBVFB1S0U2RVlhcGpzTHhRRk5saUp2bjIyczZqM0FrQW5WT0c5Ul9teW5Ra3NoODdRU2NKcg?oc=5
2026-09-15 22:50:00,BRK.B,"Berkshire Hathaway's Class A Shares Cost About $766,000. Here's Why the Class B Shares Exist.",Yahoo Finance,https://news.google.com/rss/articles/CBMipAFBVV95cUxOelVhMHVPb1RncWNuNE40aFNTR0RhZ3pJbUsxdkVPNVBVckg4TkpRMEhZUnpqSW5YZHNKb0FUemlTVm5lMkQ3Qjd4LTc1NHdhYXpoUHpQYlNfRmVJSXFOTFQ2bVlZVXhlR3p1RXJTUGZSd0lORUEwWHU3T05LRHVXaUVEVTBrd2s2a1JEU2hNclhnZWJBVmxaS054Wmt3dlNGSGN6bQ?oc=5
2026-09-15 22:50:00,BRK.B,"Berkshire Hathaway's Class A Shares Cost About $766,000. Here's Why the Class B Shares Exist.",AOL.com,https://news.google.com/rss/articles/CBMiiAFBVV95cUxOZkg3alhKV3c4UUhPX1k4NFFRRUJJZVlNSHJFUGZpYnp0cFV6RUVESUU3bU5BQ3BNZ2RxT2x6SDc3bGFOTF9MakhrSm5fWTk2ckljNUtiWDN2NjFfTnVGYzBwV2lpUnNkamlEd2VLNkNiQ0ZFMDRGeXdfc1ZzUDc2TUJJTU80SVFK?oc=5
2026-09-15 18:06:00,BRK.B,Did Greg Abel Already Make His First Big Mistake as Berkshire Hathaway CEO?,The Motley Fool,https://news.google.com/rss/articles/CBMimAFBVV95cUxPYk9xaTVKbncwR2ZZY2ctRWRjYTJib3pmV3Z4LWhNNE9lYVU3ZVRRbUNTUXZndEtHUVlMUWZITTBlbGFPenZ6ZzZwU3JiMDZpNTB3N1k3WWRzSlloQ2NYcVRhaEtZbDhQRlJGSzNfUlhCZjB1NVJkSWZBdkE3N2w3Qmw2RWo3aGVlUWxrOVBfSk9JMTVnWkR0Qg?oc=5
2026-09-15 17:26:00,BRK.B,Did Greg Abel Already Make His First Big Mistake as Berkshire Hathaway CEO?,Yahoo Finance,https://news.google.com/rss/articles/CBMilwFBVV95cUxPQTZMLVpNejhYMFFLZmZzQi1SQmFrNDNtWG1zR2lnYXZzNTdBeG9VLXEyMy16M3ZJUXQ2YkN6eGpia0xzNk1zemNnYjVHSlh0N3JrU2V4VnJhRzlKRTF2dDJfSGlqRHA2RC11djFFT3FzZVppcXk4SFlXR1BQV25VTTJGSVBXUnhfeVRqQ0p0MXg1T1BBLTZr?oc=5
2026-09-15 08:31:28,BRK.B,Berkshire Hathaway Inc Class B (BRK.B) Stock Price Today: $514.57,Pluang,https://news.google.com/rss/articles/CBMiW0FVX3lxTE5IVlNXdGNyd0p2RWRDam9wTjRubnpEMGJSNUpZRXFuTm9mOGp0aDBBTS1XZElCQkpWTzhRLVZfY09HbHFpWUpTWGpGX2QycVRVVnp0cEticXd2NEk?oc=5
2026-09-15 05:15:34,BRK.B,Berkshire Hathaway (BRK.B) Stock Could Be 35% Undervalued As Buybacks Stay In Focus,Yahoo Finance,https://news.google.com/rss/articles/CBMimwFBVV95cUxOS293VkdnSkxweGdfTXFEQzF4TjFxWjJEOFFMSXFsNERhTzBhYVY1NDNaakI3WkxSSW5LYWtiT0htNy03eHptSU1Ua3JtR1ZPcEtYZTRvZGVzS1JoZmhfVWZnUzhfclE2enhhX2pta2RiY0NmY3NBTVNVaEh3clBFeGFaYTVaNm1BOXFJM0lIeXVOU1I1VFNZMmRqaw?oc=5
2026-09-15 02:15:22,BRK.B,Berkshire’s Latest Retail Bet Has Traders Buzzing About Macy’s Again,Stocktwits,https://news.google.com/rss/articles/CBMizAFBVV95cUxPUUdtQU1ZN2t3dFh0NlJ0RWJVdlFsaXprYWNWRnpiODF1SkU3TVNNNk52VnlVVXJYWkR6TW1jNVFNdm9Ra1NZQ3ZJX091TUNudTZfTkNabG54MlE5RnVYWXRpSkJxUkJyaTg2NDdtTFBsLTg0TnV6MGhrMmxUVjBQa2tscUl5OUZNRFZmWGVac3FpMENuQUNQME43MnNvWFc4NXJIUkktX0FiNVh4UVV4b1paS3g4X1M1MW16YS1PRlozcHNPQ05VQWJ1S1g?oc=5
2026-09-15 01:04:08,BRK.B,Berkshire Hathaway (BRK.A) Stock Looks Undervalued As Its 86% Run Continues,simplywall.st,https://news.google.com/rss/articles/CBMi5AFBVV95cUxNX09fUGQycnpCUE9JNHhOVG1IbGxMOHVDeDNkakt1OWFrZFJyQ2hyMUZWd0JwbzZaTWdXMDZwNmkxMDAzVTFJWkpRVEpOeFJ0NmFtWjZiWW9PVDlubTFPNUVuOS1xb0R3VVpiQW1FcWxDLTZfTlM3SDBiZ0x4Zk1VdWFCUHBURlRvTGdYb0tNY3VCQmpJTGRCNXphdjVBWGxSaUUxNjM1cFZ4cXU3TnFXbmJXUDZwOEFlaWNZM1hRSFVrc2JJSVRPdnBsMXlUSGp2alBhWmFtYXVoeV9QOUlOMVNTcE_SAeoBQVVfeXFMUG42NHpLLWwzRzlTWWVtYVIwUzdQVmhIcGVKNHZraGFuN3M5ZGw5VVpmbU9fQ3J4MU1DeEpCSHNMd2t3SWlLeFhDS0ZqY1NxLUZrLURVVHZ6dVB3Z0NtN1c2MFZoWnJPZWxTUTBrSkRYQzZzeDVFYUJEVE1NVGh2T2FWakhBamt2aDlrWUpEbDRsVm5GRzM2aWpGeWFST3c0b01xaTlKY0ZiRWh4dUlqd1Y4eDk5RHlQUnEzR2lpYUJiSXAxUE9nbzItNTVra3RfdmppaTVObFpORWVwUWxLSDJOUk1rLW16VnNR?oc=5
2026-09-14 21:23:00,BRK.B,Berkshire Hathaway Stock Has Gone Almost Nowhere in a Year. Should You Buy It Right Now?,The Motley Fool,https://news.google.com/rss/articles/CBMiyAFBVV95cUxNTDlJSGswaUlMV1JvU3B1andlLUdXNjg5YmNsdko1SEx5aUkzaWw3Ym1ybHVhUWNQUFVqNmMzcm0tVmpKUGpZX0luNmNraEFmUE5zWTVxbHk2VUdJMW9SQWNyTlJPdmloc1dkQ2pXVWVvS1pnX1h1RzN0VHFnXzdiWmdUaUM1WnIzVGUtWC1tcVoyUFhrZDRkSzYyNmpXSHBKeUhKelZYM0oxWkRIMlp6RldzVTdOSC1Lcjg5Wkc2SGdDYVROWV9WYw?oc=5
2026-09-14 20:43:00,BRK.B,Berkshire Hathaway Stock Has Gone Almost Nowhere in a Year. Should You Buy It Right Now?,The Globe and Mail,https://news.google.com/rss/articles/CBMihAJBVV95cUxNS0tUa2dkbUNyVk1GSWM0M3lyRzNWUU9oT1VPbzRnYmhmUU9rNVFjLXZrc3I4RkVTMXdNblYzT0liZzFiOFkyclpxaFJhZjVLUzVDN0FOSEcybGVOZDEtSDNwb2hZNTJuVUpiaHRDSGVJR05WQzdIRGwxbjNvWUIxUVBhdlNsaTRFV3FtLXRMYnE4UHA4b1YwVXVOQnR6TDBhUlJGS2RTMVRSUDlVQ0tGT2F2a2V1LUpHOFpCWmg0UXpsVjVnZ2ZlbVhGMXpBMGRGUFVoNlFKZnE4LUhXNXhFS2Zob1pJU2VOUG5FMFNDbFRXclN5N3RTV1M0STB5Q2ZmSUVzdw?oc=5
2026-09-14 19:43:21,BRK.B,Berkshire Hathaway stock lags the S&P 500 as 2026 gains stay modest,ad-hoc-news.de,https://news.google.com/rss/articles/CBMizwFBVV95cUxPVnBKQ1o3eGJDVkxRdDk4dEZ5a1U3QVR5Qk9yZkk5bDdtOGk2MDNTQ1ZoZ0NMbUFRVzdSQVBBVm9NU25zOTczYWxmSGFveXh0MGR6UjJoZ2N1OW1XMWNBQVJKQ0hybHVjb2FGS1ZCWTlWQVlEd293MFVRZU1iSnRzbUVVZzMyZ3dWVWxyUERCWWJQOXAyNFJQdXBJUUQwYXpleERXZUFJWGVqT3RVSHdoVU4tZURoYVpVQXFQenpobDM3eGhVUlBlTF9qbk14bkE?oc=5
2026-09-14 19:38:53,BRK.B,Did Berkshire Sell UNH Stock Too Early? Retail Traders Think So – Call Its Exit ‘Way Overblown’,Stocktwits,https://news.google.com/rss/articles/CBMivAFBVV95cUxQV2Z6WlJrd3RCU2tmUHNrVmlVSW1jUDVIZTdLbFlkWVNUUjZ5UWZocGp6UW0tX0RPQjhqbXhrYmtEeTBteDY4eGZXQ1dmZUEtWG9Ubkd6dlhaVGU1Mk9HSEhLVDYtaURWdXJyeVNWanZHcW5DdUFUZTFMRDEyd3pPWUZFT1JBVENDZVQ3WGlXRGQ4eXdLdGl1MlptTUNlMkMwVTVEZ0JHNmxFQkl5WHFSRXdVdmV6OWUyWGJRcw?oc=5
2026-09-14 19:18:02,BRK.B,(BRK.B) Movement as an Input in Quant Signal Sets,Stock Traders Daily,https://news.google.com/rss/articles/CBMixAFBVV95cUxOVFotaXVzVjhMTG5OeGpVY0VrRDlQb1diT1hOSlJ2MzIyUm03RzNPdDV6QS1zUGhOUVM5SF9lU0xkWTdibWQydGdJS1UxbTM5TDVtQ05rV3kwRWJ2eXFoSVRPWENZa29fdXZHRFBCZU5Hck5MaXJaOXZCVVFPdlZxUWxjSkNxOExvOUFpeEhoRWNjOTRtWkpjemNZSTd1YVBpNWhsQ05COXN6RlZaTl82blBmUm1vUFhPSXF4N2ZhV21EWE5E?oc=5
2026-09-14 14:19:05,BRK.B,Berkshire Hathaway: A Great Investment In A Complex Market (NYSE:BRK.A),Seeking Alpha,https://news.google.com/rss/articles/CBMinwFBVV95cUxQcjFXbXlQWjVfZGZieWYzbUwwRUV5N0h0ZVlMQzNaY3lCSUNoSjBOZUYwZklkMHRNV1ZYNzd3czNOaUtsS1R0Q2dZZE9WTmNqVWVuT214SGJNdWxfZElKNDZpUHpud3E4SXBqUGZhOVJfME8yQm50TnNtc3I5d29LVGVTeldpaDRiaF93UXZqaHJtRHBuOXNjOGYzSGRwZHM?oc=5
2026-09-14 11:02:00,BRK.B,"Berkshire Hathaway (BRKB) Stock Is the Financial Stock I'd Still Want to Own in 2036, and Not Because of Warren Buffett",The Motley Fool,https://news.google.com/rss/articles/CBMimAFBVV95cUxQSjF2ekpHQ3RnejR1d3JFRU84NXVHZm5yVDlsNExkQ1VELXdVX1lsUm9YRTY2b2s0cmlDOUx2cDN4S2NjendkaDVEOVRkOG9fUXBPNUlHbkhsN3I0RGhDVHNFMmhzM1N0dVFqVDRod21VRHpOdWU1bXBNMGpMM1paWUhqNWxTR1hXNXpMVGJXZUM1Sk9JNTdwSg?oc=5
2026-09-14 10:23:19,BRK.B,"Berkshire Hathaway (BRKB) Stock Is the Financial Stock I'd Still Want to Own in 2036, and Not Because of Warren Buffett",The Globe and Mail,https://news.google.com/rss/articles/CBMipwJBVV95cUxPMmx3b3N5dnNQOWtlYldKYjNSdWNjZnIwajJpYVo0TUNTalZ1WXlCZ2JZcDlITDZFZlRCZVZnUDJ5aEJFSEhVWVh5RkFxNmJBNkJMeGNTSi14VWVSdUNPLW1Bb0QzWW1RdmVkd3JUOWl4Ti1qWlhDYkZ4bDZiRFFQa0hPZU1oNkFGdDFMVVZSYno3eDY3Z2p2MU0yM0hJLWZRYVhLcnctaXNIU2lvc0RlWFhwN2RKemp3TWhwX3NmT0IzeEcwRlNwd1hiZjAwQzc4TjVKRndFRzhKdGl3a0ZhRGk1ay1YUkFVSGlyT25RaEJZdGREclVJTTFyalZJYW5aTFhmZUtjdjhnXy1wZTBQMGpyQkRwMzFBeEpjSE5kZHFTb0E3MDRR?oc=5
2026-09-14 10:22:00,BRK.B,"Berkshire Hathaway (BRKB) Stock Is the Financial Stock I'd Still Want to Own in 2036, and Not Because of Warren Buffett",finance.yahoo.com,https://news.google.com/rss/articles/CBMipwFBVV95cUxOTXVZa3RYNFRqSThoUWN4Q3o2WlR5WFhZazFzVTFiUWtoV3UtLVhvNUltelZJQzVCazRYb1hLNHItQTdJM3h3SW5vWjBaTVpMMUlTb2JTdTkxTU5vOVpZcnhVSE95b2xZcEUwS0lBbHhXNE04dm1CZWVCMWlpSlhaMzdPdjBRODlROFBILWlSNDZZdUpIVXVDUW1UbG54RUxYM0JoazItOA?oc=5
2026-09-14 10:22:00,BRK.B,"Berkshire Hathaway (BRKB) Stock Is the Financial Stock I'd Still Want to Own in 2036, and Not Because of Warren Buffett",Currently.com,https://news.google.com/rss/articles/CBMilAFBVV95cUxNNk5Zc1lMUldWTG5qOXRsdzMzWVRORXJIaEtLSXRUd2tmeXF3dnhwVmE3anhwcVhEaGNoTjR0bFhjVnhyTEdmanVBV1dPVGFHQWZQTExaMG4wNlFLV2lQZmZXZjVLcEdwYmhqM1VDa3ZpQ0pGR1BTNzR5aTlaS1o3M1Bsb2RRZmZoN1gtby1EQzJQcXRD?oc=5
2026-09-14 10:16:00,BRK.B,What Does Berkshire Hathaway (NYSE:BRK-B) Mean for NYSE Blue Chips?,Kalkine Media,https://news.google.com/rss/articles/CBMiqwFBVV95cUxPejJiejJRMDRCOFdGZVlTR2VrRWJXRGktN3pHTVgwb0IzME81WW9ubG1OOFQ3Sk45dzVjTm5NRndtT3k2XzZDbkRRRHhHZGs5YkF4eWVCWldldlZKcXVEZnB3RkJ4bGhuSnN6MGQwdHZjSnB4QWNOMHlBejJQME5CeFdwX2ItTnpVaGc3cld3N1Z1dVBGaG0wMzVZMWZvYmttMWZ4d1pZUlQ0SzA?oc=5
2026-09-14 01:53:35,BRK.B,Berkshire Hathaway stock heads into the open after holding near the USD 510 mark,ad-hoc-news.de,https://news.google.com/rss/articles/CBMizwFBVV95cUxPeXBxa1ZaNy1qU3dEOHFRNEVCY3JsdEZfcDVHY09RRkJNTFNmcWxHdERFdXlYYzR0YWlqMWlBODk3STdKYWNmcV9nZFIzRk5vT2VxRTM3a0h5eVlkOWdCU1VlSWozU1NUcmdUQjJxOW5rSy1WNmloc05VNVdTLXRxSVdSUGJRREMyVEpRdm1wSTVmS0tzdTk3WnlaWk1DdjJrazJnUzFheUtGTVgwWWxLV3RuVVNhT0lTM0FOcUNJTTZJWllhWkl1Q1BHM0Ffb00?oc=5
2026-09-13 23:14:00,BRK.B,Berkshire Hathaway Stock Is Trailing the S&P 500 by About 10 Points This Year. History Says That Usually Doesn't Last.,The Motley Fool,https://news.google.com/rss/articles/CBMi9gFBVV95cUxPVm1keGk4ZDRZUzVtN0NoOUFEUXN4M2dQOTFjXzNsZWl0d2ptMzlHeXFmX2gxQzA4Q0J5MkFZblRBYk5QMk1rcWNkMjl3NTBfckFNdXB0VU81YW56M2JqZmV3ZVdLMW0xTUZFZGJUMHhqVFRVMkgxNXFFQmw3ZlhqMzFvQWJVTWJyckNUMzF1UGRGTTF1THRuZ0hXYmRyWnNaY3ZLSVlRZmtFUzROTWJTbXIzdk13YTBTWDdkLUFmak9xNTlMVm9rdDMwTnZEc0dPQlZIMEl2VU5rSjR1dWlaMkJKa0g4X2lCQzA0THhyaWd2MFluSFE?oc=5
2026-09-13 22:39:43,BRK.B,Berkshire Hathaway Stock Is Trailing the S&P 500 by About 10 Points This Year. History Says That Usually Doesn't Last.,theglobeandmail.com,https://news.google.com/rss/articles/CBMiqgJBVV95cUxOQ1JXVVZyd3lWaEJHdm44UVhNN0Q4UHhZTmNuaGtmVTNVMlo2UzdCNjFkMDZGN0FyT1BiQ0J3MFM4cUxyOFk2ZmFtdkRiM3F0VlJpSnR1djlTSzBIOVBsMlhuVjExcThWV1FlNnlMY01heFlCQzlJMWJsamdrUTA5ZXR3emxmM25GTmdGM0RvSHBYUkJmQzgzbUlNZjlzNjI4SkF1bk1uam95VWhoS2xIdDNxNE5GUWcyXzV3YkxDTHI1Mkg2ekdaLVN4VmlxRGZZU2pScFhETnlvcEp6aUlKU1ZHNm9TMHZYMWI1TGdNQWx1R1g2Mm5zRS1YSUdzb2NCQlF4dUVGME9XaTFXeUcwMndJREhUV1lodGFqNE5SSXBYNGdFYmZIbmpB?oc=5
2026-09-13 22:34:01,BRK.B,Berkshire Hathaway Stock Is Trailing the S&P 500 by About 10 Points This Year. History Says That Usually Doesn't Last.,Currently.com,https://news.google.com/rss/articles/CBMijwFBVV95cUxPbVV3QWRuTTJNWEpyRV9YUlVmYmFsbDJIbUl1VjhWa0FtcXd4TjdYTVVvTFFKLXVqQWNqZnBzRWRoNWlJeHhZZzNJckh6TUNOSS1jSEdvbzl0LW8tNTFNM0tPM3EtY1lYaDhOSzhwdFljU05vSG1XSG5LNzBtSHVrdDhGTzlLY2JRQ2xtcmhnOA?oc=5
2026-09-13 18:16:00,BRK.B,"Warren Buffett Made Apple Berkshire Hathaway's Single Largest Stock Position: $10,000 Invested 10 Years Ago Would Be Worth Roughly $122,400 Today",The Motley Fool,https://news.google.com/rss/articles/CBMimAFBVV95cUxNWFVlaWFCT0RIS1FldzlrcHc0QUlpRTFOMU9EYVlDX2d5dzZqVFljSXJKbGxqV0JtQnhPTFdPSlJfSm04akNNdElnUzVVSkhCYzR6WDRSLW8yS1hSa2FXeGc3eG9FcTFscGZjWUlxOHJpbkZfR1MtZkh2ajI4UTFQZEZ5SlNXOUlNcFEtMGJiU3VxTXI3bXVvcQ?oc=5
2026-09-13 16:02:00,BRK.B,Berkshire Hathaway Has Nearly 14% of Its $359 Billion Portfolio Invested in This Winning Stock That's Doubled in 5 Years,The Motley Fool,https://news.google.com/rss/articles/CBMilwFBVV95cUxNbXROa2MwemJhWWtYS1VsTmZMZHMtVVNZaGhtamI5a2tuUWVYT3daN2xjV1pZdklUSWcxanJqM3JDWDBUOGI3ZjZEdXFSMm5wU1hmRTN2ek8yM1B6ZU55c1owNGoxUUVneVJqclY3S0pfVzVjS216aVNiOGFMcTkwYU5YdmlEOUtfR2Z5c1ZJYXVsUGMwZndJ?oc=5
2026-09-13 15:22:00,BRK.B,Berkshire Hathaway Has Nearly 14% of Its $359 Billion Portfolio Invested in This Winning Stock That's Doubled in 5 Years,Yahoo Finance,https://news.google.com/rss/articles/CBMingFBVV95cUxQdXJHZWh4Ni1xYmo1b2pENzZBc2s2NDA0V1YySGVXd0NZLVU1RXNlVGZyXy12bGtQRFJSeUZEZzNaaGdROGxGQTNTVlVpbHNSSWhQdVdTcHNzSXdOcF83WVAtemJYT1dWZEt0Wk5GbmJoTFZzTmNNRFRHUEVabW10aWdDLUtuSE05c2dMNFdrX1pZUnJ4ZVAzWWN6ZkI3QQ?oc=5
2026-09-13 07:57:20,BRK.B,Berkshire Hathaway (BRK.B) Stock Could Be Below Fair Value Today,simplywall.st,https://news.google.com/rss/articles/CBMi5AFBVV95cUxQTVVxMFdqUVVKWnBuTU5hbUNwbHhMTjBrMmtLbFdVOFhHR1lXMlNVMDRyVjg0QTBvR1NTQ1NNTnhUNUt5SW1QdmE4TnNIdnNuX3o0Nk90Vk5aNTNqTmxFc19RTl9oeUhMemNxUmE3UUZ4aHdzU1FNSnNiLXVhSzJVTUFLM3B0anppdElXUmg0QWVOVk9aNFVyUi1LOE9WVXppRkVMcl95aDVyRTZvMjQ4X1k2XzdpblFDcElKeXMydmJuTUhNM2tDcDdLOWdPbmtPZFgyMjBjUTVORV9XUHhlMGkzUELSAeoBQVVfeXFMTjk1T1UxMHRPejRUZmNxZzFqWXRjYW9JOEx3OWh2bHh4cFZ2Z0VsdDhiQjB5cW5qRVBNajd2S3ZyQldTbmNYZURMNmVNaXpkTlNfYUhCSFhpRXhHbGthOGI1VUJMWTlZbUlNdkNRS1lzX3drTjV6NFU4bnZqUlI0dmljV3hfM0tTWkh0Mks0eVd4c2JxdkJucEdydG1EaFNrN1hBQm10OXFpN0YzRDlnSnprSFFyUW81TDZsNVo5OF9LWDF1dHNac0l6aHVINnFaVU5FaGdCUUZ4SHJDdHEzR3NOX0pFMXA0QVdB?oc=5
2026-09-13 02:42:20,BRK.B,Berkshire Hathaway (BRK.A) Takes Full Ownership Of Multifamily Lender MF1,simplywall.st,https://news.google.com/rss/articles/CBMi4wFBVV95cUxOUVllYVhfV00tQWh3VWV6elZNcGUzWjFvZVRYVnlydlU1YU9tRDN4ZDBRWGNaYW5iSklnV090R0lqaVRIY0dxdWVlZms2WkJYM1lYSy00YXBWZU9ZVlZhRFp4amkyNnZVTG5UQm1fRlNSdzBvd3h5VEpPanpTbGV3ZGtLbTl0VHVlemxHYUQwMUlMaEtaWHhHZWlVN2dLcTlpQnE2UV9FQmNLN0pxV3J3WnduM0xuRjdkTmZBUDVDMFdFeFJPaG1ndWRGeFg4M29pRHNDX1lSTUt0VGRyZEJfUGlyMNIB6AFBVV95cUxNUjNxY3NIemJuRmVSUjZRdGg5UWx1TmJjZFJKZ1BNV1A5X2RrdEhRSTRXTEJaWGNkNGFsX19FdzZKaVVkalJ5VlNReDBXTFdMU25CVkw5djdsLXVUR0dDVnZiaFo1UlV1S0xVOS1oZ0lleW1HeE81N2w2QTIyUFgyd2owb2dsSzlaejJadHpZUlNKQ3lHQnRrRlVfckJ0NExOMjVVWmVES0EzVUhjZEhVcEcwOWU2T2VYYXhlODF0T2ZPNlUzdjNmNHJlRnplelc3a3RBNW5BeEt2ZF9rNzcyQXBWbE1qRjhm?oc=5
2026-09-12 21:30:00,BRK.B,Berkshire Hathaway Has Paid Exactly 1 Dividend Since 1965. Here's Where the Cash Goes Instead.,The Motley Fool,https://news.google.com/rss/articles/CBMikwFBVV95cUxQcnhMMXhOd1dwYXpKNWs4TzlMNWxwTEV4eE1DMFBEM0xHN2l4UW1UdUIxMFdkLXBPTl9CZmRqVEZPS2tvNkR6U1V6b2c2OC14OHNYZkUtRHRxYm1tc0dzY08wNTh5Ukw0bDdtdWFfc2RubElqLUtoQ2RWbjdWSVMzSlVMN0g5YU5UU1hUZzFVUEQ5ZVU?oc=5
2026-09-12 20:50:00,BRK.B,Berkshire Hathaway Has Paid Exactly 1 Dividend Since 1965. Here's Where the Cash Goes Instead.,Yahoo Finance,https://news.google.com/rss/articles/CBMinwFBVV95cUxNWFVGVGV1VEZKRUpOWEdCazVSSDlnZUhvNW4zbkx3Yk5tYk16dmpPSi0wNVR6c3pPeWRIN2w3dVA3cWVIVGRaVDRZZTBDYWRHTk5uSjRQV0ZxZkRQNHRuNTFBblZaOW5xWFdfUG1VcWxpcnZ4c0dhWFp5djdnZmNrUEVsdDM2d3UtQTNEUWxMbEhybGNKOENlbmVuQjdwQVE?oc=5
2026-09-12 18:05:02,BRK.B,"Berkshire Bought BRK.B at $487.98. At $510, Cash Deployment Is the Bet",TechStock²,https://news.google.com/rss/articles/CBMikAFBVV95cUxQUGFteU5LNmh2UkRkcUxvR3dkVXBrX3VxeXkyRjE0RTRHSkZra3lzSWF5SWlQSGFpQ25uTG85M251d3d5dVlfOUVEX2xuYU1TNUc5aERoVE5NRmdqQ2JXbXozaW5SN3IxYWt0dHBkZjV5WWhWdVJYRGxsUVNEUllWbzZLdHM3dFhfa2REU0IwZkY?oc=5
2026-09-12 12:00:00,BRK.B,"Greg Abel just spent US$20 billion at Berkshire Hathaway, ending 14 quarters of stock selling — Alphabet was the big bet",Yahoo! Finance Canada,https://news.google.com/rss/articles/CBMifEFVX3lxTFBmN0dUSHp5N09uX3kyek9INUhEYi1tNTBaS2htdWxkYVhENFVTU0VMakw3Qlk2YjcxUVFDcWVjR3loenRWZXFKT25kM1V6RDJRMU5CcnhMbXdoOElha1FTY3hiRkhxdUF4cnVKbkVQbG9tRXlwUU9vc1J3VHo?oc=5
2026-09-12 00:50:00,BRK.B,Berkshire (BRK.B)’s CEO Says Communities Are Fighting Back on Data Centers,Yahoo Finance,https://news.google.com/rss/articles/CBMikgFBVV95cUxOaThIZjZUYXUtMXpGS0RxVVU3LXFFRzgzNlIzdi04UHpVQkpCMW4xRy1yVkhCUkRuSzBLdVdwSE9NUFhKQnpHYnpEZ295WU9NQ2hheWl3eEs0NWJYb256STdkZGlXODRUb3lnMENITjJwRXVSNkFoM3ZuSnhVNE9rQnM4aTY1LUVXZUJGRjhKX0RQdw?oc=5
2026-09-11 19:30:40,BRK.B,What Does Berkshire Hathaway (BRK.B) Leadership Shift Mean After $82 Billion In Buybacks?,simplywall.st,https://news.google.com/rss/articles/CBMi5AFBVV95cUxOZXF5b0hsVkk4TUc3TTRvMDNrQ0ZMdG5tTXRLcDU4bFpZNEgzT3AwZE5sQUhGSWt1SW1fQ0M3bFI5U2ZNaXNFVWl4aTlKbVJWQnBTZUVqcHQxcFdpWDFtaFdjUmlsU2VBWTRqWFUwQWczamdSRTQyX0ltUVpfY0FxUk05OEpya0puVnExaWxXclNoWDV3TDBjRWFhdl9QWm84RlJsTVhCYkQyUEYyLUpXWWt6TTZnTDVkWjdUWDI3cEJjLTRUOHh0MkJ1aWlxV3ItVUJ4MTNWMjBtTzBUWWRsb2Y4TXLSAeoBQVVfeXFMTXZiN3J5dGt0SmRpRWo0VmhWTEhTRjlSSEtTQ2RoOGR2MEtiMXZzdWxjR2tWWXRWQ1ZjR3B3NENlS3FLNXhleUgzb2dabm5FRWQ1Zkd0cVJIa0xGMFRJWVBFTjV1MnBDeUQwd0NRSDRWMW5FellLV2llUjNFbFNCalQwVnRCcGZuTmp2N2ctOWQ3T01iaU8teVVCcWtBUnA4ZDdfQ3M4ODViUXRzbGpxdHgtU2FvX2wxdnNIcFItU1preXNhTWoyLXJkZE42YXBkYUxIS3NmRnJ3VzFUdUZDb0NkR0VGc1NGemJ3?oc=5
2026-09-11 19:15:00,BRK.B,Greg Abel's Berkshire Hathaway Repurchased $4.5 Billion of Its Own Stock Last Quarter. Is This a Bullish Signal for Investors?,The Motley Fool,https://news.google.com/rss/articles/CBMimAFBVV95cUxQalpPUkNYc3BXRzdFU0duVmt4QnNQQnBUWVU2NmpxMGxTOE9JUFZtQ3E1NmtSWHVlZXN5QzNHeFkyLVdhNmtiQ2J0YnVkTDduYWo2QkJ3UlNfRXJ2N3FSdmJZWk9QNXZFNGJTRkc0QWtwbm1mUGFZUDluOHp6T1NkN3FNTzYzTDlUSkJQczh4WnVVTFV6aWNJNQ?oc=5
2026-09-11 18:36:33,BRK.B,Berkshire Hathaway (BRK.A) Could Be 19% Undervalued On The Precision Castparts Rethink,simplywall.st,https://news.google.com/rss/articles/CBMi5AFBVV95cUxNelBlR3BPLTFoUnIwLVF1ZmhELVRXMDZudl91OGRlem8tb2wxUXZmRktPTmQ1ZjI2bXFYdXdNUkFMWlJFaXRELXQtelZySUxZZzF3dEVUdHJ5ZXN2QmpFS19KUXN0VTE4Z3ppOWhqR0pXcmNOS3h2eXRJVGtMU1pfanZGb0pWXzFQaExTaWwzZzdSd1JRYmNpWDBfNU1BeXdJUlhaam13R1BKOTBzUGVtYmFlMWtONWpFVkNmcEFyTVdBTDNBUFFZZkhhQmp1R3V5NUszSFdCQWFXQzlZaDBwYnlpTUnSAeoBQVVfeXFMTUMtWlR4ZUFsNUV6UEdlUzRfdDE3SGtUZ1ctTTFBaGdfb1hJaWZ3RWVvRTVxZnZJdDdJbDR1c3FiSVB2VGNwajFPU3lYQXhYdGIwdWd6SHc0bjNoOTcyS2hmbWJaLVpOd1BRTnJPbG56Zjg2M1dwY0RnLS1IRjBHa1FBX2dRUm5iczNBbC0xUTNOeHcxLWNaWTVBM09XRC11QlQ3RkEtazJTRnZNRGQwbDBMRXd6ckp1el9jTUthZGxmajl0VFhJdG9RLXNlZzhnNW9Za1hqWUNsSDNoRzMtSHh1SWttRms5cE1R?oc=5
2026-09-11 18:35:00,BRK.B,Greg Abel's Berkshire Hathaway Repurchased $4.5 Billion of Its Own Stock Last Quarter. Is This a Bullish Signal for Investors?,Yahoo Finance,https://news.google.com/rss/articles/CBMiqgFBVV95cUxPY2dCQll4aTUwQnMxM0JvamdKUUxGSlBfX1B3Y3BPYnoySjZ6Uk8yWHp4Tmc2NFpBTjFQb0duYnRrdHFZcElvNmhWdEd1aEpIZlVBTnd1RmtGX3JHTWlWZnJYaXV5SjUxdEtoS0l2akR1RzRRTDQ5dGpKRHRicnNRY2dUNUxWckR2bUZHRFNibDFQSUVfVVZPV1p6eFlQSzA2RG9jN2lZWnJrUQ?oc=5
2026-09-11 12:51:00,BRK.B,Berkshire Hathaway vs. Lemonade: Which Financial Stock Is a Better Buy in 2026?,The Motley Fool,https://news.google.com/rss/articles/CBMiyAFBVV95cUxOYjZNQWxUM2loUjAzUThZU2xjOHNXVzI4MDhEQnVRTU5vLTJfNm9JMlY4TGpDckM1YW1nRkMwd0dtVjQ0U3NGc3pidUt5WVJUYlJJeE1aaW5FN29oUG5vbFB5X3lzVi1POTRaQWVMWGxLUFBNX05RdjdGSFFKWDVHajJGS2J4NU53YzFEVFdFOWtRT3NpcWpDenB3OEpFa3lvY2tlaWJVd09uSTl6UnNpS2ZtVXM5UWxucTJPSDhrLURLYUJDTEE3UQ?oc=5
2026-09-11 12:11:01,BRK.B,Berkshire Hathaway vs. Lemonade: Which Financial Stock Is a Better Buy in 2026?,Yahoo Finance,https://news.google.com/rss/articles/CBMiqAFBVV95cUxNZ0F4OVNxQWNMWHl6elFmV1JXZHg5dTFUbzMxai1EbVhCQTIyMEZSMTBaLWl4bnpXQnZfdHZMY0pJdEplTjd2SjZWVXhGSWZuVmQzY2tRUFY1eVN4SkM3d1Z2Sk5GQWg1UWJwTlF5eEtraC1KVlAtX2hrOXZDcER4VDdWeTNlS1JDTEVsLTV1SEJGMkVYYUtvbEFYVjJNZmZBR3Y4WEhWVkY?oc=5
2026-09-11 11:34:06,BRK.B,Berkshire Hathaway stock edges higher as portfolio shift highlights Alphabet stake,ad-hoc-news.de,https://news.google.com/rss/articles/CBMiygFBVV95cUxQeVVQbnRjekRpMGM3RVdQTDZKSlhyNE1qZDg5QUtqWHFNc2FzTmI4V0trbVpKWk5oV2sxNklmWnZvM2pCZVBaMlp2NWdWVjhUOHkyc2hONkNnNmYzMFJVM1NDT3JKZlFTUnBtSnFxaS1GUUNCVHJWZkhkMTQzb2x3RlBOWUJ2VVY0dFFtUDNhMUppZXVkM1ZscS1jT096TER0dGRLdnlEalFlc2E4TWJ5VmFzbmhELUVldEFwMndrS1ViNjdaT1hiR0hB?oc=5
2026-09-11 11:14:01,BRK.B,"3 Stocks Berkshire Hathaway Owns That I'd Buy Right Now, Including One It's Selling",Yahoo Finance,https://news.google.com/rss/articles/CBMingFBVV95cUxQeUxNWFF6WmY3d0hpMEo3ZkZRSVpsYUJmWDVibTY2X0RDaHJwN0pMRmxOWm5IU3QxOVNDQjdfZDJnNnNGRklLTE13NE5rdHBNZF8temZ0NGVPUHNsTXBzWFA0NUJMRi1DWlkzVThOYzJDNXZ3UDE0WjRQeC1OdDRhYXJ4TlFGaHo5M2VmU1lYNlAzWmZOeWM1NGVkMVozQQ?oc=5
2026-09-11 08:04:02,BRK.B,Berkshire Hathaway shifts strategy under Greg A...,Pluang,https://news.google.com/rss/articles/CBMihAFBVV95cUxOWDgyRTJzOERGTGUxZFVOS1FQT0hualhzZTRIeHJnWkdaa296Wlc0SFk4VEctazdfLTRJX3cyWHUxLXM1YkxlNktUWlNOdzJ2SzZId3RqN3phX3NpMGlNUXl4czJ5WWs2Ml9SekdVdl9nNW5yQWdST05RbHRiVjdaem9oUVA?oc=5
2026-09-11 07:51:00,BRK.B,"OMAH: Berkshire Hathaway's Cash Pile Is Moving, Collect 15% Until It Shows",Seeking Alpha,https://news.google.com/rss/articles/CBMiuwFBVV95cUxPd1pRdkpKN3cxV2RULUxqMndjcHFxZFA2cUg0NGNYajdicWJ6NENVZGF3bkFYR01DVklJcWhyU1VWaEdmQVhSUDBfWWxhMEx0amV2WlFHVlY4NGlQQkxyRVRQN3IzNGMybjJ0MDRURTF1aDJmUVc5TnZrbHdSSWFaY2Zpc1ZFNFlET1BPRGQxNjJPRWFFdFFZZXRTeG82Y3poQ3JCNGZ4d2FDQ1dWcURESVg1UjJuTWNJbWlr?oc=5
2026-09-11 06:15:00,BRK.B,"Berkshire Hathaway Has a New Top Holding, and It Dominates Its Market",The Motley Fool,https://news.google.com/rss/articles/CBMimAFBVV95cUxQSEotWWFfTllVbEQxSXVtY1FLVjFOb2h6YklrbWdqNWJ0cUJJZWVhMVlmcExNcTk4aWxnNmhfLWkweDRMc0MwckJFaWU5eG96RnA3TUR2a19HZmRZUGpuX3Vvb09ScGh0S1lCbHY1bG5YaVh2a2lYRDlJc0ZWdnBaNVVSQnFaYy13b2lGazhLRjNoLVlxbHgyZQ?oc=5
2026-09-11 05:35:00,BRK.B,"Berkshire Hathaway Has a New Top Holding, and It Dominates Its Market",Yahoo Finance,https://news.google.com/rss/articles/CBMiqAFBVV95cUxPNDVEemtnTzBCZWV5c0JoSW9XS3Y3Qzg3VzYzZGQ5SXRqZW1HV1U2elNlejRsQXZDVm42V1hJdkxMVklyTGlqVzdPOWI2NGtLSWtxVHNHT25VNmozVTc3dERaS2JrdnBPdS1YeXh3NEI2UldNazNYSDhLMGFoVDVCU0NlU0FnMXFWWGpiVjRlYWQzQWgxMzd2Szl4ZENQQjVhWWFRRFdmdkg?oc=5
2026-09-11 04:38:23,BRK.B,Berkshire Hathaway stock heads into the open after a flat close,ad-hoc-news.de,https://news.google.com/rss/articles/CBMixAFBVV95cUxQdXZwcU1PNlJ2WmFJbkdGcEp3c2RTQ1RBNTB4WV9OZ3N5eEY4aFNtOHN4SWJCUloxbi1xcF90NlJReG5MdW80SUFtM0ZmejVRYllwa1pGVnpMUEJ5REZZZVprTW5fbUFJajdDeDhyZTlqSXFVNjV4NnVwTW9zQzVYZFFGWUNpVHZOTHVfM0UzYmVNbHlRQmF0MHZBVDdrUXEwZVJKbWpxNWFwVTBwWmxCNmJYOGhCbTZ5RFp3MzFSOVVsNEY5?oc=5
2026-09-10 21:29:47,BRK.B,Berkshire Hathaway boosts growth with resumed b...,Pluang,https://news.google.com/rss/articles/CBMijwFBVV95cUxPaG5jYUNhV25QRi1nWl9GUTZwZUpkZklCcHdMYWNGSFlRc25PSXUtbGItM0FyUTJSOGNxWG5jbVJGUGZiZkNFNmFjRWJkZ2ZKTDdtMnhsamFPcnFoX3Q2bGRXMkZ1dldONXh6a2pQVklGdlpOZmZwcmpWVV9jLTBKNWhxLVRFa3liRXpDd3VzWQ?oc=5
2026-09-10 21:11:15,BRK.B,Berkshire Hathaway: A New Double Compounding Cycle Starts (NYSE:BRK.A),Seeking Alpha,https://news.google.com/rss/articles/CBMimwFBVV95cUxNZXZfb3Q2UDNwVmVLUmlzVkhiQjVoZ2lNdmdzR3ZNclQteWxoeTJvdzdUMzJrV2ZXV0t5YWlIeUxhcFMxRFBMUlZBNmJnemhtN0pHTmlBSUVpMjlUdWpNMGxMeGhTNzBrV1NVZjJoNWNhX3BJcmN6Yno4YzE2WVB2TWROTGpXMVVBd0JLaF9WRFJLMFFSaWpFRjcxYw?oc=5
2026-09-10 19:15:55,BRK.B,Berkshire Hathaway: A Downside Protected Call Option And A Hedge To Bear Markets (BRK.B),Seeking Alpha,https://news.google.com/rss/articles/CBMitwFBVV95cUxNeDRrWGdLT0UyYnRtTDdEWEtJQ1c1VHliYml3Z1VSc3VUR2RkbFBrWk9meGtQcHJwU0VRbnh1TEFyR2VUalJacDNJMmxUR0E2VHBUSWpwSzdMdUM0N21jOHRUZ1ZjclMzbVJXS3IweEJlenJhYloyN2xWQXphUUtJYmxYMEc0QUd2OVA4dmp3NmU2dUJwamg2VnJCbm1aeXBoc01iNlNiaEwzWlhvSlc3MzJ4cjdkdnc?oc=5
2026-09-10 17:19:46,BRK.B,Maria Elvira Salazar makes significant trades in Berkshire Hathaway and Chubb Limited stocks,Investing.com,https://news.google.com/rss/articles/CBMi4wFBVV95cUxOeHMxYVBOYlN6bVpxSzNxS2JJbkpnWmpQR0JQT1YzbzRXY2FvOFVYbldlZ0g0UWZRXzdYaEF2eElqbG5TS0NQbjFTQVkzY09QaE9pZWNlRlRReDJCNzNyMzBNYUVOa2tPRnE5MFR1VVh5bW1YZnFLSW13VXMwbDljdDBtQWFBRUtqaEtWVlJwU0pYTjM0V1djQ3VjS3g1ZXItYXlfeXplSG1sS1lNZnNzWW1lUVdHVWRfZTFVdWFwSEFlV1JoT3NQYVIwdm03RUd2SEQxVEJwUm45akUzUDBZSXFnWQ?oc=5
2026-09-10 17:13:02,BRK.B,Maria Elvira Salazar makes significant trades in Berkshire Hathaway and Chubb Limited stocks By Investing.com,Investing.com South Africa,https://news.google.com/rss/articles/CBMi-AFBVV95cUxOOGpzOFJRVlNCX3JORXBBcnhXTFo0N0h6dkhaZnhhY1VQb2tDSVlEMExvWFVpV0tORm45LXlNRTZRUENYaEZrWjRVdzNzWUxza3dxSHI1cS14amRsWHVTXzVXemZBZHJQbHNaUVZrTXU0VXFPSERoVDBBbktxQ1hYSFVRdlZSblhyQkFWWWkzUFdycnNDdzh2VExJRHlpRW1UUk5FU2RlbmpnMi02aktjQ190QWJRcDBaazBOV2thckIxVE0zVVV1MGcybWVMNUdoOGp6SmpfeUFwU3A3aDN1VlJhZmhzR0Raajc3NElyUFJ1dExRQnBhUg?oc=5
2026-09-10 17:11:54,BRK.B,Maria Elvira Salazar makes significant trades in Berkshire Hathaway and Chubb Limited stocks By Investing.com,Investing.com Australia,https://news.google.com/rss/articles/CBMi-AFBVV95cUxQNEN4d245NHhKMWNrWFliRHp3bUxOdzk4SnVHaDZwT3B2RnlCcWtGMDRYVlByVWRrQkE3UW0yTW9RamdzYXZheG14Y2pwLWtMSEVWYzF0YTc3dXFBNC1GcjZxT01DT1FlcFRwU3dUOFZ2XzhfNXBVSHNtM05JdExaWC1GR05CRmhzSWY5Yk1PeFBCVG9wRjFTT3BTYy1uQTRWemkwYTIwUlhxVW5SMlNWM1JqV21haUFUWEsxYmhmZkpjN2lWeGMzYVJLMWlwcnpHeVN3SXA5WjJlWnVkRFkwQmFCdHhJR1JmQlhVdjhvV0lGVldKRUJQZg?oc=5
2026-09-10 17:10:22,BRK.B,Maria Elvira Salazar makes significant trades in Berkshire Hathaway and Chubb Limited stocks,in.investing.com,https://news.google.com/rss/articles/CBMi6AFBVV95cUxQckZTY1BQcm5aUFhvbm5SX2ZibjRkWm9yMU9VYTN6NkE1SlRpS3lScWlKVzhnbnlIcEg2ZXBWbkxCVndDRmQ5QVc1a0haVG52Rl8zZXhNcXVuRktuVGFMNWl2OTFkTzFmZ1g1RThDY0RmaXByLTA2aEE0YTJMUmplaTNscE5mRl9GMVhRQVpvMVZhdkpTc1ZvVXo4TUc0SWlSZXU4TXZiME4yenZBamJ5X01QUGxfUVpBR25BMTUzSldxTDJmU0pNckx0TUJvdll0dEJ5Mm0yOXRrak1rWkQxbEdLc0dpeF9J?oc=5
2026-09-10 12:31:21,BRK.B,Berkshire Hathaway stock holds steady as cash pile and portfolio shifts draw focus,ad-hoc-news.de,https://news.google.com/rss/articles/CBMizwFBVV95cUxQWGNjNE9CUjBYQmNYOWRiUmlTWXpUb1ZYaEkwV3ItazNHQWdtaTlQT3BiV190S1dXUVE3LTNiRFdLMUtERGN1MFh0VVlwRTJzUV8xSUR0QXVTb1dBTlhDM2toQzFVaWNYV09FVGsyTUt6cmdwNTBubmFsT2tPUWFlRm1NbHVsMUFsVm1XZTZvSXkyQV94RndaM1c2TDNoV2FBSzFZSGE5Y08ycVViVWxJRElvQ1d5TVZtanMtZEk0SzBHd1ROd2ZFNk1oVEIzYjg?oc=5
2026-09-10 04:14:04,BRK.B,Berkshire Hathaway stock heads into the open after a marginal loss,ad-hoc-news.de,https://news.google.com/rss/articles/CBMiyAFBVV95cUxQVE5aRVpuQVZ4Ym5mSzBMMWF6QVZkdWVQa1FTcC1lZ2pvMFR6VkxRVEtIb3FlODJWQVNsY2hsMTJjYjdDZWlueDhvZmlVdDJNak9QVE1CUGdKQkxySjNIRlptZWx6RU1kYzM5OXdSSFcyMFRPQ3lIb2lSZDBDNlllWVpNMUVYamh4aVZTVWR2UmRxc2h5Z1BTSlE1ckxESV9hWFVHTDdMbktkRFBHUVRDYndfSUxtcGRQei1qQXh3TUhfWXlRZ1cwbw?oc=5
2026-09-10 02:40:17,BRK.B,Could Berkshire Hathaway (BRK.A) Be Sitting On A $100 Billion Precision Castparts Unit?,simplywall.st,https://news.google.com/rss/articles/CBMi5AFBVV95cUxQYUJFTk15SEYzUHRDeWZkWHA2amhoaDU5ZmFPQ3pDNXBGdEY1VGVwN1RlaHFZMUI1Zk5iMlJ0amw1dGxqR2RwbmtMY3FpTUQtNnhaUWV2ZlNDd0VvbkhFbkdKQ3pxa2E3WldQYlYycWJqc09TMnBvSnlxMm5XWEpOaHdYOS1PYjgzdVB1TDg4U0FReHJMSnBpYnF2bG01N29leGdiOG4xeWVUUVg3VXU1OVdUSnVtcER4ODcydW50eVZUMmxzNDlfYXRhVHVGQzNiYWZWdTJveGVvUkZtbUxkbmhFM2rSAeoBQVVfeXFMT3ZFVDZlSEVkRTlncmZrc1lFNUpfSEdncjdqeUExZENJZlo3RW1kd3EzYmdHbEdNUUZYLWZyTzVudG1kN1NYUXNVXzkyUHR1b1NDWXVLRUZlNW84eGJZU2dVZlk3WTZNY2IwYW1LZERDRGxCT2dieURYTnRmRWtRbFZabmFuamNXc0dRMllHeFVMM3dBZlJtekhxdV9wR2dJUkFfcWpyT2M4cVRoaUVmaG44UXk1TEMxRTQ5TEV3SzFwMldTajFrMHN6TV9aQVVMNkc3NUZvWklBUVhKclhPNXNVWkVXdDd0MG1R?oc=5
2026-09-09 15:13:08,BRK.B,Greg Abel Says Berkshire Is Bullish on Hyperscaler Stocks as It Doubles Down on Google,Barchart.com,https://news.google.com/rss/articles/CBMiygFBVV95cUxONTJDMnVobF9oVU4zZTZTRFRyclFXeUd1c0xxRWF6dHgxVFVkSGlxSjBjSnFCMDllT1RMQ1hUbDNLa1ktMmpvUm9iYkxoTlRrSU9EOU9wcU1TWWpQOHBJeGRPQjlHRXY3UjA0Tm1RU0RJajFVQUNBRC1TZno4Y0J2THoxcXFLS0w1cTgtRHJkZGdzWFc0Wi1laXVYRHpMcHg2SnVjeG9wZGE2dmwxcnhEaWRkTGFHM3dET3hfMldjcm5IVldlLUtKZXVR?oc=5
2026-09-09 14:19:28,BRK.B,Berkshire Hathaway shares weekly forecast: Rally runs into overbought conditions,Traders Union,https://news.google.com/rss/articles/CBMilwFBVV95cUxNQk92WEQxYUx4WnZWTzR5dl9TZDFKWXVpanEwTmdTQUNMeHh0Mlc0RjBrS2ZkbmdvcE5peVhpTEx1TVZ0TlhTYlpFX0E1NUh0NWV6SXRTRlRkUGxmYTRJdFk3MWVWVkZibGt1cjlXbXQ5a2lNYXA4TWZoeGpUVGZkZ3NUTEM0ZUxqRF9KN2gySzVRQnprOVhJ?oc=5
2026-09-09 13:00:06,BRK.B,Investors Heavily Search Berkshire Hathaway Inc. (BRK.B): Here is What You Need to Know,Yahoo Finance,https://news.google.com/rss/articles/CBMirAFBVV95cUxOaTNVNmpLcjBuNDNqZGV6Tk4ya2tlWUZXdGFSS2dSUjFnMjBRREYyVkVUcnRlSmpEWkw3WFdVQnRUVW9VQ3gtZmVwTVk0WjM0cG9LZE5QZ1lEcDBfcHNCaFNEa3FTWXlzYXRObE1Za1BGelNmU2w0eWNBVkRxSlpiTW1XOEhXSTRiMTlhTzFHcS1DbUlVU3R3Nl9va1YxeTN6aFRsUG5fMVNxUlh0?oc=5
2026-09-09 10:31:00,BRK.B,What's behind the renewed interest in Berkshire Hathaway (NYSE:BRK-B) shares?,kalkinemedia.com,https://news.google.com/rss/articles/CBMitwFBVV95cUxOelBiYWNGMTFaTnVtTHJQNnZ2T2stLUxMdGQzYVVUM1VxUm44M3pTLW1sejRMTmVLeC1KcV9vZFFSa0xOcGxESmREZGFYUmREeFJ4VlQxdlROMWg2SHl4WFdzS0p5WVZMUEpsclBjc2NzMHhWVlVzdlZfVnIyUFp1ajYwZXNFRUs2Tm9lZlhxSDFadDhlTnoybWl0Nks0MUFuNzczV2lpaDFaTzB3Q0FFVXpZOE94d00?oc=5
2026-09-09 03:30:54,BRK.B,Berkshire Hathaway stock heads into the open after a 0.4 percent dip,AD HOC NEWS,https://news.google.com/rss/articles/CBMiywFBVV95cUxOLTBtWTFGekF0bHRndVFiNWVvd0dsQ3JpbnJsQkVoSTZ4d1NzcGkwekxZY1RFajU5OUxORnRFdHQxME84U3hBMHFfTUJodl9CYXhicmt0ZVliQnJSbzRfeDNYbUlhOVhibTNVbnFyZkxMYkFBMUZiNTJwejRQblhQQWNzdTcyTDRzczlnMFoxbkp6V3RmbHFXVVA5RGgxaEpLN1R2ZWdYNnozM1l6WThFSFF6UTUzLTd2Ujd0bjVsbFVfUGRBUTNFRmZwUQ?oc=5
2026-09-08 22:55:10,BRK.B,BRK.B Sep 2026 530.000 call (BRKB260904C00530000) Interactive Stock Chart,Yahoo Finance,https://news.google.com/rss/articles/CBMiakFVX3lxTE9mdmxBMmNaTmtWaDhIbll0RVhLY1pIVldndXR3XzRCdU9rMjBrZW56a1UydW42Wll6Wmh5eFhNVm1TLWluUWF3b1VmcXpUTmExNldJbS1UQUE5U1Q5Z1VRQ3ZWbVJXd1FzR2c?oc=5
2026-09-08 22:19:04,BRK.B,OMAH: Likely Winner Along With Berkshire Hathaway In A Mega-Cap Growth Bear Market,Seeking Alpha,https://news.google.com/rss/articles/CBMivwFBVV95cUxNZVRUYS1EYmV3ME12VjNyM2NJaUF3SHF1eE96TzdVLXh3X3BUcVc4ZDVVd0l1a1FZcHZhTUJHMVlBckZ0ejJmaGh5S3RmeFVkME5lcER4cFlGaGwxVHljeHJGZ1ZfbEJodTh6b1RjVzlTX09TenYyYzJlSGNnLXBLdzdGLV9oaGJPTnRFWVphY2wzWS00cGxZSm5yUGduZjE3UzZZempWcXZEbElHeHJxQ1FuVnFzX1dCaWhTclpCMA?oc=5
2026-09-08 19:46:51,BRK.B,"BRK.B Oct 2026 510.000 call (BRKB261009C00510000) Stock Price, News, Quote & History",Yahoo Finance,https://news.google.com/rss/articles/CBMiYkFVX3lxTFBlVUQ0VzFtaWpWbnkyUkJzMHpRNC1xbTh0bXlPWnZCdkdCM3Zlai12cG5Ib2E4TGRtd2dWRFBON2lnNWtEQzQxdXNfMlBjWWRhVDFvZ1lqN2RiZVhCcGt1d2Vn?oc=5
2026-09-08 18:51:54,BRK.B,What Berkshire Hathaway (BRK.A)'s AI Buying Spree Means For Shareholders,simplywall.st,https://news.google.com/rss/articles/CBMi6gFBVV95cUxPMDJfNXF0QWxOTzFBLW9kVDI2dWZFUlpCdmxHYTR0dGpwX05jZ2wxMVpjQU8zSkFzZ1hpUFhORGVSeGRmWXBqWWRzSkw0ZVdNWXY5WXR0MVpvS2xqY0ZZSGJ4VEV3OGFNQzMyc1ZBQUtvSElRb1FQaEl5SER5ZUZoUEh6NzJ0OTQ3aHhEbjdYRXRzSFpvZUsxRDJ0TG9iWjZJYm5tTno4bXhVQVhjcjlqXzNzVjkzVjV2TXN5SjJoTWFUUnhKc3Q5Szg0bWlYOURxS2hwRElKelpCNFFvaWNwY2lmRXg4cVRuVXfSAeoBQVVfeXFMTzAyXzVxdEFsTk8xQS1vZFQyNnVmRVJaQnZsR2E0dHRqcF9OY2dsMTFaY0FPM0pBc2dYaVBYTkRlUnhkZllwallkc0pMNGVXTVl2OVl0dDFab0tsamNGWUhieFRFdzhhTUMzMnNWQUFLb0hJUW9RUGhJeUhEeWVGaFBIejcydDk0N2h4RG43WEV0c0hab2VLMUQydExvYlo2SWJubU56OG14VUFYY3I5al8zc1Y5M1Y1dk1zeUoyaE1hVFJ4SnN0OUs4NG1pWDlEcUtocERJSnpaQjRRb2ljcGNpZkV4OHFUblV3?oc=5
2026-09-08 18:37:55,BRK.B,Berkshire Hathaway (BRK.B) Could Be 36% Undervalued As It Puts Cash To Work,simplywall.st,https://news.google.com/rss/articles/CBMi5AFBVV95cUxOR1lhWEs1SXdTNzNfRmdUQl8xaEY3STFBbjVJZXIyTlFPUXhmOEp0ZXdjQXlUZnFUNTVjV0pQb2JnZGF0aWF3Yl9kVjhMdjFMclhRTlRYbU1uTG9nSWZUQ1BTMmNuU3FTUlNZSTF3a003dE96OEk3VnlHUTlpeUY1eEdhR20yakRLNzhCT3JZblQyeEtka1lDbVAwcWJiVUo5eU5pZFA0TDJuRmFSR0NvQVJSMmFmcUtyMjBHNnFTZTJ0NjdOem5QZC1PNWMxMUpVeHBBTk1LV01TZjhtWWs0T0lvQWbSAeoBQVVfeXFMT3hHYlVKeWNvLS1MNzlKeVVEbFJEMGNzVnRObFRmdlJwcTU0TW1BeFNRTnRvZHgwbXJONGViZ1I4TUtZWEVEZEJHTjVRaWdoQzB3U05HWjU4YnBoR3Bkd0pxcmRxQjJPZGtva0xPYnBadndqelBTMVlWaTlCcG04UEY0b2RqR3IwSDZOeG0wMm5Lb1NWZDZUamtKOGVQSkp2djZDX0EyYnZ0eGFMdnpwMW52aGh4VldHdm51MmQ5bVdMeXdVUU5SRjk4RDVGc2ZnaVJaUFRHMV8tRTZuclc3bS1YRGNMQ1ZBMnBB?oc=5
2026-09-08 16:17:43,BRK.B,Alphabet Announces $80B Fundraise With $10B Berkshire Hathaway Investment,stocktwits.com,https://news.google.com/rss/articles/CBMi2AFBVV95cUxPQUhiY3FzNkE4aGpDOGxjeWZKTjNidlRrTnVlNE1NQkt6THJnc09kLVRqSUtZbEdTeUp0b2M3RHNSSzFteE9GZ0tHVmtuczZVNkY0c29fV2hIUHdia1BFaTdCM2VZQ2pWSjJPaVhXSUNFTzhJeVVWOER6SnlJNVBwb2psaFJQOEFFaUt6MjlRU1ZuY2tfWnJac01FMXhVTDl1YWt0OGw1U3VYRGJSM2QtVEVpYzEybW1POXFJMHVjTEg1V1pLU0JBR3ZqZ3pKSHJCNk1abFROSVo?oc=5
2026-09-08 15:12:24,BRK.B,Berkshire Hathaway stock holds after strong quarterly earnings,AD HOC NEWS,https://news.google.com/rss/articles/CBMiwwFBVV95cUxOLUtPUXVMMHVmQjBwVktIVVVYdlJGVWFGTkxoVjdxbTRweThZSXR2bGZZN0JPWjBWZFY5R0VtV2lNaEV2UDg2b0hwM2MwRDBScGp2alVhTmpFdnNGNkdOeEtWWjdvOFFMMUdfZEF5SmEzODZKeUJiMzMtSEpLM014YmhIaExpaHZpRTB6R3hHQTFfUWhvcTAxZ3Q0ZXlEb2NKVWFtYXBpWWVwTTRvRWFYT2tHQnk5VlFtOUZiZ3hxQ3V6Nk0?oc=5
2026-09-08 12:00:00,BRK.B,Why Berkshire Hathaway Looks Likely to Invest in More Artificial Intelligence (AI) Stocks,The Motley Fool,https://news.google.com/rss/articles/CBMiygFBVV95cUxPUHFaWmduRVVyZDgyXzlNMWV4b3dsUnltSVR4Y3RWV21YcjdzNVBnNjh4S25tdEF2V3RrNF90OFk5Xzdrak04M0UyaWtidnlVenpfVW9DWEp3ejNBSGhudEdQNTRKQ0E2c1Z5LU5zSzN6ZUwwZzZWVEx4X1FLdUVMY09WWlRKUFctWGt3S2NNakltRzVLR0tMMzJwNGNrUmtlNnlkc2hwSVVTdWNvOXZjYTgxTExNdEFSUzRBeDhWOHVnT1BtUmFGQXFn?oc=5
2026-09-08 11:20:01,BRK.B,Why Berkshire Hathaway Looks Likely to Invest in More Artificial Intelligence (AI) Stocks,Yahoo Finance,https://news.google.com/rss/articles/CBMioAFBVV95cUxQSW8zWURTQTZEUksxRWJvUWFFUUdLMXppa0tFTThxN2VqNm5iaEwxUklzRlI4TVh3RnhqT2lnbWVpS3BMaDR3ZUVUQkhHSDZ4QTZ3YlQyYlV1UVB4cGwxbGkySlJmY1RHa1drTGU5X2VUV3dRcWpKQklaVWFzeUhzOGlWVExqNDFabTZHVERFNEVHZzFWNGc5d0lHQVl3a1R4?oc=5
2026-09-08 09:10:00,BRK.B,"Warren Buffett's Hand-Picked Successor, Greg Abel, has 68% of Berkshire Hathaway's Portfolio Invested in Just 5 Stocks. Here's My Top Pick for September.",The Motley Fool,https://news.google.com/rss/articles/CBMikgFBVV95cUxPUXBEYm5kS1JvV2dpM29PUjEwZlBrNmpMYUdaVXZURUVhcEROeEFHOUpLSEdaWHM3YTJBY0RaOFNOU29pTkxsZDdlZEZwNzlCRkJkNk5aMUJ3Z3RYWVZReWd4YjQ4QkJVZHRnc3dfOVY1VDE1eHFtXzFKaXA3Rng3ZnRpck9TdFNsSlRHVGQzSFRsUQ?oc=5
2026-09-08 08:40:50,BRK.B,"Warren Buffett's Hand-Picked Successor, Greg Abel, has 68% of Berkshire Hathaway's Portfolio Invested in Just 5 Stocks. Here's My Top Pick for September.",The Globe and Mail,https://news.google.com/rss/articles/CBMi1AJBVV95cUxPZDg2Y3FMYUJUTEdueGUtZ3lQdDFfd3JKNXgxQUtYQVFtZTAzYUNLSEEzTDVqbmV6ZktrbDdTTjRTSWJ2SlBSb0hJVVo0UUtBMnhfVkdtT1B1VDl3cldJRHJBdDhNTTg0ZnNETHViSGV2ZjE0UGYzNElwZHh2V0dGZjhpSXNXV3FnN00tdHNzbTFWQVNndnEtNDhkOUJJRVVGVlFyNFhoX2Nac0RVRGxUR2psd3hiWHlDalh4X0M2UHZGY24zZzdMVHZneUszVGNHRHNyWnBnUG5wS0ZTTVduVkhuenk2cEliYnZtempfRXgxSkRmakN5TjNyMEJETEhheG94dklYQWpEV2NGM0lhZ25PYkx3eFlyNkJnR3gyUW0tSmV4XzVZTjFuYnIzT000cWp1Skd1R0NGRjIzOXBHYnZYb0xmYzdTZ3Z3NWR2X2E5aXY2?oc=5
2026-09-08 08:05:00,BRK.B,Greg Abel Has 53.6% of Berkshire Hathaway's Stock Invested in These 4 Top Stocks,The Motley Fool,https://news.google.com/rss/articles/CBMimAFBVV95cUxNQnJkMzFNT1h0SHdFRHdDZVU5REdLX1hTOTg0bTRoY1FITjdHZUZ2NmxuMzhjZFNGWnAzcmN5cE05WlJwQ1NFMHJVcjNqSjlmQ0NscHh1MnRKOHdhNXpIU3Y0czhCWTJlWlNidXNaV1FfTmx6dzhYTjczcnktUjI2b2tKV2tNRFhFRllOdnl4ZGhqaDNDcTNqcw?oc=5
2026-09-08 07:25:00,BRK.B,Greg Abel Has 53.6% of Berkshire Hathaway's Stock Invested in These 4 Top Stocks,Yahoo Finance,https://news.google.com/rss/articles/CBMikwFBVV95cUxPeS1udWx3V3gzWDl4WFc4Yjg4NlI5X3BxN2phbXZ1MWR6Nk1wTEpVWE1wT1M5UEdiVnloS2hBUEtKVS1SNjh3bDUyTmZ0NGlTbkhaUFNzenczUTBMWWxYMzVJZWZnRDJVeTZzcklJRmlxaEY2dkJra0ZZWUZCd014YXNjSmttU1JvblpSTThyc2czc1k?oc=5
2026-09-08 05:13:00,BRK.B,Could Global Moves Shape Berkshire Hathaway (NYSE:BRK-B) on NYSE?,Kalkine Media,https://news.google.com/rss/articles/CBMiqAFBVV95cUxNMzhrVWlES3lpQkY2LVlkdnkwLWJyS2FSTWh5blRsWGx5ZjJ1eGI2WE5Hek1qVThRaHJwek43VzB6dkFoM3JNNDN3ZmNzMW1lMzdzM1VnSmJlc3dfZWc5bFpEdjFpQmFUcm1FckVjV1FjRW14cDFzZVd3cUc0dUFITHlzQ1F6MGo1U2V0dnhkQ0RyVXNMV1pRQlFaZk9EcVo4QnJxQU5mU1E?oc=5
2026-09-07 22:35:00,BRK.B,"Warren Buffett Told CNBC 'I Initiated It' About Berkshire's Alphabet Bet, and New Reporting Says He's Still Calling the Shots on Stocks. Here's What That Means for Reading Greg Abel's Tenure.",Yahoo Finance,https://news.google.com/rss/articles/CBMioAFBVV95cUxPV3hla2Q3ekU3QS04NEo5Mm5PVWt0dEhtSTV4UGd2ckFUQ19XRElkY3Z4N1pJT19BNnJoOFE3RDhpcGswazJnRERwWnBEZmRMRmk0X3lhZUMtTlh6a2tMbnNieXVOOWJfQk14VmdFMkxOcmtNM0RWYzZXNHhoMmpIQlpra0NQQnJmR2I0eFNtZE1URFNqOTFPRUNtR2w0Szh2?oc=5
2026-09-07 19:30:00,BRK.B,Berkshire Hathaway Owns AI Exposure in 3 Different Ways. Here's Why That's Not the Same as Owning Nvidia.,The Motley Fool,https://news.google.com/rss/articles/CBMilwFBVV95cUxPbW9TNko1NmFveWxsandELTBzUXFDa1BrSVl3c3VBNThRLUk1N1lDXzAzMUtiaFFXd1d3OWtIS0hzekJ1LTc1RzR4Qk5kQ3BmYkZaYzR3Wms3aFlLSjg1STIwcFlrRzQxU2ZIaURhWlhLbnM3QWtWbTJrYmo0ZnVUWUUyTjl3S2k2cU5Qa3ZaY0FxVmpsQXE4?oc=5
2026-09-07 18:59:01,BRK.B,Berkshire Hathaway Owns AI Exposure in 3 Different Ways. Here's Why That's Not the Same as Owning Nvidia.,theglobeandmail.com,https://news.google.com/rss/articles/CBMimAJBVV95cUxPYllEYi1kcHU1cTRqTjdpdm5kU1hNYU9RalcxMHdyUnhCdGVKRHZsQkloQUk0QnY5TEEzTF9QNkJNZ3MtTzFadnFwOVpOLV9KVXJwdkZhVkVEdkx4N0xHbHJqakJ3Tm9mczBoc2lqbTBlb0M0dEZ2OEd4YVVaTXpSN3NrVmUwMXlXbXhqb2hzWU9TaFQxWHJIRjFDUTB0WkpJXy1pOUFlVFZ4TUZCdE9fZHVXcjBRamptb0hNOTNibWczZkxuN1BOMlh5WnN5RnBRV0NSeFZjN25Ec1VhSlhRSzNiTXVXV2tKb19YZllkZ2ZSYk1GbmZRay1PTW9xSjBNN3gyYXBnU0RfaWFVZ25ZeHpBQ0NRSG1n?oc=5
2026-09-07 15:30:01,BRK.B,Berkshire Hathaway B (BRK.B) Down 3% Since Last Earnings Report: Can It Rebound?,Yahoo Finance,https://news.google.com/rss/articles/CBMilgFBVV95cUxQV25qdnhNWTZ6R0ZmeUUyUkFqdDN1OW16MXZrb0JJTUdySkhsRVhEanN3eVdWcmxlVlBFUnFfdWJTTEJMb19fTWpaY0owTmxVV3hpVWN3V3NaM2NFd2FsUVoxSzhBQ2JWYndYcVhEbW5fenF2TGtPeXhNSlBkM09BZm9GSEFtT2I0SEJrQ09faEJPVEZqMEE?oc=5
2026-09-07 14:00:00,BRK.B,"Warren Buffett's Successor, Greg Abel, Sees Multiple Ways for Berkshire Hathaway to Profit From Opportunities in Artificial Intelligence",The Motley Fool,https://news.google.com/rss/articles/CBMiiAJBVV95cUxNeUI0ellDYjBUUC05alNOLUVjOFlZODc5WlZ5b25xdTNoOVRPWG5ZM3ZGMHJMZkcxdEtBSGtvN2lCZ2dkU2RmUlBKSFp1blRCc0dVdTN4bXg0NUVHSmlGZ1BuMlZBclFmTHk0YWJyRjZaUmlrVzVzNGQ4aWNtRHhoN1NHWWFsT3h4Qi1ibnhSbzV4Mmx3QTRycFo2ZVNvalFwZF90UkxGbkpFUEZoVFNhYXByY2JBUXgzNUhwaHdTNEJUY1NPbDhaU2pEVzRhZXVJYWxOTlNUaTYyUFFzRUgtdWxnVTRxRlh3eHFUb2cxb3BXT21wODV2MzFJWUlhZmlqc0RFV1JwUEk?oc=5
2026-09-07 13:20:01,BRK.B,"Warren Buffett's Successor, Greg Abel, Sees Multiple Ways for Berkshire Hathaway to Profit From Opportunities in Artificial Intelligence",Yahoo Finance,https://news.google.com/rss/articles/CBMioAFBVV95cUxOUzlxZlVsblJQQWtVX2YzRjhkRUJpSzlnUDVqRkMtSWYwVDhONlE4MDRpelVkM0txM3BOU1lWbXJGNWZrc3NKRUJ1ZHdrRGVteG5zc3NBYWhQYk9UUWJ4Q05hbnVrakowbEw2dU1YTEtKaWw3WFVJRGVWMkVsbXJJQ1NEbUpMdXQzTUItX1A2RWxXdkdzRGhLOEp6eDFFdjJh?oc=5
2026-09-07 01:30:00,BRK.B,Berkshire Hathaway's Cash Fell From $397 Billion to $366 Billion in a Single Quarter,The Motley Fool,https://news.google.com/rss/articles/CBMilwFBVV95cUxNTDFvZ2NCUnN0Q0FHaGZGcDRNZ0xpVm4zWVhoNldtVGFLaW1PTHpvUTRleTVBNzVnQ3dqWS1zUGQ2RnNJYUt1cTVvdDQybklCSHFyS1pGb1lHQ1QtS29Mbi1UVFBvSnFHeW9zVVZYUkVYTVpCY2VSQVVoSWtDMlZpTFIta1dSV0RLVGlZMTRyVHpjckZfc2Fv?oc=5
2026-09-07 00:50:00,BRK.B,Berkshire Hathaway's Cash Fell From $397 Billion to $366 Billion in a Single Quarter,Yahoo Finance,https://news.google.com/rss/articles/CBMinwFBVV95cUxPNEJhS1ZzZ0RjMmlPQnhaRWFsX01yWm1qMnl3eHVlN2ZSbUpnWEhpaE93N2M3bjRja0pTTEpEU29ZVFdYbkZhYWxLSTcwenJFVTdGOVQ5UnQ1TXBTM09fX2NTZGZJRFRhV0kzcmVhWHFtSUhzZHl5allHRkw3dUZtbDVjYVhWYlphdlUzX1FMMUF3UTV3aThRWnlNUWpLT00?oc=5
2026-09-07 00:37:00,BRK.B,Where Will Berkshire Hathaway Stock Be in 5 Years?,The Motley Fool,https://news.google.com/rss/articles/CBMilwFBVV95cUxQNjVCTDAtRTJBbHZUSlpydllFbDVaWDNybnFPTXE3TlN2Zkh1TmJkUXAwMEVRQWktWF9QZHBuazZXR3QtQTFRMHpDYWo4QXFPUFhtbHYxNWdZeDEwSHhkaEVtX2g3ak9hYWNnV3hneFczbEh3TEVOMWZOYWU3anI3UlRyWXREMjZreklCNmJCRmFUWFhidGZF?oc=5
2026-09-07 00:05:26,BRK.B,Where Will Berkshire Hathaway Stock Be in 5 Years?,The Globe and Mail,https://news.google.com/rss/articles/CBMi0gFBVV95cUxPYVhvb2lHalVJM2VWRG5BcHZ1QU5CcDdKQ2NwY1lJM0cxNjFqR2F5SVlycExnV3dESnhuZExJZWZlUGx5c3ZsdzM0ZzRvLXlpMHBaems4OXhLa1RGbHF4LUd1TW05djBZMkctYmREYkZCNFR4bkpuSElTM05OcFIwZVhNT3RmRHJVV2xYeXBEaUJVa09zZzhEQlNkcENSSm4zQnlPYTFldUVZTUFBcGgyOUlNSjNpdHRGNUhsTnJJc3pDWFlkQW9veUl3cjNfMFlFOWc?oc=5
2026-09-06 23:59:30,BRK.B,Where Will Berkshire Hathaway Stock Be in 5 Years?,The Globe and Mail,https://news.google.com/rss/articles/CBMi0wFBVV95cUxPbkY4QzI1aUZCSWRTVHpWdEs0VlVtQ3BkSFQ4ZGZmN1VlU3pFUDdWRlNTWnM3WHY5QnVsQkV2dzcxLURVVnZlak5OTnRqbE5Hdm9YWXU2c3RzVFljSkdKTDBpejIwNDFWUlpXeFZLTXhNd1lBWnlYLWhFNGdOYTlORHhRSUJNVTVzenE3aTM5SkI0YzhMeEMwbFAtWVBZNlFOZkU0X1NSVEFiMHBJZ2F6aWhrMnlObkFFSm9vcHZSVnNTZ1UxTW9yS2Jtd2I4UWFvRG1r?oc=5
2026-09-06 23:57:01,BRK.B,Where Will Berkshire Hathaway Stock Be in 5 Years?,Yahoo Finance,https://news.google.com/rss/articles/CBMingFBVV95cUxOQXdRZ0c4RVlMcmtQN3JxYmlwT2JCcmZ3TjNwMVVJMnFXTlVMQVlWbXdmb01QN2loVWZUc2VBdGcwZWNCempocUY1bEhQZzQzVE43SmdLZjFleXY1b1A3ekZtNmdDM1E2NVdWWTJhOXhHcmtDMmxxLWdqUTRJQ0I2WTJPZ2Yta3Y5WUJjdEdjUmdrZ0laWXdGODBUYU1Wdw?oc=5
2026-09-06 20:22:47,BRK.B,Berkshire Hathaway (BRK.A) Stock Still Looks Below Fair Value Today,simplywall.st,https://news.google.com/rss/articles/CBMi5AFBVV95cUxPOTE2VGpmc1UyaTgtSW9keTV3MmRUZkIxQmN3OUpWcmRiVk9sVm1GRTBEV0pFN1NvOGVTdENhdGtMTHRIVDA3c0c2XzJ0Ri10YnQ4NkRNYVdlUmVEYzJ1SWxUajBWNnBrYnFKdzd4MnN1X1Z0TTFobTg2ektCcHNKcDhxRVowbjJubHhLRlZZX3N4ZDBnOFgydk9YbWNJZXFwUWtfVjYzTHpnbHNfejFHRHY2SkZwMVlfNC1MZ01HNGE1bl9XMGV3OVhQa0FUQWFTWGM4bGhXOFQ0SHljaXhHMTlQWU3SAeoBQVVfeXFMTmkyR2xpNG1JOWdCS1g0eUZqWXlXRWVYMGl6N1ZHZ21jbWdLU3VSYXl2SEliSFB3eFlkZmVxbXdpN0lLbEZGOXliUjJqVmJjTWEyNlB6UDZaTGx6cDgtTUhLQXF1djk4MlZjRmZPN2FubkZjMEtQMzFXRFZFQk50MXZud2dOSDhONFZkOENtVVZ0LURadjhsOWVDMDZLeExyYmxoRFdGQ294U041dW1XTkluSURZeG92ZzI2Y0o5T0JMVzZibFNlNy1WUVR6U29jTHhFbGJ5ZEttc0l0c0lxUmo0NGcwT2FhdWJn?oc=5
2026-09-06 18:18:07,BRK.B,NYT Stock Is Rallying After-Hours – What Is The Berkshire Hathaway Connection?,Stocktwits,https://news.google.com/rss/articles/CBMi3gFBVV95cUxNMEgtdVptMUhUaTJfRjFSWFRCcm8wWVh0dHZyWnFTZEFwRVc1T3hzLXNKLXNMU0hySEZyR3Q3QjBPVG90Zm5iMENGdHgyMnNUYUdfT3lPTHpjc1JKUFVza1lxbk03S3daTHdhNUdWRVZjS0FyMmJMakt0ZURYZ2pfT0NBNmtXS2JnVVFnSWhUZzZDV0ZDQnNCSnM2YkQ5MzhYbk1UNUQ0TExFbTg2Ti14NjFsVnZ6Y082R0FSVDBPRF81N19GLUZjcUhBQVNaT3JkcTBtODhBUW5QMURlb1E?oc=5
2026-09-06 15:24:44,BRK.B,Berkshire Hathaway stock gains on strong Q2 2026 earnings,ad-hoc-news.de,https://news.google.com/rss/articles/CBMivAFBVV95cUxPUFFZTmJyNTNTVk5JQXB3N1BNS3EwUjNqcDBZNXJoaDM3RTllenQyM1ZHaVJ0b2hBTTViQkR5ZkxLRE9CZnpPLVUyMGtBa05Ga29NQWZpTlNyZ2Z2VldYMDhPZXFzcXdobVplWkNBUDdGajN5X1p2ZHRZeUJOd3RhV3JMa0V3aFhDR0tPUEQwc1pVbzBPZ2xzcC1rMHJneFlLVXhEc2JrVFpSTHZDMExPQ2Q3d1J2SFlaOE1DYg?oc=5
2026-09-06 15:17:00,BRK.B,Warren Buffett's Berkshire raises stake in media giant,Yahoo Finance,https://news.google.com/rss/articles/CBMiqgFBVV95cUxNNHgyZHVwWnhQdUhfSkxBTmtEMWRjQV9ELTQ5ZUdoQ2dPd3JLZGZ4aWpWaWdIaC13RmlYY1dKSWFyd0lqYmJsUDVXMkhrQmZ5RTM3Q0t3SVNoOFRfVW1RcjliR2M1MkJhMFl1Rm95eTVxZENJQ3RmNTBOQ3lVb0ZYZUJFNlFzS2xBLTlnWGplQmlIXzFDbUppMkxqZi1YeHVtb3NKTm5SaElXUQ?oc=5
2026-09-06 12:17:00,BRK.B,Warren Buffett’s Berkshire raises stake in media giant,thestreet.com,https://news.google.com/rss/articles/CBMiqAFBVV95cUxONHZ6X01EZVB3bDUzdzdLOUwzMDZkZmI4MlI5SF9jdVF2R3JWZWFtMWJMNmlGTVlYTUFiSFRSd0pQeUJvNFZ1NHhGQ09tYTV2Qll4MENyQzNfVHNsTXFma1NLUWxBN2JSaDZndWZmdHhZZkVfcE5GY1hHUnpQRVVNQlhhOE0zTHRHYmU2VmpodTJJZlBJYnFBaTNwR3lfU20xWHM1M3BfTzk?oc=5
2026-09-06 09:02:06,BRK.B,Berkshire’s $10 Billion Alphabet Block Is Down $375 Million Despite Its 6.5% Discount,TechStock²,https://news.google.com/rss/articles/CBMipAFBVV95cUxQdGRHZ3o3RUJralpaZ3ZEN1RvR3MxcUd0QW4zQWxjRm81SExtVldQVkc3bExfaDl3a01SX3IzQWJCT3VndDhrS29BTVhhT200UnZoV19jaWh2NVozWWVsRGYxYUNiT3JVQ3JRYXNWRTlwVWRpRUZWdGE3R3dGbHNmNmJJbHBRWmlJTlA2OFRGS29wekMySnQtcG9tOW1lMUpORkxLbQ?oc=5
2026-09-05 16:21:53,BRK.B,Alphabet (GOOGL) Drew Berkshire Hathaway Backing For Its AI Leadership,simplywall.st,https://news.google.com/rss/articles/CBMiwwFBVV95cUxOTlNnQWYxT05rNGdmWWVMRm9taVlvdTNGRjNaRi1FWnZWUjgyTHYyUG1URGttS2ZFcmlXYk8yZnhmeWVDRWdMZDYxWGEtYWdzaVd2TFp3OC1oV3FUaV90dU5xTHk1OEh6bTNTU3p5akc1NzdhZFBVblNyQzQ3ZjN4V2NDUHdCdEdfMEdIcTJDbUxlekNTSzNlVkhLcDZXM2E4WENkNTJOQy1rTTF3MDVzSTZmU1VfYjM0RmxaMXdmazdZbTjSAcgBQVVfeXFMTlowLUlzMlhkbEwwWUMxb3RheXRrUzc1VjQ1cThMeTFtX2E5aUgtVVVDR3Z4M2phSUZfWFpKNmszNTFQOXc2MHI0aGhKOUhvZU5JQlltemlvb2pYQVcxTkt0enN1X0hUVjVRRE5vdDFvYUZYZnRBOXM5YmNPY3VLc3htVXQwSlZFQjFkY0xGRmNvYnJhYkdobVE5WFFjYk0xYmdxNzdMaFVkU1hKRHRxbC1KVmFXZmthR2JOUHNQcVdxZkU1UElzTUk?oc=5
2026-09-05 13:34:26,BRK.B,"Dow, S&P 500, Nasdaq Futures Dip As US-Iran Ceasefire Doubts Resurface: Why APLD, BRK.B, PLTR, COST Stocks Are Trending After-Hours",Stocktwits,https://news.google.com/rss/articles/CBMizgFBVV95cUxOU2o5RUpaSW91QTAtWUUwbVJwWkxIai1XRHl0YzhUbjBOcnhvNGtOS2Z0V3dHS3hGSGJ5OXROaFRfYWJNczdaRC1oTklJZEFmbWVLWmtrNVFLR1ZpMm1zaWlyelQtdXkxaGxTa2hYTmU5UEtHWEtfSWlMeDdmZ18wb1dsWHBpSTJLMVpMTnlRRVZpX1cxUEwzMG9ERDVnSnQzSmxpQWM0X0thUDNQTGl5UVFoVk1lWHRpY1Y4U3F1N1ZJVFhRY0RVbUp0TGE0Zw?oc=5
2026-09-05 13:05:31,BRK.B,What Berkshire Hathaway (BRK.A)'s Tech Tilt and Taylor Morrison Deal Means For Shareholders,Yahoo Finance,https://news.google.com/rss/articles/CBMingFBVV95cUxQamZUdmt3N2RWZ216Vmt5NFVSNW1RNG9UdlpyY0hTLVdrajNlODY3M3h5Tml4RW9meHZxUGhRWVdFMUxrajJfZnJjaHBmRTBVQTViOXgzQXBYaFF6RGw0aF96OGtaMlhYc0p6YWdWb19wUGRaWkF1RVhaTW1wRUZ2WjVfc2UwLTZKNlQ4QUtRcU5RejBpbEFraGN3aWd3dw?oc=5
2026-09-05 12:44:49,BRK.B,Abel: Two ways Berkshire hopes to cash in on AI,CNBC,https://news.google.com/rss/articles/CBMiiwFBVV95cUxPc1lLWVpXWnFzQVRBYVUzczVRT0JaSldOeXdWY3E0NkdkMXlHUXl0UllCaE81aFV2Zm12NmZ0b3ViU0xOU0xEbzk5WUw2ejlCaVZQWGN5RnJpbVltRzcwV3A4MjZPOFhaR2g1bGZ6RG11NEFSQTJ1OHd6Z19DTXBieDljSXg5QXI0WjZv0gGQAUFVX3lxTE1VNGJ5VTFJTVdPdTVlSHV5Z2JSS2JFOXRUUGFwd1FlT2JLZDM3X1ZweG55MHNHOVhpUHM0WU9SYXNDRUNEOWxJQld3WkxfRks0YnRzZjFCTUhCSFZPUkFRVHVnclo2Q3F1UWJ1UjlUUEh2T0JMaUtvX3NxNU8td0QxVzhydkttOXAzZmRIUDN3TA?oc=5
2026-09-05 10:00:00,BRK.B,Is Greg Abel Betting on Lower Interest Rates? The Berkshire Hathaway CEO Just Trimmed Bank Stocks Like Bank of America and Bought 3 Stocks That Would Benefit From Lower Yields.,The Motley Fool,https://news.google.com/rss/articles/CBMimAFBVV95cUxPTXU0OVBacTE5ajZwZ2JjM2J3R0puZ1BFZWNfekpjSjk0T3JySTE1enMzTmdDNFFRQUFiRzR5UU5pUjFnMHZHcUVOdzBZZHFZYWIwVVBvdVRNeUNBbUE3TEF1VEpBOUQtZXlUNElTUXNLaFRneG5VVk8zVlBhOGs3UkF4bGxkSG14VTB0bEF4b0RoV1NJeVlGQg?oc=5
2026-09-05 09:20:00,BRK.B,Is Greg Abel Betting on Lower Interest Rates? The Berkshire Hathaway CEO Just Trimmed Bank Stocks Like Bank of America and Bought 3 Stocks That Would Benefit From Lower Yields.,Yahoo Finance,https://news.google.com/rss/articles/CBMingFBVV95cUxNY1ZIQ0h2R3gyV1E2Z0Q3eGNoZ3ZfQVBPUHVNcFZ0TXYtbXp4RnFkTVBvdmJseC1nWmdHUlB6LVhvT1BtMm9RLS1QNlZBa1ctUjZlbFRRNms4bGRVSjJxS3pLRUVucExHUkgxci1CTDZsaDNSRzZwVHlHeDlRay0yc005SFV1WkN3Rk9aQzlEVG9QVE9LTHJ6VEJNZjVnUQ?oc=5
2026-09-05 08:51:10,BRK.B,"Berkshire Hathaway stock holds near $759,350 after Q2 gains",AD HOC NEWS,https://news.google.com/rss/articles/CBMiuAFBVV95cUxQRjdBRTlISVZBTWxWYmJIZXFmT2dWVHBNY24yYXpGaUozWDY2OHoxeWdGSU00azlURHZDNk5PbmhBcFE5eXFWUjRmUW1zX2lVSlB4MUFDR0djYS02bXhJNmJWeXh3QTUwWDItVzVoaGJpSFpDbmNDV0k1eDZiWW9PSVUzTGpaN2s1RVc0cWRfZjVoS2RUUmZpNEM4a2VnR0c4aGNBMEhmYk8tUTdvbWRQSkplcHN4NC1F?oc=5
2026-09-05 06:00:00,BRK.B,Berkshire Hathaway Outperformed the S&P 500 Over a 60-Year Period Under Warren Buffett. Here's the Stock That Could Help Continue the Streak Under Greg Abel.,The Motley Fool,https://news.google.com/rss/articles/CBMilwFBVV95cUxQOUo2cHEwRHVzQ1N6dkhsaTBwOVdwVVB3b0w4UFlKZ2N0SlNpclY3WVQyV21jLVIwYk9RNlZJLWJnMW5IM3RPLTlXUElpb0o3Q2lXVDNicjVldi1ad3kwazNwNjYzUkNzZ0xaeklTWFk0RnhWeXRIdG9SUUdnbXF6MWdPQkwtZUpsMGNsSjUyN2xiVmdPYW9z?oc=5
2026-09-05 05:20:00,BRK.B,Berkshire Hathaway Outperformed the S&P 500 Over a 60-Year Period Under Warren Buffett. Here's the Stock That Could Help Continue the Streak Under Greg Abel.,Yahoo Finance,https://news.google.com/rss/articles/CBMipAFBVV95cUxNWDBGUG5xc0U0MndpOHV4clEwTUt5V3RzZmowMWJLZ2tCS3JnWUhaZVUyZTV4dnVnU3ZSVnUyRW9uSHpXeGtReWNCZEFYRTFXRnVsbEJyLUQzbDBTTHFfbWpLZS1GWU1RV2N0bWNUWnNrWnZ2QlEzQkRkVG8xajQyYkJXYTl2LTgzVllOc1pPMDhsOG1uSkU3MEpmYUtfemRwalpQRg?oc=5
2026-09-05 04:47:01,BRK.B,Berkshire Hathaway (BRK.B) Stock Stays Cheap As Its 82% Five Year Run,simplywall.st,https://news.google.com/rss/articles/CBMi5AFBVV95cUxPU0FvN1ppbGNzcFJmZ1pYS21NeXJ4QVplTGN3Z2NnTkdlT2lXQUdPdWRCZWY1eUlZaTVZdXJsSzdoWUtOTnItcnR5bnk2V005LTlLT3JwWXZ5ckNPYnJNSV9obXNSMzFpMkNmenVaY1pKLUVoaVcwZ0l5V256VnhTMmNMS0s4Q2RCaHltRW9hb211MFZkMmxWQzUwU2xsaVNvdmNNVDVwVHpBSFJ5ZmJkLTh1WVZVN0xVXzdoRWN6R2FsN29TTHlSMFBCVzJnbzNEQzRzT0M2UzZnMkplWWZVWDJ5QnDSAeoBQVVfeXFMTTR3R1hhQlpkMWRyTHV0Tzg3MnF2SVhRaG93TUlyVnlidDA1ZWxtX3MzSVJBVmx2c050Sk1JaHhhMWpSS2c4Sm44cWZCRWc5eHVHZ2FJTng0aXhTNHR5aEhOUW9rQi10dWxCOGdnV0NZcy1ZTnNzNU1kUElZbGV1M3N6NUhOY1MtZVVEdm5jaW5kQnlHTkVvX09Ia21ReHlzY3NJay1nZW5WR0xqMEg1X2tWZGRLbWJJdnYxVERLc1g4Z3QzeE5xYWxMNWFlem1yOWNkakI5MG9WNGt2d05Sc2FWOGNKTC1yRElR?oc=5
2026-09-04 18:22:00,BRK.B,Greg Abel Bets Big on AI and Power as Berkshire's $360 Billion Portfolio Shifts,finance.biggo.com,https://news.google.com/rss/articles/CBMidkFVX3lxTE5uUFJKQ2dwQTEzTXJZX3doTllvM2ZRRmhHdllqekhWaVJQT3otTTdud3VpZ3FWQUE3RmlsaUVuelR4VlZuVUV5VnpXWHo1V2NCdXdLN3FmS29jUHlOODNOallRczRaWmhCN3ZyVmxveXQ1Q1h4Z3c?oc=5
2026-09-04 14:24:36,BRK.B,Berkshire Hathaway $17B share accumulation supports Alphabet stock after support test,Traders Union,https://news.google.com/rss/articles/CBMilAFBVV95cUxOWVJmZnRzaC12cTNzMG1XdEVCQ2phWVg1UV9vcm9YaTFOUlFHaHJMSjhKeTdweDVtbFdVRGJPOWFZeXdxcXgtZnJlaER1RmZLd0piTFZhOUJ1dnpYS1NMRHVwYU9UcDNnZDF0VEpXSERKVHYwYTFiaWlnWlNxQ1lVYmllODFUUGl2S0lleEVCRzZhTEdT?oc=5
2026-09-04 12:10:00,BRK.B,"Warren Buffett’s Berkshire Hathaway Just Did This for the First Time in 15 Quarters. History Offers a Clue About What’s Next, But the Evidence Piling Up Suggests History May Not Repeat Itself.",The Motley Fool,https://news.google.com/rss/articles/CBMi0gJBVV95cUxQTkFVOEhuX2Y1RlZBVS1TSHBwWjZfdXZhQm10eXRyZXNNT3h3bjlHLWVzWGQ1OVcxcjRfTTMyLUZrZTAwcW8wb0UzV1JYejU4WTFOSzdDLWhxUHptOFZ5bjh4OTJETEtjdUkwZ0t2NXgxVjJJM3FrRU5FRENiT3VHU3ByTG1ka2IyMVNoYXdOUlFjeWFJclVuM1Ytb0Y2MEkxVUFuVGp3RENKZGVqVGZEdnRZTVYtb21IRVRoT3FDWWwtMzZlWUxESUczczVfWWkySmhQWVJOa0NTV1lpc01DaHhTclk4dTA1aWktM1Q1VElrRXc1bTdja0xyMnptTG9PWXY5Uk5sRnBfNFA0WkkxWlpTRXNrVDZMZ1NzeklKbkFuZ0xHUUZncmRZQ01QcjRrWmt3YU12T3Q2RGpsNXZYTWxobmtoUmpTX1lyNUFMbEZCUQ?oc=5
2026-09-04 11:37:00,BRK.B,Berkshire CEO explains Buffett’s surprise AI stock bet,thestreet.com,https://news.google.com/rss/articles/CBMiggFBVV95cUxNbVcxcVIzeXBnb0padmdWQU9zdjEwSXBOT0VfdC1xb2NjRS11X01FekdTZVp2MzE2OFVNU29ya05KdzA0S0NaMXZ1T2czdW5XNlJpbi1YUlBBdUxQS2ptX2hxNDlxYk10TmFGQlNkUzdJSEFCRkhjQlFvckxzV2tYT1Vn?oc=5
2026-09-04 11:30:01,BRK.B,"Warren Buffett’s Berkshire Hathaway Just Did This for the First Time in 15 Quarters. History Offers a Clue About What’s Next, But the Evidence Piling Up Suggests History May Not Repeat Itself.",Yahoo Finance,https://news.google.com/rss/articles/CBMipgFBVV95cUxONWJIVGN0MnVCb3lZWEstRVhnSkZLT2lKa0pQdjBEdzJaODExcm81eHVuTDZLSmJ3bktjNHRxV3FjLTN6aXVpWDJtM3NLRFJUblpUaEt5TnpvVGF2SHNMYU5hX0ZueHNLSTNRNUxiZ3RBd3IyNks1WkEwOGgzcWxrUl9zWnpSZHhybzF1Zlpua0dsYXRuejVJVmNWY1k2MVBmTTh1bGx3?oc=5
2026-09-04 10:14:01,BRK.B,(BRK.B) Volatility Zones as Tactical Triggers,Stock Traders Daily,https://news.google.com/rss/articles/CBMiwAFBVV95cUxQbzU0dXYyLTdfb2ljbzIyN19rSTVUaC1LSTItanJLRWhNRHJJcmRNbHF6MEFNY0dVekRNalFVcDFKam8zemFJTnlJdHFjLWFqekNFSktJajR1ZTNnLVRtWUF2TFRzbk5PTlNQR0c0S0J2NVdBd2R5emlrZlNsWm9iZExZX0lna0dZS1J1cmhJVGxkR2NtX2J3M2hOWEFpRTNlNl8zb1djeVQxRDM4bHFJcktILWxsQ1R6cUVIdDhDVDI?oc=5
2026-09-04 09:26:00,BRK.B,"Warren Buffett's Successor, Greg Abel, Has 63% of Berkshire's $360 Billion Portfolio Concentrated in 5 Superstar Stocks",Yahoo Finance,https://news.google.com/rss/articles/CBMiogFBVV95cUxNbWl5VzM3WVZGXzhaNzFTY0dBZTRoN3Q4THJMZEJWSE5BcWo4WGdMV0JTRi1aU3RXRkxqTUJGcjRKUjN6WlBGcTBCWHFTWTdheWdhSVVxWF94X2FOa0w5UGI0dmwxR1pEbTlBQ0Y2VUdDVlhNWEpOVzZHNTBuUFFpR2pjN3ZQZW8zci1YWS0zSmxKa0tIVXhXRG1Bb01oQ1VFdXc?oc=5
2026-09-03 20:13:37,BRK.B,"Berkshire Hathaway (BRK.A) Is Getting Fresh Attention, What Is Behind It?",Yahoo Finance,https://news.google.com/rss/articles/CBMiowFBVV95cUxONEk0MEQwR21zd19xSXlWREN0TGoyV2lBR0F2RmFzcDZVakdVVzk2bFB3T29xVkM2YlZTbE5JRmRfVm5NUm9sQWtQME85QUdPMDBXdlQ5cFB0dW5lY1NaQjlLQWoyZW83QnlaT19acFppQ0ViYUgxRmg2V2ZRcVJETWFzQ2pNa0RmX2FIZmcxSTBhVmJVb2g3VHJJM253cnJPU3FJ?oc=5
2026-09-03 19:15:00,BRK.B,"Greg Abel Bought $39.4 Billion of Stocks in 6 Months, Up From the $7.1 Billion Berkshire Purchased a Year Earlier Under Warren Buffett",The Motley Fool,https://news.google.com/rss/articles/CBMikwFBVV95cUxQc1lIQzJMc1FvdjR1MFc2WDNDc3BjRUoycm42ajc1a0txT1ZLOG5IeDYtanlxd3FyUUNmWEJMRENJeEFjekhXdVRPRmpOS2J3WDZhZHJNYWZPNnBuWGdWNllCUjJKOTRTeEhabVNONnJ5UWJTWE5mMXJSakpOd21MVnNYWWFXbE1taGdZbm9oR1ByV3M?oc=5
2026-09-03 18:35:00,BRK.B,"Greg Abel Bought $39.4 Billion of Stocks in 6 Months, Up From the $7.1 Billion Berkshire Purchased a Year Earlier Under Warren Buffett",Yahoo Finance,https://news.google.com/rss/articles/CBMijwFBVV95cUxQZllsNDZNeWNLeHRuOVNzLVhLX3g4djlxZW5HVzhYcWJYVFUxMkZ0LW03VlBVX3FtX0NYUnA0SmFvN0R5azhzR3MxMEhhVTVLUmRjOE5lVXB0eHNEaElmalhhOTA2cVg4SjRBNDdpMHdUVWN0aVVXNDk1WlVmR2dOeWtKZWU1bHE2NUM4WjUxbw?oc=5
2026-09-03 18:32:02,BRK.B,Berkshire Hathaway’s Greg Abel purchases $39B in stocks in 6 months,Crypto Briefing,https://news.google.com/rss/articles/CBMib0FVX3lxTE5Kam5UQS1qOExUdnpnUmFiOTRtTHlKSmdHU20zZmFEMXVzR2lCRnVodGNmRXVMck1HSlg4Z2Y4bEFPQ296SGs2TkpnSXYxNDVqdlcxUWNiVFJxMl8tb0FheDdELW1PX1R2Sm0yTHdiUQ?oc=5
2026-09-03 18:26:00,BRK.B,Strategy's $66 Billion Bitcoin-Led Reserve Now Trails Only Berkshire Hathaway Among S&P 500 Financials,finance.biggo.com,https://news.google.com/rss/articles/CBMidkFVX3lxTE9xdV9sZXp4NlFLOHp0dkEteFBUUjgwd1EydHdHLTZuS1l4Z1d2dmFyUDJlNkRGamtYNHNVV2k1dzBUb0FMYWRaYkZiQVRpdFRQOWtDZ0FsYU45Q2hNQWFNNGFJVTZuODR5OEdUUFdzd2RxWUc2eFE?oc=5
2026-09-03 15:45:32,BRK.B,Trump Warned Towns They’d End Up Poor Without Data Centers but Berkshire’s CEO Sees a Revolt Growing,AOL.com,https://news.google.com/rss/articles/CBMid0FVX3lxTFBNdTZzbDZ1bGJVVVJad3Bvb3l0UDNBbktCTENpdmpDX2ZkUzJqTHY2RHh5N3h3N0JVMmpCelZrMzhCX3hHdmlFQzVZVDhmUXk0ZkdlWjdtTlNwUWtOdFhXRm9CbDc3LV9yelpZblRmTUg1T09pWTN3?oc=5
2026-09-03 15:45:00,BRK.B,Trump Warned Towns They'd End Up Poor Without Data Centers but Berkshire's CEO Sees a Revolt Growing,247wallst.com,https://news.google.com/rss/articles/CBMi2gFBVV95cUxQcmdGVFpLS0xCMFFpaFZ6alhieElBd3dqb2FPYmU1dkxxcFQ2dm1Ud0laV1JfUmxpeW5haFZqZ2NjdjZPUDJqa19oSTFtWU82ZTM2aE40dlNMWUFYRWtQc1l0ZXhsREVoTkJTMFVldTNrQzJWcVRBNGJNblUwODh0ZFAwZGlpSGlUTFlrcmJpVjJJbHR5STEzYkc2QzNHNFM0ZXRKX082TmR3em5HRGszcUEzV0Q4TDhVd1pGdVpLcDFoNVJVcEdwMW5aT1VaLWZtZmZUZ2dGZWtoQQ?oc=5
2026-09-03 15:45:00,BRK.B,Trump Warned Towns They'd End Up Poor Without Data Centers but Berkshire's CEO Sees a Revolt Growing,247wallst.com,https://news.google.com/rss/articles/CBMiiAJBVV95cUxPT1RUcHM4dHJJVXJxN1BqV2ExSkZCSEtSLVY1aU1CU1RZSEhucFZGRG5CZFZCX0UtemVsODVIeXg0Y2c5Mjk1d24yYXBmX0R2S1FpT0djTUJGR1RnUWdYNEdKRlZzN002NjkxMWtrSkdwNmQ3WUhubzlJci1TTnBXOGFjajVzX2N1YnRwd1JXU2dudWNVbjllRzhJOWlEOFJIc1JSbDFLa3o2V2g4UTlvQnJVV0ZBekUwS1FlOU1tWV8yNkhvN25RTUtrZXhEdWRkOVR0LUlWdWhxN0kzLUpJR1pDbHJEVjlWLTY1dkdzY05tX25qOHozUHNzLWVvTjB5MFBtZ2R5Zi0?oc=5
2026-09-03 13:12:00,BRK.B,Berkshire Hathaway Just Poured Billions Into One Stock. Here’s Why.,The Motley Fool,https://news.google.com/rss/articles/CBMirAFBVV95cUxQQ3R1UWtlMHg1cE92MEQzLTdBclJJZDZnQkkzcVlrTjlobkpsWEltNjhDSFJ3cjRZcTd5NEdOOEVGcGdZMXRRejgtRGhzc2YyQ3Y3NTVYVzBaTjllYkdsMktlUEVLSUZzOUNscmhLTFp4dVd0OTMydUJQelJ6dFBfUi0xSGZWREhEYVlLQVJjWnpDR0g3RzZ0OEZXR2RPMHJGelQ2U3dUMFhCMmRm?oc=5
2026-09-03 12:58:00,BRK.B,Berkshire Hathaway's New CEO Warns Energy Will Be the Biggest Constraint on AI Data Centers,247wallst.com,https://news.google.com/rss/articles/CBMizwFBVV95cUxPY3ZIUzFvTXVHV0hRdFhBZE5OT2Fxa0dqSHh2OTYzVFoyUjdHSG5oYzJYazVYNkJjTG54TTIyelJ3WkpfeU1TZkllejVxOWFuNW5ZRnBfS2xXcHloRzhfWjJ5VmVZb2tyMEg0OWZFWU1wXy1RbVU2eWNxcWRWaGxwNzFWY3R5M2NDRnNuUFE2YTJ2QU5KOWs5MDRNRFhYQ0pUalpaTkl0TjFBcjhDZkwteWdid19BZElRR2VWMDE3NWxEdllBVzY2LWt0aXZxeVE?oc=5
2026-09-03 12:32:03,BRK.B,Berkshire Hathaway Just Poured Billions Into One Stock. Here’s Why.,Yahoo Finance,https://news.google.com/rss/articles/CBMipwFBVV95cUxPMlBORkxVUndOWWw0bzZvUW5STFFoUDRsZy1WTXhDamVlc2MxeGhjUTh6TU51SmE3X2YxTHotV0RGNVMxR3FtemYzNEJNcHFTcV9GTllHSEhvT1BNNWhvZ2YxVVpPSWYzeUFCbVA1UmM1ZFZ0a1loaTlPZFQyV0x4R2Jlb1JHVmo0ZDF5Vl9KOWZpVl8wbHNMRHNWdXp4cHFqb21kTTBKUQ?oc=5
2026-09-03 12:03:40,BRK.B,Alphabet (GOOGL) Stock Climbs as Berkshire Hathaway Praises Google’s AI Leadership,Blockonomi,https://news.google.com/rss/articles/CBMipgFBVV95cUxQdmRDNlJjcEtXR2FGUHNIeDlaRlVWbDlxSXpUVE56RVF6V3B2Q3JmeFFTUTlDcTV4YmZET1hqUFI2djBkVkR4NTlPTDlid3NfY2FEb0lVcmkwbHh6enBOYzJ5b2c3cDZiWjR0MXBubGxaeS1Wa2dHdmM0aGlGMVhfQ0wzc281WnNIZ3E2S29JdktXbWNhRXk0Y3dEazFwX24yN0JxeXh3?oc=5
2026-09-03 11:32:19,BRK.B,"Alphabet Stock Gains as Berkshire Doubles Down on $38B Stake, Sees GOOGL as a “Significant Player” in AI",TipRanks,https://news.google.com/rss/articles/CBMiigFBVV95cUxOY2VCUVVfZGlzOUo2WnFnZWVhWVBTU3hpNmpPeWNndzhyZVc3LXRVOVpQa18ycG5BZ2NWWjZxZnRXZTRpLWptZ05UbXc1bGRTLUlMVk8xRVl0cHhSOEZxS0pHQ0J1UnVmSEsxOVlSaGQyanlhZE41T1RYMkFOYUoxcjBFWmw2MXdaNkE?oc=5
2026-09-03 10:46:11,BRK.B,Google Wins Over Berkshire: Greg Abel Hails Alphabet’s AI Muscle,Yahoo Finance,https://news.google.com/rss/articles/CBMimwFBVV95cUxPRGRSV1NMVnZLSlg2VkJqQnRTNDc1V0s1X19YNktocXRuekJMZ1h5dmRWOE10TnM2VGdudldoTWRyc3VlLXI3WVJZOHA3VFV5OW95R1pZZnlVaWtNM0hlTmhjZTF4a0tOcEVTM0Z4Qm1oai1zc0V0VG9zZGNpaUdmN24wMG5FX3I3RUN5QUFvUGk4WUNBVUp1TnpBRQ?oc=5
2026-09-03 07:40:00,BRK.B,How Did Berkshire Hathaway (NYSE:BRK-B) Alter Its S&P 500 Mix?,Kalkine Media,https://news.google.com/rss/articles/CBMiowFBVV95cUxQMkVyTWIxTDA2V3NMVk50M0U1d2kzQzNiNHFEZ01VMjM5TkJ1R1VuRW1OLXc5aWpCSkk5dmpmWElqQ2lWUHoycVZSVEdNX2pWdS1maTE4MmNyWUw3VEkxbTV4Yk45clllay1TU3oxLVhrX1F2aTZHY1doLUcyUzRUYUl4UEs1TXNDa2V2QVdCMnI5Z3JfMXgtUmxNNUNidDR0Vlgw?oc=5
2026-09-03 06:36:34,BRK.B,"Buffett Successor Greg Abel in Rare Interview: Berkshire to Hold Japanese Trading Houses for Decades, Details $10 Billion Alphabet Investment",TradingKey,https://news.google.com/rss/articles/CBMi7gFBVV95cUxQeVNFbUEyNGMyeS16QkdGclU0anZXMlRpTk0xejJaZ1o0a0Y2bHIwVHlIYVlhbFpTRFR1S1FnWEU3NkJJbW5YRHdUdThzVkJoY2VPdzFTZzExV25JdnVHcjBkMHhaMDU2OExzbGt1MUR4SWxlQmZJWGtoZC15UmRiSmMyTGdHUzVUU0hraHdEOFR6elVxbVhnZldSRXBWWUNNM05OSUt4U0Z6TWdBRm5tUHI3UE5qWkxPQXBOOEJSbWJlTlRyZk1vOEMxLTlrbDM1YlMxdWpzQ3JjMVY3WWFNVEFKVUFZTGRLY2FVZGRR?oc=5
2026-09-03 02:49:00,BRK.B,Berkshire Hathaway CEO Greg Abel: Google plays a pivotal role in the AI sector; AI data centers present opportunities for energy businesses; plans to hold long-term positions in Japan’s five major trading houses.,富途牛牛,https://news.google.com/rss/articles/CBMiowFBVV95cUxQUkdjUEpRSng2VVg2d21VdHNsRzBvcklYazBPRDJNMkNyZDg5UllaTHl4Y1FEQlNzWDRKLUJqVzUzdjNSTWlLX0xzZnNXWDM0cE9sQU5ISzVESU8xZFJNVXBFeXpWWUNkT3hBMGV3T2tNWXVHbEhtaXhOYVhPdUMtV2J1X1o4NWlValJJczhYNVdtZEpteXlGa0JFcjc3Tl8ycXNj?oc=5
2026-09-02 21:16:27,BRK.B,Can Bitcoin Treasury Firms Become the Next Berkshire Hathaway?,Benzinga,https://news.google.com/rss/articles/CBMiwAFBVV95cUxQbkdSY2M4eHhFT0YyMkFfQTE4cFQxelVoNEt4MW1oVjQ3RWpPOWpxeFl1TGJQX19IV1k5WkxXUXIwRFVKYTFsbk40N1lPeW81Yno2aFVvclJBT2FVQXl6Mk1PcmpObzlObDVKaC1IZVVGeTFyWW9Hb25lY3QtMENrSl9fRzgzS0NZZXBYMnB0aTNnTXJ2Tk4zZkxmLXlFSk1WODVIZW1vQnZvd2ZFc1RWcW5yNXNRN3Z2ZzB0bU5FdE8?oc=5
2026-09-02 21:03:44,BRK.B,"Berkshire Is Making a Big Bet on Google. This Is Why, According to CEO Greg Abel",Investopedia,https://news.google.com/rss/articles/CBMixAFBVV95cUxOby1WR3BTRUJWcUxqQUlfNnFmVlFXUDVsb09LdkRlc1M2MzQwYlZ1eTB3d3pnd3VrdS1jUjVCRFVJaElGdVdnd2dUSDJiZXVvbGg2cDdNdjYxS2JrQkZGaVd0cXlFYXRfTE9STlFZNnpqUGhGaGgzM203RV9tRFFON012SnNrbXVTTllfZVlpalYzVmczTzBwUTdqdE1LcUVKX3lZX1d2NENmaEVWZnNHU2JPZHFtcjM4d1NpUkZZcURHWmpX?oc=5
2026-09-02 19:06:42,BRK.B,What Is Berkshire Hathaway (BRK.A) Signaling About AI Under Greg Abel?,Yahoo Finance Singapore,https://news.google.com/rss/articles/CBMijAFBVV95cUxPU29xcFZIYXB2eS1yOWFLUHBwOGQyMUpiSGwtRjJfcHdoZURmSS1zU1MwdmZmeUN2MFJTZk5DdWp0MzNiRTRnVkFZdGxCYWkxbWllSThMNnN2OGNjZlZlQzNBbWFsMUZTXzdmTXJuR19rTm9YRmhLNnJ5eFlDYVNRRVczSHhjUVJwMk9Ocw?oc=5
2026-09-02 19:06:42,BRK.B,What Is Berkshire Hathaway (BRK.A) Signaling About AI Under Greg Abel?,Yahoo Finance,https://news.google.com/rss/articles/CBMioAFBVV95cUxOWV9KN0pwaVRqN1FvcVFoNzdycU1lRnJnN1QwMmN4dmRKSHdYbmNLRHp0OVN4akxVdEJhY2d0aUlBa0hvYzUzWTdWT29RMTdFM19ES01wU2paZUNNTmhUWjktRktxMkxVSVVWaU1iS2dUUkVXOGF5cklLR1BweF9QYTZMQ2psYnhIVm9RMlhHWi1zbTZlY3ZPWWowbnlTOGRX?oc=5
2026-09-02 18:19:46,BRK.B,Buffett Successor Says Data Centers Help Taxes and Schools: 'Significant Opportunity' For Berkshire Hathaway,Benzinga,https://news.google.com/rss/articles/CBMi9gFBVV95cUxOWjR4ZVZuQlZXUFBLblZIcnVPNjJTOWgwZWpodXJWbk14TFdlN2VGMGh0S1QySG9rRFpwR2JWWTIyVy03WnVHbGNwU2cxVklIbkRYeG1neHdkOGFFYTVWZnpONGs2X0RSSHQzaXZ2Zi15bDhneDBtdG1VOWs2OVlyOGZpRW43QV85SkoybG1rekQwXzEyMmlQSTFnVnJoNEpHak5mQlI0cDhYX1ZiLWVBa05kcHM3R000ODVTOG5VNTQtRWxxT0hBS2RnY3VGdWlhaVBPc2dzdVpQcjZzUTd1cVNKdHlXWHRrVDJ1d2N2elR1dmIteHc?oc=5
2026-09-02 16:20:01,BRK.B,Abel Says Berkshire Bought Google at a 6.5% Discount,TradingView,https://news.google.com/rss/articles/CBMisAFBVV95cUxOdnhJN3pVUUFDVmhjbk1nYzQ5QlR5Nk1MOGxwaFd5V3g5a0QyRGk1bERzc2ZwNTNXV1hTaHJTTnZvcWsxanVzZlJOLU1hTUxDbUpzZ0c5WWwwMkdySGFnV3FubXBkdG9vN0ZlbHdfNkU1cmVjUGFYalF5SFhDVHpKQ0tVeHBCRVJBWmpUVHpnY25SM0V3enlGRXptbzhFN0FXaEZKMWdxc3BKZkVsd1R5Tg?oc=5
2026-09-02 16:01:16,BRK.B,Greg Abel Just Quantified Berkshire's AI Power Opportunity,The Globe and Mail,https://news.google.com/rss/articles/CBMi3wFBVV95cUxNVzlmSHl4b0k3YnNsVkRGd2NVVG11RDg0aEZqbkItbUlZd18xYTlfYTVVbUU5aHBQTGZkVmt4NHBrYUNpNjlWcnMwOUxxNUxrS2pFVzlIcFZjYzdVcXhZR01raVlENUtPN0dmVEZ5bDN5R1NRNTlhVm1ZaWpIUk9jdVBHNmx4NXNHb19SN1VRM0J1ckRHQU5XRlpTUExNa01XR0tUUnNTdWtzZEJwWE5NRjBYbXFiWDNlUS1QRWx2REtzUlJ5cXNIZ2c1N3lGc3NORk84ek95Q0JkNlh4emhr?oc=5
2026-09-02 15:34:05,BRK.B,Berkshire's $37.8 Billion Alphabet Stake Highlights Its Two-Front AI Exposure,TradingView,https://news.google.com/rss/articles/CBMi0gFBVV95cUxNLWkwX3JFN2hTVWhXYTdaYThueHZneGlzV0VlY2pBTW9WREhOaHNSMEE2dklsQ096LWtQMnE5NFZJYlQyTXRuMFltRVdoZ0owcmgxNnpkbmx3blNYNU9DZEpOc1hMZFZ3Q3FxYmViVjR5MHRRWTNhaGVkTEIxajhSODVlM2hmeDZHd3dDVnpoYkZ3SHhycktFWWVCcmdIVWtyOTM5UXRQSlItS2Nia2pGay1BczU3RVp0SnhZMmItNXZGSkpvRjBITVFmSnRKQ2VsdFE?oc=5
2026-09-02 15:34:05,BRK.B,Berkshire's $37.8 Billion Alphabet Stake Highlights Its Two-Front AI Exposure,Yahoo Finance UK,https://news.google.com/rss/articles/CBMiiAFBVV95cUxQWmxmNFd4c05WM2NBUno1dVNGeU9Bb0E2Q29YcFJ2MENyazFvS2tTWWNfYVVVMkJDRkdmN2xKdEtCa2NYaHJ1R01ULWZSQTBHWWhWaDRsRFVhNlZ2WFU2ODU1dEdyVVpJQTlleUt1QXY2OGNleVU0b09fRXBscElaT2FlcTI3TFYz?oc=5
2026-09-02 15:27:57,BRK.B,Greg Abel Just Quantified Berkshire's AI Power Opportunity,theglobeandmail.com,https://news.google.com/rss/articles/CBMi3gFBVV95cUxOUzRZdDcwcFBhTEFjajRGUXhwRElfT0l0dmxmUkgwMzVpOHBtc19CeWQxcUxWdmNEdUs3dFVvVlVreDNaY00wWElGbGFNYXRTeTd1eFNXaURJa1p6SEgxd0x5OGYxdFFuUElJdjludHNZMHkweTA3Wm9pS3BnRm1jMnlfcG51VHd1WGhJcHNrYjZqaW96MGRFTUtGY0xGUVd2dU1VNnVfYlItTlJzeHNhN0RZRm9WRU91eTU5MHhERHc2QUFNelJ2YXAzUWRBZ0ExMEFidHFwZFFOVW9GVEE?oc=5
2026-09-02 15:26:01,BRK.B,Greg Abel Just Quantified Berkshire's AI Power Opportunity,Yahoo Finance,https://news.google.com/rss/articles/CBMiogFBVV95cUxNUkFyMGF5cFVjREh5dGZsUWZzdk1fR0JFZVhULUg3ZEpFUnQ5d1k4T1p3TXVEbEFKQ2Q5T1RqV21HcUNiOFFPaTZpZlp2elp5dkJDU3kxek14WnllX2ZIUDdrVEREd3JLTjhFTWo3Wmh3Wk16OUZaazdXS0F6QzRzNTZQMkFTbjJkUVhvaEttRWR4VXhqbGg4Y1M3V1VuZDQwd2c?oc=5
2026-09-02 15:00:54,BRK.B,Berkshire's $37.8 Billion Alphabet Stake Highlights Its Two-Fron,GuruFocus,https://news.google.com/rss/articles/CBMisgFBVV95cUxPQjQ0ejhpZWdNcGxIMmxBZEd4Zm9XdURaWVlBcWtQdG0wWldkaTJPa2FwQlZVc0stTEVtbzVtMDUtTmp5bmZhQl9iM0JYUVNwLS0tNHc2bEdvNWJkeEFHQWVqcFNJbFRMejhqQjFlZU1mMjBfNkRESGhEc2NLbDJoU2tOYTAxTWJUelpmaklNRkpKWER6NUJrbEhXSVpUczc4U2ZWbXhIYW5NLWJfdFlaRWZR?oc=5
2026-09-02 14:45:00,BRK.B,"Warren Buffett's Successor, Greg Abel, Has Over 50% of Berkshire Hathaway's Portfolio Invested in These 3 Top Stocks",The Motley Fool,https://news.google.com/rss/articles/CBMimAFBVV95cUxNQnRPdF95UUd3dFB2SkpGLXhZUEVZSHVkMzF5ZldERkx3Zms5X0VKckNfSzBFQVdrQ1dBUGluSWxxaGxwa2RBT09qSW93blFpcFg5bEhFRnhQb2VENzFGZ1dHRTZ0bk9RRUlXNTBEVXhicnJFS2Z6bk16c3VoYXp1dUhNMlZ2dmlpb25TRy1OMHFUdzFkclJZaQ?oc=5
2026-09-02 14:39:17,BRK.B,Berkshire's $37.8 Billion Alphabet Stake Highlights Its Two-Front AI Exposure,GuruFocus,https://news.google.com/rss/articles/CBMiT0FVX3lxTFBRdU5SWGZPV3hUSXNmMDk5eEk5azRDcXlZNUZxRzdjZ25NbmtIWlhiZVpBMDA3RW9wZkFQeXVtdnFHSlc3TXp4MVc0ZVhjeU0?oc=5
2026-09-02 14:25:26,BRK.B,"Berkshire Hathaway's Portfolio Shift: Fewer Bank Shares, More Wings and Tech",AD HOC NEWS,https://news.google.com/rss/articles/CBMi2AFBVV95cUxNZkhRZ1IxdEhQYmhVVkpySDhHRGlGdEZETm44WjN1UHRNLS01aUdGOFhMcGd6dl9mcEJkVTZqVURRVExZS3dxNUk3MkNkTzJhQVRDM0otWDlhd2JIMVNwYnQyNmwzQkVFU0Z3cFNRNzV6anhVLThQTDRuYkU4TFo4Vl9HWXJsSjlvSlhCa1l5dDEyUTdSQUhRVkZZaTJRT3ctM1ltRFcwMnBRcVN5cDB4R3hISUcydG91a1gxMjdMQUtNU1ZlLWg5LXhDNDJCaEZHZGRsX2dXdGU?oc=5
2026-09-02 14:25:26,BRK.B,Berkshire Hathaway Clears a Legal Hurdle While Abel's Buying Spree Reshapes the Portfolio,AD HOC NEWS,https://news.google.com/rss/articles/CBMi1AFBVV95cUxNU2diNlBFejRCazY4N3Z2VWNwUVd0SXJERUNELVh0d19qTTlpX3I3eHI1X2lQSVVPT0VHekJWaEtFQ2VPMzdBSHJMem9TbFpYbW9lZVFRVjRaV3JaRU16eHJvZDBZdVh6ZDBnYmJkWVZKOVZ0NXExakhyWERXenNyMThfQjJSOW5MYU9WanFyTHVXSFpYSUo1WFpiN2VySnJsMC1iblZfSm1wUEwzYi1Td3VtUXkyUFFWNkVJa3NyQlY1aHNJeWdEcm5wWWFyUzMtQjFxRg?oc=5
2026-09-02 14:14:30,BRK.B,Berkshire Hathaway shares stalls below resistance: weekly analysis,Traders Union,https://news.google.com/rss/articles/CBMilwFBVV95cUxQUmpDWjV3eTV1Y0JacjBNSl9RZndqbDBqQVNqbFBOVzR0dDdLczRWTlVlTU96c1VwNkU1MkhfQUhCcUlIekltYjNwU3hrWmJncm5TaFFIS05tSk5EQVZqQ2xnaTJ2ZGNWVW42U0E2dnRGTE1pbHVFTFNfNlV4UzZoN1lpeFo1dXNwOUlSaURqOFRSUjB6N2Vz?oc=5
2026-09-02 14:05:00,BRK.B,"Warren Buffett's Successor, Greg Abel, Has Over 50% of Berkshire Hathaway's Portfolio Invested in These 3 Top Stocks",Yahoo Finance,https://news.google.com/rss/articles/CBMiogFBVV95cUxOTjBUaVN3R2lWdU1Xc0N4VzJ6NHlIZzJ4UVdwREFaQ3J3ZHYzeGdtNTl5cGhvTzNEOTFaWjBKX0RpRWJNZ09VZlltQmk5dzlUNDk5cVZFVm9Ec216Z0RaT040WmVNWlo2a0FyRnVJTGZSUlNZSnhTd1NjVEwtSmhQWGp0RHNuRFdfY0I2LVhCbFFaOWtvM0dDdmhSVS1hZ2VlbEE?oc=5
2026-09-02 13:15:24,BRK.B,"Berkshire’s Alphabet Stake Grows, But Who Made the Call?",Financial-News.co.uk,https://news.google.com/rss/articles/CBMikAFBVV95cUxPRkRqYXJOUXNyMUlMQ2gyQ2N6c1RLd0k0M3A5WFJGUUhyaTZoS01QV2pSbVkxNFVLUGFYQXltRUk0UXNVb3RBQTJ5MjR6Nm5BT1Y4NVROOFhGUlJRVmZPQ2RaUmRrYkZabTI0U1BzcXVJWHIwQmhGRzNMX0pycWxDRmoyWmFXN3BwNHV2ZlcycjE?oc=5
2026-09-02 13:15:00,BRK.B,Warren Buffett's Giveaway Plan Implies $17 Billion of Berkshire Stock a Year. Greg Abel Bought Back $4.5 Billion Last Quarter.,The Motley Fool,https://news.google.com/rss/articles/CBMimAFBVV95cUxOd3BUVnFPQTU0a3BCbGxwRmFOUzdkNHItV0FaUEg4WXUyR212SndhVGNsNks5elhNQk1zSzVQd1l5Qnpnb0dZNHJpTW5EVTFTdWxDbm9FN2hXNjJRdHNtUEVRVHdvT0JqSlRETDJFYkFFTHdHeDlfV01aRzlpaUxzUE5rYkgzdzdVekZDWjZWMjlXWkM5WGE2Rg?oc=5
2026-09-02 13:12:35,BRK.B,"Berkshire Hathaway remains confident in Japanese holdings for the long term, CEO says (BRK.B:NYSE)",Seeking Alpha,https://news.google.com/rss/articles/CBMivwFBVV95cUxPS2c1MlYzX0JxbkVzU2kybkFjb25QR0VTaTViOVhkVXZrX2g1SmpyUW1tZEFFbmJRTnVUUVA1UURoUl9lWHdWUUtHX3JSZ3JfdllKZFVSQ0hicU40OFA1U3c2OTdaNUdvR3dqaG9OWnNPQ2FieDE3b1MxYUV5T2hEYkQ1d3puZlJmLXlmOFpsVVVwWEJ3VlVHN1FackxONjczZmhockp6eFBLdUNISFVsbzc2emZfNjRiWnVPaldZdw?oc=5
2026-09-02 13:03:47,BRK.B,Berkshire Hathaway stock edges lower as CEO Abel touts AI energy opportunity,AD HOC NEWS,https://news.google.com/rss/articles/CBMixgFBVV95cUxObTcxWVNWbzdzYU10ZFVWcmlUVERoYXRzRGhoWUdnV2dORkQ1dkh0STFLeG8yUTF3b09TbTdqbXBMZlljWk9NWS0tSGNPbkloY1dzcGtwZjNfMXhzMXFqM0MtbVQ3Nm1xTHk3bm9wRmd6MWVmbHdKeHhONlJXQmhwaXBOYUwyRGpHMkxlRDgtOFRSeWVlQm95VmdDdFVBbnFWU2Z1czFyWjB0N0NMeXp6dzBkT2luZDR4MmVuWkI4aEllYTU1emc?oc=5
2026-09-02 12:51:21,BRK.B,BRK.B Sep 2026 660.000 call (BRKB260904C00660000) Interactive Stock Chart,Yahoo Finance,https://news.google.com/rss/articles/CBMiakFVX3lxTE5IWERRYzhfcmphTmN4T3MwalNSR0pNdkNRaVNSWldvWHZ6cTBvTFJPVldUemtMTHJCdXdNZ2NVRUdFaVppblBZMkpOXzU2cVJZbDdOeVBoTXUxYmotbmNrSTFSQjQ3Y3ppUWc?oc=5
2026-09-02 12:45:49,BRK.B,BRK.B Sep 2027 430.000 put (BRKB270917P00430000) Interactive Stock Chart,Yahoo Finance,https://news.google.com/rss/articles/CBMiakFVX3lxTE1jd0JoUEx2Z1ltOGlaV3kzcHVkVjNjZzBBaWo2c2EzbkUtMmFBUWo3VGpyMlBqOGU3eHZGd1VJSDRVVWk3ZWlORWVaVXo2LWU2eU5vM0JzLVpNTkR6SXRTeUtrc184amluSlE?oc=5
2026-09-02 12:27:27,BRK.B,"There is 'a lot more pushback' on data center construction, Berkshire CEO Greg Abel tells CNBC",CNBC,https://news.google.com/rss/articles/CBMixwFBVV95cUxOTHVwNUU1SkFsbWNDQ1RkUHl1MzBLdE94Q011UmZyeTh1ZmZra0diWVVDdXhBMnJPQkM0YUpZdmJwS1NXNG90eFRLRmR1MXpMcHAybnpnMTdMcEtzSF9HbzFyVF8wdms0M1o4c2VZblFIVlhoV25Ud2dmN1BVeFRrMExXeS1iYllRTFB5YVJKMTlHYzhZMVJmZm12bUlPU0RUWDdsbjQ4QzRHYllTWVZJcjdtX0JyWWJRSF9Sa0RSb1VmMktFQ3M00gHMAUFVX3lxTFBYN2NIbVZEMV8zbEliTFV4WEU5SU9rSU83MkhQdmhhN0preTJjVk96R1NSdGVGdUxQM2laR2RRNFRpaW9CUXhNdWRBTllpVVk4T1NYaExRd0cwYjJ1SjdObng2VEk1NlFta0lYOEF0eWhpRHRBeE1jNTVQcjlQQXRhTlpMMU9DWTEzMk5CLS1mSG5nM3FYLS1wSml6aHlmekxTN0JzQVE0Mmw2OTBrUVVpbGcxOWdTOUhUVVI5WWxIMl91b2NQVGZxZW5yNA?oc=5
2026-09-02 12:27:00,BRK.B,"U.S. Stock Market Preview | ADP Employment Change Misses Expectations, Major Index Futures Turn Positive; Buffett's Successor: AI Data Centers Present Major Opportunity for Berkshire Hathaway Energy; EOS Energy Surges 17% in Pre-Market Trading on",富途牛牛,https://news.google.com/rss/articles/CBMisgFBVV95cUxQbElBeWVXSV9zd21sblNJaFVzekU3bHlJTEx5YUgzMG5ydWVmLS1xWnBmblF0OFFlUDZrOUtXTDBLTWRWYXhCX3NQTEQ3c3JoM2hHTXZQaTFjSFRUdXpaZnN5djBmNnlPUWNNZHlQR0RkMkd3QWxJRlhzcHR0UWYxdG5PZ3JkaXAwbWdKUmZzXzhGejAwUG1HTHd2NWM3ZFN5a0lwaUhFMm1MNExrd0EyZl9n?oc=5
2026-09-02 11:48:44,BRK.B,BRK.B Sep 2027 370.000 call (BRKB270917C00370000) Interactive Stock Chart,Yahoo Finance,https://news.google.com/rss/articles/CBMiakFVX3lxTFAxYTh5SHpQZzVJWDVseTJtbWFnZGk0OU96R2J1bllTM2hoNzk3WXpmWFVVMUZGeWFGYkM0Tm91Uk1nRkZxUERJaGE4RGNwYk9wLURuclVXelN6bC1aRS13UUpPTGZLczJfZVE?oc=5
2026-09-02 11:33:36,BRK.B,Greg Abel explains Berkshire's $37 billion Alphabet stake on CNBC,qz.com,https://news.google.com/rss/articles/CBMieEFVX3lxTE50bTRfbzN3RVhzWXhlekF1VXpVN1NVT3hlY194SXFlaThNMld0ZF9hUlFUbDNvT0RoMHJ4VVdDYUUyVlBvUUxUYUVUeENhZVhLdlM4MUk0dWdnWkVoS2R5alhyUmt3QW13X2c0LTQ1cW9yYjJzZmxzRQ?oc=5
2026-09-02 11:27:46,BRK.B,"Berkshire Hathaway Energy sees opportunity in supporting hyperscalers, CEO says (updated) (BRK.B:NYSE)",Seeking Alpha,https://news.google.com/rss/articles/CBMiuAFBVV95cUxOaHVOSWRyWlBYZnFMNkF0bm03RWFGcmVlcDRUV2FHNGx3UWZDN2o5T0tKZTlhYS1yR1o1Y1ZXYlZmS00xelVUeWdnanlQZkdUbUJjeDF4aEJ3VGF4TVY4V05CQjlmZ0RKSHduWWlWalFwMnlYZHNKVUZSdTJMS0dCcFJYV1Z1ZmJCaFF6V0pFZmxuQ3FjWXlHMm9GM1VWQU02aE9MblVxYTNPQlc1dVd6aXBKOG1SWXJX?oc=5
2026-09-02 11:09:15,BRK.B,Berkshire CEO Greg Abel says Japanese bond yields not a challenge for trading houses right now,CNBC,https://news.google.com/rss/articles/CBMisAFBVV95cUxPLU9CZ3FUZmpfQlI4VW9mcHN6QkF6aEdXSENiY0pfSjljMHBnX29rMnRpcU5WQTNPQk5CYU9xNmxvTkw3RmVacnRhUTljT0h5MzYtc3NvS0hKXzZzZjB3SVlBTVVKTUdNdzloa1ZubjRTMl9yN1BRUVRCOHJVdENqc3NFU19uUFFVSmJHaUdiSFBnVHA3aGdwMlJGOXEzbzNkVzUzcmFHcS1Kb2FjYURTYtIBtgFBVV95cUxPQnAzc0R0Zk9iVDMyRnZ0R05KWlBreWRKczY4TnMxYzZtWWE3bEhIVl9ER3lEaGZUM1I0RVVxWW45QUF2d3pEUGd2RE1za2ZRV1Y2Uk5zYnhmZVpCd2lBSjNMTGdZZTBBZkRfcUdiV1lRS3l5RWcxemk2TWJNZVQwODlucFgxOUpHQzBJQjdjYl93dGV3OXdvRnN3QnhvelNlZzZoVUZ6RV9lcTlMeEUxQnAzNlBudw?oc=5
2026-09-02 11:05:00,BRK.B,"Here's What $1,000 Invested in Berkshire Hathaway the Day Greg Abel Became CEO Is Worth Now",The Motley Fool,https://news.google.com/rss/articles/CBMikAFBVV95cUxQbm5PZHY4T1N2c19nd1YwY3VTUElSbWVSZUJXWERFaXRYa0JhZURvRVZTRXFhc0I0dTN2T0tBVF9iYllQOTJvSTRRdXJoODBiWEhudnhJTWp5RlRfMlMyZE9WbHQyYld4c0dOSFhZU3NKZHM1NlVFbnJ2cUlmNFdXbHNxb3JsU3hjZ0x3YjdkN0g?oc=5
2026-09-02 10:54:24,BRK.B,Berkshire CEO Abel says Alphabet a 'significant player' in AI after growing stake in Q2,CNBC,https://news.google.com/rss/articles/CBMivwFBVV95cUxQLU40OEhJS3gyd25QTW1BeDlId29IWjlfZ3ktWXJianZzQmVsODJGSThLclR4ME4yV0ZKT29CT3F1ZW5RUmlzY002eUdXVDhHbmhQOXdWSUd3cHEyVVNpTTJUX3B2NkVuM0EyWTFrTnRraDVZd29KSGtYZ19XbXdaWkFNWWF3Z1Z4SXNYNUc5bk14LUI4bEh2aE1Nanhhem1fRklzSEZTdG85LW9NTnpQa283bWFtb0UtajEyd3VtVdIBxAFBVV95cUxNaXpLeEl0LTBtZFdtN3FDY2dqNVR3R1lNNnJtcHQ2N0lMbFRjckFuVWRYd3RiNzdIQzRYVVJSZWhZYjZ1ZWw3dGVSUC03S1hrV1ZVQXE0LTlzN2Z4LWwyS0ZUc1RDVFhfV0J4ZjBaUUFkRlJDWWtrYWxhbVZoWlVPSmVIWlNnV1dvdHYzUThmZDcyVmdkSTY0VnM3US1UZjNaMFZjUFhsdFJBTXRXMS01UHBWbDd0QTVMeUNYQ2VKcnljUk1E?oc=5
2026-09-02 10:42:01,BRK.B,Berkshire Hathaway Just Sold 3 Bank Stocks. Here’s Why Investors Should Take Notice,Yahoo Finance,https://news.google.com/rss/articles/CBMimwFBVV95cUxQMk9BcUpSbTRJa3dRTzNIdTZCWDNHQ3V4bno3OVVaUUM4ZDQ0RDI2QmljMEdzZjNWNXI3Zzk5cmFIMDlKQkdOZVpRazhzMzBIcmFtZEd6ZHMzczFzeTQ0OWJyeGg5QzdqTENLV0QtTmtOd3RXcnFBWlUtX0g0RVFmNkt3NDd2eS1QaTZ2b0lHNXhfcmQzOWhTb2xpVQ?oc=5
2026-09-02 10:28:36,BRK.B,"Here's What $1,000 Invested in Berkshire Hathaway the Day Greg Abel Became CEO Is Worth Now",theglobeandmail.com,https://news.google.com/rss/articles/CBMihwJBVV95cUxPdkl3SHBrZ2ZJVktqeGtvbklZYzBEaWR6RUhYN2IyMU9NVElVbWxXaWhoZHVfUk55S19CdkxZWmRrMmhvMFNmRTdNa2NtZlpDWlFWcGJ1b2hkdWRIc2F5MktPdmp0dXdpYWR0M3Q5RkFhYUFyZ2JjdVJXcldhOFdlb0xTa0h1TWk1amV5cVVuN1ZMNEJLcmpfenJTekJ2dHo3S3dmSXN2R3JSZ3JmXzhPQjVmaHAzejVreFVmdnVrZGtyUnZMbGJraUo2V2xXaUVPMUhib1FNTEtUUTJuaVdSRnRpWXp5NFNSZVFSWmhzaHRQQldNTmUzOUE5MHRzSHMwYi1YSjZCbw?oc=5
2026-09-02 10:25:00,BRK.B,"Here's What $1,000 Invested in Berkshire Hathaway the Day Greg Abel Became CEO Is Worth Now",finance.yahoo.com,https://news.google.com/rss/articles/CBMimwFBVV95cUxOT18tc3BWRHFFVThBWWVIcmNkczN6TFVpZGlIOVlJQnRmanJlMUlid3JRcmF3cDA0T1RmQzRad3BJYVhxWjREXy1lbkdKT3V3OVp5UVlNT1c5WkdqS21YblJEcWt6Q2dhcGxYRmlpdGNKZXdnTldXR3NKWjBJX0hyTzBVWmtjSUk5THA5SGxIMHZFMnFwVEJTUzA2NA?oc=5
2026-09-02 06:35:27,BRK.B,Berkshire Hathaway stock holds near highs as buybacks reach USD 4.5 billion,AD HOC NEWS,https://news.google.com/rss/articles/CBMixAFBVV95cUxPekpQYzcxUG93U2VpaFU3MVpLb09NbTJ3RENpQmRXaGVVaElVTGtsbTNzcVowNl9fVDNiUjFNWHo5WWNPM1VFRjN2WjZ2ZGVoRExXVG44YnJ6SkszQmtvcTEzMGVZT3NRVTlZWEpTR0VKTVNBUW9fcnpOTVR4VnpLRlZadEJlS1ZfNExsUVozcDJWbVNDZ0dHbF85Z2ItR1NXUzlKb3U2LWdENFlpaFhmR0ZzRGpWNGF2SDNadkdQY1ZOQ01E?oc=5
2026-09-01 17:54:00,BRK.B,Berkshire CEO Abel to Make Rare TV Appearance. What He Might Talk About.,Barron's,https://news.google.com/rss/articles/CBMilAFBVV95cUxPZVJtYmhpRWtnWmwwa0J0M1ZzRko0VlY1aEwtcVV3WUd5SkhJTjZCVUYxdjA1ckJqUl9acXc1SDYzRV9UQXZGdFNSLXliQXlTdWkxRW9paG5TTmdWMTRqRjlEQnlidzhLQ015OGJHN1Y5N1JrU0xnbWFIVzA1M29nOFpJYkhhaUhpcW9JblJxc0VFZ2ta?oc=5
2026-09-01 17:54:00,BRK.B,Berkshire CEO Abel to Make Rare TV Appearance. What He Might Talk About.,Barron's,https://news.google.com/rss/articles/CBMinwFBVV95cUxQd3c4a25Sa2xNTTZyQWNFblQtWVhpSk1fYmxFeGJOdnNPUlJpc3NLT0dBdmhhRm15NzZrSmE3VkQ2OWpEYTA1My00dkZEc2laYUVLbXpEemZXR3R6WVF5eVE2UGl2SmJzNlNUVFFTUGtMRUgycUFCeTZQbWNMYkJHYWtkaF91M0pzTHFNdzNOZU85QmozM2tPU0FOakx6d1k?oc=5
2026-09-01 13:54:10,BRK.B,"Berkshire Hathaway's Capital Machine: Buybacks, Bold Bets, and a New Global Playbook",AD HOC NEWS,https://news.google.com/rss/articles/CBMi0wFBVV95cUxPUU1KVGN0b2lGM245SFFxaE10SjVvUVVPWnhmUy1FZVU2U2gwUWsxbS1NejdRVU1sUDV0SmljSUZydVcxYnhoSnZMTXFEUS1VaV9NMmdEcW41VlMxVDVUd2ZSaHEzLVhrTE5RY2Jrd1VwdExJUUdRLXdldnFiVmU2UVlCWW1icW9nM3ZSdHB5VkRKSHdFVUdkaVR0dlR1YXRNa0lhM3BHYTR4SmFmU3JxRW5XU3lYMFY1UU50LVFLdW1tZllVLWV3YlRGU0Voc3BBVTRn?oc=5
2026-09-01 11:33:37,BRK.B,Greg Abel Thinks Berkshire's Stock Is Cheap -- Is He Right? Here's the Math.,The Globe and Mail,https://news.google.com/rss/articles/CBMi7gFBVV95cUxOUnJIQ0lPNW8wQi1uS2lRM2ZNLUlWN3lSRHZ1bjROR0NYLThuVnhMeUgzY2hXelJsNjZDSkppZ196YmM2X0pFX1RhNkdWbzM2VlNjeE9CSlVsWmVUSlFablNSd09RWHpja2NEdDhiMnByZFpTenk5RExtSlREQmJ5a0hMRS1mdVhzUVlteHhNcWwxU0pmbUxuTUU4TUsxT05EN05zUTJfelJWZnM3YlJ5a3drMUZhQUxVV3lpWS01MmpPdFpZX1Bmc0VGdUZTRWkyOTZJNkhWOEU1RHRoeXBmeUNzN2FlRmVOY0xRUFln?oc=5
2026-09-01 11:28:00,BRK.B,Greg Abel Thinks Berkshire's Stock Is Cheap -- Is He Right? Here's the Math.,finance.yahoo.com,https://news.google.com/rss/articles/CBMinwFBVV95cUxPem1hZ2R5MVBPVE9lWGZjSkFsVURKVnhzVmtTelM2TlVUX1RSaU9RTEtQMVJrYk1xMC1objZtMWFob2F0UHFFaWlQdFRvaWYwazZUU3dqa0U2TkFVLVJ0S2ZPc090VlZPT05qSzM2OXlQT1BWX2xUY3BKOFhyVDlVem50d2VzTnVrUzNPRzJ1WERnb0xXMTRvNlZIYVFPTjA?oc=5
2026-09-01 11:19:39,BRK.B,BRK.B Oct 2026 525.000 call (BRKB261002C00525000) Interactive Stock Chart,finance.yahoo.com,https://news.google.com/rss/articles/CBMiakFVX3lxTE1MRTFDU3Z3SkVpOVZ0UHRBdVBibTJnbFdrbG9WQjNSeFFhMDlhMGtQaV9Zd1hIWGJBQ3ZTN2V3ZmJiWU5NdURsM19tQ2g1aXE3TkFUR25BWFUtSVU2bTI5Qy1OalNvdVFCN2c?oc=5
2026-09-01 09:53:50,BRK.B,Berkshire Hathaway stock leans on cash deployment and buybacks after summer reshuffle,ad-hoc-news.de,https://news.google.com/rss/articles/CBMixgFBVV95cUxOczB6Qno2Mkc2WEc3akotekNNSFduelZCUjBUMk5UZGpDYW9SUmI5aEZQb3pKeWVleHB0NkZ1enNlVlJJRmVFNGY1aXRxQk94Y05pb1pWdnhBbkdsSlBSRjZxNnBGSmRRVW1OdjNKMC1WeUYxNGdWUlEyd3JXY0tGWjNQWFFGdGF5QnpNbmZ5YzByU2prNXE3amhOQWRUdWdzY0dJM190QzNwMXRqczZ6WVhoRXBWTVQ1ejB5YkwyaWlOUVlpdGc?oc=5
2026-09-01 09:33:19,BRK.B,"Warren Buffett's Successor, Greg Abel, Started His Tenure With a Bang by Paring Down Bank of America and Making a Virtual Monopoly Berkshire's No. 3 Holding",The Globe and Mail,https://news.google.com/rss/articles/CBMi3gJBVV95cUxPTkVHRkdLT3JoYnhPZzhOTS1fZnNxUkxPSU1NWTNESTY0RFFiUkN0THZiWjJ5TjNjUGh2RFRQdHZrTzg4X1V3SVZRVzZ1TEhTOG0xWG5tWGpJRW1JbU00Y2xndFB1UVcwb2VHT0JuYVBYTUtPUzdUcGxrWlBzN2JVMEhBTEJ5cGxvQWtMVHNyQjNNakNfWkp4ckVTdW1QWWxtNmRadDhsZFFfWXlrUFQ1MGZzUFdBazZHOFBiRkcxYnRja1J5d2dDN2tqWXBScEd0QnV4eUFVRHpxc3p6XzlqdGVZSEt5RWdpS1FveGRwRWc0Q1cwZUY5M3puU0lvdGdiaE9kRF9CcEo4RlltT3JkcWREUjlnRi1STjQ5a0R4WGUwcHZmSk52OExIaExXUS1LeE5feklhSG5yYnZIZndWMkFJU2xqYTdPcVRfRWNTYXZ5dHdlTDVPZDJ5ZGZndw?oc=5
2026-09-01 09:33:09,BRK.B,"Warren Buffett's Successor, Greg Abel, Started His Tenure With a Bang by Paring Down Bank of America and Making a Virtual Monopoly Berkshire's No. 3 Holding",theglobeandmail.com,https://news.google.com/rss/articles/CBMi2wJBVV95cUxNamZYc3M5QlJVdGY5S1I1V3JCNDA3cFRqQzlreHlzdzdvWEJUUnJjLWU4eU5EUFplcC1KQ180SkRiRzZ3bk9NTkNMOUlKLTZyZktTbDJpeDhSRWhrWHJBLVdyRjNqaEMtYjRXYjhpRW1ZZ3Q3N2ptd3IzRUJmLVpKTmtWZ3FucE1TZEJOQWhPSTZtLUxjaWZ6QkFHUEJraEdhM3lTSGRJSTZrYWF3YXR6eVpFYmFseDRtcTc3Tm5qUm8zRXpYWlNJRUdrM1FOeXlzcmp6QVUyWUdZS2JIRmZzTE1hMFNqNGxPLXhqMFR5NWswa21CY3p6MGQ2MjFZZHJNUlBBVlNLNFpmazllWDBRanVZazQxWTVxYlFrNm42dWFieHNwVi02aS1wa0pFcExtdzQzYkxYMUlib1JYWTY0QV9YZWEtZDVuZ2pzV29zY2JXM3BDS0tTTlBySQ?oc=5
2026-09-01 09:29:14,BRK.B,"Warren Buffett's Successor, Greg Abel, Started His Tenure With a Bang by Paring Down Bank of America and Making a Virtual Monopoly Berkshire's No. 3 Holding",The Globe and Mail,https://news.google.com/rss/articles/CBMi3AJBVV95cUxQSnd6WWJURDVnU21Oa1NOWjhWQlREV3F5eHk0VTJ0VHgzZnZKbURhenBBUG5zU1JUTGtrTC1WZ1MtMlh0NE51LXBoYlhMcXBfeVV6eE9MN19fb0VnVU01ekdnUEdkWVV3djZWd19lX1ZNbFhYY0J2djRVbDNCWWF0ZVhhT29QYlhmWnF2aWhONWhYTFFwS0t2YWprOHFYQVM5RUZqeFNCbVFVazMxTjhfc1FtU0xSOVZsWnc3SFNJVWUzSk0taUtpZXJiMTRnVzU0eVZtWlhzU25EMEhsNkJyQUtKU0ZHR0pMdV84aGRIcmlEU0RZTnAxeVB2X1pQanRLeVBER2VxSFVCS0l1T3VVUC1lX1JkOThYSTBWcE56S094YmItenJidHpxemhWOEkwWXVQOHdaYUdybjQyUDFhaE9pVTlHbnJ5NHYwQkNsSXN2ZlRoXzdyaEtVYnA?oc=5
2026-09-01 07:49:23,BRK.B,Berkshire Hathaway stock gains on $4.5 billion buybacks,ad-hoc-news.de,https://news.google.com/rss/articles/CBMiuAFBVV95cUxPazJpVGd3cEY4aXY0Ti1UVGJUdW1ZVE42X0Z3UnJCRWZzbk12RU5uUkJReGFIV3JwdVRhN0tNNEVCUGFXQzlvVEdYU2hxclZNMlo0NEluSVJJT1lSNHAwMHlsV3E1WGdMVUZJalFqeXVkazBreS1URnNad3NzYjQ3SmUzQ25JNncwcTZET2l6TmlVd1ROY1VjTkZsVFhFWTVNZkV1Q0k4aFlXNFFjWHhOa2VhcGZsSF9x?oc=5
2026-09-01 04:22:18,BRK.B,Berkshire Hathaway Flips from Hoarding to Spending: Inside the $19.8 Billion Buying Spree,AD HOC NEWS,https://news.google.com/rss/articles/CBMi1AFBVV95cUxPY0ttU2NmQlNCNzZOcFVhai1SLUp5QjVGNTV3TFpSM3djUDUyM2prVTBqWnFONjk0bkdmbXlEVUZYTG8wWnFMdTN6c0RRLTdqaTNiVFVpQVNwbmdLTXdHWndtUU14TlllaDZGWmNON3hIVmRnQjJWeFJKWUpZdllwOGxIWnNOZXF4VFN0QXVyS29WZ1B3QkdNRnRxcDBXbUxzSzM3d05zX0VSUVpTOTh2ZEhzMVdoTnk2V1dqVndMM0pnMkc0Rk5RMy0zN0hmaWFDVmZqeg?oc=5
2026-09-01 04:22:18,BRK.B,Berkshire Hathaway's New Playbook: Abel Turns the Page on a Fourteen-Quarter Sell-Down,AD HOC NEWS,https://news.google.com/rss/articles/CBMiygFBVV95cUxQbkJwMGphMkhROGkwMkV4VklmRXZWQkVEdGVlVGhxUjdFeXhaZUkzd3FNeDZwWjEyb3hmWE5XOHVIeWkyaEtfS1MydDVZVkhGREQzMVlIVk5EUUVzcFlHUEFHcEwyV3htTnFpanR5dngySnh1ZzFBMncxeG1DLWVzTzk5bklUUVRyMjRFU0h3aE5zbjVxcUxFNEtpcWRlaE1aQ2NueTVsQ0taYUktZkJTNWw2UU42RWtGYnBTWU5GQjRnTWROd2w1dmdB?oc=5
2026-09-01 01:40:23,BRK.B,Berkshire Hathaway (BRK.B) Following A Recent Pullback Still Looks Cheap Against Fair Value,simplywall.st,https://news.google.com/rss/articles/CBMi5AFBVV95cUxNZUw0aGhFNXBDX2JxOHVjZGJCRm1mbGt4Z19CZWh1OHBnTzhheVJHWHZYUEdIZUQ0RnVQdWZyYVJWREQxVEE0NlJUVkxoM3Btb2E4VC1vRENvdkFZejlfR2xxNTZUb3B5VlNTRk5XcEhqQVdOZnc5Y2JST1NzZ3B3Z28xZXp3Q3dCVjdoNE1wNFNMbGhnOHhQOFdpcnUzWFpRR1hhV3YxbnJaNkszRXR5OWZmVUhrUGxKZjFoSW8zSHdQb0h0UlRWbXQzRzNtSjNFdVBEN2ttOHNpeDV1eWpJbVZYUTLSAeoBQVVfeXFMUDcteV9wemY5VW8xcTNMSS05eUNwQXdyUlRFU3hFM3RnZGN5ZjU1ei1Wak5BM2hYYS1mYWg2eWo4QWpGdVA5elNzUXJiS1huajNQcXpQMndUdlh0dFNzRFh4TTRuREpCemY1QVFQc0xmNVFueHVjbjV4dTI5VHI2OWFFNWljNjdBcUlxSERoZ0tJa1hsZjZ1UFF2bEUtOHhCbk1zaFZYVjg4cjRfQWIzNVNJR3ZnaXgwVFZqd194R2poX2NpT1ZYZHBWQ0xxUnVWVHlXMldWWFRFTXR4T2NSYmg0c2w0WFVVOWZB?oc=5
2026-08-31 22:48:41,BRK.B,KKR’s ‘Berkshire Hathaway’ strategy bears fruit with $17B USI sale,PitchBook,https://news.google.com/rss/articles/CBMikAFBVV95cUxPY1NZdXhRcHUtbDZMWmdPQ2pqYlltX0FZWl95RlBOY214azJGM3lzVmVJd21zdEJjeEtoaFlFcVVUVUVubzNlZl9LV1h2LXJJcGNSVlZPY1AtekppMTF0UTkyOWc4SmZobjhCY20zMmVpd01jUEtVcHM4ZEZaajBDTVFxbU9TN1BhZ0xIbXFJY3A?oc=5
2026-08-31 22:30:36,BRK.B,Berkshire Hathaway's Pile of Cash Finally Goes to Work,AD HOC NEWS,https://news.google.com/rss/articles/CBMixAFBVV95cUxQN043WmI0bm1OT284YUhxaUpKLVFfbGF5N19KcjJNeEswVlJBRzR1eWVYVTZKZFVrUlVyVUZXa1pIYkVueDlMWDJucFlmdmlnYk9jcEdOaThYYTRFNXVwT1R4ZnVrc1lVd1F2NUJfREVsUXNCc3JUbXVhZ3RzMS1jRWFmS2RFT3R5V2RmV21Tbms0OEFBQ1hPRUtMWGZReWZQLUI0UWttMmNDSTU4TEdocTZvb3I3b1VURHZjcDljTTg3NnMw?oc=5
2026-08-31 21:07:17,BRK.B,Berkshire Hathaway (BRK.B) Stock Looks Reasonable On Earnings After A 79% Run,Yahoo Finance,https://news.google.com/rss/articles/CBMimwFBVV95cUxNalRmZmdiRnlmejFqUVp2dW5xZ2Z4emJZMXdjS0ZHLWVHZ2NDT1l3YVZ6QVBPUmM4RmtkUXZ6ZTZKdjhlenpGUWl2aTA0eVFzN29pU0Z2UFFxZFRWMFZScndOdEI3X0VCNTZpZ0RxWDN6eDRlS2NHcGpFWG5oUUdEdnV3T2RSNU9ROXczeUI1Nk53OHJmSnExNHJ3NA?oc=5
2026-08-31 21:02:14,BRK.B,Warren Buffett Set Berkshire Hathaway Up for Years: Top 5 Stocks Yield $589 Million Each Quarter,benzinga.com,https://news.google.com/rss/articles/CBMi7wFBVV95cUxPTW9wMHdMRThwV194ZTRaY2toeE9CQnZXUlpkRzZKOXBHT1gxRW5wTFM0Vkl0TGk1ZW11QnBrVVhKMVhOcWR4Q0xTRm9wTE1ocUYzSGtPWko4SkhWVXJMTzcyTnduTzBWcFBYc3Q1aXdhWS1ZZGhqOGdTUkI5emtCd2d0Z3hPd19Tc25VR2JYMUZORDNXNmlpR01FQm0wV3g3QlFQQ1F2T05XRDBQempTTnZ2eGItazNBTzNxdW0wTjNZLUcyTzVES2ZPWWhYSUFsUGZGSTljcC15TFF6enlaLURjY3FDOVVNMV9zendSYw?oc=5
2026-08-31 17:14:55,BRK.B,Berkshire Hathaway stock steadies as insider buying and Q2 beat frame the outlook,AD HOC NEWS,https://news.google.com/rss/articles/CBMi0gFBVV95cUxOaWh0bERyZVZTYjluZ3haWWVtUmlmMkR5RldVT21wZnhua00wSVdyZlhEeDJ4TEwtaGJTQ2N1U0FzTVJfdm8zWU1VT0FiR2RDbFYzREkzb01rQy1JbjF1Y2JSZ2JfU3lsY2pBNXFiMjVVVmlDdGc2ZlFreHpIRkluc2lFVC1ZaXFUQUlCeTMzS1Q5dV93c3NNakhLbkEzOVp4TlAxTmlJZ1BWMkthX2FvRnR2T1BmVmJLTDJUeTJ4ZnJZbERQUGg5cGdOVWxPOUVWMFE?oc=5
2026-08-31 16:30:00,BRK.B,"How Likely Is It That Warren Buffett's Successor, Greg Abel, Will Use a Portion of Berkshire Hathaway's $359 Billion Cash Pile to Buy This Large-Cap Value Stock in September?",fool.com,https://news.google.com/rss/articles/CBMilwFBVV95cUxQNVJya0taOFQ1VXM3VnZDcWtaSmZ6WmhMSVRJUzQ4R3dSYXVtZFpmVUlYNDVtNGdfblRjdDJRS01LMDYtSktVOFhGaWxzaFdOT2t6VGZwYUdBcXBQOUhBYlVDaThOU0lVMGZYbWhTWVVoRlgtZWkzdDViWU9BbWxqWW9nc0Vxci1KMTVmaE1QT0pWZ1BGR29F?oc=5
2026-08-31 16:05:25,BRK.B,Berkshire Hathaway's Record Cash Pile and Legal Closure: A Two-Front Story of Patience and Progress,AD HOC NEWS,https://news.google.com/rss/articles/CBMi3gFBVV95cUxPenFMSmtLand0WGFpbXFxVWxXWjhHc25LU3g0a25Qdk1Ock5CYmlwSW9VeGZZTXZiVTk2czVLVFBhbFdZbmN6QUZSbVZFUktZOWQycERwSHZiTklVZ3NBRzBPSzVwVlRrcWU2ME5sQzFMZ2tDYTZuUDdUemRjOFFhUzl1b0tpaWd4MDJTRFdxWi1XVmZGRjdQNFV3dGpYRmNkX3d6UzFGVGkyZUhrbVJDemVaUkNWRWxmMTNYRGpJVWc2UFZNWks5cHV4bExmRkZSNTFKUzBidUxQT210b1E?oc=5
2026-08-31 15:50:00,BRK.B,"How Likely Is It That Warren Buffett's Successor, Greg Abel, Will Use a Portion of Berkshire Hathaway's $359 Billion Cash Pile to Buy This Large-Cap Value Stock in September?",Yahoo Finance,https://news.google.com/rss/articles/CBMipAFBVV95cUxOWXAwQklXVmNyU19wRmotNDc4RUpIQ1M2X1U5Um13NGxxSHBKeWVSMWJxdVlsME91MTUweUctTmtYX0lBbkVyYVJjRWFfSlVMeTZzTF96LUpDc2xkMjZoZTJLUEIzMTh5WVVIcDJ4azBfZlZjVjdLMW9JNDVoTlF2REQ2cUlLQUFJSk9yQlpFcWZuTXp5MWx6eFNNQmUxSDdZWDlTSA?oc=5
2026-08-31 15:33:40,BRK.B,Berkshire Hathaway's Twin Milestones: A Legal Cleanup and a Decade-Long Handover of Voting Power,AD HOC NEWS,https://news.google.com/rss/articles/CBMi2gFBVV95cUxPX0xZQ29nNDRmZWpzWk9aNy01ZU1hWkJya2lScHFpTGQ1dFFQUXhJNVRxWDZxZzJzMjhTaG1uclR2RVZHU3BTTjAtWU4tblJYV29yQmlSRkxPSUJrOGpCWlhwc1lIdGRxb1UwOS1TR2tZdnZveXJQSW9SamtVTEE2cG5sTDE3aFU1WmZlSWFuQ2JyT3BuWVpNNUYtY091eXVpbVQ4WURfMXBWTUUwMVQxSy0zLVdzUHN0MnViQUIxYXducHFwYkZCT2FoUjl1M1pBSlRyVDQzNHlKQQ?oc=5
2026-08-31 15:33:40,BRK.B,Berkshire Hathaway at a Crossroads: Abel's Housing Push Meets Buffett's Philanthropic Exit,AD HOC NEWS,https://news.google.com/rss/articles/CBMi2gFBVV95cUxNc2Q1aXNmX21FZnRRcjIycTJydnFuZ0VkV3g1dlRURWItT0d6MWl1NDZUeWRSM2ZfX1VZZGQyTnhubDJQT3V3U0JHTFc4eFNyRFhlVmswQXVNb201dTBsY1RrNkJhYTA5OXk0VTA1U3AwOElYUmkxbEN6SnNlQlF2Q1RUczYtdDVDYkhxSFdvQndUUU90ZVFMblU0RHA2bzZtTXQ1TUJjZjRCYUtDUHhjUFpyUEFEXzIzWGEteEJoTEpyQnlFaFNZRG5IQTFpOGFkempLa08tRGoxdw?oc=5
2026-08-31 15:32:43,BRK.B,Berkshire Hathaway Insiders Put Their Money Where Their Mouths Are,AD HOC NEWS,https://news.google.com/rss/articles/CBMi1AFBVV95cUxOemdIWjdJQzA3QzBDd1RBVGdhblN5eTRNaDdhQW4xMHMydVYxcWlPQklwcnVXTFZXN2U3a0hWNTVPUmJoSWlDTURXZDhLcVBKeXlPclBlaHV4ZEljRGZqVjlaRW1uT01BbmJDMk1BTG5KbVl6dnFSSk16aUJDbEZrTFR6cEJ3elA2R1prR2x0WlNjR19lZFk5cE0wT1J4SDZhWUoxTE5nd0taU2lEa2xodENZb0NnazlIckpQOURQMENHSXFyS1B4bXN4TjZscTJTUU4wbA?oc=5
2026-08-31 15:32:43,BRK.B,Berkshire Hathaway's New Era: Insider Confidence and a Homebuilder Bet Signal a Pivotal Shift,AD HOC NEWS,https://news.google.com/rss/articles/CBMi2AFBVV95cUxQV25SZlB1UmxMUjQzWThOc2Q5SzRZc01qWm02MG5pTGZwTkk4cjROTzlKLWlCREZjQTdTakloMWZTU0NWVHlDMGJxVlhyQm5rWlFsdy11NDZEb2FhQ2FFU2VvcTlYT3JiSWJLdFktb1N5NXF2NXpaa2JydnBOUlZZM1V3dmlxaC1IWlFiYy1rR3o1emtMTC1qdGZMUTdFdE55Ukx0ekNLU3FXbm85OHhVbXd2ZDVSVTJuQ3VHV2FyY3pONWp1NEVSNTg3bk43VXA2QW1PdDYyREY?oc=5
2026-08-31 15:16:00,BRK.B,Greg Abel Just Gave Investors $4.5 Billion Reasons to Take a Closer Look at Berkshire Hathaway,The Motley Fool,https://news.google.com/rss/articles/CBMimAFBVV95cUxNVmUtbUs1RUcyR052b215WHVlSFhwS0RhLUlUOG05eDBoS3dFeUU1TXZoYlJIampoekpPRXhGYmlDSW9La2hZMl9hSGdwbXlhLW9IUXE1aW4zUnM1eThUc1FscDQ4TDlMT2xfZHltTWo4d0owZU1pZHlqMGVsQ0tFaHFfbEx5aTFVYWN1S2ZndV9tdlF4NHpKTA?oc=5
2026-08-31 14:52:14,BRK.B,Greg Abel Just Gave Investors $4.5 Billion Reasons to Take a Closer Look at Berkshire Hathaway,The Globe and Mail,https://news.google.com/rss/articles/CBMijAJBVV95cUxQVm9GR18wNFFlb2NJNlJSeHpNb0VWU29tTUlqaWptRVI5TnVvUENXWFdCdjNmMG9HaDVvdFRkb2JzdVdhVGlCdWMwY3E0cURyX3lGMVJDTWRjWGh1dlVGcmlfNG43RnlpOGJuVmNjamxCbmpPVU9QMEN4dFA0emZjNmRKZ3M0OW01ZEV6bUtxNDJoUkstNjBqRzdHZzB3RmtzWkpmVWEtV3NlSHRhS0p2U2dyS2ZFUjNYVzl0YnF3QW53OFRMT0N1cU9ILW01LUdJcFp5V2xKSmtvd3Z2UEZyaTFjTExOa19YUTRLaDY3aFNHV2ZUSlpmdmUwSlFWeTFGZ19jcmp3dmhYOXFr?oc=5
2026-08-31 14:51:28,BRK.B,Greg Abel Just Gave Investors $4.5 Billion Reasons to Take a Closer Look at Berkshire Hathaway,The Globe and Mail,https://news.google.com/rss/articles/CBMijgJBVV95cUxON1NnR3Q2OVVLc2JuLTZINXViZXo5VWt4M203NUdXVkpoT2R5WjF4dnljb0lVMzhwTEY2eE5KNlhtN1V0X3ZaM0U4OXR6eW5scHpoamE5SWh0c0Y2M25aanp1T3M5OWI0VElEZy1WQmUxNndFQ2xMcTdveGxaa3BZOERnTV9CRXpFUG1rWkRWSzkwX1FyQU1XVk5IbFRoZE8wQXZ3MzFhdnNvdjZobVVnVlVnaldxV1c4eGhZSmhXVTdlZGpDY1FKN2xYMEhrR1JOa2VSYkROWmxIeWlfRFY5RW84YWV0bkktU1FURU9UVjFXQXFQMmU5dElJbjA3YzFoQ1BPLVdnR1Q5dE5aY0E?oc=5
2026-08-31 14:36:00,BRK.B,Greg Abel Just Gave Investors $4.5 Billion Reasons to Take a Closer Look at Berkshire Hathaway,Yahoo Finance,https://news.google.com/rss/articles/CBMimgFBVV95cUxOb2NtYVExc1lIOVRmMUp0b3Y2TVN3ckFaVElrSGZVa21ocDI1VmRVczV2ZUtSTjljaWhNeXJKQktTTmpoOUxGVEhFaDRLSHBQVVQzZElKblVfT0pNZGZGX2VTN3hZOFROc0Itbm1kdU9YVnIzWmtpYWRESVlSZ0xDWHZCR2tsTGFlWktOdlIyM0hXTzZraTd3MXBn?oc=5
2026-08-31 14:13:35,BRK.B,Berkshire Bought a Homebuilder the Same Month JPMorgan Committed $750 Billion to Housing,The Globe and Mail,https://news.google.com/rss/articles/CBMihgJBVV95cUxQN3dmNnNHX3pfY0ppRkxMU05paG5ZM3BRSGpXOVYxd3A2M3FWVl9LaVJkUXBtSk8wbmNPSXMxM2xONHUtY0tWTl9CVDM3V3RSSHpWcm15YlMtQm9ObUNDMVU3cmdHQzNDS2k5WmhfRjhrc0xZRkNYMHYybTI3aUZjVElFMktybnV3NUgtY3FKUTIxWWwtSkhuMVd4dktvcFVaRXNUNGJYRTJVRVZJSWh6ZUp2TThoN2FxWi1BcWg3cEc0YTZpNFhOYkM2VG1qOFJmNVBsYm5Ubk1uRlBxVGtFYUVNUnFyM0dUT29KRnZSd3Y2U3FKM1BfdF9IX3FKTzM3SEFxNlhB?oc=5
2026-08-31 04:33:26,BRK.B,Berkshire Hathaway's Legal Win and Buyback Blitz: A Two-Pronged Signal to the Market,AD HOC NEWS,https://news.google.com/rss/articles/CBMi3AFBVV95cUxPRmZPY3hNZ09hSzJ3M25jY3BSaEVCOG9lTkRSTm1uWHFjU0Z1eTVjRG5BNFBsMHFSVXJ2TXhMV3hGcWVfb29MSHozdF9POU1MTmdieGxSVVhxUFFFNzJGaWc1amUweXIxRHdtRmlUb2FSbHllQ0h0NVVhd2tZMzktZVdHSngwOVRSNWI3amcyak1sT2tmVVRhV1g4TWZLTHItQkFHMHJNVjBvY2x2WFhMalFienFyRS1vZ1Bnc1RqeWsxdHN2b1hYVUV2bnlPbFlFVnRrcHlZUVhOaGgw?oc=5
2026-08-31 03:41:00,BRK.B,Berkshire Hathaway's Twin Signals: Buybacks Resume While a Homebuilder Gets the Parent's Backing,AD HOC NEWS,https://news.google.com/rss/articles/CBMi2AFBVV95cUxNMlRCVjJIOHRrbkYzam9PdnM5VGFLYUlOQmF2N3Q1YTRTbkFIZHhCS1kyRndSaEktVkNTM0ZVbWFUYVZ0dFhFdlJ1dnZPMjJFZjlIYkg1bFA3dDY4Wm1vaGZFQzZ5eGFfSG1KbUNXN0lMeFV6aFRJOUpoaEdFSkNjSXlCZ0pYdEdvWVpBcFpWNXhWNXZKLTI5RUhtQTRVRXljNEQ5UTNHWmdRQy12MFVqbU4xZTdNemx2eVNMRnhXOTQyQmdjVnVjemdHYWdPODFNNnIwWXJDTGc?oc=5
2026-08-30 21:55:00,BRK.B,Coca-Cola's 64-Year Dividend Streak: Why Berkshire Hathaway Keeps Buffett's $36 Billion Bet,finance.biggo.com,https://news.google.com/rss/articles/CBMidkFVX3lxTE5IeU1EclBmMDFVUGhEazlDLXRqRGM0OGtnbC1INEdScTI4eWhuV2hxQ0c3cjU3RDJiTlZma3VyazA3eWF4LUh2V0g1bUtDWkFRWVNPQk1FamkzVEt3VENIZlN4MXhrdUpKOGY5ZkhVVXNRbXJLQ2c?oc=5
2026-08-30 16:44:19,BRK.B,Berkshire Hathaway's New Playbook: Inside Greg Abel's Aggressive Capital Deployment,AD HOC NEWS,https://news.google.com/rss/articles/CBMi2wFBVV95cUxNZjNRUEV1QlFWTEI5TWdkc2tmdlRrbEV4WExGMEtEcmdBeTY0Ynh1WWg4WVIzbTMzYVVsUHRVWjhkVnk0Sm11TjZaZVhLejBReUE4YWJ3UmpCaDFOUHFXcDgwem9la3I3R3NPQVhXZU1JeWFnOFhzcXdZSnYzX0htVGpYeFNoZFZZQXpTbmtFNHBnZldTUXFYeXdIVU4zeHZZQ19yRS1ZWVpXemE0NWJNZEJ4TkdUQ2NZcUMxalhXTVQ3QTg1Y0pSVE4tNWNsb2V2U2lUdzZBdkJaNUE?oc=5
2026-08-30 14:31:55,BRK.B,Berkshire Hathaway's Quiet Revolution: Greg Abel's Alphabet Bet Signals a New Investment Era,AD HOC NEWS,https://news.google.com/rss/articles/CBMi3AFBVV95cUxNZFF6TS0xMWdVTjZoNGhzZm5zZTJVbEdFZ2JHSFVtU0w2eHVqdWZiTVV6aEdxT2VvQnJiSnBDdENLZm96TXRuMWdORHpUOWtRd0dFOWxYbFBIUDFiYjBlVFlNRWg4ejdYRDhaaGtWUVM1TVA2YUFDeVliaGFZNE1fRmlEaWxQajlRTnRtT3ZyWlExMk9Gelc5STNVUy1wQXRta1NlLUdnODN0NTlmbFUtQmlGbFpCSDVZM3FuZGppcjhLUFEtM2lLR0dFeXpfRG1qLUJhck5Vd1dmd19i?oc=5
2026-08-30 14:22:09,BRK.B,Berkshire Hathaway Flips Back to Net Buying After Fourteen Quarters of Selling,AD HOC NEWS,https://news.google.com/rss/articles/CBMi2gFBVV95cUxPa1dHeldycTBCUlJXNEZnaExXWFl1NjQ5NVItanFoc05zeUU5c0ZSa0tJT2JIdlRYOUhXbmo4ak5UOE02Q05xT2YxQWl6MHl6ejFYWnZKR1ZHWm02NTBIQU5pdWs0TC1tdkxYcTZJZzZDQWNWQk5vVFNLZXlaZEFtcUZkdzZpT2k0YXVnaFJ1MjVDRm9GcnNEUzB0cUhCWEJGT1JDd3J2QXliMFd0aDNJSFVETHVwVl81dW5Qay14T2FuQVIzVEt4Sy15U3NGendtYy1RZUN6QmE4Zw?oc=5
2026-08-30 04:08:04,BRK.B,Warren Buffett Turns 96: Apple to Coca-Cola - Here are Berkshire Hathaway’s 5 biggest stock bets,ET Now,https://news.google.com/rss/articles/CBMi6AFBVV95cUxPd0t4QkpPNXVXbEhpaWJzMUUtOHJKVkxZV1BIXzk0VHdybThhZ0FZdXRNOV9LZjVoRkRSWXJpYnNqSkhKSnl2LUw0WFlGNmlPNEpFNUVRcGhwUVBSTzdsYWdOZDFvZFFKeGJxTV9HRTRmUlNfVkNBelAtZ0QtcEdIdVNHRjJuMnJSSjdCVTJ4ckFHNC1ZTDNGYUMxcEhVdVhEZDRuZDJmRmd6RVZGYkZtaXZWRXhsNmdjalduYVQ0SW84b1pual84OHUyM1IzLXo4Vmw4Y004REVtR0wxVzVtOHo4dkV6eGhq0gHuAUFVX3lxTE00SEhXT1NVaU9ISkFPUTZpVjdYQklqYlM4dktaOEtzdmMwdGlnLWE3TnpuZTVPbDhBR0lUZDZXUFRxTWQ0SE5hc1hKZGdLUU1Hb094ak1KN0t6NWNRSy1vNWZTSVoxT1o2aDVyc05WU3RTeF9EZVFFdkpqNlBCZDliaWprRDA0NWRYTnBGdEw2Y1lILUdUREtCOXRVa1hvZDdFVVlxVDB5a0kwdU5KT2xzS2hRQlF6SGFubF9FQ0ViOHBNank4S0o0WkFtX1pJV0dkLUZJOWxJVHd3a0xIWWdWUWdQLU44cGZFSVVDVmc?oc=5
2026-08-29 12:33:18,BRK.B,Berkshire Hathaway's stock lags despite Buffett's active role and big Alphabet stake.,Pluang,https://news.google.com/rss/articles/CBMiqAFBVV95cUxPUlFBZi1pT2NYMFBsaDBfamdiT1RqanRWN0lLSElURmRJdGpkR3Q5cmhPSmtWYXdtTHZVbzZkWFdVZFFseEc0RFdyS0NuZDUwbGROekJ0MzN6RG9vd19WN2lKemczNXBZdnJDYnV0dlVZM3JSN0c3aGdlVXp2R2lNeE1oeE83UEVLTEl3LS1jY3VLWmU3ZjlPY2o5bm53UlNzTVFTdElHazU?oc=5
2026-08-29 12:13:12,BRK.B,Berkshire Hathaway stock lags S&P 500 as Buffett stays active ahead of 96th birthday,Traders Union,https://news.google.com/rss/articles/CBMinAFBVV95cUxNNWdSelA5Slg5LTFhMVZPOGR6NnFaM2RIZnZ1MEpwcUhFZy1zdnNhNHdsWjJkM0V4ZkN4TTlsMU5KU2pzZmhhTkpUcGNhb0o5TmFwM3pNbW9tTmN6WUJZblpzRElTSDAzcE0tUVlzRFpWSUxrbVlIMEJPU1Vlc1B2ckV6VDNZYnUyZjZqME9jRUlPRks1VUNiNjFibDg?oc=5
2026-08-29 11:53:36,BRK.B,"Buffett remains active at 96, but Berkshire's shares aren't doing much",CNBC,https://news.google.com/rss/articles/CBMipwFBVV95cUxNUzNJSk5ZOTZoLUNNWVpsd1JyWGxnS0dTMkh0ejlWWG9SWEFFdE9hM3VfMThRTW50LXFkQy1pNkFIYnduR1RibVlwa1ZZNTJEdG1IdEoyaU5pejVWTXN0MDJPRE4wYWptYzdzSWs4QXMxUFAxUGNXTmhIbEx1aTJyb2VDN001dkZ3WnNtNGZBUlJRNi14dkprancyUDJZUnNUTWJlcWloRdIBrAFBVV95cUxNVXN3eG1DOU5nR0VkSTg3XzVXb1lSY3Z1R2M4MVhmNHo5aUZLSlBXNnJxeWxxRTFMSzVuSjRCQ0pWVDNBS0NiSXoxWF9mX2VHTUhFUzJhcVBHWFJaZmRSRl9LQm5ZYVFFcmlETTliaG0tTUkwS2tMRkU1R210Z25CZkNTaThCUnpHeHhXRWgxYkVMd0dlelVrLXZOUWxPRzlWTW1tWVJrZE9IU3Fj?oc=5
2026-08-29 08:41:00,BRK.B,"Berkshire Hathaway Roughly Tripled $10,000 in a Decade. Did It Beat the Market?",The Motley Fool,https://news.google.com/rss/articles/CBMivwFBVV95cUxPYWZkUi16Zk1MS1VtSEd0a1NydTluYU1mY0N4Wjd2bHVPWk5NalZPUngtTF9oX1B5M1cwR0VoV01JbkJUUkRwU1JTRndfWGh6MzJ3Z0dRVkp4STR1b3AzdnR6aXk5NVVENjg4QVlobXo2U2ljckVLamZIOThrZElxQ2lFYVo0RG9hWXZoRGdhQVpkVldYeFNJSDhzUVZCUWw4YXlxWTlySUZxRWpnNEx3RHhQaFFXRXpwNUlKTlh3bw?oc=5
2026-08-29 08:01:01,BRK.B,"Berkshire Hathaway Roughly Tripled $10,000 in a Decade. Did It Beat the Market?",Yahoo Finance,https://news.google.com/rss/articles/CBMipAFBVV95cUxQSGcyMHJQY2VfTnZINjNORWcwUnh0alloc2N6LWlLVGh0a0otYkQ5aF8xMlo0MDBMRDA4VGdKLUpPSHhmQlctVUNTcjFRbEN2djhWVHFXR3BlZTF4aHo1RW1pc0pBWmVheUkwMFAzSHBMQWxhTWxXTHJjeTBpNDJUOGdmVTJzODRndWpJdmpZOFpYQlNrYVlySEJoNzN0N2J4ajNVdw?oc=5
2026-08-29 07:43:56,BRK.B,Berkshire Hathaway Inc Has $27.54 Billion Stock Holdings in Bank of America Corporation $BAC,MarketBeat,https://news.google.com/rss/articles/CBMi5AFBVV95cUxOVWN1SVk5YlZtdXg5V1JLOExuNE1vYk9lOThXQ0xIODdIMU5zbUMzbjA0bENxdW9pYWxleWJJZ0VROHUyZUU2MS1ma3A3UXpLcGxic3V6ZjFTelY5dFg3ZGxoNHNPQmowaDJta1k0MnZpMzZiMDZpZWVrNkp2dUxrN1FtNXd2R1Y2R0d1anJMVWpjbFYyZjd4VldTTW1ObjVkd1pLQm5JRU5ESy11TTBKWndrSkZqODMtZHgzTUNkYmQzcEd4Y3ZqWDJFeWhydkJmNktRNGdVYnEtdGRNNF85TWd3a3Y?oc=5
2026-08-29 06:52:47,BRK.B,Step Aside Coca-Cola: Greg Abel Makes Alphabet Berkshire Hathaway’s New No. 3 Stock,Ventureburn,https://news.google.com/rss/articles/CBMid0FVX3lxTFAzcnFkZEhiYWdxNjg2MTZRSWxDM29MN2NMeWQwZ1hsaFdxZ0trU3BQaTkzOWt2VDU1T1FBd1FhOTBNUzRLOEdoYXpRSGY2S1ZyQUdjbjNqb1NiMDh0SFMzSWlYX3piRVcwN01IMW9sSElNbG8zSi1r0gF3QVVfeXFMUDNycWRkSGJhZ3E2ODYxNlFJbEMzb0w3Y0x5ZDBnWGxoV3FnS2tTcFBpOTM5a3ZUNTVPUUF3UWE5ME1TNEs4R2hhelFIZjZLVnJBR2NuM2pvU2IwOHRIUzNJaVhfemJFVzA3TUgxb2xISU1sbzNKLWs?oc=5
2026-08-29 06:52:47,BRK.B,Step Aside Coca-Cola: Greg Abel Makes Alphabet Berkshire Hathaway’s New No. 3 Stock,Ventureburn,https://news.google.com/rss/articles/CBMib0FVX3lxTE1HWjZjTHhBVW9RVFpwYlRDYTBLM3VJYVNfRGFEbU5WR3F5YlRhTzV6a1hHeXJHY3MyaHdBU3R6Wi1Zc0V5QkVFNUJMLUN4RHZEbmlMV1ZJeVV2bGtiYkJLSVZqeS1JWjl3SEIyZlA1WdIBb0FVX3lxTE1HWjZjTHhBVW9RVFpwYlRDYTBLM3VJYVNfRGFEbU5WR3F5YlRhTzV6a1hHeXJHY3MyaHdBU3R6Wi1Zc0V5QkVFNUJMLUN4RHZEbmlMV1ZJeVV2bGtiYkJLSVZqeS1JWjl3SEIyZlA1WQ?oc=5
2026-08-28 21:13:10,BRK.B,"Trump’s June Holdings Revealed: Berkshire, Visa, Mastercard, and SpaceX Become New Buys",TradingKey,https://news.google.com/rss/articles/CBMi1gFBVV95cUxOanl3SU9yNjEzMEgwM0Y3VzFpVEZyU29JTjF5eHVTWEZyMHJRLU5yazk5SGVfczdBQnBFbGFCSGVVOUVqUmZjS2xNZDNQdW5yOV9ZSDd3RmZLR0dnMDJ2Rk45bG1EZUthNGJJRFJ4eWlySjI3RDk5bHM1RnRsWDZEWUdQTHlhQ2dPWXphaFpVNUFJV0dqc04wQXpTeUR4NXc2dUhreDZGMVBEZldqQWlaYndTZHhnelBIaFJJd25TRERRa19jZGZKbjFCdTQ3Rmd1dmpSbU5B?oc=5
2026-08-28 20:05:06,BRK.B,Berkshire Hathaway stock edges higher as operating earnings and buybacks underpin valuation debate,AD HOC NEWS,https://news.google.com/rss/articles/CBMi0AFBVV95cUxOY2NGSFAyS3JkOWRqTHQ4NGJRQWpORUdEV0Y4c1lRb1hUamlzN3BmTWJUSFc1cWo2SzVOR2drYl9MM1JKZW1HVDdjZFJRMmxkWUluZEhaRjNEODJESUQ1cDdjS0hGeTFNSnlrQ2tBNGxRWnhWR1NSbURiZ3p0b3lqWUl4RzVuRTJ5bTQ1Wkx0ckdNay14Z0VBYXdnRG1DTlNXYTR0SmZsOThFYV9wRndIWnNYMXhhUjBGdHI4ZTdyVHBVQzc5TnVySzBvdGh6SXFH?oc=5
2026-08-28 17:44:06,BRK.B,Berkshire Hathaway (BRK.B) Stock Looks Cheap On Fair Value While Earnings Stay Modest,simplywall.st,https://news.google.com/rss/articles/CBMi6gFBVV95cUxOY1VKLWFWaXhIZ0Z2ekxFU0ZPQ2x4VzJnMmdqaXpLWE5OZ2lPMnUwZXhtTWZFel8zbG0tandCOGU2OTE2bzgxZ1dWU3RMSXh3cTVCRTJUYUh6UWQzbHdXMFBHUGQwdDJQQjFnSXlqWi1tYXU0YnNMOWgyY0RqUEZXcUMwelBzUHFfTFUtTjF2czQ3MVg1NDlTYUE5QW0xNFBLWmljSFQwYVZ2b2tSay01WWFMTXFXT2ktbDh6bXlUTWEwc2NTclQ0WE1hZktHWmdSVkllTC1zV0EzTW5yTU9lZ2hzQzAzRTNaNlHSAeoBQVVfeXFMTmNVSi1hVml4SGdGdnpMRVNGT0NseFcyZzJnaml6S1hOTmdpTzJ1MGV4bU1mRXpfM2xtLWp3QjhlNjkxNm84MWdXVlN0TEl4d3E1QkUyVGFIelFkM2x3VzBQR1BkMHQyUEIxZ0l5alotbWF1NGJzTDloMmNEalBGV3FDMHpQc1BxX0xVLU4xdnM0NzFYNTQ5U2FBOUFtMTRQS1ppY0hUMGFWdm9rUmstNVlhTE1xV09pLWw4em15VE1hMHNjU3JUNFhNYWZLR1pnUlZJZUwtc1dBM01uck1PZWdoc0MwM0UzWjZR?oc=5
2026-08-28 17:44:04,BRK.B,Berkshire Hathaway (BRK.B) Stock Looks Cheap On Fair Value While Earnings Stay Modest,simplywall.st,https://news.google.com/rss/articles/CBMi5AFBVV95cUxPdU9DOWlJNl85R2Fvd245bUNRVWdZMzJfSnJmRFJGcURlU3Y1ZFZLX0toLUt1aFl5Z3JQUGRqSGpLZWJlaFBjZXhpRXpnSFpHajhhZjhTZ2c4eWlYaEhjU2JGQ3NMUEljWG9mdTNiZ0xpSWxISEl5QzNxWXZDRjhoVU42Rmk0SzhXWTdKYTJ0c1hGWXhSVUlNMU9ZMmttMlJJYkRUa0V0RVB0SUdPWWx5Q3dUZmF2ckNGY3AzZ2ZMVDZVTmpGUFJGUHhCRzBfSWxyX2xhSFFMWWZlR05ocXd4R1Z5R27SAeoBQVVfeXFMTmNVSi1hVml4SGdGdnpMRVNGT0NseFcyZzJnaml6S1hOTmdpTzJ1MGV4bU1mRXpfM2xtLWp3QjhlNjkxNm84MWdXVlN0TEl4d3E1QkUyVGFIelFkM2x3VzBQR1BkMHQyUEIxZ0l5alotbWF1NGJzTDloMmNEalBGV3FDMHpQc1BxX0xVLU4xdnM0NzFYNTQ5U2FBOUFtMTRQS1ppY0hUMGFWdm9rUmstNVlhTE1xV09pLWw4em15VE1hMHNjU3JUNFhNYWZLR1pnUlZJZUwtc1dBM01uck1PZWdoc0MwM0UzWjZR?oc=5
2026-08-28 16:20:15,BRK.B,Berkshire Hathaway (BRK.A) Puts $6.8 Billion Behind Greg Abel’s Housing Bet,Yahoo Finance,https://news.google.com/rss/articles/CBMilgFBVV95cUxNa2JUWHgxZ0lPYVNvdmlWX19FWFZUUlZha0lTYkMwa2o5VHhDTXcwbGZRNXNsRjBsNmN6UnYtbnJtVkM4ZTV3R285X3RTZXpkVWF5OVRzY3dxSUxKVGhCaGZCNFlMYy13ZFlvMlp0WE1lVXhMWjNTR1V5MGpndG5GV1BvYTJYMDFCOG03ODVOX0VrRmxNOEE?oc=5
2026-08-28 13:46:13,BRK.B,Did Greg Abel Get Berkshire Hathaway Caught In a Housing Trap?,Yahoo Finance,https://news.google.com/rss/articles/CBMimgFBVV95cUxPVDJqWTcwdUVzTmpHcmkzdC0zR3l3cnc4TU5rVG1zVzcxd293X1J5QjU2WnR6YjREQVZBbWg1XzNsc18tRmV3SURIZjJCc2dnVjhCTXBUQnk4WHVxeG9WLWFMY2RWbHZyeTZGclNKTjBrUlhvcjNrRkRhc0lKYU9xdl8zaW5uYVZHYl9aQzBuQkRtdHNGcVhxTFNR?oc=5
2026-08-28 13:46:13,BRK.B,Did Greg Abel Get Berkshire Hathaway Caught In a Housing Trap?,AOL.com,https://news.google.com/rss/articles/CBMiggFBVV95cUxQRHptVnV0TmppeXptM19HTy1IeGJ1cTFiZVF5ak9OSVk4MmdKeE1sUFB1QzRIbjlwRDFOeXFJQ1hBRG92LWZfc3VYNWNGTENVcklPWnNrbm95aXhieWxsWEVqVElrWUtxWVZ1S2NzSGxNbm9Ob19NUGhZdmNNU01Nbkdn?oc=5
2026-08-28 13:46:00,BRK.B,Did Greg Abel Get Berkshire Hathaway Caught In a Housing Trap?,24/7 Wall St.,https://news.google.com/rss/articles/CBMiqAFBVV95cUxNQkkzLU1sM1ljbkF5aGZTMmlLRGIybDM3S08zYUZya29tVWRCVElkakRCUXgzdXBiMFZETTczNl9IZUxXY0dVbnVkLWMyUGxKSi1IZFE2NzN3TXppM29pdkZpUldXcEtlN29hZ3poRXJpM09LRkFaVHRTallDRmVnckJqeWRjcHdONEhFMTZGMlRLOVVKSDJ1ZW1IbnpaM3huQ3NWZWFKMWY?oc=5
2026-08-28 12:53:00,BRK.B,Berkshire Hathaway (BRK.B) Stock Forecast: Buffett’s 96th Birthday and Abel’s Outlook,Barron's,https://news.google.com/rss/articles/CBMiqAFBVV95cUxPZmg4b3QzUENJNXpvNEJFcGpYQ3RPZ3dvcFFUejl2cjA2MlZLMmkydnIxSGl1aV94YnU5TnA5aHFCd2FydDMtUDA1TWhHcnh2VEZBNnNrYVdzLTV6ejA5OF9udHZOWUFFNG1HaVhaRkE4bENTQ24tb2E1QVJld0pCNVlyQ0xyZjZ4SzREQXljVFFadEVyMGdnempVTmdCaHgxaGtXRDF3V1A?oc=5
2026-08-28 10:06:00,BRK.B,"Step Aside, Coca-Cola and Bank of America: There's a New Apple of Berkshire Hathaway's Eye, and It's a Virtual Monopoly",The Motley Fool,https://news.google.com/rss/articles/CBMimAFBVV95cUxQN2F2eUJ1dFlQMzRMRzg0R194cjFVM3JnRG1CS3VxTXJMU3RQcWE1Yl9lcGpzbEZIblF6LTVub0haWUxYaGlGNWdkVExzdmVUclJES0cxLXVkeFVSVC1Cd3Z0UEtVRTlkcEpCemNVSTBlZV9pd05ZQ2ZoYjJqZGpITFpMbGh6bXJhVnVCR2VUbjJQQS1CV1RrRQ?oc=5
2026-08-28 09:26:00,BRK.B,"Step Aside, Coca-Cola and Bank of America: There's a New Apple of Berkshire Hathaway's Eye, and It's a Virtual Monopoly",Yahoo Finance,https://news.google.com/rss/articles/CBMilAFBVV95cUxQcnN0MEotWlBkcTZpRUN4V0pSVmZROXhWODlMRXo4ZENldEtNM3JpQjFkbmJhZmdROUlLdm5pU2VxdTlSX2QwRmhvcVNOVkhPQzBYMlM5SGlvUWhYSE81ZGJTZ1d3c1FkbkpqbjVOU3lVTGdiMFJJckVjbUhpZnkyTS1qNmlCOFU2NmpDbnlGUHljU0ls?oc=5
2026-08-28 07:57:52,BRK.B,Occidental Petroleum stock holds in the high $50s as Berkshire-backed earnings story stays solid,AD HOC NEWS,https://news.google.com/rss/articles/CBMiywFBVV95cUxPb2ktTFZ5Vm9ENjZOVW90RUc1RDIxM1F0WWUzVUQ0Njc4THFfdFViRXM3QUJBd0RvaXRqaVRTWDgxdGdFc0lqNjllMEp2V252VXh4MXBpVzRsUFI2X3NLMVJORVFQUlp5X01iUUdhSWpkMEJyd2x3Znp4SGhGRHRoY2hXMmE4MkY4aGVkbWtYZjEtSkRQVDFkZk11TFM1b3FfZUhpWF8xeFQ0OUF1RVZpWTFFVXI2TldpX2dobWVGLUNzYVVmaGNGUm5ySQ?oc=5
2026-08-28 05:20:00,BRK.B,"Three Ways to Benefit from the Expertise of Investment Specialists: Globex Mining, Mutares, Berkshire Hathaway",news.financial,https://news.google.com/rss/articles/CBMi1gFBVV95cUxQZkIyZk56NGlTVmRxUzhwc3Z6OFRheFV4clFGTllqUVZhX2FUdVhueFJZaXpBSGZRQVhVU1NFanE3RmtoN2o4WjJqZXYyMTRQZnd6X05mdDBQd2lrTWgwaUZyV2R1WFRMQlJxTVpRTHFZZHFWbEtZSU03aFZlN3N4SlNJQ2U1bWVFTzYzS3hfLXhqcngwVEQ5djNnU1AzdFlORWJsYkF0MlU0QVl6cENQOFNGSzRzUkhuUjNEZ2VLOWlfaTdyTzA2OTZyX3dnd3llSk10bU9R?oc=5
2026-08-27 22:46:00,BRK.B,MoA Large Cap Value Index Fund's Berkshire Hathaway Inc(BRK.B) Holding History,GuruFocus,https://news.google.com/rss/articles/CBMikAFBVV95cUxPaGJ5eDRoSmNEX2dkVmJpeGZhSWV6dW92bjViZkpTWm9XMnVSXzNJb3k0eDd2T1dRdWFPbllPRTFJQUR2d3BfZmkxVUQzLWliSEpuVjVuMDU2YzVac1lNdEN4U2d0MUFfRGU5UWFiTFZfMFdWbENfakptNlozTHc4RFZSeVpQdjVYYXpzZ0pERzU?oc=5
2026-08-27 20:33:00,BRK.B,What a 1980s Client and 3 Shares of Berkshire Hathaway Taught This Merrill Veteran About Value,Barron's,https://news.google.com/rss/articles/CBMimgFBVV95cUxON0llVzU2WTl5cHdNY2JRajBXUktsSVhXMVR0QUtyLW43aDBfQ1FuQlVUa0VLMjJGV1hwcndCaHg2eTdveEc1ajRYXzVpaVoxRTBHSDhzaGpxWEsxaW15bTJFQTdiZWhFdUxZQTlybjhNbFl3ZFI2d0lOcGxkRkdXWGdiZTFLOWNPM3FrcC1FNVlHbVFVbjY4bnZB?oc=5
2026-08-27 19:44:20,BRK.B,Warren Buffett and Greg Abel Quietly Hold a Bigger Percentage of This Company Than Any Other in Berkshire's Portfolio (Hint: It's Not Apple or American Express),The Globe and Mail,https://news.google.com/rss/articles/CBMi4AJBVV95cUxPTDBXVkVrWVdiNktUZld4b0J6VlowSzViSzVhZktuWmV3S0hwZ2xFT1JMeWVNNWJ0cHpsMUMyeUwwVVkzYWhaUGRsQldnNDE2elVlc2dsTFlDb1dHVUpadVM2cFYwS045eUppTC0wZmJaRkRUdDNWajY4N1FxbjNWbzlRYjhFTDJEZFRDN2VySEdwckRVMGJCa0dEUWh1WkhIRE5fcHJ6U3dLeVlCdm5jYzJ6QVVfT0FnemdNZklXNk1CcXJQS0FrXzFMaHVHWnJDLThtMXNtbGVMc2szRjNiVG1CYnFWbTl3ajVWRHlsWTRGQWJ5X2hTSU1zODY0WGlPV0JJMzVxR2llVkpqN0hFTFl5aFFHSmhBM1l2b0RRTEhTMmJLdElvQy1oMXpURmlkcWhNSXdaQldYWUNNcjZ2RHZvZWFxTFdadUlaMFFTTEhRMC1GWTY0SGprQy1RN2Zy?oc=5
2026-08-27 19:25:00,BRK.B,"Warren Buffett Gets Praise for Chairman’s Role, but Berkshire Stock Lags",Barron's,https://news.google.com/rss/articles/CBMilAFBVV95cUxNc2tXN2x2UnhabGR0U3Fka1NHUUdaaTc3NGYzM2p3WFh5RTJULVNFLUh0U09FckdKeFpLaUpab1h4dXV1SnNFUFVwU2R2bkdlVERoM2RZa21DQzgzS3owSHB1N0xCVHBrclZGMTQ2ZUNzMEFuS0NrT2x5Y2hqNjd4MjNZSWtBZDRkMlJGN1JzTGZQTl84?oc=5
2026-08-27 15:52:00,BRK.B,"Greg Abel Has Kept 60% of Berkshire's $359 Billion Stock Portfolio in Just 5 Companies, Even After Eliminating 16 Other Positions in His First Quarter. Is That Concentration a Risk for Shareholders?",Yahoo Finance,https://news.google.com/rss/articles/CBMimAFBVV95cUxObWI3VUtIOW1JZHVFejAxbjZadFlrM1UyaTgyQzk4MnIwNXlpZFBWQlRmYmh5ZjNhUi1ibUsyR3pyaHdIUzdvVFZSZk9RbHVxMEs3ZUxrODRUR3RWUFNuM2VER1ZvN1QyN0VSZk1KWWk0WGpWUXVVLTdLWk5DQkZSQUREbjZzdEh3QVQ1S0lYdlpGRG5xTmhqag?oc=5
2026-08-27 14:57:23,BRK.B,Berkshire Hathaway: Abel Is Buying At The Top (NYSE:BRK.B),Seeking Alpha,https://news.google.com/rss/articles/CBMiigFBVV95cUxNckRNZi13UlM0LWJ2WGNCSUpJR2JZSWF0cWtOdnNLU3l6bVJpS3RCTmZ6eGdZQ2JzNnRrNGQyZm1waWZuNWFoUThxdzJTV01hR293SFY2Y25tRDcwTXJENlMzdU5rRU5VLVFqUnlfdWRuaUktTDFFVExNTExjT3VyazV1eEdPMFFRRXc?oc=5
2026-08-27 14:05:00,BRK.B,"Greg Abel Raised Berkshire's Delta Stake 44% to 8.7%, Reversing the Airline Exit Buffett Made in 2020",Yahoo Finance,https://news.google.com/rss/articles/CBMinwFBVV95cUxPRVYyU09rQ0pGMVJUWHFkZ2lMYkdqdlgxSC1URmNTUl9Rck5BLVRiZWFYckpVdFdsdUJWck1YREtPb0RYZDFuVTFLT1lyRU1QSlRTOHdWbml3Q3prMjhYU1NPdEZOUUJIc3BtakN0SUNKOWJRWDlNUkFxMGJ0U3I1cVNPRHJrTjB0Y0ZJMnJ5cE5JWUhudTlzMWhtS2dDLW8?oc=5
2026-08-27 03:22:43,BRK.B,How Berkshire’s Pivot Toward AI and Housing At Berkshire Hathaway (BRK.A) Has Changed Its Investment Story,simplywall.st,https://news.google.com/rss/articles/CBMi6gFBVV95cUxPN1RaYXRPU3M3cExzZEV2Zk9aaG1kb3NubkMtb0tEaS1GVDhmNnNSX2ttX1B4Sk84cUY2VF9PdHd4dnpkWWxEbW5XNHp3UGZ5Ql9FOEZ4VnpRM1N2Q2tCcmNJMU5qZHFUMHVyUktPZy1ycm9NeldRSTV0T2dWS3NrYlZLanQ5bHhPcEYxMzBxb0h6Qi1PaFZNZllYd010OUZmNEhiSHBES1cyUUZ6NVFlUUM0WDlrMmYxUnlTdElZT1lsc05YWnhPbmtSZnJHcnBXeHRpOWJiWnVNZjE4ZVpTX2hRV3ZCbzBJLWfSAeoBQVVfeXFMTzdUWmF0T1NzN3BMc2RFdmZPWmhtZG9zbm5DLW9LRGktRlQ4ZjZzUl9rbV9QeEpPOHFGNlRfT3R3eHZ6ZFlsRG1uVzR6d1BmeUJfRThGeFZ6UTNTdkNrQnJjSTFOamRxVDB1clJLT2ctcnJvTXpXUUk1dE9nVktza2JWS2p0OWx4T3BGMTMwcW9IekItT2hWTWZZWHdNdDlGZjRIYkhwREtXMlFGejVRZVFDNFg5azJmMVJ5U3RJWU9ZbHNOWFp4T25rUmZyR3JwV3h0aTliYlp1TWYxOGVaU19oUVd2Qm8wSS1n?oc=5
2026-08-27 00:32:59,BRK.B,Is It Too Late to Buy Berkshire Hathaway Inc (BRK.B) After 0.1% Rally? GF Value Says Undervalued,GuruFocus,https://news.google.com/rss/articles/CBMiyAFBVV95cUxNMktlWmd2NEFLVkM2RGhSNVBCTEp3cHUtaUwyWjhoOUNFci1fMlBtOUk5WU0wVGNHUDBNMS1tQXB6WXNmV01jUHIzMm9rbXRTWFExX0tVVmI1NnFYaFUwRmU5dnpzZ3IzMXVSdGZXT0p2UlpQRjY3amlSN1ZwNmF5eTNuX3dsT3pQZThBN2ZmRERKaXc5b2V5Znc1eFdMYjFwTy1wcjJ0M3dHalVSczVBNXE3cWRZcWhlcjJ5TnVpc2NKM1ItMjRXQw?oc=5
2026-08-26 22:30:00,BRK.B,Berkshire Hathaway’s housing bet deepens as it boosts Lennar stake to $1.2B,The Real Deal,https://news.google.com/rss/articles/CBMimwFBVV95cUxNZkhnQzVuRlNaVzNaakcwRkFrOGZEbkpldXZ5WmtxMkNRMWl6Y2t6N05nTmNnVmN0bFFtMzZvWTJ4X1llcGdYOC1rbXdWYzJTb1dnNXhfMmlERHB3eEx2RWc2RWZYTEtUV0VOMi1SZDZTOE1JcE1xeWlIR3VrOVUxNTVSQlJtM2toSnFVb2FGS0ljNWV5ZEgxa1piOA?oc=5
2026-08-26 18:45:00,BRK.B,Berkshire Hathaway and Billionaire David Tepper Are Piling Into Alphabet Stock. Here Is Why the Tech Giant Is a Screaming Buy.,The Motley Fool,https://news.google.com/rss/articles/CBMilAFBVV95cUxNQzlPWkt0WWFMaUd4bldSbWdrX2s1aFVWX2ZaUV9tYUdhb2thRFZLbG5ZdWZnTXVkVk4xMkI2S0RFYUdpRDI4YlFqODRpMUMwSlVoMEdqaGlrRGl2Tmh4R2xla29WYl9SbFBwclFiVUZJNTkzSzlMNHdiOHBMcWhlQnBrNWh0TUZ2amlrdFZPdnpBYTJV?oc=5
2026-08-26 18:05:00,BRK.B,Berkshire Hathaway and Billionaire David Tepper Are Piling Into Alphabet Stock. Here Is Why the Tech Giant Is a Screaming Buy.,Yahoo Finance,https://news.google.com/rss/articles/CBMirAFBVV95cUxOcjBidmEzNHYyYW1oYlpVN1RUYkdXZzNtWVBBWlRQTVhUaHRfeEhaWFBwVkxJeXVPRDg1bnZnSTFIR3NfcmN3eFFEVWpIcGREWHFCZzZSajh0TTktdnVPYTlpb1BDOUEzTTc1Z0lOdmRHZmlOYTFJcTFsZmRlOFBqS0dVcjJFT1JrUWJvRU9kRUVERlFnUi02NTVXV3RtS2xrMERIOWM4ZDhWdDhp?oc=5
2026-08-26 17:49:00,BRK.B,"Berkshire Lags Industry, Trades at a Premium: How to Play the Stock",TradingView,https://news.google.com/rss/articles/CBMivgFBVV95cUxNR01EZmtWVm8ydkNiOE1fRXQ3V1hEVFBLUmYtcjZ3VlotaW40UjRSNUlyNk5hcDFySzdHR1VlRC1jUXlRcldEV0JmQ3RVdHFUaW1RQ1ZFWVktNi1tbVJ5b3dpeW4zTGlpMVk2c05zMEx0REI4TmkzTW5RMnNBRWNLcjNVX1lnX0dBS0w3WktNbV84SU5SanJZZ094YWd2elVxLVNjZjkxVkdHSU5CWWp2Q01iQ1gzS1IxXzlzRjBR?oc=5
2026-08-26 17:01:38,BRK.B,"Berkshire Lags Industry, Trades at a Premium: How to Play the Stock",Zacks Investment Research,https://news.google.com/rss/articles/CBMiqgFBVV95cUxONVgwZVM1d1FEQmZxRTZfV1lHdDFyV3RIVENYUTBkQVlPRWZNdUh4ZXkwb3lVdHdrSlhRQjZzLV9QNVFEVkdObXBueWUtSHpPU3g2dGpNSm14SzQ2UVM3RXZEdFJNaWlaRWlRM2tKc3VZUkYxbjdYWkg4LUcxcUpHWWM3TmNaMktydTVyaDFqa1NKVVlOR0pCYTdCN2lwXy1iLXp3SVVlYUE2QQ?oc=5
2026-08-26 15:06:58,BRK.B,Berkshire Hathaway (BRK.B) Looks Inexpensive As Investors Reassess Its Recent Climb,Yahoo Finance,https://news.google.com/rss/articles/CBMimwFBVV95cUxQaE1zTnF5RGpHbEo5REpsTGR4VXVmWHQyOTBiTjNFdUJSU1V6WTZaVmNtbnBSa3hhcU5Va2hXYVpnLUtrbENmeFBZRG1LSkVCRVVRUFM4V29IaHJSNTBDWWtWd3c3SzZlUzdyZlZ5Q1dvcFlTdTBpY01Feng0Z0xHRDFoUzNneHcxUlRTTEJpOFFsZldDcmRiVklMTQ?oc=5
2026-08-26 14:13:32,BRK.B,Berkshire Hathaway shares remain locked between $504.75 support and MA-20 resistance: weekly analysis,Traders Union,https://news.google.com/rss/articles/CBMilwFBVV95cUxQWEgybjg5Y1FUV0haeW9XV0dkT3ZFekxPRzJfazZUNzUxLTdpVHNzS2Mzb2p0aEFyQ1FrU3FTZGZxVm5PbTZQS25CU0E3aXNuaHdDYk9ieUdVaF9pZWJscnV3Z0tBVFZVckptcDUxMVVyVzhCU2o4U0M5dEdHV1h3Ymt4Q3pxYzI4OTFKN1g0Yk9KU1BPTVVZ?oc=5
2026-08-26 12:32:22,BRK.B,Greg Abel Just Made 3 Moves at Berkshire Hathaway That Bet on the Same Trend (And it's Not AI),The Globe and Mail,https://news.google.com/rss/articles/CBMijAJBVV95cUxQVXI2WW9zTW5va0FKVm1BRnoxTGJ2M3FxWVNMSTFJSXRySTRDUFkwanNUbFFGRVEwMFByT3hLWlB4bm9WX3l2MFZOT0FnMC1vcFlWU3ZNNTJBMzhzSmp3cmljX2VrczZiTVZqWk5RdDZVSXFfNENNODZmbUZUcVE5WWhnVWlHcXRRdGluWEs2UlRQVHpEdEtDTVNVd0JkeUI4YnN2ejVVdmZDbXZNWlFlbkF0bk85RGFSd01zWGJ5X2c4Q0JMeloxM0I5RWJyLWlCemZHVFktMEQ5UkpLZHdlNi1SWUdjTFNkSGVtSTAtOGxTMzNsVlp1NVRBbzRXNmVMNHlFTE5ZVUs5ZktY?oc=5
2026-08-26 12:32:22,BRK.B,Greg Abel Just Made 3 Moves at Berkshire Hathaway That Bet on the Same Trend (And it's Not AI),The Globe and Mail,https://news.google.com/rss/articles/CBMiiwJBVV95cUxOTVdZOFNMaTB3eTNKa282NEpfWGctXzZFbHdIMkhhaE8zLWVwZXdOODV1cG12M2tBRC1iejB2M3ZRbUxjTlhlOGpOM1FSM3ZIaExpYXllNFJNQ1BOWjhMMTQxdGIyNERLUFhZVldqRTRBTWpuOTFBcWRtUkdVNFVnTWZsdGNoaXR1NGJNb3FBX19sRTFobWdLTEVHZTdVdXlDWFFIWEhCdDk5QmVJNHpHZGw4WC1wUlNKQ1pUeF9veXc2VGNHZnlPV1dkSlI1TWtDMmgwUGNENVlQV0JsaE4zeElNWDNMaTN1b0pXU1dERnhnZnBJb1hUQ1BkSnBLWXBoNjNpLV9ZUzVQcVk?oc=5
2026-08-26 11:44:41,BRK.B,Berkshire Hathaway stock holds firm as insurance profits slip but Alphabet bet grows,Ad-hoc-news.de,https://news.google.com/rss/articles/CBMi0wFBVV95cUxPSFdCTUxpY1BUSXdUcy1WVndsOUFad01Rd0VERzRXTldrT3ZWVUFvbUllUVJRQU9JWmMyVEE5VnhQYWNSXy1yaHU3dlNGYkNkRF9OLU8tUG1KanR4SDZNS0xEaGMxX0otRGFjYnJ4dXF1c2gwN0UxaG1aSlhjUF9oM2NPYTJwWTVzWkV6a2hOeFM1VWh5YUVxSWdOSi0yWXJjQ2hwSEVWeUZSR0FScnF0aTlBekpZTGJtSG1SRFpZaWs1NGwya3VON090MGk5NGdnbGpN?oc=5
2026-08-26 09:33:43,BRK.B,"Warren Buffett's Successor, Greg Abel, Has 30% of Berkshire's $358 Billion Portfolio Invested in 2 Preeminent AI Stocks",The Globe and Mail,https://news.google.com/rss/articles/CBMiqAJBVV95cUxQa0hlS0ZLZ3EwbW1LV0xEczhTc2FoMEhSV2RWaDJqTEk4QWRKM2hKR3JQLTdaR3lndGVLeFJBYUNKbG5HeEhYYTBUdWhZb1lhMXlEVnVNUllRdDhWMV9rYVR1UDNrSWVudzJrYk1VZDcxRVh3bXh4ZXlBWnd1d1FQUkdmaU1JU3ZRMGIyN2JieFpPUVdDUEdDa2tuOVo3eWs4VEFXN1JLZmRBZVFFNnRnTk0wLWtxUkl4XzBmQzNUazRGdVdGbXpmVVhfeHN0Yi1iUUI5dWRENUxEOVVwOV96dGdYUTFCNE1wZmd5R2F2SEZmLUpVeDlhLWZNUi16SkJJRDlBRWQ4SDdJUTUtekVkOGV1Rnk5a1FMUVFGZ1VJa0RCWUt5VEpzdg?oc=5
2026-08-26 08:54:08,BRK.B,This Berkshire ETF Costs 20 Times More Than Owning BRK-B Directly—Here’s Why,AOL.ca,https://news.google.com/rss/articles/CBMie0FVX3lxTFBaVm5hXzItR2duS2ZqVFJJRmJ4WVVGQWpjMG9hQmEyMmlNOEEyWWVZaFZxQUJvM2trVkMyMFlCdVVTQjlXaDNSTjluSkJKS19taktaeGlhWXJYTTdIWktUYjdESjk2ZkRTWjI5bnNmUXIxVWxVYTBFVnJFSQ?oc=5
2026-08-26 08:34:03,BRK.B,Berkshire Hathaway Rose While Every Major Chip Stock Fell Monday,AOL.ca,https://news.google.com/rss/articles/CBMihAFBVV95cUxOMVZQOUlVUEMxcWtycWViZTdUNlZVZWt0eDRieTZ1ekpsanNRZ2xQRFRpcWNMTVkxOXpXV1VNQlRyc0ZEU0pEeTYzelFVU2dqbDAtT29YYzh4a2R1UWRYajAwdHo3SC1TRFlMZnpNaTBjazhfalF3SFgyQVpvaVc2M1JxUGM?oc=5
2026-08-26 08:00:42,BRK.B,"Prediction: Warren Buffett's Successor, Greg Abel, Extended a Dubious 15-Quarter Net-Selling Streak at Berkshire Hathaway in the 2nd Quarter",AOL.com,https://news.google.com/rss/articles/CBMi5gFBVV95cUxPVVN4MTZNdWpRclUwalpNUUFLUkItUW9DOWE2RjNsaVJBaWNDZkRSTUhzMWdpOG9GUXE5NkU2NUphZk1ZQ2JSMkhRNGNaaEVaLWxaWE5vZl9wVjRXbXZWLXZGQnZCR1YtQnl4QkxMdTAzZmo1bjUtU19IeTZ0Y05sMXJ0THg2anRTR0RmOWh1VTBQUEpBQU9qRG9mb1pXSllZSjlPdTVxbU5vUWJKQjZPVkE4Y1FtMGFYRUNYT2M3OXQxN3FUWlBIc3QzejRFM3ZlbnJ0RG9tVzRoaGJyVFdYR0pUTjlkQQ?oc=5
2026-08-26 07:30:00,BRK.B,Warren Buffett Thinks Stocks Are Expensive. Berkshire Hathaway CEO Greg Abel Seems To Disagree,The Motley Fool,https://news.google.com/rss/articles/CBMi0gFBVV95cUxOVkRHMHZWeWhTUS1aR0Y1Q1kwZmVmZ1o5SlVKOHlVQ0Y0V3djVFZqMGFWOGVUZncxRV92OXR1eC1tUTNKVHNTVHVLRVpiaGplVi1pQXNaZXR1cHlqd3daZUVWamUwMWRqTzdUdUVsY1FLblAtTVZXdmdSV0pURjM1TVUyUnlqRVlOallKWHZOVmlsaHcwaFJxZG1UNUtUQ0xXaWs1S093NVpKSWVJMDBqSVUwZHVjSV8taEdyRmxfaHlzaXluY1pkODBCcS1ta3ZCd1E?oc=5
2026-08-26 07:04:51,BRK.B,Warren Buffett Thinks Stocks Are Expensive. Berkshire Hathaway CEO Greg Abel Seems To Disagree,AOL.com,https://news.google.com/rss/articles/CBMiigFBVV95cUxNemtqQlVDem1rdF9pSWY3bTNpdWE5YU84TWgzVldYVFFWUHQzbUE5XzFjeWdLNmNZQkdSNS11MEZZZGZGN0NlYVh2dnRHcnJ6SmlQdXo1Y05HRkFCeFRTSkNuRmdYNGx6ZGtrMXp6N3QxaElmcmVVQmNtN1dBLXFSc25zWHcwMzNSMWc?oc=5
2026-08-26 06:50:51,BRK.B,Warren Buffett Thinks Stocks Are Expensive. Berkshire Hathaway CEO Greg Abel Seems To Disagree,The Globe and Mail,https://news.google.com/rss/articles/CBMijgJBVV95cUxOYnY0SHlGTTZ2U1FjQkp0VXdRQnpXSk1kcndpMEhyNHZxZVRFdk1VSzRla0puOTRPblVwdDdWZkhOZmpXVVowNmx3eUhQam04czRqQWlxSlNaZUVJVnBVaFNzYU5aY01ZcW5IejVPYVVYQjB0Z2hHN3FEWWVLenRTZGdXdEM1MzkyRWZzZVJleURpN1pra2prdl9ISWNHZHM1ZW9nOXlpRWUxbWNjQVVZZV9OYXN1bm1GRk1UMms4RDhJTk5wNjZuTC1xMWFZaG9iQl9hMHh3WHE2bXNEZ1pTN0drOUloTzlnRUxHV2VHakVFX3ZjbW1HOHJDYUFSTzR3cGNlRzZsdXh0SEJSM1E?oc=5
2026-08-26 02:42:33,BRK.B,Berkshire Hathaway's Record $397 Billion Cash Pile Gives Greg Abel Room for Buybacks or a Big Acquisition,AOL.ca,https://news.google.com/rss/articles/CBMiiAFBVV95cUxNQkRFQlZjX0NOOFhtRGhrTm1YR3dGR1ltY05TRHZreWc3aGk5S2VrNkZiRkpiYWZNeDNsS2VRZHNFODcwbE9sTEhOWFRhYU5paFJRZjkxSzVwWFVjTk1jY1FiZUdsUVdYLUVVMmJXY3NRZDBHRFNISjdvYW9kME9aaVZlUzZFeUVy?oc=5
2026-08-26 02:26:33,BRK.B,Berkshire CEO Greg Abel Is Sitting on Nearly $400 Billion in Cash. Here's How His Deal-Making Approach Differs From Warren Buffett's.,AOL.com,https://news.google.com/rss/articles/CBMigAFBVV95cUxQb0h3bU1SX1ZIZmdjczJvdzBOMTN0ei1ZUV9KdXpwTW5LYkFfSlVINVBkR2UzTGlTODJGeHhidndXVjNYRUxhX1RpY1lINDh3bjVscVZFZFhqRDZpamNpYURVcG8tX0FnWmthY0VFNzAxN2pnNU1UNFFPeG5GUHpvRg?oc=5
2026-08-25 21:05:06,BRK.B,Forget OMAH: Own Berkshire’s Holdings Directly for Zero Annual Fees Instead,24/7 Wall St.,https://news.google.com/rss/articles/CBMivgFBVV95cUxOZm1VZ2ZTeVh3TFJ4RWFVdGF4UjRzX1Q1MWdKLXhKY3N3Wk9SWjZHLU16V3RsODcxSVg5V245NVlyRzA5NHNIOXI1bWdvVzNDQUxibGxEcnVheEdMWEcwUTJBZmdtR1JoeWtNNGxLdU1QYzdDUmRVVUFYNk5vQ1lDdHhJRE9oVDJaeElWc2FmcC1KNUx3dTYwVnhDWkN6YnVSU3NOSGc0WHNySUEwMWFDb0pCcEhyNjl6ZGc0clpn?oc=5
2026-08-25 20:24:20,BRK.B,Greg Abel Just Spent $23.5 Billion on 9 Stocks for Berkshire Hathaway. Here's the Best of the Bunch.,AOL.com,https://news.google.com/rss/articles/CBMidkFVX3lxTE5TMU5ubVJQdi1td1NUaVlvbVVuM1hfQnNsV2swSDY3VmoyazVRODdIbnc0NG1ZTXk2OE1Mc0JFa1hQVkEtX0JwemV1VW9jYjJ5ZE9QSE02MXNEVmViaWlzbEF1eUZCWFNwSmhCQ2VCZEhrMnZtc0E?oc=5
2026-08-25 20:14:00,BRK.B,"Top Stock Reports for Berkshire Hathaway, Roche & RTX",Yahoo Finance,https://news.google.com/rss/articles/CBMiowFBVV95cUxNZlBxSDVJV1FSTW5HLVgxVVlueTZyVHhhcDVQS05remJ1bmQtQjFFNHhxY2N4cE00RHhycFNRamZaTlR4Y3V4Umc4d2tnamJvMWdFTkNIcWVJLW9aZkc0N3RqTXFJOV80TFl0TjlyUF9DaVZqZ3h5cjZBbUdVcERKdEVYM0ZiVmFlTFV5Z1BGODV5U3d5OThnVXA5RHVBOGtDT1hv?oc=5
2026-08-25 19:39:00,BRK.B,The Complete Berkshire Hathaway Portfolio,US News Money,https://news.google.com/rss/articles/CBMijgFBVV95cUxQS2ZibW1qWmRPQUlTbmd5WmJVZ1VSODZrYzQtN1VFSXdDeU4yeHlXUFdLbXpmNUVTZ3RlUTlKWkZzcXk5S3FCQkdIcFdWbVBUZ3B6Z2JuS2tZaFNRLWpzQXhvSlhySUVtSUdncEV1Q2t3b1E1Q2NpeFNfT0F1LXEzNGFGY2ZvVU45ZkFBd1N3?oc=5
2026-08-25 14:35:00,BRK.B,"Berkshire Hathaway Bought $10 Billion of Alphabet Straight From the Company, Bypassing the Open Market",Yahoo Finance,https://news.google.com/rss/articles/CBMiowFBVV95cUxQNzZLRTlqaFpZM3U1RG0xV1Q4TDBDV0tHcWxMS1d4c3cxY2E0bDFvdlZKellNUDdoRGFGU01UU3FNaHduWXZ0eG9hejZTNnp1ekZrRG9hRlV0SVRPYmtZcjAtM3V2d29BMTAwTnFPYWNOOWlyMUxDeklzY3poNmRyYkstQ2hpZi0wZDdibDRwMUhTR1RjU2xrMUU0Z0VUeGVfaHJV?oc=5
2026-08-25 14:29:22,BRK.B,Berkshire Boosts Its Bet: This AI Hyperscaler Is Now a Top-3 Holding,MarketBeat,https://news.google.com/rss/articles/CBMipwFBVV95cUxPZVRDSWRhMjhrYzBQSTJ6aE1Mb2hSVDRkWWFWd1VFSGJPQ2QweFV6dDEwUndYZHZYUHVTMDI4UDBwTlM1VXVjU0NTQU00OXcySW41ejIxVjBCNlVWdW9GMk9QZjVZUnZMUDZGekIyX2dzLTlHRHFmVXBXQzJlaEVWQWtnOEowZkZLbFZZMno1NTlxS2MwajBuUlQ0ZDVmbTRwN1RuVkRxZw?oc=5
2026-08-25 13:44:46,BRK.B,"Trump's June Portfolio Trades — META & MSI Sold, BRK.B, CTAS, V & MA Bought",Moomoo,https://news.google.com/rss/articles/CBMipgFBVV95cUxNOE4ybnVJc0hhekRRcndpdERPU0RZSFl0SHBxUDFVLTN2MTU0Tkk0M1VMLW1jQ2RkWEYzdkMzMzVDSkJ3T0wxQU0wcDNqcEFmcld2d1NTaHA1N0RrRW5iM3BWeVd2bllZR1VSdWNEV3otTU4wbUR1SV9TRnJ4Q2JDWG54TTBQdkhIRmVYTGZjRWdxUzB1SU95c0lXWXFWT3BnRF9VbnFB?oc=5
2026-08-25 09:12:45,BRK.B,Berkshire Hathaway Has 10% of Its $358 Billion Portfolio Invested in 1 AI Hyperscaler Whose Stock Is Up 70% in 1 Year,AOL.com,https://news.google.com/rss/articles/CBMigwFBVV95cUxPWlBoNk5VZnBKcFNnNHVXNG9QLVNQQVBWMjJ2ZXplT00wVUpkSktpX28ya01hQnNBTE5Oa0JkUHlvakdLczlGc3JZcVBKOHNwR3lRUjc1elNVNGZFeEIyS014RXF3b3NJdll2VVM5YW1OYng0YVB6NkNoZ1ZvdnBmNC1FQQ?oc=5
2026-08-25 03:32:22,BRK.B,"Berkshire shares rise to highest since Abel replaced Buffett after stock buybacks, strong earnings",AOL.ca,https://news.google.com/rss/articles/CBMihAFBVV95cUxPaGFhYXZxMVlXNFBPcEdDeUhra181Z3lza0FxcW5fTnNva1g1LUE2eXdPcWdHWGcxYnc1cERIRDZEZG5paURmQ0k5dDJMQU1OS09jRk5hbF9QLUExLTFvcktWZEZDSzJ0NGpZS2pnalJEajlmRVUwdGhXaVF2OHgtVG5zTFQ?oc=5
2026-08-25 02:55:53,BRK.B,Berkshire CEO Greg Abel Is Sitting on Nearly $400 Billion in Cash. Here's How His Deal-Making Approach Differs From Warren Buffett's.,AOL.ca,https://news.google.com/rss/articles/CBMif0FVX3lxTE5sb1JrQlNJaW5URE84VGFjZVUwM1VCTUtEQzZiUE4xOU1QQnNDZDYtX2FiTFZUX2FJdDQ3dmlJbVR6MzRQc0ZiSlhRaTZidXpRZHJVT21UeHg5SEh6dmFiYTU3cGRxTnJVQ3AtU0l1bUZQeGpDUzJiazBrOTRmRlE?oc=5
2026-08-25 01:47:00,BRK.B,Berkshire Hathaway Rose While Every Major Chip Stock Fell Monday,The Motley Fool,https://news.google.com/rss/articles/CBMiqwFBVV95cUxQT1d5Ymt6X2t0N0tnaWlFNFZqVmExaFZKSGZjbHdRSkVfZ0U3SlNVQ2d4bkdTWWxoS1JkZHhWTHpoLWlXYkdUSmlqWHBMVnllUTg2UUt2R3lqd3JBUlVEV1BHbUotdDNFbTJYOG03Mm1JVzR6dHF4X0hMeWs5dVBkeWhwYjk3QktrMTBEWHVHOHVHRUd1V2xuTzF3Mm51SmZQbGtROEhqZ24wQTQ?oc=5
2026-08-25 01:07:00,BRK.B,Berkshire Hathaway Rose While Every Major Chip Stock Fell Monday,AOL.com,https://news.google.com/rss/articles/CBMihgFBVV95cUxPUUFpZzVVN1NoanpIYXZaVTN3YndpZDRqMjh1X1A4RDRXY3l3X2JHaWN3dVlCdnhOYmNNbkx4b0tHWGNfNjBnNTRLZFF2UkVsZURkamZtMGVMMUxxNXp3U1JEZzJoR1BYVWlObEMzVEVTRnh3UnhOQXMzQUl4WFVVcnJyZ1Y4QQ?oc=5
2026-08-25 01:07:00,BRK.B,Berkshire Hathaway Rose While Every Major Chip Stock Fell Monday,Yahoo Finance,https://news.google.com/rss/articles/CBMiogFBVV95cUxNamZtRlBUb2R2MzdpX0l3RmJRSXhnMkJ0Z0gxN3V6dDBUTWU0MXJ6QlZQeW0tN25qR1F6cUVnSGdYeHNOY0NCc1R6LWFXdVB4bm1LeTRtTDd6SVNrekFiTWxrVW1XRHRhUDlacVRPamRpVExNbnI5aXZWWFg1QmlqbjNmRm9rNkljM0ZYcnJScnd6OFVka2FYdjNKcHNnQlNORFE?oc=5
2026-08-24 21:33:27,BRK.B,Does Greg Abel Know Something Wall Street Doesn't? New Berkshire Hathaway CEO Doubles Down On a Legacy Department Store Stock With a 3.3% Dividend Yield,AOL.com,https://news.google.com/rss/articles/CBMifkFVX3lxTFAtZGJDRjF5ZWZ0T2xZWEVzc0E1SFp5YzlSWlRpREg4TElwaG5NYTBFOVpKOVR6a1JYZ0g2bDJJVVI2R1BIOGZBSi1uZWVwdzQwRV9nOFNSMzBhTk9JMGVSTHNRTkQ1STZSV3BzOXU2eU9wODlOcTZaLWtoRW5RQQ?oc=5
2026-08-24 20:31:00,BRK.B,Berkshire Hathaway Inc. Cl B stock outperforms competitors on strong trading day,MarketWatch,https://news.google.com/rss/articles/CBMi7gFBVV95cUxOdVNPdjJWSVBITzAyTWNvQ2NxM1N5T2xMdTE1NFd4QU1UWnBXZTJRMm9Ybi1IY3RPdWVZdEY5QmJnR29URkZjWWhrbEJNSjlOU0RPTTVmTHJfYWVhb2tnb0tZdWl5elZScmY2bjUzbXlFZmRBa3NhVlFTbzZfZ1BqYXNiZ1RGWExJRlRfVnRJWGJkT2YwNmpxRTBpTDJmS2hGQ19JMU56YVFpUGc4aGZ5UmJjcTM2UjduNzlNeE00SG9NUmJmZWNNeE9pV3BIQ2dlUnJmZnZCRjFyVmowNkwwbmR0Yi1hOVIzcC1QUjFn?oc=5
2026-08-24 19:28:39,BRK.B,Why Berkshire Hathaway (BRK.A) Is Getting Attention Today,simplywall.st,https://news.google.com/rss/articles/CBMi3AFBVV95cUxPSk5tcVRhNHFaeVJfMGhYWl9hbUlrWENxQk8tMnVIcldNRmhjOEJoSjM0QU56UF95WExCcUo0WEh4RXVfUzFjVmFMeGtjbV85dlg4UF85cElkT1hEeThRTlFQRjVzaU1wYjR6YldDU0QtRHNNUXZmSkZicUpnOHRPY3g2eFlHNG91VnI4cEFTdG5TaGd2OUl2SmlFNFN5NVI3ZVhqUUZuMmpXODJvRmNPMzMwSVNrZ0tNZFczLXc5MzRNYVRCZm91enlQOW00M1Q5SXpId3FZaFBfNk550gHiAUFVX3lxTE9IZ3l0YzhxN21lVFN2ZWpFZWpmX1g3dlVsUDU1TjRzZTlReDFKZ3VsSGZMTS11Tlc3NEpIc044V2xEUjZrNFh4QXZiRTREaUF3ODZLbEI3eUQxaHZaXzY5RTNlLWF0YjltcnhQaVhqbW4tRWNrS0JLRFA2WF9lcExOTXZ3cGVxOEkzY0N2RERHYlJELUJmY0ZpbjRrVDE3cjZhekxpdk9LZ0RaeUlncWFmaFEyUDBxMTdpV3FvS0RBN09vV1VIV0M4SjBwYlBpcWFhX1I4NEhpd0FGYU1Qb3JGNGc?oc=5
2026-08-24 18:53:23,BRK.B,"Bill Gates' Foundation Holds Berkshire Hathaway as Its Top Stock, a Signal of Its Preference for Steady Compounders Over Flashy Tech",AOL.ca,https://news.google.com/rss/articles/CBMihwFBVV95cUxQVGRCX0RZVm45amprcnJvUGg0bHFzcjBDSTZXeHpMQTIzdlF6TzJUby1SRDUydVlZX0pOS1lHV3pPMmNBdGJjcEwyVlBFdjVub0VkSEdueEFqMF9VZ1gtajdlNEM4d1FjQVcxR19TMU1JNlJGTUZGek0yNDVBRE1Jcl9TWm5qQUU?oc=5
2026-08-24 17:39:52,BRK.B,Berkshire Hathaway (BRK-B)’s Cash Pile Just Shrank for the First Time in Years. Is Greg Abel Finally Spending?,Yahoo Finance,https://news.google.com/rss/articles/CBMimgFBVV95cUxOcHc3LXV6eGNBSU9Ga0JRbDN2Y3F6b2RzMlJwTWJtSzd1a21saW94QmJNSGM5QlphQjRhUC0yS3RtMjl0bm1hSW43cW1qSGozdzJrRTdOODRDdnJ1ZFhhLXdPWC10OE9jQkFVVDZvOUdkbUU1WVlfQ3pZS3NBUjd0dm4zczcxTmxuQm81NHM5cWtERFpCZUp3YjV3?oc=5
2026-08-24 17:23:28,BRK.B,Berkshire Hathaway (BRK.B) Could Be 36% Undervalued After Trump Disclosure Raises Fresh Valuation Questions,simplywall.st,https://news.google.com/rss/articles/CBMi6AFBVV95cUxNSGhRU05JS09VOGxfMGZSS0F3Y09RU29PUDFYMU5idk1tNVFuMVNTRGxZdG1FSjdSZXdyZDhQaXlzMGM3VjNDWU5yT3BNRkdLVG9wQ1NIc2hXenZoQkZHSXphNl9KMGNxc3FZeTdyT0M4emlzeklad1JYcVJUNkI3ZFpESVpvdUVRbjdKSkRZTUZnaTJpdFpLMFRzcnU0YnRVdnJGc3V1ZjU4Z1UwU21Bb01UZkN4SVgwcGg1VlhIRW9Qd1NJeld5TjJycDczOUxMZDJUSG9OSVZKVENkOW5mcVlRSUdqQ0910gHoAUFVX3lxTE1IaFFTTklLT1U4bF8wZlJLQXdjT1FTb09QMVgxTmJ2TW01UW4xU1NEbFl0bUVKN1Jld3JkOFBpeXMwYzdWM0NZTnJPcE1GR0tUb3BDU0hzaFd6dmhCRkdJemE2X0owY3FzcVl5N3JPQzh6aXN6SVp3UlhxUlQ2QjdkWkRJWm91RVFuN0pKRFlNRmdpMml0WkswVHNydTRidFV2ckZzdXVmNThnVTBTbUFvTVRmQ3hJWDBwaDVWWEhFb1B3U0l6V3lOMnJwNzM5TExkMlRIb05JVkpUQ2Q5bmZxWVFJR2pDT3U?oc=5
2026-08-24 17:23:26,BRK.B,Berkshire Hathaway (BRK.B) Could Be 36% Undervalued After Trump Disclosure Raises Fresh Valuation Questions,simplywall.st,https://news.google.com/rss/articles/CBMi4wFBVV95cUxPSTQwSENsVDVHXzJFajBNZjhTeGF6aWVMTlVWRzdObEliYlVEMmpqRVN0U05zNktpWkJ1aUF2OW55aFRWLWFHNTI3cVdaZXczQkZqYnFxd0lOMmJGNl91U2k1WG5wSG1zRENZWTAta3Bta0NQbXR2Z3N2M01lakxSdGhnZFR1cS1Od1hNd082bm5kWFFpSEVvU3lfUDJlSHlQOUFyTGNjVUZwQkJ2WTZ3LTRDV2s2T1N0WV81RmRrZEtjdE9nY284Z0xBdm5fSFE4SE1pZ2pXQm41ejR2RWRIbzNxQdIB6AFBVV95cUxNSGhRU05JS09VOGxfMGZSS0F3Y09RU29PUDFYMU5idk1tNVFuMVNTRGxZdG1FSjdSZXdyZDhQaXlzMGM3VjNDWU5yT3BNRkdLVG9wQ1NIc2hXenZoQkZHSXphNl9KMGNxc3FZeTdyT0M4emlzeklad1JYcVJUNkI3ZFpESVpvdUVRbjdKSkRZTUZnaTJpdFpLMFRzcnU0YnRVdnJGc3V1ZjU4Z1UwU21Bb01UZkN4SVgwcGg1VlhIRW9Qd1NJeld5TjJycDczOUxMZDJUSG9OSVZKVENkOW5mcVlRSUdqQ091?oc=5
2026-08-24 16:50:44,BRK.B,Berkshire Hathaway stock holds firm as Greg Abel ramps up equity buying,Ad-hoc-news.de,https://news.google.com/rss/articles/CBMizwFBVV95cUxOSE9mTm5WTkpvOWZISTRpamhUM3FmNXhPQWpvLVVKUDk5ZjBqUmtualdJVUpTM1YyV3FJTXdNMkx1MFh0SVRnUnNIQk05SUg2LU1hVEwtZDg2eThPYnoybml5Rkk3bWdBbXllMVMyOFhMYXpHb2l5ZzlNSEF0aVBGQ0FldG5pZkJKMExLRzVIMjlNczlNMWY4RXYwMU05cEJBZFVEa2F6NkM2RXBiQlJNbmtSR3Q4RlRmMzBnSkphUHlNNjI4RndSZEsxSzdjLTA?oc=5
2026-08-24 16:18:46,BRK.B,Berkshire Hathaway (NYSE: BRK.B) Returns To Net Stock Buying After Prolonged Selling Streak,londoninsider.co.uk,https://news.google.com/rss/articles/CBMiuAFBVV95cUxQSUQ0S2d1dGM3TUVobU9ZLUlUbV9PX3hyVk9KcjZCbnc1XzVfdExXUjNoSnpZaUlfVnN5YWtTeFVJY0VoOXRjb19yQTlYZlFTUVR5VTdjSDF2X290NElRTGZMbDl4OVQ3MTMwZFRRdE9GRWUwVmdNTENPWkdoNllqZENTd1VhVmJucWlqVEFTZkJSRnJha2NVQlhiX2JNU0lCS09OYWViWDFBVGlvOWpzcnZuZlg1NFY3?oc=5
2026-08-24 14:06:00,BRK.B,Berkshire Hathaway Stock (BRK.B) Opinions on Recent Earnings Beat and Buyback Resumption,Quiver Quantitative,https://news.google.com/rss/articles/CBMiwwFBVV95cUxPb1BSUWNGN091ZVB3LXFsWHI5cURHbmZabTJRb0ZBQjh5VXFrZUtTdll4TUJqaWJ5Q2FCVE9iVkdmUlNmcTI3T2hCUWRzNkhYNklpMURNYnJDTW5MeEgzOUk1cEYxRjlFT3VBT3I4anhGSGFka25NTW9GMDF5XzFqekVobDV0c2xsWU92WkdyZnhVNElnUmxTczhoazZ1TkxPV25Edy1BbUFfbS0tQ1VhbUUwUDEzSzdJTlB0TlVBYmJTcDQ?oc=5
2026-08-24 13:49:56,BRK.B,Berkshire Hathaway buys more stocks under new C...,Pluang,https://news.google.com/rss/articles/CBMihwFBVV95cUxOdmFIU3dvRDFqYjlEcEZxX0dTeHZHNEZ4SDItbGVKNzhKcW9NTUV0NWhRVnZnckp5elQ4U0o2WHNValI5eHd3U2FwRTMtR3A4QURsdHd6OGxiQnBrMnRrSGJqODZ5YlNibnFzek5TeU9DY3RvbEJtNTAxSVhHbzBoQ3h3STh5ZFk?oc=5
2026-08-24 13:30:12,BRK.B,"Berkshire Hathaway Is A Net Buyer Of Stocks, Finally (NYSE:BRK.B)",Seeking Alpha,https://news.google.com/rss/articles/CBMilwFBVV95cUxOWTNUeXZDSG9jMV9hRmZnSmZnVGxFMWVUUmNSZ2I0TFZHM3pabVdjeDBkUDEtdmJ0Q3Jic1huWnozaEdveUh6dDlxTE55cTJDeG90ZE5nZG5xSlJzWU0zOG9DNHNDUzJFVlk0MU5xVGV6aXlaaVRScUNWSVRaamhENGFXQW1KUUdpNW9FcEVkY01fZFdCRFlv?oc=5
2026-08-24 08:49:45,BRK.B,Constellation Brands: Berkshire’s Exit Doesn’t Change Anything (NYSE:STZ),Seeking Alpha,https://news.google.com/rss/articles/CBMitAFBVV95cUxOM0NZYk1Ud1JXX2puaGNNQTdmWVVEb2pDMlI4am5UZXRwRDF2WkZja1dZeXhTM2dMMzlHZzRRM2lfeDNkdzBQbzc5QkU0NkhPR0JqSnNsd3FyVlNJdW5BclgwWkpTNExxenFCQUNVa2hRLVZ2MzdOcGx1VFJ1N05nSHFyS01OWVhzVlhuUXRmSHdPY0FYVDBGVWx4X29vb0cyQWRQVE9MY2lfUzNQajJWZFRlUnk?oc=5
2026-08-24 06:28:36,BRK.B,Tesla Stock Slips Premarket: Ross Gerber Sees Tesla-SpaceX Merger Forming A ‘Berkshire Hathaway Of AI’,Stocktwits,https://news.google.com/rss/articles/CBMixwFBVV95cUxNamU4YmRmYmk1cmFILVM0X04tekNudE9xTzdBWjFTeWhRQnF6NjN6TnBVakVKVU1zSHdTaFNtREs2SXhybHV6QVVxb2NkaFJSVWljU2FXQVR4R2FGR3NobHJKVmpFZzJ6V05DdmpERkRYWHEwN0hrWWItOEotcUtFZHZma2JwQXFwS0ZPWnh4cHV4TVBtX3UzOVdFX195Um1qWHZUVmEtQTgxUlVSczJsemVESzJZXzRSLVFXRkxpUGQyZkZRbkhj?oc=5
2026-08-24 04:02:54,BRK.B,This Has Far and Away Been the Biggest Surprise at Berkshire Hathaway Since Greg Abel Took Over From Warren Buffett,AOL.com,https://news.google.com/rss/articles/CBMihgFBVV95cUxQb1RnU1BwM0M3ejhsYjNVR2ttZHJELVFqb0sybGtyTmg4SjBqV3BtX1V3a1AxZG9YOWVJNGowVDRqNmNia1JFdkxqYUJLeXNhUFRtUmNCR0hxVkhJVHZXdmJKS1YyREk0b3hUQ1VBVEVfek52bEtnZmVoZjkwaDRaMVFQbDJJUQ?oc=5
2026-08-24 03:15:00,BRK.B,"Bill Gates' Foundation Holds Berkshire Hathaway as Its Top Stock, a Signal of Its Preference for Steady Compounders Over Flashy Tech",The Motley Fool,https://news.google.com/rss/articles/CBMilwFBVV95cUxON0RBZWRBa2NqQWhLSXZ0UnlCYlRkcmprTDNscGstQ3ZTdnNxdjE1NUVNTFlkLVhRXzJoaEQ3YTJMTFJ3SW1JcmdGSjBsMW1zRTUwUTItVzhibzltR2Noa19XT3hWdm4xZjYtNXlZSmJHUDVSTlllanBvbDFrWWFPN095SXdLcFZPQWltTUJ2Vlo5OTVjbi1R?oc=5
2026-08-24 02:35:00,BRK.B,"Bill Gates' Foundation Holds Berkshire Hathaway as Its Top Stock, a Signal of Its Preference for Steady Compounders Over Flashy Tech",Yahoo Finance,https://news.google.com/rss/articles/CBMipAFBVV95cUxOTTYyLWV6OThSb1JONmMweEhGa1V4UnlleUVYMFd0U2hLZnlwcGpPZERiTVdKWFZ2Z1NoWW1oM0E2NjBOQ1lpSGduSnM5UVNkSGtxTzhzMTNLYVlBaUZmMklKaTFmLWs3ME9zUVhWSG1fZGdwUGlETG44WXVqc3k5cmFmYW9wQW04dE9CQ09odGtHQXJNRW9KaExTSUU5ZFZ3RzhtRA?oc=5
2026-08-23 21:09:38,BRK.B,"Berkshire Hathaway's Insurance Float Reached $177.5 Billion, While Underwriting Profit Fell 13%",AOL.ca,https://news.google.com/rss/articles/CBMijwFBVV95cUxNeFVHUWtsRVRDcXpmNGhKSnY0b25RVTRMbVhHWE13ekU3RXpxeHE4LVlOQ05ITXg4SUlSME1fUVg5MFE1WVBrWXFNUm9GQUh4WnVTYzM4M1hWRUl2bkdSMkNVTTJoQnBqeENrYXYxbGhKZk1RMmpXZzRFRGo3NUVMMlJGcGxGeDNTdG1NU0FPVQ?oc=5
2026-08-23 18:32:08,BRK.B,"Trump Made Over 1,000 Trades in June: Bought Berkshire, Sold Meta, Repeatedly Traded Defense AI Stocks",finance.biggo.com,https://news.google.com/rss/articles/CBMidkFVX3lxTE1hZmZabWlDSi1sR25LYXlmdmxHdzBYdGtPZWUxNTYzeWwyUWFtNEJWbU00VUhmREt0ZVVzUGhSNWVBcFlHUnBUVF9IbTJYa1FmZmhaZFQ2VXJ4NEc1anJncW1ybnZDMVlrYk1RN2IzZlZDMEhMbHc?oc=5
2026-08-23 17:00:00,BRK.B,Greg Abel Just Spent $23.5 Billion on 9 Stocks for Berkshire Hathaway. Here's the Best of the Bunch.,The Motley Fool,https://news.google.com/rss/articles/CBMimAFBVV95cUxQdkVtQ1JsSmxmSnlOTDIwOER5aFdKdWwxRUpwNmp4dHpmOUZNQ3YxTUNhSlM2UXQ0OUVDNldkWmtiRTJaQnRwQjY2VU9SOUFSNUpvcGI4YzBBdUpLMmFoY3hZRTc2WjRpY25hanJSVENWalJrUWZTc1FuWEl1WXgyNS1OZ2duR0FRVHhvRTE0d3NiNTQzcGJubg?oc=5
2026-08-23 15:42:00,BRK.B,Berkshire CEO Greg Abel Is Sitting on Nearly $400 Billion in Cash. Here's How His Deal-Making Approach Differs From Warren Buffett's.,The Globe and Mail,https://news.google.com/rss/articles/CBMivwJBVV95cUxOdEpFaURiYk9iRjRfNFFnb3p1YkprYVYyX2NlM1Zqd2cwaUlIcE42VzJmLXpScGxTQ3VkekVfOExSV1VfVjZrS0JHc01Hd2ZzUVlueUtLdjFvdlpYQXRyTWhvNmtjSXdaM3VZcVRZbHNUeXl3WkNwaVlkX3JOd00tN2UxWWdVQVVHbVRxeEFsVzhUUklSMndvRTdQRXRkZVdUdWdpR1JwSmdBdWFwa29wYTlnQ3hxR1Z0cXA1aVhIS1N5S1ZyNnpjVDF1RWY3emEwZm5YcElGR2plNjQxM0t2ckpDMThQcXRlMGVhODJxNGhrbUpqSVBmT2xLQzVnaWZ3bXN6TzlLTW9OS0VKLVh0endWMnFyT1ZpN09VZlhGeERVUHp4QmhFN2ZkMHpvLTF2WFdPaGlPOXJpLXdMcmJj?oc=5
2026-08-23 15:35:00,BRK.B,Berkshire CEO Greg Abel Is Sitting on Nearly $400 Billion in Cash. Here's How His Deal-Making Approach Differs From Warren Buffett's.,Yahoo Finance,https://news.google.com/rss/articles/CBMinAFBVV95cUxQSjFHZFFIQ25MSTJacDU4SG5yeEdzMFpFelpUd3hYaXVac1JPS2JLckFNMkRWNUNROV9ucU1Wd3lKTTYwRXV1ekRIUFdKYTdyeHRpTzVfN1FwbjhvX25RQTZiT05rNUtnUXRkVDZ6aXRESDBCbEt0ZU5vblRfcVlCbzhUQ0FBc0RyVXdITGhnVFhySFhJd2FsUXBoZUI?oc=5
2026-08-23 14:57:45,BRK.B,"Berkshire Hathaway’s Buffett-Era Investment Edge May Fade Under Greg Abel, Morningstar Says",Stocktwits,https://news.google.com/rss/articles/CBMi6gFBVV95cUxORWdSQm9rbkFMeUlVOHR0bURJR18zTGlBN3dsSERxMFpzNXltLUNtMjNTdDRTVDVVTWI2eF9yNkZlN25YNUc4TnFmSHFOZXRWdXlBUFU3cFhneTF3TERzY05qUlNkSzM5eFJVYXhKaDVyVWxsbVpBNnVyX0ZfV1l0OVlYMzFkOS1fTVRVU1ItZlhpZGRTbmE0YlBpaXFIRnlfLXhxcFlVWWZBbFRUZ2dzOXgwdEd1Z3U3ZWVNeUw3bDFiLXllSXFDMUZmbUpVc2lldjVPczhoaS1hN0kxd0c3VFJjMDJjNDlMbGc?oc=5
2026-08-23 13:44:53,BRK.B,"Trump Continues Trading Stocks at Warp Speed: Berkshire Bought, Meta Sold",24/7 Wall St.,https://news.google.com/rss/articles/CBMitgFBVV95cUxOM0Y2R2FLM1FEY0FYdFRhMjAtd2d1ck1taGVfTUdZOVF2VzlfV1dJS2JYcGxuQW9hWUc0OEE1NXJTbEpkVnFVU2VpVWdjQkhTQWRPWG9vNkVsZDVmUUZyU2JKajNPS1V3YWc0UGg3aXZiRkM4ODMzd3ZDaHhfS3c0V1BOTlJubjF2MVpraE45QWw5dFdIaGFIamtQb2VDVEVwZmZZQ3h3XzZ0azJYelFpTk1TeE9ydw?oc=5
2026-08-23 11:13:52,BRK.B,"Trump’s Portfolio Made 1,000 June Trades, Buying Berkshire, Visa, and Selling Meta",TipRanks,https://news.google.com/rss/articles/CBMiqwFBVV95cUxQTUd4WjRvZ2Fqbm1XUHd1NGd2TlFaMzdBeUxMcGJIMGJWWDktSmd5TnV3NkVrYW9acUE1SDZfbmZJRTExX19nMnNQeXBiMXZDdnQzQzNOY3prdGwwSHdYTzNuUGppRXBIUHNRWmh3QlIxT0RSdTBZVUZINUIteklRYnU2bHc4RjdBU2NZa2VnalFZZWFOS1E5QjNTMTFMNDlONHphamFueVRJeDA?oc=5
2026-08-23 10:56:48,BRK.B,"Berkshire Shares Fall 1.6% in Week, Draw Closer to Abel’s Share Buyback Level",TechStock²,https://news.google.com/rss/articles/CBMikwFBVV95cUxNSEpCcTdtaURzYVNxRjlyeXpNMkJETDk3TGZBaDhaTGpwbWFfNG5tOG9VZDE1ZllFUjNHbDYyS0hNT05VVndaWk1yNmQ1NjhoejZxR0JPc2RpMXg3M2ZsUGZiY0JqeVhFbzByc2ZVU29jblJfSW14aEI3dU83RzRJV0JSTG94RllHVWpxSWk0VFVDbjA?oc=5
2026-08-23 01:40:21,BRK.B,"Trump Made Over 1,000 Trades in June: First-Ever Berkshire Hathaway Purchase, Cuts Meta and Palantir Stakes",finance.biggo.com,https://news.google.com/rss/articles/CBMidkFVX3lxTE5VQ0hyV1dNOWdKeDZXQlVZMXRiemZCN1kxaW5pR2NNRFJnR09oRTc2bHJvNldvUVlvVUgwcTBCanU1cGNGd25fMk0tVm9JMW1oUTEwQnczcFhaMW1iUl9XQjdSbHlEUVh0QjFrNlRrNGd0SzJubnc?oc=5
2026-08-22 23:51:53,BRK.B,"Trump buys Berkshire Hathaway stock for the first time amid more than 1,000 trades in a month",CryptoRank,https://news.google.com/rss/articles/CBMigwFBVV95cUxPdXROVTFER29zdVNuTm56blppdm1kaEJDSWlhS3NHRUU3ZUJxT1lWdUxoY0d0SGUtMWpHQ0MyM2VKTFpRdkRnUVdhRW9kbEdXTm9jdUc1Rm1NQmY1dnNwb3J0MG5BV1FCNmZfd01xcFZXeFlYN2Z1WlZIeXMwc05EaDh6NA?oc=5
2026-08-22 21:45:09,BRK.B,"Trump buys Berkshire Hathaway stock for the first time amid more than 1,000 trades in a month",Cryptopolitan,https://news.google.com/rss/articles/CBMiekFVX3lxTFBUM292dm5iUkZSTTh1MVFOX3dURzNqTWZyUi1VZ3c0MjNiVHNCQWM1SnBHR3ZSR0t2S0hsaVRNWW96RGd0OW05bFBxVEs1WmJhUzZoRlpFbHFaTlVUa0t1ZjFwVlJFMjB5bFBGbV81RFdEVFQ4cFhWNE1B?oc=5
2026-08-22 20:33:00,BRK.B,Does Greg Abel Know Something Wall Street Doesn't? New Berkshire Hathaway CEO Doubles Down On a Legacy Department Store Stock With a 3.3% Dividend Yield,The Motley Fool,https://news.google.com/rss/articles/CBMikgFBVV95cUxOWUI1enJBWkViTFNBMmh5SkVWeVJZdHlWSWZGQU1hVm1QdTZhUmNsNlV4R2xoOUZTeFlqR20yaWVuZHEwOXNhV3VOakQ1amtqNFlERUh6VFRXLWNjbWxxYjNpMExjMzJ5R1YzNk90cThGTzZxczEtdFhQSHlwcFVDcF9sME53Z2tNUm5hMzBWRjJBdw?oc=5
2026-08-22 18:23:00,BRK.B,"Gates Foundation Deploys $352 Million Into Home Depot, Trims Berkshire Stake by $818 Million",finance.biggo.com,https://news.google.com/rss/articles/CBMidkFVX3lxTE5EZFEtZmZFTmxaeld1YXZQRUVReG56Ynp4Z0owMy1MRS1obTZvaXVRcGh2RUNCUXZMenYzTVpBVjcwdGJJRVN5QUZjS3hxSFoxWC13Q1pmM1N6REFld3Z5Skw1NUkzampXVlZDVmNXMnM2Y09JbkE?oc=5
2026-08-22 18:20:00,BRK.B,"Warren Buffett's Hand-Picked Successor, Greg Abel, Has 72% of Berkshire Hathaway's Portfolio Invested in Just 5 Stocks. Here's My Top Pick for August.",Yahoo Finance,https://news.google.com/rss/articles/CBMipAFBVV95cUxQN2p6ZmVHSDFmY2t2akRYYnB4UklKTENLVkp5QWE2YWtNeVhLQm1pRjFCZUVxb0tXekRkYjQ2Y1VIVVVVbU13dU9laUxBeGxXbC1Zc0xsT2NpNkVWakQ0Vlo4UFhLUS0zSmo3X1NlVDA5X3pEbEp3bXdkN3JKWHJBVjNwZUVEbUFFRkRPV0FvbE9ueHFRb1dtSmZKZGktNGxnWndTMA?oc=5
2026-08-22 17:57:08,BRK.B,"Trump reshuffles portfolio, sells Meta and buys Berkshire Hathaway in June",Crypto Briefing,https://news.google.com/rss/articles/CBMid0FVX3lxTE5MbXZVUXJYdWNkRFF5c01LQ0tFZmRRWHRuVEY4U2xhNGNUQzd3YU5WN1M0bDRCNmN1NnpabVhtZGlwUThfNlJITDNqM18tQWV4Rm1PUkpzeUZwWncwYl9GTmx6dEYzNUhGbk5qN0NHSlFLXzR0MWhz?oc=5
2026-08-22 16:55:00,BRK.B,Berkshire Hathaway Gains Indirect SpaceX Exposure Through Alphabet Stake,finance.biggo.com,https://news.google.com/rss/articles/CBMidkFVX3lxTE5uZHhXVHpzbVBwRXRsdDlQM3VHUHktVEpFLTNraVhLdzFQaFI1RlEyOFFUdDhpa1ZzZndqbThfTHVNSlhQTkdvbFI4NFFiM1BJeDM3M0FXY2h6RG1zM2tCS1VmRDhWY3VnZ1dEQnR2WjFERU1EdWc?oc=5
2026-08-22 15:32:11,BRK.B,Berkshire’s $24 Billion Stock Purchases Contrast With Buffett’s Market Caution,TechStock²,https://news.google.com/rss/articles/CBMioAFBVV95cUxNMml1QlV5bkMtbHVIRW1xWm1qV2lxVjctNWRKTnR3b2JTdmg3Z3VsVk5ZWVlXM0RaVFZBNElVdDF3cEx4Uk9sSHpkdUpCRzlUMDUyQ0NQSUxFSGVXdnd6Q2ZvU3l4OGhwSC1WSjVSbVZJZnJ2RDVlY1hnekMzQ3BtYzdUVDg4V0hmVl9yVjhOclh5S2xnS1FtR2pCSFdLSzll?oc=5
2026-08-22 12:37:27,BRK.B,"Berkshire Hathaway stock holds above $743,000 as Buffett reshapes the portfolio",Ad-hoc-news.de,https://news.google.com/rss/articles/CBMiywFBVV95cUxPbXh5aWlOX2pNNkdvUl9fS2R6SE5SUXEyTzRrN09HMXFDeHdmd295a1p1TGlDMFQ2S19oaUpEQmhkU3o2YXpKcEc2c3NibEZuYVNxR0NNOXdLbjV4MDY2TVhKSmdpckk3N3BTTlRaTGYxS045eGtfM2xsVVFMMkZxSUpaNFJmcDNsU2FRczlWeXd0aGpOWmNfbUpXMmpHMnZNSGl1LUxuQXNWclZfRWFaamtqTmxfS1pIaDdOaXVfVVkyVjB2M3VzZU1VYw?oc=5
2026-08-22 12:30:15,BRK.B,Berkshire Hathaway boosts Alphabet stake by $17B; Buffett still leads major stock decisions.,Pluang,https://news.google.com/rss/articles/CBMimgFBVV95cUxOS0VyTzY3NURibkJwT2FiRWxQMGZKRzZURnlqaXNoUVVQcWZGcS1xaEVLRjUxVk42aTVKTmcyQzh3eVJjT29LLVRsWkpQZ01sUDZFcnlGR0lsSFpCcVVIaU05MGItXzlpZWNzOFprTHp4ZzhxNkJLZmJ4T2UxMFJMVmFUd3V1bzFfcjZTc2pNZ1dVTnp3VzN0QnRB?oc=5
2026-08-22 02:11:00,BRK.B,Berkshire Hathaway (BRK.A) Stock Still Looks Cheap Relative To Fair Value,Yahoo Finance,https://news.google.com/rss/articles/CBMioAFBVV95cUxOaXVmN1lTUkV3N1lLZDVuUlB4d0JzcGlvZFhLVWJyMG05VlFmalpWLTV4a3pJOHlzeC1nbEhfQVZ6SFB1QWhYU0JXaWpGYWNwZ3B0dDhRNTNoS2V2WGNqZVNyLThtel9pVmFpVElsemtRSVBqdkdBOC1TYzVBSGpJekNaeFdZWHQ3RDE2bEFTVTJjZV9oYjJnVGFKaDdsRHBM?oc=5
2026-08-22 01:11:00,BRK.B,Berkshire Hathaway (BRK.A) Holds Firm As A Top Portfolio Stake Lifts Its Dividend,Yahoo Finance,https://news.google.com/rss/articles/CBMinwFBVV95cUxPbWdDeUVWcGVQQVY5a25wMzcxTEdFSnNmYzZuS1F5blVNM1lrNWtIOVg4MHRKTjFUT3J1d2dxNllqRkRJWTNyRXYyTVA0TnRPUUJNWmpTZFF5TUVfRUhGZlVTUk16Z3NOY2JoRkFHVTJCQlAteGlJRlg3dTJBQi1sMUViR2hzOEJFS3dKWFJ1dXI3YVpzeFN6dWV3SnJWNEk?oc=5
2026-08-22 00:07:00,BRK.B,Bill Gates pulls $818M from Berkshire to buy this giant,thestreet.com,https://news.google.com/rss/articles/CBMiqAFBVV95cUxPV3JraVZ6ZnlTODQ3V1U2VnVGSmljYk53aGdkd3FKMVA3VGUtemM3b0JpQm5KT1JsY2RGNUlOWkM1dlRqU3Bkc3ZIY1NLVV9EMW1mT3NXTDBQWFMzbERPTHBFQ08tUXBBSVRfeC1rM0tZUHVEdVdySEtXUXJxWm50SG5DczZrUzVoTHliXzhuZjh4TWU3WktXVVk5Y0Rvbk0xTl9XQndDeFc?oc=5
2026-08-21 22:25:00,BRK.B,"Berkshire Hathaway Trims Bank of America Stake by $1.7 Billion, Adds to Delta Air Lines",finance.biggo.com,https://news.google.com/rss/articles/CBMidkFVX3lxTFBhcFRTQm5TRDhObkRJVXRZT1VUVlFnUkhDSlNoc08xRUtfUHpDN0hOV1FiMGJNTGxpS2FNT0JFd3pMSXE2b3hJM0VBWkxZVXJ3VjgzRkJUaFFjd3czcjlkbFM5QXlHaEl6ckpaTE9xcXFodkpMakE?oc=5
2026-08-21 18:59:21,BRK.B,Berkshire Rises as $40 Trillion Debt Revives Defensive Demand,TradingView,https://news.google.com/rss/articles/CBMivAFBVV95cUxOR2MtMlNNak8yandIV1FCM2Z3czhfLWkyLTZqMUFMWk50dkd3end5VmVJZkIxbWZMbGJLWjdJWU1FeS1BTGVDRHNwektqcjNUZkdnZDRfanFneFkzQ3luLW5TeW00YzBKNDJ4VHBxODd1SmtJSkFxMmJfbHZDLWlTMjNTRFdtZnRCR2t5QlhnUlFfRDNmeEYzM3BXSVdhT2xUSW54cEhfWUg4UTJNRFVrR1E5TTQ5VEdOMUpPQw?oc=5
2026-08-21 18:23:00,BRK.B,Greg Abel's $43 Billion Japan Bet Is Quietly Reshaping Berkshire Hathaway,finance.biggo.com,https://news.google.com/rss/articles/CBMidkFVX3lxTE5ERFA3azBZMmFLSW83a1Q4bnNSSTEtSmNfbGVpNEtTak53LXJiNEVTcGFFclRTeHhUcHBxU1drSTZkUDV6UDRoQm93WTJKYm1Cb3F1b1RzM3ZHUWhaUGc2WEU2OWdFQ045cU9MQlZBTm9xRjZwWWc?oc=5
2026-08-21 16:42:30,BRK.B,Constellation Brands: Berkshire’s Exit Adds To A Growing List Of Red Flags (NYSE:STZ),Seeking Alpha,https://news.google.com/rss/articles/CBMisgFBVV95cUxPZTBQWFIzYXp0SC1pZjdYRk1tbTJ3a1ppM2ltajZzdTZuOHZ3d2laRzU5YWhYdlBvZWZsS19EdlpVWTlIWS1OYlM3QUdUNGVGRF9FbVREQkFuNHI4SWx1dHN3QnZkTmxJclVnenJjRlgyM3JOQ0Eya2JNaUgyTkdUSldtRWVScXkwWFRlNXhZTmVhU0xjOExQaDhTVndXRlpQYUJWUlBJR1UxeU5OR0VacC1B?oc=5
2026-08-21 16:39:00,BRK.B,Warren Buffett's Berkshire Hathaway Bought This Dividend Stock for a Reason. Here's Why Greg Abel Won't Sell.,The Motley Fool,https://news.google.com/rss/articles/CBMilgFBVV95cUxQR2pkR19pZzI5Yy1fRXJwSzBtNkZESUVJOURoR3JmZmttR2Q1MVpZMlVOYy1CUnl2bVI0MVpYRjNmdE1udmJXZ0FIUUZXdDA3WEIwYzE4NE9OdzZpREt0UVk0SnVmWDFzTjJwX01WWlF1X1VSYTZkZlBSR0YtbnJ0TF9VcmhUa1V2SWRkQVJxVzRRemI3Smc?oc=5
2026-08-21 16:23:47,BRK.B,Berkshire Hathaway CEO Greg Abel Reveals This Year’s Meeting Will Be A Little Different,Stocktwits,https://news.google.com/rss/articles/CBMizAFBVV95cUxPMkNXWWUwaExMVzFyRjdOSXpJbWFvT3J4QjNQa1FYekNac0tGTnlXbm9QVXJFTkkxZlBYZFAyTnZ2bWpDMmE5TGp2cWI5NVE2cmVQZ3AwQTVUUk52MkN1NDdzZG1PSk5ueTRpbHZlNlVkSk9SNjBNdjllWWx6MkUyaDdNcE52R003WHJNdnVXaXR4enFWeER1OGx1bkMtRkpyNW9Sd2JjYjJXbFpWWjkyRG5XYWM0emR2N0FDbWd5d0hHT0t4QXlMWnNaQzg?oc=5
2026-08-21 15:59:00,BRK.B,Warren Buffett's Berkshire Hathaway Bought This Dividend Stock for a Reason. Here's Why Greg Abel Won't Sell.,Yahoo Finance,https://news.google.com/rss/articles/CBMiqgFBVV95cUxPSk1fYXhmb0F6MlNrdmtRWjVpOXV1SXFFbXJ5eGJsZ3pqaGxqaFNUM2lLZnIzWFB6RXZGcUJKWUw4ZkppUkU0eG1TOVN4d1Z5Smg1cU1YT0g2OU5tb3dqSFJGV1FuYmdTU054LTh1NmQ3WVNsMEdsUV9vZFFhTklHN0lmbVVGa3E2UlJnMFUzRnVENk84c294UU9FbkJkSmY3NHZvd20zLUtCZw?oc=5
2026-08-21 14:58:08,BRK.B,Berkshire Hathaway (BRK.A) Stock Still Looks Below Fair Value After New Bets,simplywall.st,https://news.google.com/rss/articles/CBMi5AFBVV95cUxQWnNfTEtETDBtS3hGb1Q5N1c1RWxkVHBxQjhzSUFhVjdsVGFKMjRMZlBCLTJGdmQ3aW5vSHZ3d3JsRFlzQnNtbGpSTERHUVJRT19FclNSQmhpaWlQdV9EMG90cWVxQXlfdWlnMHllNWF6VmE0S2NPbC1hM0RUX0FDS0tVT0JjQkJpT1RWTU5VUnFlYkRqdkh3aEk1NTlzekFOa1VVb2R6c0Q1OFhaWmNFbVdYeGs5WVpkMWF6c1lERFpHazBaTkptQmhWMUxUeWZDRXNveURsZUUwXzNrczIyVzdHMjHSAeoBQVVfeXFMTTNmRmZMcERlb0tySUY5MlltOEc2dzNCeVBER04tTXFEOWI3U1pKOEk0aUp3R1lTVGRvRXFPcXJfQVVEOVFDZ1lUcmVhdGwxcWVUbzFwUFBOLWdxWnQ1emxkamxtdEhQZVZScmZnMDNGVjlKSlpxZkFoNUo5MnlHVGFsRi1NNTJZU1RCN3dYeGR3SW1vOFQzOTd4VHVGSXpiQlM5ck9uUmE2dkVaVGlmWXg0N1ZSMXRKb24yNDNDdVZPaDJnb2RLeTR2M1BtcXlIcDBkeThIUDFKTWtpa2xQYnREYnVqQl9lZEFB?oc=5
2026-08-21 14:05:00,BRK.B,"Great Hill Founder Says Berkshire's Outperformance Era Is Over, Backs PayPal and Intel",finance.biggo.com,https://news.google.com/rss/articles/CBMidkFVX3lxTE5OemNHblVObnpmTDRUUWR4WDBBaC1YMGl1VHBnMll4Nnk1dmt5T19oVF90TWxIZVBzUzd6Wm03TzhLb0w1V0hPbklyOHlEeU1BZEl0bTB4bnlwYUpOT0ZzSF9VZTgwY0t3cHJ3Q3Bfei00Rl91elE?oc=5
