日期,股票代碼,標題,來源,連結
2026-09-19 09:08:53,GLW,Corning stock rises on stronger Q2 sales and AI demand,AD HOC NEWS,https://news.google.com/rss/articles/CBMiuAFBVV95cUxPOHo5WEZtamVWQVlxQ3FIVnFrN0lYQTJ6MU5ucHJOYkRjdE54bE9jb085YTByR2E5MjNJb1JLRUIyRDM1bDdBRjVoQkdsbGdQS3dMQ1JQZloyUlA1aFUyd1R6RTkzZm9yVFFXc2lGREZQeG03ZVdoc2d2NVd6MjB3clFvRW8tMFZpbm9QTVo1MHpiUmgwTVdRcmVxTlpzQUNRTGFBa095M1JLd2lGMUs4WWU0ZDJnVjJa?oc=5
2026-09-19 01:32:21,GLW,"LITE, COHR, GLW Stocks Surge After Nvidia CEO Calls For Using ‘Optics Where You Must'",Stocktwits,https://news.google.com/rss/articles/CBMi3gFBVV95cUxOUHdFd3U5dFozQ3V0Zl9mS24weEJ3N2ViZUppS3ZLc2NmNndPWE1mY3U1ZjdjRThBWWRpS2g0cHg2a2JSempkWHRkQzlRcGlicVQyT2dFNTlzVnJWY0p0anJhMVVNcnFDa2hocGsxckZJZzc1cDJjbDM4SjBleTN0NUd4b2cwbzVSTUo5Nm9kR3N1LVJxakYtaW52c080MkJwbjV0WnNsYkZuX3VtNDBoSFRQNVJvRWx4ektRWjZDc2NnTC1tWWE2U25YcGI1ZF9zODNGdnc5V1JFTVdhNlE?oc=5
2026-09-18 20:08:12,GLW,"Bronstein, Gewirtz & Grossman, LLC Encourages Corning Incorporated (GLW) Investors to Inquire about Securities Investigation",ACCESS Newswire,https://news.google.com/rss/articles/CBMi5AFBVV95cUxOWTI1aGEwcjczR2QtcURrSHZjQmFwbkhDNzZEUU5lN19ZWVhsMEl6bHRQV0FERXRxY0xFTnI5YlNiWkJ1LV95MkZON0IzNDFrQkZFajNlZ19ZSUlWNlp1MlRHa01vZGxWU1loT2xvUnMxNHc5VjMxb3QycFhNZGVmMlY0aVFJR1R1RjFuVzYteUdmR1IxSWRGRkJFNUhzak5lY3dxMTktc0p3VDd1ZzJZQXBWWk5MellweHgybzJ0ZkpNX1JGRWFpRkVzbHY4Z1phSWdMYXVPZzhxdnlvRUp4OTl6QW0?oc=5
2026-09-18 18:09:23,GLW,Corning Stock: The $2 Billion Dilution Scare Is Fading. Here’s What Matters Now.,Barchart.com,https://news.google.com/rss/articles/CBMiuwFBVV95cUxQbUQ5MUZxRzc5NVdRSFJ0cXNaQ1M5S1JFbjVDd2xfUkI0VzQ2ckxIcHkxdzBTa0NsSWtIZVRfS1JUdy1mOUlCMkdLRktRZGxEcVkxWmxUN0Z0eUFKOUhCcFdxTDVYeGZ5WWN4R3hFZGIzazRlcmgzNlhsTWpDaFdXcmZNU0NvREV3N3dvSXdqU2tCTEF1NXlQZW5ueTNuTEItdjRoR2VzaENDc1B3N2Z6ZXU5eG0yOGkwMk93?oc=5
2026-09-18 16:34:02,GLW,(GLW) as a Liquidity Pulse for Institutional Tactics,Stock Traders Daily,https://news.google.com/rss/articles/CBMiywFBVV95cUxNVG9uNWFtSmpqbW9DaWNMb0pCeW0xTTdPNy1SRlp4VzR0ekxPSHlNR1NpYWxreWp6RkdEZUVFTXd5RU9Gam9tYlY5ci1mTC11emJMUVJYRzdHOVdCbHJCblA0RzBIbDVXOFBuZlVmWGxreU1Ya3Fra2R5czRLc2N2M0hfdnRVTHUyN2dqNTg5YjdtWEZoakExSmtoRlRCNGlDMjlES2hMdEQyZDIwM0VPWEF4VG5QYzVkc3hVWHQ4aHZZUlJBdFBhSFZkYw?oc=5
2026-09-18 16:22:01,GLW,Jim Cramer Says to Wait For Corning (GLW) to Fall Further,Yahoo Finance,https://news.google.com/rss/articles/CBMimAFBVV95cUxPX2t1Q3dQa0c2R3ZmaloyOVNDRUxiRkxZM2VWWlhaaVZMYWVZTm04eS11UnhVMjgzWXAzaHR2Nl82RF9uY3B6ZXJacU1WR1huRkhuaDZjT3ZRODVVZXlKMElRLXFLNXZ5WUpDdDhsSXZFeU1kZW9wV3ByZVc1V29YTHFadExJRWJRcHN1SVNaZW45NFRCTXpVeA?oc=5
2026-09-18 14:01:00,GLW,"Lumentum Climbs 3% as Optics Buying Extends; Coherent Rises 5%, Corning Jumps 3%",24/7 Wall St.,https://news.google.com/rss/articles/CBMiuwFBVV95cUxQRnNlZ1J3NzVid1hkSXd4ZXM0UUpib0JuVzBmdTdQbDZtcmswSm94SW40VkJWcy0tOWF0TzNldXk3MXRCbVpIVjlaa3VMdHUtM3JkQXNpbTNDT2NKb09QczlFOHdHQlZEWGZJRFlqSkwwWEd4X19LeC1vdVRQMWIyT1dsYUpTNllQTTRua2h3MHhSc2NuRFBoSnNvNXFYb3ZKaEhQTzc5VTlqNGlNbEU3TlFEUWtrd3hrNDVv?oc=5
2026-09-18 10:11:05,GLW,Corning Inc. stock gains as AI infrastructure outlook and Springboard plan lift sentiment,AD HOC NEWS,https://news.google.com/rss/articles/CBMi0gFBVV95cUxQcVRld3pjZ0ZfOVlzTUdmWUxSOWhKaU9qZ2JCTXBCUVdXUUxUWkNGTEp1MFpOenRMX19NYjcwRzJmejlGZTZSMVlBNExBMlpHUjg3M2tyX2dIRkRHZDRlT3Z5T1JLelJEX1NYN3lrNW8weVFBS2ptUkRvbWxGU1pSMjZIVGdPa3Z5RzhGVFpIY0lsMExLRFRGc2tUZjhlbnhENXBSaUY2ZE4zSWtQOGpac3hRUGtCOWtSQ0l0ejNFZjdRNTFCazdNa3JhQVhranczTUE?oc=5
2026-09-17 23:33:43,GLW,How $2 Billion Share Sale Plan Will Impact Corning (GLW) Investors,simplywall.st,https://news.google.com/rss/articles/CBMiuwFBVV95cUxOTGxzaXJtX2JEd21kbFl3UXEwUUZYVXExbGVCTnJSVF9NQlpQQlNjNUNfYTZmVWhiUnMwR21jMTdOelN0NDZQaWdSSE03NFlzS25LNWF0TFZtdXRqRVhDWlRpOFBPNWFsU1N0TzgzeHlVcG1GMllkb0ZyekpYWlpBaU5hM0FKS0JrVlQyemtjU3pRaVJZQU5LQTJrMzBmX2hheFdoUGlYSUlVY2l3NWRkVkotZVZocVVUek000gHAAUFVX3lxTFBXWHd3YTZLcmRaaVBCb1BLalNuRFFZcVhNMU5wNk1QUm5wUl94TGF3RUtsUHFTclNFY2pYTXV3VjJadWw3VzJlcjNBM1J2aG9hbXdXTUZuZUluVnUzVXdtUWlBMVZzLVlkUVpydTY3T1BrZ2RDTkZtb19QcnhOVUhNTk8yd29FSFAxa25oWkRwMF90akp3SzAwdzlhY1owdHJlQUpqYk9SVG5yYWFnSl9Dc25Wek8zS0ZiV04wNVlIbg?oc=5
2026-09-17 20:09:10,GLW,Why Is GLW Stock Dipping Premarket Today?,Stocktwits,https://news.google.com/rss/articles/CBMiyAFBVV95cUxQck9zRnA1Tmh5S19jNDV2bnhJNWJlNzIyNU5nYTJ5ZVVoLWxkbTdfS3d3RU9odFB2aEhhdkJ3Vlk2aTUySERfa19McXNKR0xvaWxaclBaUU0wV0lsbWlrUU1xb1VrakRvN0xrMTNYY0tHeG91N0FQMnJ6ZGtzUE1oUUJGLXVLWjctNlRxeEVMYlExcWMzLWVET3VpYV9Vck1DUjBiWllEX01PSU9CWmxFWXhtRWEyeXFiX0RxdWhkSmh5N20yV2FmaQ?oc=5
2026-09-17 16:21:01,GLW,Corning Just Signed a Multibillion-Dollar Fiber Deal for AI and Broadband With Verizon. What That Means for GLW Stock.,Barchart.com,https://news.google.com/rss/articles/CBMi8gFBVV95cUxPeEJzYTI1UEduTWVfY3lTWXQzUFV2eVk1MXc5QnBSdmlHQ1hqSldhczhxU2pGMHNlQ28zSTBEdHM1WTJfRVo4c2M3Sjh2eF91N3FzYkNWSWpyTVFBMldxME1GbXFZRXNjOHdQYjhhell2eEVjanBOWFVhZmFpUWtJWnpOV09hdkRQR1RiZUt4RGZ4aGJ1dTJzcU1jdDE5bktCcFlYRjY3OUFRa1l0VEdfZG45WHBIcXo0dEhvQWRjeEhfT3dhUFZ1RnBjdjlIRTJGVFJ3OWtUZFNaYkRYb09OQlFOVXlMZU9pQjkyT2hDM0JCdw?oc=5
2026-09-17 15:28:00,GLW,Corning Rides on Expanding Partner Base: Will it Boost Prospects?,Yahoo Finance,https://news.google.com/rss/articles/CBMinwFBVV95cUxNeXUweXpmbGhzTlNrV0ZFUnlCcGtSblVVQTNVcUZROUxZeUZiQ1ZBc2J0NnV6eFhqRmZQVi1TSFRENmJHdXhHd2xFaE1XMGFLWEtoVEJfQVp3RS1xbGR2eVFIbC1UNDQ0YnpTSGtGWFVxMGNheF9yZTAtRGdablhvb3hZTDRyUTV1eGcxLXV4LUVRamtsRzZQN2FjNWxNQzg?oc=5
2026-09-17 15:28:00,GLW,Corning Rides on Expanding Partner Base: Will it Boost Prospects?,TradingView,https://news.google.com/rss/articles/CBMiuwFBVV95cUxPU2JzX1RIcEJCTFA5b0tyX2dJNDA3ejVKdnlQTU5MTXRKTWY0TjhacU1IaE51UkVNbDBHeWNkbjB5eTZ5YkFXSmJsNkVmTm5TZl9kYXpqanhRWW5QbV91MmtVb3Z1X1pmYW44ZGc1amRDZm1vZUJDamhDR3UwVEhYc3E1VkI0WTgxYXNrd05fRTNsRHRDWmFhSF9WY0oyTzI4WHk1QkR3Z2lkWC1ISmUyTG9ObWxsYkVvd2Nz?oc=5
2026-09-17 14:49:00,GLW,Corning gains as investors lean into AI network buildout and recent fiber supply wins,Quiver Quantitative,https://news.google.com/rss/articles/CBMiugFBVV95cUxPSXV3UHZGQ0lTU3Vraml0NHExTWQ5b2VyaHpuNWFFVkU5TlJnRWx0a3FKOXkyaF9uNm9nUUczYVg2bzhieVZQakRQaFJucloxZHFCdWdMbzhFa3o0R24ySEJMSm9MdVJVS0FxQlB3bzFCakxHd1E0Y2QwMGgxSGRkTEhmVDZob0tqQUNKd0t6NkJqbGZXZE8zQ0poN01lOFR5MHl1bnVYQmEzMk5qdHJtQkNwZTg2N2xkeWc?oc=5
2026-09-17 14:28:36,GLW,US Stock Market Movements | Optical Communication Stocks Rise Broadly; Corning (GLW.US) Up Over 7%,Moomoo,https://news.google.com/rss/articles/CBMiuAFBVV95cUxNeGFMVm1kNEhRcDBpb1dKS3hYSXlSdEpDS0hoUFJPSzdjMDNIYmw5M1JTdFFxUGhTWjlyWmFHTjVuaTlVTFdqN0tqampXYk9SaEF0VlNReHh0NzVNX1JZR2hqdmhUaFVscW42Q1NkSXlrNDV5OHZpc2RoRUJtbWp2TU9zQm5uanhCM1hmcVhmWmQ3d1NmaElQV2lDMVdBY0NzVGJpeEp1eWctVmJGUWljVUFjMHMxcXNN?oc=5
2026-09-17 14:22:11,GLW,Why is Corning stock rallying today?,Investing.com,https://news.google.com/rss/articles/CBMingFBVV95cUxPNnhfc2dLUlctd2FBUjVlM3pkTVc1QnZ4UzFuSS0yc0pWaXFHdF9FQmp0OGx5TGxPUXFGdXpQOHplcjJWLVZZNGZJWmljZFlsQlh3VHdhNFZFaUE4dldNWU0xUE1QUVBNbkJhemoyRGNRNjhyZ2xBTHo3Z0FuQ3ViWjVRRFNZQU1ZZ2kzS1VBbW9fXzFKR2RfeWhVdDdzQQ?oc=5
2026-09-17 13:50:38,GLW,Corning (GLW) Rallied on Strong Long-Term Outlook Upgrade,Yahoo Finance,https://news.google.com/rss/articles/CBMinAFBVV95cUxNYlVGX2pSWHJVY2FXcFBrbEtCWmhCSXZtRDcyOVpCOG9XTFI5VmZhZFRrMklTdHk5WGN0bXVIQ2V1Y1J1OTRrdFMtV3NHQlg4MnJ0N1Y4a3BHSkVDRHNkZVRJZjlHNlNxU3p5ODdlQUx0SklzRlZxeVhsUXVOZkpwc0tMS2dqX004em5uandfNmR0dkpWa1g2UE03emg?oc=5
2026-09-17 13:45:15,GLW,Corning’s (GLW) Leadership Advantage in Adapting to Tech Transitions,Yahoo Finance,https://news.google.com/rss/articles/CBMiqgFBVV95cUxNaWNkbmdpYmpqNjBmQXBZUkstcDBBcE9FaXBzQW0zSXFsS2V0WWh5bWFFYmNDY1ktU2NYNkNNdWtSY3NsNEVvYUN2NXpDYjVJNHJxdDZMUjE3cGQ0c1diZkNneXZ0Sk5sbllXUHozVkpERVYzNVFvenh5eFJKZzZockxaQ0xVOGFJc0llVHVhLVNUSkRIRHB4MnZMMVdkYWcyaW84N1pKX0o3Zw?oc=5
2026-09-17 13:30:49,GLW,Corning’s Sudden Stock Slump Hides a Bigger Story,TipRanks,https://news.google.com/rss/articles/CBMikAFBVV95cUxNdE9pa2xDWUZHSDg0U0dOYUgyb2VZRTRnX2ZSMDVhV0hQWFlLNVp6ZWl3MFFKVVFUMkMzTFVTM0ZaTk5fU3FZM3h5SjRvbmtERnI3dWhOTUJDZFJsUzZTWUhWR1hrZVJkbkI3a2M3YmZkR1ZTYWhyWlVfbGwyLXJwbXNvX1kzSEJjVTJpTVFQQzE?oc=5
2026-09-17 08:10:24,GLW,"Corning (GLW) Q3 2025 Earnings Report - Results, Call & Slides",TipRanks,https://news.google.com/rss/articles/CBMib0FVX3lxTE43M2NOX0JKQTFOS3FlNVBjMjJ1Njd0OXV0dFBXV0ZnVm9fc0dJSUZXWTZ2aDNSeUFSbXk4M1FnRjJwYTVXVnlveTZ3cVZxVjRTWmRndjF5RjBWVVhvV21VNE5JeGlHZGdwYlQ1anFNZw?oc=5
2026-09-17 06:48:46,GLW,"GLW: Corning, Inc. Latest Stock Price, Analysis, News and Trading Ideas",Stocktwits,https://news.google.com/rss/articles/CBMiSEFVX3lxTE5lR3NmeDdKc1VSVkVtZXV6aVBBRGUzbnVXYjVzZk9EQzYwZllNRkxSVVJlODJpLXZ2STZtdlZYRXRZRU5yTVItNQ?oc=5
2026-09-17 02:30:44,GLW,Corning stock heads into the open after a flat NYSE close,AD HOC NEWS,https://news.google.com/rss/articles/CBMivAFBVV95cUxQYVNTVW5PcjA2aVc3TXhmdlhKaUNSclpBNnBsdU9LWm1zU3FfQ3pVSnl0Y1dOUzJoTTN0cFFnXy1KVEZhNHpPMlFDWUJRM0FGRTB1bmVPbkZ5eUgtdHU4TEhocnhuQ2dXV0xkLTg2ejF2OW05OGdCTXNQTlRoRDk0bUJ4OVdGU0E5SS0yZjM1YkVDYXBqQlhHYzRqTjFqRTdaZXhkbzFxUHNESlNnSHU2T0FhWjBIRDl1TkVDOQ?oc=5
2026-09-16 23:07:59,GLW,"Corning (GLW) Q2 2026 Earnings Report - Results, Call & Slides",TipRanks,https://news.google.com/rss/articles/CBMigwFBVV95cUxNU1h4V1g1dU1JQ0ZvVko3LWUyNlh4bndWdXBRUEpZSGVKWFROMEVVc0g5TDlzZENNY05ZWTgxUlg4N2FaeVdKY1A5TTQzeUxYZkRaN29lWFpmM1kzTmVha0hOXzlmMEVVSy1ScDBjcTZhYTNuMEJoZUwwaVFheU9MQU5fcw?oc=5
2026-09-16 21:50:05,GLW,Owens Corning (OC) Falls More Steeply Than Broader Market: What Investors Need to Know,Yahoo Finance,https://news.google.com/rss/articles/CBMilwFBVV95cUxPTlNSQmhYZnNVVE10N2dObHd3Rnl1cU9naXlteHFGTzVELURwdlhCOFNtbmNEWFgtVlZtYnIzTUZ0VmJkVWpNeHhUWmJjUWFOZ3d6ZHNBb3hjSXBxdnRjWjVlUWducGJlaS1KMXZKSkRLVGJ2SUNrZkE5ak1ieDRySHpjWHJJVV9NajFFU3pjSlg0ejBzbmlr?oc=5
2026-09-16 19:17:33,GLW,"CIEN Targets 30% Revenue Growth Through 2029 — Peers COHR, GLW And AAOI Rally After Guidance",Yahoo Finance,https://news.google.com/rss/articles/CBMimwFBVV95cUxOSUhxWmVPcWRPQklMZ0tMWWUxUE56LXk3a1o1NEtTZGRiUmlMcUhhRmdUSjVaUmNaVzEtOFpwNFB2UG1BUEMxYkwzbDFSbml6bEhOT2lteVdHMktOSE5hVW9MSkxkMklzOFRYUm5yUGIxWmNweGJUVm50QXNCUGI5OGVyMW1PUnFSM3FnUDJqZWlEdkxCN1c3bUxlQQ?oc=5
2026-09-16 19:17:00,GLW,"CIEN Targets 30% Revenue Growth Through 2029 — Peers COHR, GLW And AAOI Rally After Guidance",Stocktwits,https://news.google.com/rss/articles/CBMi7AFBVV95cUxNYjFPdE0tYy1KRjZlcW9oSFpwZjZpUGZrQjVDblBtQUpBcTV6Yk4xUjBpazdOVEhaQXNXb0c4cFZMU3prTkNpNW00WWJQbFJIQkRYMkdPYzRGZGtoTXh0RklxSTVkQmZ3cHZUOWdWX2xXZlh1dWtxb2J4QXdVcWgyeGhvVzEtWlhnTmRHTkJVVFhUa0NMSlhURkRYYzZIR1ZDNUprRklTdDBYVDducjZackp6T09nMzlrLVhtTnROd21peDZSaUtHamkwVXhSVi1yQjM3ZnRjWTY4a0xlQkRNSEdfaTBUY2VOa0xKeQ?oc=5
2026-09-16 18:35:55,GLW,Lumentum Stock Leads the S&P 500 While Corning Can’t Keep Up,Barron's,https://news.google.com/rss/articles/CBMigAFBVV95cUxNdUdacks4ZFdKeVJienE1eklGZGd5VjhnRVdGSGJyUFZ3RC1DQkZxTG9Da2M3d3YzMjNQcnROaXJCMDRvTC1OcjQ3TG5feFlNaURwT3dxc0NTQmdJdzRvS3BKa2NJOEkxQ2dRNklpVHAzWThfNER2MVJ3UE8yQUZ2Vg?oc=5
2026-09-16 17:47:34,GLW,Here Is How to Play Corning Stock After Its Dilution Scare,Barchart.com,https://news.google.com/rss/articles/CBMipAFBVV95cUxOVHFPNU5JRWZhU0JpUU4xdVN3MVNmNmttdWtqSnppUzFmMHdCVFg1eEhCdHFWN2FrdDMtNHhuOXFfTWs0enZXVHVsQWdySHo1dU9lVXJyeC1reWlmeUJTZ1NhUVJQS2h3WTNjNFp0b3FkdjRZMDI4WlZlN0gteVJfSHY1VkhMdTM4UkJ3U1d6VWdCQmVjVkVjU3dGMmhaTVFET3pWcA?oc=5
2026-09-16 17:47:34,GLW,Here Is How to Play Corning Stock After Its Dilution Scare,inkl,https://news.google.com/rss/articles/CBMijAFBVV95cUxNVk0taEJZV2ozb1hGV2UyajFiaEUzeldDajBnU0dDV3dlemtxLTA1eGNFb2d4XzJiRzZKaG5NV3BHNElpY0hXZEJ3NUtMUzJYVFZrYTFNTVBqeTRfVVMyQ3VwSDVuRGYwTkhWVzVLZXJ2cWFucEg4dll5ODZVMGpjUW1DMHJMUkdSOTRETg?oc=5
2026-09-16 15:38:27,GLW,GLW Q2 2026 Earnings: EPS Beats Estimates by 2.21% as Shares Move Higher - Earnings Turnaround,siam.in,https://news.google.com/rss/articles/CBMirwFBVV95cUxQZDFoVnA3Nk1hNUxST1pkY3owOFlpT0dZNjJ4TzF3dmhyZHA1c2VDYnpvUXhSYzRKQV9QdnNySGU4cDVjYnlEem9BdERLSlpBRVZkSEFZcG91eWxjX0c2dEQ0aWVXb3dzclNpVWFScGlSWHRWSG1BUVp3QU1yVGpRME54NFphTDNUNG9aS2hqeXVZQ2RPdk5Ub3JfM2dFRUF6LTJhTU9EME05N19aZV9j?oc=5
2026-09-16 04:24:03,GLW,Corning stock heads into the open after a 13.7% drop,ad-hoc-news.de,https://news.google.com/rss/articles/CBMivwFBVV95cUxNdGZGSUk5bVBjZ1M3YW1qTk44UGZKTktmbTYzVDMzcVRKelpEWWdaM2dYZktYUFJFRmw4QXl1RzVpMERNaEh3TmVkenlWNHYwdFpwcUtBTGVKUEpGM19zaVhXYmZobjVIUkxVY3hmZjc5RmJldFJOb1BKMnhRLWhKb2Z6U010VWVLZ2dWM0RVMEhrdDlqZFVKRkprcC1pRFBGekl4QTFyME5pQk84TXpEemlUR0pPTFM0YmNfcWZnNA?oc=5
2026-09-15 20:07:31,GLW,"Stocks making big moves yesterday: Corning, Baldwin Insurance Group, Gartner, Jabil, and Accenture",Yahoo Finance,https://news.google.com/rss/articles/CBMinwFBVV95cUxOeElPRElSU2dleERFWndQVVFydlh5XzMtd0w4MVI0eUZYejA1U05aUTNBYW5mbUJyV3ZRNDhPSThuY1J2OHVzbkJLWXJEaDBEOTlsNGE5RVJ2MnVoZFVHVVMwQzBBV3paS1h4V3FhN1FvYmk1UExYaWNyWXExTFByXzZlMHBCbVVaNVNrbC11M2w3TGNrYWl0ZmpsRVI5WW8?oc=5
2026-09-15 20:07:31,GLW,"Stocks making big moves yesterday: Corning, Baldwin Insurance Group, Gartner, Jabil, and Accenture",Yahoo! Finance Canada,https://news.google.com/rss/articles/CBMiigFBVV95cUxOc1ZIYnBGeV9UN0wxMWZqdFZPSTZhMlZNZFpmX1pZVWhYTVVGeFlma19UdThQTVVYTC1QbVlXcVl3LU85RGEzT21NWGxJNUUwMy1wXy02WHFYX1kzaFJBLW5CdWNOR2wwVV84UUhhSnhULU9Id1pJNzd0MEswVWJqbnZ0bGVscWlWNWc?oc=5
2026-09-15 18:29:00,GLW,Corning Plunges as $2 Billion Share Sale Plan Stokes Dilution Fears,finance.biggo.com,https://news.google.com/rss/articles/CBMidkFVX3lxTE1kZk85eEhwTzFKMmMtLWt1cXM0RG9TMWVXeXZLWE1nVzZnT0hZcUduN25VU18yelBMb3dDanVTZWxqWXI2YU1MMVB0Q214WGVPOWFxWi04a3RPZ1lKcWZ3eWJfYlQ3ZnVzTUR6THlZLXJuYVA4VlE?oc=5
2026-09-15 16:31:37,GLW,"Stocks making big moves yesterday: Corning, Baldwin Insurance Group, Gartner, Jabil, and Accenture",stockstory.org,https://news.google.com/rss/articles/CBMi8wFBVV95cUxOejdiMERBY2JsdkhjbEtRVzk2MHp4dGVDcHB2WU9rVGZ1MlIzRFZVbmhIWXlpbXM5LU5LQmlva3RER0x2a1ZabHo0dEtvQjlhZzlNSm5tSTgtb2IwVUgwbHR5U09UZk1nSHNBT052dGM2VUM3Ukxla0EyOFFZblg1V0M5dUg3LUxnUDlRUFkzVmdQdzlwZUJ4b3MyRXZwRDdUOEF5aDdpeEV5d21jY3FoUlFJLXVadkQtcU9DNUxRU1dfNkVWMWlMdWtETnp1X0E1TG1wbHZzRFBld3ItQzQyaUpNRVlBOW9fekFHZDhfUndkSk0?oc=5
2026-09-15 15:59:00,GLW,"Ciena Rises 4% as Optics Selloff Unwinds; Coherent Edges Higher, Corning Holds Steady",24/7 Wall St.,https://news.google.com/rss/articles/CBMixAFBVV95cUxOdmFuY0RCNUc0VFdrZ1FEOVkwTGg5OXREclRtam9lenFHNnBmX0JkeVlqbVJDMVBwVndNbEcwN3VjeEh4anBQc0k3MXFjaDBGNnJLUWp4dEtBTFNRVU5MeFBDSjktYV94XzlKOGZZUGJ2ZWVqWTdjcFF1N3pMM3FyV0NpLWZ2S1NYRzFMLVZZTW84SUdBMDl6TlV4cVhCRUJmdEVuSGhCN1RoQ2hMNUxtWlB2bjBOSDNQMzFSNW55V0FnQS01?oc=5
2026-09-15 15:08:02,GLW,GLW Maintained by Mizuho -- Price Target Lowered to $180,GuruFocus,https://news.google.com/rss/articles/CBMilgFBVV95cUxQaTRENjZOMXZySko4QzlaQU5mRWtHSUNhU2x6RF94TkJTclNuQVJvUV9nS3dvZlZvZkpKZjRocFZubnVhbzNTTlBFOE5JeXlBYU1wRmZQM1k4Umpna3BsQ2pVemhkT2VwdXJQbEcwaFBZa0tyOElWQnZZRElUeElaNlR6czE3Mmx3RFcwSmdwb3RrQTBTVUE?oc=5
2026-09-15 14:19:02,GLW,Corning: One Hit After Another (NYSE:GLW),Seeking Alpha,https://news.google.com/rss/articles/CBMiekFVX3lxTE4zSHJ6TUpEV1JOM1BGM05GVUVkRmlyZHp1eWFpOTV4VUE2ZTdNVXFkU0taT3Z1bHMzYnM2S1lyZGpiZXk5NWM1ZUFJdlpndGNhSllYdjBJeEgxdlpzTk5qenRCZjJacDA4UGY2eVlPYzI2OVNVek9YVlN3?oc=5
2026-09-15 13:29:01,GLW,"Analysts Are Bullish on Top Technology Stocks: Oracle (ORCL), Corning (GLW)",theglobeandmail.com,https://news.google.com/rss/articles/CBMi6gFBVV95cUxQcFpFU2NSaGtmenNrdFNvclAweFVjMkVtbjBfRWU2bG5fa0RCQ2ZHMEpGQjAtM3B1Y0lCbk5Ib2ljR1RLei1MNDFyY2s0aDBaRGExZE01Qm04OTF0dXFtWWR2ZEVDQUV5VDVyeFhBWlBwdmNLbGt2SDVQUHlNS3pSMUgxbGRlemE3d3RlUFZja2FOS2RFeWdVVGFXeGxmWDZob0hwSTBVekVzNDM4YjJsQWRKMFgtR19ocURFc2oxeDEwZ2ZvUDlnWURQOXZJbHZObTBrcWtSbGVCc0Z1YUg5Zm5Sbmxsd2lLR0E?oc=5
2026-09-15 13:27:47,GLW,"Analysts Are Bullish on Top Technology Stocks: Oracle (ORCL), Corning (GLW)",The Globe and Mail,https://news.google.com/rss/articles/CBMi7AFBVV95cUxNWmJCb25JdTBkMTN4a3RLREgxRl9Gazc4Uk41T0hvejN0UWdUcGFXSmxXS1dzSFBmRlJzdmtWVGluNmY1UGotYTMwSkhFVkJoR000eURXeVA3b1RBejZmeG5pclhJd2lFR2pGajd6OUhPSGRZRWRheG5KdXM0WjFxXzdnb3BDS01oV2ZNRHNmRDBicDF0cXdnSjFQRlFSc0hsSFppRnZ2bmc5U2tlam9ncEpuUmtzc1JOMUtKUW1Sd0dnaDJSRXpiOUR1T3pvaExYSEd2YWpZdzJ6VnVsdnlQWnMtYk1uM0NDWlRnRg?oc=5
2026-09-15 13:26:00,GLW,"Analysts Are Bullish on Top Technology Stocks: Oracle (ORCL), Corning (GLW)",The Globe and Mail,https://news.google.com/rss/articles/CBMi6gFBVV95cUxNOTdDbXUxVkQtSTNVY25BQVNLVkZmaHJjMGdPUTNCYXMwVGZLSTd0VkFCcTVmNkxTSFZ5YWpleEJxUkVMLVFzWG9NSmxaajlZYVJrRm93MlZFZllnRkJNOVJxVEJrcHFvelBmaF9reTZzbmpRbFBucER4WlJQN1I4LUJGMm9XY05hUVBwZTRMblhseU9xOWdISVM3MUpKaXd1R0xMb2daX1lCbC1LWTNTbXpqOXZDNzdFdjFMVF94WW1JUnZmRjNBTzBHbDBTZ3NWeV9VbXhid2NKWnBXYkE4ejljczJBSlMyX3c?oc=5
2026-09-15 11:44:46,GLW,Mizuho cuts Corning stock price target on capital needs concerns,Investing.com,https://news.google.com/rss/articles/CBMiwgFBVV95cUxNUVVzZnU4S0tvUTlJOXJJN1JiMk5xS3FfRllBRUs5REZfTk5KcnBBd3NtaW1fcnlpd0RnY0JsMTFDNG9wbmhmNDBqS1ppRC02LUZpV1RLbDBuRk9MUk5zRTVoRWFWSXJrWGVFaVdKTW9RTExpNmhheWNzNm90WXVVWDV1SDdiR2pWZTBzWldKaDVqRmR1Ti1jR181dGo1OU1DU2c4WUoxZGlKUzVoZjZlTmU3QktYcHlZNkgzYlFUaFN5dw?oc=5
2026-09-15 11:29:26,GLW,Corning price target lowered to $180 from $210 at Mizuho,TipRanks,https://news.google.com/rss/articles/CBMipwFBVV95cUxPNnRPcHpaQmNRS3ltQ1JsV2V6R1M5RUNDTTZFeXo5X3Rpd2tKalJSdFNfM0l3LTVRbWctcFg1SERhSmlnLUlhZV82ZkVBbjQ0S241VnlIWFFzejRDelAzTHMtV01PeWFHNDJ4NkNNeHpYa185T2JQNTRnSEtSMUtiQUVpVUczbUtTTnJ1enB3RVNTcEF3ZXA1Q3V5bVBJTXJMNE1FbGZJbw?oc=5
2026-09-15 10:25:04,GLW,Corning Stock Plunges 14% After $2 Billion Share Offering Sparks Dilution Fears,The Cryptonomist,https://news.google.com/rss/articles/CBMitwFBVV95cUxPODZNZU9ybm9SRUpyUFI5eFhGejY0YmhpRlNMZXRyc3hjTE1JWXFpUFJGeXF1UHN5T1VUWkVyck41aTlfTnVpU3I0TjMtN2w2NGRXY09kV3dfWWdzeWRyaEZtWFNobXEyVXBVT1BNdUVCSHBHR2dmREJ5UjFkYUhVS0FIOVFIYTR4NHVsOTNXWkZVVXdNOEdkVUZxZlFLRk4wTmhYQXVJd0dFaHFqdVFncmhNLXppcGs?oc=5
2026-09-15 09:36:51,GLW,Corning Inc. stock falls sharply as $2 billion equity offering rattles investors,ad-hoc-news.de,https://news.google.com/rss/articles/CBMiywFBVV95cUxPdXM0ZS1QaGItSDJGNGhDNWs5Y1JTUEQ3ZnBuekt3QjlwMnRsX0tOUjZsbVkyZnFaWnJHcHdmYlpWUWVxa051NlFTM0VzRDhhTk44cHdxZEhyYkZfZXF6ejNNZnNwU3daSEhjM3lLX2RmTUFlRUprQWxDNEtvR1NoSVFnY2V0dGg5VHNrMS16SkFzdWNCWm5JdFFSSjVFQ0NMQllhazhPRm8zeXhDc2lSSHRPUGRQQkhMM1NXcVkweVpiNjBaRmx5ZkVEWQ?oc=5
2026-09-15 09:00:24,GLW,Corning Stock Analysis: 14% Drop and $2B Dilution Impact,The Cryptonomist,https://news.google.com/rss/articles/CBMisAFBVV95cUxOUVJ2U0kzZ1BiWXR2UWVOSlE3MkJwTXBDaVlBV3lFc09Jc3J1ZVVETEhwbTZ2N3pDNzZjbkdud2U5TXk4YXQ5c25ldWh4WXE3SE03UGdPVnJCZXJ1QzJzSngxTG1xT0tHVFBqWGJrdktzX0RWeTZISXBnbTBoenlUdkNIS21nNmNFMGV0clV2cG5yT201VHc4NUFDY29aRWdNbktiay1iaVVNcHRoandMXw?oc=5
2026-09-15 08:41:16,GLW,Corning (GLW) Stock Tumbles 13% on $2 Billion Share Sale Announcement,Blockonomi,https://news.google.com/rss/articles/CBMikwFBVV95cUxOZmFqb0dYRDlOUGFIcUVGYnNDVUpKRUNoeWJPcGhPLXB1Vm53bFpvMGk3U080T29ZcDBXemRyOVBRVjh4YTR6d2lLeWhYc0ZCRVZZTjJ6T0xMNm9QVmFmMVNZeDVmY0w0cmkzR19KaklZX29VMlZxLWV0R00yeGZTa1J1WW5DOU5oak15X2doUmM5T28?oc=5
2026-09-15 08:00:30,GLW,Corning • Robinhood Token (GLW) Price Prediction for 2026 to 2031,Bybit,https://news.google.com/rss/articles/CBMihgFBVV95cUxONDRQRWFSbkhBMlBfN0dtUVJBZG5CendaMFZUa3cyazdfSHhrT2JUQmoxMENFRENLQjRmMFBBWE90YkM1R2pxcDVTdGVVaWpkRUxOUl9sWm45SWtWTDdYd3l0eFFFLXR0TVpkdmthQ2kyaHFXS1NwN1QteFQ4V2k4dlUxMFNOUQ?oc=5
2026-09-15 07:36:24,GLW,"Corning: The AI Opportunity Is Huge, But So Is The Valuation",Seeking Alpha,https://news.google.com/rss/articles/CBMioAFBVV95cUxNbkI1a21VYXJBWWRnQVhyVEJyN25wemlWckRVTEk2M0U2cTV0NGFiM29tam1YWmNGWGxYYno4em9NZDhMY2hKeEJ1c0E1OEFrd3VmZDJZdS1BOHNNaG52Z3EwSE0tOEo0cmxBTWhIaE5zS0tJVlhveWM4VDdsOXRRajhxdHJ2Q0xtOHhZRTdsQ3hacjFjc0RTSTc3a2d4MlJQ?oc=5
2026-09-15 06:13:11,GLW,"S&P 500 Movers | Winners: CRWD, IT, COIN | Losers: GLW, TER, COHR",Trefis,https://news.google.com/rss/articles/CBMitAFBVV95cUxQT2VVVTBDUzJSM0pfSzZOZUJ2MWdDbE4zZWtUaWlDdU9vV3U5dUI2eHEwd1BLSFNDcUZFSHZPM0ktQkUteXhva25fR3dfYVF3bTRlWHFvNGxsYkhUanFhQWRVdmMybzBvVHdDNUY2RE5FZ2hhWnpRR0NWcEJXTXg5Sk1hMXB1MmNiNHZXZEFJYWhBZ3ZsRnVqVVZhUHh1aHYyV3cxMnhCS1RLSFh2ZjBaZXZqaFc?oc=5
2026-09-15 02:19:00,GLW,Why Corning (GLW) Stock Is Trading Lower Today,Yahoo Finance,https://news.google.com/rss/articles/CBMimgFBVV95cUxNTFdTbGozYzJGdzlWSk5wTlppV1ZnUW5McmF4X19YV1hjc0FZVmw0Ulh5ekY2QTVIaUkwY3VRLWhtZGJLdm1hSTc2eV9BNHJwMXM5dVVFREVnZ0I4Z1Jqcy1hd2xfOEthT09oX2RqazVtTFRmQUplLXJWSS05c2JkTENlakRlUGlGOFdLaUZ5aGF2OWhwekdRRUx3?oc=5
2026-09-15 01:16:00,GLW,"Corning (GLW) Dropped, So What Is Behind The Latest Attention?",Yahoo Finance,https://news.google.com/rss/articles/CBMinwFBVV95cUxPVGh3Uk5PZEZHUzUzNS1QalRsT244dFNnM1NfWHZZLWk4YzRKd3dVUG02blFqQ3hJN05yVUxPTkZ6WUo5ODJBUk92UVpwd2E3eUVzMnVMV24tSWVaYUw2ZXl1by1SLW9RYjI0ZDVxblZVeUs0amtWSVUtQUswa3FhNm5lVGU0di1Zcjdzd3N0WDRLYmdXRzdZdjdMS29BX0E?oc=5
2026-09-15 01:12:30,GLW,"CRWD, BAC, MSFT, ZS, GLW: 5 Trending Stocks Today - CrowdStrike Holdings (NASDAQ:CRWD)",Benzinga,https://news.google.com/rss/articles/CBMi9gFBVV95cUxQd3dhYS1sZDVzNWhYWU41LVVyM016YmpEV3gtUml2ZDhUcy1JZUdtLVhoTEVmV1R1TEZ2Smh0X2VOWFhFNHV6dUNiT2FwdW5nb205LUdYTlI4dW8tenBLOFB3YTZZaVI4cXByelZKeVJObHBoeU85U1gtdlVSaGNaQ0lqUkdwWDNjRXZfaVF2cFN3bjFuaDZwRjRpNmRUVDAxX2Fjc1QtR2R5Z1I4MDAxaDFFVWRFallsbFJsMG5ORHlOSWFFWHdpU2ViMjBTQnhlWGhseE5vS3M4cFNSMFZKN2ZvbW1jR19kZGF1SHpRSDdNRHFmalE?oc=5
2026-09-14 21:53:06,GLW,A Look at Corning Inc (GLW) After 13.7% Decline -- GF Value $66.,GuruFocus,https://news.google.com/rss/articles/CBMisAFBVV95cUxQUFo4V2NsbWxZbEZpTl80VXUzY3M3VHJrWG5GZ3FLMFFMZWpod1lKWGx6bjZzT3dkZTY0c3pmSGpTUDQ2d1NGbkxTcWhHRW5QNF83OTRHMjNrbXd5aVFFbnd5Y0JHcHpDWW8ydkIwUk5XQ2ZVX0FFQmt1VUh1Nm1iWE9sVEhUZDJzM3ZYdEU2Y2VpOW9ObGl5TXNyV1l0TmJaUTJlUmhvQlVtVk9kbUtLbg?oc=5
2026-09-14 21:46:36,GLW,Corning Stock (GLW) Plunged Over 13% on Monday – Here’s What Spooked Investors,TipRanks,https://news.google.com/rss/articles/CBMipAFBVV95cUxQLTZLTmwySUIzX0RXU3phUjZhN1RhQXNwZXY0SmZvemlKVEtZVGMtZ0pJTkRCUUVpX1E3RHhHSExDYWRQcjNaQTN6LUdrSk53SXI1RHJZT0hkSkhubEhiVHUtQlBVT2NFLXBLVS15M2ZCTy1lQ1dTUFV0SEhQaHNUM29kWDJTWDB2Z2tXMHUtaG9RYl9rVVJfaU9qd0J1cldJX0RkVA?oc=5
2026-09-14 21:33:46,GLW,GE Vernova and Corning among market cap stock movers on Monday,Investing.com,https://news.google.com/rss/articles/CBMiwgFBVV95cUxObHp5NlVzaXBSZU9qdE9aNUJlTXd0NnZsbTBrZWlJMy1fY1FkbkZfS0VJdHhUVkdhREdyU2kwcF8zNmlINVRLdXZFUXJiM0NBbUVEWWxNZy1iVThNV3Z5VG1XcHJjYmRfSzFkMmVKblNlai1fclV2bmJWLVJjOXczSFlBWTNZTnlrRWJuR2I3QUNtN1lnTkdhN3BZXzBIeDh0QngzNWJ6dVV0WENXX1JxcHZOeVQtdzlpMkxlOXFBRXRhUQ?oc=5
2026-09-14 21:08:57,GLW,GLW Looks 117.5% Overvalued on GF Value™ Amid Equity Offering Co,GuruFocus,https://news.google.com/rss/articles/CBMiqgFBVV95cUxOZlhFRHo0blEzWEg0dXVXejdYLWZZb2x3NkViV3VOaEdzV1NSR2paQ0c5d0RsTEpoVXoyUnN2U09yaVlkajNHYWpJLXFkQnZMTHBxLUY4M2pFajZYZms4UnFILUNZYzU4YkhWTXN5WjlvQ0Y0OWlGYklHUHdWQ2d1aUhJZnZQaVhXZURhWGYxc0U2YjJpOVBFeWN2NjdLaFR1WElaMjZkTXlkdw?oc=5
2026-09-14 20:25:44,GLW,Corning tumbles 14% on $2 billion equity offering (GLW:NYSE),Seeking Alpha,https://news.google.com/rss/articles/CBMimAFBVV95cUxOblhyR2dOMW93MWtrNnZQMTBuUHFaZzE4R3F3aTZfZ0JHcVVJYUxQWHZRRzBULXFXSkJSWE13bHdTRkZDZGVORVpmRzJVSGlIN2sxa2gxU3g2R0FuSGUwNHNkOTBRMGR3SXVMVEVGelBQZGNTRzY4YmtITVVIcmp4NzJUTjFCcFhudHNHSWtZY0lkUjc4SmVkMA?oc=5
2026-09-14 20:21:00,GLW,Why Corning Plunged Today,The Motley Fool,https://news.google.com/rss/articles/CBMid0FVX3lxTE5aVEwyRy1TYU9rc2dDLWk4Y1RWdFRPeXM1Zko1RXJDSmQzbVhNam1CcW5vRklza3dWNmg5Rzg0YW5pcFZPYVZiaElJR3g1QTRkN2ZUQUd4aEJGemlrMEVSdWV3Vl9aUEVrR1ZNQXZVMzJNLUZsclY0?oc=5
2026-09-14 20:15:51,GLW,Corning Inc Stock (GLW) Closed Down by 13.70% on Sep 14: Facts Behind the Movement,tradingkey.com,https://news.google.com/rss/articles/CBMiigFBVV95cUxQLUZKRTZVYS1KSUhRZ3c2U2ZFQWZEYmJtNmVlVjNxQmxiTnpEOWxURWxaMVhqc1B5NC1rbXpJbXc5QkNKTTFoTmlpOGtkaVU3ZV85WE0tTlNXZGxNcFFMaEU3bG9hM1RyaDFxRnlYNHNIQml1cXZteUhvLWNKNDFuRzBtbE9fSWx4ZlE?oc=5
2026-09-14 19:53:43,GLW,Why Corning (GLW) Stock Is Trading Lower Today,stockstory.org,https://news.google.com/rss/articles/CBMiqAFBVV95cUxPeXBxa3l1U0pTVlNtRW15TE5oN1U5QmtiNFpDU0R0aTFEVjEzSXNkMnJXb0ZGSFc4ZnFodmtBeDh5Ry1fN1lJZ2kzNWk1ekE1bWFWU0NoVnhzX0w2N3NyVmhTVHZ5eHhpYjZud1NwWTFIZkExRUotZm1XQkFNU0FveXhpLWxINW13V1B0S25XQmdjUVlCTTl2c2R0Zng2Smw4UXQ3SzRpUk8?oc=5
2026-09-14 19:41:44,GLW,Why Corning Plunged Today,Currently.com,https://news.google.com/rss/articles/CBMiggFBVV95cUxOUnIxMGZ6RHFwZFc2WjQ4X1RrV0ZKVDdncmJGY3JNckROWHd0Wmx5WXNOcWxoYnJLRGNYbUpXNDgwYldvYVZJaTdCNTRfVFctX2FEbHhfeG9WUXMtQnZOUHBRd3VxYlJUekFsY1JnVFZhdVJnTXZXMnNRQWg0Wm14TTN3?oc=5
2026-09-14 19:38:15,GLW,Corning (NYSE:GLW) Stock Plunges 13%: Why GLW Is the S&P 500’s Worst Performer Today,Stocks Down Under,https://news.google.com/rss/articles/CBMiekFVX3lxTE82RG5Td2ZvZkExbzZ5bHVkTmdmWFZSdERqb0RBa0QxUUIxcHl0cExfaW9sbGg1NTl6TWgxVUo3RXA1SnhxSG44WmdLbE5ITWRSVTU4VzViMEpQVG1DYWZ4dFRSRVFpYzBuWlkzNFlsUlhCeG5iQ1VFS2h3?oc=5
2026-09-14 18:51:34,GLW,Why Corning (GLW) Stock Is Trading Lower Today,The Globe and Mail,https://news.google.com/rss/articles/CBMixwFBVV95cUxON3hMMXRwY1lZeHBVaGwxMFo3RkxKZXhsaWFMa3hEaXpDazVfU29YMzRJRkNzbElMMmtDMUlFcUhYNFl3MnhGdE55Y2hVZmFOc29HTWRmN0JuR3FTTy1zSjVFeE5IdUpCVlBUOHVYY3ZOSUZwb0x4VVRoci1JRHpMWXB2aldEczlMNjEtOElfWGpZaHZOY1BKYWdZZTlCQTBJX2RVSXFfUndQNWJmZTlQSVZGOWVCTnFjbjZoOXB0NnBpQTJBODFR?oc=5
2026-09-14 18:16:00,GLW,Corning Stock Is Today’s Worst in the S&P 500. It’s Not Just the AI Selloff.,Barron's,https://news.google.com/rss/articles/CBMiiwFBVV95cUxNMlBvQlRpbG1wVDhIWE1rTHpqTFkwc1paX1hOWVZMNS0yNjg2WS1KX1BkdFcxMU1Wcnl3VncxQlVmQXBSbndrNks1UkVMbGkzSXFQc09QSC05SzJxaG1za0VMUnU3SFVVWWI0YVQ2cDNvX2xnekhpNnd0dElkdGJjUVBtZUhWcDlQM19V?oc=5
2026-09-14 18:14:43,GLW,Corning Stock Slides Monday: What's Happening?,Benzinga,https://news.google.com/rss/articles/CBMipwFBVV95cUxOUUJEQUZsUGJnTTdlNjlvUkdUMUxBLVhhTEpSOF9rb1lINEl4T2FuQmNwaUEtVUFjSDdySl9UcE9zY3htYTRsTTNTTjVlUi1Nd2lWMVdCMWVubzE5UWcwZmZQSlVXM01VNUw5bE40a0NCc3daVVRnWnQ5akh6eUZRUnNXaFBIQnMwUWp1WmFTNlJPcTh1akZfNWk2UVFDaFRmQUhpbi1XMA?oc=5
2026-09-14 18:08:50,GLW,"Corning plunges 12% on $2B equity offering, dra...",Pluang,https://news.google.com/rss/articles/CBMirgFBVV95cUxPQ0V0RWVsZC1jNGw5NU5OUU1YUk5PTzZjNUtXSjd0a3pZMndyXzBod0RRR2E1QTJOaEo5azBPR3ljODRKbGsyQkFDaHYwb3dJTWdQODNGMkUxQTJRSlRKMnloYVpXQ2tLT3cxZHYydV9zZmY1Z1dvUG1TRXJPT0h0ek41UGpKR1NCdlE4ajZuVlQtOV9KN3pMRWp3ZjBtMm1DWEg3ZHpOUjRXN0ZQOHc?oc=5
2026-09-14 17:49:50,GLW,"Corning Tumbles 12% on $2B At-the-Market Equity Offering; Coherent Sinks 11%, Lumentum Drops 9%, Fabrinet Slides 6%",Yahoo Finance,https://news.google.com/rss/articles/CBMimAFBVV95cUxQYlRrWjVqTXhNSVlYdzVMckRlZEgzeFNtRkJTLVgyUWQzUUJBT29yb1pfWGMyajhHTUNNV3pwcW1iWDVfbUg5UUVjTlhNMU1GNWtYZUx4ME9aNS1CVE9JSG42eGdGMzBJVEg0QzIzc253Vm5OcGx0VlNOVTlDRFNmMldqdlRfODUtNWc3Yk5LdDdnazVWaWZVcQ?oc=5
2026-09-14 17:49:00,GLW,"Corning Tumbles 12% on $2B At-the-Market Equity Offering; Coherent Sinks 11%, Lumentum Drops 9%, Fabrinet Slides 6%",24/7 Wall St.,https://news.google.com/rss/articles/CBMi5gFBVV95cUxOYWQwRHFrcXE1cy1ldm8xTmN1a1JLNGc5UTB3T3loNTFXbHgtN3V6X09nX29RRTBQejcxS2JjLW5NOFR0eGwxVHkyajBKM09sdjItTnhBWUpVTkVGcThjYnowZDR4aWhHd2JTT3JIWUxrdE1fS19DdkFSbEVUZndSWHR3UGZRdnFadmtxRGRLOWxwa2RubFp6MXFOa0lRX0p4ZTcyTlJOWnRPcTNHTEFKeExWMzQtNlZZdGRyLU5XSlJLVXp5UlpQbnhtTVRkOVB5YkpLWWhtT0xhbXZ6NHdvVDR0aE1adw?oc=5
2026-09-14 16:55:03,GLW,Corning Incorporated Stock Analysis: Key Support Test After $2B Offering,The Cryptonomist,https://news.google.com/rss/articles/CBMitwFBVV95cUxOOVRYR1d4LTVXc09PTDFVc08tNEoyNUxNQUVZMm5hNGNMeVNuNVRQcjJHWkNIajRHYWYtb04xWnRCbDBSUzFnQ25CX0trUXgtckNMUHlheFFyYkc4T0RYZ3ZUVEd2ZGt0MER3TklCYUVic0tTMWdsbFZRRTFPQnBwTWowQ3ZWeV9rZ3pLMUVQWUtkcS1VZVJGSVJvMW9Xa21LczZzZ2VWOHlkUS1WanBERFRyeTlHbHM?oc=5
2026-09-14 16:47:36,GLW,"Corning: AI-Slowdown Fears, Equity Distribution News Hit Hard, EPS Growth Remains (GLW)",Seeking Alpha,https://news.google.com/rss/articles/CBMiuwFBVV95cUxNLXItenQ0S1kxX1pUNnN2d285akJrbndBZVNUQVpMNldBMmFOSzlkc3hyaVZadnoyRGVabjBjejluOGRYUmtHS1p0cEVYeXd2Unl6cFhIOVlpMmdxS3B3ZjBlbWpYYlE1NUVkT3lwMGtESzh3VjNwQ3dINGNjWmh1c2sxOXhvcE9OOTZVTmJUOWdFSi1wZXd3TExYU0J1YXJqeFZHbXZTazREaXBRZVJhUmZyQ2dPMFY5Y2pF?oc=5
2026-09-14 16:41:00,GLW,Corning Incorporated Launches $2 Billion At-the-Market Equity Offering with Goldman Sachs (NYSE: GLW),Kalkine Media,https://news.google.com/rss/articles/CBMi3AFBVV95cUxOZlptMWhpUE1jdFVtWjVCYklqUTdWMVpPdlR5NldrZm5PQmV6S0h0Rlc2OUx3ODY4ejBPWEFuRENzWENoQzRWMFhLUy0tY3JjREpEQkpNWXNSd2RYOTNycUR2eUhIYkxZYXJ2UjFwM2Y4LXpUOXJ6V0dWNzJZR01VYmVTMi1BWC1iM1V2RWQ4Q1RUWDBtb0EzaS01LVduTF9oLWNfX1NzWEtDSDFTUElRYmFYblF6R0pJVHM3Z0tlQm51TnZIS3RQSDk0ZC0wMl9fbWVCSFFOcVNrc1Zv?oc=5
2026-09-14 16:16:00,GLW,"SPY is down 0.3% today, on GLW stock price movement",Quiver Quantitative,https://news.google.com/rss/articles/CBMikgFBVV95cUxNSFhBUEVzVUlfWGhMbFZjVENnaXl5LTVfbHZMbkJyOWlwMXFvVDNXOXkxV0ZTS3YzcmRhUktEcloyeDRuN25LOVE2Q0ZnbzdpQ1Zka3d4OS1OUVpkX2ZPc3g4dU1QdTdDQUNSeXZzTFJocWpOY0kxTC04Tmc4RGZPdTJpUGtiX3dsWVJ2LXhfYkRVZw?oc=5
2026-09-14 16:09:53,GLW,Crude Oil Jumps 3%; Corning Shares Move Lower,Benzinga,https://news.google.com/rss/articles/CBMiqgFBVV95cUxPSnhRUzBhN2k3ZWZCVmh6NjZEZk8xNVJNbmhuVW4xMzQ3ZF9aLUdvWjZqOGVQUFhhWGkzSHl6SGZ1ZWtnMXE3cDVQUHVjN2RJaGpXU0dzVWwtSi1KZTRuSUM5VmNwWjF5TjFTUnkyRE90Uk5EZmR6VFF4VGFOczhOTi0tMFBxb0hRVU9UcHVYdC1Nb0NrZFg3WEUwZF9JbU5xeEJ1bkhDV0hxdw?oc=5
2026-09-14 15:45:47,GLW,Trending Industry Today: Corning Leads Losses In Optical Communication Stocks,moomoo.com,https://news.google.com/rss/articles/CBMiugFBVV95cUxOTDVKaFEydjJiNVdsSlJVUHYzZm1uOVFPWE5XUDJ6RlBibnpOTUZnSTJlc3hpODI2RVFrNDlpTFI2T1JncmdfX0dqQ21LTk5MSU12cWRDWFJZdEt6WmdfaG1KR3BPLTNkRVd6enlCd0xycXBRMmREY05mbzZva0FaVlBYR01nRWZoUkZfcjd0cVRPcmdpdVpETGtFMXNrbEhxSy00bG16UDV5ZUlkeEhtTmQ3aTlJaTNjZ1E?oc=5
2026-09-14 15:04:46,GLW,GLW Looks 128.0% Overvalued on GF Value™,GuruFocus,https://news.google.com/rss/articles/CBMiggFBVV95cUxPQkx1TU5ZRDJXQjljNEdBaXVXVHBpUmdLd1ZxOXVlSzdTWlpUcDdDWXpNWGo4Q05LenNoVmNVbGVqemRvRlAtaXhPRXpnVXJ6WjNRLTRUZzRiay1MTmNTS1Z1aVNXUnViUnlnOEZoZVpKOGh6V3oybWNsSVkyT0R4WFJ3?oc=5
2026-09-14 14:31:00,GLW,"Oracle, HPE, CrowdStrike, Corning, SpaceX, and More Stocks That Explain Today’s Market",Barron's,https://news.google.com/rss/articles/CBMiZEFVX3lxTE5GT01EUENvYWlsMlU0SXJ5SjBoZU9zdV9ob1g3SHRPcDJjcVhfRElmd25od3NIMXRmVC15d1Uzc1o1ajlCZ0FaYnlDV0FFRmg0WmhjX29WeGRFbVBWT2VyXzlMT0U?oc=5
2026-09-14 13:56:04,GLW,"Stocks to watch on Monday: GLW, KMB, NVDA & more (SPY:NYSEARCA)",Seeking Alpha,https://news.google.com/rss/articles/CBMiiAFBVV95cUxPakREay11MUJ5OU5fSjVWRk9zejdzRjR0cHl3b2JXekpyeVBlNFFLMUs4S1d1cUk2N2tGSmZGV1c1Wmp3MUdmdUhRSlpCNFM2QnVZSGRMdEVtUXlQMXF2c3RLOW5fS2tNNG1BeTRZdnVBcHpKcl9faXV3MEZNMFc5TTNiakdKMGFD?oc=5
2026-09-14 13:36:24,GLW,Corning stock slips as investors weigh a $2 billion plan,ad-hoc-news.de,https://news.google.com/rss/articles/CBMiugFBVV95cUxOUnFwc1l0NVJEa0xTNnJwdXlDOW1QRERsS0Q0M2poMmY4VW5NUHJkVFlBSG5SZE01TmpOM1hKck1uMTVnX3lwYkZJdnRFSER5LWFFVVZ2TkxVai1pNGlSNXlxRUQ4NXFpVE1LRTBGQkJ6NVdFd1BucVpRdVpNN2daYXNJLVVFMG1HVFZQaW5VUEVNdkMwNkNpU1Ywb3NjWW1SdEdlWms3VXdTeXJyTjgyRWVHMkZWT195S2c?oc=5
2026-09-14 13:33:00,GLW,Corning enters $2B equity distribution agreement with Goldman Sachs,TipRanks,https://news.google.com/rss/articles/CBMitwFBVV95cUxNa3NNRk1haWpuOFFaTFVfakxVUHZPUXBJY3ZUT0JLSGtRSUVJLXZYU2tjSkdzTVVCN0RhTDZPTk9kTnprb25NREpEMnhpQkdDZ1pqMTNaQTZvOXFGWlAzYWRobUNLT2haZ0FreUNvUUt2NEtwbzhqd29EdGx1ckU4aWk4MTZUTFJ6Q0M4TGZjWW9sdjFJZm1HVTRjRjUtRDR4VURqbmZVcXpBTjV1YWtfOGVELW5pTE0?oc=5
2026-09-14 13:07:50,GLW,GLW Looks 152.0% Overvalued on GF Value™,GuruFocus,https://news.google.com/rss/articles/CBMiggFBVV95cUxQN3VrTUp4VWt1amFSV2RGYnhKd19nTVRXanhMLU5zM21JemF2VFVOUXFSbjBBbkhvQi1fWEIzanRkZjhIOEV1UVJldXc2N2ZfemxBYTBqc1lzUFVUV2dOZDRQN0FKN01sN1BWZkNsbzlMWWlzeEZNRlRKakZ0WlVZbFVn?oc=5
2026-09-14 12:02:06,GLW,"Corning, Cellectis, Biodexa Pharmaceuticals And Other Big Stocks Moving Lower In Monday’s Pre-Market Session",Benzinga,https://news.google.com/rss/articles/CBMi-gFBVV95cUxPeEpQazg3d25aeEZndE8xMll0dmtGT1U4Y1pSd0hncFhRbmNCd1pncllIN3YtN2I4RlVBd2NoSzhqZ2MyVFg1NEJObXpSSmt1VTM2SmtDWkJpTHQxUlJWeVc4QUlSQ1lOU0JLTlBZc1pwY2dHUncwSFJBOEF2Q3puRUxBWkpXZWw5MnFJc3gxRzRES2Q4OXRCVDNuTmJIMlBZZXQtaGJNMVBuSS1DMkNfOVhTVnk5SHJjT3dLT3ExQnVwcF9hMGZJUXh4djFfaDNGVk5lOG9iQ0QxWHY4bzJGSGJiUXQwb0NoQ092TmIyaGYwNnZFWWpKcUtB?oc=5
2026-09-14 11:30:52,GLW,Why is Corning stock sliding today?,Investing.com,https://news.google.com/rss/articles/CBMinAFBVV95cUxOc0Q0elhSdHRhbUFSWGRRc0FjNkNkNXVCMmp1bndPOWJncTdJOXpfQnBYclF5Q0FSaDR1Mmd5RnFiMzhlZ3NMQk9rOEh6c3VaRldaMk5sTEQ4bnZpNE0yNDNzaUluZUhsQThrcktlRFZ6OFFYSG0wUG1ObjBITngzU3A1WFF1Z3JZajV2SHZsRTY3dHk3VmZNQVhtbTk?oc=5
2026-09-14 11:20:14,GLW,"Jon Najarian: Focus on PHM, VRSK, GLW, MRVL, INTC, AMD, CRWD, PANW this afternoon",Traders Union,https://news.google.com/rss/articles/CBMikgFBVV95cUxPWU1JdmJic3RJcy1mbmpra3liZUNtTkg2Zktqb0ZOYlZBOHpuamtOaXkzRDlUWE40dkltc3ZxM3JMV3hrLVFsb3RKX184cGVOVDc2bjg2TnJNejdPVHB5QXhVUnRBQUpWTGhUUE1jOUFPcFNCbndJbUJZWngtUGJTRGFZRHZ3WVpZWHBaRlV5bFJ1Zw?oc=5
2026-09-14 11:05:00,GLW,Corning Launches $2 Billion Share Offering; Stock Tumbles Over 8% in Premarket,finance.biggo.com,https://news.google.com/rss/articles/CBMidkFVX3lxTE1sMTNuOEpXOF9KQ0ZNVVZNMnNKVGl2WklvV2J1TWQ5ajRjcFN6SUw4ZTA1bEd1ZVNicUJsNzhPWkpuSW9WdVhPUF9HWVo4T3RaeHN2WjhIY2VhRi1laEtkQmE2NVBLa0o1cVpDX3dJRGloTlBwUlE?oc=5
2026-09-14 10:58:44,GLW,US Stock Market Movements | Corning (GLW.US) falls more than 8% in pre-market trading as it plans to raise up to $2 billion through a secondary stock offering,Moomoo,https://news.google.com/rss/articles/CBMioAFBVV95cUxNYkpKSElkY1NGa3lZQWNKNWsxMEtJV2ViSS1JU2dvalN2SVFHa3VhZzdDLXA0Z25KU2wyTEE2a0JqaGVCVEpadnN5N1Nva0loaTBJclRYMnp4bHl4b2MwejdweFJrcFVZRHUyWTM1aW5ta2pNSl92YmVtS3ZnaXdwSXhhbTc4Y0VMYndPM2R4RnpFMEZWN0VnRDI1UzVvNWRE?oc=5
2026-09-14 10:43:26,GLW,"The AI Trade Is Rotating From Memory To Interconnects, And Corning Is The Best Way To Play It",Seeking Alpha,https://news.google.com/rss/articles/CBMisAFBVV95cUxQNE9yZzU1S3JTMkk4emZwTFlLWjJ4QktzTkVUTDdZbDNyWXlzaXpCTVE2TVhRdi1RbE9peWczelFUN0Roa0tTa2x2YjI1clB5RlZiQXQxLUpKZElWOUMyV1Ewb0hwaGtHVmNNVXIwcXlPVEEtYzh6a1ZaTFpaZWFrdHJtaVBSdzBqWmlFZWQzdF80Z2pCSTNYUUthVk9MNS15RFR3RGN2bEdFMFotSVNQSw?oc=5
2026-09-14 10:24:24,GLW,"Corning Incorporated: Priced For The Ambition, Not The Confident Case (NYSE:GLW)",Seeking Alpha,https://news.google.com/rss/articles/CBMirwFBVV95cUxOcFhBSldaVTQxODhtcHhWN2ltOUdUbTFsSnlPaTB5MWZzRHAyVWhObm9tWXRfY3dYekNRWHc1Y2J4RUl4NDZFS0pMcE9SMFFjSVZDeTJ5RVBRZkxvVFhzV0pJVjNJbkh1WlF5VUg1QVlzaEJDTlRrRFlETXJ6Q2pzWEpNYkhzNkZKc3FDZGlKbmxGZDdkWFpQWVowZnRNdEgzSmhWRXhNdWhFenBqWW5Z?oc=5
2026-09-14 09:46:00,GLW,GLW Stock Drops Premarket As Corning Launches $2B Equity Offering,Menafn,https://news.google.com/rss/articles/CBMimgFBVV95cUxPTURrbmFDV2ZSaUpPc0JwVkh3TFVpdmpMb08xRlc0di11bHVEMlNuNFNlS1FyN2xqRXlMZHJiWmYxX0pmSHZzZG1qWTVWWFJxQzFiMXlFcFgycXdCSkNkektldHpKOENtSUJVdHhrTTY2TFcyUjlBeUJDcmdZZTBQem84RnJMZUFnalVxSlM4b0U5UFJ3SWZBZEZR?oc=5
2026-09-14 09:40:01,GLW,GLW Stock Drops Premarket As Corning Launches $2B Equity Offering,Asianet Newsable,https://news.google.com/rss/articles/CBMiwwFBVV95cUxQTFBueTVEZ2ZoVXh0SGJkWGYzRUlkNElSSVNRa2VCNHdBY2M2S2U2Z1J5ZWFOeE53bkhOV0hGRGFKUEFGTHpDaTVRcVRGelQ5OWZkVE1Eb0pTOWJRdUdCUXFMc3NXZ1h3Qms1aUJaVDcyMUdLajNEY25iOEVpd1BiaE9lMXJoM2Q0VXVSd0NITHBZNnBkdFBMMHIwNkZCLXNSY0RPSmhDb2ZRVC1yUmVmcGY4RFN5dmhuRXdQeUZtUWFHcGfSAcgBQVVfeXFMUENqcDFqZVFtNXBwVFBMUF9GRmNHWmxQXy0tbHBHVDh3LVNzakZkczRjcHVkb2xfMXFpWV85WlY1dEtneFZ3bktZX2xCY3BmcFBPZ3QtaDN1T3FMLTlreGpvNlNVVUpydEdpOXlOYzU2X2RUQ29NVzFocXBGVWlOZXBtYVNfOXF5T1B0aDJGOGZ1QURycWZBdTJzQ1BwLW1Hbl9XVk9HY0ZQQzJ6S2pEaVROam9NTWNneGNIdENBb3NWQ3hEakt3cjQ?oc=5
2026-09-14 09:06:58,GLW,Corning Launches Up to $2 Billion At-the-Market Program,Intellectia AI,https://news.google.com/rss/articles/CBMijwFBVV95cUxNWll5U01GazN2Nkc2d3ZnN3FoZ2JOblZ2bnVFTVhqazI2aGRpWW83T1U2Ml9hYXNubjlYV01IdTZROVN2b2pjUkg4b1pMSGlhUTR5SDlFaUpoa3IzaEtVbXU3Z0hYaDNlUWJuZ2h1NGtYUEljZlRqMzA4NjJrOG9CWV9BeUhSTWZPODAxY2FKOA?oc=5
2026-09-14 08:54:05,GLW,GLW Stock Drops Premarket As Corning Launches $2B Equity Offering,TradingView,https://news.google.com/rss/articles/CBMiwwFBVV95cUxNQUU2bXBsdm52OEJzSnc2b1ZlcHMzN2NhNm85NGYyZEpJcVBYR2pWUkdUblVjQmlYbjhTZklLaW53VmdnSGNiNjZGYk15QXJvTl9ERklZZWZNbEhnLWhOdDlXaGMyQTRWUlNER0lrc2szZ0Ytal9BV3NDTm1HZ05KQ1FuQ2dJMnIyRFVHTFVmZ2xGVnU2LU43UnpzYkNoelF6d2x5U092VVJwUGNWRExpR2Ryd285akg0UWswY21uTl9JckE?oc=5
2026-09-14 08:54:05,GLW,GLW Stock Drops Premarket As Corning Launches $2B Equity Offering,TradingView,https://news.google.com/rss/articles/CBMiwgFBVV95cUxPNmFCWFRQWER2M1NQYzVHVldwS0ZEMncwaHdrTEx0bmhYQWJoRno5dWR4cTZSbFhKT3BzNUlnaVdPclVIQlAwZzhNYkM4aHBQRDhhdXRERXVwSVgzOEF3aDRMaXdkVWQtMlVUZl9ucGRIQmd3Mlc4cDF6RFFPZ3kxOGw0T0EzajlDUWhHRnM5Sy1NbHBtOUtSbjJQaHBSSUVuN0p2NWVhZDdjNlk0V0RBX0NGbUJ5RGdkbS1tX3d5RERRZw?oc=5
2026-09-14 08:54:05,GLW,GLW Stock Drops Premarket As Corning Launches $2B Equity Offering,Yahoo Finance,https://news.google.com/rss/articles/CBMinwFBVV95cUxPNjlzd2g2SWdLSzlnT1l5MElyQXRaX0RMWXNNM2c4SXg4T3lsWE9YdXNZbVpNSFllT2pmN1paWkFuYy1qVkRoTjk0Ry1UUGlULW12LW0xaWthREZEdXBGbHplY2xmQW9QRG9XdzBLNGlwb2VySGFTREdmNWtvZDhIQXQ2WXhnYmZ4dWJwdkRIQVdueDB5NWRnQWFnY25OQW8?oc=5
2026-09-14 08:36:09,GLW,Corning Slumps As $2 Billion Share Sale Rattles Wall Street,TipRanks,https://news.google.com/rss/articles/CBMingFBVV95cUxQS056V3RDTGxEbmFmWkJrVGVrSmRocUw4RXdRNEFNaldReEF6OHRBTnY4S2EtekVJZzZxbm5IVDktdjd4VU8zQlZ6ZG9tamd5N0tzc2hvMlBuT3JiOGV2NlBudVVOc05GRlZ2UnNPWG9RR2owVVl4TC1Ta1B3bFVxc1ZWMEVtQlBjRG8wb3cyVDFLVGM1NnktVHE1bU1UQQ?oc=5
2026-09-14 08:00:04,GLW,Is Corning Stock Outperforming the Nasdaq?,Barchart.com,https://news.google.com/rss/articles/CBMijgFBVV95cUxQYUdTdGl0ODJoMFVBLUYtdHlKVlROVWhoWXdXdF9XZkZDem1FcThVanVEVmVrRE9jOF9sU0tfYXpZTUtvdkxnT2tzMUlhdFZtN2NRLVhoWVJpbUlMRGc2NkVOYXV0TjlxcGsxNmJGbEZxeExtSkJZT2hQdm9mN0hWNlBsamF3U25qWS0xc2xB?oc=5
2026-09-14 08:00:04,GLW,Is Corning Stock Outperforming the Nasdaq?,inkl,https://news.google.com/rss/articles/CBMiggFBVV95cUxQZXR5SWJCc0hrYzJCX0Q0NzNxMkxSbU8tcjNCbW1vMUhsNzNQcThnamJfODZpT0laNTVWcmRaYTNvekstRGxjQWVLNmZ4UFd1VldMNEFfQVRVNzY2WXVFWHN6Q1JzZjRyTWQ3VjlGZmc5VUYwQTlNWTBieE9fOTNqdEpB?oc=5
2026-09-14 08:00:04,GLW,Is Corning Stock Outperforming the Nasdaq?,Yahoo Finance,https://news.google.com/rss/articles/CBMioAFBVV95cUxQWndFbHFRX3J5a29GbE42LXhIRTlkb3pNLVBjX3N5anJnS0RxRnhlMi1GUlI5akxUUUtmWmpvZm56cGRSSll3NzlfMnQxQ3RrVnNXdWFBTUJBOUJIZ0w3bHk1ZUtZN1lCMS0yTnIzalN6b2JiU3Zac1NvcnlEWkF0TUVOMUx0bFNOb2VBbGIxQ3JLYk5fMVFlRHAxQ1VOMjVW?oc=5
2026-09-14 07:55:33,GLW,Corning Incorporated Stock (GLW) Opinions on Equity Distribution Agreement,Moomoo,https://news.google.com/rss/articles/CBMitAFBVV95cUxOSm5objNnYmdMRFZqV2RYQ2pQbnZ1VHlnWGU2SnBTdTE0MEU2U3ZVVzlHVENNTUdPWjM1SWJWZ3ZLWnZWVU5MWGkwd08tMlVHSGtZQ1hLY3J3Tm9xVHRzcnNjOG1HbEd0V3lJMDFyc1NtWVB5VWJxTXkwNWpsOWZZd3FTS3h0RGJpRDl6al9wX1FzOHM5ME5GbnhTT3E1RFZnSHU3LXo5cURPbS0tZGVlWmtqUnM?oc=5
2026-09-14 05:45:28,GLW,"Corning, Dave and Buster's And 3 Stocks To Watch Heading Into Monday",Benzinga,https://news.google.com/rss/articles/CBMiywFBVV95cUxNNzB6VDVKaFJ5YVJlM3JZQ2dxSFNTTFROWVR3aWZPU3NoMkNMb19JQTVQSk1YeXoxWFNkNFBPNEtGTkljR2IyUTFPUTVlVmhlVXRvWXpoN01GYmhuY015YXBBNU1QWUdES0NVdnVESUVnc0pkbl9CVzFiNTRwZm1HV1lLbF9NaDRmNEgtaDlqZW5Pa2hvTUpidXZ0ZTNGMlpXRlRrXzFBTXJ2UHJ2amFuaWN4NHlHTlJ2TGdUNGlVVVhSZnZWQTBFZko2bw?oc=5
2026-09-13 19:48:15,GLW,"GLW Stock Sank 46% In July, Its Worst Monthly Drop In 24 Years — Truist Sees It As A Buying Opportunity",Stocktwits,https://news.google.com/rss/articles/CBMixwFBVV95cUxOOUU2ejZEa2MxbEc0VmZCZngtX3o5WG5fVnZhUXZxdE91ZTFtMWltYXRDMGxYc0M0UXJibVExM3JXNW1NdnVqdldyUkVDMUtzRE5sUjRDSEhEcjB6QTBGTE5rdllEd2FaZXZyZ3hRM3J0M0ltSXhuNURDZzlMb0JBZVJtelBtbGlPY2VkM252TkpTUy1tQlk2OTVqSGpKMnhCdDdMUWJBY2hpcllrSE5JQkktVndXd25TbFhxRmNwbzJqekpNN09j?oc=5
2026-09-13 17:33:00,GLW,Corning Incorporated Stock (GLW) Opinions on Equity Distribution Agreement,quiverquant.com,https://news.google.com/rss/articles/CBMisAFBVV95cUxNeGN3X3hQb3NOUEliUFl6bTZaZDdaSTBub28yOTR2ZGZGMnl2WG1OeHhkOWwwS0ZucTlxazM0dzduMER2eFdsQkZpYTBhYXJVVkJIUFR2VnhXWnFhRzEzNzVmZ2dfZmc0ZU5IMm9lOUxqM18tNk1TR1EyLV8wVFlGTC1FUkFlZFdIdUxScWdyemFhb2RnWGVTYmRHM3RIdmZ0UlhsWG82WlgzZHlQU3o2Ng?oc=5
2026-09-12 11:46:37,GLW,"Corning (GLW) Files A $2b Equity Program, Is The Upside Already Priced In?",simplywall.st,https://news.google.com/rss/articles/CBMiugFBVV95cUxQYUpWYUd3TFEzc1NTX2c4cmF5dXZPNW95VFY0cXhhYzZpbXdMNnJrYWQzNTd0aWxPVU0zeHNIRnV4ckVBb3RCcU9sRmNPWFdESWJfNmVmc25VMXVtRHMzbnVGd0N3Qjh6RGpDbGZEVDJUSmRZbF9Ccy15ZXVwM0JXVGtSd3Y2c0FSWDdsNW1JUFo3dk5xQ0xyYUVpT2o3ZGp1SDk4Sm5RcUwxbk5pTlBOc2FtN0g4OTVsb0HSAb8BQVVfeXFMTnhObzNKVnAyME9GNEU1d3htWGNnWW5RUWtvVlhqUHlLWXNnREpWUFhMcnJRcmhEMkkzZURWUFI2R0ZKeVNzcWloRFk3ZFBLY3RjN3l1ZnZ5a3RFc25DR29mYnVtcEtRRlRnSGIwcUY4M0tqZE02QXhKQUcwRmVUU1RHQmVPcnFNcEdTV19aQnpUdXZrZVBKTnR6UzR5NF81NTdtNG1fdlplWWxWN1dQbmhVbzRQOVc2M01HU2lCY2M?oc=5
2026-09-12 10:16:55,GLW,Corning Stock’s New $2 Billion Share Tap Implies About 1.4% Dilution,TechStock²,https://news.google.com/rss/articles/CBMijwFBVV95cUxOdHI0U2JmUzZaOTBjRV9wVGJQWG9nc0NxWkg2b0VjWHRMTXFXS2NEN1dCMUtqYWxQM1pLaFZHbWh2V1Q0ZXl2NEhGWlB3cUo0ZTBXNmozbjNTaWNYcllzLW9WTHpNWmxiU09kaW8tTE16MEkwSE5nT1RLanMzVUhrZ2tfWVBZTUJ6RlF4clk1cw?oc=5
2026-09-12 05:42:45,GLW,Why Is GLW Stock Falling Today?,Stocktwits,https://news.google.com/rss/articles/CBMimgFBVV95cUxORUlGenBEVUI4ekdJMzQybjlCUmNabTVvVzNBSFU3QjFabnprSVpFdXJSalpjZEJGWEZ6VEQ3cklEWVpQQWtHRmlQRHo5MGd6VmdNOGt4TmFfcExTWTJSR2ZjaEVqczJ5ZmN4MnZoUnd1SER5M2d2RVFaOVRacWpXTEFkeU5ZeTMwc1lCOVJKNXFRM2M5dlM1emxR?oc=5
2026-09-12 05:06:16,GLW,GLW Stock On Track To Open At All-Time High – AI Data Centre Boom Spurs Price Target Hikes,Stocktwits,https://news.google.com/rss/articles/CBMisgFBVV95cUxQTkRxaWpmVXBIVV9xbF9zVUR2QkgwQzItT2lndjNqT21wc0oyOWVkZXpNQUNuUnJyektYTFNJeG5CaWZuZkt5eVJVVk5zUnRjR3U5YmFCV1ZFdUNHSmNjMjZJM0R0UXdsSEdMeTcxSzhDaTlWSTE1Vnh0bHM5Ym8zeFBRLUtNNkN4aS00V0g2ZDlNYVFpeEtsN25lYlNHQVVxbFhicjhEYUNwUGFxMURtZW9B?oc=5
2026-09-12 04:02:00,GLW,Corning Sees $20B Run Rate Early as Verizon Deal Fuels Data-Center Growth,TradingView,https://news.google.com/rss/articles/CBMizgFBVV95cUxNTEdiN1NrSC12M1RfV2ExaXY4MnFKUHhGenF2bmY1MzU1bkhtRWVtVlpCdDY2R2FUZ2xsNjVlLXVLakdnVmJRVjlZbElhUHFxdnVoRVRFWnBNZjQtbGIweGNzSGM0b29EblRWQUtZSnlrb2RveDNuWlQxeEdPZmNmNmI0b2hsTnIxZFdZZGN4aF8xclBIZ2Yxc0xSbnBQemRmLWhmcnFhOVlNVFpTNTNrelM1ZGFJd0xfUGZDcVJfN1UwbkdTUEIwa2ZCNEpnZw?oc=5
2026-09-12 02:35:44,GLW,Corning stock dips on filing for $2 billion equity distribution program,Investing.com,https://news.google.com/rss/articles/CBMixgFBVV95cUxQU25leXhKY0tYV3dEdEZ5SjM0MnpvakxJS3BydU9TR2V4aTNhbDZIMldGWVlWLW1CWG93bzhveGRXTU5NSVVrNEZlUEswMWNJcXNwNmt5Mldzck1zcS04OUQwa3RWQkYweXNpWHVQRWUtazE2d3ZYN1ZIaUpIVVdWSlpRY2k3WjBjTExQaHhsLXZ4T2h3ZURWbjFYX3RPNnNoRWs5VXFta3VMRE1JMUJETVd2Ri1jblIzRXNPekFNaTE5Y0ZwNFE?oc=5
2026-09-11 23:12:39,GLW,Corning Announces $2 Billion At-The-Market Equity Program,tipranks.com,https://news.google.com/rss/articles/CBMirAFBVV95cUxOOUZtOWpwbll2bDRZZkFFOHVrMjVYeURWM3o2R0VtN01jOWM4ZWhNYXNUNHc2LWNHTXRCaUlXLXh6SDRUSVJpdFpGSW5aUVJubUNSQlVORVlTQ1lQWFNUQUdGblZaSWpvalVzNFRZQ2JmUlpXZlNMRVQ4bFRrSXNoMElkelZwTmxEZ0paVU5hSnE1NzZEbFM2X1dLbWVvNWdFSTJTWW5pdmFzRDNN?oc=5
2026-09-11 20:55:27,GLW,Corning Announces $2 Billion At-The-Market Equity Program,TipRanks,https://news.google.com/rss/articles/CBMi6gFBVV95cUxQaEZ0QUh5d0hCNkh1TUx3dHBFa3NDZTNJYUN4LUtpLVgtOVBsam5SdjJyVGNQMUtUcVBKcHNVWTB2Z2dTbF80dWVBdWp4ZnFmOEFZM1RhVXVxSHV1LUFwb1Z2b1hTV2F2aGZ2WE1HM2dvRElkUG0wVTB1cUxzUHc5RFByeXAxVy0yeUxDc09ITzlJZEhmRmRCY3BmbDhsaDBPNEwwVFRyTkdKTncycWlRWDFrb3d6ZTQ4ZmFaSDF5WTliOXRLRnd4X2tzOUhaa29DYUhlY2FuMFowbU9namJOSDdZTkIzV1NrVnc?oc=5
2026-09-11 20:33:02,GLW,Corning launches $2.0B at‑the‑market equity program with Goldman Sachs as agent,TradingView,https://news.google.com/rss/articles/CBMi1wFBVV95cUxPc21vVFZnQnJFUEZtRWhZMkotV0N2THdIZGZPSHYwVWNoSW5yMXN3VHhlbjFvZXlmMjF3b2N6Vmphd3oxUGh4R21zbzRNQWMwcTJTbUhULWtDUVRoODRYdFptUDROWmNFMnBVOXlOMXozLTdwV0VzdFVhZ2Jld0daUE5UeVRUTExMQ3p4eU90X2xRYWtfU1pLRHQ5ekJiT0pqazJfZEQ0T2JXNjB0MXRjNkNpd0E5cG12T1cyVXUzMThWOWNOMENlal9qMVExUTZZakR5UjVCTQ?oc=5
2026-09-11 10:29:52,GLW,Corning (GLW) Stock Could Be 20% Undervalued As Fiber Deal Raises The Stakes,simplywall.st,https://news.google.com/rss/articles/CBMiwAFBVV95cUxNdHplZWU1MzJwY1JyeUN6aVBic3cteTdHS3BOWkM2UHdqZzJyeU5fbm45U0w3WndsM2h4Mi02clhxX2t3OGZDNEd3MWFXZHJwMnhCMS1JeWNOMS14T0EtVFNTVFZ6X045TmVCY3ZCbkRvTHB4WUtpYjhSeTkxcEsxQnI3S2IxWVF1T1oxSlhHdlV4UUVDeC1meHF3bXk5QlVRX0lNUzFBVlcxWDFfMk5mZ25vU0xEb2wzb1FFZUl4X1nSAcABQVVfeXFMTXR6ZWVlNTMycGNScnlDemlQYnN3LXk3R0twTlpDNlB3amcycnlOX25uOVNMN1p3bDNoeDItNnJYcV9rdzhmQzRHdzFhV2RycDJ4QjEtSXljTjEteE9BLVRTU1RWel9OOU5lQmN2Qm5Eb0xweFlLaWI4Unk5MXBLMUJyN0tiMVlRdU9aMUpYR3ZVeFFFQ3gtZnhxd215OUJVUV9JTVMxQVZXMVgxXzJOZmdub1NMRG9sM29RRWVJeF9Z?oc=5
2026-09-11 07:13:00,GLW,"Corning Tokenized Stock (Robinhood) Price Today | Live GLW Price, Chart & Market Data",Binance,https://news.google.com/rss/articles/CBMieEFVX3lxTE9MSWcwa2lHVVNGMDE4d09wUHlURWgxZVc3dHFnOEh4M1NSaHVKaER4UmpwdXJFT1FpYU5MWHU4VE85OUxhOGlHbWt0NjlSN0dmY3psRTB3R21tMHU3eDhXYURGdWhaUkM2RzRBdThqRzNLQUJKUGhsRg?oc=5
2026-09-10 21:50:58,GLW,Truist Financial Maintains Corning(GLW.US) With Buy Rating,富途牛牛,https://news.google.com/rss/articles/CBMingFBVV95cUxNekozWDY1OXpQVjl4UWctVTY5Z1hYZWNoVHlMb2c0VExqX0ZuYURRYldMNDdrOWhRNjNnRXNreVJSRnM1UTI1NjMwZ1lhWVlmS3BEUXNJYzNSOGVlS1dOMmRoMS1yeUlfUjBneVBlOUR6eVpCUXRhUG9hMDVrVjZQUnBRU0s3Z1l4TUJabUtiQ3NKNk1qTlZiUVNPYkJVdw?oc=5
2026-09-10 21:36:12,GLW,Corning Inc (GLW) Stock Down 3.2% but Still Overvalued -- GF Sco,GuruFocus,https://news.google.com/rss/articles/CBMipwFBVV95cUxQdmNiUHBORGplNXBPeW9KUGp2UVBpWkswRDZmR2dIcHhqR0FkZEVGQTVGRDM2OFdtQ3JVR0Z5c0s0RzdhVUZ0MEdMSUtOdmxKYlB2SEpNRDJ3cEItWXRwZHZGYW9YTGZyNVFHOE1CNEpMbHI5bE5QTWwxREJ3RzdkbU5WckJKd0tWVkFJS1lhWk5oU1g2LUdabjNyM3dEblhnVldUVTNIYw?oc=5
2026-09-10 20:37:00,GLW,Corning Inc. stock underperforms Thursday when compared to competitors,MarketWatch,https://news.google.com/rss/articles/CBMi4AFBVV95cUxPaUpWZ2dfQkdsTUgwdFVNalVWbzAxWmhyZG1zQ2wyOGpBV1NINUNXVlVXZHptNWNTRzJOYTgyN2pKUU5KajMzdTJwZUg4X1hEdnc1TFF3V3JXVEtNTnE2elZjaXNXa3NVR0ExMmJyZnBvd1ZVeEJEREN1RlF0ODlISURZOG1Da3o2S2wyaDhFaERwNmttcHdpV1R1ckpxd0FIUnRnbzVCcVdFclk3VGp5LW15V1NsYkZfVENMU2szRTZsV0lQNC1Bc205V0tiZ2N0NDVlOHdNUlJkaC1hbzY4Zw?oc=5
2026-09-10 20:37:00,GLW,Corning Inc. stock underperforms Thursday when compared to competitors,MarketWatch,https://news.google.com/rss/articles/CBMiyAFBVV95cUxQdzR6V25tWHc0cEdoMzIyRnVFM0pKczNnVjd2ZG1rZTJkS1pBZEMtTHAzLTkzaTRuVWFMcVAzeGk5U083UlB6MVlmRWhmVTNaZkxWbHBYMUhUSU5oaDNxZkREdmxHM3pGMjkzWmdHMUhRY2RxcnpFOWprVWloMmpGNUlabDF6NGFzWFNNazN6dWphaHozT0Y3cHo2Y1I5NDctTXozMFFITDdxbEhzOEpQcmp4bFhJQTFKdV9TUkV2ZmFXRWNnUy02Yw?oc=5
2026-09-10 20:15:28,GLW,Corning Inc Stock (GLW) Closed Down by 3.17% on Sep 10: What Investors Need To Know,TradingKey,https://news.google.com/rss/articles/CBMiigFBVV95cUxPX2NPd2FMLUhEV3FJOURoRE1qRm41ckp3M2JHb3RVTHFJT2RUR3hMMmw4RUdqSHpremFncTZ0TFNfdmxPTTJvM3ptV0ZSbnZZcW5kazAxMi1jRUFJbWJPWE92S2J1YWx4aE04UHlfbk9CdXJlTnI4eVBBdmk4M0RoU3ViQTVtTWVHZnc?oc=5
2026-09-10 17:53:16,GLW,Corning Just Locked In a Massive Verizon Fiber Deal as AI Infrastructure Expands,MarketBeat,https://news.google.com/rss/articles/CBMiuAFBVV95cUxPWjd6cllJSS1fWGRIUkFYUEJyR2RlblNOQzhLWnRXRm9NaEJuZDd0amNiaFN1dENwZVNQMnpoNUNUX0Fnd3ljTm1zR05Ra3F5elhwS0RXUFdENTl2RGg2MjBWZVdYQ05iN0ZFbjgtWFcxSTZiTkVvbGpKa21sYnlmZG5DeHRYaWl6NGV4d0xXclBlaXpkenlJNHo2MVBvRXZSdXFsTFFSUUlQMXNNX2ZqbFlLSDE3NThu?oc=5
2026-09-10 16:52:00,GLW,Celestica vs. Corning: Which AI Infrastructure Stock is a Better Buy?,The Globe and Mail,https://news.google.com/rss/articles/CBMi5AFBVV95cUxNRDdjeUhfNlNaRElyODVXa2llQ3dfRG5FRkV1UEVmcURTcXd0Z2xKeHlMeGpLdnVtdk9aZGE3bWtpTnlIZ0ppMXlxYTJuN2ZDZzBTRlRiOUoyVWpkSE1fOWloVUVPdzc1VXVSa3B4aGNBdVM2TVZST2lyVGQydlA0c2ROS2VHMVBwdE5LV1dsUUd5NE1aY0V6OHVQZjNBV2dESjFkTHdpd3Y0YWlXM3g2d25MUTRHQ0VDUUNfWXZ4VDBPUXdsQ25DakNYTnVvQVRzWEFYSGliaVJDOENpeUNsLXNNcEY?oc=5
2026-09-10 16:34:06,GLW,Corning Inc. stock gains after analyst upgrade and long-term fiber deal,ad-hoc-news.de,https://news.google.com/rss/articles/CBMizgFBVV95cUxQdU5uNmF2MG1kOWJNcGpIZ3dTOHRRQzZpc2FEZG9WNlg4b0VQcjh4WUZlMzRKdWlxZmdobUh1YWF6NWRhd1RodVZSZHFwNUlFWmtlLVFYU25XUkpkT2dHVk95ampzLW1LRWdYVWxoY0E0NGhaMWpBM21wWnREeUtrR012dnQ0eFA5eTFkbGdVTzYzeC1oci1jNFVJUXJfNWFPTFd1S3phM1NGazJEbjR2Z2hLb1BNSHZyTnE4eExRVnBNODZwR2hvOWFsRzV0dw?oc=5
2026-09-10 15:43:00,GLW,Celestica vs. Corning: Which AI Infrastructure Stock is a Better Buy?,Yahoo Finance,https://news.google.com/rss/articles/CBMipAFBVV95cUxOc2x6MmNUM3JwWG9RbzJvYjBiUnp1VV9XN2pIN0F5S2RYdUJrM0JOZGZjZ3g1TnFINHNZTWx3a3gyQWZFT044X0pXdjdPRkJsSUprdENsV3RWZzA3QWhPTFBXYm9WMUUyeFBnWkY4YnZFSXhOVzk1QUNYdi01eExFRGNkMlBFM0VsUUxLNW9RSHNXaXJpTFVqdHdDZVdLSHZwWngxVw?oc=5
2026-09-10 15:30:31,GLW,$1000 Invested In Corning 15 Years Ago Would Be Worth This Much Today,Benzinga,https://news.google.com/rss/articles/CBMiqAFBVV95cUxNaUtGNUNRRWRvZW1ZSktRVWlLZ1V4R0NhTE1qOEl6ZHFlQTBCN0c4OXE4WXNZLWNZZ2k2a3pRdjQ2d3RyYzVkWEcza0ZvR2hUbVEtRHJ3QTB6VVlhNE56S1IxYmpDa1NyVU5WS21xMlBGRnFHMURKR2VGMnZjT2tReVFiYzhVOFMyeWpjWWdoVTdhZXl0R0NhY0phQmZncVIxR3BUM2k5WDQ?oc=5
2026-09-10 15:12:00,GLW,Can Corning's Long-Term Fiber Deal With Verizon Boost Its Shares?,TradingView,https://news.google.com/rss/articles/CBMivAFBVV95cUxOTUVUSWtUTllYVVFYV0VQQkM1SndXcHdmWlpZdkEwd2ZVRlp2ZThELUVTalp0UUtXMmlSTGRvN2FSaUJMdTQ4TlV3ZDE4OENqdjcxS19LLWFZOHUyUGg2SEpHd3IzY0VfVkZaTk5wZnB3WDgwOUN2eVJMOUE5MkpCRm4zd0V2blZHR2NqbjV1YmpDRXNtWExmUmM4dFRuU1VoWDJWbWZ1RExVS2tST3Rkc3doSlBOT1gtUkVpaw?oc=5
2026-09-10 15:12:00,GLW,Can Corning's Long-Term Fiber Deal With Verizon Boost Its Shares?,Yahoo Finance,https://news.google.com/rss/articles/CBMimgFBVV95cUxNdTR2RlYwR3VHS2hOTUhnanNHSDUtTklfVjVlS0ZmMFN5eTZ2UkdQV2oyYzNDNUUxcmlnMXVDaXNjN25mb2x2NHJmbHMxcHRiNVdDVEtTa3EwMUNnd0Q0OHVRRjloS0hYT3hRTlc2SURjcEpLbkZxYVVXTXY1ci1yYzRaYkR6VjIzZ3I1N1RpT0ItSVB4d3RCQVF3?oc=5
2026-09-10 15:03:06,GLW,Celestica vs. Corning: Which AI Infrastructure Stock is a Better Buy?,Zacks Investment Research,https://news.google.com/rss/articles/CBMiqwFBVV95cUxNcmJmWktkelo0akFYcWJSNUJPVVFWMjdBVGFndV9tdGdPNlZ6QlBKYWY1RVdWSlhSZEt0RV84MHNIeUhJNk1HV21aMWk1UEcwM2hzUFRsVDBrZkd0RlNwQ25CRVdQSTJVQ2VYMFhCaGc0bUZkN0VrVS1Ka3k1QWt5Z3RvYjhpTWp6UDZ3MWhwcW8xaUxzUnhfY29GeWUzRVFCdWVra216Q1JRdFE?oc=5
2026-09-10 14:44:37,GLW,Can Corning's Long-Term Fiber Deal With Verizon Boost Its Shares?,Zacks Investment Research,https://news.google.com/rss/articles/CBMipwFBVV95cUxPUjJOM29lclMybTZCeW5PdnFFeXJkUXBySW5iY0YzaEpLclBtcTIybjJRS2Z0cUhGYkhYb05IaDBTTHExWWFYZl9GTGdRajUxY19pTXhPNUU4YkxhbnBkMmZjU0hOTVNlOGJMMGxSYW45WEZ4MlRoZTNPMGJYUWtXdlkxOWlWN05NZzdTLTlGdUwtMHkwZkplMDV4X3hKSVFsNXNrQVJhUQ?oc=5
2026-09-09 22:32:05,GLW,GLW Stock Quote Price and Forecast,CNN,https://news.google.com/rss/articles/CBMiT0FVX3lxTFBUd1NiMllGZFRLTHlReE5TbnN3emFGRVg4aGVnNlNkeWpyakNoRERrSWwyTWh5MWI1bWw4OEt0WjF5eFJkb1JfaldkUXdIT1k?oc=5
2026-09-09 22:00:56,GLW,GLW News | CORNING INC (NYSE:GLW),ChartMill,https://news.google.com/rss/articles/CBMiWkFVX3lxTE8taDIzVGFQN3R5WWNtaWxYT2VJMVdCc2JlSTFCR3BMTmY1YjhGRElUZGx2bE5QS0NPNHVPRXN0UHU0cU5qQWpWcm1QS29ET0k1QXdPem5Ic3FqUQ?oc=5
2026-09-09 21:42:22,GLW,What Does Corning (GLW) Winning An 80 Million Mile Fiber Deal Mean?,simplywall.st,https://news.google.com/rss/articles/CBMiugFBVV95cUxQbk1YMUFIbjNsN05ZQ3JMb0RkOTRMUXd6TmNOcE1jbWRhWk5VYXVJbXo0TTY2LU1BTjBMOHBoX3NPQzBhOW1POE96V240ZnZnT0FqY01tU2dLWC0tZjNxZGdXdV9MLUlSVmk2LTA2ajctYWl2QUhLVVlieWJNNFpqbnRrM2N5MnVvT3NwYll1S0NYYmcwM09LYy1UV2Q3RXJaRjF3Y3RRSnRSWHMwVHNrRUpCaG9MQVlYcWfSAb8BQVVfeXFMUE1WU0llN1BUVW5vZThDRmtYM2RJNThpRHEwWjloMGlGaGtMejk1TU9heUt2QVZmanRHSlZ5SjV1Y1pwTUdGLWhZYzhtYTNNeU1rRC11eW1LYW9ZcnA5RmR0MG80dGlfU3pyNFd2aGZJdndpVUpTbnZFejJPYU5nNG1LYXlIX1FES0M2UHJENU9ocmlVbzJJQVpBcC0tYk5YUzRYOXpqS3RmYzRpUWtrTDduVHVFcHNEQzl1WnptZnc?oc=5
2026-09-09 17:56:10,GLW,Corning stock rises on a Verizon fiber deal,ad-hoc-news.de,https://news.google.com/rss/articles/CBMiqgFBVV95cUxNeEN3b0xrTlVwTnQzSmpTQzhrME83TDhTSVctYjhRZ1pndjl5OWM0Y1NjVGtza3k1ZG1NQUhtYjZNb2k5cTg1c1poOFJENy1IRmdGVGZPSEctWjNpWVZNYndYbkVhQm00YVB0UXRtZU9sUnhOSmRHRzdkOEZnRkhwdnVPa2M0MjJsVFhMZEF0SENYR3NrX0xEWmlMcDBNZElMRUdfQU1MU21VUQ?oc=5
2026-09-09 16:50:00,GLW,Verizon and Corning Just Signed an 80 Million Mile Fiber Deal to Wire the AI Boom,24/7 Wall St.,https://news.google.com/rss/articles/CBMiwwFBVV95cUxNeDAydUhnWDJsOW9MOFpTVkNkNXFFalFzVW9VNk11blY0Nk5sVlRLcmozcU9rb1BhX2hkb0JYT1R3NXpaaG5EM3BFeVFVdG5HNVJITldkaDd2MDJaREVwd0lnZDd5aGhPX2x1WDFMZXRzVTc2ZzBILU9fSGdyZDhKdFdaVDZ1R25VMUtYWjdXVnJZRzMyelZMaHJuVlI2SEh4LWFtaXdxREZSQkZvTm9OeC1XVWEzYTBfYWpjLTR3eWZpLXM?oc=5
2026-09-09 16:19:00,GLW,Why Corning Stock Keeps Going Up,The Motley Fool,https://news.google.com/rss/articles/CBMigAFBVV95cUxPc1g5cGtQYW5ZMi16b2cyZERTcHhmNFR2bjdaTlM4bnlyMWJ0OVpIZU02TzRYTUhna0ZMYk5EbDF1aFB3QVp4MEYzdjFUZjIwYWFOUl93bXlfQ1BkOU9FZmJYRVBWYlBlTXg4ZWFhZWFYZC1ReHVxNFJTYURPS1ZwXw?oc=5
2026-09-09 15:39:12,GLW,Why Corning Stock Keeps Going Up,Yahoo Finance,https://news.google.com/rss/articles/CBMimgFBVV95cUxNcjFSTmt4bkVRanA1Z0hVT0NVLTRqZ1p5cTZCcE9PTllSRG83ckRhQXRQcDlDUE9CWWktWWpycWhWRFB6TV9FaWRwaUdoZXk0NllIM2k1cXp2d3BTUW93R0NoZVl0bmNfU3VwXy1oWUo3VVhtVzlJQndKODNRdVcwYWVxZk10VGVhT1JvNm9PSUkxY05kekppZG9n?oc=5
2026-09-09 12:54:52,GLW,Corning Lands Multi-Billion Verizon Fiber Deal Supporting Broadband and AI,Benzinga,https://news.google.com/rss/articles/CBMizAFBVV95cUxPN0hhcVlJQXFqOVprX2FRQzQ0SXhHQUU1RmNfemEtMGdxNEdFY2Q4NnF0SjJFUnU1UWZfelFZang4b2RIRVE1NG1zWWZhV0N6MTkzZkh4MFpqb2EwRk5vMnRreHFWaV9MZzN0Tjd2UTkxTlY1d3Z1dVlKVm5HcUE2ZUJtbElldXV5OWdodzFBZjZZd0RMRTRxTllHUEhFRDNkd0ZVRXNUYlF2UXBfMkM3QU41d0lhWnB0ODNlWUd4Z2ZmeG9JdGNIaU9hTTE?oc=5
2026-09-09 09:00:14,GLW,Verizon Partners with Corning for Fiber Supply Agreement (GLW),GuruFocus,https://news.google.com/rss/articles/CBMioAFBVV95cUxNQmtWNWxobnV1ek9xaXYwZmREUXQ0YVc1QmRCRkwxVFFHcktyQWpjV1cwWEROb3lib2N5cEV3NXdxRl9NWDZHZzF1aHMxTzJQcGJwNndXSFp0Smdvd05FTld4NVZwdi1GSUJ3NWlrQjhJa0p0X3p4WkU4dS11NWJ4cXpCbVZDckJjYVhxQzBYdzlkNzVBQU1hZnR2dW1QUmo4?oc=5
2026-09-09 07:40:57,GLW,Corning (NYSE:GLW) Stock Surges 8% After Verizon Signs Multi-Billion-Dollar Fiber Deal for AI Infrastructure,stocksdownunder.com,https://news.google.com/rss/articles/CBMickFVX3lxTE5UeEUtODBneUp4RXZVT09QNzFwdUZHM0F6Ri1VOVlwREFVZTB3M1ZvN0ZQRU5Tc3BCbmw0NDdhX3R1alZhZzgxY1BXclNuMGVha0E4d1RIMzJPcXNtRk9xQXRjV3NrUTd3YzNfRDdhekZpQQ?oc=5
2026-09-09 06:32:32,GLW,How to buy Corning (GLW) Stock in Canada?,Moomoo,https://news.google.com/rss/articles/CBMic0FVX3lxTFBCR19VNHJlUG1FQ0o2LUoxMDBSdkhmQUJlbEFhWlpNTjc5Z2JiS0I4XzRkTGk5QnVuaXdual9oMkd1cllqcjBTUXZDSzZnTmRRYzZHZWg0YVlCYTZMdzNsamtVdzJDaTdrY0NLZUExOWppWDA?oc=5
2026-09-09 01:03:00,GLW,Why Is Corning (GLW) Stock Rocketing Higher Today,Yahoo Finance,https://news.google.com/rss/articles/CBMinAFBVV95cUxNX0h5eWxNNFBMXzhvOVVFU2lZTjJENkxRcVFWcDI5YnZoU0ItbEtsanE1N09ZSHAxUEZySFdaNXhhTHRkSjNVQXhMUHpIdVhBMGVwNjFFa00wWHZxR1dUZFZiR0g2d2g0aHBrekhZX2gzdXhYLU9JaC15QmlOWElqVFBTUk43VzNZWWNmcWZuTnNla2d5X3hHN20yaW4?oc=5
2026-09-09 00:52:42,GLW,"AI capital expenditure is ""spilling over"" from GPUs to the entire industrial chain! Corning (GLW.US) and Qualcomm (QCOM.US) secured major orders on the same day, strongly bolstering confidence in data center spending.",富途牛牛,https://news.google.com/rss/articles/CBMingFBVV95cUxNbG03RHc3NGlBY3RaeE8zaklERVptOWNJT2V4TkZ0akZEaVgzZHFSQnhDZk9IZEtpN1RRRG5FbUNfUEtfVlJoOXVRVHpVcXJfZm4tanpHRktpcHkyU1JDWU1jNzNBWl9CbnlRbmNHWWNzbzg5VDJlYXBkcGF0c05vZHBqclJNZ1VHU1hsMlFaNGZubDYyaFdfWHhrSmhTdw?oc=5
2026-09-08 22:02:53,GLW,"AI infrastructure stocks rally on deal announcements from Qualcomm, Corning",CNBC,https://news.google.com/rss/articles/CBMiowFBVV95cUxORk5DTHlGZkg5RE5zV2tXVjNaRV94Q19tTWFRLTh0b0JTY0RMRnhLLVgyV1hqN0V3VHFpelYwdEN4UWcwcnpCZ2tPVHJQUTlEN0R5NUthTVBqNzZZX3d3NVU1eGhVY0EweUhscHo2Mjg0czMwR3Y3ZTNMQ0RMNmVWbEVSa2pLODd1Sk1KZ3hwT19aMWRoQ0xId2I5YWo3M2NUS0dj0gGoAUFVX3lxTE1xa1hULU0xQXo2cXRhdkMyb3J3OUc4QlJ6SnlDdDloVjk1M1EtSTBuUVdXTXFaU295RU5Gc3BhdzBiR2IwVTNVeUU5NjluRjc1aGo0dDE5RTh1VGFvS3VSckRUT21vYk9haEhmX2E4ci1TWkEtTmNsMDBHQU1Ucld3ems3NzA5SW1OeG4wVXEyV2tVbmdnaWZkZnMyZ0xGQWF4RVVBb1JjbA?oc=5
2026-09-08 21:33:43,GLW,Is Corning Inc (GLW) Overvalued After 7.6% Rally? GF Value Says,GuruFocus,https://news.google.com/rss/articles/CBMirAFBVV95cUxNQWstMTZWaWNDUkxkd1hnS1lkaHRsQ01McUJrZEh6N0N2QUs5aGR1RW9CN1didkxMRGRMVVJKX2ptZzBtZ2dmUGdsVVpQTWxUcXpaYkwzYzNjTk9mWGVVUVQzM1pjRFprRGxsY1dWRkNVekM4NWF5NFBUR0VMSy1MMEVUekhWVWkxSDVza2FNdFBxWTM1a0pZblNlaXJhOEw5VnJkOUFRSk9DNkxI?oc=5
2026-09-08 21:19:36,GLW,GLW Looks 152.5% Overvalued on GF Value™ After Verizon Fiber Dea,GuruFocus,https://news.google.com/rss/articles/CBMiowFBVV95cUxOektMcXhUZlFoeTJ3VG9Qb0lubWt2a2pkSGkzVVVUazJ6WlE3YnZLZjBZM0ZUbURVTUpGNVZkTU0wc0NJUlg2YVB1Qi1sVFdjMlZscUZtblFnNDdtNE5xSGFVSnpvZ3puZmxCR1UwNFhZb2xYLW5nc3l5Z2hLOXJMS2RYTEp1SjZ4bzhmeTMxc29GZndGRFpZUHJGbk16cFk4NDA0?oc=5
2026-09-08 20:30:00,GLW,Corning Inc. stock outperforms competitors on strong trading day,MarketWatch,https://news.google.com/rss/articles/CBMiwAFBVV95cUxOZ2hySVpTTHlobUlJdTU3ZzFMMGF4NzZCR1lCWDhzcUZBM1RZYW5Pbm1SNkJTLTREVG1TQk0xX0JNRkRSMWNIcV9XLU1MOVFpeUlsR1o1em9IVGlUaXA4YkMtSU9peHc0R1BSeXQ2Y3A1MWNySl92c0c5bGJUQks1QVU5YmY3Yy1lZFhQOHBzUTUyb0VLajlUVUNpS2pZRC1TdkNvQkNTT0JJeXhyMjJXY3RyNWFPY1RDbTVEY0tMZlY?oc=5
2026-09-08 20:22:03,GLW,Corning stock rises on multi-billion fiber deal with Verizon,Investing.com,https://news.google.com/rss/articles/CBMitwFBVV95cUxNZTVKTjVBUDdoNDJyaHhUQnY4R18wYUkxb1JOMkJxODVFaC1nV2E1aEVvSG9VN3lkakU0ZkhHWEJ6MWtocWZBYjF3SkE2XzZ2b3VrM3gzOVp0R0pvNExMNEFlNlYxdnF1ZnJ4N1VsRFBmT3dLcTQ0RTVPSS1sQzQ4b0Q5ME9pNWRtT3prQXZ6X092Z0dudWdPSnZldTV5ekx4dDltVmZaRlZhekdrRjNRd05HZFU0TGs?oc=5
2026-09-08 20:11:05,GLW,Corning rises 7% on Verizon fiber supply deal (GLW:NYSE),Seeking Alpha,https://news.google.com/rss/articles/CBMilAFBVV95cUxQMkRPMVFqMUJXZDhObGRRRlJ2aHloSW9tX1BiRDBOSmFaeE5ObTNzT2djQlBJR1E1elpmdGRUSzhRTlJyYW5TZXVoR1dCMU8tYUZRNnBlRHQ3UmoweUVhejI3YzNKQ1ZhWDlNVmFFNGwxM1BzVHhSNGsxLUo3TEd6N2FGbU5EWlgyWEtrS1F0U1R1YU4z?oc=5
2026-09-08 18:52:00,GLW,Verizon’s Megadeal Proves Corning Is Integral to the AI Grid,Barron's,https://news.google.com/rss/articles/CBMihwFBVV95cUxOVmdGcUtYUGJxUjdoeWVETzd0MlJLYl9pckFvYlZWZW15N0JGUE5qdERQTGlrZEh5c1kydmlnOXVYVngtWVlMSE1faHFpTnNzUW5JclpIbVF4RzRERzlwUDZsb3ZObEU3T2ZtMFc4XzJ2RnQzbmdjNXFOeUVENDBiYXhCNVJ4Rnc?oc=5
2026-09-08 18:37:00,GLW,Why Corning (GLW) Stock Is Up Today,quiverquant.com,https://news.google.com/rss/articles/CBMifEFVX3lxTFBrY01yZmh3enkxNW9pNGd6V09BNUxHYWtJbnFrOGdFRUZMU1JqMkh4N2NXMVJBd244aUk0VHZwZ2dScFEyX2hOcURKZ09zM2NsZkwzbDNOT0ZKdkxfeGRLOGVlUFh0azludjhVTzc3TVdzYWQ2eHNGWC1CSzA?oc=5
2026-09-08 18:30:00,GLW,Lumentum Surges 11% as Corning's Multi-Billion-Dollar Verizon Deal Lifts Fiber Stocks,finance.biggo.com,https://news.google.com/rss/articles/CBMidkFVX3lxTFB3R3FJRkRtMzRTWDUyWVFQci1MM25tX2loUU04b0FjeXZWU005TUl0cTJXYXRFQ0lTcl92VzY1TWNCVEt0eS1xMzlqT1RtNGZDZWVJR1ViRnI5LVBLUzg3VmdFdEtOU2JkR3FxQkcxdjVHa2MwQWc?oc=5
2026-09-08 18:28:30,GLW,Optical Stocks Surge as Corning Inks Multibillion-Dollar Deal With Verizon,Investopedia,https://news.google.com/rss/articles/CBMizgFBVV95cUxPcEdhVXdreTZNdXpqalh2dmV2Z1BNb29JMlI4dklKeUZ4a2Ffb2xZdENqTVloSlhkMnRWWmozcjFaR1Z4QzNYS0FZLTU1VkJqRGxlRGVDc0tya3h1dGZxc2NrRlR5S3V4SGpKVi1qSmppS1ZEbUJadkJlcENtTUpHbzVDbUdPMHFibXZDdkpELV9PUW9kRUFYVUFMakxwZ1BGSm1nZXlHUWM2aE1PS2dOWklINjI3ZmRMMldKSE1HV2RhMmxwZUFnakpvOVgzUQ?oc=5
2026-09-08 18:28:30,GLW,Optical Stocks Surge as Corning Inks Multibillion-Dollar Deal With Verizon,Yahoo Finance,https://news.google.com/rss/articles/CBMinwFBVV95cUxNR3Z1NWw5SHFTUHhJZFNGbk5VUmRGbVJ6bi1LT2RWOU44dllUa0Y3Mm84a0pFLTdSQmctR0dGblJCeTUyMDlXOC1hTHZnclZMS3lxcmgzWTlWLVgxT0RBa2FfSjNWVmQyMHplb2R0MFVYeks1WW5yRzZhanY5bTI4RmJxUU1qMWplT2lkU0NrdFM1ZFhRM1FfcC1remVKVVU?oc=5
2026-09-08 17:15:33,GLW,Corning Inc Stock (GLW) Moved Up by 9.20% on Sep 8: What Investors Need To Know,TradingKey,https://news.google.com/rss/articles/CBMiigFBVV95cUxNZ1pHOWZJbk5va3gzQUxycVJrVk84NnJHQkxfc09ncU5Oejk1M0ZvOXlVVHVob2RSMkhzQ0hIUjhJNS1hUkZTSS1rRG9ScHFzaGRpdU1BTE4zR1IzUmF5YWdNTC15el9ub1F4aHBPa3dEdmwxakFjbmtQQjdKQkFORXZqNGNjS3labUE?oc=5
2026-09-08 16:55:51,GLW,Corning call volume above normal and directionally bullish,TipRanks,https://news.google.com/rss/articles/CBMisAFBVV95cUxPcWI1a2ctQjVXN3d3Ujk2clFHOW10anVYWnFFenhLT3gxQlRRZEdCenBIekZ6YkdTWktUaEdQTWdqR0dnaFFBSlVKUDBURkRXdFNjUE02djlFclptdUpzRDYtTS1QR2pxVE9FdVZUZlVhZFF1WENfSGxyc0JLR0JKNVVIRnkzMk4zbFpzS05ha3NfR3NtTnRWcmdUMk1vWjhNWUJBUDZLNk8wT1dUbzFpMg?oc=5
2026-09-08 16:30:44,GLW,Why Is Corning (GLW) Stock Rocketing Higher Today,TradingView,https://news.google.com/rss/articles/CBMirAFBVV95cUxNVWtCc25WRHBVbkNuaC1WbjhMRExVa0Mtalk2ZnRGWVNEeDdyMGNxM29RNFFwSi00WXhVMjZwMkFCaENfNkc5RzAwa0xvQXdXT291OTR6RkZIWVZDREdwMmtSMGMzUGtUUWRWcEZabmdLazBUX3hYREJoWWhPa2tXSGhjTEp0am1qM2djUjViRXZTZC1CSktkQVZOa1pLNWdYYTZYbjlxRmNqVC1f?oc=5
2026-09-08 16:07:38,GLW,Corning's stock plunged 46% in July despite hug...,Pluang,https://news.google.com/rss/articles/CBMipgFBVV95cUxOb19OU3ZWQjVvRm9YZUhtTC04b2Nvc1NzeHluMWktRHdfeGFmcS1iSnVjdjFXaTMyQWhlZm0wRTE1Y0hOUkx5T2NYVV9rU2ZlRU8wSk1SZzcxa28tM29YVmlDR2VuLTcwNDFMZkxGUHZxVXloMmtldVR1T2dFajh1ZWZQLTBEeUlXVHY1bVFOanh5QXNsbUI3cG1OazIxMl9jcXZGVmtn?oc=5
2026-09-08 15:52:54,GLW,"Corning Landed Amazon, Nvidia, and Now Verizon, So Why Did Its Stock Crash 46% in July?",AOL.com,https://news.google.com/rss/articles/CBMiggFBVV95cUxNRzFYX2ROdnFVdGtQa0dKQUNUU0VaUml6NWljdUZmTlFzdXY2Y05PZGJYa0ZjUzFtSGMzZEVhUXpJZ3FCNnZLd2xrd1ljNXAtTnJ2czdjVmp3Rk1IenRvZ2hicV92WTczTTNYNG9KN01kZ3RtelZJT3N2UE5QeVJQMU1B?oc=5
2026-09-08 15:52:54,GLW,"Corning Landed Amazon, Nvidia, and Now Verizon, So Why Did Its Stock Crash 46% in July?",Yahoo Finance,https://news.google.com/rss/articles/CBMingFBVV95cUxNb0Q4VWRNM1Z4R01XNmdGVWJybk9yM1g2andTc2FyM0hGbHp0U2tYaXFIeG81Y2ZHM285dmprOTZsQUhVenRZSEd4T3piT1RSc0NmQTRwMUtIeTlEYkphb1l0SDIyUVVhVGI2YlNrWXhlX0xoSWN6aHo1U1hMMnhTQm5sRlNQdTZJb0R3RFV2Y3J1WkhNdXI4NjM3MklwUQ?oc=5
2026-09-08 15:52:00,GLW,"Corning Landed Amazon, Nvidia, and Now Verizon, So Why Did Its Stock Crash 46% in July?",247wallst.com,https://news.google.com/rss/articles/CBMixAFBVV95cUxQeEpoeHhUVXlXUUZCY1VSRWZNU0xzTjZRSVpHS2xuOWJQSUR6M2dxYWczSkxtVE5OY3FJSFRiS2xKaHBJVU1GeGppYlRmS2MweWpzS2JXTHFadmlPYmQ2TGNReF9NR1ljMWJPUEQyRTFfSzIwN29XbV9kdHNSWGtKb3E3NjM1dThFcnROVmRsQVg3XzlRTEd2SzdUYVFHazJQenJ0ZG91cXVmelNESmZoNjRZanhZQmt2QVNMOGdoeXlsUjZ6?oc=5
2026-09-08 15:48:26,GLW,Why is Corning stock up 9.3% today?,Traders Union,https://news.google.com/rss/articles/CBMijwFBVV95cUxQMzl5Y2N2ZXo2WGNMc1lWMlBpdlc5b2F5Mk1SUEtOWlVLZG1Wb0RfeTFyVmJZX2p3a1dPUW1OUDlTV1kyeDk5NXB6U2hDRl9YYkdXcUhrbHJDbGhQWml0UXJ2dEs0ZlpDMjZSTVc2OW9IS2drSDlRWGZDVno5d09NZHhnRFB3WnJFQnduOWoybw?oc=5
2026-09-08 15:42:34,GLW,Corning Stock (GLW) Jumps 8% on Multi-Billion-Dollar Fiber Deal,tipranks.com,https://news.google.com/rss/articles/CBMilAFBVV95cUxQcXYzWTUwcFhORFN1a3hyVi1XQ0hVb2IzSWl4amlvZjZCcjNUN3NaUmJKeG81Slc1TDZoVS1RdUNJN01wcExuWWUzMmg0bmFDWHBTVzJfOWxTN3c0VnRZY2wxcWxfaXZNR1Fka1FmdXotZEJYS1NtNGJtdlROdDJzZnkyRkpJNzUzM2g1T0VXZF82OVF6?oc=5
2026-09-08 15:35:00,GLW,Corning Secures Another Multi-Billion-Dollar Long-Term Deal with Verizon as AI Fiber Demand Spills Over to Telecom,finance.biggo.com,https://news.google.com/rss/articles/CBMidkFVX3lxTE5RcFpGcWxYcjNSaVJRSUd1czRUVU04blFsUGdQTXNLazcyQmJyUndvMGZ3M3hjT0UzNDA3R19xSEJjZDZzSmttVm44THpRb3J6NUlyNTlHODFkcExKN1JTejBjSEVZYXk0UmRVYTFKRWpLSXl0NUE?oc=5
2026-09-08 14:58:31,GLW,Corning Surges Over 8% on Multi-Billion Dollar Fiber Deal With Verizon as AI Infrastructure Expansion Accelerates,tradingkey.com,https://news.google.com/rss/articles/CBMi2gFBVV95cUxOeU1CZHg1M2g0MDE4cGxubXRSMUpKYzZvLUExTHJpZEl1SmUzMUM1TzJfZVd0d2hVVzZGZzctQUV1bk80eXpnajByanQ3c1RybktkbnlFSzc3dkpDdkZUUlk3bzZ5cnQ4eVUzQUtqV1h5TEFhQ2hiVFRMcEotRFJGVEtHWE9kYkphN1JtNUw4aXhGbU1rNHpYbnFGNWlYSVdlRmlTXzBfSEJTNV9hR0h4Vm13dnZhcnc3Y3Q2VVhDc2VuV2hRbW9tbV9UVGhmOXBlYlRuTlBSNUNUdw?oc=5
2026-09-08 14:45:41,GLW,Corning (GLW) Stock Surges 7% on Major Verizon Fiber Deal Worth Billions Through 2032,Blockonomi,https://news.google.com/rss/articles/CBMiqgFBVV95cUxQT2pDcEg0WUVfZzZJUTV2dEprVDhuWDEwanYzRjZoY2lvclhaNVNsLW1UQlQzcWlXckdzT08yRlkzbWg2MXdWc05JZGlOUVFnTmtTWWxESGNoaTRXV0lwVl9LVDJMRlZ2T2Fhb0txZEttRE5XV05Va0Rac2l2ZzdzQmJhU1N2aVl2MVhIQ3pSUUhubTdXa2JoNkFpUVVBYndGRWtlSXJmLXFkZw?oc=5
2026-09-08 14:41:00,GLW,Corning Stock Climbs On Multibillion-Dollar Verizon Network Deal,Investor's Business Daily,https://news.google.com/rss/articles/CBMijwFBVV95cUxOUWRlaFdGck1vejZYaEtGbWd4X0RhR3h4T0s2QjJOVU1Ba00zNTdReW12R3NkN0FXYTZEYmJGSHdLMkxPNXhMUjlkTW5YRVJDeFF5aVp3QXM5Wi10bURMU3VvLWUtbjNSYzZTZGp1Tmx2UXQwS045NEVOaS01Sk83M0tMd1JWSVFKcktaLUNudw?oc=5
2026-09-08 14:30:06,GLW,GLW Stock Just Shot Up 6% Today – What’s The Verizon Connection?,Asianet Newsable,https://news.google.com/rss/articles/CBMivgFBVV95cUxOTjZUOXpGUFk5aVBNM2xYWWpHS3I3UXMzMVVqRmlQQy1oMUhWMHlyRWg4WXRvRVcxWkFJVmZNMmhlLWt2SGRCNWxCWXpodWhCX3B0MVN4UjA0TU15cE5KdENSUE9OQkFRUFhZSTRKVFNZbmc3Y29JQ0F0V1N5Z0tEdTU4alA0SHpMTXdTem4zRTU3U2JzdjNhT0JsZnVER0hDUk1kQVVzLVY0bXBwd0VoY1dHUlFiRlpSRk81QmFB0gHDAUFVX3lxTE1jRjZGeWtTVC1ZRTFwYmJCSjRGdkVZUmdLcko0ZVVFRjdkTFJVcXRJdGR2Y0dTTEIyXzBWbDVVRlJQOWxMeFRJdlJVbkFKRXJzOHFPRzhkMzRQY1FSYVVDLUliZ3BHYzRIY1d1dFlNUUVMODJlcV9tM2tTY29ZMGV1OTdRZE1WQkNnTUtENk5oQ3YzajMzNERaTlJzN3JyVFhNX2ttSVlocWp3RzhXUFpxc2lxNVp6WS1XSTdJVTB2NmVBYw?oc=5
2026-09-08 14:26:07,GLW,GLW Stock Just Shot Up 6% Today – What’s The Verizon Connection?,Stocktwits,https://news.google.com/rss/articles/CBMiwgFBVV95cUxNejlQNWw3QUl5VzN0cWRRd0d3U195R2xSbFNOc1o0RFJjVldqUGtKb0ZCeWswYWw0MWxjVjNzemJFZTN4a1BmS09iU05jNE1SbXVpQVc2V0YxOTkxMkZiMWlTRkNVMnh0TE9scWZWWVRxUEQ3d0tXeUlhRGZ3QXpBU3BCaEJTUEVSQWNxR0NwdFdXTTV3LWZBWTZuc2xsNmFxa0FVRUREdW5FN2JCdmpBWTV2MmZfSVc3Vkk3ZG1KLW04QQ?oc=5
2026-09-08 14:16:33,GLW,Corning Pops As New Buy Call Signals Fresh Upside,tipranks.com,https://news.google.com/rss/articles/CBMikgFBVV95cUxNNXhrUHNickphTXA4c1FIZlBuZlMwemxnUVV1ckpVU0dpdTRTazRCX1FrZGlKNUJmRDN2d09ISTZsbDk1VmxzdTRQQldOck00ZjRHVkpCNXB0THNYbmgwRGM2VUhXTm9TdS12MHFKTmJWWmd4VnN4THJLZnhVZjE3NGJaOHRhZUFwbU1UMEl0amVPQQ?oc=5
2026-09-08 13:50:45,GLW,Did Glass Core Packaging Progress Just Shift Corning's (GLW) Investment Narrative?,simplywall.st,https://news.google.com/rss/articles/CBMiuwFBVV95cUxOZDFEYUZFbURwWTBwZlVDNXM5TWQwcXRlcDQxZnJKTE11ZC1JM21ZS1hIZkdHRlR3QUFNYl90M2g4cEctdC04aV96aVVRUlFQWWlvVjFHd3puaFBIMk9STDRPd09Hbm9rMzFwMTAtajVJb2hsT1BMN21pYV9JYjZ4THhzSzVfN3ZiM0hTT1JxQ3V4eUZpLVdsNGNCMWZhVzFtNEhHUGxZczJvTHJCTnA0V0JfYThkSGlRdmE40gHAAUFVX3lxTE42Y3A2TVJDZ05CejN4NDBnMmFQV3pOeHJ5aGxQVmdBR21EUDBPbUx0bWFTWVVlYnlQc3dWSXE2T1g0djRlLXQ5OUJjQ1RDZm11dmVWMEVTN0c2UWE3TERELVpMdFZfbm5TN05YVTlmUThmd2pMbks5Q0UycGVPWUNwT2t3Tndwc2FSenotX0NhVDl6ZnREMzhLWkNKRV9URlo0YXhOakRmZTJVSnluS1ZGVVcwak5ISy0tSEpnRWI4Zg?oc=5
2026-09-08 13:50:00,GLW,Corning Stock Rises on Multi-Billion-Dollar Verizon Pact for 80 Million Miles of Fiber,Barron's,https://news.google.com/rss/articles/CBMieEFVX3lxTE5oeEd1NWVrMzJHNHl0a2NsSGdRbDk4NFlFa1J0alRzRTlsYllmcXFYVVF5ZDVhZEtqZzF6UlR5cUw3RnYxUnpPME1GX1IwNEdGOWQ5ZWRnbGx3NkVTOXFuVXFRTGk1RERzbkF6aXRpRlhuLS1NVG1Vdw?oc=5
2026-09-08 13:45:47,GLW,Corning Shares Rise on Multi-Billion-Dollar Verizon Fibre Agreement,Yahoo Finance,https://news.google.com/rss/articles/CBMingFBVV95cUxOeERCNzVoT1BFdVBfeXBMYWNGa0dSWnlydDBYRERqaU1LSlVCN0YxLXZLNTRzeXR2cUdXVXhWVFZxaHZsVnlWWmx0N1JCaDloSE0zdTh4cW9HN2MwNkM4WENhcGdLSGFYckVlTjlWVVVkREkzYmhKOWNPdzVKNnlQdnE3ak95UEJWSTNMTTZQV1BaVTZHelg1QkRadGhVdw?oc=5
2026-09-08 13:41:15,GLW,Why is Corning stock surging today?,Investing.com,https://news.google.com/rss/articles/CBMinAFBVV95cUxOYnNaVHRreE1MUk1HWDZ3akhUU3F0NzgtLUVOM3VISmFnYmlrU0F4TVBROVpUOVNKS2hnY3Eta0RXTi0wYVFDS011cFZQRGhwaEpMVlg3S0NrRlExX1lTR3FZN2dEMFUwc1NQcGRqeUNlQ2FoZEZqMFBoWC1TRVBWaHZqTFBIdU91RENsYk1Wc0hiSXFBUkNCYnlHU1U?oc=5
2026-09-08 13:30:48,GLW,GLW Initiated by China Renaissance -- Rating Set to Buy with PT $238,GuruFocus,https://news.google.com/rss/articles/CBMipgFBVV95cUxPVXVBUHNiX2FLbXp2TFRfOXZzSUVVcmFGOC0xTFIxVl9YVU1FQlVOamJSaExKdjN3aDJWLXlfQTJ4Qm43dWxYclhNUm5mWWI1QTA5VWVUTEZTRFo0cVotbUp1RGF3cGF2eF85QXFNNFY5THNFNlVNdkl2VzRzZUd4aEJWTU04QXRvZWJZbUNGNDhNLTdPNlFDM0FCZE9jM0hDeDRlLWxB?oc=5
2026-09-08 13:20:00,GLW,Corning stock rises on multi-billion fiber deal with Verizon By Investing.com,Investing.com UK,https://news.google.com/rss/articles/CBMilgJBVV95cUxOVGhIVVh3azdZMzhfbTMwaW9rYk9tTXJCVmVRaUZCVGE4dm9mMG55d0Q5elJHZFVNdFUxam1FN21Ydl9CMEVLYzhfb3EtbW1KMjZCdEktZDl4NUZfSjZJdmx6MEpobGpuMURMVGJmWU0ybFAzZnlkenp1OTBqd3pmd2tyelNtLUVDQ2ZsN0pqUW50UU5CYlpsQzV0WXJZdUZjb2ZTQXlxY3pyNXdlVDNmb3BDazFKUFF0RDZDclRlREhua1JvOGlHWEQtcURiM2Z5b2FYeld3dEY5VGVFR1VNOF9hdUlNWGlXQlVjZS1oSHRyaXpHZEVmTzVVMm1zU0NkOFk5REZyWkhONkJheDNEeGdLM1JlUQ?oc=5
2026-09-08 13:09:28,GLW,"Verizon, Corning sign multi-billion dollar fiber deal for AI, broadband (VZ:NYSE)",Seeking Alpha,https://news.google.com/rss/articles/CBMiqwFBVV95cUxQSTNkdlY1a29KTU9UTnBESkcxa0o0cG9fZzd5UTBFNWhiZ1RCdENzME9pdEM5SDU2WnVoeGZHUTc5VS1Oem1keFVwRFZpa3VnNUtvV0VweGN2LWpYNmdpT0F0RlVWTTVnRU1aODJwcEZfcWRKMnlQd01wcEVaN0hJQmdSWUlZWUwtQ0gxRUZEVlY3VGhCTnZIQ1lUekViWXhqdmljTF9NTXZUQms?oc=5
2026-09-08 12:15:00,GLW,"Here Are Tuesday’s Top Wall Street Analyst Research Calls: Amgen, Baidu, Best Buy, Circle Internet, Corning, Intel, Lockheed Martin SpaceX, TeraWulf and More",24/7 Wall St.,https://news.google.com/rss/articles/CBMinAJBVV95cUxOVG5xVDUxX0x6RmQ5RnJ1U0tsV01nTGZJc1JSSU9vYXdLazJFbG12OC1CMjhaaGxMdGtqSVFJSk92Q2NLamlxZmRUQkhScTlBNmRwcFpqMHZza0oyZGZaTVJfMnJkZmVTYWxvU1E4LVc5X0NybzVJejZPT2ttMG91R3FkR0ZqemFIRzNMd2lkdXpxWUtXd1VvUHN1QUEwSWNwNlg0bU1DLWt1RF9QTV9qYnpVbFpONGUxYWdkODhqZTF2X1dFSHM3dWFJVmpIRno0cGNLcGFsVzFKT3ptWlVhQVJHSmpKVkZCS1NMVXR0M3JvNGNCNWJMN1R1ekEzcG0xNlZqdmMxejQ5OF9LOGtSbGdWM0Jpa3VhcnQ3WA?oc=5
2026-09-08 08:16:02,GLW,Technical Reactions to GLW Trends in Macro Strategies,news.stocktradersdaily.com,https://news.google.com/rss/articles/CBMizwFBVV95cUxOR0N6ZzRkN0tlaUNySzFvakY1d01FeGRmbWNQS1IyamgzWDhJMktoLTdBRVJjUHVTT01aTEtZdTJHX2pOaDh1SHFLMklUMW9sbFNkU0QxNktSREhiZUY2aTdyNWlWaGVJakNIa3RHbGpfaTJWMWtNMXU2S0NETG5KWEF0X3VLSnpaNXNfYktmY2lzLXJ6RFdzRXpJVDYwSF9Sd0F6X2JSX1ZZa3d3bThPWE4tV3BpbWJQVnYyM0xSNDVraEhDUDJ5WHowdE1raG8?oc=5
2026-09-08 04:15:01,GLW,Corning stock heads into the open after a modest gain,AD HOC NEWS,https://news.google.com/rss/articles/CBMitwFBVV95cUxNTHpBZThFQk1TWmhXRUxBWkRwWGJGV21xMEstSTBtTjZRUEt2dnRkRWIwSUNXcXp0ZHVHZlNkY2xPcDJuSF9ENW5CSHdOZTNLTWMxeThSdTRWZ2dNOEdEd2JHNk5nNjhGYXlMeDZJdm94cEtEZVctZ2hxeWtWRjJKaTM1UFpJbFR2SmplZmUyV1RCd0YzcWFsaWpsLWphSmpPSlhZaEJrXzMzcmIxS1FnX2YwaXR6djA?oc=5
2026-09-08 03:04:47,GLW,"The Big 3: F, GLW, AVGO Taylor Frankie Paul (6ZLIlIMtVC)",Mshale,https://news.google.com/rss/articles/CBMiWkFVX3lxTE1SeXU2dENKY0IzZmxlZUJKTXZ6RzF5ZHc2djZHRTk5amxNTnVNcXNRWlJlTkVjR3h5aFlwNGh3WmMwXzQxMWJmSWJEcmtNYXlBeHpZRXlNU0hmUQ?oc=5
2026-09-08 02:56:56,GLW,"The Big 3: F, GLW, AVGO Taylor Frankie Paul (6ZLIlIMtVC)",Mshale,https://news.google.com/rss/articles/CBMiW0FVX3lxTE1wdVpnQ3FnNkdrLWMySjlLMEVoa1BzNzROeXZyNTh1RXBBLU10ZHc1TURrVUNPcXZHRUdPUDNBeURKajFIUWQtNldSZVFwQnMycWJ3NnByaWRfVk0?oc=5
2026-09-07 17:49:00,GLW,Caterpillar vs. Corning: Which Stock Is a Better Buy in 2026?,The Motley Fool,https://news.google.com/rss/articles/CBMisAFBVV95cUxPX2xSeEtlRERhTE5SaGcycEw2VHhNTVAwQ2VleDc2RHp5SUlxb3dHMUJFZzlPblRyRThBSjU0NENiUEd1R3g3NmJfUkNMX3hfWHJYYWd2SnRuUWNuMjJJVDZaNmdDSUFJVVV5U3hIWFdsNjJ6ZE1HUFN1ZVF3bGVyNjdXaXpqa2YwVHI1QmNsLUJOSFA0V09CMXl4alNYUmdpN1hzM183QkkyYlV1eTZFVA?oc=5
2026-09-06 08:26:59,GLW,Corning: Glass Giant Revalued for AI Era,t.co,https://news.google.com/rss/articles/CBMiO0FVX3lxTFBNbURfX3ZaUTlXR3RKczY1MHJ5QTFqVmVsR3l6VG85bnJZMzhyamtLMmZNQkUtWFlUcVYw?oc=5
2026-09-06 08:00:23,GLW,Corning Inc. stock gains on recent rally and AI positioning,AD HOC NEWS,https://news.google.com/rss/articles/CBMivgFBVV95cUxQbzdRRzJHclFMejViaENCaWxJRnplZ1lVMlJtblFoV0FpZHlpWmhkTGlhLXRHcXV0Wm5FQUx2c1BYaENzc2J6QXFwaUxDbUc1RkRPV05kUEJkVlpXdGdzaVRaRkl6N0UxMDZkWkFhcm1kTnNqTXBESWdpbmlBY3I4RHJRNnFTN1hpbTdGOGdQMFdxOUFlbDdJeEctR240WExSOGgzRnJ2ZzdNanhlWUxVMXIxVUlBSURGTlVFZGt3?oc=5
2026-09-05 17:30:05,GLW,How Investors May Respond To Corning (GLW) AI-Focused Fiber Deals With Amazon and Meta,simplywall.st,https://news.google.com/rss/articles/CBMiuwFBVV95cUxQelJEV0NUZWxFbEZqT05rQTR5U0VKRVhhR0psU1IzREM1RXI2Smd6ZmlWOG16cHIxZTZSd3g5NHBPQ202TnZiTm00cmxmZFdrMGJIdUxRcTc3cTRTQjB4RE43ekNCQ2xIb2pBUGZ3cGVwUWNoTklNd0FSRkdqYktsdE1NSkY4TlRIamt6MUNiZVRLYjlGWFhPSk1Id1FBOFJKMVo4UGVqM2Z1eWJmNTR0WWl0V1Bwa0tkRGtF0gHAAUFVX3lxTE5wZmZFbnR3VHVTU3Uyam5wZEY4amJsd013ME5keVZMcXhWLU5MREE5eEgwOGpIVTBqQm9aZjlHR1haLVhTZjZTdFBBQXFrdVlPbUhXV05Fc2NQRE5MU3hXTWVaR0Q1WUNGdGgxM3JienY1bEdjVGhfLTBNellpaUgzQjBPMkR2WDBQb1hSeTc5VWdxR1g1aVR4V3JvTFo0T2xZdzRnTFJBZ0NzdE5LSGU1UUtPTzBZbG5XLS1aYzR0TQ?oc=5
2026-09-05 13:51:58,GLW,"Corning, Seagate, Synopsys, Fiverr & Coherent Insider Shake-Up",tipranks.com,https://news.google.com/rss/articles/CBMipgFBVV95cUxPbnNtcWxIeHZHNjJvc3pDNkVrSGZIOTF3Vl9DM214MkkwQUpJRl9zRjlQT1V0U1lXcjJfYUpaVE5NMWVDVnBFRVJONzJLWXhlRTlQM0ZuM0RhQUplVDBYdGxBZnhmeWVidEd6RDZxSGZ2VHUxZ2RrUDA3cjBJcjd4bk9zbjYzUDBqMVJSRjU2Q1F2cHVBYUt5QnlUOGlJMjR4Q0x2ZnlR?oc=5
2026-09-05 07:03:32,GLW,"GLW Shows Opens Tucson Holidome Gem Show Fall 2026 as part of the Tucson Gem and Mineral Show, Bringing Wholesale Gemstones, Jewelry and Minerals to Buyers Ahead of the Holiday Season",24-7PressRelease.com,https://news.google.com/rss/articles/CBMi1gJBVV95cUxPWVhodmpuQmZwYmJ3SFk3NDRNMGtvbzVIWE5fYnktd09lSjFmMlhkb3FGM0RKQUE4TEltUVRaZm5KdTFsOUJ4TmhYRkpTNUFtYUZiZ0V1RV9KV0pRcjVXeEludTZWSktHZ0dseE45d1M4eUtIN3hUVTc4UF9lQlRHbmdBYmd2cUF6bjByOWxabTY4U0hEdVV0TkpXWmZJdjhRLW91Uk93U0xucE91aHNycDZucVNEV2ZfY2p2Z2hjd1hFaTF4Q0g1N0NwREtfZi1EUl83MkExRUtRRF9jYmVmamx3ZVN6MlA0YzY3MHFvRVFKQmlHbU43QUt6QnJib2xETlFTcW1LYlpId0lmU0thbDRhNTVWTW5LMlBjQ2Q4V1dGQjJFUjZ0NnAzbGlROElUWUVmUzVEa2owUFZxcUhGLUdKUWxnbVdOT1NUeVdmeWcyNWsyekE?oc=5
2026-09-04 23:11:15,GLW,Corning Stock Price Forecast. Should You Buy GLW?,StockInvest.us,https://news.google.com/rss/articles/CBMiR0FVX3lxTFB2ak1FbDdZTVJlZzdUa2g5MzRpeVVwTkpHS1g4cUVCUFdtVHZMZmRGZ0JWbVNjQUZ0bVdjV29xNWpPaENwM1JJ?oc=5
2026-09-04 23:00:02,GLW,Corning Leads 3 Oversold Tech Stocks That Also Pay Dividends. This Chip Stock Has Up to 84% Upside.,Yahoo Finance,https://news.google.com/rss/articles/CBMimgFBVV95cUxOdFRab0I0RzYxa0MxWV9KQlQ2dEZ1NGhGLUJ3Y0U1ME5YZ3JNS2g5UDZRcV9rOEQtRFR4UlZnalBXYTVIc0JjQzd0am85YnoyNlo5dkZMSVhmT25jN1lEMzAyYmpLSFZhSTBTd3J5c09rbkZWMW9Eemo4alducmxXN2YxX2F5MDc2RjQxVktFb0NjY1k3VldvQzBB?oc=5
2026-09-04 21:43:50,GLW,Corning to Present Strategic Updates at Citi TMT Conference,TipRanks,https://news.google.com/rss/articles/CBMisAFBVV95cUxPcjdsNENUcWdmMmppZWNsZEY0WWNCclU1RF90NlRMNzV3MDgtRnlWTmd0YUJUTnNBZTNsbVRhbEFMVmNWcDVnMGQ4Z0w0bGg1aHJiTjluaklkTkZfZkctU01mQ1Z1UkF3MEhNQzVRYjJiQmg5M0ZXWFAzbHU5a3BYTzVQYi1IWUh6YV9QNDJ1TGZDVFYtdzFaT2FJYkVvZTNVdkNBOVVOREM1T3F2MlFKRQ?oc=5
2026-09-04 21:33:15,GLW,A Look at Corning Inc (GLW) After 5.7% Gain -- GF Value $65.55 v,GuruFocus,https://news.google.com/rss/articles/CBMiqwFBVV95cUxQUHhKejNOY3c3Ynp4QU54R2tFb2xnenBzZ3pWOVRDNG40UUkxby1TN1I2TzlxR0dJeFdjOEI0VTgzZjhXV2hheWdrR1hRRGVfYi1PcHJuSXlud3NwZlJIZU1iN0FYY3hZOU1iblVlUG43M1J1YTVSRlVHemd3Y0pPWWw5ak95TkhvMkRTSV8tdWJoRHNIb2RMdXlobkRDVkNyVnFscTVNQlY0Ujg?oc=5
2026-09-04 21:08:03,GLW,Corning (GLW) Stock Looks Below Fair Value As Its 393% Run Continues,Yahoo Finance,https://news.google.com/rss/articles/CBMimgFBVV95cUxOZllqMllid0d5a0NlTDJLV21xZXlURmFmQnIxQnZBamdKY09QNjNidVgwTEN4VUdzYXFDT3UyYlJrclFFX3laNVROTlktTTFQV2FIVUFSVjBfM29NWEZiV2V2VjZTUWcyQVFfRkFpdmpLZTFrUG1TQUprQ2xTUFB3QlhZZ3pTamFValdGVVJfWGl6VG1FVG4ya1JR?oc=5
2026-09-04 20:32:09,GLW,Corning (NYSE: GLW) CFO to discuss Springboard plan at Citi TMT event,Stock Titan,https://news.google.com/rss/articles/CBMipAFBVV95cUxQNEJ6aWlESngzUGxySE5EM0k4YV9sTUZQeVNMbU5MNTFuVlcxaDRmSXJFX3NXOWRlZnVJWFpmNGVvSjdXSVJER1Z5MmozZzIwdVJqX3o1ZFVWSi1zZjMwejFDYVFLa2FVT3M0MVZPUzR5VlB1cDdNbk9GQmJYd213ZUlpT0VwWko5OFBGZEp0WU41cE1QejBwWUlOc3psUFdlQVBHeQ?oc=5
2026-09-04 20:30:00,GLW,Corning Inc. stock outperforms competitors on strong trading day,MarketWatch,https://news.google.com/rss/articles/CBMiwAFBVV95cUxOaEVSTzV0Q0hQOFZZVlNRX0RaT3NWTVdudkhneU9NTWU4ZWZxbjZQQkxsOUZBQmxnaEU4ODlRZEhRSmpoSHFiWEFCdFR1LXNYa2ZKMHlRQ0ZnV0tab09mMjQtaW05S2c5WU5aN0FBRVNjb0d0bEc2bnQtVlVETDFPZTlDMjR1WUtlN3MzRXFwU3VaX2Z6OFc4d3hDYlZhUFdrZjZ4YjZSMWV3THJxUWR1Y29xcUM3QjYxUVBEVEJUbzY?oc=5
2026-09-04 17:52:35,GLW,Corning stock rises above $158.4 breakout level as buyers remain strong despite overbought signals,Traders Union,https://news.google.com/rss/articles/CBMikgFBVV95cUxOZzlQU2tOYUhFZ3NFWHhLdnBUaHQzQWJrbHVQRUVKU2dsMmVNZks4eW4tVFZiM21HX25fN0xCRThfZmNaQy1YY1hSdldRTzVnQWgtVnFxLUNjSThyU0ltRmZMZjFlUmdWYTRQMlVNTmZWbkF1RUQ5UW83T0xrUzlaUzRPVlpSUWtQVFNBd0RpbUhTQQ?oc=5
2026-09-04 16:15:28,GLW,Corning Inc Stock (GLW) Moved Up by 3.72% on Sep 4: Key Drivers Unveiled,TradingKey,https://news.google.com/rss/articles/CBMiigFBVV95cUxONFRiU3RaUV80cUpWYUx5dTQ3alU4akxZNmNCN0QzODNOajJBU1pOQk5xajdmQ2l2bFo4M1g2UDZVMzVCV2Q4a2hKd3JzYkRqbUxwQTczTXh6QlFlTDQ2WWkwbk5fU3VUbUVtRzMwSHZPeWJTbzJlSGRWUU1LcjRlR1BaNW5mSE9yc3c?oc=5
2026-09-04 14:23:34,GLW,Corning shares gain almost 3% after technically driven rebound from oversold levels,Traders Union,https://news.google.com/rss/articles/CBMimwFBVV95cUxNUDNXcGZram1ndkk1OGpteGlRMGpVR2hBbkQ1MXVHa29MWW52dkM5LW5uYmlhOWxQS1BoRmVKbjNJNEIwWFo0SUkwUVpmbmNXNk5WYmwzNXp2TlZ2dHpsUFY3dExOZC1OdWJDMEowSElrS2NQakJRMlJmcm0yYzNVMnV4ak14WVRFOXlZVWFRVE1CMXVkVnlsSHc5MA?oc=5
2026-09-04 12:36:18,GLW,Corning (GLW) Could Be 24% Below Fair Value As AI Fiber Deals Draw Focus,simplywall.st,https://news.google.com/rss/articles/CBMiuwFBVV95cUxPOXdsc1E0OVBaT2xmOTdvSTV2RGhfZno1TzR1THNDQmd1U04xZ1lwd0s1dFdBZmVkTi1SUVhRWGRUNk85MkpNS0h6SDMzNksxRFFLYk16MVBNdTE1aXRGQ1RTM2pVLXBJeFdrd0RHeVFpM3JkczVGQ0VGZ1I0TzZEcGY4eGxfZG5DTGFTME9FZjZhWjJPRVBrR2NGeEpyRDA3M0o5UWlnSlU3cU1ub3hhckxFYU93cUwzZ1lZ0gHAAUFVX3lxTE5QYlVLOXhiSTVrclZTaGFpR1dyY0RqV1V6bWFsdVZ2RTJ3ZndpUUloSzRVVG16OS15UkIxZmtITVJHREdsamM0MndXclRsbm9iaVZGc0J4U0I0X0MyckY2VUdOcWM3enlGVUl0VVVRbi1TQ2xfekRvSXFNbFhJbk9wLVBzMWFrMENFY3paOU0yWHdmWW04U19fN0lhWkVsZ1Y5ZlRZT3JzVGdtLWppSXpyTGVwZ2J0dXZUSHNCZGpTTQ?oc=5
2026-09-04 10:57:44,GLW,"South Korea Lands $2 Billion From 4 US Companies as Trump Turns Up Pressure on Foreign Chipmakers: GLW, APD, ACLS Among Stocks in Focus",Dailyhunt,https://news.google.com/rss/articles/CBMitgNBVV95cUxQMTRPRnpSX05mZ0k3alM0dWJqVFBZM1ZVZC1YdFE5aGJzQ2NqaWpMbkg3VkFMX2k1X0xBeGlLVmlaR1gzbEI3YlNyaXZOVWJpd19MbXdmNmJ1RTFON21odThiTF9BTUZxWFlDWDZPR0ItRmQxYmpPNVVESUpMdWk1dnM1VDlWazR0MVl5TGZYUEpqcGdHV2J4NjNOT2xQLVhYS3Q4NThCU2treDJfeEwxVkFrTXFsaXAyRHBndTNHcldPV0dxNWxTOHdmQUdicy1jVWhsWkl0VUJ4Vkd2MC00QUFyZzEzdGczZVlJSGhPWThOcU95Mm90WnFZckdqQW1uNGpSRTV0U2E4Qk9tbXdKSXRVazZKRHY4MlZubVFmamJQbm9FUDNKdnNkbGY2dFN0TWFTV0RkVFc2YklsdnJtX1pvcmc2ZWMxLVlvYjNqQnhlb1BTZ1c3RmZ4cV9fS0dBdzlscUctSkVmNWZTa2lpS2o5bkVJaWRCRHFheElzYVJ1V01uSzRvWEpfckdiT2NtTmRrTXh2SFpYcWVzLUl1Y0pJQmRnNGVFZ3JYUUxQdERyRV81Qnc?oc=5
2026-09-04 08:35:14,GLW,"Four US Companies Pledge $2 Billion In Chip, Energy Sectors To South Korea - Corning (NYSE:GLW)",Benzinga,https://news.google.com/rss/articles/CBMi0gFBVV95cUxNM1hDMm9JTldhUlE4b0xlVnBpeGc5dWNUbGE4Y29NSkNIMVQ5RzlqMnpGZ3RwbGF0WFBRdEFLMng2eDg3Z09HQnFUSTFRWTBMVHBZWTI4Q1hIWUFQWDlZX1NvTDhSeDZCVXBrMEktRy1URWY5cG05VUN2S2tyT0ZXQl9Idl9pM3I5WHVCcVRFNVF4akQydkdoQ3dEU0Q1OE9iYXpTRDU0RFRCZkp1QXFvYUx5SVJfT1dJcEgtczhFWDRMWmJZZ1FxMlBVMENkM1E2bGc?oc=5
2026-09-03 20:38:00,GLW,Corning Inc. stock underperforms Thursday when compared to competitors despite daily gains,MarketWatch,https://news.google.com/rss/articles/CBMi-wFBVV95cUxQSmpIbF92ekNvZDRGcjhzYVQtWkpVVEtaNlJLQm1TODhRU3R2a2cxSldUanJwdTcxNk1kYUhob0JqOW0ySkdDc3EtQ3Y1TXNscmdNOEhMT3FBeFZhNUN3bnJ5ZDFPSWRrMW4xVUU3X0xrYmV5VW43XzNNTUFwRHBjTkFYMUUzYnJzWWdfM3hUeHFFbnRpY0pFYjlnQ1c3N3RPbF85N1ZQeEhtQWc4SzQ4R3lZalVpYUl6Rll6ZTV3VGM3SzV4MFpteXNKOThORHRDUWtUMVFZOWViRGZLaGEyd2RLbTU5eWh4aGxCelhpbXNvRjBJdUdHZnJmMA?oc=5
2026-09-03 20:38:00,GLW,Corning Inc. stock underperforms Thursday when compared to competitors despite daily gains,MarketWatch,https://news.google.com/rss/articles/CBMi4wFBVV95cUxQNWttdmlCZ2lVQnppTzM2cnRaVjlTaURoZ002d0RabXZIdjdvVExVaGxPZ0Q0cHAxSXpDN2Y2Q2o4OXJoeGNuSmdWR0puYlA4ME9PRHVaS25IRWxoM2d0ZW1uR0RNSXQ3VEZfdkF2OE9SQ1BHWk9CYlN6bWJRTi1vaXBSVDBhVGpXb1VROTRpT185ZUt2bHB2NUxjS1VWZXc2UWZ4b1JPbFZFYmRwRTZpZ0tpR3pFZFR2MDBhY21XUEd0VkhkTjdsYUFhMFFhbVZOVXNtZmpTbzFCbzItYjJ2dGduTQ?oc=5
2026-09-03 18:10:00,GLW,Should You Bet on GLW Stock Amid Rising Earnings Estimate Revisions?,The Globe and Mail,https://news.google.com/rss/articles/CBMi5gFBVV95cUxQa1FldGRuUUVGbDVTUDlza2NuYjQ0N1dKVHVHSDFmN0dDclBmSVJZN1dySFhFSEtiOWVVQWxhbHdyZzRnLXdnM0QxQTE1eWpPU1pmRkVYWGstX3g3VGJPeTNzUUNtaXk0U19ITlI3dnREOHQzX2pXM3FrSUJPekJNMENsQmZWMVlGcXl6YWZMMkRhZjZaa0VFYTdLRTRZNU0zaUNPZWFrM2gxMDdXdV96SVFObXZuWVhaNWhxXzFMd1NFX2d5ZnlyNVdsRElXWEZUV3AtT1NtdG9sTXdRbDBMbVBjdDZXUQ?oc=5
2026-09-03 16:53:00,GLW,Should You Bet on GLW Stock Amid Rising Earnings Estimate Revisions?,Yahoo Finance,https://news.google.com/rss/articles/CBMilAFBVV95cUxQUF9fUFRKOFZrRWgtZlR6dk9XY1B3eWxaMVNDRUlLenpwcDE3UjZRVUFIb3MzSVBBNzJweFJPMldxLVpzOWpmQmVfN1JQU01kZmJfZE4tTDdnYjl5azRJeTJ3WHUxYTZBbE4zVTVzbnAyYjNmb2NwTHZPY2NqTVJWcFJfTjZxeThieXVmR1F4WTRxTGlQ?oc=5
2026-09-03 16:00:19,GLW,Should You Bet on GLW Stock Amid Rising Earnings Estimate Revisions?,Zacks Investment Research,https://news.google.com/rss/articles/CBMirAFBVV95cUxPaVBQdlRSeWlFaEJuZE1iZXE1eEh2cWdRT3hPZGg1NnNhX0toRE5lbDhYZ1hreFpuaUJPbTBWaG1DOGVPR09IMnpEcFpjbTdJSXgwTlV6VFNSWDNqVnVrdnl6eXA5ZFk0NlFvOUZ1NnFlTVRlbl8yZVVVamZtUFVSZFlSU3NKZmJkYm9IMG9Yd2daUm5vdzVDODFvQW9PU21uRE5nb0s2NU8xVVhJ?oc=5
2026-09-03 09:52:52,GLW,Corning Inc. stock softens after Q2 surprise and cautious guidance,AD HOC NEWS,https://news.google.com/rss/articles/CBMixwFBVV95cUxOSzVqUGlGQXNBV2VfZGs5N0tGX3B4YUpmdng4ajJuR0U1WVdjekx0QUh5NUUybC1JOWs2YzExYzRhZlRfc1pUOU1DdzNIOHAyMFZqdFhtUmdybHJYNXNMTlNYLUQ2TkhpVkVjWW1YZUdxeC1BdXpQcW0tTHNnMmtxeGlfUU1kMTRXakdtTXZIcVlRVVQwY1g5NE1DbkgtQk13RTVFZmlJS3BwSGxUOEVvMkZtTXhZYXRpd1ZHT29hT3EyTDJtcFlZ?oc=5
2026-09-03 07:16:03,GLW,S&P 500 Near Record High Amid Geopolitical Tensions and Interest Rate Hike Concerns; Corning Positioned for Growth in AI Data Centers,SSBCrack,https://news.google.com/rss/articles/CBMigwFBVV95cUxQMVA1UlVZeE13TElfRnpZcDdZR0dvNWlUdzZqMjdxMWtmSUVmUTlOUmlVRVlqcEpJMXp0ZFVjdjVOa3hCQjZjQ1FXYjlFa25rQXctQWNsSHZKcHJQZnp4OVdqQU95MDZUZGRqZ1Z1YjJUbVpWQ0NtRDhtMnBBUDAzMXJjaw?oc=5
2026-09-02 14:58:40,GLW,Corning (GLW) is Well Positioned for Strong Earnings Growth,Yahoo Finance,https://news.google.com/rss/articles/CBMioAFBVV95cUxNZWtRa2ZaQk9hME1GZUNnYUZrRVRJdXpxNjNjWjNteEtaTEw2V3hDekM4N19ZS0VtT1pIRWNhYmpfdFF4X1JhSFRlc0t2d085UEQzX1FweFN4NDB5TU9JTXM4Q2xNRmtHd1l1YXAwOTV2ajJqNmg0T0t5NmpRVGxRMFRBZTVheDE3Q1RYQURmRVJHMjg5MlcyeHJOMWd2ak9B?oc=5
2026-09-02 13:08:45,GLW,Corning stock falls as Q3 guidance misses estimates,AD HOC NEWS,https://news.google.com/rss/articles/CBMitAFBVV95cUxPZ0VEdWdqc3RuN2MwWVVHM2h1Q242Wi1kcy1uZXdPalhsMjlPVTdtdVotV1hJZWJxSml2aGV6Y3FKeXlaVkVsS1lFVGgtMnI3bE1hMjVKeHowOVVpdXRPWmlGVERBYU1XdzVBTDFSTXJvSkZDc1M1dFhZZm5DOXNpc19XU0xZVjhraE9lUWxmSDJ6Tkt5ekUtRVlHU2dyNGJIUWotSXIxbW45dFpsZjVoZ2VLUFU?oc=5
2026-09-02 10:33:02,GLW,Vice Chairman Of Corning Sold 47% Of Their Shares,simplywall.st,https://news.google.com/rss/articles/CBMisAFBVV95cUxPMWVTbFVLSzE2RW1oblk5cF93OU1hYzFXQUpqbkhKNGV5SElOb3Z2aG13SHdhdGlaZVNzSjdEMEVheFJLYlNLUXJaVEpWSVI2cVZRaWZMZFE5U2RhQjdqb2dlWW01OVFBTEZVa05XTzFCdFZnNXM4V21KZmxjVkVoOTVaMFRsNXhPS0NMRDlJZEs5STVFRWF5TVRDaXFqaTMxRlNCWUtuMVR6M2toUGtQa9IBsAFBVV95cUxPMWVTbFVLSzE2RW1oblk5cF93OU1hYzFXQUpqbkhKNGV5SElOb3Z2aG13SHdhdGlaZVNzSjdEMEVheFJLYlNLUXJaVEpWSVI2cVZRaWZMZFE5U2RhQjdqb2dlWW01OVFBTEZVa05XTzFCdFZnNXM4V21KZmxjVkVoOTVaMFRsNXhPS0NMRDlJZEs5STVFRWF5TVRDaXFqaTMxRlNCWUtuMVR6M2toUGtQaw?oc=5
2026-09-02 10:33:01,GLW,Vice Chairman Of Corning Sold 47% Of Their Shares,simplywall.st,https://news.google.com/rss/articles/CBMiqwFBVV95cUxNWEh3TTNDbE1CZ3htZEJsYk1LTVdmOHdhUUM1alRsamw4RUJMQ3UzTzF1TURyNVJlRm1Xd1FXaHVTVk9rTzE4TkVzWmppdWF3WXF1ZTN2bkVScXBRRjNpMXNVZnFIemJPc01Pd1BwR1duM25scFJrMnVILXQxekc3UHRpNXIwcGVtQVNGSWdBbF9Kbzc3U2tHM0JnOV9qOFM0dVRZUnBjaGttRlHSAbABQVVfeXFMTzFlU2xVS0sxNkVtaG5ZOXBfdzlNYWMxV0FKam5ISjRleUhJTm92dmhtd0h3YXRpWmVTc0o3RDBFYXhSS2JTS1FyWlRKVklSNnFWUWlmTGRROVNkYUI3am9nZVltNTlRQUxGVWtOV08xQnRWZzVzOFdtSmZsY1ZFaDk1WjBUbDV4T0tDTEQ5SWRLOUk1RUVheU1UQ2lxamkzMUZTQllLbjFUejNraFBrUGs?oc=5
2026-09-02 06:52:21,GLW,"""Corning Tokenized Stock (Robinhood)"" price data",CryptoDaily,https://news.google.com/rss/articles/CBMic0FVX3lxTE81aWI1MUNDRjk2Qkl2MEhxaXAxN0ZSdHk2ZG8xVG8yc3ltb3o4UEg0WXNvWVNQUm1xT3BzalJiMTZ6Sndra3NkZGY1Ni03XzMtNlhZcEdMSjJfdHh3a0Z0dlVZVURMTktLYW9ON1Z5YTRZbU0?oc=5
2026-09-01 20:14:48,GLW,Corning stock falls as Q3 guidance misses estimates,AD HOC NEWS,https://news.google.com/rss/articles/CBMitAFBVV95cUxOT0J6OVhKdDJvbEpuZzExNDZBdEliUHI5dlFQRlVISHpLaHVKREM1R1NFZ2RsdFhYM2pOdUVzN0tlc24tc2VNY3FVZzdrVlBkMDlJck9fNmpUUUF3bVVOQXZ4TzRqdTRIRVU3SDVpdHMtODU3dVBDbDh5R00zQXdOMEFQQ1RfRUJEckhzNG1Fdms5bEg2bkdlOWlHVEtPTTUzTDZzMzYyQUd6Wkd4MVZMRWVHc1E?oc=5
2026-09-01 17:36:00,GLW,Corning slides as investors appear to take profits amid a weaker tech tape,Quiver Quantitative,https://news.google.com/rss/articles/CBMiqwFBVV95cUxNNjYzUkt3VWtqZG9UWkpneWNjWVNVdDM5bnRFSDgzTGtZTmU2SGFxbU4tYTEyYjJFR2JQbmU0SlJhRDQ4M0JoY3JTWjh5NWV6WEJJYy15WWtwSXRHOV85NWdFZXRBOWhHUFA5Q2kwTDF3c0lMYTJrb3B1Ni1CeFFLdGliYzE4a2Uwd2ZXSlFhYWlzck1PV2c0QXRtOVJRZnZGMWtuVTVGekpZWlU?oc=5
2026-09-01 17:15:32,GLW,Corning Inc Stock (GLW) Moved Down by 3.38% on Sep 1: What Investors Need To Know,TradingKey,https://news.google.com/rss/articles/CBMiigFBVV95cUxQRjdta1o4S0dNcDJIRWVqX1FmT0JlVEtkbnQ1N21VSzZPcHVESlZKZ3ZMSXBmTmpQQ2Z1ZEtNQlpJb3hJYzk5WWN2Vl9tcUVhRTB1dG96S1lyTVJUMTg2TXpaTS1FcTM3NFA0R2w1eE5HV1JVR0dLUnlOai1wOHg5ejB2bkFDUnZxcVE?oc=5
2026-09-01 15:01:39,GLW,LEWIS STEVERSON Executes Sell Order: Offloads $1.98M In Corning Stock,Benzinga,https://news.google.com/rss/articles/CBMirgFBVV95cUxPd3RNS1hGaFZmZlo1QWQ2MlI1WFd5bnozdFdLalJnOVpxSHhRc0cxMXNKTURYZFlXbTd0RXRjaHY0dTl6NTczTlhCT0VhNUh4blNOMW9TYmxTWXkyTlU2OGh3X1RWYXVNSjNoUHNyMjJNX0xIdldXODlsVUR5Ymtobm55ZVU1Q2lLUmo0OFZKVXhJdGc1YTlqcDhaYlNMYUJpaWU0X2ZlWWFiNUxxMEE?oc=5
2026-09-01 12:44:13,GLW,"Corning Inc (GLW) Vice Chairman Lewis Steverson Sells 13,100 Sha",GuruFocus,https://news.google.com/rss/articles/CBMipgFBVV95cUxPaV91VldvQTJ2ZVNoSDFYbmJpbmNKSDdnajlZTzl4Vl96NmE5am9GekpOZE5meXZRR0FFUUc1UV83R1phTUhUTFhwMXBDRHY2R1hwNnJnSDFxdjlFN0dac3NLVEJxaFF4TUt3NWVyWU5nWXE3bUg3bUg5c28tbU9qenJuTkZKTllWU1R2TkRQY0FhYzYySEp5am9mcGtOYUVYWEY5OWhR?oc=5
2026-09-01 12:02:52,GLW,Corning (GLW) Stock Price Quote Today & Current Price Chart,Capital.com,https://news.google.com/rss/articles/CBMib0FVX3lxTE92UWtNMjY2bjc5MjFmMjExYll1N19sQ3Yta1c2R0Q5Y3ZNX3ZBak8wY1RpOF8tQnEybFlReml2YmNvTzRJZDhZVlhRU2ktX2NVR053NjZka1NTSjg2aWZtNzI0M2Nyd3Y3a0c3WnFZMA?oc=5
2026-09-01 10:33:20,GLW,Is Corning (GLW) Stock Priced For AI Fiber Growth?,simplywall.st,https://news.google.com/rss/articles/CBMiqgFBVV95cUxPeW12T1BpV0pzdWc3SnNrQ2c5N3V5UDhsVTlxWXB0SnUxY0JIX0I4Z0stVDU4TF9xVHhYUjhtUE4yYzVldXVGZEQxOFNXODJYYUxPMS1OZklMUWVIS09yNm15YXkzS2Nkb3hZclJiV0h2X1N2MGZTeGF0NFd0VmIya3d4UXZTMGN3eTQ3STJFTnhqTjEtMXU3MjFKSm96WDRLMFF4U2wxN1V4QQ?oc=5
2026-09-01 05:05:00,GLW,Owens Corning (OC) Stock Looks Undervalued After Its 59% Five Year Gain,Yahoo Finance,https://news.google.com/rss/articles/CBMimAFBVV95cUxPcmtYc28taW0zLWlOcXRUbllBUlVhQnpUdEhBQkc4bXd4V2NJM05vOVpkcG1penZ4MVpHT1k1ZkMwVEg3RHk2V3hCeGF1RG4zV3pFaVdvYjhxWTQ1YWV0UENiRDFMRm1uWDNIZUVTU1d2T0hLbDgtSENCVXVveU9NWGhWMWFwMjM1YjdDVjhuY1kxTHcwSEt2UQ?oc=5
2026-09-01 01:15:00,GLW,Business is Booming for Corning. Time to Buy?,The Motley Fool,https://news.google.com/rss/articles/CBMijwFBVV95cUxQc2R2TURpQlFreXVoaWtwNU9PZ196Wk5xUFZHRjBfZmhicDJxTVNXVmxfelFHQWE4ZG5EVmRoRGpSWng5cnBvTDhGX0ZhdUNZbGl1Y3lfSmJ3V0NOcUV1TFE5Ty1PVGpka3M4dEdUS20tTUJlWmlwTDl0YS1SRlFlQTBhN2FhNWs4cERVRjBNWQ?oc=5
2026-09-01 00:35:00,GLW,Business is Booming for Corning. Time to Buy?,The Globe and Mail,https://news.google.com/rss/articles/CBMixgFBVV95cUxQeWY3RndlUXhJMlNsa3dtSE1hSGJFRzZzblZobnZVUGJqTEVMR0NZME5HZW50aHpHRnR2cDVCVTd0cDQ1ZmhUN3lVcDY0TW1BZlNISkt0Wkx2VFQtZGZvT0lQZ1VxUGk4WXdDWDdBVlZub2dGMng0RVRxZnhJQzJ5bzhOZXllNGllbmw4REl3MXRqZDhCdm5JSmxOR01JYUUxamswMHYxdVdzZDF4Ql9MUVZHeE92dmVyblZ6M210UHBzdS1SaFE?oc=5
2026-08-31 20:08:20,GLW,"Corning (NYSE: GLW) vice chair sells 13,100 shares in August trade",Stock Titan,https://news.google.com/rss/articles/CBMiqwFBVV95cUxPRFp3Y0VITlNuTUtZVlFhN0tnbFh2aS1hOWZaVmRSVXc2NHpKLU40SlhTS3dwOUxrWE52VjFLMXhDRTJoTE5FUWR5Z0c4Z2JzRDVOdmU0aDdvLTJMTVhxdVZ5YzVVaDZlMlRYRjBNZnhnM0hvcTJpWDRtQTdrZFRpTU5lMzlMRUdCUFNZcG9TaWU0b3hnLVhpS2FRc3Y1S2RSMkh1SlRES1h3TWM?oc=5
2026-08-31 20:04:40,GLW,Reflecting On Electronic Components Stocks’ Q2 Earnings: Corning (NYSE:GLW),Yahoo Finance,https://news.google.com/rss/articles/CBMiqwFBVV95cUxPZzlkRVlUcmtkVjdsSFdDOHFDcF9NbVNOaER0Wmt1RDBueFA1WHlxS1AtVGxyZVpieWR6bEgzR3QzUVRmVXMwWnFXbWJhdTQ2Q2hXRW1zcVVqNXNIa0Jkb3V5dGtvc1BxUGd3Smx3UXhmUGtIN29GYXJVZEttN3hLY1AxS3ZCVmNtRmhjYm03YXVxUUJObFU4bnNlY1ZLeHRrN3pXeGxmSjVNYUk?oc=5
2026-08-31 17:10:24,GLW,Corning (GLW): 3 Reasons We Love This Stock,Yahoo Finance,https://news.google.com/rss/articles/CBMilgFBVV95cUxOT01GQ1dqQ2dud3U4dDVUYmJrQjduOUFkYWp4Z0JtM2NfU01faFozenJscF85S05PVTdzUFNEempRNWJTWUgxVFd5bWlNMl9UTnRZYVFnUWZIZ3NCaUc3M01BS2pNeFRzU1BMUTU0cGdTZDlFSVg3b3cxcWJBdnMzLVo3ZlotT294WWhOWGhjTmJLNm1kcVE?oc=5
2026-08-31 14:15:38,GLW,Corning (GLW) In Focus Following Fiber Growth Forecast As Fair Value Stays In View,Yahoo Finance,https://news.google.com/rss/articles/CBMinwFBVV95cUxNc0hfZ3R3eFhMVEtlbXRKVUE5RTA1NnN0ZDZkbGRMWGVvNUFuRERVVHRHN0JlYzhYalBkSW5UMHAxYThtbjJYUFZ5dHZxajV6M2M2M1VoUUZQcW9oZnNaMk9oLXhiQlpVY25CWE5rR3MtUHJpT0Z2RWdwZ3dKMmZnYUQ3M01nTEdUekdZNHZzZVZpMkRkQVNzVnZKdFFWbFk?oc=5
2026-08-31 14:00:02,GLW,Corning vs. Applied Materials: One Stock Beat the Other by 75 Percentage Points. The Better AI Infrastructure Play Is Clear.,Barchart.com,https://news.google.com/rss/articles/CBMi9wFBVV95cUxQZ21JYl92X09pLVgwcXI0TGZBdGJVU3diVGItRFVHU2dnWmhZZC0tQ241QUhHQjVYa29TWDItMGxkek5vdGZFZjBzTTJxMDNfX08yTUtFWUxVMzFjYkowX3RfUmhJXzNpb1JXWWtyeDlrLUdqazZGdHo0aE4xWnBkSGtrYnR3TkNXQmMwOXhieEw3NDlTTjhWMTVSM0t3bE9LRDNfSlZqbXg1RzF1OW5Gek5heHY1YnFvWjU1MjY5VTJIMHoybXd1aDYxN1phbGI0Q2ZORG1XYk9YdjhweW5ydVhTOURxbmhVYVNjTkxVWGJSdmRFWVpj?oc=5
2026-08-31 13:05:42,GLW,Corning (GLW) Gains Recognition In The Global Fiber Optical Cable Market,Yahoo Finance,https://news.google.com/rss/articles/CBMiowFBVV95cUxPdDBVZGstLVFsZmFwWUpDM2Zwa1BoWmN1aFNHLWdmOWw4V3o5N1o1MmlIVkpQQW5PSHplSC1iU2tVMHZxZ0FjNFFkVnhza25ieFJ1RmZvWVRvQlVHY0NISUZtdjZWN19DenBRakl4YldONEwxQzRfR0drWW5BNks2Q2NyeWxiX3p0TndITXVNR3dsdWJiUWNxZlRFQkVfVGVFd3NV?oc=5
2026-08-31 08:57:24,GLW,Corning stock holds steady as dividend date approaches,AD HOC NEWS,https://news.google.com/rss/articles/CBMiuAFBVV95cUxQSWhycS1mWS1FM3cwOGwwSlVQSEFwc1hSV2N3M0hseFdac1o4WllRUVJLak9LZ0k0STQwYVpwTHpXZDhnMnBoUDBaTTBsTDRHSUN4TmNfU3ptZ29mLTBNeGxhaTFIVlA1VHhrVG0yRXp6WWFabTRxWnNoeFJCMXE0M2RRclBDUGRtREx4Q21XZDlUcVpDZ0pGVm1nb0xZZnVZNWpBXzJEWVJvSG5icllnQkNSZGFPYmcw?oc=5
2026-08-31 07:00:00,GLW,$Corning (GLW.US)$ Waiting for stabilization,Moomoo,https://news.google.com/rss/articles/CBMimgFBVV95cUxNMjVLeXhHOGNlQVlSbUgtRVFkSy00YnlILWo3X2FyOWhYRzJGeDY1RlhZeXFLdHJ3ZGQtV0pxWEU3cjlsY2pjaW00N0JrbGc1Z295aTZYUFpyZ1VrSFhCLVFKVWZfQ1BTSl9ZMFFoUTJuWTR2b1JXUGctaVdRb1pUblRzRUdLNGE5dV9ZSmZIVDN1Z1BVRkFlM0Fn?oc=5
2026-08-31 04:04:00,GLW,Corning (GLW): 3 Reasons We Love This Stock,FinancialContent,https://news.google.com/rss/articles/CBMipAFBVV95cUxONDZJTHp2M1pqMzZXenJWblNCZGxjNjBWeFlNd3BiMFVndkhIdUVEaHlLOWZvQjgwc21xcmhLTkR3eHdKZ1pKT2FHQnNSTmtKZzJDTmloMUVMRjhfcnNuSWZfTXV0XzZoNVR3ZzI2WjRoQzgyWk5GWjNHYnRycTZmYWJDbU9tZGhjSDBhaXRCYW8tLVF2SkthWWdFWXNVd3ROVGtORw?oc=5
2026-08-31 03:38:00,GLW,Reflecting On Electronic Components Stocks’ Q2 Earnings: Corning (NYSE:GLW),TradingView,https://news.google.com/rss/articles/CBMizAFBVV95cUxQbWhTbHVNa05pN0taY3M5UTVuV2daUXNXUjRlbl9iazdaYlhGRTJWeWxFQzRKdFRpMVNqYjVsMHV3eUU0VWd3VlUxSDBoWThUNmNLbjdLck91Yzg0eVJTZmRwUS1fUDJaY3g2VGFyeVFaalN3V204VUtBVHBGSnJHVUNidjhyVkwxbl9YSXdyOExvakJISHU5R3VkNnR0WEtELVczUklPMEF6RmRDcmVKRmYwdENlZXhWajlsTk5YZlVXdUxidy1PLXZKeXU?oc=5
2026-08-30 07:00:00,GLW,Reflecting On Electronic Components Stocks’ Q2 Earnings: Corning (NYSE:GLW),StockStory,https://news.google.com/rss/articles/CBMixAFBVV95cUxPaUEtb1hLUllWSFYzaWgyWlpOYW4yV0hMYTlnQkJ2TzdkMzdIeGxUSHdaZTd3dFoxaHlDMnFmaXdBalBuOGtKVjY5Q2RrbTU3ZmJjOTQ2R3Z4dWs1bWhQMm1wYjRWQ1JhYWM2RE5lMmctTi1SVUtMb1pHR2FJZlBXWWY4SEtZQWd6VlV5cDN3TVlQa00yS1ZHS3ZHZzdpTl9XSGFFRzdOZXB0eDkzcG1PcHpCV2xFZG9Oek1mbVRRLUVMVjVV?oc=5
2026-08-29 07:46:03,GLW,Corning stock holds its Q2 2026 gains as guidance points to steady earnings,AD HOC NEWS,https://news.google.com/rss/articles/CBMiyAFBVV95cUxPSW5FWGJjc0pPbXRfZlpuX0tEN1UzclZkUU05X3kxeFpoQVFwbkJ1aHRGbnpXUEZlcjd5NGNlVzgyZ3JPYUJnR3NHYUdTYXhSa1V2enNhR1VqZGZZX2lySDM3YkJpRnhrQnYtRUh2WXE4YnpoZWMwN3ZWZlRXNHlqajlUUlJoLVRMcDdwcTM5ZFdkLUliYWduWDFVd3RrS1l2cExPZGRFYUhrTVd2S0U3UDJtZWRpbkJvWVFKNW9wUE9mb1NUYWFPTA?oc=5
2026-08-29 07:21:18,GLW,How Corning’s Highlighted Earnings Strength Versus Peers Will Impact Corning (GLW) Investors,webull.com,https://news.google.com/rss/articles/CBMiWEFVX3lxTE94NjlSMnB6Qk9GODFRckZrU0p3N1RIazYzNmg3YlpYMjhKUFc0cnpjZ09FeUxacDVMTTJtcmNJWTVlS01zVzg2V0hXcE5IQ19aNGd3UTV2RFc?oc=5
2026-08-28 22:50:02,GLW,The Technical Signals Behind (GLW) That Institutions Follow,Stock Traders Daily,https://news.google.com/rss/articles/CBMi0gFBVV95cUxNME9wVGo1eWhSNmZ3bHVidnpNTXN5emJzT2FZclQtZW5uT0dMeGxFb05vVER2NDNvaE0zaEFrOGRPZjhTMU5YYXJ6V1FzcVBWdUtyVG52UUkzMWJzODFKVEsyRjFsR0c4eW95ZnZIay1rakRMV1VaMDlia05KN3liaXR2bk5SV3RGWnN2LWZRYmZGMDQtcVdVck1MaWJoYUliRGpaSFlYRm5ueWlwZEE5RnZ1VzcyNndtcnFMVzI3X1NVZ2JZcGVqV2dpZG5BbVA2MFE?oc=5
2026-08-28 20:37:00,GLW,Corning Inc. stock underperforms Friday when compared to competitors,MarketWatch,https://news.google.com/rss/articles/CBMixgFBVV95cUxOUDJQeC1RaFZISTBzNUgzUHJaUF9POXhkdWhubWNlLVFSRnd0VHdIemtrVC1LLVI3djBlNDBPVUxtcHdrVHh0WkRMYkFydnFrVEZ1b3hUUUtUcV9BNlZBQV95RVZ4dzlsZ0NZTDJrbG5YeGY5ZndpRzQ1ZmdRYVdPQnh1TjkwdkVOODVGMEVWdXJrN2diR3BtOG5GTFVQYXVBdFRLWlUxa3lBOWM4ZGlobEc4aDJndVlLS21fYWpqa1BBdzZmRGc?oc=5
2026-08-28 20:37:00,GLW,Corning Inc. stock underperforms Friday when compared to competitors,MarketWatch,https://news.google.com/rss/articles/CBMi3gFBVV95cUxQVGd5SHNIRzV3Mm1GeEc5NWV5VTBucVVieS1hN3FMa1J2SXotdUlxcVo2VmJmUl9kM01ReDg2TDhYdEV6VTh2TEkwR3BkaW10N003c25oMTAtUmU1YVJWNWJ3MHExWjNCSmFLZlU1R1JKczlxbjA2b3Nfc25jQWhfVkI4U0RNZHM5OXp5aG5NOElROWdRSFFzeFJuVVRuVVVxSUd4LUI1QlZRaTdwYW1hRVB6Ukhzdmo4VnNmRkdRazU5UVVpcTh6QmZjNk5GeC1SdVVKdlpMU0ZVZFBsdlE?oc=5
2026-08-28 14:46:09,GLW,$Corning (GLW.US)$,Moomoo,https://news.google.com/rss/articles/CBMid0FVX3lxTFBMYTBlRV9WWmYzVnJaX3ZmNHE4bF9YTVdzSzBoR0ttWUNRdkd1enVMdEY1NzVHMW5QVXAyMWRZV2VfQlNMc2xpcjFoWXRBRnJEZEVGZFF3ekpkcEJCZ3E1Mm9oeFJLOGtfalkzWEROQTA0M3d2ZGRj?oc=5
2026-08-28 05:26:25,GLW,Corning Tokenized Stock (Robinhood) to Indian Rupee Price Today | Live GLW to INR Converter & Exchange Rate,CryptoRank,https://news.google.com/rss/articles/CBMic0FVX3lxTE1fVjZNWUllSlphTXJzUVdFZ2YySGdRaF84RFg5ZDBtMUdBb1VSdmRoSmFfX2FFemloeXZSalJXeXBVcThyQm40SF9fM2NGWFlvMkROQURBbXRZUG9XNWs3Y1BVbFdZczFHTWVyMkd6VVU1T1E?oc=5
2026-08-27 23:43:43,GLW,"Corning Tokenized Stock (Robinhood) Price | GLW Price Today, Live Chart, USD converter, Market Capitalization",CryptoRank,https://news.google.com/rss/articles/CBMibkFVX3lxTE0tc3p2Ui1ubGNwdVZqRU5JMjJ6NlM0Y21pTF8tdGpVb21HZkxYMFVfcjdvTG5oTUxOcWtPVGFzSHZ3UzVHWWptVXRmV2JQR1FfN3ltOW1fV1Rud3VyVkpsN2kzS0dEWlVlU1lkUDFB?oc=5
2026-08-27 23:43:42,GLW,Corning Tokenized Stock (Robinhood) Exchanges GLW Markets | Buy & Sell & Trade,CryptoRank,https://news.google.com/rss/articles/CBMie0FVX3lxTE9nM1ZmN05iQjY1RTM4QlNmUVhwQklEd0VzYmRpaFd2ZGZXYi1KZkpsTUU2S2p4b0VxMi15Wlg4TWxZd3dXdW9xRUJpOER4b09jMlpWX2dURF9sanBWYXZXZWdsVWhkXzZqMEliNmg1cWxBVmpzbzJKRWZWSQ?oc=5
2026-08-27 15:30:13,GLW,Corning (GLW) Up 23.2% Since Last Earnings Report: Can It Continue?,Yahoo Finance,https://news.google.com/rss/articles/CBMikAFBVV95cUxPOVI4ZzA1d3puczFnTHplMEZFTXNydEN3NjJKdWpIc091eDdzSDY5NlBIWTJaU0s1eVZ0QUFiWTRTQmRTMk1lMUVqbmRacEItUGtFOGVFV2p0aVdSMUxwWFFDcHJfNGhIYTNIaHVDdHdtN0tPZUxubGs5YTNkdmtxdTd3Y2tpb2dKbkloTk5qTC0?oc=5
2026-08-27 14:42:05,GLW,Why Corning Stock Can Make a Comeback Here,Yahoo Finance,https://news.google.com/rss/articles/CBMilgFBVV95cUxPbThPRUpOV1RuNG9sMS0xbmRFX2t0QkxRTWxMMEdkRDNJVGE3Q2s4OTQ5S1R6aFpsRWhtMjI4NHluN0c4Y1lnSFVUU19KS0xwLWRPR2tmYWNldkxJSGVxUF9UaGktWFdIY1QwSUhmY05ZLUR1T3F3QmdwckpNWkdQTWp2R0R3QXhKRU9lMjlRem51bThNRUE?oc=5
2026-08-27 14:42:05,GLW,Why Corning Stock Can Make a Comeback Here,Barchart.com,https://news.google.com/rss/articles/CBMijwFBVV95cUxPQnFTNExEQ1NBLWhOckNWUXpWMHVjcmxsVDNtc3dwZHp3U0VsaXY4amZUN0JjWmdEbUF1NnduWlVsUkxiUWxfbmVFY0JFWXppWGNwbVpucEVWenBESlJsblZRc3M0R3JFbnpoLWhaQXF6dWRwQ2lRMXVjWVdBcjhXVlh2QldWVko2eU9jNGRYcw?oc=5
2026-08-27 12:52:39,GLW,How Corning’s Highlighted Earnings Strength Versus Peers Will Impact Corning (GLW) Investors,simplywall.st,https://news.google.com/rss/articles/CBMiuwFBVV95cUxObnJWOE5xXzVKaDVlbFNjd24yWjBmcnN0QnZBN3FWTkxNdzVlTWtZZWUxNXhlYklvVm9Eb0s4OU5wejlsLTF3YVljVkM1aXBKeVV6U29pU0pwWmdwTnp1cmliaklpV1czcXMxYnMyM1ZLRTc5bDVpaU5KUjBoUVdqZFF4Y3pKaURENV9kdGpsVnFrWS1BZVVRSHpRbGY0WmJlbWVSVzFvQlh0QmppN0dMb3dvdW1JZDk1cjUw0gHAAUFVX3lxTFByUEVBOEJiQTVsNnBhNndULWh5UXROLWtMY1VlUlc1UFZINUZuR2tCTy0xa0FHWHhNWWpZUnJZLXhiOTZIMlBBRjJuMVJQZnJuYVBLS2YtTWltZlh2WjZrd0lvelBsb3l1Z0c1S2VUWVdWTl9FS2Z5bFlsSXZBSjBkRkVhQTFhVUdkSUtLdEF4Z01JM1diakNSUERFSWRwSjZ4UFhONWFYa3U4WnZsQXFqVE5meTBITnJ1ajcyT0RrXw?oc=5
2026-08-26 21:49:45,GLW,Moderately bullish activity in Corning with shares up 3.75%,TipRanks,https://news.google.com/rss/articles/CBMixAFBVV95cUxQREY2ZzNMMGVmaEYxTHBJWnpjZ3NPSjB6NlV1QXJWOVlqaUExb0RuZkNuOHpqeG9vYk9mY1czNFZNeE1mWXhoNUY3Q3JldGxGTlJ3aDV5TXNIZDA2cVgtbkN3VUV0SHVtbk0xclpkb0JibFgtT3ZzNVZoamJJTzF5SnNzQmNQY3hKaWNyakFvTG5JMkFXU01yaFFFRXdDb2Ztbm8ySUx3ZktEd0Izb1h4ZEVkSW1jVy1EVXdKaW9ISUJEblN0?oc=5
2026-08-26 21:47:52,GLW,Corning Inc (GLW) Shares Surge 3.8% -- What GF Score of 74 Tells Investors,GuruFocus,https://news.google.com/rss/articles/CBMiqgFBVV95cUxNS0lCQnNoWnR2YUlHaEFTYnd6OXBSclF2N3JCZ0Rod3B4TmxqVEU2QWFNZkc2dERtOVJ3dXRRNmhvWFVXY3pPNml1VDZFdWZZYXVNbzBhZnU3RUhLNTA2Sm1OQUlWWXhaRDZNbFBLM2cwNUcwaVZWaUpiQnpDMVV3c1ltSTNwUVp0eEVqVDRNUHhTY1RWbnhYV2xMbDE0d0NHTG1tVElPSUtSUQ?oc=5
2026-08-26 19:15:18,GLW,Corning Inc Stock (GLW) Moved Up by 3.44% on Aug 26: What Investors Need To Know,TradingKey,https://news.google.com/rss/articles/CBMiigFBVV95cUxQMFJIa1dxd043RlFHOVRzN2NsZGNJVk00ZENFczNJTGlQTFI2d1RreUhxTkFrYWd1enpUUFpRamY2S1A0bkV5RG9sWk5OeDIyWkgxWVd6RGlaSTQ1WUhsbWh3RU0tbWdPZ2NCc3drTzJoZlNQanpKeG1Cek5QUUV3YlI0cmhXa3BNVlE?oc=5
2026-08-26 18:23:35,GLW,"Why is Corning stock up today? Buyers regain ground, key resistance levels in focus",Traders Union,https://news.google.com/rss/articles/CBMikwFBVV95cUxOdWRKVE5aaXhnN2RJS1hZUlpzZTRweFBwN19OSGMzbWY5WTI5RzlBTFRuVklrTlN5dW9hQmlKVVdmZGk0YmR3S0o0MjBmcFRsUzRKZF9Vc3pab0p1blJhRm5XQy1NT044QWEyUU84NTNpTWdscXFJaVNsaExIWkJaWWtMQ3c5djVZM1QtNFRTOGlWVEU?oc=5
2026-08-26 13:46:15,GLW,Corning stock holds firm after a Q2 beat and higher outlook,Ad-hoc-news.de,https://news.google.com/rss/articles/CBMivwFBVV95cUxNVmZITU1KcFdFVDJKSmg2d3JVSnhJTmVQOFVxb1N2cmdFaFZYbkZ1Y3E4anV2S09tYVJqSXNkN1U1SWJwcF9FSjFlX2pyRmZ2YkxGRlkwUTZjZW9qTmNRV0NsRWkzNGJkeFhGLXNuV0NCLTZrU0V4SHBqNl9jZjlOY3NobllkZGdXaVdRLTVZRlFEaFoxbURWUGg3R2xiQ2RiUDZaWTRhWm91NnF0V19ZdjZKTXpOTnc1ZnEySHQ2VQ?oc=5
2026-08-26 13:00:57,GLW,J.P. Morgan Maintains Corning(GLW.US) With Hold Rating,Moomoo,https://news.google.com/rss/articles/CBMilwFBVV95cUxOWFU2WEVfRVpSbU0tU3l0a3NTOE5oZUVEZ0Vsc0RnVW9oeVVVY3c4ZVdNaFZqX2NBRElNY3ktTmp0NXhmUXJsUWF6ME9oWGVfMi13QzVYNkhLaFA2NDRaZTh3aXgwRm4tU0dxV1hPN2kxb3gtYXZrdWtUNXN4NzRoRFlRTXVTUzlEN3d0VkRvaC15WnhUZWtN?oc=5
2026-08-26 09:05:29,GLW,"Binance Will Support the Corning Incorporated (GLW) and Goldman Sachs Group (GS) Cash Dividend Distribution via bStocks | ,Binance announcement",Binance,https://news.google.com/rss/articles/CBMihwFBVV95cUxQeVkxN2xFZEZHVzZKTFIycTIxVDA3WW01bDVrdUMyNFl2ZWN2S3M3bHJZX3IzT1JjYVp1NHRxYl92Tk5yNnFnaG1lMHRTUHFUbGdDUWs5VVFJb2dScFBCXzdUdFlaXzlra1RhSVExTFVWSjNDSl93allDWVNHb2ZreVRqX2cyZ1E?oc=5
2026-08-26 07:00:00,GLW,$Corning (GLW.US)$ [Facepalm],Moomoo,https://news.google.com/rss/articles/CBMid0FVX3lxTFAzREVLcUx1SlpoWFQ3eDU5UF8tY2g2d2xycjZXUS1fRjJHVnZSTXItcngyVnFIVEkteWVUYWZTQmxlVUU0MUh3ODRXOEQzTEotX2RZZ0xMc3JvZVpoTW5iSEl6OWlrYXhfZFVUcmlaaXptSENueU9F?oc=5
2026-08-26 03:01:32,GLW,Corning (GLW) Gains On AI Fiber Demand As Investors Revisit Its Valuation,simplywall.st,https://news.google.com/rss/articles/CBMiuwFBVV95cUxOb0Y3VHVERi1sbW5TY1lRX292OVUzX2FELWNRYTJMYndWU29ENVZxeHVBTk1EZS1fc2ZiMFQ1N29oZld1NlJtMXplUHQyV1lPQS1tZ2Y1MFlQRmZCVlVwYjdYT2NwclNxY282ODZ6YmE2dUZiX01WYmJrdnRwQVZHTEpNS0kxSlpQeVkzY0JEeXljYjZjVGVuSjVSbEx3RHNIZllNaWdnTzdrVXdhSHJySmVpZDZKYjRhVlVJ0gHAAUFVX3lxTFBPeXctMm5RZF9uWjdQS19FQlNxa0p3UnRFb0dYOUpUYk1yMFJrRjA3dHFlY2V3NGVfTlFjTFduNk55cjdUR2pXNWxWeDVHcFktUE9lRW1nck9NRnA3cDcxVnFGdW9vVHZZVUsxM05DYlZkaDYwdUtjaVJrSGJUVkd1cUFNTVNPZmNKNlNPLWJKX0lNWUVEdUdBcnQ2cGY0bWF2OXNmN0JGNUhZNU1YWWhIX19EWVNGUHR4VmpYbi1sYg?oc=5
2026-08-25 20:36:01,GLW,Corning stock holds firm after a Q2 beat and higher outlook,Ad-hoc-news.de,https://news.google.com/rss/articles/CBMivwFBVV95cUxOQU1kZnU1LWMxcW5veGcxYk1qYkRLQ2E4RWZja1Q0QWJzNWIyZ25FbVowaXVIbERNdjV2MVR0T0NkWFdBYlBPd3VuZ2dZUHd4aExLRlBSSzRWVmZibzBTY3JRS3B5R2xXNmhsTnpjakRMakdzV1U2Rm5uaWZqWGdjc2REXzdMR3NhaWFGMks1eW5CMmxyLWRUVWRiWkNEY2NQdWlwdFN0c3gzNTYyUmhFQzAxOTlNNkkwX3dXdWVDOA?oc=5
2026-08-25 17:09:50,GLW,Cboe data suggests bullish flow in Corning with shares up 1.49%,TipRanks,https://news.google.com/rss/articles/CBMiygFBVV95cUxOWUZHRk5hN0pEZ1dTS05lNzZWM2RMNFFFbzFJUFRGXzZ5dng5Uk5MdnFWWk9OQzQ3TWNUTFhnVmVmUmt2M3N0ZzByMWE2SmV3Nk9SN2tNeWU4WDhtaWZmcC1MRXFmUGx2dUtzVUh4TndZQWQzRFBSZ2NUQkp3cC1SZzF0N0dfSkdPbGRpN1Zrd1Z4OWUzZXRxX01zd0NnYUN3SjU2cXF2V010eE1JVUV0RWlrajZZWXQxTk84VENSNEw4cl9lREg1S19B?oc=5
2026-08-25 17:03:48,GLW,GLW Looks 126.9% Overvalued on GF Value™,GuruFocus,https://news.google.com/rss/articles/CBMiggFBVV95cUxOV1IyZ2ZEVjI3SmM2dV9PbTlUalF2bUlxUERaR3Q0TDVYNHgwbmc2R1Z5ek1ONk5PWGxOWHdKV2tWZFhzek0xQlozR0prNUZScmM4bXRNNjN0QkgwVkxMTUVGVXZlS1hxTDFBQWFzWUdsMkVOOUoxWnlMRGdSSno2c3p3?oc=5
2026-08-25 12:12:19,GLW,A 5-Day Losing Streak Has Corning Stock Down 16%,Trefis,https://news.google.com/rss/articles/CBMiqwFBVV95cUxPVXJkZnFGLWVfTFV6MWdyZ1EwVmFlTm1XVkREeFRIQXZJUXh5ZVprd2I2NGxOR0NBSW41MXVCWWFTMUg5TzhwVUFvbXZwbm9YUDlpSmxWNkdiVzF6aFluV0I3NWp1STFfSG04SVptZGQ0MGtNbHNGV3V0UXg2Z2cxRjFTamF6Y0NXWWp5bXJFZjloQWRnejczbHp6NW1HTE9YWE1lMGFzb1RrRU0?oc=5
2026-08-25 00:46:36,GLW,Corning (GLW) Earnings Snapshot: The EPS Result Is Above Expectation; Investor Response: Shares Finish 2.86% Lower in the Current Update - SaaS Earnings Trends,vinanet.vn,https://news.google.com/rss/articles/CBMigAJBVV95cUxQYnR5V1dDOTNoM1pyRkRzMjcxMktkaU9laGFNN1pyZ05JU0VfOFJlcWJRVEpYRTgwOXNPVkFBWlBpZzBOSVNEeW9jbDdNN0VWUFU3dEYzWVdyR044TWszNk9lU3BxMHVaZlRRYnJPMWhvX0doVm1CZ0RBSDQyWjlmZFA3eE5wRWhneE5iVWtuOFdFM3BCZ1ZXQWtnWHJhWS1Ca00xNFFIQzJFQUtWODA0MTJ3bUlNXy1aMUJBNXdjM2t4XzVxeVoyTDhPbkoyY1ZILU9JTTJ2RVJuQmx5QWZYYkRPNEZqVHpfeVp3MC1yUFdMR05NMGwtVmhQMUgxYnNU?oc=5
2026-08-25 00:46:22,GLW,Corning (GLW) Close: Moves 2.86% Lower to $145.55 in the Latest Reading; Immediate View,vinanet.vn,https://news.google.com/rss/articles/CBMikgJBVV95cUxOdE9acDAyN0RwOXk0ajUxRE0wMEpyMGVnS2xYSUtoTG9BOWxMTlNncVk2aEtFUEhhWUljRVZ4U0JYODA1MWZMbXhCOTB2VFJWejdzZEh4cXFSaC1XQ2tOVm1qcUNkU0hPUWVzOWNSZW1PWkJqa2pzUzZSWm5ZVHFQRmFsQVRIYVhZMzdEZUZpaW95Z3MweHZhLU0tQndCRUhKN0JhZFptc29SME4zaDdxVUFmdVlMY2loZlZBLUtpQWt3RHlKQTJVTUNGTGRVNzZkMkQwNTFqNlE5OUxKTDdNTE9qYkVpZDFkaDZmYnRmMFZGdmlEcXlHcXZERTRydlRreDQ5VW9RTjFSRFN2QXVvVmVR?oc=5
2026-08-24 20:37:00,GLW,Corning Inc. stock underperforms Monday when compared to competitors,MarketWatch,https://news.google.com/rss/articles/CBMixgFBVV95cUxNd1dldEJKZHl0NWxSOWlHWm9JX1pKNXEzN3hXb2JpV0pNcWx6RVQ3bkpwTmFvX0VueXFqdEp6UUdCQklQckNlTG1qZVdfdEJ0Z1dSV0tCZVlQenhSYnllUEVpYUlwYWdROUlCTklabE9zLUEyU1JOUEtFU0Exc2lPblJsbExadVVuMjVDMG1JWnQ0QUxQcHFFQmdlYkZlLTJBLW1BbTJOc3czbXFtdmVfS3R2VkFudlh5UHJGVzdMaWlteUJwUEE?oc=5
2026-08-24 16:58:32,GLW,What's behind Corning's latest stock pullback?,Traders Union,https://news.google.com/rss/articles/CBMilAFBVV95cUxON1ZFMUJ3Vk1YN0FzdER1bTc5cUFfUHVGSjJkVnhNMVFTNk5abGp6SjY2STJiWmtSMGFnVzlHSklrVVV4bFhOaVlnMlo4b0x0N0ZpZUJkdkU2aFVMX01SNW03bDJWMmZMYXF1TjZEOTQ3Y0k1aHZ6RzZnc296S2dtVVZXaEFqT3I5Zlc5QVFyVmEwRnhO?oc=5
2026-08-24 16:15:20,GLW,Corning Inc Stock (GLW) Moved Down by 3.14% on Aug 24: What Signal Does It Send?,TradingKey,https://news.google.com/rss/articles/CBMiigFBVV95cUxOWU9mS29sNGU4Q08ybkQxcDBmcFE5dHF5ZzZialloS20wSE4yc2hJSnZ1NEZsNmtKenJId3Vwc1FsekJ1TWRTVTA4djB3b2U0cnR4MHk2LXBMSlAwUXF6Ry1Nc0xZcXVlUUZxaEU2NE5qa3NiN2I2b2RoN2otZ2ZtNFFpSmwzLU1FV0E?oc=5
2026-08-24 15:53:00,GLW,GLW Gains Momentum in Optical Communications: Can Growth Continue?,Yahoo Finance,https://news.google.com/rss/articles/CBMiqgFBVV95cUxNQ0VmTEpUZnByUWhxUEpoWk1raHBhbFdpT1A2eEx4T0M0dmFqbk9fS0xWaFpuSzR2b2xWVDVfUGp1ZzVQeHVDQ3RmTWlDWEJzcDRVMXhWaWk3YmNTRXdaYkYtQ01IUnNWTmVDdHFMZkk4aFMxNFltTlU4b1I1Z0FoRV9vVFdQanI3MXBvWUtkQnN2dDFJU1ZyaThuSno3dHJiMkQwYWJkZTRpdw?oc=5
2026-08-24 14:51:00,GLW,Corning Falls as Investors Weigh iPhone Glass Concerns Against Recent AI Fiber Wins,Quiver Quantitative,https://news.google.com/rss/articles/CBMitwFBVV95cUxPQzZtNHB5R2hnTG9lMzIwZjhQZXQzd0JyZzdCS0Y4bzdVeTg2eTFNOGRINXZSTkQtQUlDdDNhalp5OUVuSTNqOERwTG92MkV4cDU2bDNHWDRFc0huOWtENnZGc19WTy1kUEtCX3I3ZmJ4Z25tM1AzMlhDUU53S0NMeEk1SzJaNkNqc2kzUnJvZ1dSV3dWaUZBWlo3RmEtX3k5dUVSdDJueWVXeGRmMTRmUGRVSHdPOGM?oc=5
2026-08-24 09:09:35,GLW,Corning stock holds steady as dividend and AI infrastructure story support valuation,Ad-hoc-news.de,https://news.google.com/rss/articles/CBMi0wFBVV95cUxOeUpkS0Y5Tld3SVlsLVEyMWJOVnhWR0xkVU5Mbk9MTHpJWlM5UWtUVTUySV9OM0JzTURiQkUwTHlKNmFEcVR2QXVaMU9pRGF6T3RQWktsb2MtUWVUQ25yZGhxR1ctVFNyRjZCT3lIZklPSkZVRldkblFmcjJaUHROOHdXVHhqa0VIbjBSMk5lOU5DdkdHUnl5LVJKbGpHZGJ4OUZqTlI1RTVUajFYODZSTG9FdmlUNTc3MlF1VDlha29GQ1JMcW1wMzllaFZxTXRmZDlj?oc=5
2026-08-23 02:48:35,GLW,"Corning’s Tariff Immunity Comes Down to One Strategic Choice, CEO Says",AOL.com,https://news.google.com/rss/articles/CBMihAFBVV95cUxOODlRc3RZbldJVGppcnlmb0wxenpzSzJScXNGZjBmMXZEUUZRQkFMZ0F2MlpDQkEtcWRORXpyZmVrTGMxRFBUb2t3MnJvX3N6cDFmd1pQOEhYWjAxQjEyLVludExGb0dLNVhsZnZrSVRaV01BS2lxUG43cWpGb0kyd0pxUUU?oc=5
2026-08-23 01:08:38,GLW,"Optics Stocks Drop on Anthropic News, WSJ Report: Lumentum Down 10%, Corning Down 8%, AXT Down 12%",AOL.com,https://news.google.com/rss/articles/CBMigwFBVV95cUxPZ1hXYWx4VjFLdVRhcTdWRmlZOUJRQTg0VklSYWNnYjJSeFR5V1JsU0lNNFFXUlJOOVBnRnhjWHh6Y0JoenhNek5sLVBZQTNIazlFdGhLWFBGSDRMWk1XWTd0TWxQS2ZiX20tN3BPRm51R1g2NVFZRFBEUC1BNVFoV0pRYw?oc=5
2026-08-22 09:08:43,GLW,Corning stock holds steady as Q2 2026 earnings beat supports AI-driven fiber demand,Ad-hoc-news.de,https://news.google.com/rss/articles/CBMizgFBVV95cUxQQ2JnS3RiZFllc0F4dUpBLXMwallkNlRkMHlXQ0xjQ0VYbkw4UGV1NVRpUkpJcWdaNXpKb1pUaEJoTGxlYzdrellSOXRQMURRYWo5WTYwUGF1Vlg2S3B5R3pLVlhVTm9MT0RrNVI1b1BwYWRaYkxMN3hVdm5kSG9ZMlpyOVhCQXhseEVVZXN6TDBGRmNkakZjeS1NSXBJMzdxS1psVEM4UlpWdlg5bzF1R3ZNWUdFM0JXUFhKYW9CWC1Kdi0xSGlRNGlKbEZjdw?oc=5
2026-08-21 20:37:00,GLW,Corning Inc. stock underperforms Friday when compared to competitors,MarketWatch,https://news.google.com/rss/articles/CBMixgFBVV95cUxQdTliS0E3Nkl2ajBPWE5VMEFGZzlqOVFfZElTVEY1RE5pcFJ6aTZTNUxHeVdUYVJIRU9NVlM4WDhqQldjMzFTUkcydmdIVUQxamJJbXRMQkFqWjZTelUyOWxBUFdTNmZ6cHJIenRnaDBsOTY2WWVzUzJjQU5jZEkzUk5FQ013andtc3lIRVVoQzJFcVdXLXJWQmRlQWhlcDdLZkVyNnUzNVhjdHVFRDM0QWVCbG5OY0tXeTNDTDRsVnpybnJTZFE?oc=5
2026-08-21 18:17:37,GLW,Corning stock holds firm after a 17.1% sales jump,Ad-hoc-news.de,https://news.google.com/rss/articles/CBMiuwFBVV95cUxPNm9xT1FELVI2SUNfNUV4dlk3eHNCY1kxbUVCbWVENElackxZWlFuazAxTkNKV3B1ZXFkejVEZVQxWEI5aHBZX2lwWUk0MnRNeXBEM1RHV2tGd0gxVVMtQlpYc0FSOTRGMVA3UWhkalVjQ09lUGVocHJoQlBCWlY4MWhtek9qNDRONDhEQjBDX2xHUmpQdkMwLWNycVNwTjNCUm55UTZmWlI4MlJOWERyUFJCVENQR2t5NFJ3?oc=5
2026-08-21 17:30:01,GLW,Corning (GLW) Lands Multiyear Multibillion Dollar AI Infrastructure Deals,simplywall.st,https://news.google.com/rss/articles/CBMiuwFBVV95cUxPOUx2azlLNkZsNURrNm9tVWI1a20zUmZjaUFmaHJmd2FlYjZXSmRwQTF0bEZ3azVGV200bjFkR1piNkc3M3UxLVljMXFLMHdDTWt1OHUycTY2MTZ6SVVPTnd5MHZxOUlsQ3B1a3RuRDRCWVdlSEhXOFBGeEswckJVVXhNV3M0SzFoV2l3SmRoWHk4N0xwYVIzLVhNX01hYW1SZzdHWUZoZmpYOVZVT1Bzek1ISFN6aFNlQWg40gHAAUFVX3lxTE9iV0YtYklId1J2SURaUVlGZnpna2x6MGZfbDVOQ3RSY0JNQzVYdUQwWXlyc1pyR1hGcjU2bEFQWU1QZGlUQ0tFREhhYkNrRVdaZzFlazNSYXdiaERwZWwwMmJUOFREeW51dlRQS0VJZ1RrQU03WFZKR05SaWwtdUpJUFFuX0RXNlIwRU1PT3JFblhNUi1WVGdTX1pKU3p0VzRVTThHLWlsUE9XX0RETnZkNUlMWUJHbWdnbjNmT3dtRw?oc=5
