日期,股票代碼,標題,來源,連結
2026-09-24 19:25:08,LITE,2026年，一致性股票上漲59% ，但落後於Lumentum和Applied Optoelectronics。,Pluang,https://news.google.com/rss/articles/CBMijwFBVV95cUxQX0ZXQXF1d2I1bU15NEVFY1ZqVGNPb05zQ194SE5YVGVaa25faGZrVnhSNThHWHpqMGx2WC1OeFJ2VGFlc0pha01MT2xsWFB2dnh0UzN4RmEtay05cGZGWFZ0UFowY29jSFh4TEJXX2lmTXVGeHJxUERWQzBqbE4yQjJ1U1NLcUJOYzBncHlZTQ?oc=5
2026-09-24 15:23:00,LITE,AI Boom上的應用光電行程：它能擊敗LITE和FN嗎？,TradingView,https://news.google.com/rss/articles/CBMivAFBVV95cUxPTmlieEdlbGowbmRjNGJNR1c0R3RxbExVVXZWOE9YOTB4VUZDa0tsLXpEYzAyaGhITDNMcHRYNFJNRUpKc0ZubmxtbjRxSjU4TGRqV2E0bU1fYktEUjB4T2xPNnZ3Y29XUERhNDV0VWJGY2ctSWZoZHAwUm1zMXFjMGw4dUdvVHc5aFp3VTNQRFJkLTBXNWY1UjZrczYwZHM3LUVkVW45WEotTi1qMUg1dWd2TGZxckZYRjlSWQ?oc=5
2026-09-24 14:00:09,LITE,分析師提供有關科技公司的見解： Maxlinear （ MXL ）、Lumentum Holdings （ LITE ）和Elastic （ ESTC ）,The Globe and Mail,https://news.google.com/rss/articles/CBMilAJBVV95cUxPZm1iSUhwbF93bVRwdEQtNWFuVGt0VW1xY1duN3JGRk5vSzNSSDZvZmtTaWFFR2hMOTQtQ3JjX0dZdjRfS2l3RldWVllxdERmU0l0cnVrZGUyUHhmY3BCcmNwa0YxZkF0cDJua2pleTRVRExSdEZ2blU5b2QxUG1XQnBaYlllck1JMlNBa1IwNFZoQzBUaEFJc2xlWFhTVzN4UGpaV0xOb0RHX0w0VkZKYzNESHN3dXhMNVBFcFFwX1J5amxROHM0bXg3SVlEaWx4R1hJOHpqX1NhWTNQRzU1OTVKT3NSejJlZ2hDN0ItRzNJVVFuZmdqTXhQcHNyV3hvaXhvZC1MTlJ6NDJvelRXazdkN3Q?oc=5
2026-09-24 12:51:08,LITE,Lumentum總裁Yuen出售$ 142萬股票,Investing.com,https://news.google.com/rss/articles/CBMirAFBVV95cUxOUkdaRGVMNktjUjF0Z2s2NEZRVzdVYXhmT1Q2VnpkY1pqVmlDVmQyLVEwRnFCb0FpWmhxVXNqejF4ZHp1S3J4aVd3UUQwY09WTTJ5QUZNYnBlLWVjdnRqNVN1QS00bFdCMmFPbVVfeG9ES0huaXZ2V2I1MG1ac2NHaXJnRnQzOEVQbm9NQ2FDNGZMSWo2V1VGSTBELXN0WFQ0VnNFNV90RjhDMnFh?oc=5
2026-09-24 12:48:41,LITE,Lumentum總裁Yuen透過Investing.com出售$ 142萬股股票,Investing.com India,https://news.google.com/rss/articles/CBMipwFBVV95cUxQLTQyTl9BSjZOTThZTndyX3BZeWRpVG81N2FKdEd1Y1hKMUxCaFh6eVRDS3oxMzl6S3dOQUROZk1Ja2dqVU14UklldTBDOXVDLXR6Y0dGa1BzTHVZclFibFhpY3NialdBY0UzVEZkdWxwQUU2WkhJV1d5dWM1cTRxWTRiUV9JdWVTUHpINnlzcGVVaWw4MFI0Vy00YWxkS3BRVEpqandLYw?oc=5
2026-09-24 12:27:58,LITE,2028年9月精簡版1320.000 PUT (LITE280915P01320000)互動式股票圖表-雅虎財經,Yahoo! Finance Canada,https://news.google.com/rss/articles/CBMibkFVX3lxTE11WUhrOTJfVmxXR1RTNi1BT1lQV0FlMVRabnBMWGtRc3BENzVrZEQ2RTBZb09pSnBrM2oxbHNqSHdUMXg1R08tMkFLbmpNemEyY0xITnJsMDR4OTJ2VGNYaDMtUGZYRDY5TUZCNm9n?oc=5
2026-09-24 10:36:27,LITE,LITE 2028年1月125.000 PUT (LITE280121P00125000)交互式股票圖表,Yahoo Finance UK,https://news.google.com/rss/articles/CBMibkFVX3lxTE52RTYwaF9oVkFMd2EyVVR0NjlEUk9aa19GQ01mckZRUGJTc3R5cEFsS1ZNQ1hVYmI2Rk9wV1NyYld1ZFB5N2tNZjlXdTc3am43Z09aaW1ScUJVRkQ5U3haRllUMk9KRF9NUHdPaUln?oc=5
2026-09-24 08:16:28,LITE,COHR、AAOI、Lite、POET ：光子股票加入谷歌資本支出推動的AI拉力賽,Stocktwits,https://news.google.com/rss/articles/CBMizgFBVV95cUxQMUhQLWFKVW5SMWFBSUlxcXAtMDhWa0Rqb0J5Slh6aFM3aUhCOXFLSEJzUmZMaXhJYVQtWUtyOXg1ek9URm83Snl1SUd6aXptaUVtNDA2SGpMQWx1UUlFbWtWRmpQSWxPbzVLdzNQQnExc1pZUHltYXJNUllnRXZwSUZYRTdTUFFCZXVqTHh5UDhaYWl2WXIxUVJqVFJtYUJ6YWNSV0lLVnNOcTNIRVkzc1Q5QjBrVG80ZDlUUUlUMTBITzhZaHVWQ3JkTFpOZw?oc=5
2026-09-24 07:15:30,LITE,LITE 2026年10月1490.000 CALL (LITE261023C01490000)交互式股票圖表,Yahoo Finance Australia,https://news.google.com/rss/articles/CBMibkFVX3lxTE5SelFwQnJSX0dxM0d4c01fTXlTMUxUcG5Bd09JNU5QdERVWGhJejFWWWRvQWxSTlJmc1RnODZMeVd5WmlsTzMzcmZzakI1cE5aeUZJeWJxUTJRXzRWbkhza3VpZXdNSDZReE5sT0pB?oc=5
2026-09-24 05:32:09,LITE,LITE 2026年10月1420.000 CALL (LITE261009C01420000)交互式股票圖表,Yahoo Finance UK,https://news.google.com/rss/articles/CBMibkFVX3lxTE9HSEI1M21Hd2VDVUhPYzZ2VTRibjR5ZTNJeVRKSlVCWU1oTmNsdFJkVDhUODhuaFczckJGcEFrUEZOTDZqY1NoQjhBdGZkeGVvclU0MnRaWk9xSmhHY0NpaW9saEtMc3ZsOFZmb1VB?oc=5
2026-09-24 04:15:37,LITE,LITE 2026年10月740.000 PUT (LITE261023P00740000)交互式股票圖表,au.finance.yahoo.com,https://news.google.com/rss/articles/CBMibkFVX3lxTFB6aWNqdmtJVms1Mzh1Y014UU9pRmxfSFJ0bjlMQW13UXY3V3ZvY3FXbThqMUF3amd5Wnp0Wm1oa1JUc1lYb00ydDl6dW1Rb1l6OFFxU2JPY0RLcWtpeXdhN0NldWNJVjZYVHA4VUNB?oc=5
2026-09-24 03:43:26,LITE,LITE 2026年10月860.000 PUT (LITE261002P00860000)交互式股票圖表,Yahoo Finance UK,https://news.google.com/rss/articles/CBMibkFVX3lxTE5FQTc1bGtDQk9QLVBHNkt4eld5U1FkdVg3X09UeEJqS3FWZTh0aEtxM1NjeXVPcXFJOWFnNFY1V3M1MHNLV0ZCRlVnOGcwVVFmWHlFOF9ERzhlSTdoVU5mREhkTDFYLUlxY3dxaHVn?oc=5
2026-09-24 01:13:19,LITE,LumentumHoldingsInc. (LITE)股票預測,Yahoo! Finance Canada,https://news.google.com/rss/articles/CBMikwFBVV95cUxNd1A0VGMyd1d6dzBoUGVpaUhEb1FaVjRGTjY0SzFtV09wRlFzMVBWY0lSbVdyQ21HYUE4VkthbmZOLS1kdDBqUFZETWRkUUY3SlNBeFViQ2E3OXVxV2ExWkFvQWQ5RFZJS2tTY0otdWdMY1ZwUlM0Sml5WktDa1VOTkY4c290RFdXTG93Mk5DYzdHdVE?oc=5
2026-09-24 00:32:43,LITE,LumentumHoldingsInc. (LITE)股票預測,Yahoo Finance,https://news.google.com/rss/articles/CBMijwFBVV95cUxNQWVSMVZZMHpULU5ILXVDeUNWeE9XRHA1YU1ZbDUtZDZFdHoxNjJzNWhzNUFSeU0yb2RNVXZuLXNaNFRoTU0taEdsc2RRSTdPRWc1WjYtd1ZfTXd5Qy1SOU9HV1pJS0lHMW1zdzZ5RHZmTDhmUi05VUJJdDNuUkV5OUFtQ3FFcThERHN6cXozZw?oc=5
2026-09-23 22:43:16,LITE,"Lumentum Holdings (LITE)內幕人士Yuen Wupen出售1,500股股份",GuruFocus,https://news.google.com/rss/articles/CBMizgFBVV95cUxOc2tBSGtFS0h5MWF1UFhrbDFUZWdqQ001UzNkMV83NzZiNFZxUE0ydGRkanZEblpFbGVENk9OYi04LXNjRmJnRnF3RWE2dDV3VVNWZUg0bTk4aDlmOWZoLXpVY1VBS1pSOU5tRE1PWi1qRVlTUkNZMXFHeU4tUzk3ck5mYXRNU3p3dEQxRURlRl9qQ3kySXVnYW9lRndsbWxIbE1tSFJnVGJlVUZ3Rldmdk40UUVFOUc0MC1LNzFsUERySnQ4UjVKeGxJQ1FsZw?oc=5
2026-09-23 21:11:32,LITE,Lumentum (NASDAQ: LITE)內幕袁武騰賣出500股股票,MarketBeat,https://news.google.com/rss/articles/CBMixgFBVV95cUxNNk9fQXAzLVlPbHc4N25EQ1gtTjJ3Q2hSU3VOVV9lQzdpcTVILUk2SkQtQkRWMUFTUlI0VTZTZmFvVUJJZVYxV09CZTFUNlIwUW9mR3g4bEVZZEh4c01LNkZjbWtoN3dNWU1xcTBicG5nS19yTTNXQ0dCZlFUbDd1LVNaOFR3X3VnUklpdzlRSGxrd0t0V1NYdkN6OHpMaWduLVgtcFRXbENLN3Y3TDNmYlh6OGRTRDN5YnRCcUdMektEZzJRRFE?oc=5
2026-09-23 21:11:31,LITE,Lumentum （納斯達克股票代碼： LITE ）內幕人士Yuen Wupen出售500股股份,MarketBeat,https://news.google.com/rss/articles/CBMiugFBVV95cUxObmg4Nnpya0t2dURZNjlZcjlBTXlJVmhvWnB0NW1VQkFqSlVFa3RJc3lsRFJkSHU3QUpwRHZIczgxVWVVdG1hWjIwU05QallJY19CNkhqSHBqNjN3WWMtNU1QZWlscnJ6bzQ3UXpDbnVBSzhSYXpqcks3UV9JbVFNQWVJUjRoRG1rMzZRUEdkeWpjTTlNS1h3RFpibFZjbVBBbjJabmZBaFVRVkdRU2lRMnp5cWlaNzNMN0E?oc=5
2026-09-23 20:02:55,LITE,"在出售1,500股股票後， Lumentum （ LITE ）官員建議再出售500股股票。",stocktitan.net,https://news.google.com/rss/articles/CBMinwFBVV95cUxPM1pzdVhBVzFWMGp6SEo3V2trOFRhR19pbENyNDF2a0t6SUlMMkdxQ1FlNGN3SGhHbTRrLW1YSHJPeEtoNXlQajdYYlNIM1VvQTliOERhMDRmclZ5VlNWWHhPcjVJNk11SndkQ3BiWlBSdFREUjA3MlBBQWhUeVVjdVNpamdRVmJoWWx4aUNmZExIZ0lKMjUxaWNVbTNUZUk?oc=5
2026-09-23 19:35:58,LITE,Lumentum Holdings （ LITE ）可能被低估81 ％ ，因為AI光學推動建設,simplywall.st,https://news.google.com/rss/articles/CBMiywFBVV95cUxPWnBVSTBNSm51Z3EwczFQMG9KMXNib2ZVeXJDS29LQkFTRFZpbGpfWHhWTW5GVC1KbFBob0NrTGVvN1J5MWROZ1hvQWk1eFJ4QlpzVTFFcUZJdWJrTlpVRW5HempvcmhxRnV2VzZEVWplVnRUT0FfQU5yZDZuQVBtM3Z1U3d5X3VxeXZDdHNSblhsSHZpaXVqY20yaGVIRGNOdEFFZ2thXzBmcEYzMU9ydDNVYnlJOFVCX1ZOMFdERWJsMXJOM2JiSnN4UdIB0AFBVV95cUxNSzVPRlQ2dTNSc2tfTnVXNmdBd1p6b0RwZDAtbWh0clAweE82Zk9uMElqTjdoYXhKOHFMU1VPaXRYR1djWGJmNWhCMkQyN3BSQVBhLWN2cEdKNlBodGdtZExfLWVoUDlyeU8xdlF1VGxPQ05VR1lYTG1MMVdwQzhFVkN0d3ZiMWl0LVdXMVI2M1NVTy1fU3dveTUzaDFZbUEzamVfWGw3Q2V4LWlhQ2JxRzUyZTRzcUNyeUdDTFZzZ1FRNXc5MmlVa1JNeGJuaE0t?oc=5
2026-09-23 19:09:23,LITE,在關鍵交易信號發出後， Lumentum股價上漲超過2%,Benzinga,https://news.google.com/rss/articles/CBMiqgFBVV95cUxNSXAxQ0VTV1RhOXVka2w1WEI1eER5akRmTTl0M3h3RURMSUdZaWZQc01kV1FkOGxNVTVfTFVoaERVY1d5bUJCQ2RfbVRfWUU5XzhEckVROG5OcEg2QTcxQ1lOU0wzZ3RyZ2l4NWlsVlE4bklwcXVPYTVTSTV4S2dpT2ZxSkZEMm1PNVNiZURCXzJQSDJocEdjX3lqcEN4SGpQcEZaTXJkaXFXdw?oc=5
2026-09-23 18:36:14,LITE,LITE 2026年10月685.000 PUT (LITE261009P00685000)交互式股票圖表,Yahoo Finance UK,https://news.google.com/rss/articles/CBMibkFVX3lxTFBUZlREOTdCMUt0ZTlWNjVhY0lqcDZaQ1hFd1BDNDB1enFjUlZfUzlRZm0tRklQbWFBM2dxTjNWRkZiaERRQXNHZzB3bUZ3VWN3WjZSa0ZWalpnOXNOZ0VldFQ4VkdaRkFiNzR0Q2R3?oc=5
2026-09-23 18:32:48,LITE,LITE261009C00745000互動式股票圖表| LITE 2026年10月745.000買入股票-雅虎財經,Yahoo! Finance Canada,https://news.google.com/rss/articles/CBMiZEFVX3lxTFB1RmttYUE5OUQ3VlE3V2dGNlpJU0xzNWFQUlgyaW13MTluQnBhUFpUb3BfWk9XVENGYk9ENm5nRDRHZWVpdF9ia2NXelZmTGRLQWpCeVNuYzhNa2cxQTZTbGkzbkU?oc=5
2026-09-23 18:32:30,LITE,在與康寧和高通建立AI光學技術合作夥伴關係後， Lumentum的股價上漲。這對精簡庫存意味著什麼。,barchart.com,https://news.google.com/rss/articles/CBMi8gFBVV95cUxNQWdpMGdyN1E5eVJYVlFOSGVaYnZMeF9LRXpnZlBqbkFEc3BsTjJabFd2eVl3aU9CdHc4MW5Cb1JtSXdBRzVCbjhLakVkVFhKLU42VFdxUmhUYUhRMTNJblVRdVkyZktKNGMxa2V1SE5QNWVKSjV1ZTVybm1nYzZGUjdqdFotOGg2Nl9NRDR5UzcxMlhxRDJURDVTWlQ2dEtBTlVVbk9ySWZUWG9HNjh2Z2ZwU0N5M2RYYXo3XzJrMG9pVTV3eGZHc3pCYXhFMWd0UEVZR2hNU2tfTy1IZW1GX3ZZQ2UxYlNETFdybXNkQnFLZw?oc=5
2026-09-23 18:32:30,LITE,在與康寧和高通建立AI光學技術合作夥伴關係後， Lumentum的股價上漲。這對精簡庫存意味著什麼。,Yahoo Finance,https://news.google.com/rss/articles/CBMimwFBVV95cUxON1I5NUVJd0pNZWloQW1HMTdRN1BWdExHYThWUWRpTjRmdF9EbnJLSWlvQW83VThkLUZFS1psb1BtNmhXV2gxM2hOLU1DQkJfSzVUVjRTV3lwaGstdnFvMXF4VWJDUWN4eGFzd1BLS20ySktJVXk3R1RpVVdfNGRNamJlSENlNmxhdERPQm9tekh4elo1Z0U3a0NsSQ?oc=5
2026-09-23 16:25:39,LITE,TETRA Neptune Z-Lite入選美國灣計劃： TTEK能否突破$ 35.22 ？,Traders Union,https://news.google.com/rss/articles/CBMihgFBVV95cUxNWEhDakNjcnhKazBNOWlCcWY4NnFTQmkxTUJBT2VaN3RUUEp4OS1leW9CVXZHNFlTamZnNDVoekZWZnJrc051VFlGczkzd2FVbXJBd3hIT0FKdXVncXlOSWhxdGJCTkF6dUdwZjdJY19RcWNZa1JBM1BUdmRVb2lrZENXRXQtdw?oc=5
2026-09-23 16:05:45,LITE,LITE 2026年10月1210.000 CALL (LITE261023C01210000)股價、新聞、報價和歷史,Yahoo Finance UK,https://news.google.com/rss/articles/CBMiZkFVX3lxTFBRX0Jqam10aHlCTEpseURtTVZJZUZxakJiaDUtWktGaVdJUU81MmR4SU5XamtjZWJ6ZXE0cmZ6bF80NWpvMngyZHJpQXgyOXpfNmhYdVV2TzNERTk0RU9rLUJuNjVnQQ?oc=5
2026-09-23 15:44:21,LITE,Google推出全新Gemini 3.8 Flash TTS、Gemini 3.8 Flash-Lite TTS AI模型（ GOOG ：納斯達克）,Seeking Alpha,https://news.google.com/rss/articles/CBMiswFBVV95cUxQZHRISG1vU0F4SF9zM255VjA4RkM5X2hEb21FUFZvVVdnMVh0QVQ4OGZOZThPajJaSTRQNHJkRWFQd013XzdBUnNvNTZwcEFIMjVWTFR4czhwUVh6eTJMSkhuMG5HU05KWGROZlFjNG93NWxXVmJ5UTJTb05ZTXpWckk3MS1FVVBZMTZoZVBac3RNeU9fdElHUG5lekp2cWNyWFJ6Q3FUbHhMY2xqWVFkWGwtYw?oc=5
2026-09-23 15:10:53,LITE,LITE 2026年10月960.000 PUT (LITE261023P00960000)股價、新聞、報價和歷史,Yahoo Finance UK,https://news.google.com/rss/articles/CBMiZkFVX3lxTFBCVlg0Mldhd3dHUDdMQU5IUHFHMTdSYmFjWDJUM3RwMVhOdHJoTk9tOTZHeDVsOTVQSzduV3k1bDFHQnpuRVEzTGlSM1NFbkMwVElyR2FBRXEzUEdueXZqVU5xZGNYUQ?oc=5
2026-09-23 15:03:37,LITE,FN乘車需求激增的數據中心：能否超越AAOI和LITE ？,Zacks Investment Research,https://news.google.com/rss/articles/CBMi5wFBVV95cUxPdlRNVTQwc3dxVGlRbTJuZjhORTlQN3NicHhlRVpBb2JKSTRBWDdRTHpjV1VYWnczNFhiX3pfTUxqNmtEbGxGNkRzMlI5NDV5SVlZXzBZX1RXSG9wLXlxVFAxNTN2QmpQZ0tPX2JkYi1Dd3ljWFdxSGpndmhfNHFTci1EbmFqYThLal94TlFjYy1RdVNISFE1OEpmalBTeGtLanhOczMtSzNxcXVFQ0FtdjNVUmpaZDFVT2t4NjBmLUVLaG9VVHBEdE9NdFZha3BNVEk0SmJjWkg3NzhEZ2tmY3JRMlZWMVk?oc=5
2026-09-23 14:54:00,LITE,FN乘車需求激增的數據中心：能否超越AAOI和LITE ？,Yahoo Finance Australia,https://news.google.com/rss/articles/CBMigwFBVV95cUxPZldPendERXdGb3RaOHdpcGxBNE54YUhxX181Z0lvWVFFZFFROTVyc1BCTWJZOFhBOU8yQWp0S1ZGWWc5SElfaC1VMU5ueXdqck9pekxjeVhFbUhldmRaUHNLakRlUFJfQVh1RW9OS0IxOHVpWXRsOXl2NWVRM3Z5WVg2TQ?oc=5
2026-09-23 14:54:00,LITE,FN乘車需求激增的數據中心：能否超越AAOI和LITE ？,TradingView,https://news.google.com/rss/articles/CBMiuwFBVV95cUxNcE56X1RFUWpZcjFKY21peG5wbFJrNm9BNGV0U1o5X296YXlib1ZTMkUxc05UZWNHV3RGVnBpV0JtN0EyTEhqRHBsdTdWUGxES3dKRktCcTMtMlR2ZElMcFVWSm92b0t2R0FBQlNNdmFzd1dLOXNDaG5jS1k0U0VpdmV0ek5xbFNNdGNZbTljdjAtVFRMbDBIRFFhc0tyTWlaVXNxMVBuVDhsSVpGTGYzWWxnLWJmYkF3QWgw?oc=5
2026-09-23 14:17:02,LITE,LITE維持Rosenblatt的評級--價格目標不變，為$ 1300,GuruFocus,https://news.google.com/rss/articles/CBMiqAFBVV95cUxOZk1lMmczVEJ5azZYQXY5blh0VVE2emlvNlR3QTN5OGlLTEVMZHhLZmtLdmdmRmllVlZLUG8wZUhvYnZTZGN2OXNGU0hMZ3VaYkZYREt3TkZiU29aMVpHQVMxMm1CY3pwNk5MV0hYOTQ1VTNmcDBCM1RHTFJQRHFqLV9NZ2VxMXlEeFd5Nm0xdGxPY0lZbjV5TFRuOTBENWJmSWVwQ0hpNm8?oc=5
2026-09-23 14:15:35,LITE,以下是您在過去10年內擁有Lumentum Holdings股票的收入,Benzinga,https://news.google.com/rss/articles/CBMiwwFBVV95cUxNYW5uQjBDajQ2YWdDSUNmZVgxLXJDRG5jSzB0ZGFmeVpiT1NEUXJRbGh6YkJobDViYUpUcXQ2VjNCekdrRWVUemF6QVFXT3FsUkZTZWt3a3lURENkSklfdFFqMi15a1BLUld3SHJ6MTNqS185V2tVTkFacjNtbHUzWkE1UUdiSnE4djNCcW1ad2xQMlBsUnNlcGg3MVFEMHpZUnBCRngwLUIwcTMyLURPdmxLS0Y2TGhwU182VUFiV0ZUTTQ?oc=5
2026-09-23 13:26:55,LITE,LITE 2026年10月995.000 CALL (LITE261023C00995000)交互式股票圖表,Yahoo Finance UK,https://news.google.com/rss/articles/CBMibkFVX3lxTFB3OTQ1QXlyeFN5dGdBdENnb0JRVGlYQVNZX1d4NjdyNlRxaXM4X1VrRndJYmQ5Q1NTWTRBUFVWdG4wSWFQU1VyOVBJbHM0cWZ3WHVqbVRQM1BhX0lVN3djRThVS1VZMXJxX3hqZEtn?oc=5
2026-09-23 12:37:12,LITE,LITE261009P01350000交互式股票圖表| LITE 2026年10月1350.000看跌股票,Yahoo Finance UK,https://news.google.com/rss/articles/CBMiZEFVX3lxTE1icXZzTkhUeTV5QktIdUFqS3RqVkp2dDJiaTBWZVVhX3lqVWtpcUUwdDVpQzVyQlVsS1FxanBwOVRyVWFYWDNTR3Zlc0NjbUFQNEtMNWF6blRCRjN2WkJSNC1NNFA?oc=5
2026-09-23 12:14:29,LITE,Lumentum在羅森布拉特證券重申的（精簡版）「買入」評級,MarketBeat,https://news.google.com/rss/articles/CBMiwAFBVV95cUxNY05OdXpOYnJTaG4zejJXeGVld2NTRTRKb0FjU3A1dWNSV2VvRHdFMHB4dHpSNnA2SkJsdTJpVERRbGkwWDRtM1djLUE2MS0xcWlacGl5c1JxbXhCZ3UwUnVId3BFOGQzMXI3elFoNG5rMFZvYVhVaXpjWlk0cnZXbFYyTlc3TzM4Sk1hTHRBMzBJWndWZVdEQnlpUGpPQzdVbjI1VHJwRWI0enNPcWFyY1pPdG4xUG9uOUQxSVFVWGw?oc=5
2026-09-23 11:46:49,LITE,Rosenblatt維持對Lumentum Holdings的買入評級，目標價為$ 1300,TradingView,https://news.google.com/rss/articles/CBMizAFBVV95cUxNM1BOM05aX2doZXVldGU4enBnLXpiTHZoVXF4VFdtVFpCVVMxM3hTNU1semxTWFZieU5hU0dmNDR3NzBkcjY2YXVmUzZXUVo5ZWVwcTQ5c2oxWkZ5c1h3OFlRZzFpb0Y5X2RFcS1vMnNsYTFzS0RTU3JmUHRaZDRlMTlNcGxnNjNWenZpd25kNTM5cHVVbFJWbkRXcVgzZUVINzBqUUdwdXQxZFNYYW90S3BPMFA1LUpNcnlQSVNzSFVLSFYwVjVabFl6RWk?oc=5
2026-09-23 11:19:54,LITE,Stifel重申Lumentum對AI網絡需求的股票評級,Investing.com,https://news.google.com/rss/articles/CBMiwAFBVV95cUxOakJ3ZE85cmJWZTQ4VXQ1MmNFVEhzQ3ZZQWRsa1JKUGRXNHptNV9Rb0VqOHNmYVVvZlVDa3A4YjRwejFvSV9SVElkSDlPNEdVb2dLSFVwZHZNYWZlRXpkVDhVREZLVDRnSUVNMzN0c18wVHQ0dWtXdTFJZGRzRHczLVNUcmdzeHdhaXFPeWNraTItcmFWbGdDZTA4VVllczdEc1ZGblNoTnFFMmFPZzhneTEzMzhYN2xrby00Mmc0ZUg?oc=5
2026-09-23 11:17:52,LITE,Lumentum股票隨著第四季財政年度收入翻倍而上漲,AD HOC NEWS,https://news.google.com/rss/articles/CBMirAFBVV95cUxQYmFfcFdWYU1HY3BaV3F3Z2NWaktHXzRpM3VQTVRjbDhHRUN0blJORDVCVjhZRjhPZ1ZsYV84NE45TGNicGdNWVNzeGhkbmI0a2t5RHlxbnRFZ3VTMUxVa0FOYTJjVGZ0R2VMc0Fjc1FQd2JxcDVEMGJZQ25yRFFRdGxRT1NpSzU5d2dVSkZBWVVMenRvSmltZ3V2Vl9abk1ZVVpqaWNvcDN6Z1FX?oc=5
2026-09-23 10:51:24,LITE,Stifel重申對AI網絡需求的Lumentum股票評級Investing.com,Investing.com Canada,https://news.google.com/rss/articles/CBMiwgFBVV95cUxQckdUZHFfVEh0R0cwUjRuNUdRa3g1a2FCMklkV2VyRXg5TTBUT3d2cWs4Mk5RWDczbk1RQTFrRXdnYWkxLWd0WmpLN3RGYU9YTmNCd0Fwdmk0Y2w2OHRGMTJQTDFuakRoT0RJT3JEaG9MdkNVUVNmSHNYYW5MeUNVVFlya1pXVHp0dVY1T2dyeE9KR2E4MXh2eHZSRUltaE5qMno5Ni00SkFBY2FnU29iNG5mcklVV2lESWt6Vy1adEVmQQ?oc=5
2026-09-23 07:35:35,LITE,"Lumentum Holdings Inc. 20,399股$ LITE由Andra AP fonden購買",MarketBeat,https://news.google.com/rss/articles/CBMizAFBVV95cUxOVWtzVkhqd2NKN3Rrajl4Vmd1Y2RGN0dmNklMT1ZWZEJSc2RVdEJQYWt6d0wxa3UzdXQ0eGFCMG5kaGI5Z2Zpak5jWllWNEhSc1h5QnFtQURTak5vRUNKVTNqVklUS2tyY1E2UDRMTU9YNVdSUl9sWDJLN2piOWxHTVVMLWxlbEhudmx6MnFsdmkxanJ2V0F6a19JRU8tUjVFOUZrZThkLUhydkZmVGFnN2JkNTFWS3hmZEg1c2lXVzMxTlBFSFlOb2FsS3A?oc=5
2026-09-23 04:44:00,LITE,什麼使最新的Lumentum Holdings （ LITE ）故事與衆不同？,Kalkine Media,https://news.google.com/rss/articles/CBMiuwFBVV95cUxOeDdKNHZZQzdLUXpuVUF4WE1qMmNNeTBqOVhVOHloeml2MW84UHJWOERveUNMcW84SllmNFBsd0ZhSlJpZWFENXBCMjFJbWQxcGpfb25qWTRQV2ptb2VtNmZ4RUhDXzNkb1lPVmh2M3hQbmNKbnl5cG9VTWpLM1VyREZXS0ZPWFhUeWdjeW42TDRqVlBocnE0aG9yU1NEWTFOdF95YVJRbUlMUm8wQ3NTX2ltRExZai1yVGRn?oc=5
2026-09-23 04:19:57,LITE,Lumentum上漲近10 ％ ，而Corning幾乎不動。人工智慧光學產業分裂了嗎？,Insider Monkey,https://news.google.com/rss/articles/CBMi0AFBVV95cUxQeEJjOGwtdDh4cWM1Z1JfNXd4cnU4ajJMbkRHYUgwN1B2Z2lYVDNRS0JuTGc4OVdTYXc1QlRuWmd5ZkFtaHZJMjZKUmp6eHVwOEt5Nm1BQi1DUlczVk5ITTVPZU9XX2RRcXkyRjBsd3lnRU8zMHIwSjRyNF9BQzJ5TXotNDRtaTZvUkRMUE00cmd4RGRTWk9WbGcyNGtYUWE2V1hjYnQ4WVlYYUxBcVJydzljVFBHenNDVjZlV3d6UnYwUlExbzh3RzNwLUpYelcy0gHYAUFVX3lxTFA2OG1venBuMGhTejRsR1RZWE5RTVB1X1lVZlZhbTlaUFByUlBfMlNTZVFaRmlyTGFlT3ZhOU5GRWt6WW9EcFhVaENnLWEyZ250WjRtYkktTmdPN3pvS3d4ZW1hLXNnV3hvZm8wdEtIZkl0b0lVdnpQcVZ1QWdLajVRdnMtUWViSDJmV2hUNVZsWExwZWt6UjNsNkptNFJBLXZhZ2RWVDYtSFBINmktYU4yZjV3alNzZmFCNVhpcmhOV0xibXhWSm9fZnZNZGZ5N1cyZi1KR1hHRg?oc=5
2026-09-22 20:31:17,LITE,"Lumentum （納斯達克股票代碼： LITE ）高管計劃在最近1,500股交易後出售500股",stocktitan.net,https://news.google.com/rss/articles/CBMinwFBVV95cUxPQm1SbDY4YlBTZUpHUGZodlJ6YkJCbXpHTS0zNHhKYUFlUjF4Wk1lYV8zTzhNX3ZFYU9vZUJXYjdzUU5FUkV5cUNGc29fTG96MjVkY19ISWdQWTJEUHlVZzNCaU1YVXdrODh0UUpNaDY4SnFqaXBHaU5QMGhLQnlsXzZMWnAtdlF6Vl9HQ2VqN3NPeDluX2lhVThHaWp0S0U?oc=5
2026-09-22 15:37:00,LITE,Lumentum在ECOC 2026上展示DWDM ELSFP ：前景如何？,TradingView,https://news.google.com/rss/articles/CBMitwFBVV95cUxPX2Z2cUxObGNFWHNtUzA0NVJrVGNlclVpUUJVRmx5dlFwR0cySkdBbThYQ0xQY1RUMXo3QTRhV09XSmk5NnNxc1REbUpmdHFGSFBmaVprU3lzQlN1V1dOdGliM0ZUWldJZGUtM0dick15YU5TbnVWdUF5V3B5bXM4eVBYWU1RM2VDOWtVN1YtMzNHUHRDWWI4N0F2MWxYVGdXTGJVc1lUMExtR0ljV0JmWFl1ejA0Qk0?oc=5
2026-09-22 15:00:35,LITE,Lumentum在ECOC 2026上展示DWDM ELSFP ：前景如何？,Zacks Investment Research,https://news.google.com/rss/articles/CBMiogFBVV95cUxQZi04MjJybzVIWWhENURoM3hoeGE1cXQxVU85dEV1Z00zOFRZMFZzc2s4WWdVWnc1bWdpeE1xWXNTbG9wbFpESEVXZTZKeHNfVUR3bng0RnA2Q0hqWUFmR2FLUjJKTW52eEFQNDJjZndEQzdvV2NhdzlTSUJvdjJvY2VVbDRuYUVnYThRSTI2azJHdWRCMU5jaXZyUV92ZUt6c2c?oc=5
2026-09-22 14:23:49,LITE,$ Lumentum (LITE.US) $,Moomoo,https://news.google.com/rss/articles/CBMiekFVX3lxTE5ZYlZ2anJMN3R1MWU5SE5RMkNuTFVJeUhwbzNNTzY0OGYwMFJCRE5Jb2NrNDR6MlN1bWlqbEM3R0NVQVpOQTB2dXNVOTkzWVoteWdocnJOTGhURnNuTURJbEh6WjZCVkFSWUhaOWk0UVVVWXUwb3h2RXN3?oc=5
2026-09-22 14:05:04,LITE,Lumentum ：激光王(NASDAQ: LITE),Seeking Alpha,https://news.google.com/rss/articles/CBMinAFBVV95cUxPaXk0bWxOMDZ5WnpNYkN1T1VyS1JyLTI2VGFEekpiMUxORDh4Vk80TDcxLTdhYTh5Z19mLVhJcmhscDdWN3pGVHZael9RV1kwU3JqblRHNXQ5MHdmYlVGY3o5c1NjTU5vaU1YQW02SGlUUlRqNXkxSFRaNlFGS3RvYkpFQllKMGNkVXJhb1FXbTBxX2NCM1BJYi1xdk0?oc=5
2026-09-22 10:10:02,LITE,（精簡版）運動作為定量信號集中的輸入,Stock Traders Daily,https://news.google.com/rss/articles/CBMixAFBVV95cUxNTjgyZVZDMTUxOFRObHNZQVRUQS14ejVINU95a0ZKbjBYTWF4ZDRWaFhlZkxsRHA4YS1EYmVQRFViSnpFVUt1N1lSTS1Cd2ZZMDNRN3YwZWdPS2JrZTN2QmU3Zm9yaGZvUGlhOTRtQzhycnB5c2xGWFBvdm9yZllFelcwSFN2WEpYS2dDcUxPZXdSZEZRcG14ZDFqY3dtMEtLSHU2S3FmR01Md2pRalh5TnhJODJLd1dYcFJyT1FubnEzWkJz?oc=5
2026-09-22 10:10:02,LITE,（精簡版）運動作為定量信號集中的輸入,Stock Traders Daily,https://news.google.com/rss/articles/CBMiwwFBVV95cUxOQkZ4bXFSTlJTWUdiekNqUktPMGF5LWp6ZlRIcEd4bWI1TU4xRV9TcUVGSkZXUnEyTVJ2OHNCT2NQdjFHNmJlbXpfazFaUFhpbVVCbERfU3pqZmFUS0ViS3FkX3Zsc3VhY0Mtb014RWVoNnNKN3dxSzNCZmxvT2ZZRDdLVl9lZkRkU2RYRW5lNWpET0NEMER1bW9WZmQwMmEwNGV2UDJDaHZfWWJMNlRnaG5ScE9GS3hNZmRLSEN6WGhGOVE?oc=5
2026-09-22 08:59:52,LITE,NVIDIA執行長呼籲使用「必須使用的光學元件」後， LITE、COHR、GLW股價飆升,Stocktwits,https://news.google.com/rss/articles/CBMi3gFBVV95cUxOUHdFd3U5dFozQ3V0Zl9mS24weEJ3N2ViZUppS3ZLc2NmNndPWE1mY3U1ZjdjRThBWWRpS2g0cHg2a2JSempkWHRkQzlRcGlicVQyT2dFNTlzVnJWY0p0anJhMVVNcnFDa2hocGsxckZJZzc1cDJjbDM4SjBleTN0NUd4b2cwbzVSTUo5Nm9kR3N1LVJxakYtaW52c080MkJwbjV0WnNsYkZuX3VtNDBoSFRQNVJvRWx4ektRWjZDc2NnTC1tWWE2U25YcGI1ZF9zODNGdnc5V1JFTVdhNlE?oc=5
2026-09-22 08:11:03,LITE,"OnePlus N6 Lite 4G配備7,000mAh電池， 120Hz顯示器在印度推出：查看價格、規格",Livemint,https://news.google.com/rss/articles/CBMi5AFBVV95cUxOeFRFcU1GdnpnSEFZRm9pUE1HMEs0OFlMT2txSF9nNzdzUUEwYnlZeDZJWVg0dG15WGhKaURqMjdkUDNTNkE1ZzhKWFJDeElfTjJuaVE1ZXZwSTkwcV9GaldLb0dvZURNN21rQ0xuU3dXZXFHWUo0WkpSWkpzWmRFY1JCd2NqNTBXUEpxeHZXNDE1Q0o4dEJpcVZPa1JTX09lb3dnbWt1ZloxMlF0WVJBU3BXdGV2dHJXbjBFeWpVTnpGVHBPbVRtSDJzcFB4bU1HNVE3cEM2RnduT3V6c1FpY25wZWvSAeQBQVVfeXFMTnhURXFNRnZ6Z0hBWUZvaVBNRzBLNDhZTE9rcUhfZzc3c1FBMGJ5WXg2SVlYNHRteVhoSmlEajI3ZFAzUzZBNWc4SlhSQ3hJX04ybmlRNWV2cEk5MHFfRmpXS29Hb2VETTdta0NMblN3V2VxR1lKNFpKUlpKc1pkRWNSQndjajUwV1BKcXh2VzQxNUNKOHRCaXFWT2tSU19PZW93Z21rdWZaMTJRdFlSQVNwV3RldnRyV24wRXlqVU56RlRwT21UbUgyc3BQeG1NRzVRN3BDNkZ3bk91enNRaWNucGVr?oc=5
2026-09-22 05:03:18,LITE,隨著Lumentum延長其2026年的恆星運行， LITE股票上漲超過9 ％ —為什麼巴克萊認為還有空間運行,Stocktwits,https://news.google.com/rss/articles/CBMijAJBVV95cUxOMzI1bV9LNXdxemV2RVBTMDZxZHZhQWVJVFdSZjdQdWl5SGR3d0cyaS1JalhnUS02dzF2Ukh3ZHdmbnZlUE8xblcza2YxNVlzbVZIbERHdGJUbnA3R3pnYTZCRHB5SWc0dl9IeXhLNmFVZ3l4SWZYYkNET1pNc202Rkdyd3lvZ09oQTRTZUZ0YU5SNF9UTkNna2FodHVkSFYwSUtuWmdiRi1tdFJ5bnduU0FsdHpMbEczYWlORENnYnNIQWRTdzJDeEQ2YklKMTZlcVdVMUJzbTRzb212ekpMT3FoempIdUN6dVB2U2hWZ1Zrd1pKb2ZKaXBEZlRMRXNwUjF2SzYtU2VzTFFy?oc=5
2026-09-21 23:12:59,LITE,LITEON是否由LITE Stock支持？託管、股息及投資者權利說明,MEXC,https://news.google.com/rss/articles/CBMitgFBVV95cUxORXdJV1QtV21Pd3VQVVVWdUp0cEJiV3pRWUxYbHNYQWlMTG1RUUxjQkEwTlJLM0YtajRXTDlHdlFlbTlrT0t6OU9oRGdId0VQOTFucDI5dWVFNThYdFoxYTQ1eXY1T0MybE5QT08xZklBZ3VmXzBUX0dLUklXOEY5dGxYaGJzdzhodEFidVJ6UHNoelVrT3FfZGZ5QVZmTkMyYXBqUmY5WURTeGhhc2dyMVR3R09zUQ?oc=5
2026-09-21 22:39:10,LITE,Lumentum與NVIDIA的合作說明： AI Optics、20億$的投資，以及對LITEON的意義,MEXC,https://news.google.com/rss/articles/CBMi1AFBVV95cUxQSVNyNkNmalVsQTNhSWh4S0NEblpWQlMxTkdKYjJPZUdSUzNRNnpXN09ZSUc1RHlYUWFaWVVYMGZJR0FKbHMtbUhaeHBFNDJLNEZ4VlR2and4U1dsV1dyNHpJNzRqSXVOel9YZVdTYUJYOUp3TXB6YWtSU2VUWTluYUJNYThiR1A5S0pRbkNvU1FUVEJsQW1xQmJ4QTJRdEVqWWptMVVKYzJObWFFSVhGbTdldjJBTUU1VzN0Nm84b0VVaERYeXlXNURLaklqaHJ2Z3B3NA?oc=5
2026-09-21 21:23:16,LITE,Lumentum （納斯達克股票代碼： LITE ）交易價上漲2.5 ％ -您應該購買嗎？,MarketBeat,https://news.google.com/rss/articles/CBMirgFBVV95cUxNWUVJREtSLXdRa2t4TU5mS1UybVIwV0tSX21SYXV1T0gzakdZdC1OX2wzTUZsT281RjlQX2JXVksyREtETzdzYXctVXJFdTVrOFNucEZ5RVB5a1hUV2xIVjg1NGN3MEVuRDJISUxPbFF1MVdmN282dm5NMnBnSFI2YzUydmY0WXFhTXVEUFdJdEs2Z1NESnBFdlo0MUQ3WkFMa1pLdW1BOUVvT1pGamc?oc=5
2026-09-21 20:31:12,LITE,2026年10月精簡版1300.000 CALL (LITE261030C01300000)互動式股票圖表-雅虎財經,ca.finance.yahoo.com,https://news.google.com/rss/articles/CBMibkFVX3lxTE9LNXNUWmxacnVFcWdfeVMwYmtjRW5wUmNWMi1MbzQ0RGExOXo0VkFBR1RCbTBtbDhPbGRpTi0tUk1EalVwRUpuYUV2WE5mcDl0SERLTzY2RlU3RnlBMGZKNVM5RWZZZVc2WVlEVEx3?oc=5
2026-09-21 20:01:58,LITE,在$ 120萬的銷售後， Lumentum （納斯達克股票代碼： LITE ）內幕人士計劃再次進行股票交易,stocktitan.net,https://news.google.com/rss/articles/CBMinwFBVV95cUxQZjE4UnNoQjRKRnRJN2VmNV8wREZ4UHBSTkpBV0FrVmFzVHJrRXRTM0J2U1dGRUliZnlnX3BpT01OLUZPVURlSUFXSTRiWVQ1TTd3UVpYZ2JyMk9fTDI1aUhQakJsbllxV19xRG1aak9RMXBGamRjdUVYcUk3ZEVTSVdkR19HNUVfXzBpYUNqOTluTWp0cm1JWS13RU5yN1E?oc=5
2026-09-21 19:40:20,LITE,Lumentum股票上漲，因為新的光學模組瞄準超大規模的人工智能需求,Benzinga,https://news.google.com/rss/articles/CBMizAFBVV95cUxOOUZORHBFU25FQnZnZDFfV0dGYXkxY3VWVnBwS2dfeHRTcVRkNGFEbHl5Mzd6RUpPWnJMSVZzMmtuOU9rbGVzSkI5NzB2ZmNOZ2lLLVkwbUZRamFJeEg0NmtJemNHWFQzTDhQZC1ZdGJzbHVDYWt1S2U4Y1ppa2xtVW1KX3VaVkI1MEZEYXJCbUVhTUhOR2NLMDhHYkZ6XzV6Y0hYX1hEUDB3d2UzTzR1SXJQXzlMTEl5bEZBdlpzNjRZdVVFZGlkUzZvaTA?oc=5
2026-09-21 16:46:00,LITE,康寧攀升6 ％ ，因為AI光互連演示突出其光纖； Lumentum ，相幹和應用光電上漲4 ％,24/7 Wall St.,https://news.google.com/rss/articles/CBMi-gFBVV95cUxPcFlxdUhFbUVkVExvbVNyM2hQdXJNUmFUVTJOekRXVFhneDNjYmdSQm80LS1HX19aSGJSRV9rUjhnTkpoS2FGd1lQZUZCdGRQLUtIaEZmajN3UjhuQU02dVU0eU1JUkYzd05rU2I2WlpVLWx6WFFOY2VxZ3JTa2lLNS1FMlZOczZhakFwN1FnZ2tvcTBtOTRiSWc2OXRadlRSeEVfTXNyeGJ4UTJyZHlRTTZuNERmQW1SRmh4dnJpc2ZkX1htZWxnRW1GZ0ZZU0FfUVd5aWFlREQyb3NsVTQ4YVNnWHVuS2haeS1hN2c3LUxCc25sbjRwN1JR?oc=5
2026-09-21 15:39:36,LITE,Lumentum Holdings在全行業反彈期間上漲5.4%,AlphaStreet,https://news.google.com/rss/articles/CBMijAFBVV95cUxPNWNxaTRtamlYZnY1QkZER21YRzdLQ3BrbGhLblZhSExBcWVHUUFlTXoxY2Fmekd6VE1VdnZpcHJJMzFuRll0YzJMMnpheFV6T1BwSmtCbkpNak9qelR3V29KVUp2QTZuZm4wRW5lWGxYSTQ3akJJbHZleTF3X3h2NDlha2FtOHRkYzZjOdIBjAFBVV95cUxPNWNxaTRtamlYZnY1QkZER21YRzdLQ3BrbGhLblZhSExBcWVHUUFlTXoxY2Fmekd6VE1VdnZpcHJJMzFuRll0YzJMMnpheFV6T1BwSmtCbkpNak9qelR3V29KVUp2QTZuZm4wRW5lWGxYSTQ3akJJbHZleTF3X3h2NDlha2FtOHRkYzZjOQ?oc=5
2026-09-21 15:17:13,LITE,Lumentum Holdings Inc （ LITE ） ： GF得分爲67表示,GuruFocus,https://news.google.com/rss/articles/CBMirAFBVV95cUxNRHk2V2FIbHFQMnVGN0pNS2JDcWhEUlNPUGZmejlIQTk4czRMd2pkNVNaYlB5Rnc4Y3FVclFtVXZDajB5UXIyQkE0blNyVmNnZGJxNHVzV1J2MU5pX1JBZEI2UGlRc3hiQW5jSl9raXJjZWctVFAwOEpTTF9kQmVQYnd3bjFuTXlsOTJ2Q3d4ajFRelcycXhFYWloYkxBalhiT3dVdV94bVU3b0RP?oc=5
2026-09-21 14:39:53,LITE,為什麼Lumentum股票今天上漲？透過Investing.com,Investing.com India,https://news.google.com/rss/articles/CBMingFBVV95cUxPT0VyZ1JQcmtad0dJMkpmQmpqcERTUXBZdDFVWS1UZ0VTVDJQQ0ctN2xDZExwR1N0bVBiZDR2XzVwMUtXNmYxcHJTYnFuMzdsc2pYY1U0NHItNFBTVmJsdmtkb3hpckR2aFo0ZU1oUXVWcW84QlN4bFgwdzFtdlZBTkIyRnlBSldLOTM4WEdxenJaaGNfejVuUHR3MUwydw?oc=5
2026-09-21 14:34:00,LITE,為什麼Lumentum股票今天上漲？透過Investing.com,Investing.com UK,https://news.google.com/rss/articles/CBMingFBVV95cUxQamZ3N2lBUWEyRDVQZEhmdURxV1E5M2dMZ0UxRlJSUWM1RVZNNG14dFFDaG1CVDVINUQyRlRvLWd0YlpsYWJ6NTFybEd3blBva3BsWHJYWDhrZ3R0OTVBS0RpWFFJN3VaM21UTldsUDhLMmplNUNidDVzTl9qeVdsNEdpWFQwWXpkam1EdTIzNkFzMVYxYmVtZmdPRFJRZw?oc=5
2026-09-21 13:41:03,LITE,與其他科技股相比， Lumentum的股票表現如何？,Barchart.com,https://news.google.com/rss/articles/CBMitgFBVV95cUxOTW8tSVRKZ2haeEJ1YTlwRm5PZDBjWnBmV3ZidlVWNHJIY044Wmdrc25zbW50WFd2U2JvQXdQSS10ajFSbERQUU1JR3hUNlJ3MGFpdmZsUEY5VHZJMEUyZ1dTR0piWXhaTHlNMnhfWXN3N0I3Q1I5OG8xTWdLa0xXdlBiZ0ZXZzRIMm9wN2N0T19QQTlOemE0eGEtSE5YVkFSVUpMSnJRdlJXbHhiYkJRb3I4aVRUUQ?oc=5
2026-09-21 13:41:03,LITE,與其他科技股相比， Lumentum的股票表現如何？,inkl,https://news.google.com/rss/articles/CBMinAFBVV95cUxNVHVSX3JianRzM2dkSE1Ja2gxYXJWWjhVOW5iMDk3NnNGT1pDbWR2YXVfVVp4NHpIOC10V29VOEdlbFliYkN5bHBmMHcxbDJZamdmWTBud09FdURhenN2TlFfeVlMU0gzU3doaDZuSEtGNDdTMkZEdU1SUGdaREZsVURfYnVGX2RJWlprTm5MamFHV055bGdNblBkZDY?oc=5
2026-09-21 13:41:03,LITE,與其他科技股相比， Lumentum的股票表現如何？,Yahoo Finance,https://news.google.com/rss/articles/CBMiqwFBVV95cUxQTzJDYVpnUVlEVXlrcmNZQy1SbEdFcFRXc05UZkhOejEzMlZyTnJVT2puZ1NOWmtZQXQ5WGNib1pUMl9XTjJGdGctdjVOaERnV0hSTG84RjYwaFZDcUhueXJweTYyYWRSWjMxT2dGX180X282T21hVlpDOE5GeDhtNVR1cnltaVo2a3h6NTQ4QlppUU1PWnF2UDBIZEZVZTZMRnhaVzhvaGNKcUE?oc=5
2026-09-21 13:24:00,LITE,Lumentum股價一個月上漲12% ：未來會有更多上漲嗎？,TradingView,https://news.google.com/rss/articles/CBMiuAFBVV95cUxQS2duQVFqckRpdTBKbmNvV0xNWnFZSkxGZGxzcWhNUFFzajF3MjhRM1FpYlVjQWg1WDc3bFdkZF81SVMtRTk2ZmZmWkVtSUk0ME03bjNTbGVnOHA0b1dDaXBaakowMTk0LVFrMGQySG1QRGZBb01ZMXNaeFlacFd1MnhGcVc0NmE2V3UtWHNIanNOYjk1OV9RcURGZ1c2dUlLX3dwYUktMEgxYzVZck9sR1g3cldvbmFZ?oc=5
2026-09-21 13:24:00,LITE,Lumentum股價一個月上漲12% ：未來會有更多上漲嗎？,Yahoo Finance,https://news.google.com/rss/articles/CBMimgFBVV95cUxNQ015bWxTMzg1dTRSR3pCVG5mQm9haW0xdHdnOVl2S2FrVG9HejdqZHNEUHZQWlBzYXg4M2NIQ0NpRGFmaHFEVWk0TlZ0VjdiQXJRSXhDMWhHa25lcG9EUDBlVUlpT094Z0lMemg0azMzendtS3JVX2M4RU5WNUY2NGExc1oydEp1bnhLMG9mNzhxbktoTkdjdUFn?oc=5
2026-09-21 12:30:41,LITE,Lumentum Holdings (NASDAQ: LITE)將高增長勢頭與突破設置相結合,ChartMill,https://news.google.com/rss/articles/CBMizAFBVV95cUxQazhOTmlBV1FkSklueWVZdlA3aV9fcUJUWlA4YnFVNS1kei1aWlkxNGJaNDBJSG9OVGU5Q2JRZ0kwS0Vmb0xmTi1reGdpWXRSRW5KVWZxdk1XTEhMa0wwUW03aUJSUkxoa2tLeFQwdDlOT2hrb2l5WjNNSFBmM2pOdjgxVld6ZHphOFFIVFl2Vl9NTE5oSHo2R2Jqak1EeVp2N01iMThHSUJoQkIyRkdDN3JOVWhOMkt3WkJicENLenAwTG1Rb3VmUmpWc3Q?oc=5
2026-09-21 12:13:16,LITE,AI Networking Bet讓高通、Lumentum的股價上漲,TradingView,https://news.google.com/rss/articles/CBMitgFBVV95cUxQUVdNNjdEeFM5RWloZXM2R011VTFrajVnN0pkT2RYNk1EcXJLbnR5cnNTaW1tT3hRSDNYbDZkQUlYUFNvcnpqdU1IRUFtRjhhMUpUdlU1S3ZYUkEyMTBXY3hLT3d3MUVvNWR3Y3ByLXhoTWJucXY4Uk9Oc1hRQVBBWWVUbGlHc0tKNXlJT0pMVzVzYmk3aE1VYzdfakQ2bG1DcG05WXpMQmlEVXY3VVA2UWg4SUNuQQ?oc=5
2026-09-21 12:13:16,LITE,AI Networking Bet讓高通、Lumentum的股價上漲,Yahoo Finance,https://news.google.com/rss/articles/CBMinAFBVV95cUxNOGt6Q0huSVUyTnR6UWpOM1B2cjBfWjllM2Q1OFdPTGlzVGJRWjVrampYeTdlT1JhNGQ3eVZKQVpxU1FUR2RsY0NHTERNY05KZG9FSTFJYkctMHdVSDFYQVNIdTRaNVpmVUpCQTVIYVFmOVNXOGdET0FPQWxLZGN5Y1FwMC1xMUtSLVRqOHo2a2I2Q0JzVlJ6UmpYYWI?oc=5
2026-09-21 11:13:17,LITE,Lumentum （ LITE ）是否正在用新的OCI光學元件悄悄地重塑其人工智能數據中心的角色？,Yahoo Finance,https://news.google.com/rss/articles/CBMingFBVV95cUxQaWNqMEwxX1c2emZqLS1xWmlrOUdTYXpjMXYyeHBsaTdaQU8wZGQ3U0VEZE0ydkQ3LUZTVFlHZFpMbmtsY21RYnotZWZKYmRTVkNuRlBpdXdIQkdPR3lBLTMxSEozLVFwTUR2azI4MG5FV3hzYjVlQmVZdFlmMWE1X1NUYl9DREs2aU9MQnBEeGotc3plcFVpTzdxdW1tdw?oc=5
2026-09-21 10:13:57,LITE,LITE看起來高估了434.6%的GF Value™,GuruFocus,https://news.google.com/rss/articles/CBMigwFBVV95cUxQZWRyWk11MU40UmgtS1JZVVdCV0NqTER0ZXlZRzk0dXcyQVE0X2E5Vzl5U1gzV1hZczEwSXJWVGxnSWtmeU9JbE9Lb3hPRzNmMjc1RlVnVHBldUVDNGVuLUdGREs4T3hBcEhmdjh3V21nMTJDV1NfbXdwLWZPX29QRWJLSQ?oc=5
2026-09-21 10:02:54,LITE,Lumentum、高通、康寧將展示適用於AI的光學D2D互連,marketscreener.com,https://news.google.com/rss/articles/CBMivwFBVV95cUxOSi0zTTd5cUMtX0tBUEdWbTVjQlpOWS0tbFp6NmhPZGR5dEJXZFZ2cmg0UHJOdy1SanFveEFqemRwLS1WUkRlZjh3c0xTYXdMVWgxUElIWFo4S2ZrZUVPOUJmYzdpU0ZxZzNUb0dqU0JKY0xoSEtZdDByZ3hwVnFRV0ppaW5UVTFieFU1MHp1V01seEh6OEZuUzZZZ3BOODVIQk50ckNhaWhXYkpRVVJrNjc5X3hockM1TlNySUxTZw?oc=5
2026-09-21 09:36:47,LITE,Lumentum、高通、康寧AI光學技術合作夥伴；股價上漲（精簡版：納斯達克）,Seeking Alpha,https://news.google.com/rss/articles/CBMipAFBVV95cUxPMUdLU3NYMFM0eHNCdW5qZUZXb2RPZFJUZEpDdGsyZUVLREZBX3FzcDAzX1lzUmVpZEFVcU5oOG45VlJVNkNyOGFSMzZvZHoxLWhHLUh3Vmo2S1JTdmx2QXUxVnFHeUw3eGVnamc0cm1QRHJpWEZ0MGNMNU5lRlF3bWdjdHpzWXJxU29kdVpvcjVaelBqc2dJM0VWVlp6blYySUtlZw?oc=5
2026-09-21 09:25:39,LITE,一個外掛模組可為AI系統提供八個光通道。Lumentum計劃在西班牙展出。,Stock Titan,https://news.google.com/rss/articles/CBMitAFBVV95cUxNU1RTOC1SVkxxWDJXZG10d3dzaGhMZWF6NzV2bXg5ckZRdFRGSjlYUFV6OUU4VkJNRTQyczVoc0w3RVB5RGd1UVVOMm9sZUtVR0ZaVXhoTG5CazQtZ0dabjNMX0JmZDNHQ1ViN0picl8wOVZUd3pvWjBWMVJKaGFKRjNUQ0xEMnNvTzJTRWdJaV8tZ0dQVmxVeHMzWC1CSXpmeXBDQzRHS1BJZmZkZVV6VUdFZDg?oc=5
2026-09-21 09:05:00,LITE,Lumentum （精簡版）移動速度提升4.2% ：這種力量會持續嗎？,Yahoo Finance,https://news.google.com/rss/articles/CBMikgFBVV95cUxQenl2YzFpV2lHTDN6YWJFMWVfb295MkszeEh6SUc2aW8tRk1TVlhVTmVWQ1lXMDNaSzlZUVctTUN2MGRRbHJtM2ZaelpsN05KS2h0LThNREF4cW92UXJRc1EtelBrTnF5YjlBTEtnMWhEbElweklwQUR0V0s2VEdTS1ROLXBUa1JpWG5QVmY4ZS1NUQ?oc=5
2026-09-21 07:31:55,LITE,富時環球融合後，投資者對Lumentum Holdings股票的反應,simplywall.st,https://news.google.com/rss/articles/CBMi0gFBVV95cUxOOFdaRUgxUjN3LWwtYlA1a01FaTF2VWd0QVN6dW5hQk1rMEF2VHZSSU1pWmFackJZOWgxdnN5YWl4Q0RPOGpncmNmS2NyWUxNWFlvZmwyOE1mUnZFOFlVTTd5eVFJdUVDaGwzNHdxN01HZXpGVlMwMDJ5aWM1Uzd5QW9tTUVvb1Z3d0tveVFCMnRmU2szQlppLXVmazlLVkdDNkhLUjBLaGFyMnhqQnVhbFItNW8tT3V0azVRT3JTb1drcm1pdDE4R1NOejJzV3YxMXfSAdIBQVVfeXFMTjhXWkVIMVIzdy1sLWJQNWtNRWkxdlVndEFTenVuYUJNazBBdlR2UklNaVphWnJCWTloMXZzeWFpeENETzhqZ3JjZktjcllMTVhZb2ZsMjhNZlJ2RThZVU03eXlRSXVFQ2hsMzR3cTdNR2V6RlZTMDAyeWljNVM3eUFvbU1Fb29Wd3dLb3lRQjJ0ZlNrM0JaaS11Zms5S1ZHQzZIS1IwS2hhcjJ4akJ1YWxSLTVvLU91dGs1UU9yU29Xa3JtaXQxOEdTTnoyc1d2MTF3?oc=5
2026-09-21 07:31:54,LITE,富時環球融合後，投資者對Lumentum Holdings股票的反應,simplywall.st,https://news.google.com/rss/articles/CBMizAFBVV95cUxNZmJlMVJySkREOTJ5OERDcGZzelZlLUk2M19ZSlFNcmZqUnlIVDJtU0VKRzk5bVlrbzRudmhyeEVYX25vcTFuTk85ZkJ3VDNvZmh1aEFXWmo3QW9fc3ZFdVExT3dxbjA4UVZLN2hWeU54SnlnbE1VTm9CUTFXdHpybXJvWEJ0SGNRbUQtWjhRR25Dd0RwalVnYi1DSGo2NWNZcVhNc2tzb3J6WUYyN2FjNnprVkYyRWVwMU1IbENjTlUxMVFTekt5QjZwbmbSAdIBQVVfeXFMTjhXWkVIMVIzdy1sLWJQNWtNRWkxdlVndEFTenVuYUJNazBBdlR2UklNaVphWnJCWTloMXZzeWFpeENETzhqZ3JjZktjcllMTVhZb2ZsMjhNZlJ2RThZVU03eXlRSXVFQ2hsMzR3cTdNR2V6RlZTMDAyeWljNVM3eUFvbU1Fb29Wd3dLb3lRQjJ0ZlNrM0JaaS11Zms5S1ZHQzZIS1IwS2hhcjJ4akJ1YWxSLTVvLU91dGs1UU9yU29Xa3JtaXQxOEdTTnoyc1d2MTF3?oc=5
2026-09-21 07:02:30,LITE,"Lumentum總裁在股價飆升的情況下出售價值140萬$的1,500股股票",The Globe and Mail,https://news.google.com/rss/articles/CBMigAJBVV95cUxOQmRRc19ZQk5XRS1McDgzdjFyX2NxM3J1bXlVQ3R0MEVXcV9OeHVxbkhyTjM3bDVGa0tPQkR2aUdURy1GcGxlN3hpd2ctbTFZU3dWemtIQmN3WFJ0b21aT3k0azlMV2s4V3RZLVZZSXExV3BFWmVkUjRDblJuMjJidG1iRFRtSlJYY2ozVWcwazI0ZWlUNnZCZ0l2ZmR4WGt3LTI2RkVKY0dteWNyNjJSaElRRWgxMUd0ano1UTBuYzBKN0ZaUWR2bVg0TWdaa3NxQlRIcy0wdmNsVENQeDZfZFR3dWMxOEdiWnlBSkE5NldtaXpKRHZTc0pDdTNlMjJV?oc=5
2026-09-21 07:02:30,LITE,"Lumentum總裁在股價飆升的情況下出售價值140萬$的1,500股股票",The Globe and Mail,https://news.google.com/rss/articles/CBMi-wFBVV95cUxNNmZzT19xM3AwMUlSaUdSSEE2emNnRk5kdDlOU29wSm1IN0dOV1Vram9uMEtsSEp2em03LWFreDQ2WmpldW1ONy0yNVpJMUNlVG1ncFByZ1h2UHZJZnFuc1V6d0NLVV91OGZlNkhLaUpJWDB2RGhCVFNNZzlXZ0E2NGlUTktLc1J6Z0pyNnZhYllWc2dLMlJkaXJ1Wng1bzBvc1RKVG1ub0lKUmtrejdEVTFBRi1Ua0p4YkVjblFXU01Gb0NnRkdHcmtBVUlSMzVpUDZRSVhKM2RIZWd6R0IySTlIeDM3LWpTczB3RTNseHpxeE5TZVRkU0RjZw?oc=5
2026-09-21 06:57:44,LITE,"Lumentum總裁在股價飆升的情況下出售價值140萬$的1,500股股票",The Globe and Mail,https://news.google.com/rss/articles/CBMi_wFBVV95cUxNdWJhQXRSNlFNdTdrcUw4UnFXa2w4UENmaGZIMVZUOEZpTHBobl9nZTVNSDRwcDZFeUJfa1lvbWE3M1VvQnJ3Zk5HQlpPVDNNalBJTmpCVjZDQ2NWbzNqZHlPUV9SUTNScUUzRHg1MzRRX2ZOQUYwVGNYWEFRYlBOT3ppNjE5V1BTcmg1U3I5djQxZVlzQUpPR2loaVA4T25QNDlPZHhGRmJjY09YTWYzbmFsVHVNYmdsVkFqc0JXeUp5TVFYTjAybW1YWW5qSVRINXVtcURiTnRHODBVT05WZnhCRkpEdTNKUHZyZXQ0c2JTcURBV0wxN1hZekpkM0E?oc=5
2026-09-21 06:56:44,LITE,"Lumentum總裁在股價飆升的情況下出售價值140萬$的1,500股股票",Yahoo Finance,https://news.google.com/rss/articles/CBMimwFBVV95cUxQQUducXRCTzRLZ25nY29GZDlSYU55LUt5VGpSUG11QUhhQ1ZQZll1eXBqTk04azIxa3J2ckN4eFhzX1NfSGhkbjJiNXN6VklPdHRjaVpWNWFqYUJDRGNhdWRJQ0NGYTREUmYxVTBqX005eFpJc3ZEQnktOTNnQ2VhNlRIem9UajBZblE0TEplNnlSLTF3VUNRcjQ4NA?oc=5
2026-09-21 05:12:50,LITE,Lumentum Holdings Inc. (NasdaqGS: LITE)加入富時全球指數,marketscreener.com,https://news.google.com/rss/articles/CBMiugFBVV95cUxPVkhpdkROV2Q2RmZZcWhrWlhqZjE2ZEQ2T3V2ZndmbjA1TTA4Rk1sUDZ6REJ5eWZ6OW5hZ1I0Vl9WSjAtQ19qZ1pGaHhTQ3ZHaWNNVHlRTHhiZ0NtQ1ZUMFppZnBzeUhTcW9udFBoY1JReWw3QTFQWlE1RkMwc29LN1VNUV9OblBNWlRHMmZENlJWandabEJLNndYeF9zZHBadDd0UDhxRkdZa1hIZ050SU55NnlsZnFUM2c?oc=5
2026-09-20 22:18:49,LITE,LITE的AI光學推動了MRVL和NVDA的增長前景,qz.com,https://news.google.com/rss/articles/CBMihAFBVV95cUxQdWVnUjFLdThobjctOG5ScHpSN2FSRE5QUmpUTHZVdzYxVE9CX0x4dFB6V1hGQ1ZodGUwWXhkb2JhbzRDdXZ2SE5GZ0hxTlNJVVRTLXhDNUhVbk9mSFBrcno2d0t6S0lFOGphNnU4dmxieGhSdzhCZlJjZ2QxekFRVGg4WkY?oc=5
2026-09-20 18:09:24,LITE,AAOI、LITE、COHR、MRVL股票在一夜之間反彈：為什麼AI Photonics股票今天引起了關注,Stocktwits,https://news.google.com/rss/articles/CBMi7gFBVV95cUxOZzZ2Z2FySWF5NUZqUUVZM3JMT0lqbi11d3c5RkxkYUJMdWJFZDFvSFJKUXhJRU5HZThSMWVFSjJGZkZob2pXMENpVHVxN3QtczNHNW0wbk5RcFhOMkpRbXRZTHlfSFdfM0hiVWZ6bUxQSXdtNTZoaGo0bU8zMTd5UmpSZ2ZISVd4Y1F2UlZuTXZlWDM2S0ltZlZzZFEzOFBOSHNjYTJINnhucWlGSGM5T3pEM0JfamVGLTAwaVNqa3RGYzV3QTJQdXBDZFFfN1p4Z2pMNVoxdGlsMFM3YWw1MHdBa3p3V3ZUcWNwUzVn?oc=5
2026-09-20 12:36:06,LITE,Lumentum與Coherent ：哪種AI光通信股票更適合長期持有、LITE或COHR ？,tradingkey.com,https://news.google.com/rss/articles/CBMixgFBVV95cUxNdFNjcjNsZUQyTWdkemViLVhodjZNUWplRjRoai1EYXdHa255ZG9wVkt0T0dwb2pZZjZmVnE2RVdYU3Q5QzVMaER6Qzh1ZmJENTA5ZWpkck5pSUZEdDN2MmFQYWFFaFZyQi1LSktHWU54MnNoZnowanRYQnFuME01SENDUWl1djVUb1dISURtb1VNbHZub3BhRUdFOE5tQWRrckpjQXdYRThDZUhQejhmNnhVbTRpSGZPSy1CZ3dEZHVJcE1ZSlE?oc=5
2026-09-19 20:24:54,LITE,人工智能數據中心Buzz發送Lumentum股票飆升,TipRanks,https://news.google.com/rss/articles/CBMikgFBVV95cUxOV3piTTJEVHVBb0tBMjNXSjdqSFRiMEhzdktyTVQyZVg3RnpsYThSV2VVZm1lVlVzblFnY2w2TTZUQXc5N01EUXVpSEVMNUpid01lZWFIMlpWa1hEdXpsd2NWWWVYOTlLcF9zSWk4QUtTOEVpNC1Ca2E4aFRoR1pXMW03N3M1X2trOTI4cjRMSmV0dw?oc=5
2026-09-19 10:25:53,LITE,零售商（ AVGO、LITE ） SEMI年化回報率達到126%的前10大AI交易代理商,PRLog,https://news.google.com/rss/articles/CBMiwAFBVV95cUxNdlRlT1k3Z3Znc2I3Mk1jQkVBcUt4YVdWVndGMVA2SExGVWJDNXpyX2FLYVdzR194VTRFME91UUpDa0xBUV9mdy1VblVBNl9aUGg2YzM2QUtPUDViUXVROE94cU96OHRuS0FGOF80dzd2OVJ1UUVRZU1tOEYtZGNfRGgzbmh6RDZMWkJTZ1U0NGdmMWlUYlNHbjNqZ05SZTFEX1dxaEQtTzVuX091X3hMUEMzbnNDSUo2WGJiVWpnclk?oc=5
2026-09-18 23:59:00,LITE,Lumentum Holdings Inc (LITE)股價、報價、新聞和歷史,Benzinga,https://news.google.com/rss/articles/CBMiS0FVX3lxTE1mcWE1TUdDV2F0R1UwLTI2SG5xTTZKdGZiUmR3cDZaR2VqdDEyWDFEcHJnTjVMYi1hVGZmV2ZqamdYRFljRjdRNWV1Zw?oc=5
2026-09-18 22:48:30,LITE,"Lumentum Holdings (LITE)內幕人士Yuen Wupen出售1,500股股份",GuruFocus,https://news.google.com/rss/articles/CBMizgFBVV95cUxOR3QxUGVtSTZtSnBlTHBwdHpnczR0QVc5YVFvT2JJOUFiaVhoZjlfdExNd3k0cXcydzU4ZXdUVlZxb1FPM1JYa0MzZTh0enktRWxlTG5iNVpRc0xpX294UXBHMGdOTmRXNHJLUHlkZVNGcFVpbzJ5WUlEYl8tYjhDbFVOZTRNRDRfY0pjQms2WE4xNjUxTFV5MHpXeU9XUmZDcEh0azNuR1JhMnFBdVl4MXNMMmM5UmRLLUhyV1pPSVZJU3pEaXo3R1dNOUotZw?oc=5
2026-09-18 21:32:27,LITE,Lumentum Holdings Inc (LITE)股價飆升4.2% -- 67分的GF得分告訴投資者,GuruFocus,https://news.google.com/rss/articles/CBMiuAFBVV95cUxOTnpRS2VjWGM5VVpGQmdOMnJnMEk5QVI3c2lxUHZZSmJ5bVc5WUplcTB5Wl9mTnFoQUZYWjBMOUtQdFhNWU53VDY2Zi1VTE5rbktxckxoWWpLRlNOaXVpZms4UkYtVV95WE5nODdlRnRsTUgxYzlsTHdFMlIwa1NXaUhrRzdzQWJfRjFVTkVWRGFxU3F3ZGQ5a1dZY1czZ0dmUDNyZ0tra3h5SUtqa0N2M3R1WW16eGlQ?oc=5
2026-09-18 21:04:29,LITE,"Lumentum Holdings內幕人士出售價值$ 1,355,140的股票，根據最近的SEC文件",marketscreener.com,https://news.google.com/rss/articles/CBMi1gFBVV95cUxPZnRzODVnMjdEdGhtTld4emtNZDFrZGdvWGlrZDNUVXhLN0N5MnpSc01qZE00LVlnemg1MDFxaHkxMHdwWi1LRUF4aUVFdkdlS0hPRjJzOWNoWWlsWWs1dHZLSU95RjBJcmdVRmROaUZCVlRoRWZNMXhkZXVGdElSUGtqU2MzamFtR0F1T3hYVGYzRkhPd01nVDVpR3pGRTNrNDUya1ViUzJwSkNoREdhSVE5cDJOOTlNS0ZlTnNRX09hNUtHcExicnl2TlNiUl8wejZ4MDN3?oc=5
2026-09-18 20:57:00,LITE,今日股市：納斯達克，標準普爾反轉略高；桑迪斯克， Lumentum引領這場科技反彈,Investor's Business Daily,https://news.google.com/rss/articles/CBMiuAFBVV95cUxQVXdsbXlHdF9Xa0d3UFhXbk9jd1lRYV8xTzZMSUxtQVhWM1RybVpzbjFFclFFdHYzTTlrM1Q3V3pJMmFJNzliRmY0X3dIdXEtaldDNlpia1ppZUk1aC1FU0pHZW9uQm9NY0JWNHFYM2dMWWJLUjNYbWtERTh6LXFjZXQxbXpqc2YzOF9KM1dPMTUzUlVSY0FFc3podnk3MmNQMnBIQTUzMld3T1J2cFBFMFVTNkRvZTFR?oc=5
2026-09-18 20:54:12,LITE,"Lumentum （納斯達克股票代碼： LITE ）官員根據預先安排的計劃出售1,500股股票",Stock Titan,https://news.google.com/rss/articles/CBMitgFBVV95cUxNNVZUbkV3WnZCSjNIYnZYYXd4VXNoYTlrVGVDQzJmcFlmaFg5V28xUmt2NHp5S29heEx2NjlDUnItNlhYZ0xoWDdsbGNUY05vb0ZrM3RWenhfME8wUU9vQ3ZuNk1mZkZUS3JwZkRKRUpWamQ2SHZLRjB2SU9yekZaQW9sUGtlTGJQSm0yVWpxQmVMMUpBNHg2VTkxUHl6SE1oSGZlbkQwOTNhUHBQd3JnbU9PUFhWUQ?oc=5
2026-09-18 20:15:27,LITE,精簡版股票報價價格與預測,CNN,https://news.google.com/rss/articles/CBMiUEFVX3lxTE9NVmtVMDJ1WWg5Yjh1ZFgyWUFsenRLU0xta05BVHMwZDlVNDdSMFBnNWxmZXZiWkZnOXd3ejI3cExJdjAtN0ZaQ3JRSkdlamJn?oc=5
2026-09-18 17:30:02,LITE,Lumentum攀升3% ，因為光學系統購買延伸；相幹上漲5% ，康寧上漲3%,AOL.com,https://news.google.com/rss/articles/CBMigAFBVV95cUxQZnBHc01QY3M4MGwzNlB4aEJLbDRhQlVPRHlfYnROQUctSXE0N0J6NE1Ib0lEWXFvOXFqVURZeEJWeW96dnRpdTZCNVRBQ0Jjck9VRkhzV2JqbHBRYWszTTJGT3g0UklxLWFJY3pMRnc0WVo4cFlBWUVtWmtSbXBROQ?oc=5
2026-09-18 14:36:18,LITE,儘管市場大幅下滑，但在強勁的人工智能驅動需求下， Lumentum、Coherent和Corning等光學股仍上漲。,Pluang,https://news.google.com/rss/articles/CBMirAFBVV95cUxPbm94azUxUG1xYlFsaEtLamxncnA1MzhtRS1sV09jNUZYbzE0bzlJS0JrRElKbkd6SEUtcnAxWW1tOHVncEdLZmpZSVV4OUJ6TnMtRnRSdS1xdUVXNzJqblg3bGVncDVydDMxWTlxUGpza1B0cU9FYVpsaHV4WlBvb09KYzFqODJNWF9mRF80YjA5UlpsMFVEMjBKcGl6dVF5V3ZlYk1LMzVfSExJ?oc=5
2026-09-18 14:01:39,LITE,Lumentum攀升3% ，因為光學系統購買延伸；相幹上漲5% ，康寧上漲3%,Yahoo Finance,https://news.google.com/rss/articles/CBMinAFBVV95cUxQUXNfY3dMdjA0SDVreEltNk1RMzloNVkyeTRiZFlWWGVuWEg2TXRtVjNLbnR2a19PRWkxQXBHRElleHRDYkxSYU5CUnhmQ2VVWjNLLU5NdWVQbmNZNXg3aWk0eG5tSkYzUERDbHBXN3lveVVSMnAtWnJ3cDlxME5LdU5oMEtUN3hQMjRBMUlJV0ptNTRZMFk1Zndrc0g?oc=5
2026-09-18 14:01:00,LITE,Lumentum攀升3% ，因為光學系統購買延伸；相幹上漲5% ，康寧上漲3%,24/7 Wall St.,https://news.google.com/rss/articles/CBMiuwFBVV95cUxQRnNlZ1J3NzVid1hkSXd4ZXM0UUpib0JuVzBmdTdQbDZtcmswSm94SW40VkJWcy0tOWF0TzNldXk3MXRCbVpIVjlaa3VMdHUtM3JkQXNpbTNDT2NKb09QczlFOHdHQlZEWGZJRFlqSkwwWEd4X19LeC1vdVRQMWIyT1dsYUpTNllQTTRua2h3MHhSc2NuRFBoSnNvNXFYb3ZKaEhQTzc5VTlqNGlNbEU3TlFEUWtrd3hrNDVv?oc=5
2026-09-18 13:49:16,LITE,為什麼Lumentum的股票今天飆升？,Investing.com,https://news.google.com/rss/articles/CBMingFBVV95cUxNZnVZaFhRRGdralhESGk4VTlQbzdRSHFxZVJzLTBFN2YtTFFjaEE3X0VsMGdHR3VYUnV3N3AyTUF6ei1nbXFPU01taUdBZ2h0R0dGWVlJbXBhdXp2cUNLM3k0SXVPUDh5YlA4MU4wZjEzbXVmSGpXa3RkX2ZlZldwa3l5TnJtRFBNcWpid2JzTzR3Mmp1OHBvY2JJMGFWQQ?oc=5
2026-09-18 13:27:19,LITE,$ Lumentum (LITE.US) $,moomoo.com,https://news.google.com/rss/articles/CBMioANBVV95cUxQVHRlcEtqcEpYWTFSMHpkNTFfNEkwVTFQZDZXT2UyWUFycVhHcGZadDN6dG10d3I2d3BCVWhxbU1DMEVPME9XYmN6RTFtUk5EcURtZ1ZYV2Y5T1liRXZiNC1qR2pxUmNVLUJ3Z0cxUW53LTJkRXV1WjZZTndLZzlUWmg1amU5Wk1XeGlxZ0lEdHZoQlUzUDFPOWV5TDhxWjQ0ZkdEbUlIaUdQYU1HRW9zT2VtelZHQ1pMRU9pZERPc3l3YW5CbWd3aFNXMlkwVjBfYm1GWXZiN3ZJRmYycnNfelpNckJKSm05dmpHVEZyMkVmdUVpcEdVTDV4eDVNQ0RwcVAtcVpzSXJNRzY5MGp4YUM2Z2JBMFplbXBqU3JxbEtoejNwMFBtOWhMWEZ1RnhLQXE4YTJFdGtYdVdsUHJZOHl4djZ6bU0zNFBNTDk4REotdjFtZ3FTSExQTXBhVDNkQWNSTWtmNHRTZE9Tc3VoOWNmYS0ySG1XaGVKSTZ6NTVQS19qcTNKbzhvOUtlNHBncUtoejV0a0x5cGhmSUV5ZQ?oc=5
2026-09-18 10:05:09,LITE,Reliance Jio與Canva合作：為預付費訂閱者提供免費的Canva Pro和Pro Lite,PaidFreeDroid,https://news.google.com/rss/articles/CBMilwFBVV95cUxOUDJLdUhna1psYnd2YUNuMlc0YU5sdWE2QlMtc2NVdS1VS3poQWJ4dVk0UnQtSFRhN3c2V2ppUG1YZDR2a0tYcHoybDY4MWtmQjJnRlhfdklOYlk2MVFlSWlDdGFWZ1c3QXN2cXp1aVdjeTRYNjdFX0tlVjBhRTJnTWhSWm94YlRqbGNGLTRmMEZrVm9jdk1Z0gGXAUFVX3lxTE5QMkt1SGdrWmxid3ZhQ24yVzRhTmx1YTZCUy1zY1V1LVVLemhBYnh1WTRSdC1IVGE3dzZXamlQbVhkNHZrS1hwejJsNjgxa2ZCMmdGWF92SU5iWTYxUWVJaUN0YVZnVzdBc3ZxenVpV2N5NFg2N0VfS2VWMGFFMmdNaFJab3hiVGpsY0YtNGYwRmtWb2N2TVk?oc=5
2026-09-18 08:19:38,LITE,"OPPO K14 Lite通過7,000mAh電池和120Hz顯示器到達印度",iNews Zoombangla,https://news.google.com/rss/articles/CBMinwFBVV95cUxOejV3Wm1jejVhb1N2MGZPNjJHSjFJTFk2SGhMS3pqRlhJX2hKMXRYdHU1UEk4Yzk0dUZJYjhGYnd0NkF4ODFRal8yLWhJVFBVRUR6cnhOWEVFcUN3Q3hfbXFzOVMtcHRHQktQSVpuTEoya0FrT3RNdVpUdktoTnhFLUtSMWktdzVNaWFNNkdLV2MwcUR3T1FwYlQydDVLaE0?oc=5
2026-09-17 23:24:50,LITE,緊湊型手持遊戲機組合包：任天堂Switch Lite組合包即將登陸歐洲…,Trend Hunter,https://news.google.com/rss/articles/CBMidkFVX3lxTE9rdEdWcFo4bkU2cGI3MUY4d2VsbHVCTGZnWjVHR3J5ckVFeUQ0bE9wVzJjZ3BIN0lsdlJVNVcxTHBVeDdfczNNN0htTjhhdWlqdlZnTnNGZHAyZzUtbFdMdE5MNVVoYU5qS0FXWFdhNGRRaDV4bHc?oc=5
2026-09-17 20:12:09,LITE,計劃的500股出售增加了Lumentum （ LITE ）官員最近的股票交易,Stock Titan,https://news.google.com/rss/articles/CBMinwFBVV95cUxOYVNFRVJKS3VRMWFLSFY4SmlscWFQTDAxZFFmNmtkVEs0d0owRlhucnVLU3RCSFQ5aUg5MWlXNFZzTUoydHplTmFBcFN5dzZQMEJzZUdOTVpSb1Bhbl9MN3RNalBKUjVnOU5aNC0yZ1ZFZm9HOFROc1RJblVrN0pFaXR3TGdyZDFzMWI1bmoyRi1vLWJyWGsxVGJOR2w0alk?oc=5
2026-09-17 08:15:23,LITE,綠色第四天的精簡股票：摩根士丹利押注AI光學，零售看漲,Stocktwits,https://news.google.com/rss/articles/CBMizwFBVV95cUxORVhZSGMxUHFXMGhEbFdzMWxWb21yU2hPaHpGNmFDWGF4N0hQN2UyRV9TWVN4THd3d0J0NWRST0RsaElTbTktMTUyMkJmNHQ3MktVekF3VG5MaHpMWXJWOWlJM0sxaWZEZHRSbFZVOFlsa0xhUWdJRVVwYmNNNmVXV1NKdFFsY1ZoVC1HZmVnS1JlT2VjSW44eVJhbVE4NDZRR2xOWWNOMDRCSldDTGVEZjg2b0lWSWpWVm91LXBINnVXSXNWSnJmSXY4UmFjbVU?oc=5
2026-09-17 07:00:00,LITE,在最近的交易中獲得120萬$後， Lumentum （納斯達克股票代碼： LITE ）高管計劃再次出售股票,Stock Titan,https://news.google.com/rss/articles/CBMinwFBVV95cUxOWTM2VnNnVGdjUEFYRFNpclRpcU9HVWl3ODVpaWNiS0FYRTlXM1ZLUW5jWUx0cW1kY29aNmd5Y3RqTkNDZldmS0c0QW5zSEZWSi1ybkREczNLZGxFZ2V3M0UzMmRRQk5HWWtsNG92M2JJTUFZbTNRUVpsV1FRT2ZFdV9NaGJYdHhrb0FROEdSYjRFWjE4d0VId3RYanFrZFk?oc=5
2026-09-17 06:35:01,LITE,標準普爾500強運動員|獲獎者： LITE、COHR、AXON |失敗者： JBHT、ON、FANG,Trefis,https://news.google.com/rss/articles/CBMitwFBVV95cUxPaUV3SGtTNzByb2RzRUxmYl9MMW5fYm1IQmpwQVVjOERsOFFpbVlQcXcyZWpHbFp4ZGlLbXdjYUR5Tjk4UmRHU09mNHM2TW9UTEduSU9sS3dZZHhnWWxuZXNjazhCZTYwM1M5MEp6aENuT2xKeFhFNFJpRm54d01ZMHJzQlZjczFOTDRweE51aDhpUC1WazNiNDFWazloZnQya3Jva2htU1pCTC1Fd1NXRWowc1JhaWM?oc=5
2026-09-17 04:28:00,LITE,Lumentum和Credo反彈， 1.6T網絡轉向收入,ebc.com,https://news.google.com/rss/articles/CBMickFVX3lxTE9QN1hsdFNCZWRVZnpKcWJBZC1Uc0VNNWFSMFZyS2pTR09LV29UR1RWOVpVNUVRdlBJYWZkX2Q3QjFhMFIwTm5TQzlNWFIxcWxpNEdnbnk3X1RCSWwxNC1qR2RIY1RpU3NvajNrempXSGt0QQ?oc=5
2026-09-17 00:08:23,LITE,Lumentum股票本周上漲近10%。以下是27.5%年度回報的情況,tikr.com,https://news.google.com/rss/articles/CBMiqAFBVV95cUxOdFh4VFZhX2RWY2dvNUdsQlZWUng3TWhOZ1FRamEtRVFiY19LelkwNllHWUN6Q0ZkUHJPQ2RtS0tfckJsRVlaM2gySjFSZDlhSE12YmpGdlVJVDBFRklabVhFVGhaYjlEZTRuTnY2S0c4Qk9BRW5MRTctYlpRMHpSTlNWRV90SFJCemlkVC15ZGZoQ0Rab0YxRm1zQmx1eVNqMmZlRk5rUDI?oc=5
2026-09-16 23:50:35,LITE,Lumentum股票本周上漲近10%。以下是27.5%年度回報的情況,Yahoo Finance,https://news.google.com/rss/articles/CBMimgFBVV95cUxQOW1rWlZRLWo2cXJkdjRrQUNIZHYzclJfV2NubnFDVzZDYkZCRXd3eEZCNW44cHBkN3NISnRQaENxX1puODdhZFAxYzdzM3pPZ051UllZdUZmM3NCLXVXbElROVBkNzNjRENsaHpPeFd1ZXgzMTE4SW5OM1Z4YlhnRXZOOFYwUU5ZdUJsNjNiNmN0Y3JnT1JmZW1B?oc=5
2026-09-16 23:26:00,LITE,需求股票： LITE和HHRG牽頭投資者關注,moomoo.com,https://news.google.com/rss/articles/CBMirgFBVV95cUxQQXJlQl9pQTdoVVpvSDN2NllKODlKeXFPV2d4YnpmUVFsRktsWW44UC1sWmYzWm5LTmd1dHFsdUQ0QUJud3JDZWhzRE04a1BQU19heVNHdExDSkR6Vklockw3eHRVR0dXLWhCclh5RXktWlUtbTBSdk9pMVlwakJFenBWeUF1SF85cG1fNUEwZ0xEZGpERlNaSkRnT1pZMWc1UUhyMnRMT3U2YlFiX3c?oc=5
2026-09-16 22:36:00,LITE,Lumentum、WisdomTree、Incyte等15只股票在IBD的巡迴觀察名單上彈出,Investor's Business Daily,https://news.google.com/rss/articles/CBMijgFBVV95cUxPOUFFVzBCRm0xc1M2azQyUk5DZUFXbmU4c1pDS0pTVWZ5NEpoSXNVVGZFUllhRWVXTzF1MjBrVVBmaUpObjV3V1hPWHd1ZXBKSUhJZGd2cTZzOVNQTVlVcTZRM1JJcThERVh1UFV1dEFwdjdlM0tNOEpyWjZlTzNybEpmX0U3UEljdUh1dnVB?oc=5
2026-09-16 21:38:34,LITE,Lumentum Holdings Inc (LITE)在反彈9.6%後是否被高估？ GF,GuruFocus,https://news.google.com/rss/articles/CBMiuwFBVV95cUxNd1o5YUZzTkNkeUN2X0tuUGtPbXRWMlNFWmxveUh5OUJlWGxfUUh3ZTNZV1JzQnQ3R0Nld3J6X0tiN00tU3pVdXJMdlFHT1JaUzNmcGRwZ3ozTFF0UWtWMVhhZ3FrNTRfT1JhdjZlbmpxV3NDMVE2WkxFSlh5SkVFN09palUzdDdtbXRuZmNaMkROT25lQXZJeUtOeENjMjFtY05aN19JRW9KQXR1bmthWFlHeEZmMk1WWHpv?oc=5
2026-09-16 21:11:07,LITE,LITE看起來高估了440.3%的GF Value™,GuruFocus,https://news.google.com/rss/articles/CBMigwFBVV95cUxNRWJ5M203VU1xamF3LXZqQVV0ajg0anBQcGxpVXBxeEpjeHRoWEtablRmLVJfMWxMMThjb2hvektxWFQxWTk0dkotbGozNjFMTGtpb0VnSEMwT1h2MkQ2WC1vQ0VzaVRIUjlkdThZb1FDVTFkMGl5WG1YeDVHUmhnNnpuaw?oc=5
2026-09-16 20:48:00,LITE,隨著分析師追逐積極的人工智能光學故事，精簡股票攀升,StocksToTrade,https://news.google.com/rss/articles/CBMiggFBVV95cUxPWmZIMmNZQ2lGRnRpVWxKcjNsRW90a0hVTE44aHlxeE1JSUpjYjZBME1TeUM1SkM5d1BRd0ZVZWFnQktPRC14U1JwLUtMREs4cUxudmJWUGQ0ckI1UWdOdGVBQVNCbTBqWDBGVl9RbkZjSzhyanVtblVkM3B2UjRGMEln?oc=5
2026-09-16 20:47:00,LITE,隨著華爾街支持AI Optics ， LITE股票攀升,timothysykes.com,https://news.google.com/rss/articles/CBMihgFBVV95cUxOZWl0bzNiYXFhMm1wNkNNam9lQXNkaFBaYlJOaHhDWGxuNmRpcEJyMERFOEw4bWVGb1hxMkh6aENUVmJkYnJoRmgwcV9lR1hRWlpXNjBEamlpRWZFcS16bkllRlNwX2tSYXZsTGd4S2tvY2QxSlVhMjBCUF9wUHg0NXo1YzRzZw?oc=5
2026-09-16 20:45:00,LITE,美聯儲加息後藍籌股受到打擊， AI股票公司; SMTC ， LITE ， DXCM聚焦,Investor's Business Daily,https://news.google.com/rss/articles/CBMirgFBVV95cUxOaDdPbzFPMGxqREhwa3dfMVNSSDV6b09YbWVRd0QtTHdobnJ1YjRBQ3RmU2RhdnBsZTJwd08yVjFMTVlieEpubU9WeV82QkZhQ3RMTDIzRmpxOFFIdURZZHFpTGJPRE40MzBTcURlR1E1RkRPaW1TdW1nY1NLMUVaUUtpVzJEWEtITWtscHplQ1BORklEcWJwTmVVZnBFZzVDeEVETlAyYUVuTW02Y0E?oc=5
2026-09-16 20:40:48,LITE,Lumentum (NASDAQ: LITE)主管計劃$ 428K規則144股票銷售,Stock Titan,https://news.google.com/rss/articles/CBMinwFBVV95cUxOcnRVLTBCeG8xV0VYRncxOHNkWUkzYTVSOE1yQ1o5TlFIVmZJVEI0ZlI2NFo3cEhic3RQY0JxZi1FbjZrSk1sNy1GMGhNTFprZDNyNVl4V2RwMm15ZU9QLTlJMk16NmUybWlWWjRhdXBiZHl3OWJyUTVTczZFRU4tMTA1a2JYR3QwaDJoTk52YlV6elZHRDhDX0FIUjBvZVU?oc=5
2026-09-16 20:13:55,LITE,Lumentum Holdings在光網絡反彈中上漲10% （ LITE ：納斯達克）,Seeking Alpha,https://news.google.com/rss/articles/CBMimgFBVV95cUxOOEE3X3dfVkk2Z19nNG5LRGxXblNEakFtdDZ2bDByUWdPeS1QYl9MYkpkVDRmX3g0SGg1SjhnVHRqMVc4R1RxMTN0UHo0OUtUdDlaaUVPM0pjd09NV2xjZGdoaTVHTEZILVlNNWlvSnNSd1lfRUlBeF8xLWxpQUVMWEUtU1RBZExfMDBJWXZ6Z2xtNjJFbGNsM3pR?oc=5
2026-09-16 19:04:42,LITE,Lumentum股價週三上漲：是什麼推動了這一行動？,benzinga.com,https://news.google.com/rss/articles/CBMitwFBVV95cUxOQVBYTFliVUZHVXN0NTFYMHZhWVp2bUJJZlppQW9wQ1RZRE00cHBMLXMwM0R1cjhNUGtKWmFGZFMwRkZrQWdGX2xlMXdoOWtqd3VfZm5STlF5WTBqVldvUEVhcndnc1UzcDJoYl9mY2sxOE5HSzNGTVAwbjlfNnViTEU5Tlk0WWVENG5VWUFQc1J0OElWOWE0QWdfYTRLTk82NGxuUUEwR0UtUFIzYzl0T3hES3ZfSEk?oc=5
2026-09-16 19:04:42,LITE,Lumentum股價週三上漲：是什麼推動了這一行動？,TradingView,https://news.google.com/rss/articles/CBMitgFBVV95cUxQN0VhMFlmZDJ3aVNXRlRyTVJNSHdVMGx3WjhqcUtoQS1selpyckNmQU5BRk53OElWT0lYNHF5NWxyQXUxeEFzbmlJVjN5VE5kaTNuRF8yRm9wV1JSMmUyZ1N0cnBXUTVEczRvOWJ1bW0yUG9GSkVzVW90dm5BdVltRHc4dHZTMWgxbjR3MmNfVERMV3NSTm4tNlY0UE8wSDRGZGtESnZTanpSX2kzbmNKenJKbEVEdw?oc=5
2026-09-16 19:03:00,LITE,LITE股票吸引積極的人工智能驅動的價格目標,StocksToTrade,https://news.google.com/rss/articles/CBMiggFBVV95cUxPZjVjZ2hQSlZnUURLSkZaTFlfNjNDRmp4NFVneXd3WHFPeklGaXR6VVBmbWxUT2t5WmVlMjlCZDFWeDRnYnBiaTVlTVMxOXE2M3FGLUw2TVBvQ1VtSExoWndHbjllN19USDFidm5sTEtvaGlySDZUTkl6TU5WbDdpZVhB?oc=5
2026-09-16 19:02:00,LITE,隨著分析師追逐積極的人工智能前景，精簡股票攀升,timothysykes.com,https://news.google.com/rss/articles/CBMihgFBVV95cUxPdWp5eVUtOHZ5SnhZbWJyaTdCcEN5U2xtY3g0Q05xb1pVUDBRSnRJcjRTbXEtWVY0ZkV5RjhWX0ZBcExBenJlOXpPMUVtYkxsZUk0eVVROVBqdHdkQ2JyMzVVa0c1dEN4MXBhLW1lVXRybmFtWnhPUkFXVWdhTVBVemhoSVJRZw?oc=5
2026-09-16 19:02:00,LITE,隨著分析師追逐積極的人工智能前景，精簡股票攀升,timothysykes.com,https://news.google.com/rss/articles/CBMigAFBVV95cUxQUHFIdlcxbDROcnBFS3BXNWpRMllmZWZ0VFZJWWJsbkRtTkxCcEdkQWtFZy12OTlkdGZrZTlXRmRJS2tMMlN4T2VZZ05qZnVsOXlYWHlkZExmSG45bjFkSDU3UVgweUZ2WnVMLTJTN1Ztbk90Q2htaWtiQ0RVRXBBSA?oc=5
2026-09-16 18:22:00,LITE,Lumentum股票領先標準普爾500指數，而康寧跟不上,Barron's,https://news.google.com/rss/articles/CBMigAFBVV95cUxNdUdacks4ZFdKeVJienE1eklGZGd5VjhnRVdGSGJyUFZ3RC1DQkZxTG9Da2M3d3YzMjNQcnROaXJCMDRvTC1OcjQ3TG5feFlNaURwT3dxc0NTQmdJdzRvS3BKa2NJOEkxQ2dRNklpVHAzWThfNER2MVJ3UE8yQUZ2Vg?oc=5
2026-09-16 18:03:58,LITE,隨著華爾街押注人工智能光網絡， Lumentum股票上漲,Invezz,https://news.google.com/rss/articles/CBMipAFBVV95cUxON0g4eGRndEl1enJhUFhTTEd2OWpFT25oYmpaUGxOcXFJZ25NWmVzWXl6bTZCdlE3bld6Wm4xSExGS2doRnU0SGEtMkI4ZWxqbnhGSTVtYVlPTDZUQmtqN0RqM19IYlgtQnVRUlBpRmRzZnV5NEVNZlZBV2J4dEVNdGo4VDZtUXQwWlVBTGdJdnFLZVoxYlZyQUpfMk1nY0VsVlZBWA?oc=5
2026-09-16 17:49:36,LITE,隨著華爾街押注人工智能光網絡， Lumentum股票上漲,Invezz,https://news.google.com/rss/articles/CBMioAFBVV95cUxNZ3VmU2pTSG1zMUN5QXRGbHIwSmZRUnNKUVhPbnRjZ2VUc2o2dmZTN09jZHlXaExrZGJod1VSRGNHeGt6NEFjR3REb1VRVkpQdDFHRHdVb3JGY1M1NEk2bkJLWkxERlpoNHdpb19yenJpZlE1Z19ESFN0cm1mendfVk9VXy1wZFFCWDdyNU1hVEJHaktzbzJDVklDMXFEUzFQ?oc=5
2026-09-16 17:40:10,LITE,光網路產業週中復甦， Lumentum (LITE)股價飆升6.7%,Blockonomi,https://news.google.com/rss/articles/CBMiqwFBVV95cUxOdjlTOHhnQUJSaXZteDNoVDVIQms4d2VyNEdJMndueHpUcjFaMVJpdkloajNNWGV1ZDZ3Q2dtbVNjSGxIa1d5YVFMTmRKWmloZ2twdTRSWU0xa19hRlMtTHNoLUZzbVc0cnZ1UExtT0pYTzczcE9IbVlpWWIwMXJHYjh1ZHB4Z1FyUWRBQ2JKSUNabHJhVzhGbG5mTnQ5WnBlZFQ1WGo0QTRNRTg?oc=5
2026-09-16 16:35:18,LITE,Lumentum Holdings (LITE)攀升8.05%至$ 906.50 ，逼近$ 951.83阻力位-行業中性對,siam.in,https://news.google.com/rss/articles/CBMitwFBVV95cUxOVHNsengtVVFZNVJvdDdJaDYzbGo4SUc4LTZMYWtYd3JOakFWSEZuNUdLb3VuZE92XzhkTkZ0LWdOMFh0QVNJVTl0SElGZU9aaVdqU05lcDV2cmxVSndBb2JfNWVnLU5TZVZOYU9BZ1ZNQUE5dy11R290eEh6aldlNF9iZDROT2diRk9abWRMTlJqS184VFVLLU9uV29WUWJXMlZ4MC1FTEF1aWlhUTRITlY3WGhxbXM?oc=5
2026-09-16 16:32:00,LITE,隨著分析師追逐AI光學熱潮，精簡股票上漲,StocksToTrade,https://news.google.com/rss/articles/CBMif0FVX3lxTE5NQ2dmcEpLYXJFNWFKa29udE9EMy04UmY3V3FxREY0VEowWUlJMlJEdnlaQUdtR1c5Y3dzWWc1ZGNYb2Yzd3hxd1gtM3E4WWsybUEyX2pkaEZ5RmxseFZjMEZYeWpNNTVERU8yM3VKay1iSmpNRTVfU3VrdUFQU1U?oc=5
2026-09-16 16:20:49,LITE,午間股市表現最佳： SpaceX、Lumentum、Diamondback Energy、J.B. Hunt等,CNBC,https://news.google.com/rss/articles/CBMimwFBVV95cUxPQmhvbU1KUFZBXzcxUE1HcmxScnIxbERrSWIzLVVOYzVFUTJGYndVTDVfaEhadHhLV3lveEZsOU1vcWZJVmF2LURmME1ocDRJcTdrRFBNbDN4MkFyTjlDMjF1T1hPX285Vlhsdkw2RWxkbmpNdU1ZRjkyWjUzU3Z0b3dUVDZmSldHOE5HRExrRmxyeFkxRXBaTTBUMA?oc=5
2026-09-16 16:16:00,LITE,QQQ今日上漲0.9% ，受LITE股價波動影響,Quiver Quantitative,https://news.google.com/rss/articles/CBMikAFBVV95cUxOWTFnaG1Oek9LMnEzZWlIWElVOG1YRnJBU0F6WUgwOGlxUDVySFNWQkd2bU94UHMxWmJtbk1yR25GRGRTTjFtV1VSNklBRGVMcGNreGNLb2x2QlVGY2p1Yk5PckNDU0ZIWXlyWUVHS2s4M3lOaEtnMFl4VWlmRTQ4dENOQ3hDdnJJMXpVWWR4VXI?oc=5
2026-09-16 16:15:22,LITE,Lumentum Holdings Inc股票（精簡版）在9月16日上漲8.11% ：運動背後的事實,tradingkey.com,https://news.google.com/rss/articles/CBMiiwFBVV95cUxNM1BEWTAtalJmXzE3QkNwSWRvWVJJYndDckxreHBxemZnZWp6YTVMRG0zczRWcFd1c2otYTctWWlWYncyckJlSkIxeUtCRmd5S1RyY1NfS2Itdy1yY3BOdzRZTWJzS041TDdVdFhQblJUQjAtS19uNEtRQXlEV2FIUWpHUi1xWnQ2ejhj?oc=5
2026-09-16 15:44:00,LITE,$ Lumentum (LITE.US) $大規模取消訂單預示明天將不可避免地大幅下跌。,moomoo.com,https://news.google.com/rss/articles/CBMiqwFBVV95cUxPM3JjQk9NT21raWxncW9sa2c4YUhfSl9QaElLb19LUGZPeTNRb2lfbFVTdXh1SWg2MVprZUpwaHBQZFNrc1hLX29Ic196cGNlcTl5NGhiclpPbmh3VGx5ZWd4UUhWd2l3WWVEc3M2cVNGQm5QQ1c4RFNIaFpvd2lBYkQ5OWVzcUw4NC0wTW9zOXMzX3Z2S1JnSFNXMVQzaHFkTkNkRF9Uci1xSms?oc=5
2026-09-16 15:15:49,LITE,Lumentum ： AI資本支出派對持續-引人注目的多年光學順風（ LITE ）,Seeking Alpha,https://news.google.com/rss/articles/CBMitAFBVV95cUxPaGVoNnB3elpuMENwclk4bk1ESDJpbmZUYWNHb1BUOGFrUkZSbFVEbzlFTVBRVmlOc1lLRjdEbERXTVY3NGl5dWR5ZUZSRmZybGIyblRNdk40QkctWHJMMHpaTFJIVUhYbVVSdkE1UF9HM09BeXQycFJmVlZVOUtVaW9OM1pENE5ENTdJNlBSRUE5UVRnZFZNdWZiMnJjNVFGOFZoZGl6amdXejVBblc3dmhhOTQ?oc=5
2026-09-16 14:50:00,LITE,隨著人工智能光學勢頭和強勁的近期前景保持買家參與， Lumentum獲利,Quiver Quantitative,https://news.google.com/rss/articles/CBMitgFBVV95cUxPTzROUjV1SVdQUFhJRVZLVTR6ME84ZWlndzJMQlBXblFoUGE3bXdrYzNBZ2MtSUNRaEVJOGlMZHRLc2tQTmRFSkFtSTVFT0dMVHRRczJ2c2JKc3VoY0hUOVRHNEpGelZobElSajBiZmdDcVJCOTdYaW9hdUxkbEFSZFA2Z1QzdGg5Z0F6VVFSRnhhYnJuT3Q5WG5qbXJTZDJUWVRHRDNNbzN1d2wxal9Cc3NDbHY1UQ?oc=5
2026-09-16 14:46:15,LITE,光學股隨著超賣反彈持續反彈：相幹上漲6% ， Lumentum上漲5% ，應用光電上漲3%,Yahoo Finance,https://news.google.com/rss/articles/CBMiogFBVV95cUxOQ2c5dVpVMTlyT2tWMXhXSDVYOHFzeEotVDVuNWxrZmhRMjZSSlVkNGFYT3dSUEN3ek9ubFBJSEVzb2dGY0ZmRWs4NXcyRktudjhtcFhKcmNkd1pIZ1AzS1oxTWR0LXZWR25VNHFTT2tOQVIzNXk2UEVpWTRXQ24yR2phXzh2bUlhZVZkOXRIZV9vcWQtWGRhTmtyMVJTWERsY2c?oc=5
2026-09-16 14:46:00,LITE,光學股隨著超賣反彈持續反彈：相幹上漲6% ， Lumentum上漲5% ，應用光電上漲3%,24/7 Wall St.,https://news.google.com/rss/articles/CBMi9gFBVV95cUxQZE5PRVZKVEExd3lURGdnbmE2T01GMFE5ODBSajlOTFFvcVUzZjZsVFVaNmdGV01mU18yNUdUVS1ucExiN3FuanhoTDgtMjlsSGpoNG9GOWpQeXhJcFpjaWNYNjB1YnRyZUdnTS1kVEExT3pSMnhqaWs5VFF5Z0Y0NUlHUzZ2c0VubktkVW9CRmJSVllxVVVfNU1mZWlWT0hzdDNLUGZ6WFZrcFNQQ2ZwN1ZJTDdTZERjenVGc1FPYmFDNVFhWVplQ1NSZlduUWFGTUZjUFhIcXJodFhKWFljb3VCT2ZKUHlKZHRDQnJvWklsUmRZNWc?oc=5
2026-09-16 14:28:57,LITE,$ Lumentum (LITE.US) $,Moomoo,https://news.google.com/rss/articles/CBMi0AJBVV95cUxPVElDUFpQa0txc2txcHlVWWMzODUtTWtOdkFjZXRmNVg3emMzQWdFUW13MURxbUgwZlJhQmRDdmZtSnVjb3lfdnRobVlEQW5CS2ZzMDhOeFFuRnFLTXpKTmZNcDg2ZVVfT0tBTTBnTS1mUmQ1eDhUV1lTV2RlOEJHN1hiRHM2V3N4RlE4Q2F1c1lWZW5iUEpuZVhHbFRJZXpxU1YtUms3T3l0T3hfc1RLSHh2UkhiY2hIVmlEZnRJbFJ1YXBVZFBLejQwbzRXaUEzMTFPbUNyQ09jS3hUMFZMbjFEMDZVTUZEMUpDSUVqSWRNaERERHVzYzlaaGJTdWZLXzd5QUtZX1B2SFdUcEo0elZzWk9MWFNRYWJPZVhoWlVvajFVdU1qWlNuRmFPOWNWbnBrZVFFU2NVRzFTR1hPNXFhVEY5ZFNBUHVBM2tuaTM?oc=5
2026-09-16 14:22:00,LITE,為什麼Lumentum股票今天上漲？透過Investing.com,Investing.com UK,https://news.google.com/rss/articles/CBMingFBVV95cUxOblhaQy1fX0tQSXI4NXdNdlU0TUlOdWVta1c2bUM1TmJpalpmRjZTZnphRlgtZTBFOUY0LTdfYWRLZU4teHR5V0RPOUYzVXhvaDNWd1VuM2wzS2dOVkkxTmhGM1ZSNFJ6N3hYUUlyOXZSclU0UThHR0J0Y2YxQXJmeGlwQ1NhUGZUNmQxN2hINzJfeGotVjc3TVk0SG82Zw?oc=5
2026-09-16 14:18:05,LITE,Lumentum Holdings (LITE)如何助力新一代人工智能數據需求,Yahoo Finance,https://news.google.com/rss/articles/CBMinwFBVV95cUxOc2dzU0l0WDlPemJmMndlREl1NVptZWtOZW1IS2pkUmYzVE9xRENvQWwxVWNHQkE4blJqWjJPNGFVR1lFVmxqcndPZjZHZGJTYW5SM1VvSGxlbTNURVgxdUJjZkYzZXB0NVBFSkxyRWRHWDBnTldwejVMVXk4VXVQN0FlX2MycUpOa0cxUThEd01iS2xMMVRKekhZLWZUaUE?oc=5
2026-09-16 13:59:06,LITE,$ Lumentum (LITE.US) $,moomoo.com,https://news.google.com/rss/articles/CBMiekFVX3lxTFBGTms4Q0pWTE5nZGc5aFRMUkVXdHBPckNJV2UxZng1NExVWjdUNjRFSmFtcjFKOHdrc1JpR2xwa0RhVUxhaHBUNTlIYWlYYjh1SWdrTWFWcF84UVg2TmIydlEyclhhbHVocGZmNmxlZVBLdXZxTkV0UWJn?oc=5
2026-09-16 10:04:52,LITE,為零售商分析下一代半導體股票的頂級AI交易代理商（ AVGO、LITE ）,PRLog,https://news.google.com/rss/articles/CBMixAFBVV95cUxPMlc1QVpGTS1qb05XTEN0b0lWSmQ5c0c3OFNpOHpkcW93bTN1Tmo2R0NBZkR1aElORzR0b0dGQmhDTHRFd3NXUHlfendrQjZ2aTdSNU5ZUXUzZTM4NHVyNDZhdXRyTGxBUVlra25xdlpHaTdLWFBkZm03bjRPVlpuX3NnbEVYalFVaDZoaHlEX05rT25zdEJ2RUtyMzRUY3RESGVnVGV6R1lpUEwyX05TWVVLQ3VlUk14c194UnRSQWhqNlJp?oc=5
2026-09-16 08:35:34,LITE,Lumentum Holdings (LITE)在拋售7.5%後可能被低估84%,simplywall.st,https://news.google.com/rss/articles/CBMizAFBVV95cUxQVTY1UlNXZGIwaTVfWkNHQTdIQ2VqdHRUa2xRWC02VDFrZHFVRlhHd3FUOXoxNnVld0JKb29CMkUwdXRyek16WjRweVdBV1FTLTRFSzlZd0R4ZDBzRWVkQXNaQlFlTmx3N3N5QnlULTlZaWZpN3hLMjRkTnJiejJKVmhKYmdMb2ZDaV9vd3AwSzczSHhRdEdrUF9wcnU2anNPREVacTFxVHRZVzRlVmIxRWxrS0I5TDBqXzZFaEVsY0tTMU93TVd5anpRTkPSAdIBQVVfeXFMTzd0eUswZ3ZHUl9fdGxkQUZZRElxald6RFYtUmFRaXRDY1dfc1FmSlNvbUwzbDlmZGdNUUNObVlORGtfcmd4aFJvenZzdnNxLWtFTlY0cHNQbTE1YU5ZbVMyWHNPMHItdXJhU0RmYmdrM05FSm1LNXdtZlZROHZMUldDRm0yNnliYmZBQ05xOXJiQVBaZ1ZBZVg0NTRxT2NpbG5kLVJlMTM2cC1icllfb2EtRVJNeXhoejBMWHBnRTFUUHg0cE1lWndJekR4MXkwcTVR?oc=5
2026-09-16 06:55:00,LITE,OPPO K14 Lite在印度推出，配備7000mAh電池：價格、功能和其他重要細節,Zee Business,https://news.google.com/rss/articles/CBMi2wFBVV95cUxPbnRkUm1aZWhBUG04TmluelRLdVhiYTNJTUhjY0NkbXREZlVoOTFYLWo4c3ZQU2ZHY1VMeWp2TWdZNU1sZ1hmTmVyUnFENEdMLVdnd0hxNzdlcUtTY0hGUTY0T2FBeV9GMVg1Nm5mVXJTc3dHbXNHY0UyYVJ5dHJYN3IyY2hLa0VNYWMtcFVIY0xMOTRwaWtpUFpEZ3ZINVl5TGVXekVLZ01wOVU3dGtWc0g2Mktpam9YWFdzeEJZQVdkdlZrb3ZJNjFaV1lGRmQ1XzBETDlaS3A0VUU?oc=5
2026-09-16 06:37:05,LITE,"在印度推出配備7,000mAh電池的OPPO K14 Lite ：價格、規格",Free Press Journal,https://news.google.com/rss/articles/CBMirwFBVV95cUxNU1hFa0hEc0VQWEo1emtoZGpUNml6ZEo2Z185WXZvOFQ1TXp1Q0pOZEZpdDdaY3FLYm1SQ1Y4ZzlPNUU2cFZ3aXZkWWN0Ui0tY0Y3NHZWVXc1SWt5Y2dmMVJ2WU9UWV9iTzBSa0tsSWxzNzdmaHJoV3JKUmlOSUZBaFJWMWIzUlRFMV9hVXJJS09ZTEczOFF1SDZZOGd3TVU3Ml85eXFwdEdhT1VTWVk40gG0AUFVX3lxTE9fdmJaWnR0NWMxTXlYYTJVRUdFLThRb0x4Y3htbGNLRHh3TFF3Mnk2VFZQX2pDSnZxSkFYN1lRZ1dncmVnSmlOQjh2Z0xLdmZqQjZhb2FsTXpNM2d4R2hzOGVWd0ZNZTJxTS1HYzU3T2ZHdkdlY1VXYnM5b05yV2RoYTlfM1VFRWZXV3R6V180amN6TF9Ud0U5MG9wR3hoR2ZkTzVzNm1TT2NDTHVSY3NiYkdVMQ?oc=5
2026-09-16 05:39:16,LITE,OPPO K14 Lite在印度推出，配備7000mAh電池和120Hz顯示器：價格、功能等,Moneycontrol.com,https://news.google.com/rss/articles/CBMi8gFBVV95cUxQaHpBSHFkRFRGMXM2ckkwbDN5VlNndVo4RmMwTTd3d1JhUGJYWDBrSXlza0cwcE9TbGVPanNGUTNuQlRsdUo0QWdGTUU2djFxbkc1WVRfUGw1dTRYcVFSR095U3dCUmEtVG9YTVNtbXk2dTA4OHZMeEtDdnQzb056cWJ2WlVIU3lpWGQ5eVpLTnRlYjhxZEcyUWtjRE54X2NGS2JMQk9PazJjeG9PbmExUlpiUHpoS0lrWUdUVkpDWHpxdTA2WEZ0MUxiYjQyNFhpWnFZNWZfS3RVZUVzQm9YbURwX2FuOENjVXd0alRDQzhEUdIB8gFBVV95cUxQaHpBSHFkRFRGMXM2ckkwbDN5VlNndVo4RmMwTTd3d1JhUGJYWDBrSXlza0cwcE9TbGVPanNGUTNuQlRsdUo0QWdGTUU2djFxbkc1WVRfUGw1dTRYcVFSR095U3dCUmEtVG9YTVNtbXk2dTA4OHZMeEtDdnQzb056cWJ2WlVIU3lpWGQ5eVpLTnRlYjhxZEcyUWtjRE54X2NGS2JMQk9PazJjeG9PbmExUlpiUHpoS0lrWUdUVkpDWHpxdTA2WEZ0MUxiYjQyNFhpWnFZNWZfS3RVZUVzQm9YbURwX2FuOENjVXd0alRDQzhEUQ?oc=5
2026-09-16 02:21:20,LITE,"Lumentum Holdings (LITE)內幕人士Yuen Wupen出售1,500股股份",GuruFocus,https://news.google.com/rss/articles/CBMizwFBVV95cUxQaXpESmpzX1cxa1hLZGJwMUFVN3UwR3czbGRjaW8zcXNVc0xNTktHRnRReXlwQ3ZfWEl0RUFwZHpIYkt6dWJTb0J0VGwtU190M3ZtNWlzVWpLWGRZYjJFUHpIMXhaSG1BMXYxTWlOYjZGMm42SEJFYWJ2bzg1R2h1bmxKcUF6OTRlRVZTU0phMXE2T29CeVlUa3E5M3NodUdNNkdjb3UwT3Y5dFpjSmtwRkxLc2dsRWpKcDR5SXlWZDV4dXdlX1pCaDUtUmpyaTQ?oc=5
2026-09-16 01:09:51,LITE,美股收盤|點陣圖暗示今年將再次加息，導致股票指數連續第三個交易日下跌；光學通訊逆趨勢， LITE上漲10% ， Marvell上漲近4% ；美元指數反彈超過100 ，,富途牛牛,https://news.google.com/rss/articles/CBMilgFBVV95cUxOeTctaVJoc1RTTWJ0WWMzd3dEeDlsX0VfcDctWk1nM2pRTzdGNXZoZXRNdjBxZDduRGllZW15RTVQWXc2M3FwVXVLb2VFRGVXemU1T00zdjdEWEcwc1VtOVRWUEwzeDMxUlQ5dENEdlBvbTZVVjlBeWQ0RmctbklKRTdQallDbUl0S1IxZUZ2TmlVSkVxV0E?oc=5
2026-09-16 00:20:31,LITE,Lumentum總裁Yuen透過Investing.com出售$ 132萬公司股票,Investing.com Canada,https://news.google.com/rss/articles/CBMisgFBVV95cUxNb3RZbWZELTR1RVhJcTUwSW9ScTlJbndwZDZFcG5uNVdKQWQ0ZlNpZ2RoanJqWmc1S01fUnNoTzlKVl9aX0M4ZEZiQVVXblY5NkRCNWhRMjZlazVwZDk1N2ZQTDEycVZWeXB1TFFwYmlIRDZKSHhyaWJTNGVCR3FDcGEwV09FM0dYdTJ5dlF6N2hpUVVrM3BETU5DeE9pZFVqcW5vYldBajlmNjY3ZWo1UldR?oc=5
2026-09-16 00:16:00,LITE,Lumentum總裁Yuen出售$ 132萬公司股票,Investing.com,https://news.google.com/rss/articles/CBMiwgFBVV95cUxPMDlrb2NBak85Uy1BckZ1WWJVSXVnZFlfajAwY3paNTZuUHZfNlNoZHlGMlcyNTBNQm1SX0ZhMkVSUU5Tcl93QzBQb1lmaTZ5dXd3Y3B4UFJpMjdjcnJmMTREbXNYenVFTmJRMzM1cE41Wm9FM0Q3bEtocGU2WEJUVVY2Z1FQTTE5VGlSVGQ1WlIyTVpOaEUwU2x6NDM4MS1MczdxNnJoUkdsckFIb2h3TzVZX0xZZjNFYWZ0MVVhUkNPQQ?oc=5
2026-09-15 23:58:50,LITE,"Lumentum Holdings總裁Wupen Yuen根據規則10b5-1計劃出售1,500股股份",Kalkine Media,https://news.google.com/rss/articles/CBMixAFBVV95cUxQdlotTHhrMEI4OGgtZmtrSHFjTGlhRkotV2dVbWZJR3dCajRhVjBkem5JcGRaVXNMdmIxRXFod2laczZleUZzdkUzZzlESHcxWVA2LWlyMy1qZC1VUG5zem8xcVRHVGRmcVFReHYyVmtCSVloWjc1YTV2QkROWFVEem9YR0RQdHZyVmcxLUdQUEMxX3JRWDBXMTRCNDByazNiZWU3UDZjMHZhcngxS01lUUlQU1ZBcHlPNHgxcklvTTRhS053?oc=5
2026-09-15 23:09:36,LITE,"Lumentum Holdings （ LITE ）高管的預設銷售計劃移動1,500股",Stock Titan,https://news.google.com/rss/articles/CBMitgFBVV95cUxOYjVzWWM5YWhoMlNkSnI3eGtPZmN6Sm5zdTVubC01M2ZldE5qZEphRU5vbjB4ZDZsSTRsTTBvMWVudTFiUkVHY25YTDFEcF9BQTlXTzF5TFlhX2Y0N1kycFJFVk5UeW45QmlkX1ZHbTVob044UlpvcjJqcEF5a0FucjdGZGVsYlhlYmxFY05Yb09XUWN4dDZaTkh3TXBqVU4zSlRPV2dBdmlsczJjeW5KQktLSzg1dw?oc=5
2026-09-15 20:02:13,LITE,Lumentum (NASDAQ: LITE)高管詳細介紹最新股票銷售情況,Stock Titan,https://news.google.com/rss/articles/CBMinwFBVV95cUxOUnhMckEzbGdXbFliTWxqdWFaUGNBR0huSWVRZVhpeTVaOVpVb0xEaFEwdFZOMTBFSFpoa2l6Tm52cUZNbzF6b0JWS3RQc1lWRVZtSXlMOHBuMGlSbXpQaE13QUVfWkJ0RHJjNzZteXVNaTlEaUFULTUzazNMUW5uOXA3SGVjaHVRV1FiODJsNGVKRVhTenJ3NHlaQmhtUGc?oc=5
2026-09-15 13:04:05,LITE,Lumentum專家將在ECOC 2026上分享見解,marketscreener.com,https://news.google.com/rss/articles/CBMiogFBVV95cUxQczhYanRNdXNpTVBqQ2dzZ2VvSlNWUWdqT3BRNXhDLUVHSFlsME0wcF9nSGo4eFFwZnFlWTROX251clFndmF0Z1pPMjhkYWJZNGp2WkhhNjVEVU9taFM2dE5FVGJwb1pCMmJlNUphSlpERUlzM2lJTU1qa3V5Q1hMcV9jb2xTSGFYNlduNUs4d1NhR3Z2TGNCQjI5RVJrQmZrcmc?oc=5
2026-09-15 13:00:00,LITE,AI網路和光學晶片出現在Lumentum的ECOC會談中,Stock Titan,https://news.google.com/rss/articles/CBMingFBVV95cUxPMFJlcWg5Y2ptUnpKcnRfTUdGeUJxbHItZjl2OXR2Y3JnT041RE14aE5oSmJwcXJwRk5WSXBvSEotdklVMTlocEhNVXd2NENSOFRIczBLX29hN0RTY1djMjVOS1h2YmtLSVFONTNZZVpMRGdudWdnY1RpTUQtUS1EU0FPemRVd2tRSzFORXN6VmI1U21SWWVFaUJzYzBaQQ?oc=5
2026-09-15 05:56:45,LITE,Lumentum ： AI恐懼正在失去真正的機會，這項業務正在爆炸式增長（納斯達克股票代碼： LITE ）,Seeking Alpha,https://news.google.com/rss/articles/CBMi3AFBVV95cUxQX2pEc2FjRHgxVVA0RUZBd3VnNmh4aDJmalVJb2NxY2ZMSDlCY1hYelpJQWZMcDVKZzc5NDNoNnJla1dxT2hZN1NzTVVTLXdab2xhT3JERzdfdENlaDk5cG15WjR5dUNhaExPeUZwQU80M2hsbEtlN2NEd00teUhlVXNKZ3NGVnlObVJiODltd1BJNDMyZ1EydW9nV1RnaTFwT1hjRkpuSFMySFREdnZEVk9zUHBLRk5vT2V5X1g3X3ROWFhyQzQyVXN0Mm9GTVpoMzdNal9pX3A1aHdn?oc=5
2026-09-15 05:50:08,LITE,LumentumHoldingsInc股票籃子,GuruFocus,https://news.google.com/rss/articles/CBMiW0FVX3lxTFBiMllIMnBzTDMyMkNxelg2OHFOcTNoNVVreFJDeTRjanVVMklBYzMzUWZobm5BLTdnMVdPUlZuMzBYUmJ2XzY4Vm9UREtkU29nQmo5NExsSndNa0E?oc=5
2026-09-15 04:30:00,LITE,LITEON代幣發布後， Lumentum Holdings （ LITE ）對投資者意味著什麼？,Yahoo Finance,https://news.google.com/rss/articles/CBMingFBVV95cUxQQnh1UEtaYnlwc3BNdW9pSFFEQWRwMG9UWTcxR0I1NzZUQ28yR2lIQU1sa3gyZEMxRnBJNk43S2w3eWs0d0xhdndOV3pydG9JanpTTDRBUktPT2EyZnNWUkZhSkctRUNXdEwyN0Qydmh4Y1hxTGhBbG5DcVNwMEZUbVU3MVRJeUZtSlVZUXpwaWV5LWhCenlxTWs3UDFJQQ?oc=5
2026-09-15 01:33:33,LITE,Lumentum Holdings (LITE)股票綁定代幣LITEON到底是什麼？,simplywall.st,https://news.google.com/rss/articles/CBMizAFBVV95cUxPMHdaY3F6eHVZNlphNmlGeWVIX3NENzlIZS1sdURzUk4wcUVkZkQwRENYODlGMTlVUzNRZ3FMSEJfR0NkMXUwZW9QT3dWSExPbUVSUEdZaXRfWDUwQ1BCNUd0S0FzM3RJZzNnWkJ2S3g5MWRDZ250WUZHbnBaMFAtM1JxVHhiMHVFV2o2RGFvR1pjeGRsTE5Jam9LR0xET09EMERBcURaR1NqblNMYlFpTVRMMXpXZWlXemNhbEpCSW1KcEw4UHN6OUFZY3TSAdIBQVVfeXFMT2JOaWxGa1RJVU5QNUlDTWZidnVqSHRzMHAteFlVVHJtUnhLN2ViVFBIc1RYZlNFVFBNSElsMkRtVXd2Ni1CVlFSb3F0LXA2dmlLampiZzQ3VlhhMnZYSFZvTElTM3Y5UllYSkF5MGpRd2RORzZZT2wyWUtEeEpFYm1JVzdEQTJyRjE3eW1nUFgyMVZ0UUhWLVUyN1lYTXZxRmFjRExzTi1zRUtkZUZlalRfZkpSYmQwdEE5T0dqMHNqWWpzTTRCSmVCTHNua1VYRzZB?oc=5
2026-09-14 22:03:08,LITE,Lumentum Holdings Inc (LITE)股價下跌9.9% --GF Value稱,GuruFocus,https://news.google.com/rss/articles/CBMisAFBVV95cUxQU3hhelR4RC10MmQ5MThJdThPWDd1LWJkRVhac0pXd0dpQV9OUjl3YXpUcHJsNFBOcE4yUzFqbHRoVVlfb1VIbzZwMGhieE5WbUtEdElDLUFjMlFhSVlxZHplbEQxMS1VbE51ZG5pSG1IZkVxMlIxeXZ1Y2xHa1hXU1R0TUo0WTZpdXk4UnJkbHpjX2p3SGlyMm1yb2U5YUlvWG9pUi1PUVlvemp6b21zWg?oc=5
2026-09-14 20:08:27,LITE,Lumentum Holdings Inc. （ LITE ）高管在最近的交易後出售了$ 431K的股票,Stock Titan,https://news.google.com/rss/articles/CBMinwFBVV95cUxOcHNEX28tMEpQeFVmeHdwUy1pdEFsdkpQNjlCLWVNdXdPNndNcC1wSTlBeVhrdU02d2pqZkZiNFQxbS11Sk43cGdWLWVKWElMTTZjclF1bTZ3UzdnYzRVampvUm1jcDk0ZWdya1NJWmE5Zm56VzFiOHppMFNTR2pFeVUyU2FRcWhZTERiZTVILWd2YzdYTWVBWjBkeGpyZ2s?oc=5
2026-09-14 17:49:50,LITE,康寧20億$市場股票發行下跌12% ； Coherent Sinks下跌11% ， Lumentum下跌9% ， Fabrinet下跌6%,Yahoo Finance,https://news.google.com/rss/articles/CBMimAFBVV95cUxQYlRrWjVqTXhNSVlYdzVMckRlZEgzeFNtRkJTLVgyUWQzUUJBT29yb1pfWGMyajhHTUNNV3pwcW1iWDVfbUg5UUVjTlhNMU1GNWtYZUx4ME9aNS1CVE9JSG42eGdGMzBJVEg0QzIzc253Vm5OcGx0VlNOVTlDRFNmMldqdlRfODUtNWc3Yk5LdDdnazVWaWZVcQ?oc=5
2026-09-14 17:49:50,LITE,康寧20億$市場股票發行下跌12% ； Coherent Sinks下跌11% ， Lumentum下跌9% ， Fabrinet下跌6%,AOL.com,https://news.google.com/rss/articles/CBMifEFVX3lxTE4xYUVldkVtOGxPbE9saklNRWJ3WUhlM0NsOG1FRTVMY1dfbUtSbjVFMjhIMzZiMVRQaTR4SnlZX0RxR3pvdnRQT1JaYnVKeVZ2QUk4NHhEeklUeWt0ZjRGNl9vaFpPUUtyck5uWUpCdjVRN043bk1xTU9uRkY?oc=5
2026-09-14 17:49:00,LITE,康寧20億$市場股票發行下跌12% ； Coherent Sinks下跌11% ， Lumentum下跌9% ， Fabrinet下跌6%,24/7 Wall St.,https://news.google.com/rss/articles/CBMi5gFBVV95cUxOYWQwRHFrcXE1cy1ldm8xTmN1a1JLNGc5UTB3T3loNTFXbHgtN3V6X09nX29RRTBQejcxS2JjLW5NOFR0eGwxVHkyajBKM09sdjItTnhBWUpVTkVGcThjYnowZDR4aWhHd2JTT3JIWUxrdE1fS19DdkFSbEVUZndSWHR3UGZRdnFadmtxRGRLOWxwa2RubFp6MXFOa0lRX0p4ZTcyTlJOWnRPcTNHTEFKeExWMzQtNlZZdGRyLU5XSlJLVXp5UlpQbnhtTVRkOVB5YkpLWWhtT0xhbXZ6NHdvVDR0aE1adw?oc=5
2026-09-14 15:50:36,LITE,Lumentum Holdings在全行業拋售中下跌7.5%,AlphaStreet,https://news.google.com/rss/articles/CBMiigFBVV95cUxQZ29HOXpfMkxldGdxcG0tYmF1SmEtWFA2SUJxUjB1OEtEVmIxMS13T1RPVHU3aEFLS0ZuUk1vMmozZnh6bmpWamRCWVUzSTlUbjJiUGtfTlZGZy11TVl1V214T19Uajk4N21HMzExeDh0bTN1dmhBQ3RUazdoVFduNnJEeC01VU9RSHfSAYoBQVVfeXFMUGdvRzl6XzJMZXRncXBtLWJhdUphLVhQNklCcVIwdThLRFZiMTEtd09UT1R1N2hBS0tGblJNbzJqM2Z4em5qVmpkQllVM0k5VG4yYlBrX05WRmctdU1ZdVdteE9fVGo5ODdtRzMxMXg4dG0zdXZoQUN0VGs3aFRXbjZyRHgtNVVPUUh3?oc=5
2026-09-14 14:51:00,LITE,Electreon在IAA Transportation 2026上推出新的充電解決方案，使用Lite DOT ：在沒有電纜的情況下為電動汽車充電,Barchart.com,https://news.google.com/rss/articles/CBMi_wFBVV95cUxQUVJ0SE94VkQtUzE5al9zTmhiTUpxS3lMZFczT09KamxMcTdCRGdqWll6dVozR1pyVjc3WG5zcVdQSDRGeDhQREtzUGtHRG5aRGNJclBVc1R6LU5LWm81WUp1TVVYVm5STEZKaG9GN0NJQnc1d1NuZjRaSmhBNzlPY2xSQUNZWjgxbFQzX1NCNUJ3bE1ULXpVWTZPcWhBR2ZWSVd3cVluSkpnYXpTMWRFOGVNVkVtTzEtM2dnbVZsTnFjSlczZVBrUEhBQ1o2LWk2WkhrMDBGekM3VFc3eHZIaTVvS2E0QnQwSEdERUNKdWZkczlJOW80SHhaY0Mtc1U?oc=5
2026-09-14 14:26:36,LITE,為什麼Lumentum的股票今天下跌？,Investing.com,https://news.google.com/rss/articles/CBMingFBVV95cUxQNHdMRHQwemZ5eWJoRXNWSUZrQTVsUVByMnJZcGVMWlR2b2VqNDdMSUwzU2tHWDRzOHF4SDFSellRMVNQcThqdmNkaFVxOUNBdlRwT3NnZ1FJbDAxM0xOOWltRE1tdHh6OHJMRVVpT2djWHhIRTB2Ym84bVFxbTY0LXNWRGZILUJ1R1ZkT1ZUclhGeVRBM3JHbjBaVExnUQ?oc=5
2026-09-14 14:18:54,LITE,爲何Lumentum股價今日下跌？ Investing.com,Investing.com Canada,https://news.google.com/rss/articles/CBMinAFBVV95cUxNbTRqOHlxVGFZb3BoR1lfVEd3NFJQeG1pY1dCbGsycENoT2VSR2RUWlBqRENDc0Z5Rm5vbW01RmJNekdiNUNRNXN5cENOOEJDOVVEeFo4OUlwQmVZRHNoUllPaGJvbUllek8tMjZQRkFHdzlUUk1lYU5ZbDI5OU1MX3lpYzd1Vk1LRVVlVlh5RlU2TlJ1MHRCRzRzTTc?oc=5
2026-09-14 10:17:39,LITE,Lumentum • Robinhood代幣（ LITE ） 2026年至2031年的價格預測,Bybit,https://news.google.com/rss/articles/CBMihwFBVV95cUxOcWFlNlNDaVBaalE0NDRmamFnTGxUZHZVdFhxeWh6X2VZcWRXM1N2VkRLeUJrLS02dGFnLXdUd1Jhc3BWTVlwOHJWNGFGYkJqZTdwdUtsSktjelRLRkhfRzc5Z3BZZEJ3YjcwdllraVRaWnQwdVlpUFFkY0diQ1F5UkZiNTRMNHM?oc=5
2026-09-14 10:15:20,LITE,Lumentum • Robinhood代幣（ LITE ） Preź Azi,bybit.com,https://news.google.com/rss/articles/CBMieEFVX3lxTE00WUQxVy1sU0tkOUlTa085UHM1WnhKSGFqUWZZSHl3UUhBSVFoajFXNlo4U2lkSjRlSUNkS05FRjFjT3BPNGxnTHFGcFdBTFJVYkk5Y1NQOVlLTWRhWHhQckg2QnNoN1huMmdrcEN3VXBnM1E2eDNRXw?oc=5
2026-09-14 08:36:09,LITE,Lumentum股票下跌， AI光學拉力賽揭開序幕,TipRanks,https://news.google.com/rss/articles/CBMikAFBVV95cUxNZDB1a2NCZ21paFBiQmZHNTZTR1NPaGFyd3RMMkc2UFhDYjlnTE0teUoyTS13bnV3WDNPNVBTSDQ5M0U4NXYtR2doOUJyX1VqRmZ6bU5LMWZjeEN3UHRoMVZMMXI4eUNFRlAwTFhPa2F5YUkyR0lEMVZaVXpGa3NKMDhmaGZrQndKTkcydVpYalI?oc=5
2026-09-14 08:26:15,LITE,LITEON與LITE ：代幣化Lumentum和Lumentum股票之間有什麼區別？,MEXC,https://news.google.com/rss/articles/CBMiuwFBVV95cUxOSkpMRGZjcnpjUEZTd2ZnYnk3N1dQUWhRQmFORUZUZFJoLWJXY3pQSVQxbXRWZ2dtYnJITGgtbjY5V3dEM21hVlBkMlRwSXYwZ3ByR0kyWkllME1qTnZNTDhXQ25rWnptaG1qWUdnQUxQMUplNHUtMEhIbFpNVFFHY2RKQlNBS0hCVk9UNkQ1M1hzUmx0cHo2NDQzZENERFgzT1F1cEZuTF9GcUxFOEtFOFBuS2VvdjUyM19N?oc=5
2026-09-14 07:44:16,LITE,LITEON價格的推動因素是什麼？人工智能數據中心、光網絡和Lumentum股票解釋,MEXC,https://news.google.com/rss/articles/CBMiwgFBVV95cUxNS0xtVmtfVU5nMU0wR0NVb2tlSmlvUlZoSmJaN2ZzX1lZZnkxMGRkQjgtcDBFTzlEeHhvU1RJSlFKd1Q1cTRHUkloSTR0RDRUZnNDUU5GbFdIdFROczlZQlYwM2ZqLVdFUzdDYWJoYTZaMDlsWE5rMTZEVlpzQ3lyT2xnVmZRYU9MUFdpRzY3M2lxV1Vhb0g5d1MweTdldUVIR0didjM2bnBGMzFnMnIteklDNXpUd01uN053SjJPemhqZw?oc=5
2026-09-14 07:25:58,LITE,LITEON價格的推動因素是什麼？人工智能數據中心、光網絡和Lumentum股票解釋,MEXC,https://news.google.com/rss/articles/CBMiwwFBVV95cUxNNFdRV09PZjA3T0RoZUpuMWNRTDFvV25rNW5WQUQtQS13a0tuN0JXRU0wV1BTS0pxdEFFdFdCeEp2WUEtS2RJemZGR05peExheUQ0aXBEaDQwWEdUWU1lR21JT2ZmQnk0VWRPeUV0TGtsemo5Qm9rakZhdmVuUDJWUlBpb19OQTNMd0x6a3N2anBobF9ZNFdSXzhSZGN6cjFSVTdxX1p2TW9ZcUVlWVpPYnYtLWI5a0NrWHM1SzNVQTUzQkU?oc=5
2026-09-14 06:53:48,LITE,Lumentum與Coherent ：兩位AI光學領導者的區別,MEXC,https://news.google.com/rss/articles/CBMimgFBVV95cUxPNE0zLTdMelJXLUNGUlc2OHh0RXRjaVlSZ29NWnZlWXZ1NlRiQkxYSEt1bVhVRTVqcjlSa2ZrWFZwQXhnaFdWeHdmMWlobzFEck9sZ3hEVE9VeEVXOHNQQVk0TDdOTFZfNGx5STdEYm1UVFpES1NBVXdzbGxBV2xnMVZuUFNGaEhrTXFEa0hkdW9zZ2haQS04bE53?oc=5
2026-09-14 01:16:34,LITE,Lumentum的1.6T和200G斜坡面對思科和NVIDIA的競爭,qz.com,https://news.google.com/rss/articles/CBMie0FVX3lxTE9ZUzVRMUVRa3lqSEZoX0xQSWhlRF9HS0Z2OU1oSzFHMElYcWNncEE1ZUozdnZ0S25DWXQ1V1JNTFJidnltRWVCNUtMdzhLV0J1WDRYX2VYZXU5OUFMVlRGUlZIUWwwOUV2R19TS29Qb2dVb0l0dXZwTFVkOA?oc=5
2026-09-13 09:00:12,LITE,Lumentum （ LITE ）股票論壇和討論,moomoo.com,https://news.google.com/rss/articles/CBMiWkFVX3lxTFB2YXlXTEt6TnV5V3ZtcWJNYVBYcXhUaEJsNjQtWWZGRm9rQTZCcGJNT25WLWhzWGluOUozcUZSYk03dWFrdEtWdExRMDZUa19lZTQ2cTVXMWtrdw?oc=5
2026-09-12 19:26:32,LITE,為什麼Lumentum的熱門拉力賽突然冷卻,TipRanks,https://news.google.com/rss/articles/CBMijAFBVV95cUxQUDdBSTZMVTFTa1hwY1dqVVljdEQtRUhKRDE2SW1HbWZPU0pxbjdydGJpZjhZMHRjdGdCT0p2X21sZEZMNG9GOVd0cUtQd2x2RjZQSEEyV2tKTVBTajBaM3RLQmNLNHhaaEw5RGt0R3d4MjFIaC1hb3pCallsWExGUUtjYW1GY1hZY2V4eg?oc=5
2026-09-12 07:09:43,LITE,Lumentum的樂觀報告引發光子學拉力賽： Coherent的盈利接下來,Stocktwits,https://news.google.com/rss/articles/CBMi1gFBVV95cUxQQjJJV3JqVEVyZTRXblZqb0dVNDhoUGtLVXcwdGZvNXhvTWVSbE8wb0MzWEpXNTlobFBtQ1VTT1YyVTJSeHJGaXBWb2tGMjhvX1M5SHVkV0xka3FINnhUaUxydnBuVnFRQm5QeVhHU0dlSzRjb19iVGttUVJRemZ6S0R5NV9aLW02ekNvSi0ya3Z6R2N1NGowTmhHWmQyMFYzN0wzUzRLM2lCc1FxU0RobkZfS1E3Qmw5VE13ajhrWGUwRUFBb0Y2WjFzRXluU1NuYkVDWHZB?oc=5
2026-09-12 07:05:33,LITE,Realme P4 5G、Realme P4x 5G、Realme P4 Lite 5G和Realme P4R 5G機型獲得提價；查看新價格和,LatestLY,https://news.google.com/rss/articles/CBMi8wFBVV95cUxQaEpkN2FsbmhxWkpCNGc2MFBMajVxR2R1OVkyVHV6TEJEUXRsOW5Yd3lSSHQ5UEExZTdFM21iR1J6bHF5aGt4cTVxR1VCVGFnUV94eUVoSWwxanJrNVhwZWhJcmRlWFNNcjVBcWpWVk9MVTZzYS1fRHNHN1JsOF9oQlZmZV9zQVNNbkVocVM3U0kzMHMwV0FBRDFVNXBrQ2N2U3d2c3FJUkZVYXRKbXQwYXlua0UxdjNtV1l3Ymk1NFpyeWZyS05OdVMxUlpMODhGSzFZbEZCRE5OaXV2Q0xRRHNmSUx4c2RXWUdlQ3ItaVUwazTSAfgBQVVfeXFMTVRHdXIxQzNic0FJeXFuMXVKOEN5MFhjMkc4VktTbWpwam9oTVpSTW1LWmJEaHBBamhpb0thVnlWR2FlcXZOQ00tWkdoZXdGVnFaNThzYVhBNzFuc09FSlktNmNKRmNicGgyMTFWVlJ1SmxxeFBLUm54WUhiZmV3NmFBSlhLTHF3cC1VVEk0N19OeXZGanBFbXR6MU00X25pRk42UURyRXhwcExNRXJVcUV5cDJPczZtWTNpLTVoSHpZbjN6MnYxcG9IUWdPcVdfVjNyM1pJejBPMEpFdVNYbzNXcnVGTUpMTkVxOGk0VzVtU00wLW11czU?oc=5
2026-09-12 00:54:01,LITE,(LITE)移動如何告知風險分配模型,news.stocktradersdaily.com,https://news.google.com/rss/articles/CBMixwFBVV95cUxQN2ZjTUZNNnI3QUV0Q09CTTJhWUZNVHBkbzNmUkgwOGRMTjlobW1hY1JZWjVSY3E2NDd1OW1JWktMaXNDX0hCVGJITTNsMGtTRFVBYkJvdjZ3UTFiMjRFcDdsb0RMdV9pQVNPSGFydlBMb2lNSlVDS2FVUmd6VWFKMDV5TWhNTUdPMmF2elZQZndFMkNtd2ZBRzYtWGFFZWZCZmJ4TnZ0Q3piWlVxanFrOVF2QjJ2NVNyWkF1TGxqR0FOa2tsNVpV?oc=5
2026-09-11 22:32:33,LITE,盈利是否超過Just Shift Lumentum Holdings (LITE)投資敘述？,simplywall.st,https://news.google.com/rss/articles/CBMi0gFBVV95cUxPQXk4d0paTEhibWlyVkVqbXVzb2thSjkwUFlDT1hKVEtsSGJvWmYyVEttZ09kRmUtcXB6ajhUXzdNWEZkRnpWNkZla1NuZk0wb0JQX2lKVkZZVG1FSEtLX0ZQa0t6NlVBQ0hhM016RFhuZm5MV3NuQkhPdW56WWpuR2p6ckxQWmluUUZjTENlU0ZkXzdJUC1DUXJKZEdVLWRQNW44TUV6Q3BlNlFEUEF4eGx5cXFOclpyTFRCa205UlZGZGFURDRSX0RtdkNDd1F0RlHSAdIBQVVfeXFMT0F5OHdKWkxIYm1pclZFam11c29rYUo5MFBZQ09YSlRLbEhib1pmMlRLbWdPZEZlLXFwemo4VF83TVhGZEZ6VjZGZWtTbmZNMG9CUF9pSlZGWVRtRUhLS19GUGtLejZVQUNIYTNNekRYbmZuTFdzbkJIT3VuellqbkdqenJMUFppblFGY0xDZVNGZF83SVAtQ1FySmRHVS1kUDVuOE1FekNwZTZRRFBBeHhseXFxTnJackxUQmttOVJWRmRhVEQ0Ul9EbXZDQ3dRdEZR?oc=5
2026-09-11 22:32:31,LITE,盈利是否超過Just Shift Lumentum Holdings (LITE)投資敘述？,simplywall.st,https://news.google.com/rss/articles/CBMizAFBVV95cUxOMXE5RnR6LURmR2Vnb3F1V1RuWWY0QlBzNndtUWdZUHVzY21mdXhPT3FORVIxZU1NTnA1cXBlWUlkb3NCRWNBRUlmQmhSRW1GRm01NUNLSU94Szk1aFN4MjBmSnR5dE5yN09XaHkwcVJXa3dTMFRsUlJpME1TRUJNZUJWSDY5UFM0eE9JSGZhUG5uR1BNa3VNc0JHc2YxOEtfQy00OHB5RG40ZTlNNUtNLUQ5UGNHSFd6VUtjdFdna1ctMnk3U3ZheTVqM2rSAdIBQVVfeXFMT0F5OHdKWkxIYm1pclZFam11c29rYUo5MFBZQ09YSlRLbEhib1pmMlRLbWdPZEZlLXFwemo4VF83TVhGZEZ6VjZGZWtTbmZNMG9CUF9pSlZGWVRtRUhLS19GUGtLejZVQUNIYTNNekRYbmZuTFdzbkJIT3VuellqbkdqenJMUFppblFGY0xDZVNGZF83SVAtQ1FySmRHVS1kUDVuOE1FekNwZTZRRFBBeHhseXFxTnJackxUQmttOVJWRmRhVEQ0Ul9EbXZDQ3dRdEZR?oc=5
2026-09-11 20:09:00,LITE,高管計劃在Lumentum （納斯達克股票代碼： LITE ）出售500股股票,Stock Titan,https://news.google.com/rss/articles/CBMinwFBVV95cUxQaGxCelRtY2pRTDBqaExHR3lnNWhkQjN0Z3NlWWtpRUFMdG1TeUFFV2pkZk5YZi1yZGJGVkE5RUttSWY5SnpYeTVSYXRaOHAzMXBsRGxVZ0k3N3hvWl9RUTNnOUVHNlk5TGRmUGYxb1dXUGRFcGFrd2hLbXFvbVUtU1RiM09TN29VTWFLM2pwRXFPUDNsNHhKa09XVUNwd0E?oc=5
2026-09-11 16:57:09,LITE,AAOI的光網絡需求上升：它能擊敗精簡版和COHR嗎？,qz.com,https://news.google.com/rss/articles/CBMihAFBVV95cUxORm1JWXF3NGtWekNMdUNfVm1FMWx1YnU3WEpXUEt3S1FiQXdLY0NxRXFCTVIwcnpBWEg3aGMzb21qSmlEb3h5WkhnRW9XSHBJY1JhSjI4SFpuMlJXS2NlUkdmUklyYWJCMHI1d2ExWjB5RVBKeTVOVHo3anZKSnJ1b2d5TGQ?oc=5
2026-09-11 14:39:00,LITE,AAOI的光網絡需求上升：它能擊敗精簡版和COHR嗎？,TradingView,https://news.google.com/rss/articles/CBMiuwFBVV95cUxQcjE4bmgwRFRPLVdOei1rSndwMVlta3hhV3NGZ0RrdmFZZ0MxNWExNGhLcHpMTXJDa1VhaGlMeHVBZHdhZ2pEYUNrSlpnX1FjaXZDVHd5dVl5S2pacGNOX3dsSUt4MndxYUYxamwwWExQZ2gtcWZmLTJJYWJYcHF0ckxZc2FnSG8yenhqVklqUkgxRVFhUWV1bzFqaEdoUU5kOEMzNnBXWnFrQ3FSeDVobTlCWXVfek4wWEVN?oc=5
2026-09-11 14:39:00,LITE,AAOI的光網絡需求上升：它能擊敗精簡版和COHR嗎？,Yahoo Finance,https://news.google.com/rss/articles/CBMingFBVV95cUxPbENTRGNiZG1PTVc0LXhUZHdDWUtXMXVXd1o0M3JybkNKb3JYVzhwOXpvWldpVVFMSGtOTmUzN1ZuQ2dUZXQxTFdLVVJYbGdmaUpkT01GTFhJelVqZlhKSEt1TFZTSVBFeHA4U3BleXdsc1lBYTFaRFdMMEFDVG5FajJWUGhZcGtYZGw3S2dVMHVMRWszelZnQXdtUVJPQQ?oc=5
2026-09-11 13:07:19,LITE,在Flipkart上發現OPPO K14 Lite ：新手機還是A6改頭換面？,Techgenyz,https://news.google.com/rss/articles/CBMib0FVX3lxTE5vYnIyTzFzMXhYSmRiVVBibHh4UXBlTm5Qczl6bmRSWTYwVG9MUG92bkZQMG1BeUlBcjJ5Mk4yWWlHZGsxTWR3SVdaQ3ZUaWhISGtXdnZKdXlJV3RnT3RuR1ZHcTJ6eU15WmIzRHVMWQ?oc=5
2026-09-11 10:53:46,LITE,AAOI的光網絡需求上升：它能擊敗精簡版和COHR嗎？,Yahoo Finance,https://news.google.com/rss/articles/CBMinAFBVV95cUxQQ1Q4d2JNUDQ3VHhIaVB1QUUyVkhENjM2TGl1Q0Z6bVBYbkhMY3VVSS1rZE5mZWRxZ1pwcDdmcllhRkZOWk9RM1JLMHFmenc1SGlhaTljakNDVlRHZ1I0ck91d3Z5TkpUcU5WYnNIS1luMlhvTW56MW85S1pTajRpMWJqRjhpaUdqM1RkaUcyT19scTY2TG9NQ2ZjaDM?oc=5
2026-09-11 08:50:33,LITE,Lumentum ：為什麼2027年將改變遊戲規則,Seeking Alpha,https://news.google.com/rss/articles/CBMiiAFBVV95cUxOeUMyaEFKUndZVWY3TWhLd2pzdTNMYkZHSnpVUHhScVgwemtSNnFlZm04bXY0QmdIY01kcGtkV0JUd1dYU19rMnEzZUtNTkUxQnZDb0tPUllBOUIxdC1WNVNkelBjWDZ0ZG5TdXhzb2NTc1ctMkUyUXp1WHVtb3pBaFpZN09hZngx?oc=5
2026-09-11 04:50:05,LITE,Lumentum總裁Wupen Yuen出售$ 140萬股票,Investing.com,https://news.google.com/rss/articles/CBMiswFBVV95cUxOVGJMbjZNY2pJZ2lkU3NmemV1cVhkcS1uX3BvUkZRWWZjVmFUcHdpRUlhcFU1RFJPdlhpTmpuS2pseE5qakdycFZUQU5HbUxCb0E2WVd0UmhVZTN1LXdCS0hxSFV2U21Nam8ycGgzaXdIdkR1cXdMUms3dXA1UEdnYU1xekZLYTEtUXdTNVo5X2lYUU9CbWRvNWozMXl0OUV5VHhpQUhmMHhvbG1mWHZ6T29YMA?oc=5
2026-09-11 04:12:45,LITE,Lumentum總裁Wupen Yuen透過Investing.com出售$ 140萬股票,Investing.com Nigeria,https://news.google.com/rss/articles/CBMirgFBVV95cUxPWm9LSnJUeGZDUHpOWEpzVnBXMjR3Zk1mTnl3UjRBUEZIV2JoMVFzbDZHcUYxS21UaHNzUWZ4SVhBY2JzVUNFZ3IzWUR1di1uYk5nV0UtNWNWU0E2Z0N4Sy1SZTVDc3VWaXlkYjlwRUlQNGhvX1R1QVlpQnBobnpaUGV5cXdfN0lhWko0cGhrRFFmOHRqYnhGVmM1SGtPclJHYVBwWnZSUFE0bE9MbGc?oc=5
2026-09-11 04:02:00,LITE,Lumentum總裁Wupen Yuen透過Investing.com出售$ 140萬股票,Investing.com UK,https://news.google.com/rss/articles/CBMirgFBVV95cUxQVm55RldURWlELU4wZk1wbWVBR3JpcU1Qdk1BcEZ5MkM4X1Q5MURudjhDMlhLellxOHg3ZG1YZHVBSWF5aHVuZkFwQXQ4UnJXT3I0SkY3WWlBcy1PN2NXRVFFbmdxNzRJdmpHYWlTZDNXcTFJcF9EM2tJMUZwamNGV0F5MUFaNGxEbi1kdU81ZGxnTTlkRm50bTlHaDhKSUthYnlqejUtRHVpTnZDYXc?oc=5
2026-09-11 01:10:52,LITE,"內幕人士Yuen Wupen出售Lumentum Holdings Inc (LITE) 1,500股股份",GuruFocus,https://news.google.com/rss/articles/CBMiqAFBVV95cUxQUmpyQ2J0enlWX1ZzcFFQOGh5UUFzX3NhTVBCTVhNdGxyd0dzUy1PVXFmV2ZnZ25LdDlwR0U1NHhOZ3dQMzRscUtQRFpOZDBaUmdXVHdyS0FaZXJaNkU1eVZmQTRFZDFkNHNZcTNtQUFuVl9KSzl0WmFwRXBNZ094QlF5QUFDOGxGUnhmbEVXRXFNOW56VW5XcEFxclc2WkhWNnE1QkpSbUM?oc=5
2026-09-10 22:47:10,LITE,"Lumentum Holdings總裁Wupen Yuen根據規則10b5-1計劃在三天內出售1,500股股份",Kalkine Media,https://news.google.com/rss/articles/CBMi2gFBVV95cUxNTFJjWDA5ejY4N25hclhBUm84OFhHMGFkeUJrV2Z6cW95TDBZVWtDVUVHT2Fxb0RGa085bmx6andQMk9TN25WVlRBMDFzVWstNFZwWnZYZUlnV3pKdGhMMEZzdUtlNlhrMTUyS19USEZ0Rk95TXY3Y29mT2lXTFB5RUc1N0dLX0tuOWJma3JSWnNVOE1Eckp1bTZMdjF3NkkzUHk5Q2U1Yl9ZSDJRQUEtWERqQmdDYWFpSnBrbUZ0MnptYmU5YjBpYm0tZGlqLUVFRjdaQ29GRGYxdw?oc=5
2026-09-10 22:40:00,LITE,美國股市收盤|通貨膨脹問題重燃，導致主要指數連續第四天下跌；人工智能相關交易下滑，美光、LITE和NBIS下跌5% ；油價飆升超過100 $ ，而黃金大幅下跌； y,富途牛牛,https://news.google.com/rss/articles/CBMipgFBVV95cUxNZUVDR24wbEsyd0RhcmVGaGQwdF80TVA5YTJiRHo1MWpSb3BWa2VkVHV2cGxFcGQzUWVLMC1lSmFqeVQ4V25KMjdhRzdkSnRxSEY2NlNUTGxPS3VUR05ZQkoyNkg3aWZqY2UxUmEzU3ljUHF4Z3lBQTZmM1pwQ2wzeFJZcy1ILXFpdzhYblVOTGFHV0FrNUNxRWdWQkZqSXQyblIyV2t3?oc=5
2026-09-10 21:36:20,LITE,"Lumentum （納斯達克股票代碼： LITE ）的Insider在3個交易中出售1,500股股票",Stock Titan,https://news.google.com/rss/articles/CBMitgFBVV95cUxOOHQ5OUlvcjhfeW5JY3ZqSDgyYzYtM3ptR0RJa1lYV0c5Q3BPTFlSTVdvN1BoZ2h0YUl3bExDN29ZNWpQSGZ3RU9qbkhFdkFpd19DdHVpbU11cjlLRlJyc3BBZG83ejdMSHJ3U0VKdUt3WlFSVHdza21wOC1UcE84N2tXUDJGYnZ2dFBobmhpV0ZzWXNRc2dCYUNNQUxBbllyZF9zbDlOU1RzMUN4UHozWC1wRmtHZw?oc=5
2026-09-10 21:33:04,LITE,Lumentum Holdings Inc (LITE)股價下跌5.4% ，但仍被高估--GF得分： 69/100,GuruFocus,https://news.google.com/rss/articles/CBMitgFBVV95cUxOaUo5QkZBM3BTeW1WakNtQ0puMlNiS0RFQXpuN3R3Q3hNSERhbGtVREFaQlU3ZXc4QnJYbjVHckZfQXllYklmM0tWRld2Zjk0a3pSVFRDbDFJSG9pVHI4ZldWR21rcWx5T0IzUFBaYlluNXNYNlpfUFRyaHprcFo0SGFDeGxnRi01MngyQkQ2RFN5My1tNUJyX1ZveEl4VDZBYXhTSy02WmdYaFJrSnBGM2NfbkRhdw?oc=5
2026-09-10 20:06:20,LITE,在出售$ 120萬股股票後， Lumentum （ LITE ）持有人計劃再出售500股股票,Stock Titan,https://news.google.com/rss/articles/CBMinwFBVV95cUxPY1Jra29sQVlXLXlCYnpnRWFnVHF4U2l1WEFiWVlUWFhBcHE5YWY5UE1GMHFVQm1LNHM4b1haUVRYai1LdERMVkhobDB3WER0aHJNOWltaDhBMGJ4RGt0ZnhHRUlWTXdMaGhUNmxMTmNnWHVfalZsMGxXa295R1laRXZ4UXVQeWhid2pWYWVUNFVSRkVmTFRJMmRhdHM3azA?oc=5
2026-09-10 20:03:09,LITE,為什麼Lumentum Holdings （ LITE ）現在在人工智能基礎設施方面是更大的參與者？,simplywall.st,https://news.google.com/rss/articles/CBMizAFBVV95cUxPOFU4S2thclV1aWptcVZnbC1hUHdtLTJwamo3ZEI2ZGZySklGUlRVamJZWFJDT3RJTzlfUC1CcVBHbG52dXVBRmJ2aHluX1puLXBKVmZPWG5vYTJQdkNYS19VamdWODJ2dnpXeTFSMjNWN25FNEZsaklYSTZ1aEI3NUQ2LVo0RG1TZjRoN180dXhvSnFmVnNIMk5kTkcxa1FhQjFiMGcxTVhPS2YtM05UWkNoNU80RnlHM05TQm1nWmdvaGtELVQxalNzbnfSAdIBQVVfeXFMTldVODR2VWU4Y3pHbHl6WlpyMGtBbWxCNzM5Vkl2V2Fvdm83RkFwSkJlTlU0dks2VmZUdmpSOGw0cXN6MU53cWRfS1dBMWFFNVh5a1ZBZ21zVXMtRE9jdTY3a1VieWZCYkptY1RBak9kR2tPU29vWDBKb09WaUM3OEhIQ3dRbk5ONm9MNWszVk9leEoySlRIN2Z2bFNBUHlwOG5tY3dfdWhYQU5LWDRLRGNpb2gzV3hCdmxGTS1fU1lDemZQMnlhQUJYaVVabC1oZGZR?oc=5
2026-09-10 19:59:00,LITE,精簡,Finviz,https://news.google.com/rss/articles/CBMigAFBVV95cUxPblNpdnRuNGtsWFA2ckdmeDdyYWpoY295UGVaVlR5UDc2RHRNYk5LNzZBUjh6T0ZBQkhaUTE4Mzh6dm1tQWM5NTZtYnNaMHVURlBDN3pVM29CTGZKWEhsczI3SEJHQkRvOXRxR21ZQUZYZ0pFenYzWlBTaFhfN1RvVA?oc=5
2026-09-10 18:32:44,LITE,隨著大膽的盈利目標出現，大額退款支持Lumentum,TipRanks,https://news.google.com/rss/articles/CBMilgFBVV95cUxQaS1ZUzZPUzNmT2FEbVdKTG5SZWRrUmplMU40MnNCc2E5Z1NXLWpMYWRZTWt5NUk0dDRaTEtYcDVVRmhMekZjek9UZHZtSEFOWXFmbUMzQW9rSFI2Qk1YWEdnaXVTWnZnVTJWOU1FRmNVQjZRdi1RRGJfMGNCbExSRWpGTVh5TndGRHJDMExxUDd0ZmdJZ1E?oc=5
2026-09-10 18:15:31,LITE,Lumentum Holdings Inc Stock (LITE)在9月10日下跌5.08% ：主要驅動因素揭曉,TradingKey,https://news.google.com/rss/articles/CBMiiwFBVV95cUxQb1dJVHp5c3p0dkRCVE9LLXp5azN6TllqaTNHSlZydUtCNndtWVExeVQ3aXFqbU4weDFXZUdFa1NRems4dFg3dGUydUdUMU82QVozbkRGR2hiX25XVzZBaXZwYjFUVFR6S1IzdTAwNUl0UDVodXFsakxyNFdFY055Y0FjYkVNN0Rid1BF?oc=5
2026-09-10 15:42:00,LITE,GoPro飆升11 ％ ，因為Lumentum緩解和連貫持平：這是合併交易還是模因交易？,24/7 Wall St.,https://news.google.com/rss/articles/CBMi1wFBVV95cUxQSmhSeWVPVG5mU0lpaDFzMmc2TS1Zck5KQS1oWXdDRHJuUFRCdFhwZXVHSWRmbU5ZcWtsek4za3FnX2E2UUhiOVEtXy11MGRJSGdJMHllMTNKLXB1Qm50VzZfdmZseW1JVnFKZEF0WjU4cEFzRGZwcVRWTWZVTWY3Q19aVWpscTFaWUFyZ2ZvZ2M0ZnVCUG1WNDl1YVBoM3JwZ3BNQVlzeWxwV0hFeVdxZVBzUlI4Wkhaa2E3eHpQZjhSSDhGUHZoVDJsRU8xekxfc2FfZlpBTQ?oc=5
2026-09-10 15:30:04,LITE,為什麼Lumentum (LITE)自上次收益報告以來上漲了6.1% ？,Yahoo Finance,https://news.google.com/rss/articles/CBMijwFBVV95cUxNMlU5bkptRFEwT1VxQlNsbzJSQUxiNGttNWs0b0dRSmtQUHJWNTJwN0V1SEZyUXZVMktPLW01a0lvSUhUMUNEb2ZVcmU4ekVOa003UkhnZlJvemZsc2cyTTJEMzNSOXd0ZHhDZEVIUzhDSVhxaVlMZ2c1dS1kY1ozem95b18zalFTWVNmamtCSQ?oc=5
2026-09-10 13:00:00,LITE,Lite Strategy將在紐約舉行的第28屆H.C. Wainwright全球投資年會上發表演講,stocktitan.net,https://news.google.com/rss/articles/CBMivAFBVV95cUxPUk8zMzREQ2gtNFNnYU91Wk5QT2Y3cGR3YWJQNVRMcmxjcFI1Yy1STW1aTkdsaUdZQlZYNGxkbzJRVXVYZHNFTTRNQ0ZOZHlkR2xTazBOTjNEby12RGQ2YUVsTFpCX095cmxwNUU4N3V5Tko2bDNEV3pPM1VKZXRpN0JtRTRPVi1KOGl3U3EzZkpWRHkwSkFKMURuNndmbHRWZm92amJIcVdNSlNmRUY4MEJTZ2hPS2xDcnV2Wg?oc=5
2026-09-10 11:46:08,LITE,應用光電仍然超越Lumentum ：以更好的理由買回失敗者,Seeking Alpha,https://news.google.com/rss/articles/CBMixAFBVV95cUxQR0Rma0lNNF94d3Q4LWdNTHVMODFNekJYUWFlYlNoMHVqeHdUMDVSQmNmdHZOcFItbjk4a3FZNFdPYmxXdEJEMWxkNlZXbE80UkhUVTBkVnNjOG9IX1d0aTdpcDRQam9DXzhaQW05V09VbU5PUzdkdUFVOXdBYUNxWUFFSU9tamJtQlFZUjgxRGE5T1JlMHhWU1RZSmhlTllVaUh3WGk1dWVfSDVNYno5TDdVLW5Pd1hBZlZGdGs1YUNVLVN0?oc=5
2026-09-10 11:07:05,LITE,OMNI-LITE INDUSTRIES宣佈授出購股權及受限制股份單位,marketscreener.com,https://news.google.com/rss/articles/CBMiuwFBVV95cUxOcDB3UkxBdFdSeUE4emNpVXNaYW8wSDVXQUU5V2xXSEd6REJpNVB1b2lVOGFuVzNycFJsMXRLYjcySUV4TmlqR2xMT0JPNHhqSlVpNUhtd0p0bFpTcThLSmljN1JRRXhUYXRENU9fTnpzWk1sZURaRHJtcnJicGl6alVDdy1qYk44cWF6cEh4eC00MndEN19Xa0xvNEJpejNEVmc2NEJZVlRJNERMc2NYOTF6NjZZTG5Idzc4?oc=5
2026-09-10 11:06:00,LITE,Omni-Lite授予董事和高管三年以上的股票激勵。,Stock Titan,https://news.google.com/rss/articles/CBMivAFBVV95cUxOOUtTZnhPMHVsT3BMT2V3M0NOb2NnWWc5b01wanJrVTByVTctNWFLaTVMNUpPQTZObzFGNllTbjk2NVFYUWw5SVFWZzF3SExHSExnU2VOeDFKb2JsaUNoeTA4Z2d2eEZLNV9YaGNNMlFxNFpIWmVTd3Vsc3A4Rjg0Mmg3MUYwTkdnS3RzWUpRSl8yX3V1Y0ZCRFJ6dFRSSV9qeWRaSGk4dTg3ZmVzeVlQSnVUQ3ZCM0wxTHE0Qw?oc=5
2026-09-10 09:03:05,LITE,$ Lumentum (LITE.US) $ $ 1000抗性即將推出。,Moomoo,https://news.google.com/rss/articles/CBMi6gJBVV95cUxNMDlTSzdWcld0NVBQREhxbFVvUTFHWmx0ZWVYZmRJcTVHRGFOejdsYjN2QzFsWVBWSTRXY0NfRnJldElZZlZaV1U1WUFjajNaNWIwTTk1TE5rLVJfcEd6d21jY0JOYTNaX21tMUxQRnlzN0tvZHhyYnVZWUxpeEE3QnlaeHoyRkR0SXo3ei00V1JoQ1dQaHg5aVdRbnNpUGNQQkFRa3BPbVRaT1dyV0tZZkJjVTQwYjhVbGQwSkg4eDhfemM3eHI5bkd2NFdQaldkQ3dZQ2d5Y0IxTDNnZVhTMlEtaE52RHA1alBBVTFsWWRXRUdDTks2MTVDUTVHR0NfUXpwVzZLcnBWdDVwUlBrVmE3ZG1ScDhXSDRodk5ET3YzTlhBa1dxMlZvRGM4a3pGWnBScHFxdEhNTkxTTy1GNzFPUmVrVUd3QjZ2Nnl3cHNKcThRbzlzYzUxZEcxVjJPNWtUTExmY1FFdw?oc=5
2026-09-09 20:52:39,LITE,在$ 124萬的銷售後， Lumentum （納斯達克股票代碼： LITE ）的內幕人士又進行了另一筆交易,Stock Titan,https://news.google.com/rss/articles/CBMinwFBVV95cUxPTXFqLU1iQTlCTUx6SGpnZUJjRVYyTFdxa3duTFdrSzdsOVRtY3lJZDl2Skx0SnNfWVFubTFUbFZFLWI5X1RkVXllaU5oWDhaNVRYS2lQM0x2Q00zMFRVcDZmRjZQN1NZM0x3dGNTZ2VmVFVNSmZ3ajBZV3hoOVlHVVN2dkhvZjgtazFEMFVnb1otTHE4THpRMkFBR2M3YlU?oc=5
2026-09-09 19:16:02,LITE,$ LITE (Lumentum Holdings Inc)的股票表現強勁,KuCoin,https://news.google.com/rss/articles/CBMic0FVX3lxTFBmemZlUnBsVnNrZ3V4WXRXOHlIOHdkc0hQZm5iRXQ5akJDVmlTQ0NuOUR4NFA1SFBfVUpNa2JtT1MtaG9Idi1KTHo1TTFXM0J3S3FFb3ZBa0VXdHFvSldXcndDc1Zrc3pWRzJFSDFIVGJYNnc?oc=5
2026-09-09 18:32:23,LITE,Lumentum (LITE)股票可能在AI Optics投資後以折扣價交易,simplywall.st,https://news.google.com/rss/articles/CBMi0AFBVV95cUxNQnBRU2kxVjNHenJXSWNWaGxLUDFuNFVjOU1MU1g2bXdPeDFreVQ2eUVtbTlVVmVkV1BWUGF2VTlCdGdhSFdzVTJFTS04eEtJeFQ2WkwtYVpScG15aU1uVHF3S2FrQm05ZHlwM2hJOWVZYmY4R29ub2hjMmlHUW5NTk5jTUtySm5kYlpnWUI3azF6amFoNmRRWUJvOHNCN0N6ek1fSWVoTE8tVUVEMlAzMnhFU0JvaDdJakRUM2dfU1Y5MHhNRXM5anRTQ1hTdHBN0gHQAUFVX3lxTE1CcFFTaTFWM0d6cldJY1ZobEtQMW40VWM5TUxTWDZtd094MWt5VDZ5RW1tOVVWZWRXUFZQYXZVOUJ0Z2FIV3NVMkVNLTh4S0l4VDZaTC1hWlJwbXlpTW5UcXdLYWtCbTlkeXAzaEk5ZVliZjhHb25vaGMyaUdRbk1OTmNNS3JKbmRiWmdZQjdrMXpqYWg2ZFFZQm84c0I3Q3p6TV9JZWhMTy1VRUQyUDMyeEVTQm9oN0lqRFQzZ19TVjkweE1FczlqdFNDWFN0cE0?oc=5
2026-09-09 18:32:21,LITE,Lumentum (LITE)股票可能在AI Optics投資後以折扣價交易,simplywall.st,https://news.google.com/rss/articles/CBMiywFBVV95cUxQeXpZbUlBcW9hQ2Nkdk81cjJhZEhGRmkwQmlRaFpIX0RBRE4xaVRxTkJLV3pybEdoY2JYZ3dRZzJLRWNMd1YwcS1OV3RWc0J3NGF4UlBrMDBDWFUyQXYxM1RYaUt6RzNiZFZKekhUTkRGM1lzMmktU1c5YVN0RWhmclNrMmR2WXY0RGE0WjBGeXI1WjVaTnZSeFRxNVZJa3M2a01VMC1ndklOOXRwRUdJV0ZyZmVESFYzU2JsQWFhUTFxZnlidDFBSkRkVdIB0AFBVV95cUxNQnBRU2kxVjNHenJXSWNWaGxLUDFuNFVjOU1MU1g2bXdPeDFreVQ2eUVtbTlVVmVkV1BWUGF2VTlCdGdhSFdzVTJFTS04eEtJeFQ2WkwtYVpScG15aU1uVHF3S2FrQm05ZHlwM2hJOWVZYmY4R29ub2hjMmlHUW5NTk5jTUtySm5kYlpnWUI3azF6amFoNmRRWUJvOHNCN0N6ek1fSWVoTE8tVUVEMlAzMnhFU0JvaDdJakRUM2dfU1Y5MHhNRXM5anRTQ1hTdHBN?oc=5
2026-09-09 17:32:00,LITE,Retroid分享更多Pocket Duo細節，同時驚喜揭曉Pocket Duo Lite,notebookcheck.net,https://news.google.com/rss/articles/CBMizAFBVV95cUxOQ1VzRzVnRVI2ams0WS1qRTgxUFZiWDdYc25hQXEtbm1lMElZVDc3am5BMXhfdVIwZ1VTa2lFNXBUTnNBcXMyTllxNlUxS3dZOHdhVWFGaGZWcWxaYVJWZy0wb0dkWXhRS2RKbGthajRXUXV5dnlBY2JIYjkyY0NMNjJuNWoxeEdXWHQ3MG1sN0JNVUN4UGdTSmZjU2ZXOVRPbV9naXFyc2R6U3ppc0hIX3BKTHFJU3B1RzBqUmh6WWMxYmFfY21Yc1dXOGc?oc=5
2026-09-09 16:42:00,LITE,LITE的激光增長加速：它能挑戰AVGO和AAOI嗎？,Yahoo Finance,https://news.google.com/rss/articles/CBMiqAFBVV95cUxPaE1JWjlYQ1JORUI0SFhpM3VsWi1IenhSSjdxQTRNTERiTmhobXpsZkNycTVpNVFhV29UMmwwOFEzRmttY29RdGg5eDl6QmoxNERNZURjNWxIeUQtWmVqNS1VVTctSTV4ZGJGUnRZbV9JRk14MDI1Q01vOEtzQlJOYzF4WmpUTHV3WGlrOEdmb3VXRTJiN3ZNLUc3dXloZDkwY3pZYzE5ZTM?oc=5
2026-09-09 16:23:05,LITE,"在兩家銀行開始買入後， Lumentum股票在一天內上漲了11%。以下是$ 1,200目標的含義",TIKR.com,https://news.google.com/rss/articles/CBMiwAFBVV95cUxQTDJycjVDa1UtbnFZcmtuejhaS2J5M0NRdXNHOWttU2htUDBwWDVEbDBJVHRvczNya1FEY1FZS3BjdFFBb3NYRlRjZzJ5Qkdzb1RNVWxjNHZGUU1zUXZwWWFVTXkwZ2JTdHU0T1otTjgxNmVWNXpsQzdNMWk1bVNXM1ZCbS1xdk5PMlZhVDN6c05VNVlPSkVPQ29GRWMxYjdmRkRzTDM1YVAyemZXenI2Rk9vdHAyXzlKbF9hMVF4amE?oc=5
2026-09-09 16:11:29,LITE,TETRA Neptune Z-Lite入選Beacon海上能源項目： TTEK能否獲得$ 35.56的支持？,Traders Union,https://news.google.com/rss/articles/CBMihwFBVV95cUxNdHJLNmpaMk14Nl9qdmpTeTQ2djVHWUNHYkRXQS16TUN2Mlo3VU1SWGRBRzJIV3ZIaXRRSzJDZEg3MmRhYnZ1SFpBX0tTS05KQW1xWW1OWXRhdzh0U3ZIZnBJY2N4MHdMaGw4cjlyWERQYktHUVBEV0l5eXpHc3RsQ0NSTnpNaWs?oc=5
2026-09-09 13:59:00,LITE,"Lumentum總裁出售1,500股股份",The Motley Fool,https://news.google.com/rss/articles/CBMikAFBVV95cUxNZnVTc1dLaTNrSk0yMzZhVEI4UW11S1U4M09DSnBvMjZteTZYcWJneGxPeGJTWkJES0lPVWphY1gxMm1VT3lZRERUaUpyWGNtZUxJczNFazVNNnBjZDQ5VWFMb1c5S25qQW5xNUxHRGNYSTgxZWVQZ1BEbkZodnR6akowYlJXYjNkQURleU1rTHg?oc=5
2026-09-09 13:19:59,LITE,"Lumentum總裁出售1,500股股份",The Globe and Mail,https://news.google.com/rss/articles/CBMiwAFBVV95cUxQZEgtcFAwLVo2eGltY3FSVlNFcVprVVc4OURDdnZwTjJOUGlZNXlwR0RkZHBkM2RnQXNob2pvUEZDN1NCbVdrYlNkU2ZsZmdBMzFzcjhFTF9fVnNzalJQNE9IMlQyUlJzWHFPemdEZGp5aFlwUGdMMFdjSHZpUFdmNGpZeEl0U2Vta0FVcVdvckN0bUpweWhRaXpzX2xXY19JRFZreUhNRWZFbXlJanV5cWVDR1phZjBOLWZLb2RhblI?oc=5
2026-09-09 13:19:01,LITE,"Lumentum總裁出售1,500股股份",Yahoo Finance,https://news.google.com/rss/articles/CBMimwFBVV95cUxPakd0eGpORmNWRTVxc0hpV1FmNmt5blhEcl9wMDlwWDY3SVBaa0hfSjF3RWNIay02MnJBdUhvdWlndXJwTTdfcjFIUmhYckFmVlQ2QjQyZ01Wc2U4amY2b0JfeGRkZDJDN2x5SGtDN0NkSkNYSjllemx1bmFVY2NHYUZadjhBbVpNNWJTUmlKZlp0QmhIbkpKblBsMA?oc=5
2026-09-09 13:19:00,LITE,"Lumentum總裁出售1,500股股份",The Globe and Mail,https://news.google.com/rss/articles/CBMivgFBVV95cUxQOVlndlVUMHRMcFp1d3RONVkxY2FPc1NGUXpxNTRSR1pHdkZRay1KenFkWnJ4VmMwdjhGMmhveDhIOGcwNjFXVEVjcFJOT0txaWtjRnd6anlyRGM1ZTMtN3hTZVVHY2EwNThNcFBCRmlyRERDOWYtbjNNWXlUb2ZyNE1tZ2xjZU1pMHdIRmR2UWNoaTRQcDY4ZlJtRE9xaEhwMDFhSWNLMDNHMlVtZGRJMDhaSm1lLU1sOGJMV09n?oc=5
2026-09-09 12:08:08,LITE,Lumentum的72億$損失並非損失（納斯達克股票代碼： LITE ）,Seeking Alpha,https://news.google.com/rss/articles/CBMiigFBVV95cUxNZkZuRXNsM1RxTzFTOV9IeWo3VkIwcUhSOHJ6R01pc2Jxb2lZY0tkWmtEU2haMnoxU3JFbHp3VHJ4T2luZGpwWHo2d2sybzNaSkV6QmlDR2VyOU9YeUU2Wk9XVTJGeGJfU2VaQk9kTzdhQmQtNGU3Nmk3NWN2Und0ZExULWpYNWpteFE?oc=5
2026-09-09 06:25:02,LITE,標準普爾500指數推動者|獲獎者：精簡版、INTC、HPE |失敗者： HWM、AMGN、SYK,Trefis,https://news.google.com/rss/articles/CBMitgFBVV95cUxOdG1SMkRGaDJnd1VKekNOSGJaZUxiakhXSUR1SFc1cVB5YjVwdTJlM1AwLXphT0M0czhNWXNSV2xDSjdFV0hMOUM2ZHNMNTFJcnk2ZHBaM2x6M28zeGNDZ284UVVqaWI3bHdEVkZOb0hTcTRNcGl0NmZfenVnVEYyeFVRNjhBMUFkTlJtQVo5cUQ0dUwzN1U5R1R1T3ZvdUtKVk50R0RuZlhRcDh4OVBteEpMcUVDdw?oc=5
2026-09-09 04:06:03,LITE,更多可笑的李·麥克故事|第2部分|我會對你撒謊嗎？精簡庫存(VGTOL3p2r0),Mshale,https://news.google.com/rss/articles/CBMiW0FVX3lxTE92c3RfTHZhRXBMRGxiVGVja0ZMVXRMTGZnVkNKaE9vQXlFSjVEMlV5aGFRMWVpcEt0Szl6d2Q1UmFGZmp6QzI4M2I5cEhmbzJtNWJ3MG92M0phRnM?oc=5
2026-09-08 22:25:00,LITE,美國股市收盤|安進的大幅下跌拖累道瓊斯指數下跌超過1% ；人工智能股逆勢上漲， CRWV和LITE上漲11% ，而Intel和BE上漲超過9% ；黃金連續第三個交易日下跌，油價接近$,富途牛牛,https://news.google.com/rss/articles/CBMimgFBVV95cUxPTkdyVHBEU2VvRXl0anV0VVozdDdkT09lbFNOU3NTTXdfNUpaNldjY2hsTzdPbHVVN0Fha19CclVMZE41Q1VFRWVWMi1LTnFPMWNlMl9VbDU1b1NpTFlPS2VqLTEwb1lOR1hZemRjNTR2NkMyUzdSaURjQlJqUUw1MkhlSTMtR0FaYmF4UWgySklTUmhWcGRDTC1R?oc=5
2026-09-08 21:39:44,LITE,Lumentum Holdings Inc (LITE)在反彈11.0%後是否被高估？ GF,GuruFocus,https://news.google.com/rss/articles/CBMiT0FVX3lxTE04T3hwZ0gyNjQ5M1IyUFlsQUxWWXVjaDIwazZJa2UwUFdXdUdSOThNR3FyRzBrQ3BJaEpLRTVPWU9La3NFNng4R0NyLVhfeE0?oc=5
2026-09-08 21:19:36,LITE,LITE看起來高估了GF Value™ 483.6%的價值,GuruFocus,https://news.google.com/rss/articles/CBMigwFBVV95cUxOZi1wUVRrbk95cERDMWJPQ0M3b3BfT0dfM2M1UzB1SzlLYkxJZ29mbHJkck9qeVFRNGt0S3FCLXJyakhlclFiRHZZY2dlVllKMTFzbnNEeURiWU5BcW1wQjdoZHlUWkNzM3NIUllPM3FEbW9rR3l3UHpzMW1GcXhlM2lMaw?oc=5
2026-09-08 20:47:00,LITE,隨著華爾街押注AI光學熱潮，精簡股票攀升,StocksToTrade,https://news.google.com/rss/articles/CBMiggFBVV95cUxNbGt2N2dvQ3Z3eFpRWHZsOC1jTkllNk5vMXpvcFJHOWlZZjFEMk41ZUFhMW9ySEstQnZSd19SbUpjME5VZUFpUUdGWU9vMWthNjhocnplSXhCNGU5Y0N0N1ZHdXVGeFNWOEgtZ3pDRktHM19aRHBnMjdDZHpGNkFTakN3?oc=5
2026-09-08 20:34:24,LITE,Lumentum Holdings在人工智能光網絡反彈期間上漲11% （ LITE ：納斯達克）,Seeking Alpha,https://news.google.com/rss/articles/CBMiqAFBVV95cUxQRjhGOGpSbURIRTczd2hEdHdZcThWS3k1QUVld1FZUWthOEgtazZqcG03bjdjTS1WVVRneENVeXV6a3JtYjhqbFM5bTlDRmdRLXhBUWFtcXR5WTBMcFp4R09JRlRFWmZiZ1E3MUVtTW05QTUtMFYzcVdINFZWamh4OWpnQ0g1RXNDdDBjVGo0X1NncjNNcHVSMmFGd0J6MUlJclU0X1FGT18?oc=5
2026-09-08 20:09:00,LITE,Lumentum （納斯達克股票代碼： LITE ）內幕人士計劃在最近的交易中以124萬$出售500股,Stock Titan,https://news.google.com/rss/articles/CBMinwFBVV95cUxQaXE5NlNnSDFYekdnQ0dCT1IwWk93TU4tT2VqaWllZzk5bXBmWU50SjlUSUJoSFBqU251U290WGc1dnNNckFQRGhncGxWODFjRjI3M1ZURHZaeUdaeEJVb2ptNTFKYmdpRXVseXlXWF9lNmY5MnZXeXRrSF9qTlJJRHZzdlU3VXd3TUtKMWpRbTB3NWs4cF9WREpzNnhvaWs?oc=5
2026-09-08 19:03:00,LITE,隨著華爾街加息瞄準AI光學熱潮，精簡股票攀升,timothysykes.com,https://news.google.com/rss/articles/CBMihgFBVV95cUxNRGdtaUNfdVZ4MXVLUU5nUUlRemNvYm9NR01FVUFoTHhNX2hPWmhoYndiTDNoWEhnTzk3Y0RpOWpKM1BYeHRzaEs5cHZwRTNkZks1bk1Pa2pfajJyR2NvUWo0ZG9SZkpENXRjTFlDMVdXUkZfUjhzVVN0S0M3VzZ2VG1rNTNtdw?oc=5
2026-09-08 19:03:00,LITE,隨著華爾街對AI光學的押注向上， LITE股票推動了更高的價格,StocksToTrade,https://news.google.com/rss/articles/CBMiggFBVV95cUxQSEdLcU5ybnNDZFlTSW5WX0RpWUVDZzczLTdLcjF1ZFdFdTN1dnF0a3hJOWc0clV6am9xMnNmNllVLWFmM3FTSzBkZmZaaGhTZGdCNTZpelRHVUZRcS1FX0Q2ZkNpUDdNbGhJRUp5T0VXUkVUVkhab3NGbXp4NE1MQTFn?oc=5
2026-09-08 19:03:00,LITE,隨著華爾街加息瞄準AI光學熱潮，精簡股票攀升,timothysykes.com,https://news.google.com/rss/articles/CBMigAFBVV95cUxOR1BpVWp5ZGxtYV83STNwTnNHcnZQNGRZTW8yVWdJdV9TNXpORFkwYkZvcndaMzJUUVE3MmVsRGJWMUpRSlFDamd2aUlVb19qQzVwRVU5TXB6SWpmNUFDZWJ2OXAzZVVsX0tZaHV3TTBucmhjX2prQmY5OUh3OXlxSQ?oc=5
2026-09-08 18:02:40,LITE,"Lumentum Holdings (LITE)股票在分析師提振後接近1,000 $",Blockonomi,https://news.google.com/rss/articles/CBMiiwFBVV95cUxOWWJPY1pQVFAwNjZ2Q0tLbkp6bF8zTGRSUE5CcWgwU0ZzdXNtUGVaNEVCcVg2S2tVTTByTU9IY3Q3SDRCMndNc1Y4VzhnOGhxUDJUZTBfbXpqUVJTSXM5NDIzcFpOVEhMQTRJZ3JLaEdXV1g4Q21rdlZzSXZZaVlhNlFkNDhsUzhQcUUw?oc=5
2026-09-08 17:51:43,LITE,爲什麼Lumentum股票在周二飆升？,Benzinga,https://news.google.com/rss/articles/CBMiowFBVV95cUxPUHJ3RHdRYW1zWTZwZEp1YkpqRW42SWNDM3RaZ1dYYWpwWU5VTldwVkVodV9wQkJBWDg0eDcwNlduYlg0c2FEbTVKMDlCY0NfRVpPdDRxVUdrLUJtTHB2aTVtS29TQ0lNUmVUOWI2Wld5MXAyU0FSUXV1eE5YdHBidmJuanZ2aFFDLUxuUVFzaFJHY0JwYTlaS3hPdDVob2dZQllr?oc=5
2026-09-08 17:18:00,LITE,FN的AI光學增長加速：它能挑戰精簡版和AAOI嗎？,Yahoo Finance,https://news.google.com/rss/articles/CBMingFBVV95cUxNVXcwY2RRLWk5TjZOQzNYT29XYWVVY0pNd2Zpbm5LbVhyb0FmdjFhcEh2TGppM0p3OVRjaG95YkxTZnNIM0xXZklrSEd1OG9Ucl9MTWlJUDNpeTdKdGsyVHRDMExwa2d3RDFCTW42R2NRSkw0RkVXSEluZW1VN2hpLVgtSHhVcDZSaXVRcG1KZXllOUdBXzhWTDV6V21xUQ?oc=5
2026-09-08 16:33:00,LITE,隨著華爾街在人工智能光學上的大賭注，精簡股票跳躍,StocksToTrade,https://news.google.com/rss/articles/CBMif0FVX3lxTE40cV9xYmJrdE1SVHVObC1BS1JCYW96UlBHTlJGZGZaQjM5RTRHSFl4ajFoTzFnRmo0SGxvSlZ2XzE1X1FFYmdWamRTN3ZGei1kR3N4VVVIYy1udXNYUHAwNzhfcWZmTHl3N3pISlRPeTNyMGF2Z2QzOVpIdU1VenM?oc=5
2026-09-08 16:33:00,LITE,隨著街頭押注AI光學熱潮，精簡股票推高了價格,timothysykes.com,https://news.google.com/rss/articles/CBMifkFVX3lxTE9PaC1YOURObEtVQ3dpT1I3ZUNvdi15eGZ5ZWRaeGxLNmtXeVJOS0ZuRFVRcFRfS3dpb01tTmdQRGRmQzFVa2p1SXpZRmJRbXBIOGRLVjB2ajFzMnFsV05zRFEwTXZiOW1hQV9FbU8tZjl1aVNCVkR2R3lxTUp3Zw?oc=5
2026-09-08 16:16:00,LITE,QQQ今日上漲0.1% ，受LITE股價波動影響,quiverquant.com,https://news.google.com/rss/articles/CBMikAFBVV95cUxQRnR1NlNwT0NIYkhXckFFOXJIWktDNGhucnVGSk1jS0VweUNMWll1NnY0STlzN05CaWlBbmVmMmFQMktSQlgyZzRrVFVRSTR0dFJweG1sMEw2eTFzLVZaV09jM0txMDhpMkhGVjlLRmxPM0kwUVZfWElYaTRWV2Y2a1djNWxyUG4tSHFtTVBnMy0?oc=5
2026-09-08 15:36:00,LITE,為什麼Lumentum Holdings (LITE)的股票今天上漲,Quiver Quantitative,https://news.google.com/rss/articles/CBMiiwFBVV95cUxOZzNsZElVRURGakFaQXI1S0NJZUlFbDlVczFLLWViRUVnZkN6ZFVXTWlId1lueDcxcHJvQ2lhR014Wno0OXlrNmZJSGROTThLaVhKR1BKOWVHdlh2N0pkSTJfdmt4bE1Zb2R6eW9hVWpJT1p2QVY0dnRMbVVoRFMybGs2MUE4OUhFSEdF?oc=5
2026-09-08 14:33:33,LITE,Lumentum Holdings （ LITE ）在分析師AI電話會議後重新聚焦，但它是否完全有價值,simplywall.st,https://news.google.com/rss/articles/CBMizAFBVV95cUxPdHZTX2hzUzlHbXNtSUF3dTJtcDBLVEdFY05kOTRoVU16djQ1Rkx3azJHeXlBbTg4b1ZrU1p2bmh5Mzl5dFh3aF8xcm1nd1Z1aVpMaEM5NG81X2c3V0JhTHcwcS1WUTVHSGI4Nl9BV2pVUzRRMmltbVZqR19JNTZhWG1WcHdQZE5qZGZZbUJBMGNkYVExSk5QaHVOelVKZ1N0VGJIRmJtWjZON1R3bXhSU2VGLXN4X2ZEUU9ubUF4dFY3NzZOMHZuTnpXM0vSAdIBQVVfeXFMUFV0NTJ4R1pQZm1sb002WjNNbnFXLUpxWGZEYlVYdFRmUnhLXzFjM21jMV9WQmRhNWxoSmxDdjFqRTJESDNseEhmTFFPbGphaHFpSmMyT2tXNDRWYmJCVU50bXNhUjNvczMzRnBhRnlkQ3NBZlZneGZ4NFNNUjdadGZ1dXZ0UFUtdF9OMk82UjRKYWlkanNkcnRtbm1CaXVEbmt1d2dwNXZBQ1VUMU13U2dzWU1vaExTMVhxTWw2TDhONlFvc2s3MGZuZmhfeFJKbThR?oc=5
2026-09-08 13:55:51,LITE,Stewart Asset Management ： AI基礎設施推動Lumentum Holdings (LITE)的潛力,Yahoo Finance,https://news.google.com/rss/articles/CBMiqgFBVV95cUxPQ1lrLWlVTnBicnhhWTZ0YmZMLU11WDlHU3JTTFUzNUhPSmQtNjlBQWFQQnN2R1FlOF9yWXhQbTZlRDhvdEROMVFPQmdaRk10SzFFQzg0eVctOV8tRm1lVFFuNTlmdWlXRVVoQm1uNG5IZGtpRkFfQ3ptQXBaZTcwdkFrS2hkZVJiZWxVWjhBRTdMNGh6ZjdpNUJPS1pQeWtUWU1xU0szYzNHQQ?oc=5
2026-09-08 08:25:40,LITE,Lumentum Holdings ：盈利正在追趕521%的反彈,Seeking Alpha,https://news.google.com/rss/articles/CBMioAFBVV95cUxNVTZmS0VOU1RPdmZWcHM0MDU3V3NQNExiTjZtaHk2TWtyVWpscTlDYlItcDNiUnFZV2F4emFXbkd1TmhoWnVQWVZyVUc5LXdpMl9lY096THNmMWxEZWxMQlo4emJxTm5WSzJaRFdzNTN5YXJ4UElOcERQUy1sd01kNWJRWnFpLXdyR1FvcF9WT1lZcVBDUTJCTy1OcldrN3hC?oc=5
2026-09-08 04:28:47,LITE,Lumentum ：速度就是一切(NASDAQ: LITE),Seeking Alpha,https://news.google.com/rss/articles/CBMikgFBVV95cUxOTWhKN092Tk1CbDhVSWoyei1Wc2ZpZXpKZl9nWXZhdXNxVUtLY202SDFpWDhDOGw2el83UmphX1dsWDR3U0lYd2szMFJaeUgwSjYwQ2c4OWpfeVQ5dWJJb2tGU3huNHhkQXJCaUVaQkhIYmgwRVBtYkozR0lKeng2b1hBTjVsWGQyV3ZQdEdSZDdQUQ?oc=5
2026-09-08 04:28:47,LITE,Lumentum ：速度就是一切(NASDAQ: LITE),Seeking Alpha,https://news.google.com/rss/articles/CBMieEFVX3lxTE5fM0JhTENZcmFOZ2RQRHA5X3VCZ2prTmd6b2Vmc2F5eDc1Mk0tSFRCdEFnS2drUHpyaW8tY1h3U2RkYXBqcjBYRF9LQ0NETlJNTEczM1Y5cC1OLTdlbGVOZTBLbkM5TGVkQ2FFSWdEMTlla2g1UkI0Wg?oc=5
2026-09-08 01:30:00,LITE,LG Uplus推出Homecam Lite ，提供安全福利和黑客補償- CHOSUNBIZ,Chosunbiz,https://news.google.com/rss/articles/CBMijgFBVV95cUxOS1ZmNlQwQnBHdHZBYU43NzFNd2lsVi1mbHFGdUdqRW9IS0hVbVBKN2FEd1VjenJPSDZnX0xqS3ozWVlSOE1NQUxGZEhpajQ4SHROYV9jQVNVcThpUWR1RGt2azBVSm00dmw5ekZEZGJwWVpEZ0V3eUc4YlBxNElLQ2RJR1hyeDN5X3Ezc3RR0gGOAUFVX3lxTE5LVmY2VDBCcEd0dkFhTjc3MU13aWxWLWZscUZ1R2pFb0hLSFVtUEo3YUR3VWN6ck9INmdfTGpLejNZWVI4TU1BTEZkSGlqNDhIdE5hX2NBU1VxOGlRZHVEa3ZrMFVKbTR2bDl6RkRkYnBZWkRnRXd5RzhiUHE0SUtDZElHWHJ4M3lfcTNzdFE?oc=5
2026-09-07 13:30:22,LITE,哪種光學股在2026年佔據主導地位：應用光電、Lumentum或Coherent ？,AOL.com,https://news.google.com/rss/articles/CBMihgFBVV95cUxQNG43TDBTTDRfS0FGa1drX0hUNVVOWENydFVqYkRnWXNKci15M0lnd0ZISmU0ZFBsaUc3aEdjQWZaZzAzVTFRX0FqVmRyU1RYVmVqdnZ0WDQ2VGNHcl9xRndTWk41dDVrdmFxclZGWWVpb053Qmc2b083eTVOS09BVkZtbERjdw?oc=5
2026-09-07 13:30:22,LITE,哪種光學股在2026年佔據主導地位：應用光電、Lumentum或Coherent ？,Yahoo Finance,https://news.google.com/rss/articles/CBMiogFBVV95cUxOQlVZSWM5eldjVzBVdFRIQnVwR1RIM1dTN3lOUVozS09OdzVqUXpVMVNRMkVDNV9LS2RjZ0ptOE9GaVkzT2RvYzJoVk1Jd0tQT0NiaXpQenhTYnpVNFVITmNOMkYtM3dGQ3BnSDZ0VWhveHNOZjJRSWthZVZzSzhqcUk4UnRVUmZEdWZBYkNvb0xhQ3hZd1ZhbUM5dG83VFA4enc?oc=5
2026-09-07 13:30:00,LITE,哪種光學股在2026年佔據主導地位：應用光電、Lumentum或Coherent ？,24/7 Wall St.,https://news.google.com/rss/articles/CBMiywFBVV95cUxNRG91bzFjTklSeElJdDhEN1FzYUR3NG5xd05vTWFKTFhvVGNNYVRqQW1tQUM5bE8tMDBhQTQyOW4tNVQzQXk1RWFldG5qOTViUTctb3RCQjJDd2wyNm4xWlFRSTZ2X3E1U0tsN1dZNnNwelpESUhSOWtIcGVsOGhlSEl6ZDdPVnFVUEZNaHpiOFVWR0VJaUthbzJBdmhwaGp1alhWSzRDTk1hMXRhOEJrOFg1UFFNYWdFaFFJd0xRT2RnS3RMSE5uWlRIVQ?oc=5
2026-09-06 18:30:32,LITE,Evercore對AI光學瓶頸的關注是否會改變Lumentum Holdings的（ LITE ）敘述？,simplywall.st,https://news.google.com/rss/articles/CBMizAFBVV95cUxQbWlFMC15NUR2cDFuZGVxYmctQ1J6Mk92TzdWQ3BDQnJ6RHFnNElWa2sxbEFyc3Z2WDRhejZ5V2hLUWtwY2JkSHRLX3QwMjllWTRzOXlLZ1B5ZlltcjlabHFiWkVaYzFYU3RwbG4zZnktNUJIeHdST1lrb1BVcFI3VE44ak1LNW5RRlFkZ2NpNUhiN3JadjZCQ3BiM2tiRjBWdDEwSDVxN01XWXZmU3U3X0FhTDFHbjFMbHJLYTIwMVVKSnRmcEo2YWtkSVnSAdIBQVVfeXFMTjJhRE1UZnhLTHdGZHh4cy1XLVhsVExZM2w2UDg0Sk56ZFZDdmZZN01HVy1vWUxMV1dyNkE1cDg4MzlEMVdZeWhzbi1PVXpKMnloS2M1WFQwMTQ4REtqNjF6azFFbWxpRGlST1JUZ0VDd2doZkMxN2cwLW1SRTVsY0N2VUU2ZGQ0NGpOWWtnRnBDckwxNnpBek5tZG8zRldPREYtNXFiS2JlaHFJZFV2WlVaSnJ3b0hmeDBLVHAyM0tQX29waHFkNVNoLUZUSUdkMmZR?oc=5
2026-09-06 12:08:44,LITE,儘管有最新的人工智能需求消息， Lumentum （ LITE ）股票可能會完全定價,Yahoo Finance,https://news.google.com/rss/articles/CBMinAFBVV95cUxPTzhESHhfYzlVcHdCX3dWU0hnOHc3T3VTUGVSRjRwaUpkVW1GR3ZWZjJWdkxxdWNsTjNMcl85VUV1RVdQajNYLVh3ZHFBX1ZHMVdYR0J1SlZkeUxBbTlLY2RkSUwyeVFwUllDaGt2bzdOUjhFbDlmUjc2Z0ZxbXdKeFB0QTNHVDhuREpHOHJ5a0d5eDFuR0pudUFVRzg?oc=5
2026-09-06 10:02:52,LITE,Lumentum Stock Has More Than Doubled in 2026. The AI Optics Trade Explains Why.,TIKR.com,https://news.google.com/rss/articles/CBMipgFBVV95cUxNYk1CeVRQLVVQRDc0a0o2eDB0WGs4WXhzbkxrTW1UdHFKU3ZOS3NUU2N5b2w2VDZPOXd4TG52Yzd2ajFYUlZsZGdIU0UwNlpRTmFENHhkcWZNOVBjLTdJRndlSnpzZUd5WWV5V185ZWlOQnpfN3gxNWREZEl4bE1LWkdaR1Rxc1pVYTVTMy15XzdHSjB2Nk9rbjBhQWdkZUtNNm0wbGRB?oc=5
2026-09-05 12:20:53,LITE,Lite Strategy （納斯達克股票代碼： LITS ）是否處於實現增長計劃的良好位置？,simplywall.st,https://news.google.com/rss/articles/CBMi4AFBVV95cUxNUjRPR3g2dm9Jd2hzWVVwMElmR3gzX3JMWUZwODl6OVFYQ29BMFpYSU9sTlMyRjkzVFdTOFBpb0JZa3BQOGNVUUs5NE9zOG1JdEx6ZnJyaVo0MjVKR0JuQjYxTHotUFYzNTRPTElacTJhUGdlOEtNZVpoQVhISE13aHc2OERqanV6VzdnZU1HZzduaUR0Y28tYlhMYU5UVmRxZGdpV1RjbEVtMUl5c1p5MzgtbjBNU1BJUGFrT2ZwNWlMNzZLaGtJa2dCN1p5N2tYM0dobktCQVZpVjR5MEo4btIB5gFBVV95cUxNcDBPb3hLdE9FTGxUNUllLU5UY0VnUUdWMXBGRERXcjVIM24xY3FkMURGUHFvcjJJMHRKT2xUc0V1MmljVm9PcDRaV0stS2g1NnlxUHFuTS1vSHJvTDduR2lQdmtJdEdTNlBWR2lkeXczUWVYZGdmZFp0MHFRSWJnbnZ4ODU0WkJSRUYtYUJsRU9fLWFkdEdMRXZfc3VHaWJXZVFGdk1XaExCWldCX0UyRGpQallBVXgtTXp1VzhfVkJjT3VOOU9aWGRyOVlIMllSOFgta0FyZHB2RlV2QXpNZTJETkVtdw?oc=5
2026-09-05 10:39:46,LITE,BGMI精簡版FPS清單： 30、60、90和120 FPS支援說明,Sports Tiger,https://news.google.com/rss/articles/CBMilAFBVV95cUxNMzB3RURaS3BSbE80aGhZM1VFNUM0Tm1NQzZzLUVqUWE3WXhXV1ctMTQ2Um5ONXlsaEo4WXZsbm91MTRKdzgyQUZRZHNoc1N4TTFQYjRVYUR3U081LTl0aDF0M1c0SzFUbGNhMjNBMjVnNTlFVHktQkxwWTZVV3AxTUxLelBnbjgya05yc0RHZzVRUnZY?oc=5
2026-09-05 06:56:46,LITE,"Lumentum Holdings Inc (LITE) Insider以5.2倍GF價值出售1,500股股票作為股票交易",GuruFocus,https://news.google.com/rss/articles/CBMiwAFBVV95cUxOTHZLb0R3eEgzTm03N1V4cGlGbFhsMzBVbkVYWndKcXdCTEJMNE1kbEpSazViU0gtb2IyU1lWSzd2b1NlUHlkbGtkeThyWklnLVl4aTBYVDJ4NVBIbDFYMUJselUtNVpmTXlTWTRJRFBQV3ljbEw2N1VEOXhuVkxQLUQtYUdXZDdiZ084YnhhQ0ludDNvSzRteVNrX1BTc2RDUE8xeWVQcm5WdFIwTEJhckZ5Vjl3ek5xZTZGSGMtQWk?oc=5
2026-09-05 04:55:03,LITE,"Lite Strategy, Inc. (NASDAQ: LITS)股價、LITS股票新聞、LITS股價及更新",Kalkine,https://news.google.com/rss/articles/CBMiVkFVX3lxTE5KMGoxTm83cndpMlJaSkJpdEx4cE1lREJ5czBINHdReEI2QnZzRWF0Rk1mNTRpN0U2SGlpYnhRUkNjU2JaaHQxQ3kxVW5mZl9OUTJCd2pR?oc=5
2026-09-05 03:25:00,LITE,Lumentum Holdings （衍生品）今日價格（精簡版/美元） |實時價格、市值和圖表,Binance,https://news.google.com/rss/articles/CBMib0FVX3lxTE1ob0RUa2J3cUdUaG1tYzhseXZJTENCRW82US1CZ0lOMXE0VFZEWTNqMTNBR1FTdjZLZGtHd0p3MmxmR1p3R0lXT3I1MjdBeE1kY1A2YWoyY1g0UU03WTUxYUw3TWx0d3hrUkRtTWJ1bw?oc=5
2026-09-04 23:14:47,LITE,Lumentum總裁Wupen Yuen透過Investing.com出售130萬$的LITE股票,Investing.com Nigeria,https://news.google.com/rss/articles/CBMivgFBVV95cUxOWE0wbDNyNGFCbFdSSGlkUW55UjdwYWhJR3BBZ01neUtkSTlhalZVajdRTFNLb2w1Wk9EbVhkdmRRZE9uUDRjR1hqZXBiTTZNb2M1SmthNHBoSHp4RXN4NW5yeTM2NXlVZTlzZ3FFWkYySlp3SnJSYURRZU5ndFB6SlhuS3hkM1kxcmRzNmtaT1Z6SkNYQW1Hb3B3ZGc5dFIxcEJyU0d6dXJCYVQyTWMzWDUxc0l1NzAxSkVrLXhB?oc=5
2026-09-04 22:37:45,LITE,"Lumentum Holdings總裁Wupen Yuen透過10b5-1計劃在三天內出售1,500股股份",Kalkine Media,https://news.google.com/rss/articles/CBMi0AFBVV95cUxNekh3TzNGbTkzMlpLMEhiT2lILXZEbXV6ajVZX2ZNbHJRdGhzX29tTXV5elRndVZhcko5S3Jtak9icjBZOERfRk1qUnNYeTV4UXZVQS1WSlVyUmJuSkVKT3VJMWxKQ19Ca21jSGd1M1Z5SWJqVGRvWWdnRmdOaVFrSzA2cmF4bnl4SEVpYVBLTm9LTGd6SzcyTU1DY1RCRDVNdzEzcUNhcUlIekg3aUpNbzFBdExwX0E5WHVwa1hlUWtLZEJCSDRDUlRuaUVPc21i?oc=5
2026-09-04 21:33:15,LITE,Lumentum Holdings Inc (LITE)在收益4.0%後--GF Val,GuruFocus,https://news.google.com/rss/articles/CBMiuwFBVV95cUxNTGhzSENkWDl0SVFPVDRHLUNLX3kxSTQ5R3UySFBpcUs1TjYya013bmN4VURFNng2TDJFOExKaVh2cWxEYXFZbmxKLXpNOVRxTjkwcFVGQl8wVVFxYmtjbXljaXZZdXRFdktDUldVckRtOHRzZG1Wend1cEJKWEZJU3pMTEZJcUhXYmZXTk54QTFHX283d2h4VFkyY0JZeEdZRHVjS1RZMjdQdTdYc2hTS0xuWFlkc2VvQmJJ?oc=5
2026-09-04 20:51:57,LITE,Lumentum總裁Wupen Yuen透過Investing.com出售130萬$的LITE股票,Investing.com Canada,https://news.google.com/rss/articles/CBMivgFBVV95cUxQc1Exa09SWVE5b2VMaGN0OXcyVnhMeWZseU5CMm1mRndhX253SGczOHF5MS10ZFdQdDJrakZzcWpFUlpjWWdiQjhsZGJLdlREWGpNcGlkM1JMWGJTMW9YRHNuOVR5el9yVHk4aU1obFhMandBUmF2UHB2aXVZX013ZTV6bGxUNDdXNENCdi04anY5aGhTeTRaOG9Dd2VkaUlpdkRjNVZkY3hTR2VvUjR6UlIwUjdZV1pUa0J3NkhB?oc=5
2026-09-04 20:17:01,LITE,"Lumentum （ LITE ）高管在3天預設交易計劃中出售1,500股股票",Stock Titan,https://news.google.com/rss/articles/CBMitgFBVV95cUxPTXRPcFN6VElwNkF4U0ZSVGlwZm1Xem02YzlCbGZJLWk2Q2lqNUYtNk1KNjFsUTdtMGpEd2pQeTRLd0EtMEdoZXhfOHY1TDl5UUYzQTlWeXRGNmY0UUl0aTBsdnNnNkRWRkN0eW10YzRGa0E5MWZDNkVqLWhaZGZkdTI4emRwM0pxSnhNdzNoZkJHTk9YTllWYTlmMURTRDFrRWJQSDIzS2xwaU8yR1A1T0lJOGV4QQ?oc=5
2026-09-04 20:01:56,LITE,Lumentum （納斯達克股票代碼： LITE ）的Insider計劃在$ 124萬的交易後出售500股,Stock Titan,https://news.google.com/rss/articles/CBMinwFBVV95cUxQR05JX1JyUFVpdzRJekgwbnc1cVV0djlQREhrZ3pRNHZVaFZnXzZLalZvTDI1bGl4cU8wRXFFemxkTnJUdmRHNWFhS1Q5dU9ZRWViMGEzZ2l0dzI4WFpBTDFYdFhmRHRyT0xRd0tKdkJBS05naVJSSTMyUmJoZzBqeTNObk9GRWlZY0VFXzlUWERDbjNDcU1aX2ZrM2tpQnc?oc=5
2026-09-04 16:20:00,LITE,GoPro在Starman光學合併和Markiplier賭注上縮放34 ％ ；相幹攀升7 ％ ， Lumentum增益3 ％,24/7 Wall St.,https://news.google.com/rss/articles/CBMi4AFBVV95cUxPWEZYaV9qaDVTZ2NVcGUwSGx3d1JsemdQWHZMT3pjR1BqN2hOb3ZfVGJZMTJseHA2dWRDTk5VNHZNUDJFTEdtVUdnZlA4WVpnLXNUT1dURHdJQkFhMllabjg3bFoyUEFwOWdBZUtmOU80OFFNZ1ViVExubzZRUGEzakk2TmtkOHNJa0N2UTdLMElNRUFpVWJvVkJfTzRPMW8xTjJ6eENUTmdGdVdWLTZ0TXBrc0VFM2ZHR294OGRjeElaWVNldk00eW16MDBSRkY1by1icThSTG9ibDl1Wm5EeA?oc=5
2026-09-04 11:31:41,LITE,DAIMANTÉ推出LITE LUXURY ，更輕鬆地表達有意義的珠寶,businessnewsthisweek.com,https://news.google.com/rss/articles/CBMiuwFBVV95cUxPTDIyYU03dUxRUDlsYmM5V0tBYk9SY2VxazZGNkJRR0VhV3phRmQ1blBiUVU1RkRVNXVndUpvQTh4cVZvNUV4bi1WVVBmb2ZzWG5MMGNrVkZCMGlwRFJFYjJqZWlhcUVMODVvSTF0Tm51bTZHUlA3ZTgwa3dkUHR5bnEybFlveHdjNUpCM055NzBTS1dZZkI3VldRRmFxa3NMRUV2aXNFaEM4ZmRiVVFodm5Ea1lyTXVFaks0?oc=5
2026-09-04 07:01:43,LITE,Ben Cabango On Sheffield United | Reaction Lite Stock (i7bHLSMgh4),Mshale,https://news.google.com/rss/articles/CBMiW0FVX3lxTE13MF92Q0oyMmYwcU9fazc3Y2tkblJmUVBKOGZZTTVKcEx5MGVCWVJrUXhVc1UwN0dmMy1PdnZHbmY3SHRKQVg1WDBrdUdIcWFocVlBZGJUaWh3Ujg?oc=5
2026-09-04 04:48:29,LITE,娛樂新聞|認識Teyana Taylor導演處女作《Get Lite》的演員,LatestLY,https://news.google.com/rss/articles/CBMixgFBVV95cUxPejk2YlZMdi1XdGQ3djlHNmkyWXZVVjdZZVd0RGlZay16QlprSjBReUJJLVBDQ0xfREZJcFEzNUVSeVFGTGRKYmZCdkpSQWc0dlJhZ29wMWlrR01PcmNRbUVjT1h3cnZQcURXenZpLUxIVlZSelRGcGZaNUREUURxTWo4QUVQcm15NmZSUG9kbUY3ckV1SDRtZEZ6cGVReGxMLUl3MUxiUDB3bHBwV0F5OE44LXU2TVRjMWtvZERJd0lqSmVQZmfSAcYBQVVfeXFMT3o5NmJWTHYtV3RkN3Y5RzZpMll2VVY3WWVXdERpWWstekJaa0owUXlCSS1QQ0NMX0RGSXBRMzVFUnlRRkxkSmJmQnZKUkFnNHZSYWdvcDFpa0dNT3JjUW1FY09Yd3J2UHFEV3p2aS1MSFZWUnpURnBmWjVERFFEcU1qOEFFUHJteTZmUlBvZG1GN3JFdUg0bWRGenBlUXhsTC1JdzFMYlAwd2xwcFdBeThOOC11Nk1UYzFrb2RESXdJakplUGZn?oc=5
2026-09-04 01:45:18,LITE,TRADR 2X Long LITE每日ETF （ LITX ）圖表和價格歷史2026 $ LITX,MarketBeat,https://news.google.com/rss/articles/CBMiX0FVX3lxTE1YWGlxQy05dHpZdDQ5TFhWb2F0VF9pb09VbHFuZ0pTX09va19OVk0wRlRZcjBrV1B4ZlpxTU5FaDVfQmV6cTFNbTNrV1hGMVlIalgzYVdmOHNKclFBRTlB?oc=5
2026-09-03 22:48:00,LITE,Lite Strategy Inc. （ LITS ）持續維持在1.04 $ ，因為區間綁定交易持續-股票缺口,vinanet.vn,https://news.google.com/rss/articles/CBMitgFBVV95cUxNMFRERkhGYV9tUHlkay1DOVg0dmhQWndxWW8tMVlLNlU0c3lCRjQ0WWZvUDdRRXYtZlB4T3RRcGRObC1BMnJjZVBsVFBJM1ZjSVZ5TXZRU25SNlF1U0VQZFVGQUtfRTRsRVN1T2JTNkx6M1RBdEo3OGZMbXhxM0x5WW1uNFFfcnZHbHdOM2FVOTZNaHRMTVBCaG5ERzRzRm9qMlB1bEp4enpWSFlqekxHNG0ydl9UUQ?oc=5
2026-09-03 22:00:29,LITE,以下是10年前投資Lumentum Holdings的100 $今天的價值,Benzinga,https://news.google.com/rss/articles/CBMiwwFBVV95cUxPMmJhZ3hxS18tX2xpcVBxczFvZi1mSHFNUG0xWVlGa3JLNTYzbXNyd2UyVmFfamY3UzJDenBrbjliazdTMDFxaUVBY3piczJxTndhNUZMVjJsb2RJUnBOOVRQdWFtTS1yaEFDY3U1ZDF4NDRFREpOTmZLWl9ieGtDMWp6ZEVPLXU5UExmU3ZqMDI0REpvM2FHNlVWelg5bjJIbTBiMkhfT3UySTVMNE5qaFRxdjZGWEdMOG9vUXRsWHlvVzg?oc=5
2026-09-03 20:24:22,LITE,Lumentum （納斯達克股票代碼： LITE ）高管計劃在最近的交易後出售500股,Stock Titan,https://news.google.com/rss/articles/CBMinwFBVV95cUxPZkRkZUxXbk1NZHJNSVBPUm9laDEtdXNYQXVPeE5uaVR6SXRFOExPWFI0dVVRMk84TkFaWExpUmVFZGM3QXJkQ1dEX0pFUEV2OGV4QXh0SW16N3UwblYydXQtcV93N1VHZVFBMW9mUU9iMEVjci1jdUtEeFVSODFXOGJXVVRBUExDTGVRb1hVbHZxVE9UczhqQnppYUxhY3M?oc=5
2026-09-03 18:15:24,LITE,突破： Arkansas Razorbacks鎖定KJ Jackson作為QB1-此公告對Fans Lite Stock （ pMgQTVcTkm ）的意義,mshale.com,https://news.google.com/rss/articles/CBMiW0FVX3lxTE5TYks5WW54dlM0RjVHMHFWZUM4NXFpWkFkUVZad1VKRG5SNEp5Y3ZvQlFSYXhqWlBVMEFYRXFnOFo1QjRwVmMzRlJwbGE4MmpCUzk4ZDYtX0t5ZFE?oc=5
2026-09-03 17:17:53,LITE,Lumentum ：太貴了(NASDAQ: LITE),Seeking Alpha,https://news.google.com/rss/articles/CBMiggFBVV95cUxOSjlNdlpJSV81VnN6aGZRMTk2bk5qTHhUdnNwdDFXYUdtOGhOWGFVZXEwbkUzMHJUMGVoS09yWjBJVzE5SG53OEpxd29WZ2MtUl9nQmhweENkNjZxZUk0LTZEdGRhRE5hRWkyczR0TF9GLXQ4cjBlWGJvTUZGVHhBWFlB?oc=5
2026-09-03 14:39:29,LITE,Lumentum股票下跌，因AI炒作交易冷卻,TipRanks,https://news.google.com/rss/articles/CBMijAFBVV95cUxONndqVnBPMnZTd29Dal9udlF2MDVZQ2wtNDRXemJTNHRZUHRDOHVmX3NKLXJwbnRmeTE2UFowTmhETjgxNHdleHg4WWQwQlFsSGZMNTlpVUZHak1xaE9ja0ppNmdNdU5KakNqcFZ5aFdVbkxDbHJTelpvbFl4TkVpX1B6eXdKNE1FYldTSA?oc=5
2026-09-03 12:57:00,LITE,Omni-Lite Industries Canada (TSXV: OML)上漲5.56% ，因航空航天和國防增長加強投資者信心,kalkine.ca,https://news.google.com/rss/articles/CBMi3AFBVV95cUxQaHlJUVRnYlF3QzBlLXhjUlRsOWU5dzRCdV9EN0VOcWJROU5RUjNxNkRQb2xKRHVockxwZWhjcmtxc2pTMllBTmZ1NkZJdFBrbzJWNFFFeHhvX1VPT1FFN01XUU52V0RUS0pCNlM0bUZDbUNPbUNwVUJxeWRYNDhDOHo1dGx5UUY0Ym91cGh6cUhtOHRVZVRzT2tKclNfckFpVFdHVVlwb1F6WmdTSzFpUHFqMTV5YVJqVXItZ0UwUEc3QnJqaTVCRkQ0Q2w2TlhoQWVqSTRCU0pHVW5f?oc=5
2026-09-03 11:22:53,LITE,"配備10,000mAh電池組的vivo V80 Lite 5G將在馬來西亞推出：可以期待什麼",NDTV Profit,https://news.google.com/rss/articles/CBMixgFBVV95cUxNamg1dzE5aUJ4c01kVDg0ZjBIYXQzRHk4ZUV3bVVna25jNTZ6Z0YyX3BrRTNMV3c4WVZNSHRfakRvZ0N0cVY2TzA5b3FTd0hWQ0xMUk9WUDBEWnY2OFdwSk9RUjNBRlVvdWc1dFFPYXd5N1NkSmlqNVFwWWs5MmNlZll5VUo2aVRvM214YTdXMk53LUVfNGxHT25hSldvNFAwV3cwSFd2Mjd2YnpqaFdRZTBmUV81Tkd4Y3VlZ3FnUEZxcUx5U2fSAc4BQVVfeXFMTUpQOGFqdVB4TEFiZDl2RkhKUzZ5QjJVVUFqX2ZOdWtDSTlOQjRpRFBLLVhxa3NDT2ZaeEZBZ1NacVJXVERZTUhiRURzQ196T0ZqdmNLTkZyelN5cXNTeGNrcnZsNllUNnc1aTA2aUQ4VWVmVGhOQ0htSTNuTWRMLUN3eTBjMHl2cF96MGU5eHdmY2dnbHZtXzB0a0ozY0RQbzN0YXIzdzlKTzNLaTJlOFZyOFVwX2loMXNKc3hUVUFGVDdNZGJocThteGNXLXc?oc=5
2026-09-03 11:07:27,LITE,Vertiv、Lumentum股票在標準普爾500指數包容性公告後上漲Investing.com,Investing.com Nigeria,https://news.google.com/rss/articles/CBMixwFBVV95cUxPOVh2UUwxQTJhVTdramxiNVZiSlhUUDBGaGFqMVlaNkRJWXQ1bDh2REthOHY5c1VabGxIUkJHXzhQeURzMVE1dFNaYUo2S252WS1MMmNCc3VxeVRTdmZUcVRHMzQwYkVPbWhud0NyQTNxakhrVEFmMVFib2FsSGk2V2VWMzY0blpKTnRYWkN1enBlYzBoRkxrS2RMZ1pJekFzR0dpd2pUZHpJRzM3X1M2VVNuakdUVWhvNEplLXpvTS1sZmVscXJJ?oc=5
2026-09-03 09:01:25,LITE,Lite-On Technology批準收購波蘭DCX Polska的少數股權,marketscreener.com,https://news.google.com/rss/articles/CBMizAFBVV95cUxPZWV6YzAteUhnQ1F4QzNWLUxiSkhkVHZmbWgtLUswcVpRUU1BdzBsM1FmMlk3ZjVSS29HZ2FCazlrYU1sQjRCUE5rbmE3VnBZeUxoQ19ockpqOUp6VUtzUU16V0w5OFJVdURpdlpIX3EtRy14eGF1MU8xQU14VnZDckdVNjR5ajBqdjBpZlJlVDYySVhtU0VBM1lWLV96SHVHLVFXQ3k0YzE1WG93WkU5cVA5SzV6dXk0SjhOVlp4REdUemZQTmZRZ2dJd3c?oc=5
2026-09-03 00:01:28,LITE,Lumentum Holdings (LITE)獲得$ 20億美元的人工智慧光學合作夥伴關係,simplywall.st,https://news.google.com/rss/articles/CBMi0gFBVV95cUxOSVo5Ul9aU2YteGZTT0cyamYtaVJfcElzbFN6T2ZoQzR4SXZRLV9GRWZYbnJxeDZ3RThoODJ0ZXFoQ3JBQkV2NklzWnRqdnkybTZac0dIRW42d09md0djLWxGLXRjeW1KSm40dWFEQUVsTTJOSTdPSVBlVmZsN2pNLXJtMDczT3NfZl9xYi00YXptOVU4TU1mZXB2X3A3RDdJc0FlMExvYUFPSXpYWVE2cDA4YzJES3VZdzN1aWlIVXVyU2JqalpZcWlNTFBqeHBzOVHSAdIBQVVfeXFMTklaOVJfWlNmLXhmU09HMmpmLWlSX3BJc2xTek9maEM0eEl2US1fRkVmWG5ycXg2d0U4aDgydGVxaENyQUJFdjZJc1p0anZ5Mm02WnNHSEVuNndPZndHYy1sRi10Y3ltSkpuNHVhREFFbE0yTkk3T0lQZVZmbDdqTS1ybTA3M09zX2ZfcWItNGF6bTlVOE1NZmVwdl9wN0Q3SXNBZTBMb2FBT0l6WFlRNnAwOGMyREt1WXczdWlpSFV1clNiampaWXFpTUxQanhwczlR?oc=5
2026-09-03 00:01:27,LITE,Lumentum Holdings (LITE)獲得$ 20億美元的人工智慧光學合作夥伴關係,simplywall.st,https://news.google.com/rss/articles/CBMizAFBVV95cUxNSFZRekdYRXNHLWZ6V3FkT2J1T2J3WlRQNWFKSkNOUS1sLWwxdnY0bkhIWEp6QlBYT1I4V1NuTFFLS3BnTHJtYWlhU0ViUlY0bldOa2REckt4SUVSYS0xd0JuckpuQ3ZkZnhJRjF2VFZ3UXpuX29sd0RRTUw3YkszcmxnbUJnRF9GRDB1Ul9aSm5nNXBLTEZaM2ZVU21UbzBIVlQxUnRGTVgtWm9xS1RJN0FiSGhycTMzeDBMay12RDJhZzFtcEMyUmVtdHbSAdIBQVVfeXFMTklaOVJfWlNmLXhmU09HMmpmLWlSX3BJc2xTek9maEM0eEl2US1fRkVmWG5ycXg2d0U4aDgydGVxaENyQUJFdjZJc1p0anZ5Mm02WnNHSEVuNndPZndHYy1sRi10Y3ltSkpuNHVhREFFbE0yTkk3T0lQZVZmbDdqTS1ybTA3M09zX2ZfcWItNGF6bTlVOE1NZmVwdl9wN0Q3SXNBZTBMb2FBT0l6WFlRNnAwOGMyREt1WXczdWlpSFV1clNiampaWXFpTUxQanhwczlR?oc=5
2026-09-02 19:42:22,LITE,Lumentum股價下跌5.0%後下跌,AD HOC NEWS,https://news.google.com/rss/articles/CBMiqAFBVV95cUxOOS1EVTdqbm1Cemt4UVdLaHpXaHdHZWhhaTJaQm9jcE81SzM2YU9oX0pSZzJpYzlfaWFwQzB1N01ZSjFzZWZyNzZ4MDlIc1ZiLWkyWWhnUEp5d3p6b0Fla2ZvLTZzblUwR1NvWVpWWWR3R0ZVRHNJTGE4MmhKc3M0Q3RQN3lsTHFfdjFmVTBlQWdPQjVLVmgwdTc4aGMwZUkyd2dKQ3gxM0E?oc=5
2026-09-02 19:42:07,LITE,Vertiv、Lumentum股票在標準普爾500指數包容性公告後上漲,Investing.com,https://news.google.com/rss/articles/CBMiyAFBVV95cUxNc3liRWVyTUtkcmdnZTc4N1RsSTlNWmpmUVVGRFJ2ZUZ4RnNRSmlKbWJoMFBJemk3UnRCYU9lVEdFR29IelQyTVlaUkNJZlM2Z2hqODB3dzFPYUd6SWpwMlo3M2NhcTIyQUxSdEtRUUE5T1lKTmlTMlQtdXNySnY3R1lWTEtJODhEX2FqTkh5YVBWazZQVDhfX0Y2aklCX3JGZVNVclhxcXVQSHJ0OGQ1TVJxYnc3aGNxTzFQemUzSHhodGlHWGFpLQ?oc=5
2026-09-02 13:07:16,LITE,"Vivo V80 Lite 5G推出超棒的10,000mAh電池細節",Techgenyz,https://news.google.com/rss/articles/CBMiZkFVX3lxTE1EUUQ3WWI4SWVRLVlfM3ZlVm5Zd3QzX1M0bktSb2QxUm1KT19Td3h0WkVHS0htU2Z4cW1Ua0U3TXl4ZGpCb1FXV1B5UENLdHhmN3QtSll1anBSdTBBTS1Zd3QtSkNLZw?oc=5
2026-09-02 12:53:38,LITE,今日熱門科技新聞|中國禁止Windows、ISRO AI衛星、GTA 6洩漏、Redmi M100電池、BGMI Lite預先註冊,Analytics Insight,https://news.google.com/rss/articles/CBMi-AFBVV95cUxNSlA3dUViSXFNakJPUEg4Ni1GMm9rd0hRMmItcnMtaXRwTkhHSXh4cjBKZ3VMek1Bdm1kMElybFhxSGtqNlVtSVdOdXVlbTI2NjlJcXpzNGlkcTNOOUNTQXEyeDNIYnNXVDFJSWV6RVpLNkJNXy1QVWpCdl9tUGQ4Mjc2MDV0U3dsQjk5VDZSX3FQUGhCMzd2dE1LTm1tcm5yNzBfOXk4bG1qWlRwMGpDUWRDMlNBdHdBMWgySXkyTk10T0FjN0VVLVpwcW1talVSSEVTMXUyOElvMkhVUFRzaDRHQVdQZkhKNldMWWpBREtSNnJKY2RzV9IB-AFBVV95cUxNSlA3dUViSXFNakJPUEg4Ni1GMm9rd0hRMmItcnMtaXRwTkhHSXh4cjBKZ3VMek1Bdm1kMElybFhxSGtqNlVtSVdOdXVlbTI2NjlJcXpzNGlkcTNOOUNTQXEyeDNIYnNXVDFJSWV6RVpLNkJNXy1QVWpCdl9tUGQ4Mjc2MDV0U3dsQjk5VDZSX3FQUGhCMzd2dE1LTm1tcm5yNzBfOXk4bG1qWlRwMGpDUWRDMlNBdHdBMWgySXkyTk10T0FjN0VVLVpwcW1talVSSEVTMXUyOElvMkhVUFRzaDRHQVdQZkhKNldMWWpBREtSNnJKY2RzVw?oc=5
2026-09-02 04:31:07,LITE,Lumentum總裁Yuen透過Investing.com出售$ 137萬Lumentum股票,Investing.com Nigeria,https://news.google.com/rss/articles/CBMiswFBVV95cUxOQndJSDV3aThtcW52U0FlZDFxR2RzLUF3SE5ka0I2NFoxbG9FeVNZRzNrd1hSQjFDM0pnTXhKVkVqMzl3bXg2R1E4dENJb3d5UGU5THl4VVctcDZYbzR0WW5NSzhnSjlpNlNjZGNHMGpaWENqQ21KNzVLQUxJSXlEdGpvS191b0tERUpQVTY4QkZkekE3VXFqdDItS2FXN3ZqRHJiRjI0bGVHRXBKTjZJUnVkRQ?oc=5
2026-09-02 03:25:04,LITE,Lumentum總裁Yuen出售$ 137萬Lumentum股票,Investing.com,https://news.google.com/rss/articles/CBMiuAFBVV95cUxPaC1CRElqWDUyaHBEN21VVnJGdlF2Z3BLNmxXR3dJWVZ4anYxbXFITS1YQ0NsQUI5eWVqdWFQX0IyZ2dBQk5LNE1CZUdPekdmWC1aVjJqbGxPb0VUNVg5SzZ0Um5UOWdhd2pSOTJLdUVZT0s3TlJzVlpMY3NWS2tXa3UxbjZhLU85RTJqa2NOR1JIVUQxd21PSkkzLXpJVGNiejZKaDl5M0NEak9OdnVSQ0FKWUdoQnhD?oc=5
2026-09-02 01:50:14,LITE,Lumentum (NASDAQ: LITE)單位總裁根據10b5-1計劃出售股票,Stock Titan,https://news.google.com/rss/articles/CBMitgFBVV95cUxPelZySG5nWjBJQlU3WFJhTEdsLWZkdXBQOUtqbVlhcUFNTWpRLV9YZGhvVm5ONTVKVkhUajJld0YzTkVPLW8yTDJqc0gtZ1lEYkxkR0JRRkxJd0R0UzRNVmpRMWt5N3l0TjFMVmdNc05OdGVOSTNaUEtRcDFlU3h0X2k2cDNzdFU0M2xWX2VjcDEwa000YUxBeWF2U1l2NEFHLTlJaUZrU3RnSmxvOG1rTG05eTJGQQ?oc=5
2026-09-01 21:58:11,LITE,Lumentum Holdings Inc (LITE)股價下跌5.0% --GF Value稱,GuruFocus,https://news.google.com/rss/articles/CBMisAFBVV95cUxOYnJLVUY1Uy1NQmt2VnV1MVNBeDEwd1lZZWVjcF9HSWVwbmJ2Z3RjQzY5Yi03aGpqWmdMYlFtSjQzS0I3Q0Z5US1DWHI2SUZRSVVQOUJhSXJmaDBSZUNHTWRGUkdPVmhDM1BEb3NnT0VHLS1BdEtjcndyY1JMdTFnUmFLSVFEMDdJZHM0Q1c2eW9DYTFEbEVDbGhtZkt6ZlcwREs5dkJOd2RGa3lFUGpUbQ?oc=5
2026-09-01 21:08:27,LITE,"Lumentum Holdings, Inc.收益和收入– VIE ： LITE",TradingView,https://news.google.com/rss/articles/CBMipgFBVV95cUxOZHRTU3pOLVY5bWtEUHRSX3NteFR1eXlvRk55Q2dRVk9zcFE0aFVlcEtkRVQ2VU5LVVNsdi1iUEZkdlNTN3FXR1ExX3Q5OWxjRHhmSHczaWl2ZkIzc0U1V3NmSnVzUkJJclpDMlJZcmlMYnNLeWQxQkxHV2k2bWRjU1gwM2kwS3FqWklZakh1S1VRSV8yOVNCQ21PaUhwbzlkbGtfRThn?oc=5
2026-09-01 20:27:04,LITE,"孟加拉V80 Lite 5G價格： 256GB版本高出Tk10,000",iNews Zoombangla,https://news.google.com/rss/articles/CBMiigFBVV95cUxPa0VvMkZYM0FTZnk1QnJVaG5zYlhZUnZxUVZTb0FsM2FVZi1ud0NzcnNuZkRwa1VETDJmQ1FqVE9laFRSYVFnWlR3b0tmUmE1Qi1kS00zTTE2d2Y2WXlhSmJEd2hjOUI5a1ZuRmg3dzN5OGFQbzktdERuVlRQT3M3czk2M2hxYWdMR2c?oc=5
2026-09-01 20:11:52,LITE,由於分析師看到進一步的上漲空間， Lumentum股票在AI大幅上漲後整合,AD HOC NEWS,https://news.google.com/rss/articles/CBMiywFBVV95cUxNWXd3VWVURFZNZ1BTOWhlQWplTlFOX3l0X0dRaE5FckZuUXYxQ3JESDI2UkVBdzJDT2M3eURSd1RoNTJDODh0WW1WQmRZZF9UcnhmNG1yajRfWl9uNnZCcno5SE83c2JaQWFlRGxPTFViOFJsVlBkdjY4YmVYcVJ6Z2pvcnEtOVF3OGVRTjBoMGZMWEFtUGV1ZkVwcHdxVXZMTnpJX2VPWkNzM0ZXVE9tRkMxaEQxUk84cXlpREtvQnA3YjB1T3dGZ1hWMA?oc=5
2026-09-01 20:04:18,LITE,Lumentum （ LITE ）官員將在8月份股票銷售後再出售500股股票,Stock Titan,https://news.google.com/rss/articles/CBMinwFBVV95cUxOYjhtQ00wdnhXVXV6TmhNbV95WE5MdGRONHdDN2VENy1EQk1MaXAwTjNXOEl0YmEwNUVzS0pTUkppeUJBS1EtTkhnN0VVVk9TZ2tTQnM5ZHlYRzA5RnliVkpIYTk4MXhTNVBGMkVEVFU0VG10ZkpaMjJSclh5TnlBUTZUSGdqSGstU2lyeEF3emFQaURrTVg3ckYxSzdfakE?oc=5
2026-09-01 18:51:36,LITE,德意志銀行的LITE Initiates覆蓋範圍--評級設定為購買,GuruFocus,https://news.google.com/rss/articles/CBMingFBVV95cUxONmcxWlp5ZFgydGV1cVpFWWowX2didEgtZWJXWmZOV3RtS05rV3JyOGFibFpxLWZVNUlMVHh6amFoTlE0N1AzWE9wZUVHUlI2SnJrbVlraVVmTGRKRjBjTzEzZ0lodm11bjlGblFJaWdoMWNvVUVEZWdHUlMxOFVrUkc1U1VCZGh1eDRmaHhuQ0NVdlkwRE51Wjd3VHFjQQ?oc=5
2026-09-01 18:00:35,LITE,德意志銀行將Lumentum和Coherent頂級AI選項命名為支出激增,TradingView,https://news.google.com/rss/articles/CBMizgFBVV95cUxOdmJaUl9KYmtDTk0zd3BUaTVveldzSnhlODk3NEYxV2RPMXBET3VFUW9pMk1Pb2ZNYUdpWEJlSTNkeXk2aklGODJvS3RkbDlTdDZXVktjcHdvRmY2VDgtb0hkV0JsVl82NzhBWGVscFU5MFpsVVA1UnZIaDBfOVVKTnFaY281Nk9KeHBoazVmTGtIQWNXaEhrVDNLRWY4eEttSVlKSGRaSEhFYzF0SDdiTjFuZ1RsMWUzWEhILUt4UHd4cmxLdzQ2MUk5RDF1dw?oc=5
2026-09-01 17:32:22,LITE,Lumentum （ LITE ）股票在非常大的收益後看起來完全定價,simplywall.st,https://news.google.com/rss/articles/CBMizAFBVV95cUxQWWUtbTVGZlJ3dndYR2FJRjY3YTgwTk9nc3ZPeGgzdUYzZXBWSUlNS0VXYU5VRUF0TWZXSWttRTRXMDVlQ3N5NTJ6UEJGLVpnemw1MC1SeXhMQ0FSWTkzRlUtWGFIVDZucUFsN2RsNWdGRlNUX3pGeWYwbU5EYmYxNHNlMTRYeExTcGpWcEJTeWR6YXlNZHJzTEc0N1VIZjNtOFBtd2F4cWJMU3dtVWg0bUNDNTFoY0UwczdqaTRVNTFLX25CZ0tnZS1hZ2fSAdIBQVVfeXFMUEdPNWxkU2VXYzlTT0VORXc4c2t0QTc5cXI3YkR6N2IyT2prRWdWVUNIXzMxdDdDOWZwOTh4OFdpTEp6X0IzcE9nNkFzV0J1X1VVWUZCWExwa0RDMDg4Z3ZraENsN0owdi1yeXl6bjRVdE95bndmSGhoRWNSdUNOVW14a21zYzNMTmRtSGo0M0xDaG5BclRkUjE0QkJSdFd5UV9OTUtwY2NmVXl4OWV3ZEhNT08yY2U5aXpycW9TSGJQMjRWV0dDakRqOHB5OGJGMXp3?oc=5
2026-09-01 17:19:00,LITE,Lumentum在獲得148%的收益後成立； AI Summer Swoon產生新的購買點數,Investor's Business Daily,https://news.google.com/rss/articles/CBMiiAFBVV95cUxPSWF4RnNEUGdORFpEbkQ1cHB6b2lmOGRXVlNuUWlQUHZQTjlPYlY4eEprU2lidGdEYzJUOE1uOVVrd21oZlVIMTIxcnFGSVoya2x4dW9nbHhmQ1NWc1kweFQxaG9sV3RISU5fa3NHS1ROcjRGeElWQm1TZjZXTU03dEJlSkxFMGJ5?oc=5
2026-09-01 17:19:00,LITE,Lumentum在獲得148%的收益後成立； AI Summer Swoon產生新的購買點數,Investor's Business Daily,https://news.google.com/rss/articles/CBMiekFVX3lxTE0yYnFDY004TmRXNkI4Y2gtM0xmZE1KQnUtZVBTNzJBVV8xdEdfQ2d0NG9nM0ItUEFCSnM5UlF6UlFKZkViUHRpVGRxMmV6V1pDWjEyUnJHUXY5dDNVTkRWU0dOZmNoY1hDZ0RDQ0JBTXl3OEhyWXZEa2lR?oc=5
2026-09-01 15:42:01,LITE,為什麼（精簡版）價格行動對戰術交易至關重要,Stock Traders Daily,https://news.google.com/rss/articles/CBMizgFBVV95cUxOSDVJTTY0aWtrZ0JqTDNCazQ1OHIxQzY2c1FMZzBoVWk2SkVWRFJOMUY3SGJoQjdPXzJmMU5BUW1TZHQ5MmhZbFVwN2s5c2NtUUJRMU9sN2NUMFFzQnN6alJmT29uNVM1bWV4QmRyZEVJOHIyVWxEaWM5bXZCRThLVDRjU2FKVHVUeEhwUWJpYkc3OW5JZmtyaVU0dEdBd194STFfa1VtVFZEa044RFhGSHROeU8tMVNwQTM0NGY3SHhqSFZrNElkSWRWNVpyZw?oc=5
2026-09-01 14:51:00,LITE,Lumentum股價下跌，因同行融資行動後AI光學集團走弱,Quiver Quantitative,https://news.google.com/rss/articles/CBMiqgFBVV95cUxOc1pIZ1ozUWFKQkFQekxzejlXMnZSOW5ZYVhNZnY4MWxqOTJmZGE0NHFYQmp1eWpxUXdEZk5jTHRvZjZ0NFNpUExBalBnbjVabW9DdjFERGNVWHMxZnhuZUpYb2E4SFc5UW1QUU1mRjZ1NVc4TEZvUWhDbkdBb0Y0dXBHWU00YXIwYWRRY0hjYlBNak5nN3pudGV4NWlSVWtCZlBDb2M3OVpzdw?oc=5
2026-09-01 12:04:08,LITE,LITE看起來高估了452.7%的GF Value™,GuruFocus,https://news.google.com/rss/articles/CBMigwFBVV95cUxOcmxmSlpXSURVel95Sk5PLTlTUVE5ZlNMbkU0WE9nYmhta2FzTmlnM2ZYbUtkMnZ3RHNFNHlLLTd3RFFKZlJUa1QtckRWVDlOT0IzQkNDWGV4MjF1czZyRG04R01HZHppNWxuaFB6VG10U1l2NXF1Z3MtVGtqUVd1OERKOA?oc=5
2026-09-01 11:30:26,LITE,德意志銀行將其頂級人工智慧硬體股命名為「撿鏟」股票（精簡版：納斯達克）,Seeking Alpha,https://news.google.com/rss/articles/CBMiogFBVV95cUxOVzVVRHN6VUtIVWtxTXUwYlQ5YW5CeXJ3T040MktCWS0tZHRKbFlWSlJySDQ1UXZySC1DdWVLZWtPbmRHN1BhMmg1ckRtUnlraU9xRWJSVEgtTEdWd3NldU04a1l2ZFdmRHpNa2NWX3NzN1NwMzVPS3ZZeTY2dGNocmRzNzh4VjBha082ZGoyTHgxbFZCX2tOZjR1ZFNIUG1BTGc?oc=5
2026-09-01 11:05:04,LITE,主教練MIKE MCDANIEL與媒體會面| MIAMI DOLPHINS Lite Stock (LB8fTCXo13),Mshale,https://news.google.com/rss/articles/CBMiW0FVX3lxTE5yOXgxSzdfOGQ2aFpHWlhPampFV2VlMkNtdUJvdzZBaF9xOEM1RGtjRG1yd3VWakR5V3lXQW1OLXJOMFB4QzQxLXpKbTFqREt2Z2pDMjE0ejNiRHc?oc=5
2026-09-01 10:10:38,LITE,小米G20 vs G10 Plus vs G20 Lite對比,Digitec,https://news.google.com/rss/articles/CBMivgFBVV95cUxPZURMd3Ntb1ZvWXBmamU0LVBYVUFVbWtWSW1jaER1RGd5R292WUJYcmYtZHMxVWg5Z2t3NWdkMUFjQU10a1g1T3JfOVd3OVpCX3FWdkZBVVU1MDNFdVVaZFhXMDVlSlM2WEwxN0hTWW5VTEc5TklaRVI2bnp6RGNBblJlTXpzcjhza1FYWV9EMDQ5eGhfTnE3OUY1amZnS2RuSEhrR1lmRkZTNExIbnRfOFJMSTdOT0pCWFJkTmZB?oc=5
2026-09-01 00:52:44,LITE,Lumentum代幣化股票（ Robinhood ） ：最新消息、社交媒體更新和見解,CryptoRank,https://news.google.com/rss/articles/CBMibkFVX3lxTE95bVhlcFl3Z3pfcTZ4MWgxV3dMeDM2Y2xtVXZWLWhSbnhfajlpU3poWDY2bkx0bFJUVjlUeGtZem1xTVhYTlJFV05ER21UMlEyMlI3NFpNTWZ6UnF5SjFteF8tNUoyc0R2Tm1WLW1B?oc=5
2026-08-31 20:05:41,LITE,"Lumentum （納斯達克股票代碼： LITE ）主管計劃在出售4,500股股票後進行新出售",Stock Titan,https://news.google.com/rss/articles/CBMinwFBVV95cUxQdWZnUkhudVByNHNQQU9DM2M2UDZtTVBtQzRBQ0k2b2VHUGJHcHpOTDBKQ1laWEl3OXRaUXVqTVA5aEpOLWUweUtPWXgwQ2NaT25oU1FYR0ZLVFIwOGhLSDhmaDYwNGxrLWJjTFRianV1YlZOUHdtMmNFSVZlR3Y4M0stVWFqVVFraWxOVzkwcjdnbnQtdjg5cUlVTzNMNWc?oc=5
2026-08-31 18:10:30,LITE,LITE的AI光學推動了MRVL和NVDA的增長前景,The Globe and Mail,https://news.google.com/rss/articles/CBMi4AFBVV95cUxNeExPVy1NQi1wTjR6ZnpBS3hOSzZJZE1ILXpjR1NmbzlZZGxVWXBXVGdyUXloWC0wVkZfemZTVWs2RFpHeEdfY0RKNFhXa0FFVE4wR0V1RUtsTEpfQ3A4and0dThsazdjWjk3MTBjS0s4M3paM0lRYVB0T2RLS3dDa0V6dWcxVkJZdjNiRWFoa1VXTGl5Y3lSM21uS1Bmdi1ETGFaM2dHaGlaUUNRNUVTLVBHWG1pZHFzZXVCdWV6OXlQR3A5U1FSckNGSU9HYXJFRTdzVFJPMDlPclpLVVRGUQ?oc=5
2026-08-31 18:10:00,LITE,LITE的AI光學推動了MRVL和NVDA的增長前景,The Globe and Mail,https://news.google.com/rss/articles/CBMi4AFBVV95cUxOeFA0RnBYSzFPSC0zMDg1RUx5VlFUc3JUT2prTGZlUndhemxXZXAzWm1oWnhVT1ZXWGw0UWZZS3UyWWE3N0htQXkyYUZrTzNGd3oyRVlOY282NlM2TllKZUZ1ZG5PYjRnNDV3d2JDalpweGJjU0k1c3Nmc1VxWU9jdnJtMDYzSjFoVFhPWFRUVi1UOFlIaFF1c25rV1FUX3ZHQkFXOC1VUENPdlAxZXM1SEFzTHJKOUtQbXZuSnV5WlN0S2dvUHJSaFV5NXNza1l0cHhETEw1eE1PN3pfXzNaRg?oc=5
2026-08-31 16:52:00,LITE,LITE的AI光學推動了MRVL和NVDA的增長前景,tradingview.com,https://news.google.com/rss/articles/CBMiuwFBVV95cUxQSWwzM3dVZ0ZUcWhqbFV1UHFzbDlfRnA3Ny1KRG9uLXVwMXV6LU03dTFXaE0tcjJaTjVTclFkQ25fS1NoTmpoOG1nOUFmMXQ3WVdidDE5TWl3RF9wV0NrcUkycWpVa0lkWnVnTzBzUEZNUUVlU3JjUE45U0hfZzJvYnlXb09fRy1abEFnWlc2c1hUcXh6NTVJdmhxcTVuNy0yWVpSMGRnWWV0X2hNUF9HVXVDR2ttSEl2cnZv?oc=5
2026-08-31 15:12:43,LITE,Lumentum Holdings （ LITE ）在新的AI連接推動和分析師覆蓋範圍之後上漲了7.8 ％ -牛市是否已經改變？,Yahoo! Finance Canada,https://news.google.com/rss/articles/CBMigAFBVV95cUxQV0VGUmFNZ1hQWGdERkg3Ql90VmJiYm9ScjF4aGlMeGlWeFhPZ0JoNDh6X1hiY2dsSmV6OWNqbUZvVEthS1U2ZmQzMnBOYVE3ZEZQVXRnRldMMWhpcGtuZDUtN21DUnlUZDZiV1Q4MDRveGpzQm9GTWNKcWNYUl9uVg?oc=5
2026-08-31 15:12:43,LITE,Lumentum Holdings （ LITE ）在新的AI連接推動和分析師覆蓋範圍之後上漲了7.8 ％ -牛市是否已經改變？,Yahoo Finance,https://news.google.com/rss/articles/CBMilAFBVV95cUxOZW5zM0Y3U0ZNYk4yNUF5UEYyNDRBNEdkdWdYYVJOQjBwd0VPMjdNbk1NQ294Rmx4ZzBUay02SzB4bTg4Vmt2S2ZzZkdJSFFrN0RvNFRraXRydXdGanNmaW1FdHp6a2VwQ1B3MW9ZY2JCeW9neWJCWnpyVVpNTUM0UTV2RUJOeGU4NW5FUjJBLTFrRFpv?oc=5
2026-08-31 15:12:43,LITE,Lumentum Holdings （ LITE ）在新的AI連接推動和分析師覆蓋範圍之後上漲了7.8 ％ -牛市是否已經改變？,Yahoo Finance Singapore,https://news.google.com/rss/articles/CBMigAFBVV95cUxOaUxHdEhUTkhiSF94UVM3YXd0VjV4RHU5dElTYUhvMXVTZ2M1Q3d2WVJlTTZFMDBiZ2lRVExsQl9pNXc1M3J1dXNjZnUxLVdvSGw1emdWVFFuYW9hNllIenlNS1BDRDFySThJWEd3NUZmcDVrUjhUZnBxbWw3TGwxZQ?oc=5
2026-08-31 12:21:01,LITE,Lumentum Holdings (NASDAQ: LITE)清除Minervini趨勢模板和高增長動能屏幕,ChartMill,https://news.google.com/rss/articles/CBMi3AFBVV95cUxNS1FrSFJnOUlZNEw3NTFRbWU3cl9uRWFJYkxiU0dTOWZoQnpQdWk0UEl2VEFPeW5FdFhIMENlWFJVblhwTzRBM2s4Zl9LNFN5Smp3aGRJZUNLblRBX2lKVGpwa0FhaU4yQ2RGbl9aRDlKdDV2bnd0NFgtY19iaUNwWVBoUDA3ai1JWlIwVmxnWnc4dEhpRDlGUEtEMFMxSk5xekkwaEtvLTdxSW9aUlh4aWhwNVVCV1dKaHJDRmJuTlBsRUc3endpTFdKX0xiMG1QdUZoTzY3SmdaWXdw?oc=5
2026-08-31 11:46:13,LITE,This Lumentum Analyst Begins Coverage On A Bullish Note; Here Are Top 5 Initiations For Monday,Benzinga,https://news.google.com/rss/articles/CBMi-AFBVV95cUxOQWVjbkpvM1RVSWRYMVFrOEVGZExMYnM0VnN2SHFBVkhZZG1SSC1EOXROdTFsWEVkYzNHNWVFSElKOGZhZTBmOXdQb1V5T2p4VXlLcS1aWjAwN3RCOUN5YnNnSG5jR1ZrLU5iWEtGeFM2enAwUnduUmh1NlBYSU5yVFdBSWZzVUM4NHptNDFiOU1VWEpNbzVDVVNRb3JtQjJXRWZrbWI2bjRWS3JzZy1wbldUNGNHM1FfcUZEdW5OS2tNamd0RGtzZVk3QmU3RDZaTzdST1hBUnl4TTRTSmU5WnRyWWZFZ0ctZ1Q2MW9jMkR2SllucHd5Rg?oc=5
2026-08-31 11:46:13,LITE,這位Lumentum分析師以看漲的態度開始報導；以下是週一的前5名啟動,Benzinga,https://news.google.com/rss/articles/CBMi-gFBVV95cUxOdnpPN1hicTY4QVlUWU1nb2MtclZOeEctVDZzeEFHc2ExaUctb0RGaEhjOW5kWGpKNGs5M2J5M0dfSVNiWjNJeUNCdHUzaDBzaUw2RV9WQTlJYlNsMlBoSjVMcmFHVGJJZkF5QjV3MTZFUy1pemgtUXZsdVhzNXd3a0JvSWRnTWpjUFdYWi1CQTNCQkUzaEtDZ0VnUG50RWk1SHplMWpCRkROU3JPMWtCTVhuc25jSTdVN1N3bkRvWW1GbTZiNVk0S0hTa2FZWHdvUVZFLWd1N19yOWtUVDlNeUtqenBGVllIakFQQlVXdGoyWTFSVnJCYUdB?oc=5
2026-08-31 10:46:47,LITE,LITE啟動Evercore ISI Group的覆蓋範圍-評級設定為O,GuruFocus,https://news.google.com/rss/articles/CBMirgFBVV95cUxPMVo2WkVONF93RS10cEthdVFldF9YbU56dFBEU0Z4YlNnVDAxSFB6RXdzZDAyM1dkYnc5enloX0I5YllWZmRzWWxYS0JvS1UtbFBlNHhZdE94dXgtT3RBdmRuUnBPc1lrcWg5VzRfenRlX3UxNFV4VUR2clplRUJoRW4xZUxqNDBDMEhaX2VIYUtUeWlBTTBYelh5Umc3VGRJRGlrRlAwQ09rMHZVT3c?oc=5
2026-08-31 07:00:00,LITE,$ Lumentum (LITE.US) $,Moomoo,https://news.google.com/rss/articles/CBMiekFVX3lxTE44VXBuQVE5OW1PcTJoRjJrbmoyelBRWVhfS3dGaWNvY3NValVvZ0cwUFFITmt5b2NLQ3RodkNvWkNYdUFJVlVuYVFvYm1IRzJaYnM1Zks1VXJ4YTNRaDFFU1VySlg1bFV5b2pKQ2VHRVJJd1A4b0Q2NDVR?oc=5
2026-08-31 06:57:00,LITE,Evercore ISI啟動表現優異的Lumentum股票,Investing.com,https://news.google.com/rss/articles/CBMixwFBVV95cUxQYmhzYkJYTWJUWWtmc21HLXhZdWFNUjdmOG1BSWR5RzF4dWJNV0N1bTZ5SDNxeWp0aVA0bnY4WmdaMkdsUzRsMExMSFlfNlNZQ1FWeU4wVDA2clQ5YmZiYS1ublBMWjdOWWNNWEF3ay1iQW9tQzhjYmFSV1NyeXdQTFJaNDAxSnJsaWtScF9aNFl5ZENuamxMM3JFZnZwX2R2TXdSOHE1aGx3bVZZeEV0QndGTXU2NFp1UjZvYWN0UXRra01ab1lz?oc=5
2026-08-31 05:38:00,LITE,自2026年10月1日起修訂的NPS費用：查看新的PoP申請流程和NPS、NPS Lite的年費,The Economic Times,https://news.google.com/rss/articles/CBMiggJBVV95cUxOU0dMOC1GajYwd3ZGMFhQMnZxR1hHaTV1LTd0di1tbmJYVTF4Q0NGMGZpbEs3RDZ1Y3dCZGYxV08yb0stNkxnczExQVV3V25GZERiQ1pGX0JCTVZnRThEaS1GMl9jVTRSUExSbzU5LVhuR2pIR2ZTNkxrVExtazNvV1l3Z2x0SnZmbHNXc2ZidEhMZ2FRNEhMWjNlRGFZbk42LTBqVnY5bU50YVZ6LTFhUTFnSmMyZ0JvaFVtbWR2MVRsdHM5R1RGVGxNN240UUVteGZOXy1rMkt3MUFEby02TEYwVUx2VWRKT3MwclVDMnNrbWNYWkk1SC1kUEdVcnhMaEHSAYICQVVfeXFMTlNHTDgtRmo2MHd2RjBYUDJ2cUdYR2k1dS03dHYtbW5iWFUxeENDRjBmaWxLN0Q2dWN3QmRmMVdPMm9LLTZMZ3MxMUFVd1duRmREYkNaRl9CQk1WZ0U4RGktRjJfY1U0UlBMUm81OS1YbkdqSEdmUzZMa1RMbWszb1dZd2dsdEp2ZmxzV3NmYnRITGdhUTRITFozZURhWW5ONi0walZ2OW1OdGFWei0xYVExZ0pjMmdCb2hVbW1kdjFUbHRzOUdURlRsTTduNFFFbXhmTl8tazJLdzFBRG8tNkxGMFVMdlVkSk9zMHJVQzJza21jWFpJNUgtZFBHVXJ4TGhB?oc=5
2026-08-31 03:09:42,LITE,Lite byte | Telangana Cabinet超速耳語研磨機,The New Indian Express,https://news.google.com/rss/articles/CBMitgFBVV95cUxOTzlDRlltYzItUmJ4STMySmNzQkpvU0k5bjI5UkxYOUxVcG1ReDJqQTFha0RiLXdoNmMzc3JyelpKdTJqVUtZcW9VM05Zcl9KaXRxcHZHNzJPYllteWhYcGwtYmNpQlFXSzhqajRjUzB6MEpTUnRVd2djRHhBaVRPNHdVQWwxUFMxcG1tMHQ3OEJOZWlLc1N6NmN4M08wUG5naUdmeVIwUGMwUUJocE5oNmhZTXdFd9IBwwFBVV95cUxQazEtekVwSzlDcHVVNnhOV1ZtM0E3ZnVFRjZjcjBWLXo5VUV1c0JfdHpWdXRLUjVVQ2UzTGVJM04yekw5UDNTSjdXWVBFRk9kb0VHS0g4TjJYQVFmV3VrZFJTM3JNRExheF9qSEZTRWN4cGxHZ0JwOXNfM2xhdHpuNk9BNFpnSS1HVEFFM1B3RmoxSjc3MXRucWdSanphaGtuUzRxLXpXaWdsbDBuQmZseGpSLWg4c1JyUURhTUF3RC1qTjA?oc=5
2026-08-30 19:14:15,LITE,"Vivo V80 Lite 5G孟加拉起售價59,999塔卡",iNews Zoombangla,https://news.google.com/rss/articles/CBMihAFBVV95cUxOanpydXZVS0dnSFlEMVMzNzYwVnFCVDFyVEFSR3lzaUlhNjExdy0xdEJLNjAtQ2xJa1JSbnZFQmNEWks5ZW03ejNiTm0zZGdrcjZ1U1BQT29BVjRiUGxOZHlHaUliVUhfSjdiTmJYNDFKVEVFNmUwRGwwTnY1NGg3Ykw4WVc?oc=5
2026-08-30 05:36:18,LITE,NVIDIA與Optical Pivot的交易是否改變了Lumentum Holdings （ LITE ）的AI數據中心投資敘述？,simplywall.st,https://news.google.com/rss/articles/CBMizAFBVV95cUxPYjQxb2RCTDJZaXJ5c1kxUE9pT0JTbmZfYjBBbF91QnVlOUJYZi1xUGRiYWg5VWZLZlFUdHV3c2hGZFlHTE1EZWZ4WEo0SXRBNlFPbzhvaV9UZmJoWUxTb3dyT3NuVEFxeDN3bGoyVVFwZHNlWVJaNE91Ny1UVGhMQmoxUndFc19aeGI4RFRKbVhHWEIzYWFTV3JpV1FaZ0l1MXBDQnc2VGlfRXcwUl9xSWRtbEZpQU9ESVlaelNXUEZYNUMtSjhoQ0RibFPSAdIBQVVfeXFMTXVGNEU5TnlIbkpMYzdSSjZZQmJ5bmxHZ3U5U0ZJR2xJUUdlM05vVHBpYmNZbWtYemVlampYdXR1aE1nU0poR0pOYkp1U1BQRkpVbmZtNkwyZGJZLWwwNm5DQmJMUGRFUGVTQ2pjQWh6MDlGZFV4VnJkQk9oZlZsdXJoWnpHUko5eEVvTFNjVGhrVi0zSml6SU9Ed0JMR2lrc1FEYTBON1RSOV8tTzNwWDF3czRaeklFV2FmRUhUbDUwVEs5ZllyTWtyX2pVVC15WXl3?oc=5
2026-08-29 12:01:27,LITE,AT&T Worldnet Service (: 60 + ID) Lite Stock (veLN3iDnH9),Mshale,https://news.google.com/rss/articles/CBMiW0FVX3lxTE1ySF9Xd3lTRDJYMTNHdVQzcVAzb2hJaHdJZWhiYXNxcHlPY3RuMVNpbDcyT2NsdWR6VUJKbkdMbURSckFxY3dDQ2ZRYVJNY3RvaXdwaml5Yy04WmM?oc=5
2026-08-28 21:33:55,LITE,Lumentum Holdings Inc (LITE)股價下跌6.4% --GF得分爲何,GuruFocus,https://news.google.com/rss/articles/CBMitwFBVV95cUxNSzh1RG9GVXR5dUNCeWtGWHNPelI3Ni1UOFNtYnpCbU40TGdaZk1SdmxpRE1CR29ybDNBUnFtNHA1VERYYktOdkp4MkxYX005STJQN2piTlh6ZnlmeXJiMnNNczVfU2pQLUs3NERyaTI2Z3pVYXFTTW4yNHAyRzlvRGY5Vmg2VnBfbVZ0b20xa0l3VmZtMHJyeF93OVY2VXZ3am1fUlJYbzNOT0JheE9PX2NzbTctUDQ?oc=5
2026-08-28 20:02:52,LITE,Lumentum Holdings Inc. (LITE)主管計劃$ 470K股票出售,Stock Titan,https://news.google.com/rss/articles/CBMinwFBVV95cUxQUXVXTkhGTXZJNmwtTWVuQjZYY2U5RWVObndPWG5jVXhXd0pnRGNTcU9PZldORzVHSkd0N2hzOXlqSkh5ZkE4bnRYZTlMaFczZGl2Vk1QTW5NdHRob2k0dmRrSUJYbFFzZko0R3JhXzFpTElvVkhkT1dyZmRndUROVVp4bzdBbEVUcWFSYWc1WnpMWDN3SzRyd3B0cEROUW8?oc=5
2026-08-28 19:24:49,LITE,Lumentum內部人員出售：退出執行副總裁的$ 3300萬處置，在此背景下,ABC Money,https://news.google.com/rss/articles/CBMimwFBVV95cUxOamg3MjU4bWdpWTVmTXpOejFZclg1VXFDbGRtR1hNS3kyZmp2aDFUbzVuQjFfbG5ZMTJ3SHhiZVlHRkZnM0FNTDJKM29WOG5ONjk0Q19qUEYwWF94dW1fbVpIWWM4VlU3MFFwTnFMbUJnLWN5YTNNbzMyMm0zY3FNekp0N3VQZGUycHBDVUZMRVEtMlVlRWhJNEIzcw?oc=5
2026-08-28 19:24:00,LITE,"隨著Lumentum股價飆升，公司內幕人士拋售價值3300萬$的近40,000股股票",The Motley Fool,https://news.google.com/rss/articles/CBMi1AFBVV95cUxQOVczcG8wYkoyMnRSeGIxTnlBdHVOV0ZUZlJGZ0RVRXZRSHVjaDZqZU5xYTM1VkFNc3hpLXdHTDk1bGNielF4YzVfSFJHZHNaQ3FoSWx6SV93UXBsclA2Tk10TE5DME9TRzZRNWppRk5WQ1h3WVFYLXhOZEJYeUlBblowWEtnc3lZSWlwN0IyaHhoWkVteWUxTFl0bEZRMmpFTk1yeHM4ck1hZWpvWW9xR1B0RGxRV3RqdVNNZTVvSUw4QjVmdVJZeHU2T2hhVkFwVXJNeA?oc=5
2026-08-28 18:15:46,LITE,Lumentum Holdings Inc Stock (LITE)在8月28日下跌5.09% ：主要驅動因素揭曉,TradingKey,https://news.google.com/rss/articles/CBMiiwFBVV95cUxOeklHQW14MHVuSFY1Qjk3WTlLYjhUSV9zRWVKY2hTa2I1ay1DakR2SFhnR2FfNkoxaXltSWdBYlRTVWx1WDRUbmVOLXg3NGY5cnBHaWttSVVlR0Y4dzlQaHZDSHJjRHh3d1ZvbEFvYXQ0dkxKUmMtUUNUY01wc0dXQ0paeDMzVGhRVXJB?oc=5
2026-08-28 17:54:00,LITE,光學股隨著AI硬件行業的冷卻而下滑：應用光電和Lumentum下跌6% ，相幹下跌5%,24/7 Wall St.,https://news.google.com/rss/articles/CBMi5gFBVV95cUxPZTJZVlBvQzFldUNNM2JNVDVQWW9VOHowbS1SSjZEUHAwc1B1SzVGS21EOTdWTmEzaFVNVTY4SmxQMXFWUUllM0QzWVVGRXhnU0FXN3c1YWQtck5QaUxKVHlmNzJEU3MydXhoRVpIblB6VGRtT0VaSEplNkxJcWc0cmtFM2xuY3Qxdjh5UTNWXzJJQVhyYnR2U3JQeUkwaE1pSzNILXQ4dHRBNXotbEZ2QUhkNWk5aVFGVDlRQVZ0YlpMeUg2TUZuTkhPOFRCMVJ2OGRMbjBTVklVRk43MjNOaEpFejhzQQ?oc=5
2026-08-28 15:12:00,LITE,Marvell (MRVL)行程費用： Coherent (COHR)和Lumentum (LITE)同情拋售說明,Barron's,https://news.google.com/rss/articles/CBMilgFBVV95cUxNZU5ILW5pOUhVR3o5cmVNWkxGb2htQy1ick0xSWhSbXEtTFV1dVF2eVE3N2FaOW9yMWxkbFZ6QnNfVkRKOE5TUldPXzM5NFZWQ0Vpc2Rmd19JTE1ZUHVXUHdQMHhyQndwOXVyNC1NaTFRUnNoeFpuQ29tLWhKdFhOcU1ORnBTbXgtZS0tUW14LWVPS19iRXc?oc=5
2026-08-28 14:13:41,LITE,NEXO Championship 2026 LIVE |第1回合| DP World Tour Lite Stock (ntqIT5mSDV),Mshale,https://news.google.com/rss/articles/CBMiW0FVX3lxTE81WEt5OC1hX2tkU24ydTltYkZjdFlZWGNhX1pEb3ZiVlMxUVNPYXVMMVpEd0NrU2xTY1RLYUlYd3lLaVFGdDlJZHU2MUVPeFZsU1p5VkFra1hFLW8?oc=5
2026-08-28 13:00:03,LITE,Lumentum （納斯達克股票代碼： LITE ）內幕人士記錄新的股票交易,Stock Titan,https://news.google.com/rss/articles/CBMitgFBVV95cUxPb3JFS0wtb0JBZkFmS2N2ZjBON1d1eWpMZ2pzWkhpXzduUmJCOVFWUE1BVkZDVDh1SmdIM1FnNzY3WlJNZmJUaEFfdnFpQThKQ3pwSDFCVmpKT1Eyanpha3JnWVIzTjZjWVdUT2RFRFE4eFdRc08zV0lrd0V1VUxfdzdmNF94eEJqdnN3REszN3BPWHVCYWJ2YmxKNlRNUGhucVNyQTVvQW5iZWVzNlpOOXB4Xy05Zw?oc=5
2026-08-28 13:00:03,LITE,Lumentum (NASDAQ: LITE) logs latest insider share transactions,Stock Titan,https://news.google.com/rss/articles/CBMitgFBVV95cUxPUUlnMXl0VUNSaGJyLWhiVEp6cFBCS25XYzlOTVBhOXQyMnVjdlRmRjduRUNOTE5OMTFIbFowcFc0MlZFbk1ncVhOS1lvRmt5cDdQWEdqWFBDNjNoQmdUbng2Ui1VN1czUmpMQmNSeTdOd2ZhSE1NdTJVenpXWnBnTm5IWUVfcEJVdHZqbERGenN2SXFLRlAxRlBIVFI4czFLZy04YUFWVUw1LWR1aE5rdDNIeVJYUQ?oc=5
2026-08-28 13:00:03,LITE,"Lumentum Holdings (LITE) exec granted 22,760 PSUs vesting in 2028",Stock Titan,https://news.google.com/rss/articles/CBMitgFBVV95cUxNbHE0T3lZME5ZM0FONnlLaDZpbTNGcDByYjE0ZXNWUE5qWWZkZ1BWbm5XUldUMlJ6aXRhVGlUWlVZNWVOejlJTnpQWUhnZFBRcVJkbnhJUXFBNi1wNFh6RUwtOFk1SDRlZ2JHRElZR21yVTNNQWNmTXZuYmNOcmpTSXREcnplRVFaMVJWNkdjWk5GbGFod3NOWFkwSE9KRFZwVGJteGJiUDltRzVXblljbTlPZHdZdw?oc=5
2026-08-28 13:00:03,LITE,Lumentum (NASDAQ: LITE) details latest insider trade,Stock Titan,https://news.google.com/rss/articles/CBMitgFBVV95cUxOUVdNMWhYZGNyUk4xb18zZ0lZZTNZUlJoRTlkQmR3Nm9OeU5DcFEyYV9lQlh3VUFXbE1WeFV2eUFPaldXMDNNOVBrdVV1NjlPbXpHY0l0ZmlDblpNMWMzb29yLTd4SmswczZVU25KalBubDlsRTlreGZSV3lzeDF2Z3IyUks2RFVIQ1Vwd3ZvSUEyTnJiZVpnUWxyekpfM2YtMHR5bGdnYkRHaC1aTi1DTU5ibnpzdw?oc=5
2026-08-28 13:00:02,LITE,Lumentum （ LITE ）法務長交易股票，獲得新的受限制股份單位,Stock Titan,https://news.google.com/rss/articles/CBMitgFBVV95cUxPZXZvMWY1Z2tQMHpFTG4yV1dvaS1JNXJlTms3TUFZV1VjTFA1ek5hYzRVeUlpQk1pMVJySGhDWTJqbmUzcHlOblZ2UUNxempFaE9pX1Z6SWxPZWNlNFhWSzFlWXBsaWtMR3VoenVUdjM2TVBwX08zRUd4eFl2VEhxa25TT1NjWWF3UDYxN1BSVFpMdTd3UmprZDJodFZ4d1VUX2cwN0g0cHA5cXQybjNwUFVfXzBZUQ?oc=5
2026-08-28 13:00:02,LITE,"Lumentum Holdings （ LITE ）首席執行官登錄7,941 RSU和$ 958.66出售",Stock Titan,https://news.google.com/rss/articles/CBMitgFBVV95cUxOenVvMVpDNzBXQmlKOEZvcllUaGhWLTN6QkhERUEyMEJoY1drT3ZTSEdrUWQxTUxBLU50X09xZTdNUUdhdVItWGt6ZWFSa0RGdlR5X3RyMTgxOU0zM3ZtYmJzSk1yakdjNGtQdGlDaDhtZ1J2WHRISkJNSHpHUHREbUpYZk1nS1Y4UE15dmdFMUNGbElraUE0em1wcS1EVkF2eGN4NkRXOVB0cVhoX2E1RExaUEI1UQ?oc=5
2026-08-28 13:00:02,LITE,"Lumentum Holdings (LITE)向總裁授予5,138個受限制股份單位",Stock Titan,https://news.google.com/rss/articles/CBMitgFBVV95cUxNcjhrY1N5eUFpMkxqRzdWYzlvMUJZdzRqN0pZT0NlanNOd1JuRXgxUlpCZkp6anpNZ2hRbjIybUVzYlJuMDFqT3RjbFoycncxY3RrVy1ncElBSFRKQ1Y0YkY5V2xhLWlsc3hzRElWSmwwUlJJWHhMUjBxRWgyeTJfV2lHMFR1bVJuaVYybENtU0cwbWdIOUJNSVNGeTJrYTNaT2RReHZjUzR1ZkFNQ1h1WndlYzYyZw?oc=5
2026-08-28 13:00:02,LITE,"Lumentum （納斯達克股票代碼： LITE ）首席執行官獲得預計將於2028年歸屬的66,764股股份",Stock Titan,https://news.google.com/rss/articles/CBMitgFBVV95cUxPUmZrVmI0ejBBTmhHU2paYzF6MTR0R3ZQcmswMGxUTlotMlZOczUyYW9NYy1ZUE9yM3M0VmdIenMyc1ZlTC1vbC0yOThiRF9HeWplUHNMUmJjNmNuR2FxV1E4czVfc1lNWWRVNVRkUWFIOTktVF8tMEU4QlN5c0c4NHVwRkVVazNpalJGUjRkbExOZWJBdW80SGdWVzB3WEpRdmI4bDRuVUtUV2RzUW9idVlZM004UQ?oc=5
2026-08-28 13:00:02,LITE,"Lumentum (LITE) EVP於2026年8月25日出售38,663股股份",Stock Titan,https://news.google.com/rss/articles/CBMitgFBVV95cUxPMzJkUTVjMmZpYTczX1pNbXJOT1RkWkZEWjNmczBINE5TbkFvbzJCNFU1YzYweW9Odzh4QlF5U0dGcTRrYmZad0h0TTJuZDZVNGdUdkt6S0wxMDhlZDBIQ1JHOXllanVtR0xRMHZrNHFCLVlfc09aM2NsY0FNVHEwb1MwdEdOc1dIRElsY0FVWXoySVBrTVNKZkRYWUM3MnRDeFlMTTZnV1I5VTlzRmt5WjhYVjBNUQ?oc=5
2026-08-28 10:13:00,LITE,Omni-Lite Industries股價下跌2.18% ：航空航天需求風險和增長不確定性壓力TSXV ： OML情緒,kalkine.ca,https://news.google.com/rss/articles/CBMi1gFBVV95cUxQSmxVeTJzLVlISG1nOWNVbFc0ZGVURkJ3LUNjd19HYW93clJOYmMtaXdCQ2E3NzB2UUZRLTJzYXRRQXNIbG02bVJ1REd6bFpHbU5fQXJod1Z5YlJ1NzF2UzBnX1VxTmN4OWFrbHdvV25FVjlfd2pZcTR1YnZZcmNxRWdpeGlESExHTEc5Y0VYaUt0Z3JMZ245RDBScDRNRk1wbllwLTRtSDU4WGNtTkVvRzhHbTAteDlZcmVZeTlXdkVieDlKUjQ1LS0yOUlRMDBWc3A0b3dB?oc=5
2026-08-28 04:25:50,LITE,Lumentum (LITE.US)主管出售1023萬$普通股,Moomoo,https://news.google.com/rss/articles/CBMinwFBVV95cUxNTndTMmZITVhMSFlXM2NLbG1MQXA3Q3VNajRqVzdzeXNvNWhnYnJQc1BUejViWlZISTVlMHFsellJb2ZBMXJBc1cyeFdjT0N6YmppZTA0c3Jpb1NoM1ZkYXJwQXB0VmNvWGc3TVNOUFRXakRYaUtQTVVpUUxmX0JRcmJrRzIwZjVJOEl2R3FMYjBjLXR6T0NTbVNQellETms?oc=5
2026-08-28 04:21:57,LITE,Lumentum (LITE)總裁兼首席執行官Michael Hurlston銷售548 SHA,GuruFocus,https://news.google.com/rss/articles/CBMipwFBVV95cUxPRDB4ZnBMYVhtdG1XcWFhQmdJWXQzMFdSUjBPaUZkczB1TkdKRjhTSS1NUVJDTnQ4aXdndklfYzlQa0F3bVRhV1JBOTJlOUxfeHZNUjlhWUloWUFBaHNDTE14Vk5xQ25zOGNGV0RobmtWSm1CRkpOazhLWjBadm1LMk9kNHpmMy10cWV6MTU0N3NSQXl1UE5jVldVRUNPMkJqWEJUb1U5VQ?oc=5
2026-08-28 04:21:11,LITE,Lumentum執行副總裁Vincent Retort透過Investing.com出售$ 3300萬美元的公司股票,Investing.com Nigeria,https://news.google.com/rss/articles/CBMivwFBVV95cUxPRG56TUVKc0psZm5kN0l4OUlDM2lxWHc4N29VQVpOUjBzcTZwa3JtU09EN0xPczVzdUExM2lRckplaTNacEloa1Q5T2NySFZ2QWUyTjEtWHFhaDhFcUtudmhZNTk4X2dvZ1Q0V0hmOVFfQlAxR043YUdCai1pYTJYd2Ezd0RtZ05QOTJZZFYxb093NW1Pd0FRUjQ4T1Jua0oyRFRhaERtUEVkdzRUeTBrbHVQOXN4Rmx1bDJ5b1JLVQ?oc=5
2026-08-28 03:12:47,LITE,Lumentum執行副總裁Vincent Retort透過Investing.com出售$ 3300萬美元的公司股票,Investing.com Australia,https://news.google.com/rss/articles/CBMizwFBVV95cUxQZHFSb0Q3NG9WTHRXNTlPUGxGYU5Bblo0T3dDazhtMWlCdGh5dFpMZzZVWWJkWUN2ZjFlOVhZNFNELUxNRngxNnVXSEU0TFc2ZFJzeGtUT1BLVDZUd0ZVQ2V6QXloaURYQXRxeHcway1ZYXJ6MkxfNjY0RGZTMlFjMEp2cDhFSU5lNTNEQVRMZkx0MVFFanZ2RzNObWt2VmdoWGs3R3gyeUJHU3ZIZWQxYkk5OFpCNy1CZ3Z6dDJWWms1dVdjVjl1WjdiSm9Jem8?oc=5
2026-08-28 03:12:44,LITE,"Lumentum SVP, general counsel Jae Kim sells $10.2m in shares By Investing.com",Investing.com Australia,https://news.google.com/rss/articles/CBMiygFBVV95cUxOcVc0VXNNS3oweUx3cFM1emkzZl90Wi1uTFJMRlc1QTJTNEItRnJha3diQnBIZG9KZHp1NEFMRGdfWWVhQ1FDY2lZNmJZZTVheUREVnBvWW1kbUtpdkdaTG0zb0xtZnl4V1RTLVZ2Y1ZXTWFLZERpNHBncFFSMHZ2aEtIeS0zZGh0SlVOb3ZsQVlYMWVtY0w3TXJ6MllxaUxReGRfWFlRaFBHdnlnbHlzYmZFUlJta05qNVNWTE5uRlFEZFk3VTFmLUxB?oc=5
2026-08-28 02:55:29,LITE,Lumentum高級副總裁、總法律顧問Jae Kim出售$ 1020萬股股票By Investing.com,Investing.com South Africa,https://news.google.com/rss/articles/CBMiugFBVV95cUxNQkRRdXlBdFdORjZ4Sld6Z2xfSThwWUlGMDBjQlFWRmliS0pVNDZzZFpieTV2aTJLWkRlMl9qeFVBeU40QWJBMXBTVjEyOHdRcmN3NFA5QTdjWEQ2LTg0WDJnYWFoOC0zODZDRk9nZnllSHA2bnRZeTBYTjNuMENVUG8zYkJTQU1FQXlicnFJdGw4ang3elR2elRMNmhvVjJ5bGkxSjFJTjFhWXpZV3N5c1NiWHgtd1BQS1E?oc=5
2026-08-28 02:49:19,LITE,Lumentum高級副總裁兼總法律顧問Jae Kim出售$ 1020萬股股份,Investing.com India,https://news.google.com/rss/articles/CBMiugFBVV95cUxPSW8xZWQtWkdqaDdHSXRQMGViamxEOEZvak9SYUFleU5kYS1PNVJTNnRDZmJxekR6dlRTc2JmdE9uZTdZdWpJdkpXQ2JFaXc3VEU0Q2puUU40TGVfdUNOSWRmLXNiTmJ3cnJNam4yRXRETnR5b3p5TlhtZHowVTNQOEUwM0lsNWdqdTNWV3N5aXFzMExPTTRDbWpSNW5kZC1hUDJqYWV0MlZiTWxmb2Z4dFNUTUs4WjNSSlE?oc=5
2026-08-28 02:46:01,LITE,"Lumentum Holdings president Wupen Yuen sells $479,330 in shares By Investing.com",Investing.com Nigeria,https://news.google.com/rss/articles/CBMivwFBVV95cUxQd1VrZERMTXlMUm5XU2YwVmZiamg2VmJ0MU9JaG5LekptVnpieVFIYzlGVDVOTXA5anpYdDhqOGVBdFJIQ2o3V21wc0Fudl95MXRMbmY2dHhLWk5ENS04c0YtcjNiM3hMR0xVYnB0NC1YVlNGYVdWbFZqSVlWOUZ5WWIwYVk1REtpM2NRdjFvNTdIaWFXSzcyS2dzeFdFaUZPR01naEF0enFRelhQT2N5enNVM3l5X09Jb1huZGttOA?oc=5
2026-08-28 02:32:49,LITE,"Lumentum首席執行官Michael Hurlston通過Investing.com出售$ 525,345公司股票",Investing.com Canada,https://news.google.com/rss/articles/CBMivgFBVV95cUxNWTdFZVJNbzZRVXRxakEtTk1TRlJjVVlpR2tDYmtvTC1jU3N0WVNKSmxRbDBoSmN1a2N6cGVsc044WmpfcXEteTNZRXhvdlZxTkk4NnExLVhhaXR3XzY5bkl6ZUFLdUpaU0NMcS1sb2lWTTNhZm9CcjM3bnJVMVZISjFmaVl5MFN3Q193SVVGcnRHR3hzNks3aU85Nnc4amQ3b1FLV2w4RjlNRE54MEtWcHBVb2Y5bF9Bd3NPZGJn?oc=5
2026-08-28 02:31:00,LITE,"Lumentum Holdings總裁Wupen Yuen出售$ 479,330股股份",Investing.com,https://news.google.com/rss/articles/CBMizwFBVV95cUxNZk9RVjdxVzZlS3hGLVd5U1BEYjRSSng0RHJEbmVkUWxpdWIydzFpZHhCUjhydlBJMGl3S1pHVkVNdklmbG1EZThLQmRCeG9OaFo5a1Nta1lPRkdIdUpFNW9OcHNLTEx1ck5oRzFndkJpbTJlcHlsTndqT2w5dTB3b1BfSlM3SFZXcEJzNkFCUzM1NTVtSTVjbi1taFhnZmVVckJaTzAtdVlrOGoyODdzWDN1djdxbldqaW5TX01VTnB1Z0w5T2UxalRLajhlbkk?oc=5
2026-08-27 20:04:34,LITE,Lumentum (NASDAQ: LITE)股東計劃$ 525K限制性股票銷售,Stock Titan,https://news.google.com/rss/articles/CBMinwFBVV95cUxPdm1VWmMtT2lIdzl0cW1KUF9MbkdhX2tFYW9QSHVJclh1Qy16emMtMFN0UFlFY2dsN3h0d2pMUnNJeWl3YkZTN0dmQ3BTb1hzazlyZGVZU2NaTEYwZHdjVEp6WmZ5akhjOGRkRDRDcUlrb2NFdXRfbHBOZElqMElvWWxHaTNQcnRUR1pybXp1bmtIdVo5bVZMSUtIVi1qbGM?oc=5
2026-08-27 20:02:23,LITE,Lumentum (NASDAQ: LITE)主管計劃在8月交易後進行新的銷售,Stock Titan,https://news.google.com/rss/articles/CBMinwFBVV95cUxOMlJfVFktRUtQMVlEZmh2T2NtZDZjY0g5ZW13VWdZMzluNWw5ZjJBQjNPYTA4Q2NjRUMwLURvbnI1MUFBNF9EMEpvUHVUdjliVnBKMmpEdU9OM2VGMnNPU0VfVVZIT29UV2pJb3RjdE93NTR5ZElYejNZZ19uSVFlX3IwTnpyZ0MzM1dmVlZCZzRxUm5lejhRNGtrclB1UVE?oc=5
2026-08-27 19:55:32,LITE,Morton Go四款Cappielow Lite庫存不敗（ 2VSp7AJzr1 ）,Mshale,https://news.google.com/rss/articles/CBMiW0FVX3lxTE5EaVR5eEJQa25kYkpjT1F2WEdRU2s5TjF4TWR2X0JyMG9iWkV4SEsyXzNyZWE0Zzc1cnl3ZGxvQ0FLa3lXR1JIR1NEazBvaW5LTDdKVDVyUVNGTm8?oc=5
2026-08-27 18:37:22,LITE,LITE看起來高估了GF Value™的475.2 ％,GuruFocus,https://news.google.com/rss/articles/CBMigwFBVV95cUxOYk9SMExoUWNCM3M0VTlCdkpKVUdZbjRnaTFURktZdVNvSTd2Skt0cUJJaWt4UVM2MFYyYlZRQTl5c0RzRGJwS0kyNDRXM1lUZkhRZjhYc285emdIWG1Fbms1TXcxakZHbFp1bFpnZ3RIYS0yRmpaTlA4VlRhRGUxRUFVYw?oc=5
2026-08-27 15:55:36,LITE,Lumentum股票領先3個人工智能基礎設施選擇低於現金流價值的交易,simplywall.st,https://news.google.com/rss/articles/CBMi0gFBVV95cUxNcVI4RHM1OHE2LXRrTE5IYWkyMnhBZ0VVVmJHOUxmYzEzLXRGRmVTYU9fUUFha3JPcTFRTUZDdm5xdk9Ca1dZeHozS3Bkc0hFckl1T2hJYm5NWmRTMnhjc3IwMnhELTlQS1pVclBPdFRZNlljT2RIYVhvVzdSV0w3QV9LMXhMdFRtZVR4c1kyZk41UFRtY3E0b2ZWX0FhNGE5VFhCYk92bGNQaW5YX2RWbHNPR3Z3dlBQdk5DTVpHYlZMTW9rcmZIRnhpbGV5U1Z4OXfSAdIBQVVfeXFMTXFSOERzNThxNi10a0xOSGFpMjJ4QWdFVVZiRzlMZmMxMy10RkZlU2FPX1FBYWtyT3ExUU1GQ3ZucXZPQmtXWXh6M0twZHNIRXJJdU9oSWJuTVpkUzJ4Y3NyMDJ4RC05UEtaVXJQT3RUWTZZY09kSGFYb1c3UldMN0FfSzF4THRUbWVUeHNZMmZONVBUbWNxNG9mVl9BYTRhOVRYQmJPdmxjUGluWF9kVmxzT0d2d3ZQUHZOQ01aR2JWTE1va3JmSEZ4aWxleVNWeDl3?oc=5
2026-08-27 15:55:35,LITE,Lumentum Stock Leads 3 AI Infrastructure Picks Trading Below Cash Flow Value,simplywall.st,https://news.google.com/rss/articles/CBMizAFBVV95cUxPN0hOakdYMTZXUlRGRkVEN1BwZnNSYTlDYVdfek9NMl9UMWpRVDloejdlYkJneGRNcnZWWGtkUE1DcW93YVJtQ25NTWlUSUFyNldpNDg1UGpLWHRHdmpGSWNOYTRObThtTkdVZmJrU2dsMGZXenRPYXcxOGFmUGNXbmtYdHZCTjluZF9OdjloT3Vydkd3bHBMbm5rMjRRSTZ6NzZSYWRFT3d5T2JjLW12QUZrNkdQalB3UGxoOW5wZ1pDVm85ZjVEcGpkdV_SAdIBQVVfeXFMTXFSOERzNThxNi10a0xOSGFpMjJ4QWdFVVZiRzlMZmMxMy10RkZlU2FPX1FBYWtyT3ExUU1GQ3ZucXZPQmtXWXh6M0twZHNIRXJJdU9oSWJuTVpkUzJ4Y3NyMDJ4RC05UEtaVXJQT3RUWTZZY09kSGFYb1c3UldMN0FfSzF4THRUbWVUeHNZMmZONVBUbWNxNG9mVl9BYTRhOVRYQmJPdmxjUGluWF9kVmxzT0d2d3ZQUHZOQ01aR2JWTE1va3JmSEZ4aWxleVNWeDl3?oc=5
2026-08-27 14:48:27,LITE,AYYOUB BOUADDI TO MAN CITY?!恩佐·馬雷斯卡的第三次登場！交易迫在眉睫！即將公告！精簡庫存（ oWOpRqfbG7 ）,Mshale,https://news.google.com/rss/articles/CBMiW0FVX3lxTE9LOEVJSUtuWW5ON0FIQ1dCRmhHc2FxNEl6MERuQjZaa0F6TEd3WVNkZF92anFiZkpGY0FKY2pCUE9PX3dnTW9kcXNsZXY2SjFUT0tRcDJVSk1uNjQ?oc=5
2026-08-27 10:34:37,LITE,"S&P 500 Movers | Winners: LITE, ANET, CHRW | Losers: MRNA, RDDT, GDDY",Trefis,https://news.google.com/rss/articles/CBMiugFBVV95cUxOT0xGR2JNNmNKWlhaWDZrTFM4aG5PQnFzbVR5a2RVeHEwUlB5RDhUeXV5c2hGOFRQekJ4YXhVa01Nb3hpSHdqQjdIQVV6LVRhaE5janBKak16SWZtX3BYSVRCb0ZxUDBXdXVGTWRDQUNNY0VBMktKN2hfSXJlYWdCaFVKdjNZYTRXdDl6UU0xbUNjRTlSOHJuU0IxUEFOeEtSQnRxQnZ6TnZuZnJvcmdiYzVyR2E4cTloMmc?oc=5
2026-08-27 07:43:50,LITE,"Lava Bold N4 Lite launched in India at Rs 7,999 with Android 16 Go, 5,000mAh battery",Moneycontrol.com,https://news.google.com/rss/articles/CBMi4wFBVV95cUxNWFFsdFZZZnpaRnpNM1UyajBjaWc4YnNNRUM1QTUza2ttOEpUNlpmTUo2b2dkTnQwN0hQT0d2UEUwOTdHUUtwT3dpQm53bHZuek5iRkRZU043ZFhhTGM3Wk1PNGNDeHlmZWJkUExmVjBKeHZITkRrd0t1cWxZeHdDT0kzQkhlQjhDUU81bElSTnhIa3l4S1lPWDYtZFg3UkpyMFA1eFNDWkRvWkt3bTlfRWFjN1lWODh4RHFMQ04wUXVKMTZ6S09yeGhjSl83eVpQbldJVC1LYWdXd0N0dHcta0dVQdIB4wFBVV95cUxNWFFsdFZZZnpaRnpNM1UyajBjaWc4YnNNRUM1QTUza2ttOEpUNlpmTUo2b2dkTnQwN0hQT0d2UEUwOTdHUUtwT3dpQm53bHZuek5iRkRZU043ZFhhTGM3Wk1PNGNDeHlmZWJkUExmVjBKeHZITkRrd0t1cWxZeHdDT0kzQkhlQjhDUU81bElSTnhIa3l4S1lPWDYtZFg3UkpyMFA1eFNDWkRvWkt3bTlfRWFjN1lWODh4RHFMQ04wUXVKMTZ6S09yeGhjSl83eVpQbldJVC1LYWdXd0N0dHcta0dVQQ?oc=5
2026-08-27 07:00:00,LITE,"Lumentum (NASDAQ: LITE) grants legal chief 11,634 shares vesting 2028",Stock Titan,https://news.google.com/rss/articles/CBMitgFBVV95cUxPOTJwOElEd0Q1NWVhR1U5N1BDRFBzdHhfZklaTUE4ZzMxX1J3czBSVWcwekp2NXk5V3JoTFJOa0Z3dlcwRVpVcFVPd0VKTWNIc3k4clp6YkcwQThyTFA4dkZnS1hKRjdPYVBTS3VzN3JIMDB0Zm56N0EwbGZRb0pDQmEzTjZyYkNvU0twLVpxRFdmY3UzVm9vSnZCckNVaVVULThjSDU0Ylk4Q0x3QndqcWkzUXZ0QQ?oc=5
2026-08-27 02:58:32,LITE,"Repunzel (2026) Live Action Trailer | Emma Stone, Jake Gyllenhaal Lite Stock (iRVaHMqFNZ)",Mshale,https://news.google.com/rss/articles/CBMiYEFVX3lxTE5XLVRlQTZWT2UtRzZGSTdUTi1XM2hGVkNZQjZBcmNzRnhfRUNYZGJQdG5VNTdFVnd6Tk5xX0k2TDFZRFYyV0FZWEFDYUNDM1U0UC1wRWFWMVBOS0w3ZG9ZUw?oc=5
2026-08-27 02:42:57,LITE,Lumentum Signed an $87 Million Substrate Deal Days Before Earnings. It Says More Than the Blowout Quarter Did,TIKR.com,https://news.google.com/rss/articles/CBMi_AFBVV95cUxNcTN4U2QwbTlGWEZvbmt3TUxVejl6dU1aZ2lOWTRzcVpabmxnOGFReEpOUWVGVF9SYlV2cmdzT2ladG1NenUzeHZkak03WURmaDRYcm9zYml6UjFMcXkwUVRuSUwxY054TzdaRXJkNHNiZ1JPQTQtRzBtNE1TOWZfNnNqOUd3LXJSci1oN3BGbkJFc3MzWU9iZnpoRlZsNzZhUUc4dGpjN1M4VE5pRmVhYV9YVUxya3RfeDdzOWJPby1ZVnNMOGVzYUlTdkJTU0UwWjhKU1Q5MmU5bWFuZ1VlSUdGMzhWdmdqMFllZEVvWExESXZRRU1pckNNT0c?oc=5
2026-08-27 02:26:51,LITE,"Lumentum Holdings Inc (LITE) Insider Sells 1,500 Shares as Stock Trades at 5.2x GF Value",GuruFocus,https://news.google.com/rss/articles/CBMiwAFBVV95cUxNVERNdTNvbHBhRTBNb2pBeGszbWZnSEtsRDd4OEVRalpSM0ZmUmQ3QTB4VkRHZDVUWHREZmQ0eFNuYnhKWXoxcW5jWDNubW9fUEw5OFFyYVc0bzNuQjZIWGVPOXphckMtYlNFb0M3cE1PVFZPTVBJZV8xMDVneUxXNTE1VDkxX0JvRG9FODhhQmNCMmQ0RW1PVW9ScVhDVExqNHl3MFBaQ2U5NmhkamNfRjlrekN0ZDdrOXE1bmNSQjc?oc=5
2026-08-27 01:29:38,LITE,Lumentum president Wupen Yuen sells $1.28m in stock,Investing.com,https://news.google.com/rss/articles/CBMitAFBVV95cUxPUkdob2FpdlIyMDJqQnZKWUdLQWVEYkNlMEZ6M0QzbDFLa0NOOGhOT3lFdkkxcml2cVp0UFcwRmVkYzBzbFQzS3cxX2JjU3J0dHZEeFY4Y05HY0h3Tk1ZNk9tRlhTek8zTTRkTmV6dWVPcnhNNkpfVXhGMDhneHZfOVpQbGZmZ1RjTWNKRFdJaC1PVHA4cHJIcDRvdFQ5T3ZVUlFxbDh2Qk5kR3dDMjY3U0VTcmg?oc=5
2026-08-27 00:46:00,LITE,Lumentum president Wupen Yuen sells $1.28m in stock,Investing.com,https://news.google.com/rss/articles/CBMivwFBVV95cUxNcTVlWnFIUmtLeVdxRU1IWThFV1pfaDBySGE2bzNzelQ2aFNHTEJEUk5xdk1fd2ZVdmhWTzZLaVNOZDViODdqNzU0VXFQTzZrNmFsRG5pS0VId29PbDRnM0RuM2lMMjg4SkVIV2NEUXlhb2FKUTZuamlFUVl3a1JONENnRGJJc1NkemF3Q1k5UEZRUEZEUGduclJiWFQ2NVRpbjNZWC01eGlkTU5ZN1YzNEFINVBzZ2Z2QkdBYWV2UQ?oc=5
2026-08-27 00:09:32,LITE,First Alert Weather: Sunshine Friday In New York - 2/26/26 Lite Stock (hgropOWYPT),Mshale,https://news.google.com/rss/articles/CBMiW0FVX3lxTE0wZFpCc1lNNWt3REVSajlpWTVLZlJqZ01RNF96Z0J3Zm9MMFE1NUtxbWNNOW9XdFFHTnNCVVk0dnpfRjRzNTBYTE10WUVjaTllbldHYU5tMk1KaXc?oc=5
2026-08-26 23:58:20,LITE,Lumentum Signed an $87 Million Substrate Deal Days Before Earnings. It Says More Than the Blowout Quarter Did,TIKR.com,https://news.google.com/rss/articles/CBMizgFBVV95cUxPdUJFNFRDSWxoNWN1RUhhWTlpaHBmcnlGc0t2N29tTHU3TW9aUGk1V0pFMElGeHI0SGlnMjZzQWx5dkh6d19rMk40S1VORWVGWm83SXBDUEdtcHVoV3hjb3ZnT1NzSlJtdFJSUWRPTkhoS3RwWlF5X2MzUzBMbEVwR1ZLbldFVFVfYVRlOVUtZzJlV1hRNXNVRUZ6LXExaFJtRXQzY0Fsb3VRUGJJVnVjSkduSUt6T3c1RGFjSmowaEwtdjc4Q2wxNzAweHYtQQ?oc=5
2026-08-26 23:33:50,LITE,"Lumentum (NASDAQ: LITE) exec sells 1,500 shares over 3 days",Stock Titan,https://news.google.com/rss/articles/CBMitgFBVV95cUxQNE9HOExlRXp0VXlncFR6ZFB2Tko1dVBGM0Z6YXBmN25aWlROVzB4QkJFdnFsa0wxbjdDOXFIdHYwTWpZWEpDbjhTclRrdzJJV0xmUURoOVowd0c3Rm00ZE5yaFRPTEM3Mk5hTDB4Wmp6ZTVVWFVIaFVsQ1VkVUFBdmtvcUk1WEtCNDlfWWk3aTE5cmRUOFlKblVlT3BJaGt6NXhJR0VTdTlVR291cFBDX0ZCNXdiUQ?oc=5
2026-08-26 20:15:25,LITE,Lumentum Shares Rise Over 4% After Key Trading Signal,Benzinga,https://news.google.com/rss/articles/CBMipgFBVV95cUxNMkphVzItLTl5TzVtcE5fSUcxR0ZXbTVNb2tYb1FkRW40TnNaR0NNNEVrZmZzN3MzdnktenZ5bzZITHZzTzRSQWpMOTNrb3pxcU5lclpoejc3UUFVSWZyM3dUUnZTdzllRmhLcjk0R1ZGWlMyUVRPaVAzdENsMkFMM09HbXVBZ2pqWVFXZ3Ezbmx3MzJrdk4xZG45N2ZubEhyNG1pc05n?oc=5
2026-08-26 20:13:51,LITE,AI Optical Demand Sends Lumentum Stock Surging Again,TipRanks,https://news.google.com/rss/articles/CBMilgFBVV95cUxOUHM1R3poYzdBWUlkWU84VWRiU2M2WU5pTUpYajdEbEh6VGI1UHE3TFZ2X01YSjBPODlrUmlZUHlPeWE1c1FvLTkyZWluWWtTbFFoSlVPb2pYRDBWN3oycnk5TV9ZNUp1aDJHVjQtWnZxYU5DUjR2MkZvcTVaYndmQ29YMllJY3o1QTlyQ1FmQ0ZqX3lNaEE?oc=5
2026-08-26 20:02:18,LITE,Lumentum (NASDAQ: LITE) officer eyes 500-share sale after recent trades,Stock Titan,https://news.google.com/rss/articles/CBMinwFBVV95cUxOOTBDTWFoeXRJQjNlUjBSaUNNU0FVbFZWSTJ6alU5Y3pVNzl5YkdJeEZuR3NDcEowZXF2NVlOc2t4TnNtQThUY3YxM2djYWNZTDBPMjY1Uk5mYXc3QTFWS1Zka1JlQ1pReHBUVFZHdmVlWmdIdEFzalFFQktpal9SRDEtZ1dKV1NDOW5fdFRWOEZfeVJPZFdxZ0R5c3ptSG8?oc=5
2026-08-26 19:04:00,LITE,Lumentum Holdings (LITE) Stock Jumps After Big Earnings Beat And Price Target Hikes,StocksToTrade,https://news.google.com/rss/articles/CBMif0FVX3lxTE5aYnJOa2lvLXM1Q3JpMkFtUUdoMlc3OGMzbk9HRkZfbFB2MFg4d2RrTnhTZW91d09aR0s3dE9RYUozQmE0dkFoM191ZDNaVi1VMUJDcnpsU3NRTHVKZ2pzQ0NMUG82a3J1LTVhMXRfR3BLTUxWQTQtOFgwX1NPdjA?oc=5
2026-08-26 19:02:00,LITE,LITE Stock Jumps As Earnings Beat Fuels AI‑Driven Momentum,timothysykes.com,https://news.google.com/rss/articles/CBMigwFBVV95cUxQTmNUb2xNS3doeW9DM1FEZHc3OGxOY1RUTEZrYW9nanBWUno1V1JOUHRzOVpXMWFEakVoVVdfM3p1dXl3MjcxRDdCQ2hQMGhEQ2Uzc0ptd1RIaHpkS0NCMmNWaDVVcWt6VHdlUndieVp1eUgtRFNMclU5UFNwUndlNWhZWQ?oc=5
2026-08-26 17:15:18,LITE,Lumentum Holdings Inc Stock (LITE) Moved Up by 5.14% on Aug 26: A Full Analysis,TradingKey,https://news.google.com/rss/articles/CBMiiwFBVV95cUxOTXRMb3RmZlZlTE9qMVJnUXFOYi1JMTFxUldLSkhiQlhkTVBkTDQzYmFpbTRUYjkxZkxmN1Q1MDhXZWh4LXY5YXVKeW1pZklCcnZqU0Qxa2xLU1BoLV9vWHVCT0ZueUdPZk5keUJPdUh2VW9YNHZralA2eXVpLXQ1bkpFUUxiMFo5TzJN?oc=5
2026-08-26 16:34:00,LITE,"Lumentum Climbs 4% as the AI Optics Trade Extends a Second Session, Coherent and Applied Optoelectronics Drift",24/7 Wall St.,https://news.google.com/rss/articles/CBMi5wFBVV95cUxPaHdFMUVEMWRJX2RVZVFvWk93WUJXaWRCenRYcDBDRlh4ekVsWXU2d3RZeDhxRWd4M2lLY1E4bzZ5OG1BRXhLOXV1MXRyTDdxUEVWSGhVbHZXa01ERFpDSy1FeHJVNGhLWno4UFA0T3U0WEpyRU1GWWQzTHNYalEtdTN5eUJlOFJEM091aHhkRDVhU1BFWUE0RlZJcW5jSVZ0UDdKdEFaRWxqeTJPUFJtS2hKeS1CWWE5SWtwNG5CZ0xxT3FRQUI4UjRhSGZadl9ybzVUSWM1YndiaHlPanFJNDRjM3dqLU0?oc=5
2026-08-26 16:34:00,LITE,"Lumentum Climbs 4% as the AI Optics Trade Extends a Second Session, Coherent and Applied Optoelectronics Drift",AOL.ca,https://news.google.com/rss/articles/CBMiekFVX3lxTE9sQnFxY0xHX2tiMVlNbTd4SWtseGw4RDV4T1lKWjFxdkhHTy1xUXl2UmNkZVVSbjdhSDN3Q29XZGdrUEg4U3FDTmhaT0RMZUR4YWFIa0xZZWw5UzRFbTBQMGU1UlR1N0RxV0tnaEY3OWlmMUw4Y3VYVjRR?oc=5
2026-08-26 14:46:26,LITE,Lumentum Tokenized Stock (Robinhood),CryptoRank,https://news.google.com/rss/articles/CBMidEFVX3lxTE03WFBIZGJuMmNJVEZnLUQ0M2tnX05nTUpZMTcyaHpCSjVDSGhzSFBoekVybXVYOWU1b0hSNjdXN0RIdnY3NURROWpSdjE4X2NMaUlNeXBXdjdONm1PWDQxZlFpRGN5TXIzMnVqMTZHMTIxeC05?oc=5
2026-08-26 14:37:14,LITE,Is Lumentum Holdings (LITE) Undervalued On Accelerated Revenue Guidance And AI Optics Demand?,simplywall.st,https://news.google.com/rss/articles/CBMizAFBVV95cUxNZzFIYmc0YkFSYk9wdDJqd2k5QmVEVnNycnlzdVZRcWd1RlZlXzFmcWM1OVVobWZkRkVOSF80VzJGb1RIdTJROC05eEstS3BOMFNHendhdy1FSU5qbEt4dGJucS1OQ2ZrZ1dIaE9wRXllbnlhMzF2MU9EV1VacG5kVS1lcW5kd0dYSGtaUUY4TmI0WTNmMFZjXzhLUXRsXzJ5UXN2aU1zVU9HRjIwd250ZEgzeTM4MlRIS29JbGlENWNKX1UtRlE2MV9HcmfSAdIBQVVfeXFMT0NUZm1QdFdsOGZ5MmVvMnZXdXY0Q2wydV9sdUNiTDFyVWdZN2VtRGtSTDl5SEJLRmFGaDlvR083eDlUeXRaNmRxR25aVllVUHRDbjUxU0Q3QUk1MHF6bEZZSmNtNWZ6bDdaNE1UY21CSlFIOGtYLWt4RnpVaW1SRDhLMmVIVFJsdUZobWl6a1VBOFBEWG40VHo4UGlRVWFwVmhoNjNDQVF2OHlUakdDOU03UmdtWGhTOVA1eG81c2NPS0pzUTZWR1VZM19ITnJNNmR3?oc=5
2026-08-26 14:04:14,LITE,"National Weather Forecast: Wet And Stormy In The West, Windy In Tasmania Lite Stock (gPS6YZl9rR)",Mshale,https://news.google.com/rss/articles/CBMiW0FVX3lxTFBLeW5DWV9QM2pjbUU5T2FCcExqaEFHUkNuZVFJa1NWS194d0lJSV9ycGZGdldFZmstamF4NTEwc1NBS1IxTWs3MEw5bkNjcVNaMktnUnN5RXFFOTg?oc=5
2026-08-26 13:19:20,LITE,Was This The CLOSEST Mixed Double Matches EVER! Johns & Waters Face The Johnsons For GOLD!🏆� Lite Stock (RZwARMCGA1),Mshale,https://news.google.com/rss/articles/CBMiYEFVX3lxTE5OaTNtaEVxZDVUYnM0cWNVS21BZVF3bFlfOTFaSkpuc0U0c1ZTSk1JTHlCbUlOQWdpS19IeGNKbm1IV2lxMlFGaEVXa0dRd0s3OWJnQXlYYXBMMElVUzg5TA?oc=5
2026-08-26 12:18:34,LITE,Jack Grealish X Tion Wayne Go Jewellery Shopping At Trotters Jewellers | Ended Up In Trotters Ep. 13 Lite Stock (iio6pToP3r),Mshale,https://news.google.com/rss/articles/CBMiW0FVX3lxTFBPc25CcERaUjd1enlYQ3dDQWUtVEh5b1VPNGVEUTZOakdwUldfaEJmZzZwSzBDcXpEVWFYWFpmYkJDZE1SbmJvRkNISmc1SXRYWmhUa1RCdG5HeVE?oc=5
2026-08-26 10:42:43,LITE,NHMofdenver Live Stream Lite Stock (EmAsIqiY1i),Mshale,https://news.google.com/rss/articles/CBMiW0FVX3lxTE1vUUt4dHgtYnJrYnlIRktqbWJ1QXVnbHVwLXpnczNldTk1dnhkYm5qdXNSdld1V1RHUGRfSkFRTll5Yl9nQW8xMUtvM1JXbm1EdHVpQ2p4YzIxZWc?oc=5
2026-08-26 08:04:10,LITE,Aurora Borealis | Northern Light Myth And Legends 4K Lite Stock (bJlwfldW46),Mshale,https://news.google.com/rss/articles/CBMiW0FVX3lxTE9GQmszZlN5bU1idUc4Sy15Qk40RlZKVFJiQk8tdTcxSU5DWFFReWI0WG5FWndFNVVkbFRYNi1vSVpkMUduVlNWdFZNOS1uWW1QWUo5VU5NTXVBTEk?oc=5
2026-08-26 07:44:25,LITE,"OnePlus Pad 4 and OnePlus Pad Lite price to go up by up to Rs 4,000 from September 1",Moneycontrol.com,https://news.google.com/rss/articles/CBMi5AFBVV95cUxNb3ZWemVhN1oyai1RczZ1SVpyZHRZTzE1V0ZReXFBaEhIOTBJdGtFSGRXNUM3VUM5XzA0Ry1jdDNCN0xBQUZIYk5kX1MzNXg3UXNOVDMxZUNUa05xSmh1ZGZxWU5jVzJQczVYb1QzbVdLVnE5SEwzaklyM3RCaGpiRE95M2czazJEVnRrcWN6Vkk2bTFXc3ZzY1R2bE9iRHd4U1VzcS1IcWxXRDBEb1otT29FeXpHTWpUSVd6S0tYSHltT19udV9WN0lKaTFwQk82WmVUVzdUM3lrblBSS1BfZldCV2TSAeQBQVVfeXFMTW92VnplYTdaMmotUXM2dUlacmR0WU8xNVdGUXlxQWhISDkwSXRrRUhkVzVDN1VDOV8wNEctY3QzQjdMQUFGSGJOZF9TMzV4N1FzTlQzMWVDVGtOcUpodWRmcVlOY1cyUHM1WG9UM21XS1ZxOUhMM2pJcjN0QmhqYkRPeTNnM2syRFZ0a3FjelZJNm0xV3N2c2NUdmxPYkR3eFNVc3EtSHFsV0QwRG9aLU9vRXl6R01qVElXektLWEh5bU9fbnVfVjdJSmkxcEJPNlplVFc3VDN5a25QUktQX2ZXQldk?oc=5
2026-08-26 02:23:46,LITE,LITE 260828 770.00P (LITE260828P770000) Stock Options Chain | Quotes & News,Moomoo,https://news.google.com/rss/articles/CBMiYEFVX3lxTFBmblAxM0diaEppbDlpc0FvMDB2c0pSN3BpVkpHU2V4YUU5dkJJRE8wOERHWlJOWk9rbW9IQ016UUpNdFZlXzZyYS1zeFZmUUVQYVBoT1E4VjNJWnNpYVhJWg?oc=5
2026-08-25 21:33:06,LITE,Is Lumentum Holdings Inc (LITE) Overvalued After 6.7% Rally? GF,GuruFocus,https://news.google.com/rss/articles/CBMiuwFBVV95cUxObXVIb3E4X2RSQ0x5a0gxWGt0ZUVhMEl5VmxaWm1WdmxFYko2N2FyQWViczZlVk4wZTZlMW01NjFiTjdiWDZTc3AwMEVCSl84aTZCRkZ6cTBLOUpkclhhclFYRmFQX2U2cTBYNGVPMUJWZmg1bVdONnp4LUtnbUdUamU4TG1CbHczZEVzaVFuX21YOFp0dGhXcS1oVFFkR181N0c4X0VCeWtzSWpZNzYzSDhlNHpXWUY5akVZ?oc=5
2026-08-25 20:54:56,LITE,"Lumentum Holdings Inc. (LITE) Hit a 52 Week High, Can the Run Continue?",qz.com,https://news.google.com/rss/articles/CBMiiAFBVV95cUxPc2tKODE2WFZfdWpHTWNlTjVzUDN5RGhMN08tWXMwVGp6TFp4Y29ZbnVZcE1EWmpFcmxfQkc5UTFJV3JNbzB1cS1Ia1F0ejFvWDNZaW5JWkxBcXhDX3hxUEkxaUlHS0lnRzRuTDJXb1hGb3RIVlVmQThMV2pGYVZVNUc4dG9YZ0sz?oc=5
2026-08-25 20:20:09,LITE,"Lumentum (NASDAQ: LITE) exec plans 38,663-share sale",Stock Titan,https://news.google.com/rss/articles/CBMinwFBVV95cUxPWXVyNjdzTFdFQkdadWtHdEJiSDIwVWZRcFZ2QnNoUW1wcWpITzJWU2owRGwzUnBIbkE0ODRxOFpoUjh1M08yMlpqcWlPVnFkbWhfQWxvVzVIMkdZS3M1eVhvWmUxb09vb05QZ2h4R1hqM21LQlRwb0EtMnpMd2poNmJUTWdVZFpfUkhDOUN0bTFZNUg5QTYwUWZQTTVHRGc?oc=5
2026-08-25 20:19:35,LITE,Lumentum (NASDAQ: LITE) officer plans new stock sale after $2.8M trades,Stock Titan,https://news.google.com/rss/articles/CBMinwFBVV95cUxPVkJ3YVh0MVVnWnhVM0lkSjI2cXRKbHE1dkdoc19DVHRnV2dmTk1yYlNqMU9Ha0M3NUd6Sy1LOFdENm9IRjNMazMxNHRUbzZWN3hiX3RzdXliYm8xN3N6MXBCVlhHdjY0N2xlQXIyMURRLUFsbjFJVk5LLWNKdkFzSFNaU3hMdTQ5R2V2VmNSWEFXbVA4b2p2SnFzVHFDZXc?oc=5
2026-08-25 20:17:05,LITE,AI Optics Boom Sends Lumentum Stock Sharply Higher,TipRanks,https://news.google.com/rss/articles/CBMikwFBVV95cUxOZXRBVUl4S19RbW1GbGVMeXp2Q2lDMGdBOUNIcEdvNkVqWkFfMkxQQ2hQOUJtV3FlNW9VUnM4WWRYSjBZcUc1Q3NrUjdQN3liYmZIeTZIU3JVczAwMUtlbkdaQjRHVk00dEhXZGNJTjhuRU5vU0pwcFpNSXpiNHJmSUk1WFJvTGEwTUY2cHVPc1FhSVk?oc=5
2026-08-25 20:05:12,LITE,Lumentum (NASDAQ: LITE) officer plans new 500-share sale,Stock Titan,https://news.google.com/rss/articles/CBMinwFBVV95cUxOeHhtU3NCS2Z5SDlFZjBtbUF2Sm1LVE5ZLWxKSDdIdGdIZFJGdjc2SmVKaUY3RWZUTjFpYk9wVmFfbktkUnBUOHk2RE9JdWExUzNzY3lMZjI5czhDUHAzVnRqdnBGLUFNVEJ6ZjlGNDZiMXRhdk5WRDNjVUtMZGxRdFBpempjNzZrVEE4eUcwVDNiU2F1Wkh4a3VvTXlWM1U?oc=5
2026-08-25 19:15:22,LITE,Lumentum Holdings Inc Stock (LITE) Moved Up by 5.22% on Aug 25: Facts Behind the Movement,TradingKey,https://news.google.com/rss/articles/CBMiiwFBVV95cUxPOGdyOGdpMnhkaUc0Znh0WWFVNUxMVkp2SWJ5QVFYYzdqLWdkcy16NkNiV3M0enhtRnFNYWJOWmtsR2dySUdreUg2WE13cEJOZkVlamFOWlcwbDJFN1FvT093ZzFUU2o5SFNLZ0c1STRVWUhseEZKOFlDS3VkdS1ya2VEZmFUT09WRHVB?oc=5
2026-08-25 15:14:00,LITE,AAOI Benefits From Strong 800G Demand: Can It Beat LITE & COHR?,TradingView,https://news.google.com/rss/articles/CBMitgFBVV95cUxNcWh3LVBjMXV5S0xfbWhUU0ZnZHlGeklXQ2xjNk9fN2JPeEdTOFdscmJZcnVvTk5LMHRYa3lHd0RGR1BTc1Iwbm5uRHJXQV9oeUpqdmdvYjRhS3JrQmo0clhYVU5vM2h3MWhLQmtoSHJlWTVjVjdNN0x4OUpfZlB4dXJhNnZPRjhUalVILWNRSXM5YUpzaktzazF5NmJsell2RDN1SzNtcEFfQ29yT2ljdTYzczhEdw?oc=5
2026-08-25 15:13:00,LITE,Lumentum's 1.6T & 200G Ramp Faces Cisco & NVIDIA Competition,TradingView,https://news.google.com/rss/articles/CBMisgFBVV95cUxOWm45dXFtNEtySTJuUkxVdV9WZGs5MF9GMk5FcEh6TWZSXzVJYzdrNjlvWXcwbWJGTUxuMExVcExPVmRJUC1FblBmWnRvU0libHRKMGdqVmFWamVYdjBCSThlSU9qVkJ2UUQxZTc1ZkxiTndpNUFjcU5XQURsQjd0WjMwRmppeWR4UUVLZng2UFY4QnMwemdCRmN5cEdYa25CenRiTE1nMFEzRmlGZzNmMUZR?oc=5
2026-08-25 11:24:25,LITE,LITE Oct 2026 960.000 put (LITE261002P00960000) Interactive Stock Chart,Yahoo Finance,https://news.google.com/rss/articles/CBMiakFVX3lxTE1FQkdTR1ZrRGozU2FsSU51MUtILU10SHlKTUNoak4yci05X3E1SjZveV94NTkzX00wdlZ6MTdwN1hJdy1PMGs0aTEwZ1dzUTNNcWMwbkNHOGU4WERCaGd6cWhWTHRJOUlVUHc?oc=5
2026-08-25 02:50:52,LITE,"Applied Optoelectronics Sinks 12% on $600M Equity Offering, Lumentum and Coherent Drop 5%",AOL.ca,https://news.google.com/rss/articles/CBMihwFBVV95cUxQSklYbDFONl9QY2NZVkQwemZSUUIwWU9PMmZfMGpNWWtCallQTnRLdVlzOF9xdTJBZTk4bUFSdVJxZTdHdGJlc25wMHVibEc3Ym9GVFlqOWVwZzJHLTBsLTB4Mmg2VzdKaTBacTdOSUdsNm01OWIwVDh5bXc5X01zcTBtSm5rVEE?oc=5
2026-08-25 02:34:24,LITE,Nvidia-Backed Lumentum Reports Earnings Tuesday. Here’s How Much the Stock Could Move,AOL.ca,https://news.google.com/rss/articles/CBMiigFBVV95cUxPOXBrOXpOY2JMTW9kUDgzUU1PZHpRWnBOakJhdkZLOURjbzdJdWNJNEM3bXNXaVg2eGYzbTJsS2VsLVFUMVBPc1ZweFhZc1otUzNPTVJETXJLRnl0Y2NTUW80aTZsSFA4UFJXcWNJelItUC1zTk96RGZSeHN6N25KQ3VJc1UzU3dXX1E?oc=5
2026-08-25 02:26:11,LITE,Nitkowski At The Zenith-30/04/2011 Lite Stock (fha6MR7e0U),Mshale,https://news.google.com/rss/articles/CBMiW0FVX3lxTE10cXg5SzVSR0NMZTc5aFVmRWxyZ1ljQWdBOVRheFRPY0FwMFpPN05Xd3V6ZGNGbUJaV0JIZnpDa3JNc0d5ZGhLYnN4cmJWb2JlLUpYSzZ4WWpMZDg?oc=5
2026-08-24 21:33:12,LITE,A Look at Lumentum Holdings Inc (LITE) After 4.2% Decline -- GF Value $163.14 vs Price $830.17,GuruFocus,https://news.google.com/rss/articles/CBMivwFBVV95cUxOdzZyMkZ1RlBDMjFhaFp4S3g4cmh4azhVd0YyeE1RR1RyUWhTN2t4TC1sTC1GaF9UaWxwdnp6c3VCb2xyMlBnSldoQVpMTFdWMWdxbGVnRXQwQkQxaXlhMmJqYk55d1NSajRzVFJ4bjdoa00tbF9wY3ppQU1wZ2lpRGRsbkkwRzBob0RNako4QU5xbG54SUE3SnVoRGwxWmthSjJBSE5WZTZLamF5RW9uN0ZrOVgxQXZ6aU5lR0xBWQ?oc=5
2026-08-24 20:14:30,LITE,Lumentum (NASDAQ: LITE) holder lines up $412K stock sale,Stock Titan,https://news.google.com/rss/articles/CBMinwFBVV95cUxOOGpySmVEak12emRqMXhWNVVuMUdBUVlZWTRONWRERU5od2tFMmpnRmJHb3B4TmduZ29TRkpIU3ZyUXF6ay1BUVVOeXJ4eFVadHBvaldtQXFvZTNmQ3c0WnZYZjZ0Z3pfTnBPQjNEN0VocnYtSGxuLTdSQThtTFUxbFlOX1MwUllWMm5SWGVQblhXdTIzWWFfWVJta1BlcDg?oc=5
2026-08-24 20:09:22,LITE,Lumentum Holdings (LITE) As AI Demand And Fresh Guidance Put Valuation In Focus,Yahoo Finance,https://news.google.com/rss/articles/CBMingFBVV95cUxOZ09zdTN4OUVhUVEyVXJlSG1IU2ZpVE5GbkJxMDVjYmpLVm9qQ2ZPZ3VJQlNMMjR3ZG43a0tPZUtZTFk4bVI0ekY3cnJ0TXB6dUhOT3VsM2F2ZFRNa1lsTEMwcC1VUEZnQ1pyNnl5UksxbHpyY283ZDR1WWh4dzV2WDY4YXY5U3N1UElNbjhTazRQaHVvZmhYU0JnWUVpQQ?oc=5
2026-08-24 18:40:48,LITE,Lumentum Holdings Drops 7.0% Amid Sector-Wide Selling,AlphaStreet,https://news.google.com/rss/articles/CBMijwFBVV95cUxOTVRQWlc4U2ZMbktqcjYtZ3EzZl9FU2ZwYnFxWU1lUHEtbV8xNDZ0bWo0djZOLVp4WmNtaTFvclo0LTBmaTlLNjhIbnNTTzRFSWpObF8zaGNYSl9LUjAzOVZDWl9XMVhKc1NlbWRnZzNUSDdBVEp3MHVmOTRFQk9EdS05RWJHMkxnb0RhLWNmWdIBjwFBVV95cUxOTVRQWlc4U2ZMbktqcjYtZ3EzZl9FU2ZwYnFxWU1lUHEtbV8xNDZ0bWo0djZOLVp4WmNtaTFvclo0LTBmaTlLNjhIbnNTTzRFSWpObF8zaGNYSl9LUjAzOVZDWl9XMVhKc1NlbWRnZzNUSDdBVEp3MHVmOTRFQk9EdS05RWJHMkxnb0RhLWNmWQ?oc=5
2026-08-24 18:01:39,LITE,Coherent (COHR) & Lumentum Holdings (LITE): Two AI Optics Suppliers Just Beat Earnings. Why Did Investors Punish One of Them?,Yahoo Finance,https://news.google.com/rss/articles/CBMiowFBVV95cUxOX2JZNFJSOTB5YUU1R19UenIyYVlidDFyY0FlLTN2R2lNNzY2NF9LSUdsZElEUnVtSy1wUnh4SFlDNXlUclFaUlA5RFJodzdDOXNGaTNsNG9zUmw2VXFENldYNGhQeHZWa0liZUtEV1RQVGEwc2pTN2ZoSDk0VXE5NFgzQVRWZ2ttbVk4UVRWaERkNm9DbVRUR2J5ZWJFZTJ0Qlln?oc=5
2026-08-24 16:46:55,LITE,"Lumentum Q4 EPS beats, shares rise 15% on strong AI demand",scanx.trade,https://news.google.com/rss/articles/CBMisAFBVV95cUxQNjVhbVlHdThJQnBvZG9md21PTnVhSTlNOEZUcEFETkQtUU44TWFicVJldmw0ZXdURzJXcmJQNjZHS3BQSEk4MWZfaW5UZzBxNnZQWGJua2xRTEhERFMwTy1nMUs3Ri1FdVRmLThBajY5dnhPdEpBMGhKUUxvTUUtYzlXLVMxOWhLdEhKNkxqampQMFRqRUo0cXVVYzZEZnk5Q1dCZUhXQU53TGRmOTlBVg?oc=5
2026-08-24 15:22:00,LITE,Lumentum Stock Sinks. Why Better Times May Be Ahead.,Barron's,https://news.google.com/rss/articles/CBMihAFBVV95cUxNdEEzcHVmaTl0eVA2QV9OYmx0Vm9wQVl3RjFzYWZCNVluZXlYaXpwRURWeVdleTRjV21pa2xLZHA5QjgtRXdNVC1Wb0RVdTFMcFQ1UERxc003M3NWdU5wWHF1ZnUwYllzWG1oNHpYSGF2UjFBUnY5ZUhJNl8yb0RfejdBSzk?oc=5
2026-08-24 14:50:33,LITE,Lumentum Holdings Drops 7.0% Amid Sector-Wide Selling,AlphaStreet,https://news.google.com/rss/articles/CBMiigFBVV95cUxPdlcxbkptWjZuRFFmempXamkxWExlaTlBdThkMmFuVUNoLUlZMHNDYlZucDhVWnNYUld0bW52ZU1hd0FFS1lBN3JYcHdZUlUxaXhpa0R1X092UnlWVXY1cEtVZmNrbWtuR2p2QTF2QkJrTUVxTFJRYWdfMDFiOHN6NmwyMlhoeGkyLVHSAYoBQVVfeXFMT3ZXMW5KbVo2bkRRZnpqV2ppMVhMZWk5QXU4ZDJhblVDaC1JWTBzQ2JWbnA4VVpzWFJXdG1udmVNYXdBRUtZQTdyWHB3WVJVMWl4aWtEdV9PdlJ5VlV2NXBLVWZja21rbkdqdkExdkJCa01FcUxSUWFnXzAxYjhzejZsMjJYaHhpMi1R?oc=5
2026-08-24 13:50:00,LITE,Omni-Lite Industries Stock Faces Fresh Pressure as Volatility Tests the Aerospace and Defense Growth Story,kalkine.ca,https://news.google.com/rss/articles/CBMi2AFBVV95cUxNLUZrUmdhSDR5b3U4UzlsU3E4QTB4T3R3dnNiakNPaG1hOGJ5RE1tb00xeGtnY19VLWljTjI3QkNNM05jUzhqanJTZmo0TktvaEw3dmtsMFBjenJCZjhTWkpLRlh5NmE3RmpZMVdQNThpbXhIUW1kZ0djM1RFai1nY2dZSUZGb3BjRXRITW0xT21zQ0xReFVzM3dkbDZaVVpFWXM2SnlaQ3A0ZWZ0TURtUEZZVWl0M2NFblVXc2VSMF9NdkV0TDM2N0Rvc3V4YWNOdE85YUF6TWI?oc=5
2026-08-24 13:22:35,LITE,"Applied Optoelectronics Sinks 12% on $600M Equity Offering, Lumentum and Coherent Drop 5%",Yahoo Finance,https://news.google.com/rss/articles/CBMipAFBVV95cUxNUHFSc0R4ek5tajE4Q09iWlZTVlkwUWVGSjhxaExmSFY3Y29JanFTeFBvRjZjXzk4UjRKcE8zZEZ5TnJnUWN6YjZHT0ZqOXY1dEo0X3pVUldPN3l1VHAtSW80Mjg0SWRocVNMR1d3b09ZZEdwVFM2b09rSkM5Tmh0WElRMkVLSjdYdTZZRVRHUkJKXzU4aTAyU2pfZlJqUURtY3Z4ZA?oc=5
2026-08-24 12:00:37,LITE,"LITE Sep 2026 1065.000 call (LITE260904C01065000) Stock Price, News, Quote & History",Yahoo Finance,https://news.google.com/rss/articles/CBMiYkFVX3lxTE05VXN6ajhLRVVIQ2hkNURwOFdYZGJYa0ZnZ2FaejQ5bG9pbnhxNkRzOEY0UjNvdnAtRFJISGNoc3VhQWhmNUNjOC1BZ285MElhR1ppTWJqNkZXNEo4MjdqcGxR?oc=5
2026-08-24 11:25:00,LITE,Lumentum Insiders Unload Nearly $48 Million in Shares as Stock Soars 638%,finance.biggo.com,https://news.google.com/rss/articles/CBMidkFVX3lxTE1Mc05yX001U1JNWHFIVXJpMUdsTENkUEIyOEczYmNpRFN5QzgzRmlOVzNaSHFRRC1TSnJubmFvT2NjVFBBamVUT000Z252U2pCRVU3cENrX3pwUDhxTWI5UUo5NjdpOE9jWm01cTJ5S1lILVBLdkE?oc=5
2026-08-24 11:20:00,LITE,"A Lumentum Executive Sold 2,000 Shares Under a Plan He Filed in May. Here's What to Know",The Motley Fool,https://news.google.com/rss/articles/CBMi0wFBVV95cUxNYnQ3eDJSTlJheEg0MmoxODJfMzFkckh2bjB6Mmpsb3BlRThxV2xxYnl4VnlJXzRiYnlpWVdMS3lJSXNDa2ozakRXcTBCRUFaNDk0Y1BwdEhzNXBScnJEMTRaaUxDY2d5RHNMTTZBVDdWZ2pHSm05VWZzWXB0bXRndkk2MmJZOG5tWnd3MWZVTFdqdF8yVUlpS3BmTlpXdElhYTBXSmJiempUc09XcndTY1BzU19qdjJWQ0JwcGN4cjlZanR4T3B6czgwNTVZaXdaNVNj?oc=5
2026-08-24 11:14:27,LITE,A Lumentum VP Just Parted With $10 Million in Stock. Here's What Long-Term Investors Should Know,The Globe and Mail,https://news.google.com/rss/articles/CBMigwJBVV95cUxQWnBzeGx5WlBSRXdFM01zMnk3WnJBRVB0dHo5WU9sS095cmdlV0RpWVk5TkQxWTZfU0lqQklnaDdzLXNROHk3YV8yTGRTR2dXcWE0blhVWnpWcVlhc1RwNHlYYzVoelU1ZllKQjQ3UVQ3UTBtbHdzMnpYX3J3RFBBRlVxQmdwNktkS1l1R0lIUXhNeWpzaUxQTWQzeGpJZ0lpNkJ6cFpYMzZFT0xYMS1pLWp0WmRLa1F6N2xMYWY3VVFQeFU0c1VneTZhanRDRG40djFjQklkRWtiZXI3Q1ZXdDhIYW9OUDBleHJSYUlQaklLWGxvbnpiblhXMkhsaVhXTXY0?oc=5
2026-08-24 11:06:45,LITE,"Lumentum CEO Sells 6,185 Shares of Stock",Intellectia AI,https://news.google.com/rss/articles/CBMifkFVX3lxTE0yLS1DQ0hEVnlLTzVPZEt4Q2Y3d2ZVWTNoXzM4blJpekxPV2s3bWpVLUFyd0ttcUdpem04d1c3VkJWZWJpbUR2Y3IwRXh5a0ZXdDBtRHg3SjlfSlhBQ1NCaTh1NTg2UHZXZ1VzRzk1cGJQTnl1UTRFUU5HZ1BFdw?oc=5
2026-08-24 11:06:45,LITE,Lumentum Executive Sells Shares for Tax Obligations,Intellectia AI,https://news.google.com/rss/articles/CBMijgFBVV95cUxPc2JKYl9hazlSWlp3ZnR6bVBWWGUzS1Q3SV9CdDNVcGpLVnp5cGE3RGtCMEJJYk5tSi1hNUlQS1RFT2VycmRkcFhOdk8zOUhPTjF1aUtQbzVpRmw5MFlEcldLMmkwaFJENXJYaDlra1lQOE9XaE1XRzVPYmVKaVVPdzY4dURaOFhYa0dlZUpR?oc=5
2026-08-24 11:04:28,LITE,"A Lumentum Executive Sold 2,000 Shares Under a Plan He Filed in May. Here's What to Know",The Globe and Mail,https://news.google.com/rss/articles/CBMigwJBVV95cUxQRHpQZkRKd2Z1UlVRa2liYXdpbXoyZlVQTGRCVWtGRVV1UEM2T0dsMC1zWXZvclQ0ckhyR09LZ3BsajgxRGtGaHZKUmFUaE1wTzZRV194N1ZYRG1tWVJLQ0xIX1BCdnBSSFpKLXRmMnY3SGl1Y3Z1X2dIbFJSY1VtSXdpWnBoMnhwcWt4bkVidUZ4MzdTZFFoNmlyV1hUNUVSTkJXNUZkdF9IaHZPeEItYjJWSGxsb19PMURBcnZKbTFCd0ozMjY1RWdBVFJYNkpMdjJDdlppX0kzOXVMLTg4U2N5Ull0NlpOQlAtU3IyNnR4NXBka3lTel9TdzBPaWdCbm1j?oc=5
2026-08-24 10:25:55,LITE,This Insider Has Just Sold Shares In Lumentum Holdings,simplywall.st,https://news.google.com/rss/articles/CBMixAFBVV95cUxQOUsxVlV0aEJvLW9PemlqMkVPUVZNdWR2MUVrZkZEeWxaeldYWUtKTGdIZHVwem5tNG1wU1ZqcWYyOG9NMWF1Ykx0cjhEOW1DNDhxZ2FJd3M0UzdSWTNVbWNIS1RtZ2N1VmZQUFVmd1o1S0p6Szh5VGdfaHNnYmkyaEEzSG1LT2ZUZFI1UEJKXzVtcGt1WDRFczhJX0I1XzZhOUxtbUdVWUNlRmpnV0YyMEhtLWJiS0thRWhMMEs2aGd3aEtU0gHKAUFVX3lxTE1kYkJJVEVnUkpCekFMdWswQ0U5a1hxamdWWWJmRy1UdGZkVWZtSGlobi1OdWVmMXY2SEFVcDhlQS1tN3BKX1gxNnBVZ254YVN4eWVpTFZQand6SWJLTVhiMXIxcjNaWko2aGRkUWdWY3ZHMk85bHE5X2dKWlQ4WWVTRW0ycWJvNW84aUtibm4xZmRZX216N1F1SFBKNzEzUnFXTHM3NUkwSlJDU0RTR1BtazVnMmhHcktTQ1cxN2c2eUJhNXZ6N2tsYUE?oc=5
2026-08-24 09:33:30,LITE,Lumentum Stock Tumbles As AI Valuation Hype Fades,TipRanks,https://news.google.com/rss/articles/CBMikgFBVV95cUxQc2R3Wk9sZUxjOXlTRVNNS3FGMHhSVjdsakU2OVNiME5NTFFUYzFtSExTQVZRZGRoWkZNZk5KRHpIdnUwMnBFWUxtRlVNeVRsdlUwRFJfMEFGTUR3S2s2TlVLOWlYR3hwR1RmWmczZ2VDeXdUZzlqV1picVBGd2NYbHgzT1FhRE5FNm5iUlBEa0xYZw?oc=5
2026-08-24 08:37:36,LITE,Lumentum Is Winning AI Stock's Next Big Infrastructure Bottleneck,Memeburn,https://news.google.com/rss/articles/CBMihAFBVV95cUxOQ29ha2dqM3NHajhuNnN6cjBSQnhjWkJBb1NJU1hVMy1VRGo5TFZTbVE5WExnU2RGd2hWdk5XUUZBTmQwVE5RWVV3Z2xVeE9ucGlMX3ZjSzBCa3pXY1duMXlFREZIR1dNYTB2OVFkTTB2OEJNMDV3UVE4XzR5TUd2anpVdnc?oc=5
2026-08-24 08:25:00,LITE,"Lite-On Technology Surges Limit-Up to Record High on AI Power Demand; Yuanta Sets NT$370 Target, Implying Nearly 30% Upside",finance.biggo.com,https://news.google.com/rss/articles/CBMidkFVX3lxTFBvQW0xc0xnUWw5X0hKOGFxazdjbnd4S0lhTlRmSWs5YzB1ekRvcEREVllMNkpkMmRLMXQ0OE4zeXVjN21KMzh2SDcyOHBkMVdkWkxVc3pFQ3E4a25zSF94UHNuZnMtTW5wblgyQXdhYmRTa05WSkE?oc=5
2026-08-23 21:54:38,LITE,"LITE Aug 2026 707.500 put (LITE260828P00707500) Stock Price, News, Quote & History",Yahoo Finance,https://news.google.com/rss/articles/CBMiYkFVX3lxTE54dmlKdnNmR3ZpSlVXcG11Yk9iSE5renRmZEM1VXh0cEtYU1RRTXA2ZzFRVlJKVkR5MjYwZUVwV1pFRXVkUjJHdjZtX0dfUnRIajlHM0oweHRvTzVPU1hyMjl3?oc=5
2026-08-23 16:07:55,LITE,$Coherent (COHR.US)$ $Micron Technology (MU.US)$ $Lumentum (LITE.US)$,Moomoo,https://news.google.com/rss/articles/CBMisAFBVV95cUxOVVRMNm1HZGpNa0MxdnpLWlJldzRkeFNCemQycTloano3bGtIMkFTM1d4bUl5d3B6OV8wZzU0TzdldnJGTVdYVFRUMDJoRHNZNC1ZM1BkZk4tTGJ5Q1MzN08xenA2dURaVnhPRmRIeWtRd2Nac05oRmpWNThUdFNCWGV2bDlKWWhNeW1VRTJGMngtd0lRZ3UyOEk3WEsxcVNpOERXUzFjcmpNRU9NMmFfNQ?oc=5
2026-08-23 01:08:38,LITE,"Optics Stocks Drop on Anthropic News, WSJ Report: Lumentum Down 10%, Corning Down 8%, AXT Down 12%",AOL.com,https://news.google.com/rss/articles/CBMigwFBVV95cUxPZ1hXYWx4VjFLdVRhcTdWRmlZOUJRQTg0VklSYWNnYjJSeFR5V1JsU0lNNFFXUlJOOVBnRnhjWHh6Y0JoenhNek5sLVBZQTNIazlFdGhLWFBGSDRMWk1XWTd0TWxQS2ZiX20tN3BPRm51R1g2NVFZRFBEUC1BNVFoV0pRYw?oc=5
2026-08-22 16:38:00,LITE,$LITE stock fell 7% this week. Here's what we see in our data.,Quiver Quantitative,https://news.google.com/rss/articles/CBMiowFBVV95cUxOWFNsLVFuUTlBUDltdWVjb3BnV0hJeGtQWkxHQzlGRklUcnlOZUdBUlloYnFINnFzYlp2T0VNYndwR1hGOFExS1h4LXN5X2hwa2txcnN4ai03WXRVd0JsYTdaUGFYQUhBdzk4WUVZUW5JWm84OFFPZHpwVlZrUjRVYV9QVHB5QXlWN2tfUlR3Q2NpeVdFbGpsUkdQYTBSVEthd3dR?oc=5
2026-08-22 06:47:50,LITE,"Lumentum SVP, general counsel Jae Kim sells $1.58 million in shares",Investing.com South Africa,https://news.google.com/rss/articles/CBMi0wFBVV95cUxQcnhBcmthS0Q4VWFKRW5DMUpjZ0g2eGVBTl95UzcwOFZjTmRWaV9JRWxUa25tSFBCV3gtS0stYV9rYl9qcUFlNVpUcnBISnJFWnhPT0JrUzhJT2pLZXhnUGhVN1JTek1oQ05fY2ZFQlA2NDJwOUwyamc2eEFzdE8tZzUxU1k3RUpITWJBV2ZIc3hsNmFOcUI5Wll6U090YURCTjBPRkdjSzJOc1NjTGxzQXVFOVpxdUw2MzNUM0dKcWVyMjhoTW5MWE9CRDlSazc3Y0dv?oc=5
2026-08-22 06:47:49,LITE,Lumentum EVP retort sells $2.05m in shares By Investing.com,Investing.com South Africa,https://news.google.com/rss/articles/CBMiswFBVV95cUxQM3FmMnNxV3VkMUwwbnBRcGFxU0s0MWNWeFhSSDFtOF9fZUk0TDZrbzNvaXFtRHNwa19HREVHUUFwSjBiRkdJZi03U2lkTVFIYTJGRWpPSGZrZEFuWnhKblhKRlN0VU9IeG1UaERCUC1oc2RzVDg1ZVFLaDNsMTZrREpoSVhJZlRhTE1Gb2YzWUREX1N1ZUJNdmxSeHctblcwVGJWdFRPUjBJQjUzZWdSUFNzQQ?oc=5
2026-08-22 04:18:57,LITE,LITG ETF | Leverage Shares 2X Long LITE Daily,GuruFocus,https://news.google.com/rss/articles/CBMiVEFVX3lxTE80c1lEYURwdG0waWZvUlN1VUpZUzFBTWk0STVYeVJmUmFGVWtUQ0hGY0k5RVdiM3VCeFJXbDBfTDZLM3FGNVpMWnJFay1GejkybkVwLQ?oc=5
2026-08-22 03:07:43,LITE,Lumentum president Wupen Yuen sells $1.69 million LITE stock,Investing.com,https://news.google.com/rss/articles/CBMiwAFBVV95cUxQOFJPTFBDazd3eDJQa1g5emR2WGtCYVU4NldIWURHcmZDZEo5MXJ2b21aTlc3UzFvc2had3gyYi1USUZWLTB3REJwYzY3dTcyVW50UWRRSTJWTTRaUENoeGhrcDlUTGdjWW00MFN5M1BvZDNVRHYwWFlxcTBWSzJNdEZtdVF0bkJwMnVHZjF6YzRiclRpSWhHU255RWxpQ3V0eEE3Q3U4am1hWGVBQmlOWFM3NmxNRUdRZG1WdWhCdjU?oc=5
2026-08-22 02:20:51,LITE,Lumentum EVP retort sells $2.05m in shares,Investing.com,https://news.google.com/rss/articles/CBMiqAFBVV95cUxNTDlZLXJFSGlZZkw2ZVk2aG5ybWdMTTMzTEdENGFRZVFMdHRIeGwtMHE1Q2laMUh1TjBfUFJfYkpTMEt1RlZUUWw1cmhhNGp0WVNtMk1LeVo0OHVoaVVSWjZ2c0FNNklTN0JxRnRncWdnTk1mRFNlZmVKNFlnSFFXMVJ5T0JNcUpFRG5ueExMYnFZZDZpT2FKUkNoOURXbzZDWHI5N3RJSk8?oc=5
2026-08-22 01:14:16,LITE,"Lumentum (NASDAQ: LITE) top lawyer sells 1,904 shares",Stock Titan,https://news.google.com/rss/articles/CBMitgFBVV95cUxPU21tbjFRYUczTndxUURyN241bHVmek9fRktKVE02SnpjbVByN05EWFRYVlE3MFRWNElmSmxvelc3U1NpM3AxQUstSHlJcmxfOWItRnpMaUpuNWlhZmVkMTF6WTVpSGNZTTN6TWY5bkcyZjFndTF5MmQ3MHIxNG50UF96cW9hVGVEbmV1bWFJVkZZbFp3ZUpFVWpla0RXaTNfcU1hTzdnSHN4V2N1TFNnV1V2SERsZw?oc=5
2026-08-22 01:02:23,LITE,"Lumentum (NASDAQ: LITE) CEO’s tax withholding leaves 112,794 shares",Stock Titan,https://news.google.com/rss/articles/CBMitgFBVV95cUxQNWk1X2Fac3BLZUNfTUQ0RXZPWU0weE9fUlZseFozSzFlNGFZTmxhVW5FYzhZR09GdWtGaS1KM1U2Ulh5cHkzWjhfd2YyTmtMZVlxc28ycS1DUWJ3WHd6ZjFobWwzMF96cUJFalVYTHBQbTF3dExRMVNDTDc3XzgxTk9ZRGlKdWRUcklYNnMtRzBRR09mWW5IQlZEUkM1Tk9RcFlMc3gzd2daNkd6emJIS3dYOTRsdw?oc=5
2026-08-22 00:58:10,LITE,"Lumentum (NASDAQ: LITE) exec sells shares as 10,083 withheld for taxes",Stock Titan,https://news.google.com/rss/articles/CBMitgFBVV95cUxPRnMycnNtZmhrWi05MGhjLVJEaDVQLTVyMjBxWU1WandCYlBBRWlUTFJ4ckVsbjFJRjlzMzlIVjVsNU83bHB6X0thbFFMWHhwdXNNTVB4anBvZG1TTE9ZSWh6Qko1YmJqaGpZeTlHREhCWExuczQ4akNuOEYxdWxXQ1ZRNzFRaFUwelE1MjJpQlJHZXV5X0ZsQTFrOXJkUXBQaGNka3lGdEFiMkQxcFVxQjROdTgzdw?oc=5
2026-08-22 00:56:15,LITE,Lumentum (LITE) CFO stock withheld to cover RSU taxes,Stock Titan,https://news.google.com/rss/articles/CBMitgFBVV95cUxPSXAxNDhQekFreWpvT0k1V0Rtdnp1Q094ekJkNHFnTlZHdGtnb2dzVENidUJJUWhiY3ZqQkFKOTJrNS1PaXZlNWo2TFJVZDE5UElTRFpkdmJ4amdkMHFyRnk2THRhU1l2dUdDNnd2MC0tSkdLSTlVeTFQM04yYmRfRk5iLTlPc08wRDA5dnJSczB4aC1SeVczNHJsOFV2LVlsT0dYNjB2OXMyQVZYSDJaS3I2NzllQQ?oc=5
2026-08-22 00:56:10,LITE,"Lumentum (NASDAQ: LITE) exec logs sales, 10,565 shares withheld for taxes",Stock Titan,https://news.google.com/rss/articles/CBMitgFBVV95cUxOWGxQeDVSZTlnbWx3NFZpbG1sWG9icWNEWTFzYTVxcnREMmFEQmZ0aTNhTTFzRU9hVENaNVp4UXFOTE0wNzVVb21QX19kRlZlb29ZUmg0SXp2SHRDSi0tODhneE8wV2JQQ1dMMWFadXVGUm9YeEVMY1p3cWRQM1dpR1J3MW9QYms1MmVyaTdqcVVUUkE0REh1Q3Yxam9IWU5KNklxS1c2WWZLM0lCZzJjYnpwVDQ3Zw?oc=5
2026-08-21 21:47:14,LITE,Lumentum (NASDAQ:LITE) Trading Down 1.4% - What's Next?,MarketBeat,https://news.google.com/rss/articles/CBMiogFBVV95cUxNeUNoTTY4MDVVclhuZy1qeUpjTWNqR0FJTW1qTGtoUGlkX2xNSlJPNkRvZnJ3ZGx3dkZmckFnbXRJRU01a3NQNTY1RWlueUlaUTh0WlBSYmxKbE9KNmhGUFlwODRHTnJyTE5IOXJ6SmFUdWhlMXBGNGw1UE9Ya2ZzbkJxNlVyOVRnbjhCTzhfZmhkOVlETUUxYlVhTWdyVnZkMlE?oc=5
2026-08-21 21:24:33,LITE,LITE Feb 2027 940.000 call (LITE270219C00940000) Interactive Stock Chart,Yahoo Finance,https://news.google.com/rss/articles/CBMiakFVX3lxTE82TzVMNGdCb1Q4VkI3NjE5bXFRN2VRLWpmYlE3S3R0V0U0eExIRHBURmZ1Rmh2TmY2eHF3V01HWnc4TkVvUDQzbGxXTFhqT29sbjFFTVRjZFQzUlF3OXB0M0p2Z0xKa1NwQ0E?oc=5
2026-08-21 20:18:25,LITE,"Lumentum (NASDAQ: LITE) exec lines up new sale after 1,500-share trade",Stock Titan,https://news.google.com/rss/articles/CBMinwFBVV95cUxOOUhKUlU3TUU1WXYzdFlySkV5LXpvZkZkaHIwY3FsejM3MjNXa3pscmh0QkNZYUJaeXAzX0VsbWlTb1h2RnBibXlPM1ZMMDBWQ2tzY2cxb2JMajE4bk94cWtseW0zdWZFTmVVS0dqOVd4WGQxUGRCSDNQaTlTbnRibk5uazFjV0JTVnM2cFYzTld5YTNCWk5yT0NFMmFuUzA?oc=5
2026-08-21 17:38:00,LITE,"The Zacks Analyst Blog Highlights Dell, Celestica, Lumentum and Vertiv",The Globe and Mail,https://news.google.com/rss/articles/CBMi6AFBVV95cUxPYzB1d2hUWG5admsyMEplSEVJSXpEU3hzWEJLVzNDWm9jLXZ3Ukhkc05XcU5CTkFYZ1VXN2gxenUxeWlSNGRPSjhuRTJEMm1JNk9ZcmI4Wl9ob1Q1Zm8xbjlOekdMOEdMQjJRTjBxWnlYbGpPNUF1TnJ3NEk4bmRUMEhBejNxNHNaMHJtSi13RGF3QzJ6NFVwdjd2UE81T2hUejRBT2JKTWhzNlE3dmd1Q0NYbldWNWcyTTJhaGFtUVlQanE5VWdPcjRNNWNOMU8wVXc0WGR3Qk52RkxyUXB6YVVrQVZfbXA5?oc=5
2026-08-21 13:05:14,LITE,LITE Sep 2026 735.000 put (LITE260904P00735000) Interactive Stock Chart,Yahoo Finance,https://news.google.com/rss/articles/CBMiakFVX3lxTFBZSnJlX3JMUGJnSk9TX3Q1bUc1MTFxS1JKZU1PdW0wbTQtUWpXbkpSQ2FyQ1dEQXV0c2ROd2tWdFpmZFkxRlB1U2JsVndBRXNlY0FMZTBtdENLNmxNQkdNWUhCeURYS2dBYlE?oc=5
