日期,股票代碼,標題,來源,連結
2026-09-12 02:51:48,META,"Meta Muse AI Launch: Shopify, Y Combinator CEOs Praise New Tool As Alexandr Wang Touts Major App Integrations",Stocktwits,https://news.google.com/rss/articles/CBMiggJBVV95cUxPd2NESUlyTmFVc0NxWFhrM28yNUZhS1pFaExHQ29uR09zWmwzNTRzcGxscTRCblozOGFfUVVLMksySlJZYTlyR2RPbmNrRUVvU1FtNTY1RGgtNEdfdzJhNGxDeGFWQzVDN2xSUDVoU2gzYjQ5YzJkSWFaa3E2SU9OZmZsc3dzWnVUZjZkb3ZhRmE5ZXhhOGhFcXVDZlhiYm9TeFh3bEJSQkdLY1NieHVELTB2MzdOVzBUWDJwaEpUM0RYWmZBU2U5ODhCdjhwdUwxdXlQeGdpSHNIYjN0YzZvWFlvRmxYSy1VdktoUU9sT3VjSGRVQWprUlFpZDlMX0tXM0E?oc=5
2026-09-12 01:57:50,META,Huge News for Meta Stock Investors,The Motley Fool,https://news.google.com/rss/articles/CBMigwFBVV95cUxQRi1Cd25uTGlkTWM4VlR2Mkc5X2tzQ2VyU21sSlJmY2dHTHNLa3JBaEJTYXZGNWhaVC00OUV0R2ZLRUVsbFVfM0FDUlFOV3AyV0hpWkZPcWxrOTltbFQ1VFRhRVdRSEd0dlVJdTFGaW4ybzJXZmFWaW5ubGNGNVhUVW96TQ?oc=5
2026-09-12 00:53:07,META,Meta CPO Christopher Cox sells $13m in stock By Investing.com,Investing.com Nigeria,https://news.google.com/rss/articles/CBMipwFBVV95cUxNdWJ6dWpYOENZbFFsRFVVYzZJMF9oX3VScHI3SFFyaXk0aTVyaVlDdUJ6QWV4ZjFPbnRGcnRMaEVvOFZ2bkZmSl9TbGFHRmtPUjJTQXJSRXpOM0RZZTQtQ2pPdmRnTzZGN3lwOXp6bms2LWREMHY3d2t1MWFxX1NDcWVMZkJXUEpIazJoREhXTkxSM05qdlhBTUQtZEM2RFhPaDVZR0xzYw?oc=5
2026-09-12 00:04:00,META,Huge News for Meta Stock Investors,The Globe and Mail,https://news.google.com/rss/articles/CBMiuwFBVV95cUxNMU10aDlPMmNSeENHWUFNQndHMnVaS1FtTUU3UjBqRDFqV3FKYmxFNDJfQ1BGbnI0ZmwwcnVIZzBQa3U0eHdtTFBscmc2QWItS0lTYzljaFIteTZVWUJMV3pyTVVobEpQV1pNRnpJU1lBUWZoWEJmQ1d5MmJoejB0cWZMQkExOUtuM1VjcUNHbWxHcGFVUTVSSWpOdE9IeXVOcW5udWVvRV9YUUxIcGowTnp2T0J5TXZ6aFRn?oc=5
2026-09-11 23:47:00,META,Why Meta Platforms Stock Only Bumped Slightly Higher on Friday,The Motley Fool,https://news.google.com/rss/articles/CBMimAFBVV95cUxPdDFGWnhyd1poM24zMk1XMXo4YmFVZ3FsVkhYNTBwcE1KWU5FSkk4SGs4T2x6aTdLWkhrM3c1b0FQMkd2TGdTMmNmSDVkN29JbkNfbnl5WEpZaFFHQWlsRU9TRWZCUWRYNks4YmF4QXFHb1B6RTVUcXVXOEFVSGZfTjF3WkktVGR5U1R0TTg4SUNWcmJrZFI5cw?oc=5
2026-09-11 23:40:27,META,Meta CPO Christopher Cox sells $13m in stock By Investing.com,Investing.com Canada,https://news.google.com/rss/articles/CBMipwFBVV95cUxPWjFkRXZ4RnE4c3VMOHZWZFFYeDI3alNnaEluT0xTNGFVTDBNZXJidFlvbjh3ZF9LSzdQRG1XMFh1SThxQkZQaDlYRVZYVllacUVpeG9pUDNrX0dCa2thQ0J4dXBwNUJlUnhmQzBQWTZHYlpvcUdua0dFbU9lNDV1SUpHQ0h6QUpva2xodHZ6YUVNZ2VJQjJQMjgtMW9Qbzhxa01BT2dkQQ?oc=5
2026-09-11 23:07:53,META,Why Meta Platforms Stock Only Bumped Slightly Higher on Friday,Yahoo Finance,https://news.google.com/rss/articles/CBMimgFBVV95cUxOc0FtMmdFVGNrZDluemVZZXJ3LWpmb3RhMXEtTlZOTURwaG9zMUJ1cERTakhlUmRiVEE3NXR6NHp1cTF4MGhDTXlZU3h4c1pTLWZUY1FDSndLa095S2dYaTZDaTQwcDZfdGt6R2JvOW95bVYxaHZwOHpjbkFzLWVRUUM2ZHBxUWlaRlAtckxKd2xILW1FZHlzdnd3?oc=5
2026-09-11 23:01:48,META,Meta Stock Breaks Above 200-Day Average as Muse AI Assistant Rolls Out,kobaran.com,https://news.google.com/rss/articles/CBMimwFBVV95cUxQZzNRNHZYekN0NThOWG5GS2V6elhmcDYyNzMwZGVWWEp1aVdOZEllNjFXbTY2ajZvb2RLdTRraUltbUg4RDFaNVVSaC10VXA3QUV0ZjJNWDNyR3hTNlkzaGxOU3hBbG9MYkk3Um9SY0pHbmlJaWdiOUZ5NF9oZmwxWkNDNmo1aC1WSU9TUWItdDdjZW02WVltdG1kYw?oc=5
2026-09-11 22:55:07,META,Meta Muse AI Launch Overshadows $18 Billion Youth Safety Settlement,kobaran.com,https://news.google.com/rss/articles/CBMilgFBVV95cUxPSHhkcHcwRXA2eG1VMVVTcXk5M2pGVExZaF9ROGFKX2JzSzEwRTM5X0JkZVhUNW8xOFlHeUZ0X0hBUW1GZDBicjA4WHZlSWptdk5KdEwzcEk2cld2X2VkZ2xTNE5vVk1ibnBMNE5SWWROR1BsR3FZT1BSeE1oSzNKcU04VHZ5QTFlekRIa1ZTeEdsdEJPN2c?oc=5
2026-09-11 22:31:54,META,Meta Platforms(META.US) Officer Sells US$13.01 Million in Common Stock,moomoo.com,https://news.google.com/rss/articles/CBMingFBVV95cUxNLTJTVnZSU2xxd1dQbWRaUERxbVFnc2VzSGk2YjVCQl9fUlNxelNXc0lEVEZTajlfWUFmTWZ6aGZBalZkYzNOYml2X1hwR2R1T3owQ2stRTNoWUY2VnY4XzB6bDd5bGx5ZUFPTXFZVWxTR0NIRVRKVXpsaE9NdVRMV1B3ZHdORjNxc1hveE1ENnRLOEdhb2tpSllrVEhuZw?oc=5
2026-09-11 22:25:01,META,Options Traders Price Meta Stock Between $418 And $993 This Year,kobaran.com,https://news.google.com/rss/articles/CBMikAFBVV95cUxOcWxlMVZJTWJHcFF0eE1uaGpmRE9HY25ndjFfMFM5d2tBYlBkSHF3QVdqbnlaallBM1BVYm8yOUZkeTZNRVBnLTlPR25OWW9NYzFQSHM3eFpUaE1yU1hsQmlvWjlTZE5IOEZidDdTRVFXREtWck9OZE5DRGZmYmFzVnV4UE02UXJRcjhlbkRRMkk?oc=5
2026-09-11 22:21:57,META,Meta Stock Eyes $30 Trillion AI Market With New Muse Launch,kobaran.com,https://news.google.com/rss/articles/CBMiiwFBVV95cUxNTUUxdENPS1NSWjFPbHZpNDhpV0Q1MkFLN0hyUVhub21BWkVLOUViQ285bjcxZE5aOEdiVFhKUHlERWhtbDZPczdsU3NKamt2LXhac2h4YjItdEE4Y3ZsM3lQVVl2ckFUQjhLN1dJbXBYWUcwbXpIZFJLMWR2Z2gxS1FOMGxBV2luX1VB?oc=5
2026-09-11 22:20:10,META,Meta (META) product chief sells shares near $650 each,Stock Titan,https://news.google.com/rss/articles/CBMisgFBVV95cUxPbEtQM3I3UmZsRWRoWm1IZXR4b2JENlVtUGZWemV0U1pKa2lZYzNEeEhpYm1fbTAzWmhwRVp4V1RKTkdmdkhjbmVhRkYwQ1YzaGNnb0h3bUxibE1XcFB3MEExRDBVNnNNZkNsMHV1OVlYVEI4djdaMWpRRGhRVlpvYXFXMGJPX09QeTZsMjU2LW9HRXE0MGlUWHNtN1NRODV2dHFCaWsxemtseC0zQ0FZRi1R?oc=5
2026-09-11 21:23:00,META,"Top Stock Reports for Meta Platforms, Marvell & Amphenol",Yahoo Finance,https://news.google.com/rss/articles/CBMingFBVV95cUxQOE1kRUZPdzM5X0d5N3ZJVjhTcmlURWVNRElYYVhoZjJXWDdyRExUMXpsYTZVWDJVRUc4MHJVYlpPY00wNWpJN1RhTWg4YlZqWGRIMDRUdjFHMGJaenFVcXBkUnRienZKOWltam1ibE5rT01wY2U5VWI3Y2plSmd0d01zSHRha2VYUUNoWUpnR3JSblNyNE1fcW5TaDdaQQ?oc=5
2026-09-11 21:11:40,META,Meta Gains Despite California's Million-Dollar Youth-AI Threat,TradingView,https://news.google.com/rss/articles/CBMivwFBVV95cUxPdnBKZkhIM0NIbWI5VVVaeXR0Zi1zcUdyMlZ2a0pFMjBhYTJyUU9QdTV6eFVIT3EybzB0dzN3R3dCNVpSVnJNZUxWWHNXMWZaNTBJSlNycjJPUmxIcVU0MGVRcE5JT0ZUS0luaDZrSGhIV3JYVUNtd3lLbVMyR051cVBHRWsxaFRhSDNmTFpIcmhkU3c0d3BZeUFxM1NLLUc0M3g3LW9Rel9kMW4yM1ZyaHVzSnNWclctTmVGOHJvTQ?oc=5
2026-09-11 19:26:38,META,How Far Could Meta Stock Swing While Its Data Center Bill Climbs?,Trefis,https://news.google.com/rss/articles/CBMiwwFBVV95cUxOZnZaSC1wX25ISGctbmQyWFI1bmxUQjI2NXh5U3Ztclp1cGNkTnhmQWxTVk03MlFsMU5oNTBYTEFDekJta1VzbjVKQ2ZzeEliV2hvWUh5LUQtcnAwS2JnQjk0YlIzc3dLVUJlcElCSGJpSHBnM0w5dkE3VUdISEl5NmZ3Skw2NnBNb2IxNHp1c1dfSWltU25hem9XeHhrNlVXR0hOSkV1aGp4am5YQi1LYlJkVE9fZEJwUG5JR19mb20taDA?oc=5
2026-09-11 18:05:05,META,Meta COO Javier Olivan Reports $3.3 Million Share Sale,TechGraph,https://news.google.com/rss/articles/CBMiiwFBVV95cUxPeVoyQlNnWjRaTGh0N1lIZXpVb0NnVlpfN3p5ZS1OZ2g1MV9idzVQRXgySDNHS3ZqYmJTMHBGZzZpRFJpZmR2Z1pwQ0hQWW1pTHdkc2JTS2lvc19oblJzOFNmVExuTjM3TkJqTVRDWEVFQkFOWFN5czdUbzU3bWN6VHVfcjJYbjdxSUVF?oc=5
2026-09-11 17:58:00,META,AppLovin vs. Meta Platforms: Which Technology Stock Is a Better Buy in 2026?,The Motley Fool,https://news.google.com/rss/articles/CBMixAFBVV95cUxOWmwwNlo4cFBINHktYkE1MHJHNXJWaXJDOWk3TEtjbXU0OVlrSmd1NE5fYkpTYklSR3ZzQWYxZXQtbDRjS0NyOGVITS1YZENmdkNUSjFBREg4OHFNempGNDV2d0VUM0Y5VnAyUjNWMUxrUm5BNmFtUklGS0t2aTZ5Y29NR0l3RlJ5aW1zZm1CSkRITzd5eE8wSkJnRGM0M0hiWGdsY3d5VjBzZldPbzFwVXdOMHk1NW13ZDE5QWRMU2N0RU9x?oc=5
2026-09-11 17:52:03,META,Meta: The Market Misunderstanding Of This Stock Is Quite Baffling (NASDAQ:META),Seeking Alpha,https://news.google.com/rss/articles/CBMimwFBVV95cUxNRkhROFREZFNyQ1ZPRjN2SXUyWTcxWjZPQkxCT1ktSFZYV1F0UjZoVzBKdWw2OEZtcjF2VTJYNGwwcVNKY04zclpQeVpqU2RhMzhqb0thdU1aUHU2YXdxejNrMlR0TWY3STlFTU0wUUhIWU5GdFZiX3JfS2pLX3piUEpFaThxQ2Y1WTFQSExWel9FckFEbU9kUnBXNA?oc=5
2026-09-11 17:18:14,META,AppLovin vs. Meta Platforms: Which Technology Stock Is a Better Buy in 2026?,Yahoo Finance,https://news.google.com/rss/articles/CBMipAFBVV95cUxPTW5reGFjdnIxcWxmY1hSZUFkUkp0VDZmT2UzWERtajdSaEtXRXY2VE1YYUtqT2dLUDhjWEZSZndkVUY5cWxlTXlaaFRCMXR3T3BtQjhQZ295UW0tU28wZWtsQWw5R3BYeDgzT1MzUWJoQUVESXVBM0hBVGFlVC0yTkpDME5IZE1zLS1rWnJhdm02WkxjNVh0ejhucVY1dzVvVzBuTw?oc=5
2026-09-11 16:51:07,META,Meta stock surges on Muse AI launch—but can it break key resistance?,investingLive,https://news.google.com/rss/articles/CBMiowFBVV95cUxOQzVtM1RHb1AwclYyQWYzRHZCUFlfZ2tfUmgxci1VYXJPWjdQOTVkYVZEaUh4ajdLTGtXS2hvcThLcW5KQ3hETGJ0NzFWY3NzWWZ5RFBISllqR29yaWxOVGhqYklnaC1feGY5eGRGQWNXNF9DMVdaRkhzc3NobXFGbjFyZ2VWUVRlUE11Y2dwazNQWkdFMk1MeC1ySTRZVGtsWnNR?oc=5
2026-09-11 16:18:43,META,Meta Courts European Bond Investors to Help Bankroll AI Boom,TradingView,https://news.google.com/rss/articles/CBMiuwFBVV95cUxNdnFBam1QWG1jcWtZWGRyRXZELUFxSHZBSHNlTnJZVjJzbkVJUlVaT01pQm5oemdSNUVuR0lpWTV5ZV9SajJWZkZNR3pqR0RmV01oN2poWVd0VFhRUXRPUGFVRUR5d184WWFqWW5GS3JCZmVKT2dVUFE0ZGctUmZXRS1RYVQwb2dsN2pBME5RNHNCc0dEMTVaaDh4M1RDSWVBQ2hERzFhNG8ydkM5bC0wQmR3TGpSeW9ndXZv?oc=5
2026-09-11 16:18:43,META,Meta Courts European Bond Investors to Help Bankroll AI Boom,Benzinga,https://news.google.com/rss/articles/CBMiswFBVV95cUxNOUVvbkVXTjVxTWFWaW5IZDM0Q2VBVTFZSTd5UVMwSTl4cjFuZHg0QVF2MDBfak9zMm9ta1M3ZHFfN1ZyQnlvc1hxZFV4SjM0LXE0NHd2S3hfSmUxdmprcXZlaEZWWmt5X2wxWkMwQ2JaaW4zNUduS21pRjlYYXRCY19VbjR1WXppT09mVWFMSm8xNjJIMm5DcHJnQzJSNHF6N25SMm5wSm5EX05aa1lmdXppVQ?oc=5
2026-09-11 15:38:00,META,A $30 Trillion Reason to Buy Meta Platforms Stock Now,Yahoo Finance,https://news.google.com/rss/articles/CBMilwFBVV95cUxNeGE2MncxQk56MnRLU0hCczFYRkZJRnJmM1ZjQ2FyZFhfWTVISDRuNmxJdU1vZ2JsRnhONWlWSXRkQXBxNWg2a2VsdTBTd2M4WFRQUXdGcl96VDM2Q3FOYUJvODFvNjdQUnRjaEtjQWFDYUxYSmlrUTIxSzQxSFNLRmNLbVBDWHF1ZnJvSEtWdkN6d19kbGtN?oc=5
2026-09-11 15:23:26,META,"Gilbert Ray Cisneros, Jr. sold $ META on Aug. 20, 2026",Quiver Quantitative,https://news.google.com/rss/articles/CBMid0FVX3lxTE9iWkRYUHhQN2VZcHk1dG9sRDFFRXJoNWI2SmFIS09yV0l3cW83Rk9GM2ZrYXRRTVI3WVE4elQ3VXFzSS1KWWN0U3VFUDl3cmh0c05vQi1MTHpmZnVsc2ZiUzlDTTRfNTJNVVJNdjhNNE9BZnlsazkw?oc=5
2026-09-11 15:12:16,META,Meta Dividend Is $0.525: Key Dates—and Why the Yield Is Only 0.32%,TechStock²,https://news.google.com/rss/articles/CBMijAFBVV95cUxQMXRsc2thcmdMSGFIQkhpVFRBNzhyTE90RTBxQkI3S1NrbjViLVJTaFA0cXNoYUxYZEZ4V2VvSzN0SzZKSDJVb2pLNGJ1Ni0tVGEzS2VkRktvYWE2UlQyaG1ld0NUQWQxNXFCZkpaNzZrX1hWNUl2eVRFTm8tMnVWaHZpdUE2U3pTckpHSA?oc=5
2026-09-11 14:45:00,META,Mark Zuckerberg May Have Found Meta's Next Hit. Would You Hand It Your Email and Passwords?,24/7 Wall St.,https://news.google.com/rss/articles/CBMizAFBVV95cUxPclBUTW5wMEwzQ2w0RDcwbHI2dTl5MmVhZFFzSkUxRVo4YzhoMnBDSGdGT19icjFoZmN3NjlKNmZHcHowa293N3RVZXkwMnU0eUJGM09DOC1QR1F2UXFUaVg4a01DdWpSaWl2XzdpYWJYOUlOWDNjdW9xLVZZT3d1a2FGM0YxbVBqVnJUSnFRZmpyQnhZaEhBZDFWMmZCY1Y1YUFQaDhEaXJZYjJBZ2duQ0FTelo3MjIxRnRjZk9fVnY3N2Rza1VSWngta1E?oc=5
2026-09-11 14:30:03,META,Alphabet vs. Meta: One Magnificent Seven Stock Is the Better Buy,AOL.com,https://news.google.com/rss/articles/CBMiggFBVV95cUxOa2IxaHZNc1V1eldDODRfcW5UOTc3LW9MN1RkSFRUUzhESnNTeTF1TEVVXy16WXRWY1VtMy1nZDZURm12TWNoN0dITExqdW9mUk1oYUdLUndHRDI2Ui1RbWJPbW81cjhyV3NKTUtna2lmYmo1Q3VySnEtdXhMdjgwMGpB?oc=5
2026-09-11 14:30:00,META,Alphabet vs. Meta: One Magnificent Seven Stock Is the Better Buy,24/7 Wall St.,https://news.google.com/rss/articles/CBMiqgFBVV95cUxNaFR5c2RPZ1JLdFJ6UmV5Z3BpWjd6MXIzc0Z4cktmTFdBOGJ4c19FTTlhXzVVeUtpNUNXRTA1SlNmNmk1R3ZPWXVOdDBDWmNqeGhmek5LX0pHWnN2eG85cmt2dXQzSFVhcnhnSXpvTWh0bjkyZnpJWHA5TGZPdk1RcWVQN1MyclgybG1IQVM3M3ZUdE9MLXJ2aTFxRjFaTUUtdEV0dXhiZXBidw?oc=5
2026-09-11 14:15:29,META,Meta shares technical analysis: Breakout attempt targets $678.82 resistance,Traders Union,https://news.google.com/rss/articles/CBMijwFBVV95cUxOWTg3b1Iwd2Q0Sl90RFFHQmh6THNJUm92RGJTTDA1Rmp2eU16Qk1KQ0NtT3FfWlpvVVZGRUhFeG9tbXJIbkl1QnN6bFppbFIwMWMwYjFLTmZVR19naHQ0UUp1bW1XM25ub3RfUFZidnJQTW9iSElRMGV3dGZsMjR2c296V05NOEdZTmZhSnpIcw?oc=5
2026-09-11 13:43:07,META,"Meta stock rises 7.5% in a month despite heavy capex and market challenges, signaling potential upside.",Pluang,https://news.google.com/rss/articles/CBMiggFBVV95cUxQbVQza2JMNWJDYmZUX28wVnZOcUMyNS1JU3dvMXkzUjgwYjZqN2tXN1hGRllRcExiQ1dQbFFHNXB2dnpKWjM2eGV6aWpBM0o4RXkyc3EwendySno0UUdvVU1HZVRLTVVYbUR2SDNsQ2xiaExmejZfTVV1Y01NLVc4ZzN3?oc=5
2026-09-11 13:26:00,META,Meta at $645: Recent Momentum Makes One Thing Very Clear,24/7 Wall St.,https://news.google.com/rss/articles/CBMinwFBVV95cUxQTmpBVndTUUZjSW1MQXF2X1BWdk5TdTZWV0h3a3BtbGt5cGhRcm95Uk9hMmkzX2tXcjk0cDFnUVgwUHRtZHdqbTB3Rkk2SWc1Ui1DcnRPTlNpWGlyMmROMGNMcHRsc0lVRDNObWU1MlF4TjRiSFIwbmpOYXFmMFl0SFcwaXBJMm1Nc19UMks1VF90Wmd5Y2Z5MnlJczAyY2M?oc=5
2026-09-11 13:20:00,META,Mark Zuckerberg’s $100-a-Month Muse Bet Signals Meta’s Desperate Pivot Away From Ads,24/7 Wall St.,https://news.google.com/rss/articles/CBMiwwFBVV95cUxPT3dEQWVXTnBxejdUR2FZQ2RvYWNjZGVIeUJVbWdkazlLbmNEVjVFdzk3SklWLU9zSjVRTWdqQkFCMHR6MmhWMXdkdFlvNldpV21QMEZWX3BlYndEWXBOMW5hdnVjWlVIUXpnUEVwdVRudm1JZGNGMkV1ekI4Vk5vOEpMOTlIcjJQenY4cjZ4X0lGVFc5TTJqOEJRaFo0OTBwR0kzZ01PdWZBMVlzdDdQdjE5Z3k1WlNSdnZONUxmbEJBRzg?oc=5
2026-09-11 13:10:05,META,"Dividend Roundup: Meta Platforms, Verizon, UnitedHealth Group, Coca-Cola, and more",Seeking Alpha,https://news.google.com/rss/articles/CBMitgFBVV95cUxQX1M0TDk4Y2J3c0swa1lQN2hzdkZpbkhjM3NJdkVIT19GdjVRdkswRXA0bjFUUWdna2gxMlRXMlgzTXg1aHc5S2ROaFNNcFVpODJSaktralB6ZUxFUy1KWHVDX0Z4VjQ1c2l2Tzk0OUhoMkl4dkI4WE9qc1BISDQ1UWFpeWNCMEZ4UC1pNUY0UGJ2VUlmQ3plT0JGMXpkTDdWcDFJVmRSTDZwODRQNnJtWXNzN0w1dw?oc=5
2026-09-11 12:36:37,META,Feed to Feat: Can Meta Unlock the AI Agent Cash Machine?,MarketBeat,https://news.google.com/rss/articles/CBMilgFBVV95cUxONnk0UmJad2ZsZDY4aUNFc2M3Wl85SU9YSy1MbzZ4TS1LRFVaOWxldGtkYWEzVC1vN0Q2ejh0THlIMWctNEZ2RWNHZm0yRVhtVF9NTUVCeUZfdmw5QU9WUDlhV1RSUUZmNTJlU0xKQlViRzdoV2l6VFgtWjJnem1OMWdGdk4wQnotajV4U2pJakFtMFRyWUE?oc=5
2026-09-11 12:35:59,META,Meta Platforms stock gains as J.P. Morgan and others lift AI-driven price targets,ad-hoc-news.de,https://news.google.com/rss/articles/CBMi0AFBVV95cUxORW1lTjBrVXVROU1BaUQzQTcxSklnbVp2aXhvZVhFd0JLRkdVLUs5Y3BjenczYzlES3p3aGVBODFHUGNVSVRLZ2lEZXczWVkxazczWVBidmFlWkNwZVljSkd1c0ZPLWhWc05WeUpnU05ZbWNKQkNfTFctTmpHVGJnVFpPOG9mLWxSNFlPWHIzQnVXVFVUWEMxTFNRN0xQeXBvUnpuWFphTUdlNDQ0c0Z5Yld5c1dQUWRHN0pHeFp6ckhweF8wQnZWYXVyV1h6Rm1V?oc=5
2026-09-11 10:19:55,META,Meta declares $0.525 quarterly dividend,grafa.com,https://news.google.com/rss/articles/CBMipAFBVV95cUxQaHdOeTFlRkd1bkRxT0RsRTNIN2VTT2tFUE44WkdJSjM3Skd3WmZRTlBYWG1ZQ1c2dkFlWGRWdjM5bER2NG5vRFY5UVF1WmlLdFpUdUNmQ0dnaXVUeTVIZzNZVng3SHQ3eTZpN25wMUFPaGNrbENXYkJ4dFFSWlVIbkpZRDkxM1RDclpCdHV2M0pUN3p0aGU2b1o5NW9JNTNNSlRjeg?oc=5
2026-09-11 07:18:00,META,Meta Stock Falls 1.4% as Zuckerberg Video Reaches Jury—The $62.85 Billion Claim,TechStock²,https://news.google.com/rss/articles/CBMinwFBVV95cUxQaVZ4NUR6SXVsMlBDSXBzY3cxSDY2TUtZN1FVMUVzNWZIb0VxV3hicWRpd3NESlM1R1VyTlBhWWVPWUVJQnpWNTBYbVNZc1ZEY1A4UGFOWHF0V0RRbmJ4SXJfT0xHRndNaEV6RlRrLVFTbE1SUGxPeEdmU2N3b0lDVTkzUHpEVnJKckRzX0MtelE5SDdpd256VndmVG45WjQ?oc=5
2026-09-11 06:02:18,META,META Looks 24.2% Undervalued on GF Value™,GuruFocus,https://news.google.com/rss/articles/CBMigwFBVV95cUxOWmdoVDB2X0o3UFk0S3VQNUF3UHA1STROOV93ZUlRSFh2YlFUdEpiY3NQZGhsdGFxZUc2ZS1GLWZ2Wk9ueXdBRVFiT21kaDhwaWdOcURqT0ZiUE83ckY4dDhZWE9oOUlVUzRqb1JqWkdfZUx5Qm1ZRXZRdXYxYjlkY3Awcw?oc=5
2026-09-11 05:46:53,META,Meta Platforms stock heads into the open after a 6.6 percent jump,ad-hoc-news.de,https://news.google.com/rss/articles/CBMixwFBVV95cUxOa050VDViME0yQjZ2NVZETDdBVVBmWHBQSWNrWEtGLWh3cWM2MWE5NkF1azdBbHpxMEN1RW5CblllN3dmMlRGUFB2VndLaEdYR09nU0kweHFSZC0zeTN5N3hSTl9jTVFWN1N6bjV6VGhrMjlWMktuMmRXUTBKbUc1enlQOWhoX0p5WGZ2dXlPeDFCYmdibV9tMkRLVW5NbGZKQVVtd3owbUZzc1JBLWV2UTU4UC1qaDNUZlgtMWVTYmVRVFFaRDZv?oc=5
2026-09-11 04:16:05,META,"Meta settles child safety lawsuits, faces engagement headwinds, says BMO Capital",TipRanks,https://news.google.com/rss/articles/CBMixwFBVV95cUxPQ1c1ZzJETmttUmxiUTNfRDV0SnVUYjdwNzltWTJHZDNvUGJCTTNlYk9LQmxDeHBrRUo3b3RQZ3dyY3hONjY4YUw1YlJ3clItTlNEN2V0WDFXLWRaREp3MFdyR0plZGpNcW83Y1dwWkNvZ2g5NGZqeVBZVDhGSk1YMXJhbG5faFlWd3VqRmNNbi1VbkJwUGtTM29LSjFqZG9ZbTF5Mk1MUHJtVzJER25DOWVsYVotbEhzRjNjd1NzWVl1MlhzUWo0?oc=5
2026-09-11 02:43:58,META,"Everpure Stock Hits Record High – TD Cowen Says Oracle Could Be Its New Hyperscale Customer, Sees Meta Revenue Growth Ahead",Stocktwits,https://news.google.com/rss/articles/CBMikgJBVV95cUxNNmszbU5xd2MxbzJHTGdBX2F0Si1MLU5DY25OZ1BMUDZjcGtGdkoyZjM0N1ZHanZuT1haR2ZrR0ZiVWZaUnVWa0FvNUtVblpQdTdaN3BUZXJYRllxOGkyUlpMbDlFWHA1eVg3emtWRzZMSldaSEtPbXppb3hmMXlzbFdEcWZ4U2wzdndVVUlJdEJvUnZzTUE0YWV4bTBUeDZJTktBNFVBbjRyaDBrUkRxY1ViZXpEODdWMWVleEJKaWtZMkpUUzRHWS11MmlfblkwREpDNnpUWlJWYnFXUVppcGVKY1lDOUtsQm1XZVktVnNHZE5aZm1jNUpEWFhjRU9sSzdaQnVkdUNuaXhjSkpoMVRn?oc=5
2026-09-11 02:25:00,META,"Meta Muse Launch Triggers Wall Street Upgrade Wave, Target Prices Reach as High as $830",finance.biggo.com,https://news.google.com/rss/articles/CBMidkFVX3lxTE5DSFdfa2lfekxvOEdqeGlDZHdfX0k0NFpsSVktWWNrNHhIY3ppUzBXYkhVMjE2MG1NdkhTV19pZjVKTVZBU3dlT19UUXZhX1ZPbU1DLTdyYzltQTFmVTBSSXMtR0dqcEdac2xiekFoUE90bkNLQ3c?oc=5
2026-09-11 02:10:32,META,"Meta Platforms, Inc. Announces Quarterly Cash Dividend on Class A Common Stock and Class B Common Stock, Payable On September 28, 2026",marketscreener.com,https://news.google.com/rss/articles/CBMi5gFBVV95cUxOenpHWkJ3NklkUXp6b0VWZ0dGLWE2VGt2aW40TENtbjJFN2NvaGgzYU5lZkxJd1NEcTYycGhWdlA1ZnBlUHhSV2hfZ2ZuQTFSakNjVjVJUDRCMUp2eGZUVzJleTh2bDFsMzA1LWx4d0lPU0ZkaDJCWmoyREQtb0tkSUx3OHVJN29KS0FURHoybWlybnRrY1FVTFRQZ00tX1N4QmdaeUhNZDFMeFZELVdYdFJZeWhsNUl4SkY4TTQ3b0hfRldrRzRVLWNoR3I0SnNkd1ZzaDVFRGhudEdUemFVdGpuRU9YUQ?oc=5
2026-09-11 00:23:03,META,Meta platforms COO Javier Olivan sells $3.3m in shares By Investing.com,Investing.com India,https://news.google.com/rss/articles/CBMiswFBVV95cUxQWWZadkhzZmRPX01PUjNiWmR2eEx1dVMydFI5RFVobmt5Mjh1OTBuMzJsbXZTMWJVeG9rdS10cjJZOE1SRkdzNmVqRFViYlNOOFVyNk1SbkhMN0N2VThkTDlRV1Zqb0FFOTZTdjMxeng5QjJuUk5rTjJsTFNSZmt5b0Q1bkp1Z0VMeGNNakpOTUlncDY5Y3VZdHFFaVFEeTZFZjZuNlBaY1ByOEl1aFIyZlFoOA?oc=5
2026-09-11 00:07:00,META,JPMorgan resets Meta stock price target for the rest of 2026,thestreet.com,https://news.google.com/rss/articles/CBMipgFBVV95cUxPUGtwSkE5WFZBU0FwMGJiYzlBaDdSdnlTR21iejg5Wjk3N1lQc2J3aEl2ajVTMjRXMkhteTJySXJUMjFnRENMcVVnQnBXdG4yN25MaUJ0SFRiQ1NtX05YVzQ4ejYxSG9qV1Nfalo1c3R2ZTV5bkM1cUN4c0k2Q2s5VTB0b1NQRVhlQXU1RmswcWNPcDVuRU9saVI0YWZ4V01OYmFYZVBn?oc=5
2026-09-10 23:18:39,META,Meta Stock Holds $860 Wall Street Target as Muse AI Agent Goes Live,kobaran.com,https://news.google.com/rss/articles/CBMilgFBVV95cUxOUTBHQXgwaFplRXB2bkUyM2xBYWp4Y2ZqYXc3QnEtd0pCX010UVlHaFBCdExERWs2ejUyWFI4M09yX3ZMYmliRG5VQ1V5cHRMUnFYRVNnS3B3ZmdQenp6ZnVYOS15M2Z4WkxudlVnU1FRdkFZNW5CMkwzSmJiVm1ZVVJIbGQtVjkzSFF3a2hDc0xqNWRxS2c?oc=5
2026-09-10 23:01:00,META,Meta Announces Quarterly Cash Dividend,Yahoo Finance,https://news.google.com/rss/articles/CBMipgFBVV95cUxPWE9rR29FYV91OEdaRHI5Tjh6eGxvMHlOMWxQVVBscFk3M1lzSk1RSld1N3FuTE42bTh6R1dfWVpjOW9XY3JBNGlGNDVuVE13bmxNbXM2N2JIQmhNQzVFaUc1X1VRay0xTEwzYnlFaENYSkVLMmVkRTdXZ3V6SU1abTExQUYxbGFTM2MzS0Z4eW5YdHVha0lXcUJtZHo3dUp6Ukd4MjR3?oc=5
2026-09-10 22:37:05,META,"Meta Platforms (NASDAQ: META) COO offloads 5,354 shares in planned sale",Stock Titan,https://news.google.com/rss/articles/CBMisgFBVV95cUxQUFNfbWZMVVlqTlpLOURvU2tfMTRwMG9EX096QjJ0OWlFbnNETkFRd1JpWnk0NkdvUGRycGJBNTFhaXFkQmZIalRULW1xSWlBdXB5a05jelRKY2t0T3ZkWWxwVHhNOFpWaEdmLWxIZXQtNEx0ME9hOGpNbmpQc3BIOU92NmowMF9obnNwR1Y2cDFobmJYM1JCWTJsVjFyTHdlZmwtZWJ6RzQ5WDhRT1VWT3RR?oc=5
2026-09-10 22:07:26,META,META Stock Slips 1.42% as Traders Look Ahead to Meta’s Earnings,kobaran.com,https://news.google.com/rss/articles/CBMijwFBVV95cUxQVU1DQks0eUVVb1JpeVZmb2ROb1FCWVFHZVBZai1iWHpNMWpheHZUTWFKR3oxOHlwdlJWME1vUVRpOFVGMVVjclRINmlVSjN6RmphdmNlak1YRkU2Z3MteDQyUEs2MDFEazA2QXh2OTk5Y2FmWnlJUGVSYjQtMWpTV2ZSYlpBcTJUWHdkX3U4aw?oc=5
2026-09-10 21:45:03,META,Here's Why Meta Platforms (META) Fell More Than Broader Market,Yahoo Finance,https://news.google.com/rss/articles/CBMimgFBVV95cUxQYUFQdzA1LXJXOEw3ak5EV3ZKakpadERtODlFc2NDaXdxMmFWNWVXM2dFSG5WWmlkMkRpbUhxOUh6OEczNTNZc3JRUmtkYkpidkVscHpjRGlHazZKUGp6bC1TeW96NmthdDZLLVh6TEI4WGRBTHgxRVV1ZTloMzJUZ2p0MVJOR0E1TE1PU09LVkdQNy1GNFY2NDZB?oc=5
2026-09-10 20:34:01,META,Why is Cathie Wood buying Meta stock and selling Alphabet shares?,Cryptonews.net,https://news.google.com/rss/articles/CBMiWEFVX3lxTFBkbWtfNkJpUGFDMUg5RVppVEVxV2VwTjJ5Zk9vRlF0M2tNQlZwT0xfejdIOVNRTWdTczFPeUhOV1BKRzJJam1ISmJzUTlLTjd3YTQwRmlWZU8?oc=5
2026-09-10 19:57:30,META,JPMorgan Turns Bullish on Meta. Muse AI Agent Fuels 30% Upside Call For Its Stock.,International Business Times,https://news.google.com/rss/articles/CBMipwFBVV95cUxOV001TUhCMkhKQlpGalNUUjJkX2FTODNrZzhWcUY2ZHBlOUZ6VUpDelFxRW83dWhWWmJ5ZUNkSkE0XzlLa0Rhc18xNnJZeVU4cTNSd3RkYTl5UTN5UlgzSWhPVHJkR2kycFRBTkt2MHFqU21LeW51dnhJYy1qdjdmbXQyZm1HZ2hZdHhkSmFvZ3JxNTZ5T0pGSkhsc2drRkY5ekRXVjdudw?oc=5
2026-09-10 19:15:06,META,"Meta's stock jumps $100B on AI launch, then fac...",Pluang,https://news.google.com/rss/articles/CBMiqAFBVV95cUxPRHByenRuYU1hTHFVQ1lOaHhyNEQ1a1lSNGhhTkFWS3VOdzg4RTV5SVhhT0RIOEZUa3huU0dGNjdmTWFwb3NDVG1naEctTEtCZjA5VW1WekVybDVCd3g5c2QyZi1BVDdxOGR5cEFTTDI5NlNTVWxkY2xxbFNEWWsyejZIdWg1LUdWX2Y2S3ZsQldONDlmdTF5cWtjLUFpbnB4SWVIQVVoMnI?oc=5
2026-09-10 19:00:00,META,Meta Added $100 Billion in One Day. A 350-Ad Scandal Arrived Hours Later.,24/7 Wall St.,https://news.google.com/rss/articles/CBMitAFBVV95cUxNZ1lfby1BbUtxZzM1bGxOVmFPbDAxZ19laXVGdk02dXVYcm9ieTB0M3hkWm5UZUVrdUhRMUdDUF9SeHZDdVVzSVBQWVI4dEFrNEI1c1RUTVhJeFpEX0RRU0VJazRtbzdlMFdHNm85TXdoS3NmNTYzUEMyR2U3TTktSW93cmJwRUFEV0poRkcwYmxEYjZLUXNQT2hna2otVmExZjNCbXh1Sjc2YW0zOHBiMFpfSkU?oc=5
2026-09-10 18:42:03,META,Meta Shares Rise as Muse Cracks App Store's Top Three,Yahoo Finance,https://news.google.com/rss/articles/CBMimAFBVV95cUxQWTI0Y1ZUOHNlcnBoRFpXQnZNQVp1eVNObGpXOE91cUdRa2tCb3ZrVDYzbzVqMFpWeTNOMWNYbERHUFJwVDc1T1dBLUQ1cGRwTFV6cmZTZjZXVG9BR0xVLVMzblBhNHRNSzU1Y1FWNXBON2cxVS1RZ2NwYXBpR0NyUnRMRGpIWDdjeElmRmNnSjBJdUJVX2VGYg?oc=5
2026-09-10 18:42:03,META,Meta Shares Rise as Muse Cracks App Store's Top Three,Yahoo! Finance Canada,https://news.google.com/rss/articles/CBMigwFBVV95cUxQSjh6SGdoVVV1QjVuMnZlNEw3SGM5WkJkV0VveVVnUlpXMkQwU2dEODk1SGVXWlNiZGRIaG5oa0pwWFdMd2ZMZm83c29Jb0pqME1ocHZnWFNfRmVxOWlYOExpVmxPUnRaZEZUSVFSMHNadTRzUzYzcVBYX0pYMFZYUnpnQQ?oc=5
2026-09-10 18:35:00,META,Meta Shares Slip After Star AI Researcher Andrew Tulloch Abruptly Exits,finance.biggo.com,https://news.google.com/rss/articles/CBMidkFVX3lxTFBMSE92WVAxRFExTmVjaUJqRDJFRDh6WUx5NER1S2Ywbmo1aUJ4RWI0MmQ1RmVPanhna095UzBqRVZaNXVEM2xBUi1VekU2aW1CNHNwbWlNZE84MGNWNHVaQS12c2U3TVEzS0MzTTNzZVRVejZLMkE?oc=5
2026-09-10 18:27:00,META,Why Meta’s Consumer AI Agent Is Good News for Shopify Stock,Barron's,https://news.google.com/rss/articles/CBMieEFVX3lxTE16WXpnY2wwc0o5RjJkWTNuQ1BfVVNnWmNYUkdDcTVLRmVyZ2lfVXNaenFuNnd1eHZNRWZaOHNCTmxpS3E1cXlzbS0zMEVSYl8wT3NXelVJVXFOclp0Z0E5WlRmc1lhRmRiVnE2MzdtQkxZUGw1cl9kOQ?oc=5
2026-09-10 18:16:00,META,Cathie Wood's ARK Rotates Nearly $56 Million From Alphabet to Meta After Muse Debut,finance.biggo.com,https://news.google.com/rss/articles/CBMidkFVX3lxTE5ReGxZSHlsRm1KWFFqUWhzOHM0SDFCSlFOTkJQUFd4c0g4bURENEUtczY3dHJsX0s2RDFKTzJYUC1nTHFiTUV5RlVhS3lxcG41Z3BoU2tfV2lsR0FxbVdNbW1qY1VUWUlJdUdSa1BfazY5RV9pcEE?oc=5
2026-09-10 18:14:39,META,JPMorgan Just Upgraded Meta Stock. Here's Why.,Barchart.com,https://news.google.com/rss/articles/CBMikgFBVV95cUxPbG5PMHJsNGluQmFwSC12NVNrZHJGQTJsT2VPTVAyeUoyMkRBd2N0Y3A1QVcydFloQ0RTckJQVENhazVfRFRfUzVOSS05N0hUUGFHeU5UQVZ0ZUFCNFhUUkxJcDR1UkVNb1ROZUxtZDd5WVlvRUxLbzA4eDlZT1NGajhqVzRISXY2NDJ3OHA1SEtNZw?oc=5
2026-09-10 18:14:39,META,JPMorgan Just Upgraded Meta Stock. Here's Why.,Yahoo Finance,https://news.google.com/rss/articles/CBMinwFBVV95cUxPRjlLTlNONnNKZWc2SUYteHphRDNhRHUxQmJ1TGhHUEdqMTcxcE5jS1lrYmFxSkdIRHZncm50RFNuN3B3cVBKQXo2dFczSFVibUc4b3IxaFAxT2FKaHg4VU84MEs3aU9HcVMzRk9iUHRqdE53NDAxYnFnc25yZVpYME5WM2c4aHM2MzNjUkFhMWlwN2gyMElNSllVVVhEYlk?oc=5
2026-09-10 18:14:39,META,JPMorgan Just Upgraded Meta Stock. Here's Why.,inkl,https://news.google.com/rss/articles/CBMieEFVX3lxTE5hREpNTzg0OG5ZblIxNXQxTkRWVmhWVlJzaUlfVHFVTkEzb0xWem5YOWpnSzk3amhaak5iSVQ3ZXZNRWxhRzV1R01OdmJfYzBuNU1qQWZMaXdQdG56T0VSN05ndWxvMlp0MnZMOTE4YURIMXlEUTYwZA?oc=5
2026-09-10 18:10:56,META,Zuckerberg Wins Wednesday as Top 10 Billionaires Lose $40B in Net Worth - Meta Platforms (NASDAQ:META),Benzinga,https://news.google.com/rss/articles/CBMi7wFBVV95cUxObi1FT0VoVlZBbkVVZmFxY3Q4ejR1MUZxallMOFRkWVc0MEx4RzhtbGlBdnc2ODY3UXlULUZ2aDRzVkNvaUp3bUdCXzFHdnRBUkUyVVMtYzU1aXc1cEZZTks5Z3RhSnE2d1hnQ3VLMHJjcnZfM2dxRmJUY1F0a1lPdlBlMTJqWkI0TlYwLTBwVzlPdmJxSnlscEJqR2tlTlJUSUphdXB0WFNRNk9mcGl1YkF3QUFBVlJ5eU1KeWtxZ3JjR2hhTkFmQlVXRklrcUEwVkRaMXhlZGw4ZE80bWkxcGFjUWZBdTh3NXhha2Fuaw?oc=5
2026-09-10 17:27:54,META,"No Game-Changer for Meta Stock, Says Oppenheimer",TipRanks,https://news.google.com/rss/articles/CBMijgFBVV95cUxQb0hGWHV3SUtNQ2VfMGdMQ0lJQVBzVEc0NjA4LWlsTzRCSmxWZWFBcFFBVnlVUzNjRUhwY1JpdE1ZRTIyNS0yYmlqbHltTlBGRmlHNjZrakc2M2tPblRGR1BTNWM1eUxOR2d2R3M2NHBHM3FNT1JFemlzUl9La090ajVjWlpZWkRwbDZUWmdn?oc=5
2026-09-10 17:17:10,META,Should You Buy Meta Stock For Cash Flow It Plans To Spend?,Trefis,https://news.google.com/rss/articles/CBMiugFBVV95cUxOQTRHUGpSaDV2MWdsN1JTZHYzeVI5dEV6TVUwZUlMcWhjYTBjdTlZRmNISkltSi1XNHJmMmdHX21UTXNZV2JyUkpyNUtlcFlxZjlpUjlFTDBDX01IQmdpalVLSFBxR1k1b3NjaVpxV1poeTl6YkR4SXgzM0d3QUxacmpBUk8xcVBXeHZPcHNWWTNNWEpyRmg2RnZCYzFQSlRndDQwS2M1SFdxUzBwTnZCcERpcFpLNU5LVUE?oc=5
2026-09-10 16:18:47,META,Meta Buys Stilla.ai: What the Swedish AI Acquisition Means for META Stock,Barchart.com,https://news.google.com/rss/articles/CBMitwFBVV95cUxQZ1dsVFYwTXZuNzQ2MjFmbl8tU1ZJWHc4OURYaFBITUktNUZpSFNyVGJYNjJrc2U4S3JmSjdudVoyUWxyNVFRNHNzNTVHTVJsNE9vSmdyYjlqdGNoeTdnRW16S0NHN0lMUEh2RXVVd1prSGt0ZTdZamxKbXJUSFppWm5uSkpENlBtaFFvOGJtWVhHYUk0NHc2TFBTVTJIaEdQTVdUa0xqbEtEeDEzUGRDMGJ2VWVfTDA?oc=5
2026-09-10 16:18:47,META,Meta Buys Stilla.ai: What the Swedish AI Acquisition Means for META Stock,Yahoo Finance,https://news.google.com/rss/articles/CBMilgFBVV95cUxNMzZxXzVnMHZhRmk1bzAxLXJNeExLSkdoTW0yVmtianIwaXZoNHFuekdDYklXT0RmRS1Ea2NjWGVocEVjcmE0MVo0V0dIV05WakNtQzY1SmNpdm9YUHR1dDJOdjdYb3ZUZDItMHR3Y0lPR1ZWS0thbHVHRGh2VVVHRmJrOFBpd0tGUkpvX195TUtSOHZsWEE?oc=5
2026-09-10 16:18:47,META,Meta Buys Stilla.ai: What the Swedish AI Acquisition Means for META Stock,inkl,https://news.google.com/rss/articles/CBMinwFBVV95cUxQYjI0UVg1ckhVbGRRN1dGSEhOTXY0X0luTnlhYjhyTlUwazk4Q3RBWHpiU0lmMFdWNzRfeDUzSEgzM0RoaDkwTGgyOTZtaVBhSTduUXlrdEhOMkpYVElfeWZfaTh4dTdMbW9YaXQ1aE4xYjJfR3lXZ21sbWk4QVBfS084UWJxZThYdHQ4TjZOT1FQUWdBV19IUVcxcm5pTU0?oc=5
2026-09-10 16:17:46,META,"ARK Investment Management increases Meta holdings, reduces Alphabet stake",Crypto Briefing,https://news.google.com/rss/articles/CBMicEFVX3lxTE1oN0ZDUTVzaFZnMEhlNzM4T3JjVWljb19VaXJWc1lzR2ZUYzVubEdWOWNrYjRMLWZsWkZjUTBmQmh6cW1ZbF9BaXhvVklwSFJ2alpMQXJwQ19QOUFEWEpHQmd5MUI3c09XdUhTZjJIMHg?oc=5
2026-09-10 16:12:41,META,Meta Might Be Building AWS For AI Compute (NASDAQ:META),Seeking Alpha,https://news.google.com/rss/articles/CBMiigFBVV95cUxPSFlSelV6ZHhiTmt2RjB0TndPVERqTDNDLU9uREJPUldMYm5lQVJrQ3BZa3M0MHlHaE1uczFHb0M1am00c21RRHQxTzc1NW96Z3NGVlZqd2VTeTJaeXY0YnE4UkNKal9sMEdLZmVualhfb0tlQkVhMTR4ZVg0Z25xUGwzMFNfNENsbEE?oc=5
2026-09-10 16:05:46,META,JPMorgan Lifts Meta to $820 as Muse Reaches Number Three,Yahoo Finance,https://news.google.com/rss/articles/CBMimAFBVV95cUxNcHVkYWFoODFtMWVWcElzbUhlMFFQSnNMeGN1V2pISWdHdDgxRjd3TzFSRl91RjZheG5hUzhFLUtDTHdlR2l0bmNLeTk0QXJBc0FLT04wbFNpa2gzUHNvNG4yNzdEelBvOTh4b2ZWczhmWGV3ZmN2MUIxbTNoUzRCbFhDZXZCUmZGckxWMUpjWVJ6UG1BMV9zcg?oc=5
2026-09-10 15:51:09,META,Evercore ISI reiterates Meta stock rating on AI agent launch By Investing.com,Investing.com South Africa,https://news.google.com/rss/articles/CBMizgFBVV95cUxNSUdXRmx6YTJZMmNCUlJfVDViSV84UDM2TldxdHdhcENLR0JhbXRHVHpOam5FU25iNjZrREc2Nkp0ekVuT0t3aWxjYW1MeEtJUTJwRVRUY2ltZTdJUDdzbGhFTkc2ZXMwTDN4OXJVMzc4Q0E4VXVmTnlETHE0VHl4UEpBX1VfRVpYSzdGaHN0N2xOY0pPZFZGX0M5U1RtY29oc0FRNjQ3ellFaWFKbjZod0RrOE96UDJVYWdCUFVNY1NEd21TMk1QSkRGVVM1dw?oc=5
2026-09-10 15:46:59,META,"Cathie Wood buys Meta shares after a rally, sel...",Pluang,https://news.google.com/rss/articles/CBMikgFBVV95cUxQeEc2bUo4YUVIcTltZW5HcHJaYVBMTGhIMnBiZTI5NlRycVZ3b0YwUklodnV5WnJzM2tmMVE4UkR1ZjByMkZiSG82MjBUdUlhR193aUh3LTdWdFdEREY2R0dCeXM1RkhNNlpYVV9tclNCNG1wSkt3QzRzcHdPb1RXVFRfOERPSWxUbUFFYjYyMkhOQQ?oc=5
2026-09-10 15:43:45,META,Meta shares jump as it unveils AI agent ‘Muse’,ET Enterprise AI,https://news.google.com/rss/articles/CBMiugFBVV95cUxQUnVHUlFRNkZJbTBCQzJZbFVZckNMN1dWWS1DNU9EcVI0b3hVVWVGYmpIU2YtTlB1UjFkMmdOUGxFYWxjVnNfYmhuTUtGN3NqVDJFZU05Z0tISkI0OV9ZSHJ2dS1lTUFvUGdIU3MycWl0ZDhXOFl6MmNGRFZMeThWR2dVMkszdjhOYmh1ZmJBeHZqMmpkVG44dWlLWDNzdXVYcGFIM0ZyZjVJOEFqVW11MnBlb2QxSXpCMEHSAb8BQVVfeXFMT01IMHRKeUEtVU10XzQwYXpRWW9KUV9TTWhLaHNTMUV6WDZCREtwNFBYUzNMT1pvdEhSX2t2Zzd3ZGloVldhamZWbDhobTBPcUZXZUNJUGQ1RW0xdG9SMHNvaWw1N1Z6MGVla2RKcmpzbG9DWVR2bERCTF9Bcm5ZUU8zUG42S1BHSllYSk5WS3k5Wi1BVjVIS3hTcmpkOUZIOVhUVTZPLWpvaGtWSzkxeWtVdUR5cHVTTjU0VkVLUUU?oc=5
2026-09-10 15:36:15,META,J.P. Morgan analyst upgrades Meta stock rating after Muse launch,UA.NEWS,https://news.google.com/rss/articles/CBMiugFBVV95cUxNZ0FPalo4anNTelozVUtoUTJYSEMtal9xd2tpdEJZeC13SmxsUXRGRDc0dlJqX3pVRWM1YWg4c3BqbHpOMkdaTlNqWXhERnM5QktzWUI1WkpJZmdBc05MQW9OYk83MERvTnQySS1jMkZjM01ITDBXMVJVVElUdk12MmxKM2s5N2RWS2ExQ2hPa3VpYXpBT011WU16cWtBQkw5QTNvaGs0WGItZS02RjBJZTJPeGItZmc4Ync?oc=5
2026-09-10 15:23:00,META,Meta is winning over Wall Street with its new Muse AI agent,marketwatch.com,https://news.google.com/rss/articles/CBMipAFBVV95cUxOT3B2Vzk1VEZkX1NTZnE1Rlc3NFN2WGVENHNLZUZod2UtTkRxZVNVSlFZdkRINWFwb1hISWhvSDBfUXk4MUNXWHUxeEdTUElZaG9lU1JJaHllMEhxX255M0JPTjkxWVVUeWFiQ3RQLWJFYndjcTZJRExIVmhGSURja0Q4TURKLWV1cC1vS0V4Rk9PYVVHdXlKbjZBZTRVSXNLd2h6Mw?oc=5
2026-09-10 15:22:15,META,Morgan Stanley Sees 25% Meta Gain on AI Upside,Yahoo Finance,https://news.google.com/rss/articles/CBMilwFBVV95cUxOSjRzYVM1V3FwanlHTmNDMmpvem9RY0hjTmdYRDhlaWJLYXBGejdPMWhkd29YVHRwbjE4c3NjdlNTejJOZThQcENLNmVucHJHbDZCVG9udXlEUjNSOEg2Y0czQ0x5UlFoRS1JT1ZRVVM2a2pURjNBbFBuYWFfd0kxMjMtLWsybHU5bG9aYXJwdGFkandLVjlF?oc=5
2026-09-10 15:22:15,META,Morgan Stanley Sees 25% Meta Gain on AI Upside,AOL.com,https://news.google.com/rss/articles/CBMie0FVX3lxTFA5dGhuU0pyYUItX3NyVUc1QXNRWDV2Q3FfNmhvdXZyb2tWT055SFBWTnhJa20xRHlnUHlPbVIyWUdYak5fMnJzRzFheEtsVm1NcUZPMU1fc3FEZGVVUHBuS3lJNEN0VXBFN2k5aEx5UDV5akhYU05yUXVzUQ?oc=5
2026-09-10 15:22:00,META,Morgan Stanley Sees 25% Meta Gain on AI Upside,24/7 Wall St.,https://news.google.com/rss/articles/CBMikwFBVV95cUxNUnRaa2JYVnBid0IxajJHdmU0SXh2ZnlleHVyUy1MblBGeXVwV25KbGxGSlZKLUJ3S01BS2IxQ0Fuc2Fxemo2T1haUUNxQ3NVVEg0YU42RGthMTNiWXN5S3NXcFduZG1xaUJhbzN5aXd0VHlCaGp0MzhFWmV4RkQxNEkzWkU5VnhrM2xaak5UaG83eWs?oc=5
2026-09-10 15:14:00,META,Meta Stock Scores Wall Street Upgrade After Muse AI App Launch,Investor's Business Daily,https://news.google.com/rss/articles/CBMiigFBVV95cUxPQVNreEZSR1ByZ0RDczBBdnNGQTQwRWRzamxGUDYxY0VsX0ZjNEJaaHN1TC02WlBjZGtDcnNmbTlPWFF6a2piY3psa20tN2dEUXhxYkFNMmRyZUxoeVhob0x6NUNuRGJoLWJvR3JkRHRLQ1R4X1dVaHExT0JlbUYxaGI5YXVkR3YzLUE?oc=5
2026-09-10 15:10:00,META,Meta Platforms Agreed to Pay Up to $18 Billion and Set Some Limits for Younger Users. Is the Stock a Buy?,The Motley Fool,https://news.google.com/rss/articles/CBMilwFBVV95cUxQZHBmVFVBRElDRTFwTWNlSHVsNVRfM09KUkVoaEsySWJEWURYc0JrUXhuZzV4bTFhZTBpaVpWWDlzVWJrVUZ4Wk8yY2FsbkUwVGJzMXhNMFB4cENyS3JIODl5VThJa3prZm5RR0ZySXEtZ2NwdmkzbUo5NTNVWnJ4WnQ1SzdiNnJPVlVmUVgyMm82bW8ybkxZ?oc=5
2026-09-10 14:38:00,META,Meta’s Muse Hits Top 3 in App Store. Why Wall Street Is Split on the Stock.,Barron's,https://news.google.com/rss/articles/CBMigAFBVV95cUxOaEF3eC0zLUItVU1DbnZ5ZDdyZXcwa3JKR2tWV2tFa1BZc2VqN2VrZW9uRU1iY0lYVHF4NXJCWXYyZ2dKcnlrczFLd1VYcDNYRkE0M2liT2d6YjhmLXA1RnJzT2Q0ckROaUZQS0ZHMl9FOFdRc3BNLTMxRHZFS2c0dQ?oc=5
2026-09-10 14:30:37,META,"JPMorgan upgrades Meta on AI models and agents, sees ’meaningful headroom’",Investing.com,https://news.google.com/rss/articles/CBMixwFBVV95cUxPVEpIU1U4OWNXTTJZbW0zNlZzdG1TUGdRTlJHNzczMHU0OV90X1BkbzFVVFZDelFYeWw2MXAtSG1FZHhST2toUHE4cmljNVkwSWRlMjlMM2U1QTg5Qzd4bmFqMC1nT0pTNVpwR0pFa29UOUJoOEUxenhWczRxZHE4dFhZSDNiVVYwc1JhQ0N0d1h4TzJSd2UwOUhBdzBRZXJlNkE3aGJNbW5tZ3doUzVYaDJJU1hnR0duMHlSZ1JJQU11cnhxY0Nj?oc=5
2026-09-10 14:30:00,META,Meta Platforms Agreed to Pay Up to $18 Billion and Set Some Limits for Younger Users. Is the Stock a Buy?,Yahoo Finance,https://news.google.com/rss/articles/CBMimAFBVV95cUxORURvbEdaNVdHTW0wZmV5bjhfeUpmZGpuNlhsanI5MlU1andKS0psUGJZOWw3Q1Z4N2owRDhFNUJRYzJ1ejhhck5mT29FYVoxSmtLUlI4YlRIQW5ndHN5MTBfU3FZZ2Z6bXM3VnNUNmo2TC1VWmEzbGY2emNvdHl1RTlIYVg3U3JhZ0pRVVlveUxMRm9nYmhvZg?oc=5
2026-09-10 14:16:35,META,Meta Stock (META) Dips as Company Loses Senior AI Researcher,TipRanks,https://news.google.com/rss/articles/CBMikgFBVV95cUxPeHN2ajN5T2RtWEk4RVpnQllsZzhQZkFsRjJiOVJscGZQNDhnVDB4bGRLaE1NUGFpQ2NQVjg0ZnRISVZMR21NNTBXTjZxNi1Vb1NQSm5LQzJKSWpYem9PZU93RXNHalN5SnpaTVJJVU1neVNZWnBJVGRPNFljQWRZU1o3Z1F6emxjdnQ1SkgzX1FNdw?oc=5
2026-09-10 14:13:37,META,Meta stock price prediction: Overbought technicals point to limited upside risk,Traders Union,https://news.google.com/rss/articles/CBMijwFBVV95cUxOR2h6UjUzckp2RFBMMFpMTFJQcVd6QVlZTy1BS2VYTkRjNzY2TDF3MmhtN3BwQXNKdUhoTDRxMkh3SE5mbURzOHR0YWNubHVHZkxQdUp4RC1WZ1dFSjJKS3dqdG55TGxueDUza3pldWJYeVdTbDNVWWZnak54VUZWYXVsOEM0NVRXQjRELWtTZw?oc=5
2026-09-10 14:08:17,META,Meta Acquires AI Startup Stilla AI To Expand Business Messaging Capabilities,TIKR.com,https://news.google.com/rss/articles/CBMihAFBVV95cUxPUUNmd2NyenFyZ242Rlg5SmxYNmJHaEpzVm9WTFRyakQwQXNOVU9lZUlsVlRFeFY4cE9SU2g5ZmlkbG5CczNSSk1VaVliQkVSdldpVGN3eFBQWW9WVXZweUVsa2pqbXRWQzh4LXN4cWtWTlJBWnFFck5HLTN5WFB1dGp5S0s?oc=5
2026-09-10 14:07:32,META,"Meta's Stock Price Surged 7%, Investors Optimistic About Its New AI Agent Muse!",tmgm.com,https://news.google.com/rss/articles/CBMidkFVX3lxTE5udmx2XzVfTFdMMkhZOFZraldUTFU3Q3V6SlNZcWxIZUJjUlRHZHZmNjk3bERCQzRQVDRNN19QNmFfT0JBbnJCYmxHQ0U5SHNDYXMzOEhBT0t2S2h5Z2R2RjVTYnd2aXk1d0p1WDlhdXpxZWpYc2c?oc=5
2026-09-10 13:52:16,META,"Meta upgraded, Nvidia initiated: Wall Street's top analyst calls",Yahoo Finance,https://news.google.com/rss/articles/CBMipwFBVV95cUxQeWpzVFk2Ny1KbllvNzZnVEpqVnBoU1M4UUFzazlHeXRxNGppYXFzNGZjQUxEVWd2REpzXzNHZmRseUtiV0dwZ2gwbDhCY1hOREFLMkgzeU5KeDVHemNYSjdjMHVTdTY3Rk5LakRZWnJxcmNXWmVCWk51aDhOcDdVMF9KdzZfZEFSaENWQ1MzQ2N4RlJsa0hDWkRHTzBfYjRIVC1BejlDSQ?oc=5
2026-09-10 12:55:58,META,Meta Stock Split: Has Meta Ever Split Its Stock and What Could Trigger One?,MEXC,https://news.google.com/rss/articles/CBMirwFBVV95cUxNUTZNZG5IVFlhSWVkUktndEJxZnc5aGpyWTNCODA1SWM4dE9kVDlQVlJIcVRJdGhaZ0tld01TN0NoclFNSmpaSTFmQTFtNDhFWnphRkpRR1pGcldqREZPNjZEak1zbmNzeDhuSnhfVEVpMUFOR2pvX3RMalZ2ZTI0TXdfYmlWYlVhV29mMzJadThzQkNGa3NCSG9MN3hVem5EU0tNMmhsanEtQmRXZnZB?oc=5
2026-09-10 12:53:43,META,This Meta Analyst Turns Bullish; Here Are Top 5 Upgrades For Thursday,Benzinga,https://news.google.com/rss/articles/CBMi1gFBVV95cUxPYU12V3VJdnNidlFtUVVNSXk3TEp5QTFERm5hSXd2VWxiVVhzQ3FteEhFTEQ5Ulo4TnZaR3c0RldXTWpSR2R3LXE2d0lkdUF1OHExNS1XbUV2TTRaeXNxSnI1Q3FnUkhMWkQ0YjdTQTh0WXpacnU3Zy1PeXhNX1BadENTX04wQ3c3RzRpRTh4MEdhOGI2REc2c3VZM1FLYXhXMnRsd0NiaW1KUE9GT3gzZFNPOThrYWxBck04TkpVdDl1T29MYlNiTTVKYU5YZ09kN1ZPOUx3?oc=5
2026-09-10 12:53:43,META,This Meta Analyst Turns Bullish; Here Are Top 5 Upgrades For Thursday,Benzinga,https://news.google.com/rss/articles/CBMi1AFBVV95cUxNVGhSRUx5OGxqWDl3TzlpSE5IeUZuWnVNV2xGRXF2dHhvUy1ha1d3QmZJZUpmZ21MWlV1dGoxdENCYVV5c1ZBNnE4NFIzT1htclhQaXBsZ1pfRk45Ul9UZE5zNkVFUDZKV3RpUlNvc3dDX1d2N2p0NjVaa1RnTURyR3ctdlVKMVVUdjVBSHR6dktsX1VHbDNncFpvTmJzSXExWWZSQnd6akU3d2s5MEFGT2ZNNlp5T3ZHalFLRmgwRm5LV2lJLXh2ZXZobHJIWFpuNjJEZA?oc=5
2026-09-10 12:41:43,META,"META Stock On Track To Extend Gains After Hitting 1-Month High, But Wall Street Divided On When Muse AI Agent Will Be A 'Game Changer'",Yahoo Finance,https://news.google.com/rss/articles/CBMimgFBVV95cUxOb1lFVk40NHNQRjd4cmxLTlB3TUt1VHZoUTJYZVlTTnZpRFR0dE5QRl96ZU5VZHYtelZLRUltRWZvZnRuLVVGUDJNLS12amd6S3JqRXNEY2c0UTZIeXZNTllyZ2NpYVZ0TmlFTl9JdGJEejBZT09pWlhLZzRoUUs2OUlIZ3B2ZENOM05HU3djbFJLUXZ2c0dXZ0t3?oc=5
2026-09-10 12:41:31,META,Meta Makes New AI Bet on WhatsApp and Instagram,tradingview.com,https://news.google.com/rss/articles/CBMiqwFBVV95cUxOeUR4WDZVYy1jd2JUbXI3OFZKdGs3MFd1ZHhNNndDRDRJTm12T0l4S2RsT2VtWFF4RDZUTExnY3RYR3Vvak96U2VqV0dPWnl2YVdFM1pSTk1aU2R1bVdLV1BGNG5LcFVHQ2RWSjdBbWpsRndLSldRb0EtRjdLTnlzYllVX19EeE5IdzNDalg0anNROHQ3aDFfMndvVE5XckZ1R2xfUjRSd2hFcVE?oc=5
2026-09-10 12:41:00,META,"META Stock Rises After Muse AI Launch, But Oppenheimer Says It’s No ‘Game Changer’",Stocktwits,https://news.google.com/rss/articles/CBMi2gFBVV95cUxQMEJuWElIOW1BSlVyVlBIbXVfdTFUajlWR01DM0RGSmVkNjZHbHA5d2xLbWg2R2NWY013NGVXbFRNNVpCVW0xZ1JxREJaU2RhN1FCNnluWEsyRFZwelJ0U2wzQ0twbndtWTdyNHYtOC1RWjd1cE9kS25FWklNQ2FEZVE0ejFiYmJaZ3RhQV9YOWVZdl8tVFVWVElIc3I5VzN2SGljNUlkV1ExWU5kb3J1XzdseF9MeG1nWkdTM2s0TmFGdHVtOXB6TVppcjh5ZE5RMVg0b3ZHTjdRQQ?oc=5
2026-09-10 12:18:42,META,Meta Platforms stock gains after Muse AI launch and JPMorgan upgrade,ad-hoc-news.de,https://news.google.com/rss/articles/CBMiywFBVV95cUxPMG1VbldBa1c3NHBJckFCcXhXcGZyNm83cHp0MmdRbVNsZDhNM3VDdmdqQW5vQXJNRDZiOXNudXAxTm1vMEdlenc5YWZGMmRMTTNaNndRUXhWMFlxWmJVZnM4WHpkTjAxY0l1S242c2V2VTlYNlBwUkpuVk1vaE5vRUNHYmtCQk9sTzdtdFRQblpYNkVvQUpEUEM5VmhmTXE0SV9fRXU5N0ZuenZqbVdvdFF6dGFVaDlaTUtjaktOb2ZpampJb1VYdk1TSQ?oc=5
2026-09-10 12:11:51,META,Meta Stock Gets Stunning JPMorgan Upgrade on AI Growth,Yahoo Finance,https://news.google.com/rss/articles/CBMingFBVV95cUxPX0lnMmV1akZhYUpxX0FmRWNsUVN2MWlwTXB1VGVSTGMtRTBDTXBnSzNTYkliSFd2SlJLczlWU2xNTEUwS3ZFdTNpWXhrNXE4LTlDUkxvSDBQeE5Rc2NiYlZzR1BpbklBcUVtSXItNUoxbmdyaGdiNlhyaGJaRUZNcUk0Skd6elZhV2ZIVmlHWVdWb0JXblNPcmp4OVhDZw?oc=5
2026-09-10 12:09:55,META,META Looks 23.1% Undervalued on GF Value™,GuruFocus,https://news.google.com/rss/articles/CBMigwFBVV95cUxNMllZYkY5MHFwNlpHV0lzVjZzLWhST1FXa05iRFZXd0MxNUNKY094NENMT3lVM05NVzgwUDIwQ2t1aWIycTRfSF9rYUZwb3hLQzBKOHdBSUx4S3dNSTliWElLU2xOdlZUV2pjblYxS0dRTHBudXlSS2N0WUI2Zmc1a1BDdw?oc=5
2026-09-10 12:05:02,META,Meta Stock Surges on Muse AI Launch as $659 Breakout Comes Into Focus,TradingKey,https://news.google.com/rss/articles/CBMiuAFBVV95cUxPQnJjbktPSkcwRmctUkRMLTNzLS1qY3dPSnB4eWtvVERsRktpcXhsVnk0UnpIM2RHM0JBNV9XTXZZT0VCYmxGLVk2bnFfanBKRkpuSzNvQmVMNlVEWFUzWjhMZEJ5empFYjFDVzdOSzFkYU1qbmdYZGRZVndiWEdDbUEySDctb0ZtbER3WF9fMWNTUmhjZDhTWnc1RFgwSENvVU5jRy1CVDYzcUVWQnRhNENZaFFycHhN?oc=5
2026-09-10 11:55:11,META,Meta Stock Jumped 6.5% on the Muse Launch. The Street’s Targets Say There’s More Room.,TIKR.com,https://news.google.com/rss/articles/CBMiqwFBVV95cUxNLURvSGRJN1k4bVFhUUhYWDI4WmpaeURLRnE5eHp6YzZad3hYLVZ5M0ltTjg0WUxUNkxYSVVnVUFnM1U3cGR0WjZ1a2ExRkY5R1N0Sjd3Sm53V2dRb1VjbDNPZ2hSdFJFeHFfX1Ntb1phaHFabzNCcE9EcGJMVG9PMzRobDlDRHdNdy1uelVGeWdJNmsxVlpHbjhLbVdKV1YyT0ZQSVdxRlZxakU?oc=5
2026-09-10 11:33:20,META,Cathie Wood Sells $28.6M of Alphabet Stock and Buys $26.4M of Meta Shares. What Else Is She Buying?,TipRanks,https://news.google.com/rss/articles/CBMihAFBVV95cUxPSEhjRS1tbHR0YklKUEdKeVBhZ0drTm9HZXI4aVdCOXNya3ZfWXZjeHNsQTVCRmVsUmZSR2VyZ01lRWp1ZjE4U1hWWGhyRDVrMnFVT2Nzc0xiWW9zdVpQUGNCQTA3VmVKTFF5Q2RRNWlJVlNFQ3ZKX0xzOUljSlhVS0pQZ1E?oc=5
2026-09-10 11:00:21,META,What's Going On With Meta Platforms Stock Thursday? - Meta Platforms (NASDAQ:META),Benzinga,https://news.google.com/rss/articles/CBMiywFBVV95cUxPZ1Q0QnRZTlBKcUltUGpIMjJwNDNGQnAyay1QandwdUNJcUwzZmJvQTdSZTlCZENrcEZZY1NiYnpjakN1UWlSOGd5VC1CWHhPVnFHNzB1MlpGQ2ItbExlcVgwellIODEyUkFwTmh0U1hUTXgwaXV1c09zUmhWMmxuY1Q3YzlzdVBrbTB0VDJaLW92Nk5qZ1M3c0k3NE1Gd2hRbXRkRUhGenM3Rk9fclZLNEVLQ1J6dTQ3UXlZblJuMWV1R0ZlbzBZUjktbw?oc=5
2026-09-10 10:34:48,META,Why Cathie Wood Bought $28.2M of META and Sold $28M of GOOGL Stock,TipRanks,https://news.google.com/rss/articles/CBMimwFBVV95cUxNQmpIN3hvVHBGbWVvdUlTSkluQTJwVmhRSnVzbjJVV0lUT3NCMEUySE5xNDNBRXp2MW5BLVI1WF9mbWRMWHhYMFItU1VOaHRpR0JUNjNKbEpwVjI2MmpfRk9hZTFhYktRNW9KWVlCWlpnckhBU3BKcHlCR2tKcV9LeHRQVkRYNUJSdGQ1OHZ5alFnUUlXZ1kyaGQzZw?oc=5
2026-09-10 10:05:05,META,Stock movers today: Meta leads AI optimism while ServiceTitan and Navan show the cost of missing expectations,investinglive.com,https://news.google.com/rss/articles/CBMi2gFBVV95cUxQRXE0c1UxUURhb2xNdGtIWl9tNVdueUg5TXVqRm5LX2VlSGN3ck1pd0FCUUtGOHR3NkM2VDFWUExxUW1keUtlbS1FRS1nRE0zTERUZ21ZUmxvQnJxR2dOOTlUMElTZDluSURUd1Rib2FiNjZYbnVTa2pkWUVQTUxpODdrempuQzBKMmMxX0FvM09pMmNreVFHaFQySUZZZFpaS3dURDI1YVNDcDBOWHlQdXJpaS1DQ3YxcG1xVlh2TkZwS0Z3YzdkYjdVUldoQlloU2Q4NkxSckVqQQ?oc=5
2026-09-10 10:03:31,META,Evercore ISI reiterates Meta stock rating on AI agent launch,Investing.com,https://news.google.com/rss/articles/CBMivAFBVV95cUxPTXdqSW9LbHByYjV1ekdZN29pbVpxR3cwYVNUSTU0emJHZzUxcDFXNlYwSzF4bkEwYTA3ZlEtMzd6Y1pJQS1OckluVnlrck9TYlVkWHZoVVUxLXYxR2V1TWRidE1TdUtJZ0Q0Zl9oRzFCdlBEb21OYS1pNzVGWUVPV2prRVZvYXh4SExxYWtpYlQ4cW1DRXY4RlgyLWlfS1UtOHV1RENKTnpKejVrb2gwM1VCVmdxM0NNOFFjZw?oc=5
2026-09-10 10:00:50,META,Evercore ISI reiterates Meta stock rating on AI agent launch By Investing.com,Investing.com Canada,https://news.google.com/rss/articles/CBMivgFBVV95cUxNQlB2N09WNXRwUGh2M1dLSENIZXlkdks4MFRLaDNyWmxCNWhkUFYzTHFPZFVScXdjZjNuX2w0cktDTWEyNXZkNjhrdVBGMk9jR3J4ejVCb1lzMVJaY0RfVXVBVUVkbXAxRFluWldTV09rdDVKN280cW1hRUZydlRVZjlpdThhMlZZeE5aVzNPd3NyUzg2Q21RLTlob0N5a2hpdXIwck5qYnIydjRiWG1QM2Y4ZmdSa1puSUQ5eDZB?oc=5
2026-09-10 09:56:00,META,Evercore ISI reiterates Meta stock rating on AI agent launch,Investing.com,https://news.google.com/rss/articles/CBMixwFBVV95cUxOOTBvUzdWX1FuLXBYYjNzNUxiVGZMOWNocjBDYUpPNURwSkhkbF8yUU9rdHIwNlhpZGlILTZIMzVRMDRVeGJ5SWNyWWpZNWtWcV9xYkV3UDhyeGM0czdrYk5xMDhHUjJRQUFkOFZNT0VjcWFxR2hjcWRrdEQ4elJGRXpjU0llcGpHU1dMVUhFWUQ1Y1BzT0VXSmJ5aWZNTUFCTHFJdVNUNWhlaUVwZkdxUjE3YXcxVkZpNkRZOVRMOEszbDJqdHJJ?oc=5
2026-09-10 09:42:32,META,"Analysts Offer Insights on NA Companies: Meta Platforms (META), Chime Financial, Inc. Class A (CHYM) and ServiceTitan, Inc. Class A (TTAN)",The Globe and Mail,https://news.google.com/rss/articles/CBMitgJBVV95cUxOTXVXeVdnaTlLeEdGZ05xd1dQd2tRemgwX3oya3FjSTdUWlJabzlLWDJBT2RCQVMwVG5XZmd3YXZGUzdiU3FaWVFWS1NLTkxheVhKUjhGcFVzdWNzYkowTXA4MF82Q2NsWUxLckZvM2NleEhJbUF0Q2l2SnQ4MmdBclpUY1ZWNWlXeTZTMjF3U1JWUXRHc2JkYmNUUEtvQkRWTGRib0ZJWnIwOVNOWjQ0WXRTdHEyTkY4WkM0VUx5TlctLXA3WHI1R3dsbnRJeTBVbjk4Tmt4Z0RQQjQzMm9qMmozQnFQTG5hMDJnVGJ0OGt5TnNRTnhGZ1FyTlQwT2x4eGJ0cHZWenQtNUxoa2JCVWVwbXJCbXdEa1pNcmFZcjBWeU9QTlEyemdnVUZHYTE0OHB0WHBR?oc=5
2026-09-10 09:28:24,META,Meta's Muse Cracks the AI-Monetization Wall as Oil Holds Above $100 and Apple Unfolds the iPhone Duo,ChartMill,https://news.google.com/rss/articles/CBMi5AFBVV95cUxPQXllZkZhOVA4UnlIZ2hnQzRhVFhLc3IxcmVhRGZRRDhCQ3hfZ3A0aXZJWlZnYUF4N0RISldzc25mdGxadnhWMXozZlhVWlJoVFVSRy1wS2trZV9SRVFHNGRabVZUS2pUOUhuMWFrS0w0OVhVVUdjRGRSdTJCUEdCR0ZiUEFKUHFnOXhKOWxGdk1DNWRQanZuTWZLbVd5MEx6YWl0RXFieVFFLU9jVGI5TE5LN3ZWaUUzOXA4S2RkdlJsblh1Z1pnVFQ0NXE0OFJFR1g0Y2RMZDJOaGt1S3hvTWtBZy0?oc=5
2026-09-10 09:15:42,META,JPMorgan upgrades Meta stock rating on AI model progress By Investing.com,Investing.com South Africa,https://news.google.com/rss/articles/CBMiyAFBVV95cUxNZm9mTXlORjgzUjJ2MkRHN1IydDZkRWc1NEloS19hejNBLXpjcmsyNUZFYzhaSTBaN0F3TkJnT2J1SGVEdHZtMm1CTXNTNVR5M05HSllUOVFfMnhKV2YwS0FRSGkzbDZuQkxYbkx5dkVQdjNHR0pqMlY2UkVYR08yZlNaS1hMeGVaOHZtaWVYeVBoaUJ1bk1TOWxCZlVMREVoRHNFTW5xbXBneXBBYmlCWUhaQ01BSTZGZERNbW5aSEgzbGtoVmQxRg?oc=5
2026-09-10 08:49:00,META,JPMorgan upgrades Meta stock rating on AI model progress,Investing.com,https://news.google.com/rss/articles/CBMiwgFBVV95cUxPRWdteDZWaW54SWw0WXZBWTdDamxCRUpuWV9ic1A0c0E4T1ZiOThaMktMbUtrWkdTZ1FTSU5vTEhEajlVaURYNDZ4U2hOQUdnVkJsbEk1Qlptd2R6M1FuQ3hBV3hJWHRyUWdUT0NoMUdiS1lNZGNjQ1JwdWU2Mm51R3BIV0tjQ1pTZWN4cWtaQkVqSHZ3QlByVER2c09JZzhUMjRWY2VKVkFIODJGeEs2Y09ZdXRtaUxaU3U4ZHNHazdrdw?oc=5
2026-09-10 08:48:01,META,JPMorgan upgrades Meta to Overweight on AI potential (META:NASDAQ),Seeking Alpha,https://news.google.com/rss/articles/CBMilAFBVV95cUxQYTdDZUlWRnBZRkJ3aXBkXzNEci04Ukw3b1RLa05CcWVMc3J4dDUxYWNLUlpLWjF4aWVIMmJfenpGX01EQWJhZEFUdGxSM19nWV9scktqcE5lY1hBRW45ZExwbjRfdHVvd2JEUHA5TXhIRG9CQmhQZWIwQk9zNEFFRWNqWF9RMUFuUjc1T1RRUkcyREo5?oc=5
2026-09-10 08:15:35,META,META Looks 23.1% Undervalued on GF Value™,GuruFocus,https://news.google.com/rss/articles/CBMigwFBVV95cUxNeUR6RlB2XzVTb25qT3V0SEFSd2ViSjZUU2tiLTk2Q2E0V2pOSzJjUFY0Vkc2T3JqUHNwSld4LXZaNzRrMVppaUtTeVJfbkxkWmtCNDl2TGJ0VmRlcEVvSHB3SjBJRVp2U3ZoVUxBWW5zajg5aV9la0JTOTU1czF4cFdLSQ?oc=5
2026-09-10 07:46:41,META,Cathie Wood’s ARK Invest bets on Meta while cutting Alphabet exposure (ARKW:BATS),Seeking Alpha,https://news.google.com/rss/articles/CBMiqgFBVV95cUxNMURUYWw5VG9hbGM5aEJ6SXJudTM1UU5BV1NKcmY1MVhJSkVyYkFNT1h4VEs0YW9UM1JKck8wal9RS1lIS1IxRkNjTmZTWEhmMlZUaU5ncGd3VXUtRlNSVk5xVTRQMllmRUJzZ0hnRGdUWURYTG1DWFN4bnh3cUJRS3IzbGVqbnF5Q3RWZ3NTLS0wcll6UTExZ05NeXhwRFlBRXNNSFlHSk1XQQ?oc=5
2026-09-10 07:00:00,META,Meta Reorganization: Some Employees Returning to Management Roles,intellectia.ai,https://news.google.com/rss/articles/CBMinwFBVV95cUxQeUk1V1BiNGRXWmhYc2ppQlotR3FwUHJ3ZkZyMG14Z2l5RzJ5R2k5cGpNaHl0Nk83dnFTcHlDcDVmdGZxdlc5Sy1vbG5kRk1lM09IaWduSk5yZlZ5dHYxQTR0S1FZVDRvZGc0Mm9HSmNCcno2WDNSWmlXdTA3TW9QbzlveW56ZFJtc0l5clR5TFlDN2RrNkNJeFRMcjQxVlE?oc=5
2026-09-10 06:12:00,META,META Vs GOOGL: Cathie Wood’s ARK Makes A Nearly $56M Mega-Cap Tech Rotation,TradingView,https://news.google.com/rss/articles/CBMizwFBVV95cUxQMFNKcHBCOWl4TEJyOUg1SW5lVmJSTV8yd20xSFc1TjYwUVlTUnZXUjBRQ3NBN3NxUmo4U3RwTWVsX0ZEZjExZWNScHhiT1ZIdDNRX0NsT3Npb0taQXNzU1FYQzFDNkVtZWkwMXpTVzdBSkpJMVZrUnVCMU1CMU92NE1YYkxDbkZOQTJuN19SX1hiRXdEejVXelRIYURBV1RlbXQ3c0VWQ0lnRnZ4SWJFd0RYeUtpN01KNE9sRGxrMURRVGEzaUQ1clFjSEJIc2c?oc=5
2026-09-10 06:12:00,META,"Cathie Wood’s ARK Bets $27.9M On Meta, Offloads This Tech Stock Instead",Stocktwits,https://news.google.com/rss/articles/CBMi1AFBVV95cUxQenRrMW5qeXd0NHFEUi1sTkxIektFX0ROa1ZDVHlTamdRYTlaRWtQWWI0VjVDYkY1SS11ZUVROUNETUtqaXJMVlE3S0hNYlpBVUMxQ2tDbDlEZDVCWklFdnhraU1tRVRObDBhS1dPUmdtWnNMZzlxZjIxZ1Z5M3V6Z0lDbl8tUEJBWTE4azZ4YlJRMnZ4bDdULWpGazctamkwV3JISG5hN0FCTlJzeThLdTdYUHo2UEFQVVo5eGZyX016ZXlWbFRRbVJiUWt5Z1J2Z0JfWQ?oc=5
2026-09-10 05:58:00,META,META: Meta Stock Jumps 6% with Demand for Newest AI Model Soaring. What’s Muse?,TradingView,https://news.google.com/rss/articles/CBMi0wFBVV95cUxPN1hZX0g3VGo1NUtGdUUzU3h5b0QwdVJubkpzd0dHTWEtNGx0MFN4Z29iVTJoRF9rajktcU9xcDVCTlphUFlub0tDa2lveWRyZi1udndqTk82SE1LblRDUXVYVVhxSlhZM25BbmpJZ3ZqX3k2WkJNb1VIc1k4NjI1QjVCMG9tSVJBRXRhX1I3S0dOS1ZlcHkyeXRrbWVZZFZlcC14RFZBdlc0N2xrVjBZUjRrUlp2SkcxZ1BGVGZUVWxlc0tJejVPOE5FVjVzTk5uODlZ?oc=5
2026-09-10 05:33:04,META,Meta Platforms stock heads into the open after a 6.6 percent jump,ad-hoc-news.de,https://news.google.com/rss/articles/CBMixwFBVV95cUxPZlZOOU9Ec2lBa1dpdHVTdEVhV3pyVUhrbzNiSHJwdmlWVXpfRVRmam1NeTRNRV9raElXVWw3TzdFSlN3NWd2RU5DOFREd3B1VUh6N2VaTG16RXQtcVJWYm1ISXpFZ2lfb0NlM09WUzVXZnFodnQwLVFycHUxTWV6N0dkZlRueHVLOVlRM3R1NGgtWE9OOVNRUnktS2pyMjNMcWVQczI0Sm85WTBvazNYUWNEd05yZUhYZDBmaTJ4RGNVQmVaUnZ3?oc=5
2026-09-10 05:21:04,META,META Stock Rises Premarket: Zuckerberg Claims Threads Now Rivals Musk's X In Scale Or Close In Scale,Stocktwits,https://news.google.com/rss/articles/CBMi7AFBVV95cUxOcFVoUzd2Rm9DNE5kWnRndDhMeHE1b1ZMLUtWY2wxMDF4Tm5Ndk9ZdnlEbVNJbHRzMWRkbmFFMUxhenV5bWxnUkNOU2hLRWU1WW5kZ1pvc2EzQVJoekNSVlRFYzdONDQwTFVqenJITzhCY05iYlA4LTNJczRoeGI3dW9xTzZ0cGlkanQtZEpBUE1VUlNwbnYzQ2wwcWlZOVNfS29ySXVoRmFSY2pfUDFLalRvSFNiN21LN2dZLWJORk5yT1ZHc2VIM0lVeUItMEZiQkVub0UyU2RVT3VYRGt4NTJvMzV1cW1wbFo1Yg?oc=5
2026-09-10 04:16:16,META,Meta share price surges after personal AI agent Muse release,The Economic Times,https://news.google.com/rss/articles/CBMi2wFBVV95cUxOOW1VajlnOGpIcV92OGdZSkFFejBzRl9ST0RtMFAxRVAxZDJTcnlSTFgxOTlRRTVvcXQ0ZnVJMHV6MUNjUmdjYXhEZkdGOFNVeFFvRVI4a04zU2ZmaXhtcWNXejRtdWVxUS01eDE4OXNxRUhsaEZaNEpCaHhQQk1XcVJrNHBocjBJTHhjUDJpeVBHZEp0cXFoZGZ6WVhoOGdpaXJ6U2hsbWtQaF9EUWx3RUE0aUNHOFFGeEU5bl91RV9zZ0o1UDVzZVZEOTItR29Mb2dJWFdjQVJkdW_SAeABQVVfeXFMTjNSaU1NQlFHV09LUGpBNDU3UUFQWUt6RVFqaE5JTzNCa3NNc1FRQXRvT3BwMHNwVzhPeTlXM2tCendjRXVaQ0tqWk5rOXNDeldqU1UxLVdJTkNScEkxMHJLQ1Jaa2N0MG1TdnBRMFI4d0ozU1Z5dW1QXy1icExqOG5DUGxQSHg4YjFyYU9WSU1LQUlnRm03OG1KNktIZUVQVzE4Sl92dUpDSElpS0syeDJiaC1pZ2F0QWpUdWJsV3pNT0RzRzk3WDFad2NVQ1J2M1BId1B2NnRCdHNuSDFIQjQ?oc=5
2026-09-10 03:10:14,META,"Cloudflare Shares Slip After Hours Following Intraday Surge - Meta Platforms (NASDAQ:META), Cloudflare (N",Benzinga,https://news.google.com/rss/articles/CBMikAFBVV95cUxNQWlFNkNOaFhWZGZYdEZyZjhRbllQVXRiSzNQWkh6cmd2eEJDSzJNeXNiY1BfWDRMcW9DSFZzMExSWExHanpqSndKbXBEd2Q0WDBMZnlCd1l2YWN2UGNIbUNnX1hiTHFpcVJHYlJNSXdQaEZPbE03V01rNmpCQWNVSDQ5UXVOQ1Zzdmx3ZWRDOU4?oc=5
2026-09-10 02:54:38,META,"Meta’s Core AI Strategy Suffers Setback as Top Researcher Andrew Tulloch Departs, Sparking Talent Loss Concerns",TradingKey,https://news.google.com/rss/articles/CBMiwwFBVV95cUxOZ19qRzFjS1RCQmFqZEtyWmZqU3lQd2JkT01jWFhnRzVBRzVVSmpVQlpFWi1VRkswbDdDbVVybjMtU3RQdldVVjhwLUNnak9lMy1UTnAxQ3Jhb1BmQkxEVEtieVE5U1pmMFJ1SGwyMmlDbEk2dFd5VHVLT3RRMnY4aTdZeDQ2MndCYlRVV0d1WUtlRmt0bkZjenlwYy1pOTlnR3FrYkRVRjdnZ05yNmZwLVVlZXhUVTFyMWl4TFJ2MEdEbVk?oc=5
2026-09-10 02:45:15,META,"Cathie Wood Buys $28.1 Million Worth of Meta Stock, Dumps Alphabet Shares As Mark Zuckerberg's Superintel",Benzinga,https://news.google.com/rss/articles/CBMioAJBVV95cUxOTHcycEp6ZnpEZzBlS2dpRTZTUHZ5U2NVVGZ3U0hjOTJWcXIzV21JS0ZWQUl5aURIVnQ4blYxbXNEa1BVa1M5NVdXaUNEQmVyYnd4dlVPQ3gxMjdjWGg2Ti0tTkVWWVRsVGtzSTZtZVZfV0JnQ25ma1N5SjYyc2xwMXFHdDF3VVNHTTRUYTNPYWtRZkdxVDBDbDFEeDhiQWpvRHhNcTZtTzJIX3ZxZTJxSmFyN1IxUS1lRkVvUHJWc2ZlT1FBOFBObk11cjdQVjZsQ3ZGMmJISmtqOHpFNGZ5aEJMckxBS2NnWE5JU0VGaXBqUkl1ZTJ4eDUtYlFNUmZOME9yNVlPVXozSmVCTGtpX3FWdDMyM2ZpWWJjcFFpSlQ?oc=5
2026-09-10 02:20:27,META,Meta Stock Jumps 6.6% as Facebook Faces New Mexico Trial—How Big Is the Risk?,TechStock²,https://news.google.com/rss/articles/CBMinAFBVV95cUxNcS1RU0tXcE80bXJZbHl2aXlSLV9DWmpHTENRMHctLVZDbk55U2QtSk95VkxHOF9kdWxERW9WelhGNjl1TnNaN2xiV0prUGZISWVwOUQ4TEIzS1hzSkIzRVlmcUY5R1d3dmpRTjkteFZiZjhaa0hVbVBFTmZnTDR5ZzZ1NFdQb0k0cUtuRWU5NEsyU0QwVEtqUDliYk4?oc=5
2026-09-10 01:59:00,META,Meta Stock Jumps on Muse AI: What Would Justify a $100B Rally?,EBC Financial Group,https://news.google.com/rss/articles/CBMiZkFVX3lxTFBtR2kyN2ZHbHh0RlpYTTBycGg4UHFqaXhhc3pmN0dwdEdwREQ2bDF2LWgzeFN4d1VfOWx1M0NZWmNRaWt2Mlp2eTdQTFktWlpwNGZTUDg3aExPTkM5MzN4eUFWWk1kQQ?oc=5
2026-09-10 01:42:23,META,"AAPL, META, AVAV, SUNE, SEO: 5 Trending Stocks Today - Apple (NASDAQ:AAPL)",Benzinga,https://news.google.com/rss/articles/CBMihwJBVV95cUxQbVV5cTlwQXlwTVN6bllqUDNwcHFwWDRtUi03TkR2TmZFdDBpZkJSSzhwNGZEZER6SnRVWnRPZndLaThrTzhHUzJVMFJhb0UyR20tTV82OTJBTkFJSUc0bHlwSDAtMndfLXNiTU1pdUs1UVJkb085a2NsdG9COGNZcXlEcE5KNk9CQVB6UlJYTmpaSE5LaVpmSjF2eEUwUWpmVVdEdFdsbEdDSFdkRmNlWGpSRkdPTEZRdmdtMDFubGp5a1haeGx3dFVSVElwMGNzYUdSRU90UDVJaEZjU2lRYUZqZDd2azRnYS1EVlhLcVVpaF9vYXV3QzdiWUotUTFwRm1vZVZtOA?oc=5
2026-09-10 01:42:00,META,"Apple, Meta, AeroVironment, SUNation Energy and American Eagle Outfitters: Why These 5 Stocks Are on Investors' Radars Today",TradingView,https://news.google.com/rss/articles/CBMiigJBVV95cUxQNTg3VFcwMnd3bk9wdVVYdFBPTFV5TkJKYW5SUHF6Z1o5YlFOelVXRE9oaGxHbFR3TGFmdU5vX0FVRjdxUWNMX0p3VDd0a3UwX2NtTnZFWjhRRy04LU1MZlRtMFFTZ1N5NWdER294djFGT0E3VG80NC1TaVl6bHBwczhEYWJkNVlDbGJIZmRRT3duN1lDRzFRc1ZRSTNVVkNrVll2VXF0YW9Hbnl2WlZyNk5wV1RXcFE2ZkdOR0NZN0l4Y0wxWE1BbEdLWkZYSWZfVjZraWQ3Y3hmTm9tQkJnZlFjNlgxaUpJZXNXank0Mjc0b2I0aWlMal9FSmZFNndyV3Vtdi1UZmg2QQ?oc=5
2026-09-10 01:26:00,META,Meta Loses Star Researcher Joel Turrock Less Than a Year After He Rejected a $1.5 Billion Offer,finance.biggo.com,https://news.google.com/rss/articles/CBMidkFVX3lxTFBfaEI0dzMtZjdGVWNzeUdZY2haRDJacWwzcmx6UlA4WDJIc0RVUThkZXJWdWktdFB1SF9Tam9QMkZEc2FjbzZwNEtOZnFJOF9tYW5MVmtDc3h4UEZVTXFqdnE5d0lVSWV2MDZUVkd4TF9PT3VLNEE?oc=5
2026-09-10 01:09:33,META,Meta Stock Tests Key Tech Resistance Above $650 as Meta Rolls Out Muse Personal AI Agent,FXLeaders,https://news.google.com/rss/articles/CBMiygFBVV95cUxNZ3BKcnR1R1hjeV9IcTlCMnhkWjdveklYdTc2RVQ2ZU8tcUJod2djU1JVdldrTU51R1puMVlCV2lBWUxRZVJoTzZzczY0R28xWEk5bmxOcEZHQ3hpSWEwS2l3VHJwYUhGdzdDNGRJdm9EZmJYRl9XYVlaZ1A0RkdZUGhndEluRXZmZ2JHNmV1RWZLZ0tzMjB0OTBJWVRfWlpBZTV6Mk5hQUNNRXFIRjNXdlNRQi11UjU3Z1FkZjVnSy1xNHlub0x2WjJB?oc=5
2026-09-10 00:15:08,META,"Cathie Wood’s ARK sells Alphabet stock, buys Meta and Beam Therapeutics",Investing.com,https://news.google.com/rss/articles/CBMixAFBVV95cUxNcEV6ZmxDWXVoTkJnUkJtZkNYZ0JkdkI3TmVMZVJWWXVhdVgzX3pCY1g4Nk5QemVhX01oZWJCYlNWaFkxNnNrMjVjRVhEdkxJSjczWm9rQnY1VzFvekJuMnBVNFZHVGFJdXFndmZldUZjdDBBd08wNk85d2otZlNPdWt0cld0ZXgtR2ViajBSYndlY3FqY1BsbTJFNzctX29NdzRwS0xCakFZeGhBcVB3cnplOUZ6YWtDbVM2RFJwRjBjSFV3?oc=5
2026-09-10 00:02:00,META,Why Are Meta (META) Shares Soaring Today,Yahoo Finance,https://news.google.com/rss/articles/CBMimAFBVV95cUxNc1hoamg4VWlOUXcyUTQ3QzdQQVI3X1RfOEtQdy13SVFyZDQwRHFkN0pnQzRsMkg2RW9LUTk5c2d5S0t2RTNIZ2wtZ3lmR3dOVGljREZmbmZUbFFGWWgwTzlyaFE5aDlaQnBKblFvbGM0QW1rbXN1aWpRdHpGZk1iZzc1TzQtTkVCV1FuUG93Z3JYaFg4S3ZPQQ?oc=5
2026-09-09 23:49:13,META,Meta (META) Stock Surges as AI Optimism Grows Amid Market Declines,GuruFocus,https://news.google.com/rss/articles/CBMipgFBVV95cUxOTDZlM2pFRzgxczdDRnhjakNuZm5EX2lmUUtMNUpORFZaNHk2SzBwaG91b3V3U21VOThXZjRNdUxIX1BKVUpzaGtWcTlTUVAzcHR5eUN2TlpjMFJVc2ZqWUU5eDRTSWhzTzFsaHFoOTZkNExLamJoZExUbGRVNVBkNU9IUlVlS2dSUlR6TV9XNFJUaVh6YkQ5Tm9sMkVuUGVMT2tIb2JR?oc=5
2026-09-09 22:15:00,META,"Stock Market Today, Sept. 9: Meta Surges Over 6.5% on Muse AI Agent Launch",The Motley Fool,https://news.google.com/rss/articles/CBMiywFBVV95cUxPRGhEQ1JlVzhfaXp0SmJGc0lDZ1BWSlhEXzRoYjF5eWRMY0NOeEJ1TlR5VGQwMVo5RFhjQlBfN1doSnh3ZGRnbTBVRUxJaU5fOE0yUF9WMHFWLVE0MWtYc2ZHRmlxSUpJV1QyWVdES2tQM1VIamFnRFZDM1ViTDEtTUE3eDk5WVpyX2hhcDN3NWhPRWpYeXJ0UGtWTnAwdU9lMndpVHdXcTFnNlBJTnJ2ZVRnRG5fMEVIMFhUejJ4eHlWSWFnNEN2N3pFMA?oc=5
2026-09-09 22:02:06,META,Meta (NASDAQ:META) Stock Soars 6.6% as Muse AI Revives Faith in Its US$145 Billion AI Bet,Stocks Down Under,https://news.google.com/rss/articles/CBMifEFVX3lxTE5aalhnRUwweFJxdUhzbWlzbjg5am9MbXlpRTAxQVZIdk5zZU8zVTBWRmF4anktbFpNRldtRzZzeUlPdHprclVhM1A2RkxndVFGVFZUdUlJbkMwMzAxUUEyd1JUVF8xeXdHQkdNZFBwQWMxNXVHR3ZtRmlEQlM?oc=5
2026-09-09 21:56:00,META,Meta shares pop on Muse AI agent reveal,CNBC,https://news.google.com/rss/articles/CBMiigFBVV95cUxQLXRoWjVLSjRteDJCdmQ5WW9fd3k3VXduWjdPbXpteWw0dndFSXdIQVk1Z0FLUWI0ZVBMbkhuVnVEekhnT0lRTjZHajNTU0FBT2FIQXVrNEpoX1JWZS0tZkpDbVlPOEpUVFNBdE9QOEs1MDFaYnRLc1dpQW1Zc29JNTc5WW9ZLWhlN3c?oc=5
2026-09-09 21:44:00,META,"Meta: With Muse Personal AI Agent, Firm Offers First Glimpse at Revamped AI Products and Fortunes",Morningstar,https://news.google.com/rss/articles/CBMizAFBVV95cUxQYTAxTFAyWGFwOE40c29kZVBGRDBsbFc0bEpvOG03SUlzU3lqMFpCMVQySlNnQ19VdFpWTGhEcFlPd2c1eC1LcXRCUVVSZjlpa1d1TnhGZWQ1MkU0SVk4cVZjSXp1aVFJcVBEVUREY0YwX2VpQlplTjZVMnY4RFU0ZUwxcktwMXExSjFpTHF5YUNsNTVwVUs0NE96ZS1nOHVGalRiN3RVLVNXN3JWZnBoeHdGWGc2clFLTk5FbkhuVnhTQ1htWFhUSFJKNUs?oc=5
2026-09-09 21:29:22,META,"AMZN, META, GOOGL Might Lose Billions As Ohio State Reconsiders Data Center Tax Breaks, Says Report",TradingView,https://news.google.com/rss/articles/CBMi7gFBVV95cUxPV2dKZFRvYml2UGZ1cU94UnI5UHhfN3VaOFNyTjdPYXdBX3lEX2JBZ1hmRFc3ejBBNklOVXBjeVNWSjNXZl9kVG5PaDFSeF9XckpXZExPVUdTcU43R1p6VHZEb1d5UEZtZ2otcVFxclJnQUhWOUFoWmxqSWNKWjlnd2RNYm8zRnJ2UEpVcV9TamRuMVRaRkFNLTByalIyMW9RamJIWGZRWnlPaXNTNGEySDl1MlVHTUJqQmNOeGV0YVRkc2ZVY2NnVHNyRm9DUm15Zms3aGJhSTRQemstX3Q1WGZuNm5sZHl1cUdJS2tn?oc=5
2026-09-09 21:24:45,META,3 Reasons Meta Has Turned the Corner,theglobeandmail.com,https://news.google.com/rss/articles/CBMivgFBVV95cUxQdzBBZzgtbkphOFlTNFdTLUdxMkkxSFVQdTdOTmhLNEN2RUZZTlFhZWdnZng1NEd3SWJkc3VlM1hmMFNOS0FPWUtSNmRtaEhQYXRzOUFvN3o5a2YzQmFUMWxIQ1EtNk5DZVZ5WUtSWENqMjhpUnh5R3ZCQktJaWVNa1hNMkFfYzN0bzJ5ekR4LVE5V2Zybm5fNWlTS1JqUFlMMThqNWRmZ0R0R2t5YTlBVGE2NDRaZUd4a3AxQlZn?oc=5
2026-09-09 21:24:00,META,3 Reasons Meta Has Turned the Corner,The Globe and Mail,https://news.google.com/rss/articles/CBMivgFBVV95cUxQbEV6Zi1VMmJMSk8wS2l2b1VQd2dPZzlwNDZqY0N2UEpHQ3FTQVpFMllnVlVXejBXWDNlYV9Lc2U0WVhuclNuZDZKR1I1NC1pZHRPTEQ2SFBJWHZobFRiTUdiQWczdUhsTWR2WXhRb2FNS21EbVh0d0hwamZ0OXJsRjRIWnhxVF9vQXgtbGdPUHVKQXJOTk9EUjdROGc3a2J5SDBuVTg3d3R3alVqUmlnUG0tTHZZVUxwY21ZenZB?oc=5
2026-09-09 21:07:52,META,Is It Too Late to Buy Meta Platforms Inc (META) After 6.5% Rally? GF Value Says Undervalued,GuruFocus,https://news.google.com/rss/articles/CBMiwwFBVV95cUxNdUUtSVd3NncwYXl2dHlMZV8zZ0NSeDdJLU41TW9TZEZqNEVnYkZlLW9iSVFyeVZMSlhvOEQ1VjA1SEd3dlotQkYyMTlYbTFXR2I1clVUMW1JQkwxbGpfVEZXbFpWQm9NMG1oS1NBSk81MGZUQUdhdF9EdFFMYkxhOHJzRnpqMmh0R2RBQ2Rsd05XSi1ub3plSXJocUxmb3E5OXBfb2c3Z0xlX2VJTzdDV2hnVFNvSFV5UldlWEZqOE1xXzQ?oc=5
2026-09-09 21:07:51,META,Is It Too Late to Buy Meta Platforms Inc (META) After 6.5% Rally? GF Value Says Undervalued,GuruFocus,https://news.google.com/rss/articles/CBMiT0FVX3lxTFBMbnI1UzlwdnZvQlJ5VzdFT3Y1SE1ldHJHRE5LWFR5WjIycUszdGZ2OHprYnBpckhlTmR1Q1Y5ZkYwN3pnam95N2NmcHJFZFk?oc=5
2026-09-09 20:42:00,META,"Apple, ServiceTitan, Meta, Micron, Casey’s, Jersey Mike’s, and More Stocks That Explain Today’s Market",Barron's,https://news.google.com/rss/articles/CBMiZEFVX3lxTE1XeWdLd3UzbTZ1ZGF6SktCNkprZlU1SG4zdFdFdmQ3MkZTMVh4X2hIY3lka1lLbmFXQUI2dWJPaThqVWlQQTAyTG9XZ251dzE5VkZzNUZrNXdKUktkSHFuMlBNSjQ?oc=5
2026-09-09 20:32:00,META,"Stocks Fall On Oil, Yields, But Meta Jumps. Inflation Data Due.",Investor's Business Daily,https://news.google.com/rss/articles/CBMi9AFBVV95cUxNU0dwYVFFMkNNOFBydkpaejNkQ2NmX2Rld1NOcklLUzNaczBzTGRxNzVzYnVob2xuR1RtMHF4SzBKa2tHa1puckxDM3dPQTUxanpBSUpEazR1RXNMd2UyMEpwcFdadjZVeThEdnZWdmRKRnh3NXlxd0NqaHRBdVQ0Q1JOR1ZKNmxwalpWdlEwcmRYZGI5UDlrdmFXWmJKQm9SSTVLTm5IaElfWHlERVZQSGp6WHgtTTBTVHpkeXpYSE92bm1zcHk4MEhhUGdPb29ZU1J6dzN2aGxHeHNQUU05Q2VlNmFJSjRDUHhFZDVJaDAtWDRo?oc=5
2026-09-09 20:32:00,META,"Stocks Fall On Oil, Yields, But Meta Jumps. Inflation Data Due.",Investor's Business Daily,https://news.google.com/rss/articles/CBMi7wFBVV95cUxPTjdycW52TmZGcUxpN3R6b2E1S2NaLTlmVk5lLXdKTmJFRzhvWTZVb1UxbE1RUjBHMXJMVXZDbnZTZXlQNmhUNVJGQ19IYW5KTlZjU3dZY0JWX0tvWnYta2NNMDBCZGN0Qk9VXzluNHVYd0JaSTlRNnc5X2JjMlNxTXpMS3B1QnZoaDBBeTV2Z1VRN0E3NUgtWGx2a1AwM2NiQ01OYzNQb0tKLWJINVFacXFkZHZGanMxSXhaRnl6b0hqeGRyNzhJcDR0Sy1UTXNMbW8zcVpHdW1ZVlJSN0gxSjhtUlN5M3R6OWxvZUZvbw?oc=5
2026-09-09 20:30:40,META,"Meta's stock popped after introducing Muse, a standalone AI assistant that analysts think could drive the company’s next massive growth phase.",Yahoo Finance Singapore,https://news.google.com/rss/articles/CBMiigFBVV95cUxQNlZNaWd3RVlTRDNXMWppZ0UzRmFpLV83Z0tMQ0hhQmpvdVh1enRyM1JzeEw1OUFFSHlrWjBnMURuQURMZ1RaZW9vQ1gwZWZVeGhzX1N5SDBHd2ZjV05CcDd1ZU9TZC1VbnpuaW5jNGdwRGNicDFPMzFVNGRKVDVxLV8yWDkzOTVaYXc?oc=5
2026-09-09 20:30:40,META,"Meta's stock popped after introducing Muse, a standalone AI assistant that analysts think could drive the company’s next massive growth phase.",Yahoo Finance Australia,https://news.google.com/rss/articles/CBMiigFBVV95cUxNMnRQZW9ZRFpQbWlZSk5FX2JBTUJQY3RHYmtHUjlFbWhVUmU4Uy1ONVE1VEZPZ19SNmtlTnduMlg2VHhZS0FEYVJkSEdXSHpUcE5LUzE3X1Y0ZlF2TklfYnhoVkRvQ0dzZUJKakE5ZEJvTS1EVVEzYUQwVDg5QTBMOUswWFRLR21UTWc?oc=5
2026-09-09 20:29:48,META,Meta Stock Jumps 6.6% on Muse—What the Rally Assumes,TechStock²,https://news.google.com/rss/articles/CBMifEFVX3lxTFBLQ0h3NE5YelQwTHVIMWJQd1ZQbENzbzJuMm9LblZ2WF9uRXFpaHdQM0xqNDk0SHd3aGsxR3lXa3hFTFh2SWJkRUxYaFZkRjMydm5zcFk4em0zb1duWXRxX3o5RjlPN2NiUllLVVJPREd5NTA0QmRvWWNRbFA?oc=5
2026-09-09 20:17:43,META,Reddit Vs. Meta: The Better Bet In An AI-Saturated Market (NYSE:RDDT),Seeking Alpha,https://news.google.com/rss/articles/CBMinAFBVV95cUxQWmFBd1dxNU1NcUF1bWJNQlA5Nk96cW5lNXF4UFdMa1k2TTd4WFZFY21YdlBvcmpjQ2tKMnl6bmp5LTdqN2c4bG90bHF6cVV4YXRLaDdXTXFhREx3NlhwY083eHNvZW9YVVl1Mko0M0EwWlJ5THVWNGlNd2RXbExLUUhabnFvRmRFX0Z6MVEweVl1MkhFcUNPRFUyX3Y?oc=5
2026-09-09 20:14:04,META,Meta Stock Tests Key Tech Resistance Above $650 as Meta Launches Muse Personal AI Agent,FXLeaders,https://news.google.com/rss/articles/CBMiyAFBVV95cUxObmJ2VGR3YURXc2g4U0tUWWFqWl8tdWFlckQ1R2d6VHFYRkdEaUxaSlNZVFBwNGtsZ0dYei1LTnRmYXNuWEpFQTR3UnMzdmU4enZia3lSTzZRNXU5ODMtWm51RjhzWjVHQlVFd0lReEo2WEpIYzYtVnM4VENaam4wNUdwSmsySTNaS1B2MWxQNHFQVUtZYjBfM0x0SkdiN2pIQ1UtcW1EelA2bXlqU2RxOEx4RHZHYWNZV2IzMUVObmpHTUtkUkhuRw?oc=5
2026-09-09 19:35:57,META,Meta's Rally Has 7 Layers Every Investor Should See,AOL.com,https://news.google.com/rss/articles/CBMiekFVX3lxTFByMWlmN1ljeVNjVWYxeVQ0Vm5PV3VlMENNelNieDYtTjdFYzl4NWU3XzhiYlJMdEZ2Y1JDR0dyeWFGck9qRHdOcFp3WU1CcDlPQ3FPNkktX2lBUmJ0VW1mNjlmZlZxUTlwdGVqLXFuM2JzVzc3dVhrd3VB?oc=5
2026-09-09 19:35:57,META,Meta's Rally Has 7 Layers Every Investor Should See,FinanceBuzz,https://news.google.com/rss/articles/CBMiY0FVX3lxTFBNb1U1X0loU0ZTYzdoN0pTT2xUNEhLX05BNXJTX1M3YkY1UXNWU3Fyd3pyV21xei1Qc29UNm5scFU5YXlwbl9LSENmemVXczlEYVRURWV5TmszTlQ4QzFURDVEdw?oc=5
2026-09-09 19:35:40,META,Why Are Meta (META) Shares Soaring Today,TradingView,https://news.google.com/rss/articles/CBMioAFBVV95cUxOQXkwVEVUX0hYamhTWkVCd1JHRXB1Q01vTGdaN0VjcWs2XzBXdmNpRG1YSzk4WlNGV25PRUpGaTgwZ01fa1FmWVNJUTlUeWVCUkloalIxYXVLYnEtQ25ENHRwdXhHM243WDczTGo1bFRIeGtQWFdZS05HVEQzbG5pbGszYnJSY3dVemdleWI1bWdSV2FIclZBa1Y2bF8yRVoy?oc=5
2026-09-09 19:14:37,META,Meta Stock Jumps as Analyst Sees Opportunity in $30 Trillion Market After Muse Launch,TipRanks,https://news.google.com/rss/articles/CBMitgFBVV95cUxQVVNWbml6RDJoZ2tkNWYwT0VWdU1LMkVPbGk5c2pNR0hkczNlWVNVSUZiMDN6R05ULWJLeFBVbG5NclAtZmhnREU0Z3VONHZKWlhsMGtBckpJQ2dEdmJpWUpaX1dxR2p0WWJ0NDRtWm5JYVpGREo4YUQ5eVdEa0ZQaDF3bnh5RXFtd2haTFVaandMS2xWaHBaX2NtcENTSnZSbWluY3NrVEVib1VGaW1wVy00RllrQQ?oc=5
2026-09-09 18:35:00,META,Meta Shares Jump 5% as Zuckerberg Says Threads Has Caught Up With X,finance.biggo.com,https://news.google.com/rss/articles/CBMidkFVX3lxTE9oTTBJakFyOVpDSTNvSkFQQ0dIdFlucHVPNDYxWVpLSlRzSTBKV1JpVjh4cU8wS0xkVUJrX2pLUDhpU1RGY3Z3TGRkSEd5Ym9PWjh2OEEyMkJKOXByMTJLbXNTWjQ3V0tCTHVhYUlEWl9hVXRTOEE?oc=5
2026-09-09 18:15:14,META,"META Stock Jumps To Two-Month High — Muse Seen As A 'Notable' Revenue Stream By TD Cowen, While Meta Reportedly Buys A Swedish AI Startup",Yahoo Finance,https://news.google.com/rss/articles/CBMilgFBVV95cUxNLWhoSVhzSDQxTHdTRG9yekNzNmZTTDNmb25sLVl4T3dXSHM2V0Q2YzdmdzV1c0FrUzNEdzZicUZ3dzRPYXUxNlltZHEzRFhudnhMTWU2Y093NkxqaUEzakxsaVlLTy1PS0NTTThLd3lPUmk4U1JyYWVYY19QWFJZdktUdXp4RVFELXNPTkx6bzNoWlJiZUE?oc=5
2026-09-09 18:15:00,META,"META Stock Jumps To Two-Month High — Muse Seen As A 'Notable' Revenue Stream By TD Cowen, While Meta Reportedly Buys A Swedish AI Startup",Stocktwits,https://news.google.com/rss/articles/CBMiowFBVV95cUxPQXBTNEhLS0dxTUI5X3h3SVV0NmUwU0wxdThIMVBjV0tFTjNleDlrbC1GQUtWUGJROE1xYkg3aWNVdHNoTFZlQ2lyOHQzT1VCMHBTT0oxMGcxTGI1dW5HRksyamh1RTdsM0tPbGd2a2JvdDMtX1NaUmRFRTdqaElFVmo1NUphNldIb2Z4MGx6bTBhZEdsMG9VME1ZYzQ1WVJlWTlV?oc=5
2026-09-09 17:55:56,META,Meta Is Misunderstood (NASDAQ:META),Seeking Alpha,https://news.google.com/rss/articles/CBMib0FVX3lxTE5MSDBJZDBhUUN6bFlpeExxRzZPdmtHM3NUR0kzTDgzUHJ2aHFqejdOcXJlVHJJRFpyNTd2blZveEZwNlZPby1wNjUwcl95WVltUW5VeU5kY3FlSDRybkF3ZDI5el82amU2bDctbGRxZw?oc=5
2026-09-09 17:52:09,META,Meta stock outlook: momentum strong but short-term indicators overbought,Investing.com,https://news.google.com/rss/articles/CBMizAFBVV95cUxOXzNzR2NNcHFKc3N6R09qdVhqWTU3aFptQVEzVHo2cjVTcEVCaE54NWdXT0NlSDVraFhwQnpqQjNGN3BFUmRSZ1R6UE1teHcwU1I5YjZqaXZQQUF6cU5WbVZBa09sQVdabXZZeGpwOGRORi1QeEJqczFIdnM1WE9saVVPZ1QxQWpqR2VVLTR0MzFvVVoyWTVuT0RyX3pXZE1hRDV3WXBWbTExM1ItY0FhS2djNjRWMjRQRWptcDRhaG03cVUtUVFfUzNndVE?oc=5
2026-09-09 17:40:55,META,Meta (META) Stock Rises 6% on AI Assistant Launch,GuruFocus,https://news.google.com/rss/articles/CBMijgFBVV95cUxOTHRiWFNJUFhJaDdLWHNHX0JxLUtYM3RlRDBjaVRkZ0duYjV3enpLUVFaSWt5MUJoalFDMjlMTVNiUlN5Nk9HRWhjTGROUmZ6NU8tUUlnQVg5S01ydGtTTldNMHVJcVBxYXJYNmNrM2hwX1dTYnotSXloWmFpeUhKXzBnN0ZPUFcybzFxUmxn?oc=5
2026-09-09 17:38:00,META,"Stock Market Midday, Sept. 9: Stocks Slide as Oil Surges Past $100, While Meta Gains",The Motley Fool,https://news.google.com/rss/articles/CBMi2wFBVV95cUxOSnZIT09hd3liaHVmOFpISG1wMFJkaUZ3WTV3TERNN2xqNXJkbEl0OFFQbDlVQnlwQzlTaWg2RVBseHpPWnNseURzZWstTkZjcVlvYnNlUl9LX2RKdVRvN1JUQTNBWDhROVlnR0hhVlYtX2FLZXRHOU52dFZ6NFhDaDZUYklkOUVnaHJZb3JPdm1tZC0tQ3JiTzhoTHJNdXUzYkREckJHVjRhbTVpMXdocUpvRUdGTk1KUW5yX1FLSTV1bGEtUlBScUtxTFY1SWZoMGR5ZEFMWnRDMzQ?oc=5
2026-09-09 17:34:55,META,Meta Platforms (META) Stock Surges after New AI Agent Debut,Watcher Guru,https://news.google.com/rss/articles/CBMiiwFBVV95cUxQUVFyRjhlVV9jTDdXa01kbHd5enUxVDhkdjRGY0JOY3dycVNWMlRram1YOGxBS2ZnRF9ab2lydk43aWJvUE5xek9qb0xCVzRRRVZnNVc0MzA5UzBhN0pFendZUkpCVGc1REh6MnRHU1VlV3NSZkg5X1RFSzl0al9GZEM2cUNmTGdyYUhJ?oc=5
2026-09-09 17:26:12,META,Meta Says Interest in Its New AI Agent Has ‘Blown Way Past’ Expectations. The Stock Is Rallying,Investopedia,https://news.google.com/rss/articles/CBMi3AFBVV95cUxOZk1ZbWRLYlA3NmxWQVkyZmdtSFQ4cFd1dlIzTmhRakpCemt1ZjlLM0N1U0E1dkpreEZJd1BJREFRaDl0ejBtZGpBa0FNNzJmNmxIczVLYjdVdERRZjhPbDd4aWg3VWF3bVgtQTRnM2R4VHdxa1ZTY29QYThabnVfaXI3MnhFVHctZXhEUjdXbWVSdUhQdmw1dlFRbE1QS0NZczVUbk5LWG9sYXdjcTJ4bVBOeHYxdW01aVFBWkM3a3dPQm1vZWVIM0doR2hpdGtlcnB3ZG5CbGQ5OHdZ?oc=5
2026-09-09 17:15:39,META,Meta stock outlook: momentum strong but short-term indicators overbought By Investing.com,Investing.com Australia,https://news.google.com/rss/articles/CBMi2wFBVV95cUxPMmtXTEM2ME0zTjU2bFZUWWhSOTVPZ0dpUlg0WEUxUGpRdGtrRFRMbEtvUmNsNUtNNXFiWVpoMU95cUpVUUxBZWV2eEFVSElZOTVlUlY3ekthaUVic3lLMWgzV3A1THhCSFFPLW5YWXo5dTlfRm1ibDB1ZVZWbVZ4YXltVGFzN1EwSHRic1FhQW9EaFYwODY2TmRFbzd3T0tBNWdKSWprNUZSZGF2ZzVZTndTckktUGhVZmRQZXNyNWlGNGkzM2dOU0RTT1I3cndjRDhYQ3kyQUo1TE0?oc=5
2026-09-09 17:15:14,META,KeyBanc maintains Meta stock rating on new AI agent launch By Investing.com,Investing.com Australia,https://news.google.com/rss/articles/CBMiywFBVV95cUxQd0c2a1BfUnBJWE51dk5aY09Gdk5hZGtKekF5d3JNUnhaWEVYSUlnQ3lHY1oyZkEtZFVZRmtNVUQ2eWNqSi1Wal9ZYnVXYWRlS1FFVV9ZSnZLX1FlSUkwemR4TmNaRUNtSW14bVBRQkZIUWZVd2NWMktyd3dBVWVTTGxGbE9QaDMybTJQTE9uNlhod3JZMFhZbXlQT01EYUV3eWMzNlcwRmZJRGl5MWFVR1g5UDFxa3BUM2ZlRDVhT0Q1RUM1UHdvUTJINA?oc=5
2026-09-09 17:12:00,META,Why Meta Platforms Stock Rallied Today,The Motley Fool,https://news.google.com/rss/articles/CBMiiAFBVV95cUxQS1FtOEozbDJUMnliV2J4ZGdBZTN4RzBlOGJVNFF3ZVpGbW5RUFN3UFo3OXBGUktjcUFOcUVDTkxZSVFpclRRR3ZvSnZRb2hvd1d2MDc1M05FRzh1Vmw5czh0MnMxRndEOWowZ3JYa0IwVTY4eVluc2hCelAzSFlWdlJpWEhhYklU?oc=5
2026-09-09 17:04:58,META,"Oil Tops $100, Meta and Cloudflare Jump On AI Breakthroughs: Stock Market Today",Benzinga,https://news.google.com/rss/articles/CBMiwwFBVV95cUxNeVc0YUJlekpDejNnZ0dlWWhBYm9zd1lMZUNPOG9mYU5xQXZnM1d4dUhPZWg2eGI0YXQwVWQ0MEI5R3VjbzNUWDhDS2Y2TERCc1dWVWRqMHlGWjRsZHBPTkdLVG9KZ01YOG5MX3BUNjdMTmhaM3hSN3pieEY4aG5aSzd6T3N6WnpBZWRRNTRETnRNdU1fVU1qNk5Yd1BfRHF3TjBmX1BJOUtLSDk2WkNvaWRGTzlwSXBqVHhZTzB1VmRvWWs?oc=5
2026-09-09 16:42:18,META,Why the launch of Muse sent META stock up 5% premarket,Milk Road,https://news.google.com/rss/articles/CBMiiAFBVV95cUxOeVBDMjJzV2NMNGxrRmljYlhCaHVsNUhQQkt5bW5JT3Q5SUZleXZoNHNLazRGZjhFczhvQVJ4eTk4WVRSemhYWkZiRl9BZUh3dDhiX2NZbXVzUXJlVE9EZWdhcEhQUHN5OEV4UkpYak5GLVRBWDdpRkdDUUhYMllaQW83THJNRERQ?oc=5
2026-09-09 16:41:13,META,Meta Stock Jumps 5% After New AI Agent Muse Takes Aim at Google,Yahoo Finance,https://news.google.com/rss/articles/CBMijgFBVV95cUxOMERHUjJhSDJ2Y05JdUdDbHZONGVvVW1KZU50T0d6SENvRXdJSjhGV19qUmI4WUFwajlVZUZ3Qmk4T1U2OVpIRzNDanBzVDBWM3FLQmJZdFVQRXNSSVdmQlIyOEFSTjFHSjhjNWgtN3hWSVdJbS1BSHR4djRlYnQzMUxfeUFvV2xHZ0FxRTdn?oc=5
2026-09-09 16:35:16,META,Why Meta Platforms Stock Rallied Today,The Globe and Mail,https://news.google.com/rss/articles/CBMiwwFBVV95cUxNekxVVGp4akM1bTg5clZ1WmU2b0hES2t5XzBNTHNGNEdTNlJIMDFpb01qN3JUVE81LVJoWEZZczdRZUw1Yng2LWVoejRvd05nWXlheWtocml4RmZSTDRkZzlnVVZ6YjFyWUthLVlBQzdfd2ZJTTUyNFZkak9xSG44MmpRLUpPX0phbVgwR0RPLUVxdEZ4ZEo2RlUzWHlGTWR5a3E2dW1WMWdQUFRsV3NVX0hOSDlPdk5IZWhSaTE2U0NYU3M?oc=5
2026-09-09 16:32:26,META,Why Meta Platforms Stock Rallied Today,Yahoo Finance,https://news.google.com/rss/articles/CBMingFBVV95cUxOT3p6MTV1MjgyRDZZRGxQMmFtbmJEQmRiakJIc0wxeEp2X0ZJQW1xUHBDNmdzejdSdnFzN0pHY0xIQXFISFRPVGtxS2pTVFJTcGQ5V1pUa1EzVTZyUXhZWE9UdHIyRlpRVTloUTFLX19FT2piLWNWRGlfTGJnc090M0xXak94ZjYwamVlOFRqSzNiVU9OQVJZMG9VdEFWdw?oc=5
2026-09-09 15:50:00,META,Mark Zuckerberg's Net Worth Jumped $13 Billion in a Week as Meta Stock Extended Its Rally,The Motley Fool,https://news.google.com/rss/articles/CBMikwFBVV95cUxPVHdDNHl3Mk9oc2R6eGt0dHg5aXo0bG85Y0Y4TzhVYVpxMklNMlFfV21yRk0xd0JsbXRja2RfNG9sTzZVNjliZ3JUYjVXaDd2ZlpKVGlWZlA5TFU5b29rUFpjdkN1bnNPaV9lYVFCUkdYZWEyeHlzYko4S2VhWHU5NklaV1I3bjBOaEhicDRPMzJySHM?oc=5
2026-09-09 15:37:56,META,Meta shares are still cheap and worth buying. Here's why,CNBC,https://news.google.com/rss/articles/CBMilgFBVV95cUxQRUh6NHBRSWVxZVRIXzNpNFd4N2M3THVfOXBuZzhtaURYVUdPUnYtbEFXVzdCb2lyVWVjWXV0R05zekFId1lGaVR4ZDFZZm9rZXd4My0tQzVoaUpHV0VsWjhITnQ3WnZCTk85ZHE0SGhoYW9MeENXRkVvaHl6YkIwRFJtYXowRGVoYkw0WGF4UW5hcjhtQmc?oc=5
2026-09-09 15:34:44,META,Meta Shares Leap Past Call Wall in Volatility Surge on Muse AI Debut: Options Chatter,Moomoo,https://news.google.com/rss/articles/CBMirAFBVV95cUxPbXhzLTRRbkQtTE5NeVI3X1pXT2J0cmNHazAwZ0pNWUNjbTBuN2VFRWV3bE10cHFfd0d0ak1TYkU4dkl1cjBuY3ZHVU9tX3o4OXoxbHZ3SkxwV0gyLW93cnRFRnR2WEkyalFKQXB0V0dQaFp2bUdQMWx2VTNZQzhwQkE5UnBQSFdCdFJVcUFQNW5BUHlIMDlRVF82R0ctVkdhVnFnZU1DX2Q4Mm5Y?oc=5
2026-09-09 15:34:44,META,Meta Shares Leap Past Call Wall in Volatility Surge on Muse AI Debut: Options Chatter,Moomoo,https://news.google.com/rss/articles/CBMikANBVV95cUxQY1dUWXV1RVlWb2l3TTJQUVVGT29qVmkxV2Zwbm9lekVpNGRQNVl6clVfbktxbkJZZ1IwUHpkWDNmS0xMY1h2QnJuY3NnOHlIaVdQcW1oNVhBdUlqVkNlcDQ0dEVtM0dvb2xGTi1uRE1vbTBRVG53Z2hrZUtnUjYwcTBlQXJzNzFVSkc1eFJ5OF9lamlJYllvQm1SNWQxZFpUc3c4RDdWMzJXYkZoM011RFhFX2ZBdU9IX2I1WWVXQkFkcnZXbTlpTDZTajlIZGpuaU5nXzJ1Q2J1bm41bnpiNll6SGRGbkRwdXJ6aVpHV28waU1rS0ZfcUlkYlYySWFZSkxqaThkOENjVkRvYWdMX19WanhjanZOQ0ZIZFpMOUkxLTJibDI5RnJiMU5HYXRET2oxdGptVVBqMzZEWGxGWEtnSUdybEdtekQ4ZnduTHNQbUtBS2xsWDVrZ0hnWEpRalNsVmFLTGxiSXYzaFFvNGJLdFRpSVkwZUNpU0NRTzVwSDZXbGNUWHV2UUZacDJ4?oc=5
2026-09-09 15:10:00,META,Mark Zuckerberg's Net Worth Jumped $13 Billion in a Week as Meta Stock Extended Its Rally,Yahoo Finance,https://news.google.com/rss/articles/CBMinwFBVV95cUxPeWdZZ05CQXZ2U25HMVlCUjRNSXF4dUdlWEdRVEdSTUhOUGswdGxNdmYxaFdmX3owRGZZWS1SangwdmdnNUZBZXFvVmZnd094VDR0dHdvWkFKbEI1YWI4NHZDVk54bU1ZOUxlZHRna3cxa05lSXMyOEpFVGY3MmpLdVlrOTJ4dUMzekZPUEhRZjJ6enB1andLR1RCcW9QWVU?oc=5
2026-09-09 15:08:26,META,"Meta & Lyft Move Higher, Apple's Foldable iPhone | Stock Movers",marketscreener.com,https://news.google.com/rss/articles/CBMisAFBVV95cUxNYWVVZ0UyNjdEc00tSWgzakRYblBsbmlZSVIzV2hHRk10a19ZYTdvVkpxeVlFSThGSVh4U04zc015bjFCcHl0ZFlsNEtWUF91d2RRdGhBWXNhQ0V6SS1BVnlZZ2U2Uzc3TmZCaTFoTU9IendPaDhaNXdDTEZ4dnQxaF9oQ19DenVQMXRLMUFxRmxoU3pZak9DM0Jvek1pazh6c0JibDNPTXBKQWRzckNyUw?oc=5
2026-09-09 14:56:55,META,Meta Launches Muse To Delve Into The AI Agent Market. Its Stock Is Climbing.,International Business Times,https://news.google.com/rss/articles/CBMilgFBVV95cUxQTE9hWkdEY25xRkMwbUVpczd1cldxVk1hUVEySzlGWmdobDgzYVdQdnlsSmM5RmR1UjBpZ1RwYnNHMnVJRjhDMDA5WUdRdEZNdmNaZ3c2Wk11RWNia2x4WGRMTi1yRDVNUmxXZ2d4N0VQM0RjWlB5SDgwSXd5enZmYUN1dUc1WGI2MVRybGx4d3BjckQxWVE?oc=5
2026-09-09 14:56:26,META,Meta stock rises 5% as Muse AI agent boosts investor optimism,Invezz,https://news.google.com/rss/articles/CBMinAFBVV95cUxOdXV2NW9sS0RrTlZSY3N5eWFmMkJjMmN6YWZySzFUZERyMndJRTZSWmFaOVpMck00aGFrT3lhZ0h6SDV5bEpMV0pnVVlFZ24yQnhaNGhIajlKc2lJU2lEMmZBai10NjZuaW1DWmVKWExvSDZkbW5WbTIwTEY5RWg4X1FEU0N4aFZtdm5iNnRBclVIUTlhbkoyY24xaUY?oc=5
2026-09-09 14:55:39,META,Meta stock rises 5% as Muse AI agent boosts investor optimism,TradingView,https://news.google.com/rss/articles/CBMiuAFBVV95cUxQUW15aC1KREE1RmRmdDlmOFBZQUduSXJFcE4yT2FfdXpfMjBQdzFzVnluQ3BHdzBxVkJ3RDFCSmwwcFE3ZU4tZk9RYV9WOThlRF95aHhsdWRxSjBvWHB6aUpHcjFwTGdselJmbHFGSVJ0LW9UdjBLNWxBdkktM2tzMXNHVTdwUlRaXzNfbUVJc3ktUm9WX1lSX2FmbUVQVGpCZjJaa0hBeVhmQzV3NW53RW80WTR1d0RC?oc=5
2026-09-09 14:55:39,META,Meta stock rises 5% as Muse AI agent boosts investor optimism,TradingView,https://news.google.com/rss/articles/CBMitwFBVV95cUxPeTVXTmRTNS10ZjNyRmpJZTJUSFNLd3c1SWI3alNOM0tvdHFoQjMzbDNNcVJIbEtvZjg2TVRtS2Yxc3NWVWd6b2VHSVQtWG5qS3JlVjhSYmxsNWVIc0RQN19OSnlVVEh4ZlUwamsySWItS3k1U1RRV2U1endIZzZPRVo4Y0xja0xrY3ZOVU1MMlVrYU4wdHVRY2ZjYTd5bDJHdGpJMTFta1hVcWR5cjNJa0VpQk1KUEU?oc=5
2026-09-09 14:46:20,META,Analyst updates Meta stock price target,Finbold,https://news.google.com/rss/articles/CBMib0FVX3lxTE1paWpGOHd2ck5Ub1lGU0U2S2NteWhvZmZ4Z1ZnUjR4UTRlTTktQV9INkFHa09ZTzNCMDRYZE8zTmRmOGd3bHhfbVhlZDJQb1V6UElWVUgwZHAySUc0UVlZemRrTTltai11cFBwV3BCbw?oc=5
2026-09-09 14:36:58,META,"Meta & Lyft Move Higher, Apple's Foldable iPhone | Stock Movers",Yahoo Finance,https://news.google.com/rss/articles/CBMigAFBVV95cUxQLVVyaGlDVFVWTWdkY0RwWmFSX0ZFSUFTcDRFcjBMMFg2N2xRa19mUDJQQVFraDNXNE9UaHAzQmhJYm5FUEEwQ2lIOXQweWFMeEYyRjdmdjJQM2pzbkZQZVIwRE5aM3BXN09tV0tzZ1NacVZOLWRtTlRxSUFfUlpwOQ?oc=5
2026-09-09 14:36:18,META,Meta’s Muse AI Launch and Youth-Safety Deal Shift AI Investment Outlook,InteractiveCrypto,https://news.google.com/rss/articles/CBMitAFBVV95cUxQMHhpSlVRTVgtSE1EakV1MXZnUjhCQjE2OUh1S1ZzSFFkS21EQkpaMTBSNjFqbTVRWDhCX0NHQkREbGxOazRvYlgydUgtLUVPWkpqNThVdFNxbU05X0xUOEVfUkRzdUdYb1owLThxa29lUzQ2UjJmVklXa2tNc2hWSVhlWlBCdkVZY3d6dVhsVG5MRlBOVS0wX181MzAtTG9kQURjM0E5REw4VlhNWUYzcS1EWWc?oc=5
2026-09-09 14:25:18,META,Meta and AMD Lead Tech Rally as AI Innovation Outpaces Regulatory Struggles for Google and Amazon,InteractiveCrypto,https://news.google.com/rss/articles/CBMiygFBVV95cUxQQ0JnLTdLWFhzOTlkOEI0NWgzM3YzYmU2eDVjZFFObHFhMXZEanZkQXpieEhTZ2ZEM1hEVnVzWkpXSDh1aU5DVnFWSWxQdUVUc0NuMmdKRklIS1lyVV9nb1gzWHFzcGh2dDVHRUJieDIzVV9vZlJUZUlNSjl5V0lHREwza3VUdElXNHM3aHRld1dPVjYwMG5fMGE0bkJtRV8xS1BNdjM1ak1JRTRzY1dORzgzTzFyRXdLMVhJSm1nYUdVeHFVdzJSZl9B?oc=5
2026-09-09 14:24:58,META,Why Meta’s Stock Is Rising After Muse AI Launch,Forbes,https://news.google.com/rss/articles/CBMinwFBVV95cUxNemVjSTVpYVVybFJfYlpwLUozYjM3Q3ZCdzJYR3h1enM0bGp0THVOMWpLUzNndFAwMGRkd1JsNEV6c0t6Xy1VX3dIOUROWkhvWGkwQ09Rc2NCR3EtdGZmR1lvTEhoV0dsQmhCbTZZS0VGOEpHeUdpRzVxWS1xZkRYNjhYb3hxRHJhTk1HdmM3SWxmOEx5YXBCcXdadlEzRmM?oc=5
2026-09-09 14:21:06,META,Meta Stock Jumps 6% After Muse AI Launch Wins Wall Street Backing,kobaran.com,https://news.google.com/rss/articles/CBMikwFBVV95cUxOd0F5dm9sLTRoT0VTVndSaTFaNjVMcGFERHdBUVgwWmZiUDg0SVhNQXVLUGtzQnY1MWo2STF5MVl1bjRGR1lCV1U2UXVWYVNTVlBoQmxaeEFEYzQ2dHdTbHdrNGkzR1QwUWNXcExhVy1yUS1Qc3RJMHE1WFVXN28wdnZsbHN1bEVlc0YwZUVzSERwX00?oc=5
2026-09-09 14:19:17,META,Meta's Muse gives its AI ambitions a new monetization engine (META:NASDAQ),Seeking Alpha,https://news.google.com/rss/articles/CBMingFBVV95cUxORGFxWGJFaFFXS0xacG5sTk5ocUpjQ0djRldubWdncThvdnZOTjVybmJ0cm9WY1E1VnF4OTlqZkdtMVRXOWtFQnZRaDV4MjZiTmNWVTJDcWVKbUpkRUt2Ymx5QnFqRVZpRkpjYXE3Qzc1UGl6Q29xVWZGNWU4Y0phU2JJZVdnaFNHRUEtU0lKUGVoT3d1UDllWE5DaVpxZw?oc=5
2026-09-09 14:13:30,META,Will Meta stock break $655 resistance as new AI agent launch drives gains?,Traders Union,https://news.google.com/rss/articles/CBMiiwFBVV95cUxOSkhJRnFja3NSQUl4T2FkQnZfeGVTcGpsZ1drSVdDNVZGNG1NOFI0SWpnTjNMNFMzRDBSM2pTVmlBRlk4eGw1LVl6cHVUekY5X3JFUDBuSFRjRDEyWjRQNTROeDZuMjNWNy00ZTFCcHBDMUFpNFlfZ1d6eFdjbDAweEFtZElxdDhPeHRr?oc=5
2026-09-09 14:09:59,META,Meta stock surges with Wall Street bullish on new AI agent,Yahoo Finance,https://news.google.com/rss/articles/CBMivwFBVV95cUxPVU5VM2xXTTFmS0lWVkU4cmgtWFNvSU1EUDItZ3FwbmlaXzBiSnBJU1paVGpqNEl5TEJGc2lBNVE5QmN2c1FpMmVycjBOUm9sRzNxZ25yY0k0M2lBb3pLLTczMU1IX0t1NmFSY3dZTi1TVEdCZW5JYk1JNW1WenZsX3BrdmN1NUNFVm5wQ3M4dTdzaE9TSHlfYmVJZDljNGdMWEwxTHNCWU9DNExRakF0d2F6RkNodUIxb2Zpb1IzNA?oc=5
2026-09-09 14:09:59,META,Meta stock surges with Wall Street bullish on new AI agent,Yahoo Finance UK,https://news.google.com/rss/articles/CBMipgFBVV95cUxOcUFsWURFcDBHc2hGNjU2NXZJTWotbkpuVmVaM3dmbjVlTlcwTEhGWGlnQTRCd0RScWdHVDlDYURhc21VZzFWeENJbHVoLW1UM3RYa3FKcHQ5T1p4Z2czLU51Xy00VWwyVEVDRnZPMkpucnRnUHk2X2pJWEFDZmhUVVIzZWxfaDV1UnludHRtdEZNOS1oLWc2Y3F6cDd4bjJDNm9KaG9B?oc=5
2026-09-09 14:09:59,META,Meta stock surges with Wall Street bullish on new AI agent,Yahoo! Finance Canada,https://news.google.com/rss/articles/CBMiqwFBVV95cUxNLTJCZWVMYkl0cUsxUnZoQWVRblUwNEJVNXNpRUgzTEwtTll2aU1ENGhrM2V5bDl0UmxTOWFxRDVIZ2hwQUtpRmpOZFR0djk4T3d0WHVlaFNQbHB4bUVpSjNWR2NLQURYbkZ6SUxQLXFzSEpCV01RS3JKZm54eE5mcjF5T2pOSUJKVWNkMTgwNm9MLURuMnVrcVU0cDkxd0R6NUIxdGVBRTB6QzA?oc=5
2026-09-09 14:09:15,META,Meta shares jump 5% as analysts welcome new Muse AI agent,Yahoo Finance,https://news.google.com/rss/articles/CBMilgFBVV95cUxQWUR3RWR0N0FabFdYQUxWdGo3VEI3bTFvSzdxcjJYNVQ3MjVIOFJYMVoxUW1pOXl2SjQxWjdxX3dvM0Nxa1NjZDRVYXIwdnBmeGNMekVPc1NTZEtEb2hKQTFoREk2STdWNFNySS1JbXNocHQtN2ZmT09rT2hKdEpNOUNnV0YwRDMyZ1NIbmVPWVI4TS1yd2c?oc=5
2026-09-09 14:00:00,META,"Biggest stock movers Wednesday: META, LAC, TTAN, and more",Seeking Alpha,https://news.google.com/rss/articles/CBMijwFBVV95cUxPR2pTUEljUWVTVVRQdGZVWUNrbkxJaDY0UHZkajh2UFRDTWJlQnJSY0pUT1ZzZFB0MjB4ZkN0Nnd6MGo1bWItZGlPRmNuWUVXSmRFRlVRY1ZlbmR1S05nNmYtZmF3QU1PRjNtcUs5ajNCeXZaemVDX2VGVzQzTm01eVFPQWhSVmpaZ2VPVWctbw?oc=5
2026-09-09 13:53:00,META,Meta Stock Jumps As Tech Giant Touts Early Interest In Muse AI Agent,Investor's Business Daily,https://news.google.com/rss/articles/CBMifkFVX3lxTE5UaXZycVdpQUJOMUd0eF83ZlpRRU5ITlZQcHU0czV1UFhoc1JaZVlwM2tkVFJ3UV95T05raEt3aGNzM2Zfdk5ES1E0dWdTOGN2dkFmUHJqOTVNazEtTDFSTUdubkNUMkJBenE5UEFBdTdOYmlCMnliVFNNNUgwdw?oc=5
2026-09-09 13:47:22,META,Meta Platforms Inc Stock (META) Opened Up by 5.63% on Sep 9: What Investors Need To Know,tradingkey.com,https://news.google.com/rss/articles/CBMiiwFBVV95cUxNUXhXUWNneXZnSWpObTgzMlJhVmRaSC1YM3l5dE9HQzJzLVZldjRwTzNGcUR1OGVZdVIxZ0ZKV0RTN0ctZUZsbUwyQlJBRjJXYUFickZyMkFxVkh2MjdqeUIxSW4yRTlsSGFkS3hhV1I5TkRka3VzdVFpRThHcEgzOU93czNKNkVlOTRj?oc=5
2026-09-09 13:20:00,META,META Stock Jumps As Legal Clouds Clear And AI Bets Grow,timothysykes.com,https://news.google.com/rss/articles/CBMiggFBVV95cUxPejVLM2RhR2FSSXk4UWN6WEk4dHhMY0hNY1Q5d3BEVDFwT280c0FGckpxRW40d1pvbllXa1B0MWhzdFQxT0xhQnlvRmRGajRYQjBFX0wxVXNSR2QtUGx4dmZRY1pjX3NUX2ZQbVpTMmlNaWVTdVdQblZMVkRIVXowNndB?oc=5
2026-09-09 13:20:00,META,META Stock Jumps As Legal Clouds Clear And AI Bets Grow,timothysykes.com,https://news.google.com/rss/articles/CBMifEFVX3lxTE9TY1VSOTRpRDctdk5zMWR6Q2ZIUkg5d0haaDBaam9QZ1RMeTF1ZXVDMER6TjJVaTg5SVp0S2FiMWkyOUd3ZktTOFBnaENJRS1VRFVMb0V3Tl9sTlVMUVFjbHhXTWJJVDNwak9ackI3dldKWjBEOGdYakhZRVM?oc=5
2026-09-09 13:19:47,META,Meta stock jumps 7%: Analysts bullish on new Muse AI agent,Investing.com,https://news.google.com/rss/articles/CBMiwAFBVV95cUxOZk5tZWU2dFhJcHRzZWJ6RHlZQU1fNUVQQUVEY0FuS1k5RjZOcWU1emt0TDJrZ3p0Nzd4VDU5UnIwX0VJUXFpSjNWa3NnSjNVNUdNcm5lUERkVXFQMUMza1JpQ2VqZDRuMGtlWTlVeVJCbTFrekdjVjFXbW11QWRtXzVKT20zSE5JVnN3R0NPOW44dzM5ckwxZjBJMF9HdExWcG82NkNaUFdqVGtYRU1NaGdmVlpmNVJfOW9EV2V2akg?oc=5
2026-09-09 13:19:27,META,Meta Rises 6% as Muse AI Agent Arrives With Paid Subscription Tiers; Alphabet Falls 2%,Yahoo Finance,https://news.google.com/rss/articles/CBMijgFBVV95cUxQSV9VZ0sxb2IzTktBTVpja0Zpd01uLU1EZG5lNXJYMEUxVUtOU0pSTXBjWFQ0UTF4eUs5SS1KSjdLVG5FbVZ6ZUxOSUpYZVk5RkQ0d2o5djFzMmpkNWdBeFFBbDlBbW9jOU5QTmd4ZEk1V0pkbWFnUGlYMHFqZ0NiZ3lVRVpvcXN5UzBsa1h3?oc=5
2026-09-09 13:15:31,META,META Stock Pops After Unveiling AI Agent Muse,Schaeffer's Investment Research,https://news.google.com/rss/articles/CBMipwFBVV95cUxPTS1xenhJMVVFNlhmZlhsUnVQa0wteVNwdzVWdkZMYm9NVnMzN2pNLTZrUU9tZFFqRXBELThqWEtIbndPNXJuYlRZUGlGeXdtdlBEYTMxZVR4di1TV1pmWW15NzdyYnA4OXN1OTZDTTFySnR0TnFZdVlOWVdEN1FUak9hNEh4WGUyS0lTZ25wRnN5VjVIa0prUm1QbmZmcjhLSjhwVDdVVQ?oc=5
2026-09-09 13:14:22,META,META 260909 637.50C (META260909C637500) Stock Options Chain | Quotes & News,Moomoo,https://news.google.com/rss/articles/CBMiYEFVX3lxTE9aMF9CRVpvYlFwZ3VpbWtpQlBrNWpTLXhyS29ZOGdBV1BVdDZ0aHdrMnpkUGJfMG9pd25tUkloQVlqNnJSd1kwNDN0TUM2dk8xTkU0VWtFOUowT2xaNTFfbg?oc=5
2026-09-09 13:10:57,META,Meta’s stock climbs in premarket as AI agent Muse addresses investor concerns,Crypto Briefing,https://news.google.com/rss/articles/CBMia0FVX3lxTE5iM1EwNVhsNmtPdTVqVEJpeWxXdm5FTF9VbFZCdTVTYUJrSGUwMHN0TTl0TldPbFEzSFh4ZkNvZjdFQjhneWNJc2hVMmJDVkZ5MHQtQXFzZ2MtNUs2a085VmpIc3luejMxel9z?oc=5
2026-09-09 13:08:05,META,"Why Is META Stock Rising in Premarket Today, Sept. 9?",TipRanks,https://news.google.com/rss/articles/CBMiUEFVX3lxTE9vc0Q3SUE0NlpORHE2MHNkMHVPU0Q2aGphSHBCakN2YnF5bEk4U1dQSzVfZzZBVnhzWko3bmFvZTNUUUxlUTBINkJDcm1VTktT?oc=5
2026-09-09 12:59:03,META,KeyBanc maintains Meta stock rating on new AI agent launch,Investing.com,https://news.google.com/rss/articles/CBMiugFBVV95cUxNNjBZTkhuWUlUOUg1Y0ZzMVNYUm5KY2ZlLXhteWU5TF9DWmNKdkEtNlJWOEVFYnU1VmJUNTRPOHlzLUU1UHlvYzJPd2hGX1BIOGNtSUNXZ3pfelZ5ZkVDX2IzTmpfeXlpaVlaZjNZM0I1cHdjalF6WC1IQUxpWjBzRktoVlZuMUJqU1F3b0U4UEZVMTBSSzlHM3N0RWtqRmlLMDJvN0NQeDBsSVVUNUdPYmw0aUVEdXZVenc?oc=5
2026-09-09 12:49:14,META,"Meta Muse Private VM Security vs ChatGPT, Claude [2026]",shattered.io,https://news.google.com/rss/articles/CBMidEFVX3lxTE5OcXMtbnl5bjM2SkFNbk45Y202bElWeTdkdklYeE1wUjhzU0NzT0FCd1VJWExRME9KbmdpcG1YY25TUDNMMDA4ckxQYTFiR244el9melRXbHJvd3UzaDNlT285d1AtR1NmY1dKY3V3aFViaU1k?oc=5
2026-09-09 12:43:00,META,Meta’s stock jumps as new personal AI agent Muse addresses a major investor concern,MarketWatch,https://news.google.com/rss/articles/CBMiwgFBVV95cUxOTk5wMjNDc21DN1A4eDdyOXdsVWVOUGd4YWQzSzhNNkVXbVJGakE3SVZqaFJkYmdaaXhHc1JDTnU0T2s5NWpIYkl4Szl1ZDJfQVlUdU8waTZRWEZvX1Z1NFdTNkJ0R2tOZFRtZXpwa0EyT2JOZW9lZkpybFJPMjByWVFfQkROdTc2aTU2RnZsOEdOenFWN2psazZGdy1WWExHSkpqTXZEUF90UzRqNE81TjRTSXNmS1Q3WXBwZW1NSmt1Zw?oc=5
2026-09-09 12:33:00,META,Meta Stock Jumps As Teen-Safety Deal Clears Legal Cloud,stockstotrade.com,https://news.google.com/rss/articles/CBMifkFVX3lxTE51T05Tdjd3MUYyV1c2Zklfa3RBcVhZR1pQMXBMaHlVaHZMY1E1Q2h2U3JrVHFtTHpaWXlOVXd2eFNDTE5NNWIxRWJvVzgzWG5zaS1Fd2hkWXNsZEdfTnRoTk41QjhidHdDVTV4VFF3bVRYdHBsSWpXZ3lrZ2Zfdw?oc=5
2026-09-09 12:27:40,META,Intuitive Surgical stock falls after clinical meta-analysis while analysts stay bullish,AD HOC NEWS,https://news.google.com/rss/articles/CBMi0wFBVV95cUxOeEdTS1FTeTBUdnRRMi1Ra0I4ZWFBZnF6N01Ydm1QRDdqUWlfVFIwckZtem83ZEI5V0hqVWxwS084ZlNPZWlSSFE5VmJQZVpVSVZhekdLdVlJSDJfY1lhTFdYTGh3TVVaN21nZ09EYjB6YlJVdVJ1ajdKM3ZYbXA4N2ZTVkRCWHdCd3NfcEVRYWkyVllYNTlSM3VFYktLOWpUOEtId3g0QWJOQ01pSW5OamFTX205V2dFaFVXR3Jta2d1THoybDFqbGYxWmg5NXMxWDM4?oc=5
2026-09-09 12:21:46,META,Meta Platforms stock gains as Muse AI launch and youth-safety deal lift sentiment,AD HOC NEWS,https://news.google.com/rss/articles/CBMizwFBVV95cUxQYm1kRDBJeVQ0czE3OVhQS19sMGVJOEM1WEFyazNHODVPb2t3T0xaNDlnRDJGTW5WNWQ3ZnZNU3d0OURzcFhkb0FLNi1CZzlaeTdFcnJELUZ1cUFIczZ4dFc4bWw3ZWQwNnNZaV9pdTNUb1RDTjR0eDNpa2ptLTJuM3VScEh4aW5FaHNKbUVCc1NhTE9DbGpjRGJpNEFEenVHNlJwUzdlV1NIVWd0YUdYMzhIdXZuZlB1N0xEM0ZyODRQM2REdEZDemRla04zd3M?oc=5
2026-09-09 11:48:00,META,META Stock Jumps As Youth-Safety Deal Clears Legal Overhang,stockstotrade.com,https://news.google.com/rss/articles/CBMie0FVX3lxTE1DOVZsZUY3eUV1Nk92dEJ1VVdBVXc4eVdqaWo5ZEVmVWU4MEIxTE5MLWFsbVRLbFI5TVc2R2R1V2dfbUx1SDNLZDlkWGZfd1hWRWZDNnd4LTExZWtXaXVRTTgtcFlxanFTc0tmbUx2NVlTNURoa0Rid0hJOA?oc=5
2026-09-09 11:48:00,META,META Stock Jumps As Massive Youth-Safety Deal Clears Legal Overhang,timothysykes.com,https://news.google.com/rss/articles/CBMif0FVX3lxTE13UmxkT2EtSjFKdmhDUld5LTVJeHNma0VBenkyNUlkOF9lcFowVjdpTzhvdWZLVTBMWENlVmhsYVI5OEVEZzFoZGY1UnJDRTBqSlZ3Rl9IWDRrdEtqMEZoY1dIemtpV05jZzJQY2poTzFKeVZXYUUtM2lPV2NwZFU?oc=5
2026-09-09 11:48:00,META,META Stock Jumps As Massive Youth-Safety Deal Clears Legal Overhang,timothysykes.com,https://news.google.com/rss/articles/CBMiekFVX3lxTFBLSGo4UmNza3NLU2l1QUVQZnQzSTBMYWZ5emhtUDYyQzhXMTVtUy1IelQwaTJrQ2g1cHBvc2c1clhyVDZwd3ZYbWNSWWNDYW5IRUpwYUtyVzZiV0JYYnFHRDRfTXRBd3V3RXRIcS1BZW5BaHlRMENUc0t3?oc=5
2026-09-09 11:40:06,META,Meta Stock Slips As New AI Push Raises Jitters,TipRanks,https://news.google.com/rss/articles/CBMijgFBVV95cUxNNXNyTUpFX3pHS2pxS1BTWG54NmV0Q0UxNDVhSW9Da0Jta203V2gybVI0OHdZZGUtekFaNjl4aUNic3dlNzM2TVJMbkY5aTlSMGV2TzNwTjJZQmNqOFFiNlV3WjVUc0VIc0FCd0RVdEFDcGtNRHNrM1RhVVFZcHQyVFU2aE5YUkp6MWV4blhB?oc=5
2026-09-09 11:33:05,META,"AMZN, META, GOOGL Might Lose Billions As Ohio State Reconsiders Data Center Tax Breaks, Says Report",Stocktwits,https://news.google.com/rss/articles/CBMi8gFBVV95cUxOQU56dDV3WGdjZzgzeGRpeHB0WWtONWxabm1UUnNPRXpvS2pwSUQ4bTU2czZZaTJKS09pQUpNemNBQWJKVWZ1ellvQjN6U1BJQU1oeXFvdndaWjNlVVFnMXlXcmJfOHNRMkVkdHgwTGR3cUlWcWVMV0xoQmVaX2paYjVsSEw0WW5iNnllaW1SMGt3b01rVGthbF9mcjBRS1pFSk10M2tzY21SbVJ0Q3dJaUt5eWxBTGFJVlpfTERHNjYyRTlGQlltcmJ3MXppLTFnM2poeFlPYWRnZm9Qbk1TWlZYU0hlV3FQUTRLX2dJR0s0UQ?oc=5
2026-09-09 11:20:51,META,"Amazon, Meta, Google face risk as states reconsider tax deals (AMZN:NASDAQ)",Seeking Alpha,https://news.google.com/rss/articles/CBMingFBVV95cUxQZERia0RaUzYxR3htanVROEg5QWZvejQ5QlhRamdxUERSMU9YMmVBSUQxakYyNGtieUxieGxmZG11c240YmN6b0psREdOUlF2UWJNSmN0d1dWa24zVDg3UkRkXzB3Z0xIdnhTTlE2X2pGaEhlbTR6Qnl6bHpEbU84WFJIZEVRazFkNGZJTFpCNDlWX3QzUVc1Rkx1blJFUQ?oc=5
2026-09-09 11:09:09,META,Why is Meta Platforms stock surging today?,Investing.com,https://news.google.com/rss/articles/CBMipgFBVV95cUxNV2pMVXlqYUdjbndMbkFvcjN5Q3FWMkZ3dkItdjVkU1NwSUNiVTdjTjEtQ0Jab3JaUzl1eEhOVmpMejJENHBRQ3NCSWJGaDlGa1FYbUZCZGhxQ1gwSWY1NGJWc29nZ0RZczlTZ05tOUxNWGx1UTFJQllKSjBXVWZDeng5cFBib1I1MkR4bE1Na0JheDM2WEYycGJDQVRlZlV3T2xyLWhn?oc=5
2026-09-09 11:06:33,META,Meta Platforms rated strong buy with $882 targe...,Pluang,https://news.google.com/rss/articles/CBMiZEFVX3lxTE5GQklqeEpiQ1Z6cHF6LVNzS0NURmY4enBXTzBhZk9aQV9RWmtQVHhlLUthZzRQTkpIdU9nTlRYa0IwZVFfV3FJZG1HdFhmY0xPekhqUzZIbUpueXZzTHdjSHJTZU0?oc=5
2026-09-09 10:44:00,META,Meta: The Market Is Asleep At The Wheel (NASDAQ:META),Seeking Alpha,https://news.google.com/rss/articles/CBMihgFBVV95cUxNZXlCM1E1b040bUp0WlFZZXJLSjFpeTktclN6WEVOM25UcXN1YnBheXJ4c2Nud2dXTlRsS1BhSXZuVEZVeUI4UWdBWGVoSWdybUYxTjVqZnFxdE1neUw4N2hJRlBJcE1mN2owNXBLYzR6a01OYnVyeEN4aHFDdTJJV1Z1RUwzZw?oc=5
2026-09-09 08:59:23,META,Meta (META) Unveils Muse AI Agent in Bid to Compete with ChatGPT and Claude,blockonomi.com,https://news.google.com/rss/articles/CBMingFBVV95cUxONnp1c0tlSnplMjJaa211VUEwUU13dDc5Rkk0bGloNWdwSUVhNEVDYW9aZGhKTElWMXNEY3RhcDFLTDFRYldGYkZYUWxBUnlsTVo5WElMWENGVXllUHR5cGt3SlF5OTZhYU1HZWlQR1VPZ0tvbDFONTRnRXloX25nd2xERGw1ZVM2bjd3NFNBY3pHdkR6cVFJOE9YdHBlQQ?oc=5
2026-09-09 08:46:30,META,META Stock Rises Premarket: Zuckerberg Says Threads Is ‘Either Bigger Than X’ Or Close In Scale,Yahoo Finance,https://news.google.com/rss/articles/CBMipAFBVV95cUxNSFFnWDRQTmdmM2tQdmNjZ2p4QzZ4Vm5RX0pKMHNRLVRuNjluWmlUek83N3R6NmRRZlBQZnJtaF8xN0YyTWhUYXBHVVVtdzhWbEZ5MVdFSFZpMFJrYkc0SHVpZW5PWVg3cU1fRWNBRE14dFMzRmR2UXd2ZmsyclBPZFphRTVJYVFNNDhXRldjWWlmalJnSWt5dW4tejRySHRpNFd1QQ?oc=5
2026-09-09 08:46:30,META,META Stock Rises Premarket: Zuckerberg Says Threads Is ‘Either Bigger Than X’ Or Close In Scale,TradingView,https://news.google.com/rss/articles/CBMi5wFBVV95cUxORWIybGtwVlJyQTdFRlhRa0l3cnZPQjFtcTllbFRULXhkaDhmWnozRVFiRUtURkFwaU5XQml3RWlkNm91Z3Fidkh3TEtpTzRUTkFiUFdhd3A0MFJrVkpMQmtEN1FpaUtxM2JreXpCeWFidU9XUk5nYW45ZEYzLXUwcHBzY0VMQUZ6M3o0WWlwUndyUUtSZWg5OENYTzRaRktzamVvLVJsajNOVDV2OFBvN01UWGo2UGZ2R1NIQ1RsS1hSZ2k1SDFMakNpcHJTZklBcVlhck44OFpFVXREa2JkcHMxLUg3eDQ?oc=5
2026-09-09 07:20:01,META,Discipline and Rules-Based Execution in META Response,Stock Traders Daily,https://news.google.com/rss/articles/CBMizgFBVV95cUxQRHpUZlljeWp4RjBBTDVkcWxObGxNM212SFpVWDRjQ0VHRVI5TlE3TTBmbXFTTVYyTnh6TVZTekRmSm5SaHVvbGRKb0haMjc4WkN3QVdfV3NxdzN3NTNUMDJkb19zMDlucUdUVHJTa01PMklHSllaQVdCN3FmdVJuYVpSWEZoN3A1MkJwZFBjWExsX0Jkd3E2SHB2ZGVUV3ZyZkhkWVIzRVNwb3JDaXdJYjRXTTUwdnJSNU9tOE9mOEZIVzlTSXNCTmFtekpHUQ?oc=5
2026-09-09 06:05:16,META,Meta Platforms stock heads into the open after a 0.5 percent dip,AD HOC NEWS,https://news.google.com/rss/articles/CBMixgFBVV95cUxPMGpDb1JJTElXMlZDUWE0TzhUWElXejUzQkZVTGhld2pvUmt1TXM2cng2T0JPSkliTzdGRXBhekFpZ0F0bzB2S3V1dnNqaDd3dUppRV9XTDBwWlFERlU3MDNfbVR4OEU3aHBnQzNQLTVLY1JiRXZFMHlxZmlXTzUxakFDb0RWQUdXR2FkMHJQYjE3YlF0a1p5Q2lYdW1pRXlXNWlVbndKZFJNc1EwVlcxT0JrMjhkd2pIXzF6YkVJeTJtYjZWaEE?oc=5
2026-09-09 04:43:00,META,Meta layoff made me rich: Ex-employee says he made more money after losing the job,The Economic Times,https://news.google.com/rss/articles/CBMi7AFBVV95cUxNczFtRDk3Vl9SdkRjd1Rub3Q0QWRjSTQtVzgzTmwyTXc2M0FNbHUwcFlaMVNMMnQ1dXRuNkI2WlRHWS1BOGFWeVZ0eDQ4WmNrRUhMV2JrVWFvRGNlWnlHZUc5a1NYcVROcnhkMFhodm5BU2E0UXRSTXlfVlFvcDZyeVVCNjM1UlJKV0lnWWw3NU1IRlFtRllpai14X0VwUW8yVUtjekhKYVpBZXdQa3paT0w4MGNvdVhOay1FeW03aHM4Rm1iVEJRUW9EYjkzSmJ5aFY4TTJfZmNYQi11eUphWlpILWtMS25PN3Y3bNIB7AFBVV95cUxNczFtRDk3Vl9SdkRjd1Rub3Q0QWRjSTQtVzgzTmwyTXc2M0FNbHUwcFlaMVNMMnQ1dXRuNkI2WlRHWS1BOGFWeVZ0eDQ4WmNrRUhMV2JrVWFvRGNlWnlHZUc5a1NYcVROcnhkMFhodm5BU2E0UXRSTXlfVlFvcDZyeVVCNjM1UlJKV0lnWWw3NU1IRlFtRllpai14X0VwUW8yVUtjekhKYVpBZXdQa3paT0w4MGNvdVhOay1FeW03aHM4Rm1iVEJRUW9EYjkzSmJ5aFY4TTJfZmNYQi11eUphWlpILWtMS25PN3Y3bA?oc=5
2026-09-09 04:17:50,META,META 260909 552.50C (META260909C552500) Stock Options Chain | Quotes & News,Moomoo,https://news.google.com/rss/articles/CBMiYEFVX3lxTFBpdUNRS0l6Uk45QV9DX0dsaGZpa1AxdjMtNjRycmY5TFdNWVVOelBWVE9ueE9xclFxQTdvcEpyYmd4MUQxMUROcnlKcG40OEctVWY1UzQyR2hEZ3l3WTRLSQ?oc=5
2026-09-09 04:04:48,META,Meta Stock Breaks Triangle Resistance as Buyers Target $619-$630,TradingKey,https://news.google.com/rss/articles/CBMitAFBVV95cUxNa2xhMURkVjQ1WVJ6bDNwRXI2NlFsRzdiSTlMcnF6a2VFRjhtaldUS3VHV0pQQ2dhSWJnckRUMTY5UmJzb2NadmxIQVdSTVpUNXY2RTZ3bjdtMUhwVGlZYXN2SVRSdktSQjJrTlZLVGpFcDIyRU0tMk1abWRYVUFCbDQ1LUFmYU5iSEVpdGpVTldDOUpqOE5MUk5neWNNR1NERWNzZzJuWVUwVC1Fa2dWM0NseHk?oc=5
2026-09-09 03:14:05,META,Pershing Square’s Bill Ackman boosts Meta stake by 3.2M shares,TipRanks,https://news.google.com/rss/articles/CBMiswFBVV95cUxPQUM1TjI4TFRDVHRtRHJKa0NSSmJGZEJ0eE5OckdEanhPX0NSTERiNExZVTR0U3k5a2pueEVTVGxDb0FMa3FsSWNLejNOaUtuN1c3MUs2UW5PQ2JrVjJHSDBqX0RhTDJTeWRTTHhBcFpVcElwdnB4NmJLQ3F4dUw0QmtETWJiSlJYVHNxUzltcTRsblAyanJvQU1kRTdPRXRUTFhSZ3J1T0Nha2ZxSkNSSDRaNA?oc=5
2026-09-09 01:20:34,META,META 260909 440.00P (META260909P440000) Stock Options Chain | Quotes & News,Moomoo,https://news.google.com/rss/articles/CBMiYEFVX3lxTE9EbmtWZ3NNYkZTV2dLeWtwczZKQ3NwdGx0MkVkQVBCOUJFckJLOWNra0VxQkU5Wlh4TWEyWG9JTHMtaDQ1VHhwN3F4UWEtSGhyQ2tHeVVKVVpwWFdQYWJ5cg?oc=5
2026-09-09 00:08:10,META,Meta's Personal AI Agent Muse Receives Positive Reactions from Tech Leaders,Intellectia AI,https://news.google.com/rss/articles/CBMirAFBVV95cUxOZDU1d1BXVm1CVU50ajVaNGF2dDV3NkpJcVZaZjA0N3psb2c1UFJxbWZhaUk0bDBqWXlZaHBBdUtWckpmcDdNSVdvMmk0WGI2XzZ3bmNoVkxUMGVsWWwxNW5BS3RzNUpMTGhvZ1BwZndRWHBhUHVZeEVlUlVVN0lFZ3Y5T3BPTTZhTDdxTlZ4R1BGb2dIRUFkNnMtN2JEUG5sLUZDT0V1NU1yUU1k?oc=5
2026-09-09 00:00:00,META,"Watch Meta & Lyft Move Higher, Apple's Foldable iPhone | Stock Movers",Bloomberg,https://news.google.com/rss/articles/CBMiqgFBVV95cUxOSEZJZzJzd3JHbTN6dTA4aHB3cHR6TlMtaEpzNUFuY09jVC1iVVZXX0ZkNVZOQzZuRE9IbGZnZms4dTlpeW1CRnNQSEtjRHBvTFV5OHRIMWQxbl9GOElkLWZLcHhMS2pSbEdyUzJ4YUQ0RXN5SE1FNjlPUW1JcGp1aWJHNndtdDBPZzZjZ3NlUHJMc1JJeTZOY21VdHJOLVRickx0bE1LODZxQQ?oc=5
2026-09-08 23:24:25,META,Bank of America sends wake-up call to Meta stock investors,thestreet.com,https://news.google.com/rss/articles/CBMitgFBVV95cUxQelJvd1BfUzJtMmd6T1RORHJDSE1yVmRUM1BRZ3hyVlYwTmdXOXpqUllBTmcyUkc0UnlPMlNTbTZIRXFINHJYUUk4djBHSndnMEo1d0F6cXBIMXIxcE5WY0NZWjF2a2hiS2kzd2tXbEptTjVwM2dyRzNaMXBGUzJsVEZtb1FsX3NPMFpvdmxaYktRbVlsSl8tQlpnWG5Fbm53T2VfWWc2ajhqODVtWDRPaFVCOGhhQQ?oc=5
2026-09-08 23:15:30,META,Meta stock wavers as Zuckerberg unveils ‘Muse’ autonomous AI assistant,Investing.com,https://news.google.com/rss/articles/CBMiwwFBVV95cUxNNF9BVGc0ZHpxaThQblowT1BTdUhhSEpsM2xub1VtYlNLZUVrRlNmWFlKLUlheUNnOXhJQ3VmTVVwVW1JdTQxTENUR3BpNUoxaGRiRkxlVlpoZzFtVHl0YnVTNXFDWjlYdWhuYUFQdE5qRkpmQkd4STR3YVJSS2NaempWalNCNDhXSUhTMXhjUDlGZVU0SURaQ0FWdHA3Z2dBcWpWLWoyOHlQVWxRVVV0TkhBYmZUZllMU3Z1RVNVVW5nZzA?oc=5
2026-09-08 22:06:35,META,"Meta (NASDAQ: META) accounting chief sells 3,240 shares in planned trade",Stock Titan,https://news.google.com/rss/articles/CBMisgFBVV95cUxPNENuYjVCTk14cXpRa1ZNdDFELVdoNklvYVNTSGJ1ejZEZnBZRDZIdnctZ3dFbWlEYzB5YkplWDRjNnlLd2VDcGZudTBqV2ZvQnJkRndhTXI2MVNsTkV4SklKZmN0c1RoV2hzWjh4X213SmJvdFZCMFZIdDdvVzZ3X01fMmRUXzBqNUNINzhZSndIMnBMRG5jdHkxdl80VGtQdXA4TktvYjJOV0RPeUlLR093?oc=5
2026-09-08 21:19:36,META,META Looks 27.8% Undervalued on GF Value™ Amid Strong Financial and Growth Metrics,GuruFocus,https://news.google.com/rss/articles/CBMiugFBVV95cUxNcGlWYXlQRUJ4RFQ4QTlDV29haWtITFhpTE5sbXVKbzFVOFFuV2FLdVVicm9CeGcyRzFTN2ZTd1FuNGg2Nm5NQmJqdUVLN2MtVHJHajdJYkI0TWF3WHgyQXU1NWRaWUJVcDhFU29qclEzSUY5Z2hWU2g4Z0NLNEstb0lrVkJUTVFLUC1VODRKT1BUb0JuVnJFVlNJYXpzLWtBakQxODN5QUt6MnZlZ0Z1VDZZS1ZLM3VSRUE?oc=5
2026-09-08 21:09:54,META,META Launches Personal AI Assistant Designed To Handle Everyday Tasks,TradingView,https://news.google.com/rss/articles/CBMiygFBVV95cUxPajFXODV0OWxWU1VtMTlGQmViQjJSRGRNUGZabFVEQjkweXN1SEFKY19wbjRaVGt4RHdSOE11VTRYMW84cjlTaTZoS3l0SDNacHdDa0paTzJiX1hBNThIaDJ2ZzFUNkNSajltTFl6NWlnMU8zN3czbmVVdWRlTS1hd190aE9OOHlMcml4OXU3RnoyWGtTZXZRNEhPNDk2RHZ2cEV5N2RPT1NueE9NSy1BUEdIeC1NV1dCUml5UV9YVzJ3UE5MVTF3ZFRR?oc=5
2026-09-08 20:53:00,META,Meta Launches Simple-To-Use Muse Personal AI Agent,Investor's Business Daily,https://news.google.com/rss/articles/CBMie0FVX3lxTE5kcks0VzVFSUQzcDlDTkItRm9vams4ZFVfSm1rMTg1Q0RfR29CMDluVTBYdUxVdF9mNHBIclVMcE0zNkxtaHhyQi02dUVZcHRtUEhpU2NjYi1JRlJwbWJ4ME90T0l4TGxaVjZ0dHRVa05RbElya1V4dEYwQQ?oc=5
2026-09-08 20:29:53,META,Meta Unleashes a New AI Weapon. Wall Street Sees Huge Upside for META Stock,barchart.com,https://news.google.com/rss/articles/CBMiugFBVV95cUxPYmtHTXVPX0R6cVFGRXdLUTJ3ZUcxZVhGLUxQU1F6QVlDWTVBUVVmdmRSb0pGTkI2SnRyb010ZGw3alBDTW5najQ0Uy1uV0lqelk1YlB2NkctOTJ0WkVEUDdaLUZmZUtud3M4NTV6Qm84VmhiQXFuc3Z1VnloQkRLRTNjc005MlliZ1VHMl8zdngzaUxvUWhGWHFzMzlKV0tJWXNBMjdWdmZjemJkVGRhT2c2cXV4dGZCQkE?oc=5
2026-09-08 20:11:42,META,Meta Stock Slips 0.6% as Muse Leaves a $145 Billion Question Unanswered,TechStock²,https://news.google.com/rss/articles/CBMilAFBVV95cUxOa1N3aWFZeVR5WGZDWnlJOXFTU01hcjAzNHh2Szc1X3RIUlVGaGVoUm5yY0RFRDY5SEtxYVJrWWZWYlM2UHhSa1VYRS1iRHdWTUdFNDhHQkFRN2p4Z2RCVW9yUHIwVFV0dlhhd3NJME1LdUUxeWZfejZEc0Q1MGRRMXJ5TDlJeVl5dE1CSW90bnJhOGJT?oc=5
2026-09-08 19:56:57,META,Meta rolls out AI agent that can handle tasks across apps (META:NASDAQ),Seeking Alpha,https://news.google.com/rss/articles/CBMimwFBVV95cUxPS0ZTZ05nUEozSnhpT0x4dDg1WExNVzd5eThNdTNLOE5BdWw0TWJBOW5MYnpDQ1EzTTN0RDJCb3p3dU5nY1ZmTXZTekp4Q2FIYUc4UFkwWEx4TnZKYU5BWkhIVG50TVJSYzhZaUZUYnJ2M0h0XzdrREpjSTVlbTRzUk5xYWFXOExUTWhQSXZNM0pTTDlySVlST1FLbw?oc=5
2026-09-08 19:20:00,META,Meta stock wavers as Zuckerberg unveils ‘Muse’ autonomous AI assistant,Investing.com,https://news.google.com/rss/articles/CBMizgFBVV95cUxNOWk5UmpETzZ6NUNtcXlpU1RMSmtTODVOaWhtVEY0dVdFRG9IZTlhRkFSV3IyLTR1UXVhMlFuVENRbFFER1ZYeXdhellPNEdkREdJYldOdWltYmF1ZmtXejRfYUdwNnB5NU5KUm90T29SS05CNmVoaFpia2NPQVZnNjNiWVp1MW90V2tKZVp0ZkFPY2NKMWlFV2s0ZlQzWC1idHJ3UERKcHdPUzF4M0w3dXljSzhNMUhCSmdOcS1Xa0ZfNDFhWGxFVy1PWXNIQQ?oc=5
2026-09-08 17:53:03,META,Morgan Stanley Eyes Good Things Ahead for Meta After $18 Billion Legal Settlement,MarketBeat,https://news.google.com/rss/articles/CBMiuAFBVV95cUxNc29pcnlzOGYyM1drNkdibmIzLWRGdHUxbUxoTFhuYWNVcGZ4MXMzNzVrYUhta1BXTEtQeTN6LUtOU2g3dDV3THlUSWdDVjQ1cXllWld3T0dSb3lZUUtkYkNNU0ozazRfSGp1QW40dDBaQV91cGJLLWZBdi1BYlN0Zmk5dVdQanhGa0VnZUhKdl9YalNMNDVINFBmbXlmcDJXRkZWQnlrU2dTa0JJcnloMmg2YjY1dmRB?oc=5
2026-09-08 17:12:00,META,Australia Targets Meta's Jugular: Hyper-Personal Social Feeds,Investor's Business Daily,https://news.google.com/rss/articles/CBMipAFBVV95cUxOdWhFNUZ0T1RuUkxhRGd5WHFOc2otUTdiZ1F4NGdacExvTmtPQUE2d3JTdXNCaWh6OUFnQXdfRHZxTGFMNk5CVmk1N1VpWFktc0dNdW1laG55cVV6OTJEN21qbEI2X3Y2WEFGbUJTWDhMMUcwcXhhQmRpaGpPdHVDNnVhd1FXZ3FyUmJMYm53dGwzU3dIM2pLcmdtS20zeW5IcF9xaQ?oc=5
2026-09-08 15:21:05,META,Meta Platforms stock steadies as revenue and targets frame the case,AD HOC NEWS,https://news.google.com/rss/articles/CBMiygFBVV95cUxPMlJYQkFMRkoyVHowNTIwZHg2YlB1cTlVZ2dsblVDc25pcXlBZGx4Z1NKOUNOaW55ZzVZU25jQzFYWGVSTnlmNzZfZ1Z1ZFpPUmJJUlJaVjZudm9QaWdPM2xORUVzNHNOQzAwN3Z4czRJdHhOTDVMTkw2bER2dXJmeU0xUXhWSmVUd3htdWhQVEZoUDZGckRGNmVMTHpjaUV2LWdLcWczU19hc2xVd0Jjb3lqQUpyQV9SLXpqLXVESXRVWVA3UnRvUUtn?oc=5
2026-09-08 15:05:03,META,Could Apple Face a $17 Billion Child Safety Settlement Like Meta?,Yahoo Finance,https://news.google.com/rss/articles/CBMilwFBVV95cUxQYnhETmlQZ0lCVVVsdEl0a1dsQU1obVVYLWRqbHdaVW84RmtWQXJoZEdJZFVTTUplNW0zV3U2YTREakpDMFNwMUcyUWF6MTM4ZXpNZ1RXRGJ6MEFIdEEzMllGdkpqNHFCNjBkNS0zZHBSWXJ2SlR6VzRDcFVYY2s1R2JzQTIzSHZDRzFFWnFYWVNsSk1OTzBR?oc=5
2026-09-08 15:05:00,META,Could Apple Face a $17 Billion Child Safety Settlement Like Meta?,24/7 Wall St.,https://news.google.com/rss/articles/CBMiqwFBVV95cUxOSDJuX0VzOUk0N3JsbjR1MnQxZWVXR2dyWnVJM2NRSWdTM0hwOW4tTWNEcG5UUTFFUC1JSlduWmpkYS1VSWxnMmozT1BfMXVld1JnRjE1aExNUXRrd0JtOVozQ3JvTDk4cGQwZlpGaWNQNW1icTZqZ3RWLTJEdnVmRmx2b0xDUGxLRVFpdDlINHlLNkhnSTAtbW1lWFBNMW1xSlFvWHVPbEROaEE?oc=5
2026-09-08 14:43:14,META,Beyond Social: Meta Is Buying the Future of Compute So I’m Buying It,Yahoo Finance,https://news.google.com/rss/articles/CBMingFBVV95cUxPWC0wel9FRy1PUkU0LU01M3BpSFhOaThuRHlMY3dFck9INUs0alV2aFBMUHJSejgzX2JCWHNVVG5hTGZkVkQtaU90QjBVeVljeVZZcWdISllhLUxFZ2pWOEo3X2ZkVXpITThMX2hDd2ROTGxlTUJHVUhUOE4tWmlNMkNyTTBKZkFSQU5pMi1vbDFjWkJqOEpoclhZSlJMZw?oc=5
2026-09-08 14:43:00,META,Beyond Social: Meta Is Buying the Future of Compute So I’m Buying It,247wallst.com,https://news.google.com/rss/articles/CBMirwFBVV95cUxPaGllVFdPaUFBdkRXTFlOM2phaFRVV0RzUkZ3R2JqeTItUDhCa0JiQ0JNejBJeG1LZGtTYVBUUGVhTFZqUExkMVVIbHh6UTZEbjJ1djQzdHhOaEtPRTZQeG9adDBHTF9aeEdjVDZnTTdDYVZQaTlBMWhkV1RacW1qdFJLNnNsclBFb09yM2RlWDE4MDZNYnh0b1lFaWdvNWNrWXFtdEpyNk5JUEZtYmZB?oc=5
2026-09-08 14:17:44,META,META 260909 565.00P (META260909P565000) Stock Options Chain | Quotes & News,Moomoo,https://news.google.com/rss/articles/CBMiYEFVX3lxTE9leWFJMXdGTFdtM0NyWHVQZ1pXajhhWm1ZLWJxdDZSVWRCYkZ3aWN5MDEtWGZJcGN6ZU8zOXE2dzQ4bk96NEUwT1hmY0xQakZuYlFycFktT0hEMHVsQ0pjXw?oc=5
2026-09-08 14:17:27,META,META 260909 532.50C (META260909C532500) Stock Options Chain | Quotes & News,Moomoo,https://news.google.com/rss/articles/CBMiYEFVX3lxTE5vSklFTTJJaTN2cjhWOXNXT3JiNncwV0MyUE04V1I5U1JRT1NjMFFkellyZXRkTS1zZ3pyS21ZLTJOcXdpQVBrY1BEaVN5cUJrSzdRYlJyaW04Yk84OTFTTA?oc=5
2026-09-08 14:05:00,META,Meta Platforms Stock (META) Opinions on AI Model Unveiling,Quiver Quantitative,https://news.google.com/rss/articles/CBMimwFBVV95cUxPMHJpd0NxY3lMSnVNSTRCRkgzbUdTNUZBVXVPVER4RU5VYkx3eGJlcGpCZmd5dUs4eEctUGJnR3B6M3lMR2VZc0s2NDRReS1tMjNCZFdjR0Zza3c1aEt2aDdKZzZyYzBDR21wcy1SRGljU1lNSVg0ZzM1NldMN19TN29pT1pJU1RsYkVfbHZxcWpWbTlPZHFhUU90UQ?oc=5
2026-09-08 14:02:26,META,Meta shares stall as overbought signals emerge near resistance: weekly analysis,Traders Union,https://news.google.com/rss/articles/CBMiigFBVV95cUxPLWZMdGE3ZXR0VUtYZmZnQ1lDLXVKYm9jYlBXeEwwT1VwUzFhS1BHc0JrTjJzb2sxb24wMGdqTWd5RjNhaVRxWFdHbzZoUnJFWHpoT3k2eWxFN28wcWgxVzZ0Z2FLSXNsQVVSTVktWGhVNXA2UFc3dzJnMmNHcW1aOEVoT2ZpZXlPWHc?oc=5
2026-09-08 13:45:00,META,Wall Street Keeps Asking How Much Meta Will Spend. The Better Question Is at What Price to Buy,247wallst.com,https://news.google.com/rss/articles/CBMi0wFBVV95cUxOUUtrTW04OVl2Yk13Y25rYjFoMVJlZlBvM1BnRkxOQlVrOF9DRElZUkJYaC15SlhBSHQxYkoyMml5MDlRV3RlNWdyWG1Gejd0U1g0TmR4R284eGx1bHh6ZF9kQ2ZMc0k3b0VDQTJYYms0dVdKTGx5RE5TTkpQV3EzS0F5dW9nRGZjX3lmamlwMDhmQVplY2tfVFB6ekU1b09tUlREbmhEQnl4QnhybnlQZkZaS2tTVWJfNDZtTGhmTWg5cnV2d05NTVhRNkJLN3M4cTEw?oc=5
2026-09-08 13:13:01,META,Meta Platforms Is Set to Steal Google's Advertsing Crown—What It Means for Investors,marketbeat.com,https://news.google.com/rss/articles/CBMiuwFBVV95cUxOWEpVRldFYjRlenBGZkZVY19NakJ2dkFlR2hOU1k2ZmZBdXY1UVNGaEFXbmppQ0xtTjhGOGw4UUI3Rmx2blNLR250Q0V4X01YSzIwdGdoblUxTmVBcllYZ0FKejB4UTlFSmhKOXp4cGExMmZsMTRCYUl3ZWVUQVdLLWJRd0JQaTBENG5lYU9ZS2FWY0daZU13ZWdza1NlNXE1Z1EydEIwdm5pQmxXTXBxckNjZmpsbmdMN2Nv?oc=5
2026-09-08 13:01:03,META,Meta: Such An Opportunity May Take Years To Happen Again (NASDAQ:META),Seeking Alpha,https://news.google.com/rss/articles/CBMinAFBVV95cUxPSkdHOE9oblVzSFg3Nm02bXVQTjVnV3p6U0h3eTFJTmRIUlNVbjJqMkttMFNlLWxjTENaVk4yUmlBRVVHZEtoZWxoWW5oRGUxMU11emJoR01UQXY2dVFkWC1fWHFYb1JNWUJYLTVwTEZwQl9NUElmOHktZDNxMWNoZkFfQVJDTndwR1lsQ3dGUlpfUEFwVXJ4dGdZNUU?oc=5
2026-09-08 11:36:54,META,Australia plans algorithm opt-out choice for social media users (META:NASDAQ),Seeking Alpha,https://news.google.com/rss/articles/CBMiowFBVV95cUxOUERkVHJ2cUxwR21rQnc1bkJPRUY4VUZqWWtNZHltbGZFTzVjUGNtY1BrVGRKS0ozVVN1VEdTNS1uYkFadTBWWUJjOS1tTHliZGNuZWpPWU9NU29wWDVBM20zUkx2X2lRZjB0Q3ZQQU1Ta1pUTkJ0RklMc3ZNY3RfOHUzV0RMbHpmVXZpMUVSeFBiRjBrWmhtVTdhVUVzcGM3TFI0?oc=5
2026-09-08 11:34:34,META,Meta Platforms (META) Stock: Analysts Project 32% Rally on AI Chip Developments,blockonomi.com,https://news.google.com/rss/articles/CBMioAFBVV95cUxQS2RhbUVzcFdxSjlwME1PbGtaVTIxZU1XaGhNVHpfNkFCZ19JdTRWTnNFcElRejlCcGhnQ2VoN3NENXM0R3VFcVNlRDBGaWJma2kyRU1mY29ZSWdyZ1NEZkhxVG11eGZmcXhoV0dTWl84Q2NTQUhBdUFZQjZNVGlRd08yZFpfR0Y5S2lOUkZlNFpuaXRqOElkU1cxU1RwMUNq?oc=5
2026-09-08 11:24:25,META,How Investors Are Reacting To Meta Stock After Lawsuit Settlement,simplywall.st,https://news.google.com/rss/articles/CBMiygFBVV95cUxObVJ0WmplMlJxd1hhVXY0dUNYZzNmMFFEV0JqMkk2b25oeWljX21fSExWT0xqQ2NfM2dTaEw2M2VYa0daaDlpNXI3b0JqNFlWay1JX2dIb09IUFZkQUZaMlhYUkhJdzZad3hTdTJ4MVBJSzNpdTJaQ0tCX3JRSHJxUTM1cEFtNEk3T0hRZ2xOYVdGQTVSaWZ1Mm5UR1R1N3l4ME40Vjl2MFFJR3dXc21GWkJZaS1kR1gyREExc0tiMUNlLUtqQ1N1Z2l30gHPAUFVX3lxTFBSZUtMVTVFb205Tmx3Vy1LNkZybTktekFwMGxwbXR1TzlQTU5Ga3hJVU9kWkVRblNneU1uQzBiVUlwcEt0N3lKUG84Zl9ybTlpU1dCdVYyRlpBNmJuVHlKTzl2bHVXdmtveVg0SGt2a1lOSU5IUVhhb2VvUWlNVmg5VGNBYzlhc1E0aDB0YjJYc0x5MTZaelVqVzgyZ0x5N2hGcWd3Q1J2OHNpcFZ5TTVnbjlubUFaMUE2amY5bnE3eWFLWmQ1dTZELXNZS28yQQ?oc=5
2026-09-08 11:15:00,META,"Alphabet vs. Meta Platforms: Which ""Magnificent Seven"" Titan Has More Room to Run in September?",The Motley Fool,https://news.google.com/rss/articles/CBMimAFBVV95cUxQNlhWQXhOQ0RFX095RjNYSkVBOUpNeE5veW9HVXd0cjFzelZibUVTcllwSW1Ccm01SGxYYTI5a0oyWG1tSXpGY0c3Ym1zWmZEQV9FekRfY3FHamNDQ05TUkV1bkhSWmpQcTZFS2g1QVJ3WEFEbFctSVk2dGVaLTF5Wmt6eG04M0dEaWJINHBwZmtfVlpJb3c1MA?oc=5
2026-09-08 10:54:26,META,"Meta Platforms, Inc. stock Analysis: 200-EMA Resistance in Focus",The Cryptonomist,https://news.google.com/rss/articles/CBMirgFBVV95cUxNaEJVd01fc2ZYdVFQc0N6UkpnTFhyRFBQcXJOVDlPVXVRUl9ITGlFWThXRG5KUGVVdmFkaVVNTjV3TW55c0pqX3hXQlRWT3JrUFhqSUljVi10S3VjOHpwTjdyNXI3QXZUSWsyR18wbXU1SW1hbl9LVEJ5UEQwRmIzbWlJWXBtV2MyNWxTQkg0ZlIxRUVaMi1iUjZyZDNwM1g2M2lsTmpjMjhsdXdLdHc?oc=5
2026-09-08 10:35:50,META,"Alphabet vs. Meta Platforms: Which ""Magnificent Seven"" Titan Has More Room to Run in September?",theglobeandmail.com,https://news.google.com/rss/articles/CBMiiAJBVV95cUxNWm1Dc2pzRmR5T3B5UXZ4VHgtQ1ZkaWR6Nk1FWUdPZzFxYnI3eEdONGJHVVhfRmQtQmVOVi1HVTdBaTlBaUFGQzgzSUFOMHBPdktvWVJsbnVaQkJnTzRHV1dHYWM2TFA4dW1uY3RMTi10enNjbHduaS1nMVBMNUJmRzJvOFo2TFBxMHJFM0J5RVRTejZKbk1ja0tpRkVnYlQwd2tselNPbUZLUlRyR2Q0QUFJdm9HcHFWZWVNVmkxcmwzM05EelhYTzE3RWYxNXhYZVd6cTNxX01UcVRwbGltNVhNbGJCUHA1bF9TRGZ0N3FlbWMxOVMybkpnSjM1ZTMxbnpuX2xXZm0?oc=5
2026-09-08 10:35:00,META,"Alphabet vs. Meta Platforms: Which ""Magnificent Seven"" Titan Has More Room to Run in September?",AOL.com,https://news.google.com/rss/articles/CBMiigFBVV95cUxOSVFOT1FFM2ViNkUyNjF2QjllTW0zRTVqNkx0ak1SdkdIMzBvZ3c4Q3M5dGh6eUxuUExvSmRrbjlBMDJZZU8tNWk1T2lhanVXV1dieXFhY0dvdDg5enExdHpBYVVDXzBEanE0eE85My1sU05YOFBFcy02RFBxcTN4cmt6UWRwYm5TbEE?oc=5
2026-09-08 10:06:00,META,"Nvidia, Palantir, and Meta Platforms Are Rattling Wall Street With This $18.6 Billion Warning",The Motley Fool,https://news.google.com/rss/articles/CBMiugFBVV95cUxQU2tVamYzNnlWcEcwcFIwa21nSWVYTkd2alBQbTBHYU9PNmx6Y2RSN0V4dFh4cHdMZWdWRXJjYUFlZkxYZGJPeldjcjZxX0UzZW5RMUdEMUFTZTVka0lpX3BtRzI2bEtWdlhQck1wMmlwcl9NeUtBQ1FIc3FRQUwtSWdwM0dycFRLUXlyR0dzS3dQemFUQWNVMmNkRHBLamwxTTROeVVtdzZubGk1czN4TkFGWjJTdHVPMkE?oc=5
2026-09-08 09:09:53,META,Meta stock jumps 4% after Muse Spark 1.3: why BofA still sees 32% upside,Invezz,https://news.google.com/rss/articles/CBMivgFBVV95cUxOV29RQWRCT2hQSktXaC1scExEd3Ffam1WdE1WTlRUSlZKWS02dGY5TUtNVXc0ck9CZmhsd0dGd3Itc0dTcmduSENLVmRuMTR3VENDMlRwVGtXMXFDOW5ib3c0VzNuU2ctdnNOajNzbDhhc0hfTWo4Nl9iMldRS3FiT2VFOVVBVDZuSFNzM1Y4eVRnemk3M1A2c1hXZzRZMGQ0M1RDLTBNcEVqQU41c0NmZzBOZ0lfOHhXZnZuMnF3?oc=5
2026-09-08 08:45:47,META,Meta stock jumps 4% after Muse Spark 1.3: why BofA still sees 32% upside,Invezz,https://news.google.com/rss/articles/CBMiggFBVV95cUxOMXpIbVU3R0dMWkM3c0dsa0hBMlBvTDRWV3hxNnlia2pCSERFZGl3aUlEU2NhV091Nzl3TDJKTFVkZGt5eUxXczM3WDJzQXc4RjZGcWU1WlNEbk5jTHlUekdGMDBLRFRHbnpGM0Z5bjJSbE5vc3NZa3VPSjJOdmZWYU5R?oc=5
2026-09-08 08:41:22,META,Meta Platforms Stock Jumps on Wednesday – Here’s What’s Driving Optimism,TipRanks,https://news.google.com/rss/articles/CBMinwFBVV95cUxPQzRMeFU2M3JTNHE4cjFCMzZwTTBVU2xyeGZINFZOODROTTB1MnBGVk5PX0xScmtYa3hxSlNIbkhVRjRubEE2SEotOXR6TnhoTDBEUVRmblhXTEMtOEJpbzRJTFpuejQ0MjJTcG5jdHF3bVQzUzc1T2g1SXhxQU1rWFJFQnlhbUl1UTN1MENhVXpEOHNnaWZKUE1scGtOS0E?oc=5
2026-09-08 05:17:30,META,Meta Platforms remains a buy as revenue and use...,Pluang,https://news.google.com/rss/articles/CBMihAFBVV95cUxOYlAtdjhVMzBwSEpYNkFseEkyaTF6eVdNd1F2UkprOURZLTFuNkF2OXJvUmdiNUpFd2JMR01MQmRhbkZxRUVFak9WZHFmQXlCZWVBclZVM3BuZlFHWnhJbWdIWlRvNGhPSXZyQnZveDNHTFViMVVWVVNLUjhicmhiMHZHLXk?oc=5
2026-09-08 05:06:28,META,Meta Platforms stock heads into the open after a 1.0 percent gain.,AD HOC NEWS,https://news.google.com/rss/articles/CBMixwFBVV95cUxOcHVZc1VUb1N5dDRxZ09xZkh2ZHNNQ1pOb0Z5WldleVl2ZFVYNGwzZWd3YUtRMWJBZHRpcUxpbF9UYUdXTGlHNGRFUGVNYlEtWEFqYllVNzh3S1I5b05vVnVTRHUtQU05UVJMUmxsQ0lhR3hmZWdXc1oxY1ZBU0dTaVlGRXhFZmtWY3dfMXQ5NXNqRWJWMkg1ei0yeXpQazVjRVVqakdCSHFLZlV4eFJISFEwdzJxeDBzM1ZTX3cyZ2twa2padWs4?oc=5
2026-09-08 04:58:08,META,Meta Platforms Is Too Attractive To Ignore (NASDAQ:META),Seeking Alpha,https://news.google.com/rss/articles/CBMiiwFBVV95cUxPV0luQmRpSE5GTzZmY1E3dGpMcHJlUkZFS1RBV0lrQ3NPRGdPcVp3R204SmNKY0lXMGdpMWFCV0ctR1pDLXF0alBGN0YxLXFPVmtJbEIwaTFWYnBwVVQ3U19BQVY0Yk1xaWlzT0ZFekNfMldEczZfbEl0cGZXUkFSaUZ1Sjk0cTRPYlJF?oc=5
2026-09-07 23:01:00,META,"Broadcom Inks Pact With Meta, Leads 21 Top Performers Onto Best Stock Watchlists",Investor's Business Daily,https://news.google.com/rss/articles/CBMisAFBVV95cUxNdXdJYzd3YUxoVEt3VklxcW9JSEUwa1Rfc3RkNE1fSjAtVTRUdkxZMWQ1MmczLWZSQlY3djhMellaakRUVUZtN3pYODZLdW55N1FwWTdMWW5KX0Z2OW9pX3RiSTFRYjgtblg3ZjJ0MndaNTlnbThMb0dWRTRYYnp3UFQ0VkVVLVBNUUhVcjNGdDlydkxTUl84OFYtZFAyU2xTMEFGVlY1Q1BuQ3JYYU1Tcw?oc=5
2026-09-07 20:31:46,META,Jim Cramer Says Meta (META) is “At the Price” After Settlement Eases Major Legal Overhang,Yahoo Finance,https://news.google.com/rss/articles/CBMilAFBVV95cUxNdUFSZjVXeUU2MEtqRXIyaThKaVgwbXhXdmRTMnlrMjhpVmZwVDE5Q1NKUDZYZG9SV3NXZHJyczNUZlpVbWNXb3BpUmVlS3JVMmhwdE12MGZ5cjl5NWNFZXJpMXlTMlhMNGdVTWZySkp6enJQT2FoTmNxcnFCX055VWxHVkVTSjFRaGl5Q2hhZHh6TUFC?oc=5
2026-09-07 20:28:00,META,Meta Stock Jumps As AI Battle Heats Up. Zuckerberg Says Cloud Business 'Make Sense.',Investor's Business Daily,https://news.google.com/rss/articles/CBMiswFBVV95cUxNZlpKS1V0aXFSaXM0MUN3ZzN4eXNaaFpyUU9QbldRZjdzQ09xTkZaWHlDZzFfMmNpYmRXWmdhTG9oU2dIOExaYmFwblJ5TVkxWXdvTWIxMS1BVFNTUVllWFhDcUNzUS1oRkJuc2E3cUltWlg3V0JaeVp4OWJYTm5TWkpJcmpvTTJWVmpScVV2NHpoZnJmamJtYnBXWnJHOWJQRUdkSnoxNnUzTmpnLVljbzhkdw?oc=5
2026-09-07 19:09:52,META,NBIS Stock Down About 30% From Peak Amid Meta AI Cloud Threat — But Retail Still Believes In Neocloud Opportunity,Stocktwits,https://news.google.com/rss/articles/CBMihAJBVV95cUxQVnV5RFdJUHRjcXM2Nko1RkFPc3JTRklsTHBDcklaOGxrSkZRdm81Z3hUTE1WX0QzcjE5TUFNTDBPMGpSeXBwM2Z4b0ZkS3ZpMjJFQ1FxbDZzZWxXdVpVRkJFaTRUcGxCdVF6S014YzJ1cDN0X2FnS2ZicG1VU19wUzZnY1h0ZXNmS0lpOVlURkJVUUl4SHVBMDJiLWdQVjU3VHY0VzZlSUY4X09QaGJqLU9XR0hVdnRoTkNXOTB6M05rLWZqWENlTVRfQW15MXJjTEhnUU5pbzBRbGd1ZmstUnhUaUVvOWI1Y0FSX0dwR2ZEN2R3cWZWdnNKUTYzZjVNczlXeA?oc=5
2026-09-07 18:51:14,META,"META Stock Rout Deepens Overnight On Capex Woes — Analysts, Retail Bulls Still Back Mag 7’s Cheapest AI Bet",Stocktwits,https://news.google.com/rss/articles/CBMiygFBVV95cUxNVlRnSW1BSlFEVFl4bk5KYmVBS2g4dGpiRW1kcEgyejJhSjkyNHJWd2dpNHRDby1ZTHVuMlM5YU1hci1IME13Ym10RjFGcE5rTkpNYXdKTWdFZm9POTV4cENHcHpsN3FqOFVFYU1SMWZnTXlzdlhiRkhHeVVzeEpMSy1CeTNGbHYxS3pwUWQ1SEdWbzI1ZkQwXzF4WHpaWUdqTWUtcEFiRUp6ZkxnVks4ZlZhX1dJSHRTcFJDclEtRUlyOWhkdG80czJB?oc=5
2026-09-07 16:44:13,META,META Price Prediction: $640 or Bust — The Recovery Trade Has One Chance to Prove Itself,blockchain.news,https://news.google.com/rss/articles/CBMilAFBVV95cUxOMjgybDhrTjNCNTh5VzY0VUJ4S3JEb1NvUzVkVjM3Mk5LeTRRcVJ0YUx0T01DT2dVTVJXR21QV2lmNVgyZG4wNnJVZG9sZXlKVHNtNTB2bXlaNEZ0Q0lkUUNpNWxCUmtyTVZ1QzMyRk1XX0lmTzcwTVJGTnFZUEk1N0ZxdUtJc3VEU2ZxM0llZnF4VWFM?oc=5
2026-09-07 16:42:08,META,"Amazon or Meta: Both Hyperscaler Stocks Are Reasonably Priced, but Only One Is a Buy, Says Investor",TipRanks,https://news.google.com/rss/articles/CBMizwFBVV95cUxPN1ZnMHZFSWIyR09kaG5weUVmSkItcWUwNnJ6LVgyRkdzY0NMeWY5Q2xRQnplcC00elZDX2RNakhBaVVuOUNKVEpDTzM0emh1Q1VXS3NLNTYzNTdScnhlcFBrNHJzUVF2RmV0dHBOYWR0NlV6eWt0N2pOUWVIdk0xMGlmZ3VoNlNHSS1LaWlOMXMwRzVDWTNZRUJuWlVycmJtQUhpU01UTnprbnlDcnVJeTBJMFlCWEE4SFhkRVdhQjc0eGlaZENPa21fLU5RdXc?oc=5
2026-09-07 16:39:35,META,Baird lowers Meta Platforms price target to $750,scanx.trade,https://news.google.com/rss/articles/CBMisAFBVV95cUxNYm1RSnl2bUFTcVFPcURXRWlLcGxmcEhuVUpwQ3pqQlg5Z21vZTRNTW9ta21aRWZ3c2tZaFp1LUl6cHZaVFBMNzZmd29FLUtGaTZmLWxVeFFGbzVBM0RNX0k4d3ZuZFpnWVp0UzNjNWR6eFV2ZjZLWjN6Rmc1NDVERmk3ZUJydnp5V25rUFNuSi1Pam9pQTUxYXR2T2lZWFI0aVBKYW5NSUw0WVFlM20tRQ?oc=5
2026-09-07 15:59:47,META,META Stock Jumps To Best Day In Nearly A Month — Meta Platforms Unveils Most Powerful AI Model To Compete With AI Rivals,Stocktwits,https://news.google.com/rss/articles/CBMirgFBVV95cUxQQUlPZ2wzenJJTjFLQ1gxd2FyalF5WUVkN3pzdnJSMHF3aHBySUg3RHZHX25rbkdDM3dIT1lqaUI3b205RE9JcEJuV2VUd2l4Y1pOZDh3ZkpuQVdNV2dKUkp1akYzbzktSFZWdEhDSXNjZm1OR0RFcm0waFdhcXIxQzRlS2ZCb0lDS0lOaFB6REc4SldPdFFLUHdqZGJKNS1GUFNmTVVWVV94QnQtd1E?oc=5
2026-09-07 14:07:30,META,Can consumer protection settlement lift Meta stock?,tradersunion.com,https://news.google.com/rss/articles/CBMiiwFBVV95cUxQXzFPT2JJRmcxN1FEOWY5bDc5aFBvTkowY1NxanVuZHdmcUNmaXRhel9RdE1vcDJ2WmYtaTJjZThyeUQ5WmJUWWxMNzl6Q1d1ZV9ZbkZJdVRlWFE3YnFNenNhbE9rMm94RUtZR01SNjF2ckk1dWE1TlJ3cDBGd1VaQXowWkUzNE5jSTFZ?oc=5
2026-09-07 14:01:45,META,Meta Platforms stock slips as investors weigh earnings and capex,AD HOC NEWS,https://news.google.com/rss/articles/CBMixgFBVV95cUxQSEVnS2k1TUVENWJiUjNiWnY3TXJ1SFJRdVJROGZ3THVSMldCS0g2WmVwLTlBeXZpenZ2UjRzUkNTcEZ3Qms3QXQ3U3ZPY2E3M2RxczBfNGRhQTgwQ2hXRlR1VmtOX1hab2ctakFjSXhTdDRNOEczQ0tpbERWWEw2NEdSajFmaEM2bGxlU2pJZmFaWU1wcjc3X2JZc3ZnZlZLSDlyRndEVlFOXzdNSjViak82UkVUSEFlbkwtYVozcGJyMm5pYXc?oc=5
2026-09-07 13:14:39,META,Meta Is Underperforming Every Trillion-Dollar Stock but Tesla. This Trade Pays You While Wall Street Waits It Out.,Barchart.com,https://news.google.com/rss/articles/CBMi7AFBVV95cUxOSWNGLTIxaXR3TmZHem5lZTNtUWJhaDNaX2hJQnpQNlNHR1FuS3N3VnQ1dHZFQ3ZRWHNCTkZSd2c3Z3RSMFc3YUlBeHpEX0RPNV9IWmI5MXRSVWZveWltSjBUT3BidThETE91Mnpubzh6aHBxeU82NG0wNm42RHRFMU55VXF4ZFVRNFkxZjVsWFNPOXRiMXRsbFl2ZTlYQTJlYjl6TEtwbVZnXzhBTlJjUFNHckVNcHdRR29zVWFETU5ybExCZEQ4aWFaT0NZamtBdEF5Mk03R0JMOU45N1A1ZGJLT1dYU2VJU0VXRw?oc=5
2026-09-07 13:14:39,META,Meta Is Underperforming Every Trillion-Dollar Stock but Tesla. This Trade Pays You While Wall Street Waits It Out.,Yahoo Finance,https://news.google.com/rss/articles/CBMirAFBVV95cUxQNHVqdjFWNnV5SXZHV3Z6RzJxNnhLTnJjTERfb2czMGY1V2xPV2Y2LXdnbWtvczl3NGFtbE41WUI1bGlsQVlBUWZkcF91b0VLdmY4MjA0UW9Hd0RRWlk0NjMtejVhQjVYZlczdFI3M1B1Q2dKSjE2T1pkc05lNmJnb3R5YlhuRUp0aTM0anNFOVV4VkFMaWpaa2xLa2h6aTgxZmh1ZmVrU2tIdmxX?oc=5
2026-09-07 13:00:05,META,"Here is What to Know Beyond Why Meta Platforms, Inc. (META) is a Trending Stock",Yahoo Finance,https://news.google.com/rss/articles/CBMimwFBVV95cUxNR05lS0ZUVERuRTlKZHFUSmVWdTFzYXp3Z1ZZZGFOUzhJLWRfQjlYSDBmMDIzQnMtdUpaTGxRX3dpRjhoUEc0aWFzSWFKWXdtQ29FUi1udFR4UVdwMmc5Q3hxaU1Fb191ckJPdkJOWXBPSE9mODY2US1QNG1mVTJRWTQxZl9ySTNPR1dCNllXOVhSZ2JSeHZhWkNpYw?oc=5
2026-09-07 12:55:21,META,"AAPL, META, ORCL: 3 Tech Stocks to Buy Ahead of September Catalysts, According to Analysts",TipRanks,https://news.google.com/rss/articles/CBMitwFBVV95cUxNUm5iU2t0ZWNPQUFNRUY0RWtKRllYYkxGTkQtN1JVdVo0SmU0b1lTUTJ6RzdJc2tCS283ZklYOUtoWV8wYVNCZ2VSSHJfVWx4eWxUUlpUZy1LVEk3UXRkR3NoTlpRbE5MaV9QX0VyM1drbldhamN3aUEzOGYtZVFDRVl3WlJOOXNSZWE0dHJnOGl2a1VzMUJqVzRpZHcwZDZ4WXpLM18tXzg4OEtYcTJwY1MwSWd2Uk0?oc=5
2026-09-07 11:43:42,META,Analyzing My Investment Universe Amidst Frothy Conditions (NASDAQ:META),Seeking Alpha,https://news.google.com/rss/articles/CBMi0AFBVV95cUxPMXVOT0loaC0wcExqb3d5dlZfdzdxTFJ0YmVJZ2h0eVV0QjY4UzRvam1SOVVNbXlCejdvZVIzUEdtcGdqZ1lidy1PU2RzSHZhaXhqZzN4aDM4cXZVajFoRF9sekhNVHp2UHY0eUprSzBXTkJwZnp2TGtISTRxWjRhcThLamZ1Ylo3WnpQRHNtMTZhYjVvcGdSZVJCc3I2SUhnZjQ4U0RqT2NDRzI4YWFEb05SVWN3NWs5VTRXTGwzWXE0S2Ficlczc1lVNHIzajdW?oc=5
2026-09-07 11:12:32,META,"META Stock Still Trails Mag 7 Peers Even After New Subscriptions, Layoffs, Cloud Plans — Retail Sniffs Buying Opportunity",Stocktwits,https://news.google.com/rss/articles/CBMijgJBVV95cUxOOG1QRlJsYnE4RTEzY1dnMkFnUHdCZ1FOQTFKQ2RKbm00anBncGREWEFPR0JlWVRUbWUwS0NfNk9WYy1JOHJZYWJaZ0JYMG9uWlhaVjVkOU1LWWpyT29PeXJKSERnUDg4OWJGVVJ3UnQ5cW04WUVLcWU4Zm5Ub2thYy1ETjdjNW5JT05mVmdTNXlwZWlqNzYtR2hLMi1lRzQ3a01wVW5TclBaLUQxZXg4Q0E2X1ZJUUktMVlHNHB1XzBoa0UwdzYyRHQyeDJRYTdLOXBaMlQ3aXVsRDJqRWRteUlDYXNXT3A2bmlrY0NsY2RoWDRwaU9kTjhZTDNxZlZTcGlFOGZXOW1DZEt5ekE?oc=5
2026-09-07 10:51:00,META,"Meta Platforms Tokenized Stock (Hyperliquid) Price (META/USD) Today | Live Price, Market Cap & Chart",Binance,https://news.google.com/rss/articles/CBMigAFBVV95cUxNcmhINmdDTEc3Q1picjE3dWpWY3JudkhBSkpjU1d4UXh1Y3V4UnZjbnN0RnhDVFd5NEE1eU1pYWUzbHRBbDJGSWVLbWxrQXVaTVc1ME90YlFTX1VYOThlZi1OYUhTdmxsdDZFN3Nwa285MkFHVnpWOGdCeU5QV0NIVQ?oc=5
2026-09-07 09:55:10,META,"Jensen Huang Praises Meta, Says ‘Nobody Uses AI Better’ – META Stock Rebounds In Premarket",Stocktwits,https://news.google.com/rss/articles/CBMi4wFBVV95cUxNblJucXk0WHloa1dFT0p0clZrd1pZNHVzSmVEU0l5anNqRnYzOFhxR3lOZzBKSTNyOXlfWXJzZ1ctU29PblNDeGtvUDJTY3lJY2EtOGhtc3FQSlFENFY1QVlnLVNIX3U1R0I5R25Fbi1rNGdKZG1oTGRuVHJ6aWFqbDBuUXBnQ3hiTjZGdmNIZnFDZFFUN3FFeHZNZ19hZE1iZ0JmMHlSLTRWdVpBMU01ZFFmUWdOSVlNWllDWTBiQTZOSGh5MWpnNFJrVml0cmNGSWhGNmVlYXZDcDVQSkhEZFp3VQ?oc=5
2026-09-07 06:49:33,META,CRWV Stock Reverses Gains After Expanded $21B Deal With Meta — All You Need To Know,Stocktwits,https://news.google.com/rss/articles/CBMipAFBVV95cUxQNnFjVnZ2cXctUFRHT2U4RVAyUURJdk5OUkM3aGtTMllmWk5LODV3RnRGSFVIWnRwNTB1TDNENFg4QVNiVTBiS3hvVi0tbm9IVUw2RnNmbDQ1OVpQblNrbnZaV2VENkpnVkw5VUJaa05QTl9oR2o2eFhLOXlHYkszUm5Pd0g4M2FwWGF5Zm14UWRWQ1Z2cUZhMHRNQTBJelllRHU4Rw?oc=5
2026-09-07 05:15:00,META,Letters: Letlow’s Meta stock purchase deserves scrutiny,NOLA.com,https://news.google.com/rss/articles/CBMiuAFBVV95cUxOQl9pbDhtZjBYcEIwRERTOHZUeUJDUEVlM3I5MTB1VW10clEtTUZhZElLSE9rNExlTGYwRVlrMWxmcjBDaHg3YjlPb3BVbTJIU1BiY0tEWnVxYUFpeEJSUWpxcXB2VFJMNWlmcUhCZFFTQV90VEMxVjhaUWNwWVJaMlUycjl5cG8zaGVQbTBVYlQ4S2RiQ3pnS2hEOUh1Y0RpS19JLTRnSFJQUFowWDFoMTVsMGFoS09x0gG4AUFVX3lxTE5CX2lsOG1mMFhwQjBERFM4dlR5QkNQRWUzcjkxMHVVbXRyUS1NRmFkSUtIT2s0TGVMZjBFWWsxbGZyMENoeDdiOU9vcFVtMkhTUGJjS0RadXFhQWl4QlJRanFxcHZUUkw1aWZxSEJkUVNBX3RUQzFWOFpRY3BZUloyVTJyOXlwbzNoZVBtMFViVDhLZGJDemdLaEQ5SHVjRGlLX0ktNGdIUlBQWjBYMWgxNWwwYWhLT3E?oc=5
2026-09-07 05:15:00,META,Letters: Letlow’s Meta stock purchase deserves scrutiny,NOLA.com,https://news.google.com/rss/articles/CBMiswFBVV95cUxOelVWWGs0S0YxaW9lRk5pQy1OMEZtMzVSTVQ0WUxrSlRPS0VNa2VmYmhzOHpfV1ZDUEw5VzBsNE12c1JFVHFjRElmOV9PQ3U2X3gtU3JGVDI5NjJJbFpwZmdvMDd2czlydzZrdzhpUE9feHdLT3hIWWJUdXVUbTNTX3BaVDV5RmFnbjQza3dxUHUtRUFrRFVrX3N4MUpBZkhsYTVJbGZsc0tET1BiMzZ1NWZlVdIBuAFBVV95cUxOQl9pbDhtZjBYcEIwRERTOHZUeUJDUEVlM3I5MTB1VW10clEtTUZhZElLSE9rNExlTGYwRVlrMWxmcjBDaHg3YjlPb3BVbTJIU1BiY0tEWnVxYUFpeEJSUWpxcXB2VFJMNWlmcUhCZFFTQV90VEMxVjhaUWNwWVJaMlUycjl5cG8zaGVQbTBVYlQ4S2RiQ3pnS2hEOUh1Y0RpS19JLTRnSFJQUFowWDFoMTVsMGFoS09x?oc=5
2026-09-07 05:11:35,META,Teen-safety settlement is Meta’s move to hurt competitors,Gulf Today,https://news.google.com/rss/articles/CBMiogFBVV95cUxNLWhpMGpBcDFoZ0xISXNDN1hnWUZLNkdIV3BtbG5GS2RvbnI5TzUyMUpRalNjNjJjakl3cTJzUFVXbjdCdlJsbkFWZ013SUhMQXg0SmJZTU9MNzBuREdXcVpmSWFWZ0pmTER5eERPRmx6Z09DMllYUVNDR0RNU3BSVXNtQ3NudXR6cEw3eVJhdDYzRVRDeFNzSmI3NjVBUWlQOXc?oc=5
2026-09-07 05:09:36,META,Meta Platforms stock heads into the open after a 1.0% Nasdaq gain,AD HOC NEWS,https://news.google.com/rss/articles/CBMi0AFBVV95cUxPZU9SbXhZVllISl9CdEV0dVdMS09ORERyQWlENkRfYmE4Wm1KTldPX2szRTI4U3hGWkd0ZW9rb1JVVDE5ay1EYjRBRHF5U25Wbi1wMWF6b2RYU1gtamc5ck5UWEMxemMtUXlmbi1vMWgxUmxkYkhiWVRyNG1CZUJUYmpoLVlYekZBaTFFRmhMNnlKakRoYklpWUx5M01INnZzNEJobVlXazVnZ0xnZHhFN2JIc0hwaUxaQW5SLTVNWUNsMXJteUVBQzlKVGR2ZllZ?oc=5
2026-09-07 05:09:25,META,Meta's New AI Can Turn Instagram Photos Into Deepfakes. Most Public Users Are Included Unless They Opt Out.,International Business Times,https://news.google.com/rss/articles/CBMixgFBVV95cUxOR2p2RmoyYk5OR2tpNDUyVy1haDZYbjFXWFUxQkJtMGJJZXVlTlBpcjNCX0FvWGJocUtTV0dWSmc0TUI0dU5scGhpM2lxbkN5R0k4YXphUm54bV84NUJ1Rk9Sb2ZaOFRtNzY2UjFabEVodmhlcDhpOFE3eEFMajNELWkzQnl0dzlPam5ZTmJUZVVqNFRYNkdiZkZsMDBLUmk4OTloSnhpOGtQTUFKVmtmeVprdUlWVTg1MWNHWV94OGZYN2NsWXc?oc=5
2026-09-07 03:56:16,META,"Goldman Says Capital-Heavy Stocks Are Winning As AMZN, ORCL, MSFT, META Gear Up For $1.5 Trillion AI Spending Wave: Report",Stocktwits,https://news.google.com/rss/articles/CBMi1gFBVV95cUxPZWxZa1JjNjVscklfUm1jUWZJb3dCWEFMMEROTTlZazNmZE8yeG1ZNUlaTlVFQ0dqRGp3UUdyY3ZFSWZTTTZncllpNVlwdU0taWxCRndYc3lPVC1rY3k4QWdKc2p5Q3RYWjBRT0I1VW85OVFYVkl0QWpyZ3cyUWx4LXA4by1jNzRvYUNCUVhZb0xtOS1kTzhON1JCR2xjN3pCRmV6QWRZR0pTd0luanlOVVkyMzZfVkoyTkFwNFNqV0l0QUNnVGhrRXc0cUx3cTFaRUVMWlN3?oc=5
2026-09-07 03:37:44,META,Meta Stock Slips Premarket: $2.5B Manus Deal Is Reportedly Off After Beijing Roadblock,Stocktwits,https://news.google.com/rss/articles/CBMi4wFBVV95cUxQeEhfcHR5ZHg1VlJoYi10Z0tFbGZnUEo3WldoZzFlQW9XbEo2Q0IxUHgyZTFnblNOWlV2ZjJCVjRXNUlqbVNqNnFYdlhmcVFjcDdSbFQtNVhpSWRBV04tdWs5ZXJNRXRCWEl5SHRYaEJ0bThTVG02WVZNeWYyZTdkZ3l5cC1ZczhxcnVQc1dwal8yLXIwSVVhUFlVcUd6UXNzOXk4V1g4N01hOURkYlZ1MW0yd2pLMHp6d2c0OGtsbHMwWDYzY3FJdlphTVR1U0p2QzY0a3NEaFZ0Yy1yWDVBMzE3MA?oc=5
2026-09-07 02:24:59,META,"Meta Wolf’s Lubanco Pte. Ltd., closely associated with supervisory board member Thomas Wolf, buys shares worth EUR 15,439",Bitget,https://news.google.com/rss/articles/CBMiY0FVX3lxTFA4Rmw0V1RINHpHRTUyMHVQQm1UQXhMd3RNMlp3eWh0Q1VrbG5pUUlqSXpDekVkOEg1M3p5Ujhpc1ViR0Jkc2FpcVFDTk9BXzlpeC1KcXVITE5yZ040eDczT3NoVdIBY0FVX3lxTFA4Rmw0V1RINHpHRTUyMHVQQm1UQXhMd3RNMlp3eWh0Q1VrbG5pUUlqSXpDekVkOEg1M3p5Ujhpc1ViR0Jkc2FpcVFDTk9BXzlpeC1KcXVITE5yZ040eDczT3NoVQ?oc=5
2026-09-07 01:50:38,META,Meta Platforms And 2 Other Founder Led Stocks To Own,simplywall.st,https://news.google.com/rss/articles/CBMivwFBVV95cUxQcGFCVUpabkwtUm9DeF9KLTJxak12cmRMX1o1am9ZYkNxVkd0RXM5VFYxa0NCMi1KWElXZ1pnSDlhNkNuMUpQUkpRdzY1dVRKdVhwTXMzVnpOeG8wUG5kMEhCR0xRUDMzUlQ3cUtTd0ZBcFFkdXR0VDR3ZlpqRGVTa2pZT3VjY2lXdVdWRWdYWXJkdHc0QjliNmdpd3JJWDdmczh6R0doSjFGQ3UyVjlHV3pwVWlDakVqc2dhWnlpY9IBxAFBVV95cUxObUFyY3RhbzBlZVZIUkZuWGNwM2pnSlA3MDlVVFV4MGtjVVJCcTFxLVZLRWVyRFNWbzZERWE4MnY4TFB6QVRGOUM3OGtnbXRNQmEtTG91TTRUZlk2VG9XOXBCalBUSTg2UTY0SUN3dmp5Z2lkbUZiZlZCS0c4TDV5Sl9pcWh4UmNQREttNDZsaHd6eVpjbUdsYVB0WVo5cDhULTRiQTZOaFNRRDBzak5BM0o5TEJaSTlPbkxrWXVwUzctQ0Yt?oc=5
2026-09-06 23:31:24,META,META Stock Rises Premarket As Meta Reportedly Plans 10% Job Cuts This Week,Stocktwits,https://news.google.com/rss/articles/CBMi0wFBVV95cUxQU0xaa09NdFl5QVAyWGdNQnB2M2plMXpQRGh4MVYxWmxWNVhaWnFLWFI5N2Exck1HUkpuNkVBaTJ1anBsbHQ5ZGJMZkRxRjFMdVBIV2o0cVZkU3VKamJsanpsLWtNNlRMckdCT0FfanV3eUJuQUxjSDJ2TU9HM2VtZ2szbUlkSkRrbDFxc2xlN0pPRlNpM2ZieHQtWTdNa29RMTBMUlNzVElmQXZmY1JKTURudVNYZmR2MTd2ZUZESWY5R2Q4dExXS0pFTVNLcE15c09n?oc=5
2026-09-06 22:32:22,META,Teen-safety settlement is Meta’s shrewd move to hurt competitors,Qatar Tribune,https://news.google.com/rss/articles/CBMitwFBVV95cUxQcnBBUldXTWZNOUJXai1UNHF3dWgweW0tVEZoNVdWdG5mNkF5Y1R3STFJUGo1X3UtcDlfQ01YcTFVVXBPbGNFN085RnFLSS1lajRNdld5S2J3UG5BUzNZWG9STUNDNC0tNWx5SmhjRnRMY0hKZENhcnpCaTl6Vk5RaV9RREVibkIwaFlyME5uQlhPcmFUVzlqYlhzUGtQSzhFNHA4aDNudkpTNWp3eGlkdjBaM3FFdVnSAbwBQVVfeXFMTzdEMXpJb1Foc1ZlRG9Dc0NhemJnOFRKcHhKeVhoUjQ0ZHBwREhQUTFjd1N5TkNlbS1kejFqaUNLeGVjaFVZMW1zWGlyMEtheUlzVU9FanJRWXpQaEo4SlRZOTBmLUt0NEFnSENUdG1SVGFOUzNxYVRkM1FscHdEb01EanBIaVBNWXhkbnU2QU4tQWNOMDhJMkgzcHFSRHpwWFJZMFkyMEwyZmhqZjJMdUs3aVdwQXBZR3FNSko?oc=5
2026-09-06 22:23:59,META,Meta’s $17.1 billion settlement marks a new chapter in social media regulation,Crypto Briefing,https://news.google.com/rss/articles/CBMic0FVX3lxTE9JdjRkcVo1OEVBWHVtSWpqWks1WVMyTEdPVXpOcVJuWGVhdDNYYU55bmlfamsxQmhHNXJFN2FQY1Q4Tk9maWdtQ0tjUHZGR2VpYTZlcXM2aHJvUUtqZzlLYmJRaWFkbVlydm9vRjFiLWxBOU0?oc=5
2026-09-06 22:08:03,META,"S&P 500, Dow, Nasdaq Futures Track Nvidia Stock Higher Over Strong FY28 Revenue Outlook — NVDA, CRM, META, CRWD, OKTA In Focus",Stocktwits,https://news.google.com/rss/articles/CBMivAFBVV95cUxOVnN4REtnVEZOWXQ5RFU2MEczMHp5bGREd0h5ckF0eHA0VDhwTk85T1locG95cjJWRVN5ZmR0U3RwQVFBYVBrclFjbE9KZGFoX0EzRzRrdURsS0JQWHlkcjktZ0NwTXI4S2FGRE1OTmU4VHNvdU5EU2R4ZnlYSVo5eDlJTmQ5QnhZTGVaczlVbmNxUk9aRnhjZ1BfSjk5UTlDRnpTbU55ZlNwUU1LOUNmcVRsaDNkSWpqaGFqbw?oc=5
2026-09-06 21:50:41,META,META Stock Drops For Fourth Session: Meta Recruits Cybersecurity Experts To Fortify AI Agents,Stocktwits,https://news.google.com/rss/articles/CBMi7AFBVV95cUxOblRJLU1wUjlUM1NJWE1EOTk3YjBuQ0tQMGdfQVNTY21oWHFHMF9QX1Z4LUhGWnhwQUxoMnJEaExydmw2NnpMcnJNYVMyOGZ4NDZNSklmelYwbmZoZk5HQXJISm5VTkd2R0R3S2J6c291ZXRmem8wVHNya2dmOFladUVzaWhCZGl6VXpZbzdzUjlOUDdFeVhrczFPcENFNnRmcm80UmJ0dUJNLVl3S3RWbDR3VWlrMU55MzFEQTRiSTRQWnplRzljRGt2UUtTdk45LTJUb1JiazZFSm5EajNCb0pPb3hqb25DWXhUcQ?oc=5
2026-09-06 20:42:45,META,META Stock Drops Nearly 7% In Afternoon Trading — Here’s What’s Driving The Selloff,Stocktwits,https://news.google.com/rss/articles/CBMiwAFBVV95cUxQNFR6TC10NFV6RzgxcTJrRGtIdEF0eWFYcTc3Z0JZNHpnUWtPWVN6UG5xemh4Wm1mQzZBZ3ZHWHF4R05nbXQwTWo4SlZzMjl1Q0ZON1NHTHpoYkJPUXhNY2FXY0pNYWlIS05nU3hIRzZQaDJMSUR5TnpWQWNHblpsZWtxOFEwcUgzNUZYOTY1d3Z2UHJpZ2VuWkpzRk9CVkZHaFdYclB3ZHdrRE9UMFdBTllkTEQ2c2ZyTHZCVi1IMDE?oc=5
2026-09-06 18:37:40,META,"The Week That Proved AI Is Real: MSFT +16%, AMZN +10%, META -10%, AAPL -4% - Winners, Losers and Key Takeaways",tradingkey.com,https://news.google.com/rss/articles/CBMi2AFBVV95cUxQdDlGT0RCTjZrNnJHZGpMV1BJUHY5TFVTR0RQWlBPUTV6ZUtrMy1Yd3ptRjVhcDM1WjJNMTg2T0lwS3FGM3FUN01BaWxYNUtrdDdFb1FQTXpqTWF4YXNJa1VlZUowN0lZVXc1TmkwamMwMDRJalIzZG5QS2VOVWNYVkJJOENBWjBHeGlIdlNyVzRONmo1MzdlamVZMGxqTVg3c3ZrdmNxNnd2all5OFJHbHViMjlxZllCNTA0WEZzbGNudnpoXy1wSDJSWFRFWXBmUzVPRFB4a0w?oc=5
2026-09-06 18:00:46,META,QCOM Stock Jumps 15% After-Hours — Massive AI Revenue Targets And Meta Deal Power Qualcomm Rally,Stocktwits,https://news.google.com/rss/articles/CBMi8wFBVV95cUxQT3Fxa2RSXy1qeUNZd2xENHNvc2JRUXdtUkxXZ3hzMnlrTHM3ZExSbEZySnNEMDY3ZE1NR28wZTlzRE56Y1JCN254a1dqQ0QzcWJiaEt5ZmJ3WUprUTA2R3Y0R2VXR21UanJHS1AzaTNJTFNFR3kzT3NnRHZWLUhHOG9KR2dEZjhIN01xc0lqME1TYXMwSzNHUDdFWER3anFMZ3pJalFlR01DZWN5a25iZ0Vid0hMcWlUdld1X0FBdXdJbGJZekMxTlZZX2xHZUZmdGk3c1huNlV4NVJxaGEwUEc4ZkNmWmV5bnczMU93Zmwya0E?oc=5
2026-09-06 17:23:56,META,Is Meta (META) Trading Cheap AI Access for Long-Term Data Dominance With Muse Spark 1.3?,simplywall.st,https://news.google.com/rss/articles/CBMiygFBVV95cUxQeGFZS3pPelNkZDNjeThlT2JSSTVWMFB3MWpCSFdQenFqX2NLSW53TXZZYnNNbFRKajhkbktkemVhUWg2LWxXZHF2UXgwNlQ5Q3BDQUZ5RDVMUS16cUxVYUU5QWJYWFczQXZlVDRORFFueFNJYnNrV2l6cWRweFBPUE9FYkpWa04wLW1vbUx1bTJUekx2NjZ0aklheUloU3J5dXRWb1F1YTMyb3dQMWhvcjJ0M1VoYUJRaWhWY0FxMnNUejY3ekdsVU1B0gHPAUFVX3lxTE54a0dabmdIUGd1X0dtV3MwOE1ESGNJMnZJWXppN2xlQWpPbVVPYVotbWN2VWM1aEtobEtCaW1xZmNadGxxZHNrMjlEaVJOWGFwV0xqV1UtX3dUV0ZDeXhIVG53bU9PWkZSVEtvU2lBMVRBZUFzOGFzOFhRdDYtcWpRWWJUSzRIR2RNYXpYOXVTQnM2dWVTNXpEeXZFQ1o4R0llWi1ZZU9KcnBNUVdwc1ZXa25GRTd2NF9BUjNPYjhtNVloVlBmV1ZPZmloX0RZbw?oc=5
2026-09-06 14:36:55,META,META Price Prediction: Coiled at $616 — Bulls Have 48 Hours to Break $623 or Face a Fast Flush,blockchain.news,https://news.google.com/rss/articles/CBMikAFBVV95cUxPUm4tS2lUX0cyallUNjZpLXltdXRTZXZrYUhsM0lrbnFIZWdSNUhXRjVtcDZKMDFZZ3NPSlZ5SVlOMkJKVUotSkVtei1XYV9FZ0l0SURtYUhEeEZRNDV1SlBka0xMVFdWWDBKUjl1NExBTVNXZGI3cVFsWjlyUVhDNldXOTJ1aXJKOWFqY0xmcXI?oc=5
2026-09-06 13:14:47,META,"Meta (META) Stock Price Outlook 2026: $55B Ad Quarter, $145B AI Bet — Is $540 the Next Stop?",tradingkey.com,https://news.google.com/rss/articles/CBMiyAFBVV95cUxNckswVmVKY2RZRU1FNno3N0RTSGVzN0JCYzZhTGlLOVVLV1hLWF9UdndsRFhHd2RUYTY5aHNrellDam9FT2RVUjFsVkcwZU5pTFFzVV9TZG9zYkpGcUtDa1NBLTBEc2VfWmo3c09XMktNQU5Yam5CUllnVnFTcmx0RHFQa2szNFF5aDhJd3AzakFHTWRnOWlQWGt2SmIwdUQ2cUFraTNRTVo5TkFzTGswd3FpTUkxaXZySE5YdVpBdTluMC10RDBZOA?oc=5
2026-09-06 09:16:59,META,Teen safety settlement is Meta’s shrewd move to hurt competitor­s,PressReader,https://news.google.com/rss/articles/CBMickFVX3lxTE10YXFzYWotV3NlLXdTOWtZS25wNHZTaWhyZmJlejZ5S3NIUnMzbGtibEFqMl95aG01MkdCYngyNWdtVGFXTXFmU1hHSjEwSmliSHFYN2lsMDdKeDJKNDBnVW90N3dfYm02TWs4YmY4UjV3dw?oc=5
2026-09-06 08:42:13,META,Meta ordered to give rival AI chatbots free WhatsApp access,Investing.com India,https://news.google.com/rss/articles/CBMivAFBVV95cUxNVlB3NEFBcjZ0cFdick5Zc0ZacGJfTDZ5dzB6TTE5ZUZrYTBUXzJfdTVCU3ZRMnhzbnN6OXJIbVgzVFUzQUhYQnJ1WkN4ZVh1RjgxbjNWLUM5OE4tOUU0REhSNXQ3UTQ1aWdZNUdfem85cThzNWpoS3NRNHpISmpWaGlMTDRGY3ZNVDRnMWp1c29XdGotaHRVRVRmTHhCVWtoZTI5MFFmWURsWlNLY192QVpELVdyQUFuWjg5Ug?oc=5
2026-09-06 05:01:21,META,"S&P 500, Nasdaq Slide Sharply As Netflix Guidance Disappoints And Chip Stocks Extend Losses — NFLX, GE, META, AAPL, SPCX In Focus",Stocktwits,https://news.google.com/rss/articles/CBMimgJBVV95cUxOV2VoV1B4dS00RTJROG9NcjBkTVE2ZG4xQjQzci1IeTkyRzdrSm9mb21VZDJRQm5LRERNdDlGSlVLalhtbjl6M1JxRnlxbVBFZDUtQmlTNlpYX2lfOGtuYW9KSUR1S205RFI3QklLY2Q2TXpqR3JaZDhFWmFJYlh4NmJLb2tWd0xGX3hybGR5QzZrREhUNTFsNzVDUXdfLTFqZ1VTZWtQUFZncU5EQzJOZjMweDN2YUJsam1iLXJpcW9WN0ktVGhIRUlITzFGOERYMTdaa0JUZzBCUG0xYW1Id2hyRjlhQ3F4VFR2QVFuZ3JHelVYNDFhaDlhWTdUWC1VOEIybUtLZzFWUzNOMVJtWC1SMG1mM2tNRGc?oc=5
2026-09-06 02:17:44,META,GPRO Stock Gains After-Hours On Possible Sale Or Merger: Retail Has Eyes On Meta And Garmin,Stocktwits,https://news.google.com/rss/articles/CBMi5AFBVV95cUxPcHBJbFo2SkZNaHJhWVV2ekFTbThNZHkxeTlRSE5NMHNYSHYzVWNGNWU3XzJtTGJyTlBsUHUyQTJWVlZlOWpUQXZQQ0VrVlpSYmJhaFR3UjFqWWJvUEZpNWM2WXJpSElkTXUxcmlmaUN5UDMwbDFKVnFYb3RDdkl0UjNSU0VjcDc2TGFzaFFUd1JJRVctdnBtUWFIcTFLbDJKUVJ1ekg2ZF8yT09Udy15bEdRd2x0Z3ppVVpZUWFaZWdyWU1EVUVmbEtiblFvbElwcnJmaTdjNEdLTUtITFhEbHJITWs?oc=5
2026-09-05 23:32:34,META,"Meta Could Overtake Google Search Ad Revenue In 2026, Bernstein Says: AI Is Driving The Shift",Stocktwits,https://news.google.com/rss/articles/CBMi6wFBVV95cUxPUFNfSUctRDBhN25hRHhBQXpkYkw3Zm1sSDRrN2V1VjhGYlpHZU9xa0ZBdm9CdXJRTmk4YTRIRGlUSl93c0dGNGNXM2EtNXZVMURJRFVGdmFNVGRPQ1JHQi1haGlQVmZsWUdXenJUR0lXSW5MWG4tSkFETlU5V3FNYTJVME9JQ0FobWVuaHoycEwxeUdQbDZrSlM1VXpBVnlRR3lRVFBDSUFVaHp2LVg3Q1V4UXNrSjRCeFVobkpXYk55MEduVlVnV3R2NHplS0dkM1V3NHh0YnJrTGNab01KX1V2MXgzdVdMWjc0?oc=5
2026-09-05 22:33:34,META,The New RWA Meme Coin Meta Has TradFi CEOs Furious,Cryptonews.net,https://news.google.com/rss/articles/CBMiWEFVX3lxTE9YV0JRdlhsWUtWcVUzcXJMT3FCUW1DRGktNE5haWF4NHVfRmZfcGw2SmdheEZsb2xUYmo5R2tLekJFU2kwRkdOcGREUjdZV0E2TXlLSHF0Mzc?oc=5
2026-09-05 22:16:38,META,"Why Retail Traders Couldn’t Take Their Eyes Off These Stocks Last Week: AAPL, MU, MSFT, META, BABA",Stocktwits,https://news.google.com/rss/articles/CBMi8AFBVV95cUxQVC1HTk5vaUliV2xpbURvQUV2QXh0T0JvcUR6emwtZ2IwMU9FR2FaZHFqZnZ3SG5JOW1TVDFlOEdacXJ3VTktTG5ranlLczZRaXI5Z1dRMVc3czNvTnVxYXhwdHFqVmdSWjl5UWJXSDlwZ1UteE93aG9LYnJFSkMxOHZnUDM2MHNYOXhYTlRhd09NMEdzS3dwUC0zMlVOT2hRblUwb255OW5DRDdGWnpkZjdUQWN6RnNKN0prYWVCU2c2Nk95dFhoODY0OTkzeUp1WENtOFJCMEdaMFRHRC1xX0ZKbGs0SWtBNFBOYW95alg?oc=5
2026-09-05 21:46:23,META,AMD Stock Soars Pre-Market After Meta Expands Multi-Year AI Chip Partnership,Stocktwits,https://news.google.com/rss/articles/CBMiwwFBVV95cUxOSm5rV0tOa2JhTTRRZGFGY0hlRlJwdFUzWjFNeVNKTzdSbzBxbWJIQXBDSFp5bFRPU05feGNIelpDd0djSENXVTJtSEtUQ1lWTzJ0SkhlMlhGZlFWOURmOHZDdTFWYWdqdm4xN196ZG9QMFdpY3BOdDNPQnlpeWNJUDNObVlCbkNCdzRzY2tFd3NMQlA5ZEw3Ym1WMDAzTmctaVVqSU1aTXNKa3cxNlFkS3JqbXA3SG85UlhRUGlnWnljR00?oc=5
2026-09-05 18:15:26,META,META Stock Drops Overnight After Best Day In 6 Months: Analysts See 'Margin Of Safety' From AI Cloud Computing Business,Stocktwits,https://news.google.com/rss/articles/CBMijAJBVV95cUxQajN3azA0TnlvRjRQYTFQV3BuSlFVR3ZQcUF4X1BnX2dFVWJMQkh4aTIwZzV4Y1lZSnV5WldMcWFhQndSYzRxbFNQZ1l4RTdIbllSNV95eHctQzE5dTJCdGF2S3pYck5UbkR4TXdIa2U4Szd6ZHlCRWN5Z09BUF9Da1I2ZXEzcmNFZkZOOG9Tb015TTlWd0ZOYWZBbTl0YkJjeWR3T3NXbHRaN1VkRkhCbWI5RzFpT1A0WUVTdnNwck9kZDdDQ0Q0VmVtdDR5d1FFaW92c1Jnd3RjQlpsS01peUMwNlF1dkpnT25jYUtoWjFGYjV4NHZralBnT2xQZ3I4Y1N2NGpNOS0zeThI?oc=5
2026-09-05 17:59:43,META,"Nasdaq, S&P 500 Futures Slip As Nvidia Earnings Loom, Inflation Fears Weigh: Why NVDA, GOOGL, META, HD, HIMS Are In Focus",Stocktwits,https://news.google.com/rss/articles/CBMiyAFBVV95cUxQb1lwZDctcWhrMTRHUTg3Wl9TN2pKU1EwYnpHellhY2xNTTFpOVBKbS1xZkk3UVZzRzNYc1N6cW9CUnYzbkpPT1hBZU1XU1FsQmVNY3BZNjFIR215OUExOUJneGlaUnZuR1RyVEYwZFZndXA2THl0QldsZEpkZWstWUhPdDJpai1MN0N2NHhiZ3kwY3kwRWlKeDZIekRsMW5OQkRSTG1WYmdVcS1JM3I3dVZaa05xUjU5ZU5laDIzUk14enFLV0dEMQ?oc=5
2026-09-05 17:55:40,META,"Nasdaq, S&P 500 Futures Edge Higher, Trump Speech In Focus: Why WMT, META, IBRX, MSFT, EBAY Are On Traders' Radar Today",stocktwits.com,https://news.google.com/rss/articles/CBMixAFBVV95cUxQZVY3QzJ4S3hOd1hjUV85ekMtQ2NXOVllMjVYRkd6YUZYdTF4cnVhTmQ0UWtkaUlieFlZWXlZMGRSdnNRVEZkQzVRQVJrRV8xbDhJSkZ2aGlqd0VnUGlUaW8wd0VheXBBcHh6c21vU2JLVFZYT2ljMEVHeG1WUkQ4ZG5PQmpaVjh6cS1YaTFnOFFoUFR4aEUtQXNMc1pVZjRmOURqTzhaWmozQVZhQ3Y2QUZILVBPbFdQTTcyWjFYZ3ZfTEI0?oc=5
2026-09-05 17:36:10,META,Meta Stock Price Forecast. Should You Buy META?,StockInvest.us,https://news.google.com/rss/articles/CBMiSEFVX3lxTE1melJRRzlEUjFGc1pSM29ocVhlcWxid0xYQm1xWjVUcUVaYnhnRnVnY0xVLXQyNGdBZlE2VHloZ0YxR01YS1ZSNA?oc=5
2026-09-05 17:18:02,META,Meta CTO Flags Employee Morale Concerns After Recent Layoffs: Report,Stocktwits,https://news.google.com/rss/articles/CBMiywFBVV95cUxPbktkbzByd1NPSl9GWUdaNXAwSEVsUDFLNU5fQkNjNEt3RDQ4NHVEWnRGdDNlX01BckNQdVpLQ3daQ2NDXzVMQXR2TTREWWxSeFNQUEF6VG5YTTNnVllWeDZmNVRLbmxJa0hFTHdJQldnLU5BODJBeTdiMXh2T0dRMGpNV1YyRl9lRk9VeFhOcmtVWGZNb1V6VzB5ejZjcDZ3QU5pamE5WHBjX29NWkVyM3F5emJHVWR1TUpaTTc5cmN0dlNIeGs4UWQ1OA?oc=5
2026-09-05 16:38:00,META,$META stock rose 6% this week. Here's what we see in our data.,Quiver Quantitative,https://news.google.com/rss/articles/CBMiowFBVV95cUxPc29MUUNYMUc3UnZiNFp4anRVdklGeUs0bXFiMld0a1B3UmQyNkt2TmZTMkxTcVVsTE5YVHVhbDFFTGlFY1ZpbVJUTUg3T253V0U1Yzd4dTZQOHNnZG1TUVUwdUZKYUl2TkxTbFdOV3l5ZlhnMkkzTDJicnhibTlsRVNuWEhZVFhscEN3ZTNqdWV5NmoxM0s4VEw5VFBDOEs5bzNv?oc=5
2026-09-05 15:50:41,META,META Stock Tumbles 11% After-Hours — Soaring AI Costs Squeeze Profits And Soft Q3 Outlook Disappoints,Stocktwits,https://news.google.com/rss/articles/CBMi9AFBVV95cUxPQWFDN0ZpUldzTkZuUk9Qa1AyeEFJcmJzcWRTQkFwU3VkYWJ5VFF4VXJYczF4MTktd1VJWmhfMzI3VV9EYjN4WXJWMWYtZDY2MF92S3FCZE40Y2NmNE5jUjNMYnFWM1V6RUZldEhicG45ZlFtSS1GNGVVaEZZMnNuaV9aQ3llSHlId3RtSjNoNnZpTFEtdVhBTzdhWHlKcVEtMW1la21zdjR4OXNtX3JsekJiMHNaVERLRmFFX0VRY2RYdkd1Yks4MVVDVjFTWDdpZFdLXzJzdlREdnhLTERUdHlqZm9pbjNKUWhxMkFyWHFRMkRZ?oc=5
2026-09-05 15:30:11,META,The New RWA Meme Coin Meta Has TradFi CEOs Furious,Bitcoin News,https://news.google.com/rss/articles/CBMijgFBVV95cUxQRHRNNlBseEpGcDR0ZmxVX1pSVFNHREpYeFhvZnhTLWNiU1RaVzNhbEp1OENqeEh6MmFXcGV2bmZMZU1VamEydDFIeGNBVkFLWVRTa0tOLTJYUkVEOE9SYVY5RHJWNUFWQzVBV25pejFpdlNWVldkWWVzOTNkMllUY2VuSFdxMDlKZjVMcWtB?oc=5
2026-09-05 14:22:26,META,"My EXACT Buy Zones For SOFI, HOOD, META & AAPL This Week Jon Krakauer (kDSJCCf94H)",Mshale,https://news.google.com/rss/articles/CBMiW0FVX3lxTE80cVB3Q3JENk91VXdlbmR2dzVSVHlLcDctWlR3cXdIaDR3NXl6TTNaUWFpalB6R0RKWDhXUkd4Y3ZnTWxPUExFWkJWdTU1dThRTU9GQ1p5RU5malU?oc=5
2026-09-05 13:47:17,META,"AI Stock Predictions Jul 17, 2026 | NVDA TSLA AAPL AMD AMZN META MSFT GOOGL NFLX JPM Ap (bnNfieWBvP)",Mshale,https://news.google.com/rss/articles/CBMiYEFVX3lxTFBKRzBOWi12bC1lT2VTaWRsMjVkckl0eDNwRXRQdUVTU1RhUTBkSE5IZ0FXZUYwZ05aVWp1UkxaR2M1OGNFSlJ3U2Nrd0Zzb2hTTUFySlhTT0RwV1BQZ1pSVg?oc=5
2026-09-05 12:40:10,META,BUY TOMORROW?! TESLA! PALANTIR! AMD! HIMS! NVIDIA! META! HOOD! GOLD! APPLE! SOFI! SPCX! MORE! Ben Dwarshuis (jrToYSmFtC),Mshale,https://news.google.com/rss/articles/CBMiW0FVX3lxTE1HWTc5NnkzS05IQ3BVcktKWVcxMmhHdE5lQUhuTENOYmhidGxkVjYzOURMSExnYlczdnpmTHBQcGJKQk1fWTFPbUJfYkVnUG14VHQ4MGVHeUFtZFk?oc=5
2026-09-05 12:33:00,META,Meta stands to gain as Mark Zuckerberg makes shocking decision,thestreet.com,https://news.google.com/rss/articles/CBMifkFVX3lxTE1CTjBBOHBQZURvbkZJUVdCQUR2aF96Y203aUx1cDRLQ0lBU2gwY2QzSUFySklmZDlsTHR4bU94VDFUcmJ1R183Z3lnODVYTlNpNFN0SV9zNHRSaXJZTVhRYllQYUN2UFdaazZHRDk1bmxTOC1UTUZ5b1ExMUdsdw?oc=5
2026-09-05 11:02:50,META,META Stock Tumbles As Investors Try To Digest Bloated 2026 Capex Outlook,stocktwits.com,https://news.google.com/rss/articles/CBMi0gFBVV95cUxPNWREaDhDN0hYTVFZUXRoQnA4VVdDa1N3NkxMdVlHUFdQVU9HWjQ3SEpETi1tMGROQWVDalQ3ek1BSHl0c1c3NXZrRXo2bjREdThlZmszUFhOeDVCcHI4cnFybEtnSW9lYnlFX0RiMUFIVTRYNlVFM3hJcUFOYjd0NmY2T1VfMmUxRERNZ25VdVhtVGJWNmZfTFNZRkRiM3FXVXZZSno1RndwQTU3Q3VJYkk3UUFxQ1hHZDV4aDhUWUxCSTVNMUVFRnptRXNhY2RaUnc?oc=5
2026-09-05 10:54:30,META,META Price Prediction: Stochastic Screaming Overbought While MACD Goes Dark — Brace for the $600 Test,blockchain.news,https://news.google.com/rss/articles/CBMiqwFBVV95cUxQMHBNV1VyMWVwUWd0bTBYaUlKaHFaZk1OYjB6ZlFScVVsajJ3WVZpRHJsLWpZT2lIbjY0cEFrUVI1ZUJPRmw5U1BaTGM3akpvTFBkRk5oVEROSDJaVGxkeDFPVjhlNXVoZDFraVVRWWREN1pGRzQ0SmtGaWxtNk00UXRWT0pOTU1lejM4cHcweDV4aE9UUXBuZlhrbGtrd2NOa1QxTmhiaU92Z2M?oc=5
2026-09-05 08:20:31,META,Meta Could Pay Billions To End Teen Addiction Trial – Gary Black Says That Could Boost META Stock,Stocktwits,https://news.google.com/rss/articles/CBMivgFBVV95cUxQM3UxWUZqVHBXenpjVXlBbmFBZkw5cTkwZ2FUSnRnMjc3QUVEZGx1bk5vd3JqdEtvbTkxSVRqdTR4aV9sVFpRWmtqYUpENGlhRlVJZGpEakNDMmVmeUJzeExSTGxTMnhUNVBva19aYm9JX2dVcXJJclVNU3VJM3o3WURUa0pSZThYSzZ4aWJXcjBFUHlIMzFuOHU2MkFoTjZDNGh4NDF2bzNXZlBzMWctalM3ejVpU2RXeVo2SW93?oc=5
2026-09-05 07:42:57,META,"META Eyes Prediction Markets With New App, Says Report — DKNG, FLUT Stocks Slide",Stocktwits,https://news.google.com/rss/articles/CBMiwAFBVV95cUxNVmRQMmtEdmhDdXFFSWQxMnhGMlJVYUxBYWdyVlQyc2xhRF9Qajh3S19YZ0dNU3RmMGRuYVZTcll1RGFYUEN3RXYybXgwMGdScE0wdXg0Z2NGaDJkbmV6VF9PV1dFZ2daMGVTRkprWDdNbExnbDg4QUxSeVd1em55akNNcEl3bFpaWGNBS0sySUJLQUZNU0N3aGZ6ZXdEb2lYaUtlbkVIMjNjRTlzX1NqTGlkSDB5YlNMSmw1WmxEOEE?oc=5
2026-09-05 07:20:59,META,"Meta Platforms (META), What Is Drawing Fresh Attention Now?",simplywall.st,https://news.google.com/rss/articles/CBMiwwFBVV95cUxQTHlxSFVQYmRnYjd3d0ZCY2FmQmlLMHVHbE1fMk1qYlcwbGFWWDFlcUJPMHo5cWZJbHV2UkRldWFQOGNpSGtOTV8ydUhsbTdDdEdNVDVPdXpIUHA0RjIza05QRHJjSERhcjBKbF9RY211U3doV2dZU0xSS2NqZWtXN3czcFIwNU1uZC1MOG5iWVlJNElYMEQ3ODJqRXRCZXk5d3N2NlpRVUctcGJwaDA2X0ZSbVZPSm1DdXRHd3FtNEw4d2fSAcgBQVVfeXFMUFJMX0dsbDZ0cm9pTDIyM3JWa1NmYW8wbkplZ2U2N0JRTDYxYXdSRGdQTUNpQWZSZ0puU2xQQnlTbUJVMjMtQ2MzR0tEZThfRnN4NTUzMjBnLXdrSzJlcE91dGJJdVZVemw1RG9HQ0hYNEU3VC1TYkEtdU11QWVoRkd6NE1rOHlTa1JIUlg2NmNiWVlkcXlhSTMtd0lqNXNLdkhTc2hZME5pRjFaNl9oQUxuZ3ZWSk1vYVQ2UUxiWndXc3hkZGhTZlk?oc=5
2026-09-05 04:04:45,META,"Nasdaq Slides Nearly 2% As Higher Treasury Yields, Soaring Oil Prices Pressure Tech And Chip Stocks — META, AMZN, SPCX, MSFT In Focus",Stocktwits,https://news.google.com/rss/articles/CBMimgJBVV95cUxPTWdFMkRlSWhUVUU4MlE4TEh2alNIYlZ2LUZRdzJLcDNCeHhlZGZwTUJtb1NEeHctMWpZLUUxS2JiSU9KRGJoV2tDSUhnWHp5SlZmamppVU9xVEJPYm56bGRxSmVfNEo2aFVjdEludWtMV1ljX2tvN0dtRkdYd2lJTDNEN2JEM252VzZBM0k2RE9IM0NvMVlLWnBxem94akNZQmlweWJNQzFad0kwT1NOV1plaEdxTy1fWnVPQkx4bUNSWk5RYWp1MzZWN3lyQ2VLYUhsZVZDZmwtR1ZieHVnVFIyRE9Uc2w1Y1J1LXFuUDJSQTdQX2tRalNMN19HLWpqQkZFZ0l2MVNLcnltbExQRGoydnM2YzZseWc?oc=5
2026-09-05 03:01:00,META,Why Is Meta Stock Down In Premarket Today?,Stocktwits,https://news.google.com/rss/articles/CBMiqAFBVV95cUxOREYyR01NZjVFNmlTVWFiQ2xpYjUweTJiZDlLM0NnaWUxcVBid1E4NlNFdHpkMzNXLW0tQ3BhVjY1WTRnOFFxSGxwSm40c1dLRGFJOWp4YjBEQmFIMVVvTXJ3R1FXdnVPbVFvaDVVdTJjNkFZOWVYeFVBY1NsVkhtQjl3RzdCb1VlTTRBR3pxVmNLVlBxSFB1bXlOVmhEYjBzYWpSMmExT3M?oc=5
2026-09-05 02:11:44,META,NBIS Stock Crash Alert! Is Meta Killing Nebius Or Is This A Buy? Mercato Immobiliare (YrLLlO4Jgf),Mshale,https://news.google.com/rss/articles/CBMiW0FVX3lxTE5uYkExVTh6YzVEc3RHVUdWUHdaNFBnMEw3MkEzdTJJTEo4LXVzYUt5OGpIR0pNR1VxWHJhWmZZMEVNdjlZYko3WnNLYVdzd0twZlZ5eWxidFkyRFE?oc=5
2026-09-05 02:03:26,META,"Dow, S&P 500, Nasdaq Futures Slip After Record Rally As US-Iran War Confusion Eclipses AI Gains: TSLA, BB, META, HPE, NVDA Stocks In Focus",Stocktwits,https://news.google.com/rss/articles/CBMi6wFBVV95cUxOd052T2QtekZoNDFkWDlmR3IxZHNYenNiY1VSUWJpVFU2c3dHM3dsNk1rYTFqTHRzXzF0VDU5UWVsMTJTZ2RYUV9kczJmSkhwSG1CT3BBaXZVVG9ud2Iwd3ZPWXBUb1BKREJnZVktN29QVjQ3UXdpcExYbmczcmwzMmZPbXZabVJhbWhkTFlaaEFaNTd3N2hUeXJGM3VMX0x2YzQ2dXBtTXBOLTg3Q0drbXFJRmNwWTRUY3FXSzZ3bzRxTGltXzZPLU10ZTNJQzNHcHBTQ0FQb0xDMm5iX1NxSS0xZlZVU3FlUHFR?oc=5
2026-09-04 23:15:22,META,"TSLA Stock Climbs Premarket, But Gary Black Says Rising Oil, Bond Yields Make NVDA, GOOG, META Cheaper Bets",Stocktwits,https://news.google.com/rss/articles/CBMiyAFBVV95cUxQRERkT3NwWklaN2wwamtwaWI4bDdaamp0cnYtOUphbHdFVlRxNThQMWxNbU1zRzBEUlJsY1pZRmVwZTNHdEZPWk1LY1FZenhZLTJsZ2xFbEtlVjNrQUNrdmJoNVFkR0JLTTdXWGJZTE8yRXZvZ1BoWDFZblJ6alU0aVNzekl4T05uN1oxSkNhMnV2YllWVmVybUxDbFNwTXlxV3BBNkNlUWUwMVl0ajF3M0E5TjlxMGlSSFJCbzZwOEExZEtrQmZENA?oc=5
2026-09-04 23:06:29,META,"SpaceX Faces Talent Drain As 50+ xAI Staff Reportedly Exit For Meta, Thinking Machines",Stocktwits,https://news.google.com/rss/articles/CBMi6gFBVV95cUxNUzc3V1ZUR3VMai1sM1F5QnRDVnBjZEFna2ZIaWE4MXlOeEdodWtVTXo1cWFMVWM4cmVIX1FGS0ZHTFJ0SmRSUk1ONmRDWlhFYkhMMWsxaWVkWkdFMENCZ2Z6OTAtcmUyZmxhNWtnZmJvbzNiLTlIb3ZVRm43dGxIZXFGNFVud29LTHdaNXdqODFNNVFFU1JxRFBpRnA5UEhITWhUcGFrM2E1Y3hvbHZWRlVndVlmRlNON0NBMGFJSlhlSU9DTS0xUnVrNHdsUmcydE0tYjY5bkhfUGtFUFpuTXM5VGU5SnZOY1E?oc=5
2026-09-04 22:48:20,META,"Jim Cramer Said Meta Platforms, Inc. (NASDAQ: META)’s Big Court Win Was A Close Call",Yahoo Finance,https://news.google.com/rss/articles/CBMimwFBVV95cUxNUkdPcTRsWDctTzFqZWx0QTg0Q3BqOGNKbi13a1BOYmFWUmpScXRWdzBNd2d4b0wzelo4ZDNTSndRTWc5Y1JrcGF0ZF9HT3hLZkJqYnRHNEJPMFNvYUdYTG92S3JkLWlYMS0zVHhwM1J1Rm1BakpPV0RvUEtYZVlTcFFFWlNGTDIxZDc3Q1JwZ1dZeWxWbXFJcHFNdw?oc=5
2026-09-04 21:40:00,META,Meta Platforms (NASDAQ: META) Surges 3.5% As Muse Spark 1.3 AI Model Opens To Paid Developers,foreignpolicyjournal.com,https://news.google.com/rss/articles/CBMi1AFBVV95cUxQWTlSXzcweHBkRTl4LU9xM25NQlRCdTBRbkw3aFJqM1c4UEtaS0VJYjNNQXNyU2wySWhoUTBtRmgxRjhNYnAtNjMyWEtuZzU3Vldtam5HUHlNRTliazVHeGh3TWpLRXhSUl9uUkktd2gzTEp3Tk1vZnVrNWVWeE9GVTFDdFBNRVFJbHlRdFZmYm9BQWdRYUwzaC1qRXFfWmVsQ0xjbEsxclMtU1lMQ08tUEF3blpMemFoRDY3d2ZBU1ZCbXJmWlNBNmtoeXBlTGw1ZExtdA?oc=5
2026-09-04 21:13:01,META,The $145B Reason Meta's Data-Center Robots May Take Over 80% of Work,MarketWise,https://news.google.com/rss/articles/CBMie0FVX3lxTFBieEt3ajM5bzRLeXQ2dFQzZWpzNDNKLXdwRDZUN0pib3g0MEpTSGY1SF9ZV0lwaHdjNngzcDRrREs0dXVlSnlmWFN3eTJzVkoyblVzZWd5NTktZ1ZCUzAtNy1ManptSWY4cXBDbDVGalgza3lMY2ZFeURmdw?oc=5
2026-09-04 20:53:50,META,META MICROSOFT & TESLA Q4 EARNINGS REPORT/CALL Bper Banca (GQ1e42bMPB),Mshale,https://news.google.com/rss/articles/CBMiW0FVX3lxTFA3SzRfTVQ2TGhfQTVpcUZXc1ZrYXM5b09zYjVIUnBOTlZjTUVHYnhJVExTQVBlRlZDRTVyTVROZmtrU3hwZHJGSDE2RTlSVDE2OC11WkE0UjBhbTg?oc=5
2026-09-04 19:59:59,META,"Meta Platforms Stock Price | META Stock Quote, News, and History",markets.businessinsider.com,https://news.google.com/rss/articles/CBMiY0FVX3lxTE1sZEh0TldQSUJYSmYzWTBOcmJ3T0RRWng3dTlaTEtOMTNfZFNrcEdJcmlZQWhoallQSWVhUzM3dDJzUmdWVng3UEc4MHlkRkVYek9fRUtmNE9OTWh3M0tlcFpJRQ?oc=5
2026-09-04 19:59:59,META,Facebook (META) Stock Chart,Investing.com,https://news.google.com/rss/articles/CBMiY0FVX3lxTE84bHA3NlR6OEJWWG90Q3BLSm5peThPVW53dnUtZDF3ZlNrTjhROVEzTFFFMkFSYlBRMWFoZFh3RWJYeHRXdkxLSlEtY3lueXJ5akRaWFRUYjFuTzdsSGZUNHJnUQ?oc=5
2026-09-04 19:38:00,META,Meta Cuts AI Output Prices 95%--If Developers Share Their Work,Yahoo! Finance Canada,https://news.google.com/rss/articles/CBMigAFBVV95cUxQdUtuX2IwQ1pmYy1LYUp3d3Jxak4xdWhvR01vRGZwYUZicE1jZ1J4T0ZQMERQa0ZnbjExZVBwYnNPTUp0UGJ1MGtpckR3MFg4a0RIbHhVWUZXSTlFdU9fT0l1blRjSEhoVFppWDYyaG9YYnBxcXNKWTRfUGFZWmtteQ?oc=5
2026-09-04 18:35:38,META,"US Stock Futures Inch Higher Following S&P 500, Nasdaq Drop As Investors Brace For SpaceX Share Unlock — GOOGL, UBER, META, FLUT, AMZN In Focus",Stocktwits,https://news.google.com/rss/articles/CBMixAFBVV95cUxNQkx0OF9CZ29wQjNqTXdXd2tKNFd6ZUZmZU1YUVBKMTZvYkF5S1lRd3J6Ylo0T0ZSSTE3RjZGWW9QeF96Rk96RlRwTk9rc0k4Z2RCOXV0ZWxDZGZmN3JYeHdqOEk2SF9OY2VxcXFCVFZhNl9OMTFaa21maklVMFVkYjJfNU9XcjN6NndOM1pUZUp1TVBrOHJtX0lCS0R5eGo3ZHNFck9ZOENZTW9UYjhuakIzX3l1LTBTU2hrSTFvRTFlMlJp?oc=5
2026-09-04 18:33:54,META,"AMZN, META, GOOGL, MSFT Earnings This Week: One AI Bubble Signal Will Keep Investors On Edge",Stocktwits,https://news.google.com/rss/articles/CBMi5wFBVV95cUxNb2tEYWdJeWdnMU1GZzlfaEpqb1ZHVGxNS2NzalM5OThEdkVJem9pbmhvbGZSczkxdlFXNWFsdUhRQkxTam9HeGRHRFM3dU9YZ0xQdHVXU0Zpa0JGNXRjU0lNZl82dDRmXzQ4Zmp6c3FmVlVtN3VnNzFkekNhNlVwalFtQnhUaGpzQ3c2aFRPVFM1YWVYTXlSWHVuR2lyeVdNdDlhMG5LY05kM1lZaU5xUmVXb0tyV19aOFNWQnY2Q2hnZHZGbEVnQTRUWnFPS1pqNEhTMFV5dFdHOXJIRExPdEJzMXZRZXM?oc=5
2026-09-04 17:36:55,META,META Price Prediction: Post-Settlement Surge Hits Upper-Band Resistance — $650 or Back to $587?,blockchain.news,https://news.google.com/rss/articles/CBMingFBVV95cUxObXNhblowcFNVRS1wZnp1NUY4bEZBdzliWWpIa28ySU9pYkRadk1Dd05OVWhjYXJvSGJFeS1SZHV4SmNheEFvVVpxLU1KaWF1cTZpMkZCb1dTRUoyZmlVcUE0TzFtdks4aEdYSFlOSTZrbFJxQXBubXdVZ0J0dWlYQ2tERGcwZDdRdVZDdUJlQ1NWcEs1WHFheU4tN3hzQQ?oc=5
2026-09-04 17:11:47,META,META Stock Jumps 11% — Meta Elevates Alex Schultz To Data Leadership Role As AI Push Intensifies,Stocktwits,https://news.google.com/rss/articles/CBMi0gFBVV95cUxQLTBXUDhVdF9nSGZ4Mk1zQWd0aTFaV0pndnd2YUdxVFhCcHRyZ2FqczNFbTBBNzFjdUJqU0dHeWdqM2FkS080WWh4cU1zNTZpNTl2MEowcWdLcHF6Wm1oSzZYX2pQLS1jdWJJMEZkbWhSYUlmRWQwYlJRazlwYnNEem1RR1BOUUVzSTByYkhFVV96WGQyUUVqMk9KdGJPWlBUVXlNdVoxRlZXcERmRHZEa1dBRmU2X0txSWVTLXdQZ2VpNDlnY000eUxGaUhZVDdEVWc?oc=5
2026-09-04 17:08:18,META,Meta Platforms stock gains as teen-safety settlement and AI push reshape outlook,AD HOC NEWS,https://news.google.com/rss/articles/CBMi0AFBVV95cUxPUklZNGxMSHp4aXR3X0JYTUJxX1M5LVdlcVBZU3FzaWRRUW1zajVPMUdMM1d0YmFSYUZIMmVFby1KNTZVeUFuY2hJZHFlbXdZb0hHOGxtTHNSWHRiRGhKSmN0WVpuOUVhZ0I1NUFmaDRUb0h3UFgzeU1fMDJxM25HVHJHRGhybW9zN0FFTHJsNTF4RC1VajkzVW54cnFRX1ZJNDVmRWFxTTBGZGxxd3ZRYjNDZ0Nacm5LQ09jN0RYZnFLVWhlcXlndnQ5OHVlVjVW?oc=5
2026-09-04 16:57:20,META,Meta’s Business Set to Escape Lawsuits Unscathed,Yahoo Finance,https://news.google.com/rss/articles/CBMimgFBVV95cUxNSHFUM1lsdVFnSFl3cGFBRGtlRHRuTXo0Qld1ZUZIdGJyWVNlc09lQkpYZVAtNmFydUxwTnI2OHplVXhGVi01cDkwNzJvV2JKbGxmTzZtWVBCTDVSMHpteGJuSzFhcnlvUVlRbWxRTklORHBuNDBnLTJtQmpPS1VGREhEU2tYZXdfSHFSaU5QSWQ5OUNSOGc1aHNR?oc=5
2026-09-04 16:15:06,META,Meta's Muse Spark 1.3 AI model narrows performa...,pluang.com,https://news.google.com/rss/articles/CBMiiwFBVV95cUxOeExtNHZqa3VSclJrMUZlSnVuNl9QY0hNbzRxYW9oSHNjWU1sYWpGUjZSSHM2cEkwYm5IbjBwMkNCMW1UTjFxblZsVUl2NXZDakY5ODViRXVqQy1HYU4zTlQyYlpoM1UybXVWNjI5V002aTJRbDA3VDhwYnVhYl9qY0JQZmE1SlBJM1BV?oc=5
2026-09-04 16:15:00,META,"Meta Platforms (META) Stock Quotes, Company News And Chart Analysis",Investor's Business Daily,https://news.google.com/rss/articles/CBMipgFBVV95cUxNclppMTR1UkwyOWw5ZEZBcG9HazEzY255VmtvMjV2N0liaDlrUlI5ZGIzb0RBRTZEbW9tOUZRenY2WXdkM1lRS0swSlFkLTRoMkRjV3pOaUpqNFJDeG5hQWpPeFhfM2cwYkI0d0JIbjdJOFotcnNoU18wLWVTelVpZ3FQY2VCV0ZsX1dqTjBwdVpEQTBNNWVPQVlkMVJaMmUydTJqVGR3?oc=5
2026-09-04 15:47:11,META,Meta Platforms: Muse Spark 1.3 Was The Warning Shot (NASDAQ:META),Seeking Alpha,https://news.google.com/rss/articles/CBMilgFBVV95cUxQdU9hX1dydTJ2V1JhcWozdnlHamVVNWdPdWJERHFhSFduUWh0WE0wd3lqZml5VlIzTjBjZmxkQUNjT3poVUl0RWFWY0kzWXppc0FVcmEyQ2xEOW1tblpJSmNHeDYzTlNOLUZPZ2ZGQUkzRkdwZXR2enF4Y3RmSFZrWjhRRU9JTE9PU0tIZVgtVmhQVW95T0E?oc=5
2026-09-04 14:14:32,META,Why is Meta stock flat today? $145 billion AI infrastructure investment is key driver and support levels to watch,Traders Union,https://news.google.com/rss/articles/CBMijwFBVV95cUxPb3k0Sm9WMnFfckoyOC1CSWRfWGpKUFlTOTdBaUg0c2lRNlR1elQ2SjhiOEcydjF3NkNROXZPcFlQNC13WUJQVTBuZnBIZmpMRFEtbVFLTU94a0hyT0NmSzQ5N04tVTlCRzBLLWlTMjRPcVNQTkFhUEFfNVZhOUVvOVIwTzdfZmlneWo5ci1kOA?oc=5
2026-09-04 14:13:24,META,"Elon Musk's SpaceX Is Renting AI Compute. Can Meta Catch Up? - Meta Platforms (NASDAQ:META), SpaceX (NASD",Benzinga,https://news.google.com/rss/articles/CBMikAFBVV95cUxNdUNSS0tJYnR6TWJOTzAyQVFKcjJLTXNyQ1g5WFBQc05ReHNoOUZUaUNnbkptSFZ6bm5yNTcxZWd0bUtZOWU4QTRndEdidE80aGJLODFtb0ZnLVg3VzU2MHBRRFJSOVljZzJ0cG5VMWhia1lneW4tdUNwbE1lQm0wTUp4LTFVb09WNWtHc1I3S00?oc=5
2026-09-04 12:27:04,META,Meta Stock Jumps After Unveiling New AI Coding Model,TradingView,https://news.google.com/rss/articles/CBMisgFBVV95cUxQQWxMODBrYTNIc2lMRHNWUGI0TEVKMTVMcWExeG9Wcjh6c0RMV2Q1SXA3ek95R1RSd0FNSFFTYmlvR1VBUGdEM2Fod2NaVUFvYURVVVpvSkJFaF8xYjZQWGN0b0hialRveHBfUEhvd2pCSzlWRkl3YjB2ZVEwVTlZYlZqSWZPby03RlVjRVRfZ0pUODNmS2xiUnRfdkxnYmpYN2tuVy1STjM5alViYnhEbXhB?oc=5
2026-09-04 12:00:00,META,Are Meta and Nvidia redefining value vs. growth stocks in the era of AI?,Yahoo Finance,https://news.google.com/rss/articles/CBMihAFBVV95cUxPOVBFb3BxR0pfcjJMdVdqSllnOE5DRHhwV2ctdzhYVEZETG5jWVc3TkdZcEpYQUlJNWJ1YUhSRlhCOGR6VndHVDJvalU5aUhBMmtFVnAxMk9qRjdfRmNKTTBzazRXRm1LM2MteW9VNHJINlVzYUV0VXlkQ0lvR2t5V2U1aUE?oc=5
2026-09-04 10:55:36,META,Meta Platforms Stock Rallies Following Launch Of Muse Spark AI Model,TIKR.com,https://news.google.com/rss/articles/CBMigAFBVV95cUxPR0RyckFrM0ZZLVVqb3d2RGhxRy00V2huSk5Tby13Z3pmYXdsMlpoeHlaLVh3MDlaVlFBQVJRdm1COXpxTVZQaDI4TVlYRWplMDlaMFBDd0kwZ2pBZDBJZ2dMQWpkS09OUHZBbTBsVU8zbVBXLXljalQ4aUJFb3B2cA?oc=5
2026-09-04 09:52:47,META,Meta's AI Worker Replacement Plan Made Things Worse: Report - Meta Platforms (NASDAQ:META),Benzinga,https://news.google.com/rss/articles/CBMiqAFBVV95cUxOMlVtRVNxYko1cjdmVkRfVnhmdlowbFNXbUpOMFBLRG9uYzNteDNSaTd4R2RrYkFNVVllVDUtNUlwRHN6a2hMVXpOdTh4UEdrZjdTNjE5VUJpTkVQY3dGVjJadU5hRUlhT2VvUEl5UlFIaU9jbFlROVZ1M2R5UWVsTFpyYUhzQ2pwTlVTZWwzUmJUNXBNNWZNa1RkcThXTldRWnVCeGlNbmk?oc=5
2026-09-04 09:51:37,META,Meta stock outlook in 2026: How to trade META on Bybit,Bybit,https://news.google.com/rss/articles/CBMiZ0FVX3lxTE5tLUU4V1h3SnMyVEd6UjBtZDVmMjgzS0VkMHpobThiVWt4Z0xxVFhIM2NYcWh4MVZnWUl2TXVnUnNyODJFM2pGZTJfX3FDWWJqU1c5ajdkU0pSRUxSTlN2NkpyRXIydjA?oc=5
2026-09-04 09:41:49,META,Meta Platforms (NASDAQ:META): A Growth-at-a-Reasonable-Price Opportunity Per Peter Lynch,ChartMill,https://news.google.com/rss/articles/CBMi0gFBVV95cUxQUEhMWXJkRFRxSmNER2dQdlpMb3hSUmJqMEJya2x3SlprU1BrMDlTbjgxTzVGX1h0UVJpc25zVm5DYjZmdXl0ZV9aWUpOVGV0NHNOV21tbWlzU2lUWnpoUEs1ZnhQcl92MlhIMG9oOWhYUjVmSWNETl8tSmMtZjdIY055UlVBN2ItdFlvSENGeS0xeW53cnNsVG5NbTAyV2g4QlBjWjJ2YzV1LUkyWTA2a2RmTUVrQkZ3Zm9wamR3azVKY0gwUElDNWpqMG5rRjNCSlE?oc=5
2026-09-04 09:39:12,META,"META Testing Key Resistance: Stock Gains 3.01% (September 4, 2026)",journalarta.com,https://news.google.com/rss/articles/CBMiogFBVV95cUxQMUdqaVMxZlFnRnlkV1cwdS1NNEtHeGgtT3EtUW1PQkNOZVYxcEJwYkFjd2p0YVVLMmFKWHdqbUJlWFI0RjdhWUcxZ3pZb1kxVngyNjlVcTFSNmY4TTdLWHNEczVXSVZweWtxZEVuWC1VU2o0akw2UERNSENxaXRuZEhWRzhkVFI3bW00RF9MRXdFU2ZNcEpfaWZBb1dubnFpY3c?oc=5
2026-09-04 09:15:00,META,Commentary: Teen-safety settlement is Meta’s shrewd move to hurt competitors,The Derrick,https://news.google.com/rss/articles/CBMigAJBVV95cUxNZnJUNkJPVWZONmtrT2lwMXJXejlHUUhLVmZCeUc2eVFPZnJpemx2b3dkdHl1ZVZ0SlFzbFNUYndFRlJmMGpaYTBjWFlhVWh6SmVMcFJRYXZJdHF0QnhsT0t2U3F4djFlTXhxdWZaM3hQQ2c2ZExBem9aU2dJYmNDcUh3VzR5WnQ5d3Fjc045aE5kdjB6ejlhWlRjZmFGSWFFaFRvV0ZQWGQ3UHFFZzVQOGdnSFkzZVh1X0dSeVRGMXY5YmpOVE12b0I5cjBGWHkwak5JbWQwVEtZTmRTcWoxWlpSa3FCLWRnRzAtU09aLUpCWDN2QlBoX0t1U2Y1RnJx?oc=5
2026-09-04 09:05:30,META,Meta: Doesn't Have A Path For Shareholder Returns (Rating Downgrade) (NASDAQ:META),Seeking Alpha,https://news.google.com/rss/articles/CBMiqAFBVV95cUxNZWxkZFNCOVNWeHpjRmdmdGFJUHJaRjRTbkY5RFRZaDk0VGhiLUJTRHZhTDhQOEtzX2JMSHNyZGxMQ2Rhdy1nbmZvcWhfLWRMT1dhSzRMaG55SWtkbjVHVmFyTTk1RTRubTU1dEtVNmNIUnlvZHVJb0s2TzRJb1oycnJIV3RZTnVreXRGZVN5cXRWTHQ2N0RXbzNZXzdsWFpmNnFPMGl6VWk?oc=5
2026-09-04 08:27:30,META,Is It Time To Sell Google And Buy Meta Stock? Chiavari (s2sRSuLID5),Mshale,https://news.google.com/rss/articles/CBMiYEFVX3lxTE1PTWh1LVVsZ0xIb1dBbThoX0lyX2tsTF92eDhTTG5udjhCWVJZMU9MLTJGOElHUDUtN0kwV0lENGRJOF9uZkVnbzduMU00dkg2WkxmbTlzTTczRUx3WWcyYQ?oc=5
2026-09-04 07:00:00,META,"Meta Platforms (META) Stock Price, News & Forecasts",blockchain.news,https://news.google.com/rss/articles/CBMiS0FVX3lxTE1keUJwNWZUcDBMR250bFJFTXl4QzhJaVZDLVZ3Y2pnZnRlUnJWUjNvb1dDY2drbkRQOU9DWHUyenhrbTI2MXU3MWdSbw?oc=5
2026-09-04 06:56:28,META,Meta Platforms stock gains after teen-safety settlement and AI push,AD HOC NEWS,https://news.google.com/rss/articles/CBMiygFBVV95cUxOdW5KZWdFQ2tqUXZXNDdIcmV0UjR4a21RRFBHRmxUTVJGQ3pzOEFXWjZFNnNFdTZTX3U5NzBLTWhycTRSQ21SM2VqQWowVEVvUHM3cUUzS1c5LWR4QnRtN3pCX29OTlVXbmg3UnNheEttZWl2a0l4ZVJLNzR3YmdXN1U3aUkyb1ZQODJoR1N3YjE3Sk1xMG81VmFja2tMXzlwMzN4aURsLThZUG94ay12MDdxNUJkMzFocWhUMXZQSU9abmNIb2ZEZ2FR?oc=5
2026-09-04 06:33:24,META,Why Is Meta Stock Rising Today?,stocktwits.com,https://news.google.com/rss/articles/CBMi0gFBVV95cUxNaUhZeTFlZDl6WWQxUGk2MUZrWURHb1pRZk5XX1RWeEFVaGRHYmpnYXMxRFM5Q3RYallsaDl4ZS0ta05tV21PZC1qNGwxY2wxSzRkRlRlazlUYTR3eUJmMjhzeFlNbUNIYnRlb01zQXk3Q1lKc25OOHJXTUhpSVI3c0hOQXA4Z1AzRFdmZEdmRWdhS24yQWZyVlplRThRSzZDeUxoNThJTzVyTXpfeTJtWXlMbjRBWFplLXRtU3A4azl6TmV3bTE0R3Z3ckpEamYxTWc?oc=5
2026-09-04 06:26:51,META,Why Meta Platforms and Microsoft Shares Keep Falling,Baystreet.ca,https://news.google.com/rss/articles/CBMieEFVX3lxTFBYdDdNS1pmQW1OdFZQalJvcDVQUG51SkZfV3U1elJ1RjNhVFVYelcwZko1YTJMQkV3cjVJaG95aGZ4VldobzIwWWpIYUxxeV9Fbk95MTk3YktHSkRodFpta0c3SmoxYlJId2k5dlRWelk0VkJqa29IctIBeEFVX3lxTFBYdDdNS1pmQW1OdFZQalJvcDVQUG51SkZfV3U1elJ1RjNhVFVYelcwZko1YTJMQkV3cjVJaG95aGZ4VldobzIwWWpIYUxxeV9Fbk95MTk3YktHSkRodFpta0c3SmoxYlJId2k5dlRWelk0VkJqa29Icg?oc=5
2026-09-04 05:15:28,META,"Meta’s US child-safety settlement a start, India must hold it accountable: Rajeev Chandrasekhar",Moneycontrol.com,https://news.google.com/rss/articles/CBMi6gFBVV95cUxQMmF4X0FQNm04dExwZ1o1dElQZ1FvTUZtWk0ydEo1UGhmdXFfSkt5bWxCTzVINm9DbElmd3ZrM0hfa1hOUHVrd2ZKNmp5UzNYaEZTWE5hbDBzRHdXenZYQk5QZ2s1ZnJpOUVIVk9mcWQ2bGpENERMa2VtZEk1bXhhbzV1SDJfa0tJeUhTSU9XVXlfMVhLTDk4a0drUmttRkE2T1RabzVCVm5IRi04Tks3clI0ZG44UThrSEZqbGRVX3hxdEZJN1VwcHVudU53aGVQMEVkMzZlWm1uZHhZRi11VGtJRjdCSllBeEHSAeoBQVVfeXFMUDJheF9BUDZtOHRMcGdaNXRJUGdRb01GbVpNMnRKNVBoZnVxX0pLeW1sQk81SDZvQ2xJZnd2azNIX2tYTlB1a3dmSjZqeVMzWGhGU1hOYWwwc0R3V3p2WEJOUGdrNWZyaTlFSFZPZnFkNmxqRDRETGtlbWRJNW14YW81dUgyX2tLSXlIU0lPV1V5XzFYS0w5OGtHa1JrbUZBNk9UWm81QlZuSEYtOE5LN3JSNGRuOFE4a0hGamxkVV94cXRGSTdVcHB1bnVOd2hlUDBFZDM2ZVptbmR4WUYtdVRrSUY3QkpZQXhB?oc=5
2026-09-04 04:09:56,META,Meta’s AI Leap Boosts Stock Amid Fed’s Pause Signal and Tech Rally,InteractiveCrypto,https://news.google.com/rss/articles/CBMirgFBVV95cUxQZ1U5Q3QzSFNXRUlCa2FMUXJPSlktSElLcmw2S3l1SG83LUUyaWV1MGxMa0RSbTduaUdXRVdqQVI1eURKQ1JuR1VRc2haRjFyazF4cDJReHU1a2pKRVNJZFhKdVBVcE9SR29yWFVvZnM4VU9jVVRxSnhSMGEtcUhDUk1QM3FDemZwNXd2aTNrMkYzbXVid250NllWZVd4d2IzMS1VUGZjd2g5SzJDWmc?oc=5
2026-09-04 01:51:00,META,Why Meta (META) Stock Is Trading Up Today,Yahoo Finance,https://news.google.com/rss/articles/CBMilwFBVV95cUxQcktGUXVRWU9kTUMwc3duY0JuYVMyMTVpakZXUjNWNzlzejUxRVBNbGNHdl9EZWNrS1p0OTRTcFdjYWVRSXJMUzBaVnl1X1Bva3Bmd24tZk94c2hEaGdraW9IdVo0MjloekpRdVRyM3Y3Y3Z6SVRSdnBMeTgzeWNUQ0p4cnQwcGlNN2RsUU0yVTJXWEIzb1g4?oc=5
2026-09-04 01:11:35,META,Meta Stock Rises as William Blair Sees $100B+ Opportunity in AI Agents,tipranks.com,https://news.google.com/rss/articles/CBMinwFBVV95cUxOVnlQanEtUno3LVFVc3F6UFlaUVEyV2pHaGttV19XUFFfRGZmSjJQRlF3a2hGUlgwM1k2RDdDMnJzZEVWc3NRS2N3YlNYcGE5bi1rX055MzBOVXNLNDJOMXVUa2dTOGRNc3FiSGNmbjlwZ2NXN3JOdGt4VHlhR25xYWg3WnBieEhQb2hGcDR4OTNvYy1GNFRPckZWSVZ4QUE?oc=5
2026-09-04 00:51:48,META,US settlement with Meta is a start. India must protect itself,The Indian Express,https://news.google.com/rss/articles/CBMivAFBVV95cUxPYjZBNnRkbS1GTWV1dFByMmotZG1YOE5Mb084b3ZEMVRSdWY0U1huOVVHYV9EV21qTmhJOVFrZ0hzMXc0dDA4QWJQRDh0cWJxd1dTVFlIQ2dhVTBDOGZzOWFKb3ZaSzJsb3hLRFQ5UTl5UnJ4OHRQVnhHVXlYR0pBc0s1T1IycTh1bXktSVJUYXZ5Z3BiZGRYeDk0aWhqRzdwdXA2Q1RWZHFiaE1rRk9hTjVSTEg1SmlpWTJlUdIBwwFBVV95cUxOY2x5eXBwallJQno5OE1Qc1d3cGU3WnRfWDJXVk1JaXNnLXQ3a0syZG9icnMzU1F4OFE2ekQxQmI4QnZfVXEtRXJuOFRNUURzWU9zbWZXcTZoVjZaV3piWDVJQTg1TU1HUjhCdXJSZGdJZk9YR1M4eXhMSkJwWFRvaWloVExxUEQtZ0Z1ZFR2WTJLY2Rtam4zTXZoczJxNXJjalpiTVJmdDBES2Z4RlQzMGEyeDJKbm1ITDBLQ1RrSll5RTQ?oc=5
2026-09-03 22:01:54,META,"Meta Platforms: Teen-Safety Case Settled, But Legal Risks Remain Open-Ended (NASDAQ:META)",Seeking Alpha,https://news.google.com/rss/articles/CBMitAFBVV95cUxNRTFWMG9EOTVTSGxKVFFTOVh5R3BqN21zc1VDcWhwNVdvWDM5a1A0eWJYWkNSMHF4c09nRGx3cXpQTjBMejFKTFZ1cW5SOTVCY3NmTlVTdXp5dENHRTVaWHEtSGNTMVJ1R1NSNmpPR01qRGMtX2NKM1MtaElROG4zUUUzVTBQa3Q5ekJMek9hRUQxQUNVbm9hODVpaEtqeF9lYU1abldmYnZweVBnbWxhVTlFYl8?oc=5
2026-09-03 21:49:00,META,'Fast Money' traders talk Meta shares climbing on AI model news,CNBC,https://news.google.com/rss/articles/CBMipwFBVV95cUxPRWNhbk5BUEcxWWtPUUJ4YWRURlhwR285WVl5SEZ2eFltamg3dmJ4d3cxS2REMXdCd3h6Tjd0ZHlUYnpCejFvRmpwelBDSktrbEhwNE5DNzlaZnRFUk91WGQ4OE5zZl9Nem1wREl6RFVvYkJTY0YyUmNwcmJRQ0wzQWFQY3NXcG1wSFo1NFBhYjJfbVRiNkc3WXhRNkJiOHlBRjZsc3Zsdw?oc=5
2026-09-03 21:32:46,META,Is It Too Late to Buy Meta Platforms Inc (META) After 3.0% Rally? GF Value Says Undervalued,GuruFocus,https://news.google.com/rss/articles/CBMiwwFBVV95cUxOT3l1RWRfQ1pmamxOMjRUVVdNWmRqLVFiYV94NDlWREJlbUNMQ2x6SnkwYU9fSFpUR1NsSkdvYWEyODR4YkVyT3dZd1RZT2gyWkktUUNvMEd3R0pKNWF5SXhYN0g2SkhsOGJBYmlvWGlkb2dJODFtUXQwdzA5VXpWSmoyQ0RiMS02dFpHUXdlalZic3NHOTRLS01iWmhnYXctTmdaSk9iclBGdVVQV3pxWEtURkItOVRHQ21qLWtIRFZYUUU?oc=5
2026-09-03 20:21:00,META,Why Is Meta Stock Up Today?,The Motley Fool,https://news.google.com/rss/articles/CBMieEFVX3lxTE0zMVBNVHpCTkJYUDNJZ0V5RUdHNWZEN3dNR0pyemlMdnRid0JxcWlXdXFOUU45eDlVU1V5QjJEaEt5RmlmeFdHNWVRQU1ocklDTENlWTJMdWxGLVFKbnVwc1Y5WVVoX1pWdk1rZmFsS1gwLTdxUUdFdQ?oc=5
2026-09-03 19:59:00,META,Why Is Meta (NASDAQ:META) Stock Up 4% Today? New AI Models Are Fueling the Rally,Stocks Down Under,https://news.google.com/rss/articles/CBMiakFVX3lxTE9VdGhJUks2V2JIdVl6UXAwMHY3S240ZkJTY09uUGZhSG92WmpKc1JsM2d3YmY0M0t5N01OWG9WNlVwWFlLQzBONkZSVzk1TlJhcHFhWHUzQ2ZPNFdsU2ZKbHRoUHp1Q3ZJOHc?oc=5
2026-09-03 19:45:36,META,Why Meta (META) Stock Is Trading Up Today,TradingView,https://news.google.com/rss/articles/CBMiogFBVV95cUxOa19WWExzaE5GYTQ4U2FGUWktV2V6RFd4RDZRMUNQNDVvY2lVRFB2QUpQaE5FTzRHcGc1RndaQ1JhQ2ZQV1B3WGcwUDhQMDdUTThfaGdaMElHYjkwU0xiMEZxTlY0ZVdScWVtTU1mM2VzdnlDTF93NUxNSGJxR1dsUTdsWTBOdXlZNjhPSjgta0dHR1JyazVrR2ozcXVlRF9PY2c?oc=5
2026-09-03 19:41:32,META,Why Is Meta Stock Up Today?,Yahoo Finance,https://news.google.com/rss/articles/CBMijgFBVV95cUxPVEtHeE5JTlNFSFRLR0RwYlZXU19BeE95WVZGQUFQNU4tOHRua1RfWnFSM1FVNU5KRVBpYXlXdzB4QVJnSGFKdmJORVBGZmVadnhHUG1NSlJXVlZvUlZRNHB2YkpybGVQVG5pNV92ZDh4dW9pcWlyNGt0YlM0TF9yOU9rWDZhME5RMGY3Ql9B?oc=5
2026-09-03 19:36:00,META,Meta Platforms (NASDAQ:META) Gains Focus as Market Themes Shift,Kalkine Media,https://news.google.com/rss/articles/CBMirgFBVV95cUxPQWFXZHRpTDVDbWh1bXhTR1VKUXFrYTYyd084OC1Jci1RWGxIay03R0FQTWZQZHlWSnJKc3l3SXpwbVhXcHpDSmYwaDUxWmM0MTRZVjV0MWQ5bXFtM3pTa3NKNkRGdHJjY2ZuQklhdC1VYlZUX0tSYnliWTk3eHlobGp3TXVsaGRQUlh3NXdOa21MVlk1eW1xSzBnLVYxNWhqTWE2SWp0bGVYaVBWQWc?oc=5
2026-09-03 19:17:00,META,Why Is Meta Stock Up Today?,The Globe and Mail,https://news.google.com/rss/articles/CBMisAFBVV95cUxOcHFBaVA1d0pDcHRhWTRfeV9wazNzb3B5ZUcxTWM1NzBmZDY4VTk4S2FuYzUzUGFuZjJhazlmRTg2NzJ4NjYzWGhZcDhBVWJTVXRnSUI1UUtmaEhIODc3ak5ITW9jeUhrMVY3LWZoXzRkTlNMbVRBdzFEWThneklTYnpSOFNLeDBqcTZ4VUJwaHVQM2d0ZTQ1MllnRnV6ZnpRY0gzcE01RGxOM2tneXVFRA?oc=5
2026-09-03 19:04:36,META,Meta shares jump 4% on claim Muse Spark 1.3 AI matches Anthropic and OpenAI models.,Pluang,https://news.google.com/rss/articles/CBMioAFBVV95cUxQeEI2LUU5UDRQWGU5MXRHRENWekZwTlBmdFhGZ1I4T3JjTFFUZGZ3c0ZHRW8zSld4dEtTQnVjaV9XTlNjTk9ZaVNXam1tczNZa3NaMmZHR0hlT0g1bjFqN1A2Zzh1Yk0yNWl2LUNHM0dWSVh0QVRjZWtBd3Y4UjF5U09HYm85NFpEdDlpZWtna0pCbzNKcHJkcDFwS24xQ1VI?oc=5
2026-09-03 18:51:48,META,Meta Rises 4% as Muse Spark 1.3 Claims Parity With Anthropic and OpenAI,AOL.com,https://news.google.com/rss/articles/CBMidkFVX3lxTFB0aXBCcWtjUkhfQkRhcEp2VHVvOGtFU2NLVzJrc1JjaWZ4c1g0MWIxLTg2S0RBS2ZtR1R0UkFpQmpzMHlPM29OV2xFTVVXbXprWDlNaTVtY3BnYXdLREZKbUtHZFQwb1AwSTFfME5wVGxQVGZKSkE?oc=5
2026-09-03 18:48:00,META,Meta Rises 4% as Muse Spark 1.3 Claims Parity With Anthropic and OpenAI,24/7 Wall St.,https://news.google.com/rss/articles/CBMitAFBVV95cUxNVi11S2NVaVA0Z0lVcXBoMmpXWmh6QWRZQzJZZ0dPdHkyb0NwQXktdlBoWUNFMlpSMl8tVnJqR1h4SGZNWmRpSGNWejdUek0walM1UjNpcnFfVk5fMmhKNEpDNXdZaWhQVjVYT1Fsb1lGQWMwZUFBRkpQNF9oeTY4NzhOQlAxM2xkaG92Vl9NNk0wbnN1ZWVwSWl6MWhtR0RJMktKS2FpNF91NFRjVUxnRHJjSVI?oc=5
2026-09-03 18:31:45,META,Why is Meta Platforms stock surging today? By Investing.com,Investing.com South Africa,https://news.google.com/rss/articles/CBMitAFBVV95cUxQRjU0Q2dsUGREOHYxOWhqZWFuckRsUWhtR18zMWZZN0l4eXJFYU1jWTlMdnotZUE1VndMa0QtX0NzMDZRZjZmWDRES1FkWXhUcXF6b2o3VEJoOWdXVW5HTGk5U2NWNmdraFdmOFQyeXR4Rk9oem5RNjJqQTkxLUpFcjBKMWVKQTFieHJWV2ZKS0pndkd6a0phYVpUWVZIWWFmSkZmRWVPMVpEMDYtcTBPMjhsRHY?oc=5
2026-09-03 16:17:52,META,Meta stock eyes 33% gain as AI boosts ad growth despite legal and cash flow challenges.,Pluang,https://news.google.com/rss/articles/CBMihgFBVV95cUxPVWhKVHZFRWIwVkppTDFBVkdiQUJZNTlPZzBqQk1wUlp4d0VZTEJ5SVJnemE5cjBTdFk4QllERlp6XzUzSlJXZ3RQZXRXNk5pdVN3Z2NyVzZLUW9yclgyS2dsRktTYVFmNlpiU0FqRl9ZLUxTUkYwUUVXRVZfTUtwSzVKWTNrdw?oc=5
2026-09-03 16:15:00,META,"VOO is up 1.1% today, on META stock price movement",Quiver Quantitative,https://news.google.com/rss/articles/CBMikAFBVV95cUxNa0ZLdHdYMkpEMUw5RUNNdndwTDVMS2VKVkpvbnpoa3ltZW1xbjRiYzh5eE41WncxTm9mbWcxd3d3QkwyQ2JtQTNvZG1UVExocmxkTy03SWJxUkpMMVE3cHpSbjJWVlY5N3BSOHBTWjI0V19jNTQ1NFRqUE05NE10TV9DWjVhb3dKTjcwZWhkTWM?oc=5
2026-09-03 16:00:38,META,Meta Stock Has a New AI Catalyst. Is META Headed Back Toward Its All-Time High?,Yahoo Finance,https://news.google.com/rss/articles/CBMilwFBVV95cUxOQzhlM1JGcFh3VFc3NGhqX2tXY0xma2tCcDc3b0hjdHQ3bFRBUmh3ZjJ5eGh6MVFTR094eXQwUW9QVFM0NWhFMEV5Qk5mMDBYT3lfM3F4MU81SWtkQUhFcFk2WFlqSVg1WjFsUWhrR0pMd0QxLXZlcHFmNFUtYWljQ2ZvTjFCUjZvWmNERnl4SUVZcDZPRTNn?oc=5
2026-09-03 16:00:00,META,Meta Stock Has a New AI Catalyst. Is META Headed Back Toward Its All-Time High?,247wallst.com,https://news.google.com/rss/articles/CBMivgFBVV95cUxQU21PU3haYkdEVUl2V1JRY0lSZHF3MDJjREhybDZMS1I4VGR5N0pKeUhGQ00xQ0JDaE5tcWdFa0l6Y0tHVlVQdHNtRk1fM2xiYkRURVF0cVBGX1B1UUU5UTJISHZKWEgwVXIxRDZJajlsQWVfVXpvTnk1MVVrbmJia3BwSnp0WVZvWkhoXzlrSGtUckZGWGVZUWtVcmpwelYwRVg5YWtTdzRRNXZaT2hycmJ4VUlxN0xUbDJ0eFdn?oc=5
2026-09-03 15:47:40,META,META Price Prediction: $618 or Bust — The EPS Miss Overhang Still Has a Ceiling to Break,blockchain.news,https://news.google.com/rss/articles/CBMijAFBVV95cUxOcU4tMFhHUFBaTzQwb1Yzb29DQjA0M2hVbWNHYmRqektORHc0bU9RZmFpSmZwd0VsdDhXWG5MeGY2dzctUng4aF83amN6QWJxSC1TOWFWVFBLUFhyQ2xITEJFNHhzcUJIdDJkS2lDaEJPeWM0ZWVVelJWRTNDeWVRaEFQeW9qUzdxZFl3LQ?oc=5
2026-09-03 15:29:36,META,Meta Platforms Inc (META) GF Score of 92/100: A Signal for Marke,GuruFocus,https://news.google.com/rss/articles/CBMivwFBVV95cUxPdmNzWVZEZzRsZmxsbmZBMHpZODN3a1ZRNFd5WWdsY2Z0ZHItZU5nYkNrYnFPbFR6dUhpN19fM3FWcllJNU0wbXUwWk11MDdiWUlya21pbWQ2dFIzMGhSaTFIOWEyYkg1b2g0SVZId2NZQk1rbnhxVzBUazhSaldvX2wxNlZCMHFRNnUwZ2Jja3dQeWVuSl9KOWpSODRibVQ0ZngwcW1WSFY4R0p4SXA4WEE0XzdVUWRBYmxWa1BWSQ?oc=5
2026-09-03 15:14:32,META,Why Is Meta Platforms Stock Gaining Thursday? - Meta Platforms (NASDAQ:META),Benzinga,https://news.google.com/rss/articles/CBMizwFBVV95cUxOU0dwNXdfa1B5ZmVpT252NXRlT2tzLWdRSGRFSWxhLXVPc215M015eFlkc0c1N0ZXTVZOLTlwRmtkZFd1U3lOS1hjZlJjSHNGeUVnM0ZJclA1NkVuQlU4TTFueElNYWFWUmstQ1hWa1VVcUV2MG5DbTJrS2dsS2dnejFNT1prS2NWM25uYWpPTWVfcFRnRk1XR1U3VmNTM0ZYT3dWRjRWRlZLRm1SU0ZpeUE1UUN3TVd5dXFyYVRQRGVFd0VfTUlfX0hiOEk0STg?oc=5
2026-09-03 15:11:09,META,Why is Meta Platforms stock surging today? By Investing.com,Investing.com South Africa,https://news.google.com/rss/articles/CBMipAFBVV95cUxOUzg1S1BhcEFhRTVhQm5jYWZUWDZlek03Q09OX0Y0RXhrdUNYd05uSTJ0NENnWHdEcnVubWpYYnJZSENtNUl0d2ZBQ3BBWGdqWnc4eEE2Z2Ztcm5wcWxfaDR2cDcwa3pjMXNibEtzUG44a0ladUQyeU90LVJleWhVeDhMQUpVMUZ6eGZHR0NDZzJfVXY2aG1US0RTeVRoR2daVDRzTA?oc=5
2026-09-03 14:59:30,META,"How Google, Meta and Big Tech have fought the US — and won.",Business Insider,https://news.google.com/rss/articles/CBMihgFBVV95cUxQcTlVSklPQ2tCNk1ZZWp6alV2UFZQWVl6OUI3SnktdlZ1SHZXMWRsZExBVU15X0VGVUF4RXVTYm80OVdLTld5TGhTVEtfTGNwNWRxR2JRM1FOb0pPZVA5aDRyVGwxc1lmdjdqTkJqOXM3VEVLRV9uOVhGY2RpUWZYdlh4R0hNdw?oc=5
2026-09-03 14:22:12,META,Why is Meta Platforms stock surging today? By Investing.com,Investing.com Canada,https://news.google.com/rss/articles/CBMipAFBVV95cUxQTEtxRzUtZS0xOGdTYW1rQVo4SUUwRHFRMDZvVEFnXzhBaTNUWExtRGhDcWxIelZ2WExIYnZ1cFVlTXkxV1JPSks5UWVKaGRvMlZsc2xpSWYxcU1xNk5XQzFEMkRFUUZ2bVhQQjhPdVZMakRaREpjSlEwZ01SV0RTMl9tU3JHcE44OG5WSW9kTmgzdjRmYVBOcTJ4OGx0SFVtSjlkUQ?oc=5
2026-09-03 14:20:00,META,"Meta Platforms (NASDAQ: META) Launches Muse Spark 1.3, Its Most Powerful AI Model Yet, Targeting OpenAI And Anthropic",foreignpolicyjournal.com,https://news.google.com/rss/articles/CBMi8wFBVV95cUxNMGR4aFdZZ2hnUnpKMDZicjRxVmNGSjJmYTJJSnJSekxSeFdaUU1rek0yaHBoTmhqdVNLdUkwaFJBcTNPbk5OdUlwNURUQV9XVVZfaHZKQTlPX3hGSDRCTERQeC1sNW1rQkdob19tOGJrR0YzTVlmanNHRFRrVWNPSi1rTnMxMzRjRTE2aFZ4QzFsR19hS3IydTQ4ZWE5UEhUVUo1eWpmN3RxYU5KQUtXaERhQUNSNEpXcnJsTnNhdGhQMjFrRm9hZllXcmo5eVFZWUxBYWxJa1ZPeUl2ZjVFX3ZrOU1qREdxWnhJSVlGT2FhYjQ?oc=5
2026-09-03 14:12:34,META,Meta stock breakout attempt: Upside targets to watch,Traders Union,https://news.google.com/rss/articles/CBMijwFBVV95cUxNaWJZYzdoYXo5M0RQSEhJOXJlZmVlWjAzNmZla3Z1NWl3QUsxSXEtRGl0OExUQUdLNFVYbDNPeUs2bXNMYUxGNXh2eV8xSG1DblFZRWFwOWlGVXNyeVNjNkl5LU5vNE1NeEdCemp0SC1zYy1BREJJYXY5dDc0bjY5WFh5SnlLUXdSVzNaSk12dw?oc=5
2026-09-03 14:08:32,META,Why is Meta Platforms stock surging today? By Investing.com,Investing.com Nigeria,https://news.google.com/rss/articles/CBMipAFBVV95cUxQdDRQWm9NQ1V5LTBmaVFtazh0MnJ6emxDZVlYOFNmenBzelBUcS1PZklvWGNWSHlRN01zb0l2WlMzVEVLWWRnYnYxRHo4UFF6dU5ob0x2VVpQaHVzOEVqUzdFcFhtQ2o1cmI1dGw1MDR1dVhGcXZDTExQeENtbmxPVTJqci1mMkVIRnBNdVhmSFhWNmVwUmF0WjloR2ppeVV0NEZiTA?oc=5
2026-09-03 13:49:24,META,"Meta's stock could hit $1,000 by 2027 driven by AI growth and strong ad revenue.",Pluang,https://news.google.com/rss/articles/CBMijgFBVV95cUxNdEFCTXQ0QmZ2NUlQcDBoZnI1dTR2OFQxVnEwamZsd2Mwck00bzFCLU91WDBNQXNpUXI0MXQzbGNSUjFKa2dQVEx4VENhNVNLUHpnQ0xMQmk4RWlTclRiMEVlVTU3VnR5VmZKVTVQREpfOFNmN1BuMUlmZW0wb1dfR21RTllpV3ZTSjROVWl3?oc=5
2026-09-03 13:47:27,META,Meta Platforms Inc Stock (META) Opened Up by 4.32% on Sep 3: A Full Analysis,tradingkey.com,https://news.google.com/rss/articles/CBMiiwFBVV95cUxOd3NUeGtrOEpZTThlZXdSdUZSWFVVaUZtTmNBR19BaG9hZ25zdmVyYmdlUkViMVQwdlE3dVI1THZJN2tySTJESktjRVRwV2oxckFVY0RYaHQtNHM1dHU0a2lFWVlVZW1fc3RwLU5rWnQzY25IdkFoQ3NXWUFHcEJuWlc4cThhb0UySVJV?oc=5
2026-09-03 13:30:18,META,Meta’s Next Trillion Dollars Could Come From AI. Here’s Our Price Target for 2027,Yahoo Finance,https://news.google.com/rss/articles/CBMingFBVV95cUxNNnRneHcxWk1DU2ZNeXY1RnY4TU5FVzFLVzFZX2U2MVYyOHNVUFpubWdLSHA5a0ZkZlJxSnNlUEY3cEIxR18zdTlQdnM0SGMxdmx1LUdMRGdUeVhvSnB2bnE5cWstWWxjbnBnamRua3Y3RXhIaGlYRG1iLUR6N0xSdERmM0l4OU5TQUFXNnY4R1hXUk9Ob2daZGRnZXpodw?oc=5
2026-09-03 13:30:00,META,Meta’s Next Trillion Dollars Could Come From AI. Here’s Our Price Target for 2027,247wallst.com,https://news.google.com/rss/articles/CBMivwFBVV95cUxPVzlhXzBFWUM4M2RIVVZTbkVWNVJjOHg4TVpLX1hYYzlIT3pmUWYxVHpKOVJ0Z2Mtb3ZoWGF0Uk9wLXhia3dNNHVHbXpCZVhFeExCaVlJMWxVQUNpNHZ0UVJsN0ItM1hhUEJZSXZObWtkY05fMmlibjZ5WDdzU2l4VUlUakozaHpkQXFNcjlNZzNsSVNwM0hqZWhmdHB1NHVsSWFPREJWYTExaG44WE9Qek9FSU1SbVh0RTBpVGdQYw?oc=5
2026-09-03 13:28:24,META,"Hyperscalers Are the Backbone of AI. Here's Why I Own Amazon, Alphabet, and Meta Platforms.",fool.com,https://news.google.com/rss/articles/CBMimAFBVV95cUxQamxpQVZBQmFiWjNjal9xeWlic3dKTHRFcWJ0T3BIbzdnMXQ2dHo4bFp0VjVlR1ZuSG9tXzBKaUxnbjlyeHBhSUhXRTZPU2FUZl9acnlKOWNscFkwbVdnZmpHa2szX3hpUGdIcTRkVUl6V2hZcmhVa1BFUDVmMjZhNUozcC1CUEFFb3dCa3RjY05kczhJbWJtQw?oc=5
2026-09-03 13:00:00,META,Microsoft and Meta Signed Multi-Decade Nuclear Power Deals. These 3 Stocks Supply That Power,247wallst.com,https://news.google.com/rss/articles/CBMi0AFBVV95cUxOdVJuWTI3b1FBeGl4Wl9POGNWZmNxVEphQXVIQ2NJQnM4WktFVy1EQnBzU3BhWjBTR3FrMENseXlGMDZWcjJqbktObWRQa3FVLUZsb0MzWHZkNDl1NF85UWliR01RTnFVd3FRMVgwOWFfNXhOaE9pVDJZd1NObzJ1LTFHTnhFZ1ZzaUxBQm5KSlAtUFJLaVRFdHdSSlA5UGxwcVNtbkVWNFVFWmZVUm5heWd3NEtNN3BmcUQyc1J5VXRscFJrWEZLcDNyWk5Fbmo4?oc=5
2026-09-03 10:42:37,META,Meta (META) Stock: Bernstein Holds $800 Target as Platform Nears Google in Ad Market Share,Blockonomi,https://news.google.com/rss/articles/CBMirwFBVV95cUxQVGFIZGZmSHZzZHYxSlFidXN0VWFQVUxVbXE3T19aNmZQS2RaTXNhbUxCbzRKUmtGTFBoeVZjZ21kRy1Zel9ndXBRcjJ6Ti01a3JDR0Utc0dGRlZlZnE4ZHVOU3lycnVES1BOWXVtVlNWOWFuSnU2MGFBaWVnRDV5cnplTE9lck5VR0VBOUNtREVCWGFuQ0xrUnlOY0RIU2ZhRDVuQ2EzYUFoU3c4TXVr?oc=5
2026-09-03 10:40:00,META,Meta Platforms May Have Escaped the Worst of a Landmark Teen-Safety Lawsuit. But the Ramifications Could Be Much Worse for Snap.,fool.com,https://news.google.com/rss/articles/CBMimAFBVV95cUxNNEFsMS0tcTRBRGdWQm5NUmdra1pOM0VrNlhsbmVHRjlVWFNnSzdDeHAybzRrdVo3VHRBLUtTMlJpQzFBcDVidDY5ZHlqWVdSQnl4R05Hb2tJd083b3hMald2aEkxVVBNSENBdVdTc2F3M2FCaFdPaDgyWnlkdXl6Zzc1WFF2TnpmZFlYU282OXRJRGYxbEZPaw?oc=5
2026-09-03 09:34:00,META,Meta Rises 2.5% Despite 55% Cost Surge Pressuring AI Recovery,TechStock²,https://news.google.com/rss/articles/CBMif0FVX3lxTE1Xa3FGVmhHSzNNaWo2alltWUdTbzZJNW9FMTRSXzd2TWgtckRfdmo2cUZRTnVHeVNzYk03SlphamhLcUo4anp0Y2hPdS1ZeGVXQ00zV1NXblVQSGNWdWcxMlNBQWhyUjc2clhmMHBvZFRoUGtHRGVGZ2t6OHRGRDA?oc=5
2026-09-03 08:58:00,META,"Meta (META) Layoffs: 8,000 Cut, $1.18bn in Severance, and the AI Plan Zuckerberg Shelved Before Wave Two",FinanceFeeds,https://news.google.com/rss/articles/CBMib0FVX3lxTE9zNlRvTlF3ZjczV3ozSUI4QzBpdGgyRUVDcUFrVXRJaldMZ09XMy1QUk5sZHVmbTlXb2VFVF8yZFNRNEc2VkRXYjJlM0pwRmZjd1lvYjRYS3hSQVhWRzA1anZ3Tnh0NUZXek96S0thVQ?oc=5
2026-09-03 04:49:26,META,Meta Platforms stock gains on AI launch and settlement,AD HOC NEWS,https://news.google.com/rss/articles/CBMiuAFBVV95cUxNQkdEcDF0Vkp0d3NfVzdMMGdacmNmVEk3LVZ6VUg2UmluSUw5Q2RYSmVuY0NfZXNLYkt0RnZtUGVqVDMyNjEzY1NuUlRBTngzdEFPc1Z1WWNQWEg2Q19neHM4YzNOVWlwVi0xVzVUdFFUaUFyMG1Gc0pjX2NsOFZBdWhKOC1HMEliaVN4QzNxMTJpWGo5bEpxUWJkcFNkVll6QmNxcHhpWHlpU0w2eWI4aXFVLUhBd1kz?oc=5
2026-09-03 01:46:35,META,Meta (META) Stock Looks Like A Bargain As Its 100% Run Continues,simplywall.st,https://news.google.com/rss/articles/CBMiygFBVV95cUxOUldBaU5pUDFxSENpcVIwc1VUa3hMNDlaUFdORkFBR001Qm9sSUdKTEJsTUdtQUtZQkJhMW54RXdkU0dyRWd0TU9FS0QzV1pOS21JaUpORkJHQWU3RTNrMExZLXNTWUNwRTVPcVlRa0N3Y1ZNRENvV0VkZGVYbVczeGJfV1lQTV9VSFh3dHV1YTNaUUNTRkxoT19PMVUwTHhuVk1zcHloWEdCdUlNYlB1YzloUDF4RDRSbnNjajFPSWxsckUxbEVYLTB30gHPAUFVX3lxTE5fclp2ZGNIcjQ3T1lTNHQzRFo2VDFhVTJzMFVneWZ1bHMtdVVZWnZsNm01TlNkcUp1YXRyMFdoVFlDc3p5UjlJTVRkYkctMmpiaXBRaFlya21RMzAySXZNOFRYaE9haXdCdFlrdkRFcXhWZEpPdmJEY29IZEZqVjhxR041Y2tYVVZEdnE0cURjU0VNVU94TTJjZXJYSGZlQVlDa0VVUTU0YTNIMEpLc3I4MW1KZmx1VUx0ekppbmc4b0tTMlJzMjE0b0NGVEVXTQ?oc=5
2026-09-02 23:50:13,META,Meta’s Latest AI Bet Comes A Day Before Q2 Earnings: BlackRock Joins $14B Data Center Venture,stocktwits.com,https://news.google.com/rss/articles/CBMiywFBVV95cUxNQ0Q0ZUFRdEd2OVhMWnZLZVhlSTNfUlIyYnpQcnBrYmJ3MVlWd0V4bTZNRFllNThTaFZJeXNuSnRGRHpSZGtOSWZlakdKdHVyQ0ZER2ZINkFNbk1BSWJyMEdLMnMtZ0JleDltTHRYUThXT1pPZlpHODNkeXEtTUtBLXM3eGJRZjRzNmlqNmU2TzR4ekJFbk84ZGg3NURkV0ZMaXFiZFVzR25pZnZNWEhiWkE4OWRtd3Z1RWtpMC14NVkxdjVETEt2c3VrYw?oc=5
2026-09-02 22:03:07,META,"Meta (META) Launches Powerful AI Model, Microsoft (MSFT) to Disc",GuruFocus,https://news.google.com/rss/articles/CBMixAFBVV95cUxNME8tcXhKalNjNXhKZWlHRHBLa19HMUxKMElLYW9wYTZBa0pGaXBxSHhDUHE1TU9XaXZ1SXhlQ0l3Z1lJbnY1bS1IWUp2RWF0RzM2NFVTOXZMcjlleDlIXzhNMVRBcTdzSGR5dDZkSmtqaWhIQnF1Q0d5R2pQekJUVjk3S01HbERGZjRrWGs0dmRGTURRM0EzQm9mU2F1RnM2WWRBWE1OR29lSnIwYjVpSExEMVAyekdrOEdTZjNndjcwamdT?oc=5
2026-09-02 21:45:40,META,Something Is Wrong With Meta (NASDAQ:META),Seeking Alpha,https://news.google.com/rss/articles/CBMieEFVX3lxTE5qcFBnUWxkVEdSVUpoUHl4dzFVTmFoZ25Oa0tLaTBHNlVjc1ZVU3dtRlhCeHdXaURoTzB4dkpJV29XVG4tYVplVndLYUxCMXhVWVJmeXNVdW5laWF6a0czRW1xU1cxM0tDNXlOWWZwY3dfUU1fRkRMWA?oc=5
2026-09-02 21:04:46,META,META Looks 30.0% Undervalued on GF Value™,GuruFocus,https://news.google.com/rss/articles/CBMigwFBVV95cUxNUy1QQmVtQmVUa2tTdE1Kc29MZGYxQ3VqckYyWldrN1FXRjZwT0xBWUNZSEQ5bFNIaHJOdnBXZ2tobGJVemtPNFpoaUpvN1E4Y2tUR094V1ZybmhEdGlOX1c5S2xiX1hSMlFxNC1RR1BsMDZsdVkyN3Z1Y2RnLXh0UUxKTQ?oc=5
2026-09-02 20:53:11,META,META Stock Jumps To Best Day In Nearly A Month — Meta Platforms Unveils Most Powerful AI Model To Compete With AI Rivals,TradingView,https://news.google.com/rss/articles/CBMiiwJBVV95cUxNNnR3bzBacF9pSUZYTjItWnVwb1VuSUZobmhhMV9vYVJrNUpFRW00VGctUTAtZ2lyM0xSN01ITUpIMTlROTU2SFZTak1DZDFPOVQ5Vm1GU3dWU3dIdXNyZ0JCYmFPWWpaX1lIUEYwTVlURzdiSkxtVjZxR3ZKT0dGclRvY1JmM2x1aVJzU3k4cjJ6VmhlTEtGemQ2WUd2VlIyYW5haGVVWEtfRjVwQnNMVXdxRF8zOGNtaVBmdHU5SW1wRlBOZzFsQUppa2JXSUVqd1hINE52Yy1fd0Y1d0RlRTN1czRjY0VaaHVmMkRSNkRyRmpubzZpZFpkTXQwOFA3ZUREbmZCaG95TzA?oc=5
2026-09-02 20:53:11,META,META Stock Jumps To Best Day In Nearly A Month — Meta Platforms Unveils Most Powerful AI Model To Compete With AI Rivals,finance.yahoo.com,https://news.google.com/rss/articles/CBMikwFBVV95cUxNM0toakh2VEVOS0gtLTlpb05mMkdseUEtbVFUZnYxdlhBenA2MHB6UUw5NUx2MzdMWTNOb09FdEFxcE44UTNEeUdUWGlJNUxYeWlabENrNGwtNFJrSGYwSnBGR2Q3TVZzRVFTeWF1eHVoRXRWcWZPQWRQRW11a2pseTFWc21VY2RiZFlKNGZydnhIdVU?oc=5
2026-09-02 19:56:32,META,Meta launches Muse Spark 1.3 with focus on agentic workflows and coding,Seeking Alpha,https://news.google.com/rss/articles/CBMirgFBVV95cUxQVnlLMFVGWm1pdEhHaVpacTg5aTdIVUphWS0tN0VDMk9aeTlORzRvQWE2T05wVXV3Q2VPYnV6VDdIQ3dobmgtWUlkbW9wdllvVnV5UTNqeVY0dDZoNW4tX1JUbWxEYVc2bnJEb0g3UFZyNGpwbDZmQkJqVjVqbnBHbFJfal9NRHE5WXJwS25MS0gza2wyNHVpeGtpd1ZWYjZpLXdXWmE1eXpZblJDM1E?oc=5
2026-09-02 18:12:47,META,META Vs. META's 7.1% Bond Yield: Reality Check For Asset Allocators (NASDAQ:META),Seeking Alpha,https://news.google.com/rss/articles/CBMisgFBVV95cUxQMWl4SUJ4dFdSY2JoRGp5eC1kTXN1NWc2UEVWbDdUUVpyN1VxaVJCZlFOQlJmdlVtVkJ2X0l5SFlIaVVJUXBIWGNMR3I0bEI5c1JPREZfYkpYUnRZRzRrUlF6OHFuMUt2NzBQSlNqdHZWaU1qZC03cERkQVU0Wjl1YnZ4U0VQSWswQmxwdUNOM050QjE5dzhaS3hHVFRZT0szQlZTS0QzSWpGRmQyX1Y0X3RB?oc=5
2026-09-02 18:12:09,META,"Most Active Stocks: Meta Tops List with 27% Upside, Strong Buy Rating",TipRanks,https://news.google.com/rss/articles/CBMinAFBVV95cUxPTWtOaXFwT3NIVWhaVlkwQzhiZzNiUUptbWhJa084N1dkLWJBMlI5WTk1dFAyaWFEeEhYVHItMmVmN3RoZV9PU2lMV0ZaaDNYQlgzZUVxNzFQVkRNQ0lKZWJGUEJPMzJMYlBDNVQ3YlNnR1pXR3VIV1NXMDJiMVROSHF4a0ZJSmNOTHI2amZGNWRzYzgyVzdCdDRHVzM?oc=5
2026-09-02 14:59:50,META,Why is Meta Platforms stock rallying today? By Investing.com,Investing.com South Africa,https://news.google.com/rss/articles/CBMipgFBVV95cUxPN0Z4R2h0TEIzUlhnX3JHNWJVZEloZVMyX3FaV015OFF4cW80UHRkeHBXa3F5bHpkYUxGQzVSOHh0R2djQmpWazBZQVljRS0yVW8xNF81WTVROUlaQzJSOGhiRmYybEtkZ2pNVEdwdmxhTWhxbU9CNEM0ZFRiU3F4ODBTWjFiRGFGME5KeTlOX2tQVzlEemR1RDZhWHZDOU0tbzMzTTZB?oc=5
2026-09-02 14:46:58,META,Why is Meta Platforms stock rallying today?,Investing.com,https://news.google.com/rss/articles/CBMisgFBVV95cUxOV25Va0NlNXEwcEVTUnpKcU9ydXctS1FTTWtqRkU0ZnZBV0g0RUVBY0poNk9qYWMwLW1DNmFuU2E3dnVNdTUyaXRIQm1RVFBDZFNUY2gxY2FmYkVvbEsyQ3VUQjRHeVdaSGJpTlNudDhiWlVmLW50bUxrQzBhM3RFMDE1R29qb1lWdWs2MFpkV1FLNzdIeHFvZlVlb1dFdGVxVWs5OFppU0xKVktmSmFZekh3?oc=5
2026-09-02 14:31:47,META,Meta Platforms stock gains on AI launch and legal settlement,AD HOC NEWS,https://news.google.com/rss/articles/CBMiwAFBVV95cUxORFVQYzRyQ2xwVHJtVWRMNzQ0ZEkyaGdFOU81dWI0M0FwemhPZVB3X09ONzE2ajlJSUtMN0tPRUdNNUg5NWxyRFJTS2JVWnVMV0loUnpIcDNUN0V2ZWdYYUJnVm1CeFo2eThpbGV6RExWeFdrNm5leE45RHhjdGJQNmpweXU2bnpmcDctR01HRlFHU2kzbkJiSjRDNFMtWVpqa2hhR3ZnTllUc0hfYjJfdVYtbkZnSldHcFA1alVXcmU?oc=5
2026-09-02 14:16:22,META,Why is Meta Platforms stock rallying today? By Investing.com,Investing.com Canada,https://news.google.com/rss/articles/CBMipgFBVV95cUxNUnp4aGhkcTlMSTZEMXBTU0hkTFdKR3h2NnVaMEhSZVk3UXE1VTJUNEJEQUhYN29XRUluaDQ5TXVXeElrZ3dRRVNTMU5NbWpvTGRBY2ppd3BpSnd3bFJaUDRMXzJhWnVaSXhmajRGYWcyZWRCTHFnRTlPdlVxRHl4b09FU1pjcnR0eUJuam4zOU9xaHUzSFdySnJZYnVscTVBVVFyRWxB?oc=5
2026-09-02 14:15:22,META,Meta Platforms Inc Stock (META) Moved Up by 3.69% on Sep 2: Facts Behind the Movement,TradingKey,https://news.google.com/rss/articles/CBMiiwFBVV95cUxOd0dwQXVFSjVuTURGYXV6ajhQejM1UTNaTWdOQVdpOUM5NnIxWWZvUXk4YjB2X0x1MjNHSkZmcVA4dC1NTTQ0QzcwZVN5aThwRDhjTVI0eU1oSnpUaDZ3dTBZNGdWTHR3cjE2cGFQcnhKNUYwNVoxLXpOSkNwQkRtSDd5Y19vRGp0Wjhv?oc=5
2026-09-02 14:13:33,META,Meta stock resistance test: Upside targets to watch,Traders Union,https://news.google.com/rss/articles/CBMiiwFBVV95cUxQRUdfWGM2ekhnWXZIOGlVeHZwX0p3SWY4clI2WGJidzRXUllXSUw5YjdVa3FndGRVakhwOGJnblRiVTJ5VjMtQmpfY0lER3c5NWJGVFp0bVdzMVN2SjNBeFlrZmZaSHhvb1ZfZjNQMlBkQW1kSVUwVlBxRDJwblU1UG1ScU5iYWMxRlNB?oc=5
2026-09-02 14:00:39,META,"If You Invested $100 In Meta Platforms Stock 10 Years Ago, You Would Have This Much Today",Benzinga,https://news.google.com/rss/articles/CBMiwgFBVV95cUxPTGFMcThzaGQwS2JuQ3JIMFM1VEtLcF9yS3FUa0dSY3BmRjlqSWlDLXd6WDVuOU5OYThXNzFvUy1YdTdIbWhFUktVTWhRX3dUUzBtMVVqYWxxQTJBS0EyTWZ6dEtXb25HQW5YbVBaUHl5UFdzaU1MVU9iU3NYQzM5YzhnTHVUem5jYnR2MG92ZjMwamJJR2FJYkJZaml5S3N0TG1tazNrOVhQdjZOQnVkUTloMTN0QWtER01IRktsX1ExQQ?oc=5
2026-09-02 13:30:00,META,The Social Media Trial Settlement Is A Major Win For Meta (NASDAQ:META),Seeking Alpha,https://news.google.com/rss/articles/CBMinwFBVV95cUxPVDV5WjJ6S1lfQXdxSDFncklKakdsa3MwS2dRcXhyeFVEbzhkVVlHNWxtX0xhbF9WUldrOWJFMm5IUXdyOFFaMGR3V1JFM19aMldycXM2b3dFM3dtVE0waHpPS0RFQkFjZFZDNkNUU1dTZG5MTExWZzg3RGNOLWFCQTU5STRfeTdjVUtCbjJsQWJtZ1FHa3Uza3hVZHZaV2c?oc=5
2026-09-02 13:00:19,META,"Morgan Stanley: Litigation Cloud Lifts, Meta’s AI Product Pipeline May Begin to Accelerate",moomoo.com,https://news.google.com/rss/articles/CBMiqgFBVV95cUxPaTVrZVBaVVZTWTI0TGpxSXF3VlBfbk92WGRWcHV0UkJubkF5SmVuUHY0UW51LW8xRlFNZzVwMWt1eEhpVzE4Z1dVMXlSeWFLaUhTTjZNNzY1MC1PYjVHbXNfU2JUR0pZXzVFcTNYTXZiWWpWYmVTLU9YcUhfeUV2c0RreG4zMHAxa09aNTRydGtCRmdReS1LTFVLRFVJdnlyZ1I4WUtYRXRiUQ?oc=5
2026-09-02 11:00:45,META,Meta’s Big Tobacco Moment Isn’t About the Money,corporatecomplianceinsights.com,https://news.google.com/rss/articles/CBMikAFBVV95cUxOSjBlMzVtVjMzLXFUVTRxWXQ3T0RJakZiWTZTQTVVV3ZOamNFVk43NFlSWVhGeF9teGtISVVNRW9WVjduanBvbUYxUUctWUI5bXU3bWRtU180ZndhekR1UXFWcTNTbG5oZ0RWdEZMczRFSHZZMkpVRnc1eUVmcWFmZXl6aVNQN29FVmJwRXpvY1g?oc=5
2026-09-02 10:03:56,META,META Price Prediction: SMA 50 Showdown Puts $601 and $543 Both in Play,blockchain.news,https://news.google.com/rss/articles/CBMikgFBVV95cUxQNkV5WkZpekJpNVZVeVp2VXRSQzFpZlJjWXRIbmJlMWxMZDFnZVFqaTR0QnhfNWVhOXpQUTZiaGtDem1pZUJKbzl5YXpXX29faHdQOUFwMmhTVklDVjVWaFpRR3o1NGtqZ2ktVGliSVNlRHEwYmJPYVhFd24teDd3X1ZOSUdUOU4ybVh2SDBZZmRxUQ?oc=5
2026-09-02 09:19:25,META,"Meta settlement could clear the way for new AI product launches, Morgan Stanley says",CNBC,https://news.google.com/rss/articles/CBMigAFBVV95cUxPTnlCVDJ6NTNQcnJBNVhHcEJNajZWajdBZ2cxVm42N1lPdl9mNkFWaHBqc1VNV1I0Mmp5UGRlR0p0RGZiRklBdzctQlNibDdpZ0hTamxXeHhaTG9pRVZYbHUwTGhHWFpzVEZXSG5rRkRWT3JnX3dDZVY1bUctc3M4d9IBhgFBVV95cUxPeWYyTW9TNEVVQjMtaXE3UDN5dDFEeEMtRE1QWWtaQUVHZ0JJYVlXN2NFalBSN0JUUFIzMnFpY3pFc2ZBWEhNZGNRNWctOEpyci1pZmE1NHBWMVA4bHZoZjJfVmRfOWFjWWwwSnZVM0hvR0hKRFV3cnhVVm10dFZzcS1tMUlKQQ?oc=5
2026-09-02 09:19:25,META,"Meta settlement could clear the way for new AI product launches, Morgan Stanley says",CNBC,https://news.google.com/rss/articles/CBMigAFBVV95cUxPTnlCVDJ6NTNQcnJBNVhHcEJNajZWajdBZ2cxVm42N1lPdl9mNkFWaHBqc1VNV1I0Mmp5UGRlR0p0RGZiRklBdzctQlNibDdpZ0hTamxXeHhaTG9pRVZYbHUwTGhHWFpzVEZXSG5rRkRWT3JnX3dDZVY1bUctc3M4dw?oc=5
2026-09-02 09:19:25,META,"Meta settlement could clear the way for new AI product launches, Morgan Stanley says",Longbridge,https://news.google.com/rss/articles/CBMiTkFVX3lxTE9abG51djhRbWY2MHpkOWpfekxsME04VjVYb3ZCOFh2TFd4MlFRVUpQSDlQNkhuN3I3dG9ZbEpUSmVQaWQ3MlRnejBiak5fdw?oc=5
2026-09-02 09:15:32,META,"OpenAI woos brands to advertise on ChatGPT, looks to challenge Meta, Google",Moneycontrol.com,https://news.google.com/rss/articles/CBMi5wFBVV95cUxQN2VHd3RDYlhqbS14WGRBRzNpWHFXTnkzME5FQnNQbE45SGktb3pualpfcXhieGlsalZobmF4MnpYYlhiVW9tUmdZU0NZZ1NjdkV6T3BOOHFmMzEwOVVSQnVyVEtSRU5Qa0NrMXgtdVM5WWU2N1pFSW9CLW9wNktVLUtRMHZ0VnVVYVVfMFJqYzNjT3VWSDdrMlN6Y1NaZW1yUmtTZG5GTGIxNWtxY0IxMWRXWElidHViUnk4clJlMU9Bel96RndEWGMycXg4VEFYazFGQkl4Y091M05ZREp5QW1TTWpyeUnSAecBQVVfeXFMUDdlR3d0Q2JYam0teFhkQUczaVhxV055MzBORUJzUGxOOUhpLW96bmpaX3F4YnhpbGpWaG5heDJ6WGJYYlVvbVJnWVNDWWdTY3ZFek9wTjhxZjMxMDlVUkJ1clRLUkVOUGtDazF4LXVTOVllNjdaRUlvQi1vcDZLVS1LUTB2dFZ1VWFVXzBSamMzY091Vkg3azJTemNTWmVtclJrU2RuRkxiMTVrcWNCMTFkV1hJYnR1YlJ5OHJSZTFPQXpfekZ3RFhjMnF4OFRBWGsxRkJJeGNPdTNOWURKeUFtU01qcnlJ?oc=5
2026-09-02 08:41:33,META,META Aug 2026 632.500 put (META260826P00632500) Interactive Stock Chart,Yahoo Finance,https://news.google.com/rss/articles/CBMiakFVX3lxTE40U21ZXzl3aTc4T1g3QmowUFNaSy1GNFpvak5kSXZTNXJVdkp1dHNsUnNKcVlmWVpEY2hOSTFFT2U5OTk5ZTU0bC00UDN0X2JzbHpEVWpXc2ZJMWs1RGR1TWp0TUlMTHRDeEE?oc=5
2026-09-02 08:33:16,META,META Aug 2026 790.000 put (META260828P00790000) Interactive Stock Chart,Yahoo Finance,https://news.google.com/rss/articles/CBMiakFVX3lxTE9ZS25jVFk0bFVhQ085WE5DdmN0OHFkX3A2ZERwbUNZWEJIMGo3Vmh0Q2hGZ2JqWnRkNHZYdVdkWUVrRFlBcXJWZ1NOSzc5cDhrSnpVdXBUREJtXzRoV0x3WDBnYzdITzZuTFE?oc=5
2026-09-02 05:30:13,META,Inside Ownership 100 ETF's Meta Platforms Inc(META) Holding History,GuruFocus,https://news.google.com/rss/articles/CBMiggFBVV95cUxNbjBPUHlXdkNFWWU0RzROM3dDOEJ6V0tqWGh1dGItQl9WSGNheXZjazk1ei13cVZ1LUhlS2pvQjBXZzFSemhNTGVqUG10V2hvVnl6QjdiTEgyODNpLTFCeWYzOHBmS1J4NldKajF2LW1yMGZFY2RTaTRmYS0tNXpSYVVB?oc=5
2026-09-02 04:21:15,META,How METU Works: The Mechanics of the Direxion Daily META Bull 2X ETF,kalkine.ca,https://news.google.com/rss/articles/CBMipAFBVV95cUxQaXR5ZjhhRnRvMGc0b3VWNUJiZjN5M3M4c0toOWE0ZDRwbVp1U1F0c1I2MW5scy1LdHhWSkZGemVBc201ajF3dVJ3a0t5VWhZTzhMUEdjNmVFYUtpTHRPSk5BbU1neHpJZ001Z0FhcElVSGd1V0lWWGs5RnFYczdEaFhsRnVaemxERnphWWtyTXlDUHZFSmNWRkpaQkJET2p5WUZPTg?oc=5
2026-09-02 02:27:00,META,"Meta to Ditch Google Chat for Slack, Citing AI Agent Capabilities",finance.biggo.com,https://news.google.com/rss/articles/CBMidkFVX3lxTE5ER253eS10TUptZVk4ejJ4VEpxbUpMNUxZWl93OUpTSTN4T2pQdVdiNXBhZGpLZFZROUt0UFRwWDFUcDF4VXphY29MSTBNdktoZXlhall4b19fRjZVTC1hVnN6Y0E5XzJka1AxaTJaYlZHYl9uamc?oc=5
2026-09-01 23:37:11,META,Meta Stock Rises After Launching New AI Voice Model,TipRanks,https://news.google.com/rss/articles/CBMiiAFBVV95cUxNNXQyeE5FMUd1ZHFVRlJxS1cyMVJjSkg4MF9sQmdqaDE0V2kzM3h6RkRic3FMd2pOMWgwMHpkS1JRNWxYbmZFWmEzN19hdzlXZ1JvMjBoelVvNVlBNDdXZmdGa1IwdE9NdV9uQV9wSzBBZndrazE3ZW9MX2s1blNxbXhPaEdZMzI4?oc=5
2026-09-01 22:53:13,META,How METU Works: The Mechanics of the Direxion Daily META Bull 2X ETF,Kalkine,https://news.google.com/rss/articles/CBMiqgFBVV95cUxOOFpXay1KNEFfZFVxYllKQXZZZTBkaC1KMER0WGJJYzBSQkt2bXM4bnlSV3ZEREFUVWNkcksyRzdMVDV1UEdjZ1VuT2duODVuNkRXOEVVbXFSSTNxOE1LMGxvU3Qtal9mbTgtbkdkaEk0ckF1bTlSM19GR3F4bGpwQXF2U1M0NjNPMFVtaFBmdG1yeGVtWEJ1NE5tbXRHaUdUbjBGa1RnQ1Atdw?oc=5
2026-09-01 21:32:33,META,Meta’s Settlement Is Not as Good for Kids as It Seems,Psychology Today,https://news.google.com/rss/articles/CBMiwwFBVV95cUxNdjlSeEtCbGZURFdGQWY1QkhyVGpfTGF2dkFCZTA5elZIeG1pa25fRXpJX1F4LVp0N2JfUm4wOHE2bU1QamVMTzNRRGF5aEx4cDVqdHhsUXh2a0RYWS16dlN3bjMzMFo4VWtBNWZCdEIxZmwzbnRERFJ0enNXbTZEOUlrMVE3dnpHM2pfSV9PWFF1enNfZ1F2M3E4UE5YamlZdk1EZDV0TEUzbDJlSEs1YjZoM0NBNEdNVjhmcm1yM0tKY3c?oc=5
2026-09-01 21:32:33,META,Meta’s Settlement Is Not as Good for Kids as It Seems,Psychology Today,https://news.google.com/rss/articles/CBMiwwFBVV95cUxOQVNCTG5OVHdTVDJyQ1B3RjQ0ZE56SElHSWRrNEF4Q1JTWDVoX2ozbFhVLVlUSVBjdTB6ajdzcUVxYVpzMFp1SFlTQ3c0UVpMSDFuR0VBd2Zmc0tBTUdYTk5kVkIzY29wbFRCSTBRWWFOVWc0OWxNejRuSS1INHlPNDYxbHZ4RDdCZXpZaDMxVFpPNTlQbDVJTEdOR0pHU2JWZWdOczY4SnRpRk5iZlAxTVVweVU2VWFaR196czFPSzJWTms?oc=5
2026-09-01 21:32:33,META,Meta’s Settlement Is Not as Good for Kids as It Seems,Psychology Today,https://news.google.com/rss/articles/CBMiwwFBVV95cUxQcURUb2pSc29fVEc5X2tCdEp1Rzhldm51X1FjWGszUHBnUnZfdGFfMVJJLWNRaXJrZWVBQWpvNFhZeHpwa2k1MHFSSXk5QjVsWHNEb2tLVG9JZEdGekQwUk5lakZlMEliM0p0NlN4eGQtZEFnLVBJSUtUZUMtM2lRbC1ySHpWWk5KZHByaUUzR0RvcTB0M2lCQzgwb04zbW96THJlaTFVZGVOUVcyRm1ha2RwQ3JVSFAyeHV6UGdBYkEyWDg?oc=5
2026-09-01 20:32:18,META,META Stock Rises 1.7% as Meta Tightens Smart Glasses Camera Safeguards,cryptorank.io,https://news.google.com/rss/articles/CBMiqgFBVV95cUxNbEg5dmg3U1E0MC1aV0ZfVHhya0hUaml6YmdTNzY2MXkyZkFLbjVxUkh0a1lRdWM0RzN0MjJob2IxSVdiQjdVakVyanVMcTIyaldscnhFRHNmeENFMzB5c28zSW5NMkxxYWp4ZUZ2ai1QSmVoSDUydHozcnJEZXhJM3BELW9sLTNNTlM4UkZRMjBJY0F3aHhEdk9hUkRwajlGMkFjTmR2dDVQUQ?oc=5
2026-09-01 20:02:50,META,Meta Stock Rises as U.S. Backs Lighter AI Rules Amid $145 Billion Push,Yahoo Finance UK,https://news.google.com/rss/articles/CBMifkFVX3lxTE1lMGZKT0liZm1sMmhpUC1vV0U2QU5xTEkzZkNVanZvXzdzdHZNRVZpdzhWT2ZxZTE4bkk4N3dWTnd1RnRSMVJJbVpmLUl4ZTc0Z2o3T0FvVk03eTVlT2k1eS1kakRSbkQ2UENQVXdTSU9TNjk0VGRYWDZwTEloUQ?oc=5
2026-09-01 20:02:50,META,Meta Stock Rises as U.S. Backs Lighter AI Rules Amid $145 Billion Push,Yahoo Finance,https://news.google.com/rss/articles/CBMikgFBVV95cUxNOVNZbjFwSHdwUVJ1UGI1MnNXOEttWnVSbk83cDg5dHFoOTZTRGgyRnpjamJBaUYzcDgtVGNyYXVuYXZhcmlOWTRjSnBUUF9lcFFXb0ZHTHVoRnlzdTBuLVFZQlBFMjlLMk9pcF9nVFZmd2xiQ2hSX1Rvbk5vSVVscWgyNGV0SEJhLUh4cHQwRnp4QQ?oc=5
2026-09-01 19:46:02,META,Looking for evidence that Meta's AI investments are paying off? Here are 2 ways,CNBC,https://news.google.com/rss/articles/CBMitAFBVV95cUxNbE9wZFM5elJWZVc4bEVwMDdVVlN0RjRPMExRb3JNdXdCdl9fTnBQR0VEbzZTeFdESjJTMEhPcDY1WlFJYXJoVlNuM3YzcjFhV2c0Z09kQWdOZU80R1lTbDlhb01EUy1UdjJxa0lTNzl6SjBnUFlyQzM5RkNYdDBZRXNqS21MWU1XRG82UHhsRXhDbjliUGctbzdheDZfZmk5MUJfRXFreDh2QWNkR0t0YUpBNzg?oc=5
2026-09-01 19:36:53,META,Meta Is Catching Google in Ads. Which Stock Does Wall Street Favor?,Yahoo Finance,https://news.google.com/rss/articles/CBMimwFBVV95cUxOX2RFSFV3YzNQU2hyejNPeE5hLTBXcU5aSXduWVFWdF8yYjdndnFaQVVFQnh0ZVVBbF9oaFFwUm9sWHhWODlieDQ4RWJxb0RZLXhsb1lEUEhiUENBdnBRdC1OdEhzZkdoMzVHcHNfUUN5ZHcxY2pQNHVZM0wxcVVFOEFmSXBzbUhqLUo1LURILXZNamlqQUdsVXIwUQ?oc=5
2026-09-01 19:36:00,META,Meta Is Catching Google in Ads. Which Stock Does Wall Street Favor?,BeInCrypto,https://news.google.com/rss/articles/CBMiaEFVX3lxTE5OWUtsRHprWmptM0o5VHV4SlpfMG12WGMxS05UZmhhUzZ5VEM2UXUtYlJVUkJGUjRtWFV3cF9XN0NxLS1MX1BjREdSS2ZLaVE1Wklwc2Nlb0RuZUtoWE5vQUZZd2VlSzlJ?oc=5
2026-09-01 19:27:55,META,Meta Stock (META) Rises on Plan to Use Slack for Internal Communications,TipRanks,https://news.google.com/rss/articles/CBMiogFBVV95cUxOYjBMOFVfblJyaHJtZjQ3Q1MxMlVuWXVxNVlpT2h1dlJuSk0xQnQ1OG5kYnNockpkZzhFRE1HTEZHMFRfNmtkRXZKQXVySjRMN01JaDBRT3FyeHdodW0ydXVtUmJSR3V2MFlJNmtQbThmWTRQbzlTT3ZlVDlqMGt2WXozTV9DQUhZZjFVQXFlNGZhLUV5Wlp3aDkzZndrb1l5Mnc?oc=5
2026-09-01 19:09:44,META,Is Meta Platforms (META) Undervalued After Its Child Safety Settlement?,Yahoo Finance Singapore,https://news.google.com/rss/articles/CBMijwFBVV95cUxQdzlRd1cyY21HWHNNNDdTc1RTQW5mdmZLR2RiMTBZOUdKQjI0OE4xdXh6RTBILXNiZ3hpSlVCVS01czNfbUpMQTJSSjZ6Y09LUGE0VGRlLXp5Nzljc3hQOEFFdWxOdU5nRUZNWTQxQmdpb1JCY3I4OUNDcVZCbzlNaGVramxXLXlVZXJNTVRkSQ?oc=5
2026-09-01 18:45:28,META,META Stock Rises 1.7% as Meta Tightens Smart Glasses Camera Safeguards,Coinpaper,https://news.google.com/rss/articles/CBMinAFBVV95cUxQRHpsWVF2UHRUZzJodTJpbnd1bFFzWnpzYkpwMVRjVmRUTmxhaEFveXNqT2xZVEJDQ2lrZ2JHVHUyTjRtazVlMnRILThnWmhFQXR1RV9WSjJ3Y0F3cXFkMkVxUHVvOTJQV3oxLXF5THNqa2syUXJ5RVJKX3ZRZ1BVSHZRUkhacU5NNExsTTJoVUVDazVBU0RHRkRpUDY?oc=5
2026-09-01 18:24:05,META,Moderately bullish activity in Meta Platforms Inc with shares up 1.72%,TipRanks,https://news.google.com/rss/articles/CBMiuwFBVV95cUxOMHc4Y2VYQW5ZQmMtS19Dd29SMGliUzZwVlFUemFzWDZURVFJR2RNOXg4OWhfWDhOV3E4RmVEUG9iZWtOWnRYRWd5OGgzTDh4VVVBU0UwbVZyRjF0cnM3X2dUcGpIVEN2R2NUTjRmajN4cjJTd3lSWWNSREtySTJ4T3hJeVRkX0RwRkJWN1M5SkxkellGMUotdFUwdDhXSmlXYm8zWnlGdkoyYnd6VFBSOVVXTHFEc1NjT3ZN?oc=5
2026-09-01 18:05:24,META,META Looks 31.3% Undervalued on GF Value™ as Speech AI Launch Bo,GuruFocus,https://news.google.com/rss/articles/CBMiwAFBVV95cUxQaFhwMjBscGFvNmlHVVpvdER0Vk9OSjc5RXk2SXRyQXNJdFA3em1Na2cyYXBoQjJqZFJMbDMwaWU5ZURheFdkc0hQbVFka0QxUEFnNkJMcTlCZXhWRVRNa3dyYzlQc2oxNy1DdlRqU0JvWENGcEZSdk81Q1VJeXppdURWWHhOWjNsdklYNjNLY2ZNWEkwc3laTHRsQXFlQ1ZfTFBjdVZXVzl5dHFmb1o5VUxyVV9jTDJOMy1ZTHJNVXk?oc=5
2026-09-01 18:03:00,META,Meta is switching to Slack because it says it's better for AI agents,businessinsider.com,https://news.google.com/rss/articles/CBMilAFBVV95cUxNN01JSWdVSmxDR1FUVVNLQlpxQUh5eGp4YjhWbVJkcGRtem1PeS1Yb3g2WG1zb1JSVWlXMDVTbTlPU0NYdGRXSnFKWmJfeG5qel9NaWpwUzc5ZW5NeTdrQlZPbkU1b3UyWVVObGhnQ092Umt2T1liZG9uT3haMjBuZlpGMUJ6SEpfaWptcXRUekhRUHNO?oc=5
2026-09-01 17:57:06,META,"Oklo Sinks 5% as PJM Pulls Its Meta-Backed Ohio Project, NuScale Power Barely Budges",finance.yahoo.com,https://news.google.com/rss/articles/CBMihgFBVV95cUxQNkNab1lTTHU5d1hieFNSMU92WEJQVHhsaFR6N1BQdFNOM1ROSm1OMHNSWkFJT1JiUnU5THhjQXZVWXZCeHBVZHJpNUR3TXBnYzBhOW1nRHlQYkhBcnVLZ2VpQ2x3YzY4dDc0Tm1QSUhZUU5lMVRUMlJHMHdkREdhc0pjUnJUQQ?oc=5
2026-09-01 17:57:00,META,"Oklo Sinks 5% as PJM Pulls Its Meta-Backed Ohio Project, NuScale Power Barely Budges",24/7 Wall St.,https://news.google.com/rss/articles/CBMi8wFBVV95cUxNVjF0MEVVVGZuV2FaeFR4dDJ0OGtPUEUyOHF4elBIdlFYMGlBNll3NVowYS11OHo0M0VXa2g1RU1mVGFtVVdDM0ZCWFFNU1AxaHpDWS1BdEloY2NSbmR0emhrS0lLdm5iOEt0amhoS29qYTVhbUNBcDVNNHhxOGhvN05iM1VLVnlsV2lzSGp4X0JScnFfRDFOdXFIb2ZpUzRpNWcwbDhDWFYwSWM0X2RTcm5tbG5NMGFHN2Q2QlV1R1pKYzNNODJ2czJaM05yYXRGV3hBUTlmNjVwVU5sVVVIcWVoTXJwUkM1YU82TWxzQmpMdHM?oc=5
2026-09-01 17:43:34,META,"Meta launches real-time voice dictation model, Muse Voice Transcribe (META:NASDAQ)",seekingalpha.com,https://news.google.com/rss/articles/CBMiqAFBVV95cUxNRmZsV1dTRXZ4eTBVdGdpU2NuYmZUVjBzT2hwM210ZDZKSk5nZzRUS3o2RXJpSGV2NVRFTS1McENVRFlHOGdaWGhyeHlROXNhWm54UVRBRU15QlM2Z0ZnUG5MRnVQM1I5dkhXa0hIemF2RU9iVFBwSDhGZl9VWHQydXl4aXN4dV9MYVRReWNiUl9BeXhUdFVZUlpscXd6eXU3UXFTNlpEN0w?oc=5
2026-09-01 16:41:16,META,Meta Platforms stock gains as AI spending surges and legal settlement clarifies teen safety costs,AD HOC NEWS,https://news.google.com/rss/articles/CBMizAFBVV95cUxNTFV6M3ZDeUpSbFcwd2E0ejJJQml2V0ExdUJBeDdGV2FxV2JtRGpncUMwOHRTLXluQ2MxN0lqNGpobHVCd213ZFdyRzN6QktSMXV6M2hndDJSTmtOM29TUGVHc0E1MGdvRW5JWHU5V1FmUW0zU1hweVVGbUw4aDJkaTBKWkRJcG1Bd3N4NkNmekp5VExKNnR0dGROcnJjbFQ0OGhmdngwUFN5cnU3OG05SkdmSm44YWdYS1R3WEVDTVlIQzdieXRaVFhibEs?oc=5
2026-09-01 16:19:57,META,Meta Pulls Scam Ads After India Uncovers Porn-Bait Banking Malware,ProPakistani,https://news.google.com/rss/articles/CBMipAFBVV95cUxQSDhUX3ZmaVpVMTIwazE3bWhFVGk4WVlNTlBteFJtUFZjOTRHWmR1ZzUwc0lTRmkzcDh2RC1HQXZTcVF0X1pzcWZYcS1jaDFnbC04MkxQQVFieFFDR0RvWVF1ekpHU1pYejl2dWUwMlJNWU1CeGpadTVDZlRGTi0zOXFvSXdqS2l1b0xBYXhUMndTSVlnZ2VVS3o2UVVPcGUtREd4dtIBqgFBVV95cUxPME9XRnpmNE84WWVaaGFNSVlQSDZjVjV3UnJtUE9pUVJXRjBFeGJiZTZvbDNYbHZuMWtrS2NxZkZ5UFhPWUdMYThiVVZLVVdFLTI2VjhDcUZlWDJIeHZ2NzlKRmNubkxBVHM2RXBxU2ROUFk2cU5XaEticjIyTDk4Ty1sRUdqMWRhZ3Q2R3htYXJaRHdxZEp4WlFUREJqUXJVRkdBYkxZd0l0QQ?oc=5
2026-09-01 16:00:00,META,Great News for Meta Stock Investors,The Motley Fool,https://news.google.com/rss/articles/CBMihAFBVV95cUxQT2R0N3NYQnhNNGhfamFYNGw3Yy1GcjBxckZnSW1EN1pLWnJiU2xwckE0TEhCMjNpNTBLS1JoR3FQU2xuWDltWm1FRjFLa1ktS1hfZG83RE1RNll4ZDROMlo5R3BtWDc1YzhoX1pnNWhDYW90anNnT3RkYTAyQUl6YVlMeE0?oc=5
2026-09-01 15:20:14,META,Great News for Meta Stock Investors,The Globe and Mail,https://news.google.com/rss/articles/CBMivAFBVV95cUxQODA1VzdUYjhhUDFFVDc4M1pWblBRclFDenNJT2x6MnJzOU1udzdKel9BR3FrVkI0TlZ0QmU1VEtZbHFXZ3BrSGhoVk82eVNMNVBtX0pxdDd5Nkota0pmaGU1UUpXWEtvVE90SUp6bFV4OE5jQkNzelRIM3JNUE9wQ3FSd3ZmeXJrUkZTQ2ZlWm5nNFIyZWdUQV9hZ190YUNDOXB4Y0FDZ2UwM2FaQ1hZSFQ2dWZmNVFGR1Nwag?oc=5
2026-09-01 15:20:00,META,Great News for Meta Stock Investors,The Globe and Mail,https://news.google.com/rss/articles/CBMivAFBVV95cUxQLUpJQ2ZQaC1tcGFBejE4STQ1WnZvVXo5S1BneC03ZUJxOVZWcmFfLXZMaWtZdEJHR0tBWldwQktxdGVUNlcyTTBIaklEYng1cnpnTm8yZHJyNGYzU0RQM3pfTzJzdkFvNVhZLWdqZlVjWXJOaGRWcFRjTjJDOEhVN3Z3OVRFZzlOeDlZNFNxNDVqVGRINXpZZzNMak5XNVBSQjdVODAtQWYzSTZkT1lCQkxWRHVrSGRXaGFBTg?oc=5
2026-09-01 14:48:46,META,Bernstein reiterates Meta stock Outperform on AI ad strength,Investing.com,https://news.google.com/rss/articles/CBMivAFBVV95cUxNUHNDU2hiMUt5bEFKMmZ3Q2JLWkxqaEREUkpyU19PUUhqS01DNVZGRjBCcy1kYjBUbU1DWno0UVdtdnBzNkw4WmI2bG1ZazY2NDFyS0F6QmVsVGFWZHMtd1JZU1VCUUE1c3dIZ3B1bndwdzJUblZtTElDSndWX3l3UDlIcm9yZHc5ZWw1N0liQlNTMUpMVExiX3BIblktNmFyNGtOYV9wUU5QWU5ZdlpWLWxnd2x6NzF1OU81Mw?oc=5
2026-09-01 14:38:00,META,Apple and Meta Struggled in August But Which Looks Stronger in September?,24/7 Wall St.,https://news.google.com/rss/articles/CBMitwFBVV95cUxPVmkyVGQyb20xWDFLSlNWbHlLbWFTUDNad2llRk1YZGJfd3NJb1pOcDJub2tTWEt6RlVOTVFTTmpiU2l2UEhLdDVFZjZNRXRweC1WU0k5TG82NXJaYVAzVFBWQUtZTENzYWJSZkhENjFVUnc1ajlhQmNoQVN1dGtXUVdnU19zeHJsanRqR3Z3ZXRwNDltQ0ZXUWV1dUtEZW5hbEdoeEU3M2FXNjRRbHZiaGlkd2tFSDQ?oc=5
2026-09-01 14:13:34,META,Meta stock forecast: Support test after multistate youth online safety settlement,Traders Union,https://news.google.com/rss/articles/CBMijAFBVV95cUxOdTNoazNaYnU3Z0hab1A2a1lxN3I5S1BIbnhGVVBQN1k0STNxdWM0SU0xaGwxV2NTelNxZlhnclg5bnQydzg2NS1pQ3FIZl9ybkpybGc3ZGdCSEQ4TG1TeE9NN0ZfNy1Mam9NcmM2RHFmMmJGSVcxcUR3YnlGdTNXMi1aejBXNWxHd3hiZg?oc=5
2026-09-01 13:23:29,META,META Price Prediction: Crowded Longs vs. Aggressive Sell Flow — $555 or $590 Gets Decided This Week,blockchain.news,https://news.google.com/rss/articles/CBMingFBVV95cUxOQnVNOUZYZE5zQXlmVVNwMFJrVUZyckh3a0J5NkRPSkJDYjNuMEpXOUtsMmRJN0t5S2syQlhqdGhTOXA3TExsTlBZbXpJNERTNldoeER5VVg1WE1CdFRfa0poOXVMSVM5WjZ0YnJfV1BUc0Z1YXBjTkpmMVpDbDN1Z0ZRRGVXdUcwM2NyQ2t6N19zZDN6YUNMNEFHTDBmdw?oc=5
2026-09-01 13:21:20,META,Meta Stock Nears a Turning Point—What Comes Next?,Blockonomi,https://news.google.com/rss/articles/CBMihwFBVV95cUxNQi1qQ1RET1VXZzltQWxNZG1TcUV5clBhR0pSQ0dQZUVXeGFqdm1mS2h4alJQeEhwdUgxSjY1cDhJZzJSbnB3YlRWdVlUYU5tUDBsNlR1MmlFSEZjSUJvWVdKQ0pwWVV0cHFuZ3Q1dHlRUlpLZThDWmppbzVQenR2WkJsTDlmTG8?oc=5
2026-09-01 11:28:53,META,Meta stock looks undervalued: settlement and AI could unlock up to 40% upside,invezz.com,https://news.google.com/rss/articles/CBMisAFBVV95cUxOQ2J6UEotbzJvYTd4WGZXZ1NWUU11Wmh3S2hQcXM1dnVLQWJnMXE4T3dGX0NzUWNmc3d1bmZ6ZFU0dFZycTZoY3BvRlBhMzVmYVFkcVdjYzZtNnZPazdLWWtvemlUWldlMVF1Q0RtV1NxUTBXa3d0SEV1VS13RkJ6ZVJDNTIzMmhRMUx0TTA2bXlLMkZiMDdtOVFEMzJiRXp4a1daX21wc2MyYTFnTUYtag?oc=5
2026-09-01 10:28:30,META,"Meta Is Planning A Revival Of Its Stablecoin Efforts, Stripe Could Be A Likely Candidate For The Pilot: Report",Stocktwits,https://news.google.com/rss/articles/CBMizgFBVV95cUxQck84SjVjRlR6TFZlSjZRU1JVNFRkdW5WTW9Cc2dmTXFkcDFaNWlJMUhGM1d4RUNkcm8wNG80dWxETEJvQlEwajB4S3FVbkZsek5GY1NkZzlPaEgzRjMxcFJUbU1yaE44dEsxY0UxNzFvSGRlLTlPSUZqZ2VqM29VbEtraDNHcHBkU29tQXJPZTJpTzRPWV9NUUZaMmt0TE90M2I0Y3JMYmlVMXBZRnB3R1NmXzJKcGlPRU1KQmJRM0p1ak9GZkI0T1Vham1QUQ?oc=5
2026-09-01 08:11:12,META,Meta (META) Settles for $18 Billion Over Youth Mental Health Cla,GuruFocus,https://news.google.com/rss/articles/CBMipgFBVV95cUxQcmRmZHgyeTNGOF9ROXByWmRHb3dpSjJ4Y0xvMFNCeHdLZXc0N3NpQjkxZF93QnFpSkFxVjNoeV8wZmh2ZW9YX0lVNjRGLUFvWG1GeENBT3pQaEpFZ19JdUliSmk3SDlBUnE1bHpqell0NEhKTlJ2d3p1VkJreXhycnhhX09Pb0VkM0hSNF82b1V6NTNFeGt6UlpUbXZ3d2JoczN6dmtn?oc=5
2026-09-01 07:33:30,META,Meta Stock Analysis: Daily Bearish Trend Meets Hourly Stabilization Amid $17B Settlement,The Cryptonomist,https://news.google.com/rss/articles/CBMisgFBVV95cUxQZXAxSkU4NnVlY3pqNzhGVEg3RzdYM2tjVUNhQjRXZjlCZWM2Z3djLUZCbm1pOTA5Z251MEh3WUZKLVpqdlRfS05XWGVQSy0tYUtuTkZpMjctdGRLQzB5QzRDUEZSVTlKY3I0R3V5V1k1eFFBWHdJTURpcHlORDllSFVIY2t0THJKSEFVMGJtek12RmpTVm9lc3pyV2VpMmwzMlpESTM4OS16bkdvOXIydGRR?oc=5
2026-09-01 05:52:45,META,When will Meta overtake Google search in digital ads? Bernstein weighs in,Investing.com,https://news.google.com/rss/articles/CBMiyAFBVV95cUxQemlpSmtnTVJhd1pfb0g2OURMLTJSSWMwRGFlQWhYTTNzbVpIS1duMlJ2MEJQU1hZNzhTR1Izd2poRU1fbFVCeldlZjF4QlFuS1BLS19qSXpsM0dydUdlaTVhaTZWb3Y2QUZHd3puVE5PSTFxUHJhSUYwVGlQelhpcEpmUXdmSXpKZlRTS3JheUJWR2Z2TkpwRmJvY2xLTHlKcHd3ek80S0dMd3pqM1FVLU5rN01CT2JIQWZjZmVCWFZCclR0TFcwYw?oc=5
2026-09-01 05:26:32,META,"Meta Pulls Dozens of Facebook, Instagram Ads After India Finds Porn-Bait Scam Designed to Steal Bank Credentials",Benzinga,https://news.google.com/rss/articles/CBMiugFBVV95cUxQeGtCUE9uZFJuSUl0c1hQY2xMUEFGX0JROFh3VnBlR29GbnNoeDktajdGUFgyempOc250Ri02MWswLS1jeGQyREI2YnQ4Y3pNTlhfYlFUc1V2SUljLUtTa0h0Rm9hWEpMWmZvWGNmQUJmQnpJVFRCZEZPZmZ5RGNIc3FKYk5Tdy1CS1JHQV9CbFVaWDJ3cFo3UnpDZHZ4WGEtOFRhMkZGbHRKWDQ1c0p0SGIxODRtRVlxOXc?oc=5
2026-09-01 04:57:13,META,"Ramsay, Stattman, Vela & Price, Inc.'s Meta Platforms Inc(META) Holding History",GuruFocus,https://news.google.com/rss/articles/CBMimgFBVV95cUxNZ1ZiTW5QRmFDaUVLbUYyV2s0Q1hSQzVCVVc2dnNCSkxQdmZ0NDdvNlExZWI0QzJXY0hDelJMYWxnU2lXR2QxbGZVdEVGQlI4VVRHUFRuZ3JhdzhzNG83d3ltbGNsNXJmbHdjbFBVUlZLdm4zYmtUMFJNSTlLZlhfZEcwM3dPdWlZZ3czYnQzLTIxUldGUXZwM1Zn?oc=5
2026-09-01 02:02:19,META,"Changes to Facebook, Instagram are key part of Meta’s $17B settlement with the states over harm to teens",dtnext.in,https://news.google.com/rss/articles/CBMixwFBVV95cUxPRy14dmhORmdUcWFqQ3dxemF0TkxSMzBsTHR4NU8wTjRiMFZBSEM3c05XRWh0YzkzcEYxUXRlVmFXaVBReENfWmxWcHVtdHhiRWw1anVPOENTNzByVUR6WFM0YmMzT085bjYySWE5aDVTVVladFJHam9fTmJocDh0cmpRLTdFTDFRZ2dsUHozTXA2UTQwaXY1eWhzdHFyZ2U5b0p0SVR6N3NHOHhKc01aa2JGRHhCN0t2dVBTSEx2dS14SjNTQ2Rj0gHUAUFVX3lxTFBrbE5tT0psbVJVM3NPbzhqWVFjQzZXaW5QZE01MnlIRVUtRC1NTkhjMGo1OTlJMFBlcnBCeUVFaDl3aGV6dDM5QXZKN21jNWNaZ202TlFPdjRhNzFRWWc2aXFueGdVNFRQVVBUR3VIUlo4Mm1uanpRN29fZy1wU1BBMUVjSUtqX3RTR2xUTzI4S3VCOHpMX2Rtd0ltWnFiMXFkZjlnclF3OVlmSFVQLU5PbHBXTzFHODR0YmZTbUNGSTg1aDFha0dTS0RETDdjQWE3RFpJ?oc=5
2026-08-31 22:11:40,META,Meta just turned teen safety into a competitive advantage,thestreet.com,https://news.google.com/rss/articles/CBMilgFBVV95cUxQaG12YTBHMDBBWFNQNDJKUHVjNko0WlM5OERBNENOd1NHZEJhamg2MFBZLWxFMWFDMlF5MzJ4MjkxZW1OWWFmSGxEcjBabExobFV5ZnBKNUJidV9wYlhSLTFOVVRVX0Y5ZEs0bGg3bzdNRVhIMWZ4MHF2aWZINThwY1VlZ0VnWTA1NkYtUXVBcEhtM0hGMHc?oc=5
2026-08-31 21:19:02,META,META Stock Rebounds Overnight: Analyst Says Subscriptions Could Be $20B Business By 2030,stocktwits.com,https://news.google.com/rss/articles/CBMi5gFBVV95cUxNZHdVZGs4anBGazdPUzJxTHI3NjlNQ3lFZE53UkRoMzhtWTR2NFR3cW0wQUpNYTEta0Z0ZGpYOGxiMGRKY0dqYmtxX3VjUDh1bnpSczdNRnhHMzdDeEt0R2NzVHFUUEhhWGtmdGNTUnFWUkFhNnI5TTBzMU83cjhwR3F4VVZYRTc2eUE4S29yVU5zTXNZLWQzb0NldnFuZEswQXFpS3VpV1JpQ2toWFpiNVE5ZlF6OVFadTZuZzExRE1BbkxQQ0c1YTVQN0x2Q0UydDFvbnQyT1BsMkI0bG5LMWpIcFQ4QQ?oc=5
2026-08-31 20:35:00,META,Meta Platforms (NASDAQ:META) Stays In Focus As AI Drives Growth,Kalkine Media,https://news.google.com/rss/articles/CBMirgFBVV95cUxNa3gyeXZBNU1Yak1raWZyQ3pqdEhjWE16eTYwbWs2TUI0bXRleG9qSUo3S1phODd6TkdzMWJwcGY3Tk5lOGpTazBDLUktcFZvOVBCb1lkSnpLR25FZ0d5SUpaVHZxd2M4TnpCRmQxeWdvQUtCbm80eC0zNzZCRnNBMWU1YjdnUUItejByblJjVTBXdnBOaFRiaTl6cldQR0o3b3p4MXIyTjlrWFZmZGc?oc=5
2026-08-31 19:23:15,META,"Amazon Stock (AMZN) Beats Meta and Google for Return on Invested Capital, Piper Sandler Says",TipRanks,https://news.google.com/rss/articles/CBMiswFBVV95cUxPZE1Sb0ZmWXNzRWZ6dGRocWxxdzBGdmk2NzE2WUlNY3MtY2QzYjVfdUdEcWNBdFBjQXl6TU8tdVFKT2htcmJSM3F3b2dMUVljck5kS0Nvc0NvRFVvNnVZVG5jUXJLODRwbVcxOVVfS21xdUFVYzIyS2k1NlVZR0pTekQxa1EwRU5MbktoNklFTlVtVURPQ0NMR2JIdjZPaHlkQVpjVWVjX1p5SWRFc2gzZnB6aw?oc=5
2026-08-31 19:12:22,META,"Meta Stock Gives You More Of The Market, Not Less Of It",Trefis,https://news.google.com/rss/articles/CBMitAFBVV95cUxNaTJPVnd4ckJWN1R0T0M3NnluSUFiS2FtZktsbXBERkpQUWFWR3J5U09hdGNfVTlCLVUwdzJIM3JSZHcwSmJmcUNqd0xUNkdZNXVYc3g0VXo3WHZ4T1dBekc4TzhhbU9Yck81c2N1VE0yRTI2TG5oalBFSV91VGFkZmc5dE4yZzM5a3AtU2VVSG9HemYzamNOTUduZE9VOUJvMEppYi1IYlFWTVBvSUp3SVU1TGU?oc=5
2026-08-31 19:12:22,META,"Meta Stock Gives You More Of The Market, Not Less Of It",Trefis,https://news.google.com/rss/articles/CBMitgFBVV95cUxQWWlyWWlSenZSa1hTdk1ZUmR5eTg4N1Q4RnowX1RyN3RTbmZjcVdhNm9pS21QSzAxaWhWbmJod3JVNHdaSFhfWUZsVHlQWlAwc1N4bkhyaXlRTEMyTjhqb0NPMnh3cU8yLTlfUzgxanRzZnpzQ0cyYUMxTi12LWFwRjYxaE5JcHR0WE9KTG5Jb3VEWUtKUGpfUlFXeDlLeDdmcHVGeTJTZW9vUnFMMFZUVDdId203Zw?oc=5
2026-08-31 19:11:02,META,"AI Stock Predictions Jul 20, 2026 | NVDA TSLA AAPL AMD AMZN META MSFT GOOGL NFLX JPM Tess Daly (kKbNQSe13Y)",mshale.com,https://news.google.com/rss/articles/CBMiW0FVX3lxTFA2V0NxWjNaRm10ZmctdUVlMm5jRkNVem5McGpFQ1BRN0RYNWpqT253Z1pmSFJ4RXV5em5idVExeXBoei04MWRYRkVlWjFCZnNWUTJ1b3dnaFhTN1U?oc=5
2026-08-31 18:12:00,META,"Meta’s stock looks too cheap, analysts say. Why it’s now set up for a Google-style rally.",MarketWatch,https://news.google.com/rss/articles/CBMixgFBVV95cUxOWXNPTVNNYmNadE5lR2RqcVZObDJyTkFvYzIyUjMtNlVuMk5kNE1oRFVVLS1PTk9ucFVnb0RTVnFuaUJDR3ZublIyNmpReVdwbmRKbUhWUHdjdU42d0xPMTJHXzAxZWxvTUhjOHdtRXVhUmFxeU5KQ2podTV0VldNcnM2djFZUUhtcXpYdU1BdTExUGtTUUlRT254MjVwSmJTam1odXZGT0MwNDFSSDFabm9pT3BGSDJMQ2FVSlQwYjJ1cXJTUnc?oc=5
2026-08-31 17:28:09,META,Meta Stock Leads Founder Run Tech Names Worth A Closer Look,simplywall.st,https://news.google.com/rss/articles/CBMiyAFBVV95cUxQUWF6eVJJejY4NUxjRXVNSWZBOUhGaGZ5dkVfV1BkTFpOM2ZLU19ldTR3ZldzME9WNm11VWFpM0M5ZnJQdzV3UHpjR1MtdkdSQjIxUXFrdlc0QnBCSjZkWDRETDZWLXNzMkhFTk02UWt1a3JGbU5veERFZ1Z4TFhVallwbkNXOGYycnhIZDNQMUxCaHREMzlhY3djZlF4X2EyTjVRLXJVYk9sQl9KZFZiUUh6RXZYeXRhaDdxVlZjc0tMM2FlWDFPOdIBzgFBVV95cUxNY2VQMUs4dzhjbHZrN280NzluN1R0d1p4UUNJa3U1V05CWUEwN01iWFJIWVV2N3FiR0dGSlpPVTByeDRfRF96a1cyNzBVSVlaMC1Qc3NraXRmVTJIMEctN1Z4bjJsOXFkdnI4NVFzY3ZDWDlDMkhfYzdrd1VYSkdQWjV3Nk53ZkRMTnJnUmQ2TU1xdnhFd0ZqbEZDd0kweEpKUzgyWXJnZXpsVDlwMVk5WnpuWkVrQjRuUkM2V2hjcVU1eXdfWUVEeDgzVC1EQQ?oc=5
2026-08-31 17:00:52,META,Netflix vs. Meta: The Better Media Stock May Surprise You,Yahoo Finance,https://news.google.com/rss/articles/CBMinAFBVV95cUxNWENWOV84bXBqMm5waElpTFk4RXRqWkxfU1k2a21uZEIycTJjUXFzT2pzNWpVOVF5Q18wSFB1NC0xNkRjU2gwaGIzYjlxclExVk9rWXo4Q2dIdHU2ejhUVDQxSV9UdzdKVDZoakx6dzc4STNtcUprSVI5TXI2YnotVWJUZXFUR05JeGxSZkVSTF8wNV9PTXd2MExqUTI?oc=5
2026-08-31 17:00:52,META,Netflix vs. Meta: The Better Media Stock May Surprise You,AOL.com,https://news.google.com/rss/articles/CBMifEFVX3lxTE1wUXQ1OEtpMFlscGhSNFUtSGhhSDVtazViR3pkWHJNT1FmSU4yelpkcWswRnJuVmg4UGQ4QzFyS0pnUU8zUExRX1Nja1c3bFkyQUQtUGRhV2I4N1EzWDZZWEJ4UnNGTmx3QllZU2hCUjl2S1psd1NNZFFVS1A?oc=5
2026-08-31 17:00:00,META,Netflix vs. Meta: The Better Media Stock May Surprise You,24/7 Wall St.,https://news.google.com/rss/articles/CBMioAFBVV95cUxNelNhbWZpVkpPOGNFQWZ1bkdtUHlnRHZSbmxJYXl2ZjR0Q0RuMG5aTEFzMTFac2ZlY1BwQzVpZlc2Tm5GQXA2TWRSZ0h4N2duaTVEc2xHTlZHbk1FU3dVMXFEQlBXajJMUlo2RXpyLVgyaXB6dk5pRFhlYkdSdVNuY3BSZXJzWFFnUkRBRDFmdTR6YjMteGVsU0NSZi11b2Jq?oc=5
2026-08-31 16:36:01,META,Meta secures temporary win in Instagram Shopping antitrust case (META:NASDAQ),Seeking Alpha,https://news.google.com/rss/articles/CBMiowFBVV95cUxPSFZGSS14MmZINjkzcWl1V2xDTFFvZUxfel83SEZBX3psemhoR0xKOHhWWndUN1Z5aWxFbENvTmVkLUxkTlgybEJYcXZjV0lmNldVQVFXNkxSZFMxMFdFbE9LcnV3NDkyaWhTajhFVWxNcEJxM3pxckJjVy1rZ0hXZ01WVElZblh5QjQ5dGJ0c2RaYTdtRWI0bGRpQkdic3U3R0tF?oc=5
2026-08-31 15:58:35,META,META Price Prediction: Trading at a 24% Discount to Wall Street Consensus — $620 or Bust Before October,blockchain.news,https://news.google.com/rss/articles/CBMikAFBVV95cUxNWjRCSnpvYk9yQ19ubmpPcERYVFhJdW9fT0hTTmFubnQzR1ItcmEwOHN2NWlMSnNBMHpodEI3RUM4ZUlaVVo5aWtIVU1FSkNEX1dkbUpuU2doSUNObmp3NjFkY1o1aVNqNF91djFGWUJXX3lQSXJ3UFBDd1lTa3RfTHFuejBLWXlKekZOOW41eXQ?oc=5
2026-08-31 15:48:30,META,Meta Platforms stock balances $10B legal hit with fast-growing AI revenue,AD HOC NEWS,https://news.google.com/rss/articles/CBMi0AFBVV95cUxNSG5YRE0tcVJYeGdjRTdYVzRQcjEyWkxNOU9Sel92dmZsa2RULURJZkplMlNhYmplMUlCb2RQUWp1VElFODhBa01RNkxEQzNJTklCT2c0b2VsLThZY2doVzFJeXhiVG1QRHJWOWJsRlpwNzZXcWNSOVphbUEwb2xCX0JEeUtla3BTemtmeWVpUWsybTJSUks4czRvcWFwbGdIcWVoX0ZZQkYxVzNiODVVOHVnWXRtVVoydFVTOXdhY2pEVjR4LUhmb0YtendOUkN1?oc=5
2026-08-31 15:39:55,META,META Looks 32.6% Undervalued on GF Value™ Amid Ad Suspension Con,GuruFocus,https://news.google.com/rss/articles/CBMiqAFBVV95cUxQTGYzelF5VGFXZ0x3a0hSTzZzUVUtS3RZUVJlQTFZWm10R1dzWVQwOG11bFZIYUhxNnJSTV9TNmJLZ0VRVGliTFlFcW8wa2k5VXRHb3BCVGVDeWdsYVRjQ2xkQVBqclVWT19FOGxxQWZIVVZlZDhuRTk1NlFDbnUtWVpfX3llQjF2SGdQRlg1QlVKM285RTNha1NKOEtEMEJnZHpjSnYxNUM?oc=5
2026-08-31 15:30:00,META,Meta vs. Alphabet: One AI Giant Looks Undervalued,24/7 Wall St.,https://news.google.com/rss/articles/CBMilgFBVV95cUxNTTFjQXN3bS1mOEw0bkpQMF9nRWJNUGZtNktPQ2tfNy1LOHBfV0c1bmdfXzNYVmQzenNJRVhacnVRNUlaWk9Ebmx4c2NfM0NxeERJeVJYQTVfUm1CTTZuTlVJNWZUQlNaM1pjbEhmUEZqNVpuaUdDZ2FvVU4tMmptRmluY3pwVjFTWnpNc05lU2RlUFdyZkE?oc=5
2026-08-31 15:21:18,META,Inside Meta's Landmark Youth-Safety Deal: $18 Billion Settlement Meets New Teen Limits,Benzinga,https://news.google.com/rss/articles/CBMi0AFBVV95cUxOa1l6VTNVSGdsb0ZzUVhiNU1lbldXempkdkVWSldkQ1gxbWlZM185ZThoZk5WZjVseDV4cENLbHpZMVA1V2xUMEYtVlpTZkFaYjBBeDhMc21pZ3dpTE5NYjZMMmtXNUhNX29zX3NWQUNLZTdWR1NnQkNXb1lFZ0ZnZTFfQjY2dFVNVTVjM3VwYS1BSmF2Tm1pcENrQXlGQlJ0TlRJb2RyVmRoRnpRV2dZWFdqVTJoV0NFRWV2RmR4cDNHUlh3UGhnODg5MFlXVF94?oc=5
2026-08-31 14:42:00,META,Meta Vs. Google: Analyst Says AI Boost Puts Facebook Parent On Track For Ad Crown,Investor's Business Daily,https://news.google.com/rss/articles/CBMikwFBVV95cUxOWlYxcXlmekJtSVE0bmhWRXhneDN4VGpjMFkwSUxFRHhmdUVOWnQ0RUxaQTZMWmxVZC16WDNxdHg4WVZsaEV2bmtxbGpncU10TDJxVl9yODRxRkowTUtQRDNWdC0waW9UVGlQUFQ4TEdXSzlROWc2NmsxU1RoX3ZCalJxUFh3LWhjZ24wTVJKQnVVYUU?oc=5
2026-08-31 14:36:36,META,Meta shares weekly forecast: Consolidates in narrow range amid AI spending and free cash flow drop,Traders Union,https://news.google.com/rss/articles/CBMikgFBVV95cUxNQ1ZBbTBPRG40NEhNOGppTlJKZlEtb3F0REhCdjNkMng2WnNSaHJ2YWdHTE5zZWlvOEVxNVFXOVZBQklSdlIwbzQ4WFZTOWc5RHpxako3TXZEZ1RMeW43VWRDLURHRVdIcHo5YnhvNXJNZ2dNYkFJaUhQT2piTkoxWkIyd3ZCeXRGeUlGeEk2aEp4Zw?oc=5
2026-08-31 14:19:35,META,US legal settlement resolves regulatory risk: META resistance levels in focus,Traders Union,https://news.google.com/rss/articles/CBMiigFBVV95cUxPLVdacGUwcHV3c2M2ZTQyUHlPT2dyUnJUdVprVGRGNTA0WkQ5SjhlRjZYcXhiZGdLb0JWVVZJTUNrMjJVTFV6b20tdXA2MFYwMEE3azdEZW1EMWZ6aXpPTWNYM0h5LVNvbl9xWHcwaE9wLWplbWZMcDdOVkFKUlptdER3RVlUUmk4RXc?oc=5
2026-08-31 13:37:39,META,Meta Stock Rises Premarket as AI Plans Impress Street,TradingPedia,https://news.google.com/rss/articles/CBMimgFBVV95cUxQU0ZjZHpTWlkxZE1hUUk0QTlmejNCc3RqLVFLTWwwNF9jR2h1WHRSUEZXT3ZNUWV4anVsTnAxSTZ3MG16TzBUNnBhZ3VBUWlDRU1tSlJhNGNGX2ZobzF4XzQ4ck0zMjRmZzVPSTZydE1aYkVXUC0wamx3WUlnd3ctRXVBbnVqYWswemE4WXpvNVd0Zjl1XzdyS1J3?oc=5
2026-08-31 13:32:05,META,Google Stock (GOOGL) Sinks as Bernstein Warns Meta Will Topple Search Ad Revenue This Year,TipRanks,https://news.google.com/rss/articles/CBMiugFBVV95cUxQOTc3bVZsMHRNSnhsQTBqRGJJRUR2NXBCeDJ5SUh1S0RWUlhKckY0MmZIMTNNOENOYXRUeFAxV2FYVmpKZ0VPSF9uR05hOGhCX1I3WVZ1Ni1xeFRnVzUzUDE5cmJrbkdkWHdtbFVRYXdjMnNFTVlXcXA1RnlkUFdVWFhPeUYwSm9pVl95M0g2bkZmV09Ga2ZJbW5BN01KQ0ZWRTRVc000Z2hhVUt3R1lPejIzQnpvekRadEE?oc=5
2026-08-31 13:23:37,META,META Looks 31.6% Undervalued on GF Value™ Amid AI Expansion,GuruFocus,https://news.google.com/rss/articles/CBMimwFBVV95cUxONHhZNGFwLXRoU19VQzJfcmw4Vk9ZdUtIbThoeEJScFdZYUlWRUo0UDM4dkFrcFNWcjlaQmRqUzFuSnFWNjFWWTZRMUFGZzQ0NDVaZDB0T2FBZmgtSkFvaGhwNGRHUGRmTExQQmVKWDRmS25sVFQwbElTZl9yZzNyLTJhMGFVa0NlLTRPRzVkUWFWWExCOGJLVGpUcw?oc=5
2026-08-31 13:12:13,META,Why is Meta Platforms stock gaining today? By Investing.com,Investing.com South Africa,https://news.google.com/rss/articles/CBMitAFBVV95cUxPa3FVZnFYdW9aU1JFM1lPZFZmYm1uXzVXLWhGMW9mLW9xdHhjWlJEaHVNb3ZaNVBxOUpWTjRicXA2RHhMMHNqV0JZWFBtc0xXM2NGNFZVcWpTTUJfOGRScWgyWHhWWnR4X3pzZlo1ck16eC1wXy03ME11VTJ0ME1QUWpQRG54dWFkNndqSDNPVzRrZ1E2TktxekU2S0llVkQwRDlaMWZLUnZIczR5Q0VPVlRjbnE?oc=5
2026-08-31 12:34:40,META,"AI Stock Predictions Jul 20, 2026 | NVDA TSLA AAPL AMD AMZN META MSFT GOOGL NFLX JPM álvaro Cortés (UPrg5yEdwC)",Mshale,https://news.google.com/rss/articles/CBMiW0FVX3lxTE1qVEtPRTF3dExKN25YVzNuSE51MUJZczZWSVN3ZV91Szc0STZ6dnJoVVVac3prcG1uU0xwclFPNmoyb3RSZ3lnLUFDUnZpVmVlbWJySk5FaHEyM2s?oc=5
2026-08-31 12:11:42,META,"Amazon Stock Gets a Boost. AWS Adds Anthropic, Meta and OpenAI Models",TradingView,https://news.google.com/rss/articles/CBMixgFBVV95cUxOWGZDMmNSUkY4OG1IQnh3WUtLejI3eGxMQlFUbWo1aTBnMFVCdUpDV3dxeFM1Vm1WUm1WOUI5aUFYano2elA3dWtVY0tHOHdXVWlieGp4Q3Y3eV9jbDVmLWcyUWozVktNVmVvVnpDR1J4T3ozRDNYRVpLM2l0cWVDaGlULUd6RlVMeW9oZE5panJwUnQyclRHQkxBYjBmcVhkLVBqZnBLUDBaRF91S3dXcXV0bEVRWFdJODFlc055VkhyNEU5TkE?oc=5
2026-08-31 12:11:42,META,Meta’s AI agent push puts focus on new consumer business (META:NASDAQ),Seeking Alpha,https://news.google.com/rss/articles/CBMimAFBVV95cUxOZDNfMUtFcnFubHNtdGdtVU9Ucm5DT3lsa1hLSnhpLUJYTkZpdy1qNDVObG01b2FmT3hzNEhDR0lVM3VhNWdSWE9VZDFuNGpkTkFzRFd0ZVVvTTRtQ2Q2R01IbHVteFM2UHFMR0daTUx0YnFFUUJvbWNJYVFaemMwajRxbzNIWDMwb0hibzgyTXpmR3B2TnlscA?oc=5
2026-08-31 11:44:17,META,Why is Meta Platforms stock gaining today? By Investing.com,Investing.com Canada,https://news.google.com/rss/articles/CBMipAFBVV95cUxNOVNqRGhXcXdzTWxuTFgxbTEwVEVsR2J2TVFybGdhZ3RWZVVvY0xIenZZMW0tNEZZSkxlZDBPckVENmdRdXppUU5VcDE1X0J6T1Q5STZrdVI3VDQ0SlhkTXNST0h3ZGFqSy1SZHZJOEtjZHVRXzR6TFhKampLdW4zVjMyeFZaT2VsOFNxSkVvNFJwaUVlaW5iQzhwcUpvX2JUR3daeQ?oc=5
2026-08-31 11:32:38,META,"Meta Could Overtake Google Search Ad Revenue In 2026, Bernstein Says: AI Is Driving The Shift",TradingView,https://news.google.com/rss/articles/CBMi5wFBVV95cUxOTUFKbGUxVjFOMFg0SDRMcXNIWDZMZjJnd0JIZ0FUOHRJclNGZDFJVkpmbEhjUjZweGlHaGpUSnBjRExPbGxvTkhMdWpVRTdEejlMMDB6YmlXUHJyLWxFNW05bkpReEsxMmZrNUdSQzRocmI1cDFkeEplQXdYNS1yaHJXYTl2TGJqUllma2VfYWFuaTVGWGMxVE9PN0NYeFoyakhkMlNMcjJrbTZKNy1xQTZZSUt3UjJlMkJwcnBXOFAxa2ZhMUZxc0pmdVR4a1M5MG43cXgwYWFTUHVVNkVLbFY4dDcweWM?oc=5
2026-08-31 11:32:38,META,"Meta Could Overtake Google Search Ad Revenue In 2026, Bernstein Says: AI Is Driving The Shift",Yahoo Finance,https://news.google.com/rss/articles/CBMiowFBVV95cUxOMjBNaDZwS3E1ZHRZWno0VkRCSGxaY0FVMzNPSHRwYVNuS2drdFFtdXdoWXZOM0plMVZsRUZyVGdQZXNDMVJqanBIanNOWjVPa3RzcG4xbjFaWnJWWjlDS3R1b1ZYUk5TczZUaEo2UUFWdUUxemdUR3QzcE9kTUhOc0sxWGtYSENqWlZ2RUZGUGI2WFlVbUpxck41SHhSam9ZUnow?oc=5
2026-08-31 10:48:40,META,"Meta, Nvidia, And The Blowoff Top (NASDAQ:META)",Seeking Alpha,https://news.google.com/rss/articles/CBMirgFBVV95cUxOd2dDc1FfSlV0Y3FMTTRHa19CTDBiQlNtX2ZvUUp6QTM4MVVjOXVteXN3VDExUjk0SUFPOXJvemZTRXNnbWc1ZExzLU03R1UzUTJfaWFDR0QxSWJhNHJWLXQzUWpkM2FGVk9QY3NQRDZVUHhGOUR4a2dXWFlEQTY4RjYzcmlRZXJwU0s2T1MzTHdnSERmN3NuSk1zc3o4ZFgwM2FzXy1HNTlZZk5ZU3c?oc=5
2026-08-31 10:44:34,META,BofA reiterates Buy on Meta stock on AI agent launch plans By Investing.com,Investing.com Nigeria,https://news.google.com/rss/articles/CBMiuwFBVV95cUxNLVFiaTREeWh3aEI5N1NSeHR4dU81eThsbGJfek4xdEtyRm9kamVvQmRBNXYxU0Z5eGdIQ1hOZHNTMUZhOUxfTHFjcnFEMWJmRFN4R3M0eEwzM3d6M0JCWExRSnFvcEFMSEFYam5FUzhvRm0yMXR5STFkNDFxbzJLdGlrRlhfN0hnTWVBRm5LVmgycm5MQmttQzhmTjRKWXVfcHM5d2NIa3R6bjl2TmZLWDlQRmdvbFlHZE5N?oc=5
2026-08-31 10:14:00,META,BofA reiterates Buy on Meta stock on AI agent launch plans By Investing.com,Investing.com UK,https://news.google.com/rss/articles/CBMiuwFBVV95cUxORnhMam1SMHpyamdic015d2xtN19Fd0dyWWR0akR3Vm1Ea1lPeGtpRzBJYXJUaXNST0VkZ1BXLUNkOEIwbTkybjZsWU4xRzFVOHJiZ2pLVlRQQ1BYYnlMVDZ0a2VBdDZjSnRONkIzSTZ0d0RndkhaeEJsWVBTOFNwRmNURUVrX29iVDR5cDFLZDZSdjhkWHZXcHVMcEFRcTBrMHFudFFGTEwtcnRlYXczZWNJX0ZGWFNTdlB3?oc=5
2026-08-31 10:12:00,META,BofA reiterates Buy on Meta stock on AI agent launch plans,Investing.com,https://news.google.com/rss/articles/CBMixAFBVV95cUxQcGR2UGNKM19rQ25oanFBR0ZGSm5YZ2FoMUJBUVppRUxvUkdmY2Z3SjBZZWxYTExoSkpacGpYalJ0WjJXOU5xcDZfS3pBaW1zanNmSkxNN1g2N3NuWUNWTDJwc1IwcVZXMDU3elhFdkJjNkdab2JMZTZfNkNDV0dmRnRhWHBhV2dlSjBQOHdRQmN4NHpQaHFKZkdmQ0txN3Q0eGtfZFNVVy1SVlZLSGlPX1U2bkhMZW5yeDhqbXQ5b3F2dTd2?oc=5
2026-08-31 08:59:35,META,Meta is reportedly testing robots inside its data centres that can swap networking cables and restart servers—and one worker estimates a successful cable-swapping robot could automate up to 80 percent of some technicians’ workloads.,ScienceBlog.com,https://news.google.com/rss/articles/CBMimgFBVV95cUxNZ2xCRnpZZjZiUE9tNlVSeGVmTUh6TW42VW9FS1kzLVJvOHpuOHFURUhWclltZ3Qtc0dFUXAwZmJXeWJIeG5SUHNCakRFb1djZFp1QW5QMzhxR0k0aE9jVEt3ZmZla1pYdndNc2pjVlhWQ3lMei1VNk5ySnpDZ0NucGJ5Qmw5SzJmS2pYYXFadlhYWXhwbEhXRXVB?oc=5
2026-08-31 08:37:00,META,Prediction: Meta Stock Reclaims Its All-Time High Before 2029.,The Motley Fool,https://news.google.com/rss/articles/CBMipgFBVV95cUxORzI0VzhHT0hFVnAzay14cTNkX0p2VERPQi1HQzlKanhUUmJJWTR1ZXY1ckpZNzJOand0djIwbW1NWWczWFNnWG1YM1N0U1BCRHd2Yi1xaHRmMS1JT1k1RFgydm1xZk1oMzF3OG5WVkNDSW8tSGtDUm1WZG5KcF9haHRUNjV1Q01IdXBEeXF3S2pMRnFhUE5SNkNyUDRUQ1hZa0EyWjVn?oc=5
2026-08-31 08:35:46,META,Meta (META) Stock: How Internal AI Rebellion Stopped Zuckerberg’s Mass Layoff Plan,blockonomi.com,https://news.google.com/rss/articles/CBMipAFBVV95cUxQaGZBNHB5TGJZMkk0WjdrR29HR0dpTVVENmljNkFwUlFkcXA3c2cyeXI0RGVxSnIwdDU5N0tlU0liTTFadHBqTHQ5WVJyZGJ5eVZJR1FSdGJpYVZ5UDZoVnZ6Q0Fqb0FseVViSEM5dWRUZFNoUDdzUzJONENMWlhtbG9mSUlnVm9uUm8tSi1JOFFoNC0tVWJEWU5ia1lMMlBHYng1UA?oc=5
2026-08-31 07:57:02,META,Prediction: Meta Stock Reclaims Its All-Time High Before 2029.,Yahoo Finance,https://news.google.com/rss/articles/CBMiogFBVV95cUxOUlhLSlJfZlg2MGZFNDNWTG42VTh4UmlIMnI3cEN5a0xGZGRDWEI3ZXFlSjZndVBPZGhYNG12aEd4S2xvZGRLWUFSaUdUSGlEZFZFTkVUbjdSV1dFTlRVSXd4aFhWYzFXdmZGaVFRRnp2OXBadWlRZEptZDJINm1FOTNoV29na1hIeExLSEZ6bmMySUdZZHJ2aVBmR0hzZlkzeGc?oc=5
2026-08-31 07:08:10,META,META Price Prediction: Bulls Are Crowded at $580 While Sellers Run the Tape — $593 Is the Only Number That Matters,blockchain.news,https://news.google.com/rss/articles/CBMilAFBVV95cUxPTE5SUjJxTUxRUjA3Sko4T3NRa3k1YlV3Zmo2bXU5VVJ2aUp5eTFQZ0ttQklTcGRoRWhhWEplOHhTa0xhMmh3V09IMnF4RnF0MjZINlVyV2tXcnZjYnhaNm5iczNwbWZjdlE4Z3dIUGtzenFMd01FVEptb25YQVhiTDdUNHo3eFRXWW5MYTdoQ2dSUl8x?oc=5
2026-08-31 05:50:22,META,Meta Platforms stock steadies as investors weigh $18 billion settlement and AI growth,AD HOC NEWS,https://news.google.com/rss/articles/CBMizgFBVV95cUxQYkpxVG1idzNuOXBxTDBaUFNBbGFzNFBhcTdSaDRtSXV6T0xQeF9CNEhJNHNxTDNkME8wMUtTdEh6V3ZUb1ByMENOT2QwMzhPS3pvc1gwUXVVZDA2YkZRa1VsQjRoVUpiVjBIdVNrREliRGI2TEpQaXpYT05NUk1qOFRWcnFXZ0xOUldPenRWSWU2RFZnMWpYUHJ3S2Q1WFc1VnY0TlUtVnFzVTZIMHY3dnFHWWZUZ2tOcDd5Z1oxQzQ0YklXVGREbW95T25GQQ?oc=5
2026-08-31 05:48:00,META,"Jim Cramer Says Meta's $17 Billion Child Safety Settlement 'Could Have Been Disastrous,' Instead It's 'Barely Material to Earnings'",AOL.com,https://news.google.com/rss/articles/CBMid0FVX3lxTE9tM09oY2xrS1NLRy1ZX2dtMmhTRFdsSWNzVDB1UV9FblZLU2Q3SV9oTXotVjFnNlFuT2w5Ni15N2FWTU41U0huZF84NjI0cVZaVjN1d1doYWh2U2N0dU9jRzgyOFhUMDFlQk9NSWVvMVMxY3ZEMFdZ?oc=5
2026-08-31 05:00:12,META,"Meta Hatch AI Agents, Watermelon Model at $199.99 [2026]",tech-insider.org,https://news.google.com/rss/articles/CBMidkFVX3lxTFAtMHB3MldBbEhRMVUtb2M0YWttai0xZF9PSlF1czJLRDlwU3pPeWpabEF1Y3czU1FrODh1QzltTk5vZFdYSVZJU3B2bFBMQTcwUE5oMXdTTV9JRHltSENuZGw4MXlSR2ZQdjRJUU9GOWpRNWlTMEE?oc=5
2026-08-31 03:48:22,META,Jim Cramer Says Meta Dodged a Disaster With Its $17 Billion Settlement - Meta Platforms (NASDAQ:META),Benzinga,https://news.google.com/rss/articles/CBMisgFBVV95cUxPRHRWMGl3SU1CNWp4NW53Rk5qekFhX09uTldZcy1la29EN1RoYUExSV93WjZaLTU2MXlDcEZ2dmhUamh0NUxGNUJLekZuRU80eWZsWVRoOHdMR3AxRFVqQmdSNG9NUWpvVGVPaUR5eFNNVFpjUGpaNlRTNjBMaGNqcXlDZGpjeC1EenV6ejRwdkxvSGdiTC13VW81UzhSbkhjQkNsX1ByUDZCZXVaN0lvNkhB?oc=5
2026-08-31 03:48:00,META,"Jim Cramer Says Meta's $17 Billion Child Safety Settlement 'Could Have Been Disastrous,' Instead It's 'Barely Material to Earnings'",Yahoo Finance,https://news.google.com/rss/articles/CBMikwFBVV95cUxNbGh2R25HZU5ZeEVYeVJoZU1lLUZPQThMbTVnOHZnRnVETUYtLTVVQ2ZzbEVVQ3JxOExKckxiNWFGeDhHbDZ2YUVXeUZBMFc4TnlINUdRNE9GQ1JkN2Z2V3dKT3pXR3RkRno0VE5TVWRxU1pZY182b3BfTjM3QjlRVmFNYUlQb0dYUUZnTnZacTh5Y2M?oc=5
2026-08-31 00:39:01,META,Meta Stock Predicted to Reclaim All-Time High Before 2029,Intellectia AI,https://news.google.com/rss/articles/CBMilAFBVV95cUxQU1ZFZFV5YURHdjN0aERGQlY2VVZrdzBtQXIyOGQ0TnBYZjRnWHhGRHdtUGltNFkxSDBTc2dvcUdFUmZfdVR5bjJ4NEdxVEtfWDFGV1ZoYmRNX01ILTEwdUFDc2dnMlU4ZkpSaFd1THFsbW4yTkRFdHVfc1NaYUd0eUozSkg4dmdfU3hFeHJfNjVNbUFO?oc=5
2026-08-31 00:22:46,META,Meta's Ad Revenue Approaches Google's,Intellectia AI,https://news.google.com/rss/articles/CBMieEFVX3lxTFBLdTlQeXc5S1hnWUlKMUtRVER2d0tRcnFmTkJlYk41M3VDUDJNN3FYZjdwaFdxZU1DRGNKRWRQX3lWdnNvTXkwUF9pbWhpdEFhWW1BZGN0WDNwWTk2Q0wxek9hZnNYT2REREJmSHhBbHRRWkZkMHE4ag?oc=5
2026-08-30 20:25:26,META,"Meta Stock, Oracle, And AppLovin Reveal the Appeal of Founder Led AI Companies",simplywall.st,https://news.google.com/rss/articles/CBMiyAFBVV95cUxPbWkzd0wyUFZiMUtsTjI1b0s3MWRGNWN2VFB0TmJnNTJTZVBYcVpKOHhwV2V3QVRKSllxNy1vLXpCaE83RHhYb3Q3aC1PR2NNWjN1NzFSVFJOWnBnNXdndjV4NnBnTW9ZNzZUTF9NYVNTRzRNQXMtYVRvaWdxTE1lTnRJMWtKYVo0ek40TWVGdHFVMkNlSjdUejhGSVllcTNnSXItZmc2aTdDbS01Mzd5ZzVCLWRCR1VjTUNZZ2FiUXNfcnppT05VWNIBzgFBVV95cUxQZ2xtN1RRRzdlU1BNc2Y5S3BDZGlHWllCUjBOeXhXSWhwU0RKVmhqak5Gd1J6VDFNdlBQTmhJTjkxSEZ2cFpBYWVLS3N1NHFKX09jdmtHcEx6N0hzb3pyN21xQVBUV2VuZ3dydGg4Z1ZvUS1odV9IMnlyTlo0MEhLclhTVGdKRWlQby1EejI0Qy1CNVVVci1ocUZ3blY0NlRyZ0IwazcyYUlOVG9McVBmMmlQR3RVeHRCZ2JZa3BHNkVVVWFnaGd6ZE9GNi1EZw?oc=5
2026-08-30 20:18:35,META,Meta Stock And Founder Led Peers Built For Higher Rates,Yahoo Finance,https://news.google.com/rss/articles/CBMimAFBVV95cUxPRFpRc1VfSFdqdTNUdmNMeW5MTWkxY0Z5bm0wS3hUeC12THZZbF9EV2N0RVpPSVowYmF3dGhIUl9Fcm1GOVc3UTdQdHRtVndtalVhTFE2SE9WbU1JZjRxZkktVElHZVBXT1VOcU5EMWpXTDFhamhpbHhaeUljYWdjNzdBM2tjaTgxN0V5c1BIS0xFTXBwT1MyYg?oc=5
2026-08-30 20:18:35,META,Meta Stock And Founder Led Peers Built For Higher Rates,Yahoo Finance Singapore,https://news.google.com/rss/articles/CBMigwFBVV95cUxPWTB2QkFRTWZ4cHZGcXc3LTJndXRKV28wNV9HWWI1YnhYN1BwWGo5Xy1VX0NxYTlSVklJNmxhMTVBeEhTOVJnN3paNXJJWHU3bXYwcTN0VGxGbHlpNkdSLVJmUDVGb3pvYUVHQVZ6bnZhSWZhVFhkVTBsZHZlNFVpSDVZQQ?oc=5
2026-08-30 20:03:48,META,What Is Meta Platforms? From Social Media Giant To AI Infrastructure Leader,TradingKey,https://news.google.com/rss/articles/CBMizwFBVV95cUxNNFV3NHlITW9lcUdna2lDRXljS09uU2dMYlJNaHJ1b1lSVDZOcGJyaGVwU3lZcnN2bk1tUS1ZdVlBS0NjNFZqSHl4X2tLWGZUd18xTkEzODNvOGZ6NmNwUDl6X2ZHRVdKWENJZ0VDUVlFQVFRemMzbWMyVHNOV3pfQzJQU1VsV1N6TWhXT3F3TVlQMXlCaW9zS1JRMGx2ZllJb3hHSW1jTklkNlMyTGVDajBMRldjSmFTRUtWTDh5VG9qVEdKZll5Y0NvdVI0Rkk?oc=5
2026-08-30 20:00:00,META,Meta Platforms (NASDAQ: META) Settles Federal Child Safety Lawsuit For $16.7 Billion As Stock Trades At Bargain Valuation,foreignpolicyjournal.com,https://news.google.com/rss/articles/CBMi-gFBVV95cUxOdVlReXlpYlBKZ0JFT1I4Mzl1aXVacjB0ejBDYlUxUHo3bGVZUndOcjRfNGxrZUxaQXdWZkg3dm12RjBlODJPeE9sOWhyT0hkdmRUTjBvczRFeTB4X0JaOHkwVng0WG1BcEFMZjhIdTdEMV9vTnoxRzUzVk05TzU3SWJCS1ZKb1hCSHUzMlBBNFhxc2pySUg2eld6cFlhQnVablU3VkUxb1E3QVhHaE9sU3I3RGR1RDNqajlHWWthb3FyWVhGUGlwYUFLMF9NUG1MbmJfSVM3SlUwcFpSelJnMTkzdHYxZ0NXMkU0MnZRTy1LZkVVZGhMMURR?oc=5
2026-08-30 18:32:51,META,"Meta Stock, Oracle And Palantir for AI Infrastructure Growth",simplywall.st,https://news.google.com/rss/articles/CBMiyAFBVV95cUxPN0drSUYyMWRVZkNoVHlnMkdqc2Qtblp2Yktjb1ZBbGJHdVdZTWZUY2ZQMERfNUpWSXlvUTItcG1mamN5cUVFUzZKMk9yUlA3LTJ4UTZ3b2V5N2paU3VobjRKSjItWXZ0T1hiV3BVWmwzMWthb3htME9Nd3BjUGhqamdDWldJNzVQdExhS1c1OW9hanc1T1JhSGpLVWdWTlZaTml2djRyNllOTG1fb2MyRV95ZzVhdDdlSEZqZVhFcVZVLUVlbV9MWdIBzgFBVV95cUxNeXY0Qzk3TDhzTUVEMUZKajh3NVZWeExxdkFQeURsbnVwZUdOTm9SZU1rY3ltcThzXzFxei03VHpBeEJ0YUdnNVo3VUV3a1NDbGlINEV2OEtJdUdndUZMS0t5TFNOVmZlOVJSakgtWUxKM0FIYklpdmtBbGU4cW1GVXVnV3RIZmhIc2ZEbFRrZWw1U1lSNHBFWTZGVEpTcC1FTXBFelhrdi1pRGlfOGFUcFI3M0pmWFlXSmxMY28ta2Nfclh0WnNXMkJselR1UQ?oc=5
2026-08-30 18:26:20,META,"Meta Stock Price Forecast 2026-2030: Can META Hit $1,000?",TradingKey,https://news.google.com/rss/articles/CBMi2wFBVV95cUxNTnpGV296NEJTWWFiTlR3UDJEVzJQanM2dy00VDJZSXNHMkx2Tmx3bGNUYUtncnRaTVhOdU85bEE5SDNtRFVMT05LVTRTZnljcnl4T2JNdEJDWmRManowN1U1bHFBbHBrNEplNV9TdHVwdW8yN2FzTzlSbnhya0h6bFVtaEM2Y0pfZU5TQmI2RHVKUEVxNXZmNW9lSmlOTmV6VHZKX1cxbTFZTERTTFBaRXdzOFlSMV95YXp1V2ZGVDNwOVU4UlRianZQYlkzMzIyQzdDXy13YjJ5Tm8?oc=5
2026-08-30 15:15:00,META,Meta Stock Looks Undervalued. Is the Market Missing Something?,The Motley Fool,https://news.google.com/rss/articles/CBMimAFBVV95cUxPZ21YcDFpMjktQkoxeTZra1Jya3FUQnF2LW5qVnJBdDhRV0xmcWdtdEg5T3hHTWVHZndjeDJyZVZnTndXanh4X2x2dmZqQU9ITWVYV2d6c241Sk1CaTJwQVA1TEZicVNPZkRwUkpIVEloWUVMcU1OVExRRlpWNFd0dXdBdHVmUXlkU3RkcGhvVGtHUWRqbjBGUA?oc=5
2026-08-30 14:39:33,META,Meta Platforms stock holds firm after $17 billion youth safety settlement,AD HOC NEWS,https://news.google.com/rss/articles/CBMi0AFBVV95cUxQOXNTM1I0VmpvSGlfaTVKTjR4Z01sX0ltWDV5eUEzLWZjZ3JOTVl3MmZveXBPd0JoMWRlUkY1UjI2NEVqOG9XRXVzd1JNNURLT0hfRVh5SGhmNmlMWnUxMVVfQlk5TmdEcGNjd1BMSWJsWk1xWllMRzNXZmZMM3V1c2xTZFhpWXhMYTlmY2loaWw2Q0lqTkg4a2c0TFhWbXA5eEwtdTlHN2JCM1N0aTA5Ml9hX1EyTnpNUTVuQmJqZ213N0g0SlFsc01XZWhrQzUz?oc=5
2026-08-30 14:35:00,META,Meta Stock Looks Undervalued. Is the Market Missing Something?,The Globe and Mail,https://news.google.com/rss/articles/CBMi3gFBVV95cUxPUlJsdHk5Uzhtc052M2lJT1RXRks0eTNWazZWVngySDJrNWFFV3VSaU5pTTdVZElBNW5BcUlyVnZ6MkszMHNyUDg4ZUFBQ3NoU1gyczkwSDlLYUdfVXdRelNXaVktU3pjc0d3ZW1yVjdtcjZVMGJCc0hVZm5oNU82UlU2bmlsa1VSSjRPSktmSndLbGRMT1pXcmN0aktlM2E1eUJHSy11ZllLVC1FUWJwV3hYNWhaNlJPR2lsNm1tZFNfQ0dPd0lhMUQtVFU2S3Zwd0xaeVEyYk5YVzU3Y3c?oc=5
2026-08-30 13:50:11,META,Meta's AI Strategy Is Misunderstood By The Market,Seeking Alpha,https://news.google.com/rss/articles/CBMikwFBVV95cUxNQ2I2V1E1VVh5aklyQkNsYmVwVTM1T0prbmdfekFmNGRwMENpQWlvcjVkNVpzSnJaeDI2QXpNYlRKV1VPb3czSVZMWDgza2dSRmpOM0FJX19MV1lrbEFJU0pDeFFHdm8wcDlxNTIzdkJLd2VMeXQwc0stcU16VVBMOEpqZEZFdXEzYWZ6QXNkR2tTYzQ?oc=5
2026-08-30 10:43:26,META,"META Stock | Meta Platforms Price, Quote, News & Analysis",TipRanks,https://news.google.com/rss/articles/CBMiTEFVX3lxTE15dWVhbnlUSFNrT1pWamJtay00Z0dQNGQ5WFlSaDhwSkI0NWpfcVY1aXZFcjhBTGEyS2s1aV8tS2kyZ3MtSlVOa3BYU3M?oc=5
2026-08-30 10:26:52,META,Meta Reportedly Locks Down A New Data Center Deal With Crusoe,Stocktwits,https://news.google.com/rss/articles/CBMitAFBVV95cUxQcURXZE1lM0VTdjFpTDdBZWZTem5ZOG4wdExIS2ttVHYtNFlMb3V3cGZhMERqMWZQZmo5aXE2Rnlqd2JMTlQ0cUhFSGVBVmVYYmZHWElWS25Md0dvcHh3bGRVVll2dzEtRHpmanNBc2UtNVlHbTlVdm1qNVdnWVZ1UHVWb0s2bEltNmZhQi1Ld3hKUFZ1SS1tTWphYmR3a1VNdS1tN2t0dC1tSmlhdGh2Sm1pTDk?oc=5
2026-08-30 09:07:43,META,"S&P 500, Nasdaq, Dow End Lower As US-Iran War Fear Remerges — META, SKHVY, CRCL, BA, DAL In Focus",Stocktwits,https://news.google.com/rss/articles/CBMi7gFBVV95cUxOX19MY2NTaC15cGRMUDRiQ3RDN0dQNEYyN3hJVl9vbTF4RDhzdzdTcEpLQmxsc01XWkpDSmdUUEc4SG11YlNWRE13bkVhUk5TMUpZSkJVdW5yTTRQcERkNTJ1VzhCZGU5MTBoazZhTDluZGFSYVJybGtUbWRUTDNIdlViY0ttWWVzTUVWRmYtc2liTnZHTXk1OER0NGRiZE5pcng3VXM3MlFpODJTMW90cEt4N2hIeEJGUDJ3RlNBRUFubGRTSzNXMVVTcVJlbGJQUV9XcVgxZUhFSTJjUFhPTVlQVEhmclgwOW5pNGlR?oc=5
2026-08-30 08:55:00,META,Meta Will Pay $17 Billion to Settle a Federal Lawsuit. Here’s My Prediction of Where the Stock Will Go From Here.,The Motley Fool,https://news.google.com/rss/articles/CBMi7AFBVV95cUxNUkNGb3VMZVNpVzROclNlTjk5RXN2MzVZY05fb0VLUV96Y1RHT2NCN3NKVUtDNEp3NmJVNWl3MV9EZ1oxWkVNX3pSZjBHdl90eGdfZ2tnOGtRY1hsaTZfel9zSUZ0YkgzRzhWSVh6YjkwczVkbnI2el9HOUJnZnZUY1c3NW1vTzFTV0pyYUFDM2ZSY3RFcW1FS0d0RUV3c0p0cUlDTzhTVEp6VGxRcWhwNndrSUdKRFMyVENGT3QtOExhcnRVUi1VZWNMS0VfR0JqWXdmNnhGdUZXQ25hZFJKb3VteTNBWDVhLUkzZg?oc=5
2026-08-30 08:33:46,META,Meta Platforms (META) Is Up 5.1% After Landmark $18 Billion Youth-Safety Settlement - What's Changed,simplywall.st,https://news.google.com/rss/articles/CBMizwFBVV95cUxNcnNBUXZXWEVZcjNtbk5qekVjYXRWLWhOS0R3MnRsWG5WX2EtZkxzVXRPdXp5anU4R0Q3NGU5Sms4VlFMR2dvRGpkdnFxVVhFdk5zVFZ5QTZyNzlUSDJ6T3V6aUNlS3RkWi1HbTBBU0hhZ3FXWUU1bXdkOFNtc19fT2sza2FBZVhrX0VGNWxHT09LWjZaNVFwV0tHOXRobkdwZmFRMGpZVTBOckh1b2dSYVJoZks5RzhBUFZ4TTloZUJtNGJ0Mm1JeWY2VzJJUW_SAc8BQVVfeXFMTXJzQVF2V1hFWXIzbW5OanpFY2F0Vi1oTktEdzJ0bFhuVl9hLWZMc1V0T3V6eWp1OEdENzRlOUprOFZRTEdnb0RqZHZxcVVYRXZOc1RWeUE2cjc5VEgyek91emlDZUt0ZFotR20wQVNIYWdxV1lFNW13ZDhTbXNfX09rM2thQWVYa19FRjVsR09PS1o2WjVRcFdLRzl0aG5HcGZhUTBqWVUwTnJIdW9nUmFSaGZLOUc4QVBWeE05aGVCbTRidDJtSXlmNlcySVFv?oc=5
2026-08-30 08:33:45,META,Meta Platforms (META) Is Up 5.1% After Landmark $18 Billion Youth-Safety Settlement - What's Changed,simplywall.st,https://news.google.com/rss/articles/CBMiygFBVV95cUxPT0hObzF6ZllBRDc3T19qNG03SVN4SnhMOTktS0g5M2MtVGo0MkN3eUJveTFadnRvRjdoaFdDdDgzUE1NcFJERE5vU3JvbFJSQXFKaUxGcF9ZeTRVN2dtY1BoTk5FeVBiSDRQN0Y3R1dDbzFiZ0UxWkNfRkd6VzdVRXlzNWlLUTV5ckF3R1d4cG5MclhTS1o5aXhqZnVFUkljWWtkYWhiRTFBdTVZa2xhUnA4OXcwVjZSV3dqTmhFRk1hOWNfR2NlWEt30gHPAUFVX3lxTE1yc0FRdldYRVlyM21uTmp6RWNhdFYtaE5LRHcydGxYblZfYS1mTHNVdE91enlqdThHRDc0ZTlKazhWUUxHZ29EamR2cXFVWEV2TnNUVnlBNnI3OVRIMnpPdXppQ2VLdGRaLUdtMEFTSGFncVdZRTVtd2Q4U21zX19PazNrYUFlWGtfRUY1bEdPT0taNlo1UXBXS0c5dGhuR3BmYVEwallVME5ySHVvZ1JhUmhmSzlHOEFQVnhNOWhlQm00YnQybUl5ZjZXMklRbw?oc=5
2026-08-30 08:33:45,META,Meta Platforms (META) Is Up 5.1% After Landmark $18 Billion Youth-Safety Settlement - What's Changed,simplywall.st,https://news.google.com/rss/articles/CBMiygFBVV95cUxPT0hObzF6ZllBRDc3T19qNG03SVN4SnhMOTktS0g5M2MtVGo0MkN3eUJveTFadnRvRjdoaFdDdDgzUE1NcFJERE5vU3JvbFJSQXFKaUxGcF9ZeTRVN2dtY1BoTk5FeVBiSDRQN0Y3R1dDbzFiZ0UxWkNfRkd6VzdVRXlzNWlLUTV5ckF3R1d4cG5MclhTS1o5aXhqZnVFUkljWWtkYWhiRTFBdTVZa2xhUnA4OXcwVjZSV3dqTmhFRk1hOWNfR2NlWEt3?oc=5
2026-08-30 08:23:11,META,Meta Will Pay $17 Billion to Settle a Federal Lawsuit. Here’s My Prediction of Where the Stock Will Go From Here.,The Globe and Mail,https://news.google.com/rss/articles/CBMiogJBVV95cUxNVk9WY1phYlRuWm5SZUFRSFBuUHRfcWowMzB4ODJOX3RlOWpobHhaV1NRc0xMX3hvTGVnMm5odWpPR2xjMS1OLUdHS0Y3a1c2VzNCajRzVjQxRjdZRElUbGE0a2wyVHl0ekhadFExYVNpTzR2d0VzYU9NelUzb29IUHFUNTQwYW0zWC1IVlRPQ0FNM21QX3ljdktHYlQ5REdiSGRSUTE5b0lVRE1Dc09xeGhxMVRxRl9Eb19Da2FzdHJXbVJLckd4MWRDbENWeFNENF9ua3lPRlJ1TkVXNzdmTVNJa1g5eER6VTM5WURVaUNZMDhCVG15Rlc2VVlSZnlZTWpZai0xa210UmRqOXpLYUJ6a2RKbzNCaDliZFp2Rm5zUQ?oc=5
2026-08-30 01:11:37,META,"Meta Stock Slides Ahead of Q2 Earnings as AI Spending, Ad Growth Stay in Focus",TradingKey,https://news.google.com/rss/articles/CBMixAFBVV95cUxQWmxyODh4WnJjRWVjcWR5d3ZpdG94aVlEN0duUzZ0NHZMYzVXa2tfS1VNNEVyYlJkQXRfV1o5c3JyQk55MTlzY2VIb3haay0ydmZOeEtGUzhKTWpPY2xmcVQ3SGhhNE1DdElEZkNRQ3JnMG5pVFdZX0wzSzBQQkhCTFBpcGtjT0FOT1hjVk1aNU5BZTJrMUtjMzNzZDRBVWd1enpjVENWMXdzNFlYMjB6WXNqbkpKUTVlUzhnM2hYc2U4ZEoz?oc=5
2026-08-29 23:09:42,META,"META Stock Today – August 28, 2026: Meta Falls 2.5%",The Eastern Herald,https://news.google.com/rss/articles/CBMiogFBVV95cUxPcXZaRzRnazhJaHhwNGtBUW5FeVZsbl83UU5tTzdBWG9Rb2VpQ1dBbndSTkFhbkVTVkFkWnZ3R1QyRGxCa1czeEtUVGZpTFFmT21EaGxFYUx0akMxMlgtM3AycmY2QXZDWFNNZG9XVUszX0xHWkpqSHNKWXNueS1ORnM2ejFjOWE3dWptdFVyQlhfQWc1RjN2Q2d6MnV6dnpzN1E?oc=5
2026-08-29 20:15:20,META,Meta Stock And 2 Founder Led AI Picks For Higher Rates,Yahoo Finance,https://news.google.com/rss/articles/CBMikwFBVV95cUxQUERwY3RkS3BPUk1VQTBwb3FZYngzaFo2M2pySk5iekw3TElaQkxzSlFubjRIWHRSajByR1VfM1pubk1vX2NkVnpTZDViblY3SWdZUUZHa1IyZGFvYzNJTWZ1c2lTdUFuOWpwaFY2eFNNcFhSYmU2R1d3MkRxb0J0dFI1dzdwRlBaVGwtSlFET3BYSWs?oc=5
2026-08-29 18:51:25,META,Meta Shares Stay in Focus After $16.68 Billion Legal Settlement,iNews Zoombangla,https://news.google.com/rss/articles/CBMilwFBVV95cUxPem4zdnh1bFRTQlVpZGRHYnhGVEJ0Vzl4VWsydEdrb1pBbUtNQzJLN2xGaGIyOGpjSEdpbVBNMjVScUVRUi1NSWZMT21OeWk4cXVGS0VEWlpyczZvTHhHXzRvaDBwdTZWQTdYajFrN3Z6RjlXRGR0R012UVhIRGlyLXNzTWdPdXpjTTNPVnN5Z05SMDdyZDV3?oc=5
2026-08-29 17:30:00,META,"Wyoming receives over $13M in ‘landmark’ multistate settlement with Meta Platforms, Inc.",County 10,https://news.google.com/rss/articles/CBMiqAFBVV95cUxPOERycXh6YTZ2T1RVNDMtTTVwOEVPaDNsZlJoUDdHQnFVSndjR3EzOXhJam5UenJoa2pqNjh6UmhtalphQjlUWkxXWmFueUlRZ2dWU1BQdXlmZVZfOTRmQ1otZFNSa2ZYLVlvNk5DRlNIQ2kwbjJXZ00wbUtVVy14VllwMGdGX2d3WGp1U2tYemlyWEpqOEdBdGJjTS01ak9CdWhxOTBkclo?oc=5
2026-08-29 16:37:00,META,$META stock rose 5% this week. Here's what we see in our data.,Quiver Quantitative,https://news.google.com/rss/articles/CBMiogFBVV95cUxPZGdldGRQcDFDNW4tSFI5YW1UdDVlWElhWUFBSGxuTGJLS1JGN2xlMlhodnNpYXFhRHJSbkQ0ckNnUTUwamtSZXJkRmF5YUY2cE9RVEhqcG91UmN5OXVuNzhTSkZJM09lMF9URUV0N25jVU9FTXRfd1NmMlVuOUNObkhmMnFaSGxXTGU1alpmb1prU3hCZzZHdmxPWlNFXzNSeVE?oc=5
2026-08-29 15:41:30,META,Meta Platforms Battles Scams as Wall Street Bets Big,TipRanks,https://news.google.com/rss/articles/CBMinwFBVV95cUxQQ05KUVJxeEdtU2lvcXdpNWp5YTUwc1lxczBzdUtReF9HblpLTHNCcVJJSUtqLS1yYV9acE5EbnBjQTBWYmM3SVBvTEE5ektNckJZWWotaElLLVZJODg2Y3hpOWM0MXpRUTk1OHdONGVaZTF6V1dYNGxUZnFHSDJDem1nRlV4ZjJnd0w2RUxUZmVXWU55SGMxUEZJYld0aXM?oc=5
2026-08-29 15:40:20,META,Meta age checks stir alarm over surveillance risk,Rolling Out,https://news.google.com/rss/articles/CBMifkFVX3lxTFA5aGlfSnRiZkhxTVJtRktnNmgyRGZMZUY1ay16cmpXWjVKa3FLYWFKWk1JWW54cEhvckY5SFlMZXJrZy1rdUdqWUJxRndwV3N3Q0NhUjVPT2NWamMxNG5YNzZRVW5FcjdnNmZwWmREakdYNG5aN0VmQmZvQkdUUQ?oc=5
2026-08-29 14:33:18,META,Meta Settlement Puts Privacy Safe Ad Stocks In Focus,simplywall.st,https://news.google.com/rss/articles/CBMixwFBVV95cUxNcW5rWFVCNmJQQkxVYm5CME5BZ0hrakU4eDdFTnN3bnZjdG14RGQ4RGQtdGRfR045M1BlM1NsRlhYNVdmQzlESEZYeWhDUElsallfbVRiV0habTlZalRUNjBSWS1fT1oyOHZxZXk0d3BjZjFTZ1Y2OVZiWm8wMmh6dkF5UkJLMlEyR1ZUUXhDLTl5VHN6M1d5WXZOLXp5ZUlMYklQLWJPSGx4ZzVla1VfWG1sUGdDMEFwQ3VXMTM0LTZIS3R0a3Jz0gHMAUFVX3lxTE13alpyZ1liQU9TY2hKMnUtalVybFduYnJQeUZ1em5LT2d6WUpET3l1eXVid19TSUYwbE5MVXprbmkyNkZ1SHhuLXZUd1Mzb21zdUJQR3lSdkphQWo3c2ZDMUd4WWZjak94enQtMUdZSzl6WklPNS01WU8xMlp5NUFQSlNudkJyTTBTbDBHLXd3aG5IZlRNZXlBVHQtS0piNVAxWGJmakR1bVpPWGRkWm9ud2MwY3BFRkZFZWFoaGZWMEwwYU1JNXZIRkNsRQ?oc=5
2026-08-29 11:18:05,META,Meta settles teen safety lawsuits for up to $18 billion,Türkiye Today,https://news.google.com/rss/articles/CBMiogFBVV95cUxPc1JqZWtXaU9RWF9JbWtuYmx0Sm9NZkh3dGt3UmM3bGlCQ2kyLVZuOGRkWEFjNHJXX3hzUm9FcE1nNTlFOGlqbmpzU2pMcDI2em14VUV2dEFMVlBFSUpydHNoYkE2c0dkckhuNmdNNm9pLXlWSVNGUk1Ucnhsa2txQlFOMC1HNmtkTDRWc0pkUUxiSnJndUprMXNnMm50MmdZV0E?oc=5
2026-08-29 10:50:28,META,META Price Prediction: $17B Legal Grenade Meets a $826 Wall Street Target — Which Way Does $578 Break?,blockchain.news,https://news.google.com/rss/articles/CBMinAFBVV95cUxPSzlRTXNVMVJkTlUya18wTF9ReGpsNzdCMjZCSzFyQnlyQXRtMDZVNXBuWGMzeWI2TEhXS3pfbWQ2ZENNbGoyRElWdzl2dVJJMXhOZGkxaHJkUkEybDhuVjJ3MG41R3pFRDNTRWhtMm1IQWdwVmZ5WkY2bklrX0V5SEZOb0dWdDJqNW1sR2s3TGl5Ry0wVU15b0d5OHo?oc=5
2026-08-29 09:51:49,META,Meta Just Settled for $18 Billion. Here’s What Changes on Instagram and Facebook,TIKR.com,https://news.google.com/rss/articles/CBMipgFBVV95cUxQdGxUZnRpdVJYSi1KSVpkNk5tTm1HXzI4OGU1bG5mZUpsYWVpZHlJS1VXSmJ6UW9yaEpsLVQ5YUg2cExLNk5jdE41dWx4ckZxU1JhZUtSQjFjVnZXREhlQmN1RUxOaGZVbzJ2M3JuS243SGxLV1M3Vml2OExRQ2k4Z215UHFFZWRPV2Z5M0R3Q3llSEFiM2ZYdTNUb2ZJTEhNSi1KNG9n?oc=5
2026-08-29 08:17:56,META,AI Stocks for Higher Rates Why Meta Oracle and Alphabet Stand Out,simplywall.st,https://news.google.com/rss/articles/CBMiygFBVV95cUxOekhwbXFJaDZldHI3WU9FYTl5eUZmQjRGRGVoeFFoYVZsN0ZkTE5sck0wTFpfQnpldjVWcmtoN3JDRHZBcFFiSko5MEpqTjVGSUJneG55ZzhRcmhlbDZjcUhrbjdjNkFfdGZwNXJ4RlNVTFFCNU1XRUtTUmdCVzFoUGFoM3daX25NYVpCTkJGd0ltRUIwbmpXSllaVEV0c2JPeWJ5dHdZS1JwSmdtZFhiVG5nYUhkeWJ1aVBlSm0zeExyMGN4QlJSZkVR0gHPAUFVX3lxTE4teU1kbnE5VWxzTnAtVjhQZzFmdlV3M1FZYVJFUzFMYjNvNkhoVW4zZGlldUpxM3prVS03UnQxdDExQlNNelF6UGNaRjFQSmRBSkdScHV1cmxfcTFrSFgzMnVfZ0g0NDhnejByeklZUWRWbzcySTNRMTlvZlI0eFB3YnJacC1xSHpQMWFaSnZXbVZreGV1RzJFaW9KRXVzX2JrblBBZUpxRUhCOGg1Q1RoZHh3aWYwWmQxclFyOHJqNVZ0Qk9nMnViRmpScnlZbw?oc=5
2026-08-29 06:35:35,META,The Brutal Truth About Meta Stock After Its Massive AI Spending Warning Sheep Detectives (rPvhbDWo4K),Mshale,https://news.google.com/rss/articles/CBMiW0FVX3lxTFBpOURPUFQyd1o1ekg0S1FkLWwwSXBsRVRvUmVlTndaQmdvQjc3MXhtWnFTSWhxeHo0ZzE0VkNXcGs5WmRRTWd4eXh6WHBfcV9xb0o5N2pVN0I3LVU?oc=5
2026-08-29 05:39:22,META,Meta Platforms stock rises on a $18 billion settlement,AD HOC NEWS,https://news.google.com/rss/articles/CBMitwFBVV95cUxPcG92VXpiQnFTVXNMbVhVRjlKdWM5RW1fODc1bHFfVzFFdF81TEUtd1o1Yk9USjBoNjBSZzEyQ3loekltY3hiT1VUUmJRRUd0bmFXNmRCLWRIeGlKWEo4amtFNHRhVlNTeFdZVDFyYnFQT2lWSDlNMHB0SW9yOTBnTzVLZmZyTklvRjhEQVp4d21zWW9ua0RZZ1R2aTZ0STBKUFNRTTNHcmJWQ2lxTzA5ZHJVTXYzTjA?oc=5
2026-08-29 02:43:10,META,Massive News for Meta Stock Investors,The Motley Fool,https://news.google.com/rss/articles/CBMihwFBVV95cUxObVRGYTdWM2V1bDhIanlfVnk2Vk5raWVkQU5XMkJHZ1Z1U3hUMXE5cWFnVTNXQ3ozNjE3bzA4c2kzUXNKR2lZcDNzOE02UlhGenZPLVJ3ZTd5TEluWmJyNE03NlBDVTQxQ2ZZTWVQaXBtaHRIcHpyMkFlbENLWXpMb01fR0VOeEE?oc=5
2026-08-29 02:01:39,META,"Nasdaq, S&P 500 Futures Slip Ahead Of PCE Data, Oil Jumps On Iran Strike Fears: Why META, INTC, GOOGL, AAPL, QCOM, VKTX Are In Focus",Stocktwits,https://news.google.com/rss/articles/CBMi0gFBVV95cUxNQk9MTUo4dHRlSGZGRk9wNG1fenZKUHlidUVGVFF1WVdma3F5N2tpZENQR1J0TTFCTzBMSlZSRDIxeVFIQ1hIY0NzMzV5aGgtaDF3ck4wbDl1Z2hrSUxXS0xiR1BHd0xtQTlyNjhiZDRjRmwyRUtWYXBSV3VycFc0cXBfaVBOYTZJUWVyc05qVHJPMU5qWU0wZFkySk05RjNfcG1Ia0NISldscF8xX095T2FCTjdDei00VXNaSFVnelZrN2xzSzBBa1RPRU1HS3lhdnc?oc=5
2026-08-29 01:55:42,META,Massive News for Meta Stock Investors,The Globe and Mail,https://news.google.com/rss/articles/CBMivwFBVV95cUxNUGpqRnFBUFVKWmEzMXoxakRBemIzYWxWczVpY2F6cmRKcldhOUo2R0lxemRGd09iS0ZpVkdrQk14azFWTF9VSjRnSEhqR204dEJONUdFMnFqWFpad2h4R0Jpb1VaMm9IQlhPTVliUmpYN3o2bXBzMHdZajZQNEVQai01ZTZpOVlPdnp3V3kteDAwYVJ3Y3dXZ19DSjVfdl9tM3B0QTNwN056MGptNXpYMnVxeDJIdUR2U2NYeGNXbw?oc=5
2026-08-29 01:55:42,META,Massive News for Meta Stock Investors,The Globe and Mail,https://news.google.com/rss/articles/CBMivwFBVV95cUxOWGRWaWFBaTQzbUlqU29KdVVKYmd1UjhJUkRDR296TnRVYkt1OXY5ZU92YWFRNnVBejI0TmFTUEZzeDE0QXh3QlNuNVNCNXgtUER4UDBCbU9TWHFkOE1rcHhwRDc4X2xtZXhTOXlJbGkwQVRBby1xQUlwZkdsSlZfdXVsa2ZUdHZSalV0cEtSOTNOSzRhdXU1VkZXTi1ScjN5clB3MFZ6ZF9QSmthalV5aGNSYVR6N1hwdUJOS29hdw?oc=5
2026-08-29 00:26:48,META,"Stocks: AMZN, AAPL, NVDA, TSLA, GOOGL, BRK, SQ, META, MSFT, BAC: Elliott Wave Maladie (EhvtrZJXX4)",Mshale,https://news.google.com/rss/articles/CBMiYEFVX3lxTE1ncXlmcVJ6VDZ1Smo4bW5GUUVVZkFZSXA3eUxUZkxWWUFDeVZZMHREaGNyN3UxLUhoYjFtY1lIdDFReFUzSjYxSmVoTUZ3alZHMzR1aTBXeGgwZzlmTk9mVA?oc=5
2026-08-28 22:22:42,META,"Meta (META) Stock Today — August 28, 2026",The Eastern Herald,https://news.google.com/rss/articles/CBMieEFVX3lxTE5SeU5NS2NuQ3NCRmowNFRPSnFzNkZDbFpYUmZiSnd4NDVXY3pJeFZuYjdoRTF5aUwxZVpRX2pzZDNhQ3MwdUlVMERNNXlOT1JYMzhCRmp1MmREc3AtRzhVVFZHV2NMd2Z6NXZqOHpSbnlQakg0eWlMQg?oc=5
2026-08-28 21:08:00,META,Meta's $17 billion teen safety settlement is really a 1% tax — and a play to box in TikTok and YouTube,Fortune,https://news.google.com/rss/articles/CBMiyAFBVV95cUxOZ2lwUVJjSGxXejRaWUVGLUdxcTVPNWlRRHp6VEVEbTV3VnhsbS04VloxdkZ1ZXl2OGFacDA2ZHpCSmpPdFFhRkEzVGd0VVJDbVFJOVQwMmxJaEFhcG1CU3dPakFPWVNCTmhEc094c2NNZ0pMa0xkanFVd0hvSzlQVEJTOEJEWDBOR0R0Umg1T09vdHJVS1M1c1hmTnZRRWJkYkJ2TzkyZkE1RkMzY2czckYzOUNla3dMMU54NGI2d0xHVm9IR1gwQw?oc=5
2026-08-28 21:00:00,META,Meta Buys Away Its Distraction At Minimal Cost (NASDAQ:META),Seeking Alpha,https://news.google.com/rss/articles/CBMihwFBVV95cUxNRnlVVWFhUFVydUZYQVB2WlYtVDgtenlFZk5jYWxfcUcwRHZwT3FyZjNwNnJGeXlFU3k3eDF4OHNZOU1FV3lXYnVFenBnNWJjbkVJYURuZ3lheU5qcVl1TzRRWmtkOGJIdlpYeTQ1dHZxVVh3Z09pZEl0MF9aNVdycEs5cnEtWWs?oc=5
2026-08-28 20:36:00,META,"Analysts Are Bullish on Top Communication Services Stocks: Meta Platforms (META), Take-Two (TTWO)",The Globe and Mail,https://news.google.com/rss/articles/CBMiigJBVV95cUxNV0dVaS11cFR2RXIzX1lMRk1mdkVOcjdUckZ5OEpVSHFLYnZhOTNQOW55amxGSzRzeFQ4T3ptTTRxMjVadEF0Nk13VU91WERVTXEyZ1E4cXFnNjc5Y0JqaW41ZDRHdHpBcVhLbGxqNGxiU3o1c0RlMHhLaEIxNEVKTWxNSGxpV2NBbjZmTVpTWVhEbFlWRURISFlyT1lJUlF1aGlJeDJfay14NEg1aXg1TVJoc0c2ZDdObmRMN0g1Nm9NV1dnRDdyVl9iNWZ3dFF0Y0pfRXpSbTNDbFdESV9qdHd2M2xEeXJkYk1MbUNiQXBlRXlfQ0dCVk5HbmxyZF8yR2dvSHIxWmNiZw?oc=5
2026-08-28 20:17:43,META,"Meta Platforms (META) Settles Youth Safety Claims, Is The Valuation Gap Too Wide?",simplywall.st,https://news.google.com/rss/articles/CBMiygFBVV95cUxOb2dXTVByMXRYb0k2VU8xbFhwcy1JczFDUjFHY3V4NlZOX3JNcmpRT3JhN1ZPR19VdnpWbUF0aUlZdF9pZW9wakRuaVQ3MzVHWnhuZnR4TEVjYUpkTDRNYUZnUTRhMVRUb0d2eWl1TW5tZ0lMbEFxd0FUcVlKMmQtQmtEWkV1QWtWemlJcVpETUNKaDN6MnprMjRtMEdyVEMtOE0yUXhhLU43UVJudUl3WjRkNTU0NGNRdzlBM055Z2pSUHprczZBamt30gHPAUFVX3lxTFA1SDctX1AwbS1tc3FJVTFxZ0tNVG9hZkZVVGNfUmFqX3hIOHd5RkRfMTJFYnNqbWplbDVYeVA5M1UwcU5zRUxFaHlIU3pEVERqNWIyMDJjT3pVeVd4b2owNjFuUk5tcndZRXNYRGpoWmU3eHQ5cEdxVEhRQXVGd21RcmszaEhHbm1qaXJjTm1GcEkxbDI2N1hSOGZuZTFINWVfQ19aem5pVTNxeGtDNkRvektXemFyUHR1eXRBUzA5NUk1MTNBT3ljOF9xNWRlNA?oc=5
2026-08-28 19:04:44,META,Meta’s AI Gamble Gets Bigger After the Company Considered Slashing Teams Again. What That Means for META Stock,Barchart.com,https://news.google.com/rss/articles/CBMi5wFBVV95cUxQR0djZ2R1QlhfNXRXVFZybWctc0VneC1BOEVvZzFxdHdmdkZ5VEtpc0pOVU4yNjliOEw3cnoxWGxuOW1fYWZINEJ4Z3dQTURoT0Rfd3E2dk45dzJRSFN4a2xfcnZ5YWhpenpBeTFUR3kwV2V3UXpTVHpWTEgzVnBSZHAzT0t4dXJVUDVDYmxQZHVLRkVTWWprUlhSVjZET2FuZkpCM2hmbzBRRVdSRTU5OFU2N1ZmRW5OZUdvQ2RYY1g3OG44UEQxOWVDdXhYdGFCd1d6UVBCcVNUSHU3VFo4eUxxTmhNQ2s?oc=5
2026-08-28 18:53:43,META,Meta’s social media settlement leaves its money machine unscathed,Asia Insurance Post,https://news.google.com/rss/articles/CBMiV0FVX3lxTFB1Nl9jcXNnUm9vcm53SzNwZzE5QmhxMi1fTHJoR2tXTWE0Vzl1dXl0dlhOdTl6Q0NxQlJ1VUZRV0xNX2N2U0pudXZhNXFGemdXLW55UFgxUQ?oc=5
2026-08-28 18:47:06,META,OpenAI Just Poached Top Meta Executive as India Pressure Mounts,Benzinga,https://news.google.com/rss/articles/CBMixgFBVV95cUxNd2xXdjRzREdDd1ppb182cHZuU0k0NHh1OGdGeFcyS0NmVzRkZlI5Rnc3NHo4YkJjdVZocmN1clVGS08zWUtRaWlxUzhMNWROT0F5TEtoVUtIS3M5RnBhdDBZWWFVUFVwRXc4emNDa1FGVWl1WTFnaG00RDhVc3l5RFdDV2FaQjFGci1HRFY5MXRsZXNjck1HX3JMVVRZQ2R0dkpIZUpIYWlKdXZGQjJYR1dxd1BmZXpGcklmd0M2c2JCWkVzWFE?oc=5
2026-08-28 17:34:00,META,Meta Platforms Stock (META) Opinions on Recent Market Performance,Quiver Quantitative,https://news.google.com/rss/articles/CBMipAFBVV95cUxPZXZkc1J2SWktSjZBeTR0N3ZLSlJBbVJXMEk5dUlxVDBmN0wteEFJYXJUZVBScVZpSGNaWTFMZ01wTi1Nd2ZWZ2tQcU5NdV9ZX1lOM1IzQWxfQ09KcUgwemUyUm9ESVBzdXFxUjJ3S1F4T3Y2YzZVeXNJdVBvdkRQaUx2YWsxbFB5cnluV3Fxa2Q0eTZjVHprVUh6YWI5cFFpaFBvQg?oc=5
2026-08-28 16:56:08,META,J.P. Morgan Keeps Their Hold Rating on Meta Platforms (META),The Globe and Mail,https://news.google.com/rss/articles/CBMi3AFBVV95cUxQYldzZDVvQm5Hbm9lTTVrRHE3MVRRTTZnS2tKY01pMDZWcFpCby15WVExYlFNSEhXOEVhWlJuOTBuS2xTcEx4S0xyV2dKb2FGY2JaRUxzb1NILTJnc0hfOENiYjhLaXlURnpfWkhidDA5emxCanhGVmtqRlpFa3RSdkZDZXVHb3RXUVZOcmpJUGp4Tk1MVmFwUWJrN0RIRWRDZ21QRm95cWljN1dfam9DWS1BNW5lRW5YTWR0TVdjMEVwSzNRNFpLVU1IUDJYbW9CMm8tUG1lZ3B3UmRW?oc=5
2026-08-28 16:53:59,META,Meta Platforms (META) Just Called a Potential Loss “Astronomical.” Here’s What’s at Stake in California,Yahoo Finance,https://news.google.com/rss/articles/CBMinAFBVV95cUxOZGlUczRmTVdTZVhqNmY3dDZFTlJXcm5OT3RqYU5QdmhjU05xVGRuWHhKUjFKb2JldGhsMksxNGxLTmFuR3BjQXhTOGNNVnVEaDFDU3d2aGZvN3hyVUZ6OHdsSlNzYVVZSnVsakJFa2hhTjZnMW1OUS1RbjlqMUltV2xhb2hHcGFGMWZzd2JCM3ZoaWVHWER2WllmRGg?oc=5
2026-08-28 16:13:36,META,Meta Platforms stock reacts as multibillion-dollar teen safety settlement reshapes the outlook,AD HOC NEWS,https://news.google.com/rss/articles/CBMi0gFBVV95cUxNV1FCTFZhdUxtZjZyX0JIYlJtSEZPS3NNZjl0aFIwRU9WcDdHVWs2OUY2NUJFaVRtcmppdXdFOWMwTkhLOXVReEtDbzhaTkx1b0ZmYWhXRWZiM0hFRVNkZ0JnQXJNVENiczdQNHF6UVozX202cVRsNVVQU0s0S19EZUwtdzI0bDA1TThyS1pCVmI4U0Ytb1IzX2xlaHJEbGNDLVhNY0RiaUpBX2ZSWEk2c09EbFNEY2MxOGxhNndJWW1GNk5DQUZ5NmZ2dmd3b1FxWVE?oc=5
2026-08-28 15:53:00,META,META's Closed-Loop Cooling Gains Ground: Can it Fuel AI Expansion?,TradingView,https://news.google.com/rss/articles/CBMivAFBVV95cUxPSTFrZE02Y3E2eWVJZHpaUmlHb2tiQ2NVOHl1QUY3X0FXQlNfV29KUXlxeWZydHZLU2ZPYk9pTjBSN1JUQ1k0S3J1Z2ZhbXluTl9DcDdMc1B2OHYwOWdKNVJaX0Z6S051UVhFUjRaMGJmNVpPV0ozdmR6clMwU1VsQkhoZlVyOHF2M2x0Y3hlSVJ5dEdhWkNGcHI5Q0dQaklLUEFtOXRQWDlacnV5cWlHQ1pudFVRTXBKRlhCUw?oc=5
2026-08-28 15:53:00,META,META's Closed-Loop Cooling Gains Ground: Can it Fuel AI Expansion?,Yahoo Finance,https://news.google.com/rss/articles/CBMimwFBVV95cUxQR1lxR0lMQVBiRVhFOWcwQkpPOTJTbGtycll5SFQtQXdzS3VOTTZXQjlDeEVPQmd2UUhxaE9WUGhST3d4R19qempOU1ZWdFhKRC1keWE5SmRFcWNEQ09EckctS3Nma1lscDhCLWxTWFBzOTBjX01qUGpOVjRjaDFBMTJleldqYk93R3NxTmVTR19EX05MTGVuR3RIbw?oc=5
2026-08-28 15:30:27,META,Why Is Meta Platforms (META) Up 6% Since Last Earnings Report?,Yahoo Finance,https://news.google.com/rss/articles/CBMilAFBVV95cUxOaWRHeUJEeEJNUkdiTEVWWnFERFdLU21RMEtVTng4blhRNHZVb1piVlZBeVZROHI5QmRrSWl5X1M2Q3V2aGpJM0tQZFh4c015cG91dk5SZnlERXN6WTRianVsZ1d1TmtWT0NzUXExSGNydWY3MTNTRXBUeW5Kd2VvNHllcDVqcktEMk1DWDF1U0E2ZUlN?oc=5
2026-08-28 15:23:03,META,Meta (META) Trial Loss Could End Doomscrolling and Stories Features,Yahoo Finance,https://news.google.com/rss/articles/CBMilgFBVV95cUxQb01YakxnUFJOSXk3R0h6elgyNHBNd1hNeEI2Wk9SbEwybW5BRUhLRGVIb2pmZHNURGRVY2pfbFBDN0ZFYkFYVm9Bb2hfdGJ0VnFGSGJqaERUajlwX1pJOEhCbEViSDVEM2tzS0FFaVJJMHZlYkVrWVdmSWxRQk5lSU9xa2UycVNteWFKRlp0alhnTldMakE?oc=5
2026-08-28 15:04:33,META,Meta stock gains about 2.5% after clearing major legal hurdle with multistate youth settlement,Traders Union,https://news.google.com/rss/articles/CBMilgFBVV95cUxOVVJQNWRIZzRJZjZFRUJVdzRxb3NibmVxeGpWNGRjRHlNZEV0WkFuUks4SFg0a2Z0STZmNHV0TS12eURocHVRNXp0cllCcV9PRGhQZk8xQ3FuUm5RaGNFUmhVSWg4ZzFyNUNJQ3BseTVBanpWbXJXcE4wQWJva3hGRjVTWkxTenp1SnBPSFRCdUR6SUVndVE?oc=5
2026-08-28 14:24:31,META,Youth mental health settlement resolves state-level claims: META technical outlook,Traders Union,https://news.google.com/rss/articles/CBMiigFBVV95cUxOMkxKbVJ3NEdKOHJYQzd3Uk13OHBjekF5VlBseFg5SXBMbXUySFRKT0dqV2JEVF9Nd0gzSkZNYWtMaXdfMVUyTGxOUU05SDM5WnZDdV9pZ2JzbEhfeTYwQ185dGtTR2t5TlF6anpSYnFybFRvZW1rYVNpeFNYWlhfakhxU1dfMGpVUVE?oc=5
2026-08-28 14:16:46,META,Meta’s $18 Billion Settlement May Be a Win for Investors,MarketBeat,https://news.google.com/rss/articles/CBMilgFBVV95cUxONFladVZxYy1qZlUxaUxGTjNWTkJIYktGNk1NMm9MMkV4S2RxTlBYTjByZ2cwNnhGSndIb3RMSHFLNGFZVGF3eVhaLU00T0pZdnpILUhYbHdFUF95VFJMdFdkSFZ6X0lRdkZ0c3g4LW14M0RwMzYtUEhUN2NuTGxMS1pSNjVHeVBTZzBCbEJGdkZNcXZCTHc?oc=5
2026-08-28 13:59:42,META,Is Meta Platforms Stock Underperforming the S&P 500?,Barchart.com,https://news.google.com/rss/articles/CBMimwFBVV95cUxNVnF0cTZWU2ZJN0FieGVXeXZudHphVFNHR0VFVDdWclU4QS1oMUptT19ZVXpGeXJISElLcFZKZmVMQmVqQk0zZnJESlIycWllcE5XbE40QmNrVTdKV05QSHY4VUxvbW50YXRDQ1NOVEQyUU1GODQwWDNOcHNqVkl6dFpfRTZ6eWdqRUJ1U2xnaUxfRVRtT3FNclJRZw?oc=5
2026-08-28 13:59:42,META,Is Meta Platforms Stock Underperforming the S&P 500?,Yahoo Finance,https://news.google.com/rss/articles/CBMipgFBVV95cUxOUFRTWjVVZkNCR25CT2xIQ19fZVl1b2xsSGhGOXlfVzFkUGktSU1RT0hVbFl0ZEYxSUQ3ZlRfQXNUTnBiVjNORW5mWlhlVFN6ZkJmUW9fYjJzLVRJVTZpM2VBbXF1TVZra2lodzdsYmxNQ3RBNkJ5SF9zNHI2TmZrUm1iN2QzWi1TaVp2YS1jQVVTbjZYRWVjYWpQRGRiWmRkT1pPQTRn?oc=5
2026-08-28 13:33:37,META,Meta stock could rise 50% as AI boosts ad reven...,Pluang,https://news.google.com/rss/articles/CBMiigFBVV95cUxQTUlycUhDMzNuczB3emE3QS1ZckpTMlp5MVNhQmdtSVZMaVdqZlFLT19XUFpBRGp4QW1mSWpaNlVla0xNbVB3VUFTaVoydU5wclRBZ1pEQzYxankybmFJZjVKaGl4ZktHRGp6aXltR1NuRnV1N1JqQUFoa2RGMFFqbmQ5MkliQkRXTXc?oc=5
2026-08-28 13:00:03,META,Meta Stock Could Have 50% Upside. Here’s the Bull Case,AOL.com,https://news.google.com/rss/articles/CBMiekFVX3lxTE83OFVKRDl1QWhtclNSWXRXdmRPbVdvMEQ2SnFkVWV2SGFRd09RaVZGQ1FKd01PdmVLNUNQMWRTMHpQejNpT0pxX0RNbE1PSGxkT3g1VEs5RC1mU0FzOTA4WTJJN1Uycy1TcG9uRW9UT3NVcUxGV01RVGV3?oc=5
2026-08-28 13:00:00,META,Meta Stock Could Have 50% Upside. Here’s the Bull Case,24/7 Wall St.,https://news.google.com/rss/articles/CBMimwFBVV95cUxNRU1FY3U5bXhBSzg1bGVkaS1lZTI4WE9RWm1Cdm9WUGZtZUVBX1lSb1hQazN5QVItTFVoV1BneTNlTHNtX1N0VW9ySXN4N3UxWFNOTVJtQ2ZFdFpqUFByMkRLZzVrX2lGc0E2eGtpM3lZRnhGMTNWSU1JUllWSU9jTFZLMVF4Q3d0ekZBYVJvMTBYNVdKR0RGaWpnRQ?oc=5
2026-08-28 12:52:00,META,Analysts Offer Insights on Communication Services Companies: Meta Platforms (META) and Direct Digital Holdings (DRCT),The Globe and Mail,https://news.google.com/rss/articles/CBMiowJBVV95cUxOV2NZTUNRRXBTNXQ5U0NXT1FGRmlsc2lvV1ZlS2FsYUwwNGN2VU9aQWxCdzJlTUJrTGdRQTNtYl9FWjFmZXdCVEVPWFpiNzdpTGtYeFBLN1FVaERrMDVIV0JlNXpxS0trX1JZbFdCVldBdTNPZnRzaFJhMXN3MmhaYnItLVZKQl9yUEhYWGNjOV9SSWtONzU1dGdVMk9XRy0weEVJQ2VKX3BYZkI4QXBYOHh0WTNQNHNWMTRIT1d5dlpkeXg4LTFCNUZFMHRpSmlMTW12YlVOTnE1UC03WmRaOUN5UDNuZTZuTk8ydnV5Mk5GZU45ZnVBUmRCUXZTcDhpcTJMb045anJ1WXYtaUIwYV9RV3QxSmUyYzhOVWRoUGQ2Nkk?oc=5
2026-08-28 12:25:36,META,Meta to pay $18B over 10 years settling child-h...,Pluang,https://news.google.com/rss/articles/CBMingFBVV95cUxPVFBGQlNXTzhqaldvYW1YMUJZbV91cXUzZldhZWt6bV81UHBQV0ZHdHNmN3R2eWswQUNOanRjcWdhcWl6SFhNYVBqdzYzbXRVMUdUS1dRaXpjX09GZ1lndTBoMjZWY1k0U0M1TXFlV0k4OVA2Vy1sN2EwNzJ3eVNqemxpdFd1dVRqRVNaQ004azJDaklGdUxrYW1TWC0xQQ?oc=5
2026-08-28 12:25:10,META,Meta Tokenized Stock Nears $610 Breakout Level,TradingPedia,https://news.google.com/rss/articles/CBMijwFBVV95cUxOZXJHejI4eFZZd21sc1ZMM0ZVZHIybEFTUHR0YW41S0ZlNXc1RlZ0S1g0ckYzYkJwV2lkYzVzYng1YnlmRUE1Z1FxbEgtTi1XR29uS016TWpVNnV0M0tmVjlHb0ttQmJzellaU3V6QTBpQ0ZldkN2UGNRZ3VxWUNxNEhMQVduX1BubjFvNTJ4bw?oc=5
2026-08-28 12:21:00,META,Meta's $18 Billion Settlement Could Reshape Social Media Stocks,Yahoo Finance,https://news.google.com/rss/articles/CBMinwFBVV95cUxQVnlaSTV2VWw0MGF0Yk9hT2xTSnlrRUlOMGx3QkVxNURldFZwRTFsX2hHWlhQeTBPSzdTS3ZlYzdJU21YNVlXckRNMEQtZmQ2VUpLVG51TndYR0VfWUJsYzQtWDAwTVY4M3VKN0ljZlY2YV8tZDNVMGd5VjVHLUdsVmJmcXFYeDY5RXdjV2RROEo3RkYweUJvOW8xNElMTWs?oc=5
2026-08-28 12:00:00,META,"Meta Platforms Beats The Man, Again - We Move To Accumulate Rating (NASDAQ:META)",Seeking Alpha,https://news.google.com/rss/articles/CBMipwFBVV95cUxQSVBlRjRRenFSRkF0NFhucWUyX3ljVHkybVJfMm10QmRVcW5aVjl0V3JBaUh5X3h6SzlXeXZEbTdZOEdiQmthaktzNEJCY2UwLVY5MjcyUG02OVFiaHJpaTQzdjMtbmIyMzZuOU5RcWhMY29YdmZlRGYyWmEyekd4STdEcm9sUl9kalBuaFBTM3pYM21yMjlHbUJ2ZTlRWmt4eUhhMnZiMA?oc=5
2026-08-28 11:14:00,META,The Number One Reason to Buy Meta is Very Compelling,24/7 Wall St.,https://news.google.com/rss/articles/CBMinAFBVV95cUxNRTNWYTZ5eC13X1lGckowakJqZ0xCdTlhQVgwWlBPdlJOTjY3MGw3M05sWHViX3F5cFgwT0s2Z1l3eERqVmZaNFVIeDl1c19NSjQyT1lQa3FiRzN4b3dpNjdJOUozaFN6U0I4VF9sRzRKeTF0UnYyS0pieVJobF8tb1RBSElMb2FGbVlLcEVkZDlHTEdzUHJCcE5tbm4?oc=5
2026-08-28 10:22:27,META,$NBIS &META Stocks: $27B Meta Deal Could Ignite The Next AI Rally Football Results (n4pYbRsgPj),Mshale,https://news.google.com/rss/articles/CBMiW0FVX3lxTE9NYnB5UFNtUVczRFZtV05FT0VHUk5CVkc3TFpZUDdVN0NBWXpKSzZXY3lJWjFFVHdrTHQwcW9ld2RRaGxia0FmLTl5eHdrQjFONzU2UXNSMXVnbU0?oc=5
2026-08-28 09:35:00,META,Meta's $18B Deal Puts Trade Desk in a New Light,AOL.com,https://news.google.com/rss/articles/CBMieEFVX3lxTE5BcmhOVW5hVElUbWM1dmMwTDhRTUc1V2xCbEtpYk1BWjExX3pMc0FaeHFES0pVY3dxMFNBbU84MzQ1blBoRURrdXJOWUMzZ29wOEpJazVSUEx1M3EyQVJYS1hHTFFaMGsxOFdBVE1jOGsyNmp4TmpxRA?oc=5
2026-08-28 09:11:29,META,What Does Meta Platforms (META) Youth Safety Settlement Mean For Investors?,Sahm,https://news.google.com/rss/articles/CBMiwgFBVV95cUxQbTFKQWdIR2s1NkJfVHdfbXFNTU51Rk5zejhhLTRIclM4ZVBIVGVTdE9naTF3c0pVQm0zcWszY0VUZVhURWtEMFQ2VWdVeUEyQnkxN0ZZa1phVkJKcmR3SlZzdUp4cGdoV3lCMjFETUFRdXVoM1pRMXlYM2o4UWNsZDV3eFA5MHdQZU5HQUhYOUc3cV8zeG0ycWY3RHB4ZzRrVkJZRV9qSUtaTXdEUjd1UllNWmczOGtWdWhfY1FISzVpdw?oc=5
2026-08-28 09:11:19,META,"Jim Cramer Was Left Surprised By Movement In Meta Platforms, Inc. (NASDAQ:META)’s Shares",Yahoo Finance,https://news.google.com/rss/articles/CBMioAFBVV95cUxQSTVEbEdLdjJVT1I1Y1hBcGpoWHJrbHRaS1czUm41cWh1aFphY2EzUnl6cWNBem42eDdOV3lUWlZaRHZhN0pobFIxS3FEODNJQTZHckxjRWp6cDBYcXU0LWQzeDFjX3VKWUdMSlNrNUxHMENxLVJicTUyUk1zWWx4by1kNHVScTBVN1JWUVh0Y3ZNT1k4R01KUFFITTVQYVh3?oc=5
2026-08-28 08:20:55,META,Meta (META) Stock Still Looks Reasonable On Earnings With Cash Flow Support,Yahoo Finance,https://news.google.com/rss/articles/CBMilwFBVV95cUxNYmhFaC1TSGZ3WnBGOXZRTWFNZURvTmZQMHMyUVZqQ0tFNWoxSkRkRjVUdEJyRmNMV1NfWDRjNmV3emd5R2xvWDJ5OHhZWGVZdVQza3VlX3V5empKMnpZMDVjRFdjTk5vNGVVc1ZlaWhxTmFhOTlkdXRZb0Z0dnR6MHpNUVpRYU95UWxYSHNMS0hpbVBGMHdR?oc=5
2026-08-28 07:48:53,META,Meta Stock Analysis: Daily Downtrend Meets Intraday Recovery,The Cryptonomist,https://news.google.com/rss/articles/CBMiqAFBVV95cUxOZHdNanpray02ai13Rl9wazhsY0pIOU1mSDNsLVlIcGlQR1lORFlxZmFFNFdJTnl3d28tUHl4ZC1wZ0xBZXE4RnFfWVRVOTRPaExsYW9IQ0VrblIyNE9TamRERDR6YTFzOEMzazlhQ2w0TzRDREZ3MEg3MUJySDVnakE5X2prSmw1b2tia3JZRmZwZzVLclZaRnF6aFdhMUw2YXM2Z1pWZ28?oc=5
2026-08-28 06:22:33,META,Meta: When An $18 Billion Settlement Is Bullish (NASDAQ:META),Seeking Alpha,https://news.google.com/rss/articles/CBMijwFBVV95cUxNbVQ3dm1sNWdFcm5aY2ViV1pTbjBhTjhoYURDOTZFa0NBRTlwWGJucGNLbWtjeGFTOUFKQTN0SW1EOFdfa2RrV2x0WWNLc1FCb0QxUXVURV8yZ0dpS0VBNUp1YTF1WHZ1NjhzS3k1TVVrUjlXbFpoZ0c4bzVPZUhaMkJ5bW9xQlAySmxINExZOA?oc=5
2026-08-28 05:07:12,META,Analysis: Meta’s Social Media Settlement Leaves Its Money Machine Unscathed,Insurance Journal,https://news.google.com/rss/articles/CBMid0FVX3lxTE0xa2dLbjJmSi0wMU5DT0JDMWc2RHRfbFJYbFd6ZTkyM0FnLWdOOUx3M0w1VVBxQ2F5N0hRX3IxTmhMNWp6akI3ODhDbVFFU0lsZVpvdkdTdWVURl9tSkFCTEVuLS1ocUtmQVlYTXlzcU94SzlubDM0?oc=5
2026-08-28 05:04:08,META,Meta stock slips after an $18 billion settlement,AD HOC NEWS,https://news.google.com/rss/articles/CBMirwFBVV95cUxNUnFQZ1RnaGZweWR5ZkxPYVg0Y25yckFlRzFVNE95WjZES21tREZnWll1eGdOY056RHJ0NEFYYVJwaEZRUnlBQ3hGM184NkduSnlxdk1PamtQdnhUZWRGd2tkX0RVRkxUN1E4OTBucmRYN2dzb0JZenlSVE01Z2Vfalo0STN2NWJQQm5uZkRtVTJmQ1dsZGVwODZVNk13VzU1M0VVXzl3WDZHVEk1YS1V?oc=5
2026-08-28 04:02:59,META,Tennessee Alleges Meta Ignored Internal Warnings on Teen Addiction,scanx.trade,https://news.google.com/rss/articles/CBMiwAFBVV95cUxPMWhvMXNMd3Q5d2czRHExSjN0OC1aVGwySkVqOFRCOGYzQmIwcnJFUXozU1I2eUFWYjRlMmpBVHhfOHJhaV9lVmZ0bE5sS0dlMVRFYmJtY1NaWHJwNFA2d3BDT1BYbmM1Z0tiLWd0U1JPOFhsZlR0MkE3dDhmeEZjQkJGanBrQ241M2tXNFVNV1ozNExiOWdTZkpRcW9sLUxic1VYZV9uTjhYSW5xM2RLTkswMnJtUHk2UnFodnB3Mkg?oc=5
2026-08-28 00:00:00,META,"Meta: Disappointing Settlement, But Cost Of Doing Business (NASDAQ:META)",Seeking Alpha,https://news.google.com/rss/articles/CBMimAFBVV95cUxQdV9KNy1vM2x3QlRNY1htVU5CQmIyMUE1SWRYMjZqSlAxQlgySVFsQ2tWTUtXY3cydEFWUjZNSENhU0ZiYzZYWFlSeEIzTVAwejhpTTNSVVh6ME9jTE5ra1NwZVhLaXJIcXQ2X2tCOWlCejh4OU5MNlU3SUVaNy1HYUVfc3JEWmUtdDhpU1NUdkFwRXduTVZ5SQ?oc=5
2026-08-27 20:31:04,META,Meta Settlement Puts WPP And Omnicom Stock In Focus,simplywall.st,https://news.google.com/rss/articles/CBMiswFBVV95cUxPcXNVU20wUGZjQnZValJMb2owcDhNQ2VJY3EwTFpqNFREdlNCVW1xLXVVUnA2NUlOdFFqLTJ0eGwyd0tQV0gwelZxSTlCdVhrOHpWR2tUY1JTSnVKTEFqY0VmeWVIR21DSmY5MDZTLXlEVlhsbFo5QVhIZW82eVpzMzhsT1pESDN2VXJ4MlhQRnhSSWJpTm8yUG9aWEE2d3dScXNYQlhvTDh0ZVhDQTFHUzkzQdIBuAFBVV95cUxOS0taQWNTOFlySmRULXYwMDBPMTg3LUZWQ0RycjhlVXgtbkdpUHRINGlVZnFfWDBGWFNBQm1UWWtIMm13NzRubGJ6TGZ5YW0wdXdGcGZIejdDTHpuOUhOSzNlb2RsZFctR3lud1pDOURoRkNOcEtrcUpkajY5QU5lTy1FdlRhRkM2dmUwYjk0N1BJMEFGVXZhT0RjZktPZjNIc2dpRGMxd1BrdUkwUkEzam9hRG5xLUt1?oc=5
2026-08-27 18:37:01,META,Meta's $17 Billion Settlement Changes Instagram for Teens - Meta Platforms (NASDAQ:META),Benzinga,https://news.google.com/rss/articles/CBMieEFVX3lxTE5yV2ZnYkMySm9ZRGdnUjFGUkRCWER2MzhXdDlVSzFHSExRMDFITW96bGQ1aUpxZzB3akc4Ul9zMmNJVEhlaXhfSTk3YzZNS3dTdzhRWFNNNTlqYnUwbXVKMEdoZXlkUnktRmVoLXhuV3kwYjJvQ21kZg?oc=5
2026-08-27 18:03:24,META,META Looks 32.3% Undervalued on GF Value™ Amid Historic $18B Set,GuruFocus,https://news.google.com/rss/articles/CBMiqgFBVV95cUxQRTdTTEZpc1Z2N1JLc3l6X1hnd1d5NVRuLXkyYlFNYzRZbk5KV3VUV1VZWEFvUFljdVduU0p3Z1Jmbm5YLW9fUWlvT3NOWDBMQWl3NmRRM3pjRGhMdFJ4d1JmcERUQnRmdXBtZ3R6OGM2emFXMC1RNGtnWnNULWdYYnQzYnViY0RhTHVYRmQ5TjhveUVPRXY4R2pvYUY0NDBJOEluWGlWSENjQQ?oc=5
2026-08-27 17:59:00,META,"Magnificent no more: As Nvidia stock soars, here's why investors have been fleeing Alphabet and Meta",Business Insider,https://news.google.com/rss/articles/CBMipwFBVV95cUxOTldsUmYwRGxUSUxfZVYtVFZfQUlNOXREOG8yM0Z5azBzNm5JRV9VYi15Tms5R3JmQlNGSGQyZlBPWnNZcGJKZXd5V2ZJcVdLNHg0VEY3eFZMUEVLOEJMTmxDYmFHTkxkYldRTUtDZ1VOeEVfcV9FeHFOMS1ORElCRWlTYnp2QkpZR1hsMkdsT2tvQnhJbGt3OXdHZ08zLTc5aWJWbFZ4MA?oc=5
2026-08-27 17:38:45,META,Market expert reveals why he's staying away from Meta stocks,Fox Business,https://news.google.com/rss/articles/CBMiW0FVX3lxTE04RDNVXzByVFdxT0ZQaFd0Tm9TUkh3Si1wTnFJcFdVYmhkaDZBM0tnRTRKREI2d0J2b2ZkLXN1VEhLdnV1TEdMWHloVjQ3NnhLbXhMV2Zqdlk4Nkk?oc=5
2026-08-27 17:38:45,META,Market expert reveals why he's staying away from Meta stocks,Yahoo Finance,https://news.google.com/rss/articles/CBMiggFBVV95cUxQOUJ1aGhtaWg3QVozVGpDWm1KQWVRVGxXRFR5S1RtQUxsbWl2S28zUU42UkFZdEhzaGQ4ZTJQX19Ud0o0dkhnM3ZfbzV0LWt5akFkemJPVTdqYzNqREJVbXhQbzVXaHlrQXZnT3QwWTJnR01yeVJOTzBKaHFRNGxCa21R?oc=5
2026-08-27 17:34:10,META,Meta's social media settlement leaves its money machine unscathed,Reuters,https://news.google.com/rss/articles/CBMiuwFBVV95cUxQREtIOENRUjhtMjloc1pSX2hQUDRXQ3I0ZEdDWGlJdDB1dWRsTU5iWjlQQUlNbkJoam9XMVoyWlNmZlduN2g5LTBxUzlGZXVRVFB3V2swLWJPQWs3U0ZjUkU3d2FkZHRLQVRWY3U3dlBfZmluY0tsUllSbFhpaEFDb08waXV5R1ZfbUtHMWRMUlFJMnEtUnZ0SkRnNmE2SVh6RFY4dFpYRmJpTGxQYXhtMTZ5ZldBc0dvN3NJ?oc=5
2026-08-27 17:12:26,META,What Does Meta Platforms (META) Youth Safety Settlement Mean For Investors?,simplywall.st,https://news.google.com/rss/articles/CBMiygFBVV95cUxNU01MM2ZfY1k4eTJIYXl5YThySlE4YkQxZFZuLXk3MW9jT1VYVzAtZ21zVXBSQk5Gendia3NRcEdkRXl1c0VvcTZrOTVsekI4aWllQUNLLWVTdVd1N08tNi10UVJMdXd4Si1jV05lYndQcjQzVmgtWTR2TzdBek9neTJ4WUNhWU0wMUpwcmFNUzQwallLZzY5ek5SVzM3OC1hUUpmY2lwelJlSVktWDhBbEFGLTJhaXdXNGR0dkkwOC1HVjFPcDNkNzBB0gHPAUFVX3lxTE5STHZDeWNMQk9ZZ2NSeWpZVXctTllSTXdFMldwZTY0NENRTTRYZjV1dXpyWXFMX1BpQXhCNXNwcUIyR1VoRmxBRU52VUVuWWEyUFowMzc1bzBHZWlsUk55clQ2aE9QVWZuMUlGX2dVQm9XOE5HLWdhd0dvS0YxZlhLLVdQOEh1QTFsSUdkLWlKc2JxVFR2eEd4TmpvTmlvSzdzRHYyanN1ODVkcHVPU2ZJM1NGSFZoTVhmNW1yOHI2b2xCcGsweXBTalE4c3Vmbw?oc=5
2026-08-27 17:10:00,META,Wall Street Feared a $200 Billion Bill for Meta. It Settled for $12.6 Billion,24/7 Wall St.,https://news.google.com/rss/articles/CBMiugFBVV95cUxOUjFMSHBvMXdqME9naWk1clpucE9SZ1JYSWh1aTh2aVdycjRsOHpHcXRzRDZkMkxZYXIwTVpScFZYdEFwUFptc3hVN01Vd1N3ZkhCQ1AxUXlVZlVjTzRjVXg2SFZ5LW1pTjBiSHhxWlk1TjNVT0E0bU1VM0hYUzNiZjd5UElmakdSaGNpVEpNUENBSmZRZHNYQXZDSG9mTVNYQV9MNGdWdFRLdW5tTndoUXZuTUNRaC1oMUE?oc=5
2026-08-27 17:08:07,META,"Meta pays $18B to avoid a bigger legal battle, may get a regulatory win to boot (META:NASDAQ)",Seeking Alpha,https://news.google.com/rss/articles/CBMitgFBVV95cUxPa1RWdjVaYVZJMlRIN05VcUhfZUNOc3BXZUsyQXpxbjFoOVhYd1BEbkpsOGpkUXNvWjB0VW5JLWdxYzV1NmlteE5ZX01xeTQ1ZFlnNnNzd2o4M2NGMzZ5UzR4R3JZaFVVdlFGQVUwem9jc0tWejZpdjV0QmlwQ0JmV2JsR2JZQ19rMm5ZQk1waHNPdmdieThxRTBCSFdsaTMtNEVSZE9Bdjd1SmI1akhXLVBDemROZw?oc=5
2026-08-27 17:05:07,META,Rosenblatt raises Meta stock price target on settlement win By Investing.com,Investing.com Nigeria,https://news.google.com/rss/articles/CBMivAFBVV95cUxOUE5nWDNHWFZTY3hKXzZaLXZMTEVCREVIdFFSMWFYcVdQY3V3WTN1bGNpVHdhNUdLdlk5dFpfdXpORlFyNjItYjYxQW92V0J3SF9uLUFwRElRckYxTFpTMUVpVzRSZlQ1bzJBQ0o2VFZQc0VuT3ZMWGRUTk9VdHhWWmY2b2YtQ2ZqZVBMUzdGSVUzd1ZvZUFwTzJpd1ZSVGxXQngwR3QweFJhbUwxUFRoaWcxTE9GaGlJaml1MQ?oc=5
2026-08-27 16:16:00,META,What Does $17.1 Billion Mean for Meta?,The New York Times,https://news.google.com/rss/articles/CBMiiAFBVV95cUxOUzZxRFNYNksxZFI0cmNNNWNTQVQ0WlhIa3AyZjJvc0VkMWJBX3FENVdiV1g0ZFhlUHFWb2s4NVNpdjd3V0JGSDN6VzR0TlJheUFKTVUzRHpWT0Rod2p1SnNOWS01VDl2MVNkRkQtWkF0TExXSU82ZmNUR0ZKU1dpQ2Q2S3FTNzZX?oc=5
2026-08-27 16:04:19,META,What Is Going on With Meta Platforms Stock on Thursday?,TradingView,https://news.google.com/rss/articles/CBMiswFBVV95cUxPcFR2eE4xUHM5YXE3Zi05S0RQUFhsMVdQZ2JVLVAtZmJ4c2ZRX1YzMkR2VTN2ZkY1dEMwTDJONzNGdEljVngzWUZiT3NKTUh3Umx1T0ExTmNyZ1JRaGVacWZVX0t6VGRIMUtMXzN3OFBkQlF6SkNwbXNlaWxHQ0lkT3BOYnBTYWdiTEE5dVpDci11cjdOMVFjNXk4eE1KQk45TUZEY1R0d3ZSWVF3UmV6cGFPdw?oc=5
2026-08-27 16:04:19,META,What Is Going on With Meta Platforms Stock on Thursday?,Benzinga,https://news.google.com/rss/articles/CBMirgFBVV95cUxQM192c0xMaGZuN2U1ZVpoR3VmVTc2QlBKYzZvWDdfZ2prSTBla1oxamdMcGlQSHhkSmxQQUZzczRweUozS1NsT1lhWXJDVmE5aUV4WnVLRnVtUHJ1NDlfOUx0UTdoTnhSbXdFSlVvSjZBTDkzYWI4NjItcEJYTUU2Yk1WcjI3VENUN0ctOThwZzVvMUpOUV9uRnJsbFByazkzUE54WjJlVE8xYW1XYXc?oc=5
2026-08-27 15:31:00,META,Meta Just Removed a Major Risk From Its Stock. Now AI Spending Is the $145 Billion Question.,Barchart.com,https://news.google.com/rss/articles/CBMizgFBVV95cUxOaHVLT0hrMGZKZjdZNlZPRkhNWHBlTWdhWnZ2RlJzbmZnSFlOS2pDSVlEQmZSVENlald4Z3ZvUUxIR0tBMkVKYkk4N252b0VhcF9ES3NHYUVyaTdlUE1GeVF0eFJVbzVvRWVCbHdycjdwbmNZb2EyemM1MGM4OUNtNGtmN01TNWJpM2tjVmdDN2RKN1ZwSUlnRnE4UzNfejZ2LUtCdDc5a0FLRnFFOHBxRFZRNnZRaVp4a1BNNkRfTTRLVG1DSm9xUm96RnFUdw?oc=5
2026-08-27 15:31:00,META,Meta Just Removed a Major Risk From Its Stock. Now AI Spending Is the $145 Billion Question.,inkl,https://news.google.com/rss/articles/CBMitgFBVV95cUxNX01mMWpQSjNjMnpPTThqZkI1bVBlUGdGRUhVTmstcHlSNTFIVkdza2FvTnNZQmdzYmhTcWE3ZVUxMkRJQVM1OW00ZThyOTJmVFNMMUdFeUJaU2RaOVlGRlo4NDl2bmZ2M2VyUm03N2s4emxKX1FtS2JoU0pzN0FEeVI3OUtCSU9sekZya0Z6UVEwRXBRUTEyV1pabDBLRlJwcllRVmt2bVdjV0duNWgtM0RtRkEtUQ?oc=5
2026-08-27 15:31:00,META,Meta Just Removed a Major Risk From Its Stock. Now AI Spending Is the $145 Billion Question.,Yahoo Finance,https://news.google.com/rss/articles/CBMilwFBVV95cUxPX3NVYVJoVXRiS29VYTh4b3NwOEp4TzVZY0JObFhDY1IwNUdOZDZ5MkxIWEJreHhvekwyWlZrMVVTRlBDaTc5d0VpSzJtaldyT0lHOFQ2SGRUcmFyM1Y1dWlJSXJUZ25yaEc0VjNTWGZIbEFZZjNPVHdrUXYtR244RkgwYzNycWk4SUNsWEF6WkNFMG9rMTZF?oc=5
2026-08-27 15:11:32,META,Wendy's Falls on No Buyout Bid; Meta Moves on Settlement | Stock Movers,marketscreener.com,https://news.google.com/rss/articles/CBMivgFBVV95cUxQSnlPeE1DaXZmZHBYcDZwczVUcTlpZHVvYTYzS09MaXo3T1d0NmEzallmMkNLX2prSFp5dWJSY3RGUXpoWFZVRWFxbXM4dnk2X0dya2JmcFA3N01iUWdiRzY2RFdYaWdYZGZKRTRpV1ltMTZ5TlZzMm1XMDRxREtEUThfajdsZWY4aFp6S3FfZFE0ajNzeUFJdUlWVk5MUTFuR0pXbWpZNERJRmQ2bkRiVTdManpvNmJzYU01LVJ3?oc=5
2026-08-27 14:23:33,META,Ten years of independent audits enhance compliance: META resistance levels to watch,Traders Union,https://news.google.com/rss/articles/CBMikwFBVV95cUxPRWRaclpLT0lrWWdiRmlRUk41MTVFYWdTN1pxTUVoMy1iWE1HbncyUWFQZER4TlljZ0JxMjJ5VWFnNm1kRjduQ1JLZWdKOUlfZUR3M1dqNVFRNDE2TlU1MjM2TUZ4NVVLTl9aUnlWSUc4MVBpV2pPdUNzUVlzSmFFcHpKY0Q3NzVVU1V5dFJKRVhFdUk?oc=5
2026-08-27 14:16:10,META,KeyBanc reiterates Meta stock Overweight rating on settlement clarity By Investing.com,Investing.com Nigeria,https://news.google.com/rss/articles/CBMiygFBVV95cUxQUXRucTFfeWl4S1VjWlVWSlk1WDdIbkVFdktPZ19hTzJ2NkZ0ajV0dnN5VU9oYVIza1NyZlJRS3czRVc3SzlIeFZtREs0MnVYS2dXZFQtTHlpNHZidWhld3R6MTBnbUpSd29Ob3Rsc1kyakZudXhqb2E2cU80R2FyWXBMMzZyRFVnME9ZSGF0Qm5yYzVDNUQ1NFdlSkdkWGh4cjZCLWxYNWlIRmZLYU1HR2h3dXdWS2xiR1RfZHFWNkM2WWloa19iQVhB?oc=5
2026-08-27 14:05:21,META,Rosenblatt raises Meta stock price target on settlement win By Investing.com,Investing.com South Africa,https://news.google.com/rss/articles/CBMivAFBVV95cUxPYTdtZHJmTVV2SWhJTkRiOE1JeURIR05OSFF5SUg3aUdHckV3MVFUSFMzd3Fmcjhpc1gzYUpwNFhVRG1DdVA1dmRoU1lyTHRpWEoxX0hzZnZ6YzQ2Vzd4MVNRVG9LcDdybkZlSXhlRUxDTDNLbExUcjVLS0gtdnZaQWZfSFlWS05TaTRJX1pwcXExM1dvWlVIQzNaUUtvM2JBMC1fSnFKS3ZyVmhmUmFHMC1sVmdtcjdQQ21fQg?oc=5
2026-08-27 13:40:05,META,Meta Stock Surges as Company Reaches Major Settlement with State Attorneys General,TIKR.com,https://news.google.com/rss/articles/CBMihAFBVV95cUxNRjlGZlFPenBzS3JYYnJVNnRMQ2JwTXd6N2Z1T2xrVFctb3J4R0lSblRjODdJUDZ6ZXl6YmZvZUZ3bFZ1R281eWNCcGVlWmRlMmN3TnJ1ajA3Z1k4dVRzc0FoVW9CU3UzX2MzOVdjV1ljbW5MR1NLOWxRRkpLZ1AwTmNPZEU?oc=5
2026-08-27 13:39:00,META,UBS reiterates Meta stock buy rating after $18B teen safety settlement,Investing.com,https://news.google.com/rss/articles/CBMi0wFBVV95cUxQcEY2UGl5cGF0NHBnSm8xbW9iYVFIV1pLVS0zTkgwUWQwZXVaS1RPNWR6em9tbnFjSl85dXFiYTlvU0NDTTd5SzZwaV85WURHMDdoTllwb3E4QVgxYUtQM19kX2hwbEs5RjZOTFVOXy1rUWNJdE4xend2WVpLNUpvWDVjd2pGaGJWR0picGw2cWl1enJERHhzR2R1SWxxSUx6c0Z5Q0xIYTBjLVVIa0FIV3lmLUJjTW1maHYzUDJTa3E1Yml2OTFqTm5TY0VnbkU4VVpR?oc=5
2026-08-27 13:19:57,META,Needham reiterates Meta stock rating citing strategy concerns By Investing.com,Investing.com Nigeria,https://news.google.com/rss/articles/CBMivwFBVV95cUxOSnJwM2JJMll6Y0h6Ti1rN2liYklLQjF3RnpBWVZMSGNZOFdZOTRqZHFyN0FMUXNxcHB0TWxFUzhPZXBneFphbVVmUmFiNGJ5TkpvVHdURTJRM2g5SEZaM3RCbkdHV2hCYWtzX2hVSFZCWTFXNnNwQ1NDYm0xcDdCalhXQ2I5dUpyTFBIQUdBQXJ1MC13Q3B5T3hYemwtbTVyTU5hX0ZnUExJU3pzVmFvTFQzZ253M3F1NHJHZkJibw?oc=5
2026-08-27 12:35:00,META,Meta May Be Winning the AI Race Nobody Is Talking About,24/7 Wall St.,https://news.google.com/rss/articles/CBMioAFBVV95cUxQTnprNDFQTDhOd0MzenVtZ1ZGWFVCVlhOeVh6T08yQU1wNERqMDVHNG5KeU5VNmJ2YXFtRW1uZ2hEY0Jtd1kyY2pnbWNqWWNVb3hjNlNEVVRlYzcxb3hOaHY3bHk4TDlCUXN3SXNJZmF6STdVR1lLN3R6bXlpcXFIM3VWZHRHcVJqOU9IUThYMkwxbW1MNmtfYkFwdU56d3pY?oc=5
2026-08-27 12:33:09,META,Meta's stock rose after an $18bn settlement: Here's why,The News International,https://news.google.com/rss/articles/CBMimAFBVV95cUxPeWZmb1p3NUE4c09WbGs4Zm50aDZ5clJxcmF0RGRBRmI2WUs2eWI5ZUs3R1FTYnhTTDBWRFZfTUZ0bldBZ2RyRDB3RlFwSEtHcExydE5YQ1FYUjV4Q25WOUl6cndWb0hxWXNHZmtGaFRoWjhNQ3hYdmdHNGZRRE05MTA0cEQ2eTl5enZtQkFZWHp0NmNraE1DUtIBlAFBVV95cUxNR2MzVFFSYkQxMEt6Z3BwbEl2LUY4eDNyQmFDbGlSOUdQc21SZHdZbjBSVlZoa2ZSSHdWb0xDYmNaZGhNOE8zYktYaTR1NmV5RlppYzVwZ3lubEdaTXJJamVUdkhsQnVXcnAyam45R2k1SXUtRWdzNGR2ZVQ5RjRFWi1QdGxtUjJFUVBydFpNdTZZdC01?oc=5
2026-08-27 12:11:06,META,Needham reiterates Meta stock rating citing strategy concerns By Investing.com,Investing.com Canada,https://news.google.com/rss/articles/CBMivwFBVV95cUxPOFphVzlZaTRvc3ZaaElELUdJQnVHSzJIclZ5cmNaTURpWFJ6cGh0X0xkbFJNdjZmbEg3c0Zfa1dlR0NDTnhmUVdiOGsydlktbU51NjJVeGhtTWpxZVRJN2NsMzdMVEFOR0hLZDFPVEVTVzZ5WS1lVy10ZGQwZFFMWjM1cWdnQjFNTE9ZamlkUVdEaWdtaEp4dkhhXzZZMjg0VjlqN0EtUHQ3Z2J2V0U2TGMwYUNYZ29oaEVMYlotZw?oc=5
2026-08-27 12:08:00,META,Needham reiterates Meta stock rating citing strategy concerns,Investing.com,https://news.google.com/rss/articles/CBMiyAFBVV95cUxPRFVVTHEwbkhTdGVMZDhTZmVyUnBmTVlPeUZSWlc0VnMtWVh5S1VRNXRpVHYtRFhwazUzTzhnVTdjVE41bWxpejFyZ09rdHRsZk1DZzYzejQzanJLd3Y5eWlNUlkyR1hQdGt4OEtwOS1IMExNeEI2cUZHc29UbU8xMEFWNnA3OHB0M1RUM3NKeTV4dzBWUHh4OGxubUhlaENfTW45WllYdU1CSUNOR2JPVnlnV3hrTUxpOE5hTjJRenJneFdKbnlDZg?oc=5
2026-08-27 11:53:00,META,Rosenblatt raises Meta stock price target on settlement win,Investing.com,https://news.google.com/rss/articles/CBMixgFBVV95cUxPZ2ltcWRfRy0wTFNGVGNPMEE0YXVjSzNsa0JpQ2J6Q21fakJJNjVfUGliVWJkODNqbGdNbzVkcjZuOXc3UXdaWjROczdlTEpicmpJUXJDcXJsRG9keDlIbXI3eFZtZzdfeEJISENzV05QLXhldXhUTUJqTlJ6QU83QmNDbWtoa25JVHk3ZGJHbTdDOC1JSHpESk9QRElIenVhZHNkeHRtWjBEak81SE1UYXpVZlhKRFlEU2dZY0d3QTFhT1p3Ync?oc=5
2026-08-27 11:14:16,META,What Is Going on With Meta Platforms Stock on Wednesday?,Sahm,https://news.google.com/rss/articles/CBMiqwFBVV95cUxQZlkxMlh5S0xYQVRqOXIyZmMtUVdBU09XaFY3Tmw2Q3B6RzNmSUlSTV9RRk9Rb0VteTBZTk4xZ3M2RGc3VV9lcXd6NHQ1STBJMklGSXVkamZqMUlleTFHQzE0X2w2S3hEYWZtalp3VmxfRWlPc3hUZ0xUYVVadHZSMDN1YWNadVNqTkltY2VoMTBsdmRGQTFDUl9ZdkFCYVh4bTJuLXdtYWMzWG8?oc=5
2026-08-27 11:06:06,META,Meta Stock Leads 3 Founder Led Tech Picks For Long Term Investors,Sahm,https://news.google.com/rss/articles/CBMiuAFBVV95cUxQOFhLMjJmZmJORG1PMml5VlI4Ynl2NEhTYnhpZ1hobzFLUGVvX29ZQi1aVkhRVzI2V0RfTy03ald2cnBPQXFDdzBNSTlvLXVieHRzNEJxTzdiVUtLUzFmUGtLQXlWZlVRb0phNEppb0VPUnh1eHZodGpsVWVPQUxXbkRnNHl3Ul9fa0xxM3ZBUDVQUnRRbmpHU0VvNlRSd0F1elhzcmpPeG5OUzdPOXNsZFZxNXVGeXZK?oc=5
2026-08-27 11:00:02,META,High-Probability Meta Platforms Iron Condor with 48% Return Potential,Barchart.com,https://news.google.com/rss/articles/CBMisgFBVV95cUxOd0MwVjNXUGtpMC14dXJvUWZOZW1VRVQzZnZ6QTNJeFVwZS1HZTB6LVgzNTZBZlliZ1VKc01qWGx5Q3lSUTRTd2xfSWo0NldDTVVHbHdLUEVleG5jWEdNelFaQkxXVW1hOXY2QndyWmwwRGhDTUFzRC02cWZ2RVliZnhmRDByeGRRekhiSTRqNFUzb3Zua0VUZVRvTERZR0VCZGFSX2RHQ2ZzLU9kUGRGTkdR?oc=5
2026-08-27 09:07:45,META,"Meta Shares Rise 1.1%, Market Cap Increases by $13.5 Billion Following $18 Billion Child-Safety Resolution",TechStock²,https://news.google.com/rss/articles/CBMiogFBVV95cUxPVkdUdmFwYnMwdkJ1VXRVX0VvWjF3eGItRllKY1AwUFQxZ2JqQ3IxUEEwTWI4eENCeklQSUhMZzY5d05fR2IzVkF2WWpoTUJXSG9XaXpGS0J5elc3RTFpMm5rODNKbEZrNGZYa2M1MjVrd1dHMWNfS3ZjSUV1T2ItMXJBRTdScEVYc2podk9tcGNVSm5ULXhITGVhMzN6VmZ4UGc?oc=5
2026-08-27 09:04:50,META,"Meta: Firm Settles Teen Social Media Case for $17 Billion, Lifting Uncertainty",Morningstar,https://news.google.com/rss/articles/CBMitgFBVV95cUxPWDNwM0dyMV9BQ0NSbEt6UHBoMkVpM2hial8yLW9xcjdMTkhXRFl5M1NsM1p4RWx4N2V2bFU3MEM4WXhCLUF3akRMLS1Xa0RrSWpsRmlncTZ6N1poaVI1em9fLTBId2RmanZNVGM3ODliYnUxQ2JMa09iVUUtazV2akFfeXUwMWxtTVlEOUE2dU9xU0UtcE9JTU5KS1F3VjlleHFsRHhVOUVIU2JSNzdUNkhUU2ZxQQ?oc=5
2026-08-27 08:55:33,META,"Meta: Firm Settles Teen Social Media Case for $17 Billion, Lifting Uncertainty",Morningstar,https://news.google.com/rss/articles/CBMitgFBVV95cUxPS1h4SHV2TkpFZ0tJamlwdGdMUTM4TlNRWFNsdHFlNXRUQWFUd2thOTdpN053Wmx4VXJSbUhHWnduSjhyOXB6MTc2RHp2d3VDTmprQVVYVEpESnp1N2kzZ2JvbW9QUlNXYTZHMmVCVkFsTjFlV2dfVVBjZF9ua3RyTnlIOGdWc3ZyRHdIMktmSjA0YXBEcy1kNC04UVJPOTBKRHRFLTRXNDZSMjVUOWZ4YTU5eXZydw?oc=5
2026-08-27 08:45:00,META,"Meta Stock Falls Premarket: Analyst Sees Limited Impact From Child-Safety Suit Settlement, Expects Stock Liftoff",Stocktwits,https://news.google.com/rss/articles/CBMihAJBVV95cUxOOHVPb2kzNHZpdUxGLWtYYmMyb0VjbnpSLXM2R214MF9VTDBmR2ZnNW1ITkNPdE45OENZcTNURVg1b0NvMUtPclZlV01wazRaNndpMllqNnlyVXhBNF9hVHZMRG5zVmxRZWtpeHM0SUVyNWJ4N29KTy01c21aNEp0WE5ha2ptNmhYZHpWblExLW5GY1NsTUFKOEtuS003US1QSi1tcHF3aW0zekpIRzhEb0lDeERIRTROYU1PY0JEanY5LTFDVFFoNXRYZXRXdkVnZmVRbHh5dGplSnl1QmZ2Q1lhbDhqaHNkUk1hTk53eVptUV83UGh1bHl5MnBHOEcwWVd6UA?oc=5
2026-08-27 08:41:53,META,"Meta Stock Falls Premarket: Analyst Sees Limited Impact From Child-Safety Suit Settlement, Expects Stock Liftoff",TradingView,https://news.google.com/rss/articles/CBMi_wFBVV95cUxQU0dqelE1UzNoUUdGRmxucWtFVnUtMVJ2U1lTR2h5dWViZ3daVERrOU56bk5aMlJ1cGF1VVBnZ3dPbElOTW5lZkRIcTBTWGx2TFJuVmtmWC1tRU9RZVF3ZF81emlwY3kzeFdSSjhOaHlLeUF2akFLVzBXeElKWlNWRXVFbFN3QzZWdnlBaXd6ZFVZUW9KMUNsbDAzT1NpRGkwWUItRTU5S05jaGVyWWpQcGVUYkh5UzZmUnlJT2wwN2hoWHRfMFhXcUxqVUJiQlEya003MlhXZkJ6SHBWN0x0UmRTd0xIRElWNE9UNFNqd1QzMHBWaXJzdk94R1BmUGc?oc=5
2026-08-27 07:52:18,META,Jim Cramer Slams Wall Street's Reaction to META's $17 Billion Settlement as 'Ridiculous': 'Somehow the Narrative Has Turned…',TradingView,https://news.google.com/rss/articles/CBMiiAJBVV95cUxNTFdic2N0Z2JkYWFXMW9BR25YNXhlSTh4elpvRElvOFB4VWFPQnZFQUttcGsxdFQzOWh4YldsM0FxNHB0RjNyNE5VOHo5bkxGLUR2ejROQ3hXQS1nTHotc21MN2FCNGRyQVZodHlPV1FSSjhPS3FNTVNiOXRiMGR5ZWdoeVRUODJfblRhT1daQmFlZTFTYW0yd1RONkVNTGpPU3oxam1DbW1kdGNBcWI5VzlNREJsd2dMN2RiQkFubjRvT3hncFhRSGdQQUR0NzRFRmhTSjR5NTlCRGl5eVVhaWVRRldCTU1rcUNHamhfdjl0SkJacUREU0VtekI4ZkNEMGF1SDh6cDM?oc=5
2026-08-27 07:37:39,META,Truist cuts Meta stock price target on teen safety settlement By Investing.com,Investing.com Nigeria,https://news.google.com/rss/articles/CBMivwFBVV95cUxORDJLaDRBakcwZk94cEhMbFRkTDFCNklLNzdnRXpXdlZGZ3NmaG00SHdzUWF2WW0xTW95NGU2S2ZyTGpCMUJRYW0zWWVab0dVOHBQTzZudTFxM2xZOVJSMUNFN19sQWY4bFNkWkhNMEZSVGlNMV9rcElvZ2M3eGhnQUFEbThaVWtKdF9EclNocEdDVkdYOG9QckdIT3NoeWFMLW4xOTZGajNPUHd0WXg0cU5RcGY1RERUTHV5M3Q5WQ?oc=5
2026-08-27 07:30:14,META,Truist cuts Meta stock price target on teen safety settlement,Investing.com,https://news.google.com/rss/articles/CBMivgFBVV95cUxNSlFjR3I2TURlVHZnTDBuMU53ZlBiRlpBUlR4N1ZOR0ZFcF8zQWdvbDdHVks1TjgyVkZaYjdGOThTNUljV1lFcFJuUG5QMjdKbkNMYzdqal95YVdzSjlhc3pTOUVndk1lY2VxSHBQN3VSME1ObFZJa2czd21OOTZWc241YWY0ZE81ckdyaC1DaWRpSjRFVGZ0b2lXNmU2dTFuQTlVSkxZenM3anFlVE5YQUhuV2lNeGhLYURjcEp3?oc=5
2026-08-27 05:32:17,META,Meta Platforms stock gains as multibillion-dollar settlement reshapes 2026 outlook,Ad-hoc-news.de,https://news.google.com/rss/articles/CBMi0wFBVV95cUxPbDlVcW5hdGtjZ2VYcWMyOFBpT0VVcXlxcG5IQjBBdktZbFZMQndEUDljOV9CaDgyaWhuSnNqeGdJbzMySEg3YlhfU1B3WmxZbkE2UlZrQVFuYnNGcXJTTG5ZVGJFY1VZcGxWLTFCRkhzZnJxaG9ac0dPTjd5WjRPSnRSdDJDT0R2ZFJ5S2lxbXVLUV82UEtmUTYzNWFqcXBkemJnSEtENVlyQWNDYUptWGxORE92OFJ0SFVYTUFxcDZVeksycDlfUHR0RWtFTXl3Qms0?oc=5
2026-08-27 05:25:21,META,Meta Stock Puts Trade Desk And Magnite In Focus For US Ad Investors,simplywall.st,https://news.google.com/rss/articles/CBMiwwFBVV95cUxOcGw5dU9kaWJmam1yU3JBODc5ajhCWV9UUEVSOVN1OElJTC0tbVoxeFRnOEZjeHN5R2RiQmlNOUNWbVptejg3OTFQMEN3X3lFdmxIY0pkXzV1Z0JvT0wtZHNySnNmQ0dCUzdfNTdsaC04eFpFX0sxNHlWUnVtREw4S19XT3BJUUJ0dmE4NEtYamk0NlF6N0ltUnNnV2ZPdTY3ZE1vcWo1Y3RoeU0zUWNKUERuOWZURlE1S3lIcjRyaUZOMjjSAcgBQVVfeXFMUDZlX1pRUnFReXh4a1BwSktvNWx6WDBXa0FtN0tBOTlsaHUwWnIwMm01Y3FQN3hDaDNKQTJnUmw0SEc4Y2NmY2hNNmRZNTBQdXJzMkV2ZFpzQnpZU28zU0VMMGtadW42TUJuOVFacngwTmQxVEhLSDYwZmhYSGJjRWJnUklJcHhJczFRaWNVMkppWFBuQUpORUY0dG5EcC1oUHlyNDRCejM5VUFtMDIxcFpJdDFQZXNieGhwYWtlUHZJeGZ0SThsemY?oc=5
2026-08-27 00:33:00,META,Changes to Facebook and Instagram are key part of Meta’s $17B settlement with the states over harm to teens,The Conversation,https://news.google.com/rss/articles/CBMi1wFBVV95cUxPbnZmdl9KMF94QjJkOWk3b3M3eXJ6TzJ6Rl9KdlpSNTlmQllWVlplTWlzTHVHMWw0RlBaUE1UZ2VEQU5WWTRIaGJfQ0JneV9Gd2ppempxS2VkWW1DNTh3cE1SY3F6dVlTa28tQV9Hd1pkWl8tTFF3OWhkeEtFZ2hrM3R1eVFCM2ktMGpVbTBUTVhTQXdyeHl1akw0TnhkZFN0QlktTTAzVDhFakkyRk4tckJqbVBKT05hNnpreWhwR3JyWTZWS2JOUU9tOUhtSnlQakxHMEI2VQ?oc=5
2026-08-27 00:32:59,META,Meta Platforms Inc (META) Stock Up 1.1% and Still Undervalued -- GF Score: 92/100,GuruFocus,https://news.google.com/rss/articles/CBMisAFBVV95cUxPak5ZNm1iTHZ0NnYzQjhDNFY2eWV0dURKMFAzWWY0Z2ZVMUZqTTRuYnBXTFhZU0pVNWFEcDNpWXN6Ujc5T3FUM3l6NlNwTjIzREFRc1RJanV5WnJBTHVvVU1XYVZidzluenRLMUdQMnlwUUJ0Q3pEaGt3WTl4WVFJNGx1c0I3V3RmdW9SNmgwbTV0Rm0yVmlQRkFZcjN3b0NrR3Z4NFcyMlBJZlhCdGlSMA?oc=5
2026-08-27 00:00:00,META,Watch Wendy's Falls on No Buyout Bid; Meta Moves on Settlement | Stock Movers,Bloomberg.com,https://news.google.com/rss/articles/CBMirwFBVV95cUxQNEd4T3NGRzE5bEdaRV9ndEYzWkd1SGRzeXRCMGFYcjRfb2hFTXFVbUJsZEdWNTBCX3pwbS1na3V4amFJWl8zRl9DMTFmaF8yazVmUGtDT1o3Zkd0S3dGdGJxV1JQaHgzYWRvdDNSaVhPTS1kOURlTUhHTDBLdzB0a0k2NFJyUHA5MTJmYVdjQzI1MENYcW5NVkppSGZFb2lweE9BN2xZc3hXYkJ4dU1z?oc=5
2026-08-26 23:53:54,META,"S&P 500, Dow, Nasdaq Futures Track Nvidia Stock Higher Over Strong FY28 Revenue Outlook — NVDA, CRM, META, CRWD, OKTA In Focus",Yahoo Finance,https://news.google.com/rss/articles/CBMikwFBVV95cUxQbE11c2s1NllZQTBjMnhCR1cxc0xYNUQ3MUdlT3Vna24zOWlwQm40TDlxdHR0OVpHWnJ0U192TldzdlU0bTNwWUI3UnRhN3hIQnc3eDZwVk95aFRmb2ZOclI0Y216Q2FiLWI1V0pyUHUxZGRoSkRka2dfZFBuQl9uV1FiN0ZteTJkNmZSQkx2d3hhTGc?oc=5
2026-08-26 23:40:56,META,Meta Shares Surge 4.96% Intraday After $16.68 Billion Youth Safety Settlement - Margin Expansion Trends,vinanet.vn,https://news.google.com/rss/articles/CBMitAFBVV95cUxOUVVqY3VaSm9tQTRIR0NVb1Z0emxfZVdjWGQ5NFFmYUVYSlo3RFRuSEJIWWQyQ056MWotdTg3eUNIcmtBME52c19aazdLQjZBb0g3U1h5OGZDeEExaEh3MDVVN3FtQTRUTzJwdmxDV0F0X0Q5WWx0d1V2M3R4WkpnUkx4TUtRYTg3eU90NWZXNFI3ZWtFNXlkSGJPY01pX05mazBEOFZFWWFTTFAzWGNFWjM4YlQ?oc=5
2026-08-26 22:18:00,META,"Stock Market Today, Aug. 26: Meta Gains on $18 Billion Child-Safety Settlement",The Motley Fool,https://news.google.com/rss/articles/CBMi1AFBVV95cUxQcXlXc2FlMWRuSHdISDFGVURPNi1PeEpPLVQ4YXloMFNQNjdFUDIzWVBIc1A1RGtrM3dpYUY3LWxNdUpEc3dRVmpnaEYtWjBJTjI2bkNsZktCOEVsTU1ldjI2cTNGRXV5RUJCUmgyeEJaSDc2cHlMQjZ5QnJBcW56UHBXMXd4TGxIY0tZenFtNFFfZGtIcjh0N0lENFZYLTZRYUU0YXo4WHZTX1NkeWFqdEFrNEtDMHFWOE9wTDlBOVlHdVhQR2dCR2w5Y2xMRGQwVUUxWQ?oc=5
2026-08-26 22:16:17,META,Meta Stock Rebounds but Fails to Reclaim $600 as It Agrees to Historic Settlement Over Child Safety Claims,FXLeaders,https://news.google.com/rss/articles/CBMi4gFBVV95cUxOR2Q2VHVhYWIzaHRWVm11TE1ha21YR3lOV09NVHZpbDdLeW9DVkM5bzNoTU1wcU1US1pZdDlrZTFESUVKUmtJY0dycTMzX1I4MmNvN3llYllKNzZtaVUyT1hWYVZoaUFFdTMyRW1hTktNalVKemdEbG1hd0thWER6R1A4WmgxSi1mN2VHQy1ERGxrajNHVTliRFpNMHR0U1dMM055T3BjS0dfbUxlZHVtSklfNmw5dEZ0VWMxM2NVdV9XcXNscWJuNWxSQjBpd0J3VnpNMmxkeGZVbDdEa2M2UTdB?oc=5
2026-08-26 22:15:14,META,"Stock Market Today, Aug. 26: Stocks Edge Lower As Market Digests Meta Ruling and Awaits Nvidia's Earnings",Currently.com,https://news.google.com/rss/articles/CBMiggFBVV95cUxNV3JucTB0NVhpZ2p0eXd3cFUwcjZvLXFCRF84MjhUUFpRMWhoYnNCcTdQQ2FFT192dW9qRTRqaWNQUDlva0JlRERpRVhmN0h3M0J5VXQyWjZBYjVfUjRwRE5UaU1SOG5Ka1M5UGs3bTJseWtzNU9GRXhFOW53TUFPVzNn?oc=5
2026-08-26 22:08:41,META,"Stock Market Today, Aug. 26: Stocks Edge Lower As Market Digests Meta Ruling and Awaits Nvidia's Earnings",The Motley Fool,https://news.google.com/rss/articles/CBMi9gFBVV95cUxPYktVT3o0MHhYS1RaOGRJemNCR1pzYXNENDgtTDVfQllaRkEzaGFiMS1haHg4SUluSmpOTGxMcUVXdEFiX1FoeUxDT3lKd3ZtVEx0Y0Z2aDVxVEk3NmNRU3B6WndLNlRTWDg0aUJnaDl3MU05NWx2U1MyM2o0RGhXV3VGTUVvM090M29PT3Mwem8tMWh4NjRDeGNHNzF3Q0lzTnhZZ3BSbEJua3Z6UVBQLXpUa0R2b18xNGRwbjhGemZ3enJSYnNzYm1PRVU4STFqbXhRVmlScmpvc3F4eXZ2cno3cU5reEtJTzhGb1l6RERidTFYdGc?oc=5
2026-08-26 21:58:49,META,BMO Capital reiterates Meta stock rating on $18B settlement By Investing.com,Investing.com Nigeria,https://news.google.com/rss/articles/CBMiuwFBVV95cUxNWVZoY1RmbmE3QTlDdmxiTE4xNnhHMm1fTGtucmR6SFpFa0lIelh6cmRsMm40aGZyM1ZwMksxQjJBUTJZOW5VQ1FvMVNLdmFjSXJaRXpIMjJ3QWFINmlGSzRTZWpZaktPQlc0eVkwenllclNWT0NidTFJOGl5S19yMHQyZWwtQnZTc1dId29kY0ZlYm5oQVZ2dGxSTXdtR3Q0MnJJMXpaWkdsdjRjdTBhcFFLTzRBUnVrWUM0?oc=5
2026-08-26 21:58:00,META,Meta dodges ‘Big Tobacco’ nightmare with $18 billion settlement in child-safety lawsuit,MarketWatch,https://news.google.com/rss/articles/CBMitgFBVV95cUxPd0xvS1drbGZkd3JRRjd0bW9paFlCVTVVc19XQ1dSdEZ0QU44cWZPQ19NaWpPSThKR0F2Zlk2dEh2bFJZSy1Hb1huM3hGRm8zRkZHY0RCS1ltMUlNT0hhalljVGVDRVRDTVBWVUxmOC12TzlPSHpUZDYyXzJBdHNkWTdaVEszNlRHTl84THg1WkY4ODdrQXV1T3hjQTBtN0xoS2VUcXA2S0hGZS1sdTFBZlpuWkljdw?oc=5
2026-08-26 21:45:33,META,"Stock Market Today, Aug. 26: Meta Gains on $18 Billion Child-Safety Settlement",The Globe and Mail,https://news.google.com/rss/articles/CBMi8wFBVV95cUxPUVBDaHpFNUpGdXdibkZ3aFdsZTJzcXh0QjZXS21zSjYxYzA5ZVBGSFhtTE02Uk1RUWRNVmlpUXZPeEZjaVlvaE4wS3dKSEhiV2EtSXNISTE5TC1HdnVPZ2JyNW5iT0pDMHN6eHRHX0c5b1oxZS1nN0xfWThCZ3hzRFJscVlEMDd3Nll5SHVTYW8tbDUtQUo1elFYQnFqSFE2aDJ5dzlXX2FwMTRJemtqcXZyZkNFejlCZUZnbkc3dWRHVlEzdU0zaU5PS1RkRW9FQXM5Y0pQVDZRUjEwUWVZRFhkaTFmalY5Z2YzWm5UVGhFbHM?oc=5
2026-08-26 21:43:00,META,"Meta, Nvidia, Intuit, Salesforce, Moderna, Abercrombie, Zoom, and More Stocks That Explain Today’s Market",Barron's,https://news.google.com/rss/articles/CBMiZEFVX3lxTE5nbDZXMUktZV9CX0VpMURsOVZfb1REMDM4RTJGMmZjMmJRN1liVk5PUFFTc04wQjhRX1ZITF9zRTlSY1dKTEk4cjNUNE9vMm1ieFV1TFRoMUtPS0ZDbjBPcTZGZGM?oc=5
2026-08-26 21:34:34,META,Meta Stock Today August 26 — META Holds Flat as Llama 4 Drives Developer Adoption and Ad Revenue Accelerates,The Eastern Herald,https://news.google.com/rss/articles/CBMihgFBVV95cUxPMmlCQ1h3NVl1dkhqUkxqTXlYY2hLbmhFRzYtVXpxbFItbUYtOThGc1N2QmYyaGFtc3NUdWFuNElyaWwyblFLRXVMTVVoYmRwM1ZCODAwOWhpb2Q3cVFTeGRzMGNOYWxXSUhmeHRoTHhER1loRWd3QlNCbjN1VmplTkhWc3Z5Zw?oc=5
2026-08-26 21:33:03,META,Meta shares drop 10% but may offer 37% total re...,Pluang,https://news.google.com/rss/articles/CBMifEFVX3lxTE9sX3ZHZVppWlVUdGxkdG4tcHdrM3locXlHTUJBOTZoTEdwa0Vwc19xMHVScmg5S1MtVXVzLXZLWTFKUEs5cEJ3UFhOU0U1NGh4S0J5UFBwZHlXbkRodFBqS25peHJ5dWVzbi1HYktaSkZ2UE1hcEZvWHZJcnY?oc=5
2026-08-26 21:03:16,META,Meta Platforms Almost Slashed 60% of Jobs in AI Push. What Comes Next for META Stock.,Barchart.com,https://news.google.com/rss/articles/CBMixAFBVV95cUxQQzAwcThoQk96UmpFbTh2S3NLMTlmUElKdU94ZEVvbl9ESFR6TGNEa0dHbUZXTDdCRElsNk54R19BVklnVnZZN2E1Wi1SeENFU3lpbXYxWWtzVEJxdUhwai1iQ0lCZEVpSVh6bGI4V004cldWZ2p4SnRBRUwzdnJ2ODJIWGI5aHFwYU5uVHFFMmdTMENZdjVsTDlsUm13b2lWSjNjeHppeVBTT3A3U1dORFViVEJBeXY2elBmZ3hLRnFpOHN0?oc=5
2026-08-26 20:57:00,META,Meta Platforms: Time To Load Up On This Bargain (NASDAQ:META),Seeking Alpha,https://news.google.com/rss/articles/CBMikAFBVV95cUxQNEJXZjQ5NlJsQmx5V243X1hHbjZsS2JVNk1BRGE0VnI0MUxZeExCUng5U1lqdW1tdFlfWUZuRi1wZ2RfSlhEWHk0aEl6UnN5UDYyT25JbmtQWUJJZGFCSmRFVDVjM3E2YlRMdV9LUXVucFBEQXJrcEItM2lzNUtnQ2xhMjhHUHU3S2RFelN3OTY?oc=5
2026-08-26 20:45:00,META,Meta Stock Rises As $18 Billion Teen Social Media Settlement Addresses 'Major Overhang',Investor's Business Daily,https://news.google.com/rss/articles/CBMikwFBVV95cUxPMF8wVGlBUUpoS2xob0xtRzFGR1l4ckNlRzdMZEd0cDdnc21wbm5maVBoRDA1Rm5JOC1XdGw1VUxWUHpaN0o5VGhKdjFEQmswalFJbHZXY242X0RnclBUSlZtYTZuNFVJcVlnc0xoMkhsb2VfSnVRVkNuWnNKVm1mVEtxS2tRQVMtdkJvdkNJUm1PN0U?oc=5
2026-08-26 20:31:31,META,META Stock Price Prediction 2026-2027 | Meta Forecast,24/7 Wall St.,https://news.google.com/rss/articles/CBMikgFBVV95cUxOZGkwUXhQT2RwekVwT3JaMmtlUWtoMG1MT2lNdFE5bDZQQWpyYmVPYVVyeDBmSzgxOFpGNVFjTlRWODVPLWYzZVNpbzdldHhoLTNncE9zTmxLQWhBZG1VVnA2WDR1VlkybksydzZDSlhsTXJ5dTVyc1NtczVwUWVUVnVlYWVvY3NSRjBrLW1WSWFzZw?oc=5
2026-08-26 20:01:23,META,"Meta (Coinbase Tokenized Stock) Analytics: Price Dynamics, Quarterly Returns, and Annual Price Changes in USD",CryptoRank,https://news.google.com/rss/articles/CBMidkFVX3lxTE5jRExCUl9FWndRbjlEN2x5RHAyaW5MZE9XXzlJd0N2TEE1VlFqeXpNZUhQRUZuZjQ2UldYcFViYUhyMTNwN3FDUkJjVEVWT09zeXZ2Rm8tazJRM1g0Z2lYN2pkNEU3WXNUTFpnWDItcVF4bWRKNmc?oc=5
2026-08-26 20:01:04,META,How to Play Meta Platforms Stock Before It Launches a Consumer AI Agent,Barchart.com,https://news.google.com/rss/articles/CBMitgFBVV95cUxQR2VMelNmZUhzcVVtNVI3SXdLd0dxeUQ4TlZtLVJ6Um9tdXU1ZWFZdUtLUWhIeDViR0Z5V2JIeWhnYTRRNEp4TGRQU05MX3RyTnlNeWpkNXpQdU9FM3BxWnY4SUg4WWc3U3o4QkFWbnE1VkZtYzhmVThrcnBhWFl4TVUtT04zZjRoZGh6bEpTSjNUOWgwZlNjZ3lDcFhfOGRPS0tiUU45MTZqZmJWeTgyaEx6X255QQ?oc=5
2026-08-26 19:57:04,META,Evercore ISI reiterates Meta stock rating on child safety settlement By Investing.com,Investing.com Nigeria,https://news.google.com/rss/articles/CBMiyAFBVV95cUxQbjltbjB3Z2tKV0hMbnJYYi12aDE0b3VGMHFlYXJhaEFlLWthejlhRUk0UFlfSUtEX3dqMUF0RkpaelNnOWJKdlQ5blFicDJCS1hvX0NRLTZDZkhBREdJWEVTQTBLX2p2TE5DeXBHRXdseHVGbzNOaWxySU5LY2cxZUE1czBLRVd2clZkVlJxdVBBcmVpZVpGa1FNYTVOcEsySzVkNl9QMDdiaGY3M0xyOV9icGR4S3hHWkd4cUl4WWNNSEIxZTZHYw?oc=5
2026-08-26 19:39:00,META,Meta to pay a portion of the $17.1 billion kid safety settlement unless TikTok and YouTube match it,Fortune,https://news.google.com/rss/articles/CBMijgFBVV95cUxNdjcxajBsX3lWSVhQYW9fWTI4Z2hFYVNBTjBYRXJVdFpCRUtGLUZDYjljcFRZcGZKc2gtbjNEZ2htN3luNE5Dc05qT19PZDMwNmdIYS1jRW1FWmJ5WDJKS3dLU2Q4T29jVUlVcWx3SnFNM0ttR0xOZTd1XzNMSWp3eFpIRGVrNEdHdUlPUmx3?oc=5
2026-08-26 19:10:13,META,Why Has Meta Stock Underperformed Despite Huge Payouts?,Trefis,https://news.google.com/rss/articles/CBMitgFBVV95cUxQSTBWdFFFelg3NU81cXZyM2RpZHZITG93bXdvZ0RLTlRJT0xzdUM0RlBPMDhKVm1UelRRdnFrTE9YTk4wQVFXRmlZZy05QW93YVhJdVFPb2M0RUhrUUxBbVIzRVluUFI4aU04SkVNZWNkcDc3eGM2VkpUWE5xcUpDS3BSWW5OaXhOWXF0UndMTFhWLUw1NDQ1djVGLWtlVU4yNm92bTNMZGFRaDhiUFJjamlnRE8wZw?oc=5
2026-08-26 18:54:56,META,"META’s $17B Settlement Clears Legal Overhang — Analysts See A Stock Opportunity, But With A Catch",TradingView,https://news.google.com/rss/articles/CBMi6gFBVV95cUxNenJMLUlRdFlMTlVNa2xmVUpMRTI5YWtzblZkcVFrRkdtU2g2SGNmblQwZjZENjljT3hoNnRLVzRlUkNBTGY1dmk2aWgyRkh3RFBiQ2xERVRVd2ZRdkFmcTJwS19xRWh1cl9ZZHVxOHhMV0tDd2VsQmNOZENhZkl3MUpZcFNkTHpjSFZMTXk3c2UxSVJjWlI3eUlGdHpRR2hzY1JHaF9vV2JMaHgyUjBUWWw4LTlzbUxpNlNfa016SnBEX3FiWDNEYlpKanh5eUMyVzNXX3NlLTdTckRDaDZWaTBXeHpLd3lxSkE?oc=5
2026-08-26 18:30:00,META,"Global Unichip Secures Orders from Google, Microsoft, and Meta — Stock Tops NT$6,000 for First Time to Hit Record High",finance.biggo.com,https://news.google.com/rss/articles/CBMidkFVX3lxTFBQUWRrenQ0TlRfNEl5MDEtV3N4Z0NySjJ0RFZSVVRfaUo2MWNOcFdncWRsejBPTEhwY3g5VWFhVC1FVFV5UFQ5azV2Vk03clpuZHNraHg5Uld0VHBZRXRjaHJJSDQzREViWWk0TmNtVkdoTHk2WUE?oc=5
2026-08-26 18:19:00,META,Meta’s $18 Billion Settlement Is a Win—But Leaves a Lot of Questions Unanswered,Barron's,https://news.google.com/rss/articles/CBMigAFBVV95cUxPZzh1VFE1eThWQXFFVHBTRnRaN0tLY29acW92QVdLYWZIZjdiNUpFT2Fray1XNXQ5Sy1uVVNLTHlNQlFOb2xaVFk3VjIzWUUxd3ljTW1JUmFKdG9BVXIyWjNOVl83d01OaU5nSUFFOS1XZ3ZPemRPMUVlNGRZZVpnbg?oc=5
2026-08-26 18:16:27,META,Evercore ISI reiterates Meta stock rating on child safety settlement By Investing.com,Investing.com Australia,https://news.google.com/rss/articles/CBMiyAFBVV95cUxNcEktRnNaa19KMm1SSm1uR3hSaUxZUGNxQ2RHNkY3c3NleGVCcUFBaVlaZi02d25vRnRaZXJCN2xFeWFvNjVoVWo2UmVWZ1dRWlVRLVRMQUlnekRrXy1pRmdxX1lGem54VmJsTWdsbUYzNkxUcEFfelMzaldFY0pqVG5wUmw1U2dvV19USjlZSER0S2pkSi13aGdFNmY4S0FjTDlOeU1YZzlHNVl1aEt2ekIyXzNCTUM3cUdCcXhnVjd4bUt4cGdCVg?oc=5
2026-08-26 18:08:00,META,BofA reiterates Meta stock Buy rating on reduced regulatory risk By Investing.com,Investing.com UK,https://news.google.com/rss/articles/CBMiwwFBVV95cUxQWmtVM0h0cllGeEY0XzEtLXZsQWEzdHNLRzhDY1NUR3FJdjc5OTlteE5HSlQtTzhFZ2ROamNESkpfRU1qdTA2NkVILXktOVRTREJpYW12NkpsS1kzb3FDNmRwWGg0aHFqOFBwTzI5N3FJZmpsaDBQS19qTG9GZVRodTNOb0pFa3FsM1Z1MFhxYmNOUlM0RHNPMTVEWjUxOENHX2JCd1FGQkhlNk9ILWROVU9wZHoyU0tVWHgxRTJxSTNYUDQ?oc=5
2026-08-26 18:06:00,META,BofA reiterates Meta stock Buy rating on reduced regulatory risk,Investing.com,https://news.google.com/rss/articles/CBMizAFBVV95cUxNTF8zU1NMTkxCamk2M3NmMVdRVG83NEl5MmN3TVhSaTFGZnVtazZpSkF3MVAwVHNRbXVISG8zX3pHT0k4X0R5Wm0xMVViMnY0bXhfOGZEZ0dfbTRMbEVtQ1RXSGN3WDVvSGUyajRsSFpLMEZNOEp2dmd5blVnX3NlU2RqN3hUbTU2bWJ0bHRCS1I5WFU2Rl9zRk9QR0JrclYzNzVtSTBPVVVNdGdnZHlWQmhFMkFSYnBEaWY1dncxaENXTG1HX201THJGbU4?oc=5
2026-08-26 17:46:30,META,What Is Going on With Meta Platforms Stock on Wednesday?,Benzinga,https://news.google.com/rss/articles/CBMiugFBVV95cUxNSTdXTGlwY2o2YWxFTkVzeEFDcDJrc1p0WGFNM0xvSDlVWkYyMTY5YVhpYjMtNHlBWDJRcll2UmFuUFRGTEJTVDdXMEJBSFVIYW1lMDlLX3FfWUJXd1BnWDJVYVMwcWZjNDljR2JMekFaRGJmY2d6LVY2bWtDT2R0YWxNWmVIejlZd1p4ZTdtaG9lREpnRlFjSldrT1RUeW1rNmpCTk5jc2EtOWwtT0ltRFlubXV4UXRhdGc?oc=5
2026-08-26 17:40:00,META,A Meta Rally As Short As A Reel,Seeking Alpha,https://news.google.com/rss/articles/CBMic0FVX3lxTE00c0Y1dU5LQ3BQUU9RMlhtcXVLX0RuV0UwVTVtNzdpVVVpT1l2MWh2Z1lERFo5eDlGRDNpVS1YQU94QmNEdjlxRlpZcXQ2Q3ZhMV9DT0g3dGt3SHFySnIxWlNtUE13bnBvc3hhUEpEN25abG8?oc=5
2026-08-26 17:39:00,META,"Amid Legal Battles, What Should Investors Do With Meta Stock?",The Motley Fool,https://news.google.com/rss/articles/CBMimAFBVV95cUxNalMwQ3BZcnZvMXNfRGVDSGFMYlctcl9jb0VKWEkyUlhJZGt3VEltakF2RUV1ZkVwSnBFanVKZU1fekphb0FSZkp1ampXM2tXaW9CVTNtT3JGcFFkUVFXeXROc3JKTDJiVktQeDM2UmQwaUt2TWEzR0ZpNHlOYmVXT3VfeVZxSHM0djVyUk8yWWlLMUpsZkk0NA?oc=5
2026-08-26 17:37:18,META,Meta Stock Rises After Reported $12.6 Billion Settlement Deal,TradingView,https://news.google.com/rss/articles/CBMivAFBVV95cUxOdlM4T3QzTHE5bUJEa2djZHBxYnlBYWdyUW91Ry1ueWhVejZ3Tlhzb0VUdmQyWkczVWlFZF9ubVp2QkRTNFpLSXI5QUNXdUFoMlFHMlJ2T1liV2hITm1BbmNuU3p5emJGUWtVdEp2amFrcXVSTGFWMURUazgyZnVvMjdQNWV3aXJ2QmJiX0t6VThSLVNId1dnUUZzdGVSWEw5VFQwa2xNVWRYR29uejg1eGZBbGxkR184LTU1Mw?oc=5
2026-08-26 17:37:06,META,"Meta agrees to settlement, platform changes in youth addiction case",Al Jazeera,https://news.google.com/rss/articles/CBMirwFBVV95cUxQdWJMaWxMWUhKOVhwazBvVkRWY2xuOFRjcXZ1YmdZOXVtRnRTMGdRaEoyRUl2Qmo3a1B1RjNBcTByNWJVTEZxZFUxMU9MTUxqZ1d3QzFiRlNaMUViMFo3Yk5EYU9qMlhKZ01oQktkYXhnWlBubERGQnVmRkhEb3VsU3ZyRHZGbFdXV2dLSmtrUWNEX1lZRE5PSi1oRmFBV1RUaDFzQW9nU0dMOVhFUkpF0gG0AUFVX3lxTFA0TkZMNThhZGNhcFZ2RWk3WVNsWW9mcUoxU0RISHZObGJqYzNoSGdSeTZVSWJrRi1uNlFha2ExMWtLVDlKSFdQaVcwQldwaFprZnZjaHJjODlPcW12aEF0SUEwdlBvSXFIY09DaExKNVZfbFB4WE1FVThLblpFNzJHTl9wNjNwVTFiZm92V1haMHZFbXRFV0pNVXZDWlM2QmJGaDN5cnVpaVgzS0NtYV8xVVRKRg?oc=5
2026-08-26 17:23:53,META,Stock Traders Purchase High Volume of Direxion Daily META Bull 2X Shares Call Options (NASDAQ:METU),MarketBeat,https://news.google.com/rss/articles/CBMi8AFBVV95cUxPTm84MUFsVlpVTHlaanhFUGExNEV1di1xMUhjczdndnJoTlpiWWI3Um9MU3pwZGJQRHBrOFY1WW5aM1pUZkY1ZVFlbUNDTTBxaVYzUnNielh3MDNOMElhSllHRnpjd2M4SGpCRmUyQjVIb0p0WUVZdzBrbTdhMm1PdkVOQS1hS1JxMDE3Q3I3a1pwOGRYOVRISlp3QlRUS2pYbnhIU1RYTDRzRTROV3JyV3BvMUx6U0VHcWlKVFJybFV6YTM1X210TzFxQ1ZzWnZXUGQzNXEyZVRwY18xWEJoU0I4Y3NLOV9kaDB6WDNWQ18?oc=5
2026-08-26 17:09:17,META,"Jim Cramer calls the Meta settlement a 'big break,' says the stock reaction is 'ridiculous'",CNBC,https://news.google.com/rss/articles/CBMisAFBVV95cUxOalYxOHBsc1JfRkw3ZXpIUGdid0sxOHZZYWRJVnAtZTVkN21iblpUaEN3ZXBlZjZQdklyM2FPek12eGNESmxWMUg1WkpKRTE1WFQzNDdieDJWN2tSZU84ZU50eC1CTXVndld6WUFDdEY1RGpWeEswbHk1TjJLd3EyWTN6cWV4T29MZ1J6SWtHcVVsN1VlUEh3THhXMU1vV3ViWDJGZ3JpOGJNbzhjUWRSUw?oc=5
2026-08-26 16:59:00,META,"Amid Legal Battles, What Should Investors Do With Meta Stock?",The Globe and Mail,https://news.google.com/rss/articles/CBMi3AFBVV95cUxQV3R0aURDV0NLU1JzeXFLODBzZHFmTkJmTFQ3aVZ6c2tnQm0tVTNvWjdFWTloTzZrYVZmR1pRS1U5VXphaFpDVm5SMnprSHJ5bTFJTVZ6T0IwTGUtd3JEajVSNXdUZDduNUhkby1uTlNUcUZacUxrNXpLQ3hjQVRtVE1pOFZHZU9wTDNpbk9WZkVUenFJU3p3SlRSOC1TUEZ5WWI3RHpOTGoycmNPTlZLYlNsQ0JYcEJQSV9JN3h0eE1qNDlLdHpPS0tLVHZvaXItbzJiSEZuMVFvWmsx?oc=5
2026-08-26 16:56:34,META,BMO Capital reiterates Meta stock rating on $18B settlement By Investing.com,Investing.com Australia,https://news.google.com/rss/articles/CBMiuwFBVV95cUxOOFM2Q0R5NmRsMnlfV2VDNUxFTVJrdzh6b2Z1bWFkTUZWRS1HUkdwa1BWMkVBdDN4bEsxSkVLRjdGSW5ONXVrR1JGQWVBV01FZWtUS1QxWTdDaU9ZZGJMMXotcm5jaU9zS2pMZE0xU0U3c2I1QVhrSXU5WUlDNTdqdWxLOVRZRzl1cmsxYVhKcXdVLW5aZnVaSXNpOS1rWWVGUzE0RHAtSTViWWFGR3dZT3RCQ29wX2d2ZUhV?oc=5
2026-08-26 16:56:00,META,Why Meta Platforms Stock Popped Today,The Motley Fool,https://news.google.com/rss/articles/CBMihwFBVV95cUxOQ2lNRXZQWmo5UWlrSEdfVjUzdlU4T2IyeGlTTTN2VlZmdGQ5Q1V2cnItekVQeldDZW1UN3VmZWpTQzZUWndCWkhpMld0b0c1Qms0MENlcXlhX1ItZUY0UGx2dGgyMmZob19mRUpBcDlROTg0MVdFcE5FZnJtclo5aVFSdWZMNTg?oc=5
2026-08-26 16:44:14,META,BMO Capital reiterates Meta stock rating on $18B settlement,Investing.com,https://news.google.com/rss/articles/CBMiugFBVV95cUxQenN2OXRGTXZyaTlxLUlXUE1EVURpajN1ZUZicnJLLXktZUsyU0JidGtiNDNFbVVnSlFFcHBvQWx5VF85d21tTzVCNzNUYzBKUF8tdzBwRXAtY28zS1dhRkpYX1JQT2ZncjdKSjFmcjN1SGp0TFhvTDJ0aU8xUDZSS0FPajhDbVppRFNTcDRwUVRlVTBqU2N1Sk1jbjVFV0pmeG5mMWM3ZmJwWHU4MDV0ZTFSTko3NnQ5U1E?oc=5
2026-08-26 16:35:20,META,Meta's Settlement Removes Short-Term ‘Overhang on the Stock’: Gary Black Says Litigation Risk Not Over,TradingView,https://news.google.com/rss/articles/CBMi7wFBVV95cUxOUnRSdmFDUWlINmN4MzNDMVNYYUVoSS1jN3hpM1k2cnYwalpZbXVBZk9XTXZCdklrTi1OTFpwdHpQWTNCdXZ2SHF4eEJKX2k2V3FrNkF6SmQ3X1JwVEVoRjIyWkJ6UkJvcVJ2ZjhTZDBYejFkNlJnUXVUTVZ2V1FGc2lLTDJGVHZ4M0g1RGtyTGxaaXNER0pBSk5sOENUbTgxczFEaXA1TC1pTVRsTExfWmpJYUJjWFFvUXRWUjZnNE9DU1h1MkpSbzJaV0lvVnZSbFlLQzlraUdPUW5mUVhkTHpRRjFjbUVrQjhZSFo4bw?oc=5
2026-08-26 16:31:10,META,Meta Stock Rebounds but Fails to Reclaim $600 as Meta Agrees to Multi-Billion Dollar Social Media Settlement,FXLeaders,https://news.google.com/rss/articles/CBMi5AFBVV95cUxQdDhlZHpGdk9ZcUxVQ0pmVGc3aWJ6b0tXdklma1pNUzRicUo2bXhYZUcyNzR5VTllTk9Zd0NjRlV5V05yVzZkeXp6ai1nY2d3TUdtUERjTmZobVp5R2ZOQ0lnNl9TV19ZQkFMTDNJaWtCOERwUEd6R204dFczZFRBalRHUlNuVmVvNDdzY3FTQUtmc3J6R25BbFh0cG5SVEFNRXItcVgzVDdWUzg5aV9DMlQwTWdhenVyRkhVWHc4TDZ6amY3cFI4dzhfZ2pDbThxdGUwV1F0a1dRNThPQkRQV05KYUc?oc=5
2026-08-26 16:19:59,META,Jim Cramer says Meta stock is ‘hated and despised’,Finbold,https://news.google.com/rss/articles/CBMieEFVX3lxTE9qbDJuRlBDVy00ZVZLTmxlUDBhYV9XNFZOMU03dHp0TFJaVnpQeUZWRURQcF9WRjhmcGRCWlpzZy1UMVZGSzRhUGkyYTZBUV9OQjNLalRTcWE4Q0FtOGdkRHNfNGc3U0tDeVpSME1jbzZNR3ktZG1TQQ?oc=5
2026-08-26 16:16:31,META,Why Meta Platforms Stock Popped Today,Currently.com,https://news.google.com/rss/articles/CBMiigFBVV95cUxNRUhKREhDUk5YUzZGWGdQUi01M01hSDRRblQyUlVfR3V0bkZ6QnVLRjIxTG9PXzZvX3JxaHBCUGlKTTdGaW5ITHJKSTQ4TU9PMldYOFV1Wnc1UEVzb3YtZ0lxZTQtWGl2S01EcENsU2FXTV9HX2VGTHptT3RGMG5iNEowX1M2dGlKZnc?oc=5
2026-08-26 16:02:00,META,Meta Heads Toward $580 as a $17B Teen Safety Settlement Ends the Trial; Snap Falls 9%,24/7 Wall St.,https://news.google.com/rss/articles/CBMiwwFBVV95cUxNNFREd19wSU82SFMwb190Q0pFYmlsUGg1ZmR0eUhLYlhuRjZ4VThFX2J3RGhOUFJyeG1lRG1zZmcxTHIxQi1JZnV4bllSeG9ZVmRSeGQyb3VPQWxNOHlsamliSWZYakpaVUVERklWd2lRb2FaS3ZhbFdmZU1BeUNqZm4taTUtRkRMazBVeGhxMi16dFdFeFE3ZV9sUVZwSUxZV0k0NWdiUzlOSXdNejBaTG9FWU16Y08ybEZSZ05YRmU1SDg?oc=5
2026-08-26 15:50:00,META,How Meta Stock Turns to a Buy After $17 Billion Settlement,TheStreet Pro,https://news.google.com/rss/articles/CBMimwFBVV95cUxOMmg3N3hkSDJOUEFDOGwwQ042eGZiU3RTNzEySXdod1ZYQkd5S0R1RW5xRnNRMTZVcXNDdXRJRk1Wa0EybHJKUmZQSUktRC02dkJ0MzdkUUljUHd5aXY2dndlOWZsRlRHSHA4dFJHcjVyRnpEUWdyamVIcTQ1M3FxR2l6emxPcVNibjU2dEdBaTF4VzFycFVQWVprRQ?oc=5
2026-08-26 15:21:42,META,Evercore ISI reiterates Meta stock rating on child safety settlement By Investing.com,Investing.com Canada,https://news.google.com/rss/articles/CBMiyAFBVV95cUxNb1QxbU5tZjQ4RVgwa2NGazlvSU9ySlMtRTFTdjVWQmRaTDNMZVdyV1RhekNaN0VoY1FuaUxCOGdVaU1EQk9SSURyTG9lQnNTLVQyUDVuc0plRTRQU3pRTDZlamVWcUZCS19SMmNfN2RoVHpOMWxrdVFGMmFuTGRxTkczQUxGN1MxVF9HSGp4V01GU0xGbGZHcVNyUXMweUU2NDVFWmRPTlJXNDhMZzU5RHB1Zm1PdThsdWlhaGVkU3FGc0lXZzdUSw?oc=5
2026-08-26 15:08:00,META,Evercore ISI reiterates Meta stock rating on child safety settlement,Investing.com,https://news.google.com/rss/articles/CBMi0gFBVV95cUxNdGJ6LUV0VzdBaDdSZjlFU0NHaW9mZGxXQk1vUHF5TTJENmh5MUQ5Q0QwSVA1VDV2ZHpPMzVTQUlaNk9ZMmpOMzFSdDk1M0NhSXNVcTR2NDRLLWZLWVFEeUdXX2JkY191YlZSWWhtem4yWlE4bDVrOHdnNEJlMHJocU45bTc5NDlXNlRPSjFzQlkyYmtleEx4ejFxS0tBQktLM1hSS0pwM1JtdVhlTW43bUNESXZyQkw5YWVjU2VrWkhqbkFuWUxqY0p4RHdWVXB6NVE?oc=5
2026-08-26 14:38:03,META,Cramer Says Meta Is “One Hated Stock” As Company Settles Lawsuit,Yahoo Finance,https://news.google.com/rss/articles/CBMilgFBVV95cUxOOFZYdWM2dnJJZmdRZ244THFsZ09mMUdhX3M1YmxPQjJCaHhmdkVTMDRoS3g5bTJmdHY3Q2FkNnhJTmFSOW9icFZpX2xhTnh5ZHZWR0xDblJYcWJ5LTlNOElRYnpvT2RFMWRpMWQyM0hsYnZXSmEybzI0UWlzMnBBTmpLSWFTRUt3dW9vb1YwbHZwbnJJYVE?oc=5
2026-08-26 14:38:00,META,"Cramer Says Meta Is ""One Hated Stock"" As Company Settles Lawsuit",24/7 Wall St.,https://news.google.com/rss/articles/CBMiqgFBVV95cUxNbTdjS2R6alhscFk0amx5VDF4bXlYbHNfS0dqelZzMjRPanFyOEhFd3FpX0g2QmdReWFicVdMUmNwaXNjeTE2ZWNkUnltZWxFRTdOYWk5UnZDQkp4UzFYOTY5bks0djNFbFN5OWY5WGJUa2tGd191WFVEdjBrdGRCblNnbkFhS2twZE1jTHJfVTVOOHlXdldZYnRTOTlsVlV4SEJ3Vm9zQndDQQ?oc=5
2026-08-26 14:35:09,META,Meta Platforms Shares Rise Over 4% Early After Plan to Pay Up to $16.7 Billion to Settle Youth Addiction Case,TradingKey,https://news.google.com/rss/articles/CBMi0AFBVV95cUxNZTZhelFVcG5TbHMwZnMyU3dfaFU1R3hFa3pyYzlaZU5CQnBJRTBOYk0zdjl3OVV1dE5mVDR1NUw2a0ctOFBYYklCeGNNTDAzSHNRcTQ1ZGJCUGRLOXhwMlBYNzJTVDBTRjQzQmxZblV1V2ZtM2hkMUpfc3lpRjZaSGUtd1haMkpLdzBEZjJma2I4bV9pSUp4bUk0N01iNTBjWHVXdlktOTRuM3RBWVFNY3d2ZllaT2tESkpxczA3RWZyRlYzZmhxaGQzbi1leGZi?oc=5
2026-08-26 14:33:49,META,Snap stock drops 7% after PA lawsuit; Meta sett...,Pluang,https://news.google.com/rss/articles/CBMiqAFBVV95cUxQUmJ0SzFuajYwRUNJT0VsblNWbVFPcElYSlByOUFMcmpJX1pCaXh3a0t5WUR2WmVtYnhpbVBLRlIwd25RMFZKR0NaN3FBYjJqbkxrMzJrUWZlcWZBQzl0WllYaGtxLWRkX3hVZlNnbDlkV2t4WHpGR051TmRuRkstRldWRm42SW1uWW1WZl9QTUFvVE5JeWpBcWtsZ2ZHN0w3TUdyUXJmZVM?oc=5
2026-08-26 14:22:27,META,Meta Stock Gives Back Most of 4.1% Jump as $10 Billion Charge Lands,TechStock²,https://news.google.com/rss/articles/CBMijwFBVV95cUxNRXdfdXFUb2JtWEJ4bFV3bk9ZQ1NNdWE0VXV1cmo1WnhrdGwyLW8tU21MdWluUmJuNjdoYWh6N0pwY2FMSDF5ai1zLTd5Tk1EUURKVzN0TXFhdlpiWlJtV01mR21nQmhhQnVVeGdpazVTYm5jYUFneU9hTVh5T2hWUDBiRzNqTVc4RW0xbG16VQ?oc=5
2026-08-26 14:15:34,META,Here's How Much $1000 Invested In Meta Platforms 10 Years Ago Would Be Worth Today,Benzinga,https://news.google.com/rss/articles/CBMiwAFBVV95cUxNcmp0SjhzWGhFRU9aQVJsUXRrbnBEOWY1ZHpQYlVDdnZQQ0NGYkhsS2NBYzRaTGVNX3BLQmh2aWJCZVlsWlNpTUpCYmV5blRNUnZoR1Z0NVQ1X2lKSkpxTHh0VlRjdC1nS0E5MjVPSVZjQl9uQndNaDJyb3hCam9BODJEc0phQjlxMnNYNEhGOGcwZnBWQjVIZ2RxSHBvNGhUeXFKaVgtM1NzVWZmQWg0TW4xNGt0Ny00cEN0bm80VnI?oc=5
2026-08-26 14:11:00,META,"Snap Sinks 7% as Pennsylvania Sues Snapchat, Meta Holds Flat After a $16.7B Settlement",24/7 Wall St.,https://news.google.com/rss/articles/CBMixgFBVV95cUxQaE1JVF84NWdRTWxranR0NEZLdVZkWWpHT29lVC1HdE92NnJSN2VseC1JVm1CNlZlRU5OZVNnOUZIREIzck1hQmN3SFY4QTZSOF9LTS1PaHBSM19Id2czd0c4ZGJpcjlzMzlhZlRJcVRwWmhfQkFseFhhV3BaeXZOaWt4VkVJTjAwY3dIRGJGbHNzano1RFk1VnJuZmtLOGNybzFvOXg4Ump5QjR2OTA3NEx3dzJ5YlZuWDhrVVZIdktpSmxrVUE?oc=5
2026-08-26 14:07:00,META,Jim Cramer sends a strong message to Meta stock investors,Yahoo Finance,https://news.google.com/rss/articles/CBMinAFBVV95cUxNRWtnMFQ5T3h2b0FGM2owVmJncmpxcWd4UUwyangwdTVZQlg1QmJlYXpKN1pGN2hCSmd6anlNajVaNkxoZXRXU0FDbDR5LTRtN0s0dHR6dXdpRnlCSG8zVEcxb0FObnVURk1hZXFpaHZEVzdHWmhpV2Z3MktVWEl6bEpfdV9IQWt6TEpfLUMyRHNOcHVLM2FFZmtYcnU?oc=5
2026-08-26 13:46:14,META,Meta shares jump after $16.7B settlement over child safety lawsuit,Türkiye Today,https://news.google.com/rss/articles/CBMirwFBVV95cUxQR2FZUHk2WkFpZ2FETGhPQmZrRGNseEZSMXlvRUJ5bk1pc3llUUpoY2JDbFA5cXVQZzlGY2dkSmRuNHFnN3pyNWpubVZnV2pMM19KNDhsbFV0eTdEb1Z6SlQ1U0RfVUZpR19iSlhpaGM3dFFwZUdZNldBTkttWi1ZMVF0T1NDRGducC11SE1jMmhhOXNKVFdjSFFjT1hmUFVyTTVvWjhyMFg1RTg5UFg4?oc=5
2026-08-26 13:35:45,META,Why is Meta Platforms stock rallying today?,Investing.com,https://news.google.com/rss/articles/CBMipwFBVV95cUxQZjRoaVZ5ZFd5Y2hIUXhQOWZCV202N2ZfNW9BYk5BcE1QU2pqWHhLay1vRUVWT3NlQk5BN2I2UUhZeXYzbUJ6OUxvaG5UNGRrM0kwLXc3TDVLSlVqbDJOWGFPYmRkdm1uaU9LM2xkT2ZfdVJFQ2lCNUsxbm9kLWlUbEpQamtfVll3YzJTdDdBZEYzcVdENW9qWERJWXp6V2p6Rm1zRThzUQ?oc=5
2026-08-26 13:22:25,META,"Meta Reportedly Readies Hatch AI Platform, With Premium Plans Near $200 a Month",Sahm,https://news.google.com/rss/articles/CBMiyAFBVV95cUxQR1kyM1JCdG1tQi16N2VoRmIyVldoXy1xVDBlMzFSZnJuUGVHLUlQaC1uY1JzZnBuaDdfQ3lRMUNUYmIyVE1OWW5rTDc0RVB3QWpFaU9RU2Z5dkM0RTBOSlJSb3hDdC1WR2tqeF91R3BnRUxBWHVkaU1pOUk2ZFNZeDNtdkpaZHlGdHBtMFBYck8zSXdlTVBlUnFIMHV2YV9vVXI5V2tONzhmUHRXdHRtTE55dEVuOV9NMFBmM3JnZC1UMDNEbHR5Qg?oc=5
2026-08-26 13:19:00,META,META Stock Climbs As Hatch AI Agent Plans Energize Bulls,timothysykes.com,https://news.google.com/rss/articles/CBMif0FVX3lxTFBwbVlIelNYQzVtNnNoRVVRT2s2ZjNtMTRVdjhWOHpQNUR3bHk1Q0tMVURHOVFMNjgyZVRucGU4Qi1QZWJvQlBGVmhvZ2h4VnliUUw2Nk55cFgtVUlYb2hBYlFFYmoyc2RSbHRXeU1FT2ZSbnFJTThBQkxrTy1VdWc?oc=5
2026-08-26 13:05:31,META,"Meta settles social media addiction case with California, other states for $16.7 billion",CNBC,https://news.google.com/rss/articles/CBMie0FVX3lxTE9RbkNIV2NNRGxSZHRKcGk2bXdrRTFfYmNuMTFzMkJTeEJJMFE2dHRnUWhVWm00R1pkV0xNc0RGaktESDB6d3dFVE1WejhPYU1aZ1N4cmQ2d0M5ZWtVdV9jVkVXaFphSkpHRDlYekt6M1k5QWplLWpoVFgxY9IBgAFBVV95cUxOc0kzYURnS1pYTnR0SlphVVNCSnZOOEk3V0xOak1JcHdmUndmeTF2Qjg4UVM1b2ZVbURjbG82N0J6VV9DWG9mN0J0MWRTQ0Qwc1pjNmF3QWFUTHlfWTJxTUdZVE5QUy1BSjdQVkdVd3l2ZDRUTmpzWEw5U1pYWXBIWA?oc=5
2026-08-26 12:58:16,META,"Meta: Rent Out That Compute, Zuck (NASDAQ:META)",Seeking Alpha,https://news.google.com/rss/articles/CBMifEFVX3lxTE9iUVNOdUtET055Z1hKVGlienBQQlpyTUl1Q2xtR3MxZVFfQVpzSlFpWXJCQWhxV3o3TTk1elVTTUtDbXZlblNqMDVLd0N2N2xjbkRDeWhqZlhZZHEyTWZ5c1ZQRmtNSFNUcS11WHdRSDdZZlBKUTNKWG95ZVg?oc=5
2026-08-26 12:48:55,META,"4 Stocks to watch on Wednesday: META, KHC, NVDA and ORCL (SP500:)",Seeking Alpha,https://news.google.com/rss/articles/CBMilgFBVV95cUxNR1VlUENWVzhMdzNpVWFxcWo1U3cybkw0dG1weGFrOXo4TzBkU0I5b2twakRZRS1DYVl1VHduOFBibmpZaXV3V0NtQkNyVEc2ajlmN3h5MnhETTBJMWVma0Q4cXRKOGFQTFlkRTdnakdOa0VWRHFZWWN4UlJIUnBqcks2Q3ZNSUlwLUVNeWZJcnFfZ3NKV1E?oc=5
2026-08-26 11:41:54,META,$1.4 Trillion in Tail Risks Looms! Can Meta (META.US) End Its Legal Cliff with a Settlement?,Moomoo,https://news.google.com/rss/articles/CBMilAFBVV95cUxOWHhRUlFyMTdJczJHQ013VEw1Sk9JYlJ0TndzcnZuX3Fha0poMTcwQUZRVmpnel95bDZyT29lZmtWc0t0dnNVdjhVcmlaNlRFVVBDWkNSVnFWdWtkSHNQM1BxNWtIMmJNWVh2aVcyMmZaS1BJVUtfcGh3N1Y2RGtIdm9mRXpmZkFhYlN2MUN6SlJ0dEl0?oc=5
2026-08-26 11:22:05,META,"Meta considered slashing teams up to 60% in AI push, report says (META:NASDAQ)",Seeking Alpha,https://news.google.com/rss/articles/CBMiogFBVV95cUxOVmE4S1JhMDRycENxQzE3REhpcWJaeEIwREhrTU5VVFBzampBQUpQOVV2X1BiRlRTR3ZoR1ZFT0RGRVdVUGg3MmVRMzdvR3lTdHZ1MUZjMllZc3dCdmc4WjJHWEFpNW5pZEk4V093eXRVR2xQaUh3SDVUZEw2V0liSFFaXzdJV1Jzc2VIQmtYSVRFd0g5eUlVQXh2RXR0MU1uTnc?oc=5
2026-08-26 11:07:00,META,Jim Cramer sends a strong message to Meta stock investors,thestreet.com,https://news.google.com/rss/articles/CBMiogFBVV95cUxNWmVJUGxLc280VEZ1THhsS29vTnhyWWZjYm4wZDNlRkE0bXprTGNqVExrT2NLcl9fZEZYb29FcklqbWhaT2xFSGdoMEFjRjZVN2UxTDMwME9xdG1QcnpMWEI0Z0d4NVV4TGppbkE3M1h4Vk9FRTNOeFM1QVRuXzZjM1RsZHNSdUwtaWFVMWxHRmJxdzVTQ2tFNmx0dTM1NVFLUWc?oc=5
2026-08-26 09:34:04,META,Why Meta Platforms Stock Crashed Today,AOL.com,https://news.google.com/rss/articles/CBMiggFBVV95cUxQMXg2X0tINEVaUmx2dkZhcXNiMFl1ZHlBSjZhSnVfUkZXT3p4RmY4S0Nfc3l4R05VOHlfV1lWVUlHTnBhc3pCMW1KMTlGc1JyaERVLUF3T2JaUWpGWUVRU2NuNEdJM1E5MDVIWVlXbHl3M2JKSDF1OEZDdTVGQWM3eWhn?oc=5
2026-08-26 08:33:22,META,"Meta stock has over 50% upside, but investors may be missing this catalyst",Invezz,https://news.google.com/rss/articles/CBMirAFBVV95cUxNSXVrUnBPb3lvczY0R3N2VDVqaDZ5d2VlM1RUdlRfdjN1ejh2dDVvTGRXN2RGSXluYURyRlVlakxaNnV0SW1ZMWdaSmJMbldTWXM2TUdNRWR5c1QzaXJhdmpuTVBVZldUOTlEc3RiVVQ2S01CTmdtcFlYanlOZTRlbVk1dkhfMUs1T2JlQzUyNVF1cnFGTDVqVmZDWkxiY2lvYmYtNHVKS0JsQWlC?oc=5
2026-08-26 08:15:22,META,Meta Stock Leads 3 Founder Led Tech Picks For Long Term Investors,simplywall.st,https://news.google.com/rss/articles/CBMiygFBVV95cUxNUkxZcFEzMVdNOHlYQzNrYWh0UWZfajBCT2s1dEhJRkVvalA2LVU0V3VmTmRxaWY5YVoyNEtTbDlLVmMzdUVVN2t2LTJKOW5rakxpY3l6dHFfR3VwZHZoZXdER2dPWV9PamtQQUxyLTZOLUxqbzJtRHl3S2E2VTFfSnFrVU5FOGs0d0lmcVRoWU13Znhsa3BPZHg0WFpLem9FMDZlWmxhZDFBUC11elhmanY2NWh0Q0FZMmdHVUg1SEpEQnJWMVVoaFNn0gHPAUFVX3lxTE9McWhCMFZORm52VE9iVzRTdUFaOTE5dDUySHliTVUweHhnWVFyZ2QxaGQ2cEtnSDZsZXVHclJSalBuS0tWZGdaZTNnX1ZlUnFsRmNuWlFUTzV1MkVDSU5hNHM0ZjBCVkVsa1ROMnBvaG1QaDJnZkNlOTczbW1DNzl1Nmt4V0ozRlRyRUxXalpMaEZZQkhFSnkwajBGcEp1QmlOWkxQbmU3SklkdFQ1T3lxT1dpMjU4ek1XNmgySEQyZVlOZnFqZmJpbmw1M2lJNA?oc=5
2026-08-26 07:18:05,META,1 Reason Why Meta Might Be the Best Artificial Intelligence (AI) Stock to Buy and Hold for 5 Years and Beyond,AOL.com,https://news.google.com/rss/articles/CBMidkFVX3lxTE0yYUNXMHd1MFhyemFvZXBsRWZYNGZfeDI2ZXZrNE1DZ0dxOXAxX2lKSXJiSzlybW15VGd2cUlab185NGlYWlladjNJYURwU3JSLTBVTVNJX1Z2R0tfRFEyQ3I1Ynk2WHhJSHdObVU0MVI3Nld6bnc?oc=5
2026-08-26 07:00:35,META,Bill Ackman’s Huge Bet On Meta Stock | Is It Undervalued? [Stock Analysis] Jet2 Jersey Flight Expansion (CteC0FukcZ),Mshale,https://news.google.com/rss/articles/CBMiW0FVX3lxTFBzQVFvNTFzOGJ1a0poR3FEbWJQUEJRblhhQkFqSWhfUlRtMVVrZUNFUVdheW9CaV9udmVRdGVlNWN0cnlSUzhjaElPVjZnTk5FMWN5QWdMOFBoUDA?oc=5
2026-08-26 06:47:21,META,Meta Platforms stock edges higher as Q2 2026 spending and AI bets reshape the outlook,Ad-hoc-news.de,https://news.google.com/rss/articles/CBMi0gFBVV95cUxNVHlrQjluSmNWZHFETlZhV3BFU2tXUF8tQmVOYnMxTUVabm11SktLWUVfbjR1V1NwR0ZmcUJpaVlReDVwZWFDMEx2WGtScldJSW1od1U5MTBlWEdsSzRpaHdmWE5UanRUYzlFSUNhcUhWeWt5VDlIWldUTUVHX25sVmxWa3IwTHJQN2tEdzVZbEVEbmtBVkpiN1hVbnY1WEV1V2RKeUdYVW9nZThPZXlhMV8tQlZyM3o2aVpRd2RwQkkzTTRZTXdTMzRrVGdpdUVZX3c?oc=5
2026-08-26 06:30:06,META,Meta Could Pay Billions To End Teen Addiction Trial – Gary Black Says That Could Boost META Stock,Asianet Newsable,https://news.google.com/rss/articles/CBMi8gFBVV95cUxQc1VOY2czcWp0SG54RXlXbmhuMmhFelREX2tBeWZPN3JmTVBQRXhTSjhtMVRVTTNXc3YtRlRydzBISFlWc0ZEaU1yYmw4blNuRkVDckxWb09CWDJ6eVQ5b2FpTFByMVQ1UGdhN1BVUVBNMkdLOURCNjFYZEtZS0p2M0hFTGRDemh1XzVGM0YydGplRG5HNm0xZkd5Z0VMbURGdVVnUXlVTEVra29zUFUxd25ORFZZb25XU2VBTGFHdHhsalBuLWNiUE9VZ0Z1OXNDaXQ1a1paQjRjbFBnU1p2ZkRfTUlUZmNhMEp5QzEzVzVmd9IB8gFBVV95cUxQc1VOY2czcWp0SG54RXlXbmhuMmhFelREX2tBeWZPN3JmTVBQRXhTSjhtMVRVTTNXc3YtRlRydzBISFlWc0ZEaU1yYmw4blNuRkVDckxWb09CWDJ6eVQ5b2FpTFByMVQ1UGdhN1BVUVBNMkdLOURCNjFYZEtZS0p2M0hFTGRDemh1XzVGM0YydGplRG5HNm0xZkd5Z0VMbURGdVVnUXlVTEVra29zUFUxd25ORFZZb25XU2VBTGFHdHhsalBuLWNiUE9VZ0Z1OXNDaXQ1a1paQjRjbFBnU1p2ZkRfTUlUZmNhMEp5QzEzVzVmdw?oc=5
2026-08-26 06:29:34,META,Meta Could Pay Billions To End Teen Addiction Trial – Gary Black Says That Could Boost META Stock,TradingView,https://news.google.com/rss/articles/CBMi7AFBVV95cUxOSWJlM2pmMGhGZDFpdFBlYWkwc1ZCRXczSXBab21MWFNVbk5uYjN6cGw0THBJNlR5NEhvdkxMZW1aa0tQeE1XUW8zR1lyTVRsTk9qXy1vVVlMNnZfNHdUUC1VVmc3bWRXaU1ZQnJ5WDdFT0hmNW8xbmpYYUo2SGZZdmJ0NWo3TTZ1MXRubjUzeXhFTC1lVnVFUFpIanQ0Zzc0ZGZObi1mbEVsY1NYeHlEa3hSVkZBZTVHaGdvZTR3em5lY2ljeTZ1VV84WmQtT2NfTGs4S0ZDYWtQcHJ1QXVmeUhta2RORDRkOHBLNQ?oc=5
2026-08-26 05:21:11,META,"OKLO Stock Price Prediction 2026–2030: Aurora, Meta, AI Power Demand and OKLOON Outlook",MEXC,https://news.google.com/rss/articles/CBMivgFBVV95cUxNT2tlaDItZjZKQWxyb3RpM0E2RVJGb2EtWTJJRWJ0TW1wa1RSeENLSmY0ZjNtV3BBcFNZU2xyeVYxTDA0c3poNGVTWnZXc2FrRHpVSWpNQWExYTRtU1FYSGVPV0hrS25DUWhHUVZYS0s3TmtiYUVmdExOeWtrX1NUY3pjR0pZLTRMUWFHeFdRWVo1ajdjNWFyOHExYlc0a0o4RmM5enVkazlYQjVwY19yMENEb3ZQaldfQldkcWhB?oc=5
2026-08-26 02:47:13,META,Meta Talking With States to Settle Landmark Lawsuit That Claims Facebook and Instagram Were Designed to B,Benzinga,https://news.google.com/rss/articles/CBMizwFBVV95cUxPc25BcE02UTE1OGs4LTE2NDg1TVF6Zk8zTnhnQ2M1bVpTMWE2ajJtWW5CeVFMRm9IaVZ3V3FFT1R5elUxLXZZdEZUTkRqQmlmWDJ6V2VGU203WnRvdDVkSTd4NEV6dG05cFVIQ2M1Z2hHb19tRVktamNvbjdUU2dYOGtfSVI0U1R4cXhNUjJsNFlYMXI5ajRaTFVXclF5bGR0ZTI3WjlROEIySk5LVWtwVnAwRmlLLUxveFRTZ2FuVi0xSFl2eHB4RDJVMG5idzQ?oc=5
2026-08-26 01:50:06,META,Gary Black: Meta stock may benefit from settlement with state attorney generals,Traders Union,https://news.google.com/rss/articles/CBMijwFBVV95cUxNN01RX3JmRUZDNmpVWWR1Yjg5V0tUbXc0ZkNWRncwZzBWSklUa2FRLXlTbE5RWnNNeV9yanNrOEVNenlhblczNmtEUlE2WGJ6U0pqa2loaVBiSXJxeUkwRkpzVmVCSllHVUpUcDlZNlRNX3VTNERNMVBBLUZqb3hXcjJfY2xnZTZrZ0ZEZzktRQ?oc=5
2026-08-26 01:13:41,META,Buy Meta’s 8% Earnings Drop Because This ‘Miss’ Was Not a Miss at All,AOL.ca,https://news.google.com/rss/articles/CBMidkFVX3lxTE13N2hHVm9tQm1mei1RN3drbGxPR0M3VWlSeW0zbWxLOXJXWHdlam1HdTcyLUJxUk1GVU5DejE2VDVfNF9UeGNOQTFYdmo2dFo4amtRVWpSOXFuWHA2THBqdkEyaGtqZzJSaGNkX1hqS192ZEZDV2c?oc=5
2026-08-26 00:25:22,META,RDDT Stock Drops To Near One-Month Lows After Meta Launches Rival App,Stocktwits,https://news.google.com/rss/articles/CBMizgFBVV95cUxNMzhnTWtnbGx3ckFCbTJiOWUxNU44aUpaN1d3WDlnbjI0N3ByVlhLYjRsOHBSTEVhVG8xa2hZdHVhcERiT0xOQ2h3WldGaC04S09KNE5mT1pFX1gwU1RSc3dKS1FuaXRPTHB6cFQ2My04bnE2bk8yX2l0dWR6ZmhIdXUxV1JIM3FYaVR4NkpRelAxV3BOYjJON3drTDhTZW9FWXBTVERsRDRxUF9KMGRTUWJVdnpicEdRSXdfc0lZQXZuSlV1MVdveEltT1ZtZw?oc=5
2026-08-25 22:40:37,META,"Mark Zuckerberg Published a 6,500-Word AI Manifesto This Week Defending Meta's Unrestricted AI Buildout. Here's Why Investors Should Care.",AOL.com,https://news.google.com/rss/articles/CBMigAFBVV95cUxObHJmRmFMTDV3M2kxbEhQb2Y4MExJdE9UOGk3UFlUMnhUdmw0SnRfb0RhX1BpTXZaZWt5dGk0eXFlaTNfYnlpTUstR2RmNkJfSFc2T3poZUZoN3FrMUxQbzhJbUtqT0hJbW5PdDBhUHVRbjVkRjI5UWI5ZFRyREMzSA?oc=5
2026-08-25 21:01:00,META,"Why Meta’s stock could see a 50% rally, thanks to an overlooked AI wild card",MarketWatch,https://news.google.com/rss/articles/CBMitwFBVV95cUxQVFJXT1R2Z3l2T1hxWmtlN2Y0ZUtKWDQ0ODd5X2F6bTVQdjM1cjhGaTlHR1NaZm9SQ21HN2d2eHVNVWI4OTBrd3psUlRJQkNoMTRLeTJISGx3cGNObmtuTXBEc181M2t2VklXMFpEa3JvNHBiTDFlZEVVaVRKVDRwcENtZ3hJM2ZDVFdzTXo5Uk5pR2pJNWFCckNkSHNHaW13bUZJOWN2YllHV0dla2dxVXIyZzBWTnc?oc=5
2026-08-25 20:15:32,META,Meta vs. Alphabet: Which Stock Deserves a Spot in Your Portfolio After Q2?,AOL.ca,https://news.google.com/rss/articles/CBMif0FVX3lxTE02MHdERjk4czI5VEROUWJfclpjNGN6RWJKWEZNbXcyeEFwZUJaM1RZSFJQMWFqWDVjdzE5Q080RXlNXy1PU0RObWF4OElSblZBZF9tYXhnQkx5VnJMck8zYWhFWmxlb0NBRXdqd0JJYjNYSUtTaTlBQ1I5WkV0Y28?oc=5
2026-08-25 19:39:08,META,Meta’s $145 Billion Spending Scare Just Opened a Window for Investors. Here’s How High the Stock Could Go.,Barchart.com,https://news.google.com/rss/articles/CBMi3gFBVV95cUxOWXpWRC0wVHFTcHVYUTJteTdocXFCN1VuRFh3STFkQWtPWnV3S3J2bG1NUDlHRldyMTdOMFRQTkZZaWRPeWhyRk1iSkh6VE1xTnlRZTJqZzNkT1dKRjhRX0NOdW1YdkRzZXgtVDRJcUlHcXBZcExyVG5PeEZyV3FNYmhVOTEzQXJIcFFwdmxJNmNnRHpmUGdzYWJPd05KYTFhQ0ZneWVnV3FoWVktQTFHdUUxa1RpRzlYVkhyblY5aVRudHBBTkV2eUwxdHlVc1MzQlBFbEYxOHRublJ2TGc?oc=5
2026-08-25 19:26:48,META,Evercore: META Could Surge Over 50% on $22B AI Opportunity,Benzinga,https://news.google.com/rss/articles/CBMioAFBVV95cUxQdXRYTXhvSGg0NmRkcU9ua0FCVjlkWUhZNHRNT05KZ1daSGFDS1RkSm1ZVEpPNXJnVDV1Qk9oSmpzNUkyYXdIVFByZU1RNmVGMG5TUDhNTl8zNzJpV29qNldOc2dENFZDOURPODhRZ3IzRklBSV9tSFVFZnlDeDQtcDNPQlNWYUVzazdBZHdFcHV2MTlhSnp2SjhPLWRyMkgz?oc=5
2026-08-25 19:11:56,META,Meta Stock Rises Even as Ex-Worker Reveals Only 0.2% of Teens Used Safety Features,TipRanks,https://news.google.com/rss/articles/CBMisAFBVV95cUxQUjlxS0ZhUTlZbzl2T3AwY2stT2thTnV1WV9hVGdwMXBGc3NTOWc2TmdROEt1d1Z4OHIwNjZvZVZHWkcyLVRyZ2VnTWxkRWdCV0s0QVhTaE9qdVBRNS1DR3c3VEo4d3pJX0k4OFVDT20zMTZmTVVKMG1GREdISFRsUk4yU3BhM1pTZjRGM0pIejlrWHoxWS1fS1VfM1hLa1JRY0drRUJ5dUtIcmd0c3gxOQ?oc=5
2026-08-25 14:41:32,META,Why Meta Stock Is Up Today,TradingView,https://news.google.com/rss/articles/CBMijwFBVV95cUxPZHpFUE1CcVRMd3pvdW5tYWVQY0IwYWNsY1dnVXF1dDgtdU1DNnc5anBaVFl1WmR2ajdRamVWdUQta0pyb2s3NzBLR2wzVWdfWkdLOG5uNVZwRFF6Z2RpRlU3QUNZV3EtMzB4TkY2M0ZEeExtaHZuZ2RZWS1iMVRBUWI3OXdGX3A2dG1oNnNycw?oc=5
2026-08-25 14:32:00,META,"The Future Is for Everyone, But Is META Stock for You? This Week’s Pro Survey.",TheStreet Pro,https://news.google.com/rss/articles/CBMisgFBVV95cUxQUzl3RzFEVFVZa3dZUkVTWDFEV3V6eHlRWDlOZEtmV1R4aXMwNS02RTg5Mk5mTWt3Szl5TC1jSVp2TnFkSlRPSExaek1aMFpZUERVdVBPYXlfZnRHMVZla0V0UXVrc0NRbWYxWnpoMUk0aWQwLW9sb1AtckFmZVhTT0xTSld1UEt3T29xc2I0RHlOY2hmVWoybDh6aHBlYUNKNmlfVm1GTnJ5WnlFV0VaRjNB?oc=5
2026-08-25 14:13:31,META,Can Hatch AI agent launch spark a Meta stock rally?,Traders Union,https://news.google.com/rss/articles/CBMihgFBVV95cUxONEs1WTNoTXQzaGxELVZxb1lMZTRmQm1SX0VPeHlIdWZrU2k3bHlPWVJ3dFZ6bTdSRy1Za1RxanFvMmNPbDl4ZHRJMzh5WGtaeUpoZ1o1Rmk0ekFMNHBNYXVrSWduREtkV0tURnoxd1hocHZkb0JPU1VWZ0E1VUM1NHJrMzNnZw?oc=5
2026-08-25 12:35:05,META,Meta insiders sold $10M in shares as stock hit monthly low before a rebound and AI launch plans.,Pluang,https://news.google.com/rss/articles/CBMicEFVX3lxTE1aZlN4a1p5OVloT1AwSE5kYnN6NmtyaU5EWk1SX3o4UFl6WmV1NlczaUJOTG1nb1FrbG9jVzNQMXhkc1RHZmJPQzFOT1NzMzR0bmhwWkpnYTlRekRITjBfcWhidWJvNWxLRVZCaXRJNGE?oc=5
2026-08-25 12:23:19,META,"META Stock Gains 1.66%, Momentum Weakens: Full Details",JournalArta,https://news.google.com/rss/articles/CBMijwFBVV95cUxNMmZrVzlFZDZFd1pJUHI3Zm1QSXk1T0JhcGtuY3UyVi13MHVncm83WDRqRGZzS2FsVmRxY2xfYkRPV0pMZXBZODFNRDlxRDJQd1dhdEhuYUhDMjhBYVZ0UGdhOHJ6VURtWEd3ZW9tb0d6MVVlbnFfcmh6NVNTUGFkVEN6SzBpY2V6SE1SOGJCMA?oc=5
2026-08-25 12:19:33,META,Monster insider trading alert for Meta stock,Finbold,https://news.google.com/rss/articles/CBMidkFVX3lxTE9uQ0VIa1dDYWpOTEdVbW80VWQ1a3B3eXhPVU1QTnpoU0s4SEZpWkc5RTNBdDRuMkFkVmIzWWItZEFGVnd0MF95WkFvUk5jU244YmVXNUFmT05NOG9OSTR5Ul9EeHZlcGxRVDNaNHM0aGtRYlJ4WEE?oc=5
2026-08-25 12:11:15,META,META Price Prediction: Bears Losing Steam as Smart Money Quietly Loads — $600 Back in Play,blockchain.news,https://news.google.com/rss/articles/CBMimAFBVV95cUxPMG44amI3NDdITHZYeFBoV1M4aEx3UnZ6eXNmanh1T0g5OWV0REVoQ19lZWpDSF9laE50LXBkQ1ZFWnFFZ2w3WTJubnNGb2tNdGd0azlBWXFzdXNvRjAtcV9OSk1mWWdvelpDdzV1NGtlaTRWSGRlZEFveVpoT2lRSzd4bFFTaEk3WkQyTTlJeXJ5clZWc0Q5UA?oc=5
2026-08-25 12:01:38,META,Tokenized META Stock Eyes $600 as Technicals Stabilize,TradingPedia,https://news.google.com/rss/articles/CBMimgFBVV95cUxPek9jajJNY1F4RkZtcFB1Y3dGakZwZGUtcU1iREZhNll0NWJ0bWhqbWN0cFJlZll0OTMzZ2d2N1d5S3FvSGhQQ2tSR3JKYXhpSXlfbjZjLWFHdHpZaFBxUkVYeVpBaGhocjJZQ2VISnJZYkNaVDFtT01aY3RMOHZ2bjEtaGhLb0lpTDNEcTl1ZW9NcXhSbkJoNk53?oc=5
2026-08-25 11:00:07,META,Meta Leads Big Tech on Upside as Chip Stocks Come Under Pressure,TipRanks,https://news.google.com/rss/articles/CBMimgFBVV95cUxPV0NPOEIyVmZqN1B5SlFyR2ZWWnBsblVFYmFNX0JxcWoxS0xCY0NhMDdJWWk2RjR2LWVDaklnQlFVTEhJZ2pJRGYxWmY4RjNFdGtxSjFsSER5RWhsV0x0aGlCenVKT28yRHZsZkpqZ1Z0M09ZYmJtenV2TTZlcm1zLW9IMjFuWkVRUGFBVjRkczdWeGtiREJaUFNn?oc=5
2026-08-25 09:40:27,META,What's Going On With Meta Platforms Stock Monday? - Meta Platforms (NASDAQ:META),Benzinga,https://news.google.com/rss/articles/CBMiygFBVV95cUxNUUc4Rm94el9qTXZsZy1wc2ZtVkp2SXYxMWFHcFVYZnlsLVhtVy1oeFpIXzdEYzN0S2Z5NHdMUU11T3lORnVfYmhfWFpqOFRmUHhDQ0IyOXU5MWJzQ0VUVzJOcnFwaUlhYmhYdUV2THpyVTNkbHhhRWRjdXdiN1NnZGUyd0psQUFhNTdTU2k5OHhjMy1NcHFUdTJPTVF2RmpBbDFpVHI5cGRWbVNpeW45WS1WN2JuYXRRcTdDSmlsNlFWLXBXRWo0eHNn?oc=5
2026-08-25 08:56:20,META,Meta stock analysis: daily downtrend vs short-term bounce,The Cryptonomist,https://news.google.com/rss/articles/CBMiswFBVV95cUxQUWJscmlqSEt3UU5qT1BIa2liWEFtcUUxdXM2MVZpQkpyYnJGUW05M1ZHNHNxS1Roa0JjeC1GMUxvTTFIR2VCMjVmcVh1eTdvc3JtVkhyNVQxZ29RVG9rVkFzUVRCVjJIMmlMTE5QVzZxb3BZZGZSRFBoNkVSdkFfSHZmb29INnloMWZyT1hVd2tBTlVGNW1ZdGJzdUM1VE5pMzYzSnc3RkJFa0tMcm1sVnVaNA?oc=5
2026-08-25 08:11:00,META,"Meta Targets Early September for Hatch, Its Consumer AI Agent",BeInCrypto,https://news.google.com/rss/articles/CBMia0FVX3lxTE81eE92a3dEZE11cVNFMkNzdU9pRUJiMWFVb0lnMFNzb2hYQW5HUGVadWtYR1JrTW56bVJBSGdhdzNpQk5fR3pzU1A2REx1THZrU3JOa0VSNTNPdHp1SURremd1Rk5jVGJWbWd3?oc=5
2026-08-25 06:59:59,META,META Today: 7 Developments Worth Watching,AOL.com,https://news.google.com/rss/articles/CBMigAFBVV95cUxNamU0bnhPMW9zcnI5djBTd2lTcFI2NUZrZjY4dVY2azNjWjVsZE5rMFFTYk1zcXpsakNzTms1V1RfTV9xblZiR1JBdG40dXNxVjZVb1BOR0pHdTRIMnRyREtPbE1IMnVDbnBDeFR3aGlXYlZER05rdGpzMW1qSzBaQg?oc=5
2026-08-25 06:08:33,META,EssilorLuxottica stock slips as Meta stake talk swirls,Ad-hoc-news.de,https://news.google.com/rss/articles/CBMiuAFBVV95cUxNcWY5cUNyVktuR3JRU0tyMDJNSjNLUjI3ZHBlVVBSNjFma19ZeV9qLUg5VjRUWUhJM1hkUVRZcm1UQllsSzVrZW5vVDItNWpSek5LVkUtUEp2X1ROb3c1NC1yak9XUktmNFNpX09MWVFjUGpSc0xsMHN6RkNNNU1IdzhQRF9IT1NPMDZOby1NSmNtUnZqN19ZZDlDbzQwX1c4NVhDNlFpSi1RdHlVOGdzbW4xN0otZGdE?oc=5
2026-08-25 05:07:57,META,Meta Platforms stock edges higher as Q2 revenue hit $60.8 billion,Ad-hoc-news.de,https://news.google.com/rss/articles/CBMixgFBVV95cUxNWWhzcHpZVFpxNWs5TWlkSEwtYmFlelFRUEtRb01jOHBYWGs1QW1CZW1aZmNqYWNDMkRSSFdNZm05RVcxYTF4SXJxbWVyUndqVzNjWm1xRS14OVk4NnktQTVYeTZTWFRMekJwTFNYZE5oWWU4eEFHRkM0TlR3M2NlWFlLMUhsSlNRazVHM1ZwOW9aeVJYbWpoT2lxRVQtcHZlQ3ltcXV3aVB2YVFHTFVVX1lBWUQ5SFpzVlV0TEN5ZHU5OC1sOUE?oc=5
2026-08-25 04:46:52,META,"META Stock Slips, Then Bounces After Report Of Potential $10B Anthropic Computing Deal",Stocktwits,https://news.google.com/rss/articles/CBMi4wFBVV95cUxQOURNdnlkMHU5MVZHX0pqd3owSXNRSDZsN1NocUZzNkxIWHhhZlRUQ3N5VHQ5RDdqLWdrdW04aUNsVHQ1bFRPWFlRT0N4UV8xTDhSTHdKdE9TZzhUM3FxYjE3YTBPWktlZi1EdmpYdXBRcTF0ZnNpUHlBZlpUWXJXX1lxc09XVlhzdllEaDhBU1BkUW9sMjhwQ0IzRVlXU3ZTU2lFNnZWSUVfSnVTV0NYWmZRbXJzVDdFejN4cWwtaUVFY1czRU1qanlnWEhXaWI3VFNqM3FLOGpVTklKeXZCN19tVQ?oc=5
2026-08-25 03:54:00,META,ARM Stock Jumps Premarket: Analyst Says Tapping Even A Sliver Of Meta’s Capex Could Be A ‘Top-Line Changer’,Stocktwits,https://news.google.com/rss/articles/CBMixgFBVV95cUxQd3RpSnQwbG96RDNwVUJqaGdzblBfVTRScTNlNVExXzB1TXNtX1c2RWhvWktxMDRIamtVVU9vZlZlUWl5eGdIbHZPMzhXR1ppd0NRMm1nNzY0OENfUVpkMkQ1SmpYVHlHQkFFbGtDLXdPOEUxYXBkT1RrdTNRaEo0REtOaS1ULXoxTDFJeU5hWjdSMEhkYWxYWTVFQnI4cDBrXzY4aEtjbzI2RDRHZDNScGhRSm5rWTBDSVFFbHhlbDJGemIwUXc?oc=5
2026-08-25 02:43:27,META,"Meta Platforms Tokenized Stock (Robinhood): Latest News, Social Media Updates and Insights",CryptoRank,https://news.google.com/rss/articles/CBMidkFVX3lxTE93b2JvcFFWRWhrQUxmT2NUYlZRQ0ZYek5hb3ZXZVF2RWJINTVvVEpRcVBNMmJBbFBtMWRESUFUV3E3NDNqTWdLcTB2LWtHbWVPNk03MlJ6am5GbUJXR0pKXzRQRzBnTEZPQkg3MURZQ085ZVdmZFE?oc=5
2026-08-25 01:27:38,META,"Meta Platforms Drops 4%, Pinterest Falls 4% as Social Media Legal Risk Resurfaces",AOL.com,https://news.google.com/rss/articles/CBMiggFBVV95cUxOWmtmLWZzYkxMVzNkVWdTdlhYdUVscWd1WXZnTGVOTUdDbkRfcW9Jc29PUEc5WHRhMUlwTEZqZG4tUzNzOFV1SnpWZTd4a0E4T0ZrcXF5WTM5aU9jMkZ4bWNpZTlpaWNBMkhDa3RaMHVaZmdJVzY2OEdaV2lMSUdXTXhR?oc=5
2026-08-25 01:02:39,META,1 Reason Why Meta Might Be the Best Artificial Intelligence (AI) Stock to Buy and Hold for 5 Years and Beyond,AOL.ca,https://news.google.com/rss/articles/CBMidEFVX3lxTE0xc3F4dFBqWmJrTGVJRzcycHNLbUJGb0RaZUlIa215QlV0alliLVZ4RFZCUDF4Y2JjakRLNExLQ05hNVBrVTIxTXQzeWpvUmdFYnFjbUYzWndsb2xCTVFoY0NmdVlJYXA1Q1JJcVFfWllta0Ny?oc=5
2026-08-25 00:28:07,META,"META Stock Today, August 24, 2026: Meta Escrowed $10.8 Billion It Cannot Touch Until 2028",The Eastern Herald,https://news.google.com/rss/articles/CBMigAFBVV95cUxNZVpscU5UbUcwaVhzQnBocHl6ZGUxdDBYSkZXVXIzZG5DTThXdm9UNGpITUdrVG5mVTBiNEgxWjQ1MDBzS0w2R2thQ0Y3WGh5RURvUFZPOThkSFFoMUY4TmxsSTRnWG5WdUJ0NUQxQW92Y3hLSUJ6aENCTkN5ZUJMRg?oc=5
2026-08-25 00:23:09,META,Meta Launches Hatch Consumer AI Platform,Intellectia AI,https://news.google.com/rss/articles/CBMif0FVX3lxTE1pTzE2bzJUdmdqWnl6RnhnUjdIekFQQXRnNGp4SVY3eXBTVktXZnhmdWdLdG1LT1NGYUtLU255U09sVzJqVlV0N21wWmczdzR2UEJZS2d2UGxhcTd2UUVYNl9WQW9jUnRzUkZuakk3QnplYkw2d0xwbzVfMmVxUEE?oc=5
2026-08-25 00:08:04,META,Unity Stock Jumps Nearly 7% Today – What’s The Meta Connection?,Stocktwits,https://news.google.com/rss/articles/CBMiowFBVV95cUxOZm5KM0cyUUJtWWY3Njk0bVZJVmJva09pTk9fSFpSU1djb09zMFFCRTg5VHp5MHlZNGFxdG1aakxObF92UURqbk8zcG9QZ2FvS0szOFQ2VGxweDZEcF9GcDFWQUlDM2xoa0puRThFUmxuTk90alhWX2pnd1p5ZXFhNkhDam5tSl9JbjQzQWNIeW9velFobmk3U3FpZDZyYkF4T3Fz?oc=5
2026-08-24 23:42:00,META,Meta Reportedly Set To Roll Out ‘Hatch’ AI Agent Platform And New ‘Watermelon’ Model In Monetization Push,Stocktwits,https://news.google.com/rss/articles/CBMi-AFBVV95cUxNYUpRd3JDOHQwMW81a2t2RzV5LWo2TDU3eVBsZTQtWXU3SHR4ajNacXdnRXN3dXRrRUw4dHExVjRaT1plR0ZRTTVDbEh3Z0RLcVFhb2hKZ2VBQjdQNTFqdmZyLUlySXpudDZxX0cwNjBrcXlqLWYtaVduM3k1MmwzWS1SY2F0WGNBZXZxZlpzUUtKN3JRdmttVXM5V281QlR5YUdEemFkVGdZaVNDbGdsRE11blBNT0FfQTFNZUZkWVl4OXpveHNocXk2RTJPcGtzY1h1YmdFZzI5UFdheFFEeV9sSnFzQlJZTk1QMzFWMHpxT3UwdjZSZA?oc=5
2026-08-24 23:28:11,META,Is Meta Stock Actually the Cheapest Mega-Cap Tech Bet?,Trefis,https://news.google.com/rss/articles/CBMitAFBVV95cUxPZ3FKM1hzREJmclBNd1FITDg3aEo4Mi0xRi0tOWt5X2t4Z3JONGh2cU56Smxrb3QyYXE3UG1UQTlSdmg1ZTZNWEJDVm9XNEVCMFB2NS1HSkM2LUFyRGh3Q1pRRHQtWEFQQmYyWGxGcHdKZDM2MnNUSjkwdU85cnBleHN0ek81Q2ZVMmlJMk5MWlQ3NUtsOFVwV3pLTExVX1BiMFhqSC1HbzRJa01LYnU0VkZBNHA?oc=5
2026-08-24 23:20:54,META,Jim Cramer Cites Overblown Meta Stock Trial Risk: Is This A Sell Signal?,CryptoRank,https://news.google.com/rss/articles/CBMiekFVX3lxTE1jRFNhTDREX0lCQTRrdFJpcV9nTW1kRWVPczBBQ21kZEo5T09pSlI4emVLRjlEMzZnZVRMRjI2UEw1bzdMaHM1UnZfTWxnbGg5bTFkcmgxOEh1Y3RjbC0xLUNMZlpteFByMklkSkwtUnM3RW8ybGZWRFd3?oc=5
2026-08-24 23:19:52,META,"Mark Mahaney Reiterates Buy on Meta, Lifts Price Target to $860 on Long-Term AI-Driven Earnings Power",TipRanks,https://news.google.com/rss/articles/CBMi5AFBVV95cUxOby00RWc5eWhwNmx0WkEwMi04QURwZFN3ZmpibWd3QWsxOE1wcGRKaWVnVlcxcXhla29HRGtuNk5sWXNmVVFCbDN6bFJwRGVwRzF4RTB2VHNmeFZXaVJSUlJjckYyV3hVYTFkUDllZFllZnJKdnY2eE5sc0d0bUphMUtVT3B4RGtJa1RSRlByWXdFcjNkRWI4RUZCU1FhbHNMTWxiTXpMYzNmcmwydm93NGxCQ2ZPcDY2T2x2aEZ4MEN4U3F2WWxCRHRXOTFoZW5WVE1YMk9TZGFsVjFyMzk5dmRONjM?oc=5
2026-08-24 23:09:16,META,"Coinbase Brings Apple, Nvidia and Meta Stocks to Blockchain Trading",CryptoRank,https://news.google.com/rss/articles/CBMinAFBVV95cUxNQmhFX1MtdUxmYjJEdmNPZy1FX05teWhQNGthZFVrckhLMkh6QTFEWlhzMm1SOGNnYUYzT29HM1lSTzFpUU9YRV80V2djWXFkU0F1NmR5ZWg4VlVvcWVJUXZvTG5UeW9nVkdTZy0ySTVpa1FZOUJLbGxKeUVQM0x3blFKUEZYbGM0QXJFWTlLa2FxN1JqaU9yMnVBc2s?oc=5
2026-08-24 22:42:01,META,Jim Cramer Cites Overblown Meta Stock Trial Risk: Is This A Sell Signal?,Yahoo Finance,https://news.google.com/rss/articles/CBMinAFBVV95cUxNcnhQZTU4eE15QXNKbURiSnQ0cmNkT0tDR3Z4OW1oT3BHd0t5ams5WUtwUWxBQnhURER4MXEzR3YxMVFTTDBkWVBPWlJ3S1ZhajRpanM4dlltU3VnXzQtRUpTM0hoc2lWR0l5X256NlgtUW5hUmlGb2VnamNsU3B0WU1abmlFTGVkYzZpcW9RTEU4VE1idGxIdnV0TFU?oc=5
2026-08-24 22:42:00,META,Jim Cramer Cites Overblown Meta Stock Trial Risk: Is This A Sell Signal?,BeInCrypto,https://news.google.com/rss/articles/CBMiZ0FVX3lxTE5QOEU2MklaVmFaa05kS0dJeFJxbTQtczRfV1RRWnJWSC1ka1FMQXVWdXh5Nl9ZMHhiY2FyMWVmVGF2MVFSZUhoTnlFbWgwamhjb3FqcS1Ua3JuTFExOWltTzZpWkZ2bG8?oc=5
2026-08-24 20:48:25,META,META Today: 7 Developments Worth Watching,FinanceBuzz,https://news.google.com/rss/articles/CBMieEFVX3lxTFBsNzJ6UkRaZ2ltUUo2UXNCMy04a0oyNFZNa1RVSlFkTmgzMjAzaFlzWTFpVmdkM1NEZHpDQjdNMUZuaFEwNmtIdDZVd0Q5UGNWemJKQ012dm5yZ3FRblMxNUFWZmlEM2RsNllPc0dGN19LeGRLZGZFWQ?oc=5
2026-08-24 20:39:30,META,"Meta litigation risk clouds stock, Bank of America keeps buy call",Traders Union,https://news.google.com/rss/articles/CBMiowFBVV95cUxPbU1kZUpYZm5iVTdsZFlrZVcxUGh4YmhDS1VKdGVOVFZNc2pkM2hyaHNjcWFWUHFEcjR6amVVQjU0YWttM2sxVk1XSVdEbUkyT0VmQ0huQVFuYjlqU0pLYkJGVnRMZjJhaVJVeG5McFBoXzNZcFBsWXIxQjdYNzVqc3g2VVBrUmlIZkRFUUNHdExOODR3NUJVMDQ0TDVMYi13d1JZ?oc=5
2026-08-24 20:39:30,META,"Meta litigation risk clouds stock, Bank of America keeps buy call",Traders Union,https://news.google.com/rss/articles/CBMimAFBVV95cUxQV1ltcHJjN0x1aXRpWlRzRGItNmJleDRMTXpZeWl4Sy1Nd3QwZThqckNMZHdNNmlmMDZmZFhBemdiZ2Z5Ni0tUWNVOVZLLVVjeHV2blpnYzMwRnRtX3hQMnhFaWVJUmNBdUNwaHRQdGVnVTNRYUI1SkVqd3FLaGphYlMydWFybEJfVDVNTHpuSnYwUlE5VEVFQQ?oc=5
2026-08-24 20:11:48,META,Jim Cramer says don't sell Meta on litigation risk — the stock is worth the wait,CNBC,https://news.google.com/rss/articles/CBMitAFBVV95cUxQQVhyNmk2M0Q1LWY4emNuUFpoTmNiYUpwaUJvMlJFQnNjd2pfdUhyYVJLRkdfNko3b2lqNEgzd0VZZHFEMXBfbk5LNFhkaUxaVlFiTmtXQXpicnhud3YxbTlOak1yMHVrSWdiTWl3aEVXWXE1Z0JoMmdSaE5CNjhvd19aRm5MVFZ4SDd1eHltd251QWU5S1J5WTVFeEJTc3hydWZpV3k0TlVVcDdjcW14LTAxbHg?oc=5
2026-08-24 19:26:08,META,Meta Stock Nears $550 as Investors Split on Buy Opportunity,Memeburn,https://news.google.com/rss/articles/CBMihwFBVV95cUxQaHhqOENLbkhHOGR4MTJiUmZFcWVJN2p2OWNDMU5tenhsZi1QbDhydXpQeHJfMlBzTFl0WW5welpSVDNkZGNKc0FKaEE4VXdfTGxjY1p6cDY0bUVuQWZWX1dfT3Z6QjdYZmtZSmxkY2dLV3F0c2szSllmdmhZOGhHTUhsb004S28?oc=5
2026-08-24 19:24:50,META,Meta (META) Stock Still Looks Cheap After Recent Weakness,simplywall.st,https://news.google.com/rss/articles/CBMiwwFBVV95cUxNVHJDb0pZM183S2t4cjdNZGIxMVFlbXJhT2dLd09yRWxzeUxUZXIydmd2VENJX0ZNd1BmLWZjM2lmblBMdzlpWFJkRlNEWU1zYXQ0Mm03RWVRTlk1cFRFSkNPQWEtM2NwYUtPeU02Qjl3R1lUTnpaX2hhT1NsVk1KZXVESVE3M1BGb09QNGxjWUxSa3lxLUlTdVU3S09MOHVuLTFLMW1vbVdXSURaOHlQTjFLX2k1V3Bkel8zRnBjckFKbDDSAcgBQVVfeXFMT2lRWWstV3Q1WGtkaWlpMHlrLXN6Wkd3Ymt4eE9aaFhJZVZPNVB0Vl9GNlpsdjMwbFI4UUkzV3FoenE3X1lWMzhzenJibWxTSnZoOE51R01pRVh5N0pINmdWM1JYYkxsQXdzSy1rSkhCWXJ2TmhtMGwtY1VHcGNUcTVla29VbjBWZGtSbFVEcEo4ZWJCRVRDS1d1MS1IbTM3UXJJckFacGVsN1lrUFNoVS1BWWpPWWV3ellzLU9vYll0c2h2SWJ2WnM?oc=5
2026-08-24 19:07:55,META,"Oklo Stock Analysis: Revenue, Cash, Aurora, Meta, Licensing, Fuel and Dilution Risks",MEXC,https://news.google.com/rss/articles/CBMitgFBVV95cUxPelQ2WE50dUxaSHZsWU9KOGh2ZklqNzZkd3lFRUFaOHZJY04wYTJ2RElGekJZT1AwSkUtSTVLdU1UcG5ldEVRTnBpaUtMMnBLekZPTEU0ZXBpZHlLOUZQSVVVY2FDZ1h1N3NZMXVxcXU5dDdnNHBWcDhoUW1zam1aVkhNZDVyejJEeWg0TVRGNVpMVUx0dGREa1AycWcyRTVENm51OC1FYWo2c3E4a0g0TEtEREpqZw?oc=5
2026-08-24 18:55:57,META,"Should I Buy META (Meta Platforms, Inc.) | AI Analysis, Technical & News Insights",Kavout | AI,https://news.google.com/rss/articles/CBMibEFVX3lxTE9yNmRkRkFNandYNW5hdkZGb2RuZDNTX3lJS0NoTndzSG5oY3A0WW9mdmZNa0FsLWtqaExrUkp5X1pPa2w2Rlc3YmstcmJnWW5NWXdtaURoMloydnFPOXMxTmFfNWJWZElkSFZ1Vw?oc=5
2026-08-24 18:54:00,META,Meta's $1.4 Trillion Legal Overhang Draws 'Tobacco-Like' Warning From Fund Manager,finance.biggo.com,https://news.google.com/rss/articles/CBMidkFVX3lxTE9OLTdzMHRyUHVGRTlqcHFKMU4tNnhPRzRYQ09DWGl6TnN5VFM3Q0ZZMjA5ZGxzT0VyYTdyLUxzZUIwb0hkdHNLeHBzMUJnUmtPYm9nMFJDc1ZBU1dMSWV6bi1mUGFjSUNXMEkwbHgtNjdKM0NFbmc?oc=5
2026-08-24 18:49:31,META,"Coinbase Brings Apple, Nvidia and Meta Stocks to Blockchain Trading",Coin Edition,https://news.google.com/rss/articles/CBMiiwFBVV95cUxPazQwUXVRTW1fSFQ1bzRGMnFnaFRjTGNuX1JCVWR0cE8tZ1A3UTk4SHhpU253T0lKUDFOVVJLNmo3TkFhUGpyZHJDaV85ZXZVdXo0TXppeEc2VUdfbGlSRjZuLXF0WV9QZktTeXczczE4Y3IwajRBVlVZb3NIb0hLQ1gzbXE2MFBaWWRj?oc=5
2026-08-24 18:23:00,META,META 260824 587.50C (META260824C587500) Stock Options Chain | Quotes & News,Moomoo,https://news.google.com/rss/articles/CBMiYEFVX3lxTFB4Y0ZoYzlTQnJRZnd0aGw5SXpQeF9HeDVfMWJ1V213RmRfUHdoWTFWRUloTmhvVXdyVFp5SnZ6TVZtV3NPS0dmNm1pMHBYUnZ1SHhWMU5wWEtmSmpVMS1JbQ?oc=5
2026-08-24 17:55:00,META,"Meta Needs to Start Renting Out Its AI Capacity, Analyst Says. Here’s Why.",Barron's,https://news.google.com/rss/articles/CBMigwFBVV95cUxPSHJhY0RrTFFoaE5Mek5tNS1jbzljbHZQZk9qb2pwanVIdDB4T1Z5di1lX0hZTF9zUlYxNzZPMWpscE93TW5EVnJleDBlNkk3X3NXWUQ3MzFHQ3hrS29nY2dLYVZNNzdQOElhNk1QR3NpOHJsMzI0QkdwY0xDVzlBMktlRQ?oc=5
2026-08-24 17:38:30,META,"Snap Rises 4%, Meta Platforms and Alphabet Tick Up, Reddit Slips as the Social Media Trade Splits",24/7 Wall St.,https://news.google.com/rss/articles/CBMi1AFBVV95cUxPX1FLOTcyekRZTnlzekJVMnR0UWVkWVMtNWJUaDZHTGtkSG9QWU4wMG9od1ZXRVNQdDNuWmpWT0lzX2dfY3JLZVNwQlFWTy1CM1N3alF0OThnenV5bG1yT19OaFhoNnhSdnhkeU8xZWk3QzUxa1BsWUJKYlh6b3R3RkZxczRmZ0NHamJ3SFBRU2lJWkRNMlNPUE1INzVYd0cxZWhGOU5MRkExX0pFekJPY0U5M1dTZ1IzR2VWLXBERkZOUW54aVNMVG01Unp3NFp3ZEFLbQ?oc=5
2026-08-24 16:23:00,META,META Rides on Ad Growth: Can It Stay Ahead of RDDT and SNAP?,TradingView,https://news.google.com/rss/articles/CBMitAFBVV95cUxQR0I0cVlDSTlBbC1jVk1tZ2pNV2d6Z2VwenlTczk5SVIwbjhOU3BPSnVSSkFiaW1EZWZCdmc4MU9Gb3NyQm9yYnA3dUE1bVBhU2lXSzdPd0VrZXRKN28zalNQcGlRa00wa3hpTTFlMGxGbzAtVi1HSkNud1cwQ2tiUy14UEx4anVNdFBUQlJfQzY4ZWNTX3pHR3ZIQ2lfbWhENjRSS21rdVdoZzZ5T0pWU3A5cDI?oc=5
2026-08-24 15:41:46,META,Meta Stock (META) Set to Underperform Until the End of $1T Tobacco-Like Litigation Case,TipRanks,https://news.google.com/rss/articles/CBMirwFBVV95cUxNMjFjMUVFNWEtelhsS3FOVTNCazhqa3dxUmN2cFdEaEJiMTNlZkQ0WjNJQTAxaTB3MllheU4xdFV0d2dUR0c0dXJtMUFmOGkzOC0xazNWdXgyYnBNNGREQzltdXJ3MWM2NzZZdVRjd2RmQnNEd2NMWmZGUmcydnVXcHZvYVU1Ri1OY2pCNG1vRlBKTnA5bEgteVhJQVlhaW1UNzhMc2FVYUUzSjBkalR3?oc=5
2026-08-24 14:45:41,META,Meta Stock Faces Litigation Pressure: Why Expert Says It's Worse Than Tobacco - Meta Platforms (NASDAQ:ME,Benzinga,https://news.google.com/rss/articles/CBMiwwFBVV95cUxPeTFSdDJrdlhzX2pQN1hyRlIxY3FRT0dVNXdwd0I0NVg4WVVBU0RCWVB3THEwM2Z4Tmt1Ym82dURZWXJxWHRGR25adVlXcE9id1ZjMS10QVVJc3J4R3BWaFJ1QUgwdXFGb3Y3UVRjcDNyZm1aMTJodlhHb2pyTFgza1JuWHUzelRRdWpSdkphdl9sbE5Ka2I2bTJiVTQ5T3ducE16a3Nmdm9lZ09uRkM4RXVYS0NFdTJaY3dLLUNBQlExVHM?oc=5
2026-08-24 14:31:32,META,Meta stock weekly forecast: Flat trend dominates as legal and valuation risks weigh,Traders Union,https://news.google.com/rss/articles/CBMikgFBVV95cUxObnQxVGhRWUhjRWVSRElZWko5d2tHcHBtZHM3dlZzM1hSSVBnQW96UGVkLTlBUHdtcm8xNzNJVWdhQ1lzeW5GQU9Uck82UHBESUdqa1V5Tk15WXJWQ0F6d1IzWGQtM3FDU3RCQ2NrTy0tMFFfM01XQmRsQ2dPMnZ0YkVpWHNCSXktYXhkOFdTU3VWQQ?oc=5
2026-08-24 14:17:43,META,Meta stock support test: Key levels to watch,Traders Union,https://news.google.com/rss/articles/CBMiiwFBVV95cUxOYXRTSnJEQU5mY29JdzBSczVKbU5ZNzdfWUxkanNXWkdWT3RmclhIaDdKb0t0R2xyVGpnTWVIcUpwZURObVpTVTRTTEhxS211MW1pcmlQMWJ6RGxGWVNpTDJXWlZFOXRCdVM3bGtUY0tGQjU1eG9YNTFWdlpMWGxiWnVMM1ZicTQ3dVZR?oc=5
2026-08-24 11:47:00,META,Two Legendary Investors Just Bought Meta Platforms Stock. Is It Time for You to Buy?,Yahoo Finance,https://news.google.com/rss/articles/CBMiogFBVV95cUxNWnlMcnd4TmtBZGlPTy1jMzJrRVhDWkxSdDVLUnJFSlVoclJRTy1VNVVmVHctV2FXam5qMi1lMW54XzJOZXh0SThQM1lHSk1nTzJFemZXdVNxdXFCODg0Q0xpNk9LT0FzNFdBR3lOcV9rbU51THc0bEJmY0RBWWZPTUJxR2l2WW01Y3RVcGM1MTZOUHJjMnJ2V0RPQUM3MVhWcXc?oc=5
2026-08-24 11:47:00,META,Two Legendary Investors Just Bought Meta Platforms Stock. Is It Time for You to Buy?,AOL.ca,https://news.google.com/rss/articles/CBMihAFBVV95cUxQWklCdXZISDAyWnVOd2pmUTNNcDFXN0JGUWxReWtnWnZDYWIyRXdBejhoVVhKdmlBMUswM1BuOEt2QS1sdmk3U3NWUjVsSXh5NGp5LVdDVTNqY2o4RWFlMTEwZDluWElTU0cyMmNoQUtZQ2IteThqVzBzYlJ5YUQyN1pMR2M?oc=5
2026-08-24 11:33:55,META,Gary Black Sees META Stock Underperform S&P 500 As $1.4 Trillion ‘Tobacco-Like’ Legal Overhang Looms,TradingView,https://news.google.com/rss/articles/CBMi7wFBVV95cUxPRWF1YWVMWUhPdmI4QUJSZDhGXzZMQ3ItVlR4Um1YQV82MUhEd2pYNlZnMVR0WHk4ZnRhazBzMnVXcVc0OWZMb1ZYdmNZdnBnSDdEdHNxNTN2TnpMRGdtcGttZTF3am44R1pYcEdFYW9NdjZVR2FTNkdyUG55Q3JQTlVYZWVCY080QmtrRDh4d1ZONjloQzR2TmF6eTliNXlMQjR3VXJwcmhpeEtEOUw5MldKemtqLW0zR2xPMFhkeUZBSDJiVE1UVWhFRS02eGNQMU9felB6SlEteE8wV2JTbG5BNzVNWnc5T25QYWhiVQ?oc=5
2026-08-24 11:33:00,META,"Meta's Business Looks Cheap, But Its Legal Risk Doesn't, Gary Black Warns",Stocktwits,https://news.google.com/rss/articles/CBMixwFBVV95cUxQSER2WXFQaE5EOXpjVmRoYndEbnV0cGNaeWp2bVBWdV9nWENpOW9ia3pFVlhDWWx2emZ4RG42U1ZreGkzOFJ1bnBYZ3Y3TXN2VmVOYjRvd0hHSWl0NG9QcTM1OHdvOFg3dkV5dkpEWm5BNFFHeFJfVHN1eGd1dW5acFpIUFQ1VkkxcUl6ZnFjRm9jMk9MOHZUdXQ3OG5US0oyZjhPRkROSU9CWWprUi04YlVGWExwQnhkUTNwb3JKckVnZnFYbUZV?oc=5
2026-08-24 10:51:26,META,META Price Prediction: Oversold Coil at $552 — Bounce or Breakdown Before the Next Catalyst?,blockchain.news,https://news.google.com/rss/articles/CBMilAFBVV95cUxQMjBIMms1am9Yc3RIeGVaSE4waVdUN1UtVGRxWEplc2J6SFJ6N0lueE1FVnVPUV9QYjU5Y1plVVc5bHdTNUZWVnNHUU9vak9HWFBYY0NzWHA2enhRZUhpazVCby1QYy1WREptVXMyV0ctVXRUTzdoeFJMb1U2ZHZrYnBFa0xSNlBLR1lUMWpyQl84c09L?oc=5
2026-08-24 10:11:22,META,Is The Market A Bubble? More Focus On Meta (NASDAQ:META),Seeking Alpha,https://news.google.com/rss/articles/CBMiuwFBVV95cUxQd3l3Tkg3dDM0MEstWFZtWUJpYnU2SE5veTNSYi1lX1JUSFNfRUxRZjh3anZ1Nkw3MXA0UkxRTk1OTVhYcklsNTZMS2g4dGc1RS1OR1NjbkJmN3ljRUY3TU9fSnlYLWtXbV9JTV9lUWZLRGZfLTBWM3cxTE1Sa0xLYzMxbWxobTBxUHYwUE8xQVducXNMTEtIOWp1R0NLXzBES1AwTXBiUFl5VXhMbFR3bTV6bVRDNmMtZUlB?oc=5
2026-08-24 06:35:06,META,Meta (META) Results Breakdown: EPS Does Not Reach the Reported Estimate in Latest Trading; Share Move: Shares Finish 0.75% Higher in the Latest Reading - Earnings Revision Report,vinanet.vn,https://news.google.com/rss/articles/CBMilAJBVV95cUxQZWRtRThJNHpxb3MyOUNkcVhlNmNSVWotWW1sQmRKM0o0V1JmYkxwUmdmUFlTd1cwNmhBa1U5WXFrNFE0MElWbGsxZDR3NVVFYTNWaHlJUmVaOTJTVFNLelRGcHNPRXkzZU5YUUdlYzZPVzIxNVJwX0Z2UGNmY0E3RzdWZ1VEZDRYdkd3N2RYWmhOWWdrREJZWF9QQjJ6dFlnVFVOaW5RdFBvZTdtaHdpYzdhX1FkUFR4QkRLc1RSeWRpZTVGWGhKNzl3LTlmMDZoakVxV2R6UTBxVnRMOVFIOEhGNEY1UGhraDdhNy1lSFJEYkoyb0JQejBwd1ktMlU0emFFR3VGZGlRcjBqdjZETXVWNVE?oc=5
2026-08-24 06:13:23,META,EssilorLuxottica stock holds steady as Meta stake talk swirls,Ad-hoc-news.de,https://news.google.com/rss/articles/CBMiwgFBVV95cUxPMUxtQ2xuQmpJdFlBTW5Da0w3My1ra2kzamctY0UwUHlKVUdYaFZNSTB0OW9LMVJlcXhpMkpNQ2NBcnBNY2N0LXRiMFNsVkhQMDhmaUJIUGdjeEVWSFlFdXpVTnRfeVUzQXZ4SWRib3BlbVdHNnlhZmxpNXFYWl9LdW10N0tJb0NPcDItMk9pcFQ3WDRodnNYYlZOTnJtMGJFckZhUWpsTWxqU0lmQ1hYTmUwZmI2cTdsTlhiVFZjX0Z1Zw?oc=5
2026-08-23 18:32:08,META,"Trump Made Over 1,000 Trades in June: Bought Berkshire, Sold Meta, Repeatedly Traded Defense AI Stocks",finance.biggo.com,https://news.google.com/rss/articles/CBMidkFVX3lxTE1hZmZabWlDSi1sR25LYXlmdmxHdzBYdGtPZWUxNTYzeWwyUWFtNEJWbU00VUhmREt0ZVVzUGhSNWVBcFlHUnBUVF9IbTJYa1FmZmhaZFQ2VXJ4NEc1anJncW1ybnZDMVlrYk1RN2IzZlZDMEhMbHc?oc=5
2026-08-23 16:59:16,META,"Teen Drops Bellwether Lawsuit Against Meta, Google and Snap Over Social Media Addiction Ahead of Trial",International Business Times Australia,https://news.google.com/rss/articles/CBMiggFBVV95cUxPWE41OFVEenp4RmNZekdLRm5iVExMQ2xyVkxLR2VjOWg0S25GMWFlNkREMkRTTko4bnBUOUI1RzY2SG1fWHpBWGRCaFhjNW5VUnR3dGFYQmJyekdHZkFYSmxNRTdvdkExa0c4SUtlTnVCQkhfcU4tVVZXdW1EVGZ2QUdn?oc=5
2026-08-23 16:04:44,META,"SpaceX vs. Meta: The $2 Trillion Race Is On, Which Stock Has the Edge?",Watcher Guru,https://news.google.com/rss/articles/CBMilgFBVV95cUxQRl9DcXNXZVdUd21LNkI5NHRQeW1sM2dkZ2dmb0wtT0FWM0ZzblJETFB5ZVJSOXFreHozV0VEbVlVdTVmcjhxOUdCWFZLSUYwd2hGdi1qTElTUFhqNF9vMVh3X2xXdWd0ZVdvcnlNX1FGcUV3dmg3NnltWld1ZkdXR241VnFnZ0t0THFLTzJOdDB4djFEaVE?oc=5
2026-08-23 15:00:35,META,SA Asks: How concerned should Meta investors be about child safety lawsuits? (META:NASDAQ),Seeking Alpha,https://news.google.com/rss/articles/CBMisgFBVV95cUxQVElxSG5jb3l1UjV1T2hId3EtekoyaDlYSFk3RFBoVlZfT3A1dFd3Z3RVUThpdUtBaWs5d0Y5TnAzNU01NXJ6eTlDTnF6M215RUd3NzFRdzBJUWFibzFyMzVKdXZOcXNPS3NHNXAzWS1NY3lUZGVsd3dHZDBGNEZSOWRBeU1mMHpGRlh0aEhybHgtd2xwS2xLZlZNcHF2ZjdyR08wamxaQkZWeGhUY01aUzl3?oc=5
2026-08-23 14:44:22,META,Meta Platforms stock steadies as investors weigh heavy AI capex and strong Q2 2026 earnings,Ad-hoc-news.de,https://news.google.com/rss/articles/CBMi0wFBVV95cUxOQktpWlNBbTFXZUxQYmo2WG5uQ2Jpa1diS1Q4Q0FNalN6M1kzMllmbFdtMVlpYnBiVmZNTGFaRjFDRVptNHlpNHc0MmJ1aUJRZzhuUGJzZ3h2SG5FYWROUjdvOXhreVVCOHBPQUQtZjFTQWZzVmRfSlV6ODNKYmxrWk9iUTRvQWs5T1MwalJJb3VPb3BOUGxjV2hkT3p4Vk5TZjZZaXdYenRIdHZvRW5vTmMwYkMteWp6NkQ2Tk1KSHVhaXJVdDBwbl8tbkZlX1VwekdJ?oc=5
2026-08-23 14:08:07,META,Trump's Portfolio Sees Major Shift As Berkshire Hathaway (BRK.A) Added And Meta Platforms (META) Offloaded,londoninsider.co.uk,https://news.google.com/rss/articles/CBMiygFBVV95cUxPVHAtdmFGOF96X0QwNEdyYXhlUXZoS3N6emRWbHdNYkk3VzBMSFRSVUJVN0RPN3NzZ3g4VEZTVk8yaWdQVFN4NE9KUDBnclUteWlIMlNId2FyLXBNanYxWjRaUjZaSDZIXzAyRFVRSTdLcXZseWE5c0s5eTNkNVFESDNQSnFzaXRYNmJpN2JlZFpWRDhjNDd0WjVmREJnenVrWU1WSEVZT3ZOT0dPM1VOZWxQUVFac1BqWUpIeWV2UGsyUU9kdDd2SXVB?oc=5
2026-08-23 13:44:53,META,"Trump Continues Trading Stocks at Warp Speed: Berkshire Bought, Meta Sold",Yahoo Finance,https://news.google.com/rss/articles/CBMiogFBVV95cUxOY2p6b0JpNDlPNmtYUi1TUFR4OTVyMHRFTGJXQ0V5ZEpodVZYN2RYMDVuSElZMmRudjROZERtUHVKT2tTY2ZXUHYxWEZfTHRka1FlOWlKNXlGWG5tNF9tZ29MT0ZqRGFNdE1qNVpleU1Tdk1mY0VHbkRiNGttZ2R0cll3ZVZxSWhqTFo2RUU2Y202dC11SUUxdEJkek1zc1V4enc?oc=5
2026-08-23 12:30:00,META,1 Reason Why Meta Might Be the Best Artificial Intelligence (AI) Stock to Buy and Hold for 5 Years and Beyond,The Motley Fool,https://news.google.com/rss/articles/CBMikAFBVV95cUxPcUdkTzRkcm1GTFVCdWF2X3ZrUlM2Qkx4UUZ3YVNfa2RySWQ4dnRCaTk4MGN1WmtHMUtrbW1VVFlBMmpZZi1vUDVFUmFsWjh5eFMyMjc5RVo0OXloanhyaU8xVjdFWGFtVHU2clVuM3JySkw0RWRaeDFaSGx1WWRacHFfY19FTVdGaTItdV9EWHg?oc=5
2026-08-23 11:26:24,META,"Meta Falls Far Behind Amazon, Alphabet, and Microsoft In AI",AOL.com,https://news.google.com/rss/articles/CBMifEFVX3lxTE5uaV9XNEduNUdIVVQwWjNmbUw3WkIwZDNoWXVZUkFhNEVXUHQyOEd4NXlfMEtsTUdQMVhUMW4xNHRSTGpiTGUyM09yenZLNFlURzhYdm1EMl9rODBRS2N6MXIzd0NTd3dhTE90MjZmdmRzSnNDa0ZGUUhneWo?oc=5
2026-08-23 10:56:01,META,Why Meta Platforms Stock Crashed Today,AOL.ca,https://news.google.com/rss/articles/CBMigAFBVV95cUxNeXloc01URThwU0xOYk1SWTZiR2w2WE9JUXNOTzFtc2pSdUcyS0JiM2hyQlA4Wndqekk5UHdsb1ZEWmZLSUpnNXVCYnBpZ3VENWhwc1U5c0lwOHRndzE5aFc2TVJ5UkZnZTdJVnZkbkhKX1ZYTG1TVUt6TWVwUlVNRw?oc=5
2026-08-23 10:44:49,META,"What stocks did Trump buy and sell in June? Meta, Berkshire, Palantir among disclosures worth up to $263.1 million",Livemint,https://news.google.com/rss/articles/CBMimgJBVV95cUxQLTNHMl82bFhnZl9BLU5XZnZhOC1BVXZsVGlEVUxOV21tU2xHd3VQc292VTJNWlJEODE1NVlDWkNobGxqbHRnZXJkUHdoSTlMYVJycUV5Q19tREkxVlEzMnZCc1RkTldDUTh1MVU5ajF6S3NIM1ZkcEZwT042bFliU3NBS2E0eDl0OXg0VGRVUEh2bUJLSTFjdmYydkVKQi11WTJzSlFnZERvdGlMd3lZWDJ0ZlFQdmhrbnBNN2ZNTDFOYWo0d2t4eTkzdEM5LVJ3ZmVwNmxNYnVxM09PQm5pV1l5RHFPelNTVVlKQWZKS1FocERxRWtQeUg3WWVoTGN6YVFUc3JWU2MtS2VjbkhtbkZlajhENm1sOGfSAZ8CQVVfeXFMTlFTZHpOM3B0VzktUW54ZGxMRE5lc2x1TUowd2d5MU95cGJRWkNqWEdUcnNkb1AzTHp1OFVZWHdsZ1ZBNDJGUWhpakQxQzVSOVlrdFBHT3BEbnpTNmVMN00yS1RicEUtQmlDMEZBdUI5MkdXUHFNSFI4d2JqWURJZW1ha0NsZEJhRVFLRkhBaV9QNjFYaVdQU0pvbUFqRW51WEo0WTdEQzZnS0JMUWJjRUFFV3NGcjVjMlgwMUhnZWlORVgxT2RMOHV2X2pFS01rWEJkNjRKdG9SVjVkQlJxWEVPcUgyOWpSXzVZZkdwZ1hacF96RWhhaDNYMHh6YkVVaVdEeFFmUkdJc3J5OVdLZHdYRl9YNDlkNGFkU090b2M?oc=5
2026-08-23 08:04:53,META,"Donald Trump Made Over 1,000 Stock Trades in June; Selling Includes Meta Stocks",Times Now,https://news.google.com/rss/articles/CBMi4wFBVV95cUxPX0o1bEgzbTlMWFVUdzFiNG9ERkFwcHBaSmdHNzhfb09KNWdKbGVERDVpelNYZHFBTnAtSkc0VUktbDZrcVN6bHhBWFQyY09RVGhyVllYeGkyTmQ2SHRmMGVUZzNWSFhXdFFOXzZrOFAxNjNMQmxBSXppUGlTZjhraFJMVl9VTFZIR2dPSFd1WkpvVkh5clk2eXlzaDhteHUzbTFEdDZXN0MyQUxNemN2eXl6Q3JKLXMzeDZpdUVHSzRWanZVS3hMMW9KYTdXQjA1aTQzYUd1QVRSSHZVaHIzMng4Y9IB6AFBVV95cUxPa1lnQkpIRmJDdjZVTVdkMUhfb3kxN3N6NjVHZTlmNGhWbjVVQVlFMHdyb3FNb3doS0ZCemlJT0M2X1lKZmlzUW1NeUdxZ254aHNJd2Q2WWZZX3N2enVZUGJ6N1BCVEk3d013R3Z4S3FZNllIdXlVaWZrZWl1SXhNaHNmakJjLWZlOTIwMF9jbENPclpXLS1jRUxYOXI5bkk5ejN1eVRxanhnMDltQS11OUE2QmRYZFNCeDcxTVQwT2NVUnJNWmR0ejBtc09VUVZEMDBKWEkwQVFZUG1NNmI3ZlVqZjZUUl93?oc=5
2026-08-23 08:02:10,META,"Trump’s June Stock Moves: Exited Meta (META), Purchased Berkshire Hathaway (BRK.A)",Blockonomi,https://news.google.com/rss/articles/CBMioAFBVV95cUxQY3licjBqbUNlV1hWSXp0aVVWVG0tLWNQZVNMdEg0dXgtLUpoTU13SE95UW5YMHRNaElhdlRnZGJmVUFPRW90ZWxqaW94R09yX19hb0FOeDM0WF92NkJsNmo0dkRTZmE3Y3phWW5MbWZFV3RiY01yc1ZDSktoN05GblVDNE1FM0FhVzdiYnUtNzlCN3prUkI5R1d3M2RCMUcx?oc=5
2026-08-23 04:06:38,META,"Trump’s June Financial Disclosure: Berkshire, Meta, Palantir — Over 1,000 trades; $78–263 mn in deals",financialexpress.com,https://news.google.com/rss/articles/CBMi5wFBVV95cUxPRE9sOWl4OTRFSFQ5NG1pQXBHYzZGV1F4d3JmaHhPT2V1UjJJekowTnlNeHlQSVEzMHFRV3dHV19EZ1BRdnJ4b2puTEs0TnBXZjRfa1NsSjJTYi1HY1NUdUtTV2NIZnBIUDVZQlM5dDJsellIV09CNkNsNlZhb2NvamZqNEVSYzJhUEhVZU1IVTV4dzI5UUpZUVUtdVFmMWEwQWk3aUxacHE5VHI2RTdBQmJIOHQxNzctWXE4MjZTWU1rZHVkeGxqZl9OQS1VYjNJSmhrWnZ5RU9rWDhJLVhwR2lFUDZLbzTSAe4BQVVfeXFMTmU4LS1LMHUxaTRJbTdvTHc1NHUzS2NxWC03OHh5bE1ZSm9hY2hNOUR5WVNDUEpuUHJMWDVsYmtEeFlYNndXUmtzQVlSVFk1NV9lLU9DenU2YnNkcjViQXc4ZmRCT2oyTDJ1UnNzVExsWXJkZDI4RktRWTNMQ3FhVXVfNURoU0U3bWVBc0RBNWV5TGwwNHItbGl6dVRrSkFaN1k0ZnUyaDg5WDB6X2hpb0lfOUxuRmtQMndFLVJrUTBKTjg1WHJPRjNFakNkTEVjTjlUcFR4YS1sRFFmNGF3VXA4b2lhMEZLdWcwLTA2Zw?oc=5
2026-08-23 01:53:19,META,"Trump sells shares of Meta, Motorola and Coinbase in June",portalcripto.com.br,https://news.google.com/rss/articles/CBMikAFBVV95cUxNQWtvRk53LVhLelFKcmZ0NjBNbE92LV9naG9HbE5ybG1qQ0VfWElxMlJQc2xURjJSRVhTTVM1ZjdTZl9hVHQzWGZ3eW1tcXY3OFcwZkl6cG1NMHpBMVIwNFhIbkNJcXVOZkJGcXV1SDR4YlRXNzM4bGxqaTd6aVBqS1ZLOHN5SHhFUHdLLWhoS2I?oc=5
2026-08-22 20:44:45,META,META Price Prediction: Bears Own Every Moving Average — $539 or Bounce First?,blockchain.news,https://news.google.com/rss/articles/CBMimgFBVV95cUxQY2ppanh1WTZyZ0pjM0JWckZuYzVsTklWM2R6VVR1cWo5REZ6R1ZMQjItMlJTNEd1aVZid2lMbnYxcVp3UUJrSmxqUzBSdEpxVXl1TXNMaEt1Z0p1T2NjOFlPMGstaVBvNVRlLUMwZGpMTU1YdFV5UnMtcGZ2cXM1RVJhQWNjaVVaOFBBLVdpM0RaZTdrZ0VDRTln?oc=5
2026-08-22 20:18:48,META,"Apple vs. Meta Platforms: Which ""Magnificent Seven"" Giant Has the Stronger Artificial Intelligence (AI) Growth Engine?",AOL.com,https://news.google.com/rss/articles/CBMihgFBVV95cUxOU3lrVXhjcjZqT1dGNnRBV0kxaW5URFVHTThzRXN5ZW9hMmMzUDR6ZEZGRGM3SGFIUFdiYWJtTVlHVEQ0Qk1LTGc1Wk9heFdWOERjWWNQelV4eXZJQ0hjRGx4X3gzQ1pLeklxTEVMNHJORm1lUWU2WDk2WkJpVHVHRnVXOUktZw?oc=5
2026-08-22 17:33:53,META,"Trump reshuffled his portfolio in June, selling names like Meta and buying Berkshire Hathaway",CNBC,https://news.google.com/rss/articles/CBMiyAFBVV95cUxPZWx5RzFyeUdwM3dWQ1A5ek1VbmhWd2xqOEFlSGthUFNxbExWWkxrbnNyUHNaVnBTWTFCSVU4eENTMXJ5cjBHZjNaYjNpb25jbEhrOWU1M05tdGt5SWNfREpVRlhIekkzWTBFdy1OUGRZSzJHdzgtaDZVOG9GUEw2dTczV05nUC00SENKbFFRdUJqOFZsd3h2RXN1T0FMVE0tNVNQdjA4X196RGV1bG1hcFpJU0tEazU1TEQyWEV6LS1RVC1SQ2RxYdIBzgFBVV95cUxOSDNuZGNGcUhpX19VSk83SVhjb3J4QlNMQzVzWU9DMG9oMGU5TVoxdHY4bFlzdVQxM2tuQ01FMnBUQlExQXBkbkZUREdraUUwNmNpbllYcVAweG5YenZhdUNjSHR2Nm81N3VZOWkyMXNMZEFwb0hneFVEYjVURzh0a0dBZElXWnpfNnZoTTYweVQ4WGlUZm43MkdGV1ZLcVZkTVdRbkF2YXc2dFJ2MjUycTM3U0dkM2F1X3NuYmZKNXV2QkNJdTF0SWRJbWF6QQ?oc=5
2026-08-22 16:32:17,META,Meta (META) Close: Rises 0.75% to $549.90; Next Test: the Near-Term Reference Band Stretches From $522.40 to $577.39 on the Day - Gamma Squeeze,vinanet.vn,https://news.google.com/rss/articles/CBMi6wFBVV95cUxOdnlJbW9KOHJoZE5xejFHaUZCd2M5OS1QTTB4d21ad19MaThTR240TW1DeV84SXZZcnlVNVJud3ZITndmdXZBUWxHcU5sOTY3T0lwS2s3OU9FQ2I3b1V0Q2R1dGxTYnB4SUJSUDdoaVVVcXpKOUtyV3Ezdms5VVdyZDljczJYVWV5ZGZkOWh0RDdKeEVzUEVrQTRmNU9HV0s4Q1lJWTZrSE5NNkpOSEhxeVRSMGcxNi1IMkhGc0Z6ZXFLT2dpZHgtajlQd1QwM004UTJMczVaYVRPYzBSeE1sS3FZOTRxSUNHd1RJ?oc=5
2026-08-22 12:52:52,META,EssilorLuxottica stock holds firm as Meta glasses drive attention,Ad-hoc-news.de,https://news.google.com/rss/articles/CBMixwFBVV95cUxPSG0yN1Q5R3p4S0VUUnFqM3VJeXJJbXVpRTNzTHJPTDhrcDdyS05fVkR4Q25lRWhITUpBVURVMlVKWXVENTNnbzMxa3R5MTVVR1Ezc01kaUZreThnUGloS2xwVHRfNFVFMWcxQzFXcTl6bTNTaW5MQWFuOFljc2V4ZVNuSEdLLWcyVG5UUGxUY3AyR1ZmcjNKOTl2aFZubFB5UmpGVTY3cVdneGlURzA4VGI5ZDhMSUQ4UlVrM21UZUxPdGV6NkpJ?oc=5
2026-08-22 12:38:58,META,Meta Platforms Tokenized Stock (Robinhood),CryptoRank,https://news.google.com/rss/articles/CBMifEFVX3lxTE83d2k4cXpmWFoyZ0xvbktDdkQyZHFiTG1YcUd1SzhwSXhBeUpfVGdkYldFQUdKUHVvb2JjaVBiLW1UX0xWUWhKMVp6MkhxLWdDbWxZcVNzWW5KLVBoc2RkVHNYekN6bEVlSm5QWEZhaTNyT19HU2JWRUJNOG0?oc=5
2026-08-22 12:38:36,META,Meta Platforms Tokenized Stock (Robinhood),CryptoRank,https://news.google.com/rss/articles/CBMifEFVX3lxTFBIS1RDaXFmdi1HbUZwSHJyeC1hek1pV01UbENMMnBzQ2N0Ykl0dmQtZFpoNG5LUjg5UGNWbzZlOGlIUGlnWEx6b3Izd2FDbjAtZzV0d3plaGVja1hXa1FOTnRwUHV2V3ZyMVoyZndfM2UxMmVUNFlMMFB3Tmk?oc=5
2026-08-22 12:38:35,META,Meta Platforms Tokenized Stock (Robinhood),CryptoRank,https://news.google.com/rss/articles/CBMifEFVX3lxTE8zeFlsV2paQ1ZVZ0NENzlVbjFxbFJUREd5c0lZcklEcnJkVFQ1cDUzY1h6MVdtZm1rUHQ3S3pGQUtUVndCeUJQU3Axc2w0eWlJSmNFdFF1dHFucXJYajE4amxnRVlKTE5SUWlsUTltbzFKeXNraGprWVVJSk4?oc=5
2026-08-22 12:38:28,META,Meta Platforms Tokenized Stock (Robinhood),CryptoRank,https://news.google.com/rss/articles/CBMifEFVX3lxTE1lYXJyMEZ5ZFhGNGoxeG5SbHhwS0NRMi1UUDJra3dxdWRKNlJTbmZuTlFWaTN3NS1nRFc5andxTF91dHg3bjgweHdrdlJXU1l5R2hHQ1A2S1V1dFVrZ1BfTjVVYmw1VVVXd3MtVkk5aEgxa2hobFdCZTM0SFA?oc=5
2026-08-22 12:38:27,META,Meta Platforms Tokenized Stock (Robinhood) to Euro Price Today | Live META to EUR Converter & Exchange Rate,CryptoRank,https://news.google.com/rss/articles/CBMifEFVX3lxTE5pRmdPRklpa2UtZnpfdjFEMHZwd1ZER3pFLWhqUXVJSV9QeGtwdm12QkVXZXJEUlVUNWtOYjJJVTVVUkwzcmlsanV5QW1xbDE5WGdGZ2dkR1Q0NG9zTTdFdzdwTVpwWE5wZmRha0xrWVpwSnpKMzFEUURpNnA?oc=5
2026-08-22 12:38:26,META,Meta Platforms Tokenized Stock (Robinhood),CryptoRank,https://news.google.com/rss/articles/CBMifEFVX3lxTE1VaFRUcHZTVDR5c09aSFVCUUdqT1JpcmNUaTRfTjRNSHkzVXBoekU4NFU3bnJkSGszOWlOT0NhUnJWakZTRGJYZTN0eWpaZ2Qtdjh2VzJwY0s4VE5WdXFfNFlaUldmV1lIYlZGeHNET1pxU29NcktaWUdWcU8?oc=5
2026-08-22 12:38:25,META,Historical Data for Meta Platforms Tokenized Stock (Robinhood) in USD,CryptoRank,https://news.google.com/rss/articles/CBMijAFBVV95cUxPVUkwdzI1YXpqNTRsV3JpemtCdWROM2ZoNFFnWWF1aEVfaDVKU3dMTVdfcF91TWRlNHZZMTJZUDlORkNITlNpNG5mUmFEb1Zad1RweG1KU295SHRCZlFqS05ON2FfSVZGNFVBNlg3YnQtTC1xbWl1QUdEUndBMVBFNFMwOURhSUZJdW5IdA?oc=5
2026-08-22 12:35:53,META,Meta Platforms Tokenized Stock (Robinhood),CryptoRank,https://news.google.com/rss/articles/CBMid0FVX3lxTE5zbVdSbUtsXzc0WTltU1lDWlNrRkFSZHUtY3FUOTBvNGxEc1ItWmJfZjBnbXpRMUdsMkFnOGJmYnp4SjFzekREZjR4cDlSUC1jeTFUN29vRnp0c0lvcDg1VG5QWkMxeDRWbV9OSkNZZHFHcGJrU09J?oc=5
2026-08-22 12:35:47,META,Meta Platforms Tokenized Stock (Robinhood) Analytics,CryptoRank,https://news.google.com/rss/articles/CBMihAFBVV95cUxQa0pmTzB0NkZJakF1VHVEZUJjSGV4RlRhQ3c4RnlpTmhRRXBWM2FOdWxsUFFWa0hHVDN5VGhlV0h3VjlxUE5BMS13RHljWWF6YXh5U2dCTWZHWG5kZFlTR1JUWFRXVGY0d21vakZFWmxTdVgtaFJKTHNhSFR2THFZOTduUXQ?oc=5
2026-08-22 12:30:43,META,Meta: We’ve Seen This Situation Before (Rating Upgrade) (NASDAQ:META),Seeking Alpha,https://news.google.com/rss/articles/CBMilwFBVV95cUxQVFJOYkRpR0c3MmFWSVdiYzdtRi1aQVFVeS1LTmctd0x6LTBpVjZ0YzNmSDN2X24wYUpJYkJLYlpyUC1zU21QemxiUktIbnBXdkRZcTNLZUtkN0l5TElsY0owLXRLRGF4VHRwSHM1M0VRSWtMM0JvVXUyOUppRnR4a1ZVMTZlS3FjWi1KMWpNZjlpOVBNVUJF?oc=5
2026-08-22 09:46:39,META,UMG stock steadies after Meta licensing deal,Ad-hoc-news.de,https://news.google.com/rss/articles/CBMiqwFBVV95cUxOaWJkNmJJQ2Y5M2JmNUdaRFRheVR5Nnd2dEpiRGpqYTNLb1NNeTlSUlJnSUN4YmhDZ3JVTzFuX0FxQjExbjdHdnBWWkJhWDgyODdPVFExcTRMcVpBejJNNHl3aEg4NGR2YXM3eHhiSFB2SjMzcENZT1dJb1A1R3dWMGJQUVBPT0V5c291M3BYRVFWWGVWeXdRR2pWSUxpUTBGbmx4YmtvREpoYmc?oc=5
2026-08-22 08:51:31,META,Meta Stock Prediction: $790 Bull vs $430 Bear Case (2027),FinanceFeeds,https://news.google.com/rss/articles/CBMic0FVX3lxTE5lMThzbENFeWFObWpwQURxRG1vUVRLV0V2STNrOGIxb2toTHRhdkNib3VoWXYyUmlYMXlHZ0VHQ1kxNE4xN3pjcHRvcW5Ic29oZ2tpRmlBVHRvYXpCbHMyUWFrR3JacnNBRlhaSkNmeVlLRTQ?oc=5
2026-08-22 06:55:17,META,"Collect 8.5% A Year On META Stock Now, Own It 30% Cheaper If It Dips",Trefis,https://news.google.com/rss/articles/CBMi0AFBVV95cUxPVlBEMy10ZV96T1Q3aFdjaUUzcGxaVnFCUy1uSjAxanM1MlVhMnRWQ2w2bGtoRWRkaUdGUU9oWUdWRkJLV3lEUHdCM1RmWVBGczBmUlN5LWloNEw0Y1JHMEJCSVpUTnN4bTEtZ3BZWlVVY1ltLXFaanNma2NmeDBDa3VDc2hPaG9aNzhCMUtnRmpkeFRqTFFLV0JSbTE2a0ZvdWhZYUoxRVBmZnZlbHE4TEh1Nkt1VDU1YWNySXZzWUwwVC1qZDJHSGt5MDJqQ3Bt?oc=5
2026-08-22 06:53:07,META,Meta Platforms stock steadies as AI spending and revenue outlook reshape the risk-reward,Ad-hoc-news.de,https://news.google.com/rss/articles/CBMi0AFBVV95cUxNcWpXN05iSDc2VU5GbEdGV0dqVGUyUWpNbnFWcWJtM3pKZDc2cjFpSnRudXJLRjFVdk9pTHh3b2pXTDdRYU5Ia0dCSnhVb0MwNG5GNXI4b1VFdXVISjRYM3hTazBYMHNhM2pGR2d1QnJjTGF5M2tFeDB5VnJVcWxfek5vakJwaWNJVVNhNFA5T0RYZHNFSjNwX3BoNGJRSEtsMUlPMVFFZVpLdzRmVGMxbHZwYnQyNmlTZUh6S3FuZlBXb2M5bXU0T0o2cHpOSEVq?oc=5
2026-08-22 00:06:52,META,"Meta Stock Outlook: Named Top Pick by Morgan Stanley, Will the Stock Recover?",TradingKey,https://news.google.com/rss/articles/CBMizwFBVV95cUxPZDItUllrUzJJeUpIODU0a1RjOGJUTDRudmE2MldmNkJGWndLMFU4U1U5MHZabmw3Q095RktTR1pWUGpkdG1MZzRjbHdkQk5uYktzTWZ5cjdfTjBpS0l3bE84b2k5b2JTWVVGbS1hdVdteW80TDR2dnVsbVJ5RVdQcWtFRG9zU3FLQ24zQWM4WFdJOWtSb1F6RE9NQU96SlJpQUdSNFhkeG5UUmRXNHZPWVBacWp6cXhGVGJvdloydW15OGlXMEppUFFwaUthcTA?oc=5
2026-08-21 23:27:18,META,Meta (META) Is Fighting Fresh Regulatory Pressure,simplywall.st,https://news.google.com/rss/articles/CBMiuAFBVV95cUxOaVhKTG9ZSjJIaWJqd1BjUVJIVmp6dFFHVTRhSFloSm5GV0dxMjVfZTlUYnU0YWRDUm43NzZsY1RvaDVlOWlxM3NsRkM0M2RMQVNUdWpoMjhGa2xodXAzcmxUckNYVG0yOTkzNW5abVhIRklURmQwVFMycmwwTG1SMFJmYnN0NDY1c3dMcUtETk51T3NjNWd5MDNHOU5MLVB3ZG1ZdzJGMXppSG9pZzFneFF5b25ySmZp0gG-AUFVX3lxTE5pTWtKVlBkMzRMUVZNcmZVSzI1Y0J3Sk1BWWFHeWM2MEcyQ1pwSkFxalZGQjl4enRMRGhFdm8yYTZQTVVpdHc3cDhkU08tUW5SM2YzWm9LUHVDVU1YZEl3RE1YQWcxYUJjX2ZQdVRvc0FPMjFtbWNmbTIyc2JzV294cURUX0J6TE15b0MtMDhNbDRkb0d1OHpuUktGWjc2REJTd2NuWjdpU3ExX08yam1LWjZ0Unl1RnJ5NlY2cnc?oc=5
2026-08-21 23:09:44,META,WisdomTree 500 Digital Fund's Meta Platforms Inc(META) Holding History,GuruFocus,https://news.google.com/rss/articles/CBMihgFBVV95cUxOMTJYMVVWTFZmbHpRRTY4dnZPMmJ6Y1ZjX1luMmdFbVZNa001WUtReWUxbEFPM3hIaG9qNW9rcGJHenE5d0cwX2QwTXFMUWR1UDNBRUszV252Q250MkpOeDNWeGFFem9lVk54YlFRY2tCVVU1NE9JVjJEYWRGOVQyWi1lLTlmdw?oc=5
2026-08-21 20:00:03,META,Meta Rises as Investors Look Beyond $200 Billion Trial Risk,TradingView,https://news.google.com/rss/articles/CBMiugFBVV95cUxNUGhkTGVGWE4zQktmSXlweEc4RElpNEo1bEhPN3Z4NFhVbkNkbEFfdDRrRnVQdjQtRzYwV3ZPaW5DOW5hNm1URmdqMlR5VkljdldTNURUY3Bfbm5ycHVETll1Rk9peWV6eHpWU0VRRERNeFhwTU5rM2RuSTA5MGpKRFNzUUhUdGhoWDZsRXQyb1FrY25HQTl3ZFppZXhNMWx0Z2dWMl9GMTJvc0ZBNjBFaWN0anFDemw2RVE?oc=5
2026-08-21 17:09:05,META,"Meta Platforms, Inc. $META Shares Sold by B. Metzler seel. Sohn & Co. AG",MarketBeat,https://news.google.com/rss/articles/CBMiwwFBVV95cUxOc1NWRUo3TU9ubjFEMVA4YWVKeXU1OUU4cjd0Vm5wZWc1cEZWbmZvVVllbzlpaEFOQkNmSXBJWTRGbjRkc1ZYUktVTEdyRDZmM0V2R2JoWVNRZDZDWG14M2hiMG1CM1dWTmRYZlRQNjhXY2FWMnJnNzdJbXFYajBhNl9VUVJSSXRmX3J0ckJ3cTZlRV9xbnhWU2ZiekNqazBqYjRpZ1hLeGp2UGUwRnQ3RlNNd1dIU1VzbHNaUTNFNkU4TlE?oc=5
2026-08-21 17:01:37,META,META Stock Price Forecast: What Technical Analysis Says Right Now,TipRanks,https://news.google.com/rss/articles/CBMimgFBVV95cUxNV0NIN1BabmxLMlZ6TlBGVTNqWFZvQjZfcU1CUmI2V0tubjFzVnp3Wm5TUXhEUWozZ2dxa1NLZHE0S2dHc2Y1RHo2T3FQOHE3ZDN0a0dBbXhvSlpsMWRHQWtNcGNDQS1GeTAtdEl3aEJkZnZxMEFEVGRlelJUVWx3NFZjc3JYZ212eVBIUmVRb2x4SGhjQ1E1bFRB?oc=5
2026-08-21 15:46:00,META,"Meta Platforms Stock Drops 17% YTD: Should You Buy, Sell or Hold it?",Yahoo Finance,https://news.google.com/rss/articles/CBMimgFBVV95cUxNRVhBMndiRlR5bnVsVllRSUVENHVLd24tZzBPR1ZnVW81clBRMWJ5WTFwM1NEbXJ6bVEwQTlEczRrVVRaaTFnclNKZFdrWVRxOWN2dHVTSnBYUEZkdXVRbTg0c1RVZGx0Zlc0b2R4NXRYNzRySS0zM0s4LWphbVlldmFfUEhyRU5HajNSUDYtWWVxbWlHY21Fb3hR?oc=5
2026-08-21 15:31:33,META,"Meta's Split Personality: Legal Storm in Oakland, Ad Dominance in Sight",Ad-hoc-news.de,https://news.google.com/rss/articles/CBMi2AFBVV95cUxPVnc3S0ltd2JjaTZiT2ZlbHhjNnJqZThsNUtsWXZqdXF2b3NQMGpFODhHWURiUGp6VEN0MVhUaThWSjVvLW9ESXBoVUZNRXdGOWJNOGxkZ1JjdEFVOXE1QnBUVXlzRkJsSDJhR1lxMEdLakxKNW5iTmVWNWcybjhDNElWOThISjA5V2hCRHRTTkNCdDVSenJqR0NTMWprTllvNlZVRTk0YUxMN1ZsV3NILTNLZDVfRWlaa28tSXRwTnFidWlZQjJ2SnV4clhjTmZjQWZOd29rZTQ?oc=5
2026-08-21 15:26:06,META,Meta faces $1.4 trillion risk as child-safety trial adds to AI spending concerns,ET Enterprise AI,https://news.google.com/rss/articles/CBMi7gFBVV95cUxQS2Zfd1JtZW9Ic2FSc0U5VjY2MzVMWG9UWjBmWTFDOWtSbXBFQnpaZkhPSm1Yc2w4WXFMM2FiMlF6cXhTNk53dHJQM1dHcTNEcWpsWHI4dUd6X0xGNU5BU1ptVFQ1MjQ4b1NodG5heWhiVkdSYlN0eUVEdmtwUVluMmpLVzRpLXZ3VGUyZi0tV3pqT3lVaGRjRWstSlF1RHpzbFJ3M211ZS1JaG4xZENoVnpDazB0MDBvaThOWlExX3NReEM2NE5waFNjTVZPNXRNVkhGR21DdG83bTZHQzRqRW1KVGU3bVI1dGhCVF9B0gHuAUFVX3lxTFBLZl93Um1lb0hzYVJzRTlWNjYzNUxYb1RaMGZZMUM5a1JtcEVCelpmSE9KbVhzbDhZcUwzYWIyUXpxeFM2Tnd0clAzV0dxM0RxamxYcjh1R3pfTEY1TkFTWm1UVDUyNDhvU2h0bmF5aGJWR1JiU3R5RUR2a3BRWW4yaktXNGktdndUZTJmLS1XempPeVVoZGNFay1KUXVEenNsUnczbXVlLUlobjFkQ2hWekNrMHQwMG9pOE5aUTFfc1F4QzY0TnBoU2NNVk81dE1WSEZHbUN0bzdtNkdDNGpFbUpUZTdtUjV0aEJUX0E?oc=5
2026-08-21 15:23:51,META,"Meta Stock Is “Still Attractive,” Says Bernstein. Here’s Why",TipRanks,https://news.google.com/rss/articles/CBMijgFBVV95cUxOZW9jVGYzRzNVVVdtQlV1UFBaUkpadXBKQ0VFbXBrajNXSE03d3BqNmlyMGlYUkRQek02UjBNYW9XOEE1SFZCMHdhZG51eXVRM2lfcEc5ZDdXZGYwMGU1Z0FwbUplQnNXZlZsMENoUkFaekQyYnNhT1BxZkRlSHdrYWw5cU9RNERwTlA5NnhR?oc=5
2026-08-21 14:48:37,META,Meta Platform's Legal Issues Could Become Much More Than A Q2 Earnings Headache,NewsBreak: Local News & Alerts,https://news.google.com/rss/articles/CBMi1wFBVV95cUxQRlAteEZFWTNlZk8zdEx6XzctYnBnOUU0dUQ2dzlSOEhHZDdUUndmTGp4QW1LY2xqRUt0SDNMVmZxaTBDLVhmb3JoVGtuU2xZU1dPUzhsbFEtQlNjSnA5R25hRGtvUEp6bmZqTkxuWmk5UnhjRVQ1Rk9CNlFwN2JZOTROSHJWQ1lSWGg2R0NISE1mQWlfVEk0NHEtZ1VGSXhtVTF2bWNFX1hGeFNQYTVpaWdFUDJ0ZnkzSjN2Nkg3dHhhWWEtRGJteWt3RTRiQ3lnYS1BaUE2Zw?oc=5
2026-08-21 14:17:43,META,Meta stock resistance test at $556.2: Technical outlook,Traders Union,https://news.google.com/rss/articles/CBMiigFBVV95cUxQb1ZVVGUxSjdiUGNmUU91dmJDZmpPTVhaQXB6VDVmMFVfdVNTTUU5ZjNTVTVSeEhtYVJxSlZsTmpNQXdod3RBeWJDUEdpWlNzWjQ0X0s3WTN1VXhwa2hheUxhMjl3X3ZjVzJFNVA2eHk5UHp2TVhTbzZPU2FNR0pLWGNPT0NDUUNkVUE?oc=5
2026-08-21 14:15:41,META,Meta Platform's Legal Issues Could Become Much More Than A Q2 Earnings Headache,MarketBeat,https://news.google.com/rss/articles/CBMitgFBVV95cUxPRHRrLXBCWW1jdmZ4UlZ6MXNSbUJCeTcxRjU2emVHSFRxNUhXSjBXOXQzZmsyUEh1S1VPZUczNm83czBESTh5TlJJYWtLT3A4ejRKanNnanNFdGVnUl9idElXT2FaQkxrTnpab0kxc1p3U1RuRVZRX0RMS3FMUDNGV1JWLUliX091M1I0TDVyX3NzT21IY1JoTlBTbjVEWXFKQ3d5U2hYS2E1eU9uQV9LU1J1NFN5Zw?oc=5
2026-08-21 14:10:36,META,Bernstein reiterates Meta stock rating on AI investment outlook By Investing.com,Investing.com,https://news.google.com/rss/articles/CBMiwAFBVV95cUxQVWZTN3lYZEM4ZFVPUXNkZ0lxZGVzNnQ5LVF6a0xoeW1UUHRNcjNWTVViQzVnQjNicTJoMU5DSEYzTmRNMkZiaHpLYWtnODc2LVVYR3lkeWpYeEpKMGlxZWVlcEl4YjNjVFBhcm5CaHJCTW9GVlhNdHJmZFQ5WE1yRzFOdUI2eUxmX2hvZHZkQVdzY3BkNl8yd25mMFZhbGtsY1ZsekhpNHFxU2JtSUp4d3Jpakh2MTRUb3h2R3psMUQ?oc=5
2026-08-21 13:32:51,META,Meta's Oakland Trial Puts a $1.4 Trillion Question Mark Over the Stock,Ad-hoc-news.de,https://news.google.com/rss/articles/CBMi2AFBVV95cUxQRWtCTHBpNVE5X1BIZ3ZPb2picjZ5TlRoU3hIR2pSc28yZ1BNRnR1MjZtVTNqNEkzNlVIaTYycVR0NWhHVFUwbFRfTWZpQ19XSExfdTRXVzdib3VScjJldThHR2dtZTU3UzZoWndJX2tTT290N19UWkhKTkdrVmFxMldIc0lHN0pNZ3hFbHlNZUJtM3hIU05tSldzMGlmVWlwQ1djU1dnTUxhRTRsZGhHYVVrX0Rwc1kwWUU4Y3laTWVLTUl4MFAtMjNHTFJsMEI2cEc2S0l5QWs?oc=5
2026-08-21 13:30:00,META,META 260821 1350.00C (META260821C1350000) Stock Options Chain | Quotes & News,Moomoo,https://news.google.com/rss/articles/CBMiYkFVX3lxTFBQQVRTTXpoNlh2bHpvYkdJeGhPNVVFcEJxZVh3eFB4ZEIxamNTOGJLcFJfVVlhdkQtdzVBRGpIbzFEX0lkMW9hMTdEZnpQa2Joc3hHWi0tSnBiV0toNkRlZWln?oc=5
