date,stock_id,title,source,link
2026-08-28 21:52:00,MRVL,Marvell (MRVL) Stock Falls 10% After Q2 Earnings: Buy the Dip?,Yahoo Finance,https://news.google.com/rss/articles/CBMilwFBVV95cUxOVm5Ub05uN2k3a1AzTWNrcl9ibHBPZm9qYnlYQTJBSHROQ2ZXbXRvZWZVVG5FRnBLZ1BFWldDOXVjeHY4WF8xSkg1c1dTa3JGaXRBSkctaFphSWFILVpoTC1Vc1MxcndsYjRrbS0wRVZkX3BFVXh2NEw1TFN4RkVGMDRTWmFYaHZ0cmQtQ2VEX3BIYnhxUmIw?oc=5
2026-08-28 21:33:55,MRVL,Marvell Stock Crashes 10% After Guidance Disappoints Investors,GuruFocus,https://news.google.com/rss/articles/CBMiogFBVV95cUxPYUNtMU9qZ01kVE0tazNKVzRYRERjbjBzcnRham4zcUVKb0xITXp5YXNzV3k3V3VMM25DcjhCVkF5dUcwTUNHV21MRGJYazZ4SFp0ZGliM19mNGxLdDJwLU9Nd2hoRUdybFUwWU5sa0NVUDNkSk9KOEszc2lvVEhmQnV2T2N4WWktdU9EUjd5WTQtVEdpcEVQWVozWm1peHJsaVE?oc=5
2026-08-28 21:25:02,MRVL,A Look at Marvell Technology Inc (MRVL) After 10.3% Decline -- G,GuruFocus,https://news.google.com/rss/articles/CBMiwgFBVV95cUxNSG9QNWRISm54MURaVDAtNDFWUXRTVmt6SzhCTng5alpqZnB1NWRUMkVfb05WMTY1LUw2b0NtYUEzZHBwZkZrQ2hSVGhDTkZxTjJHT3pNMzctdjZYbXI5Wk5GX1FyZlY4OUk4SmgxN3h6VElfWDhiaWhzanBuM01Tal85MHkyVzNVd250MTBONUQyVDVHRUdVb3RydGVPSGRnOFBHeFpYZ3pXelllb3FZSTdBLXJ3RDdncnd1emRHQmNBQQ?oc=5
2026-08-28 21:00:51,MRVL,Marvell (MRVL) Stock Falls 10% After Q2 Earnings: Buy the Dip?,Zacks Investment Research,https://news.google.com/rss/articles/CBMinwFBVV95cUxPdENocm1vX3pLcUJQUTFXTDhZek5SMjlqU3ZJdE5lOWFCZ0V4NlZMU3FPVGQ4aXRiT2Z6bnZTM1VSY0NIcjRCUmpWaW51anI5QXV3bUFuU2NqTWxIVzUyM2x0a3hMaFpNNW1QLVZoZWpyOGpNazZsRG9menFYTjJfR2FpRkM1V001ZFJJNXBiMVZsUGF4bERZSWFBa2dCVEU?oc=5
2026-08-28 20:48:52,MRVL,Why Marvell Technology (MRVL) Shares Are Getting Obliterated Today,Yahoo Finance,https://news.google.com/rss/articles/CBMioAFBVV95cUxNUlNCNG8wZVRGTkZFRzdvRTZQY2kwMmhKekYtNjg0LXR4cTRKLU9xblFOMWNUeno4SzlKLTJySXJWdWZKSUtOTVZlVV84aGRzby1GV1RzN1BmTTR1R0tJUUNjN1pQNDQ3R2lNVUh2VGdOMmxfdVZqdllQcWVodVdyakFjTFpWVzlPNzdWV1hDUnlWNWdjYkxEUlNFY1NxbHRz?oc=5
2026-08-28 20:15:00,MRVL,Marvell Stock Drops As Analysts Weigh In-Line Report,Investor's Business Daily,https://news.google.com/rss/articles/CBMilwFBVV95cUxOVzFxbUpUWXhuVm8tcVVqalRlVjVqdDJud2ZRbC1rbWxhQ20xVk0wN0lXd25vZjZCQnltM2k1X25xSml5QzBtNl9jMThiWmtqcVRmSkFPb1E0WmZnb2xta0NTcGNOVEtLMTdLWlFYQUNNdGQtMjRZdm1rQ1huVi1NRDZGaWN5cVZnM2RuQUhCRWdEMUpESmRj?oc=5
2026-08-28 20:13:50,MRVL,How to Play the Post-Earnings Selloff in Marvell Technology Stock,Barchart.com,https://news.google.com/rss/articles/CBMirgFBVV95cUxNREdpXy1TLTRzN0VaNlk5Zk1YU090UlU5elczWGhhUkIzUUc0MUxLNk91MnlBX3FBSjVzSWFJRW5EZTdfMTBmUUdBbFFTZ2NNbHhUcjRoZ2F6Nnd0My04WHRPWi1rNDZrdTk4YjZodkw3b3NEd3FUZTdrRC1oc1VwMlJUbnJfcEtSeEdmcE9IVy02QUJ4OEtNUWM5YWhUaDJ5OEloaHBBX0FFQVhrZFE?oc=5
2026-08-28 20:04:40,MRVL,NVIDIA invests $2B in Marvell (NASDAQ: MRVL) AI chips play,Stock Titan,https://news.google.com/rss/articles/CBMitgFBVV95cUxPc3dfbEhWTHBEMVZ2alpVQXRKTWZDVWRKRV9mQ3BqWmYzdnluVTNZTElUZ18zcHRrSldaT3ZxeVJmcnloOS1DODRhNVNaTHN6OXBOZTh2TUQyRk1TOEE0ajlRWl93NDZXdEQtYzVMQ2FQME1rbGwtTi1mZHRzd3Fsa0VLM1pPdDBvOEpXYjQzT3R0dVViRFVhOFFkRm5RYXdJU0hlcXE1QS1yWnV3WnYxcFYybXRIdw?oc=5
2026-08-28 20:04:36,MRVL,Marvell’s (MRVL) AI Growth Is Real — The Market Just Wants It Now,Yahoo Finance,https://news.google.com/rss/articles/CBMilwFBVV95cUxQTWY5TTFGWGxuTEFiTnN0blVxYXFZRDhqOU51ZzRSU1Q3ZW9jX0JoUDRnX1VrczZ1OHRZYnlWdFVYUVZ5UF9tWl82WXp5b3JxbmIxVVFJcVpOTmZ5c2NxOFVGMDd2N1A3T29UV2hTV25GS1kzWEZtM3hIYmh6bzNkRlg0MlNEUlZ3Qno2UmgydmVlajJLRzdr?oc=5
2026-08-28 19:06:38,MRVL,"Marvell: It's Down 10%, But This May Not Be The Dip To Buy (NASDAQ:MRVL)",Seeking Alpha,https://news.google.com/rss/articles/CBMipgFBVV95cUxPWE44RFFxNWVtdzNDZHJtRG0tbzdKV2laU3cwVlZlQV9lNElIeS04clhQZTRrM0E4N1p0YUQyTENyVWw0NjNnUnNobE5SNHdHdmtiQmZvck9iTWJMSVRETEtwcDlRaEU1S3VLTFVQRUtJbkVPNGdoV0ZBUjJoT05JcWlzNHpKMVFaamY2OWpGMTJ5a0hOTG5YQW9neVRrVEViV1JfR3hn?oc=5
2026-08-28 18:09:59,MRVL,Marvell Announced a Google AI Deal That Could Generate Up to $120 Billion. The Stock Fell 8%,Yahoo Finance UK,https://news.google.com/rss/articles/CBMiiAFBVV95cUxPRl9wMXB1dUIzRHNGQ040UUpQdVFiMUdnczctRlhkLXpERzNBZTlham1oSmZxLXB6anJHcE9CV2t1SHZKenkzMW45d09teHlqY01hN3YyUjgyRHdPZ04zVzk4MlBROFllVXBWR01MWllLcFVyZ3NVb29CN1dnXzd5MXRuTUV3OWJQ?oc=5
2026-08-28 18:09:59,MRVL,Marvell Announced a Google AI Deal That Could Generate Up to $120 Billion. The Stock Fell 8%,Yahoo Finance,https://news.google.com/rss/articles/CBMinAFBVV95cUxOSWNJOGdVWVczVDc0RHY4ZjcyNk1RZHJiX2ZzbllhUndtWU10bW9KSlg1UlA0cURKbS1XN3djWnFySW1QVkduNGc1QTBGVkFpUk9YOVpiVE42bE1qalJnXzZGaEhnRnNiMTBhQjJXV0dtRHl3SjV5QmNJTFRoY182ZEt0bXFQbGlQXzZIclhaOWxZSjNCazZodngtc0o?oc=5
2026-08-28 17:34:00,MRVL,Marvell Technology Stock (MRVL) Opinions on Q2 Earnings Report,Quiver Quantitative,https://news.google.com/rss/articles/CBMioAFBVV95cUxOOHRaRWN3ZkFVZTdLWUZ2S0p1dnl6Ulc5OFhndmgzRDh4TTdNbVFaRUg5T2ZtQk1KckdoaG1FZHVHX3JxWkpNbmw1aEkwcVNER0xrcTc0ZG1YMGtQSVJrZTVkSmtOYXYxb3FpYVpCSFgwMDNycnZwaEN4VlBscE1kVEFpYjhCNmZRTGk1V3QxWGdKQUV5RGczOG9kd013bkxR?oc=5
2026-08-28 17:05:42,MRVL,Why Marvell Technology (MRVL) Shares Are Getting Obliterated Today,TradingView,https://news.google.com/rss/articles/CBMiwwFBVV95cUxOWmVxUm91ZmQwZmJfVVc0ekZtd0otUmpnTzlobnBtM0hFc3d2bzJ4bFpCMjRBaWxieWVaWnh4Zjhzai1TczZyZzVKcFFhRGJ0dUs5QkROS1FPZndTQ00xQUNxM0tkdFRyMGdwUE5DZnBrb0piSGdJZWYwYkVpbnFZM21iNjIyUWk2VWlFZWNRWnlQbFJuX1BwaWJkb3lYd2h4WTNZMFNGUVdURnVLUF9jbWFwMDExcHFpNW00V0pLYm5oMk0?oc=5
2026-08-28 17:05:26,MRVL,Marvell’s Google AI Chip Deal Could Drive $120 Billion in Long-Term Revenue: Analyst,Benzinga,https://news.google.com/rss/articles/CBMi7AFBVV95cUxPNGJVdVlpb2RjdGVPQklEdHdzbGJvRjNhUi1UQktFa3FsWkExNUUxQU1PS2diTkRnVlpUNHZOS2FfelJxdkpWbnVwNmQzZTFPMEVCNUx1c2V1WG5LSUJFb3AtaXU5RkVKdU1wSjg3cXY4MXNPaWdUckxSRU9Rcms4dDZqV2ZaLUpnVm5TUnRTUWJUcDhBQ0hWWHMzN3pOamU2YnNIalZGUlZvcVpDYWJJdUE1NlBfcFhYVk8ydHVndjZGdnp1a0dSa3Z4MmF2T0VwT09LQTFBQVBhX0JVOGhkMDZtU09udEtOR3pRUQ?oc=5
2026-08-28 16:49:10,MRVL,Wall Street analysts update Marvell stock price target,Finbold,https://news.google.com/rss/articles/CBMigAFBVV95cUxPVjZYVzRlalFneW45eVVQdEljVkZycjZsbEYwS0lVSE8wYmEzbjFsdWJwcml5UDd3cmxuMmlVVUVWazFyYkdUTjktZDczTktqRzVxNjFQVFlBcmlWMkhNXy1vXzhUdW5WQUw1aXkweGh3dHI4d2MtZ09uR2Z6Z3p6Rg?oc=5
2026-08-28 16:43:45,MRVL,"Stocks making the biggest moves midday: Amazon, Marvell, PayPal, Salesforce & more",CNBC,https://news.google.com/rss/articles/CBMimgFBVV95cUxQeHE2RzZraW1ncVhOdFQ3TTdyVkVNOWx4dnpLQUtyN01pSjNCQ0hsQnRPOW1JZHZCYzNmbi1TZGxHcUhIeENGV1lqcU00M2FqVnhZeTc0eEx5R3p3bnFlR21vNE1EbWhZX1FoczFhdlhLRkh5S19IcTlhSFI4aWRuZXhfV2RTbDdSSE01OXZzS3RDbk5sSWwteENn?oc=5
2026-08-28 16:29:14,MRVL,MRVL Stock Analysis | Marvell Technology Inc Stock Update & Future Growth Virus Hantavirus (93K8OKFiMM),Mshale,https://news.google.com/rss/articles/CBMiW0FVX3lxTFAyc1dnMlAwTWZsV3dsRzRsWFM4bzJ3V25xT2hLQlJrYmFqLS1vM3lJbTJVR2dZQUx0UXY1VUR2aTAyZXRaVEtvRkVmYUNLdU5EOEJWNFhUWE52Y2s?oc=5
2026-08-28 16:17:00,MRVL,"QQQ is down 0.4% today, on MRVL stock price movement",Quiver Quantitative,https://news.google.com/rss/articles/CBMikwFBVV95cUxONTF1ZUFZZlpiVjVNWWlkeE54TnFOaGtHQW9WSmJCVnBjRzNYWk9UTTlYMUYwUF9meGFFOTJSY2oyeUM0MXZmVWJhU2hYbmc1MzV2a3kwU1c2Y3p4V3doU1VIaVRsdWg4Q01QY2MwRzBmdnRkc3ZELXh3UHRKMm03c0syd2dNX0thSlVkZjR6MzJkUEE?oc=5
2026-08-28 16:01:46,MRVL,"Marvell (MRVL) Reports Strong Q2 Results, but Stock Dips Amid Hi",GuruFocus,https://news.google.com/rss/articles/CBMitgFBVV95cUxPY0p3X0EtVmt1LUJudDhTLTV6Tlp4Y1EwY04yX3JVZ3hhQjhoWGhHYUZ5VVpCa08yZjBJcDhaZVpMbFRSMmZJbXJrdGhQcWxWNHRIaTZPT3BiM0l1Qlh6QUkxRmllaElkX0pVRm9fZVNkRXBCT3BCZWpWMHRKdEZjaGZlckR5YXBmYTdCTUdxMjJ3VFgwR1k1WkZCMks1dVhFMFlTcGxsQXNaOUZBeGgwX25XZjloZw?oc=5
2026-08-28 15:57:18,MRVL,Why Did Marvell Technology Stock Drop Today?,Yahoo Finance,https://news.google.com/rss/articles/CBMingFBVV95cUxQMnVqSTl2NGlRZ0NadDJZb3BiUW15bF9KQWRVZC1FRUs3R1dFVXBmWjhiVUd5S2l4Q3hSSWl5X3R3eWxESThFMXBESUpPS1JDR3JYWERXdE9rS1FiaEttRzBsR0tDSXFWY3NDSnp3Q0dqRnMtQTJtZ0k2TUlKSE05ZzVNN0dRX1FhdU5tS01peGdJNy1PeDhwNjY4MHl3QQ?oc=5
2026-08-28 15:43:58,MRVL,"$Marvell Technology (MRVL.US)$ Price-target increases today: Oppenheimer, Needham, Wolfe, Morgan Stanley, TD Cowen, Goldman Sachs and Morningstar.",Moomoo,https://news.google.com/rss/articles/CBMiyAFBVV95cUxQYXdvd0tPSUhWdTZwQ2xCUW5vbF95S3VQZXFhd3lteEcwTkhmZXhwMUpRMlZJSTRNWm5BVUZzSHZkU3FuYTladHEzS3B2My1xc0pFbmphRGVzLXFoUWFmcFhrN3paVHlaRFA4ODZ3Q3o4Y1FJcWRpVGpyX2NPRVZlODNDX0Q4TWNnQnl5MXVGb0s0NDlqM201bkN2VHBEdzJScGpVbmoxQTJ4bUYxRWJKaFU4bUpQcE1ZOTNiS1lUQnhKZ3JGUG4xLQ?oc=5
2026-08-28 15:13:55,MRVL,Marvell slides after outlook disappoints; these ETFs have the largest MRVL exposure (MRVL:NASDAQ),Seeking Alpha,https://news.google.com/rss/articles/CBMivAFBVV95cUxQRkJLb1ZfWE5YMWFLYmFPNjJ6X2ViMVNyZzhPSmdaNVk1SmZzNVlCMHlIdDdKQmw1NEYxN0tFcjI3YVoxczZXdHhJUHpSZlZFZjRKVlI4SFFXMU9NVmVSRURCbVJEUVdmS2pMV0MyZEhjRlM1dDNPUlFVNThNRGQ4YzRSbWNoMTB0NV9mcFZ1WnZkcEJxbnlrdVFvelZoSDZLRmV2aUNPUVdFX0dPY0RqUU1LamZSeHJmWl92Ug?oc=5
2026-08-28 15:12:00,MRVL,Marvell (MRVL) Earnings: Sympathy Selloffs in Coherent (COHR) and Lumentum (LITE) Explained,Barron's,https://news.google.com/rss/articles/CBMilgFBVV95cUxNZU5ILW5pOUhVR3o5cmVNWkxGb2htQy1ick0xSWhSbXEtTFV1dVF2eVE3N2FaOW9yMWxkbFZ6QnNfVkRKOE5TUldPXzM5NFZWQ0Vpc2Rmd19JTE1ZUHVXUHdQMHhyQndwOXVyNC1NaTFRUnNoeFpuQ29tLWhKdFhOcU1ORnBTbXgtZS0tUW14LWVPS19iRXc?oc=5
2026-08-28 15:07:00,MRVL,"MRVL Q2 Earnings Beat on Data Center Strength, Outlook Raised",Yahoo Finance,https://news.google.com/rss/articles/CBMilgFBVV95cUxQa2JSeTF3XzNlN1BXemhWdXdHX0F5TU9adVUxMXNYd3FhLW5xdE02YnQzYk5TTlJ0NTk5c1dnZGtkTVhNbFpmNDB0MjRSX3BkOFJPcHFORU1TS1NGaWNTdGplS0lPSDd2WTRkWmtYeEVHeDVoYkNFNXA5ZE0tZ05FbHZuV1FSclJaV184dnZoaWp4VnFHYUE?oc=5
2026-08-28 15:02:41,MRVL,Marvell Technology Q2 2027 Earnings Call Transcript,MarketBeat,https://news.google.com/rss/articles/CBMikwFBVV95cUxQdU5SWTFrQWRGMDFrcWlncVd6NHRYSXRuRExTUDBlbDE0QjhwT2oxMzI4S2lQRGdCNXNjUzE3SlFKd25Gb2lpQzFQS1FMOXhnODdlMkJmWlMwMzBBVnVSMWdvN0RKa3dkQjFUOEpHaHhfdTN0Mk1Cd0c4S3BfbzRKOHlNS3hPX1Q4N2YwSWVyRmw4ZVU?oc=5
2026-08-28 14:51:00,MRVL,What Trends Tell Investors To Do With Marvell Technology Right Now,24/7 Wall St.,https://news.google.com/rss/articles/CBMirwFBVV95cUxPWGNxeldnZzF5YU0xV0ctallGVV9yTEVyc21WX0VRS19WYWE5ckRmYUowamZoZFl4alZhTFQyS2pqMFNVRy04b2xWQXFlVWhHTjZ0VDRpV1hld253Q05pa2w2VHlpMkp5enF5R1FMcUJraENqS1AwRU1laFU4S3lmSDBkZWdPU2x1ZzY0bklpVnQ2MzlkTUtPZk00aE03blAxZzNQLTdsU3FJdnlKM1RF?oc=5
2026-08-28 14:48:27,MRVL,MRVL STOCK LATEST UPDATE- MARVELL TECHNOLOGY INC STOCK (BUY??) Orkney (GnF7ztCxl0),Mshale,https://news.google.com/rss/articles/CBMiW0FVX3lxTE5Nd0NOaEdfLTVMUndrTzZYVU5rdHJvRy1xS0NSUmNxSThseThyVTZhcjFSbHM5VVN4UFI5V3RVZkRWTWdWVW55LVVpa0kzSlRyZEhlbXFCTW1xelk?oc=5
2026-08-28 14:33:47,MRVL,Marvell: A Penny Beat Priced For A Blowout (NASDAQ:MRVL),Seeking Alpha,https://news.google.com/rss/articles/CBMiigFBVV95cUxNOW0zS2EtbG9mUWRrR1AtaU52SGprc2FTX1U4eXEyb2R4UjhLemRRVmI5Mi0wTVdoNmZxZk8zcVdwUEdTU1FQc2YyWHRoWDR5bWo5MlhBaUk1VTRnUnMxSHJjNHF4MURRelZndEZITk0zdEx2MWJnVzlLNEYxY2wxanRESnk2NHE0NGc?oc=5
2026-08-28 14:29:00,MRVL,"Biggest stock movers Friday: PYPL, MRVL, GAP, and more",Seeking Alpha,https://news.google.com/rss/articles/CBMijAFBVV95cUxNdllhczN0NW9OaUZFU3pqTHlSU0QyaVE3UkdlWUF1bGNXcG40T3RUcHVERVdYTDdWa1pwRGtGRHF6UThzTFJHWXpYZWJ3Sk5zZWdMMXJkanF5bmJUbDgxZXItT05haEJiaXNJTjI3OG02U3ZZVXgwSXAzMFBPSlZDdzVyY2dvUHRHUVBibw?oc=5
2026-08-28 14:22:00,MRVL,Marvell Guided to 50% Growth and the Stock Dropped 6%. Every AI Investor Should Read That Warning.,24/7 Wall St.,https://news.google.com/rss/articles/CBMi1AFBVV95cUxQYkVWOGxWd0hzS085d05ta2c1eUlScndJaHlVNWFwYW5WOFdFaDZjNWt6SW5DcG9FOExRdnFleGw4QzF1c1R5MGJLckFPZHk1V3ZKdDE4ME5XQW1OZGVORGs2Mzgwa2tVZG85TTdHaWVqWjFkSEVSLTZUb09ZMDllMWl6V2dnMTF6ZXh2SFpQVHktSWpKYnQzS3pDNXpmVXVfNXZReDBVMklHazFxYk9BV0g0WEJtQXA3UnpUekt3WUxTOW1LNi1zWFhqT1ZOYndQRzVReQ?oc=5
2026-08-28 14:18:00,MRVL,"Benchmark reiterates Buy on Marvell stock, keeps $275 target",Investing.com,https://news.google.com/rss/articles/CBMixAFBVV95cUxObWtIazRiVHh0RENWX3JQamptMExxZmZPbzJ0Q3FlQ2FrNjhqUXNpaUV0RjVEOFZJZXAyTmswUVk0YnZvZXJSQ19rNVRrZWJvOGtKZGtSOUVDcWQ3T1RIeFcxd05Oa1oyMXNJelMxVWdzQ0E5VEppbFV4TXVWN0R2SUIzdnNVdnpweEFWcFpic0NSZUhnM3V0d3ZSMFJGZ0R0ZWRUTFpEZEZqOWpzN3BfYmtvNnZiUFBGQ0xLVDlWdU5hdWw2?oc=5
2026-08-28 14:18:00,MRVL,Cantor Fitzgerald reiterates Marvell stock rating on valuation concerns,Investing.com,https://news.google.com/rss/articles/CBMi1gFBVV95cUxOX1JZM1VyZGF1MEhHb2pabXZZR3BuWGgzRkFWU0ZjSXF5ZlRtMmNUREZpVHNsamY3ZHU4VW52a21xTE03TmNCcHY0YTliNUNWRzNFT3JJcTdpQXQ4VWt3aTR0VHFYLUtYTzByQUdPRGdnYXV6Y1ZQTzFjV0RmU1c2bFctTkJ4SnZobXpHeFUyRU1PUnMwajNrU3o3TlprSWVROThfemk0VGRaOFd2SHMxUEc1UERqdWNXYkJ4UEVtRmRiNlFfcFctcEt3YnVCdkdnRG5hbzJn?oc=5
2026-08-28 14:17:30,MRVL,Goldman Sachs Sees Trouble for Marvell Stock Rally,TradingView,https://news.google.com/rss/articles/CBMirwFBVV95cUxOLWQ1V1VYU3FpdHJpVG54TmpYSjNqejVxdDVXZzgyQVVQRkhVVjYzdFBvejNxdDZJRGttMnZEQUF4XzZYYUItTkYyRUg2X1g2VFhTb1hUWWt1eEF6S3JGZGJPOXNidnUyakY1b1NUQTZRMm5wREFMRktmdThaWExpdl9GV1VWb1hjeTFXd0tXSktLd0xsRVg0S05lekRmeDNZZTI4SWpIS3piU1J0XzFZ?oc=5
2026-08-28 14:13:02,MRVL,Options Traders Swarm Marvell Stock After Outlook Fumble,Schaeffer's Investment Research,https://news.google.com/rss/articles/CBMitgFBVV95cUxOS2VqNEdQeUpicTRGR0RsaHppUDNKU2tsejlXOXNNTzZaNldwMmYyR0lFRVFPeWQ0Uk9hclMtcS1yVXJPNGJsS0MzdHpLLUFNcHRFYzl3eXJoaEVfOEZXWlR5cGQtaTlkekNoMG9lYUJWUFBaTHZGOTlia1dza1c4OFE1cTVpZll6WXFEQTdpeG5UeDdFTVdoemNtZ3ZxQmVjQ1RoSWxTb1hMVGN0UEVpWGFteEZBdw?oc=5
2026-08-28 14:08:00,MRVL,KeyBanc reiterates Marvell stock rating on data center strength,Investing.com,https://news.google.com/rss/articles/CBMiywFBVV95cUxPbjhfdGtrSlFZa3F5TXBWTFphRENNY1d5aEVoUXFER0hhWmZzdVhFN0VWUmNvSmhlLURwaFMyWmp4N3ZDcEFkZ1VPMlg5azFYTUFZWmhOSVA2ZVZyck04TlVmcXk3WUxYSmdBM1lCM0pSd21uaVc5OVhrbFJ4MEVndWwwbEw3WmpnQzk5Q2hPWnk5UXd5UUw1dkxGd3BmMFY0ZTRIcXAzQ3BMRk5BRjF6eURHUmxXdWZseWpwTHUzSlV5bXVYbFBnZWtLbw?oc=5
2026-08-28 14:04:00,MRVL,Why Marvell’s Earnings Beat Wasn’t Big Enough for Such Great Expectations,Barron's,https://news.google.com/rss/articles/CBMiekFVX3lxTE5LcGxWanBYRUs5ckZSOXppeUtqaTBXX1FHUmxWMENBRENObEJ4MHN1R2tDUEhlcHp6ZlUyOVptVVJoLUlHcm1nc3V6SURqS0pGLThpMmx2SkJidFllWGFveE5mX0p1UFk0NjJXaFh6a19DSTIxSVk1eXFR?oc=5
2026-08-28 13:55:52,MRVL,MRVL Q2 Deep Dive: Data Center Strength and Custom Silicon Drive Upbeat Outlook,StockStory,https://news.google.com/rss/articles/CBMi2gFBVV95cUxPb0pxSl9fVmpFRk1HbVBncVVnRkgyVEpXUkh1bjVINVFDUTdpSFB3Z1QzVzRpaElqU2l4Ry1DT1p0eXVLaTg5S0ZCWDlKNk5USk5ZLUlxRG45ZU93bXRwWnQ0a0tfb0QxajZ3QTFhMXdyeFpuTG0zQ2x0ZHoxUVA2MWU5Vk8zcFdPdzBQc1ZlcEdFeExyRUR2cnc1RXk2MHFzbEEyYXAzSWc5M1pjTTJ0S0p0QXVZZXRtYkFtaWR5LTVObXJzMV9zMENBQmktXzhFLUJlbmRQODRhdw?oc=5
2026-08-28 13:52:54,MRVL,Goldman Sachs Sees Trouble for Marvell Stock Rally,GuruFocus,https://news.google.com/rss/articles/CBMikwFBVV95cUxOcHJOdElNSnZGTmxYWE93VktVektHYW1vRU1Nc0tBdkEwSkt6VHN2SGo0UEgwN1dWV2Fic0E3NjRsZk1hUEVYYXp3N3ZVb3BNeXBCaWFXdm44M09RMENWTk1qVUFoRlR4YVdCRFo3V3VNUm81cFRoWGpmX0VMbVBQQ0wxTFhseGRZSzhRX1c1SHB4ZEU?oc=5
2026-08-28 13:48:22,MRVL,"A Quick Look at Today's Ratings for Marvell Technology(MRVL.US), With a Forecast Between $245 to $400",Moomoo,https://news.google.com/rss/articles/CBMinAFBVV95cUxOY3o3bnJtSTRQekZFeHJlbmFqU3pmX3pJQzRwZWlrUXlXSDFYU0pvX3ZBNXVRVjRmRjRoWVJVTTF0TjZkcWNJMXdEVXB4SlZoc3kwUFIzdDlWUmRlTS1nMjNCMW9QeldrUDFwNVRlMm5tZlRCVlROLXRfSEVkLXppdXVtUWpnMDZuMExiT2R2VWk5MzktWjdETEtFRjk?oc=5
2026-08-28 13:47:21,MRVL,Marvell Technology Inc Stock (MRVL) Opened Down by 6.96% on Aug 28: Facts Behind the Movement,TradingKey,https://news.google.com/rss/articles/CBMiiwFBVV95cUxQd045d3NkTExDUUd5ekRSYlU5MDBGOG04dmZ2d3dhN0h1WHpIcEZYaGJmVnA5YnhWbzNWblFMZ29iU21wOHVIeHFtdlFibUp0SW5GQ0tTSWZXSjRhUFZjTmlKN0VuZHVGX2FubWloVE1nbzJZUEpMU2JoREQyUlBKd2VNelF2bjlqSnI4?oc=5
2026-08-28 13:37:02,MRVL,Marvell’s Stock Falls As Financial Results Narrowly Beat Estimates,Baystreet.ca,https://news.google.com/rss/articles/CBMiqwFBVV95cUxOX2x3UDE1dk1xdnJjU0R4QTcyaHJBQlJLUE9TZWZNSTBGSDVJNVF2SGZVcnFYbER1VjhHSVdjOTRJVWphUGpHcktnUnJKckFYZHN5R3phRkg2a3ZpNkVrWUN5VTE3aERUVTFMVTRwTy1JU0RuakFLbnJpcnMwVE9yTFBoNTFiVjVOMkVHTFA3Y3k4ZGpCa2VxNVZENEJWUGMyc3Q0S3BobjlPa0HSAXtBVV95cUxPNXU0Y1gyMG5kaW1OZXZPM1Z0Yl90TldkdzNyQTRBd29UYjBMWk5QYjFXa3NCMlA4a2FTdi1US3BaeFM4VVN2UUdxR3FaTTJyeDJqUm9EWDJ0cmVlcGN4OGVrSHlUVW5qV0p4a19Bb2taZ3Rka0RNSGJZX3M?oc=5
2026-08-28 13:18:00,MRVL,MRVL Stock Tests Support As High-Valuation Rally Pauses,timothysykes.com,https://news.google.com/rss/articles/CBMiggFBVV95cUxQQzM0bm1qeTZxOVhvTjR1MEVYQllWVC1Ba2ZmcmRCTXdnX0hNZlIyNUpRU05OR3VwbFBRSFdqVFlVYzFnT3VDRU1jdlhfUGJhUklfdV9FcnpBOE9odzhGamFsMVhWbGhsblVjUWZzSFl5LXFHTEhaLVliZlQ5YXJlcG1R?oc=5
2026-08-28 13:17:00,MRVL,MRVL Stock Pulls Back As Traders Gauge Next Big Move,StocksToTrade,https://news.google.com/rss/articles/CBMigwFBVV95cUxQLVQySjlkZTExMkpZUGppWXdaWjBnZWV6b2xCWTJLa1EtM2d4RHFRdU9SOXhQdXlvUlRMUGxmbWE2TXcyM1dTS2hWLWg1d05ZazBNYjZSQXJCYjhUUkVvZUdBR0pOUE55bDhwLXJleEdEbWtEMml3b2xwQXNaRkRPT0NXRQ?oc=5
2026-08-28 12:59:27,MRVL,"Marvell Falls 7% as Google AI Payoff Lands in Fiscal 2029, Intel Slips, NVIDIA Barely Budges",Yahoo Finance,https://news.google.com/rss/articles/CBMilAFBVV95cUxNR1NLTThTMXo5dTc2QnJ1V2lIVmVPaTZZX2hqWGFmT3c2S0FEdDVObzItR1lpLUw4WDZTQkM2NEhUVV9hQ2lkYjZCRlU1V0lXZU9rZW9HRnE1MW5SSGx0dVY0eW9IR090WGJpbDhVT285QTNuTkxzYWw1OWFaRVgzaXR1dzFhLU5pdjhiWTlfclZoU3du?oc=5
2026-08-28 12:59:00,MRVL,"Marvell Falls 7% as Google AI Payoff Lands in Fiscal 2029, Intel Slips, NVIDIA Barely Budges",24/7 Wall St.,https://news.google.com/rss/articles/CBMizgFBVV95cUxPaWZKdlZMcjdsQW9Ta1JLRGE0U3V4LVZWTWtJRWJ1dTFtbjNLWkdHekJLa0tjZU1FWWNKZUdXeENNWmdOaTRYeFlqbUN2eWhlWkhiNnZFTFJma2djWjM1RV8xRkF3OGRSLUpfSlMyWlVwUjVfV1hVeWhzakNDcWgtQWRHR0h1em1qMFRoUklzclVhWWhJc3dQWXhxRndwUFo5WEhIenJ6eXNZZFhpd0tLcTBZa0lPX2VaYmM5OGVvTjBsZTZEWS1FSnhVOF94Zw?oc=5
2026-08-28 12:57:31,MRVL,"MRVL Stock Gains Ahead Of Q2 Earnings – Wall Street Hikes Price Target, Betting On AI Networking Upside",Stocktwits,https://news.google.com/rss/articles/CBMizgFBVV95cUxQVDJDVTFUaUx5TzBsY2pxWk1JSk5mVDE1TVFlQTFlUWQ4OUotbEtMMTViYzRkYlBva2VwTldJR1JOQTkxRVY3Nk0xdTNOdFpDdVM1UUEwOGMxQldUOGRRaWNLc2xHc2c1YTg2Z2hQcjc4RE8xbG1tdnNsUGtmZmE2Zm9hNTVUWmFwV1hGV2c1OGdzOGd3SVRaZ1psV3VMSV83aFNIV1hWS2dLRk1PV1hRZkRuX3hmQ3RIcXdOUkJVVGZIM3cwdEg4aFVsdlZuUQ?oc=5
2026-08-28 12:49:13,MRVL,MRVL Looks 108.1% Overvalued on GF Value™,GuruFocus,https://news.google.com/rss/articles/CBMigwFBVV95cUxOSF9ScWVvSUdZNHR3RHdYS1A1OFZ0em1FMWpFSEw4cHdNYmpkNFdpQ3Y3UUQ2RGJFYWI4WWdZSkNWVXVVTFdQZmFMRF9OQ3E2WWtMMWVTSUVacXF6YnVPTTg4UkZhTzAwc1FaNnJEQVJzZ2ZoSHY4aHFjYkNMY1g3a216SQ?oc=5
2026-08-28 12:38:38,MRVL,Why Marvell Stock Is Falling After A Beat-And-Raise Quarter - Marvell Technology (NASDAQ:MRVL),Benzinga,https://news.google.com/rss/articles/CBMitgFBVV95cUxOLWJmSnUzcUMzNlREcDRRVGhNSW41YXRROGo0RnR4LWhBX3dDLXVXd2o2Z3h2d1FoaWlEdnVoUFc2U2JNRHM1TnF0Y19PSnlwTjloelRianVUd08tN0N2amVvTmNObFZhYWJrNjBkZG1XeVphd2RiNXEtd3NHX1NRRmE5elIwSkVFOWVjb2ZUazZqRzRDTTRQa005NVdxaVNxaElsc1lZQk91cE1XeGJ6YmZoU3NtUQ?oc=5
2026-08-28 12:32:00,MRVL,MRVL Stock Pulls Back As Traders Eye High Valuation,timothysykes.com,https://news.google.com/rss/articles/CBMiggFBVV95cUxQcld3WGRjTXdVTmtNLWhYbFA0bXlUSmkzTmxqNE1HRVhGeEdqd3JZaHZlNXhPcjhLbTM2TDJzWG5BR280V1hsb2hkaktZTUdJblJjNmtiQ0RJNXN3VC1rODRkdVlNMy02STdsc3NsNFVWTXZmUTRFcGVicUxMQWRkbl9n?oc=5
2026-08-28 12:32:00,MRVL,MRVL Stock Pulls Back As Traders Map Next Move,StocksToTrade,https://news.google.com/rss/articles/CBMigwFBVV95cUxQdUxyMlYwT0Y4U2RZRlNJd2RmSUpQMjlSVmVXYUxWakplSGNSMGNlQmY4aTdwV0xjb0FMRFc0ZXNTeFJXdXI4WU9GcFJMM0t6U1RlTWhNSDBTcnJzcFdORXRlbnozbkZ5YkxIeFphNms0eHJaSzNSMUprTXF1cUg5SVhROA?oc=5
2026-08-28 12:27:23,MRVL,Marvell CEO Calls Google Deal ‘Game Changing’ – Says Custom AI Chip Revenue Could Be ‘A Lot Larger’ Than Modeled,Stocktwits,https://news.google.com/rss/articles/CBMiyAFBVV95cUxQS2xoOVBEWm5hZXl4bzlmbHB3Ry1UZUNuQURQLUlqVC1XQnB2cFpJa2N5cExLaWhpenQ4bWNUVExOSWFHZ1ZhMUVDWDZDWTdLZzI0ajF3SWt2NXdJUmx2ZmV3LW1wSWFNQ3hkb1dFekNzRnc3b1ZmaHJrSmV0QkhhcFV4LUVFNXVkY2lyUEZyMHdhNWNxYjhETWxLb2JKQXp5UGt4amFEalY0YkhLazEwdFhqeVR2ZjZaSHVSXzB1a2pxNndXbDhfeA?oc=5
2026-08-28 12:25:50,MRVL,"Today's Pre-Market Movers and Top Ratings | MRVL, IREN, PYPL and More",Moomoo,https://news.google.com/rss/articles/CBMiqAFBVV95cUxNUXE1RmNneU9KYnFuRHVwU05jeGNnbzNMTmpvcmxBZWZwTXVLUEVrdURFeEVyNVdmS3BLSmMwNW15Tnd4MkliRGtBX0tTb3BCNWZOU0JuZEpkbHhnTjZxMEJtMFpsNmtCRXlKOXNEZUt1bGFqRXcyR09JMjhIOXdnZnZHM3JIeWJJVHFEZkZoSjRLM2c3bF9uY0FzZWc0ZnFBN3ItTmJSRmc?oc=5
2026-08-28 12:12:37,MRVL,Marvell Stock Sinks as Google AI Deal Revenue Faces a Delay,TradingView,https://news.google.com/rss/articles/CBMiuwFBVV95cUxPbWE0WUdqWndCcmQ5b3FZeGY1VG9OcWN6OHRZTzd3SnhSd253UUFWWHZhckhiQUJSUlFMVHFxbE5lNjlxYXgxZVJremdyMndWbEVKbEcxN2lWcFUtWkhOeU1xbVhuTkFjOG1fWlNJdmJaY3IzOHJUaE9vOXZvdjV1NkZMdTZDTGNXS0tHLWZKazhPcy0zMWd1OXVZV1FHV0NDMlZLdzhPYWFieVZRNnQtZUROSnFma2lVMmZr?oc=5
2026-08-28 12:10:03,MRVL,MRVL Looks 108.1% Overvalued on GF Value™,GuruFocus,https://news.google.com/rss/articles/CBMigwFBVV95cUxPTmJxcnBCdUJ2TXNjRk9wWl9KTlQ4MDBtUkVrMndERWlqS1hQNFJoZkk2WkZ4cENjczFiZVJDYmJQNWpVa3k0NVF3YVUwX1JyZ2JZTjc1Y1B5SnJGSUxGcjBKMXF1MUttVXhTWkJtcjhXQmJ4Q0ZBZmNxaXFhSnRWY1k1VQ?oc=5
2026-08-28 11:55:00,MRVL,What Makes Marvell Technology So Irresistible Now,24/7 Wall St.,https://news.google.com/rss/articles/CBMimAFBVV95cUxOeUlDMzJqQ0dseWw5YlBxVGJkMERxd1dsNGFGUzFSSVV2WkZnYTRSdi1XTXdZWWlGdzU1eFpEckxyeDM4V0xLSjQ3UlUxaTM1WmNDX0RkMHVENzhDMWpFeWwzQVJ1N2p5OE80VVJ4R3dIemk4ci1aMGFHWHNRYVhWNExBc2RROGFqTTRfRmwxX21aaUg0QTJqVA?oc=5
2026-08-28 11:49:46,MRVL,MRVL Maintained by Needham -- Price Target Raised to $300,GuruFocus,https://news.google.com/rss/articles/CBMilwFBVV95cUxNSTNEbXo5ZDVMcmtJaEo1UjFIbTJEQTl5anc3T0RoMm1TUmRfNVQ4SEllSW5saGlwMm9KSnpmUTE1SnpsQm5lVXNHQnNhdXpkRm14emV4MHZUbVJnQzFrV2FQTWduUUNWRHVNSlFyajhKT3ZiSG5qR1ROUG5iel9IOEJuZjE5N3E1bTBCbEtRaml1WWJCWGY4?oc=5
2026-08-28 11:47:00,MRVL,MRVL Stock Pulls Back As Traders Watch Key Support,StocksToTrade,https://news.google.com/rss/articles/CBMigAFBVV95cUxOVG1uOVdMN09kWGZnQ2E1U3ZaWnZtVTVZVl9YRk1NU2h5YWlGT3pKYUJPOUNfM2dyS2VUdDR3VVFaVGJUeVIzMENOMUhVYW1aa0lRUUw2ZndGT0dUOC02U25mdzR3V2ttOVhvbk12QWRXa1Bnck9xYmtEVDNOdDBNUw?oc=5
2026-08-28 11:39:06,MRVL,Jim Cramer Doesn’t Think Anything Was Wrong With Marvell Technology Inc. (NASDAQ: MRVL)’s Earnings,Yahoo Finance,https://news.google.com/rss/articles/CBMikwFBVV95cUxOX2JhRFJMazc1NmlYV1A4eDRrX0tQQXVRNkVqVXNyMDVLLVpqZE5iVlVhaTBaNkZlYi1raVA4bFc0cFJlSkhaNzBYejZGUW5rV3NuOVZtb05OLUF3cUxqZFd3bzFzQ0xFbk4tV2F3YWh3bVJZdmRlMXpMNVhNb3piYTFFRW1XSGlTd1ItXzJuR1pPV1E?oc=5
2026-08-28 11:38:55,MRVL,"Stocks making the biggest moves premarket: PayPal, Affirm Holdings, Gap, Marvell Technology & more",CNBC,https://news.google.com/rss/articles/CBMingFBVV95cUxPY2U0VWIzNm1YZ3NSS1JpYmxKeEhodFd0QllWT2NKX1pWd1cwcWRNdXJaRllnak4yNk5pcFREaFk3YlpJMVFTWHU1Z1VyV21MU09ZakY5VXlxVVBadGF4ekJpcTNQVmV3Z1BpRDA1R19IYlQ4ME9adUIzLXFiUjNUaGNOY3U2OXhFYWw1UjgwMGY0NGhFdkZaX05CdDNFdw?oc=5
2026-08-28 11:32:32,MRVL,Marvell Stock Sinks as Google AI Deal Revenue Faces a Delay,GuruFocus,https://news.google.com/rss/articles/CBMinwFBVV95cUxNUS1oNVlKVnZQOTFWZGJkb2ZhMFg4a2xyTkIzd2pwRG5xR0dBaUNaTFRHc1liVEdFMXhvWVdCREtFNTlIbGNpTUgwVzl6RXQybHM0Qm02OEFiQ1NVUHhuRHpBUmFJbk85cUQ2UzJxZFBqSkJlM09GdUNpdGtFNHpDY1p2R21zWVRDUnVKMDgySlN4bzkyaVd4VVVLVXlyZk0?oc=5
2026-08-28 11:30:15,MRVL,"MRVL Stock Heads For Worst Day In A Month After Q2: Analyst Sees Blue-Chip Customers, Broad Portfolio As Healthy Growth Signals",Stocktwits,https://news.google.com/rss/articles/CBMimAJBVV95cUxQSTFBN2NDd01RNjVsSE5NeDRZbllQTEtqckFtbGtndnVucmZsMnF4cWZoOHdUekcyb2Zsc2QtLUNvOUdRbmdjSlRIYm5KZFRoenk3WWQ4bUR2aW13M01VWnI0X2lmbnVGTFRuZl8zalpPclVMd29lLWZPVmdNSmlUejZjalBnYjlTSk8tMlVjb21KQ3BLeFlxY3BDM01zNUhfTmptdkgyenBoUERlNzNWY2NuZ2FleGR4WU9kRU9DNEd2WjYycnY0TXg3N1V5bFY4dVAxdjcxQ0JfTXpqVFRiaWR4VWRjMU5fRVVjbjBSdTVIVFdSTkVsOExnLUMzaW93VHNnbi1lSkxjUllySEVxOGkyblhfZUVI?oc=5
2026-08-28 11:27:26,MRVL,Marvell slides as guidance disappoints; Wall Street wants more details on Google revenue (MRVL:NASDAQ),Seeking Alpha,https://news.google.com/rss/articles/CBMiwwFBVV95cUxNaHJPbEZfRTJreFhXSFRuWmpFQ3RmQTg1UTZUblZodHpteExkNUhCTGJnVWN6RHVxUFVJQXRzVEpDOUdzeDNXVlVReTNsOVpUQlFLUVlrU0FPS0xDd0M3aTh5UnBiZmJ4THpOLVZ6U3U4TjFZczZDcV9XZFpjQl92ajNFb3FSZ3E5UEdFS2NqR0MxM3BrQ1dEdENPQU1zSVhrR0tvTlJDRHoyV1gwTE5OS1NVWmljNTN6Z1hlYjBTS3JxMzA?oc=5
2026-08-28 11:19:28,MRVL,Marvell Technology (MRVL) Sees Stock Drop Despite Strong Q2 Earnings,GuruFocus,https://news.google.com/rss/articles/CBMiqAFBVV95cUxNdjR6LWw1OTVJb0lVX2dvN2hQd3NTM2toMFYwaWk3OVl5Zjh4bTNrU3VoTkdtcU1nZHdGWkFNWTJtRVRTeVk3RXAwTDMxZVhNUDRBYjdiU0JEU2NZQW1LZEJ3anpIdW9nVG80TUNvS2g1aUhacFI4NlhBYXNnQVRMRGduSWI5S2Ywem03d3JUOThIRDAwelBWMk94TVFJVXA4UElwa1BOSWk?oc=5
2026-08-28 10:26:11,MRVL,$Marvell Technology (MRVL.US)$ $NVIDIA (NVDA.US)$ Next 1-trillion company,Moomoo,https://news.google.com/rss/articles/CBMisAFBVV95cUxNQWphbkZGcFFqMTByenNETW40c3VSNU1aNlFyOXdXdFh4WTVkTklyajljVG96TFBrQ1ZxdmFCODB4cjlhYU5KQ3hmc1Qxd3R0YkxXdkpPSHZZOVUtTy1TZkcxWWR0N3hpUEZJNTNlcjFHRHRwbmhDR0JSc1ZveEMxNGpKVUZsa3lGeFRoSDFGTS1aWGtSWEFrT2FPZ0p5N0NuYllROEJoMnhoV1B6QnYzVQ?oc=5
2026-08-28 10:19:13,MRVL,Marvell shares tumble 6% as outlook underwhelms despite 37% revenue growth,CNBC,https://news.google.com/rss/articles/CBMieEFVX3lxTE4xYl9tcXFQeFdWemVHTXBxVXNiaFFPLVJUU3R5V05Vd0xBdFU1NGd4VnJBZUZpNHREZlJSX2pYcXhCX0VibHMxS0kxNkZnLXdtaWhCNmw1Y3Fla2tSQ3YwRjNoRzNrVlExZjEtaHN2dlA5UGVJaUY3b9IBfkFVX3lxTE1Pdk0zWE1wQl80T2FEaWFlU05kMUYtSEY4SEtXVkVOWU9CVWJZM2p1NWk0dXNQenVzWWhsc2U3THJnQ290d3J3Y1hremFfcVJUZ3YwQ2pNbG9ETzNfUlNhMkdyQ2NZRUw4dzJYbEpXS2pEU2pPSkZJV25SMTRCdw?oc=5
2026-08-28 10:18:06,MRVL,Marvell Technology shares fall despite Q2 earnings beat and higher revenue outlook,Yahoo Finance,https://news.google.com/rss/articles/CBMipgFBVV95cUxNYnJrSGcwUmxHV1ZyUUlJa1Z3WDNzRTAwUFpwVl9tUFhlbDd2WTdKd0liQ1QtY0VPUWNuTkpGUHRHalRvUWhyVUJMeEJ5UnV1b25PMUFpczhUVWIwMlJYZzlSNkJIemliYlpLUXdHVEZiUFRWWGU4WE1WdWhjWDktX2RQR0hCZy1jZV9ZcnVKYTI4dlh6RnpuaHNtS2x2Q0N1S1UxeTFn?oc=5
2026-08-28 10:05:22,MRVL,MRVL Vs AVGO: Which Custom AI Chipmaker Has Bigger Upside Potential?,Stocktwits,https://news.google.com/rss/articles/CBMiygFBVV95cUxNa2taTXpfcWJBS2w3QWdrZW5qTll4LTk4Y1QyU2NhRGVGWVBMdWxjcnR6MUVGRHgwRTh6UkRFdWNWU1VFTHhaNDlhVnVpMlMtenJWcGNtQlZ3WWZLWG9fZDJubE1lQnZ2b2phZ0txOVhqZWJ3V0ZDT3NERG9taVFfcndiZV9DanJaRDVkSnRjVU5HR3BIUlpIQTllWjZYblptYlNuYlU1Smd6dWx6bEl2ZlE2c3NlMjlPYjhXaENVdVNsZGNxYWNuQWJ3?oc=5
2026-08-28 09:53:49,MRVL,What the Options Market Signals About Marvell Stock's Two Futures,Trefis,https://news.google.com/rss/articles/CBMi0AFBVV95cUxORXZkMFU2TklXY040TWEwd0hrcTNZQk03cEcxb2RyMUc1cDNkSWFSZWhtaUxKV3BsdXo2czN2RHBSRmpMWkFyMjFhOTUwSjVnLVE3RXBPT0RPQ3dxcGZ4NjFIRmFFdmRadHBYcTh4a0tKRlg5cWJOM0c4V2F3NkJEVzZ5X29MRjdXZy13cDZRWERNWTRtN0pVZ3l6TjFjeDlmNHdOUzdYdy05M29LcVZEVGs3NHY4MHM1V3cwRmtiLXkxUGk5TjV3SlhjMERPSXd6?oc=5
2026-08-28 08:49:40,MRVL,"Why Are Nasdaq, S&P 500 Futures Slipping Premarket? NVDA, MU, MRVL, IREN, PYPL, RKLB Stocks In Focus",Yahoo Finance,https://news.google.com/rss/articles/CBMikwFBVV95cUxPWm1ZOEhsOHRURnFmLTRReVJwSXpVWjBpbHFVYmxncWdVNldDNGkzSUo4WS1QUmZseGo3MTlUWHpob3NvMXFNcTg4OVpnbVZIYmtBN0VGZ1kyZklhX0FBalpqNEJfUG5ZU0doXzk3RVhmOVMtRTAtTzhRYVdoUXRBdVVtMXBQVjh0SmJQMnRrNVdKOGM?oc=5
2026-08-28 08:48:48,MRVL,"Stock Market Today: S&P 500, Nasdaq 100 Futures Slip Ahead of Kevin Warsh's Jackson Hole Speech — MRVL, PYPL, IREN, GAP in Focus",TradingView,https://news.google.com/rss/articles/CBMijAJBVV95cUxNTTRPWXFrb0hwLW9jdUh3SnQ2TnFIV3FPQUpBVkZ2QmhXYUE5d2d5NG1FdlZNMFBBR1RxeFdONzNBYUJEc1FVZk1mNTJsNTZjTDk3Q2pVQlVDenlPVm8xU21QdHM3aDYtbmF5bHBpdmc0N3V6ZmxWVy1JZG1MTHYzRUltSzd6cUtkUUdGWnpwbEpOeHloeU1zMVhNdWk4VXRsQjFuVlRKNms4LWdqcWI3VUhKejNZeWJIUkQ5dGJMMGcyZ1MyX2hQU2tyVXg4eGFYM0VmTE1WYkl3OElfQVJfUkVpcVVreEFEWVFlSlBwQXpBUkVRYlI3ek8xUDA0WUtfeTdKc3phRnZic2I0?oc=5
2026-08-28 08:15:00,MRVL,"Marvell Technology (MRVL) Reports Record Q2 Revenue, Raises Reve",GuruFocus,https://news.google.com/rss/articles/CBMisAFBVV95cUxPT2lra0J3aG5sWTNhZXB3NWw5X2w4cUxpVEZMb3ZicVRKb3dIUnhXd0ZvbGV1ajZPMndhaUdtNjFtcm8taFc5TzFYY202OHlWdXdKVHg0bHotOVdtV3lGN1VfLW52ekkzSWtIVmZTRmhVd283WjVRdGZQYjRwMmZXZnlGSGJmRFBfbkhvR0RKcW1ObTRIcWFFSk0tdk45cVA5NWJIYXlsSERNZXdWTHhfRA?oc=5
2026-08-28 07:00:00,MRVL,$Marvell Technology (MRVL.US)$,Moomoo,https://news.google.com/rss/articles/CBMihwFBVV95cUxNaHBKekVIQ2JBNU9oRWp5WkJMWWRlTHFUdmdzUDdoMDVXZWg3ekxYaDVncmtuTEZWS3BDZEhfWGpab25iQWhaVkF3aExQQUI5cTVZNndHX3pjTnFtcUdaNWc5ZlB6a3pCYnJobzR2UWtDTmtCM0hOdnhBbkZodjVCRG9IN2dUOTQ?oc=5
2026-08-28 05:08:14,MRVL,"Nasdaq, S&P 500 Futures Edge Lower Before Fed Call, Earnings Rush: Why POET, MRVL, NVDA, ORCL, SLS Are In Focus",Stocktwits,https://news.google.com/rss/articles/CBMiygFBVV95cUxNV0tqbG5IYUFEUG1UOElsMmZld0dObW9oYkt3allQYnRXTXBXRXRSajZiZkpnWkV0SF9vb09OMGwzbUdYZFFjT0FtcHhWWVd3RjU1aGtWeWpZd3VjRGFncWJsdndRVzVVNXBmZkRZTW1nMU15WUVScmdwRndIcDlLZ3RLMmJyamtRa3lFTnhVLUx1MzFLQ0F0emRhWktxY3dMTlU3QkNUSW9rZFRkenIwdEtZdjkwY1VtMlNfbmZJRVVGYnc1TWhKVjZB?oc=5
2026-08-28 04:57:04,MRVL,MRVL Stock Reverses to $222 After Marvell Fiscal Q2 Earnings as Chip Tariff Risks Rise,FXLeaders,https://news.google.com/rss/articles/CBMixwFBVV95cUxNNzI5QnBCS3RTdkFFaWs1Y2VMMFhkUE0yNXBmdmJfa1FCT0h6eW1XLVVTcXlkSkJXNm5XQXR5TWZIWXZ0VHota3FNS25UdDhtaUIzaDNIZnNmY0VxSF9jNlFodU5JNzlJYlpnV0VQSVcybjhCX1RuanBSTm5FcDJxdTVqTXY5WEgwNzJ0amR4SGhsODRXazcyUFo4Y0pzbUM1Zzd4ZUE2OVp4VFBsRjFLeng2Zm83LWJqTjFFd0FrRVJqZUI1STM0?oc=5
2026-08-28 04:10:50,MRVL,"Nasdaq Futures Sink While S&P 500, Dow Futures Gain Ahead Of Fed Chief Warsh’s Jackson Hole Speech: PYPL, MRVL, IREN, AFRM Stocks In Focus",Stocktwits,https://news.google.com/rss/articles/CBMiqAJBVV95cUxPR1A5UXNZSGhTV1JwZmllQ1J2SWhVVktMZjlIM0IxaUhpM3dieFhmZVJpa2Vxa0ZFUGNxQ2thZm51TzVwb1ZkNlVDdWY1SmozQWx3VmZBUk1xaDNyVk5ZbEVaNHhIalBMX21FMENmeVZTbWg2dThsTTlDUU5tZkpyTl9pRFZydkxJR1R3Z2IxamxxUDl4R21EMnVJQk1KS0J2ZVFwc1FJdUhQdzZsRUtyakNidzdFZXp0OThLVlhLNVp6UnBiTkxBS3ZYYWp0bk1sX1JHWXE0WUdyTlh4aGc2YXhzZVZXUGprZ2JoR3RxVGhYMVdsZE55aWZwOV80SDBiN183UXRKWUl5Sm5meU9QN3F2N1RvRUUxQVRxQU0yaWJGYW1JVTc1LQ?oc=5
2026-08-28 04:03:17,MRVL,"Marvell Technology, Inc. 2027 Q2 - Results - Earnings Call Presentation (NASDAQ:MRVL) 2026-08-28",Seeking Alpha,https://news.google.com/rss/articles/CBMiqgFBVV95cUxPMHE5Zk5DTjhObm1jbXBkd01wQ1pFeWJDeVJCQ2VocmZfV3pTRG44NlV2YjZOSndwQjV4VDlHVjFDVENlMUJMcTFZN2J6dTQ0Q3dOUnFZRG81MUpiME9aY3EwVS1LUHZKT3Z1TUE3SzVyYl9FOW5iZ0EwcEw4MVIwU3VPcWkxck1TNjJRT1ZlWFJPbHR5MUw0SzUwaTMtanRkM0RySEdkd0hxUQ?oc=5
2026-08-28 03:20:58,MRVL,MRVL Looks 108.3% Overvalued on GF Value™,GuruFocus,https://news.google.com/rss/articles/CBMigwFBVV95cUxOZVExMzlDUWpmdWNVdmlyZG9tMHNySkMyN1dmRE9VNGJYV05UYTVTVC02QVB4S3hZVFRnZDNONHR5a3RLcTdNWHJlS3Rud1pWNFNaTmV1bnl5eGIwWEVzRjNiekFfci1GZHVIX0tDQXkwdk9RVEg1ekJBcklNWFVINTdvcw?oc=5
2026-08-28 03:06:54,MRVL,"Marvell Stock Forecast: Revenue Hits Record High Yet Shares Drop Over 7% Post-Market, Can MRVL Keep Rising?",TradingKey,https://news.google.com/rss/articles/CBMi_AFBVV95cUxNRkpTbzZ0WW45S2x3YnN6M2syNEJoN2xyRS1lckoxRXhram15enU1NTUzbk51dkxDcFVrcFNBS2thWWh1Mkg2Y1pMTXRNWi1yMDF5ZHJQcUhFYm01N0xaSzJ1UTZJRTRrOUhwc3N5alExSkNvbklJWVF2MjExNUNXNVdpbjVzSk5YNVZFdVgxcklOLW0yTGVVUXU3bW5LeGdhN2NFX18wS29BSnRrUm9XWXlYcTJ4Z2Jlb2lIa05kT3NoWVJkc0tNdEg5c2xxbDhYaGd6Q0swWGhUMWR2Z0JscHlTRU5pTDlCU194QjZXMFAtZ1FaTjZvdjk1YWQ?oc=5
2026-08-28 01:11:00,MRVL,Marvell’s stock sinks despite earnings beat and strong guidance,SiliconANGLE,https://news.google.com/rss/articles/CBMioAFBVV95cUxQdWhnaDB6elE0MXItbVBuUGRBb1N4bWJ4bWFNZkxlNmU0U2tBd210UVdaZ1liRlJTc1ZhQkFVbTU1M3ZEWmJ3bHVQSmFPWVJ2aTNFUlhXa3JncEJuazF1TXFkYWYyTXRSS2paSzJ3VzM4RGJ0eXVHRDRYZWZGeW1kWFgxRTVaNHNjZXJOVzJRZkdYc01EVVZVdnZobDVZMGtQ?oc=5
2026-08-28 01:07:00,MRVL,Can Marvell Technology (MRVL) Justify Its Price On AI Growth?,Yahoo Finance,https://news.google.com/rss/articles/CBMipAFBVV95cUxOTWEybzBQN2RuZUR6TGFuQjFxOVF6S0lEVVhjc3JCQ202Y1ZRaHJEdmRmRnFwVXdlRDJXUnIwYkZZWVpETW5oU2pQYnp2eVhvekRTMHJRTi1VOVVmLTVSU1lVeWFUU0FBa2o3QXprSzUyQ3lFQlM1X3pUbUdsY1M4MFBkaUhRcWpGUFZCNjI3Umt4X2RiMTU2WXU2dW4zZW5mQlZOcg?oc=5
2026-08-28 01:07:00,MRVL,Can Marvell Technology (MRVL) Justify Its Price On AI Growth?,Yahoo! Finance Canada,https://news.google.com/rss/articles/CBMijwFBVV95cUxQYTBrRnV6OWFYblJIbkZmcXRKa0pSMzRmYkxfTnVXUWdNTFoweWpQYkNXZXpfLWNmY2RuWEM1MHJveVRMYUVRRm4tNkxuNnFodHFJWnEtOVNYVlhTbDV4Sk0zWUFRN1RBZUYzS0xYZGpXMEFOcGNwV19PSkNmelloUkhjTi1aV0ltZkRENnZyVQ?oc=5
2026-08-28 00:50:21,MRVL,"Marvell Technology Tokenized Stock (Robinhood): Latest News, Social Media Updates and Insights",CryptoRank,https://news.google.com/rss/articles/CBMie0FVX3lxTFA0SG9PLUpGZzc0Rmo5YmNQTFl0WjQwRXFnNUszMlJyUnZCVUNBbV9iT2t6cl9yanJpbXJncFZzYnNZV3FhcjlLX09kNXZ6VHo4MEFJR3kwUGVSazJKcDQtQ3JyUXFvMm5YQzZHVjREaGY4ZGZrcmdBTU51QQ?oc=5
2026-08-28 00:38:00,MRVL,"Marvell Technology (MRVL.US) Q3 Results Beat Expectations, Yet Stock Faces Sell-Off! Google’s Multi-Billion Dollar Order Offers Little Immediate Relief",Moomoo,https://news.google.com/rss/articles/CBMisgFBVV95cUxNZnBsaGJyc2duQ3cwdkFKSTR4UzdlU2R2OFJwandoVDBOc0l0U2VqRVljcVhpdXBEdk00MXdIV1VEdXZqX3J3a0pUc3BfUnpwMzdndzJnZjFRdVBsTlhSLWRXSHRPbzRKWEh0ekRYNFdpSkItdVc5LVY1Q3lxeTRRbUY4UEx1UzA0OHJtMFE3d3R5MlQ5QUw0VklsR04tanhYMU9hNnRVN2RkTkRfclZNUGl3?oc=5
2026-08-28 00:20:00,MRVL,"Marvell boosts its forecasts, but the stock slides as Wall Street wonders if there’s more to the story",MarketWatch,https://news.google.com/rss/articles/CBMitgFBVV95cUxQWXFMUFNrRWpQa0x1TmZtQ3hvUGJoSjZkbE85YWtQa0JMcW4wMkIwSDRPc2d6Y0FDaGR3bjB3NHRVZUlIRHVSczdhZlRWQUNXOTBmMW1vVGNVVVNqejE0Z1N4TUQ4c21vSk1kX3BOQVdNYTctTEJJbk13ZjlsSUZSdnpqZWdZWUt4ZWZNUWNoSkNQYUhDeFV4ZkFXSTRWdEZhajhycXkwSWU3dklxc1ZNc2ZjOFJYdw?oc=5
2026-08-28 00:16:38,MRVL,$Marvell Technology (MRVL.US)$ Dropped more t,富途牛牛,https://news.google.com/rss/articles/CBMipgFBVV95cUxQc2VPSWJKeTJBM2Q5alFJRFJPMktnSVEzdnl5bkpMUDlneEU1VEVPSEFVMUVmN05LSFZZdVE0czBCUXRvSklHX09mdWhBazhfNHoyamtGclBHZF9DeU8tMXI2YzNGVHozVVlWYnRuRWFVV1gzam1lQjRoYzNSVzhaeUs4cm5yc3JudXN0RzJUeFk5Ti1TQWl0YlZIREpybXEyZlE0VzN3?oc=5
2026-08-28 00:04:00,MRVL,"MRVL Stock Slips After-Hours Despite Raised Multi-Year Outlook — Investors Weigh Thin Q2 Beat, Lower Q3 Margin Outlook",Stocktwits,https://news.google.com/rss/articles/CBMiiwJBVV95cUxPY2NaNkk5anJKT2pfSEItbC1VbGJJY0RRcHVnSzJEY1g4R0xNelpCcFpGWTVXQl9nXzhGYUdnWGh3RkotMC1POUFsbWQxa2ZDTHJrTkVTczA4TlI0MEJNc3J4akJsTmdITjFQakt0SndNckNPLWVnZU1udGtBS05SdW1FODdiZ21ibXYzSWFCcFRoNnY3TUFybWNROUw3NXFFOVJYZzVUdGFZZ1RTNU5Yd3FiN295cjBWTU9ObE1McFRNbkFYTjNYYXMtMUNmTmVrdWZmT2NIUlBsMkFJTjFJUm45LU5YQ0R3M1FiXzRvOEJBS2xzMXNVLS1jajQ2TFM3djBiN1FhR3YzZXM?oc=5
2026-08-28 00:01:18,MRVL,Marvell (MRVL) Stock Drops Despite Strong Q2 Earnings and Upgraded Guidance,GuruFocus,https://news.google.com/rss/articles/CBMisgFBVV95cUxNOTdndWFNZkFIYlZvQXpLSDc4V0JiN3hXRlpyTjRHdTBmUnJCUl9HSHFRWWJuNDNFSTFlTEhyTnZMVUlFUl96bU5jZ0NNNC05N0VOSmxPcnpSVm9kWllrYXhNS08ybjYtLWlZbWEwaHY1WGp4YVNuNElXc2FkX2VUdWF6alVna1JuOWNjT3BWX1A0RTV2NTg0RE03UG0wR2hJNXdpTWc5M3ZvTXptVkJHcnNn?oc=5
2026-08-28 00:00:00,MRVL,"Marvell Q2 FY27 earnings results beat revenue expectations, but miss EPS whisper number",Shacknews,https://news.google.com/rss/articles/CBMihAFBVV95cUxQRUEweTN3SWxpMlM0OTFsN25SdVBEakFqNzNDeXZRRk16M2F4Nk9tYWE4S1J4a2V3T3U5b19LQlRzeDhOSmJPcGZzbEhHOElud1RHaG8zNmpROWNYTmpVWXdxRUdlQXN2MlJHazZ5dzhuNmVlM21MMkZILUNDUUt1RHRfTjfSAZABQVVfeXFMTkUtU1k0Qkl4QWxaLVNBdk9SUGRjQTZLcEVRYUdaRVdoSHJ2Q0lPTTBqQ2NxTko2X2tqMEFUVUdQVWZZanRnWXBKcTl6RFBGSFlwWmZCaXowRDFESkhSamk2dmQ1MDN0NVlhOHluWmF5UmphVXk0bFVxYU1JU2ZhMWdqdVRCRXNaTmVub09GR2Vr?oc=5
2026-08-27 23:41:21,MRVL,MRVL Stock Is Ripping Overnight After Nvidia CEO Crowns It 'Next Trillion-Dollar Company',Stocktwits,https://news.google.com/rss/articles/CBMi5gFBVV95cUxQRW1BcFVRellnM2pNYkN4c2l5dUFNY1BJcUpiZ3pXeHVGVEhvb0U5dUhIOV9faF94Qk1mbDE5TFQzQllsZV8zcWx2cU8yRFdvLW5vVU54cEZGbVNPMUFpckNScWJneDB5cDdqMzFfWWtteG0ycFpqSk9VZ2Z5a2VQQnhZMzVINnlha1c5NkxWWGJsOVpPVHdaQzRXb3l5X2g2M005Z0ZZbWtVQjVfRlctOGQ1d3EzbFg5dXh1aE9OODRwM2ZadGN3OEVQeUFBaGlpX1Jwemd3Y1h5cl9sRzZuQlhUMkNQUQ?oc=5
2026-08-27 23:40:50,MRVL,Marvell posts 37% revenue growth but lags AI ch...,Pluang,https://news.google.com/rss/articles/CBMihwFBVV95cUxNNVpWODlUTG1EQzBGdkxPR3F5UkhmTnFYVGdCZkQyV09NeXBBUEhDMENVM05hWF9mRDg2cHpNLW0zMU1XbUZpUVNRaFFNSjVld19EampoMnZGMHJEelRGQlQ5VkExMFNQa05hYk1ldW5Ua1NlQTlaYlduNXE0WHBGTnlaR0pGa3c?oc=5
2026-08-27 23:37:19,MRVL,Marvell Technology (MRVL) Reports Strong Q2 Earnings Amid AI Dem,GuruFocus,https://news.google.com/rss/articles/CBMirwFBVV95cUxNU1VJNkV6OVZjR2tlRDVSZGZJSWJRM2N4bXNvVUNjNHlhaXFzWkJVbklGMC1pWmRSeTJJZ1BrV3libVROSFdWYmlNeWFQUTNjTlJaQUc1cmhhMng4dVRjUllIZDl5Mzg2N3BVeXp0TUFUd2xhWjhycE44ZXlmaXJ4alZrbVRmZm1ncmR1cXFuQXJ5LVJ3U2VhNW5oLU9RX1c0R2lfTG9aOTZZVG9vaGtN?oc=5
2026-08-27 23:27:48,MRVL,Marvell posts 37% revenue growth in Q2 but stoc...,Pluang,https://news.google.com/rss/articles/CBMigAFBVV95cUxOOEJrTERKVWNOQ0RuN0FCMTF1SlYxck1hTUFtX0dkRzA5M2VfcWhqRDRLbU9TdFkwaTlHbklGT2RLd3l4WmZNTkZSN3ZpWFFKSWtiOTcyOVV3aXEyZ0pKR0FhajBrQ0NTUkdIenY3QWk0TWRHUENfVHo2MGZnS3NHYw?oc=5
2026-08-27 23:00:44,MRVL,Marvell Q2: I Agree With The Market (NASDAQ:MRVL),Seeking Alpha,https://news.google.com/rss/articles/CBMigAFBVV95cUxNZG9FZ3c1akJUc2ZISGdaT1pVMXJTWWRvVmtianZlX2NMYkRseWJNZ3ExN0R3R0RTVk12UXNSNnkzYWpSd0VHdWlwNjZyWHNPQ251LW96MWR4cWYwUU84eV9GbkxWa3R4WG5pNlhJb0RUSUdIcFpEUmFtNUNTQzNOQg?oc=5
2026-08-27 22:17:31,MRVL,Marvell Shares Drop 7.6% After Hours Even as Revenue Hits Record $2.74 Billion,TechStock²,https://news.google.com/rss/articles/CBMilwFBVV95cUxONzY2WmEzZmhxdllzWF9VNkNqNW02b0hOM1FFS0JNTkVoWjZIRm5LVUNLV2N6dkc3d0dTN1ExUVU4ZktyTW82LWlreTZpam9udG1faWRrNm1fbDRTR0hXOFV5eS1oTFBBRGh2cWFWWmF5Z0dCU0JQVUFINWlab0dxWDhhZFRjM3ZFMnVIMEtCZnlLLVItOTVB?oc=5
2026-08-27 22:15:02,MRVL,Marvell Q2: Not Good Enough (NASDAQ:MRVL),Seeking Alpha,https://news.google.com/rss/articles/CBMidkFVX3lxTE1uZFl0REpRYlJjdER5blE4dlpvbWFvckVxTEpndW5XYkhDWVJJZ0R3Q3FsOEZEMi1jYkRzelFtZEl2Zk9uTmJMUUY5MlBvRkdCOGpoNGtzOTE5b3RXX3M0ZjhmSWNsSVhxd2xpSWVscm1XeGpVekE?oc=5
2026-08-27 21:54:00,MRVL,Marvell Technology (NASDAQ:MRVL): Can AI Connectivity Drive Momentum?,Kalkine Media,https://news.google.com/rss/articles/CBMirwFBVV95cUxNMUU2a0R0S0hrX0hLMkU3MWlZLWtUNzF2RUhoS3h2dzBuYVMtQmJWTmN2d1F1WndCaVlPT0EtSkExTVdaSnFOSkZ3OVUyR2V0S2NBNktMaTdqaDJTOXY4UE04ZmhvWDdxUDJ2SkVkVVNnTEgzYzh0bHk3NGxXQ2NLeFppQmhCTTR1S1pneUkwZVNiblR1RnBUS3BoUmQ1amNlMkxISmRQQ0VSNFk2TnNR?oc=5
2026-08-27 21:53:13,MRVL,Why Marvell and IREN Stocks Are Sinking After Hours — and What Wall Street Sees Next,TipRanks,https://news.google.com/rss/articles/CBMisgFBVV95cUxQc3k1LUVhMEozYzhuV3ctcElmcS10T2lDdDY1QktzcUlBSE43NmQ5YjVnQUFxOHdUZWNFMk5qYk4xRFk2aklsZ0RkSVJfbHlDR1ZBb3VkZk9PSHZUVXJwOEtiZkhtUHBoTVNzSlpnWWJRVkFseDdhUzBDdXBjWDU0dE02dVozb2l0ZkEwRHhISmtwYzMzaVBTWDBmTzktMlZTTGNfbDhDZ2RwRHJsNFNUblZB?oc=5
2026-08-27 21:48:44,MRVL,Transcript: Marvell Tech Q2 2027 Earnings Conference Call,Benzinga,https://news.google.com/rss/articles/CBMiowFBVV95cUxQTzk0dkFQZkduT2xhYmU4SkR5bXdkTzdxVzQyTDdMRnN2X2Jic3EwUU1KdGtYWWlSZERZdEhTaEJUSG51X20wd2x0bm4yTC1PX191YzY0dWhuazVRazhOam1rekNVTlBJd3Y2NUt1Um9wSTlrXzJjSnVmYXFHbXZKdC1BSG9BeEdjTkJyNnVGNmxFcnB1QkpBREFyUWlQajk4NzI4?oc=5
2026-08-27 21:31:59,MRVL,MRVL Looks 108.3% Overvalued on GF Value™,GuruFocus,https://news.google.com/rss/articles/CBMigwFBVV95cUxOTDU0ZVF2NTVGWV9wOUJNUGQ5YXZ2U29aUU5kRXRtMkJ2b1RPS0ZFVWFEeklKQ3VTWUVIdzRyTEJ3UXN2REFnSUlGZnFyYzJyVWlrclI2ZmpqMThEREJ1N2VaQWRCS0FpLUhGWENaN005bHpNYWNxaEpITmNQVDYxOGhGbw?oc=5
2026-08-27 21:16:13,MRVL,"Nasdaq, S&P 500 Futures Edge Lower Despite AI Momentum As Iran Risks Linger: Why HPE, MRVL, INTC, TSLA, SPCE, ASTS Are In Focus",Stocktwits,https://news.google.com/rss/articles/CBMi0wFBVV95cUxPUTF1MDJpd2lTQm5va3JoSjdTaTM5Z0g5eTAyRk4tc2lKci1vcmptWktEelozNVFicUd5NEFTTU5RQW9ZbVNTTzZKakZrV2REUUhVWjZJQ04zMlg3ckNObmNNaGtpRXBJMFJhTmtRbGFLTnVwQnFzSXVZeVdULVpUM2NtRHVKVkZlMmkyaTlNUndHUV9KdVo3NHU3OHFEVWlac2xfbkxVYm9rRzlwNGxjZlZkTGZfeVdqQ1hrbTV2eG9CZV8xQTJPTjlST2JvcFFxU1FV?oc=5
2026-08-27 21:15:02,MRVL,Marvell Technology (MRVL) Q2 Earnings and Revenues Beat Estimates,Yahoo Finance,https://news.google.com/rss/articles/CBMiogFBVV95cUxQTF9QNy1CNFRHZmhOdFl1SGhmMGxHc0JCNU82UXNyUkR6cXM1MmtVT3E4NmJUblN5MzdzMUgwOEZSZjVnREp3blRsUWd1WFBtUTlMY01ZUWlzUWthN3gyU1N0S1ZSNTZKNkx3eHRtWmpLVzJjNV8xSzNQX3o3ZUZzSW1CdFNGY3NjTXdQZ2E3ckpyT0s4ZWx3RlFFeTlaMi0wU1E?oc=5
2026-08-27 21:06:21,MRVL,MRVL Stock Reverses Below $240 After Marvell Fiscal Q2 Earnings as Chip Tariff Risks Rise,FXLeaders,https://news.google.com/rss/articles/CBMiywFBVV95cUxQYW9LdWxfNmFVSXdHZUZFZkNjZ0k4VVlnQ0RjU1I4eDBsTFlLejZpVEZWdE5zTW9iY00tNm1RaXZhckZSMkV5Ulltb1paSkprSnlhbmJlSGExd1ZSdVdkNmNIN1ItNEZVNmNxWDE4SVdCZ2tkZHBBRm5POUtqd2NpX3phY2NXa01jazY0Mk14UkIxZ1g5MjhCcERabDA1X0g5bVdRNHcteTFtVzdLbzNkWXlpNTUxRGZsNHRzczF0X2E3NWZ3MnVnWk50RQ?oc=5
2026-08-27 21:05:53,MRVL,MRVL Looks 108.3% Overvalued on GF Value™,GuruFocus,https://news.google.com/rss/articles/CBMigwFBVV95cUxPNERPQlpJTXE0QUJuMEwtam4tVE5fVVU2X2U4Q0NmOExXcFJPOWhORlFrU1VpTGFIaV9vZThncVkxejZ0Y1hRVV9XOTlzM2ZyTndpS2cwUFhOaTViSHFrUzNTYTFoUzc3cHNSdEdyVURyQWhPdUxLQ2FRYjVoYlRKY2p0MA?oc=5
2026-08-27 21:05:52,MRVL,MRVL Looks 108.3% Overvalued on GF Value™,GuruFocus,https://news.google.com/rss/articles/CBMigwFBVV95cUxOMEVyWmNIRWhFMnZHT3k2cHp2NkIxQ3hiLXFNa0laNjNDUXI2M0t2Zl9vZG1TWjRBNEgxUGpwSHZxNVFuWUh2MmFJN3ZRZEx1TmhwRVZFSXMwRkZkQTB2UFNsXzg3cEdVUVY0aWZTNkZPcmF2TmtDT3BhT2dUV0xDWWRMWQ?oc=5
2026-08-27 21:02:46,MRVL,"MRVL, INTC, MU Stocks Hit 52-Week Highs Last Week: What Fueled The Surge?",Stocktwits,https://news.google.com/rss/articles/CBMizgFBVV95cUxPNmN1MFo1c0RpeUgzWUszWGhoTTV3NjdTVEhPeTk3VTZDY2tHQ0ZaQmdkXzhEN0pObUhTN2ZLZ2pXc3BjeWF3Q3ZRWXJxQi0zYk5UcGRxRWZMSGtYZ3Q4eE0xVHc2dkV4dHAwWFpMSHdUZll2YUstbkFhZXBoNmVUa0hORVZvOWxJQmQzT2t0dkJUUHNBQ3g3bXJLZWIteHlZZS1QcDltZkVoOVg3aU9GUENBQVp1NzhlWXIxNTV0TUx4VUthR3NXMGlJQnZDUQ?oc=5
2026-08-27 20:59:51,MRVL,MRVL Looks 108.3% Overvalued on GF Value™,GuruFocus,https://news.google.com/rss/articles/CBMigwFBVV95cUxOano2WHg2b1A2RGVYMjh2aHNSVlBKN25OQW9fcllVejRaRHBPeVJQOGM4ekh5djNhWXJucE5xa1dsLXJWMnlTdkUzZ3N0R3lheU9VNDhsckV5WmdEUVYzeDRfT2l5ak5wdUNCRm9OdFRmVURFN2lIamV3WHlIcGJQSnVGcw?oc=5
2026-08-27 20:52:52,MRVL,"Marvell Technology (NASDAQ:MRVL) Surprises With Q2 Sales, Inventory Levels Improve",StockStory,https://news.google.com/rss/articles/CBMi0wFBVV95cUxOREJMNHFSbEp3eVoyOWwxNGllSEg2eWNpZ2NNQzNHdFNiS2lLYnBYT3lCUjVBZVBrS0xPX1hWX2V0dkhtQ3dHWnRKdkhjcEllbzYzMlZHdHd3SUEzZE9oOTVjVTVCRzBSajQzb0dzdVRkVmxmcVE2TWxNemYyMXFfYThwbGh5UUl4ZXRibERFSDYybFBNOVFXbFBsY3Zwb1N4M0EzVXRUeUhzMXJGUERYRWJaTjE3eFJvaEU0RW92LXFOYWZEeGRuTTg3MmVvdk15Z3Y4?oc=5
2026-08-27 20:41:50,MRVL,"Unusual Options Activity: CIFR, MRVL and Others Attract Market Bets, CIFR V/OI Ratio Reaches 328.9",Moomoo,https://news.google.com/rss/articles/CBMiqwFBVV95cUxPT25OaUpCRjdjZjRWQWhpdWFacFl1Um9od0p2Q3lvY25IZzAxc0NwNEdwczEwNHZNcjZvbnJKNnZJdS10eEcwUVc5NEdCN0Y0QUhkdXBYblMzU1kwVE5lYk8zM2FmaERvWFEyZzJ3Mkk2SEIzRUExbEVzMmZmUWdpS1hkbEFkdl92TlRhVUk5NnVaWENXX29KRTZxdVBreXhTWFZ4azRHQ3lvNk0?oc=5
2026-08-27 20:41:31,MRVL,MRVL Stock Slips After Hours As Thin Q2 Beat Meets Lower Q3 Margin Outlook — Murphy Still Calls Data-Center Strength Ahead of Expectations,TradingView,https://news.google.com/rss/articles/CBMiowJBVV95cUxPS2c4aVJMNDdGaWJ5OVlTVjhUMWNLRU1CR3Vrb3lISUxLcEFtbVVndEotc2I1Z2FNdkZBX2huTjc3RXlYU09VU3BTOFpXOW93YjQ0ZlhQMlpMMWpheHhMQWh3SXdvM1dXdE51dFpxNmRiNUZta0VuaVNhX21XVEdRcWZxSFN4OTVYQTNqYjVnVDVXVndtSGlTY3hQOGVZeTFRZUp3YjhwY0JteXBLVjVnU1FKdWJ6b1ZPZ3JILTQ1WkF5a2FoYVlNYVMwb2FlUUVta0UzWTlBWHRjTkYzOXJUbS1yNGVHMlZPN2NZSFdMVlplVzNZcTUzMWphRkVGeDlqR2ZMU1JaNGp3c2hvTjVqbVJUTC1WSmRJNVZhWGt4dzFrQjg?oc=5
2026-08-27 20:37:24,MRVL,"Marvell Technology Q2 Revenue Up 37% YoY, Raises FY2027 and FY2028 Guidance, But Shares Fall Over 3% After Hours",TradingKey,https://news.google.com/rss/articles/CBMi0wFBVV95cUxPa0NWVkl3UWJlbmVTVDhZTUFVNmdyV1drbFJ4cENfY1lXakVFclR0UVZwLVJydTVvRjB5QVdLWE9BUWV1ZEMwMXpQSi1DeXZzdFE0R0ViNFRnRzNrLVpleDZWd29KUDBNX2NEVVQ0XzR6WnluVzdmMEp3d2QwV1VIVUhlVjY1RGlidGdzMEU3RG9KR1JLMEU2QkFORU8tcE1XUkcyNGhzZTJZMy12OXUta3BqWVZyMzJPTnh1WWtxQlJPZHhxSHNwUTJrN3FhdGViaDJR?oc=5
2026-08-27 20:36:40,MRVL,"After-Hours Movers: WDAY, ADSK, S, RBRK, MRVL, ULTA, GAP",Investing.com,https://news.google.com/rss/articles/CBMisAFBVV95cUxOQUFiVU5NbmFzcEtrbV92WlBQVE5MZ2wxcHBZWU9KX25qZGJNeWZlbURiQlBzVWNnMGJmRG9hd2d5NU5rd1NMd1BWT0R4aHl2LWF1MUNEU0JSLW9nVFYyN19POWNOeUIwamg1WmljT20yekYzOTM1Q2JFZUlodGd3V2hnX21GTjh5TjdOTVE2RzAwNk1rVFhYWkdDcXVZTzlkQl9yVDU2dHQ0OFFsaUhmXw?oc=5
2026-08-27 20:36:00,MRVL,Marvell Technology (MRVL) Stock Falls on Q2 2027 Earnings,Quiver Quantitative,https://news.google.com/rss/articles/CBMimgFBVV95cUxNMmdmZ083M1E3RDN5V3RFM1lfODdHeE8wTWJJYmRmenlMV1JLTU1BcDAtNmxZTUIzcGJISjhYcjNEYmJVT1RYcEJBYlB1Vjl6SDNrTXUyaHdtUzh5OExJaENsSzA1VGN6a0h3ei1WN2ZuaUtsMjhVVjFkTFJhSEhoTHlUQTFEZTN2SkxfNHNiUmpMT3d3bXN2VmFR?oc=5
2026-08-27 20:35:14,MRVL,Marvell Posts Q2 Double Beat Driven by Data Center Strength,Benzinga,https://news.google.com/rss/articles/CBMitwFBVV95cUxQZ2ZDVl9OVGpHZHRKZDFDZUk1bDd6QWo0WlREUk1VV2tkV1JpdWFBYXBFTnpJZlFCWUU0bkRIUXZiVTBfdHJpUTQyS3NZUUttZndYWTRlU016aUkwWUV5QjV5SXI3alN6M3pHRlRmNm5ISm1wY1JWRUlla0FaSUt5ZEh3d1hQbjZFTVFNZllyUV9UeGFDQTRDUFBGZjhldlB5VFFPSDhyNjJCdU5YUWwxQUNadWRUQ0k?oc=5
2026-08-27 20:35:00,MRVL,Chipmaker Marvell Edges Above Estimates But Stock Falls,Investor's Business Daily,https://news.google.com/rss/articles/CBMijgFBVV95cUxNQTZFU29GTjV1SFNYZGc1ckdvOTRPSmdvVDB4NXRtOWljYnFJaHJNcm5GRExOVEhwZzB2Wmtfc1NXS0M3VHhfVnl4OXhYa0FSNjJON05GeG1VQXJGSERaM1JjcjM1ZjNIR0lLaHkxSTFyUnBVYWYwdWQ5Ukg1dUowbklQUGtfUlpfY3Qwc19n?oc=5
2026-08-27 20:28:29,MRVL,"Marvell Technology (NASDAQ:MRVL) Surprises With Q2 Sales, Inventory Levels Improve",Yahoo Finance,https://news.google.com/rss/articles/CBMiqAFBVV95cUxOWkowSDJaNnNHRG53NWZlMmNLb3NGTU4wV1lmYjlGMzRqMXZQV19NRzlGbnhtaXVFRERmU21UYV9YTGhveVZ6amtUdmRtNXNjdUpTQVpKWkhfM0RYcktGZC0tRzl1T2h0MmhENUUzYmh4Y1dQQlhyWXU3LVk4eVZLd2hTdThTZklzbHJubXpHVE9DZnkxalQ0UW5UMUxINEJUaFZmZWM2a3M?oc=5
2026-08-27 20:28:29,MRVL,"Marvell Technology (NASDAQ:MRVL) Surprises With Q2 Sales, Inventory Levels Improve",TradingView,https://news.google.com/rss/articles/CBMi1wFBVV95cUxPYlcySjRfTUpRQU9iMFBYbmVDaEtlRDNWZ1BONUc2NUdrWThjZXA0V3F4UVlvcTVQYUZrVlk0dlNqc2d2dy1VUEFvUEFsUGpxWEdvek1YYjFqTTY4aEd1ZVpBZjU4cTgzUjBoaUtNZXRyMXhIeU9ReUdwRDhSRXhsS2J4M0s5c1RHMHN6b2ZUczlMOEEydVZZRGlRbms2emk1OHhrbDJwQVlPVVJFNjlnd2ZfLXRlcVZjbWhrVHZMNDk4eHYxdkh1blNKYm5JR1djVlRRc0p2RQ?oc=5
2026-08-27 20:23:57,MRVL,"Stocks to watch on Thursday after hours: MRVL, S, RIVN (MRVL:NASDAQ)",Seeking Alpha,https://news.google.com/rss/articles/CBMikwFBVV95cUxQZ1NWam5WX19RV3NuV0ZCUUU3YmZheG5VRkJhM2x5NWhkNWtHQ19VM1hPenFWRDZCeE84N3ZFVFBiNWdZZUl0c1dRUTZvRlkxaUhWb0w2MTVSQ2cwWlFaUnE5OGdoV2xUNTJrR3QxNlBxSzNCZmgycTBiQ2RzZGlXU1RaN3BPYkNBbkJnZTdkdDZtTVk?oc=5
2026-08-27 20:20:41,MRVL,"Marvell Technology skids despite strong Q2 results, guidance (MRVL:NASDAQ)",Seeking Alpha,https://news.google.com/rss/articles/CBMingFBVV95cUxNRFFFcHdJSF83ZjZIbXMybk1iY0puLUh3Uk05emZiSmtQMXhWZll2c01ieGF1cUM2blRQdkk1RVhVUkREM0MxNzVoMUMxX05RRUFpd2FjeDZBRHFLZFdZeGlLR0xNNTAwUHJpNk9FRE1VSk1HRXRzbmpfUFRsYUFzYzc1MDBxb2FmcDNGeVFYdDJOZnBIOExvczYwUWN3QQ?oc=5
2026-08-27 20:17:30,MRVL,Marvell Stock (MRVL) Falls After EPS Comes in at $0.94,TipRanks,https://news.google.com/rss/articles/CBMiiAFBVV95cUxNbS1WSE9NSXZacUxwQmZ2NjZaY1d4UzJ3bjM2c3B0Rm01bm1ZekdyUE9NbXVHQ3dVWU5tRzYzdmNqM0plZi15X3Fva2ZHTlNtUFNsOThpUGdjeTFsMC1XekxjcUFNX21wOU5xaHJKMVY2WVRzTXctZ1FWbFYyQ1plMG5KRXlYYXdo?oc=5
2026-08-27 20:08:29,MRVL,Marvell Technology forecasts quarterly revenue above estimates,marketscreener.com,https://news.google.com/rss/articles/CBMitgFBVV95cUxOM0ZWZ1AtU0o1X2tOMkwxTVotX1RuSksxUnlGNXByMHB0dWxlQnU4NzFVYm1pUlpLX1k5Vzk4UGgza2IyRVM4UzRJeWw1U2lSUFVKdFBFVHpCVlM3RnFrdU5wdFhvWUJJWGF3WkdmakFEdFE4a2tMTDNrbU5HTEYwdFBIR3RiekhlYzJndzVBMUhEcDZveU0xZTlzdllHQWtHZ1lodmNHdGc5ZjlUR1FKdVMxWjVPQQ?oc=5
2026-08-27 20:07:22,MRVL,"Marvell Technology, Inc. Reports Second Quarter of Fiscal Year 2027 Financial Results",Marvell Technology,https://news.google.com/rss/articles/CBMi5gFBVV95cUxQMDhNVWVTS042VzhPTnZYZWgwd2kzVW1aVm9NR29YUHZncmt6QWFsbFJIQVFrLTRsQUtjc00yZHo3VXlvcFZQY3R0dGJiVzVSNDl6bllJQldUM185U0o5LWV6UFRmSWhHMWR0STBfazA5eVNBbU4xbUtyY0xzSnphR2piOVozN1lpd0JWRmFjUDV3UzdCY2RoN3V0M0Y0Q18xYUY2SGw0X2t0ME1JOVNwZ0RzcjlMYXBwVmxhSlFvdUR3bnVNMDQwbDlqVEdQMWMtRjFDQ2cyb3dkdDFyczZJbUJEc20xUQ?oc=5
2026-08-27 20:06:45,MRVL,AI data center revenue hits $2.17B at Marvell (NASDAQ: MRVL) as it sets new Q3 earnings target,Stock Titan,https://news.google.com/rss/articles/CBMisAFBVV95cUxOSDZEMXdMbTZ0SjhGYWxraVMtV1B4ZS1sTjFEODVEbDFXMERrNldlT1F3dG5YWS1xbnVQcWRDeXhScHBIenJuWDhPQ1NHTG84U1E1aThHSTI5NDIxNUVHd2R1emZKUTFYb3YzcGVNbUVydjVYc3FWUkxwdWpfZlBUbkx1aXRHQXN1cW42MDk0Y2ZBMW9GQkRBR3U2ZGVmT2xQVkZiQTBZdm9iSnRzdmowZg?oc=5
2026-08-27 20:06:35,MRVL,"Earnings Flash (MRVL) Marvell Technology, Inc. Reports Q2 Revenue $2.74B, vs. FactSet Est of $2.72B",marketscreener.com,https://news.google.com/rss/articles/CBMi3AFBVV95cUxNS2NLNnFNVGxEZWhsbkVWemNENHItUVM3WGZCNUtzOHdkSE42ejZIRThHZjVYWmZwRC1jenA0Yk1lOWdMeEtwUDRvbGV4SWtGZk5WbThwc3FSU2ZhU3B5NkdobEJGSmxxQjItSGtvVkJlQTdEYlBNTndlRXVGZk5wU3FtVmRGQzhKS1AzUXJCc2d1R2RqWEZBeEJZMFJyZGlaM3BVRjF2V2FZQnN2a2FyajlROWtQcGwtYXU4dTZ6UzdOekNINEZDa0VDdUh3d1VRTkhkTkwyUXgzUkM1?oc=5
2026-08-27 19:55:32,MRVL,MRVL Stock Reverses to $240 Ahead of Marvell Earnings as Chip Tariff Risks Rise,FXLeaders,https://news.google.com/rss/articles/CBMivgFBVV95cUxPTHRFQ1JHRUxpN2s2N3NDbXNGMUgzSUFubXVicEg3ZVlpZGJMTFR3QTRHbEJuRGItSTV3RWVLQjdlN3FDZ0VIX21KcWpOWEY5Y0JNUzROZzlxaklkNnliM0hzQy1tUWo4MkZESkVfTWtidWl4OFJSZW5jNlYtMFVZd3VhUW1sRUEtc1ZnNTh5U2FQMmx0UXdEUlBrLXhrZExEZVg4cWotS19LWWxVeHVUNU1hMGpPZ3hDQjRVR3F3?oc=5
2026-08-27 19:35:33,MRVL,Marvell Stock Braces for 10% Earnings Swing as Options Bets Hit $300,TradingView,https://news.google.com/rss/articles/CBMixAFBVV95cUxNMk5hc2l4dlcyQkhxOXhLWUxDUG5lNG1nQXRXbFhRVm5BQ3ZFZExhNDRsbVdVSHBpdGhLcy16V1NIUTNUY3p3ZG5SN2YzZGtNM0VaYXBpdzZzN041cUpHMDNpQlZZRkpkUDItVUtQSTc0OHhqelNBd2djbTFoSUdicEFtcmNZQTJDeUR3dHdtRmptZVJ2ako2UUxDNmF2Z2kxZFNOMFF0U1F5OFRrelNkQ2sxckdWaWhjRVh1bFZLN3VNMHA2?oc=5
2026-08-27 19:21:08,MRVL,Why Options Traders Are Betting That Marvell Technology Stock Could Soon Hit $300,Barchart.com,https://news.google.com/rss/articles/CBMiwgFBVV95cUxPSmEwcEs0MzVTRDFVVzBmenJBVnFQMDhGV2Z0V0NYR3BGbUVOMU1PQUtINzI0U1pNOS1zR3lwTlEyV3NUbzQycGNXcXNxMEgxbU9DbUVOeVpJb01FRmhfaS0xQjhQUXZGbXBaUEJCY043d3VmajVyVmh5WHlpUE1nQ2RIWUtydUdXZkpYNWdRV3d4Zk02Rml2TjZpZmNsT3c5c19fVll4VUZfcnhqNUllYnRPbEVYeHN2QzRpS24wVFp5dw?oc=5
2026-08-27 19:21:08,MRVL,Why Options Traders Are Betting That Marvell Technology Stock Could Soon Hit $300,inkl,https://news.google.com/rss/articles/CBMiqgFBVV95cUxQeC1kdkZPdVdZZjdvOE9fV0JiY2xua0lNd3hwYXdDZzFIVVk4c3NnVG9aTkJsaVVyRUFuS0xCTUtOYXh3NW1jaGNjQ1lUQkNxeWJja0ZFbXV4TmE5X3RxQVlQelpobXR1M0NZUVpfVi0zck80U09DWHI1dk9fQ2lWbVAzajUtRTNob0Y3dVNNY2RkY3pleEZqWGI0Q1pUa3ZvR3Mwb1c5b09zZw?oc=5
2026-08-27 19:02:07,MRVL,Marvell Traders Send Powerful Signal Before Earnings,GuruFocus,https://news.google.com/rss/articles/CBMilgFBVV95cUxNM0hVQ2FXOTA5SmRZWDRYalJMVWlKUU1vME5uUG5hQlFQdVRSR0p6WWRreGVkZ3VzOU41Nm9uU3FzblNmcXVJcEt6cjBlSUxDck5ZeXltcHBtTW1kTlpPQlRTNnRmc2IyVUFObFAxb3gzanlsUlBHV1BWamMwa0xseFp3MjFKemREVU5xU2o2ZWVXcHJJSUE?oc=5
2026-08-27 19:02:07,MRVL,Marvell Stock Braces for 10% Earnings Swing as Options Bets Hit $300,GuruFocus,https://news.google.com/rss/articles/CBMiqAFBVV95cUxQcDlYRWdNcG5YTXhEMmotenVBNWhZSHZMUUxWSmh6c2lUdWpoVFZFV1V3M1RObHhLNDl0Sm9xSFRCNlB4anBUalRUclBTVl9tdzFvQkR1ZUVoeENUOFU4TnlJSFdKOFFNSmdDYm8yaWRLVEtnX0xQSzNqdG12bkpoUTJ1TDRxbU1KN2dFalYxd29zcVRKTktzX0hpU3lYcFpJTURkYnplYTk?oc=5
2026-08-27 17:58:00,MRVL,Marvell Technology (NASDAQ:MRVL): Can AI Demand Drive Growth?,Kalkine Media,https://news.google.com/rss/articles/CBMitgFBVV95cUxPN01NX2FSR2JkVDcyYXlFUDM3eUR1MU5QY1VEaFFXeHpxQVIwZFNRTGU1R28xN1hXbENCM3U1QTNIYTZDM2lmTGpXZmZTWlRxeng1dl96Qk9LUWxzZ1NGVzFSY2pGcnJUTnpCUVNKT0Nwc3EzeVdGcFIwZWgzVGZkSzVfcGJqMkZ0aXFwRHJISWU1ejYyMnlob2VJQWN2NnExWm1paXpYZXhwV1p5WXFka19NSFl6QQ?oc=5
2026-08-27 17:28:41,MRVL,Last-Minute Thought: JPMorgan Sets Expectations on Marvell Stock Ahead of Earnings,TipRanks,https://news.google.com/rss/articles/CBMisAFBVV95cUxPcG5jSUMxZEpRZXBhNFpJSjJpWXVQemJJZW9OMURNU3ZiY2JfVG05LUJsRmVQNUlUZnNSX2J3ZGNNd2RyckQwM2h4MU5qOXdCVDhNWXowTS16WEVNamNvdXNMSDBoSGVNbVp1TjhYZS03R3NScUgyN1RqcHJxMDB1VGZGcEM4Vzh1WWkxY253aWdTdFpfYUV6VUFONEJmNWNhRVZvQ0hJdjVwdGZyczhTSQ?oc=5
2026-08-27 17:01:39,MRVL,Marvell Traders Are Betting on a Breakout Above $300,TradingView,https://news.google.com/rss/articles/CBMisAFBVV95cUxNUVhxUHNRLWNpd0V2ZmxyMkJpM3pZbWtfR3BpWUJGeFliM1hDUVVSLUFlNEpRMUlSLXpleS1pUUdRQnRiZzBrS3RiQnk5bFR4TjlHdzZsQkYwRkRuMjFYQTlpSEhaSjA0SU9xWWZLUUVlaXNrNzQ5ZFBEcFg2ZU1GYVEtekpPNENEWDNBUHROdHZxUFZjNXpNZjNOUDNyZmItTWRGWVo3blpyRThSOGJVYw?oc=5
2026-08-27 15:51:22,MRVL,Marvell Stock Could Swing 10% after Today’s Earnings. Here’s What Options Show,TipRanks,https://news.google.com/rss/articles/CBMingFBVV95cUxOZWVMUTBfWnczT0VnVWoxY2hPM2xyN1ZuXzZTeGUwVGo1eklIVW9xTTlSRmUzdEdtei13NDZXbWsxbDNFd1pvRE1tWGhEd2tZbno0TTdkQm1tdUVvOXhKZXhqcFgtakJvWUlibVc4ZUtEZ3pnc3duUFV5WElwZ1NuMHd3X2d1bldtYllwN25pM3d0TzVzZUtfWG92dklmZw?oc=5
2026-08-27 15:34:07,MRVL,Is Marvell Stock a Buy as Earnings Loom? Morgan Stanley and Rosenblatt Have Different Takes,TipRanks,https://news.google.com/rss/articles/CBMixwFBVV95cUxOWnNVeEN0ZzVfNXpzdWVHZWZTczhUaVBVSl9SZE9uaGljTk9QeERTZTI0M3ZSbjI3cl9BS3VJb1VLTlZ2NHc4djNZWDRILTc1Z2JidkJYdUREXy1Uc28zcmdXZ0JuQTdrXzlHWFBZcUNuTWhWdVNhRmxZd2pBSTNFaUozOFZ4eFFTbHEyWWVZSEJxa3dqclNVRVdvVkxUU05za2pxQ2NvZklzMklkWVpOdWE4QmsxQUZ5WHJPNFJsVmVfb0JmZEUw?oc=5
2026-08-27 15:29:19,MRVL,Will Marvell Stock (MRVL) Rise or Fall After Q2 Earnings Today?,TipRanks,https://news.google.com/rss/articles/CBMilAFBVV95cUxQTjZuYzRtbC1JY2R5ZThpRnNIb0U1aXFTRjZHcDNFVFY1S1NNQllYM0FTa3NSTGxIU01WTjluMHAzQVJDR1B6NWVhb3hUOG5La0cxSVB2VDhBa0czYXhBdFF3T29tMFZHY1NPbEVraW13LVR3eWVZZW9xSE9rTUhLY0FkcW4xVEx2bXNSZXA0cW5DSVR3?oc=5
2026-08-27 15:08:39,MRVL,MRVL Looks 111.4% Overvalued on GF Value™ as Earnings Anticipati,GuruFocus,https://news.google.com/rss/articles/CBMirgFBVV95cUxOQ2Jpb2JaMnVGelpiMkVlT281cnY4U3pUbS1DMjV1Yjc2aG10dlJFam5ZcUdqeTk0MlUzMnBJOGtPbmFTbzZGa2pIbkJ2VGpaRjBPQ0FlOEhPOHl2NXZwNHlvazRQX01VWElFQUlCc3F5RHI4UDc2bDEwZWFnN3hPR25XVWQyQnlkSFRLY1JydXFlOHU5aFEzNk16ZkNsWjFsNTJRMnlfdnVuZTVyb0E?oc=5
2026-08-27 15:08:38,MRVL,MRVL Looks 111.4% Overvalued on GF Value™,GuruFocus,https://news.google.com/rss/articles/CBMigwFBVV95cUxNUjdMWHRfU0NPVzRMUF81c1ZER0QwVzRiRF95V2sxZ0l5QTNjeHpPNVpuU3Q5eEJLTG5KdmtZdEYyX2lRMzVkV01sVlRvRG1kNnNvT09FWHJIbUZFQlVMWmJNN2JZSG5CU0lWU0lnb1JCdkVyakRSY1AyYTM1dGRlZDVmSQ?oc=5
2026-08-27 14:48:33,MRVL,Marvell Technology options traders bet big on $300 calls ahead of earnings (MRVL:NASDAQ),Seeking Alpha,https://news.google.com/rss/articles/CBMisAFBVV95cUxQV2xsWDZuLVFibWZTYUIzdzhSZkxFNWJyLUVzU2MzbjdySFF1Y29Md3F0dzZvc3FMVXZaeGR0TDZZVTVtUDRaY3ZSX3NBclFKUklNU2p2ejJuLUtfb1RsRnV5MzlfVDZ1cmR4RDgyeFVOWm5QVlV1ckZiUnpPbXZPWTlqT0pFSmRzUUQ5S2hXS0RZU05icVpmY05uVGpndWVaaWdpRDNlRTJiYndyRF9Kag?oc=5
2026-08-27 14:31:07,MRVL,Marvell Earnings Prediction Market Preview: What Will Matt Murphy Say?,Yahoo Finance,https://news.google.com/rss/articles/CBMiqwFBVV95cUxPM3JnUEdka0laOWVYOGNJNS04V2NCdi0wQm1BMlIyZUE1dU50ZU5IVDZXbGNDa1IyTF9oNDZ2aXhSd0JraDJUZDMzM1A0Q0FST1ZiTzVzc1ZsRkhNMW9MYk5zRjU5LVdSV1hhbzJSMVZILVVDZXMycmY3M0djSkpsLUJvUDh5Vkx1UDI0Y2EtUFV3aFQweGdnamhhUXlmYWt4eDhKaU9BRnk4bFU?oc=5
2026-08-27 13:46:41,MRVL,Marvell’s Big AI Test Comes One Day After NVIDIA’s Blowout Quarter,MarketBeat,https://news.google.com/rss/articles/CBMiowFBVV95cUxQM0FRVlYtVEY2eUtCbnlOd3MxOXB0UWdfYWkxN21DdkZ0MjR4c2pwMXFSSGpwNTNUR0E4b3lyRDdoLXpkODIxWkcyUjd2R2xMdlZHODIyWEZfMDAtME5BbFVZVmtkMW9hSzFZTG1kRTh0S0EwQS1nNjlGZV82RkhHSlhBYnpqUmh6UmV1Ml8wVFRSYkl4eXI2eXNlYVZ1andoUEg0?oc=5
2026-08-27 13:01:37,MRVL,Marvell Technology Shares Rise Nearly 5% Pre-Market Ahead of Earnings Report,TradingKey,https://news.google.com/rss/articles/CBMixAFBVV95cUxOWVVJaTlzNC13SzBjckNWOTRJVUZNNXh6VFh1UjlLSDFyanVNWi14TDF4Ym8zcThEa3hnNG8tZjVRczdGcmZEb2ltamNDQ3FhbzdMWDF0TXdCcDM4ajNfY1RpYTlHYWszckxXSzdZZlRPcEZ3dEd4WGItbmp0Tm9iOUZRODdFdnpyazNsWGo1VnBRUUkyVVVxUU1oTkdzV1ZxWmlUUFdubFYwYjk2RndhQjNZT1ctOTFMdTA5OERtaWRqbjhC?oc=5
2026-08-27 12:34:28,MRVL,$Marvell Technology (MRVL.US)$ marvel the avenger!!,Moomoo,https://news.google.com/rss/articles/CBMioAFBVV95cUxNQm00eVNxYm1BWU90STJoSHkyTVo5aThnN1NsZEtfcDdlSG5na1JueUdCX3ptYVJLZ1Zid18wM00tN19DN1FyQ0llNE54bHJXZTBWdkdFeFRNb2g4TlE4REp2VnVvUTdzVU9HVHVCXzRFa0hkR01tTjRfNGp0THhwVkRpeDE5SjZlYi1pbGM0QXhxVjJnTUhHaVVucllnYmtY?oc=5
2026-08-27 12:33:00,MRVL,MRVL Stock Surges As Google AI Deal Redraws The Map,timothysykes.com,https://news.google.com/rss/articles/CBMihAFBVV95cUxQRjNONUZsWDl4bHJDMGxKdVhvbDZrME5jSVFkTS1uVGdRSGt5VHVEQlJkMXpWa2t6a044Rk9RX0NTWTE0VFJWUzRCdVptNzRDZ2JiRkluN3lockhzRzhpYVBHeFNVU2d4eUlVWnQ2Yjg5UkNFekk2Y3UxSk9RdDQzLVNKTTY?oc=5
2026-08-27 12:33:00,MRVL,MRVL Stock Surges As Google AI Deal Rewires Growth Story,StocksToTrade,https://news.google.com/rss/articles/CBMigAFBVV95cUxNZ0tObldRVzRTTUpISVd2dTgyYjZiTEk2VjQwQVhFOVhrdnQzcUxHNUxSZGMtN3h6a1Rpb1c3V3k5Qzd3b0p3Y1Mwcm9VRjhGdWVxbEpsWmxndlYzS2oyZDVvMjhDT1Fhd2xrUEdoNjIwSjlXNGVMMUEwM25vSTY3cQ?oc=5
2026-08-27 12:33:00,MRVL,MRVL Stock Surges As Google AI Deal Redraws The Map,timothysykes.com,https://news.google.com/rss/articles/CBMif0FVX3lxTFB4TFdOT0ZGdzRqcmUzQ3NNLS16Y0d3bEFITW9iTE14Y1Ftdl9DemxRVXR4aVFSQjJWeXZ2bU80Z1h6amlPTUhXQ3ZyQlZjRmlrTElVUWJURlQzbU5uM3J6bzNuaHcwNVZCZVp4c3hPRXRES2hlbV9LeHV0V0JxaHc?oc=5
2026-08-27 12:22:37,MRVL,Marvell Stock Price Targets Rise as Analysts Turn More Bullish Ahead of Earnings Today,TipRanks,https://news.google.com/rss/articles/CBMitwFBVV95cUxQdlZ6Wjh6UU1ZZ1lLcS1rX1dDMjhEYUtnLTF6Z0RPdElCd2JTLVQwZndpaEx0Q3hjc0ZHX1AyR1ZrYnZyRUxVczZIRWxoVGNfeHhGV2JydHFsSjdQMzQ3LUJGSG9XVmZNa3RMYjBwUThuSkNLMTRtNExVUkIzelNIUDAwa2JOYkEwRHpNMV9oTnJLbVdPY2xnWXlybGV3Ui1KRWEyUFJBcElzWDQ2ZExHWFF3MVE2aTQ?oc=5
2026-08-27 11:45:27,MRVL,"Marvell Technology, Inc. (MRVL) JUL/2026 Earning Prediction",Intellectia AI,https://news.google.com/rss/articles/CBMiggFBVV95cUxPdDRvVG1WRFBFSndJV2NVcHNrNmxQQ0NxaXdwcnJXUzQwZjNVMTkxbVdHLWRtY1I2LU80UVlPbTNKSEVaWU4xd3I5elMybDB1NnFfUzRCWGpCRTZDeGpmX3JBZFJDOXBEYzBpUko4N1JGQjNkNVdfSXRUdTlTY0w3MGJn?oc=5
2026-08-27 11:21:09,MRVL,"MRVL Stock Technical Analysis | Marvell Technology, Inc. | May 20, 2026 Playstation 5 (FxveM5SReq)",Mshale,https://news.google.com/rss/articles/CBMiW0FVX3lxTE5BM0g5VnRUZ1JBaW1sYlUtbzhURXBXRmlCbkdOWldlaTFJSUJ1WTAxRWdGWEVDVE1NVjJHOTAyZkozR0Vzem8zcXoyMEtJVVJydjhEZzRsWjBHX2c?oc=5
2026-08-27 09:16:27,MRVL,"Marvell Stock (MRVL) Could Swing 10.35% on Q2 Earnings Today, Options Market Signals",TipRanks,https://news.google.com/rss/articles/CBMirwFBVV95cUxORWlpOG9tcUNCWDdFdkhmVUxuRGRmUlpEbnhFd1lHRFZmUWFCU1NFbjB0amhFZXVYUXRrbjE2Sm52dGcxb3NVTWJsUjBqajc2OHlJenN2UFhSWVQwaHZPdFZTZXBCZVhpbi1VT0tiVlR0OWRvTUg1NmkyZXRSUDI2Q3JmWUxGeDgyYVhhV3dHNl9DbXBmcDM0SkxKNGZRWEt4d0FNOC1NZloybDdoNTI4?oc=5
2026-08-27 08:54:14,MRVL,"Why Are Nasdaq, S&P 500 Futures Soaring Premarket? NVDA, MU, MRVL, OKTA, CRM, WEN, RKLB Stocks In Focus",TradingView,https://news.google.com/rss/articles/CBMi7AFBVV95cUxOSWRQV3lTTjlSSzNyNUtRNGRjbUt3X1czU1JselNndWdfQ01ITjJGbFFJcm84MzZKUXZtUHNUaWozbFFBUkRPWFQ3STZBaWRIREFXalNrVUVBYWdxTndxbnVCUnhJSHc0d3h4TnVMUTJtcXd2RDJWamxnRWVkME4zODNzNmltQ0Npd2ZfU3I4X1BXQTg2cmdRZXVRUXZqczVfSnBRTVd2Q1doLXZScXNfMUJGbnM3WXViazdiY0xoN3BoMV9WRERJR3dKUTNrbkhoQ2Qxd3owM2dBY2dRejVxSXNxVUljWU9pVl80RA?oc=5
2026-08-27 08:03:00,MRVL,Marvell Technology (NASDAQ:MRVL) in focus as its report lands amid the AI build-out,Kalkine Media,https://news.google.com/rss/articles/CBMi1gFBVV95cUxOQ3B2VFEwREpkU282QzNOampwUlJXWFZabzlvYW9uWWlUQlFrbE5YMTc3dzlhU1R4bmppSjZac0ozajdHQ2g0V0pRSDhvRzBraHJhRWFPZHN1RDFxTlVwOGhlaGpLQkJiNzNCLUk3M2hJd1hFanFtc0s4bHZsTzBPLWxSS3Q2SjEyVzRYVDgwUW41dF80djZNb3puWTI3S1djM2hLLXV3dGhPbEVqbk1kSjY3VDd3dE1ZWUJrUXB5Q3NmR1JvYUh6SmVjTEhmdC02Uk5tUGlB?oc=5
2026-08-27 07:41:32,MRVL,MRVL’s After-Hours Strength Has an Earnings-Quality Catch,Moomoo,https://news.google.com/rss/articles/CBMisAFBVV95cUxNSkdPbVpzVWxUdlRqcjA2dUxJOVlweXBSV0lpNEVYeVg2dlRJcnBRN3dMa0xZZkxta0k0S1V2Yi1RUHRNNFFXNTljLWtxN0NsSDRJNTNLS185aFNQbGJwOG5KTWcySV9zTUg2WWwtMkx2M2tOVjNlczlLWTB5OThuMlpkNE9rQ0NuWEY5WEQ1bWJfQWU2eWN2Q1lCS1NyMEtfYVM2d2RzbHJlRWdQNm5TNQ?oc=5
2026-08-27 07:31:15,MRVL,AI Chips and Optics in Focus: Can Marvell Deliver?,Moomoo,https://news.google.com/rss/articles/CBMipgFBVV95cUxQdzV0WU56S01Celg4OVpZeElHQzNPdlpKNnpTaU5WdW5PUC1TTUJkYkx6MmtoZUtCWkRFenE2N0NSTjlhMFU1N2pXTmh0bjRoMW1ySHk0c1ZBTEx4d1U3RTNhTkE2dWZ4NTk5ZlA4bTdiZzJ1azFpcEdMT0dPYXJVMTBsOG5HX0xEbXppb3ZDMkJIZmxEUll1SDhFOFhvbXlybmRrWnVB?oc=5
2026-08-27 07:00:00,MRVL,$Marvell Technology (MRVL.US)$ marvell needs avengers. *plays avenger music*,Moomoo,https://news.google.com/rss/articles/CBMiwAFBVV95cUxQTVpWZ1FiUGlBWG0zOEVHa1JjLVpOUDU3MnVrNGVYTkFsRFZma25rLUJJanFiOFJGRXYxSy1kRzkyVnJoZWRHdXdJNFk5dlRUc2ZJZnk5QXZVbTh4VHNzTmNvbWtuRXM1aG90bDQxNUlVV0VWV0RtclhWUktIZUs2dDM5NzVsdDZqb1R6NnNJc3ExLUxyY3VhemZ0X3l2akNxUnZBM1NZQ1AxaHJyZDdraGtHTnplZmxURDR3Qkw2ZGc?oc=5
2026-08-27 07:00:00,MRVL,"Marvell Q2 Earnings Quick Review: Beat and Raise, So Why Is the Stock Falling?",Moomoo,https://news.google.com/rss/articles/CBMiugFBVV95cUxOZU4zLVFQNE5rWWFNV2pBMTZMX3ZBUERYcWRDZHBnR1Rzck9vLVJqX0Jra25OYzNZeHkzSGh3c0gxX2JTdVBGVW1qdWxLamRLZVlBNXYyaGtFUThLZWdyelphNWxQUXFfaVdZR0dnSUc4RE1VdkpMcmdoN2xtVkY3bFR5WlZLZm1vdlhJYWdnbFYxaWxIYkVrUldGbF9KYWlyOG55RVI4c1poZWphUl8zNm9zYXQ0M1N2VFE?oc=5
2026-08-27 01:27:46,MRVL,Earnings Option: Marvell Bet History,Moomoo,https://news.google.com/rss/articles/CBMikwFBVV95cUxNTnZYS0NjUnkzeDIzWlRBUzRvWUdRU01BS0xSVm8xSEx5aTJjZ2c5WjhiOHdGVUV0UlBrV1pwbVNBX2t1SjRtelNoTHF6Rmdsb3ZFMGlMc0c3R3pQX28tNnI0MVFpSGk1eWp0S2t3MXE3alNnRGt4Ul9IRE1DckQ4bU9oN2VrdUl3LVNNR1NCSnVYZkU?oc=5
2026-08-27 01:25:35,MRVL,MRVL Stock Rises Premarket: Marvell Ships Over 5M Photonic Chips Ahead Of S&P 500 Entry,Stocktwits,https://news.google.com/rss/articles/CBMi6wFBVV95cUxQaWNBN0djRzd4MDQzQ3lIcWN6ejNMMUthXzNsSF9ZOWE2aHU2a2dlazNJTUZja2Y0cVVsVzlzbVpzNGlzbW1vUm5FNXNVYURMOGNfeEpUbDhSRndray1Kbm5jWjJmWl9Gal9TeVIyZ0NMdHZCVU0wNUwzQnl5MkN0QVVIbFlQUzU1dU5MVkMxUDdZU1NmaFQwWTNkRXpKZ0x5R1JKc1VyY1lIOXY5c1lrSDhZUS1CclBQZEI3M3JCb0Ixb3lHOE9lVm9JLXlCeDgzMF9JNUtHa1VCcUxobF8zclFmNGtiTWxlZWhj?oc=5
2026-08-27 01:21:26,MRVL,"S&P 500, Nasdaq, Dow Rise To Record Highs As Strong Tech Gains Outpower US-Iran War Uncertainty — MSFT, UBER, MRVL, HPE, MSTR Stocks In Focus",Stocktwits,https://news.google.com/rss/articles/CBMiqAJBVV95cUxQQVZ2aUJaQnNIejE3ZEh1QmtBX2VMdWNWVWZSSlpESTFWdkp5SFNjaE9EZGxNb2RGM0VCZWxVZ0VtVS1FRkRIWEdoZURiVFBDMjgzb1FLdzJEMlNIakVqOU5udFlfTlR1eDIxSzM1Z0syT25ULUdpOXE3NFlmTnJDXzNObGh6OURZNlpGdWxCNS1rRG1hNWROSDNMbUFjQ1VLVVVUQTdLMGxONlh3aVVsQzFua2hvbGh3RFlERnY5emVuWmZzUWhkLThMREpTOWljTDlDbkZ3N1N1aU9jSFhaSENBeDVNNzl5d1ZCNHZ1ckkxVlZocndQWW83eS10N3VKTm1POGxrOG5ibFp5UWF1U0FXU05rZmdOZ2hrU3JFUE5NM215MVhNcQ?oc=5
2026-08-27 01:15:39,MRVL,MRVL Stock Jumps After-Hours On S&P 500 Inclusion,Stocktwits,https://news.google.com/rss/articles/CBMiuAFBVV95cUxNZkxQLWRoVXAxVmVVNHMyNWNaLW9DeW1OcUdIZWYwd0h6ZU1iNXNpNDVYcEN6N3RxdDNzQW84cXJNRmdkZ3l1eG1YZUFuUkJXZDdUUm9FNWJ3SlZMSUo0NkdQSU5LbkhKTEQxOHNkblJWbFFYWVVwbmphTXNmV2wzMDlyOWF4cFNnbjVOd0RQb0xuRE12dHhKX0M3VU9VWlVCZVNFcUhZRXMtSU02ci1GSUtidm5MeGxi?oc=5
2026-08-27 01:12:57,MRVL,"Options Income Daily: MRNA, AVGO, MRVL and More",Moomoo,https://news.google.com/rss/articles/CBMinwFBVV95cUxPTHJWU2Z0VFl6eklOSWM5QWxYSm9ZZlI3R29kWl9ZNmMtS2hRZHp6VHl5azc0d2d4UHBEZFhYTzhadWYzb1FTa1RUZVhtTXo1c1BvbWdNYTI3YzB3SjMyYVZxRFgtUVJnS0tpaE1RNi1sc2wtRnQyYnZqNXc1SFVuaTVBRW9UTjZQZkFmT1NRZWNhM3o0VWc1QWhmVVloLTQ?oc=5
2026-08-27 00:51:08,MRVL,"AAOI, LITE, COHR, MRVL Stocks Bounce Back Overnight: Why AI Photonics Stocks Drew Attention Today",Stocktwits,https://news.google.com/rss/articles/CBMi7gFBVV95cUxOZzZ2Z2FySWF5NUZqUUVZM3JMT0lqbi11d3c5RkxkYUJMdWJFZDFvSFJKUXhJRU5HZThSMWVFSjJGZkZob2pXMENpVHVxN3QtczNHNW0wbk5RcFhOMkpRbXRZTHlfSFdfM0hiVWZ6bUxQSXdtNTZoaGo0bU8zMTd5UmpSZ2ZISVd4Y1F2UlZuTXZlWDM2S0ltZlZzZFEzOFBOSHNjYTJINnhucWlGSGM5T3pEM0JfamVGLTAwaVNqa3RGYzV3QTJQdXBDZFFfN1p4Z2pMNVoxdGlsMFM3YWw1MHdBa3p3V3ZUcWNwUzVn?oc=5
2026-08-27 00:33:17,MRVL,Marvell Technology (MRVL) Stock Analysis: Should You Invest? Venezuela (ANyWj9i1uy),Mshale,https://news.google.com/rss/articles/CBMiW0FVX3lxTE1yTVlsVi1qSkFvNktJb2FlSE1EMVhOSmVpX0NaV0tNSnI1X0NiZzZLSURKLWcxYnQ4dGd4LWpRRVF2TWJzMVNsaWF3eWFQb2dqTEdUUFR3QjdoUFE?oc=5
2026-08-26 22:29:51,MRVL,DJ A38 ADIGBATE PETIT CUI {CLIP OFFICIEL} Mrvl Stock (diTavLYpCW),Mshale,https://news.google.com/rss/articles/CBMiWkFVX3lxTFBncHd5czJvWVQxRUdTdXV1QTFRMEtSUmJWdUF3ZC0yNlhZY1JyT21uZm5ZZWxtTVJxRm5FSWhyVm95TENIeEdSOGxPWHdvTGhiTl8xY1F1WEROZw?oc=5
2026-08-26 22:19:25,MRVL,Marvell Shares Jump 3.6% After Hours; Options Market Signals $22 Billion Earnings Move,TechStock²,https://news.google.com/rss/articles/CBMiowFBVV95cUxPaG9HNEQ4RUtNX203cU1EakVkOXA4Q080NHJXcEdLaEZQZU56WG9hdkNhN2l4cm03SmIyTTNwazRaNURKX05sZEtoMkcySXRGTVVrOUNYdHB6TDJLcW9tYUNlZkpVakZ2QUNfeGhRTWQwLTFwb1RMUThQUW1iZTVvTkF6c0U0cGRlWGdMR3lQNjJueVAxSG51dmNSR3NaSWQ1VFFZ?oc=5
2026-08-26 21:28:00,MRVL,Marvell Technology (NASDAQ:MRVL): What Could Accelerate Growth?,Kalkine Media,https://news.google.com/rss/articles/CBMipwFBVV95cUxQTWdzeHROcUlSUTJMZlR5ZW1CbDNCeTB0VjhvQ1FqVUZ1cWY3REVJdTNOUVlwZm9pWHJ0bVM5dlE2Q01MU0xHb2pBZUJpYWViQVJkZG9tSjlGTFdpVlFLX0RBNDBiQTM0cDkzMktsN2JLN2pWNFVtMHpNaGxuLUQ1RU5VNXBZS01sdGJoQ1RsNVNtWjhsSWVPRms5UGkxZTBhbEVYcUplVQ?oc=5
2026-08-26 20:37:07,MRVL,Marvell (MRVL) Stock May Be Overvalued Even If Fair Value Looks Close,simplywall.st,https://news.google.com/rss/articles/CBMi2wFBVV95cUxOTEtlSW5INzFVTVE0ZVZlcmhXSEJKWEFaWTVlSmp4QmE1a1NRejRRNHZCRWhkcGRqUnBaS0NOQnc0QWoxcF85Z3gtU2tTWHFVQ0FvR0s3cWxfNHlxWlMzZXRscndkaXNyQmYyOVFKR2wyV3dnM0xRS0VudG5DaFNNZmxRSlRMLWpyUDVSNUFjV01yZVNDYXFSckFMZ1lxazBOVm85RGxkQmNJdVBZWHRjNEFQRmlTZHRWMkRxWjZOeDZqR3ZaUFZfLTZSOEozbnQzdEd3UFJBSGZfRVnSAeABQVVfeXFMTWNrSnNtejl0S0lvM3MxZnI5MjdaajBjRjZpN0l4TkJNQTd5bWl0OUM2RDAwa05oS0xlYmFnRHR5QnpMbTZuUW4xc1R5OUlPWkhMWWhNdTVLb3lJOW9tNXJtTEN6RW44UU9hUkFxRUtDckt3Um1iSWYxbDJtdkxRUFh4dEJBaGxNbVZvWktKX2lDM2Qxd1dNTnNLbVZUTGhpcW9FVWlSMHVibkZHU3pvRWlscXlXcXdrUGo0c1RCdUVXR0c0dmFCTGUyVTU1Zmk3MktEM0gyN1g5Y2xTa1Bmcko?oc=5
2026-08-26 20:31:04,MRVL,Marvell earnings preview: what Nvidia’s results mean for MRVL By Investing.com,Investing.com South Africa,https://news.google.com/rss/articles/CBMizAFBVV95cUxQYTVDMjIyMHlFWktWYXpyRF9RVTA1VnVDNkZqUENpSnhfVWpaSXI2WVBVTlJra3ZpMG9UWDY5M0UxaUt5Z2dlX1BUVmdMOVgzWmhHbl8wbjlfeUdHXzVrQVBVSm1WTzhGT3ladE9jcTdlUElfY0V5cnQ0cFN4N2VobUxFVjNkY1FVSUZaOV81QURhZzA3RWxYUV83TWliaUJaSThSNUQ4cnhfUlJ0Qmx2aE9xZVBNazdBTmdMckRtTWFNM3NVRXRCOUtubnQ?oc=5
2026-08-26 19:50:09,MRVL,Marvell earnings preview: what Nvidia’s results mean for MRVL,Investing.com,https://news.google.com/rss/articles/CBMivgFBVV95cUxQR3JKLXNUQVhZaDUzNnZWak9yZF9BS044X0w3Zk43X2YtMUVtaEREU1gzVE1Bemk3ajMzb1BaYkFJa1B5dThzQmtPWjVIcUNqYW13ZGFiQVhZWU51V0N1WmozbUtuRExWWmxycUJBU1U1Rk5YaU9yMWo4Ym84UmNucHdBRU4zVk15Y3pYUVpGcjhUT0U4dV90bUVraG4xTHY0aE5rOG52RlBFVmJNTDJxSWtnU3NxNEJMdE1IenZR?oc=5
2026-08-26 19:45:00,MRVL,Marvell Technology (NASDAQ:MRVL) Growth Story Shifts Toward AI,Kalkine Media,https://news.google.com/rss/articles/CBMiowFBVV95cUxNVWpLQTNwbVRmRVhJcVR6UHZlOXQtUFlsS2dEdE1DWUNvV1BlSksyODdJZjRDVGFBM3cyZnozWWxHYUtSeVFrVGtkU3c1Uy0zVFp4YWFfTmNoUkdtRG1YV3hLb2t6QzkyaC1uVTZXMGZPLVhfcTl4bkxmTzVINjVSalFHVlRrTmFGWXVRQUVSZVR6WVJlVWRRRW84R1hINDN3Zk9R?oc=5
2026-08-26 18:38:45,MRVL,MRVL Looks 110.0% Overvalued on GF Value™,GuruFocus,https://news.google.com/rss/articles/CBMigwFBVV95cUxNcVVlMjFLVl9iUzZjQk5rX2Rnb05kVGd0UFR3aGtXZk5pMWNfU2RWck5xNXF6ZUQxQy01djVqa2JCdG9uMmJtcDkzWlhzZnBsOEpDSm1yT3hTUUE3dXdOQTQxMV91OVY4eC0wbW9xRWZ2LUVWVU1FM2ZqWE5fYmloN3dLMA?oc=5
2026-08-26 18:26:48,MRVL,Rosenblatt Resets Marvell Stock Target Before Earnings,GuruFocus,https://news.google.com/rss/articles/CBMimAFBVV95cUxOZ3dIZVdmRFhsVjNjazlTMHlLTkhJWXRaZ2ZINXNFd0lDbG51WGxRMXFUOGNVeDJsdkF4dDFkUi1ZVFpYQ3lRV1VOYmtvUjFxdVhBMEhEQW9IUUdRNzlsVmc0elFPRGNpcVBwa25ZeVRZZVpScVhxVlRfVG45VEZQY1hTS2FJWE9ON3VhZGNMblBTbFVWdkVCQQ?oc=5
2026-08-26 17:46:00,MRVL,What Is Driving Attention Toward Marvell Technology (NASDAQ:MRVL)?,Kalkine Media,https://news.google.com/rss/articles/CBMivgFBVV95cUxQRm43MHNqYXpBQlZyOFUxZDBFa1M0SmZKb3RGV3dnU3UxbHdsZnYxbXJhaHplRzg4bWpZV0dSZ1pUMlBuMm8wZGRCUDdCTzRIS1A0bC1MaDNBX1oycDRTRndQR0JCUHNMdXhnMUVqbDlSWlZpa3J2dkpENnlSNm5WN1o0NXpqaVNhdFBDdnNQYmxyNVZnamd4djVmcnVJWFA1cmNxbG9pdjV0Z0xhc3ZHYkNKcjRiWDJtVHo5em1R?oc=5
2026-08-26 17:25:05,MRVL,"SA analyst upgrades/downgrades: AMZN, SNDK, MRVL, ORI",Seeking Alpha,https://news.google.com/rss/articles/CBMikAFBVV95cUxPZlQzaG9wSkEzWHlzUWE3NXcyMFhkUWRtTHlQVEdYYTc4REZkSlc4OWs1RGpLV0RwNmxhOVB1anlZWDBXN2xqd1d3cVJDZ28yTW8xUFg4OU1adzZFMi02WmpvVENzc1pCQzBidDhaMDdLYmhRQWpBVWgxMmNzb3BtVDBIZ0JfWDVPRklpMVd4N0g?oc=5
2026-08-26 17:16:00,MRVL,MXL's AI Optical Growth Accelerates: Can It Challenge AVGO & MRVL?,Yahoo Finance,https://news.google.com/rss/articles/CBMinwFBVV95cUxOMTlZSDc5TXRUZDg0VUw3NTB3RTFPbGkzUkpMdGIxQ0hLd2k2SjhwdHVoVDFPT3VmblR1cG12NS1rSlpRN3NzUEdlNDdoeUwtU0pzbnZOeV85YnVSaWpuOXJwRDlNVDJBbDBlY3FBTUxfUDhwV2V5WEIwSDY5MXpFaUtVQkF6c3gxZnlkZG5MS0w0aHpGZFB5cVZUMGVVSTQ?oc=5
2026-08-26 17:16:00,MRVL,MXL's AI Optical Growth Accelerates: Can It Challenge AVGO & MRVL?,Yahoo Finance UK,https://news.google.com/rss/articles/CBMiiwFBVV95cUxQb0FDWDc0WU9xb2tPbWxpdVNwSnVJVmN0eGN1YnJ2RXNkN1VGc0xmMk50X3YtZDYtYl85dUNjeFpWNmpsMHJwTm1FU2lBQWVpWEpJSmFYakd1cFdDUmtseTJ3cE5LaFpDTW85VGw1UkxLbjVVYmlNcTNLVDREdFFOSzIxZGwwWldGNUx3?oc=5
2026-08-26 16:38:00,MRVL,ASTS Stock MASSIVE NEWS!? (Thank Me Later Bro) AST SpaceMobile Mrvl Stock (axbPTqoKoX),Mshale,https://news.google.com/rss/articles/CBMiW0FVX3lxTE5ySUJjYkZRWS1PcmFEUTJ0WjRLaUktLS1sNGNpLVI1TUpod0ZzT0w5cGxla1l5NFdFS0x5MXN3NEdwS2RjSUdyc2JTSWpndkNqS0IxRlFpY1h4cmc?oc=5
2026-08-26 16:05:00,MRVL,Marvell Technology's Next Earnings Report on Aug. 27 Could Send the Stock Soaring. Here's Why.,The Motley Fool,https://news.google.com/rss/articles/CBMizwFBVV95cUxQcnJNVVVqcnZneVVQQml3d2JjRWo0Q01QUG9HTFFEMG1QbE9KQlJyOF9SX2tOc2MzMWs5ejBjZXFDTUR1VEdqRkJTREljaGFISEJGS18xajRYSm9kY250Q2dZNl94dTNESUNpaWF0ZXFfdDUtb1BpNUZCak9QR2V0dkJLSjd6cnFOWHo0eHEwNFRPbGs2WEtlZG5rWTQ0ZXlDZVNORDNJMUIxd0thUEdCNmc4cnd1WDVIQnZCVnpHQ2czV0VVWHhQQm1yaGJXek0?oc=5
2026-08-26 16:02:56,MRVL,"Ahead of Marvell Technology Earnings, Here's What Barchart Data Says Comes Next for MRVL Stock",Barchart.com,https://news.google.com/rss/articles/CBMi0wFBVV95cUxNaHhubEptRHIwVHBKV1ZxU1FzQThJQWtUVkFkSk9mTFZZWTlrUlJ4Q0J4bnE0WDhHYzZ4eFhkR21rMHljRDYyb1RtZTVNQVNyVzJmVkRNMkw0VF9EMHlPMERYclRGNGVjaG9iaHZGekx0UFNFV215Z3QyNUlsQlFsRm9mWDd5azBHcDhpQ2VWYVJXWGRodkdhVkJHT3BPaG4xRl9HWXQwUXF1V1h4MThHeWpnRkhKQWJHUFI5b2t4UWlqdVUzUGFybGxLaWgwOERRc1A4?oc=5
2026-08-26 15:26:22,MRVL,Marvell Technology's Next Earnings Report on Aug. 27 Could Send the Stock Soaring. Here's Why.,The Globe and Mail,https://news.google.com/rss/articles/CBMihAJBVV95cUxONWVSRVMtV2dsbEhHMTJuM1dsZDlOYU5lbWg0ZmRhYmZ3ZzlfQjhTVHdVeFV4dTBtMGpLeWNIS3VEaV9wUldhQklGTUxmWGtwSmJ2SG9PR2lHN0hRQ21BRHlCYWNoMkNqc1lMWmE0MzNuUmxSMWgzWnNwTV9xTHZPUlVRU1I0bUYxNVVkeTB1djNLRmlWMVhRVFEzVFJyMmNpbGtJOFpKdDhDQW1IYW1ZeEpxQlZ3Qm9OSnFFUTBEWnBSeXNoMmJfOFBUM05kbnBUdFJZUEdraFRadVJQdG5zOWpGNUdOTENHcHFGaUs1bk1GSEhlV3VRYkhOZDYyOGstT0lXSg?oc=5
2026-08-26 15:17:16,MRVL,Marvell Technology stock returns 32.55% annually over last decade,scanx.trade,https://news.google.com/rss/articles/CBMixwFBVV95cUxPOEx1Z19GbnBYQ1NWZ29CSkI2Z1Mtd0xNX2tEUXROSEpRNjZzNEh2Ujh6elNpUzZSNkZxOUlUc0MzZkxod3h5NFpteHB0ZXI2VUszSzEtNURZZmNKTFlpTUtQNWJtdTQ1Um9xX2JxczQwRWhScGw2dFN3MktSdW5CTDFsaDVzcGlUYmpJWXJoVHg4d1FvZWVSRGM0dW12bndaTml0aEZWVXpsMW92TzVSUVNadklzbS1IRDVKTDk0eDQyRzc2UDJV?oc=5
2026-08-26 15:05:50,MRVL,"Marvell MRVL Pre-Earnings Aug 26: Google Custom Silicon $120B Agreement, Q1 $2.418B, Q2 $2.70B Guidance, Aug 27 Report",TradingKey,https://news.google.com/rss/articles/CBMi5wFBVV95cUxPaGRfZmFzdVpTVVRNZlIxY21QZGJrMWsySFE2bnV4VjhQRmRLTklDN25JZ2hzWTZ5cEw4VFJLT1E3aEVMX1J5V1d4T0o3V2N4YnNaX2dyd1loUXczXzlITVFqYXplSVZleHFDSkU2ang3aVJkNmlvLVlYR3FXcFBPdGdWMG43VUw2UGFUejlDZkI1elZmY3VIVmwyQjhTVlhnSGp5Yy1SY0JHakc0cWVLNEZpMXJYOXZJcTFkNlZWd2w4ejV1Tl9ZYXJ3U01UNDN4YnhBRTVhU2FhdFloaG83a2pMSTZHUlU?oc=5
2026-08-26 14:00:28,MRVL,$Marvell Technology (MRVL.US)$,Moomoo,https://news.google.com/rss/articles/CBMihwFBVV95cUxQajhLTVFtZ3dnVWhkdjBweFBaTlM1V3hIZ010T2VHNll3Ti0wRk9salhEMmdIckhtQjY3Y09COE1BVE9seEZfaE9oMDFicGR2WDB1YjVkY0dzVEJWYVF5NGcycVFtcnZfZ1R5TW4xeU9iU01aWVpqMFl3ZDVmWEE4RFBqaTJJeDQ?oc=5
2026-08-26 12:41:07,MRVL,NiziU (Miihi) 初のソロ曲 - 'ずっと(Zutto)' NiziU The Cinema Mrvl Stock (OS1PuWUnH7),Mshale,https://news.google.com/rss/articles/CBMiYEFVX3lxTE1YUm1iQ2tEN211eVRqOEsyWVJDTFJxbS1DZ3hRNW1xU2FsbWhObGFOaFNCNGl3VmNzY0lOaVRPR3ZxampndV9PbGpHQzU5X0l2WGJjNjZySWpqZC1SbjNqTQ?oc=5
2026-08-26 12:16:26,MRVL,"Rosenblatt Securities Initiates Marvell Technology(MRVL.US) With Buy Rating, Announces Target Price $300",Moomoo,https://news.google.com/rss/articles/CBMiwwFBVV95cUxNQVUzME1TaFdET2pCdWF5RkNOT3JWT3pPdDZ5Vno3dzlsaEktZW15TnlEM1dQd3dyVlo5RFlXU1dwcU5tQUJRMHJaU2VlMXgzeGlQSU1XUkdFU2FjeXRtZkNOTURHT0pDaTRwcWVTSUNvcTI2VnRlb1NlbFpINXdHWG5laE9xQkZ2Q25uT05QWjlWTi1qWFZxTkhzZ1pZNDhhSXk1UEpPcXRiYlhBd3ppNWE4WnBGdzdPNmNQd1VyUGgxVXM?oc=5
2026-08-26 11:32:16,MRVL,How Will Marvell Technology Stock React To Its Upcoming Earnings?,Trefis,https://news.google.com/rss/articles/CBMixgFBVV95cUxOdndSbFNJWWlQRk1nT1VMMmw4bGpyWlZ0UkdMbzdFRlp5WlZaSnlfWEJNdmxaaTJwa3lVb1NvVmhkdVlYcUZjZHVUd09GVjQ4Y2o2M01KZnphVHdieUFaOVFlTDhyWkQxVXpsa1lQRFRvcXdnM04yc3lZNkVtRnNIU3FpOFV2Z3hHelJWSDdyY2VTNlBoeTJPdWdwVEpUb1l2N2pIazZzcnowdlFXcWVBN25QVXhTbjNRZnBUU0ZSNWhJOEh0TlE?oc=5
2026-08-26 10:08:26,MRVL,Der Jamal Musiala Song Mrvl Stock (MYt901k8BF),Mshale,https://news.google.com/rss/articles/CBMiW0FVX3lxTFB1ajVyUmd1WWtRVHVQQTFNRlRnUnhFR3VHbVFCc0gtdENCSnF2QW1ldzV5aEVTbFRFWC1yMDBYME9UalM4dFNlVl82cTdJZkFsMnU0d01OVENWN3M?oc=5
2026-08-26 09:56:57,MRVL,MEGAMIX ASTRONOMIA MEME DANCE SONG (PART 31) + BONUS! Mrvl Stock (YsuBRM7drb),Mshale,https://news.google.com/rss/articles/CBMiYEFVX3lxTFBkSTljMUMxNkpWdUVoWHdocXlzdGRaMUpIZXppRUl5RTB4RG1sMndJdWZWTFYxQjRlVEwwdjZfa1Q4cVJDeWgwRmFTSlU4Wm9kTTdXbHRCa2s0bDlSeDJ6VQ?oc=5
2026-08-26 09:41:24,MRVL,Air Jordan 11 Retro “Space Jam” (2016) Review (378037 003) Mrvl Stock (tRbU3eFKaS),Mshale,https://news.google.com/rss/articles/CBMiYEFVX3lxTE9wblotYVlQUjBmLUZFaW1KeDV0eW1uNENpU1JxZGw2TVFWQWNfaXhobDl4anZyaXAweE9PX2pRWi1sSW10d1BkQ0h1NzdDQ0NKeFRvNkt1SndWMnJjRnpvTA?oc=5
2026-08-26 07:00:00,MRVL,Marvell Earnings Today: Could MRVL Stock Move 10% After Nvidia’s Blowout Quarter?,Stocks Down Under,https://news.google.com/rss/articles/CBMiZ0FVX3lxTE0xREY1MHNLdWE5aGJaWnlJQWFpMEhrRlZsV0stX1c1YU5SeU5WWWMzbUljQjVFZzh1WGRFVDRQRmtXZWFyRlhWZkVIZjRWd2UtNUhNUmFKZUtYa0JiVWNIMU1VbElUaG8?oc=5
2026-08-26 07:00:00,MRVL,Why Is Marvell Stock Falling After Earnings? MRVL Beats Estimates and Raises Guidance,Stocks Down Under,https://news.google.com/rss/articles/CBMickFVX3lxTE1HNkxmSnRBN2RsRlN5dHNHRGdsS3M0VFZmcC1sUXkweVJ6cUdUaXVqNE5VNWl4RVpPZk9adG5ib0tJek9QTWRoaHpGN2s4azM0NTlyVUxxNmlLZ2RQcWFqMlB6RXhkUThGRFI1WncxVTJ1QQ?oc=5
2026-08-26 03:48:00,MRVL,Marvell Technology (MRVL) Reports Earnings Tomorrow: What To Expect,Yahoo Finance,https://news.google.com/rss/articles/CBMiqAFBVV95cUxNUUp2TkJQelNCTzEzODloblpZYy1BbzVRazVEY21hR1pGZ3VsMzF6NXdwN3pTd3l4ZTVCU09HTGpYTEsxSXkxczlhSVZNb2V4eG9oT2RvRzJqTU5HakU0RW9OZW9TZ25MckFCWFp5VjY3SWNRTEktMnVndmU1NGxhVjNqbC0wRXdqaWpPZ091NmNXc3VqZk9nbEcxWHdXNWdlQWZCbWtqejI?oc=5
2026-08-26 03:48:00,MRVL,Marvell Technology (MRVL) Reports Earnings Tomorrow: What To Expect,Yahoo Finance UK,https://news.google.com/rss/articles/CBMikwFBVV95cUxNOFNzX2drazBRZ0lQbVpCWFZDX01oNVVPeHEwOE95dzdXM3QzcEs4blVRQlpXMzZTTUN5cDJodldsOHY4VEV3SkxDVWE5VDFwNGhUSXZFUEZIVmRCamtNejJsdDhhbTVhaGlLeGJIbmFSYkR5R280ZGJRV0kzV2R5MDBiMmR2QnQ4Qm12bTZZSW1rYjQ?oc=5
2026-08-26 02:02:04,MRVL,MRVL Stock Jumps 6% As Top Wall Street Firms Furnish Bullish Signals Ahead Of Marvell Earnings,Stocktwits,https://news.google.com/rss/articles/CBMi0AFBVV95cUxOcWx0ZEYwanlQSHJzT2duTXIxUGRmRlQtLTIxbTl1ZU9xd2FQY3pVNDc0b1kxWXFaVlJZSVc2dFRuTW9oVXQ5Rl9YWEphMGpONURfY2swU2t2aUdNby03VTgzRzlvOTc5eXJySklrWEFaUHhKNG9hM0VEZUd6UzJic1pPYzdJUEdzbmJMYmNMX0NSVG1oaG9oWjNZZWRXUmZmWWlEdGZpSnlkTWkwY2YtdHJQSVN1SXpXTWZweHFPaGdPRGFlcVdZY1lxdk9mZ2Rn?oc=5
2026-08-26 00:54:45,MRVL,"Susquehanna joins the ranks of bullish analysts ahead of Marvell Technology's (MRVL.US) earnings report: Citing sustained surge in AI networking demand, raises price target to $265",Moomoo,https://news.google.com/rss/articles/CBMiqgFBVV95cUxNNEF0SWd0amU0UU5FQWVEel9fM0hwdFdtM0I3ZVRkMl9lUWluUTV3aTlMQVg3S1E0TUNKbHhfc1hzMlVpRW9kTU1PcW41Z190QkROV3dhMm9vQ1BhS0FTaGxfcllGMWVsWnJLVFZJX0V2TnZwLU1zZHZfQUZMb0RkelhsaC1tWkRMN1llMlpkTU9rbFFxVHpYS0plNnZ1a0N0ZFVnMlY5czR4dw?oc=5
2026-08-25 22:48:24,MRVL,MRVL Stock Inches Lower Premarket: Outgoing CFO Files To Sell $65M Shares,Stocktwits,https://news.google.com/rss/articles/CBMi0gFBVV95cUxQTXZGYUVyaTdTbUp2WHA5Q1o1Sjd0Z2tKZmtPRmlwM2UyQ1puSGJNbl80aTNzWGZJTDVMVzhsYnU5UXRJcUk0aWdPeGRJb3V2LU9PeHJ3MF9QeVlBSGJxNmVIMlhGUzhPbGdzX1BUTmhiXzdIdDM3ZjRLdVRrV2RSRmNOdFRqVHhsLTY4Y01BWnNPaVVhYUdqS2JETGRGNUN5Qm1BR2NFaHBmMk5yUmstWGJncHpVdk5IM0ZxQVdpUmp3WGR4RW9Md1F1d2xEWW9vOHc?oc=5
2026-08-25 21:31:16,MRVL,Is Marvell (MRVL) Stock Poised for Another AI-Fueled Rally as Q2 Earnings Approach?,Zacks Investment Research,https://news.google.com/rss/articles/CBMivgFBVV95cUxQZjRBX2hGdE5ERkpveC10VXpQMnFzeEZRZlBSQ1d1TW5qbTk0NUFVZF8wYk5KUVZFemVoZnQyTk1BVEJ1NHFMQ2tUVzg0ZjQwQzhEREpWQ3RUNVB0bXl2TUFlYmZ5ZEVZZ09yT3BSaHh4ODBVMDEwYzJzajhGTnplQ2loYzQ4RjhVME1ha0NEQndGWExsaXJJOVQ1bmRJYWhvbENjOVhuUjBCT3p2TGU4N1VRXzFPR3F0MDZuYjFR?oc=5
2026-08-25 21:18:40,MRVL,A Look at Marvell Technology Inc (MRVL) After 4.8% Gain -- GF Va,GuruFocus,https://news.google.com/rss/articles/CBMivAFBVV95cUxOenpjbUFGVjVselg4MVkyS3BFd3I0QXlQSlVNdzJjNVhaVVVRQ1I5emdxQXBJbmlpZEN0MVpSVXpVdWNTTVEtZnhWTWhEeEhNeS05QmJrR3F6eW9WRVdlTXloWHFpTXRzX2tpVXkxVWhzYVNiUHZ2US04cU14N25JU1dCVEd2TUJjVkJ6OHVVNnZRMUVkRVNDbzB4eTBaMXlsbWd3bXdjMS11RUVSbjBLWHZKcGJibzFiaDVwMg?oc=5
2026-08-25 20:31:44,MRVL,Marvell Technology: Strong Buy After A 23% Selloff (NASDAQ:MRVL),Seeking Alpha,https://news.google.com/rss/articles/CBMingFBVV95cUxPcTRvTjVHaTVLN0hvZzF2dUpmVEd0TzFPMWx1WkRjWnN0bXIwbFYzbFV6UkpDS0ROaEg3bjMxMDJtV2dabXdRLUlMNW1DNTBwTTcwcFA1dFNtVTFGeFljcE5FWUhKUW1pbDNNY1ZXaGZPYkxyTUNxNWZXSGRiRm1ZLXlkWHFXQm11QWYtWEZVaDBZN1BmUFZoYVNPLURpZw?oc=5
2026-08-25 19:52:02,MRVL,Marvell Stock Outlook: Top Susquehanna Analyst Sees More Upside for MRVL Ahead of Q2 Earnings,TipRanks,https://news.google.com/rss/articles/CBMivwFBVV95cUxQbWViSW9HamlrMktSWFExZk43ZTlfeTRzbUlkS3JRNDVrRURWUFpLRVVJX293LTVpOGZld1o1Yndpb0d1U0M2NS1KckttSWJkZDVhdGV0clRpdWdBVFdUTEx6Y0NrdTZtekVQVHdVOU1IWGV3amVFQzFVVTBldDYxamN5aE1UdnNYc3BkTW0xdF81MWppVXpmSkgwMVBjRXA4RGNSdTc1ZVh2dmFaSVFRTUJ5VzNERURJNy1TZHVwVQ?oc=5
2026-08-25 19:36:35,MRVL,5-Star Analyst Tweaks Marvell Stock Price Target Ahead of Earnings,TradingView,https://news.google.com/rss/articles/CBMixAFBVV95cUxPNHFDa3h1MkxsUjF0UkUxV21fcmc3WWJvMmlUQ0RVcXVma1ZvYWl0czctVFk2VjBIaUN4NU1xNEU5V1ZLanpNaVYyazZiX3RmZ25KR3BlZkJxbFpQVDBuR2x5dmw3YXVxSnJicmNGMW40V2h5TUNKeW5fS1lhUmUzX0U5RjVIa2U2OExMMUZNQUg5Q0JkYnBRVmtWM1hFVzlqcHJaUjdBQ0FZUlVFLTNWVFhRNVpzcExBclRzdmdlOGduaXpO?oc=5
2026-08-25 18:29:19,MRVL,Marvell Is Partnering With Google to Create Custom Chips. How to Play MRVL Stock Here.,Barchart.com,https://news.google.com/rss/articles/CBMixwFBVV95cUxNN1dZNG9zaGhLVFZsclU0QkFwVkthZ2h5eTFOSGZ0SVhjUmdORVU2anNtOWhZQ01Ta0RXalVmTndfcVBuM0ZCS1V0YUZiOHF4YWZabjlsb3p6OHR6dmQ0aDFMMmVQR3AzYmc3MS1VV0ZNRzYxRDNpZDA4VGE2aV9vb3dnekQtVmpMLURnSTBTVFNfQ0hBQXZ4TzI5Yjh5dVBMUWZhNGlZYlBKU1l3WWVybmxPcm4xamU2NkVVV3ZHb3FIT0FOM0NN?oc=5
2026-08-25 18:26:49,MRVL,Marvell Technology (MRVL) Thrives on Data Center Growth Amid Networking Dominance,Yahoo Finance,https://news.google.com/rss/articles/CBMiowFBVV95cUxOeElRVUJiRFgwSnU2enRPdC16V1lBNWhnWmx1ZTN0TVFEZU9jakVCRVExRVhWUDhFMEdEOFRLNC1FeVdnR3BQY0VaUnI1OXpFbXkySDU0cS0yV3pFQy0xcW9mRXpKM0VIWmNGM09PanhYM3Z0T2wxckVzYzRhekg2UnJMLWh3MUFWcTRYeEhZTF9UeTVIWTY1VWo1cmVnYUJ2aFZZ?oc=5
2026-08-25 18:20:24,MRVL,Marvell Shares Gain 5% After Analysts Raise Targets Ahead of 10.6% Earnings Challenge,TechStock²,https://news.google.com/rss/articles/CBMimwFBVV95cUxQM0JsVm92RTR2SDYxc2FoMTFEcjV1cmw5cW5VYWUwYVI4MG95emZ5X2NWNjZScjYzUnN2b2VrLUoxbGdraG96RXYtNXJPWURVZVJua1lfS0txUURGOG50WDZRbldHQ1ZfcnRtX2JlMXplM0hFYWUzVkhpUF83dklieUU4WUV2MjhjeGI5cHBLOTJpQmZtMldJLU5VWQ?oc=5
2026-08-25 17:57:38,MRVL,Rosenblatt Resets Marvell Stock Target Before Earnings,TradingView,https://news.google.com/rss/articles/CBMitAFBVV95cUxOS2d3NlV2bnliUU5kOVdUSy1vYW0tX3lnbkppLWx0UUVWWWtYTDZ1UTI2bDRSd3NfZ0c2akRGTjMzcE04U0pkaXl2RnVzTHdoMFkxQnc5cGFCYjRhbFdGOEJ6NFpqTFdGSFVmX0VaRHV2bU0zOUVxZi1aOWpyYWlyQkdsM01Jd3dtZ0hTc3Y1OUc2MVQ5LVBXLXIzZUNwbk04andWQV94YlRId3M5M0tWWnFOb00?oc=5
2026-08-25 17:55:00,MRVL,Marvell Technology (NASDAQ:MRVL): What Could Fuel Its AI Story?,Kalkine Media,https://news.google.com/rss/articles/CBMiuAFBVV95cUxPaHBldjJhQ1cwbDFRTEQyQ1M5RkhaM2ZyS0UzSjRKTF9HdFl3akh4QXlLaXV1QU15S2lxd0p6b0t4X3Jmc21veW9FVFdMcXdWNks3TGUtMjVOX21HZVdXeDcyTlBhYmRVc2p0Nk1yZWdUdU9VUUdHd2FLcG5VVURoU2FHVG91Z1diSmh2Q2lwVm0yelRyMjRkV3FaQnBDTXVJd2pKVUlDRmE4UkVaN3FuWGxHald2aGZX?oc=5
2026-08-25 16:54:00,MRVL,Why Marvell Technology Stock Is Rocketing Higher Today,The Motley Fool,https://news.google.com/rss/articles/CBMimAFBVV95cUxNS0RrU0hYRlVpcjFiZDRfRkttYWhiT1B5bHE1Uk1MRTJYRGJMYlVBaVVGejBDTHdDdnNpQnZJcDBmb1lzNkVEU253RUpZMF8xZlVfQ1k5RlI1LXRFYmktRk4xanhhcDZTcGFTS1AzZTlZdFhGYThHUGh0bGZuTDE2MnJGQ3VPRjFvYUM3OHIxU1JJcmU0NV9VTA?oc=5
2026-08-25 16:48:58,MRVL,"Marvell Stock Forecast: Q1 Revenue Jumps 28%, but Is the Trillion-Dollar Thesis Real?",TradingKey,https://news.google.com/rss/articles/CBMi7AFBVV95cUxNNHdCZWpxVmpVNjUxQzl6N2hDdGdZWG9Xa1pfSnB3TVNYcWt2ZnMydm4wSHFwWm5zQXZmTkVSSk1nWkRUZXluMFJzYlgwYkVMOF9peGpoYzdJTWRpYkJMM0lGWG42aWVvVDJnREVxc0JaYnhjNHFIYzJBeXYtQWxTSUxtYnVvTERQbWVxVWZxa0lVOXhCZG1zQ3VVLVpqa1VlZFI0eHMta1A3T2gxcmc1S1ZMV3JlTUstUDl4SUgzVmpuUXRfdnhqTS1FbU5jTU1kSzdubkNFUk9fTENSX1Q2b1NhVVFtaXJncGdTOQ?oc=5
2026-08-25 16:21:00,MRVL,Marvell Technology (NASDAQ:MRVL): What Could Its Scheduled Update Reveal?,Kalkine Media,https://news.google.com/rss/articles/CBMixgFBVV95cUxOY2FhWkhvd2h0LTNvRmdwdWdXRFp0d3A0SWdQRkNQSk1pdUJtQkR0RFMzWUFFUzRxWnZyS3I4Q3lQOE45STFJYmlDbjdER0NYeGNlbXlaVXZPNnlfZS03WW9oQUdfLXl3djh5RVhtQVdlMzE0djNXaldpZXJISkpyczl1R2ZGTzBSSDJhdUpMTGhrOXdEM1dYY0oxTjV1bU9aMTNNOUdzT3N0Zjl0bzU0LS10a08ySGg2V0ZRUk1DN3Bia1FxZ2c?oc=5
2026-08-25 16:15:00,MRVL,"QQQ is up 0.6% today, on MRVL stock price movement",Quiver Quantitative,https://news.google.com/rss/articles/CBMikAFBVV95cUxQdmtiYzkxLThSbDFBcmNaNnZWNENNNExRTDEwUnJ0U3BhRHc1b2pfeGhKQVdzeGwwVHV3VDByNDlLdUU0WnNTdHpwSnFPQnowYXZRY0VzUzdvWEwyYmg2YmxkNzd0TmVnTmtNejB4YkpObGZLaXVpUnV5MHV1c01IQjVfVUpsdV83TEYxQXZGc2Q?oc=5
2026-08-25 16:05:27,MRVL,MRVL Looks 110.4% Overvalued on GF Value™ as AI Networking Optimism Builds,GuruFocus,https://news.google.com/rss/articles/CBMirwFBVV95cUxPTXJrN0RkVDdhVy1jY1REcUY1NmVOWndRc3U0SEQtbUk4WlVpYkppcWNCNzV5aGxXUWRsZWFpajd2Zk5SQ01fNmJ1MGpyNlQ1RjBfYWJMWlZQcFNvODl4WHA0T2dxMXRDRjFMbzk1dS1VSzZNZjlmay1JTmU5R1JnTTBfTGJpV0xncEljdE94aVRSVWZiUFYzeGdnQlRjUFJVeXFJWUVoVlcxeU11S2VN?oc=5
2026-08-25 15:57:47,MRVL,"Marvell Q2 Earnings Preview: Stock Rebounds 49% From Lows, Q3 Guidance May Determine Whether Recovery Sustains",TradingKey,https://news.google.com/rss/articles/CBMi0wFBVV95cUxONFN6M19rTkNIZXpZNTFIbUo0alc3NmZPODl5RG9hZ0hFcEowMUppeGFfb0xmRGtRSFc0UUNhMTZSRG82ck5NaTRaM3hLbkR0dV96bDhCaVp5eEtaOUlPbkgxX3ZzWjNINm4ycHRjNkZPX2F3VUxCMjJ6VVZpNXhYNmZiY1BMbFNGVEg3WDFQYlJyYi1Wck9jOVFrbVBJbkFVZ1pMNThfQjBtZy1QTmRaUW9nSGpjdEJKOHpMZV9EVHFDei14Y20tSnVLazhJZVlaWGM4?oc=5
2026-08-25 15:48:41,MRVL,"POET, MRVL, BE Stocks Hit 52-Week Highs Today: What Drove These AI Plays Higher?",Stocktwits,https://news.google.com/rss/articles/CBMi1wFBVV95cUxNS3Buc2M1czNEZGxPS2RQbldySW9XZ0hRNGdyZFJIT1lVNjZPdFk1emx2X25hUjg1Wl9kS1NsZ0V0NHFZUUNxbUdibXktZUhFN3ZDSGgyOEJxYlBJQ1dmejR6R0Y1MUw4MEV0U0RNYlNXaEUtQmZidHZfODFQWENxUEcwNlBDT2MwSGstSE1BVEVGTDFrTXdoRS1xNk53bWt4cE1WdmczanlhOWloTWlMOEl5WVQxNmc5TUwyZmVrTzZ6VnZWbnExNmlpNUw5TmxZNm9taUt1Yw?oc=5
2026-08-25 15:37:06,MRVL,Why Is MRVL Stock Rising Today?,Stocktwits,https://news.google.com/rss/articles/CBMimgFBVV95cUxQRTR2dXBUNW1nVU0xNmJrX3lmUncxRGZxTzJyOF9vNTVwUDJ1QVFCVlpUV1JhUWlZZmt3d3Y0SkJfUTFpdHNzU2I1ZTNoREI3ODljU1h2cXJSdjcyTGF2SmdzZWdHdTlJSmIzRFNKOUlSVmE5bVE0THI4WnlKSE1ORHp1Z3J6Uk01blZWWU1IclJLQTJFYkhxM3RB?oc=5
2026-08-25 15:21:35,MRVL,"AEHR, INTC, MRVL Stocks Hit 52-Week Highs Today: What's Driving The Rally?",Stocktwits,https://news.google.com/rss/articles/CBMiwAFBVV95cUxNc0pGenExc0RoZFU3UVJGOHltSWsxejBESEhpUG03bTA3SWZDYmwwUmk4bzNGMGFaNTNIRWlVemQ0X05QRnQtY3psdGxYOGRCMk1ESVZnbTFfd0tJOExRRUIzbktNc2xHT3V4WUU0VXZhNkZlbnVQUFJIdFNpMDlCR1ppYjg0Vjdac2piQXVfWUc3UnRaMWZ4V0FsZUJHbUFka3UzVEZfZTR0SXNsdHhsMmRGVkFTbGRFVHI4QkR0eEk?oc=5
2026-08-25 15:15:00,MRVL,ALAB Rides on Strong Scorpio Demand: Can It Outpace MRVL and CRDO?,TradingView,https://news.google.com/rss/articles/CBMivAFBVV95cUxObFA3WDRaelRfd2RwQWM5UUZTS3kxdVdIVWduQmpWX052TVEwZFdUUkdaNTlxUG9GdTIxUHUtMHFGdWFkTDFkNllSMkFMWnhIb0tOS0xuV1JlMFJnV0dCaU9qM2V2NXF6MHNEeW9OVEdSTnBhQTUxR19aMnd5UUduZDBTTGhMZHpZSktHVlRwdVhOYnRDQm16UHppd09DUFJteDB0cTJIYVFzODljRmVFc3AxUi1xejItcG54LQ?oc=5
2026-08-25 14:45:38,MRVL,"MRVL Stock Gains Ahead Of Q2 Earnings – Wall Street Hikes Price Target, Betting On AI Networking Upside",Yahoo Finance,https://news.google.com/rss/articles/CBMilAFBVV95cUxNMVBXWVI4NjZSTVROYUZHSkczTklMZUZpTmpoamNIanVLb085ZmE3R0RBOFNCN2tIbFQtNFZDLXZPV0phOWF6S3FBVzZDTGkzdTlUN3F4UnlOZ0tVT0VhSl85YmR4MlBRdkc3eGVxaTE2ZWlob2NOUjBGamEtNURROG5uMWR1bUxuYmtmdXlMZlFnV2FQ?oc=5
2026-08-25 14:12:00,MRVL,"Analysts’ Opinions Are Mixed on These Technology Stocks: Dell Technologies (DELL), The Descartes Systems Group (DSGX) and Marvell (MRVL)",The Globe and Mail,https://news.google.com/rss/articles/CBMitwJBVV95cUxPVUhwbHBPNTd4UXdBZU1Jenpka0lZaHZRQ1lvX0F6UlRpdWRYZzcxd1M4ZHdzR2ZWZ1FvZ05TazA1Z2k0RXc5d3o0bUFyUDNVOHJUc1Npa1J1LUsteWJ0bmxTbDBPbU5FVDNBYTV1MVMtTGFpYlJienNSdDJheDd6azVYTkQtQ1M0ZzMwOHk2MFBsQmR6OUthY2tiRHpaMzJxSGF0RHg3UTE2eTlPVkpteEtiVTd5YkkwUHk4TVJUbldWRVdkUGpqckN5WUE1cGd3MUhpSEdhUmRlbUNXenVWbTctQzlINUhoSVdxNFZNZndzUVg5eExZYVB6d1VlVzVkOXVBZk9hOXpvd09ab296OGszdHN1X3FOekdFSk9oNmNJeWFnUDZYNXZ5UWJnSTdpbktGaTNfOA?oc=5
2026-08-25 13:47:17,MRVL,Marvell Technology Inc Stock (MRVL) Opened Up by 6.77% on Aug 25: Facts Behind the Movement,TradingKey,https://news.google.com/rss/articles/CBMiiwFBVV95cUxNMzJvY0E5V093bGItVGhnTW5XekN5VTVKaC1SM1hMamRLWGg1NW5jYnlrcUo4bWRHcUZ0UHQ4azNHV3QwZUZpZndQNVFZODJjTUVaVU5QbXNzUzE2WFJkZHNSTVZrd0VPaG9MUEF6VzB3MFVNS3M0NjBEV2FhcG5hc2l6V1lzMzdmalU4?oc=5
2026-08-25 13:39:45,MRVL,Marvell Stock (MRVL) Eyes 35% Revenue Growth from $120B Google AI Deal Ahead of Earnings,TipRanks,https://news.google.com/rss/articles/CBMitAFBVV95cUxQcm5GdEZ4ZXVTelVZVGF0RzY5cHZEZDdpWDdpOTZjZ25yWWZwM0Fsa1hyWDFMbHpkTWg3LU4xT1ZRWS1kemFET0NGUVZHNGc2OFJMNnVpamVxY1VHSjBINnJ2U19VOUJzWnFuQTF1Q1NGNkhsSGptVFBUZ05kUU1LM1BkSko1VXdJQmVBQjdtZFNVdlV0OExQcllhVnpEdG5XakxLRExYV2xMZ0ZEQktwamwtSUY?oc=5
2026-08-25 13:32:03,MRVL,Marvell Q2: Google Changed The Earnings Setup (NASDAQ:MRVL),Seeking Alpha,https://news.google.com/rss/articles/CBMijgFBVV95cUxPaXRlQzlGdU5fV1pXbjFKUWRNRXNvN3FUWHdJZ2xucVNWS1o2YVhFSmVHVUI2SVAyTWpCVnNmQkhNeHhtWU1NVi1GX3Z2QzF2Yk1sSjNGZGhNSGJBMGsyUUVHSW1Hamd3enBlMlgzNUtxNWc2Um5BT0tJYTc5R2ROcmR3NkxXQ1dEeDM2Zk5n?oc=5
2026-08-25 13:24:54,MRVL,"Marvell Stock (MRVL) Braces for a 10.6% Move on Q2 Earnings, Options Traders Say",TipRanks,https://news.google.com/rss/articles/CBMiqwFBVV95cUxQYzVLS200Mkk1WUQxc21COUp3c0VvY2FYX1dsSmh5a2wtUHhvRmpneHNrVW9wZmoxLWtKN2ZvaWdwN0RtRGtTV0p4U0xXbVRRUERiM3M0dzV1MVljd3lDMVBTMVVsbk1iN3ZDd0ZaeE9nOGlEbkhsalV3LW4wOXR0dl8xSTNEZmpXX0VFdFR6VnNQT1AxdDhkeHEwc1Jua09jWFpWOWFWeVBjaTQ?oc=5
2026-08-25 13:21:05,MRVL,Wall Street sets Marvell stock price for next 12 months,Finbold,https://news.google.com/rss/articles/CBMiggFBVV95cUxQM3hnY2U3dFhKYTdBdHFkQjdVbDFENnBoR2V6SWw5UHdvRjNSMHV3ZFJrUmJwWWdCVUk1SHU3aFZtTjZXSXpVb3RsRllLSTh4OEtWOGFxaWt1NDU3QnVqbTBKTzdmNmptRnZNSHRUNU5WVTRDYzJxbklwdl9HZ1ZsT05n?oc=5
2026-08-25 13:09:07,MRVL,"Marvell: The AI Inflection Has Arrived, But The Stock Has Run Ahead (Rating Downgrade)",Seeking Alpha,https://news.google.com/rss/articles/CBMiwAFBVV95cUxORmhTT3lzV0NzUHZ6ZXNFQzh2d3NIMzZoNjhTbDB0TWt5MUFHTFZZam5wYV9NN1NOcnJnNjhRZldKdE04Ulo5N2pSRDMycFpaX3c2elFqTzJiQ2F6T0FEZjdFdE1BWVZKakN2Y0ZJc19tY21WUnlfX1FuWjhXcUxOQmIyUFVTRHNEVmRZSVFGT3hKLXBmanBBOXlhSVNTZkxjNGdMRTNoSk5zejhKQXFHenZYMFpaLVBtUmZhOVBCRXI?oc=5
2026-08-25 11:58:46,MRVL,"Semiconductor Stocks Rally Tuesday: Intel (INTC), AMD (AMD), and Marvell (MRVL) Lead Tech Recovery",Blockonomi,https://news.google.com/rss/articles/CBMiswFBVV95cUxQNkVEZW1Vb0l6LVE0WHM4dTNSRUh5LWk2R3ZqTXpPa3hJRHZnbnNORE45MlNpdy1Zck9qWGV1R1RYbmhLcXRlSnN6NGEzNGJKMjVQWGdmNE43OV9tQmNmMldSZk1OYWFTWGFMS3hqMGpXcjE3MFp2REViOEpYLVJCUkl6QVlYbDB0T2JKNFdxbU5vZVhwb3RwdF81X29MUDNGeEprWS1sV1IzVzUwVzlxcEFjVQ?oc=5
2026-08-25 11:52:09,MRVL,Marvell's Pullback Has Nothing To Do With Marvell (NASDAQ:MRVL),Seeking Alpha,https://news.google.com/rss/articles/CBMiuAFBVV95cUxQbnJ4anI3Z2RqVkNCVXRuWEFqdy1HVXVSQndnREt2UFo1X21uQzEzczh2OWNRT2lTRnVVRE1fOWhiMkw0aGQ3bzJRX2F6N3VSMmhLZC1Tc0hON0tvaDMzcWRFeW42Ynl3YUFQZHZPOW55YTlnRVNvSngxazdWNE1wRXdTd0Z5b1g3R2dINk1yVHFydEFTWUk4dkgxVjFZUFZIWk4yZEkwQVoxZVJ2SFd0VUZQMG1qb09Q?oc=5
2026-08-25 11:44:01,MRVL,Marvell’s $12.2 Billion Google Deal Changes the Bull Case for MRVL Stock,AOL.com,https://news.google.com/rss/articles/CBMie0FVX3lxTE9uSk5sMVpiU1VWSmRfek9FUTMyUDB4WFlETEtkcmdVYUQtRXZKMEtiQ3ZRNFpUenZqcDlybnM5b0VjZDBVRTNWdGVaWklfYWhxSE5vRW1OVlB4cVhxZDJoZ3Bpc1ozRHlkTm1tdS1WYl9oVUtZZldvQjJ4QQ?oc=5
2026-08-25 11:38:15,MRVL,Marvell Technology (MRVL) OCP APAC Focus Puts Fair Value Debate Back In View,simplywall.st,https://news.google.com/rss/articles/CBMi2wFBVV95cUxPR1dEakdYUVkzT0ctOVZYU1NiblVfZDFIVjBTcDRTckhjUmw2LUU1N2ZSTE1aQ0RqRWZJMDIwVW16SmZLU095SnI3NW9GcjduZlUxRmpfellpWkRubGYyUE9NUlpHcjhzR0F2cVc2cWcxODZzR2ljVzAzMWRWb1pwNHlEWnlsVnRVLWVfRWROU0UyS3RBRm1UNGFyYnFrbk1aWHJHOFJac1FsR3ZobGxTeTRpekgzQXdlWkRhdGNXQUo0YnFSUUpNMUh4aXpRa1ZOWmozREV6VHI5OXfSAeABQVVfeXFMTVBvdVdjQzhqS08zNV8tVUhtRzBEYW9fZXFlTnRfckw0LTl6VGZpTzd2aE5GR2V4dy03YmlXMUc4THdwMWtvVG9kYk91WXNZbHVEM0xFT2NBX0RhQnlrTXBtV2UzeE5aZXg3OHIwZnhJSF95d2wtNVFSZzZ1ai02OEQ4T3NxdFpqSzFvc3BzbDVPLVEzWnY3dVBpZHVWOUpSY1NOWWxwQ0ZJeFFHWmJvWkZmRVdqMFN4Rnp0aHRwYUZ3bC1CUWNKVXNQNXlrLTU0TDBhamE0TGZPVE1VT2d1Mmw?oc=5
2026-08-25 10:45:24,MRVL,"Analysts Are Bullish on Top Technology Stocks: Nvidia (NVDA), Marvell (MRVL)",The Globe and Mail,https://news.google.com/rss/articles/CBMi5gFBVV95cUxNcF9qYlZIOWgtbDZTTmlwbnhyeTk5Y3pRbFJOTzU4UFVwZlJoOEZTajJqZUEtR3JJaC1PT1UwV2NtQWtoVFd1YUxRWEdSSTFzQlpMdXhKMjhtdzVRX0UtdFFEN3FBak5PLTVEdGp3RjctRjVScnF6NTVxNUFPNE9fVXV3dVd4VE5RM3MwblJMZGpDUWV3YkFzSzNqQ0NrNkVKSUdKZldrTlJ5SHNhbGFjYTBJLXdzbGRhTk4wenFxeVA2dGdZVy1kQzVKa0phNy14WGdObUs0Q3h6R0tMOGcyYlM3NWZ5dw?oc=5
2026-08-25 10:23:57,MRVL,Prediction: Marvell Technology Stock Could Go Parabolic After Its Next Custom Chip Deal. Here's Why.,AOL.com,https://news.google.com/rss/articles/CBMijgFBVV95cUxQNjJCOUxXakdxaXFVQ1VKM2RrN0VmOGx5ckw1cGNoZnpXYkdaMS1SRGNmUjFzdTUxS2tMN3VYUUFJVnBsSHlDRUdkeVVGcHZFVGNXZ3dVd3VMU0ZEV0VYcWo0MzNhT2JRYjBROFZuclotS2s5T2lUVnBaT3dLS1l4ejFRelZXdHhway1uUmJR?oc=5
2026-08-25 09:32:12,MRVL,Marvell Earnings Preview: Google’s $100 Billion Deal in Focus as Wall Street’s Highest Target Hits $400,TradingKey,https://news.google.com/rss/articles/CBMi4AFBVV95cUxNajlGSXFlMFdnN29HMW50OW84NV8xc2RlOGtXV0R6bTk0QUdYNm1UbjJqQW4td0hnMXpFTVlCOFJpZm5vQUlhRG5MeUhfUFBhQkJuNUg3dUlKeTVkRjFzcU4wYjE3Nm9Ycmc3Yk92WTZIOW41SGNHQ09iT2oxSDVfemVEX1VUUy12U2VtbGJyU2ZLRVduZkZJRG1WTDdvSllHbTlPZ1BDMngydmlkRWNkOUtOYTVXTWlvQngxMldYODZuNmtoSDBzN0t0bmx6MjJuXzZwdTkxQVM0Sl9TTlplcg?oc=5
2026-08-25 09:05:56,MRVL,How to Play MRVL Stock Now as Marvell Technology Expands Its Relationship With Google,webull.com,https://news.google.com/rss/articles/CBMiWEFVX3lxTFBVWVdtVFd6N3NJTXp1U0VzNkIteHJfSkt3NzZwZF9YeXRXbU1xRjZJdUNibkZtN2c3Sm5oQTdMaUZBN2NjQlE0anVRaEhUeEtYeGZ5ejFvOEE?oc=5
2026-08-25 08:41:14,MRVL,Marvell Technology (MRVL) Earnings Preview: Should Investors Buy Before Thursday's Report?,Blockonomi,https://news.google.com/rss/articles/CBMirgFBVV95cUxOdHphTC1yVG9ZdnlWekJLQjBmWjhvVVUxY0dZYWJrbkdrX0xqcDltQnZUN3FfZURMSzZha2dvT1dtdWtweXhzOUREZVBCN1NONWpDUTB2YzFiSkR6c18xTnhTTHl6RmRhcVMxQzNIWWhjc3VrbktuMkJzeGh6LVJUX1hPNWRHbmRzQjNfaEx6eDJrOVJuTnZZT3pxZFZCYi1TX1lQam5ZeC1Ca19UN0E?oc=5
2026-08-25 06:03:56,MRVL,Call Traders Target Marvell Technology Stock Before Earnings,Schaeffer's Investment Research,https://news.google.com/rss/articles/CBMiwAFBVV95cUxPMDYwRkhpQzBxSXhwcXRDeGFpcERCNmhtRFhOeE5BNjhzVnZzY3ZhRWwweE96bV9sa2lyVlZrWEx1VmFNQkVQanZGZmw4cG1QXzZYNVdJT3B5S0YzMWMzaXhQcERtNjNTOTIzaUJzZE8wUU0taWRQX19JNllMb2FBSGxhUzdoVmRFVVVQM0Z4dlFqMUxYWTRIOWlDZldsc2JxWjVZUFVueE1BM0RWSzZ1MGs0eC1zLVNSdnMxUUtVSHc?oc=5
2026-08-25 05:50:32,MRVL,"S&P 500, Nasdaq, Dow Futures Ease After Another Record Close As AI Momentum Cushions Iran's Expanding Strikes: MRVL, AVGO, MSFT, PANW In Focus",Stocktwits,https://news.google.com/rss/articles/CBMi6gFBVV95cUxPRFFlMTFLQmUyMklSYmV4dVVuejItd1YwZ0loWk5Ga096NzNvYlliTzN5Qk5BSDNOd3A2bGFjTVBobl9QeXhzczlrWk1UbmdxNUhGU0Izdk5PRFBUdEduc0M0M2VSbXFLVl9tdWI2ZEMwSFh4U0Z5Mjlzdm5ha0NVcE91bjZVaVpvTHFxLXh0cXdYa24tUTFvN1RvdHBXOHlvTExkSC1sc2tYVDBMU2pfdVFoZU92TEtxdEhDUlRIU3RtNXpta2wwYjFCSTBfaXVnbkdXY1FYTU41elVCU1dlMlhKS0NUcHNLdUE?oc=5
2026-08-25 04:20:36,MRVL,"MU, AVGO, MRVL Stocks Hit 52-Week Highs Amid Hot Chip Rally",Stocktwits,https://news.google.com/rss/articles/CBMivgFBVV95cUxNLW5lMHBQVFVpQm5aNUJ4ZUlXSklhVFFySGtlRW5vejg0M0dLc3hybGdTYVlrZXEwdWFaSXZaTk91WnhJNzVCZzF3V1kxb3FaU3dOdjV6b2Y0SkpfaVZTa0hOQTNFYmhnTURtOXRXQ01MN2JrY0FBNFpiSDdPTmN2d1ppRTdqMldOVzBKbDRic2kzd0g0d29kc3ktbGhHcnlXOXJ6X3U5aWd4TVN3S3cteVBKekVIX1ZwWmFWazd3?oc=5
2026-08-25 03:38:53,MRVL,"US Stock Index Futures Climb As Yields Cool Off Amid Treasury Support — NVDA, MRNA, MRVL, LOWE In Focus",Stocktwits,https://news.google.com/rss/articles/CBMi9AFBVV95cUxPUzhwV1VPdlF3VlhnNUtuSm93QmtKcUFMZ1RCRG1tWjF5azBQS3pPOEg2V0txRnJXNnVfUVBpc01YV0RIbkp6ZFJfWkktRWFLUnh5Qkdja0dUMkJoNk42eDFvdk1xSjlhcFRQd0t3QjdydVQyRW1OZ2J2bkp2bndOcmRhQ0pFdG9LUUN4ZkR5blhvUkU2XzdESVlhUkVuOXdweHpMcFBaZjFHem5rQzNmMmVVTWVZOHN1RkZ4WVRvQThlNEoyUFc3YV9mbnhHekstUE14SGVuTEZwbVRncEdwNE1UMVJyOGo1UVRZVm43N3VieFFs?oc=5
2026-08-25 02:53:28,MRVL,AJ Gracia | 2026 Virginia Highlights Mrvl Stock (1KhXcz1V9J),Mshale,https://news.google.com/rss/articles/CBMiYEFVX3lxTE8wQ0hrMEsyXzdodTRZd3FrU2VtLWVrQlR4SW1fcnhLWkpveXNmVEVoVmlKU29Calp0TDlCVy1Za0hEZVlHcHVJWmF1WlVRUmVaMmlTeTNsTFZ1SUQxdGZYQQ?oc=5
2026-08-25 02:52:22,MRVL,"MRVL, INTC, AMD Stocks Clocked 52-Week Highs Last Week: What Drove Chip Stocks Higher?",Stocktwits,https://news.google.com/rss/articles/CBMi1gFBVV95cUxPVzRoMkpiYW1WTFYzcDIxOWRrMDhmX3BtSWlUaVZfQVNNQjFtZ3dQakNNNWxrbXlua0F6dXNUd1JDcXIyQ0tCLTJCYnRPMTRvNVpWVmFZeTM3ZjJxOEFBZEkyQjhTNkcwUWhJYjAwOGFFeVVwZVkwalRidjdHMGZWTHBqMGo5YVpZY0QydjhqamxyaHhiOE5ONHlpX0kyQkxwcnBRNm1PeFlTOV9kaHBDTDM3UXZQTjc2Qm1MYjZUaVl4VEk2U3o2aTVMY05TcGNUU1pFUTNn?oc=5
2026-08-25 02:31:55,MRVL,MRVL Stock Jumps After Google Gets A $12B Ticket To Own 7% Of Marvell — With Strings Attached,Stocktwits,https://news.google.com/rss/articles/CBMi2gFBVV95cUxOaUNodjVzS2M2Z0VVeUQtNWVTZEx4bHBZb3NwMXh0TnVQbGxaaVhyZnZ3UF96NDZiOGJzbnpJbnlKOTB5RFlJY05mMGo3dDhkcVJVa0pqdmxVTkQ4cGpqX0hZZV83N040RWgxT2pySXBNOEVxY2ZiX2puSDVnR2hxdk5CM2E3Y2I0RHRJLVVZS01qeVBxNV9tUVRnc2ltbFl2SlpnSnhjZ1VzeHpNbkxNUk5MTG41eW1vMXdxT3BqOU5xZl9ydGJuaXFXMkJiVXZ1QVVzNXYtbnZaZw?oc=5
2026-08-25 02:31:53,MRVL,Marvell issues Google warrant to purchase 58.97M shares for $206.58 per share,TipRanks,https://news.google.com/rss/articles/CBMixAFBVV95cUxPRktwdk9YcFc1S0kwenFqZHhkZXJnbVlqOC0yQmcteVAtVGlrU3BOaGxiMnZadXo3S3Y1ZEdZdmFTMFdPMkRMWktKNmFfMzd3U1VPd0RLbDZ3Z29mbnpDMjlVRHZTMnd2Q043cmx0V0dVbzZLOExoVThXcXdxbnI5Z2VrLUY4XzRYZmZMNHFLYi1tUWFmVkpWZ1V5QlVEVkwzWTB0M0p4aXBkUGZIdk1mWGlhTTk4bTNBR0RpUldMX2JYMnJt?oc=5
2026-08-25 01:04:17,MRVL,Marvell Earnings Preview: Will Google Trigger Another Major Guidance Raise?,Moomoo,https://news.google.com/rss/articles/CBMiY0FVX3lxTE1vSG12b25PUktucEVCT0tFVVpIR1RoTHNRcC02dVcxcW8ybUR4d2hVenNoN3VzWHFBclp2SnNfUlVQMFhBLWw2ZUg2V2pEZ1M2bzl3b29JSC0wdmViMjNCUkZxRQ?oc=5
2026-08-24 23:43:26,MRVL,A Look at Marvell Technology Inc (MRVL) After 3.3% Decline -- GF Value $115.53 vs Price $229.21,GuruFocus,https://news.google.com/rss/articles/CBMiwAFBVV95cUxNbWY3M1FGZFBWSFFISTZjaUYzQmhBX1NOQlBsamJXOEdVdGhoWTlUcm1xX1pieGFkNWZGSExCR29KYUhTeHp6ZldPajdKdFRUVzVSNlFqNUd4dG1LREVXdU42MEpVRU9wNWJkUlk3VWl6T1FLbkhRV3YxQUdCSnBBTnFiYWNZSTE3aUlzVE9mWjFJUXlGeW5YS2JFb2IzVTktMWVMeUhvZHluWkgxUHp3dC1vT2NaRzBBV2NtY0tMMVo?oc=5
2026-08-24 23:37:00,MRVL,Marvell Technology shows bullish tech growth bu...,Pluang,https://news.google.com/rss/articles/CBMilAFBVV95cUxPclI1STNrcUhXODhtekRfWng5Vnh6OWI3NlZObmZkel9tMjVlWTBCTEdERjFIbllMV0N4UHJ3LTZTUTJMZ2ljY01YM1JnRjcyR0hZZk96N2pBbDdSNUVnWnlHYkVfakNMaEs3cS14bElFNjk2UUVCSWpIdUFSOUx2R1FfWmZsVHEwN3M3WTBzTU82WWJV?oc=5
2026-08-24 23:02:05,MRVL,"Marvell: Google Strengthens The AI Thesis, But Q2 Must Justify The Premium (NASDAQ:MRVL)",Seeking Alpha,https://news.google.com/rss/articles/CBMiswFBVV95cUxNVEQtN1BIYjYwY3RjZV9jOEFHODd0clFKSGh1LUxwWmkybU0tQnJsanBZNkhTVzgwUG1BS25OMzl3OVNVVUc2SWZ4U0kyVzd2UHluMGZnLU5pWlJPU2VaOEdXNHNXTHU0LXNvbzUydEljWDRDRHZ1Vl9jX05hUXVhQUZpVFhlYjl3eXowdFFrdlNjTl9jenB2M1hrazg3R2Z5ZDg3MFlaUmRIODlVbjBEUnFCdw?oc=5
2026-08-24 21:11:17,MRVL,Marvell Technology Stock More Than Tripled On A Roadmap It Had Been Publishing All Along,Trefis,https://news.google.com/rss/articles/CBMi4wFBVV95cUxORXpZbU4tU2pVNDVwU3kzYngyZGwzT05LLUpYNkdlczVLYTZ3ZzhtQ0VBSEU0b3F2WURfWHBkcXFoSWYyNVNMMFpsU3p2VGJrQ1hZc1ZHcmRQNGVoR3B2TV9QRHZyME51TS1lbWxUcW5qMTUxMS1iRzhYb2djZ1dXSmVIWEE3dV9YMEtmQzRQd0lSVzRMc1FUWTRxYWhVNWtLQ1BfdEJZeXdKUzd0TS1maFlYakg4SnRLLWZkTEh5TmEtNTRIT3djcGg3WUNBbmdsVUdiazNMWGdpbmx6WkZUVnZZOA?oc=5
2026-08-24 19:10:31,MRVL,Marvell Stock (MRVL) – Wells Fargo Raises Price Target to $310 Ahead of Q2 Earnings,TipRanks,https://news.google.com/rss/articles/CBMirAFBVV95cUxPaXdZU2tWYThhZDVqYy1CQnF5MDNsQVBBRUNiY0hpRjVhaWtNSGhqS1UwczhTaFJnYS1DaHJfUXpuWXRlVlNDN0xpaXpYZTdhYi1ybE5NWXltdG45bDFBRWxPVFZQVlJjNk9ubFFoWTdZb21pa3N4OEFCalpPX1F3dnMyTE1wUWhxdXQ3U05yZHdUUnpvZG54LTRWZWYzbng0bVR1T0NxaUpsZ1lN?oc=5
2026-08-24 18:53:33,MRVL,"Marvell Falls 4% Ahead of August 27 Earnings, Broadcom Slips as Semi-Sector Positioning Shifts",AOL.com,https://news.google.com/rss/articles/CBMifEFVX3lxTE92SEJ0a1BCUlhGdnV6OHU3UzBKYTYzaV9MVVlGMjlzR21RNGtvcWt2WDA1QVRBSHoxaXZ4dHRIM0NVSG9YR29Obi1RY3JXMHJJOE1PMnhrdHM2NDlqUXk3a1lmSHJ2MVZydTdhM1c3UjFMRkNJdWVoSXd6TzA?oc=5
2026-08-24 18:29:00,MRVL,Marvell’s $120 Billion Google Deal Changes Everything Ahead of Earnings,Barron's,https://news.google.com/rss/articles/CBMiigFBVV95cUxNM0ozaWt2YmlTWEhPRUZpT0xza3QtVGhRaFEyb1RKVUlNM2lrWGVmQnc3eVpDYnBfeTBPclp6VGpMNFhuZDNTSFVPa3V4NjhVQURfM0gwdXM3N2NhNFpjY0hrZ1RLRlRjMG9oMXczdzNuU2Q3V3BLaHV0NU9HSFRQRDdlZ0lqcGYzaVE?oc=5
2026-08-24 18:17:52,MRVL,Should You Buy Marvell Technology Stock Before Aug. 27?,AOL.com,https://news.google.com/rss/articles/CBMiggFBVV95cUxQM1VZbFhWUEVlQnMtb3VVS0x3WWpPMnl2Mi1zQlQ5amFRZUFFcE0zdkxxalNocF9UbnBQWDlyQVJWN3BoYTFkdGZFQ0NYTXI4Nl96N2VzTXNNWk5JN2JldTF2SGpXcWtpOHB0aDhkUDl0Q3hLTzExUTlZY2RRQ21GTUN3?oc=5
2026-08-24 18:17:28,MRVL,"Marvell stock drops 4% ahead of Q2 earnings, le...",Pluang,https://news.google.com/rss/articles/CBMiqwFBVV95cUxNSlVGempTcUdZa2JqbXJjQnpzRkNDN3FHSngzNjBtRkV4MWtONEZUdlNaWnhHcHg5YzFYdzFGalFHcllpVG1hUU96NlZlRjVHVGlma0hQQ0tHa1BvR2tqU09sbjlFeE1jT3NJZmptTko5VEpQRUhlRTdEcmswa1pqSEgzVW9qbFh1a19qUF9mRUZBQnk0Zm9vYUJaSDg3Yjh3UVlPVHMzdzI2Q1k?oc=5
2026-08-24 18:01:13,MRVL,"Marvell Falls 4% Ahead of August 27 Earnings, Broadcom Slips as Semi-Sector Positioning Shifts",24/7 Wall St.,https://news.google.com/rss/articles/CBMipAFBVV95cUxQSm5kamkxMXhSaFo5SjJmZWZ3akxXS3ZtRS1fRmszZmxfeFREV2JNLTFmUm1HME96LTBzUGt0UjBJUjE1V25EWkNpZXFRaXVWOXlheXFrbkhzN2pGWFlMVXhWd1pNZzR5ZTNudjBSaF90dngyRnVHVUE3TUdhSldqeFBCaUlVM0RfcWNTb2hLZFVabkF4V2dIRzRqRkw3Q2RjSzhDMg?oc=5
2026-08-24 17:14:47,MRVL,MRVL Maintained by Morgan Stanley -- Price Target Raised to $224,GuruFocus,https://news.google.com/rss/articles/CBMioAFBVV95cUxOQmlTMy1pMmszZ19fNm1pUm9HdzRfTGNYUml5T20yRzAxaW82YkQ5VV90cHp2cndTMkNfUFpwak5icmtvNkxOMm9OMUxGRHpOWUs4bU5Fdnd0QmE3VWlWT2tjajZwM205SHJXX2Vyc2htT3MyTTBrZVppZE1mZ0JOUTd2X1U0ZXI0R3dJenlQQ0FKUHBIcXNLZnU5XzNGX2hZ?oc=5
2026-08-24 16:22:43,MRVL,What's Going On With Marvell Technology Stock Monday? - Marvell Technology (NASDAQ:MRVL),Benzinga,https://news.google.com/rss/articles/CBMiywFBVV95cUxQdFhoV1lscnhhcHdMWGFCVkhKTWpnRTZqUUI0WUloZ0dLdkdjdnlYRGkyX2ZJeW1XaDdOTXZScWVQOFBGVExGWEhfeXZyWC10Ynp6VHpKejVBOE5iLUhHd1dnUXZRNF9uWS1RdGowR0luN3BfTm5QVllRNkh4OVpYRzJycnhJNlhra0toU0RTQ3oxMG40R0JxX25sY0RERWZKMHZKVUZKSlhxZV9uXzJGd1IwakN0RmpGVDF2YndEb2Q0SFZCTnFwcWN0Zw?oc=5
2026-08-24 16:16:00,MRVL,Should You Buy Marvell Technology Stock Before Aug. 27?,The Motley Fool,https://news.google.com/rss/articles/CBMimAFBVV95cUxQQTRhNy10OGVmZzhpQURkXzJFbjR5bG9yYkxEQlVFd0lnaC1OV2pNMHF3aXdtdDZEOTlMSEJvdFdzWl83TDhhOHhnWW4tUjJpc0M5YWpERW10MzRiNGVoQVFHaTJ4YVVNNkNoS0lQcktzUktWQS1haXhaeC1qSHlQTTRIbEpjemlUU1dNUXVJTjQyUW1JWDZSZA?oc=5
2026-08-24 15:50:36,MRVL,MRVL Maintained by Wells Fargo -- Price Target Raised to $310,GuruFocus,https://news.google.com/rss/articles/CBMinAFBVV95cUxNcV93ZkVvRDNNc2R2N0NPb2RSMGZ0eDhuNFdFOFI2WGk3ZUlObzluRlVzWDAzUGVBcmtGVTJOM2VpYVFJNUpPemU5VUxlQmVpWWNEQmxkdkhrMWNjTnM2VGhaZG9UeXpZNWctQXRJUUNOQ3FYU0d5Y0Z4SG00VUMwT1NGVHQxQ0ZRbE9NVkRqODBnNG45aWJrU3dhSHg?oc=5
2026-08-24 15:33:00,MRVL,"MRVL to Post Q2 Earnings: Time to Buy, Sell or Hold the Stock?",Yahoo Finance,https://news.google.com/rss/articles/CBMilgFBVV95cUxNZWQ2ZlZUZ2cwRXNDNFFOWF9Xc3E5dFZrZXFvaU9iR1NtOWg2NmtuTWFHYlByRWlnNkl1S3J5NmJNN1RxTC1GV2EzREV6ZlYwMlJ3VGxLTkx6ckxVTFVPbWJmVnpRZVBBUUp5SGQ1VUZ6UTV2bzdGVU1RbUhPRU5BQjJuSnd6MGNZa3ZkbVVYUUM5RVh0T0E?oc=5
2026-08-24 15:33:00,MRVL,"MRVL to Post Q2 Earnings: Time to Buy, Sell or Hold the Stock?",sharewise.com,https://news.google.com/rss/articles/CBMivwFBVV95cUxOOWtyZjNoUjJkNVdfVk9WMjBDTUd6eDVkMXVzaVgwTnh6SVZCUHlVQV9tSjE1ak5UZ3J2QzFwNF9CQUZHYXZZMlhlQ3MzNktmdzB1a3k4SFpRS2NtVlZyVGxBZUc3X05UdlNSMGlESk8wSmozYmIwNnVQWFBvcUY0dFV3Z2ZkRWxZNFBqNkZUczFaME9YNkxjUFVXVzZMNmQ0QW01SUF0RllqTlVlRlNJR3hqcEZXclVjMmd3RFFWYw?oc=5
2026-08-24 15:30:43,MRVL,Marvell: Doubters Created The Opportunity -- 90x FCF For 45% Growth? Here's Why I'm Bullish,Seeking Alpha,https://news.google.com/rss/articles/CBMizAFBVV95cUxPS0Z0UGZwOVNYMEFXMkMzd05QNUJ6b1BiUVNNOXlxbEJ5LWkwUWlFanh1MVVIX1dOUk5zZUdkakFsdWdJdWlVcFlyWVpLaGV2R0hQVW5aNXhHbEZxbUhYbE83RjhXRDdIMEYwdlQtYlAxMXdWbjFyT2ZTb3VpU3pCUkNNVkJ5TG1SdVA5MjZLZ3NHZGw0RTU0eWpQNEZnLVJiOXF3TGkzT3M2Rl9VNm9YT1JwcU1HSVI1blJROENoLW8yWkRDakkwR2tNU2I?oc=5
2026-08-24 15:15:24,MRVL,Marvell Technology Inc Stock (MRVL) Moved Down by 5.25% on Aug 24: What Signal Does It Send?,TradingKey,https://news.google.com/rss/articles/CBMiiwFBVV95cUxNQ3FNbXlOVVJNSllVLVFmTTYyZVQxczA2NTZfaTdoaV9aVWRMc2ZjcEUtcW9zSl90RVdBQ25FanM5Q2tqSXZwUnNkbEdCQThSLURMeFVvNWFkUHktMDA4bWFCcDBOdmFaaml5eGlsRmtHRnVzN2Y3dDNOY2E5cHdzRy1DbVIyNjZUVnhj?oc=5
2026-08-24 15:14:00,MRVL,Wells Fargo strongly resets Marvell stock target before earnings,thestreet.com,https://news.google.com/rss/articles/CBMiqwFBVV95cUxNaFVUeERyeGV2WEwzUEx6MWVjT3ZCZzJNc2hDUTExVDZLZG5fLWV4QzBRNkVxYnZwRXJnaEx2MDl1dm1FLV9fcFhCVUw0SWg5YkYwSmxzYnVmM0JiR2ZpdzlEMHF3TW1SOF8wZVJtUUFlaDB2SHV3aUhlU1p4X1RNSFVsRE9zVHE1TkhiUHlyUnJoV3d5SkVmLUE4aDhiSkZiOHFYMlNsckhkTVE?oc=5
2026-08-24 15:14:00,MRVL,Benchmark reiterates Marvell stock Buy rating ahead of earnings,Investing.com,https://news.google.com/rss/articles/CBMiywFBVV95cUxNdlJPRUVSajB2eTNkYkVVaVA5NGwweFRiMFc2MFFwVGJTUm9uV01LLW90QVJvWmJTcU5yZ3lwYlRQQnRmaGZVd1BFcHZLWG9xeHhoYkNnckE3bTdWU3NpcGhZNlNTaDRtUGpUcVdkWDlNRnNScGNSM0JlVDJXYndkVzduS0Fhei1SbXZtZ05kc0FYUV8zQU5kTDEzUGQ4QjVuOHhEcTV4OTFzeGszMGtjcmNYUXd2SGhyWkkzMWFTcnZUd2NHVkVKVUhsbw?oc=5
2026-08-24 15:13:17,MRVL,Whoever Said Marvell Suffers Customer Concentration Risk Lied,24/7 Wall St.,https://news.google.com/rss/articles/CBMiqAFBVV95cUxPdnJkWVNERDdfR3c3THJZMTBNQ1d1QVJPX3d5UHRTUWRCSGFJS2V3RUI2RnFwQ0Zncmh3OEg5ZFUxME9xQllUWjJuUWZkZGkwNXlwN1pMeXYtWThYU3MwenU5RkZVeTE2aHBOd0VIeU9sNkY5S281V2twcENJMEk0c0lPejhIVmc2T2o3NWxNU2VJQVBfbHFHeGx3OS0zOXBrUV9hbFVSZWM?oc=5
2026-08-24 15:03:29,MRVL,Marvell Technology stock analysis and earnings preview: will it rise or crash?,Invezz,https://news.google.com/rss/articles/CBMisgFBVV95cUxOMzJDbmE4aElVSkNWdjJqeTNyRl9nX0hRTk5JemhsdE5fX1AyY0kxakZYZ2NqS0hyZGN4aTFJako3cmJfdTlVdXJ2X0NRd2oxa0dBc280WEhfdS1OdFlpOGFoME5TMExlbnBCa0xDc3pDZF94U0xvY0JyWkNSYzM0RFlndFdfOHZwSnR6b0NOb3pZbU4ycFZUY3dHWlZBaC0wcVo2UjdsNElfM0h0YktHc2p3?oc=5
2026-08-24 14:36:43,MRVL,"MRVL to Post Q2 Earnings: Time to Buy, Sell or Hold the Stock?",Zacks Investment Research,https://news.google.com/rss/articles/CBMiogFBVV95cUxQYnRQSlZYWEpxU2doMEhaXzBGM0xEQ0xvMXQwZDdfbi12MElyU096cFBGaTFycEx2c1ktWVFYZkN0MURvczdYazZ3dkRkdS1LbGx2SVBZWDRQRGpLbTFmOTA2WW9FTjluQk93U2QtRWRCbkdpXy11cUVhNERRMW9ucWZmS0wwaDhvTThVdm4yeWZNYnFUZE1FWnotbC1mdm5TdEE?oc=5
2026-08-24 14:36:32,MRVL,"‘Get Ready,’ Says Top Investor as Marvell Stock Heads Into Earnings",TipRanks,https://news.google.com/rss/articles/CBMipAFBVV95cUxQdmhZTmlES210aWsxNmVLeWNhQ2ctOTVVbE04ZkE0Vk1SYkhOVVd3MUJZN1NMa2RjaDRralZvWmRYX2YtTUpxc0M0YjhBQzU4SVhENFFBVVVQS3lLeHV5QS1vRWVzMnFyeS1tSjhLbVVkd2JOaFYxX2RTWEc5R1VGMGU2UHkxc0MzWktybzBhaXFuZUxQWmR4d0dZZXZPUHZRbWlwXw?oc=5
2026-08-24 14:20:13,MRVL,MRVL Looks 91.8% Overvalued on GF Value™ as ASIC Growth Drives O,GuruFocus,https://news.google.com/rss/articles/CBMiqwFBVV95cUxPR3o3RkJnY1B5UnhjbVR0TnBLbjN2dUt5ZzFwY2lhT2NSVVZwOGVObWVaMG5WTngwZEJSdU84bGpzQ1NzUG1DSGhrZGNiZkFCUTVXa08yLVZ2Zm1CdG1idV9XZVR4QnUxazBpOXFPOFBvVTBLaC1wUm9CZjRMME1uZkUzMFJxQjVOMDFnZlJDZEMxZ21LY1FHQmpOakNMWmF0VGxGNTFOeTVGUDA?oc=5
2026-08-24 14:19:04,MRVL,Why is Marvell Technology stock sliding today? By Investing.com,Investing.com South Africa,https://news.google.com/rss/articles/CBMiugFBVV95cUxPa05RMzNYU1VITXFSd3FteGFDNDFCR2RHcHJnbFZCNjdqSUpiZ2dRVHQ3X3R4dFBjRlJpWE5sa2dsak12WnZaU3UzYk9GLUMxaWZOMnBLWmVNMm5ycVhNWkJhbG9lbm5mQnRHLXBYYUxGd2p0VTVJX0VLQnRpNTU1dnE0LWtXVTdwTEFKM3hnZVBTWVJZd09rcGxWRjNMQV80UGZzMG5LbFR0Q1VQblkybjJ2SXRhdnBqSUE?oc=5
2026-08-24 13:49:06,MRVL,Marvell Technology (MRVL) Stock: Earnings Preview and $12B Google Deal Analysis,parameter.io,https://news.google.com/rss/articles/CBMingFBVV95cUxPd0I4Y0Y1TXl4Z3FxTEJJby1sZ3pHS2h0QjBpdkdKS0dUdC1sbktuNzVuVVdGYVFwU2kteXZkanFRVDYwN2FySktHSWswZDFXUzRUNWdzSmUzWW1zOGtFbEdMcHhzWW1DbkdsbFBDU3IxSS1lSlFfSXJHc3lrZHZ6ejJHZTFRLWMxem1lVHNZX1lDSHdfWENhdFo1Ukp6QQ?oc=5
2026-08-24 13:47:45,MRVL,Marvell (MRVL) Stock: Investors Eye Thursday Earnings Amid Massive Google Partnership,Blockonomi,https://news.google.com/rss/articles/CBMiqgFBVV95cUxOTXdwTFpxUEFISGhLdnpFLXhVTmZVc0FWVW52TTBPTE80UjZZcTVNcDJESHFrWGhfOFlJdFZjemg0YjlrZ204TjNhVzFEQ0UyUXVzR0ZxS3Itblh1UkRIMURfbnBzVWZpQTkzNVNmMXJLQnBsT01HM0hTVC1WVHpCazhPVkFUd1dUS2FodmFrYzJSaGJXYjhVYnJyTldpZ2ZHbXI4QVgxWmd6UQ?oc=5
2026-08-24 13:05:56,MRVL,Marvell Could Give Investors A Reason To Celebrate On August 27th,24/7 Wall St.,https://news.google.com/rss/articles/CBMirgFBVV95cUxON2ROMDcza2pNMTlzV3dEeVNYNnZueDFaRkN4SlZGTWZYeDVLcG9zLWtlcTRfY1pkUVoxd1lpaTg1c2hWVm5nR08xalRkY3p1LTFfcWZvV1RYdWlMQmtxNU51ZWJGQ2VEb2JFSWVjbFBoY3QtMExJekh6YWN6dHN6TU94QkRlUXR0TGZYYmF2RHcyb2RBd3RhU2tWZFV1eXpqcTlhYkFweEpjSDdZZEE?oc=5
2026-08-24 12:30:00,MRVL,Here’s How Much Traders Expect Marvell Stock to Move After Earnings,Investopedia,https://news.google.com/rss/articles/CBMivgFBVV95cUxQenUzSjZoSFNOMUlGRnNxb3RRSlRzTXU4ZGZTd2FmdFFXcUxDQldkZjNGSTBseVJmZV96dE85SHprUGRNSHJNbDNlRVFhQzdyWThTSlA2Zjc4el82SDJsb19jQlY0OEs2UXFHQjZDTFVyaWF5RWU5N21wZXJSODdUM2lGRXBYV2pxdnk5S2hiejJZdnZXYlcxTWpER2kzQXM3V2hiQkRIQzVqZGpMeUV3WTB6UGVUTUE1WEJLaTRR?oc=5
2026-08-24 11:57:48,MRVL,Marvell MRVL Stock Prediction: $340 Bull Case vs $150 Bear Case,FinanceFeeds,https://news.google.com/rss/articles/CBMifkFVX3lxTE1iWUN1TUVaUHZTTENQUmlLVHJjSmVjMW1JeTdpbkFZZWJfM0otWHhFZWo1aDFNRFRrZDYzNl9jX3RYbFI2Wi1HN09kcUVnMFBhTHlMV2RrOUJ6WEhvNEFkSURHU0hGZVNKWVlieEszeTRIX3Yxb0xFdnZfNFo1UQ?oc=5
2026-08-24 11:31:23,MRVL,"Stocks making the biggest moves premarket: Alibaba, Marvell, Sandisk, Coinbase and more",CNBC,https://news.google.com/rss/articles/CBMipAFBVV95cUxQWF8yc2NWWnNud3doN004RVBkYU82VXZBZnZvbFNRaEZxaDZQVkdlNkNqb2JxUDN2cGlzM09OOGR5Y0tCRWliZWNsNE9tUjJ5MG5rVWx1WHlYeHlUdml3cUU5LUxOVGxYVTNqQl84Wmt5Vl94LTRDNURnYlFkWGFrX1dwSGE4a1d1NFJpV056bzg1M2ZiT1ZObkY4NUpyZmNHcDRGcg?oc=5
2026-08-24 11:29:46,MRVL,Which AI Semiconductor Stock Faces the Bigger Earnings Move? Marvell or Nvidia,TipRanks,https://news.google.com/rss/articles/CBMiiAFBVV95cUxNck9iOHUyV3hkOU42VkJNeXF0bWU5VzF6dFBpQkRnSUFJSXN1U3BfdlF1MWZFbzFvRjRnWGJLajF5dE5nQy1BRV9VMzY4cXRjUHAyWW1lLXRBT3hzUVZra3JYY3RvcFl2bkM4cEJxY3JEOG5GNE1FWGNqemdtMFBESjJZNHJ6cVFv?oc=5
2026-08-24 11:11:44,MRVL,Which AI Chip Stock Is a Better Bet Ahead of Q2 Earnings: NVDA or MRVL?,TipRanks,https://news.google.com/rss/articles/CBMioAFBVV95cUxQQjhHa3puZG5kb0JJelZlMXVfUmpiTzlqUEtKeHpkWUszeURSUHNNaEgwQ0o0WElKSFgteHlXdURwMm1tUHA0MDUya0w1TERyR3NCZmozT3J2ZlI3LTc3VEkwMXBpMkU1anVMRGEzU1drdmZNaFhFWkl3S2xGcXZPU2pjeUVMNWZPYWxNcDhROHBNYW5lLTI2eXBBSl96R2hP?oc=5
2026-08-24 09:03:05,MRVL,$MRVL’s $120 Billion Google Deal Validates the Moat—Not the,KuCoin,https://news.google.com/rss/articles/CBMic0FVX3lxTE9ZZy1xRUF1ZmtZUDcyY0FkeXlRd3ZUY2NqdWZ2MkluNXd0YWFRNTk0VGVIODE0ZzdaMlNxRkFFX3F0U2R5MEhZMU5PLW5tSXB2UUdNNFA2RHp3d0c0NWM4Mm8xNHdmVGR5Y19fcjJZekMzdUE?oc=5
2026-08-24 08:52:39,MRVL,Marvell Cools After 178% Rally as Valuation Faces Thursday Earnings Test,Sahm,https://news.google.com/rss/articles/CBMiwAFBVV95cUxNVmo1UFJhb1FOOTEwZXBJTVFzU01HLVVFeTlZSFo4SklDOVNkRDd4am90ZHFQZ2p1Qjg0SEVnVExwUG1vYXFzU1NXOVZ1VXh4d0lfOGd1WnN2c2Znc0NQR2RSN2JtU2JCT25rbmh6TzFzZkhMSjVSa3RSSHVYWUg3dHJoclktRHp1TjF6bjFtSE9RNXh5cG5qRlJ6elQ5bDJ0S2ZwaXYzXzBkem1CckNxRExQWDhIdWJjblpRYldxZU4?oc=5
2026-08-24 08:14:05,MRVL,Why Is MRVL Stock Surging In Premarket?,Stocktwits,https://news.google.com/rss/articles/CBMipAFBVV95cUxONXVHQ3ZLeVNNMGhYb2xfdkdzeldJbjR5ZW9HM0dxN2stTVI1bnlhLTBBNC1ZSElCVV9Icmw2YnZad0kzUzNTZjlxNFE3RmlaeXkwYjNDbEZjVmVCX0NVSXltTmNDSG1OMmxiWXV0SV93UXlFaExWaTB6SGVYcDQwLUdqTnp5MTFkLTdEdHRrcjlwVVRKVnpqblFodDBGdzM5OUttXw?oc=5
2026-08-24 07:00:00,MRVL,"Wall Street Today: Nasdaq Comp, S&P 500 Drop as Techs Fall Ahead of Upcoming NVDA, MRVL Earnings",Moomoo,https://news.google.com/rss/articles/CBMioAFBVV95cUxOX3NUMkd2MVJoVGJnSTd6LUhpQkFFMTg3UE1BNGczYU5sOHJJQmZSYjhfeEJUcDdKaUVpaWVRdFF6NkUxa3h1cTQySXFmUC1MOTN4QkdPV2JPdzRZU3A4UlF6QnZHc2xVTFBhLXdMV2FaUGk4N1ZRTmtxVjloZ2pycHJHRnl2aWtWNWZkcXlTTE1PeGxzT2ZOb3lXTlp5N1Ro?oc=5
2026-08-24 06:13:29,MRVL,Marvell Technology: A Lot Of Moving Parts (NASDAQ:MRVL),Seeking Alpha,https://news.google.com/rss/articles/CBMiiAFBVV95cUxPNVJTQ2pGd2R2OW1HaGNhZFhGYnhQbDd4UWtfMUp6TUE0dGlYS0FoR24zcmgzTVZOOEp1anBfNVhMakczeGpaV2xCNUJPTHV6bW10UGc1aU1kV0JfSnpkNzlqNWdvcnhSSE5neWV4R3pITzdGaFJLelAxaWJLRHpHUFdMUHgtT2cy?oc=5
2026-08-24 05:01:15,MRVL,"S&P 500 Movers | Winners: HOOD, MRNA, COIN | Losers: MRVL, SRE, EIX",Trefis,https://news.google.com/rss/articles/CBMitwFBVV95cUxQZXZTd3FJZ2ZoWkJzUHlObDhUenFJcGtFbktzQzFyYXU2SGN1cEFqZ3UxLU81WWpPZlVYd0s5UlN3ZDZYSFZLZndYZ1FRZVlrNjJCRnRIekdMNWZtNk14aVY0ZEdLNkJXQ3NnYzlTcmNJODJNbWs5UTdrTVlheE5rYmhxMjdsNmR1SEtiZWdET25qeHMzSHdOWk15UE1CYV81MDgtdUdsTXp3Qll6MnpNM0Y3Nmk1S0k?oc=5
2026-08-24 02:30:42,MRVL,The Week Ahead: NVDA and MRVL Earnings; US Core PCE and Canada Q2 GDP in Focus,Moomoo,https://news.google.com/rss/articles/CBMipgFBVV95cUxQaGd5bkJLX3E1ZTdqekota2NZTWZTa1lHYlE5dDdPX0tLT0kyT3Jfa1M2NXB2Q2t0Skxkc19TTFlVU1V0dWhjdXpId0JZeTJXZVRBOWRSVEh1b1ZodWpmNGNEQUVhMGxIMzZEbEdxeVlHTWRZWnpiWUtJN2d2azRnUTA3WWN4Mm5YbTdIYXJiQ2FOaHA0cmNfMXhUM0ZIUUxfU1MwQzNn?oc=5
2026-08-24 02:30:07,MRVL,"BABA, NVDA, MRVL, WMT, SPCX: Why Retail Traders Couldn’t Take Their Eyes Off These Stocks Last Week",Asianet Newsable,https://news.google.com/rss/articles/CBMi6wFBVV95cUxQVXNWVllQX3JYT2VVdzFHM0U2eTV1SDcta09MRTcwUFdBV0hqSXZPRVp2QkItZm81cjJSVEpiUUxpcU94UG1FcDJEVzc1TUZHN1FwdUhqWXlOc1p1V2NUMy1xbGpDN3JlamxZeElTeTVpTGpvSnRwRjg4bUZVUkdVTEFic3lIbDVYSzR6UF9heGpXNjloelRRQm42MGJDbkIyOTBrRGpOaHhmTXVuVEs3QVNhWi1yZFQxd1NneVJUaVZRekdhZ1JFUlVmNlJxWFZYVVVWdjN0Q1dfQ3ZURzlGZXJ2NnZ1cEdSSEhr0gHwAUFVX3lxTFBDZklwR3FWTGN2TVBIdUFGQ05nUkp4cU1DN1FIcGpTaEZCUHdfSFRRblBTQmZMakZuNHpjY0N0S3hqOWtOdmpERzJDRGRyUS1mYnVSYmN0S3hxUFZPaFVIamlyZWZhWjFWOGZKeEpTdlN4eWtIanAyejJSWkhlU3hvRVhTVlpYV3pBZGlocmlkYlJpMXh0bDhPQUdKMGpreXVZLVM5WFFvNDlOSXVEbXdxemZlNVpuUnhvTkUwWm8tYXZWT1Qxdm4zeFNtbEEwamptRmlMdUpfd2piMEd0d3hfZGNRRnRHN08xc19NdTMxWQ?oc=5
2026-08-24 02:09:00,MRVL,"BABA, NVDA, MRVL, WMT, SPCX: Why Retail Traders Couldn’t Take Their Eyes Off These Stocks Last Week",Stocktwits,https://news.google.com/rss/articles/CBMi7wFBVV95cUxPazB2by0zaktpZi03dVgtZ2RVOEtyWDN0OF9lbUV3cE96VW5Gc1VubTdzWDZIUnNDcDJZYXZuUUVNVFZiZ0FnVjN2VkpEN2xNQ3FzWndlMDFaOFhjM1h4WVlOd2VYUzFRWUNOaVRYR0c1VDk5cHhiRkFCNFkzX1o1dmdaQTFkX041VG5fSnpCNlZTMm5mdkRYTElWTmNzTnFsMzByeXZrcUNiZk42NUxIUTdnU2cxY0dGSGRfTENJNl9wREktV3VVczdqelNpQUJTUk5KaE9FMVNIZ0UteUtFX2dfU3JreWxtODNJeXBCMA?oc=5
2026-08-24 01:26:27,MRVL,Why Marvell Technology (MRVL) Is Up 6.8% After Expanding Its Equity-Linked AI Chip Deal With Google,simplywall.st,https://news.google.com/rss/articles/CBMi2wFBVV95cUxPQ3RZZl84UGlZQlBxYTNpWHNXV2VnLUxlcWt3THJ1SWozblBZSnJyaE85U0NIbDZLVkZzclpNWWlxSFRSak5tYU95SjI2UGliT3R5Vkt4al9EbnlpMXJrRFZTWGZQeTRTYm5DdnNMTGtjZFBlRE9VSGhZZDVxa0JwUHIxNEN2VDlvWUxwOG5IN3hiWnB2dzlfVVFqZDdUbnV2MC1XdDlUNEQ1aEZ4cG01cUVLWXNlQU5ON0lwd0hTZE1oUWdVYU11TG5MWE40bkRLYS1pZVNoU2FaNXfSAeABQVVfeXFMUDFZeWJSZ0MySWdjQjNwZTN3b05OejRLdFdHTnpkaEJtcDVTVGxYSmsxQnVhaVpvdDVnQ2hPTmxpTmNEM2xWQmxvQWU1U05mSzEwT05EUFc4ektXbVVEbS10c2FSa1pUa21fU09Mb2NkOG1pRWQ5aTVJaUI1YTBXZ2puODVoWkpVVV94UEhZV1dtNDNMeHJXbVJqMU5LUlJtUE1lVVF5NTVOcUNmYXNwOHc3QjJNSVhHYlltT2J4czJvZ2dLZllZRjg1NU96bGtxWTBzQU5fWm9raFh1b3o0SjY?oc=5
2026-08-23 20:51:34,MRVL,"After a turbulent week, Marvell’s Google partnership stands ahead of key earnings hurdles",TechStock²,https://news.google.com/rss/articles/CBMilwFBVV95cUxQQkFPWmVqYllJaUw3WEl6VGdSZFR1RklyOFpleFRieHFKdV85V2RLbnlSUDJQcEQzZEFzdG9sU0gyMEdrdXVMM0lRVURvSUFGWEd2cWUxMXEwbmZveGlPNWlVMVlIV1doQjFJMnprNnowbHVibVRjakk4Umt0ZDNVRTE0WlNUSEVsZ3JFUnhmeHB6UmV0OExZ?oc=5
2026-08-23 18:30:02,MRVL,How to Play MRVL Stock Now as Marvell Technology Expands Its Relationship With Google,Barchart.com,https://news.google.com/rss/articles/CBMiyAFBVV95cUxNR0pSeWhMbTRuOEhPR2I2MFdNUzFlcmt2OXVYZTNsay1tVG1obThRdmVBLTE5UnpDWDNIX1E3Q3pMd3VEdlBwZUFtTl9oQll3SWE0MzVPUkpoZWhFdHRyQ1Rfa1FmcThMSjljOHB3cF8wSXdiOVdyUkd3bmtFSWRvQ3dsVTRDV1VuR0dkVXJ2SG1CYkczeHk5TzlQWDdqUmJ6OUNRRVZLRjZSUXl0bjhnMy01Z3N5ZUhVeGJPWG5jXzBqTkNrdDJSOQ?oc=5
2026-08-23 17:54:18,MRVL,Marvell Gave Google a $12 Billion Stock Warrant. Here’s What It Means,TIKR.com,https://news.google.com/rss/articles/CBMilwFBVV95cUxNRHQwaG1XVlhBV1lPTFhmeVhjazNaV0c2WHdVTXN1eFRKX0FPM1c3WVRoSEc2cHFtQlp0ZzFTSTg2Z0JwODJWV3NTWUZtQ0MxWmpkTGdvd0lPZFhDR2pIV0NmbXhpLVFVQUlqS05zUFlocFFoZEtTOTdhc2tBUlZDaHhPampuUGhIZU5TUnA3dTVES0VWYzJV?oc=5
2026-08-23 17:26:00,MRVL,Broadcom vs. Marvell Technology: 1 Critical Metric Decides the Better Custom AI Chip Stock,The Globe and Mail,https://news.google.com/rss/articles/CBMigwJBVV95cUxOeVJZLTBlRXI4QURTYmNVUDFjUkU2dnFlZWF5akNNNHVYcGkyanBXZjgwZWdDY29UTFZvOGQzaTdVZHdMSk5tcWc4bUZJU08xUEI2SElBR3h3ZEt5YU9hbjdSSVpkZ0d5eXhGTlVDbVk0Qk1MbXpJV3JEY2NJSzN3SUhsaHlhVE9vcDlMOHJKOVYyTVpEcG9NRFBRR2FEbzR4MVdEM2JBTWM3QngtYWtiN1VIcUNPVlhrRmszSXJXeWNYWjFnRU1sZnpwQWlHbnN2SGNseldobi04YTRaNnNESEpfQWZtV0laWFBYWExZTzdqeGR2ZWM2NEctNm5pTUY4VVcw?oc=5
2026-08-23 17:17:28,MRVL,"MRVL Stock Jumps Overnight: MU, QCOM Boost Outweigh CFO’s Share Sale",Stocktwits,https://news.google.com/rss/articles/CBMiygFBVV95cUxPUHcxOGxLUW9ISnBmUGJKQ212TXYwamxvbElFYXNGbTlRZEltRXB4SzNxNWVrUE42T2hFQmxJckNSSUtKMF80OU5BRzV1Nnc2Ymp5UlhCOEZZYkxLcGMtdndyRXRvSGtMR3NXdFIwVzlRdFg3bGNjd25lTmMwc2dMeUhjczBNRzQtU2ZIcy1oXzRDSW04cER2eG9Kc2FnZkc1cTFBZzZzTjJ4bFVXdWlHaktJdm9nMDdBYjJ1czNlN1pHaWJ0anBKU3h3?oc=5
2026-08-23 16:02:00,MRVL,Marvell Stock Forecast 2026 and 2030: Can MRVL Reach $300?,Markets.com,https://news.google.com/rss/articles/CBMiZkFVX3lxTE00UWlDU2ozTTBHSGZQenhoYXFoWlpIcFRLU3M1ZGRyd3VTYXRYTkZibm5nNUtOOThHU2hjSnZrR01rX2l2TlZvaGNEanpvQ1hpVmZoVk9IdmpmdFpPdGFPenBzdTBYQQ?oc=5
2026-08-23 15:16:35,MRVL,Marvell Stock: Can Its Custom ASIC Pipeline Drive MRVL Above $230?,TradingKey,https://news.google.com/rss/articles/CBMivwFBVV95cUxNTGRGT3BNRF9jek5HUUJmMmtRelZUcDFLMF9fdFpwencyYTVyWE1MVEQzSDI2SjdZcTFfWTFFY2YzMmZWQk04dlMzQk1xZzZVQkVERXBEYnBmVG5BaU0tVktjNlRBLUo3OGxEcW5sU3lfcFNPbWlqX3l4NE9zSGFPQnVwVWxCdU1fcXJKU081UTY3U2lCOVBfcFZhMGVjb3g1MWUycVRHQV9yQkRVRE5heGNDYVVPTmVJMHFUTzQwUQ?oc=5
2026-08-23 12:07:29,MRVL,"Earnings Week Ahead: NVDA, MRVL, ZM, XPEV, and more",Seeking Alpha,https://news.google.com/rss/articles/CBMijAFBVV95cUxOWUtDVmhaWkJ3VnEtX2tOR25vaXpiMlRhS2l3VVUyMC1LZk84aXI5cUhNTUVzN3cyMHpUS2NOUFBVNjJVZEswSWlySFp4bWhSS2JIcUlqVDBjMTU1WFgzVEczRzJIYmptSlEzcndsTGJqUFdBLUFGcnpuQ1BjR2lFaWdkaEYxY3NjU0sxdg?oc=5
2026-08-23 09:33:25,MRVL,Broadcom vs. Marvell: Broadcom Stock Is Still the Better Buy After Alphabet's Announcement,AOL.com,https://news.google.com/rss/articles/CBMihAFBVV95cUxPTkNuVHlTcER3TUJUSk0yTlR1Q05ZSGg2b1g0MG5ocThxMlJ5SXBDQUxsckNISUtYdWVnTklSMUdUU2YzM1ktRHotRGtqTWZnU0RaOERRSkVmTWNXN2hPMEo3UC04Q1Y3aXRoWEE1T3RDckVWNWQ1MkJTUzNqM3VuOTlfZy0?oc=5
2026-08-23 08:49:33,MRVL,"What to Expect in the Week Ahead (Core PCE & Jackson Hole; Earnings from NVDA, MRVL)",Moomoo,https://news.google.com/rss/articles/CBMipgFBVV95cUxOOXduRThabjB1RUYzTE5rRldFM3Frc3puWXBmTG5hQ1BHam5Oa1Z4Q21kenYtaW1PLTE2N1RsTF8xbjU3R09sVHdUaWJBNWpXU1ZKWVhNMlhyOENMWTMxRUN3VWtkRm4zNWMyMUNwdkMzOGlVYzBZS1FMUjNtV0tfczNRY1dZVkZ3VGxrd3FISk9DU3ZSdk8zS3ZQRVNFZ093NjBuNUpn?oc=5
2026-08-22 21:37:26,MRVL,"Marvell Lands ‘White Whale’ Google, Raises Stakes Ahead Of Q2 Report: Analyst Says TPU Deal ‘Greatly Expands’ MRVL’s Long-Term AI Opportunity",Stocktwits,https://news.google.com/rss/articles/CBMipgJBVV95cUxNSUdIVjhFclo0WU9zRWsyUnBUNnlqNEVLWlloOWVSd1RJM2d5WVctS2gwV1p6VVh0ZkkzVXM3bUhYUG5uVUhSeFZfZGxZUGxaX0xUUUxBZEpoc2ZJWmRLSlV4WWV1OTZHZDBOeko3a1ZoUkxGTkFvaUg5QkRkZ0ptZWVOYzUwRktjWFVKZWdXVTQ2anZUX3YtU1hMcTNONGRiUGFXclZOMlNBSHRuN2otSGYyMVJhVi1aQVVVVlJBNFhndlVObmVHbVVySVJhZ3ZZSVh5aUxZS0tqbXY1YlFWUTNwbVI1QlN1RVRGRkFJTmJCaFU4N1VyS0xmclpudjNHWFh3bFZvVmFxN0hOT0tVTUNwMzMyMEVoRk5UOG1ZeEplVHdfcUE?oc=5
2026-08-22 16:39:06,MRVL,Marvell (MRVL) at $297 — Four Straight Guidance Raises and a $1B AI Capacity Bet,TradingKey,https://news.google.com/rss/articles/CBMivAFBVV95cUxQZWhIZlhqNHVZSWItcTFFbVVWeUFBam9BY2x3Q2tSQUUxandJZEtEOGVEVVhQTWk5R0trVWJpWUE0c2lWX2o0S1l5elN4UE9FS05VU2Jmdnk4ZzQ4azNBbmdfSEVkcDgyUnZ6ZlNWTHpSdGhuOXRJTTM0X2dlZzNSMVFpRmZHMmJHNEZxbGVSdlJpazBBVHVDbUpudmtPVVFoV0xRY1g1a3hxU3FXUFJXQ0wwRzBFb2NSZTZNbg?oc=5
2026-08-22 16:37:00,MRVL,$MRVL stock rose 6% this week. Here's what we see in our data.,Quiver Quantitative,https://news.google.com/rss/articles/CBMiowFBVV95cUxPc1BzdXA3VzRXOEIyZmVwM3lIRE9STkctTGNvS3VJV2hCOTRBUGg4aXEycFdwb1V5RnAxdkg3dmhRVXNmWTk0bUpFVVpaWjJVdmRGbm95Zl85a2JVOEkxMWplVGdVcHRSN2xhQ3pMbzhKYWQtWVRGMVZ1V3Y1Uk02OW9tVHVhV19qWjlTQ0laS1BCV1pycGRHNERRUl9aekViWkF3?oc=5
2026-08-22 16:13:00,MRVL,Marvell investors must carefully consider latest Google deal,thestreet.com,https://news.google.com/rss/articles/CBMikAFBVV95cUxPbHExeTRUbEJBVkN5ZVBPdzc2TTE3ZHhHOTlJZk9uYVNHWktTb2dqZ01ES0kwT3l2ajNjcnRvSzZYVnY5eVppbGc3Q3ZJTjFMTFVKVkQ3WFFqTUZPaVBmSEV5Nm4waHBiaUg4UGtSWmw5eXMybW5iZTZIQjJYRklRdUpEZ2hLQnFhVEUtZzFGZTA?oc=5
2026-08-22 15:48:47,MRVL,Alphabet Could Own 7% of Marvell — But Here’s What Google Has to Do to Get It,24/7 Wall St.,https://news.google.com/rss/articles/CBMiuAFBVV95cUxNRGFPa0JlMVhvOTdmalVkNGlNaEdUS3R3R1FnTDFhbkRlYjZQNm1GUDhLQlZwVTVkTm9UZE5qbUZtdUZQWDF1NFpzd29VU3JoeGttVVRLM0U0T3FxcWhYYkhrb1RUMEZCM1F3RWFTU3owTGhWQ05YUlVydW1MQ1M0bjBSS24tdE9zYTNyQnBJbGIxSWtScUdjNVdaSVB1TUFBbGxUajctV0c3elViZ1p4MEFPd1lydGpO?oc=5
2026-08-22 13:41:24,MRVL,Marvell Technology (MRVL) Stock Forum and Discussion,Moomoo,https://news.google.com/rss/articles/CBMiWkFVX3lxTFBUMnZyQTBLTEhZcDJSY29oQmxHWHA1bWRyYUFweGg3djhYZnpqc24ybkRNb0syTHRjWk05ZmhuX3NBVkxpeWlTOGtlaDJaZ1FadlJDTF9FQ2NrUQ?oc=5
2026-08-22 13:05:35,MRVL,MRVL Looks 105.6% Overvalued on GF Value™,GuruFocus,https://news.google.com/rss/articles/CBMigwFBVV95cUxNNGV0R0dDV1EzM0lQOG9KcktmU0JQNnlrcUtyYnl0QkF0SGQyTHlLMkE5U1RlNllBQ1ZxUU5YUUF3UUJ4N20yZm9EN25jUjY0WnFZcWt6VVJ0OWpwUXdNVTdPajZNeTNEVTROTms0SzV5dFdpSlZFTmZoNnc5TWVLNkt6QQ?oc=5
2026-08-22 11:15:56,MRVL,What's Going On With Marvell Technology Stock Friday?,Sahm,https://news.google.com/rss/articles/CBMipgFBVV95cUxNazhDOEVCd2x0RjJXNnpVWmREcXlMdGZVNXUzY19abm5aNG04UVh6dXNneTF2R0JHUzdBZlh4S1JueERYT3lmZm0ycHBLRldmM2RCTXBjVUx4Y2RWemRMcGJzZkFCVzdGVmJqZVN1UUNTNWFqdkdZd0RkUlVnZzlFNVVnck1fb3hycGNkckJsQVFkVVlqWjBhNGdaR3pWSEUyN280T2Zn?oc=5
2026-08-22 09:29:58,MRVL,Marvell Technology Drops 6% as Rising Treasury Yields Swamp a Bullish UBS AI Note,AOL.com,https://news.google.com/rss/articles/CBMigwFBVV95cUxPeG9FN1YtQlp3LXB0aEF2ZXc3ZnNfSFhoR2s1STFfX05iaDZ3RVdCOXRoSWFlZnZEV08wdlFKYmx6Wkd4dDFDdkRWU2JFMzVsWUpzX3hJRkl0dWgyRkdlRk5XYXVHM01wV0VTNXl1MlFsdXRCMGRXSFh2Z0hYWXRZVEpvVQ?oc=5
2026-08-22 05:23:06,MRVL,"Marvell's Outlook Keeps Getting Better, But The Risk-Reward Doesn't (Rating Downgrade)",Seeking Alpha,https://news.google.com/rss/articles/CBMiqAFBVV95cUxNdDBORFJKQnVxT2U1aS1fUFBmbXZjVzNocW9zZkMtZ19NY2ZleWJpUk5XamlyQ1lYOW9RUkJjYjAyN3Vxd2xGQWpMRFdkQTYwclhDajByZWc4N2l6cVJxVUN2VG9ITEVhR1haLTVISFIzdGJKSVNqRWtmVlZReUJGanc1TE16NlpvQmFqX3BIdkdKOEJVUUxoaFpWZHhGQ3hycXhETWRMclQ?oc=5
2026-08-21 23:33:38,MRVL,Marvell Technology Tokenized Stock (Robinhood),CryptoRank,https://news.google.com/rss/articles/CBMiggFBVV95cUxQbVZGVHRGQmx4d2Y0QXdJS0tEWXk4SFdSSXpORFdPTG9RRU8xOUY2TmdfSU1qMHlhVkRsRWNPM0dFUmFFaGlIRHhrVE13YVFsNG96eWpIRlFOeDlHdFZ6UzF2QktZbFczR1hFd1lWVk1VTER5cF84Z3hSaHJ4dmljZG1n?oc=5
2026-08-21 23:31:39,MRVL,Historical Data for Marvell Technology Tokenized Stock (Robinhood) in USD,CryptoRank,https://news.google.com/rss/articles/CBMikgFBVV95cUxPYlNKZkZqaTF3UHMtNVgyQzR1cW4ydDJpYjZ5U1lpSDV6d3FVQjYtNURwQ2FldHlxZzdfUkxpeEFJOU1MdnVZaWQ4RjE1RDJsUXRMYVJqNmhMcXNLbUg0UEFsZzdNMmRfa0ZzU251d2tVMDNvVUhObFN3RUFIT0ltc3ZKa0FURXhZcmV4NlEyLTBwZw?oc=5
2026-08-21 23:31:38,MRVL,Marvell Technology Tokenized Stock (Robinhood) Analytics,CryptoRank,https://news.google.com/rss/articles/CBMiigFBVV95cUxOQWVoZ0RvMk1uYXN0NndPSkZMWUZOck5LamRfaG85TmxzTkZPXzRRTllydm04YUtiZUh0V0FYQVd6SFc3MGNGM1lCdnBUcThBeFB5YU9zOHFDMndKQ20xWUI1U3R6SlB0RUdrSVE0THdrR3hLN0I0Skdob1FkQlRMd2RjcDdGNVo0WUE?oc=5
2026-08-21 22:17:36,MRVL,Marvell Technology Stock Price Forecast. Should You Buy MRVL?,StockInvest.us,https://news.google.com/rss/articles/CBMiSEFVX3lxTE5lUU92UnVzeEFyQXN0eW1PbUVuUjUtZ3RjRjhLUGM5NDk5akJzemFoNTZUVVlqdGFhOFRJZldUZG1MUTRCVTRiLQ?oc=5
2026-08-21 21:10:42,MRVL,Marvell Technology (MRVL) Stock Fair Value Edges Higher After Google AI Partnership Expansion,Yahoo Finance,https://news.google.com/rss/articles/CBMioAFBVV95cUxPTDRaem5IYVhYOElFekVzbzAzWFZ5RHpySUU1TjY2MmIwd0Jjb1otLWIzLTg3VTBucWxmRXlqeXloVkdMME1hRE94SUdMZUVYMDY4dGhvRDJqS2NQTnlDSmVld1lSV016OTBoQXdldEs5OUxaQUlNaU9LbDBaMnN1QkJJbFpCUDhCUzNmSWdjR21zSmx0aW9DUzRldHFCRG9P?oc=5
2026-08-21 21:04:05,MRVL,MRVL Maintains Buy Rating by Citigroup -- Price Target Raised to $275,GuruFocus,https://news.google.com/rss/articles/CBMipwFBVV95cUxOZkotUWt2Y0NJM21seFdMZ2NNd1ViaHVla0dnVWtPNl8wMVlvTUZScG9OTVF3WFgwRVMwR0ljM1F3Ry1RQ00zVjBkZk41RjRSa09CcUFsV2UzZVpvWHZiOG9uZlB0alo3Mml1eWlZTVp6Mm1qQnNoMTlvVmdNUk92TjFIOEZmMmd0cVBaZVVza3VQNTNsMzM1eWxYR3dVU2d2Rk1UTlZwYw?oc=5
2026-08-21 19:47:27,MRVL,Marvell Technology (MRVL) Expected to Exceed Q2 Earnings Estimat,GuruFocus,https://news.google.com/rss/articles/CBMipgFBVV95cUxNcXh1SDFjVmNrT2l6ejhyMWI5MEV6S0owSDh3TG9kMTNkbkdMMEF1dXZzejhqOUpZVzg0ODNrY0NsRE9OaS1yZG9EWVlPU3YyYXllaHkxclFHc2U3LUd0a1JCNzdLUFBLUV9fRVAtMEY2YmozUVJ3Ul9nVUVxMEZpRjJBMTlBb3FGZG1WbVJHclpRbFNpU1hKZm9aaWkxN2ZoWTFlaEZB?oc=5
2026-08-21 19:01:11,MRVL,Marvell Stock Plunges After Two-Day Surge Despite Google AI Chip Catalyst,GuruFocus,https://news.google.com/rss/articles/CBMisAFBVV95cUxPS2xNby10QWpjb0pNajRVTXBjME51ak5BaGF3dFJwbzFPSF8zUmxTRW00cEVoM3Q1RDlNekc2MmdkNDIyU05EWXVIMUxKbl96SDhwUE4wMlhfMW9JOWo1c1hzUnh6b3JkdUppck1ieHc1dURKLS1VNzNIMlVXMzN1UHZfeDZtbmFGQmdkLVZiSlg2MWxuQ3Y3SG9zdFFrUTJuclh1VmpZcmJ1X2FtbHVEQg?oc=5
2026-08-21 18:50:06,MRVL,"BMO Says Buy NVDA, AVGO, MRVL, MU, and AMD Stocks, Calls Nvidia a ‘Top AI Pick’",TipRanks,https://news.google.com/rss/articles/CBMipAFBVV95cUxORkJ0VHhrNDk4TzFSNUFpaHd4a0dXaHBTTWQ0M2kwQUFLVk5wcGZ5TWVFdG1jeUlUaVRjeERLek11ZDdDVEpyeGg2ZXZoWW1ybnN5ZlNSdW5fQ1BtZXdfay1RZXZsdk9qODNfM2pSR3o4YlpRdkNKUExKU29RTTY1NlkyWmJ5RWdORXJ1dm1uMWhlLWpvZVJrQ1pMWDljbFZERHNXcQ?oc=5
2026-08-21 18:28:35,MRVL,Marvell Technology rated Strong Buy for AI grow...,Pluang,https://news.google.com/rss/articles/CBMifkFVX3lxTFBKRVNHQXBqbkNIT0piUmlIU3JJOTNMUFFqT3ZtNTR2S3A2WTBmZnhzakJfYVA3OHk3SjBpWlA2Wm96VnhFczNIX2hZVldQZ3YyMzR6WEZ4TXlLNHIzV0hrTXJWTmV5Q2ZpNUlYanNoLS02Z05odkhNNnhRWExZdw?oc=5
2026-08-21 17:45:53,MRVL,Marvell: A $120 Billion Diamond In The Rough (NASDAQ:MRVL),Seeking Alpha,https://news.google.com/rss/articles/CBMiiwFBVV95cUxOMm9rZmtLX1RTTWJQOEFzQlhtanYzZVFXOGZXMnFiOTI2ZG5wRXVVTWZOeHVRNGlrVTVIRE91SksybmZTbnUwU3JaS3VZVkJLOGhGemZsLW5sWEx0YUJJd0JWazl4LVIycS0xRm1Kb2FrTlNPUEY2SHhoTTdWOHo2YlNnMzZ3S25YbTRR?oc=5
2026-08-21 16:27:59,MRVL,Marvell stock drops 6% on dilution concerns aft...,Pluang,https://news.google.com/rss/articles/CBMinAFBVV95cUxOOFVQTDlSdTljY2NPYUZtTG9zaEYzT2VRMnlJOTFBMkE0czZrYzJBd3FpRzlUWEhEa2g2bmhNSk1aaWZEdWM0X3NTNGJwbGRVMFhfa1pBTi1NR3B2X3Nad2xDQ3FzUU5JbjV6V3Y4Z0hDeDhvdkEwV1U2ak12WHdxVkRsRlBhaHZ2blFYVTJpNVk2NzlPM3FSX3V4UlY?oc=5
2026-08-21 16:24:53,MRVL,Marvell Stock Flashes Strong Signal Before Earnings,TradingView,https://news.google.com/rss/articles/CBMisAFBVV95cUxPYVN0Y1Z1dXlaMHRFdDBsc2Q2UzF0ZWt4ck1QMmwzdVRNOURvMFh6eTNCN3NIcm9WTWlJLWozR3Rqakoyd2wzRHJQN3NEMlVnSGd1OFZTOExEaFQ3MzBLamVLTGlOWEdfYksxaGliRzl5bm9CUzNnSG9LZHFmRU9vSU82c2ZHYkFLelZuVUZlMXRiaVFQakFHQTUwZldUaHJ1UnZTOW5uMmJiNjk4Z1NHeg?oc=5
2026-08-21 15:55:09,MRVL,Marvell (MRVL) Stock Declines as Google Deepens Custom AI Chip Collaboration,Blockonomi,https://news.google.com/rss/articles/CBMinwFBVV95cUxNeTRkazVMMk9ETFFnTDFLZl9fZ0ZPRmxyMGNrblVyRmxMYTVjcTk0YldzTXVvNnYtQ21kcF9yRzc3TXRVNXhaZ2stOWFCR01WbGNIRGtqbFJXWkxKZTJ2RnF3UDhWQkRXZHh5UDVTY3J4elFFeTROQlRDQy12U0NncGpTQ1pSb2lXWHlOTkVrUXZTZXlLMnhZX2dKSnRLZTg?oc=5
2026-08-21 15:26:18,MRVL,Marvell stock forecast: valuation concerns persist ahead of earnings,Invezz,https://news.google.com/rss/articles/CBMipgFBVV95cUxOeDV3TmlFVnJTd0VmT1R0Mkcza19HR0dWT0xRSnN4dm5jXy1heElvZzk1d3BUazdaMzRPUEFIZVJYeUpmWkZmTENLOFdqcnZmakJGVXpvMHU0MWdWd2tBdzNfX29ZcmZyRmtocTYyd0hCMG00Qlh3YmpTVWlXT05GMFgyQ21WMmFnN2tKWXpvOWxUbmFMeGNyQ28teGpPNXNhdVBTT3Rn?oc=5
2026-08-21 15:25:18,MRVL,Marvell Faces a 12% Earnings Swing After Its 196% Rally,TradingView,https://news.google.com/rss/articles/CBMiswFBVV95cUxQN3Q3TTZQX0NtdjViTE9YeXBFMy0yeXF4cUpoZTlzTVhoaHI3WXRRN3FFSkRhNUZxaU01bnZoS3FHZ3BEcnBkLVJGcVhuMUJaMU5rcVNKNHVzQUlGaGtmd2x2LTZISUg0anRuc3JlWXllVW9QY3BNRnpDbU1pWXlnS1ljVm9YcFJ4Z0RrLVExOEdscmRyUnRGWUJNREpGdWtwY1NEdGx6SVNaS3I1T3FWa1I3TQ?oc=5
2026-08-21 15:00:56,MRVL,Marvell’s $12.2 Billion Google Deal Changes the Bull Case for MRVL Stock,Yahoo Finance,https://news.google.com/rss/articles/CBMilwFBVV95cUxPUUlvZy1Dd2JEOG8ybDR2TEtaaGJLN3ZXR1lXUU5SR0p0REtqOU1MbUk3MThyWGY1bVI1dTJsS3ZTdEVEX2tSMVdPMDRtWUZPOWZaOEs2WUxfSGhJMV9qSXpQQ05iaXRQRE9ldEE2OEZWOWNjOVBDQzEwNkZOZHpqdE5BRHhKTmhRQ0RnR3hjVjM2TGFEUUU4?oc=5
2026-08-21 14:50:00,MRVL,"Biggest stock movers Friday: ROST, MSTR, MRVL, HOOD, and more",Seeking Alpha,https://news.google.com/rss/articles/CBMiiwFBVV95cUxOc18zMi1TYk1IcXNqZUcwaU0zaDFLSE51NGRWbXlpTUxIcnVQbGs0bS1OdW43R01obk15ZDR2ZW54bEV2MVVwZTd4UTZsMGU2QzhEUHlDS3YzbTFLZGQyejJZb1h1UzM1UFpXandmOU9tenBLaDJCSWNJMjlJbmZjbmc0UlRDbFEwS1dr?oc=5
2026-08-21 14:15:18,MRVL,Marvell Technology Inc Stock (MRVL) Moved Down by 3.49% on Aug 21: Facts Behind the Movement,TradingKey,https://news.google.com/rss/articles/CBMiiwFBVV95cUxNOHNmaGVtLTVVQU9QRUpUMlJaNGlEX1hGX3ljNnFMalo5bW9Oenk3Q2JSZ1FMemtHcGRJQ3BjME13M19xR3kzaXVneGtUSm9ROHZLQ0p5S2tzaTg2LThCRDNLRXhwYTF6M0ZFZlc4X1kyR2NzejFreXMzb2pKc19Hd0R5MVlaRTRlXzZF?oc=5
2026-08-21 14:09:46,MRVL,MRVL Maintained by Oppenheimer -- Price Target Raised to $300,GuruFocus,https://news.google.com/rss/articles/CBMinAFBVV95cUxPazZuSW5NaTBHS2prQUkzYmtoTXdCdmdJaFZMbDNGcjBRN0locEhVd2dwZC16LS1uVkNKdWl0TE9MSV9ZVVF3NHRDZDZHRTM2X040U2FmUWt0d1lld3FSMG1WQndYdDJvNDE4MU9Wanc2UTBXdHZnMmZqZTYyWGYtY3FDcERGRDUxV1NwTzlvNHBtTjc5TTJGNVZxUE0?oc=5
2026-08-21 14:07:00,MRVL,Citi resets Marvell stock price target ahead of earnings,thestreet.com,https://news.google.com/rss/articles/CBMipwFBVV95cUxQVFloc3Jsb2ZTbVdOc0Qxem9rV0dyd0JuWkpyMEtSVGZGM2ZsYm82cEFyQmZxVXhTM3pSNWtvcTB0S1l4MjRUU1ZjYkk3bGVmSGFDOEpULTFOemtBRDk2WmJCc1FQaTBWcjRPLTJibmh2M29RUXZyQWk1SzdKd3JxQy01Szd4aVRfOVR1cXRZNE5jY1BlbHRHWlYzdmF3THc4RmxwejZ3OA?oc=5
2026-08-21 14:03:15,MRVL,Why Marvell Stock Is Down Today and What Wall Street Expects Next – August 21,TipRanks,https://news.google.com/rss/articles/CBMiqAFBVV95cUxQeG1JTGdSUW1sN0xKMS1xQ0hjamJTV20yajloMS1zeUFxbFlJMlJRWVVzUzdYR3EzNnZ0NFQ5c3pRdW5xSV9rQ3RQNFVmWGxoMDV3Z1ZGZHZ2TVpvZGpXdnptaUQ3TG81d2VKUnR4LU9aMDdQYTYxWGlvY0FSUEpqT2dZb05lbzZHUEdzZkhVRklQRmkzTmdMN0ZSY3FIR3RxbXVYR2pVc1c?oc=5
2026-08-21 13:40:36,MRVL,Marvell Constructs an AI Moat With Alphabet Warrants,MarketBeat,https://news.google.com/rss/articles/CBMikwFBVV95cUxPSVNTaVRfTGNEajU5QVQ3eXhBUDl0MURQQW5id2ZSOUZPbThYcGhGOVdSVmJyX0ZtMHRjaFBlTWlGSXF1TVV3YmxURHJqTURmY2pMNEptWW5sWFc5QVJidnB6ZnRpLVRxcEJESGhKUlliNndSOUhIc0lleWRTSUFZamJLZUMxTlk0eWFIeTdabGtxSEU?oc=5
2026-08-21 13:17:08,MRVL,MRVL 260821 217.50C (MRVL260821C217500) Stock Options Chain | Quotes & News,Moomoo,https://news.google.com/rss/articles/CBMixAJBVV95cUxQMFE4VV83cS0zemhRRURWam1uRDZRWENwVUVQSkc2ei0xVlRNTURZNDJGa2ZVbjkwd1NGeTJpUXVDOVRxaUgyVjhZMzMzMjBuOWFKalBKZnRBTVFFREhrNFFFYk91cUJnNEJWSW82dW1OYUZxaVJEVUdDang3UTJ6amJBVEQ5Nm02bHlTcTg0M2dQcHlMN2ZqelNnczZvNWhPa1Z1U1ZXaFgwVkc5RTBnTkx0djZsc0Y1WE8xOEZLQjdzX1ZZSUFXZGpFTjZ6c2k4a2taQ3pGbGNxRFY2X0lRQlY1Y2hjaXFYaFZ6amFIRk9XNjVFeURWeUNHeUtXMW1HSWEzaHlJcm1rbXFpVFNvMk5DNXpDSnB1Ul95djNfZEdSUXdZdU5HeVNVcmpWQm8xZ29lQnhwcXhRNWFwNGRyZUNNRmY?oc=5
2026-08-21 13:07:13,MRVL,"Marvell (MRVL) Stock Could Swing More Than 12% on Q2 Earnings, Options Market Signals",TipRanks,https://news.google.com/rss/articles/CBMisAFBVV95cUxNaDl0em9Kak5RVzBucW1Eam55TW5NZ2NQYXE2WDV0UzlacW1lVl80MDdneHlQT19ZZmVGVEtRaXBxa1o3eVVqZ0EtYVdDWUJqQndVdUFhMEk3UVVKbkRsUTJCZXFvSjVGR2FlYTBVZWEydnE2Q293TTJLXzJ3S0VWMXhhOVppRFBFVTVEZFZ4TEx4QUEwajgtSk1uTGo0bldzeG9ZdHRad0JKQ2FfdVVfRg?oc=5
