日期,股票代碼,標題,來源,連結
2026-09-22 20:21:00,MU,"Micron, IBD Stock Of The Day, Surges Past Early Buy Point With Earnings Ahead",Investor's Business Daily,https://news.google.com/rss/articles/CBMilgFBVV95cUxQZ0xWMkJPN0EzWlQxSzA3QlZRNzNPTmJ4OXREUWRqWmU0OUVUVHdkYkZZT09vbEx2dXpURU1WaVNKa29xVEpsTW5HSkZZb1pVRVhKUmFZMmtRVGdQeEhnUGNRY2FOMF8zTTMwMVBVNHg0em40MG81YTdvNWdWRmVjQ3RPQkRKcHo1eDV4d0Z3OFhkZTZud3c?oc=5
2026-09-22 20:08:01,MU,Micron vs. SanDisk: Comparing Two Red-Hot AI Memory Stocks,Zacks Investment Research,https://news.google.com/rss/articles/CBMingFBVV95cUxOZWV4Q2hCc3IzdmVGQ0tRR21Ka2FqOERMVHVMSTdhRzZseGM1ZF91UDlQd21fNEVWeTRvX3I2aXU5WFBXVmFIOE5ETzlMLS1UWm1VTWlIay13Q3ROUWFUSEJqSm55bzR0S3FfaFJjaWdnbEIzN1B6WGE0Z3NRb2E0czduSHFBby1NbDNCNTUxdi1DSzNDTnFFMmZ6Q1gxdw?oc=5
2026-09-22 19:54:37,MU,"FormFactor, Kulicke and Soffa, Monolithic Power Systems, Micron, and Seagate Stocks Trade Up, What You Need To Know",The Globe and Mail,https://news.google.com/rss/articles/CBMingJBVV95cUxNWFQxMWdIdWVya09yNUJTZWRCWThWckRlLTZGTG84TlJpTXN2LWxTZDdRLWJqaURkRExMNTdmRG9rOXJzeEk2X1NsdzN2MWVNOG9pX3pURzFqWWFsZ25GREJBZ2w0dWxkZWFWbk9aRkVDNWEzQ0FfcG5mWk4zeHN2Q3pDREFwOEctMjNma0RIUS1DZk9IdFRPOHpUY24yRFFRa2VnbUphZFlFcXZuNnJnUjBjR1ZLdXItRTF6VXZudDNqNGVIZnFaQlFfQTlXUXFVYmFZazBVaHdDWFp5VmRkZFRWcGZacU5xV0w4aHBSWGlQTlBTNE9oT1FXOXpWR2pLd05Obm53V3lNNnFrcmlYV3FuQjB2VWpyMFZmSmhR?oc=5
2026-09-22 19:21:00,MU,Micron Stock Climbs Despite $25 Billion Plant Labor Dispute,finance.yahoo.com,https://news.google.com/rss/articles/CBMimwFBVV95cUxNQWxka1cwNWRiY0NmcVptcldtTUhYaXA5N1RjWTVIcDV6Sk1haDRYQWtXNm9DUndPVkhsUWNLZXRWQUhDWThnQkF0cGdNMDgzX1hTczg5Um40aGhNU3RLQkkwalJXcll2bnhOcGpuOXN0dWxvRW8yU1BMQjFLYWVqNThLd2NkTFctdWV0dWU2bnR0LV9wY19xSUtMcw?oc=5
2026-09-22 18:54:59,MU,MU Stock Price Prediction: Can Micron Keep Riding the AI Memory Boom?,mexc.co,https://news.google.com/rss/articles/CBMipwFBVV95cUxQMnNSaWZ0OGt3akFGMnFoVlJoeURqTGI4ZkR0QTdGa29zdXZUbXRiTi1nRXNuSGNCZVhDaDM4Mk9VcDVhcEs3Sy0xUF9mMzFvZ0VCSHRDZ2djSXZCTnowUWl1TG5xZ18yaHRVaVRjNXc5ak4weVpzTklwODUzcGFNVEZXNmk5THh4RTg2dVhjeE5VSlJGdXRSQnRlQ1Z5ZHhQZUpremJydw?oc=5
2026-09-22 18:48:20,MU,Micron Q4 Earnings Preview: Can Memory Demand Sustain the MU Stock Rally as Profit Expectations Surge?,FXLeaders,https://news.google.com/rss/articles/CBMi2wFBVV95cUxORERWQkpKazdFQ096V09aVi1aaHE5eElremw5YkV4cWF5THF0N3Y2eXByN3hVTW9GbXBTUDJmdW5haEM2VUY5XzhGeWk0bnFXVkx0OVpCRldLcS1PSjdhRFlOLWlfcWU3ZjN2Z0s3d0Z1ekIxY1ljOENmRnY5dzhHTC0wNVdvZXpzNlMtY19ScV9DYmNuTC03WDQ4NXBUOG1pWWFJcG55UTNlbFdzQTlWVVpQVlloa2NIOHlYXzJaRjVudzRfTVZJblpOZ0w3ekF4Vk51N3lqUWw4ekU?oc=5
2026-09-22 18:31:48,MU,Micron Stock Climbs Despite $25 Billion Plant Labor Dispute,GuruFocus,https://news.google.com/rss/articles/CBMingFBVV95cUxQNXV5SmdhTlM0RXE5TzNUQk41ZEdoc2xxeUhLNklEbWJWalFDNzYxSnltekUtYkNrRXl6R3pEU3VVNm9Hb3BHQWFXNHlXaEZHamN1X1FtWmN6eXBTNHBlLURxbnYzTDVPVUtHUUx1c0RPc3ZSd2lOOEY0czcwVEtGOHRYbmFTUld6WTBGRzNpa0dMUzZPTk5zWENkMEdIZw?oc=5
2026-09-22 18:04:24,MU,Micron Earnings Are Set for a 10x Jump: The Stock Is Still the Cheapest in Tech,Benzinga,https://news.google.com/rss/articles/CBMisAFBVV95cUxPdVZmbzN5SHNQTHlUeTZhcWpyWE80SDVqRDhiVzdjV3hOOWFGRlJ3RkxnMzVWeWFIQWpQcFE1SWNUbk5EQUplUThnQy1YVDV5Z1ZsVEpkZDgybUs5UGpnWTBFdm9CSm1pVXEwMGdUSUgteDR2Q1BmTHBwRmNwa0JIZzdzZGRkNjhzSzVhd3IxUWVzYVB6eExWdzVCV1pLQWdWcUVVMU1TZ2ZjSzJLN1dGRw?oc=5
2026-09-22 17:43:15,MU,"Why The Market Is Undervaluing Micron, Again (Earnings Preview) (NASDAQ:MU)",Seeking Alpha,https://news.google.com/rss/articles/CBMiowFBVV95cUxNTHF6RWVmUlVDOEpUQ0pDWFRJV1kwWTdYVm03aGhwb3ZZa0M2RjBsOUQwNWVvaXRhYXRvZWxqNXRRRl9iUDZQQ2VfYjNBUnpPWXJkcmpSRWoxcUlwTGl6WFhDXzFHcm1vdzhmWG0wSzdSMVVrWVgwTmxSaGVpUGw5RHpHLVU1VEZhZEFickRGQ2RuNUFRSlprWFNMTUhmNzVYRURR?oc=5
2026-09-22 17:41:48,MU,Stifel Has Message For Micron Stock Investors Before Earnings,TradingView,https://news.google.com/rss/articles/CBMivgFBVV95cUxPdVhrVkNJVDhDc0ZlS1R1UlF0WGgzMVA4anpDRlRkT2JqTnA4UWV6YjNpcEU0VnVBUXNQZ3ZRdDQwWGEzSzJpTzVFVG1rSnRtelIycGs2bmJubzFrSE96dkRRbGI4OXdMbzc1SGFvR01GcTF2MjlJU20wVm5oelFVcEp3UEh2THBBT3FSV3BiUW9Da1lVd1c3T2hWaGxqbS1nclQ1RWMxRF9MQlAzemZEOHNDSHJDY3NqVXItUXFB?oc=5
2026-09-22 17:22:37,MU,Micron Technology stock breakout attempt: Upside targets to watch,Traders Union,https://news.google.com/rss/articles/CBMikwFBVV95cUxPTWdIcTliNHNBR0FWX1dha2FVT3dZeEM5OU9PWFdsWFRzVzl6U1U3Z3BmMTZlbmd6TU44YmdiYktvUlVHOTRvalFNWEd0cDMtWF91QlFzbGZDSjdPRVVWQWNwa0JJQnpoSVpEcGRyM2NyeHN1Zk9ac25FYVVPVGRpRElod3hTS3B3YkczMldYRHNwWXM?oc=5
2026-09-22 17:20:03,MU,Micron Stock (MU) Rallies Over 3% Despite Dropping 2GB GDDR7 Memory Chips Used in Nvidia’s RTX 50 Series GPUs,TipRanks,https://news.google.com/rss/articles/CBMizwFBVV95cUxONlFJbFdHWi1MQm1FZzZuQnBSQi1jSWFqbHBfems1V29CY3B2c0xqcnFKUmQ3cnR1cERaQlFZV1JaLXBFRkdPdlFBekdrUnFFMTBMMU1WcUs0MExiOS1NY3ZwdGc3bXh6VXJ5RGhVVHJJVXpnS2M1NlBwVmlYdHdMWVBpNmk2cE9hQmtfTkw1LWFzZjZUY0hpNnVZaThQTWNubE1XS3VRcUl1MmhJMGc4M0psWFd5X3RLaHQyOU1USkdzWXBLYzNrZWEzWHpjRlU?oc=5
2026-09-22 17:20:03,MU,Micron (MU) vs. AMD: Wall Street Sees 40%+ Upside in This AI Chip Stock,TipRanks,https://news.google.com/rss/articles/CBMimwFBVV95cUxQLVZyZ3hia0tzMndEYThnd2lRRG1yeW9qai1MMFZ3ejZWQk55dk9wYzJzZHEyZF9vREQ2TjlkamtUSTlrUFEzR3g4R0hCUDVxTTdycTVJenVVX3NnNU5MQVNWaVBZcHNqSkpLNEI1SFlDdExMTmJzLVh1dmp2RXU0QXk3UHB3OWpkemFEOHJ2LTViMDNFOFJJaHFxZw?oc=5
2026-09-22 16:54:40,MU,"Michael Burry Adds To Micron, Nebius, Palantir Shorts As Acer Flags Rising Memory Supply",finance.yahoo.com,https://news.google.com/rss/articles/CBMioAFBVV95cUxPQ2xoU1ZOcjFKNFJvQjQzWDVPdzEyX2EtOXRYMjZ1RlFHYTF5TXlGSlgwVlhHWjR2RHNncG5pcUw4YWVWVjV1cG9IY0FNY2owSUlseWJ3Smpfa0FreEhMV0ktaUpUTXBfTkhCcU9GVTBLV2RVSWJtOTJuR0t3eXA2bVpfdE9XN3JnZVJXaGhmN2ZJZERDa2l1emhsZDluc1ZB?oc=5
2026-09-22 16:39:37,MU,Why Gabelli Global Growth Fund Added Micron Technology (MU) in Q2,finance.yahoo.com,https://news.google.com/rss/articles/CBMimwFBVV95cUxQRTA0cHJaNmJlUl9uZ1BYU1pNdGpWTkxONXkxdFhfTmpQWmJIWElMcm5mc2hEU3NpZmZoZVY5UzBJcFhoQkFUZDR1anN5OE54V3NRdkhud29pOV95VldDUDF4ejFnWjhaT21xMFpRMUJGY2QyeEVJN3p2YVZSeHNGa25ma1F1MmhDSjNTczc1d1V4QjJEVmJ2QkpRQQ?oc=5
2026-09-22 16:22:42,MU,What Is Going on With Micron Stock on Tuesday?,Benzinga,https://news.google.com/rss/articles/CBMiogFBVV95cUxQZGcxSXBYQ3E2dTZuVlVzSE40R2VEem5OY0xxVzQ0M00xdkhFYm5kMW84SXdFV1dveUp5VExoLVd4WHlZQk8xWEZ3dUh2SGg4RmFSU25GV0pQLXd4dEFLVmlHZnAwZjl3TTRBMzRqYUt2anAzeFFWUFBCY2NXTGxhY3VWZ0I0cXREMVhxOGJwU3ZmdEhxaEdma0xrV3BKQ1ZZVmc?oc=5
2026-09-22 16:20:22,MU,Micron Stock Analysis: Overbought Momentum Ahead of Earnings,The Cryptonomist,https://news.google.com/rss/articles/CBMiqwFBVV95cUxPNW5DTV9pRnRoa1Q1c3EtVzJpLUgyT0hYaDVlcmZJUDRJLU9KalUxWEV2VWJPNTFnYzQwYV9UYUdURmVWbEVxU0tQNTdGSGRHRU9PdHhUSFF6ZDEtM1lrQkZzNkM2amlPRHBlekZFQ2hsWXE5eGNLMXRVTTNzMm1pemwzSE0zXzVUaGxwbEFySnREdU8wdmdVNnVZOTM5eWlTZldfRWFZbmN4ZlU?oc=5
2026-09-22 16:13:00,MU,Micron Is Facing a Potential Strike at Major Taiwan Chip Factory. The Stock Is Rising Anyway.,Barron's,https://news.google.com/rss/articles/CBMijgFBVV95cUxPSy1pVHctdWszS0J3eWJRRFU0Z19jMU5QclBoSS1wVnhKNHJLUmhvTWdsMkVJeG9pMlY4X2w5SU5pQTJ2clZFclNYSTJBUVBBQmg5WXFyNHV0Q2xvSE8yMTJPWGl5V3pVUG1sRGxMbDRHS21MSENKNDZzNTAtWlF0Q0VMLXpzOXJaVnpiTlBB?oc=5
2026-09-22 16:11:25,MU,"Micron set for strong earnings on soaring DRAM and NAND prices, but stock may dip before rising again.",Pluang,https://news.google.com/rss/articles/CBMilAFBVV95cUxPUkRwWjNrS0wxMHJnMl8wcHVYTlpBWTVzYk1PQ0g4dG9JN1k0SnItY1pjTW9IZWppeGY0UXQxWjJidGl4d2lhZGhxX1JveWtkM0hsSWY3MGtIZlV2Tlk0djVpVnlxS2p2YXFSMlZfcFZ6Yl9aWVlmU3g3VkFKMHZ6VndYbzByZEg5WGx4NFZLcXFrX0hs?oc=5
2026-09-22 16:04:00,MU,"SanDisk Jumps 6% as Rosenblatt Starts Coverage at Buy With $2,400 Target; Micron Rises 3%, Seagate Ticks Up",247wallst.com,https://news.google.com/rss/articles/CBMi3gFBVV95cUxQc3ZteU9CRElRRkd3MTVtdVZ3S2huNF9OV1JGb1R3S2xOZEtnR2RaTmc2cUJVdHhfOXJ5SWt6V2lZYUlmWTBqbkM4Ukp5cTQ2OElCVVVENU9xcDNWMFVxQ0llbjlJNW1RMHB0LXVpOEhwMTBRV2dzVlpuaDVLaE5mREJwR1RTcFNjamxLbV9RdEFnaWkwOEFZbW1fTjdiaUhKc0VBLW1QcG1qRUFzandsX0E0LVloamJYQ1dyVUlfS0lqZURDYU5FNkY4ZXRKMjBYN2hjRERSN1d5ak9zM3c?oc=5
2026-09-22 15:53:10,MU,"Micron: Big Earnings, Big Money, But Maybe Big Disappointment (NASDAQ:MU)",Seeking Alpha,https://news.google.com/rss/articles/CBMioAFBVV95cUxPY1h0NnBDUUt4c1dCbzVOVlowX1lXNmlVTWJESUFpcXlpZ2xkSHdRd0dGQzdTXzkyVG4xZnJtUXVwZldSWnhwOVpPMHpFSGNhWUd4MTFyYThlNEduWXhPbzVCeEY3WkFhSlEzR3VVNU5WVEFhVDhiT1dHVzJJSTdkRU94a3lDM09NVHg3SzlWUi1tX3VOUlNOZGU1bnljUm42?oc=5
2026-09-22 15:45:15,MU,"Micron stock rebounds above $1,000 on strong AI-driven memory demand and strategic contracts.",Pluang,https://news.google.com/rss/articles/CBMif0FVX3lxTE9Sc25mdGo4MGp1YXZmRVlvQk04R0duMXJlcW9hUjlKQ2ZtVjRYWkxkVGp4TEFaR1Q4TU14VEhQRmN5bGJIU3pDTHVLc3ZHYU5pR2U5YXV3THBSLS1uV0dNaUZTbS1pVUVsY0MyTFczQjBHOVpLQTd3NERzM21CLU0?oc=5
2026-09-22 15:40:09,MU,Micron Jumps 2.6% While Taiwan Labor Targets AI Profits,finance.yahoo.com,https://news.google.com/rss/articles/CBMikAFBVV95cUxOUENGUjRjSUJLR1dsalhZb2pqYk83bEVCLUdrQmRsNkF5TVFtRzBfRnFfcEdIR2RJVjBNRlN1YTBmVGtLSUFQbnc2TTVUYkRNajNpUkRzNWltRVQ5R3UtODZTbVNNRHN5bnpXSW1IMEt2aUR6eF9aZmV4S2hvbENIaFF4MWttbUJxWGM3SzdRcUM?oc=5
2026-09-22 15:08:48,MU,Micron Stock Could Be Headed Back to Its All-Time High,Watcher Guru,https://news.google.com/rss/articles/CBMihwFBVV95cUxON2hfVEczbjRvQ3NnMmNLZS1QMGJ1UlVudVhlRlAzUHlQc08zRGFtdHl0eTA5MUZ3LV9pWlNsWEduazVSc2VzUzU0c3E1M0cydEQ5bXRHNkdsUGdaT2xvcFlYUXlRdkMtUzFLa0xSNmZpbE4xdXQ0dUpZcVVubGJfU0NQWU0ySlE?oc=5
2026-09-22 14:49:46,MU,"‘It Could Double,’ Says Investor About Micron Stock",TipRanks,https://news.google.com/rss/articles/CBMihAFBVV95cUxOLXhTYkFZbFh3TzV2SXNKTEFxOENxdERfcjFEaDd0X2VYNF85LUFIOW9Rd1puVXdlSHRxQmYzSDNCcTdXeHc0V3M2UjJLRFpsa0RNMGlVVkdIZTQ3Ykx0UFZ3ZTJGbnRYbmI3U0RlNGloTURaNEFCWFRnT1BicDFac3A2TTQ?oc=5
2026-09-22 14:23:24,MU,"Micron Shares Climb 3.33% to $1,078.75 as AI Memory Rally Builds Toward Its Sept. 30 Fiscal Earnings",International Business Times Australia,https://news.google.com/rss/articles/CBMihwFBVV95cUxNZktVN2JqMjN3ZFRJZEo0V2R2NUEwM0ZQSHEzNnZvWTlLSnotVEJiSWlYeW5udndoWWhWeDgzaVNRRVhrcVFXQ1Zod094aUVadHlmNDVYTzMzQWtha0Q3ZlVJWFJOQnNYMFBCSkg5VmNIbDBSUllvRm5FWmVUYjBiaml1TTdhZkU?oc=5
2026-09-22 14:15:22,MU,Micron Technology Inc Stock (MU) Moved Up by 3.29% on Sep 22: Key Drivers Unveiled,tradingkey.com,https://news.google.com/rss/articles/CBMiiAFBVV95cUxPZUUyZWtlT210c0FOb0FrZzFLNWlaeFMxTEQxSWJmWmNqSkNTbXlpWi0zRGZBSlJucWlRaWxpY2JGSDc0eDlGeHJJS0VUdm9tMTNsYzJlbnlRVWgydEEtb3lnUlh6V05xTm9ZVG0tX2Y3Z0RXUm0yTGhRYkV3YXdtRkg1ZnFKQUJE?oc=5
2026-09-22 13:36:00,MU,Is Micron Technology (NASDAQ:MU) Stock Worth Watching Today?,Kalkine Media,https://news.google.com/rss/articles/CBMipAFBVV95cUxPc0lycE1iUWpCT0U5M0VqMERyTlZUa1N5eTliU3p0UEFrOUZYbm4wcjhaV0ZLS2haQmNXMTkwSXNERGVKWG11QkZfS0ZGLTFGWDNOUWRZdEhaODFOcDJ0XzJ1YkxVZ3FkbEtNZk0tQkxyUlc1Znh0TF85ZmQ1M3pmUGpwMTZ4dWNOMVM3eTlEenVMeWJoOHhKZk5kUjdLdVk3MkpzUA?oc=5
2026-09-22 13:05:02,MU,Micron and Sandisk Stocks Keep Surging — Here’s What Wall Street Sees Next,TipRanks,https://news.google.com/rss/articles/CBMiowFBVV95cUxNM2wtLW1GMnJFbEZCN3BiWlhmQWtSQnVyUVpsempwTGcyMTNncEdKejU2ZlRaRllaNXM3cHlHU0F1RXdRaFlrUWVNajNlcklIZTN0dWtzS0xwU3hWa3lmS3hIME5Dd3N1UnBuWW5QQUdENUlUQWxIeDBQZHhETGU1bnhlOXB5NUpsZlFvc2EtRzJJSnB6TkNtZVI2RFRmMENkTk0w?oc=5
2026-09-22 12:48:00,MU,"Chip Trillionaires Club: Only One Clear Buy Among NVDA, AVGO, MU, AMD",finance.yahoo.com,https://news.google.com/rss/articles/CBMingFBVV95cUxOTG5rRUdvZGNScmVtbldISzMwbGN0MmNXRXE1dVJlanhlb2lDVmI0eXlqUU10Zmp1WXAzUEVGVklZd0N5N2pxSEpHd2NsdENPVmxhQTBfemFmc3l0X1U3UFBKTDNXWTJGMVBPU2FDN0hQd01OYjhsc25DenpoMF9sQUVGY0oxN0ozZnBMRnFuT2tDQnVXRldnQm45WV9jUQ?oc=5
2026-09-22 12:01:47,MU,"Chip Trillionaires Club: Only One Clear Buy Among NVDA, AVGO, MU, AMD",Zacks Investment Research,https://news.google.com/rss/articles/CBMiqgFBVV95cUxNOU5id1YwSW9UcF9tU1g1SUR4MG1iTWFhaEh3eURBMDRVRllUUmZnMlJ4cGFiTmdtUUhSQUNwTndIYVR0WDhRdDN3WUdhRUI1Z1g3N0JpRWFIVFIySGVRMFdoWXNLSGNISVBVQl9WUUZjV29QbTMxRUdMZXp2WnU0TVFFQ2Q5Sk5qX2pkdV9ScjAwOWRiSTF3dFRzMHU0R1FUU25TdkZjQnBOdw?oc=5
2026-09-22 11:50:05,MU,Micron Likely To Report Higher Q4 Earnings; These Most Accurate Analysts Revise Forecasts Ahead Of Earnings Call,Benzinga,https://news.google.com/rss/articles/CBMilAJBVV95cUxOaWxxbWxjVFJ3RFdNVWMzcy15STk1Sm1Uc1YtVmV3U3JySUEwNmx4dVE4V2JLSFN4SkhVX2V1eWNTTVZRME5VUUJ3N2ZwU3kxcXpWMEZpQzZ0bnRRNFhRSWpuU24zenFiMDFRRk9ZX1J6RUdQR0lQRUdsZ2RTODJacnZPZnlDYkFZRENDNWVRd2dXajU3LU93dDg2QUd0Q1N4VmFIbndiVU9rSldRSDRQanFBYk95c3BvTE8tZDhkb1U1NHhNak81d0dRWU1mYWYtUFNGaW9nNWdYOE9nWktERWZZVHQwMG9HeWtMVEoxUjEyMzBvakNuVDJXYkwzVlRpVy1RSlJ1OWQ0QVlxLUNleXJYcU4?oc=5
2026-09-22 11:46:00,MU,Form 4 Micron Technology Inc For: 22 September By Investing.com,Investing.com UK,https://news.google.com/rss/articles/CBMiqgFBVV95cUxPUVM0VkZlZlhIQlR4V0t6UXE2U3pvMHl0eGtyQ24zRUMxaTh5X0xpUVBjejBreWZNalR1UlZkY0JDWG1oNnRyNTJVV2JXa1JEWUZsRGNXN2txREcwcFF2QzllcWV4STdjdVRrM0dqbUtyajhyd290dWtsU2ZLZUR3U2NYeGpCYWplMXh5OEp6bjBzbnFzUTVpZGNjaUhfWXR1dUdoeU5OYXhHQQ?oc=5
2026-09-22 11:44:26,MU,Micron's Q4 earnings beat expected but guidance and margins will drive future gains.,Pluang,https://news.google.com/rss/articles/CBMipgFBVV95cUxNbHJwNzVxdno2THRDbU52aHVfM0R3RFdtY2pKNzAtUU9UbWhLSHd4UXU0elBCb3o5TldsWHhXQnMxMmFKamhpZ2xheEVYeERZNkVORmNvQ1Bhd1dtaGhtV2J5UXJwRkFXVDRVaDlvWF85bHRwX3dHUTUzUm9YVnpnWkl1dTdLTzdSb2MxQ0thTC02SzNQYmxaWHE3UUlMb1Ewc3VqSXBB?oc=5
2026-09-22 11:34:30,MU,Micron stock slides but a top analyst sees 110% upside on AI-driven demand and long-term contracts.,Pluang,https://news.google.com/rss/articles/CBMikwFBVV95cUxQaXJIU3MwTnE5Mkl5SUFsalNXeF9IT3hqM1pTUTZkUUJOTnNjWVI1eUpZNUpNNlFzblRmN3NHUlhWOXItWlhOb0E2MmcxNWkyNkFRcG8xdlpfTGpXSW1JWEhKdXFDTTBTRFpIMFltMTRHUUlMNFQ3ek1DeXEzUTdPZ2tEX0trM2VFd0FyTHNwMnYzbGs?oc=5
2026-09-22 11:31:00,MU,Why It’s Time to Load Up on Micron Stock,Barchart.com,https://news.google.com/rss/articles/CBMiiwFBVV95cUxQdjBOUzBtZUczS0cydFFrR0ctaFhqSmFpYW9YVzNjX043VzhzWDFYdWZ0MFlVOUhxbXlvd2NUaFM0cjFabkFJaENiaGtfcWpkQ01lbEJfTzE5aWJabjRYM2djR0xyY1VmRGdWYWJXUnFvWmdtQjZzOWRNMmFJSDJyaVJQRUpYd21wTC1B?oc=5
2026-09-22 11:31:00,MU,Why It’s Time to Load Up on Micron Stock,finance.yahoo.com,https://news.google.com/rss/articles/CBMilgFBVV95cUxOVjlTRTFxWVEyUVRMRDI0ZkVUWjhTdHVTR2dTSlE2MFJmWFMyc0pydzBIMTRRaFhwS2ZPYXV4dXkyU3JJTkoxTmJWVmM2R3dZTnJxSGZvcldCYWpNV0hRM0ZUTHc2T3Z1UExGSE8wZ1lKQXhkQWN3S3lCOU5TZ1NPZGtheklZclJXYmdMSGJGNU1Zcm11YUE?oc=5
2026-09-22 11:30:00,MU,"Micron Q4 Preview: Why $2,000 Is Becoming A Plausible Bull Case (NASDAQ:MU)",Seeking Alpha,https://news.google.com/rss/articles/CBMiowFBVV95cUxPZHQ4OFdYcTRzZU1kUTI0Z2poYm91dzIwTDgtOXZhVXpwdUkxWHk3cXh2SnRHeklKeXQ1QXRXSlhBUVgxb3ltWjlnTFMwQXMxR0RncVhFNmhVakE1NFdBRlB4dTU5eWdyRlhIMmVJOWZibzdkeDZ5MThxNmVkWGRJd3NuREF6MUNtbzRSR2VENm16SmZwSUdJdjRsUWtKa3VXX3dJ?oc=5
2026-09-22 11:16:00,MU,Micron Fell For 3 Months: Now One Wall Street Pro Says 110% Are About to Materialize,247wallst.com,https://news.google.com/rss/articles/CBMixAFBVV95cUxOMTBzeW9OYjQyRVBSVWh0bGJNR0xZUFNRYlZfbF9OS0cwWTFtVmgxRl94RzBSeHQ1eTlfTGJMOXhVVzhPcm1oVlljOXZGQW5OWWw1dW9HRGcyZWctc0pXSWszM0tzV1FDOTZzTFh1NmlOYVFodWxxdEpmcGNEOGlVWnB4alY4RkpNdzhUT3VERVJFQVVlMlBsQjY0TWF0MGo3OTVoeE9scXBMTmJGYVh6TVpjem16R0RjdmRZNWo1bmt4MUZU?oc=5
2026-09-22 10:50:40,MU,Micron Technology stock gains 2.77 percent before Q4 results,AD HOC NEWS,https://news.google.com/rss/articles/CBMiwAFBVV95cUxNQkx3dGhuRzZhRlhFbGpLS1RQcHpocWtTTUowa2pWNmVKZVdzdy0tT0oxNFBxWnhjTmZSQVpMZlZYck45cjdSa21zZUR6R28wVGU0cXIyRF80TmhwaEpJSXFWaFBlZUFaS1EyRjRwZk5ZZ05mMXBfX2IxZklBdDJ1MXJrWi1LUmlheWpaRlZCakxSRU9wWG5PSWE2S3lBeXBIaC1jTl9tRjRGdkV3a3dSTmhjTnI4OWJKWnZIbHNwRXk?oc=5
2026-09-22 10:47:19,MU,Micron Shares Surge 2 Percent Ahead of Upcoming Earnings,SuaraGarut.ID,https://news.google.com/rss/articles/CBMia0FVX3lxTE9wYWRRN0pxNjdPSHQtMzhFWUdlNXJKbTNoc1g0bGtkNnZvZEFqQzNkTTVJalVoNDh0aEhyTU4zX2k4TTZ4Y3c4ako1VHR5OXBZWXhoczRDMFJQbUpJcVdYc2NIN2Y4NkJaVF9z?oc=5
2026-09-22 09:57:54,MU,"Micron Stock Reclaims $1,000: Can Tight DRAM Supply & Surging HBM Demand Push MU Go Higher?",TOP1markets,https://news.google.com/rss/articles/CBMisgFBVV95cUxOdUsxRmpnQlgzYWVLVjRpMmxOUWZCaUNaRFpvcGRaYnBvbnl1bEdTTjl5RmNwSUl0djM2dE9GLWdpYUotUmFKbHc0UkhmdG1JaS1kQmc2N3hfdlIwTGl0Rmt5czNybng2aEV6YUJVb0lvZnRUMl9Kakt3QldhOVQ3UG1FZzlBazRwUldBSWI3aHBiNW5jc29aYV94SnZXNzl5OFZmek50bldlVVplWFJLemNB?oc=5
2026-09-22 07:45:24,MU,"MU, SNDK, WDC, SKHY Stock Jump After-Hours — Memory Chipmakers Soar After Amazon, Apple Management Flag Soaring Costs, Supply Crunch",Stocktwits,https://news.google.com/rss/articles/CBMi4wFBVV95cUxQZjlaZEl3bE1qZWExVXIzN3BhdEhkT1prYnk4c3Y0TktkVjJZQ3FfRGE3aVhVVjhKbFk3dGlsYnNmd3NJbGNpNnU2VkJybEx0dFRybWFmU05HRWNfbi16OWNIcDdneENNWHlkQTdEaXVRcEExM1NOalBEN0tvZERlZlAyT3YwSTJwZngtN0FGNUgxbHVwNUhaR0Q4dXFkbmJzYjlJWk1TMjA3MzhhbHFCV2ZZZWwwVVQ3WndhQ2FGUnB1RFk0NmJfQ2hQTml2c0pubTdtVXFRRGJGZVBpMTRHTzJDdw?oc=5
2026-09-22 07:25:33,MU,"If You Invested $10K In Micron Stock 10 Years Ago, How Much Would You Have Now? - Micron Technology (NASD",Benzinga,https://news.google.com/rss/articles/CBMiwgFBVV95cUxOdkRkWnU0N0NUWnd2a2xnUk56aDY5ZnRWZWFuaUNLTkpEVUlMb3pwdU1TemFNTXlMVnZVaGVsa0ZJdWNkLTR5dlpJN1J5dHB0ZmxaRFFCbDkzZGlsQ082UzFEUi1VX3FsRWdmbVhsWjREMmdwTFdRb0J4bjZEU1NvbzZmVkVMMHBkWUVCbFRodUlfbmd3MlZ2YUd5N2FjT0pieTV5dHF4WlBMeDZVZ0RvM2h1Y0xBbkpzUFljeFFCR29kUQ?oc=5
2026-09-22 05:57:29,MU,"Micron Stock Forecast: MU Breaks $1,000 as September 30 Earnings Near",FXLeaders,https://news.google.com/rss/articles/CBMiiAFBVV95cUxQaDdmbWVuS3pUXzZPVHZFWFdxVFUxM1N6YWFRT29sazN2NTVwWFppTVd4eHBycU5ubWVTWjhjQWh6YU83NWluWjFLRmtSdWFWSUtLMm9WMmFYS3BwYXpab1FQa0RnZXpldVR5cVNlWXkySElTWV8wR3FySVFodjA5OHNjdnNXWUZV?oc=5
2026-09-22 03:17:57,MU,Micron Stock Rally Hits Third Day as Chart Signals Turn Mixed,kobaran.com,https://news.google.com/rss/articles/CBMijwFBVV95cUxPMmpnNFJWOHRJT2V5UEdFRFFMd2dtZmlHaElGMHNwRjhZUEFBZnpjM1dzVHB6aUthdTBlOUFmQlRYZWh6YnJaZGZPSzhPR0tjbDFsMDJnX3NaWHBVWEhKaWtTR1oxNWtqamRXLXdlVjhaZG9TX0F6ZnNncndJbmN6cmlMQUlZbWEydWZJeFB5Yw?oc=5
2026-09-22 02:11:23,MU,"MU, SNDK Shake Off 3-Day Memory Slump: Retail Says Demand Narrative Is Intact",Stocktwits,https://news.google.com/rss/articles/CBMi1gFBVV95cUxQRy1xV1l5NVlkY3h4WldqcmVLb3IzRWxSZlgwa3Q3cVJHVERqRHJSVzJFYTY3WXgzLWRtdzNSTmJRZVpWLVV0emdhUW5VclFSY2U1V3ZEbjFRVGFqd0t1aFBwODlad0hVbXEtaS1nWUhUdGdNdU5EcVhKWVpSYXV2VzVsemE5YUhXcG5valZzOVJBbE03c0pnU1JFQng0WUlheVg0NmJlaUFqZlJqbkZETHRmdnJsYUF3WUpWSzU3anpoWDRRMGo5QnZTcXZKejRaLXF0YnZB?oc=5
2026-09-22 02:09:44,MU,Micron Stock Price Forecast: MU Stock Poised to Hit All-Time High as Tight Memory Supply Continues to Support Price Increases,tradingkey.com,https://news.google.com/rss/articles/CBMixgFBVV95cUxOenNGR285dVY4UGNseWstcjUzSGtNMlp5QklyS0RfV3hzWllCaUVaSjNHWUlDcjE0NGJNOUZpT2V0aUk0VFhYVmx5T1ZVcll2Wlp4Sk4xVEp3VmxYZjFTenhEZUgyb3FJOVJaeWgyY2wyY2k4T3ZMRG5hVEQ5QXBuc0tzemVBN0k2eUQtc2VVT2VwandPRFhzNEdSR3R4ZDRBNGozR3BseF9tYUJobmpEcFBIa0lCVTlXYWZxcjd0Wk1UM3A0Wnc?oc=5
2026-09-22 01:35:49,MU,"MU: Micron Technology Inc Latest Stock Price, Analysis, News and Trading Ideas",Stocktwits,https://news.google.com/rss/articles/CBMiR0FVX3lxTE94dV9aakNOQi1wRkFjcDBRV01jZ1NMaFpLTXNyM1pzWDU5Nzh1d1h0c29vc0IzSFVfbVFIMktLWVNwaU4xTTU0?oc=5
2026-09-22 01:32:19,MU,Why Micron Stock Is Jumping as Intel CEO Warns on Memory Chips,Barron's,https://news.google.com/rss/articles/CBMihgFBVV95cUxObjVSZEkzTV9pcFZDM1dOLW5LcmN3MEJnU01vVHJtMHhjY251bWVDbklwUlFCR3lvbjlncjN4eDBMRWl0aFh0UTloZFlYamoxeUtLTUd3UERzTG1nQUEyTFVkTjcwOWg2SVFoVm82ZFRxTWIwMnRPdmphSGxMUkNPLWlBRzNfUQ?oc=5
2026-09-22 01:03:19,MU,"MU, SNDK, INTC, AMD, Other Chip Stocks Extend Slide – Retail Traders Still Buying The Memory Theme",Stocktwits,https://news.google.com/rss/articles/CBMi7AFBVV95cUxNR2lyVHNPTWtDbWFUQkVQMXVnTWx2QzdWemE3RDJMbEpOcTZ2WDNwQkYzaDVRUE95djBCRVowbVc3cU1tWTZ6dHhRS2h1S0tRVlJFUkE3djRjdW5Yc25QNDlzZHJaWEkza3MwSjVOQ1JIeEZhLTRENlotbmZtaHZabkxMZ2JvczJETG9BeUFONG01RVBWbnAzc3IyUlBuX1piTFJYSTZidE9CZGpja0dIX0FNTGtEcG96RnB0aWxhckI3UHR2OWN1VDJjbXdkVFladU1tS2xrS3p5ZDEwU3pyZ0hxU2E2dXREeVpySQ?oc=5
2026-09-21 23:31:00,MU,Micron Technology (NASDAQ:MU) Faces Memory Demand As data-Center Spending,Kalkine Media,https://news.google.com/rss/articles/CBMitwFBVV95cUxNRUllRHIzN0FZdVpJQ0h1TVMwVHd2QmV0NkYzRUJXZEN3eFZPbXpJWU1fd2JLMTczWHhPU3pCcVN5R0tadGQxUzloYWZ0U2FzRWcyYWo5Z2o1QjU0RlNfZHdUTVozSUtqOHRBTG1FWEJLeURGTG5JT3BaU3pxV1cxYmIxM28yOGZrdkJfb2ZPWGpxc1dwbDlEd2kydmtlOGpEQ0ZHTXZ0bkpEQVhPNkc3cHdJNjZRc1E?oc=5
2026-09-21 22:15:52,MU,"Micron MU Stock Breaches $1,050 as Chip Demand and Trump-Xi Summit Fuels Rally",FXLeaders,https://news.google.com/rss/articles/CBMiuwFBVV95cUxPcVRYWXd2WlVtYzZYVzl1SHBqbDZmMVJMcTUwa2F5c2c0MWxpYjhxTkZHeHZwTDVVblo2VHZ4YTQ2cWpQMUpDTU5yVDVFVXlTLWZISk5FVEdhdzJSNUlxV2lrdVNCQzNxMWhVMTUyeHp3SDkwc2FYUWJmVU55TGVFRzlQclRxeVFiWUtpY1NJQmgwYkhRNkdVSGViWlNER1Ayem9qQ1Vya1pCa1ZBNWVlci1yTmo1RVlmMVFV?oc=5
2026-09-21 21:59:26,MU,A $2.75 Billion Reason to Buy Micron Stock,finance.yahoo.com,https://news.google.com/rss/articles/CBMikgFBVV95cUxPdmxJd1Y3SVNHZGlQTF9IMUVzVmE1OXZjYVRhM1ZwYnFtdFR2dnF0eFVhY2MtT0FNYmFNSk5BdkZVY1MyMEJCNkVaSkNoMFB5N3JfMW9US0JxMUk3OUF5RTI5b2ZLUktvUFdXd04zN3BZc1htOS1PQUZNUGNmQm8zOXVfNnRhZmExamdINE5DTjVCQQ?oc=5
2026-09-21 21:59:26,MU,A $2.75 Billion Reason to Buy Micron Stock,inkl,https://news.google.com/rss/articles/CBMidkFVX3lxTE1Pd0lqZGJKWC1saEFqOEVuR2xBVEpoVGFMRENpRUFNWUM0SVVUcjdSVjJta05tMDl1SVUzbGFaeFo1NlFodjhNZ2R5V05FR2Q4dy1PZ3BVYmh0N0RueWhnektOX01YOTVqN3BqMVhGQThVUlRoWXc?oc=5
2026-09-21 21:59:15,MU,Micron CEO Sells More Stock Under Trading Plan As Memory Downturn Deepens,Stocktwits,https://news.google.com/rss/articles/CBMi0wFBVV95cUxOQUtpZEo2enh5cXpUdW9WbFJnZUJCWkNIdFByeFFFVWpncUloOURjZHc1VFBrWXAwUDRacHdCSUdUX2J2cmxWTE1GZGExQ2hTTFR0WkZGRVh5U1pWSWJCeV8ycTR2aE4yNE5MMVcyeDV5dkl3VnhYTnd5aTRiS2ZtRkgwYnhRTlZiZVlNR3JOSElWekpfZWVIb3lEaEFrYlg1RWhuRFI1TkxhT1kwV1VzVWxlTXhOVWVidEVmNTlFVk9qc2tmanBOVzNzUkpUaGpOdmJ3?oc=5
2026-09-21 21:54:35,MU,"MU Stock Could See ‘Sizable’ Multiple Expansion, RBC Says Citing AI-Driven Memory Demand",Stocktwits,https://news.google.com/rss/articles/CBMi1gFBVV95cUxNSG9idHRZS0pLaU5VS2VxbjFtQlQ2a3JTS3hRZUt0cnI3WW4tS09JVElZc3pBcXg4Y2tJMm9UX0F2NFBMZFBUOE9XUU1hUHJqVzZJdXdjZ0NGS3FuOVZiSUxNNFZzT3hKNkJrLW5sSmN3VjRVZXF2MVpzbkhEekJMNWJERXRLeWxENEZ3aldWSmVHNkNFdFhKdzJ2czktSUk4UEJqa1NHcFUyM3NkQTd1M3VzOVBQOTMyR3VzdFJYaUpocTZoQkNvV08zYzRrVTV4SjdBekF3?oc=5
2026-09-21 21:45:06,MU,Micron (MU) Beats Stock Market Upswing: What Investors Need to Know,finance.yahoo.com,https://news.google.com/rss/articles/CBMimAFBVV95cUxOSWdtMzltXzUteS11b1VMd1Rya1M2dnNPNmE1LUNuSUt3WnJxYzNsQTVMZ2VCamJFUTdYX1RoSWtlbVdiTnBXRWw4Q0J3bUl3Tmg0S2hObEhvLUFFTERxTUZMd0pQMTZrVDY5WHZFVkloMFVNbEotVW9rcnVHbTVjY0RwYU5rR0c0NkRtcjNBWFVVdmR1a0tOdw?oc=5
2026-09-21 21:41:00,MU,"Micron Stock Is Back Above $1,000. Is a Stock Split Coming?",The Motley Fool,https://news.google.com/rss/articles/CBMipAFBVV95cUxQZUFOaDh2dkFXRkxXdl9pc0oxVEpocFpUNVdzaE5JcnNtWXZIc0ZUZVBvRHdKTjVUeFZYNWdBZU9RTjVEMW9RSjNrSXU2WjNjVzk3NV8zaW8yRDNfTmFobEJSRHFETHBWeFpEOEhnakQ0dUIxQnNxY3h0bnllbkdWVkhHeVJneWxoX3NEcVN4bTdTOTY3bkRUOG9zVUduaUNDN0FsSg?oc=5
2026-09-21 21:07:52,MU,"Micron Stock Is Back Above $1,000. Is a Stock Split Coming?",The Globe and Mail,https://news.google.com/rss/articles/CBMi1wFBVV95cUxQbFlVZW02SnJkbUJLb1hoazJwRGJVUHpSZjlOY0ZWRDlxNzd1N3JtRW9JN0VYakZ2Qk15UEVfOXY1VlV2OW5zRkE0VnRZR194dkxIcUdJTmhuVEpIejZKcGJjbVNGWE5EaFdoVTlvNldIVTZmRkFmN2ZHNnNqZFl6XzEyc0FwWU5CRFRjeWMtbFhQS0VwSzNjbG50UG56a0tna0xnLXJXOUR2c19nclQxa3E1MjdRc04zZzhhY2doNUtRWUM4dXlUUXJLRF9BcGtLNl92N1ZWYw?oc=5
2026-09-21 21:01:01,MU,"Micron Stock Is Back Above $1,000. Is a Stock Split Coming?",finance.yahoo.com,https://news.google.com/rss/articles/CBMilAFBVV95cUxOUFBEUE5ZdWZ0dS1Dd09fVmRQSncxYzlZSTZPU3lQRUZueHNSME9ZUWw0NmJMbjc5VWJ3RHBvVGIzSTJmOWo3dV9lWEVIVDNIT1gwa0tVZjVZbXEzWDVfS0t4c2dVSG1KWlA3Z0tLQjcteG5JZWZvak4xT2p4TlRDczQtSVVMUG51cXRuMVVQaF9qRzlM?oc=5
2026-09-21 20:30:00,MU,Intel's CEO Just Gave Micron Technology Investors Great News,The Motley Fool,https://news.google.com/rss/articles/CBMipgFBVV95cUxOSUZLWjZ3WHpNM295SzNhUVI0X0NNdnB6N2tBRDA4Vk14RjRHUGpDN2d0N004TDJod1VtM0xfS09QT0x2SHVMMGowR1ZUMEZmSzVMLUppUlpKNllSLUhYUFRGSkVVeFJCM29nU1R2OXFQYmM2YnFVUXR6ckI1cTM0Wm9HaXVVUU9KbUY2ampBQ1N1eVpaNWdmclAwZlQ4UWE4c2F3dlZn?oc=5
2026-09-21 20:05:42,MU,Intel's CEO Just Gave Micron Technology Investors Great News,The Globe and Mail,https://news.google.com/rss/articles/CBMi2gFBVV95cUxObnJja1JwenhzekdBbGVtZ3BycHJvS05tY0w2emZDVmhHTmRhamVhTHNFcFRLd2tyNzRVeWlvQUVSVTVlQTV6dWVxQy1McnM5bUUxdVluclh4R2JCOUpRcDFmTkpOMWVHZTNyZ2tnOVl5MkFBR25UWUJUUEgwU2tGdTJ5MEkwUUNLOVpPaTFYUGN6WnNud1dKNnItcnE4MlIyM2tvNVdsd1pnazgzaDBQckdRRWo5amM3NW83UVBld3VjZVA4dXZRbGtMaEd2UndsQjdOdkFHRHJKUQ?oc=5
2026-09-21 19:46:30,MU,How Much Of Micron's Revenue Has A Price Ceiling?,Yahoo Finance,https://news.google.com/rss/articles/CBMioAFBVV95cUxQTFRNUDExSlpHZkNEcGxfMERKa3ZSUzRVbnJyOWktVnluUjJYSV9RZU1aeVcxUGdOX05JNkZzelNtY3k4SkNQZ2E5RFdGaExzZ0c4YnRrMV8yTFpxN2ZfVHRtd2t6NTVRLUUwMFFQTW5kRkVScnFQV3BCbmpYcFNyX1lFM3NZN0FqM0dFM01IZWt3ZUZ4cktLcUhicTczSWxk?oc=5
2026-09-21 19:46:07,MU,How Much Of Micron’s Revenue Has A Price Ceiling?,Trefis,https://news.google.com/rss/articles/CBMiqgFBVV95cUxPeklvNXp3Qy1sdS0xdjNvU1ozbmNOMEpFZlBSS0FIZ2xEVGUyZnMzRkg4RVg3MUptdmNCWEpiT1BBblhIUURuOUxyNGlrM19hVTJBdkZIZkcwOUlEVy1CMmRTUEZnaTFpTmZCSnViclpTV0hKdWgyT3F4My0wSURjVGZya2RlejNnQzBqNFNqZGJNU0wzWGZvTG42aFllUE50bkNZQXlNeU5LQQ?oc=5
2026-09-21 19:40:07,MU,"Nasdaq, S&P 500, Dow Futures Pause After Strong H1 Rally Ahead Of Payrolls: Why NKE, TSLA, NIO, MU, LUNR, CVKD Are In Focus",Stocktwits,https://news.google.com/rss/articles/CBMi3gFBVV95cUxPdkRBQVAtdmNlMnhhZ1lUMDU0R0l2YUU5aks1MWwzRW1yblNqRmtLb2VkbXFZalZSd0VsSy1KbTNsSGwwX2h1NlpwNDJ0cmdFelhET3NneFRVZlItTktYcldSd3pKbTU2M3F0Ql9pY2ZKbjNlTG1kbjVuRktEZUItaU1xaDdYdFhGc1lXdy1mNU9yaXVzc1lUMzY2bXRFNzc4MEhMUFdvV1dReVZIZWlXWlZHZnl3dFJUNHVJWTZ1NU1uWm4zMk5fQ1NXNDdMRTFNdi1Ya0c5bjBJbDF1QWc?oc=5
2026-09-21 19:16:32,MU,Micron Technology stock resistance test: Breakout levels to watch,Traders Union,https://news.google.com/rss/articles/CBMikwFBVV95cUxON0d0c1o1VVdNMnd5LUpULU5VMjUxSzJjMUxrNjE3N2Rjd0FCREdzT0xZVklxeEREY2tqYlg3UndZOEtuZERKNndjQVBPRFV3a0FxdzREM2dyTTBncFNqN3FUeUkwN2FBUG03U0VYWjVWeWhJUHRXV1g0cGJONmx3MUhZTHZibW5CUGNTMkZWS3FVd00?oc=5
2026-09-21 19:13:00,MU,"SanDisk Falls 2% Despite Memory Rally; Micron Advances 3%, Western Digital Nudges Higher",247wallst.com,https://news.google.com/rss/articles/CBMixwFBVV95cUxQUUJ0QlZnNE0zR1ZlN1EtbE9uU0xBSFcyWGtRT1Q4UXdXN3V4cHA0ZkNfUzRmUVM0dkRLUE9yalRXNmkxdkhYY200c2VQaVpnaW0tcEJvcjhDUW9ReUpRX0pRSHVDMzBtbTdrTG5TdGJyTWEzS1BCRlZBbGNkZVFUb21vTWtDa2E2bG9MWTFKN3lkY0x5X1drRUVrQWNqWkx5UExxZ05pZlYtUEFZcExNN3p4eXlLZzM3c1hvYVlBTnZpOFMtZnlV?oc=5
2026-09-21 19:00:05,MU,Micron Gains 2.4% as Taiwan Labor Talks Reach Decision Day,finance.yahoo.com,https://news.google.com/rss/articles/CBMikgFBVV95cUxPdTBLZkZ4cFZBTnlKdFRIRDJ1REw4R3RvbGtzNUNpVWdTWUM1VVZZeTFwcUhaUmdyVjBHTUJzX2xnS0VXOFVIQ1diMHIzdGVnV2xGUGZCZzBLRm5lc2JhOWNjZEpNaThFMGxqdHlSLWd3ejJ2dFBNQXJRMzhPeGdKNklQeWR4MVhINVdDMF9Pb18wdw?oc=5
2026-09-21 18:57:00,MU,Micron Stock Rises. Memory-Chip Supply Can’t Keep Up With Demand.,Barron's,https://news.google.com/rss/articles/CBMiggFBVV95cUxOanY3Qkc3WG1iaDVVWllsRHl0N250c2huX0oxZnJLd0kzQTlJZ1dsWWhkQWlWcFdxRE04NDJxZ292Y0pUSGZXckRzZHIyTXFSV2N5UDNVeWF3blpnaWpGUTV5eENxM0ZZdVFwaDNVOGRqeEt1bk9Fc00wX3dtNVF5NWJB?oc=5
2026-09-21 18:45:56,MU,HBM Sold Out Through 2027. Micron’s Customers Are Begging. Can Anything Go Wrong?,Yahoo Finance,https://news.google.com/rss/articles/CBMimwFBVV95cUxNNUdyWmg3MWVyRXdFVGg0dlp3LUlHZVI2STlqV1l3MnZ0bjZPamV0bTQyLUJsUVl5cURmUmxyU0k4RDlfX1gwOVVzMXV0QnZ4ZktQWG5vQnBKcngzUlhjQmpfUzl5TUpOMjZWY3ZCT1NCRTM5eXozVkQ0LWRFYXBTd3pQbFpybndrZGFMaEVfU1JxZjZOMFgyNFd3NA?oc=5
2026-09-21 18:45:56,MU,HBM Sold Out Through 2027. Micron’s Customers Are Begging. Can Anything Go Wrong?,AOL.com,https://news.google.com/rss/articles/CBMif0FVX3lxTE5YZ1hHd0x1WDJ1eG5veVhGTmpUUWI5YjYySTRIckZnUGctUkg2YXNzYmdPN1d0bWZuanJ5R0NYRm5VZFlwRmRYUWFCLXJRVjhER0hLMURScVNQWURLRG01TFEzU1JwbHkzdFBuaWsyUHBrbEhwbXpnUGlNbldFOG8?oc=5
2026-09-21 18:45:00,MU,HBM Sold Out Through 2027. Micron’s Customers Are Begging. Can Anything Go Wrong?,247wallst.com,https://news.google.com/rss/articles/CBMivgFBVV95cUxNenI4Q0FZZWw4S3JENDdwTXF3MmZxUHRCYVZoUXFOc1REUV91YTZmQjI0NjJ1d2lkblNQbVk2dER5azRQdDZrRWNBSWdUa0psRkJBWlVDVkZFU0k3NkF6M1dYekdoNUtac3hLUWJMdUlKbjZEZkQ1MmhPRDBlS0R1Q0JyNk8wd09PRE1kNVotUGlPZ1dEY3hUVWJVU2NaZE5aZ2s1WGgtaURyZ09BbVFIUDFTRlBwQ0RIOHRGcWFn?oc=5
2026-09-21 18:24:14,MU,Micron Stock Flashes Signal Before Earnings,TradingView,https://news.google.com/rss/articles/CBMipgFBVV95cUxNR0lWQUlUd3lTeVNKRkpsMThJTEpyOFFqbV9wRTgtYVV6NWdzZTl4Uk50QVBka3ZtaDVkQ3VydnlvZVVOQml5Q19VbVo1ZlppOGFmeW9WWlV1emV2UzlfX3lQY3JpZHRhakp1LWotUFhVTTZEelBZaHZqaGJ0YWNtOUtvUjN1bUVaRzNRTjY0NUZ6RWRiMG1NaTRDRzJaeGFBdnl0My13?oc=5
2026-09-21 18:24:14,MU,Micron Stock Flashes Signal Before Earnings,finance.yahoo.com,https://news.google.com/rss/articles/CBMipAFBVV95cUxNMGM3NWk3X212RS03NlFpUmtpLUxINkY3eTNfM3d4YVFfRUE5WlZDNndxWTBZbW1qVVBCLV9UN29EaVRWdElmZTZtZFduMHRjb1JKTHRCRVo0d0FFYzFNX3F3SFBuWHF6YUlYWGI1MkxTUlVwTUl0MG5PaGZpQ3hFOVBCWWJlQU9pZlEyRVdhWmxEYmdYVjdHeVRCaEVyQ01jdlFJRg?oc=5
2026-09-21 18:16:35,MU,"Micron, Nvidia lead $1T market-cap stocks by Quant ratings as AMD joins the club",tradingview.com,https://news.google.com/rss/articles/CBMi2AFBVV95cUxQS2o1RnlWbEVzcmFzYzk2OHU5dVp1SHM3ZFlDTU9ydml2SmVlUE03V1VESTRtUDh2WnNNdExuaXl6NUVMVVd6dWRhQmFoeU9tUkhFdlFjWWFUMjRuLUlPcE5lbm9PaDFuMS1Lcno2eEtfU2tIY3BQNnVSU2c4eHVHSGZnOFM2aGRxRjVvdS1DOTFqdUxWTjJjcVBsV3VseW9jdDdTWm9IemRmSDhUSEEwWTM0c2ZYbWJCdWV2VHhDOThpNEtiY1dKODJZQVpxVDVrMnZvV2xpUVM?oc=5
2026-09-21 18:14:00,MU,Not Nvidia. Not Micron. Meet the AI Infrastructure Stock That Could Triple in Just 3 Years,The Motley Fool,https://news.google.com/rss/articles/CBMiywFBVV95cUxOV0dPOG9jbF9JRlo3Q0xSeFFiRUM3R0F3b1JrNURoZmlodEFPT2JfSFZGTGFLNE9KM1p4ZTVRTkQwVG1pcE00amRFRk1LOHRGeWlFRUtIaGo0dExmblV1V25kX1hFNVVJUnh4WklkUW56MzFDS20wUVM2cGQxYkZVWTZsdmI1eFhTdTJEQXJBdjRERHJPTjdPSFZmZU1LZGlBWTFXRTRsNXlmT1pWRlk3SVRwNWJMT2EtVkV6QzZSZW1JU3B0akZ0ak1mdw?oc=5
2026-09-21 17:57:48,MU,Trading Micron’s Sept 30 Earnings: Tactical Bull and Bear ETFs for Single-Stock Exposure,Barchart.com,https://news.google.com/rss/articles/CBMiygFBVV95cUxOLXFiNkRQYTFCYzIxeUQzTGs5SWV0aVZtY1JUXzQ4ZkI1X2g1Y0FkY0diRjB1S3h1dld1RHN6TWRobmEwdEJWNnFsVzB4UnpHZTJHVm1qMmhOVHNwdXFNQ1hCRFB5Q3JhZ1JseERKUU9oX1BDV3BCMmtDOTVUdWMxZ0xTR1lGVzY3NmRDeHdrbTZTSlh3WWJmSHFPbC1La2RnOVg3Umx0V25DX0pYYTRRdmlsMXZ6amFPbGRvT0xXcHR1cnFScm1GcWRB?oc=5
2026-09-21 17:57:48,MU,Trading Micron’s Sept 30 Earnings: Tactical Bull and Bear ETFs for Single-Stock Exposure,Barchart.com,https://news.google.com/rss/articles/CBMiygFBVV95cUxPYVp5eWNaNzBiY1l1M2dMTFp3dWJabDJWOGtYV1I4ckZQYkc5NWdqNEtsR280UTVjR1ZiYlhMcHdRMTNld0ZSU0Vvd3U1eUVnajNZbVVxbFFfRGpTVHZ3Sl94TDRQNG5DTVk1OS1XRVM2SnlOb2NhejV1aEVBeGtib1VRTjQ1Si1Kc2c0QnBuZE91TGJrRjdPMThvUVhZQkxsTDFsa0c3Y09yUlFSRGNjaGlaRE1ZWU9mVXhLU0FwTFlXT1Q4eTFtVXZn?oc=5
2026-09-21 17:43:26,MU,Micron Q3FY27 Results: Revenue hits record $41.5 billion on 343% DRAM surge,scanx.trade,https://news.google.com/rss/articles/CBMixAFBVV95cUxNMHhtX1J1aXo4OW9WbHdTTFlXVHpwczZ2U2ViVk9aYVY1T09fb2laNVlydE85Nm9RTkFnaDdVSGsxU3lkTG9aVkNLcEZWUTNiek5XOEZYLUVNWUdLZEkyWklRelhLWWdjam45V183S0g4eVNZVnVLOXA0WmkwU2JkcFhrdnYtNzVoRVFpTnJkLWV5REN0ZWNQYTRqRTdVTFVuSmYydVZ6VHJkY2c1RHdHYTJKNURnX2ZIdEJvRTlDSEIxZDJr?oc=5
2026-09-21 17:35:00,MU,Where Will Micron Stock Be in 1 Year?,The Motley Fool,https://news.google.com/rss/articles/CBMihgFBVV95cUxPNElxMWtrWm5JaU9JaGtlaUFfRXF5bzJPQ1ZzMjg3STl0d21ncXdMRUlQb21OcDdNOG9mbkx4MWZmV1h0bk1WZXRSUk1RZnlBbm54WWNFc3B0X0xhWlRHUmhzNDNZYi1UZlYxcjBJeXg2WjVsWnNRcHlHUTQ3X2NVbmlIaUpGUQ?oc=5
2026-09-21 16:55:00,MU,Where Will Micron Stock Be in 1 Year?,finance.yahoo.com,https://news.google.com/rss/articles/CBMijgFBVV95cUxQRU84VExsQXR4dnFkU2ZsYVpXenl0b2VoS1dqa05hN1NUMEFGQTlRcFc3YzJHMms5andLN3hMYk5oTEt4SHpFell0RW9ScG00Q1gzbVNlVGE0N28zN0p2ak1HSGVrOW9rYXM4dV9WR1FpRnRoYVBWaHhnai1vWVNGLVhmZlNSazRqWGVlbV9n?oc=5
2026-09-21 16:55:00,MU,Where Will Micron Stock Be in 1 Year?,The Globe and Mail,https://news.google.com/rss/articles/CBMivwFBVV95cUxPVlh6QmtCdDJUUlJlTjQ0TV9ZNUk0Z2xDY2pKbkE0MjVZOEhzZGh0Y0swUVpqaFFFaElyVEZ5bHR1TlhDdDd6d1o4ak0zRkxfRk5BQUtQQnV2cTFhMjdicVFNbzNPZ29RcEEta2YwVXpiMGVfdnJwTWV5QlJHaXI3LUlGWFhYcms0SEV1bmFab2tsV3htNWxycG9DUjNHOHNnZm1rQmlhMTd4WDZiVC1pWnpFWm9yRWpCazV5TmpmUQ?oc=5
2026-09-21 16:55:00,MU,Where Will Micron Stock Be in 1 Year?,AOL.ca,https://news.google.com/rss/articles/CBMicEFVX3lxTE1mRm9SZXBPZEVOeFNnWmk1cFlmODd0Q25jN0NhWWZ4ZlZZYmY5UjUtbE5MZ2ZNYjNFb3VVUzIzdUU1di1FbEVfZ2dJWWtLanRFOERLSTR6aElBX0l0cmRhek5ZQUJJc3BsVWNWTWpfbFE?oc=5
2026-09-21 16:43:25,MU,"Micron's 343% Growth Boom Is Already Over, I/O Fund Says - Micron Technology (NASDAQ:MU)",Benzinga,https://news.google.com/rss/articles/CBMiygFBVV95cUxPSmVLaHRVb1V2c1dZZUxVTEp0NFdHc0E1eHR2WVhGMmY1dno5SXRrZGs0ODBma1NORWk5TFBzV21FdVpTazVCYzFRZnNmSUZ6WENTbW1pYmxNQV9fdmduRkl4Vjk1eHR0MkdqX0tFNDdQa214cnJvTlJBYTNpcFRKZlJtMUZuY1R3a0ZHM2IyWTk4WnAtbW1uSEN6a2sxaS1FMEdTSUV1bEx4Z201cTBJVTd0anRzRDBDeFM1TnhyMkI3NEZXLS1fN2RR?oc=5
2026-09-21 16:42:55,MU,"‘Watch This,’ Says Top Investor on Micron Ahead of Earnings",TipRanks,https://news.google.com/rss/articles/CBMimgFBVV95cUxQWFgxSDM0SW9lTHkzeWpUZXhqakVhQVpuaUNla2t6NGozOWhvS1J0akZqRnpmNmJZejN0NXpNaDZTMXpidURrTFRMZUR2SkdJU1NKQU5CVXg2VlRTenFOZlpmbmVndFVaOUxycm8zSXdYcE1PUDhjT1RJMEpRMDNpYU9XVFdVc1R5MHE2cDNZNFRMYi1sTmpDejhR?oc=5
2026-09-21 16:34:46,MU,Micron set for strong Q4 earnings on rising mem...,Pluang,https://news.google.com/rss/articles/CBMikwFBVV95cUxNdHNxUnZVMXJ0RWpvQW5waG02WmppVGJVaUVsTlk5NGdGanJONFZZc29va3hzOVVZMmxyLTZnTFhfSUpOaHZLdU5aYUVVN09MbUhxSjNFajduWE1CeFVwODVYZk9NUzg0ZUVZY3c1YXBPUlhLZnNscmI1WHZFUWlJMmg3VHZYUFEzYkFzRm9MVm5hQ2s?oc=5
2026-09-21 16:33:12,MU,"Micron MU Stock Breaks $1,050 as Chip Demand and Trump-Xi Summit Fuels Rally",FXLeaders,https://news.google.com/rss/articles/CBMiuAFBVV95cUxNZFpiclZFSDFmMDZsVWtWaml6ZTFldG9uVFNzcmF6NkxPa3pBeWZIekpiU3RldHc0SW9SZU8yVTh3MlBoVmJGWThFT0VjcjdXN25tR1JBVEtrc3lheE9DbHpWekZVSEMyVkIyUlRkYTdya193d3hERU5oR1k3LXlPeGlGa0RlQVg2Snp1NzJicVkwam81Mk9kX2NoZ0dTX3JURmllNnpZLVZLSTNsQW5hdmh1ci1La1BI?oc=5
2026-09-21 16:19:16,MU,Micron: Old Valuation Metrics No Longer Matter (NASDAQ:MU),Seeking Alpha,https://news.google.com/rss/articles/CBMijwFBVV95cUxNSVhGZUdSc0U1Q21jdjlyMHMyMU42TnBWOGRMUnNmWXdWa1ZWcDZlVU9mZ3J0Yi1ma012a0ROblpaTmRWTzdvUms4em9TR3pja2ktY3JwTFhvUUdzMk9ydUptT3R6bDlUTkszOWpfV2VjSXNweExUcnpFZnQxQWhWYllkaTBtdVZGNEZGSFRSTQ?oc=5
2026-09-21 16:14:45,MU,Why is Micron stock gaining today?y ahead of Q4 earnings,Invezz,https://news.google.com/rss/articles/CBMieEFVX3lxTFA5V1dBSUtyUTZLS1FfSVdYZ0U0RG1zVUoyOFJpNTV4bE4zbWxtVTVxd3NBMDBGa3BHekNMU1A5aWFrZU1BaVVVWkFqaGNIZ2t0TWs5LVNFRTF2OG9tQ2lPMjMzdUlCcjJpdWl1ZHBHbC1kTk11X2ZrZw?oc=5
2026-09-21 16:14:31,MU,"Micron eyes $1,600 per share as AI-driven memor...",Pluang,https://news.google.com/rss/articles/CBMijAFBVV95cUxQUV82WEk1VXFpTHZtOUM4c1VGQm5sR1VaYnZPTzJiOXlTZ1BVSFp2VWVWNHBtT0lNY0M4NEpBR2NTVkVoVkVLQ0luZHdpeF9MSzZoRnVBMHQ0V3J1eXo3QmRrREl0eHBLMUh0cVhiUjUwNXBWUVZtRmtxQzNEX2JESUNraUpodk5BTFBVaA?oc=5
2026-09-21 16:10:59,MU,Stifel maintains Micron stock at Buy ahead of Q4 earnings,Invezz,https://news.google.com/rss/articles/CBMifEFVX3lxTE45czJ5TGliNzVlNWoyWHFnWXAybDF4MU82bWU2WGlsVVhfdVZKUHdfb1pIVHFzNnBfdGlBVWs1QlRNN2lQTTFvRGxFY0c1ZEprakNIMXM0N09YQnlqbTVIZzFNZFl1OXJwQXpjVC0tYklpRnQtQzhsVUFLbUU?oc=5
2026-09-21 16:00:53,MU,Micron Walks Into the Biggest Earnings Setup of the AI Memory Cycle,AOL.com,https://news.google.com/rss/articles/CBMihgFBVV95cUxNd19ONUJOaUpfWEY3WE9ELTA4OGV4U0tHV2RSaG51Um14eVp6bWYzTDdrdURmazl1QXZhMVhPOElvbTVXMEE3bnpjTElDazNTQWNTMXNEWUdmU01UOUdsXzJtb01UbkVoMDJDblhoX2x3MnBkRGtQZ21rVEVlZGlIYnFBNVZiQQ?oc=5
2026-09-21 16:00:00,MU,Micron Walks Into the Biggest Earnings Setup of the AI Memory Cycle,247wallst.com,https://news.google.com/rss/articles/CBMisAFBVV95cUxOdDVVZDhHaWdaTG5VS2RPdk1yMzV2cFNvdDhpUXZKTDM4c20xTE1UbDAtQU9aQUpQZEprZ2FmNGEtbFhIRTFmRDRCN21JemVCb0t1SDZaZDZSZ09QcGp3M3lkTTFPaHRvOEhmaTZEbjJOTVFjeDJVcEVjRm43cW43VDdleGd6ODRBQzNMR1VMVHVRUTV5MFUwTFFwOHlEM2xtRUZ3VHBfMjNyVnlCMUhkLQ?oc=5
2026-09-21 15:49:56,MU,Why Micron Stock Is Rising Today and What Wall Street Sees Ahead of Q4 Earnings,TipRanks,https://news.google.com/rss/articles/CBMirgFBVV95cUxPdElBcVdyM0Z5ckVQWWFVX1owczEweUFKRWg1QW84dXFzcFhsZ1pPei1RcENtMXB5SUo0M19IalRmXzRyNi0zVWxoRGlqVmRyVFVETUVwVVBvWGZQS21SbnVoZFkxRW5rd2lWM3RGSmhMLUhZcU1Wamx2aUFzOXFsX25GY0tSUW9MVThpQWgxb1R4LVpxOVE1X19sZHpXNkYwWXlfQXEwdmx1QThXcmc?oc=5
2026-09-21 15:41:38,MU,Why I Like Micron Better Than Nvidia (NASDAQ:MU),Seeking Alpha,https://news.google.com/rss/articles/CBMigwFBVV95cUxPODdHaTZieU9qQXMxT2ZzR1BnbE9ydXhFZDc3VG9mNWZfS2R4ZzlFOTRMX0hKSkE3aWJ6YWh6bWtHcGhmN3o2RnFCb1dQa19NTVg5NEppOGFtc0E3ZlBXSkRvWHdWamJoa0dHZmxaT1pEQ3FPSXRkWVU1WXN3djJoMVl3dw?oc=5
2026-09-21 15:26:00,MU,Why Micron Stock Popped This Morning,The Motley Fool,https://news.google.com/rss/articles/CBMihgFBVV95cUxNelRrQ2NtZXFaQkJUMXFyclV1SlhNNmZ1WWF5VmVEendJR0VYSWxRQThSR01nekp5Tk1YYlRFbWdJTEltS1EwRFB3VkR4QVFoR0NENktWbk05NW9qOVIyalFQbW5OcDR4WlZDTERnWmVKWGlTcTRzdXcxamE4XzNnclpScm9hUQ?oc=5
2026-09-21 15:22:56,MU,"Why Are AI Memory Chip Stocks Micron and SanDisk Rising Today, and Who Owns Them?",TipRanks,https://news.google.com/rss/articles/CBMirgFBVV95cUxOOXNBZ3lVRm9GZmNLLUcyYmlwSXJLWDFhaVc5cUJ0WFhXQTh5a2NpaEVnWFpBNlZDOExwR0hmR0FvNHpKY2tQNEFZeVZGSy1mdE5PVW9tY3JuWC0xNWdMaGdhQ0pBZWQzcFVsb0JuWmFDYVVISWFUS2xnSV9CbTg1VHY5VFlCaVZQOUgtR3ZjelIyY3M5RnA2N2IyWXB0WFd1X3Q3Vm0zSzRPYXhIekE?oc=5
2026-09-21 15:09:25,MU,Micron Stock Nears Breakout as Analysts Target 48% Upside to New Highs,kobaran.com,https://news.google.com/rss/articles/CBMimgFBVV95cUxNRXF3b04ya1MxaXRha1Nndjl1SHlZb25OXzJXODJ2QkRkdG9idjVfYWdVUVRRdURndUxnWTBxUFhBZTQxVVZpVFgxQURiOGxkakdveVQ4SWlSS1pyWE9XcXoxSGU1bENSZXNwenhsV2p2WEJtVDJxeUNVY0dIclVsUUJPeGo3TGw4N25RWTBtb2NLRExRS3dGMUpB?oc=5
2026-09-21 15:06:08,MU,"MU, SNDK, SKHY Stocks In Focus: Memory Rebound Gains Steam Even As China’s CXMT Touts Faster Production",Stocktwits,https://news.google.com/rss/articles/CBMi9wFBVV95cUxPcHU1YmxqTzQ0bXRRRTAweW15V1ctdTFtT2VobnYwMEdWMWNOYThKUGZJaVpMSzRibWZpODZ1ZmVNT1RweW5DeGEwWG5nLUQ3bmExVjVaNTN0cVo3UzhlVzN3OHVwOE9SWWQzWExtRC1pWUt1Uy14VnZfSi1XME5XaF83czBsc3Q0b0V5TUYxU0VidUJCTDhraDJURjRpeFRyZkF5T1Y3SmhOMS1LQjZ3WHJfai12UGR2U1liN2ljbVgycjVpM2I2aG1pYjdXY21zTWUwcjAwQVVTV2xteW95S3Z3TS1weHV0NDI3T0JMTjJCeEFDb0x3?oc=5
2026-09-21 15:02:17,MU,Micron Stock Pops on Fresh Memory-Chip Price Data,Barron's,https://news.google.com/rss/articles/CBMifkFVX3lxTFAzSzE4R0ptTDAxRzk4RmhvOS1hUmJzV3lCNVlDWnpsallBMWVwX3puMEZqdXZFWHR0YUJzUy1MZDZpREFFd28wYWVRM29QZ0NtU05WSm5KTGU1Y0xIT29NSXRrSkpscmN6SkVUVHQ4ajVBWHdDNXZ2MXY2WG1oQQ?oc=5
2026-09-21 14:55:46,MU,Micron (MU) Stock Climbs 3% on Analyst Optimism About Supply Constraints and Margin Strength,Blockonomi,https://news.google.com/rss/articles/CBMiswFBVV95cUxQLTVMODd4a2FXX3ZLZU9YQm45NmtzNEloSDZ4WUtHOFZpVW9FeFB1WGdYVGwwWWVCbWplT18xdmdNVHJKVjhsdjlRTldrMzJQc3FuVW81QjFIaXRaQWc4NXJaWFRMcWVUcGI4QjhsSjFkYk5qMC1yYUx4RE9aMUd0a0ZuYnpFdlBqdHlJZkxXWUU4SUdhZ181Y3R6dmRySjFNQkdCdkhOTDhNQnlWVnBsQV9FVQ?oc=5
2026-09-21 14:47:29,MU,Why Micron Stock Popped This Morning,The Globe and Mail,https://news.google.com/rss/articles/CBMivgFBVV95cUxNV2pIS2dFZVotRkZWUG9RemNPZlZIdjc1Z211VEpGaDVBbTdVXzRHZmpWU3lhb2NVV1FKWldWMlMyUUVzaGdsaGVsOU9walhaVlY4N2o1eW96NExnLV9GemZEZy1EczNqT3lRT3huRVpTNGxsLUtqUW00T2RwRkpDVEZkQ2F4Mzcxb3ZvRXdsdHZINHlNV3ZvV2s3amJTbkhxSUdtSUdjdmlRdUFvaENLSzhvMngtbjB2MnVUcmFR?oc=5
2026-09-21 14:46:45,MU,Why Micron Stock Popped This Morning,finance.yahoo.com,https://news.google.com/rss/articles/CBMinAFBVV95cUxQeEFqZVRYbW5JdkZzQ1ZOSjhCN0Jlc2pLLUN0VVpINmlqeEZfbmIxUG4xT1p4RTExZUluc3FzRjM3Mnp5TldFcGQ0ZjR2aXgzU2VXcV9IeDNqMm5MUlVoVnZ6VEtxbi1zOWJBbEd5aWdGZlkzdFhEbWNfUkZCamxQYTZnajV4TE9wVFF1dHBtMndkSWgzM2JobzB5cU0?oc=5
2026-09-21 14:46:45,MU,Why Micron Stock Popped This Morning,AOL.com,https://news.google.com/rss/articles/CBMigAFBVV95cUxPWUFzMnRzUGpEck1hRkVQUGFROFA0cE9HcjV1bU5kc2FyRzVNV2lOZGYyN3hZLTNuQTZsaHJGVXhJLWgtWUE0YjBwR1pHNjl1ZzFqN0xUX3cwNzhGQ1VZVDJzWER0dzEwZHNxVUUtMVZ5Tjdka1Rla1NDZnlPYTljUg?oc=5
2026-09-21 14:46:00,MU,Why Micron Stock Popped This Morning,The Globe and Mail,https://news.google.com/rss/articles/CBMiuwFBVV95cUxQelhWQjBTcjF2dzhUdWtXYWN0VmRXQktBNlQtU1h6RmY1V2ZrclJGM0JYQ244QzIyUmxCRDlOT3lOc2NQZWtZcWpXVmdQMVZUUndQdFphUXQ1NVpPWXhFNmt6bUczWDg5MnFwLWxuUWxqR1IxcWNnaXRnQjVsMjYzVklvQjdVek52aXZZQ254TDFsdjZhZ0c1Z29kSXZDclh3M3c4Z3BEbkI3OFJSSEVFUGhNMExMeWFXOHJv?oc=5
2026-09-21 14:45:12,MU,"Micron stock rallies 14% in 5 days, analysts se...",Pluang,https://news.google.com/rss/articles/CBMikgFBVV95cUxQblhkTTBCUElZMkd2aVFFVnlhSktuRmRtamFyd1R5V0VIWmNER3Y2S0pXcVRlbDNGb3JtM0Q5OWN3eFRjR0JOaTZoWlRYeTdwVmtNLWdMYjRSSUxfVFJ1MGhVaVZkQlBueGVTQTBudHM4QlVoV0ZWNzJfZTJDUjMtTF9xVnBQSlpQT0hELXN0OEI1QQ?oc=5
2026-09-21 14:36:00,MU,Prediction: Micron Stock Will Go Parabolic After Sept. 30. Here Are 31.6 Trillion Reasons Why,The Motley Fool,https://news.google.com/rss/articles/CBMizgFBVV95cUxNa3pRYkxhRXlGalA0RndkX01lN0ZkWWIxUG1rbzlmSHVTSFFfU09iUzBZX3lSS3dGRzZXM1RYcjZveXU4Rnp5M2FfMXRLMmxnS3F0ak55elVEVkEyTGNJR0NjdEZKY19kMVdzcDNTSVJjcjIzMGQ2UWw3ZWhzb1pfeURUSTNFNXJKN2RpeHZXcWc2WHE0WEdjamVaMTdyTWNXMWFZaWxpdEtxbUxiQ1k0T28zQXd5VkJLQlRyMW11TkxXTDRpUnM3ci1NN2FEZw?oc=5
2026-09-21 14:34:02,MU,Wall Street analysts set Micron (MU) stock price target,Finbold,https://news.google.com/rss/articles/CBMif0FVX3lxTE1laWFfRFhLM3B1MWRMT3liTG10MXZwTkZJZ3FlTER0QzExTkg2RFIzTmJ6d2dQOTg5SFRybEZ1NVNOc3FxV1gwR0o5SU9yRE1CcVl3TktYal84MGFQTi1xY0hQR3JlWU5XVndoel8zNV81eWVJYjktYXVYcHBjT1U?oc=5
2026-09-21 14:30:40,MU,"Micron Stock (MU) Is a ‘Buy,’ Says 5-Star Stifel Analyst Ahead of Q4 Earnings",TipRanks,https://news.google.com/rss/articles/CBMipAFBVV95cUxQb3JQYjdLS0NPY0RLb0hxenQ0cW1Bdnp1OUkxaV9jdkVYcE1VRUFELVVRcWpIajExTTd2dGZhZnFjV1JJdVVCUUNtT3A4d3hSN0Fxa1lEdVdTbnhrU0M1dDIwa2N6VDk3Ukp5eDBqWGlCQng2aFhGRUd6QkhoWG1wRzNvS1NYaXA0UjVidjYwdUZTelFyREpzaGN6bDJhMGNvZlVXZw?oc=5
2026-09-21 14:22:31,MU,"Micron MU Stock Finally Breaks $1,050 as Chip Demand and Trump-Xi Summit Fuels Rally",FXLeaders,https://news.google.com/rss/articles/CBMiwwFBVV95cUxQTHFsaFU5ZEhNWDQ5QndvaUNldlhxMXlnUFNtZUR4UmNybjc0bU1HTXgybVY2VDQ5YUdyVWRXSm45b2ZFa0FiZF9aVGExclN4T29jcFFEdVZFRHVQRDZkY0gyRlY3M0RkQmZzX0pWOFdOTWtzdzRZdFVaLVdWeWQ0Mzg1X1pVcTdoVGFQQlhSRmRfMjFvQy1jVV9nYlprTnJHcFRWNjhiNnBsS1RyUkluYlBqM09COFdqOS0wRGprTE5tRUk?oc=5
2026-09-21 14:21:35,MU,MU vs. Nvidia: Which AI Chip Stock Offers More Upside Ahead of MU’s Sept. 30 Earnings?,TipRanks,https://news.google.com/rss/articles/CBMiUEFVX3lxTE9HaHlhUFVxaE1QRUdpb0VpOVY1MDRFMjFwbE5fR1JWb281czBRSjB2Y0Zqa25SRHJ5ME9NcVFuSjhQZjBRZWVrcFhPVE9OYkJE?oc=5
2026-09-21 14:20:22,MU,Micron Stock Jumps as AI Memory Shortage Fuels Earnings Expectations,MEXC,https://news.google.com/rss/articles/CBMiuAFBVV95cUxOUlV5WkFTdVdkWnl0cnZQWGFhdTZsZVhJTVRaYlQzN0lmVmk1czFFbGxEU3JEZnFXOWZoZVc1WjNuakcyVEVoeDhCVFVqTTRHX0oxRFdhRGNUSEdFVUhSN2ZQLUpxcGdxNjRVREpfNkVLbFFQekI3Tm92R01sSGJVMEtqREVsbXBNbC05N0dHRXplM1UxZTZ0UEsyWVJ5VnhBXzRGRGZwTTlzWWs0YXZyamZtMVA2VUJn?oc=5
2026-09-21 14:13:04,MU,Nvidia and Micron are part of Zacks Earnings Preview,The Globe and Mail,https://news.google.com/rss/articles/CBMi0AFBVV95cUxOOWR3WlQ5MG1zanQwOW5za1V3eDBDdWJWbFo4eUc2Z0NkWUJYY05vV3JJTVNELUk1SkRGVkJXMWM5SVJVSnFlZk9HeTlUS0h3Qk1FclJtejEzbi1CQk9LalFXZDMweHVZSmY1bWRHeENZcW5uOW4zSGkxcUlvc0ZaTWRtaW05MlUzUk1hbEgydmwxUVJsRUdMVHFJc0xNbE9qRC1ZeXQycnRiLUtjUXlheGNUdTJReDNtaUJTeHptMkpZdVltZ1A1RWdVTVRkajhj?oc=5
2026-09-21 14:01:01,MU,Prediction: Micron Stock Will Go Parabolic After Sept. 30. Here Are 31.6 Trillion Reasons Why,The Globe and Mail,https://news.google.com/rss/articles/CBMiiAJBVV95cUxPTVl5X0o4YmlRelVZOHpfRmRDVjBJUzVUd0pZOTdEWUgxMk44RGw0YmRKbFBYcXloa1o1ckE2cGZPbTNad0R4MVdid291aTJxWFRvQ2RtcWFmR2FWV1lwLUFGeUpKSS1OcmZwZFJNQmhfdXZvOUhwZDAyU3RzdlZQTU4zOHNsZzNkdXMzYkpLcUZCS1NuMHdxY3pKaktIQkVNVWdBeDZMVW1vcjV0bVhHbC1nVWZtTTRUS0dUcmFSbVdWTlFZb3I5UHZJM05LSkRfdzVqZld6VVprUXp4Qm5EektrakFrTTZMY2h6UURYc2NDcVFxMl9leGoyaEhEVXVlNE9nOHU4Y1I?oc=5
2026-09-21 13:56:01,MU,Prediction: Micron Stock Will Go Parabolic After Sept. 30. Here Are 31.6 Trillion Reasons Why,finance.yahoo.com,https://news.google.com/rss/articles/CBMipgFBVV95cUxNSjlndFVpbFdoZF9VSUw0Zm5Tb3pfcGdYaUFrVUo0WHh1TW9xV3p4WXVYVE8xc1JFRzNma2x6Z205SGJMd0RnZTNra1Y5WGxsdGRUcnFvLXNFYzczdmtHSjlDNExWMTlsQTQ2QS1PMHJ3MlFfRGZYVC1DUDh1dXNDMmtnTDBBa3p5QjFCQlhvQ01lbmdUbGlQeWhrdDRrQmZHaXpSRVF3?oc=5
2026-09-21 13:56:01,MU,Prediction: Micron Stock Will Go Parabolic After Sept. 30. Here Are 31.6 Trillion Reasons Why,AOL.ca,https://news.google.com/rss/articles/CBMiiAFBVV95cUxQMDFSb3Bxazl4NVhYTWdPLUJzU2RZQmlJRzgyZm90dzBWc0VoLVViZWNhRW5weDFvRnc0WUFEVDJmM0RMRXNUMEh4RjVQRUp6ZE5TYl9ld29xeVFRUHVicHpXV3VENjNIVThnUlNDdXhFaS1POFJCSEJWclB0OVBHcmtxdVRzV3Zw?oc=5
2026-09-21 13:50:36,MU,Will Micron and Sandisk Stocks Break Out or Give Back Their Recent Gains? Here’s What Wall Street Expects,TipRanks,https://news.google.com/rss/articles/CBMizgFBVV95cUxQSjF0OVBadjJUOTZtblIxMmpNWlRsdEVfdy1VVGN4enphNlNtWjEtLXpqMWJwQmFEb2tPRjNrT21OWUE4VWpHNkJuNkFtdldsUDRuTWkyWUc2bEh2WFFBbmNtZUkydmUzVGs4OUN1V3F2a1lvSy1IaHIzeTlfZWYzT05SU1M0NDZ3Z1A4NFlwNEFrUVlwM1RoWk5XOXJhTERVMWhRWng3a3JTckhLemlkSXJVTS12UVNWMkI5cXNPenNnWEVWa3JJSmxEM0xIUQ?oc=5
2026-09-21 13:48:18,MU,Micron Technology Inc Stock (MU) Opened Up by 4.24% on Sep 21: Drivers Behind the Movement,TradingKey,https://news.google.com/rss/articles/CBMiiAFBVV95cUxPd0l6ZFgwN3dJMllGdElDV3hqaG41cFdZdVBmOG80Y2V6Qzgzc0Iwa3YyZ20zQ1Z5REVvMHJRbEVLbjBreDRiOGJRcDdLS3M5bkdtR0RPZndlNEI2ek9tczNUNnNndkcwekpjdW5JMldpQ2tsWnZTaThkemlaRzd0UFlmWTBMNlNU?oc=5
2026-09-21 13:45:03,MU,"Micron's revenue to soar to $129B by FY26, pric...",Pluang,https://news.google.com/rss/articles/CBMickFVX3lxTE94c0V5YmZZVUFhdVZuUWx2dkliQ3hQYmpKdF9VWWFOcXppTXl6QkhsdkQ5bTJHaVBGTG45SUNKVzktTTdTWFJNRS1MenBRemJUcEs0Ry0xOE8zWDFlY0FrYjljel9aTllGbXA1a0h4N2FIQQ?oc=5
2026-09-21 13:43:25,MU,Micron poised for strong growth with AI-driven memory demand and stable margins through long-term contracts.,Pluang,https://news.google.com/rss/articles/CBMiigFBVV95cUxPSG1zc1Fvdk5FeV9XYWJ6Nnh6WGFBMmR6aDhpUW1XcnJ6UEhOT19hTVJCVk5XNDhHeFFNQS16a051NGcxQzUxRm5CZ0RuMDhwZUZfS1ptR0hwbk41SkhiVDJKTXRudXpXMll0V0x3WmZKUXpBdlVOaUF3c0ZLNGVqdVlKeVMyV0lOcFE?oc=5
2026-09-21 13:30:00,MU,Micron's Stock Could Easily Double (NASDAQ:MU),Seeking Alpha,https://news.google.com/rss/articles/CBMif0FVX3lxTE9MTmdQbm55dFR0RkJibHg2UU1YaGNxcEN4RF9ReElKWlh3R1FOUjFwa19EM1NwOURwUUxIdHlmSlZDc3FSRlZuSV9oLUlBeXREbzRZUXhvWV9WblpQaVdqOGdERFFJX2xFYmxDcWEydzN1MUNCbHI1SVVpR2UzSnM?oc=5
2026-09-21 13:29:17,MU,"MU, F, RKLB Stocks Jumped To 52-Week Highs Today: Here’s Why",Stocktwits,https://news.google.com/rss/articles/CBMirwFBVV95cUxQYmxrdkxZMktyWkZDb0kzTXMxSlR1cTlQaDk5T2c2T0NBWHVOeTBCUmdhOGpxWmVLWk9OYUxidmZ6cTlPV1dvUkc3dXNfcjJyejdqVjJubFBrdG92bnlvWWctWld4SGd5Q0NZdk9kdk5UM3JicmYyTUg1RTd2N2pZam8wTTZXUGpwQzZyNEJ6NUNTUkpxcWdQbS0zd0dQTkszdU9IUXVWekVIRVFSMWtv?oc=5
2026-09-21 13:20:56,MU,Micron Stock Forecast — Can Q4 Earnings Keep the AI Rally Going?,TipRanks,https://news.google.com/rss/articles/CBMilgFBVV95cUxPODctSnFOdklGbGtXaE1NazctT19MYURGb0xDNnVIak15eTd1U0M5R3BZcTd1Uy1vYzdFRVVNX213MUFRQXBtNXZsdmY2VU5UelJEMFpNeWhlRlZFWlVIM1BwRjUtY2J2bzB3Y0R6cTdwZEx4WXYtd2VCenVrQzBHbWFJUE41NndBQXhYTzJMc0thdFhpS1E?oc=5
2026-09-21 13:15:00,MU,Should You Buy Micron Before Sept. 30?,The Motley Fool,https://news.google.com/rss/articles/CBMijAFBVV95cUxOalBuQWJXUHlXaGMycTh1R3V5Mm9MRXBYTHdPcHJVWmpaLVR1ekY3ZEVvOGhHa2ZJajNFMkt1akN5Y19mMFJOWGZmUGRJNjJNRkozRmZpcTQ2TC0wRjNXYjc4dXdRaWsyVktPb3YzTWd0SWoxa09WSDluNWY5T3phS2hvbTVKZVBtNzB3Mw?oc=5
2026-09-21 12:52:00,MU,Micron Technology price attacks pivotal resistance - Forecast today - 21-09-2026,Economies.com,https://news.google.com/rss/articles/CBMi2wFBVV95cUxPSzlXY1B3MHFQLU5PNmd2ZGE5eExCMF9RMFcyeU5DdTltMUNqcy13MEpLdlBmdUh3cXJxaVhkeHRlQ3ZINmJKQklOUHJCOG9uS1hMVXE4S091MFlEVlhYUWhGeDFvZVBuSmFfWFZZWUtCcW1xVm5Wa3FrQ29xay1Sc2dXbno4dHNIMk5Ka1A3UnloWFJRdklmdGU3bzl0NENzWk00aUlJcEdMbG5xSFhMWUVudy1xR3FIVkVMeU1DY0lPOExzbEptdlBSM0h1cmFYWU4yYjd1VmZtcTA?oc=5
2026-09-21 12:42:56,MU,Why Micron Stock Options Signal a 10.3% Move after Q4 Results,TipRanks,https://news.google.com/rss/articles/CBMilAFBVV95cUxNSGZpTHNfbUo3NUZPdEpOZ0FfRVRaWFVwYnJUcm9PRTVaLW1NY1Q4YTlFdXBtUUd2Z3B4dktvdGpYMW0wcHdOWlJTN3R0czVja3VZeHpPRzNJNGlYSjNsa1I2LTBPSEpXa2k0aXRkY25DZDhyb2wwbG1pdGgtbi1LR1hhOVVKZVA0X1JUcS1mdDQ3NG8x?oc=5
2026-09-21 12:35:00,MU,Should You Buy Micron Before Sept. 30?,finance.yahoo.com,https://news.google.com/rss/articles/CBMiiwFBVV95cUxOUzF1SVk3enVBSF90MnJvRmdGN3ktLVdQN0pCZEVTNTJxOHM3Yk1qcktEejFzQzV2R1Q4Zm9lQjE4OERSMmV3M3FYdEhtVXB6djRrMFBYc1RwTXBqeDRGcmlUaUVEMG0xa0o1MW8wQUxLN0VNRG9ldFdVZnZTV3NFT1pRNUtuQW45TkRj?oc=5
2026-09-21 12:26:13,MU,Micron Technology stock gains as analysts lift long-term earnings outlook,AD HOC NEWS,https://news.google.com/rss/articles/CBMi0gFBVV95cUxNM1NOeE1MRHhockcwU3VwYTJNSUUxam95UHJ6ckVnbjFjbUpOUkdWSjhhN29MZG9wYjZseWhUR09fd2ZNNEo0ZGxNZmFJRzRZeXZKYkpGVW5oNlB2WEtGOEZPZm1mMDY2ekhZWWM4cFFxdlFUZlQ2UHdodGxPSkdmaS1PX2t6dXZCOWNWd20zSnZnRnBYV3BDU0pDbTRfcWNleXYtUzU4bjhEOTA0VDdhbGJybTEyLXdhR1E2bkc0cFMwT0Vob3RoMXB1OUtudG9xTFE?oc=5
2026-09-21 12:25:08,MU,Micron: SCAs And Enterprise Adoption Make It A Strong Buy (NASDAQ:MU),Seeking Alpha,https://news.google.com/rss/articles/CBMiqgFBVV95cUxOQVNqNHZKV011UkREY2dJTlhzd3JkN0l4UU1TNXlsOExWSDdZSXpQUXNkdkpBVGNSZDdBWlZpTlUxUFpFdzlIenlYZklMa2owTUhxSElyazNibUt1ZGRmd2Q3aElkeXR0V0hVNndha3Y3dUlSaExBOHJzMnBicDFIR2hlMUNFZEc4NXAwbUd4dlN3OTJpelhaWDFnX2JJejRvRlRON2VrV2tkZw?oc=5
2026-09-21 12:04:35,MU,Is Micron Stock the Next Nvidia? Here’s What Comes Next,Watcher Guru,https://news.google.com/rss/articles/CBMihgFBVV95cUxOWU5EWWp1QTUwY3g5WWhHS2dlUVFsRWRMSVJNYmVWcE45Z2p5SnZrZ1hsZXo5NS1FSUljTjRVNzVFWi1TVnlpQjg3c2FQY1d4OFFXNGJkVkJRUFdUdjNGbDdkenZ4NlhxUFQtS3NkdU5kVm95bTBqYzFreEg0RHF1UU85MzJ0dw?oc=5
2026-09-21 11:20:14,MU,"Micron Stock Price Target: Do the $1,500 to $2,000 Estimates Still Make Sense",WEEX,https://news.google.com/rss/articles/CBMiygFBVV95cUxOZzVQekNSRVRFQ2pHN3hGZkJ5M2hyRHdzb2lrckVDZmpEUC1TNDlkZS1vVW5qSUtucFN1azJWdE44QVl1Uzh4bXp6Zm5Cdy1nTFdma1pkVk9PWEhWNFpIRlFGTlhZaXEwV203TjQwellXTjRQNm1PZ1pqb3dvR1VOQzNqak1mQ0NvYVhyZnNIY3V6d2Q4RFJVdUptS1Z0UXFZUVZ1cmNGWi0tV3RrTzhOc2pacHBTbHBvQ1NiWWhDM29KSmJJc2RudjRR?oc=5
2026-09-21 11:15:36,MU,What's Going On With Micron Technology Stock Monday? - Micron Technology (NASDAQ:MU),Benzinga,https://news.google.com/rss/articles/CBMixwFBVV95cUxOdjJlUWhrRHNOSHU4dldPcUhYQnd0dGw0UWk2dDdIREIwTDR3Sm4yTS1XdC1jMUxOcjFGYmNXbkdYV1N3YXNNSEY4cGVOYnZhbGFhQUE3TmprM2REZmI0M0taT1Q4MTdLeTZpWjVpRi00RDhUVjJqRDRCcWtOMmowaVE2YnRBajBXZmhWOEdJTTh2S1d6UHppWG96V28zQVpZeERvZ3hQMzgwVkp4LTBJSFNoai1aMGVPdmNUbTZXWm5WOFJQb1dZ?oc=5
2026-09-21 10:46:55,MU,Micron Stock Slips as Intel-Backed Start-up Takes Aim at Memory-Chip Market,Barron's,https://news.google.com/rss/articles/CBMihgFBVV95cUxQNlJIeHBqb0gxSDA2LVJERmRUb08xLTVwVmFqV2ZvQzFXRHlPRm1ZNldBNnBQRGZuUTFVd01hVGhVZXFqZVBKajB6SzM0RnB2bDF4bEpKZ0Y5MHVLdTZMdl9TVjFnS2gzN0lvbEg0RDFXZ0wzNU1fc3ZUeVJLWjJXRjlvalhGZw?oc=5
2026-09-21 10:42:18,MU,"Why Micron, SanDisk, and SK Hynix Stocks Are Rising in Premarket Today, Sept. 21",TipRanks,https://news.google.com/rss/articles/CBMiqgFBVV95cUxORkhlNFVVY2ItT1dvRVlQUTE0ZkJHT2R0V0tKSWsyZF9GYWJNUlJQdk9ucEVfWVZOOERKTnRNN3poUWVjS2gxanBsd1BjQmlRaGZ0bV9JSC1WTDZtempja2Z0aEpHa0k1UWhqNkpiNVYtci0tZFRCQW1rTzdSUzNNV1k3aE10YmlRWU9wQUktLXBmR3pXSnlWaHBvLWZVZmNjaXR1ZHdQNmgyUQ?oc=5
2026-09-21 10:36:18,MU,Micron Stock’s (MU) AI Lead Is Expanding beyond HBM. I’m Bullish,TipRanks,https://news.google.com/rss/articles/CBMikwFBVV95cUxPWU1FdnlQeG1xUWZxczY1c3o2QjVsbk91NWxZMllRc09peUIxaGY5aHdTVHpvLXFfY1pxeS1FbTdrMEZ2TllNb1FJNHdNNzdYUll2azVBMEdmcDlLbk1ZY0FQMnFkSXlLeHhhUG9DT2tLSEpiZGNSbHNKdkpwdzlnSk5rUEJXaVNTenVreHl2VlBaZ1k?oc=5
2026-09-21 10:13:28,MU,Stifel reiterates Micron Technology stock rating citing supply constraints,Investing.com India,https://news.google.com/rss/articles/CBMi0AFBVV95cUxPa084SWQ4RFFmWmhqNXlPM1hEN2ZId0g4UUw4TUtGX0pUb3IzN21UV1I1R1NtcUtDdE1pVklrYTlTVGVCbVlRUXhYT0FkVVVjYWpJWC1jbU5fRTlBd2RnNm5RLXA2LUotQ1huU2xpeU9UWTdsZEdoeHZwVE1GbC1YNG9oZUwzXzhHYS1sU1lyNkdVVDZUVlc1cFZLY3VjNVMzWVRqRFlibFVMVlM5SjAxTmgtVmJBMGN2WlZxa2FXSFZuaVNfRUNaaWxFNDJ3VTZD?oc=5
2026-09-21 10:02:00,MU,Stifel reiterates Micron Technology stock rating citing supply constraints By Investing.com,Investing.com UK,https://news.google.com/rss/articles/CBMi0AFBVV95cUxNMHFQU09wMmUweXVVWnBiNVNtbXVnNnJtWVRTeE9Mck9RU2luZVlkbWlqVlNWNnpjVDFYNkF2Q1dBZmg5Z0gxUkJLMURMaEkwYVJSNU5TS2NHa2FrUTlzZVFEanoyT3BhT0VyYlFycGszTWItcTA5ZS1EVkUydHJVcmNpWXhQYVB4VkFnRTA2Qy10VFlaOUY0UFdVbDBkcTJHTTFHYWhUWWlVT1k5cWhuRTN2SmVWYnl4cHFSWjctZXJ1bjVKeGc0ckJCS1RXRndL?oc=5
2026-09-21 08:56:14,MU,Micron (MU) Stock Surges 4% on Advanced Memory Tech Launch Ahead of Q4 Earnings,Blockonomi,https://news.google.com/rss/articles/CBMiogFBVV95cUxPS3lfcnBLN1R4enM4MExuX0g0bFNIbHU3eTVpR3lXUHdidVR5VEZLV1g3UFZQSTlpWGZIY01xeWNzTnNIcGdiNldkdk9CSmVKMlhxMFA5MDVudFJHSHg3YVFTeFZmbS1lNk9aYUxjck9TejR5elRWeUxzSnRKb1psZzdKOWVRMXBKTS1uRjZKeE0zY2dmVUpWZXpVMWJoTnkwWlE?oc=5
2026-09-21 08:35:11,MU,"Micron, SanDisk stocks face a new test today: CXMT may have found the pressure point",Invezz,https://news.google.com/rss/articles/CBMiugFBVV95cUxPVjhveGtocmNLSVc2eDlNbERQX2Y3S2VDLUJTRGJORldfVFdKdzRGaDc0bDVqSFo2aEtmYmxEQ044WXJIcWoxeUtZVFJCam9OdzJzcF9qemROYzRySzJtZmRnZmxEYjdFbDVWSkJWbVpySkQ0UWtHdEpMTGg5cDFxdmYwX1ZQbkhPTHV1Ti1RV2p1alRURExHRXdYVUVCMDhIdmdUb3NYQjA4VFpGSTJuTFdTUkhjYnpXekE?oc=5
2026-09-21 08:33:21,MU,"Micron, SanDisk stocks face a new test today: CXMT may have found the pressure point",TradingView,https://news.google.com/rss/articles/CBMi1gFBVV95cUxNUkFyN21ac1gtUFhZaHdyQXBnaGxEdmdiY1VzQ21vZTA3VjVRZ1RteW9NbU5WZXhOekdla3hOUEhnMGVIOGVMbkhrMTF4QkRyNnRsby0tRzhKOEYydUlWM1VDV1hiMjNFa3pCYkpodXFNZ1NmMzE4MXVqSkhBTEtqTmVYMjJWWGtzRXFHNXZOZVV2R01BUjBMOFA3VWZfTDJJQndBQmFxOXhoTTBfWWl5Q1dKZ1U2QlRxZnp3N2tUR1RzcWhOOG5MSnFHZWJPZGhKNFAtSk1n?oc=5
2026-09-21 07:11:41,MU,"Why Did AI Stocks Rally After Fed Rate Hike? NVDA, MU, and AMD Lead Chip Sector",tradingkey.com,https://news.google.com/rss/articles/CBMi0AFBVV95cUxQTURqYVk4Sl90YW5EUHNfVkNxQkx5RWNLampINlo4UWJRRUZEWHllbkpaWHU4SUNxWFhMYkQzZnUwVWhWQ25CRjdGcXlycl82ZnNNUGh0X2U1cG5xcXpqOE9hUXRHRXVWcERDNGZiamhjeFNlZl9mV1NzbXkzZHJFajJTVVZkdFlyRzZKNWJfa2NjOTQ1VVUtTU9acGJ1MDBmR0RfMGFmcUtWSjNJdVlTdjFTWnQxVV9kclc3Z213TzZaVmdHbW5nNlhWamctMTJ0?oc=5
2026-09-21 07:03:36,MU,Call Traders Cheer Micron Stock's Latest Bounce,Schaeffer's Investment Research,https://news.google.com/rss/articles/CBMirAFBVV95cUxQV0pZU2ZBUm9ILTZRb3h3VjNkdWRzYllTdjZPUXhvOUl6WDJnY3FxMTlHbnhHYVZmeFhxS1J4Sy1raWxfUE9ld3JqR3YxaC1pWVJQZHRBUWpMekZsUkFETWhWanlDTFJ1cVpSdW9tWGtPUWM3ejI1QXlaSTRMU2E2WVZZVFpOdFdESm4xNC02dnFoRExRRzJIT2E1djBSM2d1bmxTX1Q3Z0l3cENE?oc=5
2026-09-21 05:31:11,MU,One Trader Turns $575 Micron Entry Into $6.2 Million In 3 Weeks,Stocktwits,https://news.google.com/rss/articles/CBMi0gFBVV95cUxPaVpDZnNFclNFZTZNU1VuUUpYU29jTGRFVjZyXzh3RW5uR0VSYUk5NmhzWnZjcXhXWk9kWjFUa0JyZVRpUDVjTWxnektWSV91bTBHUVBRX29Ock9WR1dwdmt0dnNaR1ZwSTlmd3ZNRVM1ekNQTmFnWjQwSnFWSmhFck9aNkRNMU4yNnQ5VTBQdEJJd3FBMGxxRkFpdktXdkhWaTdDU2x5SDdNcVVuMDcxWnVMdzZyNUg2V2ZmQVNpV2xScGk1Q0hVYUNISG5YWjRYTmc?oc=5
2026-09-21 04:08:24,MU,"NOK, MU, BB Stocks Hit 52-Week Highs Today: What's Fueling The Rally?",Stocktwits,https://news.google.com/rss/articles/CBMiygFBVV95cUxNdFZ4dW1QVE5jaUZtVEFfLWpTdnlqUUxpbWNlY3VIbTZWaG41Sm45dmhKSnFDbG56UFJzelRyZHRqYVdsN1ZYNEJGSEpsdEtwQ3FVZmJKVjhNUWZMRDhSQk1kbmRnTXdIbHRQaVpUY2duZDZ6RlNSckVTTExnajVtbzBzZmJvSXZ4YTJUZkxRR3Z1LTR2UUN5dXI2d0JESVlpeHhOdTRMcUpDa3RQUzRPZ3I5NTlMbXIwWXFRRGVjWUpHNkJ5aVdWdmVB?oc=5
2026-09-21 02:01:00,MU,"MU, SNDK, SKHY Stocks In Focus: Memory Rebound Gains Steam Even As China’s CXMT Touts Faster Production",finance.yahoo.com,https://news.google.com/rss/articles/CBMilAFBVV95cUxPQ3JWTVVaZFZpUXluc3Z2TkNFZ0JGSDY0TEpLN0FpUm1WNWRaZjA3N3ZWcjdNWVg2ODdfZEszd240OTZLRHprYXBjZ01UZ1c5YlNrS1VPMThKbmlnbVFDeEFjaXVNMmVxV01CSXhMTFo1MTFuWks2eXpvVnJxS3ZFR09ORXdJRFpGdG1ycVh4V3N1S2VC?oc=5
2026-09-21 01:01:32,MU,Micron (MU) Stock Crashes Below $910 as China’s CXMT Plans an $8.5B IPO; Is the DRAM Bull Cycle Cracking?,tradingkey.com,https://news.google.com/rss/articles/CBMizAFBVV95cUxQSHVRcGxmd1pVWFcweTB2NXBpSlVNX0lLV0tFbWJmSGRYa2ZyeGxEaWlacWZDOUpZZ2ZFdHIyVTBjRmNOYnYwcDNGTzl2c1RUd0lUd25vYVlQQUIzY0htU29aX2ZaeHNrbGpSRk9tMEZVSXZFQ0VRZU5zNmVXTFd0aFItZ1VyemRpcGxxSnRhNHkyQ0pBcmxEMGpwS2JRRENyazViNGNqeDVSQmRKYzJtQkU1ZGIxZEhfdTdIT09OSTZQQVRJVjdIWTBtbmQ?oc=5
2026-09-20 22:24:25,MU,Top Goldman Sachs Analyst Sets the Bar for Micron Stock Ahead of Earnings,TipRanks,https://news.google.com/rss/articles/CBMipgFBVV95cUxQaTQyeHlEQ25yQmdSY3J5NGoxMHZjQXJwdldaUFFYTm04a0tKeWdpQTVDdmUwcFNwdm00X05ZOVhIcGNlRjdEV3dILTNIektmbVN2ckZWcnpKWDdTZVE3Q0dkWlBGdFZFaEtFRGJkOXJudHhjV25Dc0Zob1dUQ0N3RjJSM2xoX05RZktxUzV4eGZmRENUd3cyeUxQaGtoUm41ZHhUSWV3?oc=5
2026-09-20 19:39:36,MU,Micron Stock Price Drops 10%—Why the AI Memory Bull Case Still Looks Intact,tradingkey.com,https://news.google.com/rss/articles/CBMi2gFBVV95cUxOQUs0NW1YSUcxWDVvWHVrdVpENnVJcG95dHhOc2UzM01zcDlQU3N5OFVTdVJ4YVpyd29xUUZaaTVpWm1YaHpTZFprTGgzM0hYYV9NTllIU0VKMy1hMHg0bnQtQ3ZaeHoxeU5iSVNrUmwtT1BERTAzbXBuSWFnTGZOdDhDTUVfYzk3Z3ZPeFJmVDZfSmhHRFpGaC1LemgwcktJcEhhS3N6cE1QMnRIdExJSmR4ai1EbTBqeFVnYkppYWxWdXVicHI4clI3cVZCQ1F2bkNkTlh4UU9EQQ?oc=5
2026-09-20 18:51:21,MU,"MU, SNDK, STX, WDC Stocks Extend Slide Overnight As Memory Pump Fades: Retail Traders Hopeful For Rebound",Stocktwits,https://news.google.com/rss/articles/CBMi-AFBVV95cUxPb0VPUHFyT3dNU1BkR3RTbUZ5dENaV0tfUUViMzZzVDJDcXZFVWdxZ1Raa3N4SkFYX0E3enVNUzdxN193Q1lkUVVfdUtqNkhJelJLUkwzVmhMYUEtWDBsRmw4LV9mQmVCQlMyUFJ2a3lZT0Z1QWF3clF0eUtPa2JsMDJGT3pJcEdiNVpTWHFobGxIUlRCeEV5N1dYQUp5LV9Pbjlyc1FNeS03OGhUZTViX29RTmM5d1BpalVIWDNTUDFja2lRb1FnY19pSi0zRXozSUNzaUJKS0tpdFcwa0NWbG94dzBvWnItOHF1dVNQM29Kc2h1SF9FUg?oc=5
2026-09-20 17:45:09,MU,Micron Stock Eyes a Big Move as Closely Watched Q4 Earnings Report Nears,Benzinga,https://news.google.com/rss/articles/CBMiyAFBVV95cUxPZzNxM2VaNklnaW1fZHc0bjZ1SnZ6ajZpbTd6aU1UdDQ0NmRubGhfMWRaUkVaRGJsQWpTalAwMjEyV0NVZEtvRElYVzlCblhnMENtejQ4XzdZZkxSTlFRNU56TmdqWHRTS0N3SDhzZDZGWVRucVRIY2ZUSzVrUE80NFNHdGNjV2ZWZ2ZPcWx5bmZraGFDbmRaU0lNWXBkbU1GMWVPbU9uc2JKN1N5WGx6QlNkU1hMdzdKNms2b1N5OXhzZzh6Mnh1OA?oc=5
2026-09-20 17:45:09,MU,Micron Stock Eyes a Big Move as Closely Watched Q4 Earnings Report Nears,Longbridge,https://news.google.com/rss/articles/CBMiUkFVX3lxTE9yeGI4bEhwUFFPSXl2R1poZUhxbnVpNy1aVGhicG9uWmtpVlk3ZFctWFgxY21zVkhZOElPT25JMXktWS1oUHY2ZHBtWkVUWUwtSkE?oc=5
2026-09-20 17:37:01,MU,Prediction: Micron Will Earn More Profit Than Microsoft in Fiscal 2027,Yahoo Finance,https://news.google.com/rss/articles/CBMioAFBVV95cUxNdWRGdmFqbnpRZUEycm50NHdWaXR1TEVTbzh2Y1M0aHR4T095ZzBnUFlEZk5OdnN4ZGhjMjF4N2VFa0JPazV2dDNWTFQ1M3kxUm5nN0FSRndJY253dF9tWDZ1d2tldXFxMlBONEVqM2UzeExiQzNnQjdPcXBhVXBYb2tmYVVZLWdlTkFMMWx6WXJ2Rk5RNzhHdS1INlg5d1Bj?oc=5
2026-09-20 17:29:19,MU,"MU Stock Leads Memory Chip Rally Amid Iran Relief – DRAM Surges 6% As SK Hynix, Samsung Gain",Stocktwits,https://news.google.com/rss/articles/CBMi5wFBVV95cUxNTXBtTE9uNjRBaDcxVkNjYWw0UmlKYWlpODY4Y0N1eTFKenVZX2xSSVlKTUt4RWhUNjRoTnQtOThvd1VQc3B2eXRIRlVPVmpJM3ZOc3RJaU5ka1VZNlRPeHhnVUVyYU9za3RseVFSeGlCcnVpWUhnYzBzNy1tTlJiN0szTEs1NC1vRkxsVGl6b09yaFRZS0hZU3ByR3pMWmdVcDF5OGUzZXczZDNMVWZXMUlKVWE5Y2o4WlR1Q1BsNkt2RnVSUHdyZjV4WWRJYU01N1FQTzdRSEs2Z2NYNE5oYUQ1SWNSV2s?oc=5
2026-09-20 17:18:45,MU,Why Is Micron Stock Rising Nearly 1% Overnight?,Stocktwits,https://news.google.com/rss/articles/CBMirgFBVV95cUxPaWJoZDZ2ckc3Z1ZZVWxIcUpxbk1URTFJRGJ6X2pxWUFJNFhvekNaUEhDU3pRd3hVZjk5T1dzbTdTd3FxWWZEajh6U1dVMVRvYXZQSjk3Um5aeF80bnE3RXAwWFpUdGhVeUt3U2JyTGVMR2tBSnFFMkRDNUlaNk96N1dzc2Y4QzJmTzNuMHFBX2pBb2l3aWx3VVhkMlVnZ2NBbkhhQ1F1R3p5ZW5FRnc?oc=5
2026-09-20 17:14:12,MU,MU Stock Slides 2% After-Hours As Goldman Sachs Doubles Price Target But Keeps Neutral Rating,Stocktwits,https://news.google.com/rss/articles/CBMi6gFBVV95cUxQZE5Xc2x6d0V2NHlyZWRyMnpSc2dsbFhwU3ZJTF9qY1dmdzRqWjh2NlVLMDlPSDFwOXdMa2FySldBVFZQNnBOU3lpbFNLYU1RV1ZWeWRiZE9kdGtIcU5XbENLem8zRG1WNU1ySjFIT0F3czhVZzRWYUdlZ3RlTl9adS1JMkt6YjNKNFA1Nm5qZDYtRlVCYzhsSXd5MGlJMnV5dGQ4dEoxM1BtV3JNUDYzMXdnQkVuaEFlU1VQRXNiLWNERnFRWTBNR2lWeVVrM3NwUVljZlZLcF84T2Y3RFJVV0RpM0RmcGcwdFE?oc=5
2026-09-20 16:33:35,MU,"Micron Technology Inc (MU) Profile, Company FAQs & Facts, Industry, Sector, Employee Strength",Stocktwits,https://news.google.com/rss/articles/CBMiT0FVX3lxTE1uaTZtU3k2ejB4NFl2MElCSFNoNllaT20yN0tTaWxtQ3JsMUFmcjdNc05od0hfcTRtRUlSYVAteGNqcmVsdnk1WVlhRDlmUGM?oc=5
2026-09-20 16:04:05,MU,Micron’s HBM Is Sold Out Through 2026 and Data Centre Revenue Grew 150% — Is MU a Buy at $914?,TradingKey,https://news.google.com/rss/articles/CBMiiAJBVV95cUxPTmtmTW4xSmZhZ0xhdkNlTWtVSm1laEp1ckUyT084X0hHY0M2MEJkanFUQWZUTW5jOWtCVGVYeXlEaFk0MkZVSUYta1pGTlB0VjZJY0JpSTZ0bnlFOUpUTjZhWWdtbzltTnB6dkx3R1FZWGVpenpYZkh1Rnc1VlpFM0FBMDFnV3pobGZGRGFYREM2Uk9rZjFyNmF5NHROUW1SOVpDT2NuRF82cHJYLWp1aTB5QkdoRmtKb19kSlU1dmJ6bjZycGlNWVQ4cTkwWnVZWm1qTXZpa0NLVWtacWxVYnRNdDlOdWVpWVQ4SUpoemxhNkFZeXdvbjZtZkhoUFdLUmNBVkZVN3Y?oc=5
2026-09-20 14:17:31,MU,"#Show off Your Best Moomoo AI Moves, Win a Share of RM10,000 MU and Join A Lucky Draw#",Moomoo,https://news.google.com/rss/articles/CBMiogFBVV95cUxPSzRSZGtEVUZKNGg3OHVaak13emhCZTFxdXRaOS0waU5qRUV0LXRhZXFIYk9TSUR5YUJKZDJtNm85N3VIMFEzeV85dmE4ZzliZjJldjVUUFF3T1Q2MEc0Q044dTZNN0NiTkNWTXY3NU0wek01UXFFMlR1RVJhMlpmbmFyWlBEVjllV2p4TXNZV1pCVkstbjhtWmVtV0tZc2ZwRUE?oc=5
2026-09-20 13:37:46,MU,"Is Micron the Next Nvidia? Why the 2026 ""Memory Crunch"" Makes MU Stock a Top AI Buy",TradingKey,https://news.google.com/rss/articles/CBMi1AFBVV95cUxNNUJ2aFRHTHd6WVZXaUZrUVlJODF1ZkotSmNFSllEYmtCa3VwN3dLRG41WTQ4VE4wZ1Y4NDMtMFkya1drdU1IVVU3WkpxLWtDUEtkRU50N29MUUEtckhVRXV0MFF0aVZIQ25OcjBXbHQ4a3VXOWtnSzhKa3Q1Z000dmI2d1Y1MEdZVlNSWkdRQkpYaER0YWNCcHdNVXhwYVpHUmZQMEJZejZrMlJ4WnJGVk1GT296TkpMaFVvUTlEWW1PS1ZWSFdfSFJVTkxsb3dNUkpYNw?oc=5
2026-09-20 13:30:00,MU,Micron: Likely Dead Money From Here (NASDAQ:MU),Seeking Alpha,https://news.google.com/rss/articles/CBMigAFBVV95cUxObmZ2LXJLMnlfZmdqZ0lRdy04M3FCcTVPSENVUGFoX3JtQ1ZuTUQ2SEdzUVJncmZIXy1raE5OTG1rTVNxZ1o3dXNPRngtTDZXVTg5WU1CNnlyUzZWeDN3YlJMelVpb3haRUQ5S1JlOWJEM2p5QjhKZUR3UHQ5TFpPeQ?oc=5
2026-09-20 12:11:51,MU,In Depth Analysis: Micron's Stock Price Movement,Moomoo,https://news.google.com/rss/articles/CBMiowFBVV95cUxQcmRCY1hsbEUtTERCdzZFSW02cnV2eXN1WVo5UGktc2YyRDAydFhmbnhYblpSdjlyMDVRYllZVFV2a195TmFYOUljNTZOUVF5eXdCbGg3QlgyNVU1aXNaSlozWEM0dndXSzJQRGprM1VtZmlzQzJZR2M1cDdpSmJJWHJFVUVQazZzSEV5dU56S3BhTTBLUVhwVTFkQW5vNV9GTFc4?oc=5
2026-09-20 11:53:42,MU,Why Are Micron (MU) and SanDisk (SNDK) Stocks Rising in Pre-Market Today and What Does Goldman Expect Next?,TipRanks,https://news.google.com/rss/articles/CBMirwFBVV95cUxNZ1hVd2pTczZOS1VwUWI5eE5xWWRzQWFKWWl2ZFJsMzRFLV9KTnp4bEtjZ2xRV0dJaUZVSVlsVHN3d0oyeFhmMmdKYWJZbmk5VTM5UmtTaG9GZERwVVdRb0ZrSHM2OVFPQjhsbHYtX29VaS1VVk5sbFJaUldHU1lfa2xydGhWUlVEemRVenhwTGEyRDlXa0R1dktxMExWOHN5NUplU0pZNzg4dFhVTFMw?oc=5
2026-09-20 10:30:00,MU,Should You Buy Micron Stock Before Its Next Earnings Report?,The Motley Fool,https://news.google.com/rss/articles/CBMilgFBVV95cUxPaGdURkJialBZLWJ0Q1VUZW9VY3lVVm5OS0xWUktoQmpVbnZfTVpldkJXYXVIdTRBZFJmZHgtN3NpVklmZTU2ZnFKRzFVUlVFYU5lZDJkVmxsajRyNnBFVl9KNjdwY3JSVFlJUTNQTVEzRi1CbnN4bDktWGlLbFlkN0NSeWF6QjBzZmFRY2J2eU1WQnM1aUE?oc=5
2026-09-20 10:05:21,MU,Should You Buy Micron Stock Before Its Next Earnings Report?,The Globe and Mail,https://news.google.com/rss/articles/CBMi3gFBVV95cUxNUkhQcTQwNkhWU0NMNHFOdVRVSXRETXFkTEVCdHRVYmp6YUpTbGNiZnRGWmRTLTM3NkhlVkd0WnpobzV6bXdmcjdXX2l5TzlNWFNZeW1NYkRJaXRqaDkwOVBmRm40ZGJwTWJJR2o3VWpXT3dkS1NXclJ3M1pDQ0Rfd1NtdnV1Q3VvMS1GUVRIUFR3NDQzVkwyaDNucG9GNVJLeE11MUNIbjZnVmNSTHZ4MzVOamRJS2xQc19udlZHYlRjYi15cFlBSE1jWVBsUlN3ZVhwV29uMTMzRjhQQlE?oc=5
2026-09-20 09:50:45,MU,Should You Buy Micron Stock Before Its Next Earnings Report?,The Globe and Mail,https://news.google.com/rss/articles/CBMi3AFBVV95cUxQN0FyOVoteU1UMm9hc3p4TXd6TURxMUEwbHhpQV9oM2NrcHQ4SkFEOU1Ga0ZuNmFIeW5XanVRQU41bnBuNlFJOFFKZjEtenI3Q2V2YkJqYUp1WUh3YVF3QW1IV3haQUZoVDFHTVJfNzFFNkNkUG40UzdCU3o0ckxpSE5IR2d3M09fQnVkM0VzYkpDMVhSOUdFSkRsVnl5Z3J0TTlfeEl5a2xZaU1IZWVaa25zWGpwMjVKNDVoYnppZkRtM216Z3VDQjJHTjRJSnNzRDZOOTZTY0ZuYmdQ?oc=5
2026-09-20 09:50:00,MU,Should You Buy Micron Stock Before Its Next Earnings Report?,Yahoo Finance,https://news.google.com/rss/articles/CBMimwFBVV95cUxPRjFKcW15b2ZHMk9kT2xkVC12R0Z5a0hPd1czOFpCdzRQY2w5S2hPQV9sYXJ3SW5naGw2Z0dOYXJsZXZrbjB6X05hVEJDa3A5OUVRTU5wZmVjdHhEOFZwcFhpQlo0bFJ5dldNQTRJZlBrXzhwNk9GeFRpZWhLTlVlaHl1NngyYkFxdFhrV1BVZzAwSGU5VzJzRXg3WQ?oc=5
2026-09-20 09:50:00,MU,Should You Buy Micron Stock Before Its Next Earnings Report?,theglobeandmail.com,https://news.google.com/rss/articles/CBMi2gFBVV95cUxOTmJCa2doY3RNbDBaS1NlenViYmdRRzRXRDUxZzFLS3p5T2xVUVZveVhON2ZXSC1UYmNwX1p1WmRDQzdEM2FJZDdmd0R4elR4TFJEN1lPbjNnX3F5anBqZmdaekJxSnpua1JEYURhaTFQa3Y4WElSb0d4R0pkUjJ1cmc0YjdsQktfNE5peDdLd0Z3bndQdTV2cE8xN2VQb1FRcWpVQzRVLXkyUDV3UWhJZm1nbVBxU0RzRmdSampTQlEwd3pLRFFSdUNPYU4yMFl5MmZEcHprQllTZw?oc=5
2026-09-20 09:26:01,MU,"Micron vs. SanDisk: Which Memory Stock Is Better Suited for Long-Term Holding, MU or SNDK?",TradingKey,https://news.google.com/rss/articles/CBMi0wFBVV95cUxNVnhOMUFzTkdHc0pxM0w3eUNZdDgwejhRUjVNdVpKYXF1T0xMSHd3c2dYNDBGQkVULXhpTjYtbTBxUnJCX0E0MUhLUlBEUkZxcTVKOGtYZHFSdVlZdWVFNzFta05NeE5oZHNHVEc3RHNpRlZ0aXhRNFJRbkp5TGMwRWEtNEpWMnZ0UFJjNjhIV1ZjXzZ4MEQzYXRYSVBHNVlWRV92WVFUUS0ya29mc1NXT0tIYnBsX2JuWUE4TURLUnI2Tk5vNkV2eHZoZDZ2ZnpGVEdF?oc=5
2026-09-20 08:07:33,MU,"MU, SNDK, STX, WDC Stocks Slide Premarket: Is The Red-Hot Memory Rally Cooling?",Stocktwits,https://news.google.com/rss/articles/CBMi1AFBVV95cUxOTDRBRnVRcWVWSDhHSDh1TENaLVFVN29aNlk2WWI4MXl1WS02UEFVRW04NWxHM3BsR29JMVJZeFY0MS1wTGNvZFhoU1NYWWpmcnhsS3BtNjNHdS1LalpiTDhFLU4yV0VySzhHdmx3S251aTc3eG02ajBhenNGQ2F5aFdwTGg3Y1RTUVdFOWEzMGFaLU5jMGF1T1cwU2xJTzZNNWxpOENpdFB1MV80YmtQLXNTSllUcy1nZnNkRWdOdTNkZDI2a1dzV1MwaGFDLTd0NkhPYQ?oc=5
2026-09-20 07:40:58,MU,"Micron Stock Price Forecast: Return Above $1,000, Inverse Head-and-Shoulders Pattern to Push MU Stock to All-Time High",TradingKey,https://news.google.com/rss/articles/CBMi1wFBVV95cUxPYmppNmNyVmNMUk5IQ1oxelhEOE9VTnF3bXJxVUhCaWk1Y1NkQVlGVWtJRHItY1lmNjhmS29zRjBlejd6NU42YjBObTlKNGJyX083OGtkU3JyQ25YaWMxazQ5RlVXRG50RE5naFJkZjh2V0FzalhBSGg5M1pMR2lzaEtzMnZmVXZWYXgtTFVQcTFmWElvcThJRTQtMnhNcU1pWXVuNlRwdmxlMG9GaTRrOXhoLTJIYi1CZ2UtZmp4REx3U0lOZEpvdi11LTFfMy1iY3Z0OWpIcw?oc=5
2026-09-20 04:54:36,MU,"NVDA, AVGO, MU, INTC Stocks Gain: Top Wall Street Traders See No Signs Of Panic In Chips Or AI Even As Correction Territory Looms",Stocktwits,https://news.google.com/rss/articles/CBMimAJBVV95cUxONnpKVm1UUlRxeXlIQVB1WURiZ0R5Q3dTeGhiZ3dMR2ZOQ0poNE8tX1BudXJ0WWdldkpwRnU5YW9NUzhOa2R1eGVIOGRseVgxYmRQbmd6YjhpQVhYNzc4MURBQXhVU196U0U1N25lVjhoa1N0TDMtYVl5RmlqZi1ibEIweGVKNXl2SGQtc29YQ2lxWEhkV2RlZU9kRVZhVHVuYWRMQWxNS3cyWVVYWlhiazE0TDZPeEdPb1ZLbWZVak1tSlFkRFotOG9jdXoyQ0hpY3ZYbTdLMDFXZzZFUnU2dFNxWGJzdlg1OFB5M1BrT0xsRFB4VGpabWFFTUcwXzlaNENlTFRGa19oelJsSER1RnFmdlVKdUFq?oc=5
2026-09-20 04:22:12,MU,"SNDK, MU, BE, NBIS Stocks Slip: Ken Griffin’s Citadel Unwinds $4B From Situational Awareness Portfolio",Stocktwits,https://news.google.com/rss/articles/CBMi9AFBVV95cUxNaDJTYXRvb3gzZFBrVV93VFAyTmJ3aVhKSVQ5anFTQXo1VGZGNGhsOGhWTTc1Uk96MmFDN1R6SHZaMFhGeWFWeE9CRDdwWHdnT3hVeTZaeVFzdWdqRnlFNHFsaWx2dEpkMF92dnpQZjVMQXNaaVZ2azAzcC03Z0dQS2UtSDZYTFVGNzRobHNaWnh2ZzBnNmlJcGJOUGlzUm1ROWdaU3ZSeURKWHVMYTJ6cXlNOUNxY1Z0eVdBMTVMdk9HdTU5amc0TzVPLVV3el8wR0F0U2N2T2pzWWsxY2ZIVFFjdWhtSHB2a3h5bkNlUGl4TWZE?oc=5
2026-09-20 04:14:50,MU,Micron Stock Falls as AI Slowdown Debate Tests Memory Demand Outlook,equiti.com,https://news.google.com/rss/articles/CBMilgFBVV95cUxOMXJleHVodGJYSVFqY3RBbHp3a1NXaVR0UTA5TVFfYUFvOWdPaG9PQTRQc3lNdFJNcXYySG1JVDdwM2JHVWZ2Qm5KNFZHd2diQklPZTFzQjRMOGV1ZU91aHJyWmhiNGRaVXd5ejU1bjJYMThKMTBuZU1yNUtaRHQ3U0tvWF9wU3l4STY1OWdvVFJPZ01VY0E?oc=5
2026-09-20 04:08:34,MU,SNDK Stock: Citigroup Sees SanDisk As Top Beneficiary Of Strong Micron Earnings,Stocktwits,https://news.google.com/rss/articles/CBMi2wFBVV95cUxPaWloMjdkeUI1aFRMZW9iazRiaXF4ZVllMXNfTnJqb2Rwbm9NM3dMOFBxTWRocm1sZFluRXBaclFGdjR4aXNWTnJnR1d6WGw5VVdHNjRjZ091cGRJMHVGOVNOVWU5aW1nZmFlTGs3bjJjWDlSQ2R0azVQSVRQV2ppMTRjazY1eVJ3Ml8zV1UyQ2hrMXZrRGh5VVhlV1BfbDhUc2hTZERIa1I2a1dhTGp1cl83YVRSdU9zZ3RlYXhJZElUOUw4STBQaHRfT3FnQ2V6ZEdFY0g0TUhaZ2c?oc=5
2026-09-20 03:39:19,MU,Micron Stock Falls as AI Slowdown Debate Tests Memory Demand Outlook,equiti.com,https://news.google.com/rss/articles/CBMilwFBVV95cUxPdlRQd0tMVERzdEk4MjNvX09vMW9vLUxiei13cjRONHVHYTdYRXgyUUlvamFYMjQ4cm5EVmlKMExvb1dRdXgwa2c3RkxaTWhUOWQydURWcm5kR2toQ0xPU3ZYaklmdldzdDFESkpwZVRNcHlmY0FMbTNyeWYyakc4MkY1bDVHVi1yb2dsSU1kWDB0RnRNazlR?oc=5
2026-09-20 03:32:15,MU,Why Is Micron Stock Rising Today and What Technical Analysis Says Right Now?,TipRanks,https://news.google.com/rss/articles/CBMiqAFBVV95cUxOMXBlN2g1Ti11Mi1adHIzTzgzQ1JOd00tVHBzZG5jUWNvSElUYUZXaEFfZ1RUdHh0ZXJqVXNhdXVkVk1XUDlDa1g5cjFHM3MtSzlVZTFQVFpOeVd3SlpZemh2UjZwZkFvNUl1ZXBob2pCUnAwdy1pcG1RT3pnYzV6Yk9fcGlWSXhZU0c1ZGxfdW1zckM1Qzk0ekg2Nkk5RHRIeHZId1Jqd2k?oc=5
2026-09-20 02:40:48,MU,Is Micron Stock (MU) a Buy Before Its Sept. 30 Earnings? Here’s What Wall Street Says,TipRanks,https://news.google.com/rss/articles/CBMirwFBVV95cUxQanozbE9YTW13RWVyS0FvbktiemdNbWcwUGhrTGJrWkJtWGRtM1BpX0ZCbWxTMDNOWWxDcXQ5dENLb2JjRWxSODlDNWNFVXh5dnVyOUxsT2J5MExhTndyNnQ4NXUxX3hLOFZlVmdiZld0bkIxRkViaVVmLXVDZGZEUjduU2VXa3dtQkdqOUVkSk9MZUJ3bkFMdGhnLXpSbW1qVzNhT2taMFNXTktSV19j?oc=5
2026-09-20 01:44:02,MU,MU Stock Eases After Record Run: Micron Backs Trump Accounts With $250M Commitment,Stocktwits,https://news.google.com/rss/articles/CBMi3gFBVV95cUxPVDE3TEpTVWtjT281REUwbWFGQzN0ZHpWNnU1UlpVRWRYMDExdzEyRVZ1MHlpbDd6V3ZFNjlmUVRyYXlabHpkVUpSejJmb3p5bF9mbkpobEpQanF5bzM2NjNpcDZ5N01rOEYyeDZvLTRZc0xIeG9xaEpESjc0bERrUTQwbTRMcXdCUHE0N0UzaTNoZFd2ZTU1Qk5JaDlMOG1GUG1icU9SMU9ja0Y5c21SUEcwN2EyYVpRUFQxY1JqOUZBeUJZT2QyYVppalpTSnhSUER1M0pMcjlLRG5YeVE?oc=5
2026-09-20 01:05:35,MU,"Why Retail Traders Couldn’t Take Their Eyes Off These Stocks Last Week: AAPL, MU, MSFT, INFQ, RKLB",Stocktwits,https://news.google.com/rss/articles/CBMi7gFBVV95cUxONF9JWk5mWWV1YlUtNDRCY0E4aVBEU3g1OWlrX1NOb3lwbEtRWTlqVkw1UjZXbG5xZ0N6VmNVRzNUXzdTSnl1YjZPWERoUDNFelFpNVBYWmwyc3lMS3dOeTRLM3htOTc3TmttSDk2clNtNGo5V0lkVDFRQ0pneEY1Q0pXaTMwa1JyX1luOGRLalV5M19nMjR5YURhaXpncU9pYWtMNlRDaWlmSTVOZ2FlbTdDZDAyeWsyVkIwUlhaNHFVWHNDcVVtMmV2RXgxNXU4aHo3UDExa1hlVnNqNEJ5NUYtNUVjT3RkS3RfMHNB?oc=5
2026-09-20 01:04:34,MU,"Why Are Nasdaq Futures Tumbling Premarket? MU, AMD, NVDA, ORCL, RUM, TSLA, SPCX Stocks In Focus",Stocktwits,https://news.google.com/rss/articles/CBMi5wFBVV95cUxNQ0tjLTIxRWRPNDQ4RXhsUVpfVEI4ZGtjMzVqZV9SYU9CeWdUVk1xQ25DejY3dWZLNzRZcWcwclFJRkMwZGNBZFVEN2ZTeG9UVjRhclEzSm1TOGVlTVBzNTFIX3hyeUJWUzhjOHNYRzJjU2ZhVkFHWktBclM1dFcxNFh2TnN1elFlWWxYaE9kVDZiQ0tUTzVCZEwtN2cxZVdnLVlmcnNXckh4RVB5aU02VDJCdTVlZnh6TEtNb2NWRWxaQUxqazdrY2FqcnR0bjQ5emtSZmlLNmlqYk4xS2hVcl9PSVlmLTg?oc=5
2026-09-19 23:41:53,MU,"Micron Stock Breaks Triangle Resistance as AI Memory Demand Puts $1,034 in Focus",TradingKey,https://news.google.com/rss/articles/CBMiswFBVV95cUxOUmkxZ3Q3SFhsY3pBTXJfX1VmSS1tdGdMbGVNV2VvUllPQVhNYklJWFhCM3d1T3JhY0JuT0ZhbXJCbm5YeGdvQ2JkblY3aEpfaWpBRExMZkloZ0ZwZHM4SDF4R2dMajBJRVVwMENwb2VveU50M1NvVjkwMUFjNHg2dVo0TXF0WkxsS3kxeTZDc3JldVNTRDNmS3pXYXcwRUpaUVhSZ0VYTGpjOExUOVZEcnQzaw?oc=5
2026-09-19 23:23:14,MU,"Nasdaq, S&P 500 Futures Rebound As Chip Rally Counters Iran Jitters: Why NBIS, NVDA, INTC, TSLA, IREN, MU Are In Focus",Stocktwits,https://news.google.com/rss/articles/CBMi_wFBVV95cUxPMTVjSmFqa1NFel9nelBQQ29Zb2hSWXRMLVA4aGRPLVVzazM3bThPdlFMNGZhY1NQTmppbmxOUHQwdkFMMHI3bUxaWDMxVkF0d2E5eVN5WUpMMnVUSHpvVXN4LWJWbFFIekxTMGl6TEQ4NHhkbE1iQ2hHV3paVTdfZmJCZlFjNWZOVGVJdU5iVmRfSWNrRXpEUVFrRnlTS3lNQ1h2aGJlMF9GYTlaWmRpSjhPdEotQkQteXREblc0UGg5UUJQMUxlUVMzSVhYd29LZUNyNHpDU0ZmaW93VGt2WU56VHo2OThEb1NVRkN4aXk4LXN3T2taTEJZemU3Sms?oc=5
2026-09-19 23:04:30,MU,"MU, SNDK, SKHY Stocks Jump: Google's AI Hunger, Elon Musk's Micron Shoutout Send Memory Bulls Charging",Stocktwits,https://news.google.com/rss/articles/CBMi9AFBVV95cUxQZzMtaXUwNWN5MG1BZXpqdkxBZUxwck1jR21yWlZHY3BNejBMdjZlbEFDSlZJUjAxZEhtLXpiWG56TFVnZDlQM0R4TzNwZ1NtR0NJbktTSlYtaGRkUGZGc0pIVnZBN0ktM3NlWC10RkZpd3FrcU9yUng0elNhcFRfWGJvVzlvRUlFYmVJNV9xcWszSmVnM0dOTkN6OTVtdFFyTkRFY3B4NERDc210ekdCX3NleWJjbUZKd0NPLTRxU1BTSDZzb1NPdDMwUldMNzBuR2haMzZtZ2xVbEVvc1VGY3VEZEx6c3FBNkZkeGxSUnNmYXh2?oc=5
2026-09-19 22:46:08,MU,"Why WDC, MU, STX, SNDK Stocks Rallied Hard Today And Lifted DRAM To ‘Solid Breakout’",Stocktwits,https://news.google.com/rss/articles/CBMi2wFBVV95cUxOV0IyNVdpNmk5dHUwY0FLYnRnVWRLSVcyckYwWDVPa3YwcXRtTXNwWXExVGtsbEROaExVeEhoU3ozWDQzQjFpR2Nsc29mdXkxdUMzaVFqeHhBQUFodjFVQ25mODlKOW9qWHZmNVgyQU5KeFdfSV9hSU9HOENrOEQwWnZDem9EczdBWnI4YUhRMEpuNld4NWVOS01nWTNhdVR5cFZub0ZXR2ExSWtyN2tWNkMxTXM5aGJDZ2pNRF9YdEd6TnBvcXZidGdwM2JyZU9rV2tnYV9vTzN6aHM?oc=5
2026-09-19 22:37:00,MU,"Micron Technology Inc (Derivatives) Price (MU/USD) Today | Live Price, Market Cap & Chart",Binance,https://news.google.com/rss/articles/CBMidEFVX3lxTE5XMThPLURpUkg0WnczazdYTmtCLU5iSWJBdjVPelUxNEtVZkhmU1VQaW1xaC1WN05aeG0zbHlKZk1FdjA1b1h0dXVhaGZDSEp6OHluaGEtNVVWTnlNc2FCZndmTFdyRENjX25wV29VV3kwTkpv?oc=5
2026-09-19 22:17:46,MU,"S&P 500, Nasdaq Close Lower On Tech Weakness But Recover After-Hours On Strong Micron Earnings — MU, AVGO, GOOGL In Focus",Stocktwits,https://news.google.com/rss/articles/CBMikgJBVV95cUxQSHkxaHhHeTZJTVQ1Qy1GX1ZDNTRpTUk3TTJTeVVsN01Qc2lrSnRIUU1COVFYZTZLTjdjMGdPbFFEd3I3eDNHbm1vMW15UjBNeTZnREpnbGJqM2ZmakE3NDJxSVBaZm9POEVXUUZMd09NYWZPcjZXWHAyQWZxSU5TWTBsajRNUDdwSjRqY3Z1VGpZU1RLUi1EX0prWnJuNXozQ1Q4VDYzRTFZdEFDTWd1Q2ZuLURHOUtYdmVZdHJfQjU4NXRfbzdqM2RldEtZaDFsdVFGcVBGOUxtay1ILWVjeUV0Ukt0ZUx3MzFOVHpORWt4Si1EcUNwN216S0EwUlF6dzRPS0FicmltQ0VmLUJpZXBn?oc=5
2026-09-19 21:45:24,MU,"MU, SKHY, STX, WDC And Other Memory Stocks Tumble — Evercore's Daryanani Believes Supply-Demand Imbalance Is Going To Get Bigger In 2027",Stocktwits,https://news.google.com/rss/articles/CBMi2AFBVV95cUxONVNpOWFjRTIxdFlIWEVoZEpJWjYtb3BSMkp3WGlpeXZwTkw4Wk1IV3ZaX25UdDk3c2NGbnZwNUk5aGIxNi1xWVVVOGVJbkNkWGNTQW4xQzUyNXExSnN6UFRGa0ZQZko2REE5RXM1OW9ZbnVzeEFXQ2RRelVLRDZ0VGhCdW9IYzJ2WnIxaWVKVmxxX190aVMxMjZzbkxXZ3dHQjVfMmliamlzYUVfNHdGVl8tTERqSERUM3cyMFpwSUxNMGNwQk53U3lDaEZBTHhrNGlEYm9wQm4?oc=5
2026-09-19 20:58:56,MU,"MU Rises Premarket Ahead Of Q3 Report: Analysts Set High Bar, Retail Investors See Tuesday’s Selloff As Setup For Post-Earnings Rally",Stocktwits,https://news.google.com/rss/articles/CBMioAJBVV95cUxPWS1raE5ENUQyNVFuTzNKSk5hc1VZQmhUYTNDT0lXMnVQWUlzeWUzdnMzb05GVmpTSGhqV29HeHE5b3NIanFKd1ZQY1NjMDZ5ZU9QZWRPLTRjM193NUxtNkZqUG0yUjBBd2dZMjVuNFMycWJIcWRvMkI0RXJTTXhwS2pSMUo0ODRsbkxoaU5KVXY5cnNSYTBCVWpGaV9lc3B2UnU4RTYyclM5ZGNrM3F2QVVLRnFrT1djSXRtQ3ljMFQtYU9RbDZ0V2hLY1dCQlFYOE0wbVFxWWY5UFBFMWdYbDBrZXpVQXVYcXBJZUg1X2hUYXhqRDdCY2JhY1ZSSGtoTXh0R1l4c2VraG1XRGhmY1A2VlpQT0tBdnFPRnQ4d1U?oc=5
2026-09-19 20:43:20,MU,"AAPL, MU, QCOM Stocks Notch 52-Week Highs: What’s Driving Them Higher?",Stocktwits,https://news.google.com/rss/articles/CBMipgFBVV95cUxQOXAxbnRFRWRjZ2VPQnJKVGhoOERLaDQ1ZUJBcUh5SUVlbnpEY2pSSWltZFU5OHBvaDhfZHNxUzh0OVVpRUFMbXpiUGV5VlJNYnVSUUY5R3duamhVa3NkNUx1Q3Nla3NYOUs2MzFURWw3Y1JVN2NIX0tGSEpnUG5sbmlLMm9mdllRT29rMmJQRnV3WExHUUNpUlREaTlaMXIxaGlSZy1R?oc=5
2026-09-19 19:51:20,MU,"AI-Focused DRAM ETF More Than Doubles Since April Debut As Micron, SK Hynix Stocks Cross $1 Trillion Together: Retail Traders Pile In",Stocktwits,https://news.google.com/rss/articles/CBMinwJBVV95cUxPZkhUMUNSdTh5ZmdRSkRBaHM4dGJQdG1SdlNoVUstUFZIY2txcENzUkU1T2E3RTFjcFROUXFNejd5T2pLRlJ6RTBaVFZaamxMdkNzd0RQR0NTaHBkdEZUYWd5M2NlQXJpRXdUb211MzlaeE41blFMbllRUDdxMTh4OVZDS0JqZTBnVlAzS3VQdEZzRGxhSURXeklRaFpSZVZjOUtxdVF6MnRIWEw0eFJBZEJld1EtLW5RbDAwejlub2NzQnNlZ2xodF9PSnVOM3RGYWpDaDlYZEQ2WnplV1doVVdfWWM5TVEzUGx1LUVadlA2c2lJVXduVGd0Nk5NckI1TjlqNXhyQmRXcE05NVBkZkxfZTc4N3h6TmNndzg5TQ?oc=5
2026-09-19 19:28:52,MU,"INTC, AMD, MU Stocks Hit 52-Week Highs Today: What's Triggering The Rally?",Stocktwits,https://news.google.com/rss/articles/CBMi0AFBVV95cUxOWm5KdEIwSXpyY191UEhDa1V6NVpWa01UbmpJeWRIV0ttT080TmpDNEhISW5TWkQwUzBVYzBqSHJPWXRVNVJCampoWWRlYmhKVkhIeHBJLS0wLW5Ua09GQnRORXpFcW5qTEJkcnJGcW55aU5rOFVOLUFMbjRPZEpWT3A2ZllucnM0SU9JNEdrNUwyc3V2WHAtNFk3VHl4R1F6SkZRMFpleEE2Zl9MdW4tSEpMMnFGZ2hQZURWQ3B1WDlPR1BhRjJELVN5ODJWYVR3?oc=5
2026-09-19 18:00:52,MU,"Why MU, INTC, MRAM Shares Hit 52-Week Highs Today",Stocktwits,https://news.google.com/rss/articles/CBMisAFBVV95cUxOTEhKQzQ5VXNJM1M5eUJ5NVFGTE11by1iZHN4YWFNUndNam8tWnNvUF92aU5DeGVfbUNfSUZkeWlwV1lyeUVMeFYtMHA1dmlkTnFsQlNkX09GSnlHZmNxUFFFX1dYbTY0VVlBREU0UldfNWR5Z0Z2WW10SEFkd0JiSjBTbmV4QkwxNUxwTU1rSVF4b3NaZDF4WC1IeUlfRC1IelJTdG9jSkFZNUI0X196UQ?oc=5
2026-09-19 17:47:43,MU,$MU Micron Technology is showing serious momentum. Shares,KuCoin,https://news.google.com/rss/articles/CBMib0FVX3lxTE96QUVUcFQtd203dEkyTmhla1hRcmdVaHdld0cyN29mdXFBOV84ODJWWTZKaUpfQmJVWHJTOEUya1V0QmlBbUl1NEtkNW4tZUhBWVFwbjZMbmVBUUUxVkhYUC1xV1FQQ2dIdnVoWmRqTQ?oc=5
2026-09-19 17:11:52,MU,Micron (MU) Unveils Breakthrough Memory Product. It Says Much About the Memory Market,Yahoo Finance,https://news.google.com/rss/articles/CBMinwFBVV95cUxOUGRWY0dOS3J1QndQQzVNems4VFBITXEzMW56Tk84MDVoRVExMm05V0hlcG5tRkxOTGh0M1RrU1hyRUZHdnp5bzBaX2tFRzFDX2NZX0VXdU9sdXk2V0lUWmRQX0Z5QkV1RmdIZXoyWV9mTUVsMk0teEF3S1NZYVRMeXVCdXY5dnJZTlM0VGg1X3BmNm0td3dUWWQ1dlJDV00?oc=5
2026-09-19 16:34:19,MU,"INTC, AMD, MU, NVDA: Chip Stocks Rally As Investors Look Past AI Concerns",Stocktwits,https://news.google.com/rss/articles/CBMizgFBVV95cUxNSTMxSGNncnBNOFZjblRBYUo2ckFIbUpWTjV0NnJVSVJvaW1fSUs1TE40S2JRVzJXQ3lMcnVWbndtRUdJSFh5ZHN2cy1GY3lFRVA3bV9pNVVCQ25hSmJTNXp6Ukowd0ZIS0NNUUthX2piZVNGZmUxdExBZkEzcWMwdmJVNmVENXhiNjlNNloxSHpsZDJCczUxbWlvZHlJZFljX0NrTlBZVVVEeF9mTEpLbkxVYXIwUkwyTzJFZlNXWW9VZGd4Z1U1OUE3cnZXUQ?oc=5
2026-09-19 16:31:31,MU,"MU, SNDK, DRAM Dip Overnight As Memory Stocks Feel Weight Of Samsung’s Post-Earnings Selloff",Stocktwits,https://news.google.com/rss/articles/CBMi6gFBVV95cUxOZ3ZjcklJMURNRXVzZllZbDlodzc0WmY0alNpN3I3dVc5UjZPLWk1SVhXeEw5REEyNnJlRlJyOXA0eW1SZ18wOVkzVzFyQnd4WWcwY0hoN1ZQVFRTY1FOZURtQlBsc19UZ0UtdkpDRkVrTk9KbUNxMzlnUXhxX3hRYTVreXB2NXFfZ0RBQ3NGLThOdjlKSjR5TTAyQkkzNjUtVkhneEJUYk51aG5MaXN6V1VkVnFtcGpRM1AtYlFzMmtwOXBLSDVLYm02eHotMXpWNUFfMUptZy1TUC02UVZTWFdrWjgxaUNNWFE?oc=5
2026-09-19 16:30:00,MU,Better Artificial Intelligence (AI) Stock Pick for 2027: Nvidia versus Micron,The Motley Fool,https://news.google.com/rss/articles/CBMimAFBVV95cUxOQlBNNldBQkxvdXQ3U1NqbWJKcVZ0MW1MdEJNUWFESlBTdm5PM1J0SlFKdXhBWTFocVhwUHNtNFlrTnFxSnlpZnZ4VjM0bFlIeHg3R2hsNUREYTVzQTd6SzFBdzNxd2tCRHRLVlRPdHB5WXpyY3I5WjFiLUFKVFlkSlRCX3IzeHNqZDl0ZXlLcHdHbTM0dXlFUw?oc=5
2026-09-19 16:18:55,MU,"Broadcom vs. Micron: One AI Stock Has the Upper Hand, Says Investor",TipRanks,https://news.google.com/rss/articles/CBMipAFBVV95cUxQbDhQNGw5YkRCMXE2Wjd5VDcwWlpqWVFDbS1XMEJXOU5BU0N3MFVmeUFBazlERkt0ZjJDTksxU1JHYnpHQWZaS2owYXJqelpHeGpoTTZOOEp3RDZINXREYWU3MjA2ZnMxRE5SaENMa3B6NVNsWHZ0QlFJVmhZN3l1RlMxbHVnbnhILWpXcXhTYnlNSDRDTFBmY19mUDMzVktPd0RNbQ?oc=5
2026-09-19 16:14:36,MU,Micron Stock Reclaims $1000 As Goldman Raises Target,Watcher Guru,https://news.google.com/rss/articles/CBMigwFBVV95cUxPWkxITlBMeDR1d2d1SVhqdVJPTVNTeXotdmJhT2JobVF3TXNzTXljWlNQYmFVc1lBaUUyYVhLekJpdW5RaUFnX1RyeF8wU2tCbmJIQkthRkFfa0k5MUxscWtYemZWUjZUbHBBdVJUaWVISnU5S2pZQS16Z1dCc0xXc21Saw?oc=5
2026-09-19 16:03:00,MU,"Micron Stock Reclaims $1,000 as Record High Returns to Focus",markets.com,https://news.google.com/rss/articles/CBMie0FVX3lxTE9QMGhiZlV0aGdhVjQ1Mms1RVViZGVzNWc3bDhPZnk2T3BBVXh3Z25NUlIwRV81STRydHRyUVR5N2M2TVUxMFNBU2J2WkVVQ0tSNHplZGVkY2xucTltQ0E1a0l0c2JESVNua2VMd3ZXUzZhbHJnX3JBZHBuaw?oc=5
2026-09-19 15:55:35,MU,Better Artificial Intelligence (AI) Stock Pick for 2027: Nvidia versus Micron,The Globe and Mail,https://news.google.com/rss/articles/CBMi7gFBVV95cUxOUWhWNG1mRndzZEo3U0g4eEM2aUJQUmw3NzI2OG5HcVpwenkzS0dvTWVyenJoSVdoaTdvcEVEZFVJdmRxUXl0Z1dVVmEzb2RucFJWczFQd1FCUlY5MHB5b1hqMVh2elNZUEFNcVJNUDJrU1JzOWRWcHp0U1RjZGM5ejNXTW9DYXRqMjdvOTZEMDFDWmlRVUl1TGZYYmVVUnQ0ZHk4TnBOQnRsbkFPT0pZSE5FQUhuY3NZa0JXay1hTjV4S0FjTm5hNE9QdUJLZU9MTkRuVVQwcFNsMHp1YWdOZ2tHbFllNFM1MS0ySlh3?oc=5
2026-09-19 15:46:22,MU,"Strategist Says TSMC's Blowout Q2 Validates AI Demand, Dismisses Valuation Worries Around MU, SNDK And Other Chip Stocks",Stocktwits,https://news.google.com/rss/articles/CBMi1AFBVV95cUxNdjBLREtBUEg1YWhGOUZZNkV5TVJOWmVEWGUxalZrWTR1U0JoNzVwVkdRZ29EVlpCR0w5S3pweml3dGR6aDk4aGZBMklzT05PamlvU0wzVWUxVHJBZWdoblpxVlNHOHBhSTRUU242Vlp2aGlvSnEwVG1IanJYUHQ4dEtfMHBXNGJTRVJJUEhwTTY3NmhsQWpNUC02STFKVXctZTdiTHNNSkxiMWJpeWJFQ1ZnNlBQSGVISTZHVXJzRXhTNVFERXRXdS03d3FPRmVxQlRTZA?oc=5
2026-09-19 15:17:09,MU,"Micron Stock Holds Above $1,000 as Memory Shortage Puts $1,034 Breakout in Focus",TradingKey,https://news.google.com/rss/articles/CBMiswFBVV95cUxPZUVyeUZqYUduZ2YyNkt3YnZkSHpkb2xmRXZNYUVCaFRVbjJtZjF1eHhfNjA3NHlYTlplRVU0YnMwM3RCMlRhYlJkalZQaGxNMUdtcXlNTDBpSUNydEg4MnJxLVVGZGZ4bEZyLUlaRXZwa0VaNVBjV2FfdF9rN2JiVVBpUUs2TlE5cHgxa1FXX2tjdm5CRnJYRkI1V3M5VzczWk1PWVJveUE0YktFalRTdzRDRQ?oc=5
2026-09-19 15:14:34,MU,Micron Q4FY26 Results: Earnings expected to rise 10x YoY to $31,scanx.trade,https://news.google.com/rss/articles/CBMiwAFBVV95cUxNZDhsTEVvemVIUVBZV2UtNjh0WVlycnJXUzJTSEJOYWhJQjFrR1dSLWNWUTBrbUZ0YW1weG16MzNPcUgtN1g3Z0Ryelp2MVhJekNGVWtndHVCc3lDdlI1T2h0Q2tkYXlicmgyQjB1b2pRajV4YTc2cWZhRVItQzVBQXFveDQta3ZYNTJHRGVONkNDQ1ZiWWRrLVBuYzM0V1Y3ZC1FdGNVV2pxT2FrZERobTB0a3g3LWcyWm41Rm53SFg?oc=5
2026-09-19 14:20:24,MU,Micron Stock Surges as AI Memory Bet Intensifies,TipRanks,https://news.google.com/rss/articles/CBMimgFBVV95cUxPU1lRZWNpYzFsOUJScEV1OUpVRTh5VUFwVU1CUHh0NFZ6RFdlOXprZWRXUUdDaEpBT2I1QjNpTVQ4b08yb0UxckNkQlJHZWJQcDBwT0d5NUEtaDhKelRBRE5BR3lSRmJkSFJUT2psaXBsOTEzWjZsUVNsSndWemFHTjFha0pXMHlKS3M0Z2pUZ0c3WVNZTHJSUE9R?oc=5
2026-09-19 13:35:00,MU,Is Micron's 9% Dip a Warning Sign or Buying Opportunity?,The Motley Fool,https://news.google.com/rss/articles/CBMimAFBVV95cUxPb1N4M0JYNXM3Y29zX3Q5bEdfb0phN0h0U0hOUjN1cWpZUnRXbFN3VXBPcFo1bXc1akZnbnlYR3YxV29CU19GODV1eWVEaXRtXzVYOTJkcnhDcDQ3VS00d3FROHpfU01nTGR0UzB6b0JiaV84eDZHVGJoNWJrX2xxNXNwZm1oel9UQklaZEJYeGFlM0k2Q1NkaQ?oc=5
2026-09-19 13:29:24,MU,"S&P 500, Nasdaq, Dow Futures Mixed After Record Session: Why MU, SNDK, RIVN, SPCX Stocks Are Trending Overnight",Stocktwits,https://news.google.com/rss/articles/CBMigwJBVV95cUxNRDNHa3BuMnAxZmt0aC1tYU9LejVnM1VVYmZWdWpwbmRjb2hPUlNHSXgzYTJRbWNlR085dzdLZXpObTh4VllOWV9jSDE1RHVuSGRnRGNtcDFoVjh0cTJudFRuNF9QWnFrVTZyaDNadXhoZXhldG52M2d5ZFVYZE5lNDlZZ0dBUlhLeGNiY1l2Z2hSUF80cy1wMVYxc291YUxMUGJNS3hSekFqc0JDU296WXB3OWdYRlRlNnVWQlE5UnlQc0lXczVMSWY5eDFTYzVUc013WXlxMXp5MVl5UGJ4MlloOGlOVldrZnV3ZzdWQ2pLZ2dtRlhqLVBRQlYxbU85T084?oc=5
2026-09-19 13:08:57,MU,Is Micron's 9% Dip a Warning Sign or Buying Opportunity?,The Globe and Mail,https://news.google.com/rss/articles/CBMi0gFBVV95cUxNN0pmSEYyelJ4UE4zdDgxX2FRdW1la25aWGtOQTFWR1JNemowQ3ZiS2cwa01IWUtTc3NzT0ZWQnFjV0drNzVYVGdUZjlocFZMX3E4Zzl1U1k3VF80M0toMkZ2LW5lVjBxV0NwZW5UbTNBUmV0MUx0WW0yRGFucWtVSDd3TnFKT0VZaHJILURZNUVCTFdfbWZxZUIxenFESWNHaUtsS0t4QkQtVkZHRFBmejZzcTBheWRCS2ZQdFpob0hQU295eTlGemUwSkZ0ZXRMTEE?oc=5
2026-09-19 12:57:40,MU,"MU, F Stocks Climb After Micron And Ford Sign Major Memory Pact",Stocktwits,https://news.google.com/rss/articles/CBMixAFBVV95cUxNWW84amZLOFRPRGU5bXozeV9FRTVUY0VjOHFlRmltSkkxN0tmaDg5OGN5aU8tTDVIWDlBWlBHZkYzbDJqUmRFVzRrQ3g2MFhZLXZURnl3N25wT2t0R0xZUVo0WUpwZnVmY0VvWWRxOFpoMEVTRVVrXy1LVWxCVG51TFN6c1BXS3BuU2hfdUlFVmVkU3prY0VpaEE2aS15YUR0NnZUWmRtQWN6MnZ3ck5ueFJ0a2pFZG0tMThPTjZ4RTVLSENi?oc=5
2026-09-19 12:55:00,MU,Is Micron's 9% Dip a Warning Sign or Buying Opportunity?,Yahoo Finance,https://news.google.com/rss/articles/CBMilgFBVV95cUxOc2dHY0xMNkJjTURaemQ3ZXNnUnNNOFI1d0kydGdVTnRVbVdRczI0eHV0VUswUXFzN2VVaGljX2dTRS1KQzBMN096SWJ0REN4eExYMGdNVWxMVGxpbGp3Mm9GeFZ5ZHFZVWlXbGphRjRVai1wSWdHdEhjWVhUN3Zsa3oyNklxMjA5VTlhc3VMcjd3SVRLenc?oc=5
2026-09-19 12:19:56,MU,"Micron Technology Inc (MU) Futures: Prices, Contracts & Specs",Stocktwits,https://news.google.com/rss/articles/CBMiUkFVX3lxTE5UWVphbmtQc3M5cHZLUGZoWFlVOHdNNWpNVmFpNUluUXNxeUlKS2N3M2NXRlFyNjljX01sNVh1WHB3Ym54UDRqNjVPa003aHdud2c?oc=5
2026-09-19 07:00:00,MU,$Micron Technology (MU.US)$ $Dell Technologies (DELL.US)$ $Tesla (TSLA.US)$ $SpaceX (SPCX.US)$,Moomoo,https://news.google.com/rss/articles/CBMitAFBVV95cUxOZjYxbzgzcTZZOXlEMjBiYTBpU1hKSEYtTFhQYkxsUlVLd2RCcEJwUlFzQjNJVjFWLWtnTmhDNUtYcEpKbWs4QWZ5X0xsWFoxeHdublpuRU01NXRscXNkMFZoVmhyUzZnQ1JJbHlmMGMwNHg3YWtBLTlVUXd0dWRBSmkwdVhSc3FoSlRSVmU4VGlNVTNUWDI0MS1UcHpjTVFiczFtelR1ODFTVGl5WTZzNHJ4aFk?oc=5
2026-09-19 05:46:08,MU,"Why Retail Traders Couldn’t Take Their Eyes Off These Stocks Last Week: AAPL, MU, MSFT, META, BABA",Stocktwits,https://news.google.com/rss/articles/CBMi8AFBVV95cUxQVC1HTk5vaUliV2xpbURvQUV2QXh0T0JvcUR6emwtZ2IwMU9FR2FaZHFqZnZ3SG5JOW1TVDFlOEdacXJ3VTktTG5ranlLczZRaXI5Z1dRMVc3czNvTnVxYXhwdHFqVmdSWjl5UWJXSDlwZ1UteE93aG9LYnJFSkMxOHZnUDM2MHNYOXhYTlRhd09NMEdzS3dwUC0zMlVOT2hRblUwb255OW5DRDdGWnpkZjdUQWN6RnNKN0prYWVCU2c2Nk95dFhoODY0OTkzeUp1WENtOFJCMEdaMFRHRC1xX0ZKbGs0SWtBNFBOYW95alg?oc=5
2026-09-19 05:14:59,MU,Micron Announces Cash Tender Offer For Outstanding Senior Notes Worth $5.4B — MU Stock Declines,Stocktwits,https://news.google.com/rss/articles/CBMi1gFBVV95cUxQNExZVl9kd3d5c1k0alVsaFNnRENsbm9ST1JQOTVsUnNZV0tENS1zd3RlbWh6LTJ2Y0NXQ2hJLUVBbkRrNUlYUndIdy1SVHBkeW1GdnVZV3NpYkdhX0NkSnBHWGpXYnVGb1dwbFV3dnpxOVJxMXl0bXVKOHlYZVZHTjFFSXFtUnRTSWFQMl82alAzcmtraXhSQ3h1WkVVWURxZUtJcVo4bGhMS04zTDdpQS1kQ2tMWmFKV3JrMTk1blh3NWszUjd2Ml9zQmU1RXA1cDBWMmhR?oc=5
2026-09-19 03:56:41,MU,Micron Stock Price Forecast — What Top Analysts See Ahead of September 30 Earnings,TipRanks,https://news.google.com/rss/articles/CBMifEFVX3lxTE1hU3BPclhhMWQ0OHpHMnphOFM4ak9CWjlJTFZ0cnVVTzhTSzlwSVZ2NUJOSU5VejJ3QVpQZ1B4dC11c3RJekE4dXBuSHNEa3FwekpyN2trRkJnSmFqV0pndTdqUjJUNFlzU29TTkxncVhDTk8zeDg3bUxkZWg?oc=5
2026-09-19 00:19:14,MU,"MRVL, INTC, MU Stocks Hit 52-Week Highs Last Week: What Fueled The Surge?",Stocktwits,https://news.google.com/rss/articles/CBMizgFBVV95cUxPNmN1MFo1c0RpeUgzWUszWGhoTTV3NjdTVEhPeTk3VTZDY2tHQ0ZaQmdkXzhEN0pObUhTN2ZLZ2pXc3BjeWF3Q3ZRWXJxQi0zYk5UcGRxRWZMSGtYZ3Q4eE0xVHc2dkV4dHAwWFpMSHdUZll2YUstbkFhZXBoNmVUa0hORVZvOWxJQmQzT2t0dkJUUHNBQ3g3bXJLZWIteHlZZS1QcDltZkVoOVg3aU9GUENBQVp1NzhlWXIxNTV0TUx4VUthR3NXMGlJQnZDUQ?oc=5
2026-09-19 00:19:00,MU,What Does Micron Technology (MU) Warning Of Shortages Through 2027 Mean?,Yahoo Finance,https://news.google.com/rss/articles/CBMinwFBVV95cUxQZmZVMW51UVhWZktkVkg3ajQ0R3pHRUIxVC1odlBZckl4VXVGSXF6eHF0dEItR3NCVkxycDBuY3VCekhkTjdsVzlhZkU3V0t2ZFdOZGdkZnBMc2tvT2RacnVYTlQybGZGZ19MTzRudkNSQkpPM05mdjJjU2l5dkYyM0drczBVWDB0cUI1Nm5oSkpNMVcwRDRSNEVFMElNOGc?oc=5
2026-09-19 00:07:00,MU,"MU, STX, WDC, DRAM: Memory Stocks Rally Amid Hopes Of Iran Peace Deal, SNDK Hits Fresh High",Stocktwits,https://news.google.com/rss/articles/CBMi5AFBVV95cUxNbUtGZGlTWWxCVXRxS1VNTHNremJVVGlILW1EamZYbk1WYjFoSUFaX1VlZGV3cWVORV9wRmZvYTRoVFpPUXRSczIzTzFuajlDeDRZT0ZFX2lqblpOLU9JcHcxOUlabEpNSVZJU0c5cmJJcFN4eVZwNUFsTC1SdHU1RzRSakVkX0NXLTFSQjVIMWJMVF9EcVZBay1NZ0VmWHMzbG4tRTYzNXJjeVdNQlVYZ3dKSkhUQ05PalBpeEZDRGx2MWJyYlRYb2FoNFJ1d2lIdEozWk5FUEVNUzRYRlE2UUFIc3k?oc=5
2026-09-18 23:50:35,MU,"US Market Update: Chip Stocks Rebound, Micron (MU) Surges 4%",GuruFocus,https://news.google.com/rss/articles/CBMimgFBVV95cUxOSlh4SHNFazlVY0UydlpXeS1ENVRHYU4tcFlBVVczdzVnWkxlcWNRekxjMjhyZ3RFNXhoZkdCdkpoTlZHUHc4VzlqekwxOE9XSlJ1aWJhUjlwQTBoMEdmSjk0NTVQdFg4WnR6ZE1ZUnI5ZTNleUZIWGxKM3BxOVZteWJsLTNaSENvLVZnV3hSY240MmRVTmpVSEdR?oc=5
2026-09-18 23:49:00,MU,Is Micron Technology (NASDAQ:MU) Facing A New AI Memory Test?,Kalkine Media,https://news.google.com/rss/articles/CBMipgFBVV95cUxPWDE4WExXNERjRTlBeWRUcmE3Y28xUkhYal9GMFdhZHJjR3pReGhkamVIZ0tiWFYyd1h0bE5pcUZlMkhwRVlKOWlkQzB0WENEcVlaWFpQZ1pLRVYyR21hMk4zb0NGa0FsOURYV0U3SVhQVmFXRmQ2OG9KZXpQa1FRczh4NHd3VG5ZQUNPdGV4LUhwM0ItS2hhcEVMYktpZVU2N3AwdWFR?oc=5
2026-09-18 23:39:38,MU,"Why Are SanDisk, Micron, and SK Hynix Stocks Rising in Premarket Today, Sept. 8?",TipRanks,https://news.google.com/rss/articles/CBMiqAFBVV95cUxNQ3k0eXNZNGtmc0N1Q1Y5LXJpZmFvT3hicjhKMll3by1zdTBNa2FzRnBmNHZCek5WY1dOTWF1N1JVZ25TMmtJTnh4Wkg1SllfalVZQ3FlQjloQzF0UVFYY2xja2JCcnZxdWJmaTlvWk1vejRTVXNuRGJRTWdEczFfeDNPUnVkTFpXbEtNeTFPZkJzb0Q0WEJTOUo0MlhkZ2t4WWpMdG9GOWI?oc=5
2026-09-18 22:31:00,MU,"Micron Turned $10,000 Into About $130,000 in 5 Years. Most of It Came in the Past 12 Months.",The Motley Fool,https://news.google.com/rss/articles/CBMi0wFBVV95cUxOc09ObHhyaU1zTFNMNllIWTB2Ul9wcDBqdGg2XzFnanVVYUhIaGs4TXVLdUJvb1FGMk9MZWVEUXc2c0NTNnhqX0JheEg2Rm1VcjgtMlVmclIwVTJ5c2lRZTlhcXcxQWl5OEdkTlZnZTlub1pBMk8zNUhRaWZFNENzTnpkZkdZQUdoek9zV00zYXZYYzl1Z0hTM2xSVEJWQUZjTFc4X2lRcXBaaGppd2QwOGtRenVFV2l6aHRJOEhFbTd4THROc1ZLNDZqWDBaV3IybDdn?oc=5
2026-09-18 22:17:21,MU,Micron Stock Price Forecast. Should You Buy MU?,StockInvest.us,https://news.google.com/rss/articles/CBMiRkFVX3lxTE1jdW5qQUNSSWFaTk1lSGxrMWZzUmNlaEVkbWlYY0VFRmxTeVJOaDZJYlFBN2J6Si14SHdSSGhhNzBjWkZfTGc?oc=5
2026-09-18 22:17:00,MU,"Nvidia, SK Hynix send strong signal to Micron investors",thestreet.com,https://news.google.com/rss/articles/CBMingFBVV95cUxNMG5CZTRJV04wOERIWmRydTFKRDE5X19jMmpnbnJ1NHRyTGlFcGctMVZlLS1WS0R6SWltSWJxSjhzU1ptV1lpR3I5QXcwTHJtQld0ajVKM3A4VWN4N0poSHUwLUlFVlBnUDlIZkE5T1BGdks3WFhyV2pqTzJ3ZW1yRWhZaFVKT1RjNU85YUxjdWx0MURsbThSRzRlTmYtQQ?oc=5
2026-09-18 22:00:08,MU,"Micron Turned $10,000 Into About $130,000 in 5 Years. Most of It Came in the Past 12 Months.",The Globe and Mail,https://news.google.com/rss/articles/CBMigwJBVV95cUxNLUZtS2NWOUZBaXFpOXJaenBKcnluWjlIdWxCUUp3b0xxemE2QUVpaWtQZ19WaDRVVnVZY2FZbEUzVG1Vc0U1MGU0SDdGcHdQdnFkRjVrQnJ3azY1VlhFMGlYN3hCN2k0TkhKa25aVG9udHlpcFl6SjdIN1RIYUZpanEyMzR6dTR1elFGSEROZ1p0VUg1NVM3ejU0ekgxZE8tRm9zYUVhT01lXy1uU2poTGdDSThTbEQ1V3N6LWFpblB0amItMU9raWw0Z0pLbUhhNVY5QlJFVmUyQ181czZIRXJYWUlvaGFWM3BxUzhhQnFqTmZiNXVQV1cyb05JMWN1OVJR?oc=5
2026-09-18 21:51:01,MU,"Micron Turned $10,000 Into About $130,000 in 5 Years. Most of It Came in the Past 12 Months.",Yahoo Finance,https://news.google.com/rss/articles/CBMikwFBVV95cUxPUXAyaVZXWjdXODUxVUhhT3JwVjc1RXlQRUhWcm5VVFNlZmpqdHdvSVRBT2U5aW9aYlVFYXlrMkZzSU1ib3JVVWpkbmJSaS02TG1NZjI5dHZpSnl1dGFPNlJIWXQ2MGswTXYzcm5BbEt1X18ydjdIeUtVS2cxTmdHU0hod1BHSExtcnRfYU4xUFlMekk?oc=5
2026-09-18 21:22:08,MU,Micron Technology Inc (MU) Shares Surge 3.9% -- What GF Score of 80 Tells Investors,GuruFocus,https://news.google.com/rss/articles/CBMitgFBVV95cUxPM1dCTWZVOHZKcUlIemZBckpXU2FCQ0F2djMwbVcxTnhZNW9ZZkhSTGx1RjBKcHkzVmxJaUx1UmNtTWJ0NVZDNzV4YzBCcDZtWldueGdxUmI3UGFEdzc0Nnk0dlN6cmFDTGdISFlqQW03R09OMjhiUXdlSUpidU5LM000a2JING1GbU9DQU03aFBZbjFqTEdHTlhUR2ZLS2FVcEJjdlJmanFBaE5oNUtvY1JiX1VMQQ?oc=5
2026-09-18 20:01:45,MU,Micron stock rises as RBC sees AI memory demand supporting valuation,invezz.com,https://news.google.com/rss/articles/CBMiqwFBVV95cUxOOUNOSUIxOWExMkItR2ZQZlRuR3FQM0YyNHdQTzJMMTdYVkVtaklFY1RsZDJha1RMUVV2QVR0cHdmVlFsLXhRTXZYRkNJREZpTHM2UWxYeHh6U2VpOXhTVlRzMmVtcy1RbmRRTkkyN3NiTkd1ZGt2eXlqNUZYa1ZESFVWMWtPV0gwN2pYaUVUQW9fQkU4XzZwd2tjS0trMWVHeFFXelZ6YTE5R0E?oc=5
2026-09-18 19:30:09,MU,"Micron MU Stock Closes Week Above $1,000 on Analyst Upgrade but Can It Hold Before Earnings?",fxleaders.com,https://news.google.com/rss/articles/CBMizAFBVV95cUxPOVZRVEFMXzVsbldLN3RaNElnR3h0TWlDc0xOMGFIN2dybEJTbVRjZ0F2S2o1emQyNk9IN3hrN2tQVTJQUzFVYW1HU3FkTUlGaEQ4UTB2cS1CUWJJQkZUX2RqeWZDVjZzazBFaFpQWHBFU2RGRk9uSUlzcXp6QXdKbDZjSVlWS25ocGFOOWdIRmFFTTh3M3RCemtVTzN3ZUZwU0NPZnI5WUhDVkhQRlY0YkVzSWh4WTdOb2E0RnNMMVVQTk0xcF8yYXdkY0Q?oc=5
2026-09-18 19:23:25,MU,"Scheduled Q4 earnings report: Can MU clear $1,045 resistance on bullish momentum?",Traders Union,https://news.google.com/rss/articles/CBMikwFBVV95cUxQdzZnUVhfa3BMdEpvUmp0Vi1WVFF2X0ZiRmVtQmg1THFJNDNMU3pybncyR29ET0FxeE9hZUJwY3lPQnpzR2dybUFsY2pjWU9lc3FlNmFUU2c4Y3ltZDEwVC13dG85M2FvWmd4N3JvRnlQMXh6SHpqT0FJMFlZRjFhbWxKczU2QjlnMmFRam5ZU1lKQVE?oc=5
2026-09-18 19:18:05,MU,Micron stock rises as RBC sees AI memory demand supporting valuation,Invezz,https://news.google.com/rss/articles/CBMipwFBVV95cUxQNTNpNkkxU0g2Q2h4T2x2VlAwbHA1UzhNS1dQQ1Z3ZERhZjRQMURicV81RHBRdHcwTWdiNnB6azdNTTF4VllUZTd4cXRPa3VfNEw2am1tcjluU3gxWTdtMWRLVl9sRHEwVUQwVk5vZFU4VkQzS09BNmtIWUs0dktLVGtvUkgxWFpCaWFhTk1nLW5BQnNHWU9Kay1ScGZGdGhfYXNvdEdCNA?oc=5
2026-09-18 19:15:49,MU,Micron stock rises as RBC sees AI memory demand supporting valuation,TradingView,https://news.google.com/rss/articles/CBMiwwFBVV95cUxNUmNUeF9DcXBqeTFFWmJ3N1ZEcnlqdGRtWjlPY19tMng5ZW12eXNFOGZwc1pPLUQxMmtzaEJfNUUzd01kLXpXYllaR1lZbV9PVm9XRDFRTTlhZmRveGUtYldIUUt5UVZUcWRrbjRBcEprUEpWMWpQR2t3YTB3UkV1WTZWbkpxR29IZHBNa2VIRjZhS0pXczZvOU9WNnY3R1gyS05zT2sySE1kdmJOYUpnQnV0VTJuSWF4eDNMMWk2RnJPX1E?oc=5
2026-09-18 19:15:27,MU,Micron Technology Inc Stock (MU) Moved Up by 3.10% on Sep 18: Facts Behind the Movement,TradingKey,https://news.google.com/rss/articles/CBMiiAFBVV95cUxNcWw1bUhBdjdjUGZBcjF0cXRXQTliaTF0UURmVFE0SUMwOXMyT3N6dW9mRV96ckotLTNfakpoUmRLQUdHb3Z4aDlIUFVWdUtPLTMybTRSbWNRelpiVU5kWnVLM1R3eHo2ckhYeUlxeEVNU3BNWU5iYWQ3UDJUZ3NRUjJUbG9sa2gz?oc=5
2026-09-18 18:41:31,MU,Micron Stock Moves Past AI Fears With Launch of New Memory Module,Barron's,https://news.google.com/rss/articles/CBMihwFBVV95cUxPeGZ0dmc2RDl6a1Q3Y3FrUHA3YzNIajEyeVE4YVVHQVFremEzZU10LXFLYjFVQVhTckJEMFR1YXhUSlFZN2k3OV9Yc1NrMnI3Z1RzemJEWlBvdmVSN1RFZlhIaUlZS2FKQm91YlZXN19zTmhZRnRkYzY4Znk4UUlGdDlLZGFoNTQ?oc=5
2026-09-18 18:27:08,MU,Why Micron Stock Is Gaining Today,Barron's,https://news.google.com/rss/articles/CBMidkFVX3lxTE1zVGV1Y0hiME9mRk1TUDNzM0lkc0lyZWg1VTM1ajdKNTAyTWo4LWR4LWNmaWZjMFFBNUZyZnhLRjd6Y2F1Ny1lV3RTZzM0T0RVcUJOUXlyc2ttMld3bngydjA0R0xRMjZOdDcyUnBLdzFoQkxtX3c?oc=5
2026-09-18 18:22:24,MU,"Micron Stock Price Forecast: Return to $1,000 as RBC Says Valuation Barely Reflects AI Exposure; Can the Stock Continue to Recover?",TradingKey,https://news.google.com/rss/articles/CBMi4gFBVV95cUxOZ3dZOThZeHNSTFpoc1pyYUI5QWRONVVYc0FoTktRTkpfbjhhY2c4bk1Kc1B6RWZYRGRuWjVfV3FGNXQ1ZU1XaTR5T2N6RWFxYW5IM0RvRDBtNGRrVEZmZjJXU0dFV09lUUp5SFkxMzBOM1gyWDJjVGJGUnUyYUE2QkI4WkM4dXp6SGxKNkMyeHl0Q2dFMDd1UDBXcmd5UW1xZ3NHUnpQSW1Sem5IUjJWRnV3czRBWjRSYUdVOFh2MllXcVFpbURxVnBIb0JvUy1rNGllM0E2MmRFaThFME1xYnBB?oc=5
2026-09-18 18:15:22,MU,Jim Cramer Calls Intel (INTC) the Best Stock in Show and Micron (MU) No. 2,Yahoo Finance,https://news.google.com/rss/articles/CBMilwFBVV95cUxOOFVBczg2WFlRcXdWZzhKVU0wUFI3OTNwRjFoYl9ncS1YdmtOV2FwZkJQUTJub0tJdEJQMnJ4Qjd0MjRGOHZzMmo0NVJ6ZUhuTGpYUVpwTTk4ZE5pdWkxWEdfZ1p5TEhUYnBtRjJDNDZ0R0ZONUFxYTBYblQ1M194RU1LWFotWThDcWxWZUNac2FwTEtEb2lv?oc=5
2026-09-18 17:36:00,MU,Micron Stock: China’s CXMT Memory-Chip Push Is More of a Problem for SK Hynix,Barron's,https://news.google.com/rss/articles/CBMikgFBVV95cUxNT2U5MHV4WFJ5YUlTZnNxQVc0SUpRQXlQUVRoMS1hVEE3ejZBdi1Zbm5VUXFzZV9idmVZLTZTcWxYamxON0ltb0lUb053QkVkQlpiaWRMb2FwM25semNtTHBCSFBhT1NhUzRRaHUyZUVNd1k4ZTlyS1pRTmo0UExNOG5LSUd1b0FFQ0pRTWtPQ2p5UQ?oc=5
2026-09-18 17:01:44,MU,Micron Stock Forecast Ahead of Q4 Earnings — RBC Calls for “Another Strong Quarter” as Upcycle Continues,TipRanks,https://news.google.com/rss/articles/CBMiygFBVV95cUxOZEFoY241eWx2bnhyZkNFZGNLaWpZOXR6V2swM1JKb0szWENYWUExMFVBSkdwOHFhWkxuOG5uV3FOT1FzdHRvRHNIRy1kSTV6MUdfX0V6eXc2WXhLemNZd25FMUs4cV9obHEzVEp3bjRtaWoxcEViczMtc0VNekJWLXM5SXNjNVpzQkE5Q0F2UFB5eFk5THM3ajlvdFNXN05yNDVTNUlJR3pTNnlUTnNOeUNka2xDS0R6UDJ4dWxDVnRrXzFxVmtyTTZR?oc=5
2026-09-18 16:55:00,MU,Prediction: $950 Invested in Micron Today Will Be Worth This Much by 2030,The Motley Fool,https://news.google.com/rss/articles/CBMimAFBVV95cUxPak5LZHJLWENLU0E5MUNTb2RWWE9RVVFVWnhGRGo3R093c2c2MjBMVlZJVmRsdndGTHIxWVFzUVppVGdUWkRjQ0xNQkRWN3dNdHRKZUdMWm1MOTd5a09IemNvb0diSWlmeS1kNW00dWhjZlNJRkdKaXdyaEc1VlJmSFIxYnRNMHBqY3JhNXV3cDRGVWtTU2NzSg?oc=5
2026-09-18 16:47:00,MU,Accenture vs. Micron Technology: Which Technology Stock Is a Better Buy in 2026?,The Globe and Mail,https://news.google.com/rss/articles/CBMi8gFBVV95cUxNSjVtcTRESGJtN3RCWnduVTZaam1RQXJBbndBRFNHdWpFa2xFc2VYTXg3dDBNZ085Q0s2MHFIeGd6bTJNd084dXBCbGJ1NGpDcVoxZ1ZxMldlQW5waVJCLWw2aU16d2xVYWllZ0xHaklIRlVZc3BQaFpuS2pHVk82Yld1QVJOb29EYWRxY1RsaXc4YmtZSE51OGZaaHVqOVAwdWxROGhoa3NBWGtVdHgxNjk4ZmVGUjZUSlA4RmJQeGtqSnZDcnlLTDFISjB1S2ZDX3hHTndtQ1VtX1VEZGdwTUhjZHRna25zY2JPOTBVZ2R2QQ?oc=5
2026-09-18 16:46:08,MU,Micron's stock soars 500% in a year amid record earnings but faces mixed analyst views on future growth.,Pluang,https://news.google.com/rss/articles/CBMijAFBVV95cUxPUkVmTWIxRmZ3aklhdllkVnFXU2FPbDRZNHNzYnZFb25veVNKcTYtOEV6aEY2d0o5SU5RLVZqSkZvb1pKaHNJd3RxbHVNdFdqSnFGcUR0cGZqejZUVXhuekRCVndLY2kxVDcyeHhUWkFPSDFZSTNSYXdWeUU0S3ZvOTBvYm1heEw3X3ZBRA?oc=5
2026-09-18 16:36:05,MU,"Micron unveils a 512GB memory module validated by AMD and Intel, but revenue impact is two years away.",Pluang,https://news.google.com/rss/articles/CBMimAFBVV95cUxOdDNQZG5DcWJ0ZUFtd2cwa2tpQ2NxYWh2T19JUTVodmFCQjE1aDJjLWNHRVNUczFfckQ0UFZHanpoVFZiSFAwWXJ4cm90UzFDbExtQWV5bG1PQUEzY2thX0ZNSnlnamF0RzVJcm54V0l1dkRYSXZxSDBIY2luNDd0MUxZLUZKUnBBQXNiZUtfSlhTX3dNQjhfVA?oc=5
2026-09-18 16:30:24,MU,"Up 500% In 12 Months, This is Where Micron Is Headed",Yahoo Finance,https://news.google.com/rss/articles/CBMilgFBVV95cUxNTDV6NFRYTTJTOFhicGZjSFJFNFdUYXVrSC1ueWFSTGhweGFwUTB2cmNJZ3FqaEtHaENvc2RGMGpPbXY2MXJReS1fZUlnYzhMNTFOdXJXYWtxQlhTOWZzcklpN0UwdDdMT1NkbW5uRFRzOWZIOWJoNHNqR0kyYnhXMnhDeXUyM0FqdVRDTmdFR285R1g5S0E?oc=5
2026-09-18 16:30:00,MU,"Up 500% In 12 Months, This is Where Micron Is Headed",24/7 Wall St.,https://news.google.com/rss/articles/CBMiyAFBVV95cUxNclRUOF90ZGN3cm1JLW1WeTg0Y0hUSVdWaUl3Y1ctTllNR1AzbDExUjlJcHZMRjhaWEMtaW5PVFJZZTR0bXllaTZucjFqcFpVR1JUZ0NhSHBpMlRKLVBvdm05WHpidnNxZ29rS3ZiZWh3QlhZYUptZ0hzd2I5X2ZRdlNLV3JiYzJ1Wnh2MC1qcnZfZTNreVZkc3NNR2lWWS1DT05JOElxSV9mYjV1SFVGcTlLMmpHWDN5c2JZT3N4Y280Q2dINTRyaw?oc=5
2026-09-18 16:30:00,MU,"Up 500% In 12 Months, This is Where Micron Is Headed",24/7 Wall St.,https://news.google.com/rss/articles/CBMimgFBVV95cUxNMkhyOUUwVEpQbTc0OXMyd09xLVZyYkI4cEhYLS1OcW9Rai1KSDUzMkZPY1hnQnVzX3Y4d0RGbllQSVdRcFNITGFRcXlUUDJYMDhybjRiUDVjRXV0STJuR2Q4RnNrOXpGZEY5NlRSazlFN0NNaDMwOWNLcTdQUW9veXoyTlVYX19NYUctMDVFUTJEeVZDc1o4WXlB?oc=5
2026-09-18 16:26:38,MU,Micron Technology set for big earnings boost fr...,Pluang,https://news.google.com/rss/articles/CBMimAFBVV95cUxNTlhPVWhpcEk4SmYwa3VZOGhLVThYQUkzZWM0anVtQkwwMFlnTkpLV0tzTDVUZ0M3aUp4YUR1VTA5TmhJTzA0UU41S1FBUjJVc1ZRNFliSkxmdXkzQ0o3SkpEdjlOTzB5MnZuMWZ4ZG1DemJza1BwNEN6ekZ5S0hwRTV1TUlJRmlVdFpkS0VLd3gxeWFYV3NfbQ?oc=5
2026-09-18 16:16:47,MU,Micron Just Built One Memory Stick That Replaces Four. Is MU Stock a Buy?,AOL.com,https://news.google.com/rss/articles/CBMifEFVX3lxTE5NU1FiTmt0Qjh1SnhXa2JHaWNNS1N1bERZWDFTb1hDZ2tmM01MSjVfWl9fa01HX0RGVFlWVjN2ODN3RGR6alFZa2JRT1hpRXFkaTE2ZmxLRWhFdDZTcGREdjhTWExyVkxGTTEtdDFrMTdjOVF1S1NqMjNUczM?oc=5
2026-09-18 16:16:47,MU,Micron Just Built One Memory Stick That Replaces Four. Is MU Stock a Buy?,Yahoo Finance,https://news.google.com/rss/articles/CBMimAFBVV95cUxOYVlWTGFJdGpXY0ZKZTJLQkg2MzRlX3k4c1BQTDM2NlJvX3RTRnYtZUNCR19XMmg3VmRySm9CSDkzQzRUdW5Sa2prbDBKMXBWSEV3S2dNVkV3V3BGXzBoY1Q5eHBJWElEU3p2RmFFamtRcmdGbDBScEZWMGpqME9IaGd1QTA5ZnMxTEJIajB1UjVSZDktbk9KLQ?oc=5
2026-09-18 16:16:47,MU,Micron Just Built One Memory Stick That Replaces Four. Is MU Stock a Buy?,AOL.ca,https://news.google.com/rss/articles/CBMie0FVX3lxTE44ZnctNkdmRFJnaEFveGdLa0IwOXBaSUM4eGtZbjNXTnQ0NHBySnc3SXFIbWczYTdXRXR2d2lvU0RQZ0V3SGdET3R2dmxLYkFJUU1lQUREdjNHbVY2d3RUZ21QNk10NlVpXzRpN0UteUVRZndsWnlOZEhSQQ?oc=5
2026-09-18 16:16:00,MU,Micron Just Built One Memory Stick That Replaces Four. Is MU Stock a Buy?,24/7 Wall St.,https://news.google.com/rss/articles/CBMitgFBVV95cUxOZk1CQXBrY1V6aEJrZHV3UlowTFRUZHZhdUMxY2NDbWtjZGJSajh0Mm1qM013MnB1NXZXRmlhXzl6QWFCdGozUHVBbk1wMGpHNEFkWDg0QXhia3NjTUE4ZWRpVTV4YlRjMjgwZm5pMHZMOTdLSkZvSGtSNzVaaHFDeGpTSDByY0dlNXJTamljOUtkbXdWeXJXRzNaT0pILVJQa29RS0h0cUJmZnU5N2lJRHlFVXJlZw?oc=5
2026-09-18 16:15:00,MU,Prediction: $950 Invested in Micron Today Will Be Worth This Much by 2030,Yahoo Finance,https://news.google.com/rss/articles/CBMiowFBVV95cUxOZ3RRLThyaHgtWWxTdVZLTWxjVTlGRlpDRmp2NWtnMFZ4SmxQUmRMSWR5MHhiOHdjVW1lQnl0d2xxS2JJMG5kNGVMdzJ1VDFzY0YyMXRBNHpHcW9pLUJxZ2NiV3RMbEdRTjhLSy0xZGxyM3hFbXVrbUNubGVta1hkQXRQRE9xQnN4Z0JqX2QzSk4xbGp5LXdDY1RieVBYTm1jbGFN?oc=5
2026-09-18 16:10:02,MU,Can Micron (MU) Keep the Earnings Surprise Streak Alive?,Yahoo Finance,https://news.google.com/rss/articles/CBMingFBVV95cUxPTEtIbHZzM25raGNzcVlNOVZ3MGkxQXd0aFlxS3VmQUFzUF9aTHRadXJCY1Zybnd5VFd2MXUzTEJFd3U1MnhRMXV0dnpQUWVqZEcwVEl6bFdZaXljU0lTMHRhaENGN1Jla1FSRWdvWGFpUmdlam81OHZGcUtsQTdFMkFGaXI2SmYwcUE5cGhvMDJBVGFneHhOSFF6LVk2Zw?oc=5
2026-09-18 16:04:52,MU,Micron: Why I'm Turning Bullish Before Huge Earnings News (NASDAQ:MU),Seeking Alpha,https://news.google.com/rss/articles/CBMinAFBVV95cUxNQUs2cVB6RV90TXZ6ZGRYVTVGWkhYcENhazdjazlpeTQ3UEN1LWxzc0FCUmFpcGVRZWdaRnFrQmd3bFlpMFhGeWxvUVBqTVVzalg0dm5FWHFBZk5ndTJ0R0M4dTJkUmFzTV9qdlhKWkRhS19zZkx4SHplTXpHaTZBSnJ5bGJQUE1JLXZHakNuaVZrWUpVbURvMnFSdlo?oc=5
2026-09-18 15:51:21,MU,"SanDisk Jumps 6% as Storage Bid Concentrates in One Name; Western Digital Rises 3%, Micron Ticks Up",Yahoo Finance,https://news.google.com/rss/articles/CBMilwFBVV95cUxOY3RYQUhsclNpTUJTSUQtS01oQlJkME1GbmxObm5Uc1R2R01VN2k2VUlBWXliR1FXdHlLN05QRHdNcERDOUE1UDVfRWU1VDBjcVRvM2NvMF8ydlRRaGlvbHpRa00tRWtlRXpWNWNVZ08ydktRUjhwTTBDT3lSWnRhWXNqNEsxS3pWSXdIOEhkNHBRMDViQkdZ?oc=5
2026-09-18 15:51:00,MU,"SanDisk Jumps 6% as Storage Bid Concentrates in One Name; Western Digital Rises 3%, Micron Ticks Up",24/7 Wall St.,https://news.google.com/rss/articles/CBMi1gFBVV95cUxPbG1iY1ctbkhTS2tDOHZWcTJ3TEh6UE5tY2xOaWpMUGR6aTByN0VRZ0lFeDJGWnFYXy0xbkdoZG5NVjk4clV4dDdqRU43N3B2TEZLeE5iX1dGRXlEQ1NRUkxudmRsNUFtZUduVEUybkxBcXR2NVh0YldOcVdtRVk5Z3RYbExHRkpZR3dQZGpxcVJncWdRLVVQZGxKZDNNa3N4eS0zWURuaElKazRlRDc0QXptblRxQ29nczdBby1IV2U1NmVleHp5NUlYTUdBMDdlckN1NmVR?oc=5
2026-09-18 15:22:16,MU,Micron: 3 Arguments For Buying The Shares (NASDAQ:MU),Seeking Alpha,https://news.google.com/rss/articles/CBMiiAFBVV95cUxON1NGQ3FXalpETjBVNmdDUGFsMDNBenNFRG1yanpVQ3RaWTMxUlBzaHlyRWpydXItSlhGUlZpLTRPSnRFMS1XS2ZvSVd1aTFXR05pOFZSclRPSl9LaGdaajFERHBQTVNuQXlTZmlrTFpwdFlZUjg3S1ZIbjBZLVg4ajhucTFydEZx?oc=5
2026-09-18 14:56:33,MU,"Micron stock surges 500% in a year, analysts se...",Pluang,https://news.google.com/rss/articles/CBMihAFBVV95cUxOS0hKbXNrMGE3aXZUYmJmMlNyVHFfeVhfbUtJdEIwSHN2RGZmVl9PTmduSmJnQ1ZTRl95eDJiRFZUYkU5TkFyVFdZa09ZMVE3b3hWd3VUa3l2TTNfdE5ORjZhc1BIY2d0OWNGVlZIU2VuanpDcFJUbU1JVzB4Yk9wTF9lR0Y?oc=5
2026-09-18 14:45:55,MU,"Micron, SanDisk Face New China Rival: Trouble for MU and SNDK Ahead?",Yahoo Finance,https://news.google.com/rss/articles/CBMinAFBVV95cUxQdHVmcjJhWmVvSF9OSUpGbVZwQzNVWjFXZHA3VmdiUGVZcHpwbWZEUmJ0SW9fRjZGdllYc0U2elpBT3YxUlJaWV9xeFVPY2JEenRQaVd2WlRVS0c3YWRTNEpyR1phRkw1bUl2LWo1bVZkVl9fR0ZWd3gzSGViVldnQ042VEE1WHNCVTdZcktvZWxVUFZfQTVBUXd3bWg?oc=5
2026-09-18 14:35:00,MU,"Micron Technology's stock price surpassed $1,000, joining SanDisk and three other industry giants in reaching all-time highs! JPMorgan: This memory supercycle will be 'higher and longer.'",富途牛牛,https://news.google.com/rss/articles/CBMiqwFBVV95cUxPOUVHZndYRVREeWxYSkxlRXQxWXdMVjc5RlNQalhXYUQ2UlpJRUJUQ0ptZ0dFM2NOcG1haXBGQUttN2dpVWxyY2FyZ284alUzNGFnWlFROXFXNjFGRFZSTkJILVZhTWt0SU1IZDBaWEFQVjZHYlpvU1owUHBnUzNSWjZISGJ0aFExUVVLOXY3emgtdEdPc3lHZURRYmRsbjJWZ01WY1QyWXNTSDg?oc=5
2026-09-18 14:32:00,MU,Micron Is Poised to Surge After Its Fiscal Year Ends,The Motley Fool,https://news.google.com/rss/articles/CBMimAFBVV95cUxQUW9WeW1BaU9NVmdqdEp1b1RqTk9tc0lrWlE5OGtIU1Y4THdJal9RdzB6R0E5T1N5R3NxZzJseGttbmRtRjRCeHlreURYMnZCZzJtaGtkdnVFQkNvb2pQWG1GV3FhQTRRWG5IcHdGR2g5U19CdTRWOWFIZTVQbW51YjJSQmhsRXJlaTBnQmw4UjB4cXBhUzRxeA?oc=5
2026-09-18 14:30:00,MU,The Memory Market Could Be Entering a Golden Age for Micron,24/7 Wall St.,https://news.google.com/rss/articles/CBMipgFBVV95cUxQTkUyblhrVnI1UE94M01SM0duNC15bGxqTUtuZXVpU1JQbmJDX3Z4bHladHlVekZEanZ2OVVHZDUwYWlpRnBUaVV2QkNRVktRWS1OYWRwWDhnMDNhZFM1T1FpMnhLUWVUdC1iNkpKYlh3Vmp1am9lLTM5XzhhcVRRSm5ZeWg5T1V6aWlUZFYxSzdyUlJRb09XRmNnX25NOEQyTW5vTHNB?oc=5
2026-09-18 14:30:00,MU,The Memory Market Could Be Entering a Golden Age for Micron,24/7 Wall St.,https://news.google.com/rss/articles/CBMi1AFBVV95cUxNX1EyY2VLdFpacWNva1F2WllsOVZHZFJpX2QtSVNxR0FKQXJnMTRuWnR5a2JWOVVaaUMxMWlNeU5HOHJBOG55SGFmZzdDZVdscUg0a0JDNmFiTElQTWFfZE9xcHdUMDFVTFM2WmE4ZjR0YmNaeGUzMlI2SnBsVDRSNmNXTmZOa3hlVHhIcmg2OFhWZVo1cU55dExPSjRmQ3EyWDZCajRjVU9ZTXR6ejhlMVlRaEI3SGhkQ1VlYUlDWW1FWVhxQm9jRldUa1czM28zQjZGRA?oc=5
2026-09-18 14:30:00,MU,The Memory Market Could Be Entering a Golden Age for Micron,24/7 Wall St.,https://news.google.com/rss/articles/CBMi0gFBVV95cUxQWkZwQVJUUzJmNmJxcG1OMnRjbTAyVkpMaTNNT2FwcnBSNngyQVJUUTg1aVRqZFg2SEo3cW9Kc3I5WWFNNWc3aEdjdjQ0ODRsNE0wLXA0RTZpaEZUUjJST1lnd2p6YlVTRko0SHhmVWZ4SDhfajdHZHh3bDlJRXVHbkllMWNRT1RVdkdKYmthWmpOTGZwX0x3OWZjQ3JnQkhXbUZrdXI0cHE2d0swcGZRRFZWVFY3VmxPVl9TX1o0VHRwRV9pOTc2SmRWQWY2ZTF6dkE?oc=5
2026-09-18 14:29:37,MU,"Micron Stock Forecast: Can MU Break $1,000 Ahead of September 30 Earnings?",FXLeaders,https://news.google.com/rss/articles/CBMikwFBVV95cUxNN0tEMW1oV3hVQTZGUXkzZ01kZF9aMVNhdzZrdmVIeE50Ykp1dmUxNVlENmpqenUyNU1tV1VzRTA1Mm5jZnR6UTBNVUpMQ3MyMFpBX3pIcFVRbDhuTi10UHVXVWw5dTFsdkkwT1RCQ3NfTVpqZ2RRbDVQdEF4WHZIQ05tT2ljZWJMdFdZbDh1Y0ZLSG8?oc=5
2026-09-18 14:27:11,MU,Micron Is Poised to Surge After Its Fiscal Year Ends,The Globe and Mail,https://news.google.com/rss/articles/CBMi0AFBVV95cUxQSWYzQW93T2pxek12U012RHJBencxN1BJOWxWdGFJSUxXaTVUYzVCNjVwYzd6R1VudU1vbzR5X3UzdlF0bUlJT1dCRHpzUF9YMV9VQ2tUZmduQkQ5eFpUNXNiTFNHcHo0N1RiYlgzRFY1NVFLVFJtN2kxQW9FaExJaDFaX055c1VJSnY1LUlWcnRycV90ZmhWQWtJTnUxazNxMnBlcTYtZEIxTy1wR0tGdDY2aFZ1MjFvd0ZlYk9aUW1MUTV2TjB0YldUZS1nVnFn?oc=5
2026-09-18 14:27:11,MU,Micron Is Poised to Surge After Its Fiscal Year Ends,The Globe and Mail,https://news.google.com/rss/articles/CBMi0wFBVV95cUxQQ1o5R0lPd0pBTkVjZDU1ZGF5YjdYTTV5eENFaHcxX2lhX2ZVZ2pxWFJGdVlHTVVaT25yLVVnSlFHV25jLUhHcGM5N0tWMnRaaWEyVTM0QVB6eVc2bm5mZlU2UkhpdHN1NVB3NS01Q2tGVkw2TFRrMWVvcWNSNFBMZl9xQnhuT2JHa0xablpzSzFRb0Y0RjJKUDZsNGZkNEZrYXBLTXVDSm5ySFVrWExVQnZMRjNxRExPRDdsSTBURUc1MEZ6QkFOcko5czFMbGVwXzFn?oc=5
2026-09-18 14:19:59,MU,"Micron Guides to $50 Billion Revenue as AI Memory Booms - Can MU Break $1,034?",tradingkey.com,https://news.google.com/rss/articles/CBMitAFBVV95cUxOVW44UW9zZ0wyM0k4VzA1ZTJDaTBDWnZUSjl5dWdfSl9Na1p5bzBQdUstYk5nUlRsZDRsbnZDb0o5UWhaTlVJV2hRUUpQZnZ6b1dGRGxxOUVQbGZpekRyaG85T3FqNkNKdVplX3RPaTF3eGRXNEJJRUtLbGxmdEt4eEFERjRHbXA0MXdEdUdZdXZpV3dBY0lad1pHUXZzOU1URWE2aTgtRkFLVTdEeW5JQmhWR24?oc=5
2026-09-18 14:14:51,MU,"MU Stock Could See ‘Sizable’ Multiple Expansion, RBC Says Citing AI-Driven Memory Demand",Yahoo Finance,https://news.google.com/rss/articles/CBMilgFBVV95cUxNajFqcS1aWUxFbzlxT0ExNUg3VGJxUkNOc0ZlcV9IdXBuUjhlX3g0cFJITW1aNkVKVE1FYVRmVDhvRzVKdW5Sb2x3d2FsZVR5U3BHZU5hYmpiUkNtZFJNXy1zb1ZNWm9XTW5vcmNQeldjYXRzUTVpWWM2cXRZelBHczlVSlNJTXpqVjA5bVN4X2lvYlZESmc?oc=5
2026-09-18 14:03:28,MU,Micron Stock Draws Fresh Interest as Earnings Estimates Hold Steady,kobaran.com,https://news.google.com/rss/articles/CBMilwFBVV95cUxOVWtLdXBaa2pqeEt6RUN4WWxmakNUTnZrb1JLT0NHbTE3ZGxyX3FtVm9mVHVJdUdtbmVDSERLMzVRU01QMkc3azJTbF95NGpFV2ZGSlFTWGo2NVR1SzRzWl9ZQzZ5b3JpbUlZVlR3ZnhJaVZHWVRWeUtqNlRNcW1KQUZUd1hfeElMblFlOVhBMU5NNkhUYUM4?oc=5
2026-09-18 13:52:00,MU,Micron Is Poised to Surge After Its Fiscal Year Ends,Yahoo Finance,https://news.google.com/rss/articles/CBMinAFBVV95cUxQeU9UNzBCZlI5MzlSYTk0UWoyQlc0aUJMT1N3ZXJ4ZkFIVW1TWW5TTjUyMzU2T09RczV4cEstaEZZTExEMExtaU52UzlNa2hLMFI2WDBSaDhxSmQtNU5TUWp2Nk9ZSjF5Q1lsc1laUkNTMC05YzBsQ0pwODlzWDRVLU1wRk05QkNUQjFhaUZVTjZDR19OSTZSd29VanA?oc=5
2026-09-18 13:52:00,MU,Micron Is Poised to Surge After Its Fiscal Year Ends,AOL.com,https://news.google.com/rss/articles/CBMigAFBVV95cUxPa1NzNW1ZQUZPMy1ZNG1iR3cyWUZURl8zNXIwbDFTejBsNzhyOTFDYjZIb210dVNqMmZrRjVqQkRVQjZrR3VGYkhvTE4ydWZkUl9HUDdvNHVzOWw1dGEzTk5XZ0lRanp0MU1BNWJ5WWVnT2w4eHlnOF81aEx4aGV1bA?oc=5
2026-09-18 13:30:03,MU,Is Micron (MU) a Buy as Wall Street Analysts Look Optimistic?,Yahoo Finance,https://news.google.com/rss/articles/CBMilAFBVV95cUxOeWJ5dkUyY0FabmVVQ084N2pBSW9MOUcwNEY5Zi02Zmcwc0ZhQjZpU2pMbXQ5UjZ3Y0pFaUJNbEpjOTliMy1vdktRRUsyelpFa3d1MzVtT0pqX2hmQTlQQjRwSm1GemFmNlR6b2JoYUVvS0pNbkk1cEpXZEt5R1lrSkh5OFllUEZ3SENhYTcwbDRteURt?oc=5
2026-09-18 13:12:55,MU,‘Are You Ready?’ Says Top Investor About Micron Stock,TipRanks,https://news.google.com/rss/articles/CBMikgFBVV95cUxNQmlxNkJnT1ZaNzZlN25nZnRyaXo4Z3h3eUl4TTdWQ3ZEcXlJcXh2R28yV0ZoSjFndG40U0U2YXFWV0hrdzFEdzNfVnRIcnpKbkJVaGJ4R2ZMZGp6QWFTenNTOVppOWRsb0cxbEJnUFA0QmI4QXhVcHdMOWtwTS1TZy0wdGxMUnBuYVZmRUthOVZqdw?oc=5
2026-09-18 13:00:06,MU,"Micron Technology, Inc. (MU) is Attracting Investor Attention: Here is What You Should Know",Yahoo Finance,https://news.google.com/rss/articles/CBMiogFBVV95cUxOLUhoaHA4THExVWtDR3dMbDBjQXlaSm5MVWZ6LVlGVU5fRGxnWmxETDVsdzRsbk4xQUlpcUdRMWVxSDVDZXIyN0NhZGlSWmo3S3RpUS1tcm45ZVN5UXlKbzNGQnRjd2RLeWxmc2hYSkx3ek1PSm5jVWM5Y0VJLW00MmlocU9qR2lwOGZvYTl6OFMtWDZvOEhGWHRheWZOOWQteFE?oc=5
2026-09-18 12:52:22,MU,Micron Technology remains a Strong Buy with sol...,Pluang,https://news.google.com/rss/articles/CBMikAFBVV95cUxQa2pvTUNTRkd2UHpxRXJLZjRNSzZ4MHpxSlBMbTZvRS01dVotNTktb0ZRMExYeHpaVTdBbzFmZjNnbUNGRHAwS2ttU1RmazhtVmtnc0hNSmVoWllXT1k1WVowYUx1MlFDeElFNzh0WTlEd3hlUk5PTEZHMEdBcm11MmtDVWthLWdFdGh3MXE5YlA?oc=5
2026-09-18 12:40:41,MU,Micron: Sept. 30 Could Reveal How Big Its Next Buyback Really Is (NASDAQ:MU),Seeking Alpha,https://news.google.com/rss/articles/CBMipgFBVV95cUxOdy1KQkJYb2dHWUhCNENqR0pwLWlXenR4eU1uUHN1T2xGODYwTVp0Mjg3YnByN0h6Um82bFc3bUpxREE2X3VReE12eWlKV24zQ3BieWJJc3ZtQVF3TUVSSFhyWktObzY1YTFUUUFqNVZTa1FRZllVZHlSOEZQT3FJY3FqSzcxSmxKLXUxM3BxOTR4UTQxd0l4bXVvLWNUaDdMc1l1MGNR?oc=5
2026-09-18 12:14:23,MU,Micron's FQ4 2026 earnings report highlights re...,Pluang,https://news.google.com/rss/articles/CBMijwFBVV95cUxPRWpjOXpiSDVMc2d3SXRReWJiclczOU5lOWMzNEF4a2tDY0VOYTBLX3gxZFNYaGJLTExvbHpSc0ppRHlKV2E5Q1lGaVQyUUNidGhsOGM5OWpZY1U2VUsyV3NObDdsTVlGUWVWQlJQVzBIUVh0c0RFdkRDdlVaaTg0cDhValdYMFNQa0lEUkJOdw?oc=5
2026-09-18 12:07:19,MU,"Nasdaq, S&P 500 Futures Rise After Record Close, Goldman Raises Year-End Target: Why NVDA, MU, MNTS, ZS, MRVL, SNOW Are In Focus",Stocktwits,https://news.google.com/rss/articles/CBMi2gFBVV95cUxPajYzY180WTlyVlZKRnpTQjJPQ3dfWXFRZGliMWZFOHgtYXk0M05pd3g5N3ZCcGMxQ2lLZmpya201SGtUNHktaER0bktubm5tbktoU1pqZkFJYkx0RDRKOVUtMFZ0eVJEN3hZRk84VG9PcnQ4WVJSUm5SSGZkb0cxRjJPQkFDNlRTbl9XcTFoZkRMTFVkT2ZFbDRuSUEzOEJvcktRMVNaTXZkODZWdFFXd3pwaUVES0ZzdW1JdWItZ3ozNUVIZE8yX3dibzZjLWZFWER0YTNncF9xZw?oc=5
2026-09-18 12:04:24,MU,Micron rated Hold as memory chip price growth s...,Pluang,https://news.google.com/rss/articles/CBMicEFVX3lxTE5JRnN6OEF2R1RnbnNYUmZfaUZDMjFtNEhFcmdPNG1oM3VITnB1X3VRanA0VzFnMnh2ZTNQbEZsR0ZjT2VxOVBOUWs3bUZaZkw5Z2ZfR3UxdFVkN3k4ajBLeXMzenZDbjlSS19ITDZDSks?oc=5
2026-09-18 12:00:00,MU,Micron Q4 Earnings: AI Cycle Vs. Peak Margin Fears,Seeking Alpha,https://news.google.com/rss/articles/CBMilAFBVV95cUxQUThNbEI0QmRiZHZ6UWV2MnViYW1IT2c3a1FjYU85T0tCb2ZUNFdrNUw1bzhkX3VPckk4WHplc2hfS0JEYW1lNTFUcngwRXZWaDR5VEN4SHcyTUJhdGlQUjdJUDlkRklJYVotNGVyT3FUc0ZhVWhhTXJ2MXNNVmJlc3hUcnJ1clZCWE9QTTIzemYtNzFj?oc=5
2026-09-18 11:49:38,MU,Micron Technology (MU) Stock Climbs As Chinese Rival CXMT Plans NAND Flash Expansion,Blockonomi,https://news.google.com/rss/articles/CBMiqgFBVV95cUxQMDV5UFBiRmlIeHJIcS10ckd0a0lMclN1R0ljNFM4eDkzeGJYa3NVMHpvZnpzY1JPS2ZmQlFNcm44dTlQTTdPVVEzdVBjNXByY3hKV3loY1MyRmR1LVB2OEU0X3pHWGRsejdQdFdONXlraFoxU2JSaXFmWFhyRlJxVklJNHh6Y1EydjNIWVZqOXNTQ2dtWnc4X1VGbHhVMnNjb01KTzB1bXQ0dw?oc=5
2026-09-18 11:45:00,MU,Micron: Records Are Not Enough Anymore (NASDAQ:MU),Seeking Alpha,https://news.google.com/rss/articles/CBMif0FVX3lxTE1XZGVxUURkQzlEMFlTSFk2blR2TFpDdW1xS1Q2Qm1DX0JPSS1tRVdPRHdjdzQzS1Q1TzNTS2dybDc0bXNUaWYwVFBaU0tWR05vT1dDZG5zalRUanlSZUFvRXFXSm54bmxHS2xvdjVtMEJQYTM0TEVYMU1neTd3NW8?oc=5
2026-09-18 11:10:57,MU,Micron Stock: Why the AI Memory Cycle Is Different This Time,I/O Fund,https://news.google.com/rss/articles/CBMihAFBVV95cUxOUWwzT0Q3UVMyN0JYaWxTaVktdENkUVBnWm9BUU5McklieVBaYUlNdzlYOUFsdGFLSTlCU2N2cUk5eHlDWlg4YjNESnZQdURpMm9SOWdxUUNyTHVMaGQtSlRQQkRGRjg2Q2ljWVRmMVA0MDRjcDdRekhBdkFNV253UnU3NXQ?oc=5
2026-09-18 11:08:28,MU,Micron Technology Soars on High-Bandwidth Memory Demand,Intellectia AI,https://news.google.com/rss/articles/CBMikgFBVV95cUxPYXFrZlNhOGN0cExpYmt3Y0VuV1liTzZUajJRdDJISE1yV2o2cGJPYTg3bDZ6R2hGSWF6dnZmYTZ1TnFxQ3NneTV2MFBjdWlYcUZZTVRjRnVqdE1ad29wQWZjcFpkU0RSZzNKNmJUWkNISjNPZDBWaG1qVU1kSTRMc0dQTjJUbmlGcm9qSUlkRDdWZw?oc=5
2026-09-18 11:00:47,MU,What's Going On With Micron Technology Stock Friday?,TradingView,https://news.google.com/rss/articles/CBMirwFBVV95cUxQVER2MWxvcVR0OXJYbXoyUHhrWU1keHQyVWRYYzM0WlRCV2tINE5Vb1VvczhzVVBLSVNCc1hUNHJ6cXROU05xdWkxMW5vYVNCU18wX2gwVU5TcExnUjV2RXBXWFFDTFlhaGZSWTVOV2xUTWozamNGTkQ2a0VRblhnSk5ydzlpaURCX3NEYWNIQ25yOTRFaXBhSTcwM29ySjcwN0xEYnhWeEx3ZE9EeFFR?oc=5
2026-09-18 11:00:47,MU,What's Going On With Micron Technology Stock Friday?,benzinga.com,https://news.google.com/rss/articles/CBMiqAFBVV95cUxOeTNXekVLYnpnOTFCS1VwQVdEZUlLWC1VX0tKZG8welp6SXJJUXZxOXMwdXBtcV9SMW0xYmNWd2w2VjIyVlFWMU9pckZnbFZ4dzU5SkhMb0txdklhSm1nQ3VYSTZFNy1QYVBhTmd2Q29iTGdnYXBlZ2VzU2x2NmU4VVlkaG9mYVRNRjRqUGgxUVJwdXhtRHFBcms2Rnl0blFQdWZhNlY0NU8?oc=5
2026-09-18 10:50:00,MU,Micron Is Still 22% Below Its All-Time High Heading Into Earnings -- Buying Opportunity or Warning Sign?,The Motley Fool,https://news.google.com/rss/articles/CBMimAFBVV95cUxObzdvSl9pamF5aHUxZnRLX0E2Q01BUG1ja3pyM2FheG5EdnItWnc0MWVJM1dpVlhFc1RJUjE3ck5RN0J4elJiOElGbnlMenA4bTJHVmFiRTJtTzZ3V0NKUVlrV2JLdDd4SlhQNHdvbUJhZjFDUjQ2bE0yLXRlVkZBaHVpLUxsLW9hSFNvMWkwZ1ItbEZObnhpTQ?oc=5
2026-09-18 10:30:02,MU,Micron Is Still 22% Below Its All-Time High Heading Into Earnings -- Buying Opportunity or Warning Sign?,The Globe and Mail,https://news.google.com/rss/articles/CBMikgJBVV95cUxPc0dtZjlUUldqU3JuS3FvUUhkSkFKRktFR0NYVG54bGpsNWRvUnFYT0FxV0RPRml3TWNzaUZBYlFyYlp6aU0zOTBMdlI4SWdNMURkd0NCTFVjVGFrNHUwSGpYcFFMWHF0NllrTzdIYXU0ZnluRDBzdXRfZWdhZF9VSll3RGdMTl9lSHl2MlJ4eFFhVmhOTV9SeHhKNVpseEN5NXRjR0luMk5pUVFTcXNGeEpyUGxZREhxZmJ2WFJac2hZMmk4MkJoR2hBQkktNkJodUtIMlpSV2dVeEZYcUZ2Rm5neHNwQ3R1TkZOMFJnUDNFMmVfY0lyeHplb28xbThxSkU5T2NiNVlBUEk0emkyNk9B?oc=5
2026-09-18 09:58:58,MU,"Micron Rebounds 5.5% as Memory Tightness Returns to Focus, Taiwan Labor Talks Hit Key Date",The Crypto Basic,https://news.google.com/rss/articles/CBMioAFBVV95cUxQTXNVN2VGUVJGNThpSGlmUXJqLUR5RVE0SGhvMERrdzhiamtVbDhUSU5TOUNCYmQ4U0NDMW9oYkdUTXFWS0hkcE5iTUo2VVhFSGdhejZxRmRiZlVtTk1rV1BOOG9WWDdka1RkOXhqV3VMRFZDM3pZNnFkbEFEaTQ4TXU4TFBkOHhPWVE1QzhtRkYzQlpMczdBbFV0RmhkVV9R?oc=5
2026-09-18 09:37:35,MU,"MU Stock Rebounds From $900 but Micron Faces a Tough Battle Above $1,000 Level",FXLeaders,https://news.google.com/rss/articles/CBMiugFBVV95cUxQMjZENVQtY0VvTWd6QlZjVzk0RVN1anZ3dmFaa2Q1NDlxWV9jQm0zQWN0d3VEY08xUWExZzAtVWlmQi1tM2hBQVc1VjFWVXM1elcxdlc3cjZWTjFoczl0el92Y2taTlBQVnVOMnptdFA1di0wV25IZDZOczdsRFBVWUdwcklidXhxZkpMcHhyTVNjdURVdjFCdjQyZnlzUVVwaUtPaGFqdVZaUWF0THY2c1lhZi1SS01UdlE?oc=5
2026-09-18 07:59:19,MU,Micron Technology Stock: Can Memory Shortage Help MU Stock Return $1000?,TOP1markets,https://news.google.com/rss/articles/CBMiugFBVV95cUxQUUVhaUhCZGRucnhfX1dObERMM2l3RFBoQzVmX21LV1R3YTIzSHdLTm02a0FvQ3A5em9qZU42cTVBTTRCN2ptSE9nZVlWajVxekNmXy1haXpTTTZGWXJVM3AxRUlmMTFKQVMtM3EzTWtkb1FpVTJ3S3hkdndJcjBDdXhaTEJ1Yl82N3hkT2RCRWk0bVNRS1J4RktQS3B6THdmbktVeThIbDZ4SHBpUXpMXzFfalNFdXI5ZkE?oc=5
2026-09-18 07:24:41,MU,China’s CXMT eyes flash-memory push amid global shortage - report (MU:NASDAQ),Seeking Alpha,https://news.google.com/rss/articles/CBMipAFBVV95cUxOZFZKUnhjY2VmNWg4bmY4cXlFdDhjWkpUOTM3NG5TV29oTDB1UmVWejQ5ZlRfTWNlYWZSR0c4d0NXdUJJRS1mZzFXTlIwdlZpcU9HREEwTTF2WXJsaGY2V19XY2lDU1kwbG1Nd2lLWEwwbVpzTXlCaFJhZlZQWlBaVkROM0xuRlZSaGJFMUtkcE5XaENMUWNrUGJqcllYckZvUml5Qg?oc=5
2026-09-18 07:11:07,MU,$Micron Technology (MU.US)$,Moomoo,https://news.google.com/rss/articles/CBMigwFBVV95cUxOZUljT2kzeW44YkI3UWF1VW1kZVloT0tQenlJcWdUUkl5R05YMTFReVgzTEp1emYyWDNMOGo3Y3FvdlEyNXVjd0hSUmlIaEk1OVZnSTk1NG53Qm5xZGpjS3VDZFl2eUgtcDJCeEY3WWVXdFJrOThES3NGR25XbG11QmdfOA?oc=5
2026-09-18 06:42:08,MU,"Micron Technology (bStocks Tokenized Stock) Price: MUB/USD Live Price Chart, Market Cap & News Today",CoinGecko,https://news.google.com/rss/articles/CBMiggFBVV95cUxQTGxiaVZScjNVa24xUXlpU2NhT3VvOVJZQUhxcC01cVN0OHBKV1htbENBcl90anFUdFF2aTRmQ0VBNWNLZDdzVU9ZRG5MN1piUnNacXVrUW1WVVlzWHpxTkt2OHRic0ctX0RMZ0xpVHJkeWcyMURuNHREMFFMQUlOa3VR?oc=5
2026-09-18 05:20:10,MU,"Micron's Largest Production Base Faces Strike Threats as Bonus Falls 'Short of Expectations,' Workers Demand Bigger Cut of AI-Driven Profits: Report",Yahoo Finance,https://news.google.com/rss/articles/CBMipwFBVV95cUxPV19ISDRPY0ptUXJpTmVUbGZRd21DWU41c05NVDNKYUtFLXc3V3ZrNmszXzFVVmlpSUhjbU1PS1RCR2ZwZmlXekpKUlZ1NzVKUkc3VmFQQjRhdVlJS0VQa3g1RUdfSlktbHMxRUJKamlBc2VYaDhZUDNna19MZ0pwVW9FZlAzRWN1M1lCVTQxY2o3X054UGxORDNSOU1XTlZqY29LSmJyUQ?oc=5
2026-09-18 03:37:06,MU,"Micron Taiwan workers rally, reject bonus offer amid strike threat",scanx.trade,https://news.google.com/rss/articles/CBMitwFBVV95cUxNU3VuVTkyT3lWU0dIYUxmeFFsRlVEemY0LUVRc2lvZGhkWkVLak5wSS16SzNOV05JYjRzamp5c0ZaMUo0TnRoMFJ5RENqWG5rUEI5RFNvZ3RNWWZJbTFMMDZET1RXR1o5MWFrNElWaHlkNDZ6S09kd2QwVHN2RGQ4Q3VaSV93N1FiZ2RoNnJsUFZZcU1ZcF9qOTR5cXhva1ZTREpZZlNZR2w3X09HTVRwcmdEQ1RNMXc?oc=5
2026-09-18 02:37:41,MU,Micron stock rises 1.67% pre-market as India expansion plans take shape,scanx.trade,https://news.google.com/rss/articles/CBMiwgFBVV95cUxPRm5KSXNnTHNTM0xzbXd1UVIzekJOUnNtSkVhcHZsbG10cnVDeE5nQThuNE1nVk9wcnVyTW9TeEZNNnVkMkZ1dWRSUGVOZzdHQWhFS2pXZmlqVk5BaEJIVkw3Ql9RaVRuQ1hrRWlXdk83b1JkUVZkbUNmNXpRUEtkVFJFVUxzZGZCTkRFSTM2OTFET3FaTFBnanZGQi1OVXhoX0U2a0ZuamdWcFdmTWVuTDU5RzVLUFZmTk5yd045dDNoZw?oc=5
2026-09-18 02:17:00,MU,"INTC, AMD, MU, NVDA: Chip Stocks Rally As Investors Look Past AI Concerns",Yahoo Finance,https://news.google.com/rss/articles/CBMijwFBVV95cUxPQnpaVTRSbFFxa292a1dpYnVYS0dCMUZDalpFbXJkM1BEaU1lX2JuTkZzRER5b0tRVTBQa3p2TElaMFNOYTBEQkJKT2dsVXhaZ01aSHNESWxiUzRycEZ1cDYxU2VoQW5NLTBHTi1ZN3N2TG5UcHM4dFc5RmpncjI4dFI5cjBvOUVYTzNFNUpLWQ?oc=5
2026-09-18 00:44:37,MU,"Today’s Market Recap: Chip Stocks Rebound as Micron Rises Over 5%, AMD Gains Over 6%, Intel Jumps Nearly 8%",TradingKey,https://news.google.com/rss/articles/CBMixgFBVV95cUxQQUVWV01qMG9KOS1VWjk2blkzZWNfeTlzYU41cW15U3p2V3U0LVpEVE1JUnZxQ2xRd1BsTkttZmUtQTdsMm1iMzdndExWd0NiNy1OMWcxcW5tbmRucVdOSFlWNzl3TW1HeFllWGV0ZHE3dzd0VXFVRnM4TVpNSjhGWkdnNTBuM0VWamFYVnotby1kaFhCbmVHYThlY25hWFgxWlNWNExGVzZPX19YTnlkWmJPVy0tTjdQM24zb0ZHS0ZZNk9MX2c?oc=5
2026-09-18 00:29:35,MU,"Memory Darlings MU, SNDK Surge Today – This Analyst Says AI Memory Trade Has Only Reached ‘Mid-Innings’",Stocktwits,https://news.google.com/rss/articles/CBMi9AFBVV95cUxQYjhTM0l5RnhDNXpxTUMtUUlZN1VMMDY1NGp4Sy1LQkduTjlIMWc2djh2bHRyWTFoTDA5Q2xueTJ6aFpFSUxra0d3anBzS2gtV2JwR1FmVHZWNmpNQ3FNN1FOR2RfVUh6Wm1GMjl0U3FIcUVuYjRHZXNRaVB4UG1scWdVX3NuSThwQ2MzTndibVhnMmdNdHJOT3ludTdFMHh6Mjl1XzlZbU84UWJyUU5KZTVpb3BuZHpHYlBuTEN0MURzeHJhNmRieHJsTWllU2JITVBOUWNPWWlVLVBPTkZTbnQ2TUtsOWd5VGdGVTBrWVUxWjlN?oc=5
2026-09-18 00:00:29,MU,"Nasdaq, Dow, S&P 500 Futures Rise After 4-Day Market Slide As CPI Looms Large: ORCL, ADBE, MU, TSLA, RKLB, IBRX, HOOD, GME In Focus",Stocktwits,https://news.google.com/rss/articles/CBMikAJBVV95cUxOOXNXYmg1R0NPdnd2cVZPMmNFM0NsNGJDOTFtRndQVjVYN1owZEpyUmpGamVjRWE2cFQ2dmVKZVJRaTZOalpVT1l3S18xX1BURnF0aTdrdFdZN2h5d0dCenpDY01JeE9JUk1XSmN6RGRWQUVzdjdjR3dwTUJGZDBUc2Vwc0NoTk5pRGdBdU1UQjlGS1lDZUlnSzY4Y3dkUEZnTHZ3WDJhaTU5Y3RfZm5qdVN3Y29jc09meUhYaHdjaVNGWkZhc25PQWVOQ29mWk94aGc4S1NoY1ZFR0I2dURTRFNFeGxQclpnZG5abV9nZ3hvcE9heXVOV0pQWWI3NDZtc3BmcE96c2JmQWd1WEFVaw?oc=5
2026-09-17 23:40:09,MU,"MU Stock Battles $1,000 Resistance After Sharp Rebound From $900",kobaran.com,https://news.google.com/rss/articles/CBMijwFBVV95cUxQdmZPWXJBbzdUU3ZYYVpsUWlwaThiMmt2TnlHZXRfalZRcldjZFA3TVl3UE5qdGRFb29Jdk1FRmZxZWdIS1hGcUpLZk4zVi1XR3AzOW5jU29RSkFOSGtlQk05V0NYZzlsTlBxejBjSDFIUnc1am1BUmpvNG9OTzNRTEFWQThnVElaZnNwTDFHdw?oc=5
2026-09-17 23:40:00,MU,Why Was Micron Technology Stock Up Today?,The Motley Fool,https://news.google.com/rss/articles/CBMiiwFBVV95cUxOQzJaMXpnMzVuU1k5VVEyQ0JOTW1OcFRKTDJpalNvN0RxUS1aUFl3aWtzUmhTREJvNXF3VTRZb0c1OF9jTXlQQW1vM0NubEhVWGxVbVdkMzhXb0VfWm9vX25JUVZxVW9wVVNzTzRBX0gzRE5MOHFqeTlsRmZUUlRHLVZxYVROVHVCbzBj?oc=5
2026-09-17 23:36:47,MU,Why Was Micron Technology Stock Up Today?,The Globe and Mail,https://news.google.com/rss/articles/CBMiuwFBVV95cUxNeUtqX3k2VFpFNmFBU1hwNWdjYUhxNFdMZWRfZzFIeDU0VXowQnUxS0E1RHdrdHFCRmxBYUt5YUpGQlUyT2FXdXNEbEZCM0pqUjV1bE5rbzFSOUhNUXNtNkN4SzBORk5ISlQ5cS02cmgwek14aWdwZ2lQRlUyWG03eVFTV2VMTUt5dkltMlZFQ3lzV01acFY3M21MWlJpQmZKZzJXOUJfNzc0SjZxTjB5VU9wT1k3MVFlNXhV?oc=5
2026-09-17 23:24:42,MU,Why Was Micron Technology Stock Up Today?,The Globe and Mail,https://news.google.com/rss/articles/CBMixAFBVV95cUxNTnBkT1dqTXA4RXNzLW5NYVRZUjRsZEVjaE9rdEVNN2d2c25hZXJ6dFYyNUc1T1VPTGxsR0ROcWEzVW9LLVZNM3l0XzB2azF5SzFlOVBYTWVodm5VVGo2c28yYlE2YlNhZXQ2N3ZMRWJHR0JENXNmbVYxVzFrSlVvczRJY2xuajhRZkhmblY0ejJWOHhsRzVZcUtZQnlHcWVTSUVkNlQwbk9fQkowRVQtc05rMmczZVJodlRHQldjUk1QZnVI?oc=5
2026-09-17 23:11:00,MU,"Prediction: A $5,000 Investment Split Between Micron and Sandisk Will Triple Before 2028",The Motley Fool,https://news.google.com/rss/articles/CBMilwFBVV95cUxOcWVWcm5VcjZCMTFCTlpMdkdMNkhRdXNnTmZFdWpGaExBWnNsTHJqdDlWRll2TjJyakJJTzRKeWRJTE4xT3hjT0FjYlRwRjhDbnVENDRMXzVzYzdsMWNQbE1jdEx4dlVSWUx0aVNBOVJQY2duc21FTDV4Ujg2cHBtQ08tVzdtYWY4dXJya1AzTXUzM3V5WFpF?oc=5
2026-09-17 23:00:03,MU,Why Was Micron Technology Stock Up Today?,AOL.ca,https://news.google.com/rss/articles/CBMiggFBVV95cUxQbjRiYUJuRWd6SEFJcFo4dEVkb1J4UkNZcks0YXhHQ2s4Rnk0SFRVZ2ZxWHBrZWpsNVBTZGF4ME5HT0h2VEZYZkxwYUwyVXJwcGd2eS01VEtGSWowdy1KOVFxbWVmWUpib3JoOThvOFRuc2J6VVFKbHVyVjZidWNZRDdn?oc=5
2026-09-17 23:00:00,MU,Why Was Micron Technology Stock Up Today?,The Globe and Mail,https://news.google.com/rss/articles/CBMiwwFBVV95cUxNNzJ6RlRVZHR2anFQU2xvUjZhX1VxSkEtdHpUSUlxMEFOSl9CLVlwMFdMOExrVjA5T2hhQ0gzNHpDZW5WZHdRM0FHQ2R5VEhvRU14Q29yTVM1dGNiXzRmZ2RlZVRZN3BVUHo5dE9yX2FncmhyajBvVmY5NVgwY0VHS05nNW5vNmFMcWVCZ3p1QXAwVzhYYkg0YVF2bXBEUDNsRFhHSE94THJEVkI4OEp5cWRxZ0J2VWdWMlhRVzRwT0pBelE?oc=5
2026-09-17 22:31:00,MU,"Prediction: A $5,000 Investment Split Between Micron and Sandisk Will Triple Before 2028",The Globe and Mail,https://news.google.com/rss/articles/CBMigAJBVV95cUxPU2RIMFV2Y1puOWlYcG9JYzNVVzhiNkhvNTlQeDh1MzJ4dGZyM1c3SEphRnJ6cFQ3U3Y2V3c3NHVNczhKSmNJUUpnLWRWdGFpMnZFSk1hcTQ1UDhGS3F1Szl5eGlFQXVBNHl5RkxoaG4zd3drRGw1RElOX19hNy1SRkZ3V19sTEROaFNvOEI3MWhKalY3WUs5QW03NmVoNWc2Zng4S2xTRFc3NTFUd2RYYlFqMkVMbW5SaTI5VlZzNEpsOVN1VW4tdjRFWTRKcE5tVHdtcHZSRlRkWmo2MTZHSmRpcFBGdzJuZl9EVjZNUVQtdlg0cFZqTVk5MVZqbXUy?oc=5
2026-09-17 22:26:07,MU,Micron Stock Gets New AI Memory Hook With 512GB Server Module,simplywall.st,https://news.google.com/rss/articles/CBMi1wFBVV95cUxNY1JDZG1SNGpDbmtVcTBwMFcxMlNmS3ViZF8zUzFHRkhqMk4tRHBVc19OVWtqbEl3WUhzVkxVb2I4dXF4bzdIMHZWM04zTWVGVURvUXlrang0SVNYRU03am80dnZMcEE3bGRzV1dZT0poSmlZaGRsSTZ1ZnJZRU1rcWc5am9RN3ZLOUpabVZYUklvT21SaFMtUVRvR3l0ZUFkOXladmh2N2xUNFJvbl9wNmUwVWVCWWQxY0JQdG5oZzBoMU5GNjB2aHlWTTVfYlNtSy1nQ0ZNY9IB3AFBVV95cUxPblRUelJVUThKUk1ZbmFPUXFYTG83N09GQk9tMmo2b21uWTBwcWcwZWRwVmlkeHZWODdTdXUxTlBCYXgwQU1PMDVKNmNXTTllcktaUXpYelF6MkNHWl9OQkR4cXNGRFlVRlhEQW8wWVN4OEdqUDhlbXdCWWs0QnRXbWJFM09PZi1TYTV0M1BtVmRVRFNsVGNKNGhHVzhMQkppTU9vZlZrZzBHaVBYTmN3cGEyTU9ZOWl6UUF3ZDJBYWsyNHhXVS13RDJnSE1wcmpXRnFnendkMGFzMmRl?oc=5
2026-09-17 21:59:01,MU,Micron Technology Inc (MU) Shares Surge 5.5% -- What GF Score of 80 Tells Investors,GuruFocus,https://news.google.com/rss/articles/CBMitgFBVV95cUxQU1J6VzNxdVlmTEh0T0pyVW9oeWEyZFRHXzVLem5NeldWTXVOc0txNjZIUnVsdF85NThlZlJvS2h5OUNLbFRQMUxQZ25kMjlYa3ZRdGVSSVpaVGxFSXVSM0ZiZzk4aloxUEpZM0xENlhxQzk5ZldTWEh6YkVQSUdtR1dfY0JBTU5DakhyTDhMeVFiOTBRVkQ4YWVaVkhwTHRSbVNWdEdael9YbEp3bTJpSDZYcEJOZw?oc=5
2026-09-17 21:14:17,MU,"Micron, Qualcomm, Nova, Lattice Semiconductor, and Workday Shares Are Soaring, What You Need To Know",Yahoo Finance,https://news.google.com/rss/articles/CBMiqwFBVV95cUxQeGhzT3I3akgxQUxyd3pPM1B3Mkw0M2RyR1Y5cDlSUGdUSHZaeDFaRG9tYTBzWUZKX0N3UDR3Rl9HRlhSOEdDR3ZIbGE5ZGhSZUd4TFVxTHlkdE1GSzVpRkZ0N2pMbTJ2WlVrMUpGYWJ6ZEVrQXQ1RGtmeW4wOTg4QlNndnJqbjk1dzJqanEwc3ZMVWxaTWs5ajItV20yOHBqa0h2VjBCRVJWUFk?oc=5
2026-09-17 21:04:17,MU,Micron leads AI memory boom with unique high-ba...,Pluang,https://news.google.com/rss/articles/CBMibEFVX3lxTE1nZ2RLeDhVeHA5cXZLS3dLOGV3SnhkdVdOYkFOS2dNUl9TN2FscHUzS0ZPZmxNVVhCRURrOUk0bUlhUmZhY2FoY0NBcWFfcExXUU5SaC1ocU80a2wtN0pNTUdGWXM0Wm9URS1NSw?oc=5
2026-09-17 20:46:48,MU,Micron And The Memory Bottleneck (NASDAQ:MU),Seeking Alpha,https://news.google.com/rss/articles/CBMifkFVX3lxTE9yNE1SZmctcENQQXAtS0xZV2VmYUt4N2U2bzRsQXNyWGs1ci1IMzItR3pDMGQ5ZXVQYlpxZUNNbmlNYlpWUTE0ZC1fQzRES05DNFdGOHZpcFdfSjlRWlhkelREMmU0bXFGOVg1YnRyUEZzY0NQY0ZhUFZ1eUxQQQ?oc=5
2026-09-17 19:55:07,MU,Micron Earnings Preview: $31 Per Share Vs $3 A Year Ago - Micron Technology (NASDAQ:MU),Benzinga,https://news.google.com/rss/articles/CBMirwFBVV95cUxNSFVFQ0FJQV9LWmphVXo3U2F4VmdJeklqSWFvU3RCTzNXZ2hVYjAtM1VsMW1MWFBMTDZWOWFTQlRISHJiR3RrMDRTSk40VXdMdTNBWnFLNHBsbVJsSV93Z2k2bzJNTzV6clFkMTBhWlpvdThaV2JPN2M0YzNwMzVuTlVjOEFueklpYUsyLWN6eFo0RmdmdzZaTGZyV1lpOXM2ajFPZGMxT0RNYTgxZ1U4?oc=5
2026-09-17 19:55:07,MU,Micron Earnings Preview: $31 Per Share Vs $3 A Year Ago - Micron Technology (NASDAQ:MU),Benzinga,https://news.google.com/rss/articles/CBMi0AFBVV95cUxNeXd4dkZTcEgtbjlVOUNsUU9VNEpNbmJVUWd3R29RUVczdFUtSHdxWXR5bnFMZlhNeXlFVVJGeHo1aEw1UnpCYzc4TmZvVnN1a2JyaDl1bi1kb3dPbzN3dlhuZDJGemxRT1BlVU14S2dac1JGSmgxM0pMdmJfd3NzMHZMT0NLV0VrUzJfemNiRDA5aHAwQnNOMDJJTDNvV29wc3MtRG5BUjdaZndWR0xocnFOTnRiRC1NQlZIbUkwMFFrV3pDdG9XMkNhNkNqZS0w?oc=5
2026-09-17 19:55:07,MU,Wall Street Expects Micron to Earn $31 A Share This Quarter: That’s 10x From Last Year,TradingView,https://news.google.com/rss/articles/CBMi2wFBVV95cUxOY2JKdVprejVkTzRQMXpYSnhQbXY4Z09zSHR1eEtVcld2cnBOX0IyLVdCWU1XWjUtMWlDdWVnVkZCSS1xWlp4VmlQaFJINjd3T0RMaHlaT2dqendrYXRXaDhOQS1iTW1DY1JneXpoUFlGbk5KVGJ4ZDZYVmJaR1pZSEx5ck0teThkN1hxYkY5dlhsUHNlM3E3b3QwVjFWZDN2RE1IMHBUODR4Z1RSUzFtLTBoRVBoQnkwNHd6WG0wVzg5clQ0ZElnSTlESG9JTThpZ0hXejhYZUg3SGc?oc=5
2026-09-17 19:36:14,MU,"Micron invests $10B in new research labs, backed by strong financial health and strategic leadership.",Pluang,https://news.google.com/rss/articles/CBMimAFBVV95cUxNdHNpTGU4YmZkRjFZRkJBV1BoUVhSVUViVFNfZW81VHA0enVmaENSZmRWVkU3YWdrLUVqTEJLS2xZOUJDLXQ4UUJxVTFLSnY4ZkRmVjVBSk96eGwyTW9xV0VNSTB6dmF5cThaUnRLMWJPckY4ZWRUX1U5Y251cDVVMEdKVHZmcTFOQWdEWlpNN3RoTjFjUTFQQw?oc=5
2026-09-17 18:58:00,MU,Could Micron Technology (NASDAQ:MU) Be the Clearest AI Stocks Signal Right Now?,Kalkine Media,https://news.google.com/rss/articles/CBMizwFBVV95cUxOMUpPcW5OZXFrc2tiUkVxQnBzZXJGNWJkNzBiRWV6Qkhua2YwMEg5OUdHVUJNQTYxSjhVcXR3ZVJvOFQ2YXpYbWRrWE5ONmJhYmRQMnRyVEVVRnl1OGI0dmxRTE5KR0ttSl9yVU5rUkdwazl1OU5NRjk0UWdESWRhVTBRTFI3MXdXNWRCamhQZEpENjZXekxaNlltM2stVHR2Wkp1RDNQUE5YbnJVNmNhRl9jRFIyWERYbWJEUWRlTjA5TmV1MlhYX3VtNDNSSG8?oc=5
2026-09-17 18:37:03,MU,Micron Jumps 5.5% as Labor Claims AI's Margin Windfall,TradingView,https://news.google.com/rss/articles/CBMiakFVX3lxTE1LcmNSbUJlRHRPRldaa2pJU0hwMjlWNVU1b2drNlBrOHZqSm9YWmUxdkhGMVhhZXdmNlEyeTROa3E4OUpBQkFmcWpmR2UwaHJQS0lmYjVzUnVBZkVTbU56MVR1RmNEaTh4SGc?oc=5
2026-09-17 18:37:00,MU,"Micron and SanDisk Both Carry Strong Buy Ratings, But Analysts See More Upside in MU Stock",finance.biggo.com,https://news.google.com/rss/articles/CBMidkFVX3lxTE92RVhscGUtdDY1UFZLTEdKUk1DSERnYUpramdLSzJpT2dYTmR3NVgtWjNqNS10NFNrXy1jVVNzNmJEdkU1bU9sLXVUSVZJdGxRY0FrOVU2TVN5cmlWWURzWG9vaXhrNnF6dDRwQjkzSWlUSk1pVmc?oc=5
2026-09-17 18:21:54,MU,"MU Stock Rebounds From $900 but Faces a Tough Battle Above $1,000",FXLeaders,https://news.google.com/rss/articles/CBMiqAFBVV95cUxNQlVNR0diVlZEMjBtVlhsc01vRmpwNk9FX1lvZkkwaXY3Ylo3TWFOczFmbjlzSXdlbDJsb1NoQmRuZFdmRldLWTJSV1BQNTRpbFJORTBmOEhFVkJ5a3ZLc3lsQkVIWm5TX29Ud1FCZml2ZGxSM1R2X3I0YnhwQ1dpTEhyYU4zNjBwTjAwdDF4bkFISUwtQ0JCODhoYjM5dkRJX0ZUd211aWs?oc=5
2026-09-17 18:19:35,MU,"Can Micron Technology stock break $1,017 resistance as global shipments rise?",Traders Union,https://news.google.com/rss/articles/CBMilwFBVV95cUxPMTNKT3VGUjljNkM4a2pZa3NBXzZBM1JSU3dKeTk4Nk9nSjl2d2taZEFKZ0xsLXdnQ19nNGtyeWtjak9wLTZTX1NUUzd4dUhydW53WGRJSXFEWlQ4cGhfOV9tUU16YjZTOUZmem9tSVdlc01XNS1tWUFMa1dkTDZhTnNHRHZEdnRVT2c4eklsNzQxWURfY1Fv?oc=5
2026-09-17 18:06:00,MU,Micron Shares Climb as $2.75 Billion India Chip Facility Ramps Output,finance.biggo.com,https://news.google.com/rss/articles/CBMidkFVX3lxTFA0YlZKaW80S3JVeF9uU0VFUmlFWFF0dno4UlNfb3ROWGltcFhwN2hkZWlNQUNUSGpITXRRNWN0dVl2QXdnM1p3TVNuaXpMcGt6NUFYZTNNc0hvenVtODZjcTIwSE5pUmJnLVNqM1NJeGFEUEZhMUE?oc=5
2026-09-17 18:02:00,MU,The Memory Shortage Is Not Over: More Upside for Micron and Sandisk?,TradingView,https://news.google.com/rss/articles/CBMivwFBVV95cUxNcVRRNmdsNmxVTVZwX19ZUXplV3dtcEpMMUMtcHRVNzhSRE9sQWxFSXRPeWlYQzJtdWYtOG1PelRxMHFWSEM4a3BsODVkS2pJYXF6d3JaaFZkRjNnbmtBc3NTanBjV0NrZXc4dFJ5ZXpVbUVHUzk5bVJJLXlobm16OGNxX2NGQjV2NmphVGplTzF6RmF3QzVROElHVkNtR28tcjNEWmV2enhleDB6eXdNMzJHbjVCR3dPOGI4aHhtaw?oc=5
2026-09-17 17:47:24,MU,"Micron, Qualcomm, Nova, Lattice Semiconductor, and Workday Shares Are Soaring, What You Need To Know",StockStory,https://news.google.com/rss/articles/CBMi6wFBVV95cUxORW1JYVVJS2RCMkNGTVZneW93dFBzSE1VWmM0MnpJWE4zMFdEd192dTVSVnlNQVlVY0hGZ29IWTZWVm54eXB4ZG1yVlhkVEZzZUxNQkR2OFpQX01mWDcxcUFHX2pRTnpYdEpMV2ZCbE5CcXpCSzVGUk5iWmlLX3pzV1l0MTZueVVSTDlubnNlQmlZWlBOSDNhTUQza1VRU2ZZOXdGRHFDTE5zeGpkV0JvTnUzVUUteUVxdDNnaEZEYmptekphZXdfQjI2eWlLWkV0anlweUlMaHNZTzNjOVZVYk5randja3FGNW04?oc=5
2026-09-17 17:35:17,MU,Micron Technology stock soars 336% on strong AI-driven demand and multi-year contracts.,Pluang,https://news.google.com/rss/articles/CBMidkFVX3lxTE1ZdWdlY1NaTkNuOXhxZFlDU1JjNWtqRExVM0pzS1dycFhqMVhtWW93dFJnMkoxR3pvY2lSZGtsR1pUb0pCYmFYZElaSVk3ZEp3QzNrdDR0RVF2d1ExMlBYck13bXFoQW9TWE5MQk8zaTUxbjlGVXc?oc=5
2026-09-17 17:27:13,MU,Micron Stock Soars as India Facility Bets Big on AI Memory Demand,Yahoo Finance,https://news.google.com/rss/articles/CBMingFBVV95cUxPVXl3YTQ4T0djVUx4T0tyVVU1NFJrc215OHl4dTBjRmU3WTVYdktIdFFtT1FXOG42cEpEWHNody1HcTB5SlJhbjVOVmRETXFOVkcwOFdvMm96ZXFhTlE1VkRUZ3NsODZqSng5b2MyNXVtOUpxQ3NrQTFPVUNJRkYzek9aaG1VYUdZa2JXUkdQT0UxUHRieVNMRzZCM081UQ?oc=5
2026-09-17 17:13:44,MU,Micron Q4: Brace Yourself For The Inflection (NASDAQ:MU),Seeking Alpha,https://news.google.com/rss/articles/CBMijAFBVV95cUxQTlhNRUlkcEMzcUViSFRycXhCUlBQQ0lOT1ZWTVRqRHRLaE5mOFM1WEx1bmJYeVdfQ1NSZkV4Tzl4LUFxQ1FLU2JXY1VEQzhuWU9ubkN1REVmQnVBc0xSUDdTOGI5ajVFRlJ1TkNHTkY1aTI2dWNGbjIzYW9wNl9JdGxtQ3o0VTk5aUpMUw?oc=5
2026-09-17 16:33:08,MU,Micron Stock Soars as India Facility Bets Big on AI Memory Deman,GuruFocus,https://news.google.com/rss/articles/CBMipwFBVV95cUxORlFGem9FX1hneTdycl94OVUtQWNoaTgtRmRNN1I4Q3ZLXy1DaXJMa2stazZyMW1tUXV3UkRoeS1UZmhzZTh6UnA1Z0VsbGI4V0Fvc2tfTGNMRHJWajRfRUNVZFl6amlPNWZucmJfbU8zY3RZNnRiOUJCRHZLZHZXZHBUanRad25KbkJCQ244bUZ3bU1yQktKeVpVa0ZPWExjRUJVaDdZZw?oc=5
2026-09-17 16:04:48,MU,Micron Q3FY26 Results: Revenue surges 345% to $41.46 billion,scanx.trade,https://news.google.com/rss/articles/CBMisAFBVV95cUxQemN1U2Fudm1YOXh2X2JTLUxsWGtUd0JtQnRmUUFrXzlOM2xvVThia1JoTUR2Q0NtSmJ1OERCWmlkMXFuRG1HNFlaM3J4bHlvWERrMUZTR01LVXkxb29fVW1ZU1pvcEJGVlZCU3l2OUctemNyaHpCazI3angtbkZlUWxXQnJhM280eGFUTWVzYzNtM3RBeVhSTEhBSHZLaC1qQTdHNVFOMVpfRmFMdDRRcw?oc=5
2026-09-17 15:44:56,MU,"#Show off Your Best Moomoo AI Moves, Win a Share of RM10,000 MU and Join A Lucky Draw#",Moomoo,https://news.google.com/rss/articles/CBMicEFVX3lxTE9LcGk4YmtYZzdvUklDTU0tRGhrLURDckE2VWUteTF3WXltQXRUNUlnRk1PTlBEOXhOZmcwTjdIMjZFM28tQ0I3c0pjNGdYWmlIdFYzVXRhRGNIMmQ3OE50eWloV2FfVTJmWXBOTkRPN2Q?oc=5
2026-09-17 15:38:04,MU,Micron Jumps 5% as Intel CEO Says Memory Prices Have Surged Over 500%,Yahoo Finance,https://news.google.com/rss/articles/CBMikwFBVV95cUxQeS1EWFlVdDJ4TE1DMC0waGRsUXItUjYxckJpamdHSUZwdUlzZ2VlcmxmWG9xWkN1cmxPYk1fcjRfSHp6cjZYZmY5Q3Jwd1g5UUlNRF9tOHIxSmo0TkJmMWhubmxyR1NCMkw1Qi05dEFNWG44WDFpdldLSFJwTHNPZmlqaGxRSEwxNE9EVlZMc1ZQODA?oc=5
2026-09-17 15:23:13,MU,"Why are Micron, SK Hynix, and SanDisk stocks jumping on Thursday?",TradingView,https://news.google.com/rss/articles/CBMiugFBVV95cUxNa2paTk9VNE5GNWctWGpXcVhXRHBYb2dlc2pzNkpmZjFBdmhwbENwVTluOEJGZlhyUXFBdzQ5UlduSmFWTktmTlZGT2Y2RFBCWG9ocjYxN19RSW5ENkpPeGo1dmRrazV1Q1V6WHVhTWc5SnRzZHdJNTRVWGlVVTFxbFhmRVF3OXd3LUw2dkhULVljUjM3MXNWbGNvaTltc3ItRU5YTWNXNTJyZUQ1dEl5N1JpOV82RDg0WVE?oc=5
2026-09-17 15:15:00,MU,Micron Shares Climb on Renewed Ohio Memory Sector Talks : 기업주식정보 : JKN,재경일보,https://news.google.com/rss/articles/CBMiSkFVX3lxTE43YXhtakJvTWJ4MGFCTXh2SUJnY0tUcjk0aFJBdUU1NUhUY3pzWEhudlJQYkVXQTdKbFFkY2U1RHJmcXpPOTBIVXB3?oc=5
2026-09-17 15:10:05,MU,Worker Tensions in Taiwan Are Rising at Micron. What This Means for MU Stock.,inkl,https://news.google.com/rss/articles/CBMiowFBVV95cUxPem9Pem1IenJZZmxRRUR0WW9la3VUckZtOGJWTzUtbVl6bVAydC1Rc2xhS0EtWGxFd3pwMWExYkdpVzdhczRqMkR6MjRYTlZTWFl3WnpUeC0wNE0xeGVWNndaR2M5bmhGZHdWTUpXWThHZDRQS2lRZXYxNk9hWWg0XzlaQm10cTZkcWNEckoya3hSYmlTQlBQZW1kYURPOXlfbDg0?oc=5
2026-09-17 15:03:01,MU,Prediction: This AI Infrastructure Stock Will Go Parabolic After Sept. 30 (Hint: It’s Not Micron),Yahoo Finance,https://news.google.com/rss/articles/CBMirAFBVV95cUxOTnBMZUpzZ2ZSZ0tON2RNQ3lqODZybHpFNkIzbzhzVHhjS1piaFo1dDl6T3g3X21BX1Q0a0tHU2V3NzJ6NlFsY2lTXzhzcHYzS0ZvX3Zld0FGSGU3VkNLRnV6VFhEc1BxNlhXNGMwdno4S09TWWVlUzEwdHMzZVBOLUxxcno1UHRPdEpDQVhfY2xUYVl5eDJtYkxIZXAyNUF1U04tUUd6bkkyVXVL?oc=5
2026-09-17 14:59:09,MU,Retail Investor Sentiment Turns Sour on Micron Stock (MU) Ahead of Q4 Earnings,TipRanks,https://news.google.com/rss/articles/CBMiqgFBVV95cUxOM1BZMHV2eXhQOFdzcDZCczF3RXRETUNja1FONXZKdFlyeXpTTFFyV0lpclYtTFVUV0tQZFFseFJqYVRmeFBTN2NRYWk5NGRQanRFS1doQml1dlBLeGVjOGd4eTZEektkckhTNUozbElFX0tQeHBvRmE4WUUwSENpRm1Yal9aNnQxOTNaWHR0dFZYeEV2c0Z0dmhKZnp6bFJyZ2diR3dpOGt3QQ?oc=5
2026-09-17 14:48:00,MU,"Intel Jumps 8%, SK Hynix Climbs 5% as Ohio Memory Talks Reignite; Micron Rises 6%",24/7 Wall St.,https://news.google.com/rss/articles/CBMivAFBVV95cUxPbWF6WXlVbU5mUmd2cnZjb0N5X2ZHX0VHdHE5aW5IYmE5MDZOeDg1RHZ1ei1JOEJaTnZTNUJ3YlpNZ1dySE00WmJlTXZjdHhtOG1Ia2RXcmdqeWpVWTM4ZmI1ZnYyODI4d2lrdUhYWXpnMUM3T21WUmhHaTVXZ0FMN3R2blJpQ1hTVXhTUWttYkx1ZjdvWng5all6cTFsYk9ueHgwaEgtZnZMZTFFbGFvc1RweERpTnp6N2c5Tg?oc=5
2026-09-17 14:38:43,MU,I Sold Micron Before Q2 Earnings and It Fell 23%. Here’s Why I'm Buying Before the Next Report.,inkl,https://news.google.com/rss/articles/CBMitwFBVV95cUxOelk4alA5ZTQ5OXlsampwNkVhNjgyNEZQaHlaMUkzclY5T2tENDNCWEdqRnYwN1JkV0E4Smd4OTlvM01NSVlkaFBDSGFHYThhenh5MllNLVd3d0NlcHZ5b1h0NW9yOFFuM05kWHd5S3JmZEViakRxWnJ4UDFtSFNmMXZUZWdPUVhYaFhKQXV0WG9SU0VodVhpZ0hYTUhtUUlWQ2ItS29lRXVmcVVVV0oyUjZoM0k0SEU?oc=5
2026-09-17 14:30:25,MU,"Micron Stock Forecast: Citi Sees Explosive Growth in HBM, Server DDR5, and eSSD Demand From 2027; Will the Stock Break Out?",TradingKey,https://news.google.com/rss/articles/CBMi4gFBVV95cUxQSnpadG1xem1ES0pwZUdzZVpkQTFuckc5YmhhTmp4UzZsLWhoMmlNanBiRTdRdjFxOGlheWotZWt0RFhJNXhBYWxseld3c1FXei0zWGxaNUxYQzMtTl9mcGtKa0tBdGI5SHduVGpyT3RnYTRPYUIxZ0QwSElFbU9BZ2p1RDB5c2NVazBQQnI5R2RIX2dNSXNTYkhtY1Voc3J3X0VNQVRyeGxjZ2JlaFRuMXBKQ1Qzd0szRFlxSGhYWDgzbkhNLVFSV3lKUVdoZlBhYm8wNkdEOEYtUUkzMW5pNjBR?oc=5
2026-09-17 14:29:03,MU,Micron Jumps as AI Memory Bet Pays Off,TipRanks,https://news.google.com/rss/articles/CBMigwFBVV95cUxPaEhsc21RMUcyVHFTc3ZtLTZEMk9aRjJxQWQxbHN0TnZoby1MNnYtSTdzVGJ5LVJsQ2tmNTkwdnRrYklmbFJvcUlkbEVmQlF0b0ZGWV9ZY0k0Qm1oV282TVNJUTdyWURCYWxzaXdWV1V5QWxjak0xVFNQekRlVVpEQzlHMA?oc=5
2026-09-17 14:10:02,MU,Micron’s New 512GB Memory Module Deepens Its AI Infrastructure Advantage,MarketBeat,https://news.google.com/rss/articles/CBMirAFBVV95cUxPbjJBT0RyUGVLbXkxemVpVDBoMU1haEpfV1hmeTB2T2VhbnJmVVNDTEhKN1ZSZkJndE5mSGVJSEVTRmtpTmx0Nm5tNFJ5X1V3Z0hGdUNRTlR5Q05IU0w3MFJrajJCd29fUVJrVVFFZHFnMl9ndFBPZHZMcUxNZ1BjRFpQN3ptRjF5R3N2UEl5cW92dk11Q0lkV3FCSDRaR0NRSV9Fakk0T21kdFBQ?oc=5
2026-09-17 14:07:57,MU,Micron Stock Could Hit a Fresh Record After September 30 Earnings,Watcher Guru,https://news.google.com/rss/articles/CBMilgFBVV95cUxQNUQtXzhDRU40OHJvNHNybHRrRk9Kc05SY1V5V3gybEMybjVHQ2FIN2o5eU1NVS1rbWUyOUhocVBvMjhoUmIyUTNDLThjczhRdEwtaXgtN2NTd3B2OEFoLTdkQXpaOENuTzQ3NHR5NUs2NWJ5dklVSElzbE9QMHdZODhROGowZ3VYeEF6WDNDbGcxaW9WMWc?oc=5
2026-09-17 13:49:00,MU,What Is Moving Micron Technology (NASDAQ:MU) Today?,Kalkine Media,https://news.google.com/rss/articles/CBMiqgFBVV95cUxPY2h6ZzhMRVJfRmJISUppSmRhRHB4M0dUTkFCQzBKR19DMmFGcWNBMTVDNUhpVkJUcE1WTzlKVUY1a2dHcmFrOFNabUZzaXZidHdpRlp0d0RBaHc2QW54WTJPZ0tnT1JyQmhjWThQVjdibUtnWHNqVHRKOEhzdW1UbXJOZkZGY1ZFX05VcnV6cnpZa0xmVzU1aTJaYlI0aWJKUFZxemlPZlFGZw?oc=5
2026-09-17 13:47:23,MU,Micron Technology Inc Stock (MU) Opened Up by 5.74% on Sep 17: Drivers Behind the Movement,TradingKey,https://news.google.com/rss/articles/CBMiiAFBVV95cUxOV1BvZzgzMUJoaFFZN0x2MDE3Y0ptbGNKVzRlZGdUN3F4SUdRUjA1S0tHNnFJcnFkVUdWc20tSWFnbjNyb3QtWHlVYnFCX0VDWUVFSm01SlZTWlNTVjBWYXRnbUlfSDVudjV5RXNPYm04TUlpNzR4SU5BNTVfeUFDUjB5dWJVOWVk?oc=5
2026-09-17 13:35:07,MU,These large-cap U.S. stocks have the strongest momentum grades (MU:NASDAQ),Seeking Alpha,https://news.google.com/rss/articles/CBMinwFBVV95cUxNYWZuRzY0TXJzVXlsZTFObDJaV2h2MmRHRzdSZVg0dU9BSlY2bUNhSGZ4am95NmpaUmxRX1o4TFRzS040NUtpQmVCWjlrc2hRTUl6VDc3MV9zc3IwYkZXTnBZTmQ2TnB0clNPSXR5ZGQ1TldodjJaMlAzUU1LVlR3eXJMM2RycVRaRkxxclRuNy1hNG9EYVBIajg4N3dtSmM?oc=5
2026-09-17 13:15:48,MU,MU vs. SanDisk (SNDK): Which AI Memory Stock Offers More Upside Ahead of Micron’s Sept. 30 Earnings?,TipRanks,https://news.google.com/rss/articles/CBMikgFBVV95cUxQWk0wdHFjc0NNendzblNtNDhLTzhNVlNnX2d3b1Z3WWczWWJsdnN5akZLT1cxZ0hPV1dscG1oSXRKX205QkVyNUR4R3ZJUEpscWFSUzBtZmhwTTZ1My15UXpnTWN6THdsNC1EX21pTnlYSDQ0TUVwS1o1QUV2YUZwZHBJZGlsTXVONDUzSEFZZEhhdw?oc=5
2026-09-17 13:10:09,MU,"‘Before It Wakes Up,’ Says Top Investor About Micron Stock",TipRanks,https://news.google.com/rss/articles/CBMimAFBVV95cUxQRzRELUJHekI2WDNpN3pweEd0cHJSZ2JqX2VlczR4bVY4VWFwTmx4bVB6d3lmbjRhSWlpcWI2djZGRGU3WDhBUDdPZ2dLd0ZaU1dWeFp4T1VRNDI3T2FpVERyWGpTUEVEOV9BM3BrZVhTcGRrSFBOU21QRHZsa1JEcTJlTklLaDhvSWhqRDRQeDhsNE5ULUx1cQ?oc=5
2026-09-17 13:01:25,MU,"SK Hynix, Intel Rise On Ohio Memory Chip Talks - Intel (NASDAQ:INTC), Micron Technology (NASDAQ:MU)",Benzinga,https://news.google.com/rss/articles/CBMinAFBVV95cUxPZEw4ZUVUeUtIYm9zN19TSUZsNm0yQkxRZDI0bkNOcjctVUtqWElXLWo2dnc5dHlBNU9hbHBzM0JXdmIxQ0pySDNfQ3JiU3BSRENNMnFReGlsTHZ4NHZ2YkZWLUZ6Z05JZmRFVURrSmdHMV9USmc4YnNtN2dXbmkzUUxDOFJFNlpncEF4Y0VlNzQ0UkI2djU4QmJuQ00?oc=5
2026-09-17 12:55:20,MU,"4 stocks to watch on Thursday: GEV, MU, PSKY, and CRM (SP500:)",Seeking Alpha,https://news.google.com/rss/articles/CBMikAFBVV95cUxOZ3V1VW9jLWVJVGQzSkVWcjlLZ1FULWVCczRGcnlzTmZlVEhtbXFvakhKZHZyd3lxU1VOMDhBMEJaLXlyYS1iVVBqNGotOVYwWElzeFNVU2pzNXNXTXVrVFJqNVpITHNJOWtCY1pFNjVPTG4yVXU0UkZqdFZOQ01WNlFVMVNzamRBRnR4UkZlWUY?oc=5
2026-09-17 12:33:24,MU,"Why Are Memory Chip Stocks Micron, SanDisk, and SK Hynix Rising in Pre-Market Today, Sept. 17?",TipRanks,https://news.google.com/rss/articles/CBMiuwFBVV95cUxPMV9JcG5YZ3R1ZXpuREhQZS1TVTJhanR0OFh3MDNpUXlOeUpmVlRkTHZUeHhWSktib2xiejZNWGJVOTNKMVVGcHhIMUNJWjNkMm02TDNoZzVISWRNOTh6RG56TVRGcWJtempTVHZIOGRpZ3RaN1ZZTWRQcjhJeDVRTHlSQmVERkJpYlhWbVY4WkVPb2hUc0tFUHRNSmxKMnUyVUp3TGNMMEFXX3JkeHM5RExoVWdVV2t2WjFJ?oc=5
2026-09-17 12:11:29,MU,Micron (MU) Stock Jumps 2% Following Launch of $2.75B Indian Manufacturing Plant,Blockonomi,https://news.google.com/rss/articles/CBMiogFBVV95cUxPSS1XYk9JU3k2QWNqLV9VYVVBUUtaUGFSSzJIWHMwOFloQlVfeXFUR0RzN0dJdG9yMkZpaHRia0Y3emhxLVBvMHoxeUphVlY3elBaUWxOSVN5d01Za0FtN2F2ZWx5R1Yyd2NGTmRVdmhYMzVKeEpueFlXYTFDNVFHaW9RQ0VndTVNVF9JY2ZYQjdrZ0ZfRXYyYlFiYzVFa2NPTUE?oc=5
2026-09-17 12:02:58,MU,A $2.75 Billion Reason Why Micron Stock In Focus,Yahoo Finance,https://news.google.com/rss/articles/CBMijAFBVV95cUxQbVFHdTkyeDBDMllqNkNDUE5jQm1SUmc2a2pCbThfaTZwQ1VsM0cyMXNfM21Ca2lWY2ZjSmJrLXV2ejJZTGdPQXJzSzJmUGRrcG95dHJoSkxuRjFvdV80R0tjcGt5NjlOR0xJalJacEN6R2J2WDRlZVRDR3JXbjMtS2VYREJQMWQ4ZlhuTA?oc=5
2026-09-17 11:57:42,MU,1 AI Stock Poised to Outperform Micron and Sandisk on the Next Infrastructure Surge,The Globe and Mail,https://news.google.com/rss/articles/CBMi-gFBVV95cUxPN3BCMUVYTjJGZG4zUEhRZE1Cc3RIOEdWNEpuZ2F1ZTN5dlo4eXA1c1FWeUhhaG1OSjRVZzhDZ0xVSXVzMUdSR0o5bHJfSlBMVEY0NjlPZ0ktbHU2OV9Dc0NlRjBrOVFZdXFHMU93VU1iVHNGNGVRV05BaGdvVUNtWmVuMk9tcmFaTENLbnJtY3p4TXdQNlR5aXQ3MVQ4dm5LcjlGVjVuMjFTdGhXcmZ0dUEwT1NZdzdNaFF3dUQtVTNwZThHNVYxTk5IeVkyMmhyeDNzazEzMmppcVU2cnB6NGV0RXlHOHFSczgwTXVfUEVwdkJ4aU9zY19B?oc=5
2026-09-17 11:31:24,MU,A $2.75 Billion Reason Why Micron Stock In Focus,GuruFocus,https://news.google.com/rss/articles/CBMijgFBVV95cUxNaHRqc21jT2xkQ09WQjFRbXlhZjFXY2xHU0gtMmN5V29CWGlXRHV2bm5yajcwZUVSOWlMemVfOE5wX2pwelFCWXV4WFJUWXhoMEJ3M2c1RWZlR2VuYnJXOC13X0plenVTaFhPN0FURzZyUUdWOTR2bGtRUjg4OXRneXhkbkdpTzhBdXFPS2xR?oc=5
2026-09-17 10:05:06,MU,"Micron stock likely to drop further before earnings on Sept 30, despite strong YTD gains.",Pluang,https://news.google.com/rss/articles/CBMikwFBVV95cUxQZkd5aVA1c1RCaWxmVXg5a18wQWNjaXZqLTM2anphd0ZxSDJIUFU0WWRiTWpPVkxmWXU5enB1Zm9jQi1xRV9CaEZPN3hzVXd3bGY0T2xzNUkweFdDSHEyZkFzX2dUa2F2YXZmTkU4NVhvVENpMmtRUHJKVXBzaXp5UlRyREQwZ0tQck96UnFsS3NiUjA?oc=5
2026-09-17 09:57:14,MU,"Why Is Micron Stock Rising in Pre-Market Today, Sept. 17?",TipRanks,https://news.google.com/rss/articles/CBMiggFBVV95cUxPbnhLNFRTcXhHTHMxV0s3cXBFRExGanRMSXpIZ2Zud1RoTGVSaUlIYWJ6Q0d4ZlpLelRuc0pabzlDRS12MmMyMWF6WEdHbHVjQkhMMWNFeTBwd1kyTEVDWTg4S1ZtaFctcVpCMHhiMXFlWmxhOGI4M2RjLUpHV3k5ZHVn?oc=5
2026-09-17 09:49:33,MU,What's Going On With Micron Technology Stock Thursday?,Benzinga,https://news.google.com/rss/articles/CBMiqwFBVV95cUxORWxrSndXVXhHUXdpdzFlUjNkTDdMeXE1RmlwVjNiTk9SUldPU0hxV0o0VHZiSTNfRHBCSVVfcnFyMEE1SXJ4dkRCYlJSNGJZc2oyN2o5cWpiVkloQzZUeGliNEd3Ui1ZdmMzMkViY1Z6RGtXS00xOGN2RER5U2lGSW9HVkhWVnFaVnMtLWQ5Um5BeVFqd25pemM4dFdLLUhIVjhiZ2J2cE5ib2M?oc=5
2026-09-17 09:44:39,MU,"AI predicts Micron stock price for September 30, 2026",Finbold,https://news.google.com/rss/articles/CBMifkFVX3lxTFBscjUxclYtSVZ2bUlOUWthXzM1M3F0bThRcVUxYUtvVHNxdzJaQWlvaFN4WU50NjBrMnVhd3FIcFkyRmJCUmk0dHk2ajgzQk5jVEI2bDNGaTgzTTR0T08wNTZDQ09hdTNIR2h5T0phT0FZd21Fb3VxR05aRS13UQ?oc=5
2026-09-17 09:09:29,MU,Should You Buy Micron (MU) Stock Ahead of Its September 30 Earnings Report?,Blockonomi,https://news.google.com/rss/articles/CBMinAFBVV95cUxPVDdqM3ctbm1oWWJrVzVCRm8zUGJRNHZVRWxDZWtFM3ZEY0FVbmJUbTRCcGhMZERuQXBmNDMyRW4xTEFWbkFibzdDMVNBSTQ0bnpVbl9sMjBkVEF3RTFJNzhRX1huODR3QTJPc2RqVUZSbGVuUV9RUUFEazFJYzQ2aXRLZWhpOU53alJSNml5eGo5NU9sakRROFVPOUg?oc=5
2026-09-17 08:39:39,MU,"Micron stock: could a valuation rerating drive MU shares to $1,600?",Invezz,https://news.google.com/rss/articles/CBMirAFBVV95cUxQNWxQMjFfb3NEdll1STIxVWRVWDNnaU9WZjZVUXlGZGlfQUpuLVd1WW1YR2VCVkVabTdXc2NjdnhRcHlHdkgtWU5NVDVTTGl5TldnQ2pUbzlhdXVRX0VZNjlPUVRuajVvVHpNcEpxQmlOcWQwOGhweDdGb1RWamZod2ZDd0JkUVpIVzU2TWd1bVhPYy1iR0hVSFdZYktYVjUxUnlYYU85czA4ei1O?oc=5
2026-09-17 08:20:36,MU,Zacks Earnings Trends Highlights: Micron and Nvidia,The Globe and Mail,https://news.google.com/rss/articles/CBMizgFBVV95cUxPQXV0VGNuYjNIa0FVQXU2alhXUGNPZWNXdVdDcXVEckVhYXliOWRfNGYxNTNyN2IwdmRNZ0NhTF9ta3lFeVViZm1Nd2tjZjVqczBnOHI0Mk11ZGhqN3lKTW5MUnRkQXBIbnBUbTJ2MnpHSUNPRFo2MjRtcXk5X19nbkpXNlo4cndkTUdJbTlpN19RTm83VVAzcEpFbWxlQTRsMkh4MkpUd1BLT2NUaDZhUGlFbGlFdjc4WXZ1YjdYOE5EUVNwUlp1UmUxVHRUZw?oc=5
2026-09-17 08:19:47,MU,"Micron stock: could a valuation rerating drive MU shares to $1,600?",invezz.com,https://news.google.com/rss/articles/CBMioAFBVV95cUxOLWlrbGY0QmtORUx4bHpkU2hTcDBWM1pBYkJlWlVfQTNOUjBUSVowa0d1c1lzYzVuVzdkUW91WnM1X1ZKTkdUWm1ObHJVcnhKSG9qeHRkVDU3ZEI5UmpaNzhZaE5kenN1U1ZzU094NmZUZFBCTnZ2MVRYQ3FReEtobHdLb0tOMDZvYXF3OGYxQUtkM2ZaT2NrM1NTYjNsNEVr?oc=5
2026-09-17 06:05:06,MU,"Micron opens $2.75B India facility, eyes scaling chip production to hundreds of millions (MU:NASDAQ)",Seeking Alpha,https://news.google.com/rss/articles/CBMiwAFBVV95cUxPVjZqaUxwZ01BYWFfcy1WYUZJOUV0OElBcjVyYnl0TkNrUmUyZ0E1bHk1cDZxOVlLOER2Y1o0Q0R6U0xfUk5YekJtbzdZbVhDUWU3WmZwMU1iTGdYMUFJOG1HQ1oyeThnSHdNNURRUVFpSE9Gc0ZUZ0hlTU15S2hfWlE2OG5IX3ZIRWRINElDOFdkMDFjQTMxR0p0ZGFWTFJGanNCbzRNekU1VzJQQXhtQlVXQVR6N1ZMTUs1TXlBZzI?oc=5
2026-09-17 04:38:00,MU,"Analysts Are Bullish on These NA Stocks: Fortinet (FTNT), Micron (MU)",The Globe and Mail,https://news.google.com/rss/articles/CBMi3wFBVV95cUxNazluQzI0dmtqSUt6aUllLUU4RjRrdmhSdE8wRGRPdlhjYUpuY2V5SUs2OXdGUXZkZnBLNC15dU9iNW9UY2Fwa2lTUC1mekJIT2tTZExZUmxxNEZ4ZWNxMUxNOEJTMDE4ZWdqcTF2OTNWZzVWS2Z6anRodGRHOUY1dVhvVFkyQlh4ZkJ4SzFySFk5am1hWDlJQzkxcG1RTmYtWXhkWTZSYndMWEhLSFNrMEtiRmJKY3luRVMxakVWMTdIV3UtcTJNY0Q4ekRuVWlnTmJ2M3c0Q2tvWF9jWHR3?oc=5
2026-09-17 01:48:40,MU,Micron vs. Sandisk: Which AI Memory Stock Benefits More From Nvidia's $279 Billion Warning?,The Globe and Mail,https://news.google.com/rss/articles/CBMi_gFBVV95cUxQZjBaUXBMRko3UXA5MGZJYnA1T28wTlp4NnQzdFJBX0d1LWRlbGtqLVktZGV6bWJmMFhUbnZwdzdiNzEzRmxxOXlhZEhQT0JhN2w4Z2h3VEJWNkJFZHJhekVmcWlYbS1wUnhVOUdzdnhWZW9UZ0t4N3JwQnhyMTkycWU4bzFWY0p1cUVGeUlpVWRHVzBwdU5JZGwwRjNtMkcyMWtrVHE0VUlCUDRFNFBWczFyV1ZPSHBzdTVZV0JqNmVIR0NianQzN3ZxZTlGWVlPaS1xRG5pNWtsb05kb1VkbkFoQ3QwZ0hUMEhWNVNkQ254TWJVdzZTcHFfZzI1Zw?oc=5
2026-09-17 01:41:00,MU,Micron vs. Sandisk: Which AI Memory Stock Benefits More From Nvidia's $279 Billion Warning?,Yahoo Finance,https://news.google.com/rss/articles/CBMilwFBVV95cUxObFJkbDFrdl93LUlMazRUbk1nQnRWSlhUZjNzeERBdVJTUFNLS2tEMVpGQVFMRl9LXzRTZmxqUktwV2lsc0x2UFlnQm5CQW03Y1FUdmJ0bEhCMlU1QkMtcmI5MFVWN3c1QktyT3VlWjdkZlhNRmhTOG9QVF9EX3F4OTI4Wk9fWm9BMjdBa0NsQlFtXzJDZnV3?oc=5
2026-09-17 01:00:00,MU,MU Shares Rise After Micron Launches 512GB DDR5 Server Memory,RS Web Solutions,https://news.google.com/rss/articles/CBMi5wFBVV95cUxNZzFLVW1aSEZhNGpZWVM3bVlZYkVkNzQ0ajVvdERnbWUxcEJQQlE4aDAxamNoVHhHTDJiSXlxX2VtRlV4YjVGSU9ZWVIyTEtxT3dtblJhcW9XM010LThXRDBUY3hQYlpUUXluUUN2THNnalZWU293cUZxTzRwc3lJMTRrUFRraTlHV1dyWWFqQjVVNG92dW5aek1WR2pVbkFnbXhGemNKTWV1QTBZVEVZYWVPYkdwaWxGXzZNRzFVOFh2d2Z0b2NlMTRLM0RTczV0LW5ielZTX3lrRThRd1RuaUs4ZGNYaWM?oc=5
2026-09-17 00:44:00,MU,Micron Technology Inc. (MU) Stock Price | Live Quotes & Charts | NASDAQ,timothysykes.com,https://news.google.com/rss/articles/CBMiSkFVX3lxTE9EYWhfUEF5ODE3eGw5NWQwNUN3N0FxZzVENjZtNmRUUUEyWGd3cjBTTkxEb2VZMnEwQXliNTllM0FIb1ppbXAyd19R?oc=5
2026-09-17 00:24:26,MU,Why Backpack Just Tokenized Micron On Solana Two Days Before Its AI Memory Earnings Print,Stocktwits,https://news.google.com/rss/articles/CBMixgFBVV95cUxQaWxsNDVVcm02ZHVLZFVMUTU5RDY3a05pWEdyNmtBM0dPTlhNZ3p6QkhKZ2tZNVk5MTl1WGlseVJFYmlFUmhYcXg1cVZjQlRySi11Mk4tTG9VbENrUzdPaDR6TnRzNFU1c1hoZVlXamwwSW1UWVBUWFEybWpUVGJPUnZ5bTlCWW5LekZUczNoeFJQeV9pRmtfbk43SmFFaVk4R3lVZEZ2bmJiLWhSNndUNUYxNUE0UktSdGlPX01GUHczX3lvQXc?oc=5
2026-09-16 23:10:59,MU,Micron (MU) Technical Analysis,TipRanks,https://news.google.com/rss/articles/CBMiY0FVX3lxTE9ObFBOSDE4c3ZwR0ljUEsyYjF0Y2dNR0dRYTA3VEQtRldqTzlqQlhBcGlQellmTWZfUlN6Vlh4eXFhOWRKT216cUpYMjBTbDVNSW9NNDN4ZzZhVFlxODJhUmRNbw?oc=5
2026-09-16 22:04:58,MU,Micron Technology Has Just Shared Great News (NASDAQ:MU),Seeking Alpha,https://news.google.com/rss/articles/CBMijgFBVV95cUxOUW1iMndtQTUzRnJtU1JlV1BRRktsUjlwUDd3cll3bTlHaDFxTmF4T1dEQU9HcjhRTTBvMDcyMmVDalEtR1JfQzRpVmlZb2tHSDhpS3V4a3hyWGZ2eDBvWEZXQjlacE95ZGo0MHl2N3dqYlY4eHA2YUhINzdyaG8wdUl0YVIwSHpXeC1lOG13?oc=5
2026-09-16 22:01:11,MU,"Micron Stock (MU) Could Swing 11% on Q4 Earnings, Options Market Signals",TipRanks,https://news.google.com/rss/articles/CBMinwFBVV95cUxPQmNtQ3p3Y0JMRlN6LURMRWF1UkhLNGlURnpXMnV3dkg5UEJMOFdEbUttNW95T2NVbEVmYzhfdkY0X2ZBVnVGcGRDOUp3RFItM2RrQU1wWjJBS2RYcXZqTHdoYWlBX2pacEFwUFFfNXdPZTJCWERVNUloNzhUT3JVaS1FQTVTZERHTFloZHFpUUVtTGZUQmdXX3NRWHFIYWc?oc=5
2026-09-16 19:56:40,MU,"S&P 500, Nasdaq, Dow Drop As Broader Tech And AI Selloff Continues — SPCX, BLZE, WMT, WEN, MU In Focus",Stocktwits,https://news.google.com/rss/articles/CBMizAFBVV95cUxQcEVBX1FjWFJmM2QyRHdtOTlXaTZXbF95ZEE3b2ZpVXJQMS1ZNWVHRlAzSTdaX2k2NXluM18xbEF6R1VuVWdkRFRqNmZtX3ZySjNuZnZ5NnlYUmNqeWlEa1p4TkZxenlPM01memVyUWZuNnBadFBfd2daNkV3WWhHZ3JPV01hMjJOZlhCWEFoZTJSWFI1VHE1N3BZSDNqQVktaHIwMUUxb0FkaWVtOXQwUTdneDBSc0RjVGFISjg1eVFMYzY5a3ljNFFkWE4?oc=5
2026-09-16 19:46:43,MU,Micron Offers A Massive Margin Of Safety (Earnings Preview) (NASDAQ:MU),Seeking Alpha,https://news.google.com/rss/articles/CBMinwFBVV95cUxPVEtubDVrZjBmbWVsRXFBUDRIZUtuOGRQQ3FkOWdRTERVMXpnb3Njc2RKVEprM2hKR2FSREFwV0Q5bXhHSlBYNGRZcTRNVGVWZVVSaUxqYklrN1JORnVmSThQMWVFM3BEdUtGMDExb0lVbFU4aWNGa05NSTcySVNRVnpNc3MyY1RETzQ5eUx5anNOU01CUnJJQUx0cXFzVXc?oc=5
2026-09-16 19:28:20,MU,Micron Technology (MU) Could Be 54% Undervalued As Research Leadership Shifts,simplywall.st,https://news.google.com/rss/articles/CBMi1wFBVV95cUxOZ3B5YWxRaGJBUzVkY3lJSjlwa0ZuVFNyZ1VRSGNOTXhNSXJVdDdYY09uUWh0MjdsX1dpWDBkcEg3M1JsNzJjYU5LU0VlOEg2MGdIejU0aVZUQ1k2eTJlQWxvR2VpRDVTbFliMU53Zi1XWHZfU3dSLUlpWGprY1FJUUpmdHh3Z2FIWXVOZjlyako4TWV6X082UnhzdXRvc29HRmxqZ3psTDctOE53SWJEM1M2NTdCTnczYk5sSXYzT0dLbHZUQTNXWHhrYk95ZV9wbWoxSXFBb9IB3AFBVV95cUxPOXlyYTZKRkNlTzBOdWJtMmdvVGdRR3V4R3A3aFRobnVObjUzQUVRVWFVMjgyMV9PSjFsTEU5MUJ4OVoyb25Ldm5uTE1Mb2NmUnltUzhQUnFnLWVWVlJwYkR3YXBmSmFKTjlKX0x2X1Vwd0xuRmNLbnFpQXJnVHMzY2E0VlZvamU3VXFTcHh0SUs1cU1DVUJvQWUyaEdKOGZuMVhzWGtkRkNqOUM3aHJaWGhZTzU5bzJvd19Nd3ZmYnh4b0tibFNkX2JQaEdhYjdNRWp1SE5XQjZsaHda?oc=5
2026-09-16 19:28:00,MU,Micron Faces New Threat to Its U.S. Memory-Chip Supremacy,Barron's,https://news.google.com/rss/articles/CBMihgFBVV95cUxQVmMyUmVzeVpqTjdla19iX3RIUzJmOWpaNHZONEJFWnp5UmU4RnJoOEo5MnRCcWEzQ3I0VF92M0F6U0VydnVNNEVxSWVyYUZUcFhMTGZGZXFNZkZHMzlfbzJldUdLeDVHZHo3bGRqRkFNVEJvNHJkb3pwbDFsWWdJT1gwOW9QQQ?oc=5
2026-09-16 19:23:05,MU,Micron Stock Price Target Signals 69%+ Upside Ahead of Earnings — 3 ETFs That Could Benefit,TipRanks,https://news.google.com/rss/articles/CBMiuAFBVV95cUxQdXVIUWtJU2JJWHJTQ2U1d3g1ZWJZd1dlVVRIRFQ0X2hfYU9pQkF2MG02TFlKVzFRcmJyRzk0SER3YlZhTy1ybEV2ZXBvZDY0TFY5OVpQWFFTQnlNQ3lqS09ON1V3Qk1SZ0hGWFFfUEFUckY5WGlHeXZ6WUtRR3JxdU5Qckw0eXdBazRkVGliXy1Yc2Z2WVI2VEt4ZmxxVXhoNzA1cThaMVE1d0d6ZlNjdkE4TjVpMlRZ?oc=5
2026-09-16 19:11:47,MU,"The Market Looks Expensive, But These 3 Stocks Don’t: MU, AMG and GMED",TipRanks,https://news.google.com/rss/articles/CBMinAFBVV95cUxPVm56eVJmRUpzVU5RNTFOdEs3NVhGRTl3MXlCdGM1aXM2VWRQXzd0dWF0VHdEaUt0RVR1dFRNdzZSUDhSZVBVYlQyZDdRMkxSQmNDZ2RxVjdNOGdUMGFfRm5DTThWS25RUW5Sc3BFTDRFbUs5SXNIbm1ycWhSeXotOHJYb2FHNUhOYXZBdDdiYkJfSWJTc1UxSUlaaU8?oc=5
2026-09-16 19:02:58,MU,"Is Micron Stock Cheap, Or Are Its Profits Borrowed?",Yahoo Finance,https://news.google.com/rss/articles/CBMiogFBVV95cUxOM25Da0VjOE9rdHlJdW04cjhWQ1M2Sk41QnJaRldCVl9qN0tuS2ZId3BVQ0otbkFmVTFpMEd0VVF1Rk1Cb0lsNE9rcHhmNGNKVDFLbC1ZZVpjaEFUMnJVcG1EN25HSnhHTE5aNDQzTFE5enpHOU0wNTlpVDB4RHg5eG50WW0zN09yQ01VS3gtR0F6Qm1tZzdBNXNzQ0RpaUNFcEE?oc=5
2026-09-16 19:02:29,MU,"Is Micron Stock Cheap, Or Are Its Profits Borrowed?",Trefis,https://news.google.com/rss/articles/CBMirAFBVV95cUxOZWJOR2tCWVhmRDFSWEpLbTh1TWs0VU9qT3pqQkJFcGxGRlh2YW8yUGFZenF0MEJOWEhWWFljVU1sSDljQ2hRYktHTW1HYjl2bDhiQ2NfTVdIVXowSFRJS0tIUEhZVE5idmxuVV9ESzliOXJpTXJyM2c2ZC1kc1ZyR29MeWhZblNzMi1sMzVoNEt6YWtTWnM3X21tMmV6UUdoeXN2MmlEU0FNbHkt?oc=5
2026-09-16 18:26:00,MU,Micron’s stock could climb 70% higher thanks to a factor that’s been largely absent so far,MarketWatch,https://news.google.com/rss/articles/CBMiygFBVV95cUxNaGZoM3VqcThTUWwyWllYUTh3U3lvMkFVTlE3YXpiRGpFRjBvalV2REc1Q0M4dE5rNnprcmw1bUl4RFEzNXZnRlY4YmQ4aVJWNzFWNDJtb0FQb1BKYTB5UVFxVFlCcXpqWDNVeWlLVlRydFN5TW1naWNqV1p6MmN1N2hHRHltNjR6WVI5QUlMRHQ0ZlJZWU5kNTROQW9TbVJhUlkxbk1sdG1BMUd4MnBlMDlKT0UzaU1lRkdHWkF4QjBMVXpjdDI3ODhn?oc=5
2026-09-16 17:34:00,MU,Micron Technology Stock (MU) Opinions on Federal Reserve Rate Decision,Quiver Quantitative,https://news.google.com/rss/articles/CBMiqwFBVV95cUxPYkc2TUlaX3d1aDlrUk1aSnBBOE51ekhBQy1zTDlrYjhFbWhRdi1kUlVBNlREN1FzbkNQX0xGSGQyeFo5ZUMwa21lS3V5enZEYzNxZF9DNEJ1QXlTOGVUT2dMT05nZ29GZVRRUVdadXh4VDIwSFNwUEZadmtPODdRMndSOFBUakx1WnpwellmMDNTR0RhLTExTHVuNm5ZQWxxaks3blpxUUZjMTA?oc=5
2026-09-16 17:23:10,MU,"Micron (MU) Stock Price, Quote & Analysis",TipRanks,https://news.google.com/rss/articles/CBMiSkFVX3lxTE5KdnQyeU0zTHdfVy1fYzdKQlc5aUtWOFpJUGo2RUlvMWJXUnFvdl9lTWticTY1X240dUlqSi1XWjVJREl1Vno4RGpB?oc=5
2026-09-16 16:24:03,MU,$Micron Technology (MU.US)$,Moomoo,https://news.google.com/rss/articles/CBMigwFBVV95cUxQRnZRbzJPOFoyNVhUZ2EzcEpYUS0xMjN6V0JvenJTSXRUTVpLQzl6LU10Q3RzLWxDcU9GVkMwNGYwN0ctUHB6WlMxd2dqWVNvcm1leWV1NWFDLV90dHVtdGVIbDdpeC10SXZzY2FjVjlXdUtWTXV1ZjR6UU9HcDlOMWR4MA?oc=5
2026-09-16 16:22:53,MU,"MU, SNDK, SKHY, DRAM: Memory Chip Stocks Surge In Relief Rally As U.S.-Iran Reportedly Halt Strikes",Stocktwits,https://news.google.com/rss/articles/CBMi7wFBVV95cUxPUVdkczBNTFdwcG5FOWhpdlhvYURiTFdBZFN6ekxNTHBUcmdleFRMbDJlNDQxZDJtUmx2dEgzNmpjMTJTR2lVamlSSkgxYzN6cmM4ZXpmbDE5b3FFV0N1SHdQcHRqWVV5VFdnYmtNRzloZTFSTlAzR0FRYmE1WV85Q0pLZmNGa0hfN0Y3OU1GdHNraUdpejViUHBvRk9zbW5NZG9vMjR5ajV6ejN3RTBZVFo4eW5aUjJ0ckdXMldaOEl2ZnhTV2JFM2FsMlZHZk5qaURLd1R3Sl9fNUhOeGdTRkdWX1YtYk13Z1VqZXJVVQ?oc=5
2026-09-16 15:25:48,MU,"Micron Technology, Inc. (MU) Stock: Surge as AMD and Intel Validate New 512GB DDR5 Module",Blockonomi,https://news.google.com/rss/articles/CBMirAFBVV95cUxPVVBmVnc1Y2hhUklfd0R4Vnl1eGZ3UFN6SU1qUExVd09Qd2NDaGJaZE84MjVrZVg3WmlYczlqcklqcWJOOGlic3ZzMXV1Q250d2FBRDUwU2pTLTF5MTEzNmlFcUwxdUh3YjBVTTQ3MmI5SlhUOFdLWWRma0NyXzB3R0FpX0xlXzZ5dzRJcE5kSFIxRXU4NEptS1VKTUw4eG1hZnh6MVQ0RmJEc1lx?oc=5
2026-09-16 15:05:32,MU,Micron Stock Has Tripled in a Year. What Could the Next Decade Look Like?,kobaran.com,https://news.google.com/rss/articles/CBMinAFBVV95cUxNZHFEdG1ZcEIwX29IbmZJa253MkhWT1FQV0dlU0hVeW1TM3gyc1VlS0tJTjRuREpJREI3S0VsS0dzMWFlazhwX1FUbjRtUFQ3VGxhRzh6Y2NDZ2RUQXlHWUNNQWtGQjNmTXlFTXBIQVViMGd4TnVvVEh2aHQ0US1TdGpKdUgzd25OSjBWOXFrNXIwMnYtaEFpTzFFeW0?oc=5
2026-09-16 15:03:50,MU,Micron’s AI Memory Boom Could Send Shares 100% Higher,MarketBeat,https://news.google.com/rss/articles/CBMikgFBVV95cUxQNmNWNUtPTVJpemtCeTFrZU84MDh3YnlucERNSEh4eVd4SUt5LTl2NTZUb3ZjWDQ3ZFMxZ09LT1NtblBlQ00xeGs0Yk9jZC1rd2RFYVpvOHV4ZFBzcHlvXzV1VXVKRDVDNkN1Y3Zud3ZubEd4S2NQaExYbDFtVTJzTTVXSjM1aFdmWDJWWjkzUXpGQQ?oc=5
2026-09-16 14:55:00,MU,Micron’s AI Memory Boom Could Send Shares 100% Higher,The Globe and Mail,https://news.google.com/rss/articles/CBMi0wFBVV95cUxOZGJFNjd6b1Q3bnJGZm1fTUN4WkhZMVJpRGNTUXZPQ3pyYkpwWGNMSGNEZEJEaEc5d0plTlZ6eEhsdE4tYXlyTV9WN1VZekV3VXZfX2p2Y1VXNGJjN3FVcy1LY3JjenNIOGlRNTZGZDlqa1ZmRVdvNWdJOGVXR3FGcDctTXdLRThhdElTZ3hXR1RMd0k2dVRmUFJCR0dweG4xc0hxY0E4czFaRU9aaklKd2FHQlVtUXZEMFJ4NExBZTBUeUh3T29lNDFmR083Q1laQ2hz?oc=5
2026-09-16 14:33:36,MU,"NVDA, MU, GOOG Hit 52-Week Highs Today: What Drove These Tech Stocks Higher?",Stocktwits,https://news.google.com/rss/articles/CBMi0gFBVV95cUxQS1Zzb2dFUmRvX3AxMk1TdHZDQTRtTThoeEdxM3g1S2l5WTlzd3E2LV82NThPSzZSXy1aS29SMzBpTExaVFFFRjNjS1luX1FTb21nZWlkSzA4am1MTHFaLXI3a1VkXzJTUUQ0ZGJJXzVQSjBmbE5Zd1Vwa0RXajRGRkk4LWZRMmZvcHNsTU9JR2ZEM082bDlxQnRzLVAyU2MxeGhvdDlKS2o4N0FJN1VmNmpWeXJkRUxoN3J5SzJRNlhaWmRuYktVWFFtSDJTaDNfdEE?oc=5
2026-09-16 14:10:34,MU,"‘Not the Same,’ Says Investor About Micron Stock Ahead of Earnings",TipRanks,https://news.google.com/rss/articles/CBMiowFBVV95cUxPNzRXeEt1WHl4Q2ZVRkR2bEJUaE1FRUJ1ZWVVUkJEWHJST2V4MlN5OFdXMW5RSmxMNnNGNEJNVWJ6WkthSmNoc09xRmpIRkNJdXpaRnE5TUdrRllFVXpTb2JiV05tRkplbjY2YW1jWjNPRnFrUl94OFhuZE9ocTlLYkZUR0RNdGtXaGJUdV9nLUlGRk9ydHFqdHpIU21IZFBydlRZ?oc=5
2026-09-16 14:03:40,MU,Micron Stock Could Look Very Different by 2036,Watcher Guru,https://news.google.com/rss/articles/CBMifEFVX3lxTE1KVTVHMS1aNmV5bzNaWFFtWExmVE5YM2ZKY3pkcTVIUExCVHI1SWlrZmhkM3NJc0R5c08wenRZTmEya3h4cm84d2tac0xDWU1EYXc3a3FxdUdmVm1EMUVXYlcyZlZ1b1N0VHhURmNFSlFrRXloMWtzV0dYbFo?oc=5
2026-09-16 13:43:26,MU,TD Cowen reiterates Micron stock Buy rating on demand outlook,Investing.com,https://news.google.com/rss/articles/CBMivgFBVV95cUxOU0QtNnRrcVhBVjNoTjBlVUNFemtnREplUnZMM3BldjdzR3ZOYlZ3djVWM1Y0QVZ6U01UTUpHR1B5YlkxaUF1RW1CSGlDWUhJYzRpN2I0bXVsOElrVEZYbUpBY3dtd0paak9kd3V5UXJtdzBYSVlKZjNNTEdnNjZkYU5ZNEFXb2tFeWtqbXJiYUduZmk4VEJWbmhScVVhelNPOEZacDBpanFHWVN4RnBnaVpnRXZwOWNKMkdpUGNn?oc=5
2026-09-16 13:40:16,MU,TD Cowen reiterates Micron stock Buy rating on demand outlook,Investing.com India,https://news.google.com/rss/articles/CBMivwFBVV95cUxQYUtIUmZBUXpERVUzYjhPOGpscklIcnhCX19CMGNoaGJzWC1SWFUxVFpXYjBYbzZ6TEdnYWFmZF9GUVY5Ry1fU2d6WjJvb0RmSjdJOERza1ByaUQ0Q0dUWndWdlNvRW0xVkhhVUhBVXFoUjgwNE5CbHMzY3lSek8ydDlPenVQazY5b2ExdmVLUncycmxNOFJwbllyQ0FpYzNwOHpQaWZhc1ByaGVyZlVEcVZ0LTc1NDI5YVkwVlZkNA?oc=5
2026-09-16 13:40:04,MU,Is Micron Technology (MU) Stock Outpacing Its Computer and Technology Peers This Year?,Yahoo Finance,https://news.google.com/rss/articles/CBMiowFBVV95cUxOaF84RHFRMGxmemZXQ1ZGQU43aDdKaUdfT3FxUVlHUnh0a29KRnpzWFVNUk0tTkxCaTZUNFFYejRhYkN2cGVDN1lqcGdEV1BEbGtQVWNIbGxfa19QZU12SWJyRkRNUHhaNWJHczlNSURpTXBUMGZmYTBKVktWbVFxeXQyTXdsbm1JbWs2X1ExSGV4YkhfT2JTN0dienpLUW0zV0hB?oc=5
2026-09-16 13:32:05,MU,Micron Stock Is Down 6% in Five Days — Is It a Buy Ahead of Q4 Earnings on September 30?,TipRanks,https://news.google.com/rss/articles/CBMitAFBVV95cUxNY3J4LTBHNlVnZC1xdzEyaUJLUlU0dlR1RFdwS3N4cVJoOUZDdmU0akRBTWdYNEZEZXlaVFVRR2lhUHRLWmJZNGpKWTh5S0E3czdIVmNoNDNaUk5NVEMzb2FoREs0alJiU1djS25na2JhVjllcUpsamN0UEVXbXc4U3FpbjdrMVFmc05zTlB4VkFnTTR5eEd6X0ZRWnVwb1ZXNEZDakZWYmNRbHNoNmlPYzFDM1A?oc=5
2026-09-16 13:30:04,MU,What Nvidia and SK Hynix Are Signaling About Micron's Outlook,The Globe and Mail,https://news.google.com/rss/articles/CBMi2wFBVV95cUxQVGtpZXJpOXBveUhmOUprYUhObmRrMkloMzZMREp1aHhVanRmWlIyUVJFdUZkRlhaTlJ3dmg4RDhkVnhyU0lFV3FyOHgtdk5vRDlMLUZ4NGs0anhRcGU3NVhEOFVyX1lBUjdPXzdVallLTmUyOUtvaHRKREl1OEl0ZVNqdDkyY2pTQ0QxbUlIN25abTdmdzBnWUVucmdvYmpvXzI1OHdRY3NGWUhZakJHTXN5bTA5SEh0N19udkpZSlBpbGVtb2RRb2NVbnB2WW90QktqaG1mR1piTVk?oc=5
2026-09-16 13:15:02,MU,Micron (MU) Stock: Can It Hold Its Ground Against Intel-SK Hynix Partnership?,Blockonomi,https://news.google.com/rss/articles/CBMingFBVV95cUxOamEwdTkzelY3Ym9JMk5WWDQwZ2N2YnlWMUpfcXloZkxnenJKaTlQZ0tWenlYX0pMVFV0SWVyZnllMWM0WUdyeHVLNE1nMS1fNUdVM0Z1dEFyV25YeHMxclNOT2kzSFFTclZQeGQ3MnhGR082WDV4Ym1hNW4yUU1XUFRqTjRGYnN5c1o0c2ppUFQ4NHZIWEZwU2NMcTJOZw?oc=5
2026-09-16 12:18:47,MU,Dell or Micron? We asked ChatGPT which is the better stock to buy for end of 2026,Finbold,https://news.google.com/rss/articles/CBMiowFBVV95cUxOcmRTcm9RaFRTMmFFWDNOeU1OOFN0YkltS2ZPODc4OTB6VzNUMlUtcmhyVXV2eXJoT0VYMjRZb1ZPeUVtQzNkMUtwUE02c3ZEcnRMNEQ0VTBtaHNmS1pxNFJ5dVVQdmlWWFdGMXFFTmJ4UXZkUFY3OGhKcmQ0T25EWk5ldHMzZVNpOHdZaTZGUThQWDlzczZrMWJ3YlpGYjFzT0VR?oc=5
2026-09-16 12:03:50,MU,Micron Stock: 5-Star TD Cowen Analyst Weighs Demand vs. Margin Ahead of Earnings,TipRanks,https://news.google.com/rss/articles/CBMiqwFBVV95cUxNN0RwVUVMWWdkSlVaVFBXMXZtV0wzc3A0RlBHaUhSSzNseGxRU3dwM2RCYnl2SnNKNDFJSmVtaDBGVkFVSHJqVkxIaFNBMG13UnpPbktucC1xZjRKVVBjbmNfNTUxNGt0ZWZna3hsVk5xM2RWN1AyZkREOHBkaEt0ekpVWXZNYS1NY1N1Wlhna3pJNno1R3lJWTlpQ2szdXVuMzVQaWY5akxocTA?oc=5
2026-09-16 12:02:23,MU,Micron Stock Tests $899 Support as Memory Shortage and Taiwan Labor Risk Collide,TradingKey,https://news.google.com/rss/articles/CBMiuAFBVV95cUxNazAzNlBnSzNUMjg4QVgtQUQ0SFFhTDF6Sy1aaDc3TWE3NUhTVGVzeFBEaUFUZmItaXVhRnBZeERYRW5KeXVWRmhseHBJUjZUM1BjNEpTV2s2U2VzaXY3OUF2TER2UXFuUmFVdnBBSkVDVzNmOGFHN2VKTHNPTnpkLWFOM0FVZnBWSmVZU2c3YXlKdkhXOWZ2WTJWYkNNSjdQRnlnWGlmY25xRGgyOGQtY1p5WkhuSGp1?oc=5
2026-09-16 12:02:11,MU,Micron Technology stock gains as 512GB DDR5 server memory showcases AI growth potential,AD HOC NEWS,https://news.google.com/rss/articles/CBMizgFBVV95cUxNMm9EdDVISGVzUG9ZQzZEUmFUaHZheUUtQmIySzA4NUhMejQtcGNBTzhCdzNrekVqemlTMzdNekpPNmJXVXRqZlpyWlhOT3UxeXg1eEVsTmR4NjhGMkwyaHcwT2xFNmYtcHFPcDlnT3lDUk9xZ1lXQmpyeGZReTFidi0tNTBhczFnWndKVm9Ed3dPaTB6TlpLVkMtT2FtM0JwTFhtbXRKWnVUWlEzdVlBMVJfSGJNTUVmVWh0MXlKU1ZOWlM0WTE3QkdETTY1UQ?oc=5
2026-09-16 11:44:17,MU,What's Going On With Micron Technology Stock Wednesday?,Benzinga,https://news.google.com/rss/articles/CBMirAFBVV95cUxPcUM2UHFDYjc1RW9jWUpHcDZMZVN6YmM2d2N0UzhuS0d2ZlBMdjhtSU5MWGtOc1p0YjFrT3ZvMnF5Q2FIRWctZTFBNEgxT1BGX0NhbC0ySXljNEZHTHN0OGk0eFRKMzZydEp4ZE5Qejd4cGl2aVVBSVlLS3E4R054SXM0TmJZcTIzc3BKbkdpc1YySUYxZFlVZXg2QTgtRW9IR2E1VHVTR0tkWWhJ?oc=5
2026-09-16 11:44:17,MU,What's Going On With Micron Technology Stock Wednesday?,TradingView,https://news.google.com/rss/articles/CBMiaEFVX3lxTE5YX21XRWZucnp5MGNvNjhEYWVOakNOamFIbWdRTzNFSGlJQ2RLQzk0NEdJTWRWQXFRandIaC00Zjc1Mm5FMDBTbGU3eDYwMXRmSUxaRUhXMF9GZ25UNzRqUkF5RDJmaTJw?oc=5
2026-09-16 11:29:10,MU,Micron Trades Hands at $927: Here’s What You Should Do,Yahoo Finance,https://news.google.com/rss/articles/CBMikgFBVV95cUxNd3RfWHduWWpGMjZfQWlsNTJTdkVfV0tHS1VFblc5OVVUQVV6TkhQYnVlU3RUX2lPZ2pGQy14aXR4ak9XTjhPRHZjN1hPVHJIRjNHX0dXamJpZHpSbHRSdDdaNmZYMHdnMkJmUWdWRUhjZXZvZ2RTakQ5UUlBVUxoOE9PYldGTGdUQmdnMko5TzFTdw?oc=5
2026-09-16 11:29:00,MU,Micron Trades Hands at $927: Here’s What You Should Do,24/7 Wall St.,https://news.google.com/rss/articles/CBMimwFBVV95cUxQUjlvRXQ2VlE3QVNCY0pqQWtCTkJoeWh5bzlCaHFZdk01MWRwNU13dTJzNTV3djU2Z3dqNXczZDJSZGV3Q2tZNkVjaVl2TjY4SVZMTVlfUEhFMnhpRS13ekNWT3lkNnNMcXZnSVBSZTlTbWRfMjFpWXVXV085NjJkRTBvYThhZnVmWXA0aldPNnRqWlZaUGtqeWlzcw?oc=5
2026-09-16 09:50:41,MU,Chip Market Growth Outlook Puts Micron Stock in Focus,Blockonomi,https://news.google.com/rss/articles/CBMigwFBVV95cUxOS0dRLUc1NHlYNlE2SnNYNnBsT1NxN1d0aHNEb0Z4SkpqcjhaNkEwSmlCZXBRM2phaHJQNEVwNUoyblA0cjFHS0J5NXdnZ0JUODBaYmpzUmg0QWhsMFhjV1ZPQ2NwanR3eEltbFdKMnhDeFp6MjN5eEowRVJ6ay1aRGszSQ?oc=5
2026-09-16 09:43:01,MU,$Oracle (ORCL.US)$$Micron Technology (MU.US)$$SanDisk (SNDK.US)$$SpaceX (SPCX.US)$$NVIDIA (NVDA.US)$$Microsoft (MSFT.US)$$Apple (AAPL.US)$$Meta Platforms (META.US)$$Alphabet-C (GOOG.US)$,Moomoo,https://news.google.com/rss/articles/CBMi2AJBVV95cUxQVHV1LVd2aU1OZlRkQ3M5azRHUlpjNWF2a0NDWDNPSlFNeGxiSl9NcjNjR3dJTnhLZkVMZWl1T0UySHM5REdPb2lOTDRHNlJvSmRzdWpwMEhMZUJqOUk5QWRqa0JOZFg1ckZLUURwUTVkeUpUa3E5bVoxdHRpMlR6QzRXZDk2bWJxQmhjMlVrblZKZk41bFlON0plN1RVSUkwUUpYYURoTVZIUFNpdmNVSlAtM0NlZW9xWkJhbFduUzNOamRMeHhrd3QxY3VHaFJKUGEzQ2V6RU10Mnl6MDNoUlF2NU1OX2ZQbE5ieEhlY3plc3BvZGdCRUhBbDR0c3F1WmxvVF9MbHVoUWFiaHI3bENQaDV3RmtBdzk2cmlrLVNTVXhqWFpPenlMNVdVRkdaQVU4TXlxSnRKbHVvcktxR1Z6T2l2a1RqRHpDMjNuQ3BXbmRCZ0tUSQ?oc=5
2026-09-16 09:00:02,MU,Liquidity Mapping Around (MU) Price Events,Stock Traders Daily,https://news.google.com/rss/articles/CBMivAFBVV95cUxNYUw2Q01aejFwcHhBSTl1ZkdNUnpHRGJyQVdqUkxPel81VDRzQ2gxTVp0WEFHTldTRTJwVXdITkZSWDFaVzFRRzIyTVU5c2M1eGtGSktObnYxT0Qza0hrU3NmLUlxdVZlbjUtNjFlMjBCeXc0VG05Y1dJQm9CelRjUUJ0OTNmYm91V0N4VWhlYUtBal9TYWh1TTZBRFh4RS1ISVk5UlNDLVhDR0oycG50ZHhKUTFZRFdsTDl4VA?oc=5
2026-09-16 08:19:16,MU,Here’s why Micron stock looks unusually cheap before its next earnings,Invezz,https://news.google.com/rss/articles/CBMisAFBVV95cUxOUnNhTy1fcFJsXzQ0T0hnWWpJc2tEaEdBNkRYa0Z1UVJSNllzYkIxbUswUHpoNzJkUEtPcHZ2ak5JOTJTeTVyUl9fWDZ3TVNBLTc5Z2lxUU9nVjJFZEpxTVdnOHdKSG9hb0o1Q2hnbTVqOU43RVVvRHBHcWdybEdSTlB1RkdnU3pmeElSalBRN2VoellEZFFwTHFVb25RVGZlbWNkRmNPdTNyVDJMeGNMTw?oc=5
2026-09-16 08:01:11,MU,Here’s why Micron stock looks unusually cheap before its next earnings,Invezz,https://news.google.com/rss/articles/CBMiqAFBVV95cUxNdEhyeE12VHpDTlgwQ21wZjhnMm1VZ3pkYnI4ZUxfM1ZTV1lzX1ZNLXZtYjFFNEV5bWswd3E1TnQ3LUxXV2U4OU84bTc4cklrS250cFFpNkpJWlVrVEthczNsWWRfYjFCX0VVTlk3VzEwZ2djdERzTGlVRlk2Vzk5Ty1tdzkzVXFjN1oxOGVlRlJOR2hNTm5reV9NWTlVTzFOWktUU0tkY0s?oc=5
2026-09-16 07:14:57,MU,Key facts: Micron (MU) launches 512GB DDR5 module; awards bonuses,tradingview.com,https://news.google.com/rss/articles/CBMiwAFBVV95cUxORnduMnR4Zm9DQ09LOHFhdFpqUmVpeUZlUVBkY21iUng1RW80UWMyaVphSEk0Z01yMHUzdFI1WVUtNTlZeHgwNk1DSzNKcmNiUGhLZkhpNDQtLXVCMHhYT1gxdmZtb0RDR1BzWVRHV0I5bVA0Wk9wUC1yQzFKTUFOeF9rSTg5eHJiWlU2bDVsRWtYU0l5X0wxdjVWeko2dnlFQTlTX2JSak5kRU9YNG5IMDYwb3VEWEdscGt1S0Vzbk8?oc=5
2026-09-16 04:04:31,MU,"MU, SNDK, INTC Stock Gain Ahead Of Nvidia Earnings – Potential Samsung Disruption Lifts Chip Sentiment",Stocktwits,https://news.google.com/rss/articles/CBMixgFBVV95cUxNT29CTTk0aXRyR05iem1PS2JfTklZVFpIWlZ1Y0lsVzhUNU1QMHhNMFRSU2lnOWZzMzNqcFhfZVVYWHJRdWhDX3JYQ2dMak9VbUhWMHRGTXR1bG44d3FDazkzOWQxazI5aU1jQVBsMzN2WU1WWHJrb19fakx1MXFkeFhUZ1M3QUFkTC1UaWZUTGFnTm12UHlReGx4R3FTMGpTSFU3Qll5Rms0anA4bm9LbDVTQXJDLTBQSUJ4Y2R0SmtpSUM1OVE?oc=5
2026-09-16 03:20:53,MU,"$Micron Technology (MU.US)$ lottery for the day, lets see 😃",moomoo.com,https://news.google.com/rss/articles/CBMiqgFBVV95cUxPR3Z4Vmd0V1puYlN3cTF2Z1h2NDZWZUxkZ3drelZtYTNPRy15RXNVYzI3V3Yydi1mclF1UTV5R2pKNkJNbVFHeEtlNktSbl9rZDhXWHYtaU9uSE9LTmJ1eGY5X3dudjFlRkZKTUo2aHVOaFd1VDgxQktOM1FmZF9XR1JMSC1MOVFEN1MwamNwaVN4VFVyekNqbXNiSk5yaXBKRkcxSDJ1ZW9oUQ?oc=5
2026-09-16 01:35:29,MU,"MU, SNDK, CRWV, IREN Stocks Climb After Brutal Week: Retail Bets On Memory, Neocloud Rebound",Stocktwits,https://news.google.com/rss/articles/CBMi5gFBVV95cUxPOG9tSTNnOG51WVQwV0tnVVJrZzliclJRcFlETDB5dlJnUVl0N05TUGhyTURDOHR0RHVFdW4zUEQzbmxSU2pMOThXNGQ4UXdoeXc5T1J2Z011Y0pMZTd3bkFNOHd2cERwTDdib0hZQzVKX1FOd1JrVU1JdnNQRGNxWlNDelFfMkVUbkF1akIzTzdBaTlzUDd5QzhIVHJKQS1hVTBLU0ZlOXpHU0JWSC1ROC12SldHV1NuWHJ4NFFaanB4WVFpeDFJTmlTaWlRWFdoRFBkNF82dWNEb0F6SUprMU5abmtyUQ?oc=5
2026-09-16 00:38:00,MU,Should You Buy Micron Stock Before Its Sept. 30 Report?,The Motley Fool,https://news.google.com/rss/articles/CBMinAFBVV95cUxQVndTX1czVl8tWGlUb254N0tHaXFBdXRVX09XMmlVckh4QzlNYzVSbHdOSHV0U0ZCMFNPbW5IbmlMN3dId0VqbHRwVDJOVEk0T21JTFpLM09jZHZqWWdnZFUyMmRKazdkc2dWeDZYMk5xOFc5Wk5NZ3B2UXNZUnU5aFFHbC1mdkhIZEJqdktBQlozVVh5azVxZG9sRVE?oc=5
2026-09-15 23:58:10,MU,Should You Buy Micron Stock Before Its Sept. 30 Report?,The Globe and Mail,https://news.google.com/rss/articles/CBMi1AFBVV95cUxQV1hBM0dVb09FMFBLMTJQREN2eURtNFFpMVRaSmJOdkZaRFN0VW9UYjlOb2VMTUlWYXJfLXdaN1FQajl5R0JVME9iRnM0MkdmY0Rfa204OXdSTU9fQXhvTm4wMk12OC1NMVFtSzRaX1JCUjBIZWFvUUlEWi1ReGoxNlB3SVYzYWFsckk1Z3BQMWk4ZThCSXlEX2JmS0hIeVpqazlCcWRfbkhOY1dIVm9yaVhuY0dlVE9hMjdIRmUyVmhaZEtWXzZoeVhqVGNYLURoYUxJbA?oc=5
2026-09-15 23:58:01,MU,Should You Buy Micron Stock Before Its Sept. 30 Report?,Yahoo Finance,https://news.google.com/rss/articles/CBMikwFBVV95cUxNek9ici1hTjZNcmpjTzZrNktiSk9UYUxIV3QteFRLV2xNQ3FJMXd0WnItOGpnVGQzZzQ1aTllUkQ4eWVQOEpjOTBKdzg3b2J0X3lUd0pOeERqazZ0MV9KZ21uTjdMbDFET29TSkV1OU5MVTkyN3Z6bWQ3QXJtVC0wdFZDZEo3cFM5T3BZNDJPbkpwcWs?oc=5
2026-09-15 22:14:19,MU,"Micron Technology (MU), What Is Behind The Fresh Attention?",Yahoo Finance,https://news.google.com/rss/articles/CBMinwFBVV95cUxOMnlhaENmN2l2NFNSbEx3dXFJZVVuTE5pSk9SSXhmYnNRRUwtbDY3RzNjWV9hM2tRckhkb0NhNGYwR2NXSFdBTHB0eUFBbm0wU0NxV21OZ1YtTzJwa0JLRXluWl9XN0ZST2w5U3dQc0d1NWplanlSWEV1aGo1RlB6YXRGYWJOblRtVUJndEEzVEhBR2syRzltak51TEZodHM?oc=5
2026-09-15 22:04:55,MU,"S&P 500, Nasdaq, Dow End Lower As Investors Price In Rate Hike Ahead Of Fed Meeting — AMZN, META, MU, TSLA, PLTR In Focus",Yahoo Finance,https://news.google.com/rss/articles/CBMijgFBVV95cUxQMU1UUUVfX1diQVloUXRJS1VzTU5YN0xUdjF0UHNRRWZHMGI1TjdMQXhwUi12ajVUMFMtNTR2SVNOWlJFbTlpWFVyR3Utb3hoNVdacjZWYWhUc1AxR0RtN2ZXRkhibzJnV2c2TjVMV3ZtVWxFd1kzejRrd3FhRWdQSDRLZXl0Q2t4QURROHVR?oc=5
2026-09-15 20:51:06,MU,"Stocks to watch on Tuesday after hours: MU, IVR, FTAI (MU:NASDAQ)",Seeking Alpha,https://news.google.com/rss/articles/CBMikgFBVV95cUxOODk5SlFTMkF0R21lVnJuVW1xbF84WDhVcE5Pa1JBT1V6UGQ1ckx6cTF0czF2YkxLaWxGcUw4b21hc0pfc0JJTldSUmJEZUJNb1FmWDQ2UktYVTExUndQRkpIbGtkTXltWHhiOFRMSVliaVdyb19DczFXT09WRFR2cEpScnpiT3RUckVJM2drSXJVdw?oc=5
2026-09-15 20:48:52,MU,Micron Stock (MU) Up on New 512GB DDR5 Module Reveal for AI Data Centers,TipRanks,https://news.google.com/rss/articles/CBMiogFBVV95cUxQZ2RkdncxOGNCQndXQW5RNGRvNjkyUXBpMmpiTWNJZGRURGJKbHBLaURGSTVUSXZwYWRXZXE3Y2RYczRFZ2FNVnlYTENETWpvN00yRFRKUFo1NUhFeW9IektnYndqdFhtV1JjQktwcGphWmhuakQ5bnBBTXR6M1d3MG01OXlzWjhMeThpcDI1TjdJVlRvbDB2UUhMZnpaR19NbGc?oc=5
2026-09-15 20:11:00,MU,Micron Technology Appoints Deirdre Hanford as President of Micron Research Labs,Quiver Quantitative,https://news.google.com/rss/articles/CBMisgFBVV95cUxPQXh1RWpqcHdhTmZPejNaNG5DZ210d2VIUWF5RG5waWlEQXU5MkdPLTdrUG9CT2JvdEo5YTdxcG10THVpVjhvYkNvQnpuQ1VZNk1hYmdRakctdTVXSGowcmExU0R5d0VRNXlGdnpYeVd3N0t4YlJpQ1NVV1Nvd3VPbjNFNzJjT3g0YzJVU0RIMjVMa0s3VTlUdlVIdVVjVUdLNHVhSmxnUDdZd2drRGs2ajlB?oc=5
2026-09-15 20:05:14,MU,Micron's research lab has a planned $10 billion budget. Deirdre Hanford will lead it.,Stock Titan,https://news.google.com/rss/articles/CBMirAFBVV95cUxOVEozQmgxdGdXaWFNenhoaVgwQXJpU01zaUpISnZhNkhveFBzeDhmbzRMQnE1RGZ6SWVCMmI1UjJuRXBJcERDTWF6Y0tLd2dDekEtYzh1OHhjVS1GRTRwQk45aVJPOTVLcVY1ZGxIenFRSkVBU0I4TTNfVC1pekxheUxueVNKb0FVRTNFUjB1ZzdlbmdIM2NQR3dFNEJPRUdnTjRicE0xbG5RTk5f?oc=5
2026-09-15 19:50:29,MU,What Would It Take For Micron Technology Stock To Keep Climbing?,Yahoo Finance,https://news.google.com/rss/articles/CBMipAFBVV95cUxNNWtEU0ppXzhXVlhPdnZuVVBTekFhcFY0dmUxVU94VUdQelp3V1Q2VlM4VDNmNDJLSGpoSVBRT2ZmcHZBaWZsSjlBQTFWY2tTVTI3dFk0N2djZUwxU25RbjNvYkdfUUJlVzd1RlV0Tm9MMVNoQjVydGVqNDVCSklaemV6VThwYTN3NlBCRjlXR1NfMVRnaUVvRHhRVndUOWNlV183aw?oc=5
2026-09-15 19:50:08,MU,What Would It Take For Micron Technology Stock To Keep Climbing?,Trefis,https://news.google.com/rss/articles/CBMivwFBVV95cUxOSEN5R1J4N280VVlCZHRRR2NZMGpaNWRJb2JsaXV2OE55eHIyZWM0MEJ2c3MyNVp6V09DQW1md1JJb3pLckl2VzFKYzdmS0NvekZFTDU0MGRMaHEwSGxUZTZPLXoteWZaRm85S05lZ2dvN1dWVENrMW9DYWN1MnA2QzNFYjJSaEI3eW1uWHpyQmZ2bWxzQWlkbk9XWnVMME5VUUs3VkprUnp3OXFBaTdodVVVMVluNVhsRVpTdzRnNA?oc=5
2026-09-15 19:17:39,MU,Micron (NASDAQ:MU) Stock Tries to Bounce After AI Sell-Off as New 512GB Server Memory Module Debuts,Stocks Down Under,https://news.google.com/rss/articles/CBMifEFVX3lxTE5WS3E4LTBhWVFEbnZIbFh4Vi1DREZjbWVtVkxDbnNJMVRCcHVCQlQwdks3RThSclloRmFvZnkxUmx1UUtGLUlQcVNITTk5QlhCT2w1aXNLSXpsLWE1LVctbXFYSEpnY0NEV2thaV9nWlpjSWRaZjRfUUQ0MFM?oc=5
2026-09-15 19:12:00,MU,"MU Stock Slips Premarket: Analyst Warns Revenue Could Halve By 2030 — But Retail Still Targets $1,500 In A Year",Stocktwits,https://news.google.com/rss/articles/CBMiogFBVV95cUxOS20xczJQRnN2U3htU1g4alpiaXJVcWJGbHBsZXZhblV1TTZpN3lGVk8teEhLck1rc3JsWmI4dHpJQ3hYOFNGUmo4bDRoU3pJQXFYdExManVaOFlhcHR1bElhenJfWmhKUVN4dGxDNThCWU9scTI3Z1FGSllCWGhsbzl0MjNpekRWOTk3UERJcE5rckluWm4yWThGR0tBWTBycXc?oc=5
2026-09-15 19:03:06,MU,"NLST Stock Rallies After ITC Patent Action Against MU, SMCI, HPE – Roth Capital Sees Settlement Upside",Stocktwits,https://news.google.com/rss/articles/CBMixAFBVV95cUxNMkJQWWpSbG9MUFJhb3lMbDFmSkV6cDVnaFFqdkR2dFRHUExweHFmMVZJU2dPSnhJTjltTVpwTlcxVDdJMGpyT0oyWmFQQXVZdVRnX2FSRmdOUGp2ejNEMGdUVnVWOC1JVWN1ekF2bW1TbEt6N3dSaFc4X1BOY2RvSXZjZXg2aW9jMC1od1lET1k2RnVoRGE5TDBYb0UtNzJKekVuaXdHdlU2eXVqQll5T3NrMm1EYU1uWVduVjZmWnllS1ZG?oc=5
2026-09-15 19:00:59,MU,SNDK Capitalizes on AI Storage Growth: Can It Outpace MU & STX?,Zacks Investment Research,https://news.google.com/rss/articles/CBMiogFBVV95cUxPVlp1X3Jpb2VSQmFCNkZQNU5IQlZGOXVRdU9DSkc3cEM2NWU3VjlpTmFxdzdzWThMWU5OdjRZZGk0RkU4UHhPODV0X0dCQXFFUnJpQXBiNHNyQVgzSTdDZHNtM0d4VUNJYWotNHZYeDlqdTl1NGl2enFZVWdqTlp0VnF3cUtBSkdnLVhER2R3OEhNMXFwU2I5clFmYlYyN1M2S2c?oc=5
2026-09-15 18:53:00,MU,Nvidia vs. Micron: Which Is the Better Artificial Intelligence (AI) Semiconductor Stock to Own for the Next 5 Years?,The Motley Fool,https://news.google.com/rss/articles/CBMimAFBVV95cUxQWFVlbDZwdVJlUDhMVnk1LTBmRE1lZ0tJenRlZnBGZEphQkJNR21NbWdkSk5GaU1WbDV0NExYZGNCR09Bend5NXBpMmtRRS05andlUWNGMk5XeVczY3lnUTNiRDdhVF9kdzVVWmRIS2xyTjlSVnBhNi1EVUROV1ZtbFVhNjAySFR1dmNhRHBTN1VVejBBNkVfeA?oc=5
2026-09-15 18:44:26,MU,Micron (MU) Stock Looks Reasonable On Its Very Large 3 Year Run,simplywall.st,https://news.google.com/rss/articles/CBMi1wFBVV95cUxOY2Z1UTdmTmZBY3Zia0diRDB1QWoxSWdzb0t2OW9razdZVmZwcFpXRWVKME1FbXdYMDRVVUMyWWFpbE1uSlpkSFpOWG53bFpTbWlwRWFXQnBnWVdXVmdwVDRTTWZoVnpkNExVekxNZE0xN3pPOTRTZUcySVhXVjZXWlZ0ZHZtaUNxNDFZNmlsMWNRaC1WMHI2THZZVkJ2dzZ5WFIzYjZiYlgtRG9pVUNKUVZ0bVE0WEx0dDNNa2l3RWFGOW8yVDM3R3laUkV1Z19EY1dpWnBQRdIB3AFBVV95cUxNZnpKWGlNQlc3eHd2WF8tajVMQkp2cy12MUozZkdqdTh2ajBsWWYzZ2RlVV9rbi1BU3hXWWhqQUhHNGxEb2NLTERKaGUtUFVPT3VRU3FHQXFQZWN6cGdMdmpBZnp3WjJvemQyWHpTSjR3NzZhQkNVcHVPaFJIeVVoQmN5OTRIckRvWkFKNlI4cFE5VFRhbEZqcnE5S0xVSG1uWUVmRnlPbURkQV96WVN1clpBRDY4c2xXVGZfWTMtRklaeXBGSzBESUtvb1paR2RSZnVEdU9PeFNpREs3?oc=5
2026-09-15 18:39:22,MU,"INTC, AMD, MU, NVDA: Chip Stocks Tumble Again, Stalling A Nascent Rebound",Stocktwits,https://news.google.com/rss/articles/CBMizAFBVV95cUxORHdiV3k3V2RtSVBoRTJaaW5PcTZhQzBTNlRUM2VqcjBpcTViNkREdS1uVGtnb1FYckxkREh4Z00zN2NBSnlNRGZ0SWhpNERydkZKTlJCejRLQ2xqejNxREhfS1ZzSm5CdjhrZzlZTnRiN1Z6M3VtSDU1d2trMG9jVFUwT3hadk93R2l0TlBBZkttekkyTDBHTW1Zc01YTmNzRVJ3Tm11dGcwNktNX04yU0pLUENBQl9sOUI4dVMydW02UUhxZDVXX2pZT0M?oc=5
2026-09-15 18:33:59,MU,Nvidia vs. Micron: Which Is the Better Artificial Intelligence (AI) Semiconductor Stock to Own for the Next 5 Years?,The Globe and Mail,https://news.google.com/rss/articles/CBMinwJBVV95cUxOUDBTZ2FfSzFrbHRuampQdDVkNHBpdzhWYm1IN2dGTnZvbUZjMmEwdGVNR1J0SlpyUjBFUlhNUnlFM2Yzd1M0cGhRWDg2U0x1UVVZOS1McDRwcnd4eFNUT0tCWGVKWHB4V25KRmRTT2hmaE0tcGQ0N3E3ZXZJMC1YaElBVXRMUGhKTkxMZ3VxNF81SWR3ZWV3RW41QnVBSzFQaUVOOThmWTFqRGQyTTdfdXRTckFSX3FQTDhLeGs2Y2RyR01BN2ZlX18wQWlZVk52WmhVc1NOdjlqckpONzlnQlpJQjdfNmdLNFdoeE05dVNUaG10cWk4SDZKemZRTFI0dTljZENrdlNWOTdnQ3B2U2JqNnVySWFXeVdma3hadw?oc=5
2026-09-15 18:14:48,MU,Micron Stock (MU): 2 ETFs With 25%+ Upside to Consider,TipRanks,https://news.google.com/rss/articles/CBMihgFBVV95cUxNaXQ3TENONnZZOWd2ZVpWLTNQYWVHcnJMM0pJM3BfSGRoNlV6aDhtb3VjOE1jZ09wU2w5cW5iaS1SRVFUYm9icjJ6U3JOU3hzTC1Ib2JwTUJUYVRKVHUta1dSc0RETEp2RndkWDlTNTZFX3ZlajZCXzNqeXJqeWpCWVFVeEdIUQ?oc=5
2026-09-15 17:52:00,MU,"Western Digital Falls 4% Despite Its AI Storage Pitch; Seagate Drops 5%, Micron Holds Steady",24/7 Wall St.,https://news.google.com/rss/articles/CBMizAFBVV95cUxQTFJoaVVoNXZScDZ1MEY4V1Z1dFp4V2xXWHlfd1hrNTdrS3IxbWE5TTFyc0FXQkFBX2V3RWd5Z1RGNU9teVNpOVBsbmxzVFRQbks4bzR5SjdkZUtsdmRLa2Y0b092aEppNFI5dXhQemdhdGg0QUVWdHJVTXdEQlI3bzdKeVJPMjRzdzAxUVRvbnNRdWlUUlhiM2lYWnRKV0lnc0tubkRHNWFYc0lCRkV3aml3TEIydFZ0SkVZTFZDX01aWElBS2ZBVTRBZTE?oc=5
2026-09-15 17:44:54,MU,"SNDK, WDC, MU: US Memory Stocks Rebound Overnight After Anthropic-Driven Selloff; Traders Eye Samsung Results Next Week",Stocktwits,https://news.google.com/rss/articles/CBMiiwJBVV95cUxQNGRiTXRzcl91M2JFU091Q0R5U0hfRUFWUlV0cGN6VVRUNnBnTGtNcUlrV3A4THYwbUV4U3c3UG1jeW5Xb1JKSGlkbThjdDRoVWlxYUNKVjhMV0x0S19SSjdzR21nZUc3ME85NmhrbXVwVzJLdEMxU1VQT3A3T2hEYlVCWEF5ZjVZV2piZWVjcy1jamtfbHdxZFhsU0R2Wkp1TGVzWWxxOVZ2MTRaMzNDV3VETURtVUFXa3UzcEZpelJja1lKYXN3WmM1MGJLU29IRzh4dUJOOXFZYVlkWTU2ZU9keXl0dVRCRlZhUWJVUGFublBjMUd2NS0xcjh6RDg0di01ZU40SFpJQ3M?oc=5
2026-09-15 17:21:38,MU,"Jim Cramer Validates Caller’s $1,400 Micron (MU) Thesis, Doubles Down on Charitable Trust Position",Yahoo Finance,https://news.google.com/rss/articles/CBMimgFBVV95cUxQUHI5c1B3NHZSN2l3aTJzd0lBMWlsamN2a0hDZkZIY1JjUS1ZUlJQU3AxbF9SWUY2eEdCNjBVNWQ4V3I4dVZ1WTdYTXZQSk42czhBTTlHSkNONkFiREhTM2tISWI5d3NUWm1hOWYxd043cTdzdzJhY1lnS2dSMElCdGNGU083UFl6THJ1NGpZRnNndE1DelNVNUp3?oc=5
2026-09-15 16:58:28,MU,"Micron, Intel, SanDisk Hogged May’s Chip Spotlight — But These 3 Smaller Stocks Crushed Them",Stocktwits,https://news.google.com/rss/articles/CBMi6AFBVV95cUxQaUJrekdVQW5lZ2NJQnhyV3EzQ2QxN0c1cktjUldoMGJNdmFZcVRCOVJLYm5QTGNJdEJfZHIxMWNYRUNfZmZ5Q0F5REo4c2ZoblcwYVBLUHRPaHNCdTV5bFFrdnE5VnZkY0hBUWJyWFM2aF9tTkstZFVJcmpJaEJNN0tkSkJQUDEzQzhaaUhyTF9wVm5aWlZJYTNpMFVncGtaVzRscHpHUG5QdTFGTHJJdzRrc0l2TzE5VEc1UnRxaXlVS3diZV9XWkJRQklhSDNmX2luTklxejNDQnN5MTdLMDk5d1BnNGsy?oc=5
2026-09-15 16:16:09,MU,Micron Technology rated Strong Buy as AI demand boosts Q4 revenue guidance to $50B with 86% margins,Pluang,https://news.google.com/rss/articles/CBMie0FVX3lxTE9uSUM3X3FtamJJQ2JLeFhtQ1pseHlEUGE3MWcyMHFsN25FdjU0YnZWTzRjeDFnRWVGRWlISVBka25UZUYxRDZSdTBJNUlTcXNjMHJfdWo1Qm4tR2hjYXUtYTQyRTRQeVFEVU5LTm5HWDN0N2Q2Z1NmRHRZVQ?oc=5
2026-09-15 15:58:38,MU,Micron: The AI Memory Cycle Still Looks Underpriced (Upgrade) (NASDAQ:MU),Seeking Alpha,https://news.google.com/rss/articles/CBMioAFBVV95cUxNUWFzT3ZtZDlsUDluN3Axck8tVGFrQTQwV2dYLUU0VkZWX25DZ2s2YklQVGpUWTdEVWo3cUtPcjNXbDNUc0g2WEE4UHpBREMxOVl4OWo5VHlkdXBmZnVKUmZ6VG5wZjZ0TTdYZmZIeVZOZ2dqMG51WlFKbDd6NHk5bFZSNjVvc0JsdGFFYUdVSXhWMEhMeWtZRUZvOG81YkNX?oc=5
2026-09-15 15:50:33,MU,"SK Hynix's Nasdaq Listing Could Lift Valuation By 20% And Narrow Gap With Micron, HSBC Says",Stocktwits,https://news.google.com/rss/articles/CBMiygFBVV95cUxPN3p4bTVkWnZKc2pRZHlEVm04MmstdjBIeUdzZzRzNGUxQmVGWnBHaXhxWmxUUGNpc1hBM0stZ1pqN3dvU0diQ1ktR0xZSmVDdUFxU09NaGx0Q1ljMVc3NVVkc2pxVWFqS0FHclpIc3N6WW5DT2lBN2w3SjNGQ210ZHFLR2RETW1fWmtKSXBGbU1GdG1RRTFQYl8yY3c3QWlmSGdoQ1lWSXVKUGluMGl2eVVVMUdiWFZZbEUwUnR3aEEwY3ZGTHV5dnlB?oc=5
2026-09-15 15:32:55,MU,Worrying News For Micron Stock Fans,Yahoo! Finance Canada,https://news.google.com/rss/articles/CBMiigFBVV95cUxPRlRlVF8yeFZnVjdCbWpEV2FOM1NCSUhIZUgzWXczMi1lX25YT0lrRjBQWl9qUUpzalBLNGZPd0NxYk00LVYtbUlwWEZNMm1nVFNGODB1MkJNRWJNNjZ2dmtOMEJiclczSXVNUnR4V1pCenBFWGJRNEhQdFNlYktOLXhIYkZ5bEJxWEE?oc=5
2026-09-15 15:32:55,MU,Worrying News For Micron Stock Fans,Yahoo Finance,https://news.google.com/rss/articles/CBMinwFBVV95cUxQXzdnX3hXUXB4QTFEcnFUWTRUQ3pjaXk3T3JqUWZJc3ViMjFnRUVndHZ3S1NwaGRRMEJad1hRZmhwcC1jazJUWDJYeTJ1S0RRQ0NRaGRCcl85V1Y5ZHR1bEdhU0txaTJPOFUyWkZLRmE0ZWgyMUt0TEJ2LUhDRUgwZWtMc1IySEdvdHFJRnFKemJhTlh2cGNVWjNTd1B4VDg?oc=5
2026-09-15 15:28:28,MU,Micron Gains 1.4% as 512GB Module Raises the AI Memory Ceiling,Yahoo Finance,https://news.google.com/rss/articles/CBMijwFBVV95cUxOelNYaXZmb0VJX2d1OUdqamk3VEdDX1pyZi1xUExPQUF6VWllMEpXaHZ2OUhCZElVU3BWck1YR3pYcjJkcFRlRlI5dlEwTEdkRjVyUkg3aEEyR29FTFVFOFQtaW9DSnNKRTZkWGxWRGdSOWNPUDNiMmc0QVYtR2w1RkpLTzM5ckh4d3Blb0I2WQ?oc=5
2026-09-15 15:26:05,MU,SNDK Capitalizes on AI Storage Growth: Can It Outpace MU & STX?,The Globe and Mail,https://news.google.com/rss/articles/CBMi2gFBVV95cUxPWW9CUWNuakZ6cnBJRXI2VVN0dUgxUnNKMl9YYUZiTjFfLVNfUWtMa3lQRFYydXI1dFBobDAxNllQN0tYSE9jUWpNWnZDSzd6d3pRNmprbm1wUElUZURGY2p0OXF5RXRqYnU2ZENRWjJ1X0FqTXUwU0FmcHJVRlRoeHloN0NhbzFCNVhGX1F1UERYVDNDRUhteS1Nd0ItWHVRWkpXZGVBZGdtd0xUWC13QVNWSnlSZURFUV9OdjlpREt1bFl0QmFKdVhoN2Z6QURFZEpkeXl0Z1NTdw?oc=5
2026-09-15 15:16:18,MU,Micron vs. AMD: Which AI Chip Stock Is the Better Investment Bet?,The Globe and Mail,https://news.google.com/rss/articles/CBMi3gFBVV95cUxQMU9rZ182SVQtcmZkeHFKUEhhcmtKdFNFX2o0ZXUtbnRSSmhPZEkzLUU3ZmVkMk1LSUltYi1KMEpkOFhlSEh6SFlUOWFRUUlsWmtHeEVWdGNLbWtZWEZrM2F5clBVSDVLdEl4eXNabmM2TDQyUjlHMllIVUppa2tfc1dBaTFYVUJWbFQ4VTR3Tm5NcVhOaTJmU3RHcEJsYVdyU0dDZnZxbXRQcG9WeWtvQWRaYlk5Y1NDbjdfUGN3cjBMel90cDh4ZVViNFJJWm1rT1RsYlJRbktRcGRWaGc?oc=5
2026-09-15 15:02:13,MU,Worrying News For Micron Stock Fans,GuruFocus,https://news.google.com/rss/articles/CBMif0FVX3lxTE5tUV93dFRYRFZXYUQzUlE2WjZBa18tY3FHN3NNUkhJY3lkMklaMGVTZmU4NE1QYzhZelUtVTgtMzZrejRqWVozbVhIU3Jyejlna05IcTVUZzdpeWdqRkFGRFVUSEdtRDBtUkp3NklTc0hOc1RBbzY0eDYzMktlblk?oc=5
2026-09-15 14:23:03,MU,"MU Stock Rises After Micron Debuts 512GB DDR5 Server Memory – AMD, Intel To Validate New Server Technology",TradingView,https://news.google.com/rss/articles/CBMi9wFBVV95cUxQZlVRdDFvM2pPd040MktBeTNiLWcxNWNOS05HQ0FPOEJrR1haSzNuS3kzU2tMZy1zbXBtTGZZeHdCNFJKa0puVVRuSWhydjNOYUNiSVNiTFA3eklCMmFTbllzRGFCNmpFN1JTMGJwTU9YUXc3d0xSTGZzckFfREYzdXlNb3JROG1Kb09Vd3pmR01MdWlBM2pmaVZXc0ZZbXRrNTlndTVzbzltVC11blp5RFhDM09ZME5tWXFEZzBZTW41RGJGeWZlLWM2b09Wa24wTjE4VENuX05aOVpxNElEWGllamc4aEo1TGREa0E5NHd1Zm1Ma0pz?oc=5
2026-09-15 14:23:03,MU,"MU Stock Rises After Micron Debuts 512GB DDR5 Server Memory – AMD, Intel To Validate New Server Technology",Yahoo Finance,https://news.google.com/rss/articles/CBMimAFBVV95cUxNSGV5X2JITUVkWFNZRU9kYUd0ZWtBTnlDS1huX2JJLW5NNmRfSE1uY1Q1VmdkVDRpZjVuWXQ3SzJJNFFhN1ctTkYteTBHNUdydlRhZ3kyOFYyN3pDMGVmcnZkUWhnczV4RkxQX3EtVl9yb3YweFQ1dVFtY2ZpWjV6RWNZd1EwcUhNV084bjBwekxhYkdJODVkSg?oc=5
2026-09-15 14:23:00,MU,"MU Stock Rises After Micron Debuts 512GB DDR5 Server Memory – AMD, Intel To Validate New Server Technology",Stocktwits,https://news.google.com/rss/articles/CBMi1wFBVV95cUxPNEJJWTV6c3ZrMFE4dkFVcEVoU3gyQ21Eaml2WXZqYldqUUg1Y2l4QmtFcXlPbmFZZlIydlNiaTdYV0t3TnlQN212TzFZODMxdjFQRG1oc2xCZ19mX1lhcEg0d3JLMnBPWU5ocFhPSG1uVnFmNTJjRElMMzJzSWM0U3hCdV91N2ktaUVjWHhCQklFY3VHOWZoOEQ1TEFsYVF6WF9JeGR3NmU0VllON25ac1RwSm5ZUThZS2M5S0xVOW4yRHlEcVFZLWdlRG4yeWthVVV4WGJiWQ?oc=5
2026-09-15 14:20:08,MU,Micron Stock Price Forecast — What Analysts Expect Ahead of September 30 Earnings,TipRanks,https://news.google.com/rss/articles/CBMihAFBVV95cUxORGpXVWI3OTBqRThtWHpsZENldC1TdkYzeFlJQnFHY1RiRkhPWGVaWXZtTVVDbWxSSDRKYUg2X1Zad2d4WF9EVnFUVVYyNFJBeHZXaTdEVWl2QjFPU3ZZckhJZk9iU0tGM3RPQmw5dlNjaTdwY2RVNUItSDR5RTkxcHZMeWc?oc=5
2026-09-15 14:14:00,MU,SNDK Capitalizes on AI Storage Growth: Can It Outpace MU & STX?,Yahoo Finance,https://news.google.com/rss/articles/CBMinwFBVV95cUxPbDlvMUFPUGVROW9Ua0hqVE85RWplMEZZTi1XTUxoVjVjWEE1UktIbUdiOUlwREdhazk1MW05dXFDcF9BbWZabkM2XzBvVnY5bkVwMDkyTWNfSlVuRzJyZUtsRmlmLVc5WjN0NWdBRXo0aDdvb3kxWkp1Xzh5NEpBZmJWQUhNd2xJdUdMVm95cHNWaERKVW9lY1N3SC05bDQ?oc=5
2026-09-15 14:11:22,MU,"S&P 500, Nasdaq, Dow End Lower As Investors Price In Rate Hike Ahead Of Fed Meeting — AMZN, META, MU, TSLA, PLTR In Focus",Stocktwits,https://news.google.com/rss/articles/CBMijgJBVV95cUxQNlF6cXc2ZWpPX1JuV0VxVGpjR25YMjV2Ul9feTZiRUQtS0piY1d4aF9fYndlM19xOTE2U2RDemJiVVVRZGtpV09CM24yTzh4RXBVOWF2ampwZjdGYWdnM2hYc0drZTZ0Q01Gb0ZSOHluRVZRZ0xOZWxraGp3VE9VTUt4WnFBSjdibU1qRnJXcnZfUWMyZDdPaUZzYmJpRlFlQ3NKR2NBNWhldmlRYU9qWU4wd0dsb0pQMlkybTVfRUUtSkw4VEN4a1Npd3lTSUN1WWtqSVBvTnlNMDBvWUdqRjAyYVI3MEJuc29vaG1rblk0cHBCaWg3bHRPNE9xTXNpTzNOa0w4aTVUdGRNcVE?oc=5
2026-09-15 13:48:14,MU,One server can hold up to 12TB of working memory with Micron's new module. Volume production is expected in 2027.,Stock Titan,https://news.google.com/rss/articles/CBMivgFBVV95cUxNSkQ0X0prZXMwRXRpMmE4YkNqcHgyUE8wejVKM3JPWEpHMUtpRmsyd1h6Z3FrNjRvZnYtYV9sOU5SV05hb3k1WnF0enBDcTZNYXVFUWV3VVk0ZEJPMUJJc29tcFRoblhEbURYX3AyV3liQ3VieURWelFKeFBqSS1ldWN0STdyTEh4LWEtOTY4VTYwT0FnTHc0WkxjMDF6eUZ2RDRUNW5FV1owV3FOMm02YlRZYjd0SE9PYXh4M1F3?oc=5
2026-09-15 13:38:28,MU,"MU, SNDK, WDC: Memory Stocks Rally Overnight, Micron Eyes $1 Trillion Club",Stocktwits,https://news.google.com/rss/articles/CBMixAFBVV95cUxPWEZaY21HMmRCYWowMTFmNUZ1bWNIektuWXZfWjJDTTVnVW93eVlVX3N2TzhXa0pJQjRUM29ySDk3SXZlajdPbzhtZWwyVzd1aWE3aWoxWEpZUDUxeS1Hb0p4bkNSb0VIeWItN2ZFS0l1dVhYY2Q1WXE5OEVoTHZyMjZ5emN6TFF6OEVtdlN6WFZDV1NkeW80UF9UVGFNTGlyYmNpTDg4Nlg3MmhnanNDN1pFS1hPelNIeFo1TWVhNmNQcFp4?oc=5
2026-09-15 13:26:19,MU,"AMD, MRVL, MU Stocks Hit 52-Week Highs: What Drove The Chip Stocks Higher?",Stocktwits,https://news.google.com/rss/articles/CBMizwFBVV95cUxQY1YyZ0RQdjVBUERDWkJyb2R3eVR6ak1xNVJsWXl2bmxOM09VaG00MEFnektlSXRkd0pHVTROSVlRRlQwRnQ0eE1MT2Z6WUdhWE11bWRXdXZMUjRGV0taelhXOUtiam5WeTEwM0dxVWNhNldzemxSeWstRzBzeW82SUxUcWw2cmZBNWtiSElZODdNbE9BUFg2MWdoQUpwMGpfSGNpR2d1WVdpbnQ1ejkweENGSTBGcVNWdngyM3dXZnF5bkE3WUwxOS0ycmFPems?oc=5
2026-09-15 13:23:15,MU,SK Hynix Targets $29B Nasdaq Offering – DRAM Jumps Over 4% Ahead Of Micron's Report,Stocktwits,https://news.google.com/rss/articles/CBMi3AFBVV95cUxQVWh6bUc2UTNReFhfeldjczVpMzFLU2p6VXZEalVfSUd2MnFTbURJamJSWjdYdWNSaElTY3R2aG9YR1U2bDM1U3ljSXYxeTFJVUQxdVlrdlRLeEk2ZzlJNS10bEkyOTVKdWxVcEdfemFzdUFTMkNnUnhEYWdfTWJhOW9FX2dYcnVaYjJsQ1hDVVBTUXJwTTFlcjRUVWROYUFwcnJOZ0oteUJsWEFuUGdpaGJJejVhczZFZjZaa3F4Rk1scW9jalotbjh6S19rWkZTTXNjckVDaEtfOFZE?oc=5
2026-09-15 13:15:00,MU,Should You Buy Micron Stock Instead of Nvidia?,The Motley Fool,https://news.google.com/rss/articles/CBMikgFBVV95cUxQSTBQYU1nUzB3XzJvRGtwZ0Y5cjJZZXFpYWJ0dXZDVWU5cTdaMHVPVzdpWW5ZQ0xRRnBaOXZLQlVHbnRkZ0poMm9DNDM0MG40OEtybURvQ1lUMFNDdlZ6bS15dk1fM213Si14VFpCTjhBTkMzZXVuajVjb0l4MFh3SjlySHBzRXBmR2M2YU9nMi1tQQ?oc=5
2026-09-15 13:12:53,MU,Micron (MU) Stock Faces Labor Unrest as Taiwan Workers Threaten Strike Action,blockonomi.com,https://news.google.com/rss/articles/CBMioAFBVV95cUxPUDhnaVZjSkg5U0M3WVVxUktyS01DUFNNN3UyZXZGa0dZLVFhQTFsMV91TDlmV1czVXkxa1kzVjRjZExQVGQ4WmtCd3pkb0Flb09ZUzY0VldDTjNoNUZRZ2R3MjdEaElmaEpENTFOTS0yNmdkX1JKeGM0dG9CQ29VeEVYVjZKQW5tTjRSYUd3eTF1NVU2c0FnNDltYVM5d2x1?oc=5
2026-09-15 12:35:00,MU,Should You Buy Micron Stock Instead of Nvidia?,theglobeandmail.com,https://news.google.com/rss/articles/CBMiwgFBVV95cUxPeEtleGNxbzZCa0lDeEpUOUtRTmdkZC1NaWEycGI0QXgzdHZNYVo0UUx6YWl3STRFcTExZG1GdlRWZDhGWjFadUpYeW85cUxmSWlpSzY2S1RRM1NUdkNjRzNMOFA0VHFjeGZSOWRJWlAzdmR3NE1WRFdackt5WnJzcW0zeEVScTI1LWdnTm9MZnJpR0x2Y1lCMEhIdmw3QXR5MUlMZjBhd0lwbjExaUtwbENudTZuSWJKR2U5VWhKMi1nQQ?oc=5
2026-09-15 12:35:00,MU,Should You Buy Micron Stock Instead of Nvidia?,The Globe and Mail,https://news.google.com/rss/articles/CBMixwFBVV95cUxQMlJlZjZ6dWxfMzVlLWVWSklzeU5RXzVWUVI4b1N0cGExdExEOEJxX3cxWWxQaDNhSEw2cnhHYXVxQVRsVnNYbG1qaEZUQWR2clRSTmRXQzJSdndGYVJONGl0TWxaMWU0UVNGOVZiQ0dNT2xpWU1saktoNU13NVM5ZWVTT01DSWhVdnR2Zk83Q29ER1VvWERlYl80NXNwQlloTDQxVVFCWW1EWFFCMTkzalNKTEktcVduSW5PeEFLdk10MUdRYlM0?oc=5
2026-09-15 12:34:00,MU,Micron Stock Moves Past AI Fears but Now Faces Another Threat,Barron's,https://news.google.com/rss/articles/CBMiggFBVV95cUxQRFpqdFNWTTNOQ21qbDlXVlJOVDN6cTdRNXZjVFFPbDFZRE9jYVlpeFZnU1ZmOVFfQWtXNVVheDlsb2FBTVJaSWpWXzhzYWhVSlpJZW9RMW9GbHM2VG1nbVdsdXNvMDBhVjJ2RHRhalZJaHRZTWhMdWxEamhOcmNCOVJB?oc=5
2026-09-15 12:22:54,MU,Micron Stock Forecast: Can MU Rebound After Its 26% Drop Before Earnings?,FXLeaders,https://news.google.com/rss/articles/CBMilgFBVV95cUxObjVNNzdVQ3gxbG9jR2hSX3hkT2lWam5WUEZFbDg4UlI5NkNxN21Ydmx4N3QwY0RpNWd4Zjc2QXNJYWY0Q1k0Ym01MkJKOWR1NTRIMTBGTFpFWUlqQnVKR245Ql9wTXNkZ2U0c3h5dFdjWk5BaGNyZndxWk1SbTBwR2t3Rm5xTmRfcmVqcEQ2aFZJaUNyWXc?oc=5
2026-09-15 11:51:28,MU,AI models predict Micron stock to slightly decl...,Pluang,https://news.google.com/rss/articles/CBMipgFBVV95cUxPUEVFLVdxX1pMVVpqVTVObWNKWUFKVWlzdEpIV1pOdTJlNm5JZEhmamhJejZlSEs4YUNydWY0OEF5MWJEU0c0QXBYS2xzaHAtbGQyTzk5aHp5eklDZmI2ekJVYU9Lai1Zc2dPVFVsR1o1TzlzRzhySUZhVFJXTXdHX3YzS0hsYmRCZG41Y3NKZ0c0U2dtS3BjSWczT0RxeHlOZWE5d2tR?oc=5
2026-09-15 11:35:00,MU,Micron Sits Far Below Wall Street’s Target. Here’s What Gets It There.,24/7 Wall St.,https://news.google.com/rss/articles/CBMirwFBVV95cUxNMGNhbE0wRVdIVm5Fb2JMMU1Ccjc1bGdUdVFFZWdtQ2hacE5mZ2VoQU1PZDF0ZWFuR3ZsbVhUTDRmMXJEOHJFODVnV2RuZ28tYnhOSGl5dUJaaHc4d216ME1kRVNVU0U0amJuN2UzLVZCS2MwSjRfaDYtTWNZQVN3SXlhSXVaLUlOYWcwVFA3MS1tT2Q5R3pmakFYbDZCRHBoR2w3Vi1NSmllTUIzaDdn?oc=5
2026-09-15 11:34:28,MU,"Micron Stock Rises Even as Taiwan Workers Reject 68 Months’ Pay, Demand Profit-Sharing",TipRanks,https://news.google.com/rss/articles/CBMisAFBVV95cUxQNUEzRDdiT3gyWG1FSW0wVUt4OFNiaEVBSFVCMUgyWFVEV3pkRktzajRlWHhteFpYOGdPMXpXS3duS0NUcmo0bGl2QjhTS0NpRnBsSW1ORHlSNWtUTk8wTDZXRjZPUlF1aFQxRzJBRktTc1lBME9IOWdfSFZQc1JSSllPcmx4SV81U3hiLXhCNmE3SWFIWE1yczIxc3BlTGxfWmt2clZtVHBLUGR3V1l4Ug?oc=5
2026-09-15 11:28:26,MU,"Machine learning algorithm sets Micron stock price for October 1, 2026",Finbold,https://news.google.com/rss/articles/CBMilAFBVV95cUxOY3hYTGVETUxwdUN1QWlTRy1KcmZ5UEo2eVpfZktwQWxOTEs4clNRdTR6VDJSNGwwUF9jUVg2Ym1jdFpqUnZyaWY0aE5jWGtveFlUOXdUT1B5XzVMX3l4RlV3aFlDVzFTWnZyOHlvMG9fUWI2UDJBVU04ZTNZSy10MnVSNU9aVTE1UnpJZy1lbjhLejdU?oc=5
2026-09-15 11:16:00,MU,Where Will Micron Technology Stock Be in 10 Years? Here's What History Says Could Come Next,The Motley Fool,https://news.google.com/rss/articles/CBMilwFBVV95cUxQbE1Wci00Sl80RVVDOWl6TjUwUlZ3SGlCZVdVV05temZRSEM5MmQ4RG1TQmo1RTJtSk90SEkwNmJMYUVBNmhWUjc1Mm01U2NjckRxV0xpR2RXUzRRb2lvUGRQSXRWbXEycXlfN2JEeHN2blVmUTdmamlmOE16Um5GcUJCU1EzNTVkc0xTZE1DZkZSU1NEUzlV?oc=5
2026-09-15 11:06:29,MU,Where Will Micron Technology Stock Be in 10 Years? Here's What History Says Could Come Next,The Globe and Mail,https://news.google.com/rss/articles/CBMiggJBVV95cUxNbGlBTVpWc2hlVHlWbzU2MFFjS3BtTkRnWlYtYjFrZDJwUUxXeU5Wc3dBMDFDLWpYSTJvQjlHdE84cW5kbWZ0SHZfV0s3c2ZEWWMzNXNUSjlkdU9ReUF1eEtxbVc3a1pLRTBkQ3RHdC10dVVuUmtiLVFsQ3FVT3VlNkpRdm1OdGJHV2twaExXcVJrTGRkMkpYTHhfdmE4SGVQNmpYRk9TVXhVVm1rSFZoVktsb29WYkF4eDZYdDhlTWtta1o1ZU9aWURyRXl4SWRXOFdiY2VsM1ZZSDRIV0QzczhmSmpqZlVYWW11ek5xZ1RNcVRtNTFvalpPR0syQVdfZFE?oc=5
2026-09-15 11:05:47,MU,"Micron Taiwan union escalates profit-sharing push, keeps strike option open (MU:NASDAQ)",Seeking Alpha,https://news.google.com/rss/articles/CBMisgFBVV95cUxQWGhHU1EteWVQUXZNTE0tRmliUE1mQ2ZydWxiQkUxQTM1Z0twaHhldG5QaWdFQ3RfSUk0SjhLdXJ5T0lSSjNJRm8xUTZJZXZ2QWk3ZHVEQXhRTEJfcWR6X0RvNjU4UkZ4a1lHUlZFWWpUUFRpWWk4endmWGtzOWVwczQtME4yMlZ0TTVOT24xa2liUHZ5VXd3Z0dRelcya2xGUThGano4bjIzaWIxdjVWeUVR?oc=5
2026-09-15 10:40:09,MU,"Scott Redler: Premarket stock market update covers NVDA, MU, SPCX, SNDK",Traders Union,https://news.google.com/rss/articles/CBMihwFBVV95cUxPT1VBSkVCdjNDOGY2blBkRjhkTHBXaVFyTWFLbHZ5T2hHTGVZem1VU2NhYUREQWhwSnR1bVlEOFFCa0t2TDJOc1U3MFpIRXdjRXEwTmlvNzE0MXRPVVdxQXU5VnloTEc1ZlhtQ185N0JLcDhvc21DeVctSFhYOEVMSHZGOUtLWk0?oc=5
2026-09-15 10:36:00,MU,Where Will Micron Technology Stock Be in 10 Years? Here's What History Says Could Come Next,Yahoo Finance,https://news.google.com/rss/articles/CBMingFBVV95cUxNbXV2OTlSVzVOdVFpWDZFZlhqUnBYLVhkYXA3UEJJQTJjTHd4dm1QdW1UWWhISEVyTFN5WW8weDlUbzdra2FRMGNVRkUyZ3RldDhYTFl0UWlkQ3J6U29lSmVhcC1CdzI0cEVSNFJVTmsxWXdLbWpKUmVtcFp0QVlGTFZrRXhUTUhaT0NDVEJ2U0VjZTdzN3NCejdMRFQ3QQ?oc=5
2026-09-15 10:16:11,MU,Can MU Stock Compound Its Way Higher?,Trefis,https://news.google.com/rss/articles/CBMiqAFBVV95cUxPTEZnRF83X291Q2tyQ3BJRkxoS1ZNUjZlMVBDaTVOU2djNFBGWmJza0FtZWRicURwS2NnMGl3eko1RTJQWk5VZFl2NV9VTm14WmppQ3p4Zy1zUUZZTF9qQ3pQa01sc3dhX1NNVlYyWVFXNnV4N3I4NlVDM1h5dDBaazl0ZXhSRGVldzJyc3YtWUw5YUM2c0VhbGJoMGUtQVhoTzdncE5iSzU?oc=5
2026-09-15 09:33:39,MU,What's Going On With Micron Technology Stock Tuesday?,Benzinga,https://news.google.com/rss/articles/CBMiqgFBVV95cUxPV0tBdlVFNExCbTBqeU9heHNZUk9EY1dDNnlHMnBqMHFmeFFNX05sV1N0ZzZGbUFsWWxPRnZ2eGNqU3lvUFFDajBrbDk0b3lyNnRELUNpQjNjd1djaDc3QnZGMmpvY0p4SW5QWWlMWU9GUTZxTjdUYzJaR0NKeENrVVZENGJFMzZfeW9Bc1Z5TlktblRmc2hzMTY5SkZHcy00UUN6N21mM09UZw?oc=5
2026-09-15 09:01:19,MU,Micron Stock Analysis: Cooling Off Yet Long-Term Uptrend Holds,The Cryptonomist,https://news.google.com/rss/articles/CBMiqgFBVV95cUxQMVVpOVV0M09nS3BNSmQyOHEzM2NYY3RoMjJZVUk2a1ZkdlRaTHJLUkkzZ0wxNE5la0R3N2o4QWNSWmpoN0g3dTdxWm1mTHZuNzFWNGpPeEs2N0hPMmwzbDBrLTlYZnMxdlhBMllCallPTXNfa09jaGpEaGRNZ2QtcHdEQjVUTlFpeTVMa0NYeE1VSkRmSWJJY1cyWHREcUtoZmpIb19HNGEtUQ?oc=5
2026-09-15 08:42:12,MU,Micron (MU) Stock Plunges 5%: Is This Dip a Buying Opportunity Ahead of Earnings?,Blockonomi,https://news.google.com/rss/articles/CBMiogFBVV95cUxPQ3k3RXZkZUE5bXV0dzlLcTU3b1lMX01pS0pnLS0xSzhnUkpScnpXZGxYRmpuVEo0RWtxLVBLM2dVS0Zyc1pUOWozRjU3ZjBDbklmU1lPUzBsaFE0N0tRNEZWN1JhMmJZRWVxOU1WYllPeElFbHlleU9pSTRCWkhHRGg4R1ZWMkRVTmFEUGdvTV9HUnhoMjZZSDE0MW1VeHBDVkE?oc=5
2026-09-15 07:48:52,MU,"Watch Out SKHY, MU, SNDK: Japan’s Kioxia Reportedly Eyes $10B US Listing To Ride AI Memory Boom",Yahoo Finance,https://news.google.com/rss/articles/CBMikwFBVV95cUxOd0lvY2xSOFFoVmVzMjI3UUFhX2FmSU12VGkxNDB0QmdScjZDcVd3VmhyeUpaejJKaVZtQzFERFhERVpQcG5VQXZWaW5MdlVibHptd25FMWpKd2xVczA4T3lickNfc1NZQXFCb1JRU010R3lUN2RuS2I1eTVlUUhKQ0htSXAzSl8zMERQMjV0RUtjWE0?oc=5
2026-09-15 07:48:00,MU,"Watch Out SKHY, MU, SNDK: Japan’s Kioxia Reportedly Eyes $10B US Listing To Ride AI Memory Boom",Stocktwits,https://news.google.com/rss/articles/CBMi7AFBVV95cUxOcFJ5NkpRcmlITGhNVHdmc1lYcDBXMWNMakp3MnNGYVo1cEdVTEE4d2lWYUFiSFpFNnpMY3VDN3pQTmE0ejBfR2dDSnRWeVJtTjZJdW44eVRERHYyakdka0dBVks4UHhpek13UHpURExlNTdtanpkVzE1OHB0UWNBSFBaVzV1dWMyb2stUVNRSUoxUmJ3R2I4SWZ6ci05aGZPeWVoZWxTNkFmZUw5OUFaYTRTelV1MDREZURyOXNtUXZfaEEwQ2ZxLVVpS2lOWS11TzZtNHhjdy1NSF9yblgxMHJBMDdsYzVONnM0aQ?oc=5
2026-09-15 06:34:26,MU,Micron stock heads into the open after a 5.2 percent drop,ad-hoc-news.de,https://news.google.com/rss/articles/CBMivAFBVV95cUxNZGZsM2g5ejlSeXpKQW1ZVmFjX1NIbU9ON1E4d0RPcU9VYVZRN082d21faV9SbFhaZ3lJZ1p0S2hocDktZVlsZEpvT3JLWjk2YkZKWk5QRnpMdFB4SFg2X0Q1QnkwVWVhWU1qd1ZkMmNxWEZIRTZvUkpvLTIxb3QzT254STJNSTl1NUhvb3RZQklkR1RISXN1ZWMzNGhuZmJSN2pMRERudUpzcGR4OHJfc3NyZTZVbFZJNDdmbw?oc=5
2026-09-15 05:00:00,MU,"Prediction: Micron Stock Will Hit $1,250 After Sept. 30",The Motley Fool,https://news.google.com/rss/articles/CBMimAFBVV95cUxPVmN0Y2R6d0d3Nmd3THRRRXZNZ2xjNDhjVHZIc09DMFJTS1BCaVJGN21YbVd4MFY2T1dQbWFDNlZhVGpVS3dNaWlSMWQ3cVZRd080bWxjQ3dXZjJKeU1MeHdYaVJGdWZhWEdJOWNZc0h0QTNWTGc2cDB1MXhGamJ5czN0N0I5V0VVVm0xLXlVNERuU19ZRjA2OA?oc=5
2026-09-15 04:20:00,MU,"Prediction: Micron Stock Will Hit $1,250 After Sept. 30",Yahoo Finance,https://news.google.com/rss/articles/CBMimgFBVV95cUxQREF6aGhPWVFBVDhfZzloZG11a2RVUmtDVWdFQkx4dl80MDBDNWxwX1hMaTFuVXNNYUF4NkR5MWFYMlo4Mm1XeWV4dkRkTjlSd3JiSnJJQ0tzMzd6YkYxclpXM19kODl6NVFia2M4TUFnRXpCRDM5czk1d2RmX2luV1VNeWVnSTZyR3pwSUpiWXJkMzhHalZyTHNn?oc=5
2026-09-15 04:20:00,MU,"Prediction: Micron Stock Will Hit $1,250 After Sept. 30",AOL.ca,https://news.google.com/rss/articles/CBMifEFVX3lxTE1XdlhnTm54MmJfTkpQOUNCLVE1elBjZkoxMjgwdUFNWkJPZV9ENWI1X1RhNmc2WHRMVjkxNGFVaGJsR1dIbXcxWGlZVHYzUXAzRHFxNEpIYXpMZzRKLXd3WUd1VUQ3OG9EZDVXZDFjSnN5bWo2Rzh5bEExenY?oc=5
2026-09-15 03:28:00,MU,"Why Micron, Intel, AMD, and Other Chip Stocks Fell Today",The Globe and Mail,https://news.google.com/rss/articles/CBMi0gFBVV95cUxPWUxMRUx1bl9KcjNMMnVsOU9wN2dxeVFOTGVnWkwtSmZKR19Gek5NNUF2Z2I3YU1kVHEwTEF6V3FrRk40VV90RjRtaXZRcEk5SnhQMktCa3dqTGVOSHV3T0dxX0VsdUNTT3NFTml3UXhFeGg0SFk5ZXJfYkR4QmVfT2t5SDdYWEVJVkZUTXJteWZjdUVyemxxdXBaYTQxRmlZaE11NzFlbmpzX29IUmo4WGFNcll5bWdsU2dkNmswRXFydnc1clAxb0lSQnRkT2VNbXc?oc=5
2026-09-15 00:43:21,MU,MU Stock Hits Fresh High Today -- Micron's Alliance With Anthropic Draws Spotlight As Investors Gear Up For Q3 Results,Stocktwits,https://news.google.com/rss/articles/CBMiyAFBVV95cUxOYXdCaWR5Ym5NdlJvWm1PMVcwWDMwcW9QejVYWUNvSHBleUo5Mk1xZEljdS1tY2xubkx2bEZfV2l2UTJBN2tYUXU1NGJLX2h6RTFuWThZUkJyRXNBUmtiWG4xd2NqcUVhZkdCWVRyN2hidG1FaVhpZDI0WnlkdVljX2cybXdhOGZGWTE3TGNFaWNpNFJCaGRpN0Z6TjdtcXluUDhBQ05IVHE1cE44dWM1R21lQTFXY1MxcGNsd1ppSlhIVmhLVGlKSg?oc=5
2026-09-15 00:39:10,MU,"Today’s Market Recap: AI Chip Stocks Plunge as Nvidia, Micron, Broadcom Tumble; Gold Drops below $4,300",TradingKey,https://news.google.com/rss/articles/CBMi0gFBVV95cUxNeW9aQ0RxT2gzNXNjZENXV1RQS1lsNHNmM1o2SzltNHdKN1JvaGFIdFVIaWNhdUVBRUlFQ185RlNDZXJOYmJXS0xVVzZvRVVmc0lIRUNzWWN4V2x1ZzZQVGU2SklEcm8zVThsOVhlZlVOWm42eHFydGhhbEg5N0hfRHBuQS1NNDRDU3lfcG12SVBNRjdHZXR2SUZjMVVEejVodVNlZkdpMlAyZXlYbWQtaG5fMV9IX0NGTGFiNldaYmg5UHBRLWpUaE53Zm5jVE12Vmc?oc=5
2026-09-14 23:03:57,MU,"AVGO, ORCL and MU: comparing three AI infrastructure stocks after a sector selloff",Investing.com,https://news.google.com/rss/articles/CBMi2gFBVV95cUxPU3V0UmN3b2tqTThmWWtnV1VpUVlsQWFPUmtIcnIxMWJvRzIyMTU3Y1Q1TkxpbVBDT3h5WERYQWxZb0JWM3hPdEhLZ240QlBCUDNlTEdHNktkWlI2NERnTTgzODlEakhQcUNoY1dpMXI3N2xHNE9RTVBvcGVvMGNYenJRUmFLQUtyU0J1OFZEakRCSUVVb2w4aUthbnZWT0NRWFI1MlRMVjBGeWVjTnJ6VGFRalFsQTZ6WVY5T2ZsRmlxMXFYVFBrWXNQN3EtSGxlUzlpZ0VXbFlfdw?oc=5
2026-09-14 22:40:28,MU,SK hynix Vs. Micron: The Memory Trade Isn't Done Rotating (NASDAQ:MU),Seeking Alpha,https://news.google.com/rss/articles/CBMilgFBVV95cUxQemxETmhxTF9YWDFwbGdNekRKMDY5U2JsaWNUeDVYbFVURWlwZ21nSlZNXzBFZkFUa1lWTzBUY2Z1bkZKNy1zYWo2NjRKb1Rzc0w5YmYzS1NUWDE5dmNkSDNkSlZlb3B2MDRrR2RsZzZhMEliWXczTlhET0NoSVBIYzdfM3YzRGV5czNiR09SZkFBU3pRSkE?oc=5
2026-09-14 22:27:49,MU,"MU, AMAT Stocks Rise Premarket: Analysts Justify Bull Case For Memory Darlings Amid Supply Crunch",Stocktwits,https://news.google.com/rss/articles/CBMi8AFBVV95cUxQUjE0WFhKZGJSU3E3RW52QXBCMW1reTZVZG16bm5vV2lLWWljSTQwblR6cG5tWlVLczZWRUt5Yk1GUVhUTVVWSGg3TF9PTTN0aEVvWUpFME9qbFVUdktqdXVsVHdmaXZwc2xRbVJvR0szNlpiZFhPRm00aUV1WU4xZ2RCRjZyYmJRNFF2QnUyODBTMFNBVGtTaXdzeHBSLUNWNUpNQ0JaUUxNNy1ndnVzU0lyUFVMeDgxSlpiM1M2VGJDUS01a2p4ODVLUDNNZXJTZV9hTWdmYVFyYkE1Ylc2REFNVFEweHJSU1RWdVlqcWQ?oc=5
2026-09-14 21:45:06,MU,Micron (MU) Falls More Steeply Than Broader Market: What Investors Need to Know,Yahoo Finance,https://news.google.com/rss/articles/CBMimAFBVV95cUxOSGV5OUFTYlZRNVRZYlJoTFB5ZzJBUU50TU5OOTB2RzFuQW9BY1plN2pKYW1qMUxvSFcxbTlCOFJMZ3hqQkJxenFSc2FCdWJrN0xsYXFROW0tTXBKNWFPNmM4eHJuaXVNZ0VaU0lybFlvMkFaYktBeUZFcXNmWDVrNDlPeHZRNGE0R24ySUFMQnpmSE9ZYkFMVA?oc=5
2026-09-14 21:10:33,MU,Micron Stock (MU) Forecast Ahead of Q4 Earnings – Goldman Sachs Expects “Another Strong Quarter”,TipRanks,https://news.google.com/rss/articles/CBMivAFBVV95cUxOWEx4YXZMdVFDVVB3WVIxRi1qd2ZzUGs0d2Mta0tDNFFvdGNFbDFha1hBaXdMTWVYTG43YmozWXJIdExzVjNqbUlJQWg4WmJYZGR4TnhrY3RrQUItLVEtUWZYck4zQlFRRWUyS2R5RWpzTnQteEtfZXU5LWxtdmMydXJqam43LWdrMlhYalgxcHpPRmNZcEo5TldRQzk3VER3RGRvSTgtWS1najZSN2FNYzhNTFhjVnNDMGJDRg?oc=5
2026-09-14 21:10:06,MU,Micron Technology (MU) Stock Faces New AI Demand Questions After Industry Slowdown Call,Yahoo! Finance Canada,https://news.google.com/rss/articles/CBMiiAFBVV95cUxNM1VDRC11UmI5Y1QyQTljZW1jbE05ajlPZmt3UTBJR2tLUHc5SFdnZy1ZVnh5VHNZUGo0RjFQTHRzOVA2ZzhCbjdMbWZXVGRrbTVkT3ZWcDNjQXBRd0NxZjJoVWtTQmw4NUhJQ0ZPbms0Y2w4VEY5ODcteE1pOG1QMzB3QUJscUNB?oc=5
2026-09-14 20:56:00,MU,"Micron, Nvidia and other chip stocks fall after tech leaders call for an AI slowdown. Here’s what to know.",MarketWatch,https://news.google.com/rss/articles/CBMiygFBVV95cUxNeXhhNU85c0VqbERFOS02Y1Zqb2RnbDQ0QXhSejZMMGdkMUV0LTVoSi1PQkpMQnNfdm5ESHRUcUV4bWtxb21SSXFQbnYyS1VSdmV3UVh5aWNFZ29KM0l1bW9qeldkZm9CemhJYmtVOTZkS0g5cHNSV01iRFA4ZTlXTFE2cEFXeFZnTlJTRHpHSV9CYlMwSmlqM1VsV29vUDByTzIxZkQzYmEycGJGY0lzSURQMnpsSXc2Vmpud09WUWgxS19mQ3ZfMkN3?oc=5
2026-09-14 19:26:40,MU,"MU Stock Dives as AI Bubble Fears Return, but $900 Micron Support Holds on Fist Test",FXLeaders,https://news.google.com/rss/articles/CBMiwwFBVV95cUxQZUQ0UE5LOUtLdjljQ3QyNExLbHpHRzBBTnhaMHcxeHlVSm8tenktVFBmckV2V0M0a1JBUWtUU21mbUlIenlvLXhXTmFZa2lEY1RmNlBWTXh6NG5OdWwwQ3NQeEJ0dzk4WERFRDdXbnduNGxDTzM2STZuWTRYd29sc1F3N1cwWEdJbllQenpvay14YjdQWVcyUVJ2Rk1PbFRPRDB2T2hQaWRrTGVzdWtQWWpUTkNiZkY2amtaS2J1VHNSVEk?oc=5
2026-09-14 19:02:30,MU,Micron Stock Sends Urgent Signal as Shares Slide,Yahoo Finance,https://news.google.com/rss/articles/CBMingFBVV95cUxOeUVHREVZOWs1U0loY1JweUE1V0VycEVXRzdUbDNsNnlVODRqcUIxMk95UUdyWjFXZ0UxNDhLNGJTQmhBeVZuZll6THdUTnlBSEY2ZDlZQVN3WFZtN0RydWZLUGdqN1dnRVd0MEs1RUI5WEtlN1pUSEthRkR1dTR0cWVqUkQ5ZnFldlBOTjJuWnk5WFZfaURFNzRxUTFlZw?oc=5
2026-09-14 19:02:30,MU,Micron Stock Sends Urgent Signal as Shares Slide,TradingView,https://news.google.com/rss/articles/CBMiqwFBVV95cUxQVk9KS0NBdzZnYWw2dHlPSER0SVVzbmVLYmtPc2NzZmpSem5NMVNhUmZZTExZSFBzeDg5MVkwclBjNUhMOUY3NG5LTmlQNUI1b3A3VmdVWHVVRnhyTkdwYVNBUmdSMTBBdmJSejJyRG8za0t2WGtiX1hkbG1aNGM0QTBMV2NxeVpMc3hLd1VlcXp2VTJRTjg5VVRSaFlfWVAzQmtvU1gyUE1yNGc?oc=5
2026-09-14 18:35:00,MU,Micron Stock Sinks Again. What AI Safety Fears Mean for Memory Chips.,Barron's,https://news.google.com/rss/articles/CBMiggFBVV95cUxPTHV5ZDlaVFl4bzRZM0UyNUo5M0VLXzc4d0VXcmI2RV9YWlRVUjI1d1YwejNmMUwtQ1VVMWI0SENOeUVuZTdON0NCaWxKWFVaYmswOVJXWHkxMmJQcnQ4enNkSzZ6OUpmTnJ4TjQzZWdSWnNRU282bVUxYUxHX0VPY2J3?oc=5
2026-09-14 17:46:00,MU,Micron Drops Nearly 6% as Its $50 Billion Forecast Meets AI Spending Doubts,TradingView,https://news.google.com/rss/articles/CBMiakFVX3lxTE4zUTBYQVVqS3NVSXJsM19MeVdTNzZRdXpYTlN1QThkcFE0Ty10bU9FV3d5NkcyWWo5a0k1aTktUVFFcXN6NURWSWdFWTBPdEVna1laV1U2Q2dqd1VUYTk3RGgxcjJxa0VHcGc?oc=5
2026-09-14 17:24:00,MU,"Stock Market Midday, Sept. 14: Tech Stocks Slide on Dire AI Warnings, Micron Drops 5%",The Motley Fool,https://news.google.com/rss/articles/CBMi2AFBVV95cUxNeFM4OUV2SDRPRDhJaHpsNVNBbU52VDg2Ni1kdHptS0I0NDJjWGxvcEk0d1pTVmNOOFpQWVFaQTM3SGNKTzMzQllpU0FabkVCVV9KUm5Wazhmb0FfaGtDdkl3S2hnbEtOaDhiMGo0NWx0QkVTQkJ5QktzN0NqX0F5VzRlN2VwVzYwd0F6YlpLeGlIQmRSQ25HY21fdnd3OTBidl9wWFdUdUt1NHlaeXJrZjdhWGptN0N1d1VyRVVlRGpEaTF5a0xNN1k3cWdHa0Jnb2xVZENqSlQ?oc=5
2026-09-14 16:50:51,MU,"Micron Technology Inc Share Price - MU, RNS News, Articles, Quotes, & Charts (NASDAQ:MU)",Proactive financial news,https://news.google.com/rss/articles/CBMie0FVX3lxTFA5QlptV3NEenJLSFlnRWtneEhlMjBPQTQzdWpQM2toZGFYaUdkdG5PMVJCdEo1LUU1TjFkOEE1S0w1SkdnVzlrdF9TdURTYnJMdmdlcFE4bnBKR1pGWGFPZTNPVjgyOFRGUHJEU2JmczR3NjdxUm9FSml2dw?oc=5
2026-09-14 16:50:46,MU,"Stock Market Midday, Sept. 14: Tech Stocks Slide on Dire AI Warnings, Micron Drops 5%",The Globe and Mail,https://news.google.com/rss/articles/CBMi9gFBVV95cUxOZ1dGZEY0SXA3S296SXBGc2xsSzFDaWhScVdCVDFONjk5QmxaZkduNlAyZkpCcXNZQkVMTjlRY3RGdHgzMDdOUU44UThFQk5IdXJtdGx0c2tac1NselQ5bHVIY0hzM3hFdEwyLUIwdk12UWcxUjY4Y3hHRFNSb1B5MXBZQm1jS1lseHdnQ0QzU1VYanhDRlV0QVlhQ3BPRWRtZ2x5UVZlNGczUHR1cGVtN3hnYlZrSl9LUnMxYTFUV1FlN3JJRzROM2FsZkRQU0dWWjVRdjR2ZS1QSVhWTk9wY2pBaXlfOU9MbGdTY1h3T2drWjZMZmc?oc=5
2026-09-14 16:34:26,MU,"Why Are Nasdaq, S&P 500 Futures Slipping Premarket? NVDA, MU, MRVL, IREN, PYPL, RKLB Stocks In Focus",Stocktwits,https://news.google.com/rss/articles/CBMi6wFBVV95cUxOUE1NS0s3MVV5cUtuVTBuQ3Jva0FNcXUwTk1aaFpaUnJYQWZEQnpZeGRad0ZJQ3BaUkh4eGFlR2g3SWp2Tm43NU1XbXl5bDRiUHBBNDNCTjZNMDNueFFjelVUTEZ6ZGxDeWJfclBzZnhyQllvWjZXRzY0TWEzYmR6S3BTYVVBc1dkSnB3TmNPVjdHakhEdXNsWEs3N3JlZ3UtZThjVW1YeDNqbjFWTE5Xd2ZJWnhOSjluR0s2eG5kN0hlRWhTYnJTdnA2TzZqZnNTZGk0QWhkcFNVLUJfZl9uQTB0d1BKc3A3Z0xJ?oc=5
2026-09-14 15:09:42,MU,"Micron Stock Has Room for a 50% Earnings Reset, Not 75%",Watcher Guru,https://news.google.com/rss/articles/CBMihAFBVV95cUxOYUNHZ1VmODA2bkpwVXBaNl9ibHJXMDhDcG9vaVdoaDRRTm81VWNSRHhVUFJLV195UGZMaWV6VDd4Rjd5REhkNV84dDR6UEh3SmJXS2t3QnNiLTV3Uno3WkRZdFVFTUxoSzVXazhvZ1BsTWVsWlYyVTNCaGlDanIyMlVHV2s?oc=5
2026-09-14 15:00:00,MU,Micron's Manufacturing Push: Can MU Gain More From AI Memory Demand?,theglobeandmail.com,https://news.google.com/rss/articles/CBMi4gFBVV95cUxNYkR2MDZVRlU0Y0prSm5USVpPcHhrSkJRYlVMbkR0ajBzbzZZYVBpQ3pldC11RS04c1NIRTgyWDdvTFJMeU11VGt0SlBTcjcyX1dueU5qQmp3bHBnVF82YlpFSzFfMUNmNnRFY2ltSTY1SDFocEpNVU9pcW82SGNKbk1xTWJmeWZwSmRpRjVqX21DQWx1S01pZFRlSTFsbmhQdW14VmpkeUpxTTNyeEphLVdHMjk2UUFHWGZsVDdJV2YtQndVTmJQckdBS0FwQ1NpUDFsWklIcmZ0TzJPS25ObVJ3?oc=5
2026-09-14 15:00:00,MU,Micron's Manufacturing Push: Can MU Gain More From AI Memory Demand?,theglobeandmail.com,https://news.google.com/rss/articles/CBMi5AFBVV95cUxQMS1XTWpIZXVldzJ6ZmJJdXNlMkZ6M1JVaXZoT09ueWMtR3U4Umw1T3hEYjRQNEJxaVduX0JZWVNNVThVY1JNYW9aVUVYNzQ1dU5tVWlaalpvaDlaeHdieHNJMWxYQ1F4VEhwLU55YkJqVnJLZm9pZThNR2VBSXRibF9aYkVLVk5wdm1FRlJWY3J5LTdEMnY4aGVPMXlrOWRLZ09uOGczLUNCb3E4TU5IaWQ4VDhwblpkNERLaGdMTjJnODBSU2o1b2hmekhoX3J2UWJRc05UOEY3M1RDcnNGSnFqeFo?oc=5
2026-09-14 14:51:00,MU,Micron Technology Is Ramping Up Production of High-Bandwidth Memory. Here's Why That Could Send the Stock to New Heights This Year,The Motley Fool,https://news.google.com/rss/articles/CBMiggJBVV95cUxQTmdVV050NE5YcTFfSnNqRlJHcDA5VXJBcWphbTk4X2pTWDlRWDJrdnRzYkE5Q0sxM291UHF2Ykk0elNGMktNN3N1TkdWTVVPWHZsTXk0UEYwLW1XUXlMOGdZNUJhLUFLUm5XQTZzRk0xQTM5eEhYV3UtS0RPaXZoY0tXcmxzcUxkXzBvSEdqWVR6bWl2SHlGd0R2MmYyOG54cFZLZF83eUtpS2lERXUxdGxUNlcxdUVsWGlLd0xHbm1sakhWYjdzbjF2M21ucWJuLVE0Q19lLWZoNzhxazMxY0lpNVpsRUl3MWJJR0FaWDdPc1FLMUhEU054Nzh0bHlaanc?oc=5
2026-09-14 14:46:07,MU,"Micron stock drops 5% as Amodei, Altman and Musk warn AI is moving too fast",Startup Fortune,https://news.google.com/rss/articles/CBMiowFBVV95cUxQZGwzXzV2YjlfZVJGMWJWRGc4dXpPQkRtNENzVTBQcElQbVhZZmxTZUotcnJXMFZMZjhkNW4teFN2MEpaOFNMbW42MW1TaWRIdnNHTVVqMFNURDBXVEszWFg0dEhJSUY3blNJY0NQTUhBOXVOR2NmdlF6STd0aFIwWkI0cDRzclJhTVRFNVdYVVl5ckdOZEZVS01Ic1dhUDYySGlB?oc=5
2026-09-14 14:43:54,MU,Micron breaks $957 support at $918.70 low: Hourly levels By Investing.com,Investing.com Canada,https://news.google.com/rss/articles/CBMiswFBVV95cUxPV1ZfMUdDY2p2dS1sMXBjbzhQeDJ0eUpvRVktQ3IwVzJIdjd5czdPU1ViR2FwcFJmNjJqUDF2SzlicEc4ZHhQT2pTNUx5d2hsSFcxVTY1WDdpMHhDU2ZzMURwWmVoVzVXU05LaXF2Mi1TQnhiT05IT2wydTBIc0ppeVhWVTZYc2RycE5BN3FsbURzRWgtTFZ5R0NIOFZSbXNvVldOX21wb0J1Mk5LRmh1ZHdQNA?oc=5
2026-09-14 14:32:48,MU,Micron Technology Is Ramping Up Production of High-Bandwidth Memory. Here's Why That Could Send the Stock to New Heights This Year,theglobeandmail.com,https://news.google.com/rss/articles/CBMitgJBVV95cUxNODNraWZWdkczeWt3Vl9kZGhyVDJ4VWFpTERyVmlGT2JIRVo4U3RIdXdQMXY2by1NYmcxOGh4RUwtRkZZZWtzX25qMlZ1dnhtWmhIb3M1c1lpUHA2b1V1VVBZVjdiUHJ6S2pCcWdLdmJLVnVubXZHb29UWTVXc0NHMjFVRUJ4LUhNYmRZTUpFVk5RSUNwQTRidUNTc2ZJaDNLZXVWWXFzZmpCbnpINVJlTE5PTUZZQlllY0c5TUNwMV9ubTA4czByeGFpS2JzdUVSMm01b2RVY20wMFlEcXVGNWxUVFFoZFA0NVl3cWxLMXdmVG1zRlZITmdDOHlvMXhHSjQ0MWdHaTlYV2VrcW5jY0xtQnlTRXZmdHZTMFFMRlZwMC0tTlYwamF6eFUwUmtISkNBNDR3?oc=5
2026-09-14 14:20:12,MU,Micron Drops Nearly 6% With Memory Peers as Traders Reassess AI Infrastructure Demand,International Business Times Australia,https://news.google.com/rss/articles/CBMiiAFBVV95cUxNUUMxd3FTbzJNSG5SdHN2ZVJ3WVk1SmJUNFJvWm1JWXk4Wjlpa2NnaHRLbE5ZRmR3eG9xUlFXal9HdDQ4X3pEQ2E2RnJkS3IteHlEaGhOU2JjS1JlNUZfcWNwZ3NtUzJ5dzE0cXBUYldfYkF6NVkxOG9SZ3ZsX09fUHRFNkNqVDZQ?oc=5
2026-09-14 14:07:11,MU,Micron's Manufacturing Push: Can MU Gain More From AI Memory Demand?,zacks.com,https://news.google.com/rss/articles/CBMiqgFBVV95cUxON3pOYVBLcEpLOVV5VVlfdUhsVy1id0ZHNnZLNU1jVFZ4Tk0ybHd1LXFKYjNKNmpTZE1ZNTlQQjRKSDI2TUhrY2VLeEg0RlY1Q3h3VnZkZmxUVmx0TFlfbjgtbEZ2NjlOc2x6Rk1MTDF3SEFzT2xkMGhMX0lYV2lkT0UtR1FfYzN3Uy1UZTBtQnJrVW52bUUwdHIteWU4ckNLelNRRWV1REdNUQ?oc=5
2026-09-14 13:47:42,MU,Micron Technology Inc Stock (MU) Opened Down by 6.25% on Sep 14: What Signal Does It Send?,TradingKey,https://news.google.com/rss/articles/CBMiiAFBVV95cUxQdlJVOVJtUnBYT00xbXhxV2Z0SjdxWGpoN2VoaDNLWDBuVWtzQlB5SG1USlVyRXdXd3hQb1RfR3RkSmJ1ZEFfZXQ0VGg2cThSUDVQUHlwbkJjc253aWZZbXlpNXVjOGxrSEtzUVktaklxSHZaaE1NaGUwdzNLa3NNQkU1T3NBdVcy?oc=5
2026-09-14 13:25:05,MU,Pacing The Frontier AI Will Hurt Nvidia More Than Micron (NASDAQ:NVDA),Seeking Alpha,https://news.google.com/rss/articles/CBMingFBVV95cUxPNEFrWmtkYWF4ZGpFQjJaU0ZFMV9XNTZwX0o5T1Itd2J3Y0FlWjFNVnkxdllpclZfRldHanZ2al9KRmlFTkR1UGJCTWl6QjFZZ0QyU3JpUi0yVFdULWItZmVGeklmRGRadldKbGxiN0ZtYUo5djJHenhIQmxUelUzd2dzQ1hDcWxSN0NncWE3S0U5aHFBOTFBREtyM2VWdw?oc=5
2026-09-14 13:19:00,MU,Micron Technology Stock Slumps As Semiconductor Selloff Deepens,StocksToTrade,https://news.google.com/rss/articles/CBMifEFVX3lxTE1kTzJxUTNtcUZOZ0c3SnczRWZrUW44X3NKNTRqUHBZT0dEa29LbmNJbHY3MXdyMV9pWWtxeGVlck5RZlpjcmpNZTd2Zkg1cU11TnJVZEJDN0xyRnhLWU5uQ1NwYzdVSzVMQmpYQ3VoVDJxRnFyV3pQZU5qUGQ?oc=5
2026-09-14 13:18:00,MU,"Memory Stocks Lead AI Selloff as Anthropic and OpenAI Chiefs Urge Slower Development: Micron and SanDisk Sink 6%, SK Hynix Drops 7%",247wallst.com,https://news.google.com/rss/articles/CBMigAJBVV95cUxQWWdzS2syakFOajVaTVJORW1nX2lrOGUzeXFNd1RkOEwxeVB3LWs1bF9NUEpTUjZVODZ2VWZZbFlQQ2diNDZDRS1LTURZbEhlSTZSM3RBZW4wVDZjVm9QMVFyc2NxbjQ0WVY3bENQNHhXQWJFZGNEMFlJTnQxWTFDZFpYenNpMXpJNDE4Z3VWSlNSY1IyV2ktSDRnbzFVY1ZFbDhwWFhMUGVrSXdxSlpMVVJQdjUxdDQ0dmdJTjcxMDNKbVVjZWlBdi03Wlp6SjJHTTNHcHBucjFUX2RzUFdmaXZMajVEbHJkSi1RNGZNUVlQQk1pQ0ZMZkQyaVFTYTln?oc=5
2026-09-14 13:05:49,MU,Micron Stock Price Forecast: What Does Technical Analysis Say Right Now?,TipRanks,https://news.google.com/rss/articles/CBMiUEFVX3lxTE9VQmx6ZzZ3TVRHT0tXRlJsSm53elQ5TVFxUlExeF9fWjJwTWpjcWJ6bm5qQWJLZjlTdk5XR0tIaVZKZERnb2V0Zkh6RGVIMmh2?oc=5
2026-09-14 13:02:16,MU,Micron Has More Firepower Left in Its Cylinder for the Long Term,Zacks Investment Research,https://news.google.com/rss/articles/CBMiqAFBVV95cUxOcHI2NXhFYW9EU0NwRktBMmRRZENESERFX182WFl5NF9WUEx1ZDl5V3NoZW5GS2JxSEFSUmNhaTVBYzZOTVFSRHUxa3Bqb0NpY3h5eHBIQ0tHaFpHYXhXSFl1eV82M3E2QVVaaWcxcmxnR2lMVWExVWtSTkJUWmJSMDkxeGlVRWRmcHhSNTJZSWFOb2phMkp5d2NGcUQ1QUxYSUtzQzZCU3k?oc=5
2026-09-14 12:48:00,MU,Micron Has More Firepower Left in Its Cylinder for the Long Term,Yahoo Finance,https://news.google.com/rss/articles/CBMiogFBVV95cUxPb0VTdnNTZ00zWEZETDBZelMtRURJN3lGVXUwLTdQcDFJX083ZGdVUGU4aGVLbmlDZ1QxdHJHVGFwUlAwLVpNQWRTWDVHcGZnTThZLUlMa0Y5Q0xsdWFTQkJHeTBnbEFSSFBSZUhtbzhfTVFNQkc4SG5GejRRN25rTjlYSnVYbnF1eXNRMlhIekFHQ2J5YXZmV2VXbzdsc2cwaEE?oc=5
2026-09-14 12:21:04,MU,Should investors load up on Micron stock after the latest pullback? By Investing.com,Investing.com,https://news.google.com/rss/articles/CBMixwFBVV95cUxQUmhTLVdpSkFuTzFUWlowOU54YlhTamRrRU5IdXk3bkJfRmdHQXY2Zmw2Slp3Y3F4dFJLQWNYRXJMdWxYM1U1Y3NFV0w3VHVFVXVwSHZ6a0g0Q1d4anE4YVN5ZmhUUUgyNlBheGZkVzlGOGRnZmlvZ1Axdzc0MEdkbWI2VlVVbVFYUE8xR2pKSzNuaFFQTnNTRmtKOU9qT1NzUno5ckhrLVFvb2JLYS1VbFFKUDVzWENmNUhkdGx4Rzdvbzl1VTE0?oc=5
2026-09-14 12:06:34,MU,Should investors load up on Micron stock after the latest pullback? By Investing.com,Investing.com India,https://news.google.com/rss/articles/CBMixgFBVV95cUxOalJRMEVWRmpRWjRQX2lWVF94NjVmV0hfWkdBZ3lPeVpNZUtqQUM4SE91eThHcW9sT3pMMS1UV3gzQTBQWEQwYjdnMUkta1pkTm9nT0hLVi0wLURHdnJQb1dTVHAyelNxUUtsUG53aDZ0aVJmWGRiZW9pZE94Qzh2bmktaTJycEFUajNtSS1IVkNiUWJBMmQ0bHZyQUFPQmdzVk1tVGJXNnlRb2M1T3pjNGVCT3ZXZ0l6M3lHVGJsaHpGZUlKdFE?oc=5
2026-09-14 11:59:19,MU,Micron Technology Shares Fall 5.2% as Semiconductor Stocks Decline,Yahoo Finance,https://news.google.com/rss/articles/CBMinAFBVV95cUxOb1JBRWtPekZuOWxDOFVqaTU0ZUlsdUxlak9yelkwMTlLQlllRmRqazA2RmJ5MnF0b2JXMHJaenU5Qzd5S2gxOTFWOUZIRmtPM0tpd2NNcTZhQlZobVg0X0tydEtzVVNtUHhjOVAtTmNxTVIyZmJWNDB2bTBXZFc3TDY0MkR0T0VXeDVlbFlxRjRBQlVOV0NVMmI0Y1I?oc=5
2026-09-14 11:32:12,MU,Why Is Micron Technology Stock Falling Monday?,Benzinga,https://news.google.com/rss/articles/CBMinwFBVV95cUxOR2VJeFFFNmlIZVVjb0FOT0ZoVGJiNXY2TXdMUFNyZFZNVW1GQVlPTGtHbE1tOVE0b3NiN0hlRE5NY0MzTU95R0FLcm5Cc0lsVkxaS0sxR3lQdUx0WE1ac3dXbGdPZE5zaEp3bW5KU3FON1RKbjVIYkc0N3VYQ0NXT0RkSUpHblhmY3hhbmV1MXZlNWtSaFUtUVhSS29sVEU?oc=5
2026-09-14 11:32:12,MU,Why Is Micron Technology Stock Falling Monday?,Longbridge,https://news.google.com/rss/articles/CBMiUkFVX3lxTE1sWnpKcnpqWklGbE5tYUFZYzZIQm5Hd3VDUU9TazhCMERXbG5fbEZjbTdBemE1TGtLRFZaTzBRaE0yc3lIazBLbC1WUUxsMlh4N1E?oc=5
2026-09-14 11:32:12,MU,Why Is Micron Technology Stock Falling Monday?,TradingView,https://news.google.com/rss/articles/CBMipwFBVV95cUxQcjh6MnJPV0dRTGs4Tm5jdUhXcVZDX1Ytc2tBX283bE9LbTBBQW4zbXB0NnZ6THEtbWxsMHY1SXdBYUp6VXNwS0RzMmRyTWp3NFRjb09FdkQySmNsVS1ubHdNT3ZiUnM1M2JDZ09YQzVyX1RGV1lMUEdzSFhhUlZWTmlrR0tpVWM0Z1dqQ2Uwa0tsek1xb3ZvVk1pVFpSby1EMUV5Vnd5VQ?oc=5
2026-09-14 11:01:55,MU,Micron (MU) Stock Plunges 5% Amid AI Development Slowdown Concerns and Memory Chip Sector Rout,Blockonomi,https://news.google.com/rss/articles/CBMitgFBVV95cUxOWkJBMzNVZWZYOVVHOVVjZ2dnaFRCWW9DYU9YdU5UNnA5TUxkbnhOZGpBSVNqZUhYMEtmcmVKblFWQ2NXaG5UREVqR2RuWlAzSGlQWFJXWEgxYmlXYW8zbUxmcVpUTDZIUXRBbURrYURBMVYyUDVnLTNfYXVyelBHMS1renA4UzRzTlVqVW9CcmkzUFNEeldWak8ybHlYQTY0cjNlMnVmakNuam5PaG1DTmhiQ0k1dw?oc=5
2026-09-14 09:46:02,MU,Stocks expected to have increasing option volume: QQQ SPY RUT ORCL NVDA SNDK MU WDC SKHY INTC CRWV AZN BHF,StreetInsider,https://news.google.com/rss/articles/CBMi8gFBVV95cUxQMWdyamI5d25MSWp0aG4yS2x3Ny1PQ1ZNR21DSTlfd1hmSXZ5Nk1CSFY1NThPWk56TDNtenRPdmk5Zk05Vk1FWTZPdXFtclNoMmp0ZlZCV3BoR3M5WXBualZ2WHRzYVF2TWFXRm4wT0szWW95bFhQOFpKTWJQalVseHFaZ0pWTXFsQ2F2bkNuc3NkUEFzSjBoenNwbHNOZXFsRlhGdlpibXV0OE9XNUV5ODFVUUI1ajZITC1Mek9ib1d5eFZ5VlhCZ2UzdVZrOGVPaTNRRlBkY1ZkWW95Tl9LMXJTVnVRM3BVUnMzRVRyMWdKZw?oc=5
2026-09-14 09:45:45,MU,Why is Micron Technology stock sliding today?,Investing.com,https://news.google.com/rss/articles/CBMiqgFBVV95cUxPQlNDbmppem8wMFVnT3NDXzdfQmR2eWlvYklVc3Z2NnV1RF8zUldvMktEREpfSUVuSHZwd2dvN2U4TE1xVTAxdkZQb05ZLVRzSFgzeDNpVWNlS0hDeGFKUklOZVdKSFlCTmluaDFVQzdjdVo4dXpGOEY0QWQ3WWlaRkxGanNBNkxnbTlFUXpYOFl3VE1GdXhfaWhsR1RfSkxtaV9Lb1RLMnRpdw?oc=5
2026-09-14 09:32:31,MU,Micron Taiwan Total Pay of Up to 68 Months Fails to Quell Dispute as Union Demands 15% Profit Sharing,TradingKey,https://news.google.com/rss/articles/CBMi5gFBVV95cUxPaEhJOV9zY2pZaVB0dHA1ZFhheTlZb1QwRzU5VU9hMjVZLXBvY1ZNUWZTVHE0ZkhvVDFnamJNaGZxLW1mYkx3RlpQMjd0ZnBpUC1fUHZlbGtxal9reVdwUWN4OWszdk9pMDRBVEJqa3k1V2J5bnhwb1VEUGdqNWhaUUxQazRsX09TVUUzNnZDcEJNTlZmakROemx5RGJKcXBPTWhzNTVVbkhOLWw1UkV1NTBmbVNnaGcxTDMxUHl4OVY4blVaQURqNmhuSjAwekNMTDNndjZQSWsySzdVaDdSTWNWVkVyQQ?oc=5
2026-09-14 09:32:31,MU,"Memory Stocks Slump Pre-Market, Micron Drops Over 5% as Calls to Slow AI R&D Hit Chip Market",TradingKey,https://news.google.com/rss/articles/CBMitAFBVV95cUxPcC0ybUgxa1lILXBsN01ENUU4UGp3LW1rS01GQ052bE9WNWZVTk5kWTVYM2xFM0o2OC1udnk0dnI5YU1Xd1NlMWxLZkFFSk13TXdUTUZVYmJGRlJzOWI4RnBEa0puSEpvWkdlMVNCZmcwNTZiRG1aZXBSWGozUjc2QWhCODF1YnRwd3ViclZmUmdXX0kxRmtqVTNIYWxpTDBwNExLWUFRWUxRdFFjblE5YmUzV3k?oc=5
2026-09-14 08:41:23,MU,Prediction: Micron's Sept. 30 Earnings Will Confirm the Memory Shortage Isn't Over,The Globe and Mail,https://news.google.com/rss/articles/CBMi8wFBVV95cUxOcHU2bGltUGJHWkQxNXh0dFFETFVnX3FtTjFaV2tPTnJDVTYyMy1XZzVpazk2UlNoblF2R2tTOU5Sdm9ZUnoxOUVwWTFCVWhUR2UyVkdoVTJKQXFEaG5sTjBBellSRXktcGg3WjUyWFhYSGQ0VHkwMGd4eHFFR2xpS25CcXdYRTRWczB6NHhWU2E3eGpDN1MyTlhRRWNVbnBoeEY3cGVKWl80MlRxcmM5MlVXc0pITlh6U0JPQUhXNlVPN2FWbEhjdUFrSVJSTmRHeXV3WUxjd0FrTUx6d2p4ZG4tSDEtb2paWXFfeEZZWVJKU1E?oc=5
2026-09-14 08:36:08,MU,Micron Craters Below Key Level as Chip Euphoria Fades,TipRanks,https://news.google.com/rss/articles/CBMilwFBVV95cUxPVU9UX0VlV0sxN19qclUzckxiSkZ3XzJESlgtT0RjX18tTThoR3dMdXlYSFZGYjNQekFHMExfSXQ3bUlKRTFSWkc3OU5UNUl6RERoRkN5dFg4MjdicExxak5SUzd6a0lWcDFKTmJSUjBmUGFET25mZ3FBUTVOaW1kUWJaQTdUUHZ0ekQwQ3I3cjJscG9WN3Jj?oc=5
2026-09-14 06:24:58,MU,Micron Technology stock edges lower ahead of the open after a 0.22 percent Nasdaq drop,ad-hoc-news.de,https://news.google.com/rss/articles/CBMi0wFBVV95cUxOZlQ5X2hXaU5BWVpkZ2NOTEtYSm82YnZvZ2VaNS1Ub3FPTXRVeFpKZktZbzdrWHp2RWQyN3Y2VU5SaEVRR2V4VVRaeHRSb0d2MXA0N1NGTExxNkVUQVZBZlFnczducnpKT3F2b2twWmRpMjE3NUJHUWVEUjZraG0zZDhKQUlDQ2ZJVWxSN3pkeGxsTV9OVGUzU0JKS3lOODY5T3otQlFkMnNra0RUVE9PT3VVQWl1YnVxTjRHSHNtMWRlUUVIVjZobmRmbkc5MjFiN2RZ?oc=5
2026-09-14 05:26:25,MU,"Micron Stock Has Stalled, But One Catalyst Could Bring the Momentum Back",Longbridge,https://news.google.com/rss/articles/CBMiUkFVX3lxTFByNEpsYWRjd0kwZmhnWkh6Nzk2VjhjVjFyb2ZQZ0lobW5hU19DRkRPaHB0RTU2TUhranRaY2FyNFNMRENWZEVGa2Ezbkh2QTNIRkE?oc=5
2026-09-14 03:09:51,MU,Micron Technology's 500% Stock Surge Faces Risks Ahead,Intellectia AI,https://news.google.com/rss/articles/CBMijwFBVV95cUxQU0U2RGJCdWJMNFUwRjRPcVYyM3NRdHpGeEg5SURwTEV0Um5qWm82ejJnbW9zc1VFakRKc1V2ZnlfY0xWbUxkUzJHSmxLZmtuRFlTQ042RmxXTzBRU3B5RTVGTi1oYzlteWxDbXZvWXJ5V3BrRnJiRU8tTnFfZzk2NEVQRDJ5akthVHN6bjNuNA?oc=5
2026-09-14 03:06:41,MU,$Micron Technology (MU.US)$,Moomoo,https://news.google.com/rss/articles/CBMigwFBVV95cUxOaUxHMVkxbUs4VFFWRkkzOGRlc0xxbGkxaWtlM3c5Q05aUDBnWWZ3N2lkZ0tEVHk1NGlIWkhvWW12MmItMEVpd29zbUNkUkdRUHBESUxMODVoTW9ZdDRBZHhOei1jMVpDZmdhWHZmT05mS0JTVTF0Q0FnbGlFaEhBaXM1SQ?oc=5
2026-09-14 02:32:19,MU,"Micron (MU), SanDisk (SNDK), and SK Hynix (SKHY) Stocks Soar as Memory Trade Rebounds",TipRanks,https://news.google.com/rss/articles/CBMiqwFBVV95cUxQd2tJcjZnVl9mc1ZKMndCVjktNFpXRHlsQVVfa1dMX0JqS2lyS2JyU1JhR1ZRWVpBTTc1STB3aFZsb3lVaTVJX1h2NG9CVVpzZjd1QjN5dzlZZEo0WFZWeGhMQXQxMW9qWjc3bS1uOW5vVW5vT01mR1VraGxxald6MmlTNFpOVFZ4WXZjSks1bW80U0lfVzNNeGRTbktRaXIxNms5V1NIQ2tlMHc?oc=5
2026-09-14 02:20:00,MU,"MU, SNDK, INTC, AMD: Chip Stocks Slide After Anthropic Calls For AI Industry Slowdown",Yahoo Finance,https://news.google.com/rss/articles/CBMijwFBVV95cUxOSllsUVJYdGdsYVFkeWtpT1d3SHRYS1lvbkhtcUVtRFJfTVEyUmVwRjNsSG8xMGNrSEhtYVoweFE4dFZzMGFoeHdBTVJCcklCZVYtZFVwaTBYSzJMQkFSaUg3dUw0VXBNOHQtdENIUUdoQ3RCNkJ1YXZFaWVsV3FTVmNrYjl3MUVfV3lBRzVRTQ?oc=5
2026-09-13 22:25:28,MU,"MU, SNDK, Memory Stocks Buck Market Selloff After Fresh Trump Threats To Iran: Retail Traders Say 'Never Sell, Buy Dips’",Stocktwits,https://news.google.com/rss/articles/CBMiigJBVV95cUxOd2o5WUlXcW9uNzZaVDhYWkZ5M1FJOE90WjdUM0JCMmh2RTBrVU8tZHhvUk9yLVBUX1VuV3lIdXQxNmw4NGhOeWhTVWRuSlE3Qy03UXlobXM2OGctTTR6UExvbmR2VGt3NjdTQXl4YVlpeWh0NFQxTVV6Z0hqTnRpMWpFZTZhaEhmMFVuaVpYQndlTWhMMDhMRVFyaC1UZjg2OVpBMTFqN0xwcnd1VmJIQ09sekZxa2M5cTVaVmlnQnFiN1Y5UnFjTEdDMmN3ODVzNC1EOUxxVEtrZUxaclctQnNJeWl0X2dGeWxDb2JBdWF0OVNNNTJyWldRV1ktYVpDaWlXbE1YM3paZw?oc=5
2026-09-13 20:34:23,MU,"Nasdaq, S&P 500, Dow Futures Mixed As Hormuz Tensions Ease, China Tightens Export Curbs: Why SPCX, MU, INTC, SLS, MLTX, GETY Are In Focus",Stocktwits,https://news.google.com/rss/articles/CBMi2wFBVV95cUxQWTdYenJmX0NGaDhTYjdQVmpwX2VEUVBNQUJJOVRoSGRPbHNRNjZxSTJnT2EzWlBYZEMxZk1QMlJOVzE4OU9QbG91NDRIb1Z3SHR6YU1KUlFQbnhMU2N3bl9iU1Q3clBMREJ5Z09LZlhyV1BJalBIZUdyMVd2Q05CMW1GQmo4YzFhcTNScTE5TGdGRDh1TGhPem01dlVORmZIeElma2JncktpbENYUlNIVDZ2YXZvaFdiclU2WXFEb2JuR1NSUGdIaFpUXzNFS2VfWmR5M09kQ1hwYUE?oc=5
2026-09-13 20:15:55,MU,"Dow, S&P 500, Nasdaq Futures Rise After Chip Stock Selloff: Why CBRS, PLTR, BLZE, MU, FDX Are Trending",Stocktwits,https://news.google.com/rss/articles/CBMiuwFBVV95cUxPWjNCZGNubUxhbWpLWDFqRzBuVjBFZG1ydjlWcDk2bkJfNkRLME5KQnJRYk8xb3A5RXdHUU50UmllSGZDSV9YUGZ1T2tULWFDWGF5dlludnhxX3VYUF9nb1dWd1MtRWJDeWhLVVNZM3ViTk9ObnFXeW0wVnhkdDZfNEstMHd2TlNDOVFaMC1XZXYwcW9hSXRZYjlRNlc1MElIa09PSlFHUG5LNWp0MWJSdERfOWlpcnBSZFhr?oc=5
2026-09-13 19:47:00,MU,"Micron Technology Tokenized Stock price today, MUx to USD chart, marketcap and volume",CryptoSlate,https://news.google.com/rss/articles/CBMickFVX3lxTE5GWTUyam42NFhxaEhuSmVDd3FrUV83d1VLcEE4cUtrQlVrR1htd0R6aHhYc1gyN0FKRlIwNDhCajZ6RVNyaTdhZ2o2M1dOM1R2Q3JUdUZ4MjRqSllFNzgyN3RibkZNVWNWUUREYkFhLTN5QQ?oc=5
2026-09-13 19:26:25,MU,"Micron Stock Has Stalled, But One Catalyst Could Bring the Momentum Back",Benzinga,https://news.google.com/rss/articles/CBMixwFBVV95cUxOa1VPN0c3bW5uQV92LVVVN1ZPcmVKcklKVW1oeG5HV196TE5MUkNNYmRraDBzVDY5T1JPcUJtNmhNT1hiTVRUaWRTMWx4N1BiRHhESFQ0Nnp6dktoMGlEbFJMUkVXQWdIOWt2b29SRktKSnVCUzBZNkIxT2dWLTFtVjJzUEZOb0V4TVRMOEI4SUcwT0pPU3RESjk2X055ZkVOU2YyTnZVMTk0UXVNeDl6bjN6dWdEVy1NVmdIMW5zeVVLdGhmMW9n?oc=5
2026-09-13 19:21:54,MU,"CXMT Surged 531% on Debut — What It Means for Micron, SanDisk, and SK Hynix Investors",TradingKey,https://news.google.com/rss/articles/CBMixAFBVV95cUxNSk9HOUdmcldLc3ZROWI3T0F5Tk9vRnEwTnhEaDR5alJfbGVxTUFYR1Y1Smp6dlZFUWhUZENJdXNZRHVRaFlINWFscG5IT2FWaWR5U1B6VmV4MDJSLW9BSTJSYklJTEpTMXhlbTBHUm5WNUhyR2ZlX3NkSFJRWENmQnR1NjQ4SERRaUhzcFVFeGxWakdzNFE3OWpmZ0w0N3hLaVV5VVdBNnF5enNBZW9nX2xTMmpWbkdEYzF5RGhYRXBtNlhh?oc=5
2026-09-13 17:35:12,MU,"Why Are Micron, SanDisk, AMD and Intel Stocks Down Today? Here’s What’s Weighing on Chip Stocks",TipRanks,https://news.google.com/rss/articles/CBMivAFBVV95cUxNXzlxSHp4SVZ4eXlHTS1lSU1RREl5TFFiMU43bl9mb29vTW1QRGJESklNTmNsRmtOcmJzZ09ONUFZNXIxa3BlREloNGRQSkUtSFVEVFpqRzc5cEdhXzBuZ0F5V1FkUnRGTTZQaXpnMUpLZWNuQlRFZ1dpN0pqSm5UNEYxRTFVQ2dXZllTTDB4Rmt0cWNnN092dE0yV2JMMm8zVXo5MlFyNlRVVEpqTTkzejV2LWR0QWVaVzF3ag?oc=5
2026-09-13 17:15:00,MU,"Will Micron Technology Stock Soar to $1,500 After Sept. 30?",The Motley Fool,https://news.google.com/rss/articles/CBMilwFBVV95cUxPNktmdHk3SFZzaU9rYVBRRkFDVC1XODlCMnNqci1Bc3NNdU9sb2p3TjRacjVCQTNWb0txUmRnWWJPOHFGZkNfSTlOeUhRdnl5enI1d0pFdGFGbnNHcGs2dmgxNzhtNmFHZlM3MTZXRzdVbUNwQTNCSG94SUl5Y1VScHRvY3FycHgwZXI3bllCUWVJellGdjM0?oc=5
2026-09-13 17:11:00,MU,Prediction: This Memory Stock Could Surge 233% Over the Next 3 Years (Hint: It's not Micron or Sandisk),The Motley Fool,https://news.google.com/rss/articles/CBMilwFBVV95cUxOZ2ViRWZRMGhPT3FwUTFRcHdHN2RBTUNra1BfYnNYUDc1RktGTndvZjVKQmZONlRaYzAyVVVsSVZiRjA0NHRWVlFJVElZWTFtSUIxRkRCYks5ZWp2bWhHQ2tpWW4wamVyOVBvWDR1X0wxY0gwYTlQLTFMa1h0Z1oxbkhkMGNxVi1RMDdaMG5hbWprTnZQeFlR?oc=5
2026-09-13 16:52:51,MU,"Micron, Nvidia, AMD stocks at risk as Anthropic, OpenAI leads push to slow AI growth",Invezz,https://news.google.com/rss/articles/CBMiuAFBVV95cUxQVXdHTDBQQ3FhZjdVUXRjMUpCZzQ0NjEwUkRFN0JoeFlYWkhvc0pnZldpenduOU5UandFVk1oU3V6RVlhd3lYU3dha2o3RDRxZVNiRWRZcWE4a29WclVBZE0yekpwQlR3X1NkRnMzdHprLXdPWmpIQ1lOQ0ZJQi1Ub05sUnJEV2JRNEthYW83alJyZWZZeWtKTDJ6QTFGcFBkUFJ0cUlTdXdfZkdUMVZfd2RhR3NFSjEt?oc=5
2026-09-13 16:35:00,MU,"Will Micron Technology Stock Soar to $1,500 After Sept. 30?",Yahoo Finance,https://news.google.com/rss/articles/CBMimwFBVV95cUxOWUtTdFhTMEd3azI4U0RxbU5vR2llZ1BtNGc5clhKanFNTDQ5bUdiUDJuZklhMnI5NmRyM1FFSUJnSTJZcnRPRWpnN1RDZlprZkhCWWdZYU5VUHJ0SlRzRUZhZVdHRWxOS3p3WmtzRjl2UWdoQVlfaXRseXZHZU9la2hPX0RkazBCcnowaTBHdXhIOUd2bWhsXzEtRQ?oc=5
2026-09-13 16:35:00,MU,"Will Micron Technology Stock Soar to $1,500 After Sept. 30?",The Globe and Mail,https://news.google.com/rss/articles/CBMi2AFBVV95cUxOOG9ZbURXMG5JaVF3SURjWktfQWdDc0t5STFPdHJlSGhfdE5VVXl3RlRzSmxlcjNJbXMwZDF5MFZwQTNVX3Y1V21QUzZmbUNWSy1sTHZhZUtYWWRRVG81SFBrb2J4c2tkeG1ERHh3b0pJb19oUW9saXQ0VU5Bb0VONFJYemx1aFJ6X3R2MXcyclE3ejRuVkhGSEhxYnNWdGdHWWhIal95TGV2V3F6cFJReDV2WEZFMzZKOW5qZVNYV1B1TWV2aUR0dnk1NWdKOTNPbmdBR2lyT28?oc=5
2026-09-13 13:35:00,MU,Prediction: This Artificial Intelligence (AI) Chip Stock Will Soar After Sept. 30 (Hint: It's Not Micron),The Motley Fool,https://news.google.com/rss/articles/CBMimAFBVV95cUxQYmh5LXNaUGswaFF1T2w3UG8teTkxblRsS1prUlBaYUVlOTJSMWplZ0JSaDhyMUJjSGhhdXExT3hheGVKSVIwVXlLYkd4YnhJeURaeDkzWk11NDRhb255ZFVGOEM4eVRjNnVYNWhsNWxTQW1tX0ZTbjRMcTFxTkxPNEI2RE5DOUNiN0dRcmZXX1V6MU11TWNqaA?oc=5
2026-09-13 13:23:08,MU,Prediction: This Artificial Intelligence (AI) Chip Stock Will Soar After Sept. 30 (Hint: It's Not Micron),The Globe and Mail,https://news.google.com/rss/articles/CBMikwJBVV95cUxOLW1LQWxHYTFFZ1RWSG11TTUxbS1JY2xUQ2t4dHJXMTRRTUZiWVRNNGJwbTFraFF5amxaNTlwWXI0a0h4c0RYeExRLWtveVBNRF9XUjRXaGNMd2lKRzlpVU45TlFmZkVtOFNwM0dRYUFKQmdXOGtrVHZGdC1IYkFrOFh0THh2NWVJWExIUTdKNFpmeDdkNFQ3TWxsUDdiTnlucEd0azJGVkV1VFpmNkNhQ2UtYm9IRXNLTU9VcHhuMndlblFqZzRQSEpac0xERk1lY3VHckFPMXBTQmlfNVJRTWZSZDJzY0FfZWk0MDd2aVJCM0Z1Q0FrNFhOWFVWT1ZZWjFLSFhtbFJJZG1sWVNEV2c3Yw?oc=5
2026-09-13 13:04:00,MU,Prediction: This Artificial Intelligence (AI) Chip Stock Will Soar After Sept. 30 (Hint: It's Not Micron),The Globe and Mail,https://news.google.com/rss/articles/CBMijAJBVV95cUxNbVU0eUtSRkxnYzRrLXU5TzdfTENOVk1WeEVNcXpjVGtYd09IeHZNZFFlU1UtMGU3MWw1ZDhQV2VLTHpJaVIwOUhuRXNmd3FkMm9ZVlZ6cV81S2FYU0xLLUVwQ0tCNWstOEZkU0dZSFVJV3p3R05wT1ZJcW9fRU83eWVyOGdNaGFEeVppbEg5eGZVMmpPUWI5NGNKaHRFNEtkQXR5QzJDMy10RElKVGxISXhXUlF3UmRzR1U2UmlhQ0c2ZDlKTFBWR05zdlQ1cmtkRHB6UzE5WjhZYzR3dEcwbHNUN0EyVGpuSm1oVEZOMVl5bkt0T0dhMlZSSlM4MTlwcGFjX09vazczQ2tB?oc=5
2026-09-13 13:01:04,MU,Prediction: This Artificial Intelligence (AI) Chip Stock Will Soar After Sept. 30 (Hint: It's Not Micron),The Globe and Mail,https://news.google.com/rss/articles/CBMijgJBVV95cUxOTk5YZXBONzZfdldLX3o5aHpjbVhFNVljcElreHJFM3JrMFFRbm9CY29RUmFhcXlwSFRFMmMyNV83N3JwcTlRM2NZQmNpaXB6dHNkSUJGS3BsMmVzeUxjVHlJM0dTbEZJNHFBVmtTSmxHdTc3VmhVVm9BRVpWS3FlVzI5STRqb2hneVhib00zUnowMUVoUVRod3VacmUxSzJybXNtMXpGcGhPb1VKUTZtSEY2WnJlbVNCNUg5ZkhWOExGTnJlUzZ5WVBrVDZRRFpzV1RyNmFXODZhNU5LeDVfbnhhZnVwOWRaTlBiNFhFalRqYmtfYWg4aU1SRlgzeWJhZ1dQcl9VekswM0ZMb1E?oc=5
2026-09-13 12:55:00,MU,Prediction: This Artificial Intelligence (AI) Chip Stock Will Soar After Sept. 30 (Hint: It's Not Micron),Yahoo Finance,https://news.google.com/rss/articles/CBMiqgFBVV95cUxNckdMUHgybnpOUVVHVDZrR0FxdXZWcUdpNjBXTHpSZnRQU1VNTHFzbWVUMXN6U1VKVEpnYklOSHg3a0JUTm9iRE9CMUgyU01UbldmYXNRN0c2MER1bF81UGNXSXRjOGFMR0swN0VmUGZDcmhkcTdmd2NGRnZwQUZmUXZmejU1eC1wRHByZl9tUlhVUkFvTEJxdWFRX2t3YnlfakY4VVE1X3VyZw?oc=5
2026-09-13 12:51:00,MU,"Micron Technology Tokenized bStocks Price (MUB/USD) Today | Live Price, Market Cap & Chart",Binance,https://news.google.com/rss/articles/CBMid0FVX3lxTE9hVXNOM1hnZ0JPelk1Vk90OVdrb285N18zYjFla1p3WU1Ma0xCZmNKakdiQm4yRmUwSlBUZGFWODVwTzJGUGhTVmVkNUJ6dllVSWkzTUxOTDNJSFB0VlJXS1hyenVSRlFpMm9ab1BBUzd4N0pBZFhj?oc=5
2026-09-13 12:18:41,MU,$Micron Technology (MU.US)$,moomoo.com,https://news.google.com/rss/articles/CBMigwFBVV95cUxPaGZ5cGl6cEg2ZUwtQzd0endUcW5KV2NGTWVBbkEta0xveEkwblFNZE03SEpVQXctSEFKWVFWX2FxMUZ5d1U4eklZUVNpY1RtUHppLVFGUzBRbzVRQWM5cGZweldNTnBlMWVVX3htdzVjRnlMakFUdjhWT0ItcDMwZElxRQ?oc=5
2026-09-13 06:16:00,MU,"MU Stock Dips Premarket, But Retail Feels Samsung Worker Strike Could Bring Windfall",Stocktwits,https://news.google.com/rss/articles/CBMi4AFBVV95cUxNN0VjWlUteFowaGJFa044bVZtTXNVRFhTWElVOVhPRUc0bWpzeEZ2QTBrQ0d2ZV81TzdmaUhJRE51R2xXamdlTkZvYy1NaDdLYUptVUxwX1h3WWUzWU44TzJFWkN6THlRenA1X3MxOEFKaW1IZTViSTZURUVYM0J2RkN6SUxLU09jbURWVkVuMlBvbEp0bmxRejdmU09pS0pIY283bE1pR0FtcVI1aVVhV0tQWWQ4OXM3b182TTk5eThGZEFMVG1scEhmdVJmS01xa3E4eVBoMUpDN0VFUU96Mw?oc=5
2026-09-13 06:00:55,MU,MU Stock Surges 11% After-Hours — Micron’s Q3 Revenue Jumps 346% On Incessant Memory Demand,Stocktwits,https://news.google.com/rss/articles/CBMi5gFBVV95cUxPUjVnOENoUzZZdFZ5OFFpQnNtb1JsaXNyQ291RFhRdi1DVXFGTDQwUG1aUnRwTmhMMFZhUlVua2dDNjlJdXhqcjFjZFJBQnVrZ0pmdzU2LTBJdV82Q3c5RElGTkhPejloby1QTjBXS21RbEo1cmVTNWJ4WTdyNnlhUVlybERrTXlNVVJQbmdrenNKcmQyMTNoemdRNzVmT2lXRHNlbmc3bDZlS1RNdkJDX1E4d1Zzd2ZsTDRvcHYweXgzamlKNkxaaDlxbmJnYlVnSGRCTXdaYXhHRVVrc29Rcnp6cFBWdw?oc=5
2026-09-13 03:28:32,MU,"WDC Stock To $1,000? Retail Traders Pile Into Memory Underdog After SNDK, MU Rallies: Here's A Key Signal Left Unnoticed",Stocktwits,https://news.google.com/rss/articles/CBMijAJBVV95cUxQcUJ1WlhpYzRHa1M4TktVaE1HN1hBMENsbFNUc3YtU3FVZWprX0VMOTdxVmlKNnJKRzNGYnVsVnloX0N5dndsNGRPcTYzQ0xYOWJHRXJvdVdKVHlfM1hXaENNdTAxTlRUcDFqMC1zQndzWTNiQ3loT1lDNnpvWG9jSVpnN0FWcmVXZVRHTXN2Yko1R0hKdDlSMjZQOXp1UVVXNEJKN0U4VlQ2R3M5UUFCTnVHR08xa1oxcW1rX3VOTVNmQzM2ZXFTRDhXbGtpWnJZcHlOSi1IS1hGM3hJa2tlRVdvQXNpMXFZOWRrSk8yZ3phSWRLNFFWb3U1R0wzZl9iNTk1azNsYmtnSGJ2?oc=5
2026-09-13 02:59:31,MU,"MU Stock Gains On Micron's $10B AI Memory Bet – Nvidia's Jensen Huang, Apple's Tim Cook Back Research Push",Stocktwits,https://news.google.com/rss/articles/CBMiwgFBVV95cUxPMFlaTERXVHBlYkFrTHZURU45YlBUNW1UemNaQmVXTVBOSWswV2JybjgtbWRvLXI2QjdtMzY4YmZ4b24tRVpweEQtLVF5Rlo2N0ZtWXkzd2tFOWdQaUg4ektDXzI0Unl2ZDVTNGNIU2p3aFdFMktCdnBqblZUSlBWczVYaThFQVVaOE5SVU5MWjZLZE9wbFZLbFo2MktjcU0yeTg3ZzR4SV9Od1RuWlpTZjZ0cTdOemVab0I1ajZ2b3Fzdw?oc=5
2026-09-13 00:30:01,MU,$Micron Technology (MU.US)$,Moomoo,https://news.google.com/rss/articles/CBMigwFBVV95cUxQZmI4MzNWYW5HWDhNcEdXSjVoX2l2LTZRYVA0am03MWZuaHpVUEFzZUNYZWZsU0dkTVNkZExJdkZoUnBfUWdSNHM4UHItSEZWR19jNVdZdFlnWlpRRWI3TVk2bmZpeXFPYVpKZi0wQ050MXhBYUF5UzZPWHBVaXk1SVdHRQ?oc=5
2026-09-12 22:48:06,MU,"MU, AMD, MRVL, QCOM Stocks Surge — Bernstein’s Stacy Rasgon Says AI Demand Is Exploding, Memory Capacity Is 'Very Tight'",Stocktwits,https://news.google.com/rss/articles/CBMixwFBVV95cUxNWk1VdGVNT2dIX2ZLdTdsNS13RkRVUm9OMm52LVNJVGZIMFZVTThDV1M5bmc4UzNobnlqZkFrQUIyNUtpbVlOZVpWMjNMYXdXSDIteFBxdXI3ZU5MX3JXdlRKa3ZZVFJkTDVWZ25ONWZNLURhNHBZX1hkQ3U0eFJqRkRZSkxyZkFrUEs1SEFmVjRDRWhpUVl6bXdFTmNKWHRsbG9RRGE5UmRBWVF3TjNrSHdlTWNCY3V3OWszTXQ4QjhsYmlnbXg0?oc=5
2026-09-12 22:12:26,MU,MU 260904 285.00C (MU260904C285000) Stock Options Chain | Quotes & News,Moomoo,https://news.google.com/rss/articles/CBMiXkFVX3lxTE9wYVdOMGtYcHpHaDVJQ0hjc1ljbm9KNThTX0dPTm1aRmwxUEs3TWlfLTNjdGhDdUlYVW9BT3QxX3lxb0MwdFZKbmM5VGRZYlN0TkF1MkVDWWFkeTVUS1E?oc=5
2026-09-12 21:44:46,MU,"MU, SNDK, WDC, STX Rebound After Iran Jitters: SK Hynix To Triple Wafer Capacity By 2034",Stocktwits,https://news.google.com/rss/articles/CBMi4gFBVV95cUxQOWphSXdsdTdtMTZ3UVl0ZFNobG0zeE5FMzJsUmJVSHBaSG93YzdTeXd2VWtyXzVYUzdYWHVWXzRzWjQ5MXdRT19JcV9UTGFXMGpxeW5lMU9GbkNIRHcxZW16UjNQR1hTZk5USkJISHRzdnh4OVRidFh1V0VNaXhyUzdIblh6THpqUVhpLW9oSjJxZDN3RnNLTVpiV3JuS3MwYUNMa1BJZzNJb2hVQl9CU0pKSTE1NlBkVzVwMXY3U1J1VDFlOG1GZVNqcE1saVgtclBkRHhJWHZSb0NVRDdqMVFR?oc=5
2026-09-12 19:11:33,MU,"Nasdaq, S&P 500 Futures Slip As Iran Tensions Rattle Markets Again: Why MU, TSLA, BATL, SKHYV, MSFT, TSM, SLS Are In Focus",Stocktwits,https://news.google.com/rss/articles/CBMigwJBVV95cUxOblNnMHlRNDZKOTYyREowcEF2X3V2bGdvY04yTEY5SThtXzFnQUFFRnVFR2stVVo3VG5ndjhrekxtMFNoZmNwMS1FWWxYR2kwMnA5alpQSjJwRzhRZ0FZMVl2bnduR3QzWHN1XzNoLVRUUThQLW1lOWo0OGtQX2F3NVB1eEVqbjJRNUc0UnJONHBwOTEwdWdhd3dsR3c5UHB3Ty1UelEzTjZ3TmZjVzhUem5XTzkzVkNZU1V1U2c3aU9LZjJZdFRDay03U0NMNGJ3c19YYmI4Y0JFSGNtQ0NVMlJlZXBHSjM5bFIwM1Q1OVNSQjRySEtDa1R2RDJhOGFSdkF3?oc=5
2026-09-12 18:57:47,MU,"Memory Stocks MU, SNDK, and SKHY Are Falling in Pre-Market Today after Monday’s Rally. Here’s Why",TipRanks,https://news.google.com/rss/articles/CBMivwFBVV95cUxQaXRlc3g4VUVoR3lxU210bFdPRjZtU3l3aTZMSlBSOTFQSEVfNVBDUjVjOWdhemVyNFEyc0p2XzBnbkpsZXVVSWg3TnFycmZzWWIyZDBheTEtRk9ZaUIzalU1dWhqTFZ4X1BRWjZXWmt6QXBRcUdMM2h1VmNITmREa29YQVFDb0Z3MHhCSGpaUU5UbDVpQzBPbFlmUGx1elFiX0pmQVc3N3Z4N1FkeldESG93ZE1pdXFjcnhGaFJPdw?oc=5
2026-09-12 18:48:00,MU,Broadcom vs. Micron Technology: Which Technology Stock Is a Better Buy in 2026?,The Motley Fool,https://news.google.com/rss/articles/CBMiyAFBVV95cUxOYUN3aHVKUG1DVll2TkhILTRsQUlqYmlrME8wN01HdTNDWVZRUEk5MzBuS3RjcjNDYTA4ai0yWElWdmZEc1pOc2JXOTJFUkFsZjRQMEozSDBjX0NLYzJoMEdIclYtVjFYSVNjbGlyUC1RclZfWEJTT3NWRzJEWnRUeW56RXF0ejQzZmFLYWRjZUE0OUFXRXpYU2lpQTJQeElzM3JLdDJSVk42dnBhYVVZMXZIN2tCMU9vazVCS1RXbHhCY25VcVBtOA?oc=5
2026-09-12 18:37:03,MU,"MU, SNDK, DRAM Fall Sharply From Record Highs: Korean Market Crashes 10% Crash On SK Hynix, Samsung Pullback",Stocktwits,https://news.google.com/rss/articles/CBMi-wFBVV95cUxQdHR6S1hxUDltN09lYV9VY0hQSmdCdFVCRmVPdnNxOTUtS24zX0l2d3BFS3VBU1hHdzFNV1p1Q2g1X0JfV3ZUa0RMR2RXLTdZM2dCQ2t6cnExMG95a3IwTUFvNHI3VW9xZGlvRFlNdWpOaGdLcExrMG1TSVo3eGxfcnNtb25KYkN2NmtfY0ZFUkJfa0pzYUpXMnNUblNnLTFyZzFQRG5TNW9DZ3djNlBndFpfR2licU4xSkV5Zlh5MWw0ZlJlNE9kRTBPX1FyTkRjZW1jSjE3VGtadlFaVE10MzlkcEdLTTdOWlBXRXp2Qkp4U2NIUkR5M1BYNA?oc=5
2026-09-12 17:41:01,MU,"MU, SNDK, NVDA, AMD: Chip Stocks Gain Premarket, Extending Relief Rallies",Stocktwits,https://news.google.com/rss/articles/CBMizAFBVV95cUxQQ01QSlZMU2VqT3d5WG1hampNY0lLVk5xSWR0M3ZBcGJqR2F0azBocE50TW5TSFg4eUlkekFIdk43QkJ3dUo0RExhbElZeEZRVGcwSml1RERrdXNlMTc5MV9UbFBDTFRheWNmYVhkVTdLYVVOa1hjLUxiaHRFMnNfaFd6NGNFVmFuREM4WFllU0xJTjNfMnRPWmtnYVVJZmFWajVScS10cjhfNEllQjBSUTZsc0dDWEhObWtpZ19ETzBWUGl1N0hrSVJNcVg?oc=5
2026-09-12 17:30:09,MU,"Nasdaq, S&P 500, Dow Futures Rise As Micron, Qualcomm Calm AI Jitters: Why WEN, SPCX, NVDA Stocks Are Also In Focus",Stocktwits,https://news.google.com/rss/articles/CBMixwFBVV95cUxNZ00zV0pNZUlKZU9TVk9samYxNkItZXBiTTRfREFvbi0ya1R5eEcwbERhQjk2QjdYWE10VGdLUGpYUVVYTnV0S1oxM0I3TnBxTG5EeXdqMFRKd2JxZ3FkYWVkSndoaUZuWjBKaks3SnBYNWFYOEh0OHVibllWTFNNdjA0aGdUQVloUFhnaGZfQXIyM0ZyZmR2M0JIWThacm1wUndqY0RENEVmWU0wSnpRT3Y5Wk1XemdWLUt0SUpOc1E1VHlJUjJj?oc=5
2026-09-12 16:46:29,MU,"Nasdaq, S&P 500, Dow Futures Crack On Tech, SpaceX Selloff: Why SPCX, TSLA, INFQ, MU, HOOD, ADTX Are In Focus",Stocktwits,https://news.google.com/rss/articles/CBMi2AFBVV95cUxPR09MeVQyb05DcnZrUzRLQzlPSldDUFJrcTRPYWFLckRYOVJpd2x4VW5SUzJERjgxaGJpSUo1RFRsWW1fUVdPeXdWR3hsQXNCOXlKNjczRzZiRkRLZFV3RlFXWHBtMXFnNWtCSXdnY203ZmFZRXVMQjNTeHVZRmpuSkM4WEFSOXhzYmFUZjV6QUNRcXhOWEphM2djeC1zWGRDT0NvU3F2ajA1T1dCcEZlLWl1R1l2bHpIZ1BNOElTOWxMcXpwMGxvVXk4RFNDeE1zc1BIeW1CNXE?oc=5
2026-09-12 16:26:25,MU,"MU, SNDK, WDC Stocks Rise Sharply For Second Day: Retail Feels Memory Pullback Is Over",Stocktwits,https://news.google.com/rss/articles/CBMi3wFBVV95cUxQNFpTcW1mMFE3N2FXbE85VllxY0prTjd4Qmdwc3ZpODR1R0QxeUs4ckJRWlNRUGtrcnNjZVJvQXRuQ0VLa2xxVDc5SnRwNUUwYldpT0kxcF9LTUhYVS10a0ctSHZQbzVGNzdkV2t5ejkwT2txRTZjWERXejQtU1gzQl9oY0ZYYXV2YndJUHZnVDFCQWJnV1VTUlNzM3d2ME92Umd4OEtVclNTTmxIdlRRc3RrOEloUDlHMDN4Qm9XYk5nRlBwTmtrUGxETnIyZmo4b2hCeWFJZ3hCOHQxbWZj?oc=5
2026-09-12 15:30:07,MU,MU Stock Edges Higher Ahead Of Nvidia Results: Wall Street Flags Tailwinds From AI Server Demand,Stocktwits,https://news.google.com/rss/articles/CBMi8AFBVV95cUxQN1dfQUdacW54VjhxN1lQUXkzTEh2OW9iS0FjdGlPQmxjalhscEJ0Nl9ZX2RCMnJGclhVWF94WmRTcVlYNXVFa1RtR3h5Y251RV93NzF3d0U3TmViSDd6enJHWVl0ZlZKUHJzQk16QmYxdk9ST0dlb2daejRpN0tUaDF5dnpyUHVXb1VGSHpocHNaZ04yNzRIbnlKUWgwRk9YMlFUQzQyTjlueTlWMGd4bzdLUkNQQ1V1akJSdzdnUFhGZzdtRkduTmdpMWdqdklHaWFpakR1TDJNdGlSNVFjV1NGblVCMVlUWXV6RjZNeWM?oc=5
2026-09-12 15:04:59,MU,Micron’s AI Memory Boom: Can This Cheap Stock Run Last?,TipRanks,https://news.google.com/rss/articles/CBMinwFBVV95cUxQRXFobnZoYndxMUJpSjNuTVctSm5PSVBzaUh0TENQV1NYNVg4M3pCSXctM2V6Q0EybGRVN1djWW51SFJ4bTRPWXk1SVRoM0kzS255cWUtNzdEYkdCU0N0N3B2VTltTVdxNk9EVXVJX1lCeHZOUWhsdzBQQ1hjWEUwZGRuYXAtVURqYlhkTDZvTjhHVGkyejFFRWFjMjdFTTA?oc=5
2026-09-12 14:35:21,MU,MU Vs SNDK Vs SKHYV Vs STX: Retail Traders Pick Clear Memory Stock Winner Over Next Year,Stocktwits,https://news.google.com/rss/articles/CBMi5gFBVV95cUxNVzVPcEdTNHRGcUNOUTBuSmU4Z21kZnRJR3J3Rks5VVRTaU1jZVV5ZXRYVDBub2M0bXR2TzlvWUo0WTRldUZWUGFxZ0xsWFFyQ0tucEVXMXVIQ2l1NmRLeWFtc0hFdVFaWlRxRklzcG1taUdjRTdtbFA4REtjcS1HOXFCUDc1S2hMV3MzMndkcUJuaTlaZllxMGFueUJlWGlMMUNkbjRpUFhxT2VLZlcyd3Jpczgwel9Lakx2MnVUYmJ3Mm1HTktwandNczJheWZPblp4ajk0QVZqd2dGRS1kekNZT0VFUQ?oc=5
2026-09-12 13:52:12,MU,"Nasdaq, S&P 500, Dow Futures Rebound Ahead Of PPI Data Even As Iran Tensions Simmer: Why ORCL, CRWV, ADBE, BATL, MU, ADTX Are In Focus",stocktwits.com,https://news.google.com/rss/articles/CBMi_wFBVV95cUxPc3ptOEUtdDdJbGhHLVkwREtJX05JNUxLcGVFb24tZl9ZcEhwTTJNT3VTcTBqalJ6SFJkcEVwU0tXQ1VfZWI4T3VQc3dBWVVIczFrRW4zRERkTXpmZnllNlh4ZHRJZGNmVlZ4SjB1cGZ1X19SYnoxdVJXa2NsMlNhMXlaS05KSEV5akI3Qm9DNU85VDlNcTlXSUw1LXpLSG9yVnpiVm5KY0hVdHJHSi0zWm5Ya2NFendHbUJxdUtzalpORkJVUmh1bFp2VGpqdWFGZGUtb2lIeTdUS3k5NDB0MElteGVnN0lhY2dVWXdveXprRERGcVVrVE00bXd6emM?oc=5
2026-09-12 13:07:57,MU,MU Stock Rallies Premarket After Blowout Q3 Report: JPMorgan Nearly Triples Price Target On AI Demand Boom,Stocktwits,https://news.google.com/rss/articles/CBMi_wFBVV95cUxOczNTNEVXZUdTZzZuNS1UNkk3TmNSVGVNN2NMdnhacEtWYUtSUDhQNWtHalI2NVpvMWY3RnNiNzJOdWUtb2dTQXRRNThEUG5yNTM4ZWRBX0pUNmN2YzRHVWxVSUJqT25yemF5Q0RNMnItMzlkMGNvREJTeDVfUXp3UzluRWVVcVFWYmZUaEU2aHdBSjY5R3Q2MGE3TGl2QjdKTWZFUlBzdllpTHcxZlhRZlhYRDF2bjdacHpaNTlFQ2dUS2xsN1JoWFJyTlVfUnRmUnZjRVlGQlhsd1pDNVI3bEFlTDc5ZjA4cUxJLVlyQUtaX2tGaHg4SWppcjI2d1E?oc=5
2026-09-12 12:15:00,MU,Where Will Micron Be in 10 Years?,The Motley Fool,https://news.google.com/rss/articles/CBMigAFBVV95cUxNeGhyVUF6WVlOSG5qRDRaSloyTTM2Xy1CZ1hjdFkwNEV5YVQtRGowYkhjLVl5emRsaTBZbzBtWDFKX2NHUUIxM0x3NXR3QXZBNUl6XzZZVkM3aWgwb25MZHV4YlBTTUgxcUNnUkdnMjZ2cGRoSVlTMUhfMmtZNGQ2TA?oc=5
2026-09-12 11:42:53,MU,"Why Are Nasdaq, S&P 500 Futures Rising Premarket? SPCX, NVDA, SNDK, MU, NLST, BABA, SLS, RKLB Stocks In Focus",Stocktwits,https://news.google.com/rss/articles/CBMi_AFBVV95cUxPdDhGOVNVWHoxekdBYXRhd1JYZWE2Y1VFZVhGTlQtTUhCM1JBelptM0hDWjFZajNaWDd3djh6dEJxd213bWY2REN0YllUSXJwTnV2N003NDN3WHNwaEhmVUVnNEhfZ0FwNnlDVjJTVHBUSFFuYlZrVG1FUnFoUVpYSDVBaTV4YzFicFAwUmhGa01Kb2xpUlhVSV9TLXpzaHBfdjIxbUpXUzhQUEVBNUxMMEY0ZEdsSFZVa25EZm5feDdSM2xGT1hUQk9ZWHV6cjhTZ2JQQmpaN1VzVl9QQW5Oeld4VDJtQURmRERzQW5lQU81dFhCaVlxZFA5YVU?oc=5
2026-09-12 11:37:34,MU,"Nasdaq, S&P 500 Futures Slip As Memory Chip Selloff Hits Tech Stocks: Why SPCX, MU, QCOM, BB, ILLR, TII Are In Focus",Stocktwits,https://news.google.com/rss/articles/CBMigAJBVV95cUxOdkQxRVFSSndsaC1ucUxSdWZhY1RoZU5WR3MxQndZcmlOcUEtNUFzTjBKSW9MUG5Zdlk5WVI0Vm1wYk5IbWpyR01HOTJPUEFuM1ppWUN6Wk50dHpGajM3dWpUZnJKcnJ0LVlva3pnS2hERjlSd2hXTHZvT0xXNWVuSG5KQ3h0LXpGNFFDX1JZclpRcTRfWEJENXpwZ3hVQWJXTXVEUlVXVGwxWDhmZk1VTUlFSFhQMmdjU3hTRUpUQ1VmeEtiRExWOUFaQ0t4cG14WUN3WUpEUTBPU3JkRWR5d2hKN3FiVGlEZVVmMV9RbjVlVl9IODdjcEd4cWxJSHhu?oc=5
2026-09-12 11:35:00,MU,Where Will Micron Be in 10 Years?,AOL.ca,https://news.google.com/rss/articles/CBMickFVX3lxTE95Uk11bVFvcl9fSEZDTkFoZWdFMlNXVVJ4YTVQRUFfc01iSzVDbURhSEg2NnRJYWF2S3hDbjBicFU0V0xNeEh4dndlZzZqVkNBVU1wanVmNjctcmZmQjRfYW5ETGlrbUZNNEJubHQ4Uk5MQQ?oc=5
2026-09-12 09:48:00,MU,Is Micron Stock the Next Nvidia? The Answer May Shock Investors.,The Motley Fool,https://news.google.com/rss/articles/CBMimgFBVV95cUxQQ0lNMENqaDgySGQ5bTRWdUtPcmFmZWZPRDVhWGRUcXJ2NC1xTmRrSGh5N2R0N0s0YnFNZjdpWjliZVh4ZFlUd3BlejZ4Y2Jld0pXWWdLbk4xVGdmQzFXd281WmZYX1dtUUVnQ2IyQk1UcXJ1OEFRa0pZTEVhMnV5ME5WSnFkeWotSDkxRVItLXpNVHZOcDZGdkRn?oc=5
2026-09-12 09:45:42,MU,Is Micron Stock the Next Nvidia? The Answer May Shock Investors.,The Globe and Mail,https://news.google.com/rss/articles/CBMi2AFBVV95cUxNRjdfWFRsNlA2dGtYQUpkMkcwM19wTUREaV9JbEhsLU1sQi1ZeUxTV2M4eXE3c0ZJOVE1a1FuZDlsd1NFdmF3QkhNWEdsY2M2T2gzeG83dG04T0c2ZXZRSHluMF9TaGk5b2I3MjFzYTRCSl85c2t5SGlJSERURm50czZBNURSTzRCSGpwS1VNRTJyNU9XM3Y3Wmhma2hpUmNKVzUzT3Z0Y0Y3WEFYaFJoVzhaTUtyNkpjc3BCbHA1ZmszWl91U25paWcyWUZHcFZPX0txdzJIdFQ?oc=5
2026-09-12 09:14:04,MU,Micron Stock Can Absorb a 50% Earnings Reset—Not a 75% One,TechStock²,https://news.google.com/rss/articles/CBMigwFBVV95cUxNbHNpLV9hQmQ5dDlfSG5TZjl6WlVFWEtYc3NnazNRc0Y1cFZWZzRXaVV5ZHI3SFVvMTZiMEdLMHZNaEVuVTdvSHpSOXhZWXA4bWRLeDRJdHpaMk84TWljNTNXTk9Eb2ppWGppN0pDY2pTTDlMWm8xcVNBajVBa0pEc29BNA?oc=5
2026-09-12 09:08:01,MU,Is Micron Stock the Next Nvidia? The Answer May Shock Investors.,Yahoo Finance,https://news.google.com/rss/articles/CBMinAFBVV95cUxQWjVXV29RY0pVNkdCU00yeDNqRzBuVS0wXzNEd0xvZ0F1c1Y5QXB6WmVfVGR5djlhVjl5YWZ2c1JDdWUzNFVBSVNVUk1JTGhhQm1xZmF0ZkVvWkEwcFZjbkRjZ1E5ZU4tUGpUNkxULXhycDFqYTVrQW5qeWRINnZmLU5VYUpaT1pWZkF6dzJvM0dPZXYzaXVnTFJIN1M?oc=5
2026-09-12 09:08:01,MU,Is Micron Stock the Next Nvidia? The Answer May Shock Investors.,AOL.ca,https://news.google.com/rss/articles/CBMif0FVX3lxTE1qRXZYWnFHV0IwQ2RobWR2aTExNmlsZzJfbTNhLWlPZDRpY3FKbVNudlAwVTU5ZHd2MFRtZG9td1ZBR2M3dWJLVWhwb3hkX1p0Vm5DRGNSSk5MZ0dJVmlOZExZbDBFMDY3Y0JKZjJkOE45bHVvcWh5NWdpVG90Nlk?oc=5
2026-09-12 09:03:00,MU,"Billionaire Stanley Druckenmiller Dumped Broadcom, Intel, and Micron for This Chip Stock. Here's Why.",The Motley Fool,https://news.google.com/rss/articles/CBMilwFBVV95cUxNZ21jeGZuWmV2VERDRDU0eEJIT1RtSjVrN25uNUJ6S0VEdFJiTFFHc1NoOXRuNVNGblByeTRZTzNhemJtMVJzSnItbG5vd2k0OG9ROG0xYy0zWURhRDhpdk9Kd0tlMFpzRmRodXZqOFlaSExQemxRUDFVZXdBWFI3S183SHM4U2F2VWU0ajhiM1lRNXZNblc0?oc=5
2026-09-12 08:58:16,MU,Micron Technology Stock (MU) Opinions on AI Memory Demand and Price Volatility,Moomoo,https://news.google.com/rss/articles/CBMiowFBVV95cUxOSWxyS3U1Uk5ydzVGZTd0Qi14djFHb0x3RnBZRkhaSm81Qjg1bnYzRkZjMFFxRkkyaF9ZU1Q3RENrVzYwbmJrdG5Qb01YU0lYWFBTSXZxUDRiQWxodENFdXM1S2psZU9USmw3NmhpZHcxQUhBWlpfR3dNZGk3dXYxazJpVW1xUE5lcFQxNF9NQ1ctYklRUDBZX0J1dV9UeFVfZk0w?oc=5
2026-09-12 08:48:25,MU,"Three Seasons Wealth LLC Cuts Stock Holdings in Micron Technology, Inc. $MU",MarketBeat,https://news.google.com/rss/articles/CBMizgFBVV95cUxOU25MN3EwWGV1RFNScE92OUZDUDRDWTdZS1MzcDlIWlZERzZXSE9oZzNTSDVlaTNHa0FqeFlULTZGSU9neXlraU1pYW9fcXlzZmJYQWZpdWdaUnBqNTl5OVFmXzBfSjdWUkxfZlo1ZzU2b1ppVmNsYmxRTWJ4d2ZBdUZFaXF3T0p6aEtPc09PcVFIZDdwOGJQUFpHZ1VJWW1neFoySGdtOEFGQXJQd1FfdVNTTjdoNlJnM1pYLU4ycnZ3cmplOXRLRFpMQW55Zw?oc=5
2026-09-12 07:53:28,MU,Micron CEO Says AI ‘Can’t Scale’ Without Memory – MU Stock Jumps On $10B Research Lab Initiative,Stocktwits,https://news.google.com/rss/articles/CBMi7AFBVV95cUxPYUdleTlWdEIxSEJGRTBkRmZHSnBieTlmXzY3MVF3ODVYeWxFenoyb2FlTnlVMmpSSnhaS1RIUHJRUjFZV19vZEpYeDNjdVI1YU84UExyeGNIMnhjS3hjeHRUX1VnUDlzVDZmdi1xVElWakU0Sjhpc18tVlpHa09kVE1GM2JaYnltem81N2hQX0tOWDU1UWxtZ2R3a3l6RW9xQ05HUzBKN0NSV3o2UkdhQkJGMjd3dENYQjliOEg1NHk0Q2JPRENWVFQ0WEJJZGtOTWpOenA5TXJidmJlMUVuLV82bkxFcnV5ajFxNg?oc=5
2026-09-12 07:00:00,MU,"""Micron Technology Inc tokenized stock (Backpack)"" price data",CryptoDaily,https://news.google.com/rss/articles/CBMihAFBVV95cUxNTW1WWUtvOW5keHZHUjZ1M0FWRi1xX05XR01vZEpJWlFacW5icGZiRTN5bklVemxYMzlGZ2t4NWlVYndtQnVqNE9VOE5OUDJHYVQ1aW13anRGTEkxczZjYmNKNlp4ZG5YRldHeXV0ek1JQlFnZTZQNk5Ha1hSM051UkRzYjI?oc=5
2026-09-12 06:33:18,MU,"MU, SNDK, WDC Stocks Fall Premarket: Samsung, SK Hynix Briefly Drag South Korea's Kospi Into Brief Bear Market",Stocktwits,https://news.google.com/rss/articles/CBMi9gFBVV95cUxPZ01Zc3ZrVl8yOGJHMkRXT01PNVJ4emJrSUhtRTVmZ3l3S0luRE02R2JSQ09rRkRIdzZWSmQ2RElXZ3ZlcHpNdGFGVTRla0dLVHRDb2dxeFd4eW9WeEtGaURSZ2M1QXV1ZGJaSWpCQ0p3NEk1OW5idXFlSjcydXF5QlJsMzVEdzBGQ3c4NDVzdHh0dk9VTjFBajI2dzdEMkxaUlBHMjBaNnVxTTFaNW1CYmtYc0Z6VTVqTVBEMExyYm1yRUZUM2hsUXl0UVZnR0w4QnV1YTdFZnFYZ3kwZHZSM0gyOF8wRFQxMGlzM0pOZTl6VVZRRkE?oc=5
2026-09-12 05:50:01,MU,"Nasdaq, S&P 500 Futures Climb Despite Fresh US-Iran Strikes: Why NVDA, MU, NVTS, RDW, RACE Are Keeping Traders Engaged Today",Stocktwits,https://news.google.com/rss/articles/CBMixgFBVV95cUxPd1VrRTBBd2VXeUNHd2xTYnh2QVMyaUM4Z3YxWG5KVWdOM1NXLWp1Z1piaGIzZ1lkbHJaT1RxM0JpQWdqcDVHc0dxX3FfVzFxUlJQYWUydDNlcTUyM2ZTSEEyTnZ5YVJpY0tZRVNrTkJlc2RHMmFFbjJURldTekR2RkZONE5QZlpUN3htOGd3QXNMQ0stbktvWVZweURkOGg1RGNFMnBPRFZNZ0t6ZnNDNHI1Zm9hTVpQM1Nocl9VYjNnUkRPelE?oc=5
2026-09-12 05:32:11,MU,"NVDA, INTC, MU, SNDK: Chip Stocks Rebound Despite Another Escalation In US-Iran Conflict",Stocktwits,https://news.google.com/rss/articles/CBMi4gFBVV95cUxOQ0dycVQxeG4zbzMyUUtuWU1vaUJaUGFlSjZ5Wmc3TlVFUGpjZWpTWllzV0ZGV0dTYm15UldpTTRseXZ4cHUtb09CczVXazlqLUhRejh4OW1CRzU1WExkZ01hOU9lQmNfS1hFX000bFhXS1ZjZ0xKdFNEYTZncXBmM2J2c3ZYZVRIY0sxRUZLLWJ4NmxOakRwR21VUmRnU2Q1aWJyRVlwMmw3QzFZdjByWnJMM051eXA1NmF2ZTNacUs0SHFnSlphWi00MDlqbXV3ZTNrajhKNHM2RTBrRFl4bm93?oc=5
2026-09-12 04:25:41,MU,Micron Stock Tops Nasdaq 100 Weekly Gainers Amid Memory Chip Rally: Q2 Report This Week Is The Next Test,Stocktwits,https://news.google.com/rss/articles/CBMi-wFBVV95cUxNV2RPa1BLcDFCZzlzX2xka2xpVFBzNWdzUzloWDJjbGxhSGc5c0hTZHByNWhqSUFlRHBkZVFEaDVFSm9taWIwOGpPYkhrOXBwQ1dLZUdyYXIwa0VDbVRFeHY3TU1La3lPeE5iWU9IWlJsNVJseWR2S2F1WS1Tbk40RVFVZXlFNU96UzMxUWJhREgyUU1TRkc5WWE5U1U4SGhFRmNLTnVtRnZYa1BESk1lTnB0QW9fVkNBRV8wWkFEaXZURVEySmt1YlptVUZad3FaQnVXUDRIRFVCdXpHV3BtakJBVHh2YW5JekxjWXlCNTJhaWlvQ1dyRUwxQQ?oc=5
2026-09-12 04:16:13,MU,MU Stock Soars To New All-Time High — A New Product Is Driving The Buzz,Stocktwits,https://news.google.com/rss/articles/CBMi0wFBVV95cUxPajNDT3ZKbFVtVXluSVp3b3VReEx5LXFGS3ZSY29FREtqOXlSdVZZQjdCdl9TSHR3aVo4eElia19pMUdfSlNiemU3X1l4bzhVQ2VzYlZ4T3ZsaHlTY1hlcUNwOVpKcjYwUllMNENnLTJmck1sdnRjOFAtVm5uRXhzZVpLa0VmczFHbGxadW1NeVNwSng0X3VUOVlKRXJscXVJeFJBem5qb1pjaXJqYV9GYnZwNWR2YlMwZi1kTFZoRnFONjJfS1hiVHI0WV9qQ2VrNUU0?oc=5
2026-09-12 03:09:26,MU,MU Stock Is Up 854% Over The Past Year — Barclays Sees It Soaring Another 28% After Hitting $1 Trillion Market Cap,Stocktwits,https://news.google.com/rss/articles/CBMi1gFBVV95cUxOd1JVQ1RSTmFQODllUFhUNWJVeVI1OGVDZ1oxSlpfQkhVdDNCbjgtbWYwYUFvekhudWZPMGp3SFY3ZUh3Qk02SVUzWTV1ZW1qaU83S2pKX01HSzNJOHRJeHprZjZraEZJY2tTbFl4OWtiem9sc092NnpLbTM0MTFISTRQQldlWmpyUkRUN29vejZhVUJyRGZ6dGJjdDFFdHc2Q3JlcXhGdjYyYU1udVdjdUZMaEFwSjdmUGxOQjhSM0xIZUswZ3lNQzZTVlRoMVR4YVpsd3RR?oc=5
2026-09-12 01:27:18,MU,Micron Stock Is A Key Read On AI Memory Demand Right Now,simplywall.st,https://news.google.com/rss/articles/CBMizwFBVV95cUxObEExSmpYZF9jNzVROEhnaGhlS2piVm9MdThiNDRPel9ReURJR1JVdUctUG9zTWk0aThrWk8zb1Z1ZDNiWE5rWnM3aDNRZzJvbVZJRGZ6WVdBZnJxMVNLcVNXTFVCdEFHWmJSRXJVd0RjQ2NaOUV3S1Zjcnc1eVhFS1FoMzBvUGlVWTNiNl9WYlFqekpJTWdwYTNRVlBJaHB5NjdYdzJXRWdTdnVnTDhYQnBDUl9jMnBoM3BjcEtSUWFXUUJUQ3NQX2FLQkhKZ0XSAdQBQVVfeXFMTlpjSjlBYV82Y1FqQmN5T1h2Yjl4YnF6WEY0d1dyLXdkbUJaZTVEOFpKMHRhcWJlOXEtbS1JdjNuNEhFU29mcE5ZOEd1Z3l1WkFleURmUno3cE40VDlnemFxaWhFbWlMZWdWXzZIUXg4dWlyeHowRlRST01iZWdwd29lMEMxZ3ZFb3I5TkpSOVAtTlpkaldiNzRJUVI2ZXZ3Q0UyVThMMnUyYmJ1dlBJY2xkaFJydzFUbkZMN3VtcTBrRklPT1RjMTVMakZrRjJmdFhyYjA?oc=5
2026-09-12 00:25:14,MU,"NVDA, MU, QCOM Stocks Hit 52-Week Highs Last Week: What's Behind The Surge?",Stocktwits,https://news.google.com/rss/articles/CBMi0gFBVV95cUxQMWdYbHkwNUJzVG5pR052M2ltYTM1MHg2YUZtZmNncUlrYURhTnJYV2p6eUxVck1tWE1ZQTl0TlpRX1ZzSGI2VVU0bXlKWEJLQ2ZkbUYwaGg3ZmUtSE9iTFVWVDVxekxFTFFTODZXMG5QaDBKQjNKaU5CdFJsSEdIVmx3QTdyV0VhSzNhVmFPX1B1ZzBFNl9zY28xMjViN0FsT2VEUnUyRllpdkdyeDBBSHN5YkUyVndGd3Z0Vy1vQnhySlBubDRmUXYySTcxdDc3QWc?oc=5
2026-09-11 23:36:43,MU,Micron (MU)’s Taiwan Workers Want a Bigger Slice of its Record AI Profits,Yahoo Finance,https://news.google.com/rss/articles/CBMimgFBVV95cUxQOWx4c1NVdzNjRVp5VTI4QjYtdlMxcHpBazJ4SDU2bkdhSUNkYzFNemUxR1N3RHdyZzVPekZxb1NaRDdWUkJPaGdQUWpsTHhyQ2U1dzJ6dnI3WEtLS0sxLXJLMnplcWFKU1dPUFJfZFd4YzlBRDFoVW5yaW02MUx1VDlaS1lZTmRwU0tINWh3YnZwUnhIOWhMNmJR?oc=5
2026-09-11 22:45:06,MU,Micron Stock Edges Up After-Hours On Starting Volume Shipment Of Memory For Nvidia Chips Ahead Of Q2 Earnings,Stocktwits,https://news.google.com/rss/articles/CBMi5wFBVV95cUxON01VTjhSa3pISkpra19nVDYtZ2ZLeVM4X2pqVll1TVNvMVVFLUdjNlB4dmxaZkJ4cnBJY0pNSS1Vc3d4WUdFODdGTmFwVmQ4N1hZYnBoVFlScE9fazZYZWo5QjR2NGkzVndxUFNKWFNwcW5sdlA1b2FzTWQxNzhPMWozdW5xUVpWZDhMQzVhS0xST1BQdTZTZkNBY1k3MFhFcjNob3ZRV1MwNVZNWlp0YndWbGd6QlFyMThJTlAzSkluYnFENkxDZkZ5cFhxSHQ4STZkREREYV9QNk1Jck1ob1k5R0xfTWs?oc=5
2026-09-11 21:11:02,MU,Micron Takes Unexpected Step as Tensions Rise,Yahoo Finance,https://news.google.com/rss/articles/CBMipAFBVV95cUxQSFBGdWxmSjhqUnN3RFM5NnpaLWhqakRZOTZ5SEZyTmltenNXcHZJZEZuOUFySFVkNk1CNnZUYWFOYWRFY0NZOUxfbWpYWDVSNFQyVXRPTG9sQmNBc0N2dnF1dVRkaWNQYzhnLThFcjF3NC1ET2QwZFZtb1pGa1pJbnVlTzBmRm93MjVpRVpTejAzZXdQSFBxUHZjc252S0hPRmd0Nw?oc=5
2026-09-11 20:45:10,MU,MU Stock Quote Price and Forecast,CNN,https://news.google.com/rss/articles/CBMiTkFVX3lxTE12OGhUSWtGTk9iWTJqbXhwZ2hpa25tNUxnRWlMam1RYkNBckpUdlVCMXgzY2ZDbG1HUkdxeFlUMWRkZ3ljR2xXUkdJb285UQ?oc=5
2026-09-11 18:15:17,MU,Micron Stays Flat as 68-Month Bonuses Fail to End Strike Risk,Yahoo Finance,https://news.google.com/rss/articles/CBMilgFBVV95cUxOa0dGMEFGeG9kdjhHbHNqeHlwUmVoYlBsRTg2bVItR1pLTVNpLUlNejJ4QjJXRy1Da28wV29sTlRTVWF1dGtjaVM0TVlNM0tkZ0RwVlpnaDBseG5Wc3JMclZucVRYS1JuaC1YLU5vZ1RrUGlKQ1A3Q2RDSVpJVjFTVkxsVk03dFN6U3BlcE5haXc5Q1JpREE?oc=5
2026-09-11 18:05:50,MU,"Storage Stocks Slide as Profit Taking Follows Big Run: Seagate Falls 4%, SanDisk Drops 3%, Micron Holds Flat",aol.com,https://news.google.com/rss/articles/CBMihAFBVV95cUxNVGpQZmdsOEFxS1dWUVVmbGVZR3VkYmJkbkRycWE0V3dtUXl6aEp4SFc1cjZjOE9taGV4MjJud1Y4RFI2V01mTkJUMG82UVJvcXo4U3NaMFEyREpicTR4UTBPQTZvbVhRSG1WX0F3bjRoMjI0NEd3SWFvc0VjZTJKY2pDdVg?oc=5
2026-09-11 18:05:00,MU,"Storage Stocks Slide as Profit Taking Follows Big Run: Seagate Falls 4%, SanDisk Drops 3%, Micron Holds Flat",24/7 Wall St.,https://news.google.com/rss/articles/CBMi4AFBVV95cUxPSDQ0NXdBQ3dmSmU0anJlTk5YdThpZmlTa2xwb2pXQTRRNzJOMlhqeHpDa2EtaVlBdllUanhxMkV1aFNxdHpOd1pQWHMtSzE0cTBTUmxSdEZDajlGUk1uS01XR2x5dkhMLVdGVlBXSV83OVZKSkswdzJrdW5oX3VEN1p1ZFpDd0xVckhxTXhlc2tNdmkyejZiSmx5YzNaZVRoQ3JJaDQzaHExWERpRktqUGhsM3RyZHpIdmo1VGgwdUVzbUVORWhEQktiMmc4ZlRwSm5xdHIxRTZSZGM5TkhBVQ?oc=5
2026-09-11 18:04:00,MU,Why Micron Stock Is on Pace for a Weekly Decline,Barron's,https://news.google.com/rss/articles/CBMickFVX3lxTE9pSldXN3N4XzdnNGJIdEVxaVlHNXdTV3FaNlFzMHZkRXUzVUFJTExCSGxQLUxPMGR5SzNWaDh6dE14NExpZ1hsTE9HVHp3MWp1a1FHdGtQTC0tQWVWUjYyWGZETm9ZZmxHRVA2ajRJNDBLUQ?oc=5
2026-09-11 16:48:20,MU,Why Micron Needs To Be In An AI Portfolio (NASDAQ:MU),Seeking Alpha,https://news.google.com/rss/articles/CBMiigFBVV95cUxNYzJTbmxMR2V6MWZKemMxeTg3clVYSjVjdkllMGFYb01GSlh6LWpPaTV0a05LdFAySFYzYldhZzhsRFl6V3M1YUFpd3I0LVlPX09sbW0xQUt0bGpEYXZOdktZb25QbkVscU9RbXBHSG5VS0RKaVpTQVdTU2d5MUt2cXpYSWxQUTZWbVE?oc=5
2026-09-11 16:10:59,MU,"Micron vs. Sandisk: The Opportunity Tilts in Favor of One AI Memory Stock, Says Investor",TipRanks,https://news.google.com/rss/articles/CBMiwAFBVV95cUxQQXkwaTBfbGtSY0YtbnhfYThmOGxhQ3g1U2c3TVo5N0NMWkhCa3kzQkhiSGRyQUtSaVUtRmZLSi1tUzRwTFlxTlJMWDYtTjRDcEdGeW5UcTNaOUkwaUdzY1o2Q1V5RXJZQlV6aWxqZVpESDE0U1dxQURsaXp0NXllSVBGcWZIanRZS1MxNk91TnRRWVU3ZE9yY3ZjSWhiRWwxWWVGZTVIUmZ1QUdxbFliajRyeGJjdFBHQjRILXhqczk?oc=5
2026-09-11 15:59:17,MU,Micron’s Powerful Economics 101 Lesson Keeps Me Buying,Yahoo Finance,https://news.google.com/rss/articles/CBMiowFBVV95cUxOV0liY0dMY3UtQjB1R0puX3hMU2Y5cmxiYkxyQmhBNWQwbUh5QlBycDRzQzdydW9xV0FNSDEzUTlBTVFzMEIxSmNTbGExSGl2XzR3dVc5Wm5BMnBiVkxGNW1KZmppTkpGWWZhM2U5T3RKR01QUnU2OVhHTUhRc2U5akljcXlyYV9lQWlxaUY5cFA2NWFGNEI1Unhwd2taTHZhbXdv?oc=5
2026-09-11 15:18:11,MU,"Micron's AI-driven surge stalls as Intel-backed rival sparks market concerns, holding near $980.",Pluang,https://news.google.com/rss/articles/CBMihwFBVV95cUxNNXZmRDkzNTgzLXU5VWhRSTJOY1NQS05TOWFuOGMxMmp5QlJiRE9nT2J0QzBkOEN4aWJaYlozSjhRRXJTc1NtZDJEaUxRNE00a2VlQmpnelYtNjV3MnRMcFk3VHp5UnZIdkhoU3ZJQTZjQjhrTmxGZmtEc0I4UGlubW9mSDdWbDQ?oc=5
2026-09-11 15:12:42,MU,"Micron Technology rewards ₹5,138,923 cash bonus and stocks to 60,000 staff globally",cnbctv18.com,https://news.google.com/rss/articles/CBMiswFBVV95cUxOQndhelZ1Z2UwaFJacGx0WWg1c1Fma1F5Yk5HWUpwYko2ZEUxT0JQenJwdWwzdTBsRG9fZFBZVWFXRUVKQW4tVUlWZE1DcS1NSm1TMEQ5RUk4RGJKb2ZrR0NCUUNUSGNIaTRaX0RtQ2RsQXNSLURIX2Q2YTFqdVhDM3k0Z3RMYl95c3IwSzI4cEZGdVZmRU9hcmtSenBFb1RUMmpuU1JDYzFDN2VFRndaYmkzUdIBuAFBVV95cUxNcWo4dVVyc3c5Tmg2UFZEOW9mM3pSZnpScnN4akk5NFhydmtJWG9nZk5ZOFVyX2k1X2pKaFh4N1VwMzFXNGptWi10WXg0VTY0bGxEeVktNHgxSC1yZzBCQ1p2UFV6RHNmMGY0bnVvTkJMdGh6SkkycmdUam5TZWtkakUyRFg2dkg5MjdEVUxUSzFuRGFhVUNXb1pyWmozdVRDSGQzd1g4RE02RkVSUlhOU3NIWFVKWkJR?oc=5
2026-09-11 14:13:00,MU,Micron Technology Stock (MU) Opinions on AI Memory Demand and Price Volatility,Quiver Quantitative,https://news.google.com/rss/articles/CBMitgFBVV95cUxOTEJjd3ZvcFV3elZyRmgtMHpSdEU0bzlaUm84eEthbVpmMTZSNUhlaTBxZGNzanpYWmlnYU1XTkt4REVRdjlrVWtkaURjTTJydmtDdEQ0WE5mNkxrc3ZOeDNpT2hpOGtEQ2NvTHpxVmxFMWwxcWhKdzNaTXN1SFZ6Wm4xb3VMX2FIdU40S1JTMEVtRTk5QUZScVZRZ2Z3N1BlNmJHYTI0bTVHR3pSMi1iRXB4aXNWdw?oc=5
2026-09-11 14:01:52,MU,Nvidia vs. Micron: One AI Chip Stock Is Cheaper with 60% Upside,TipRanks,https://news.google.com/rss/articles/CBMilAFBVV95cUxPRzdJamlETno0VlZ4Z2ZrUzV3bms1Z0x1X3c5bHQ5aHU0LW1sLUNZZmdOdmlkQVN1T1hUWGU1SkMtcFZMZEYxNGxCOFVydXRxcWNaVEh5S0phbENjTDc4Q18tNFd3SzZDYmhUT1cyX0IyajhXNE90Zmh5RkdCUGlzbHczZ2VmUmIyWWEwTXlTSWxDTnZp?oc=5
2026-09-11 13:53:46,MU,$Micron Technology (MU.US)$ 5mins. been a while,Moomoo,https://news.google.com/rss/articles/CBMinAFBVV95cUxNbHJqSy0zaUVzWk1IWWNBbUZvM2lYeU5HeGFkRDhZcUhST1BpM1Y3eHNfTFpPSGNlNjZ3Q2ZCbGRGUTJVeWZZZTRLQWM5dld0VkxvaEpjNVJIanh6OTlLeEpieXRYTnJ2c1V4eXpSb0dTZF9kcWxVVGxHMVQxdkpxNkZ2d3NKQTdmQVdJaWFKTl90UXJBOXJ1bWpETXg?oc=5
2026-09-11 13:46:06,MU,$Micron Technology (MU.US)$,Moomoo,https://news.google.com/rss/articles/CBMigwFBVV95cUxPcFA3NEwtalNvSmxHWVo3NVJ4SFNqclMycGxUYWx3cVNCRVRiS2xFVDRHRFFQWkxSb24yTUhmMFdFdkxsWTlkTDh4UDdobTNkNWRtVTZ6UDFwQ0lYQ0FfS1BPa2N2cUpvQ1J5d010QXBqQkFVVEN1NGVKZlcyRGYxbkZ2VQ?oc=5
2026-09-11 13:33:08,MU,Micron offers Taiwan workers up to 68-month bonuses as strike threat looms,Investing.com,https://news.google.com/rss/articles/CBMiygFBVV95cUxNR2FhNWhVWUhvcTJHRmxibkFnVnJmclJQc0Zsalo2MWJvYlFNY0NWSE91YnFsODgtTjQ4ZmlUd0tnWGVpVVV6OGNDT2UwdjBvenRZdVRmSEk2Y2prVHA1TWZCTFc5Nkx2dVRzdEtkNk1IdEV6dUVCZXJUY3liOUFLTDNrUmp3RjAtT1ZtN1JOa3Z4Uy05ZWRBOHpZeGZLSHJtbW40a0kwcXozVDV3R1V0eTByc1NFRXNoNlFCYU0tcWdBTEpUb1J5MlVB?oc=5
2026-09-11 13:26:09,MU,Micron (MU) Stock Rises as Oracle’s Cloud Boom Signals Strong AI Chip Demand,Blockonomi,https://news.google.com/rss/articles/CBMingFBVV95cUxNRGVsUlh6RlVLcUlwQi1FRFFjVVZfNkJlVE5jR19LTno3Tnh0ZXQtT0JrRXRMem04Mmx3eGZHRWQxVWhoc0VsemxGbm5LdzNxUHBuZnpyN1k5cVNKX1lCSlRyRmNTVHpsbEo0TS1hUXlDRHpSZjFISlVqOEVoX1FscmhsZHNSaTZQUUZWSTRVR1lSVlF0bGk4bWZDX0ptZw?oc=5
2026-09-11 13:18:42,MU,Micron's Q4 Might Change The Game (Preview) (NASDAQ:MU),Seeking Alpha,https://news.google.com/rss/articles/CBMiiAFBVV95cUxQU0pYc3VxSWlPOG01NVAteEREX0pDTlR5RUxza3NQOU5oVGRMa3pDeUdObmZMRmVUa2V0WnZrYmM5RFJtTTcwOHNFY3kyeEJvM0lHV01xUDBkZ2xWN3hYWDQxSE01VUMwWW1VVnJ6N2IwM0l3Y1hvRnFsaHFaV1JQYTAtOGxYbGhV?oc=5
2026-09-11 12:35:30,MU,$Micron Technology (MU.US)$,Moomoo,https://news.google.com/rss/articles/CBMigwFBVV95cUxOUDJNV1VDdDRUamNFRDlmTGp5eTJSRXRoUk1JZTRvZXYwNzhuenFKZEI1MmY5MUkzUDk1RU91RU1LY2VIT1FPeGlNcmNhV3NhOXk0OGxpVWxPZ1Y2Y3RMaVByOGdfRlFJR3Zva1JpSWR2Q0VCRHQ2Nmc0QVZTMUZpR0xSSQ?oc=5
2026-09-11 12:34:00,MU,Micron Bets on Long-Term SCA Deals: Can It Lower Earnings Cyclicality?,Yahoo Finance,https://news.google.com/rss/articles/CBMilAFBVV95cUxOVUFua3JDeVV2UG5rVXNWeno4OUU4YTNJb3FKcThPN3h1N0MzS051bVZhZHU2WUExQjFId3haM1RQUFZCTmxYaVprR2xuZjlpOUlUMy0yZGVSYWY5RUZEb2hjTDFIZEZaT0RSMjVnN1o4WEJWRXJoazJDUlpWOWZDN2FNTUZOb0Y0NUdXUUZYWGNVc2Rh?oc=5
2026-09-11 12:18:00,MU,What is moving Micron Technology (NASDAQ:MU) shares in today's market?,Kalkine Media,https://news.google.com/rss/articles/CBMisAFBVV95cUxNOHpGUTdSQXl3WExEUkQ4NENPQ2Yya0VibTllWTRSemlkRldZZFJFOFB1Z1hJOTVBYTJNak9laWhyTno1ZE1aQ0poOFRVS0dXRlNhZmtlWmY2RXBMZ2lUVGlNRE13LVY5dXBKenNJMmVNQVFwdWRBeDlBWmkwLVg1M1ZaZW1yS0hEaC1JVVViSUhLTkVKdC1fa1pjZzN2clFUSE03SGpSc09EWUxyNkJnNw?oc=5
2026-09-11 12:13:39,MU,Micron Stock in Focus -- Unveils Massive Employee Rewards After Record Profits,Yahoo Finance,https://news.google.com/rss/articles/CBMioAFBVV95cUxQRGlrcHhCUUJVZDZZTF9DNHQzd3NCYjZpV3dfWWczZkpxRXRQTTBUTXBoRXIxYzJGa2x1RzhlbTZRa3JyM214NTY3Yk93anZKay01T2h2cnNsa1pNVDFPQ3FwUW5HNXhnR0VORUNXUUhKel9VRVY3SElxSlNCX3V2RlF0WXlZbGtOV2NxMUxud1JRWjhQSjB1Z25GbmtDRVFv?oc=5
2026-09-11 12:05:06,MU,"Micron Stock Could Turn $10,000 Into $26,000 by 2030",Watcher Guru,https://news.google.com/rss/articles/CBMif0FVX3lxTE4zbXM1UnB6YzluS0p0a0k0ajlYUzBTdEthRUpBR0d4eUFFQXVZUHVlanN2WThlaDVPUGZ6LVU1Qkd4Rk1IZlNaQXVBVXNGeUZORGotOTRUaWNCLTVDaUE2U0lyeGNCT3hSVHN0eS1najFnUUhUWGRJTHlCT2liUVE?oc=5
2026-09-11 12:04:04,MU,Micron Bets on Long-Term SCA Deals: Can It Lower Earnings Cyclicality?,Zacks Investment Research,https://news.google.com/rss/articles/CBMirgFBVV95cUxQODl2MzZxTnAzTmp6Tm5TWThRVGN5VGtPaXNDZkhVSF9Oc1l2Z195bGpER2o4RkFHc3ZJeUxwX3hfeVNwUGEwbHp5UEZTWmdJU2ttMkpRcEdhb2FSZnpyclNhZGtXenVmQWFxWk1xWHhJTVRtbEo2M1FmcXdaRG5HN1dvR2hOcm5IVzkwYXp3TDJlSXh6ODAyZDlLTmhSY29PZ3N2aFZVVTFGVk9iVUE?oc=5
2026-09-11 11:49:53,MU,"Why Are Memory Chip Stocks Micron, SanDisk, and SK Hynix Rising in Pre-Market Today, Sept. 11?",TipRanks,https://news.google.com/rss/articles/CBMiuwFBVV95cUxQZzFhSDR6SHA0Yk1uRERPaEZ0aTZJR3F1OUdLWll6NWY5VktOVlJmTXg1MS1wYmF1aV83dTNIeEtublRTdnZwN2s0b21qMjQ4VTV1UThvcGFsNU55LXRPVF9sN200ZjNrWHpLdzRjd2stV1JtN3lKWWphak5vdUpXazI2cm9vT3EzX1pEaWFNLUFoQVRaRTVQbS1FVHA3WF9qUzBXWnpRbFB0Z2xfRmdsdUYwNk9NZHY0UnR3?oc=5
2026-09-11 11:34:56,MU,Micron (MU) Stock Gains After Unveiling Massive 68-Month Bonus Plan for Taiwan Employees,Blockonomi,https://news.google.com/rss/articles/CBMirwFBVV95cUxOTVBmaXVlR0laQWFPSjgwelk0c3c3R2pGbzFtcXBBQmY4eUdPcjU1SFVDSVJCWFd2X2kyLTBRX3R5QnM3SHNnV1ktcWFRRk42RWp6cERTTFRrNW1YY3ZQZ2t1NGsyRmRUcXZzc2h0ckcxZmQ5aG5JYldGVHJWazQwRzhBX2NOd250Q1VSRnZhNEMxODdsVzlFRXBmVG1RY0NrSzIzZXpsanp3bFB6RVMw?oc=5
2026-09-11 11:32:17,MU,Micron Stock in Focus -- Unveils Massive Employee Rewards After Record Profits,GuruFocus,https://news.google.com/rss/articles/CBMitAFBVV95cUxPQTNMWmcyazlVZ3ZFTTNEaGdGWnc3aUFQVGViTU9TVFpJWjkxalJKMkJhVVpnaFEzdXo3SFhROUFVRktuQzBqbXdOVzJmZ2pZdTdpbUdWT000YVJjZE9VLVVlNHpVVmtSNjktRVcwU1V2Sk4xdzRCTzhZSWxLbFlFVmlEbDhISTZ2aF95X3FzYXJWalZxM0NqMlJrSUZYa0h4RGJIeHpxenlMXzVQUkFNejNuaTU?oc=5
2026-09-11 11:30:50,MU,Micron Taiwan Employees Get Up to 68 Months of Pay: Will Strike Risk Ease as HBM Supply Draws Focus?,TradingKey,https://news.google.com/rss/articles/CBMi0wFBVV95cUxNNjYzRlM1RXphd193ZWtHSm8yWXlQRjNyVDZNTzFKbzlQc2pUMU51SnJIM2ZSaXBMdDRwbC1UVTlSNURQRTJkLWp2U0g3V0ZSYUN6ZWZUc0RPUzN5V09pRTJLVXZZcGp2ZUdhdE9PVWpNZTZRbWZyZUFac3hnbS0tb3VVdzJPY3RPRXdpOFVaSjdtV3Q2cFpGTlVZaEFUTkJ1VmhxQVY0R2N0M0hndEh0TUFDVHlsVWdEMTZ0WnRTam93V3JralFvZlVXRDNRZE1jT2pB?oc=5
2026-09-11 11:13:35,MU,Micron Stock (MU) Rises as Taiwan Workers Get Bonuses Up to 68 Months of Pay after an ‘Extraordinary’ Year,TipRanks,https://news.google.com/rss/articles/CBMizAFBVV95cUxOV2lLWUNHVjBNWXJEN3MxVGpKdXRTUzJSa3hXR3VLa0FTSGFadkRnWXBTamtla29NbEdEOHZ4MlI4akk4bGU3R255OGJPMHRCd051Y3RvQl91ck1wbUZFc2ZHRUMtQWNETHpqZXhnYUJGTUtTYXlISi1qcDdjMUJSaWtIMm5NUElQV3BuQU9scnZIaVlIaUxBZlFJOE1KT09FdDJZN0ZWN3Z5Vk5ZX1ZEcDVoX0NrNXhSM3VfRTFWdDJ0aTFfdFNRVzFGZ3M?oc=5
2026-09-11 09:38:40,MU,Micron Technology (MU) Faces A New Copper Squeeze As AI Data Centers Expand,simplywall.st,https://news.google.com/rss/articles/CBMi1wFBVV95cUxPRkViektqTXV6VnI0WXR5ZnFabXp4ZVI1eUJiVk9Md1hVLV8tT0FDOHVIVTJZZjVlN0NELUVkQUthS0dINmk1VWdlVm5MMUpsQ3gtRkdaa0xfUE5pampnbFpMc2ZfMmZiMmJ3Q3dhWkRvbDMtZlVqOEdkbDBEOGM3R0lXYy1VejV4Yk0zdGFVV0hjT3dCeEZMdXVkUGsxNVdDbFZ3UXJ2YVB3TjRKbk9Fa0pJVlB6U2xiZ0E0MlBjUVdGbVRQNFBTRC1UN3FiY1pRWXpQRTRjNNIB3AFBVV95cUxNcFRjWTQ5Szd3V002NDgzOXpTZml5M3RDWDlrcWsyYXVPM191RzJlZEdXS1RiR2ppSGU5MlEwQ0FVTlVHZDd4RFh2RzlOaHR1dHlHb25FcFJNU3Y0YndNNVg3ZTQ5bjRWd3pRTm1uSjhLQmNGa3dJdEt6MFNYUXpwTEs2bHpUeERIcEQwWkN6aFY3eDFRRXpITk5LNzdxd29HNk1lazBiSk1TV3k5Vl9PZ1ZwMmlIendMa3h4Tk01VWxpaUVWSDBna0thUXpOOXZBenF5RUhwbVNGdFhD?oc=5
2026-09-11 08:55:43,MU,"Why Did Micron Stock Fall Below $1,000? Multiple Risks Test Memory Chip Rally",TradingKey,https://news.google.com/rss/articles/CBMisgFBVV95cUxPXy04c0JGS3ppeXhyLTNqVkQ2Y0hOYXdEbkZCdXR0cTlOdUtiSTNhY05Ncy1jSGJ4TU1DMG9rcUlPN2ZNaWgyRVlTZ0xzd0JMVmh5cXdBZnZqcGpSZHdzeUk2ZUp3VDRjdlVTdDdxOHJVQ2ZPbmczQVpwQWRtUlByWERSVGdSUDRRLWFyQkJnT1dtNFVPcjloUUc3LXhqejFFQ0JpdS1ITjdXTEJiTmlNVE9n?oc=5
2026-09-11 08:40:43,MU,Kepler Secures Intel Capital and AMD Ventures Backing as New AI Memory Chip Route Emerges; Micron Stock Weakens,TradingKey,https://news.google.com/rss/articles/CBMisAFBVV95cUxOMGVGLVJoaXl4UnBLTmxLSkhoYU0wQjFtT1cwaEI1Qy1VSTRYMy1LQ0VYNWxWaVFBUkd3UGxwVGRiNTZ0LU9KYmg0dWh1RFRwUUs1MGZibkhJSWluZHZJUUpZT0xfMHo2TjRiUlNJR2JBQ1lyYXBLdUhqVF83MV9rdWpLUGg1SU5RaXVFY09iVzhqZUZza3RmNkp6NGhvY3FBWlc5RHBQdE5PelowdmtEQw?oc=5
2026-09-11 08:33:52,MU,"Nasdaq, Dow, S&P 500 Futures Rise After 4-Day Market Slide As CPI Looms Large: ORCL, ADBE, MU, TSLA, RKLB, IBRX, HOOD, GME In Focus",Yahoo Finance,https://news.google.com/rss/articles/CBMikwFBVV95cUxOTFNCZGphaDJOMnBER3QwQUNUMkNyMnJ1UW1kU0xzamYzdzVweTdGNWQ2aGx3bERSYWNHU21xOGVQenJqT2tBMjhrcFRpYWpvNXFaTUo5UExkVFh4XzNWYk0zNFFtR1hZbDZqelIzN1pEWGtqN21ZMWtSMmFPbmpoQ0E2MWpIMHpRNU9ieXA5UEs1VUk?oc=5
2026-09-11 08:23:00,MU,Andy Jassy Just Made a Move That Should Excite Micron and Broadcom Investors,The Globe and Mail,https://news.google.com/rss/articles/CBMi8AFBVV95cUxQc2VzM2hCcmlJdkNkVTNHU0JzbDExSXpaQzJrNmhGUkV3OVFCeEl0QklqU2F4a3YtNGF6azNrYzNZd0F6TmNaSW1BbWFremNFVFROQW9RcGlEakc4eFd1cjRmSXUxR2tGdG1PR2I2d2tmYm9keTlLRGdVOW5YVl95Skd3c1dfUTVyekRuSE5zU0RKVTJONUhvVzFYZmhwR016VDNwYmRTQVJja2I2WWdWcWh0ZVV5blJQZXN0V1diczlaQjN1NG5FQ2lPeHdHN2s0NmdUNkNvWE1zOFEwSnVPWWl6SDI4bjRBME5IZHVpazQ?oc=5
2026-09-11 08:02:00,MU,What Is Moving the Story Around Micron Technology (MU)?,Kalkine Media,https://news.google.com/rss/articles/CBMinwFBVV95cUxNcWlIVm9KdlpiblNGZzNaalZqUmQyMm15THlPeWNkMC1ZejJ2ZlFVenZ2d0NQSDNXUHdmTVYyZ0w4WFNDYjk5VXRxNWw5VEJ2R1lxYTBsLU0yTnRBT3FfbHVBMjR4ZTcwZ1pCUkVvY3ZwZl9FWXBvbWF5TmJ0TlNlZ3hYS2hRWmtMZ1V1T041QXMyOFZiVzB5YWc3LUx3SFE?oc=5
2026-09-11 07:47:08,MU,"AI and Memory Stocks MU, SNDK, AMD, and INTC Extend Their Slide in Pre-Market Today — Here’s What’s Driving the Selloff",TipRanks,https://news.google.com/rss/articles/CBMi4gFBVV95cUxNcG1SXzU3eFVFZmpacEZ3YlZtcTV3eFlXWkhya3A1MDJoTXNOOXFpSktWdVdOWnJmMzJGRW5DdURxSXlobGo1cmJvYzdaaEdyQmwxcHZvS1pBQlZ0SzBxVW9xNDQ3clZYYmFTVDFiMmxobWdjNzRPV1YxZVFJVS1ISkxnYUwzb2J1WVpucXpLUG90bDZ3NTgwSVJmTEJGWlpTanFqRDFDT2JoNjluZkdia2xqQnJpRVFhZHRBQ1VDUWJxMkVMVlhraGdkS05fLTg5YzZ1SEhPbHh5YndyMV8xYUJ3?oc=5
2026-09-11 05:34:00,MU,Why Micron Stock Just Sank,The Motley Fool,https://news.google.com/rss/articles/CBMieEFVX3lxTE81NEpNWnh2SWVxWW1MWHV4Y2Y3cWxDOVVJVW1QaG1vYVRQS29LelZ4bC0tQjBHX2dUbFhKMlVpQ0xvdDZMQ2EzN1RXNnY3MVFnc0pUQUt5MDV3eUNUejBSY09fVmVWTThWMkNsVW5yakNuTWQ4Z0hKMQ?oc=5
2026-09-11 05:00:25,MU,$Micron Technology (MU.US)$,Moomoo,https://news.google.com/rss/articles/CBMigwFBVV95cUxNNU8wbHZ3NnJuVmhuYlZrbEdOME9BR1RZcGZSRGJFNV94TmNCaGY3eWVFclItc2JPUTlaVFFfYklJTXZjWm1DWjBoY3lHQWdIOVctNG5FTGZ0V3c4RkN4cmJMOTNybEpHQzNWcllXTWRCVHZyS2pKVXdlcXItenVDNlhBaw?oc=5
2026-09-11 04:54:13,MU,Why Micron Stock Just Sank,Currently.com,https://news.google.com/rss/articles/CBMigwFBVV95cUxNekJ6Smsxa3BjMTJ5SGxvZEFWWi1vbnRzUHVCTEZFTnNBa1ZOMFZwVDhnNTJNZjlBRUNucHpmVkkzQWx6UEN1QTgxelZEeWtmdkNYRGRNckVRNWFYdFVzdHd3RVI4UVAtNlNHQ3FLcEJ3UHZQckJhSzBIbklaTWZwNkFTbw?oc=5
2026-09-11 04:49:18,MU,"AI Memory Plays MU, SNDK, STX, WDC Jump Overnight: Nvidia Earnings Beat, Samsung Strike Pause Are The Catalysts",stocktwits.com,https://news.google.com/rss/articles/CBMi_wFBVV95cUxNWFZqT2pjeEpjM2tJUnJHaU54RHkxeUhFcDh5MGNhNHNrV3htUmRfc0VHRnF6bFQwMjZvTW9wcmJEMUJBSlpEZDNTNlZEQWg1S3NNWWZ0cUQ2bXduRWI0ajFhMVlKMkhHN0JzdlF1cVNLRl9ESzRZcC1fbnFqTWZrenB3ZXpnTmZ1UTlZWnhsa3QzcmRQdWpEaU51M0NLOV9kSlFLQnJSWGtEYlY4dWl3T19hUWVhUTFyTG9KZ0RmWXMxa1FGYzBzc3ZjdkUwcENuMzhQZDgxSC04T2hrcEk5ZVRRNVNxRXl6cHNTNk5mSjFVQzAycXAtUkZ3V1Q2TEk?oc=5
2026-09-11 04:42:49,MU,Micron Stock Drops 4.9%—Why the $50 Billion Earnings Bar Matters,ts2.tech,https://news.google.com/rss/articles/CBMiiwFBVV95cUxOaFBxWW4yTG1ackNBbENiT0NEdnlFNEwzZEZENkh6ZFVBNlRGWUh5U2VJbzJJZFh4UjZNVlVyTmZkNWhrYXA3OTJmUGlYYlU4eEtuVkF4OUM1eURtMFdoR19fN1pqcllKcXNDaVk5YVdLOVQ1UUhMZWJGcHQyMHBlY3NkZkhoQWtPWmpB?oc=5
2026-09-11 04:32:06,MU,"Micron to grant $32,000 cash bonus and equity to Taiwan engineers (MU:NASDAQ)",Seeking Alpha,https://news.google.com/rss/articles/CBMiowFBVV95cUxQUGlpZmEwRzhrZVBJbTh2LV9IWHd0SkdqZGJSeGJWaUN1OVZSWjdKdlpUdW96eDVDVjZZWWp1ZFJpaVZycjlmNlhjLXEyTGI2bV9nZDNocWwzdjNENFp4Wk1LS1RHSm0xc3g5N1ZScnNJTGhNZjlhc1MtZDZ5ZU1nUEEwUUhvcmRoOEdjWVJrUWdaRWlxdFo0eEdGRHNfNUc1bzZB?oc=5
2026-09-11 04:13:31,MU,"MU Stock Falls as the $1,000 Breakout Fails Again: Patent Dispute, Taiwan Labour Risks Weigh",fxleaders.com,https://news.google.com/rss/articles/CBMiywFBVV95cUxOdjRRaUxmZlpLTTRuNjE5cFJnelpjbkp6ZmVwVXA5dmpnX3dqYm80dWtQeGZxTm5wNnJqZFRoNV9nWEhnUjJ0U2dmd3QzaDFYWlV5a1dtaklmVk9fellFVXVrU0d4T091cDNLMmhTT1pSYlVBMTBHb0h5WjRMd1RKM0w4RF9YeENxdFA0cUFjVzJNa1lkd3dGak4tWGl0dmxhQ2V3MEtqVHhqLVRSd052amFwYlJySFpCR0tYQ3h0RkgzV1J6dDgxQllLOA?oc=5
2026-09-11 03:41:28,MU,Micron Technology (MU) Stock Price Forecast: Buy The Dip Or Stay Away?,TOP1markets,https://news.google.com/rss/articles/CBMiqgFBVV95cUxNcEJ4Zno2UldDUGNaRHJQWHlOREEtZkFVWmFQbmx6SGFDZHI4UEwxZ2g2VzdBT0RYTHhBZi02ZmVWQnU3dURBYnZxOU1YRjd5Ql9tcThiTTdMMG50NWhBUlpaM0QzSFp1bjNyaVJuVmgxTkM5VDllV2tGSDNyR2xYV1hvZXlfMmh3YzdPNDFWcmpHRFNURGlfMFB4d3QwWFlkbTRIczQyck5tQQ?oc=5
2026-09-11 03:36:11,MU,"Micron Taiwan Staff Receive Up to Over 5 Years of Salary, Minimum Cash Compensation of $53,000",TradingKey,https://news.google.com/rss/articles/CBMipAFBVV95cUxNT3BMWWo2RElYY0E1enpRcUxKd0FWQmp2ZThlLXN5Z0E4dERWUW9vSkktQjVsSjc3X1BfbWp3bmJPNVAzODRUMFVEc0dReEFJUlVOZUxaWnN4LWw3X0hlVjZ6VDctcWhRMUlTT01SdGc1a0MwMWdKY01LNkFqU2RUeTM1VS1jNldKbzFNejJBZG05dFNqUHpvU1pXbS1fMEdBQzdYUA?oc=5
2026-09-11 01:13:29,MU,"MU Stock Falls as $1,000 Breakout Fails Again - Patent Dispute, Taiwan Labour Risks Weigh",FXLeaders,https://news.google.com/rss/articles/CBMixgFBVV95cUxNZnd1WG1fU3d3OHFQWkUzbjhpWGt1bS1RMTFzSEJtTWduN3JjeU9NWkJMa1lVSjZBZU9YZElzVG9mbzJvUkJZUkRSc1p0QnZGVWp5cHlUenhSZlIzY0JJam1DZnd5YzR1aUpLV1ZsZzN4SkpZNzFMdEc2dUZzclhDcTBKalhYdGgta0FtaWpyVUpGUWlrb0FPbzB0eExrX3dFSmM4UUJaV0VqbXZKNHdMZDg2LVRGemNZeG8yajVFdWVXVTBhWUE?oc=5
2026-09-11 00:54:43,MU,Why Is Micron (NASDAQ:MU) Stock Falling Today? A Patent Fight and a Memory-Stock Pullback,Stocks Down Under,https://news.google.com/rss/articles/CBMigAFBVV95cUxPNng0b3RYZmdEOVdRNUtxRmc0akZZSlBDZ0tFeVFINDZ4UU5qdnQtQ2FJdjhpRjRtXzkwcHY0QjBKNGJNNVZPUUFNYldrMF9Tekh0cnFmTWtDXzZQT1hkeUdYbWFEdXZRUVJ3WHdUVlpqQ0hFWmtTazZEMDJHcmJETQ?oc=5
2026-09-11 00:54:34,MU,A Look at Micron Technology Inc (MU) After 4.7% Decline -- GF Va,GuruFocus,https://news.google.com/rss/articles/CBMivAFBVV95cUxOWjd6QXlmTW45QWhEcG5wUlc0LXdPcS1MY1M5WjBaajRlakMtQ1Q3UkJQai1PdzBRZ1liU3JLdTl1Z3NtMGlXdjFrZFJnUDFLWFFCOFhRS1dFdXRIMTJXNmNxLXhZdnZrR0dtQTdqazJSYmwxVVJ1X2pEVV9xdnYxblNiRW1jNTFsNTQ0aWZSdWZBNU40QnpCZ0ZMRkpwXzRWOUJtOU9YMnYyM0xFcF9LMUNhSkNXZmRlb1gxRg?oc=5
2026-09-10 23:41:00,MU,"Micron Is Down 19% From Its High. History Suggests a $5,000 Investment Today Could Be Worth This Much by 2030.",The Motley Fool,https://news.google.com/rss/articles/CBMimAFBVV95cUxNRGRJbE9BdGpUMUJEbjZDbkg2X0FNLVdjZHo2VlVabnpFazRGa3MwV2RTTHE3TExYWlpnTzFyUFlmTEI3dU1TVW1YaGgyUlFFUzBhTEZiMVNibFV6X3h3QS1LZm4zQXNpd2plVFg2LXRoRFpkeVI5ZFQ1UmthWEU2VFo4bWRkVEFLel9iQVhaX3pGTjJVbldOYw?oc=5
2026-09-10 23:15:31,MU,Micron stock rises 1.65% as $250M Paradigm Fund boosts total VC to $550M,scanx.trade,https://news.google.com/rss/articles/CBMivwFBVV95cUxQOTYtU083OG9rZlZwOVkxckFoMWwtc2lDbC0yWHczcURZLW41TV9KdFp5akROdkw0MU9WV0FSS1h5UzFoN2NJSU1kbkZEN0t6VDlZOC1RRkdYQzVlZlRzYW15alQ0OWVhdXdtVDY3ak1LRC1pOUpJNkpWZ0N3aDQ3VWlGSW5tdkZ4REhlQmRHYVFBemdhSF9DMWFnOEJuUDhzU3Q5OVRsVjJHeVJXX3lfQWpzT2thVkkwMjkyaGduaw?oc=5
2026-09-10 23:01:00,MU,"Micron Is Down 19% From Its High. History Suggests a $5,000 Investment Today Could Be Worth This Much by 2030.",Yahoo Finance,https://news.google.com/rss/articles/CBMilwFBVV95cUxNMll1OV8yWE1GbDVQNXZ4OXB4MFRZaUdGVC1Zdk90SEJaZjk2YnowT0NqdnVPYTVGeWEybkFTSDc0RUhnUllFNjN5VHo0ME1OcGZiYTcxRmU4YU04dm1ZS2pTT2RqV3pzS25reFVyLUNqR1Q3LUVkNjduYXlGZDhrc2g3Wjd1QW9kVTRlaktVSV9lUlI3amFZ?oc=5
2026-09-10 21:27:50,MU,Micron's 662% Rally Just Created a Problem Wall Street Cannot Ignore,tradingview.com,https://news.google.com/rss/articles/CBMixgFBVV95cUxPeFZ3a2xHanVzQVpfOUo1YWJtLWhLM0dBQS0zTlhOeTdxMDV0NkVZQ1RLeHVGT2dBeGwwTXpfdE9qZk1NcFgwM0pQVTIwZFVPdmUwWDZud2RDc2tMc0N0eWxNdVdxZGFhb3c3cDdmUUdBVDZ6MlJocnRiQ2pTTlhURDBtYUtScklvTGtRcWZkRF92MS1DZFpoNWpHQnd3clpEbHVxTG5NR3VnWlF5NmNIZ2RJcFc5dlNaa3IxMG04eGVhUGVFS2c?oc=5
2026-09-10 20:53:06,MU,Micron Technology Inc Stock (MU) Opened Down by 3.13% on Sep 10: What Signal Does It Send?,TradingKey,https://news.google.com/rss/articles/CBMiiAFBVV95cUxOR0wxdGp4aV90RUNlWXA4bDJCc1NKNWRaLWFVVVhEOF9JRU1ld1VqRElodkJOMlpRa2EtUkJhRklXN0VkQjBjYUI2ZnJGcmV0cElHVWt5dDhSVkFzUDVaREFmb3Eyc1dRb3J5bkwtRHdPM3FCLVFfLWlPUXU2alhreUdzS1p4cC11?oc=5
2026-09-10 20:25:04,MU,Semiconductors Stocks Q2 Highlights: Micron (NASDAQ:MU),uk.finance.yahoo.com,https://news.google.com/rss/articles/CBMilgFBVV95cUxPQ0Q0WUJHREJFR3lmWmhVdEN2TFpYQTc2Z2tMOEw1Z0tQTEZMQ2RwZFZXbXNsaDBTa1p0UUlxdGxFU2dOTVIza3Z2TURNMzVpdXJYZEdCMVFSdzcxYV9YM2JicDNvQ0JWMThQUXh6T3BIcUNPYTRXejkzTDhJX0IzbURJZnd1Q2VRdy1nT2kwV1BPS21sd3c?oc=5
2026-09-10 20:25:04,MU,Semiconductors Stocks Q2 Highlights: Micron (NASDAQ:MU),finance.yahoo.com,https://news.google.com/rss/articles/CBMiqwFBVV95cUxOYi1KMXpWTzFORmFOa1JGQmFqVXVHTUhtZkRuR0RCdmJ6SFJ2UTVrWmVmQUJVai14d1Nmb2tydVI1RHZkYkhSOG5ucHlxNWV0QmlBanFtcklHakhGQzIwMXFpWVRfdXZsbjBnbm81LW5GaHRZal96Uk9xYlVtWEpESjJaY2VubXVhZHVRR2lCRW1zcXBzX1N0TlhOLWNyRWNWUnVjaUlaUTNwYlU?oc=5
2026-09-10 18:28:00,MU,Micron Technology (NASDAQ:MU) Rides A Memory Shortage That Just Won't Ease,kalkinemedia.com,https://news.google.com/rss/articles/CBMiyAFBVV95cUxNVjhaX0l3T3dVcENtenFlMHA0ZnQzT1BUMEgxS3drT1M4cVMtWFpFNHdqSlBHd3JQNjFtYzdfYk53SHRRdGxWZU9PZ1BHNzI4Mm1KazRvS3diVUFGbUI4N0gzQXd5M2JIUklHQlNEdm5GOVJlZURfT0JZSW92MGY1emM5ZnpVTUxxdmFhbmwtMjcwQzF2R0tPelhWWklTU1pKa25acXZJTk8wTFhRMkVieGpxMkVLZ3lRbXNMNm40eDA4U2xRN2dROQ?oc=5
2026-09-10 17:07:18,MU,"Stocks making the biggest moves midday: Oracle, AeroVironment, American Eagle, Micron, Macy's & more",CNBC,https://news.google.com/rss/articles/CBMimgFBVV95cUxOMHRtN2NXbmM2WUd1NGo0YnVnaXgwdmlPVGt2dFNyZC1LZUVxTDd6ckNJaW5kc0taUEdWbG1EalM3di1yWDN6ZUlpd3pfUVhfRUdYR2JUbmE1WGVLbTRrRU9qVTM5cUFEQ3hjV283THVZSnlpVkJLY3VoSnJNeUxpamFpWTB0dnVqYkUxM3VkS2g1RU83OFVKX25R?oc=5
2026-09-10 17:00:41,MU,A $1 Trillion Micron Sounds Absurd. Then You See the 10-Fold Earnings Forecast.,finance.yahoo.com,https://news.google.com/rss/articles/CBMinAFBVV95cUxQdEhnd25xYTJlX2dEZ25ERDV6SnMwNGpaSWRWYTRkMHQ0VUFkVVBESktwTjJ4UnRiN213QkFzZnhtS01lalJ0NGMtcnp1cHp3ckRoa0xwdWZtTU8yaW03bnJhZnIzLWV4R0J3aFctbUIxRmhULVo5Z1Y2cDBiQnI1UDI0SnBBd1ctNzNQZFVkY2ZOOF9FSURncWtZQWU?oc=5
2026-09-10 17:00:00,MU,A $1 Trillion Micron Sounds Absurd. Then You See the 10-Fold Earnings Forecast.,24/7 Wall St.,https://news.google.com/rss/articles/CBMivAFBVV95cUxNYXltWEh4YklFOWNONUN3N0wtc3hpTDI4N1RFQlFZU0tkWlJuM1Y3OFBMNXZsbjNRT2llODg2ek42MEtpZWxLc2pJczduMUhZbTZnNm9RWTFBeXJjbWVUM1BWWk80VGJ6N3oyRXV3Q0JobGY1LVJJeVJJUmNzTGhQQXRScUQzU2U3dWt0Wkl4ZHF0TVN5bTB6bDhPbW5wMUZRenJpaEh4S1NxaEhaTGtxbnRyazJxVzRiWFctOQ?oc=5
2026-09-10 16:45:18,MU,"MU Stock Falls as $1,000 Breakout Fails Again as Patent Dispute and Taiwan Labour Risks Weigh",FXLeaders,https://news.google.com/rss/articles/CBMizwFBVV95cUxQdkoyWHhoR3RwRTVuOE5uYkcxUTFyWTBOa3Nkb0lkZk1QUDZoMl9NTy1ySGhKSkZ2OWhRb0FTQkNDMFgtTzdfRmtqSDlQdmxIWHBJbnpOZW1MSElkTDdaSk1GR3hTa0ZuSHQ4WENtUnhuc1JCdFNuakxWaXJxVUNFY2xlNi1KY0pReUpVdUsxS1QtUl9WNE9NemNCQTd0NDFYaG9fNXRVV3o0a1JWOURDb1lNM3gzdjVMcTcwQzBsOUtIYmV2MXlweWF3YURmTVU?oc=5
2026-09-10 16:15:00,MU,"QQQ is down 0.8% today, on MU stock price movement",Quiver Quantitative,https://news.google.com/rss/articles/CBMikAFBVV95cUxORno4aW9qLVhBQWJEU0syNWlKX1RodmdHUFhsd0RyZjBxdU9HR2Y1dDJoR2lGOHhZb3JGTS0zRGJ4VkZmTFpqZF96Qk5qRFgzWnoxUi10UG1HeV9CdE5JOUFPYk15MlhwdldBXy1FRWNTd3MtUzlFU0J5c0lSUjNNSDZPSXpCeE1LS1VOUGE0VGs?oc=5
2026-09-10 15:46:53,MU,Why is Micron Technology stock down 4.1% today?,Traders Union,https://news.google.com/rss/articles/CBMilwFBVV95cUxQb2k0VWpTaWY3NWVtR0c1LXphSWNJYmZMWm95YnJoU24yN0ZZeFNxZS1IdTREVk82UmNLSV9qNm5heVJUR3JfVDdGR0RaNTNielNTZmtxY0dVZVljX0JucVVhQnN4TkJGdFYxdHk5UTZ5NjcxRnU0VGZuRENqVGZHQmllYjA2U2xuNnk0U0djZzJzWW5pMnlR?oc=5
2026-09-10 15:38:20,MU,Micron Technology Rapidly Expands DRAM Market Share,Intellectia AI,https://news.google.com/rss/articles/CBMijgFBVV95cUxNa0ZqQnl6Y1ZNaEh4ZC1iTllWMVJCYk9EUS1hYXFGT3Y5YXcwNm5Oc3ZpNVIwT293M2N5SFduVG4wVUhtNThYRzQ2SjhienZTdEZ4SnFJMWloUGp3UzJoaTU1TEJsRUdCTURoSGJ0bndzYkNFRjgydVN6UzljcE5DcmNJMXVfS0VfbS05MHNR?oc=5
2026-09-10 15:14:52,MU,"‘It’s an Outdated Trap,’ Says Top Investor About Micron Stock",TipRanks,https://news.google.com/rss/articles/CBMimwFBVV95cUxQbDluT1dUSjc4cDR3VFFFellsc3EwY2ZFOFEta2JCcE1yZDR2WUtxOEdBRnc1REE0Nmh3QmotMmJ6MHJ4TTV4cHN0cHBIRnBfWXYyRzRGeFVoSDRtNE9PV3RDVkVGNmoyWTVNTVVyaGxFaXd5ZF9JMGdaYk1TU01fVy1mSXpzNmZjc3pMeVZkZnJBMUdoS004aTByaw?oc=5
2026-09-10 15:00:24,MU,Micron Is 1.6 Points From Taking the No. 2 Spot in DRAM,The Globe and Mail,https://news.google.com/rss/articles/CBMi0gFBVV95cUxNTHYxbFhpWTBtZkQ1X01hUkRDZGxEOUxkQllhVTFyQXpOTk5pZC1KcklUTFdIVm9WYkl4UHd2NlpxWGwwS2FWcTl1M3czalVycXlwd1NhMnRCV1dqWG9POGRvUE1pU1UtU1pjbmpodTdld2I5cmY4MEJpTG5RSjdsa3lyeTVTaEFHUThMN3A3UUkxd0tLajNlNlJjVEZoSEU4S29KTjBXdVF6UlQ3dk5OT2pzelhDNmljVl96VC1yejNpWVI3YjZ1UDBpS0lCZUozcXc?oc=5
2026-09-10 14:43:52,MU,Is It Too Late To Buy Micron Stock?,Forbes,https://news.google.com/rss/articles/CBMimAFBVV95cUxQQ0hZLWtDcnllVGtYMTZfQm56RzN5SjdQaGpsWlVkaWdxT3YyQUxhUUZQTDU3S1FSZUNfVHRRZmhBakQ2RUEwSUhocVRxV2t3WHFIbzFUUHdvZ0xDaloyMm9nNTNJcng5VFpNT0tPYUVhemtISGt1VE9mT0FRZG00MnE0eDVROUQwYW5PeUtlQUdqT1Mtb2tPNA?oc=5
2026-09-10 14:35:00,MU,Micron's Powerful AI Shift Could Rewrite the Memory Cycle,The Globe and Mail,https://news.google.com/rss/articles/CBMi1gFBVV95cUxQa0NETExheVpMSDN0M00xM19PUV9jMC0zS2dPVXNHSkRKMGsxc0czMTBUcEl6QVkxYUZuUWg4MnFMeDhkTi1aVU9DWHJnVDlfWjJoenJkZ1V1TXhyNG5qNnNxU1ZkTlJDQXptRm04bV9RWEVIYkxETHFabDd6Y3J0ZHdFWGNZdkF2MktIbG5VejhHdndTYWp6aEttMThtSjlIbFJ6VlFMWFZfR1pFVHdxMnk5NnRHT1dDNWN3c2pEMFRCRnFtSjV6RTN0MHhKVDVQNGhOeHlB?oc=5
2026-09-10 14:23:12,MU,Micron Shares Fall 3.7% Amid Chip Sector Pullback Ahead Of Sept. 30 Earnings Report In Boise This Thursday,International Business Times Australia,https://news.google.com/rss/articles/CBMifkFVX3lxTFBaUDcxempRWTZzY1ZRMGtKaG1ZVVZxYUlJSk5Ic0l6dGRibm9yYWF2X3ZETHQ0eGcxcW5fWXJ3RVJBb1I0aklfSHZFQWwtckRDTk16RlRMVGZqc0VLbWNzSDkzdm55N193TGppZjBMUTVoWEJZZTBCS3NPdkhOUQ?oc=5
2026-09-10 14:18:04,MU,Micron stock hits a 662% gain but faces a sligh...,Pluang,https://news.google.com/rss/articles/CBMijgFBVV95cUxORWJaLVdsWUZYRG0yeVVDcHVVaFpFZjJoazdmT2Z5R2QzR3lIQURGdmZ0S1RHaDRZcUFBZ0xDV25VcDVaOXliZ2NqbHBROWpJVWUwWHBSekxYLU1pMGtUdnZqUkJFVkxxcUNvN3NVYzhaaHBjdXZ4R2pSMDlLTllHdFN3QV96NVQ2ajVaQW5n?oc=5
2026-09-10 14:00:09,MU,From $8.7B Profit to $5.8B Loss: Why Micron’s Boom-and-Bust Risk Is Far From Over,Yahoo Finance,https://news.google.com/rss/articles/CBMiiAFBVV95cUxNMmpwYzBjNnlmT0M5NlFqaDN2MGNjR3ZKbjJxY2J2RVFvR0FlNzFfVWJmeWd6U1U1dUhXdmJYWTgxMHhJOGpuem5RTEVzM1MxQTNjNEpwRFlQNEtVR0VGcEg2NjNpVm04dV9qX2czQXdDV2dPcDY4V0c4d20tS2JDeXlVS0dNLVlo?oc=5
2026-09-10 14:00:09,MU,From $8.7B Profit to $5.8B Loss: Why Micron’s Boom-and-Bust Risk Is Far From Over,AOL.com,https://news.google.com/rss/articles/CBMibEFVX3lxTE5vcmdBTDB5a0VLTk9vaExlWnhlYlYzLTZ0eWpXRVB2V2tZLXFWWkVYWGk5bDdVUGx4V1M3MFEwQXZrbE1kWm5kNnZYc0hEOVM0M3Y5RGQxY290M0tJWVZScGJzazVKQUpfdGlWUQ?oc=5
2026-09-10 14:00:00,MU,Micron Could Be the Next Nvidia For Patient Investors,24/7 Wall St.,https://news.google.com/rss/articles/CBMiqAFBVV95cUxQTm1PeUhhcXJvdUQ0WTBjQzRaWGF3clJoSjFxakdRSjZKR2ROR2tpcU50TlZzUW9udjNCd2gxRGo4U2JxX1h6aVR5cm8tZE1vdjdmZ3dwVDJvLWwwd1RMOEN2VFRGTE5oQkEzRG1SaWEwaGg0dUZpRkxkZE80RmpxXzBVaW5KOHcxeFd4VjhzRWtUT1pQWnk0U3VtYUFpQUxPWjFLRm04dng?oc=5
2026-09-10 13:38:26,MU,What's Going On With Micron Technology Stock Thursday?,Benzinga,https://news.google.com/rss/articles/CBMiqwFBVV95cUxPdDhHQXlzdVNqajlVdGxnYkxDcjlocWpZOWJZakduLVM0c2ZJcUJ2VWE5QmtSeWllRnl5SFE5RV83dG1TX3R2a3N3QVcyMTFDa3BIX21vX0NvcXJYbDIzSHJmNTFrMW5TeG1hRVVINV94ZVdvRXJiYXc4ZE5IREhwcWNLZzR3UHdFbjc1UG5oT2M4XzRJU01QcWM3bVVBN3lEdHFQZksxei1WVTg?oc=5
2026-09-10 13:26:00,MU,"Billionaire Stanley Druckenmiller Has Sold Micron, Broadcom, and Intel. Here's the Biggest AI Chip Designer Left in His Portfolio.",The Motley Fool,https://news.google.com/rss/articles/CBMilwFBVV95cUxOS2JQeWtOUG9IamcxVUpOQjc5OHBtTGxucEFuTTlEOUl6cjhvVXhZazJZSDhGOGVJeTd4UE9RMFMxQTBRQWtUU0VxWXV2WXBjSGxfTC1zVk1WbXRMbXU1aUY3RlhINHVOMXBoUzRrcnNCNG1YVWhTcDFPampnM3ByclJJNXI3NVhtRUxMd1JVajZRVXF1aGpJ?oc=5
2026-09-10 13:22:16,MU,"Memory Stocks Slide as Rates and Oil Swamp JPMorgan’s Overweight Call: SK Hynix Sinks 5%, Western Digital Drops 3%, Micron Slips",AOL.com,https://news.google.com/rss/articles/CBMifkFVX3lxTE82RUpuZWZ1WUNQeVUtSHRMRTEwaDFocUE3YVFBejVCQ3hBbjZZQ2Q5VGtwMVpzSTJWcS10NE8wWk1aSEpZT3ptUWIwVnVjMlBZU18wR2VkNEMxdklsdnB5aVpyLS1mTVk4ejQtRnBzVEdqLXRrM1plVnhod1YzZw?oc=5
2026-09-10 13:18:00,MU,MU Stock Slides As Legal Fight And Chip Selloff Rattle Traders,StocksToTrade,https://news.google.com/rss/articles/CBMifEFVX3lxTE9ZM3FMVW5TWWdTLUk0TV9nZlFKOFl4VGhJWjNRc2FPYk5DNFdNd2c3UWhKR1NiWGljRGQzbkI4YUZuVW15Uy0zWWl3aHdnMC1Mc2t3cU1LSjRFdG9pWHo0MDlPNWN5RUJXeWVVN0dydHBvTWV2XzBWSjVKV1Y?oc=5
2026-09-10 13:18:00,MU,MU Stock Slides As Legal Fears And Chip Sell-Off Hit Momentum,timothysykes.com,https://news.google.com/rss/articles/CBMigAFBVV95cUxOSUcwaEh0SnpRWHFZZVJldFlOWk5yV0RreE12VC1UeE5zVThLdFdXNU16RF9FekJQRDBWem1XTWFUQkdoM3ZCdjIycHRYdlRjSFZPS2EzV1JwRFpPclItdUgtU3lWUGEyZ1FTbUY5aWs2aGhQVm5fQVd2Y1Y3T01HcA?oc=5
2026-09-10 13:18:00,MU,MU Stock Slides As Legal Fears And Chip Sell-Off Hit Momentum,timothysykes.com,https://news.google.com/rss/articles/CBMie0FVX3lxTE55bmMwM3ZtR0NYSXNiTDhzaWEyU2hvMmItZmZrZld5SjhtdmxpbHBWUU9tRV9SX2Y3ajZ1M01maGZ6S1lJU0dsa1dDRFhiQlQ0eW9NQWNFZlhYX2hKaGkxQkFuWUN6LTJ0SlhFMjBvY0N6YlplQnNad3kzTQ?oc=5
2026-09-10 13:10:26,MU,Micron Stock Just Hit a Record 80% Margin: Is a Crash Coming?,Watcher Guru,https://news.google.com/rss/articles/CBMijAFBVV95cUxQY3Y3QnJsRHp1SEVtblFzRzl6Zmdka0dyNjB3M0gta2E2Tk9vUmJib3Vzb2V1V2NQY1kyT0FnaHU0M1NCRkpoM0RvVE8wN0lteVoxbVVYZmNXdGphMi1KSll4WUdIXzkwVmZmQ29pR09lY0tGQk9MUWJESVZsM0tyY2VOMC1tZ1ZqbWFGVw?oc=5
2026-09-10 11:31:19,MU,"Why Are Memory Chip Stocks Micron, SanDisk, and SK Hynix Falling in Pre-Market Today, Sept. 10?",TipRanks,https://news.google.com/rss/articles/CBMiwwFBVV95cUxQLXRzWDBOVnp0dUZFd2xaUE5qa1ZhYjlJLUF1eVpPZEhxSjBOdDlvMU1kQ2NhNFFZV0p1Tnl0UjRDWVltQjNCUGxSdjBqSEozMVFsR3h1WWtsMFF1QU80X0JmT0NQWFBQdFBVM0twR1hzdHNQSXgxYU9xN2pMU0d2MmR3eHg3Y2VkdmVwZzBVRllaeUdBczVxYmdMWmx6LXN0dGhBak5hOEFQNWJKUElsbmUzN3RubGZVVmpZMEtBcjdYMkE?oc=5
2026-09-10 07:24:51,MU,Micron: The Show Goes On (NASDAQ:MU),Seeking Alpha,https://news.google.com/rss/articles/CBMickFVX3lxTE5aUWlLc3dxZUJQWTlNU0FHWV9IWnFYQ0pRZVk0WTJIMjM5QVFRb1EzSnVBeW1ReE1hZjhlTF9GREhTMEo1dGp6VlM0MzJxbGpBUnJEdFlUZjJmWWRUdnFPc2VKSnIzM3hramR2N3FMOFBsUQ?oc=5
2026-09-10 06:52:40,MU,"Micron Vs. Sandisk: Sandisk Built The Shield, But Micron Owns The Fortress (NASDAQ:MU)",Seeking Alpha,https://news.google.com/rss/articles/CBMisgFBVV95cUxQQ0VCS2RVQTE2YXR0dFZMTDdZMXNMLXE5YUI2NVMwdlZILU9SMVphbUw5MldZNUtKdjJTTFB4SjllOTgyQzcxYUNQR3JOd0RheXQwVmEycEF0UWVvZ19TZXg3TzREcHFSalIyUlEtSmxtS3J6ZnRBYXVMWFhmeVRGZnVTcGJOQ1FxMzJIWjkwYXJ5MnI0YlB6Nk5UQkZnd0lONkxHQndiYmh6UWJhLVpVel9n?oc=5
2026-09-10 06:48:24,MU,"Micron Stock Guide: HBM, DRAM Pricing and the Memory Cycle Explained",MEXC,https://news.google.com/rss/articles/CBMipgFBVV95cUxOTEEteEtFQjVLQUotc1Y0T0ZFd1RaT0J1QXZERWhUWHdKM0pzX3RKckFVdFRlQ2ZmVWFnaTNtVU9RUHZvU21OWi1CMV91cVQtOUpaNE0tYVdBSGNZbnBIcVhsb1dtUTRyeml5X0JGSzdIQjdKQXBTOEI3NzIxWjQ5cWxlYVZIMU1BOHc0R3VpZlFMVXViemM0NGVkRklJVWRJaUVhUUxB?oc=5
2026-09-10 06:27:24,MU,Is AI Memory Shortage Altering The Investment Case For Micron Stock (MU)?,simplywall.st,https://news.google.com/rss/articles/CBMi1wFBVV95cUxONTR2UWlvWDR4QXB0MXFWVGJlUnFrWHZteUE4SjFWbnFCM0JRZThNdEhmV1pKQjNaOS1MSHJPRkh0RHJTUURiaG5NR2FEU1c4X1Y0eFM1WEdtYjFhR0RqZ1N0eEUyUGQ1Tm9rYXJES081RERXQ3NMc0hTbWEtdFE0bndDdDJNUXg4bm53OVZOby1SZU5ORXVVMGF0MGRsd0ZvbUtTLW9lVV8yX3hhcGJURTRqTmJlUDJDOVVreTBiQnN2RFR6UkVwNGlZeTd4RzJXZXZfNkN4a9IB3AFBVV95cUxNRkNiUERJeERPSmtwcjg5R1VwenlaQ1QxZlJfM0I3bTYtYTI1M1g0T0lUMV8tVE5MZDZpWWtMZWx6NWpPcnpISHBUZDhBMGs0NFlVVGpObHB4UElhcGpiSHk5M21IRlpjQUR1OVlBeWlTZEVGRjItMDhyWUVhSUtPZGVMa1JVVm1XYnB0N0M2VXUyUWVjM2d6bVpwQXpaOEQ1ZTY5Q2FOc0dtZjdzcXZwZFlYMmZna2FTNzhWTENscW5WRXZpRlZsZTBSV3lDZHlvVjBZa3RFNXZkZTAt?oc=5
2026-09-10 06:06:45,MU,Micron Technology stock heads into the open after a 2.75 percent gain,ad-hoc-news.de,https://news.google.com/rss/articles/CBMizAFBVV95cUxQTXFsTkNJV1F3VXFQR0tFcFdvNHlJUE5RSXRQVE93S1lGU09OZWZhckhON0VJazVmclRraHNfTlZfVVNvRmRmTVp0ZUVJTk1OUjRrZWkxSTNhcUxORjZGTERWOS1GNWI4cERiVHlsOTg1LTJUNFRqV1NqU1RvM2lRZXNfOFc0VHhYcGxFYWx4Sl9oWDA1dDFfaC1sak96WV9PdW0yZXFGMXFhOElfcU5jX0ZxUElKVHp3ZUNvQVIwUkF4YTF0YkNzX1BTdkc?oc=5
2026-09-10 05:30:06,MU,"MU, STX, WDC, SNDK Stocks Sink As Samsung Strike Ripples Rattle Red-Hot AI Memory Chip Trade",Stocktwits,https://news.google.com/rss/articles/CBMi6AFBVV95cUxQTUhERlNSV3ZEeHEtRTRQWlBYRW1VcVpQVHduOTlPWjhzNGRLNHd0Q0M4MTdaWjNpUGpjUzhDU2FYdTlRM211ZEY4RWVGem1scXZVTlJ2elBvV1FWX2U3UVZ1MzBZQ3V6Q004SnNDcFU5c280T0ViMVBBbU1VYXZ6bXV6NGxLcWdxZE90Wk1NS2tTb3FGT2RibUs3NWd5bVRSTDZfbXB1bXVOdGo2YVRWN0xndHlwbGw5NTIzZC1IdVBHbnM4U25ManFaeGpnTk9QUFgxVW9zUjVHSGs2MDFVYWpoVV94UVFF?oc=5
2026-09-10 03:35:00,MU,Semiconductors Stocks Q2 Highlights: Micron (NASDAQ:MU),TradingView,https://news.google.com/rss/articles/CBMiswFBVV95cUxNcmNQWkdLOWZqV3hfZ2t4SGlOZG5GVTNuYm9mT2d6TWYtbVJwc3NJMWNWVGpHUC1URElHcVNsZzZrM0pIcFVfV3NuSU83bHhMT29hRzNBeTloLXJOWmctc21TdC12M0pRYmc5dUVwbzNfcVYwRTNlZDlWb3RlM216SkU2UDRnZG0wY0hSYWpDVl9POE9kUVJmaDl0Tm81SW5pS1ctejFJcUZDTnM1M0ptYUU2Zw?oc=5
2026-09-09 22:41:00,MU,Micron's Operating Margin Surged Past 80% for the First Time Ever. History Says This Is What's Coming Next.,The Globe and Mail,https://news.google.com/rss/articles/CBMikwJBVV95cUxNWm1HMkRUazk5UXU4bFkzWVlzdWNrLXRGQ19wRDhwODFqbEdCMDBUWEEyNmdhYmpxa3ZaT2dyOWEzVnpCNzF6RkxpV19UaW9Sa1ZUYUtBZ3psM1hBQ2N3NUUxMDJITFZKYTIzektXelVmWXktR2t2dnNWN2g3UDdLYzJSU0h6SHlJaEs0czBlUzRiZi1mTUNCRlZnc3dDWG9EajFEREliN2Z2aTdWYjJ1RWd3N1Nnc1hDUlB3Q2YtRTNIZkd5d1JPeGE0MEVUODJaaW5UWnVWS2dwZXNEYWk5N2czcGs1WEpjVl83N3RYSEpfRXl1aENMSUZvdlZXTkw2UFpqVTBkT2ZDWHRZbVZMbVFzWQ?oc=5
2026-09-09 21:44:02,MU,Micron: 3 Simple Reasons Why I'm Still Bullish (NASDAQ:MU),Seeking Alpha,https://news.google.com/rss/articles/CBMijgFBVV95cUxPeElfVzJ6RTlaYlluVlNLTnZSVTZJYlphSmptWWVBOTJwamNUcFhqdkQ3cFdFTDJsLWlwWURTb3pUbXZJWXVFNWp4SmtTajkxci1tU0o1aWIyYmdRcXlSek1JMkd5ZzVwdldZcnRvV3ZKQzZEeHQxZXQ2TFFwQjJkS3RacUp3WkRSYTYtalZR?oc=5
2026-09-09 21:36:02,MU,"Nvidia vs Micron Stock: GPUs, Memory and Different Roles in AI Infrastructure",MEXC,https://news.google.com/rss/articles/CBMisgFBVV95cUxNMkR2M05TLU83M1ZDcU1GbzZRRk9sc1RjNzRlSkI3T2NXWkwtRHM2eHZZZXRuT3pJYzRuMGJwazQzalQ1UlM0SFRqYzJuSW1tUUZLMVdReHlhOHA5aEdsMjl2cHUwdnFBZ3lURHNYSWxzNUgyRTcwLTRLNm9IbHlDaEFZYThaczdtN2daZ2I2NmJPYVJtellBaGw2RkYzaExDYVktM1NDaHNHMkRudHRCOE5B?oc=5
2026-09-09 21:20:02,MU,Netlist Bags Federal Circuit Win After Court Rejects Micron’s Patent Challenge,Stocktwits,https://news.google.com/rss/articles/CBMixwFBVV95cUxOQkFtX0NVSU14TEJnS3g4V21BQ1NVSFBSNnZ2MXZqeVpMc1hrZ29rc0ZiQ2QxMGtxS3VkU0pkb2UzX3hFX1haV3d1MzZya3ZIVzRIWURGcEppdl9jNy15N3FuTlpUTUtwUFFJZUVrOGthVHc0REx5S2pVTnEwb1U4Tl9jZFZ1SVpaaFVQZGx5OFd4WXdsdG5Vd214YWpjU0hwS0dVM0l1NFM2UmdkZmpaeW9pUTJaTzBKRHlZVHdNQmhBTzVlcVpN?oc=5
2026-09-09 21:00:00,MU,Prediction: Micron's Sept. 30 Earnings Could Be the Most Important Catalyst for AI Memory Stocks This Year,The Motley Fool,https://news.google.com/rss/articles/CBMilgFBVV95cUxOYVIxamdGaENQZXlqR3JvbmYyVHFaVlRLcUMxVXZkNkw5c1lxVGpwUFoxSk9qQlh4Q1NUQzYxWXJ2RE1yNnJxa0RJandjdkF2MnBaQzBxbkFubU41c3U1SEtCNU1ndXZMQTJLb2VnVDY0b3k4Vm45RGEwMnI3WHBLZnRaZ1ZWR2E5TkdjbWtuWFhCUnBtN0E?oc=5
2026-09-09 20:52:00,MU,"Micron, Sandisk and the Next Leg Higher in Memory Stocks",theglobeandmail.com,https://news.google.com/rss/articles/CBMi1wFBVV95cUxPYVROdEQxZGZLNW9SYlJnZjk2R2t4WUNiWXZQUlZuMGdyclEwcHAxV2NrNWhNcllpdnZqeXVXdnZKUmN3MkZNMkxoNmhXTXRfaGVCbWN6V3hSckNtbVFVdWdyZEwtUlhOc1V2TkRVZHRBZnk0eDRTWUZHeGVyaEh6R0wwUll3bml5dzNES1Nmd2Yzd0dFMzdoRWR1RFlIRmxqdjZWTHQzZXN3M3hmeTFzRWlUS3VzVzFvUUE1MnVHTGhvYUFaOXh5YktDU3FRQVVGRmtsb3FwMA?oc=5
2026-09-09 20:24:21,MU,Prediction: Micron's Sept. 30 Earnings Could Be the Most Important Catalyst for AI Memory Stocks This Year,The Globe and Mail,https://news.google.com/rss/articles/CBMilAJBVV95cUxOOU9PMVVUY1FhV25qcEdIbjFlZVQ3RnFsZVpIRXU0SkJsWHBKMFNqRWkzemNIZ1ktS3dWQ2lwNnZTdTducmQzNko2UUVwQVhUOU00MW01bU5ITjVwLWE3YlpydjM5RUxlZEN4UTB1TXg1UEhZUlBqeUZwbGZfaTF1cl9yZ3hzNVVDWmJqaDVZYXVUOGg0bGNBOUkwQWdTdE5XcTEyRGRFZkVkQVAwNGZVa2IzTklZUHBNRV9ReFRyN1dfVWRRTmROcVZKNWYxYWZCWTFQMkxFT3NxN2MyR2R6MTRZTHMzRFJJa2tBZzduNF85U0NuOWdzME9ibldWcXZJdTB2RXpNR0czckFBaHEzcWRfT2U?oc=5
2026-09-09 20:20:00,MU,Prediction: Micron's Sept. 30 Earnings Could Be the Most Important Catalyst for AI Memory Stocks This Year,Yahoo Finance,https://news.google.com/rss/articles/CBMioAFBVV95cUxNbUd3bUp4ZzFlZHVIMTV0VFhVZ1d0Q1oyTUE1eEdGakVUNHQ1T1JxUWV3elNZbDlaX1k1OExYSjE4RHZDTUFlZVJxR01FUm5UU2dRWVJyTmFRLVYtc1VXcmR3QkhFWjVVOUYzeGFYX2pCbXhudnhLTTB4STJZR3Jnd3pqSUwtY3I3Y2VLcWdneWJSRkdXM1BZTmJDSVRpNjR3?oc=5
2026-09-09 19:42:00,MU,"Micron, Sandisk and the Next Leg Higher in Memory Stocks",TradingView,https://news.google.com/rss/articles/CBMisAFBVV95cUxOc1RrcXdBWkRwbEZCTTZLb3VfU0p6aVZaZDRoN0dUMl9yNFZoMHJoWkVucjFxY1poMm01cGJwc3pYUFBqTEp1Mm54Y1A0SGR2S2I3ZlNTS05sOC1ucHQ5ZlZfOEtfOGZnVm9uaGFKNW9zamtxdTMyYm81YktrSm81OTdhTkVTSmoyUW9QNGtpQjQzMTdlU05XcG9XSVFSMlBFVmYxcDhJX3VocGJEdzlNRQ?oc=5
2026-09-09 19:08:33,MU,Why Micron Stock Is Gaining Today,moomoo.com,https://news.google.com/rss/articles/CBMigAFBVV95cUxNbWFwbkpYSjFDSHVONGkweW1kRi0yTldsMGZZQVVSX0hGdFlNNVFmQVFvT1hRR0g3RHhmZ3VLNHItSEM2dkNiZWR0ZXZQdUxoNXBjN19BRE51RGkyZ2pwYjllbVNJZ1NJelhoNEhhQktFU1hQU3N1bjdoeHpBSUt2SA?oc=5
2026-09-09 19:01:15,MU,"Micron, Sandisk and the Next Leg Higher in Memory Stocks",Zacks Investment Research,https://news.google.com/rss/articles/CBMinAFBVV95cUxNNDdrVHRzWThRSnJyaXNwN3h2TUNiUVA0TllhXzVaOWxZa2kwLVhmeGU5Y1QxOWoyLVhhTjlweGFGUlRKSUM3cmU1SXVRaERVODd6WEFmRm9MZGt1NTRiVi1jdXBHNVctVUJSQl84VXJxc1B6Wml5YlBGczE4QjZmc054NGZzeGdITktmc3NJanduZFl6TmhReHJjcjk?oc=5
2026-09-09 18:59:02,MU,How to Invest in Micron Stock in the UK 2026,MoneyMagpie,https://news.google.com/rss/articles/CBMigwFBVV95cUxOa3BkQy0zNWczcTFtZXZtV2dnbDU4cUVNMGE0ME5UNjRuT1pvTkNLMDBqSE83My1RVXR1Rjczb0JaUGRQY3labDFiM2Q1Z2dGVTlmaUwtaHY3MHdpNXU0VnRmeUxPZ2laaTBHd1lnbVluMXVxeUxvNmMtZmJfcVd4WmtaUQ?oc=5
2026-09-09 18:00:00,MU,"Prediction: Micron Stock Could Turn $10,000 Into a Much Larger Sum by 2030",The Motley Fool,https://news.google.com/rss/articles/CBMimAFBVV95cUxOaFE4d2t5NlNNZnR0OWZWbE1QcWlwaVNaeVViMDVlVF8wQ2FNSkJkOHJTM1lQMEJieEhyN0JPaUZYOWo1SWJLTVdxVTR3anpDYkNPOFYwVjdUdmwzbDI1Umwwd2hTOG5fV01HUFFFVXdDMXF6QVA4bTlzNm5OZlB5cDdManB4Rzd5czZJa1JacVZHcmMtWjFkZg?oc=5
2026-09-09 17:49:41,MU,"Why Is Micron Stock Falling Today — Is $1,000 Still in Reach?",TipRanks,https://news.google.com/rss/articles/CBMijwFBVV95cUxNZ1BHdmlYTkFRWkRWc1ctbHlSYUFvUUtsRUlNU2hNYzZxd0V2MlZSYkxub3JVSGhFejVVMFEwNkRSaklzYTI2YVJCdW5xSm5XRkFOSnBRVElpZkd0MGRROFkyZFBUUE1ERlhVUGV4NFI0Ymx2djhlbEJfd25TQkZ2UjhiYm1EWEpxR2RZR0Ewbw?oc=5
2026-09-09 17:49:35,MU,"Why AMD, Micron and SanDisk Stocks Are Rising Today. What’s Driving the AI Chip Rally?",tipranks.com,https://news.google.com/rss/articles/CBMiogFBVV95cUxPU1p3Q2c2VEJpN2VQSjAxNHlvUzVJdnNQSzdQUGhJZWg4T1JiTGdPa3FndEoybkUwSVZjN0xfUnlfN0wtamdtekxfLW9WbFlaVGVCQUhwdHZrOHZvTmQzZmd4cGRlbjJOMTI1allWV3RIZWV2cjF2Mzc2MGM3SURldkpkbzB1TTN0Z3lZMWM4eEJsMk02d0pLdndtb3JNRzg5R3c?oc=5
2026-09-09 17:27:11,MU,"Prediction: Micron Stock Could Turn $10,000 Into a Much Larger Sum by 2030",The Globe and Mail,https://news.google.com/rss/articles/CBMi6gFBVV95cUxNSC1lc21LLWZHYm5RRUhSamV2REw5X1ZDalFRY1RGUlYtODlZNjdndjJPTnNta1I2OE5Bd21YMGxCdnZ4cFNtVVJ0TlZJaHpwRnNVengtUUZ5QkFBVnBKMUZZUzFLYUlpS0hpWUtwMHBHT3JVVGswdmdlV3J2WHBnTHRSaWpqQlo5b1NxaWJiUE5SNXhNQ1FhLV9rRkduT0dwV2VxR2xIYUpCbTJyZmlsRWtCWkFwQlBacVRQVk1IVzlRWE5LdWlNUjBxVTRnQ2U5LTd5VVRIbkdpeFdZdTNUdHBEZ2FkX0ppQkE?oc=5
2026-09-09 17:20:00,MU,"Prediction: Micron Stock Could Turn $10,000 Into a Much Larger Sum by 2030",Currently.com,https://news.google.com/rss/articles/CBMijgFBVV95cUxOdnNnOTZCU3BILVpKY28zTWdRTWk4dzZ5YmhoMURYZ3MxR1FtY1FSbWl5dVhCUU5yZ0NjUFJPLUFwMFlIbEJ3NktwaFhMX0FTTU5scGp4Skl3dk1FVUxtSS1sbmlRaHAwSmtaaGJPSFYtcUU5QmNtZ1pYcThzSWl4aEFxT3RKcGJ4WUg0WDZB?oc=5
2026-09-09 17:12:49,MU,Micron (MU) Stock Surges Ahead of Fiscal Q4 Earnings: What Analysts Expect,Blockonomi,https://news.google.com/rss/articles/CBMimwFBVV95cUxQMU9GU01kVnczekVtQjFpdmYzZFkwczNyOGdOWFNpZHRHQjNQemtqTld3V2lfbFRrZ2xYTHB2bzMtYUVYc3QzQ0hkYldfRUM3SS16OXJTRGFKckdtM2hoS21fSzJuSTlfOHlyeW1yOFlvQVdZQXB6SlU1ZFRQTHpNR0hSeUVlMmdGUGl6ZHlfN0lmMVpOSEZaWjdVbw?oc=5
2026-09-09 15:21:07,MU,"Zacks Investment Ideas feature highlights: NVIDIA, Alphabet, AMD, Micron, Dell and Cisco",theglobeandmail.com,https://news.google.com/rss/articles/CBMi-gFBVV95cUxPa2s4NWFUS0FyTTVSc2hESzY0Z1BLQ0R2bWhLSlQzMG44NVRCTTRhcUxVd2ZVaGVESEpDSUVLclNpZUhNSnNqbGZJbVBFV0tRVTRCS0YtVUhmYklsN1dqY0twc01vLV9SOWtDZklnQUNrXzVnVlA1NHBkWDFlMnBqRkdoUXJBRU0yVlRFd0FxOU5LNWsyWThTeDdyZ21uZHVQNnZVdG9ZZDRNT3lkT19GRDhFQVRLVWs5cGRsUnBJNXZXTHBCR2hCNmlvNEJOT0ZzUWxST0d3UXFGQnd4V0VWMGtGeWdOQXowTTI5MGxLbkM0SFltcEhnbWt3?oc=5
2026-09-09 15:20:01,MU,"Memory Stocks Rally as Goldman Says the Worst May Be Over: SK Hynix Climbs 5%, SanDisk Advances 3%, Micron Gains 2%",AOL.com,https://news.google.com/rss/articles/CBMiggFBVV95cUxQckw0MnEtdjEwVW9LWXNTam1hcWs4RURORHc3OWE5emR3QzU0ZENZVlFoVDVQZ3NhWnNXS1pHMXNINzgwTEJvcFpvSlZFZXFDb3B6dzctNWdIWDlWU2x4VVdmNlV1bmh2OGhxcVNab24zWWduQTBJblVvUnlxeC1DeTV3?oc=5
2026-09-09 15:20:01,MU,"Memory Stocks Rally as Goldman Says the Worst May Be Over: SK Hynix Climbs 5%, SanDisk Advances 3%, Micron Gains 2%",Yahoo Finance,https://news.google.com/rss/articles/CBMingFBVV95cUxQejliakhERkhLM25JZ21LVFFsXzdUTC1LTWhqXzFJVHpRYThRaHQxeExtSEtnSjczd2ZCN2JreU1kOVAydEQ4bkNXdXNqTkhqaHlLcjIzUFJFekJsbGJkUkxOZ1piRG1IS0Z3OWFZX3dZYVgwR0l1RHNaVlJ3a3RFYnZfck1IbzZlZi16ZUUtdUJGSHZ2bnFOQWtNdjRWUQ?oc=5
2026-09-09 15:20:00,MU,"Memory Stocks Rally as Goldman Says the Worst May Be Over: SK Hynix Climbs 5%, SanDisk Advances 3%, Micron Gains 2%",24/7 Wall St.,https://news.google.com/rss/articles/CBMi6AFBVV95cUxQdlpVZDZOQlJpRVJ3SkcyeE5xOHpUUDJURkNnTFhva2xVaVBGLXdlaFJwN3M4dVVvM3kwZWREYjVxQVBoY095WTdDbWdCNGtoOVV0Znhtd1VaRGI3X1ZzemRtdnJwSWN6THpJZVpkclpOV2pXLUhJRGhTbWxObzdBam1tYTNxS2llZG93RXY5WVl2cjNyNlBNTllzVGN0STJrbHlSMjJ3ZmdDNWhzMUtEUmwteUIzUEZvbEd5VC1ZTUtKYVZ1UTJiOUZSQkFoVWxoakhTU0RrM2xsbnR3aXF4czAwT2FwWF9C?oc=5
2026-09-09 15:08:20,MU,"Micron Stock Climbs Above $1,031 as AI Memory Crunch and a $50 Billion Outlook Fuel the Rally",International Business Times Australia,https://news.google.com/rss/articles/CBMiiAFBVV95cUxQcTBxTjFSTUhuQW9OS1hWMGNONXhTTXZwOGxXMUx1eERBd0ktUlRjQmpMaGd5R29vRUM2Z1FUZ3liX28ydEx4a04tcGlOeWp1V1NDTlo2ckFuZmxiMDd6bkVuTjZUblFUcU1DOXFVak5iaEp6bEt1UHQ0d1E4S3VFelpkYV9xck1V?oc=5
2026-09-09 14:30:42,MU,Why Micron stock is rising today,Wealth Awesome,https://news.google.com/rss/articles/CBMidkFVX3lxTFBnSWdFVDhwbThfZHpKbmVIYVMwdDdPbTZub0Q1SmRVckx3Nk5GS0VkMEVsbUZJOWJwRjZiWWlqZ3R2VExWQVh5QmVRUkdrcTJlOUpYV2s1SzhTTm9GQWkyd0RlQW0wNjR4OEJ3N0JsMXhxMU9Sc1E?oc=5
2026-09-09 14:15:24,MU,Micron Technology Inc Stock (MU) Moved Up by 3.86% on Sep 9: What Investors Need To Know,tradingkey.com,https://news.google.com/rss/articles/CBMiiAFBVV95cUxNdFRDZmt5TEprRlhPcTFHMXJxMGoydUpzUFo4Y2JzWE9hOHNnWlZfMTZYTnJnWTkwRTVSb1g0cVJ5SGg0MHpsUXVxcFdJWk5UaEpPVEVQaThGVkhkb2tTSEFjNVkxdVI3SktsR3dhakdHTU4yWFVjSFI1M2NRRGdyMWFxelViOURV?oc=5
2026-09-09 13:55:43,MU,"Micron's stock soars 257% YTD; could it double again to $2,000 by 2030 amid AI-driven growth?",Pluang,https://news.google.com/rss/articles/CBMikwFBVV95cUxNZTFaTmZva1FtTjNQMUU5N1ZCMzlvb3c3ZW5vUnNlUHlIN24yZVhmSUNDeVZwaGVkYWNEXzRLVUIwcU56Umgyb1BCMWxhamN4WHVXeFJSSTZjb21uU0JGWU5HeWUtYlBXWTFIYUJfejNwalNROHA4VTMtSWttRWxKUjJjQzhldzhKZlFITlFaTDRpRGc?oc=5
2026-09-09 13:38:50,MU,Micron: Debunking The Bear Case Behind Yesterday's Selloff (NASDAQ:MU),Seeking Alpha,https://news.google.com/rss/articles/CBMingFBVV95cUxOUHBhbEMybHdzNGVza3IwQ2lrS2xXRU0ydVNmZnJzTzlpQ2NFQmNLSmpQcTJ2RHNuRjBwYVpvNE5nZ2c4UV9rckFxTzZWUW5NbW1Ja0FWZ1liNU1fSGkyZDZWV1cwZ1lPUEpOZlpLeXF3cXN4bWNKOGFrYXdQUW92blVxMkRPU0xhclp3cXN5bWRRN0pFZjdiRF93c1pDdw?oc=5
2026-09-09 12:39:01,MU,"Nasdaq Futures Lag After Samsung Selloff Hits AI Chip Trade: Why SPCX, MU, SNDK, RIVN, WMT Are In Focus",Stocktwits,https://news.google.com/rss/articles/CBMi0gFBVV95cUxORzNtaTJQUlg0V3JGOGZMOTBQMVJzT0haRXdoTGJfRU9zTGxBRHRGSXBMY2hQQ19sMW4wOUI2aXp2NjdVbUFBdG9CNUVwR0dOM3FoZ3RXaE8ybEVMX1YyYXg3eTdSdVpZbTZ3OHV5MXhRdjhKUkxhQ2VwcEJ0cDlMMmlyUWZWMmJHS2dBV0gxZjJLUDlpeWRvWjFUT0g1VzEyNjJiNnZXc1k3VmhDWkhmSzllRmxNNkk1a0xieUgyVW1hNnBUOEJWYmFySEdkV3luY1E?oc=5
2026-09-09 12:20:59,MU,"Nvidia, Broadcom have 'broadest' ownership among chips; Micron, AMD surge: BofA (NVDA:NASDAQ)",Seeking Alpha,https://news.google.com/rss/articles/CBMisAFBVV95cUxPZU4xMlQ2Z3FhWmczZ0dVdEVWTTlvTkQ3d2JpeDJKOTY5blFfWmt6VzgwLW9HbFJ0OWRpTFY4bUNZdTRoX0VDcUNPb0xaYTlGbFJqVzRzVE1WajVTUTBFbWV0Z2djYU92MmNmTHU1a1FaT1hHWnVJQ0wwWXJDajBpdElsZWlWZnkyc3lMVkJvYW9TUDVRRmd2RHg0SERudzNtM2pzRGE2T21DUlNPNVJ4Vg?oc=5
2026-09-09 08:49:32,MU,"Michael Burry Loads Up On QQQ Puts, Boosts MU Short As He Braces For ‘Larger Fall’ — Here’s What He Did To NVDA, PLTR And TSLA",Stocktwits,https://news.google.com/rss/articles/CBMikAJBVV95cUxNQzQ1SGJkT2N1TGxETEoxRU1xZ1NFWDJHWWI4SVVOZDlGUno3TTlTeFY4a0hMNHlYclRidUlISjlaT2FFZnZvcnhadm1BaTJrQ2VabEZoRG5QZFhzMFVSZWVqUEM0MENFY3ZXS0k3YnYtMFd4RlRTSTlpNTQtUkpPaUF1ZEFZcDBRQXI4eDUySVF6YXlsQWVJR3NQcy1ueWx0dmdlanJNLU4zR3prZkprdlhyR1dMdmJvMU9LaWl4QW9kN2MzcTctbEhpY013MjNjSlNCRmc0bXRGc1V0NEhxNzVhdlYzdktyWGxRV2J5YWQ0cHRpUUgxdkROSXdjM3VvUEpJcGJvYWFUajhRemFwUA?oc=5
2026-09-09 08:16:08,MU,Micron Stock Analysis: Bullish Trend with Cooling Momentum in September,The Cryptonomist,https://news.google.com/rss/articles/CBMiqAFBVV95cUxNMHFNWllkUDVWVzAzbjhlMXUzVXVxQzU4QUhjeTNjM3F1U0Voc1N3aFFvbmU2ZEVGdEUzZDRmWmlOaEd3X3EySjFlRDRkbjBoUFJVQWYxdkJZUEZUWlJKVEZDUzB4eW5wTldSeUpDMzB4NTlXT2NuMmFvSmxDdGFNSFpKRXdMYVN0dURuODRUUllYejFGd1BiWHZSSVNxLTVHOXpTMHV1UmE?oc=5
2026-09-09 08:12:05,MU,"Top After-Hours Gainers Today Beyond Micron: QCOM, AMAT, LRCX Surge",Stocktwits,https://news.google.com/rss/articles/CBMixwFBVV95cUxPOGFLWk5MLTNnZnZhU0l6TWtOdTdvT0RVU0JwcFlfdXd0UnpaVnUwSk1oX2FvcGFZUml2Wkl5Q0VCMGt6WU1HUnBrMjhFMVcxc1FfcnhyZXZzU3RwemJJTUVDRDIycUJBLUk2MktRU1FYV3pxa1c3M0lIVjQ1SWR6bjEtUk90bWdNeGJoMmRiNlhEWmpFRVg0RUd0TlRCcENuR1Zmd1V3eVdncXh2RFE0SzNrNmh1cXQzN2lBcWw2ZWVzYlJHVmdB?oc=5
2026-09-09 07:57:27,MU,Micron (MU) Stock Dips Ahead of September 30 Earnings Report Despite Record-Breaking Margins,Blockonomi,https://news.google.com/rss/articles/CBMitAFBVV95cUxQMkZreWNBTHdLYmh6YlN4aEIxX2JQWDB0d2Y5cU53ZU9OX2RnWGlndHgwR1hQMkR3X3J5U0JCcnR5OEV0Q2xzb19KYzJIUXZEak1ISVNJeWlVUGhjQ2lFNzg0YzdKNTBxci1fVG01ckJ1VTJ6dlpfcm5abjRzZTJsMVZ2eXVvLURVR3NiNF9QTkRFb2FWakVuYllYeGhPS0NCWENlRVI3YzJkRVJPQ2hmUDZTWTM?oc=5
2026-09-09 07:30:52,MU,Micron Taiwan Unit Reportedly Plans Record Bonuses To Avert Strike: MU Stock Dips For Second Day,Stocktwits,https://news.google.com/rss/articles/CBMi8AFBVV95cUxOOTJnT2ZZd0ttSTVaVE1uV0dVR3FQN21lS1ZTX0N6eVBNWTJXUi1XY3FDQzZCMlByVEU4YzR0elBYZEdVYjFOQ0dtcjd5US1DYlRBQVFINm1jX1dWTElIZnFoX3l5YnUtdVU2OVM5UTdxdWZoMENOZWc0dEE5Q0RmQmxSWUpQblN3OEtWS2UxR2xqUmxpMTQxclAtMXlTeGVQR2JWZmtjTjdJdEtJSTY2YVJzTHFhRGJlWmFTa0lFUDZoX0dacHlma1pYdnl4b21pVWZMUllPdWttVldfNUZfSm9pLThNOGZHTVdJWUFURTg?oc=5
2026-09-09 07:00:00,MU,Micron's Powerful AI Shift Could Rewrite the Memory Cycle,theglobeandmail.com,https://news.google.com/rss/articles/CBMi2gFBVV95cUxOeWFrSl9XcFRJNHl4NUJEWU1zTF9TVi1POVB3WnZTSGgyNG9oYWRuRThiXzdQTmFkbmF5czZac1N1QkZoZTlnQ000OEhUTExCMFBUc0dRTGhfazNxamlRdTJDOUVPZVhiNEJMQlBPcEZmN2pwa0thb0o4VVUyM3BlbXZoX3VCcTRXNW1BVlNLZ0MwU1poRFYxZl9KcHVqY3gzR1FlMTlDQ29wRlhfeFE1SkkxU2ljSnFjS05BekpHT3RuNEQwYVBfLWNSMXF3VnB3TlpUOGQwWmRFQQ?oc=5
2026-09-09 06:41:11,MU,"Micron Stock (MU) Is Falling in Pre-Market Today, September 1 — Here’s Why",TipRanks,https://news.google.com/rss/articles/CBMinwFBVV95cUxPbmhWbVdtQ2sxTVBSS0Z1N0ZFY1pUN3VWZEpfdURQX290cmkxeW13ZUlrOUYtMHhaQjVKLVByamF1UUM2dGRpSEVNLWo4N2tTQXZzclZqTmN6SmoyeXBSR0ZHM0RzcGJuZXpXNjBpNk5jZjBJYncwdDM2anVpbzlEZExPcVo5TUlrWHBLc2o5dmhFRkRaUjVOWkFXTjRyNzQ?oc=5
2026-09-09 03:00:26,MU,How to Buy Micron Stock (MU): A Beginner's Guide for Australian Investors,Mitrade,https://news.google.com/rss/articles/CBMikwFBVV95cUxPRHZSX1dTcE5LWk15T1NsT1d4U3J6QmQ2VHBKU3FUV0RnLXQ0cEZ6elVUVlNPcXY0aVpzb2szbmpBRHBzSk80SzRvYTZ0YUlLanhmNzNFM0ExaHA0VnYzYi1Gek5KY2lOMXV3NW9ybnZEZTVSMVNyWW1CQkVuaERGS3MyZlBkaVlRR0dRTHQ1VGhXQWM?oc=5
2026-09-09 02:49:52,MU,"Micron Stock Price Forecast: Is This Rally Over After Pullback From Highs Nearly Breaches $1,000 Mark?",TradingKey,https://news.google.com/rss/articles/CBMixAFBVV95cUxOLUc0TzFTc3Z5ODBObE1QbWJYUnpmZHQxZ2tVX0dlT1RkUjJxVk1Ld1oyZHR6Tmp5YXJOMzNMYWp4MmIwSnBsOHZKd0Jkcm1KNHFnWV9MYnl4QkozLW1SZG50d2RHdTBzdVFJMmNpUjlfTnVQS19IMXdCc2dyYzhENWNKdnVzQkNKM0xUNkhLQjRldWlwcXJiajNjZzI5UzV0X2EtUWREQnJxM1hnYzRQQVcxXzZ2dEtsdWpYZ2xlbTg1N05B?oc=5
2026-09-09 02:31:33,MU,Micron Technology (MU) Faces A Fresh Leadership Test As Fair Value Views Split,simplywall.st,https://news.google.com/rss/articles/CBMi1wFBVV95cUxNTllQcHRsUjBNenhiNEU4ZlNrYnRQUFRFZmdFREhXNGl1cllvVHhXckF1c19DbURlYlFEc3RZZlRHemJBeEVQd3NxMkV4QTNkclF1R3BQYWJ3R00zR0xmUHc4MHVDaHNJdGdKQVB3Mk11emVOSHgyOGN4eVVha2QtUlducWxrLWMzQ1Jvc0VXLTJjRklpUzlfNDZiU2ViZ0w1LVlsRTV6cDB2ZEt6U0pYUGQzU1NEeE5LcGR3ZUQ5UTdab3pTUDVTWm1IS2hTYUlzSUo2WDJWSdIB3AFBVV95cUxOUm5JVEN4d1NoTXBjZFM5dTk0dzdfY2k0R2Vfc3ZPT1V5dTllZ3l6aFZhY0pRSXZfSzlQQ2FCQ3J5bmZCR3BnNkZQYVBnX19GZ0xEREJoTjZuejFHal9DVjhoTGFhNWtuVGlPXzdfTGtrZi0yVUFfYklxcWtrR3JxLWE4U0JXc01BWWk0d1hiSU5fcUx3VmxIeU9qbHpreEFnMHVDWkdocXE1RFpBcGZNT3FMZTBjNFRWRXg3SGFsU3Q2eFRiaTJaRHlabDFqbkgzQWVRTFBFSFYyUXJ4?oc=5
2026-09-09 02:27:50,MU,"SK Hynix vs. Micron: One AI Memory Stock Is Cheaper, but Wall Street Prefers the Other",TipRanks,https://news.google.com/rss/articles/CBMirwFBVV95cUxNTmtEQzZXb05Ia3Bid2x4Q3dJbEVlSFM5VUU3WEdmeFB5ZElCdTNraFhNY3FRS1lZc0RPeTRETlh1cTRlQ0dZQTAyRUlKOUN0Q3dTNlBiSTVndVpFMXRERHpNbm8xSXoxNnh4QXhEMmVSckpzcnkxUk9PREpHVF9zajFfcHdFN28zSDRiNDlsVXhwT3V4RGFMZWtIU0FYSFBxRi05Q3ZFRTdNOEhpM1o4?oc=5
2026-09-09 01:43:17,MU,MU 260904 1840.00C (MU260904C1840000) Stock Options Chain | Quotes & News,Moomoo,https://news.google.com/rss/articles/CBMiX0FVX3lxTE9xVm5IUm0tNlQ3MjlUeXQ1c0oyWUZMZFhqc24xcVFIWllNcFJyQ3NMbG5vWGFLQzFyT3VrQkd0bmF2YW5rNDdTVUFFZDlBMWxvRVIzbTd6VV9XNW9fV0RF?oc=5
2026-09-09 01:22:26,MU,"Nasdaq, S&P 500 Futures Tick Up After Correction Week: Why MU, META, MP, RCAT, ANNA Are Keeping Traders Engaged Today",Stocktwits,https://news.google.com/rss/articles/CBMixAFBVV95cUxQN211dUcwMUVCR21HY2FQVXdBSTZtVDczbWkybWRmYXVFOTc0TldHQ2NoaF9WZXZMNnhIV0t2QzNhTm1DVW1ybXFGVklIVTJGelAxRXZiTk02RW1nWE5XektEeDVRYnJwc1ZSU3gzTm5PTEFRSC1HYjFnUGVwZEhvMEZwVFVUdlBUaDBFN2ZQUUk4NU1XWDQ0RXlVQjB4NHVvOW5qZ3I1ZXVXQnk1enRrbWdXSnk2NkZFMlJKbnY1RE1GM2dM?oc=5
2026-09-08 23:29:05,MU,"Micron, SanDisk get new aggressive price targets from top analyst",thestreet.com,https://news.google.com/rss/articles/CBMitAFBVV95cUxQcXZyTXhyYUlYdFJ5M0laT3hQR0xVNTNiaVMyNXVGcVJWZXV4cW1HTDhwa0JPenZ0ZjdyQmR5N0NraXN4aE9zb1JUYmU4d3RmdFFMamRmcmpEZ3l1MHB2M3ZDTG1UWGdwSkU3LW9XQXFDb1Z0RVVRTEh3MHdKVzFaNGd5VWN5QlF3NDJERXp3NGRQRTRBOTJYSUlBY3Zzb1ZFclIxUWp2Y21Ob0JmQ215UmlXM00?oc=5
2026-09-08 23:00:42,MU,Druckenmiller Exited Micron and Bought Alphabet. The AI Risks Moved With Him,Yahoo Finance,https://news.google.com/rss/articles/CBMirAFBVV95cUxNVFNzc1UxYi1hUWs2aGVPRmFRMzRzSEc3YU9IUFZoYWg4amlGVGFmRi1OVW9JYU9iTHpPWm11VEIyY0ZwcnRWS3ZNaHBBQnNOdjVjVVpENWhmOFAzbjZJRVU4REpBekpLZWxGN3NoajNMVHMzS2dmSDRic0MxR3l3SFk1VGVpN3lhR3hZTWJiU1R0eV9vV1lHTmxLVlRYeEZkN1Q5YmVjbzRNWl9L?oc=5
2026-09-08 22:30:00,MU,Micron and Sandisk Soar as Goldman Sees New Memory Stock Rally,GuruFocus,https://news.google.com/rss/articles/CBMiowFBVV95cUxPWmt4TTlOZE84eTlnN21GTVd1SW0yWGUtMnRub203NFAySElyYnFhaEJ2ckRUenkySExBeWVHY2ZtN1JKRkpzLTNPRDZZc1huaTJZVThQd2E3YVJzSGI4YTFzV1F1cUdsWnI5UVl2cGp4Zkk3dnd0VGFnbTdTckN4OGJKYVd6eDA5YnYxeF9PQ2dLbEpqalR2YkQ4MTl3UkZjRng0?oc=5
2026-09-08 22:21:44,MU,Micron: Left In The Dirt As Peers Continue To Outperform It (NASDAQ:MU),Seeking Alpha,https://news.google.com/rss/articles/CBMioAFBVV95cUxPeWFmMkxwYTJTbGhEcVRaNFJHbk4xRTMwem1WR1JvN1VLeF9CMWlrTGVsbkVPZzJrX19jWXBWUC02aUVDQ2xWeU90TGF2VnBmMzczYllVZlNBbWkwNEdINXVOUEhTeGtkcDZkakxiTXlvODRBcUpXeHlCNC1XcEZIRkhhRFNuWUk5bHVFU25UT29pb2VpeHpzbUd6aXhpZzNV?oc=5
2026-09-08 21:45:07,MU,Micron (MU) Falls More Steeply Than Broader Market: What Investors Need to Know,Yahoo Finance,https://news.google.com/rss/articles/CBMimAFBVV95cUxPaEdTZnlFQ3lxN2VCellMMXJoVmFDaHFFY2Y1QTVGUURsaXV6aXk4NkhSbkVhczhfZjJxbVdPWk15UFIyOE40dXp3X3RWcTFSU0JPaXpsNHZ5WmVWbjctZTFiMm5tTllMY183ZC04VDFGd00zTmZwVDdaNXJBVHpILXFpVGpOMGI5blJwVE5LWGp0czVwWnBGNg?oc=5
2026-09-08 21:37:43,MU,Micron and Sandisk Soar as Goldman Sees New Memory Stock Rally,GuruFocus,https://news.google.com/rss/articles/CBMisAJBVV95cUxQYXlQcVZhYzRIa2VZbXc3cUowX2Y2ejVYWDdKazQtazU5WWVrNXBoT0U4cTh2N0RDUVZyNTNLdWdOUEZZQ01MR05HZWQ0SkRWZkk1MlVybDJEZVRFRGZPQ1FmQ0NPeldMTEJhMDhkYVRiQXpXd3BQakJUNDI5Vk5fd2Y3bk52YlV6LWR4WVo0VTFOWHkydFZyeURtT2l5NUxiUWVGZWtBSWhKSEJDeWVEc3NWWE5fUUo3emg5d0hTSl9xU1dWNWJWTnJsUjh1dTlvcVpyWVpZQ3FUbk5IdlUtM0ticVF6YjBoOHhwV0tvUVBDUUJjSU1IOFM2ZjhpNXgxbmNvRXVyYUhnbEt1Qld0enk1ZENUeTh0YUNab0hGQm5NQndydmVfQ0d5cHh1NmdH?oc=5
2026-09-08 21:33:48,MU,Micron and Sandisk Soar as Goldman Sees New Memory Stock Rally,Yahoo Finance,https://news.google.com/rss/articles/CBMingFBVV95cUxOSGI0SnFOMHlJcHo4bDN2QjNUbXJFYW5feFBZMm1faE15ZjlPTzhTWXc4eWFuejBhZ0dkS05raWgxOW5aS2t6STNJcUp3RnRLcXd2eV9IUkxSVk1LaXFJWlFDSkFrUVFkSTFvMVcySWw0SE5QM3lLZ2RFTFNMOVRTeWlpLU1aVnROSWRjbFRMTVp6Y2FOVHI3ZDJhR1hLZw?oc=5
2026-09-08 21:31:51,MU,Goldman Says the Worst May Be Over for Micron and SanDisk,TradingView,https://news.google.com/rss/articles/CBMiuAFBVV95cUxOdF9oT3FDSDZoSFhOQXZveGx4eXlDTWVZU2k4MlVYY0dfRVFSakZpQTJ3R1lyM1VEU0hTZGdlS19DRnVuZzFQYWVKQjhhTmc3c0ZzY3I0d2RKaFdzU2EtQ2xETDFYaC1VRFBtMzQxNlduODd0Um9HVlJjU0JLMFk3VHZJQ1hfdzRjYU5NOC1OSkNmcVY0OWdULXZUOGZTSUJlYWdOY2tXMjZ4T1NnYzROS3lUam05MUtz?oc=5
2026-09-08 21:06:58,MU,"MU Stock Jumps on Memory Shortage but Micron Keeps Returning to $1,000",FXLeaders,https://news.google.com/rss/articles/CBMisAFBVV95cUxNX1piWFAycnVtYXNJc3NjeGFRbEQ2NTRIRnpOQ2R2d2xhV2Z2MkswejBkd0Fjb3p4ZmtjYkY5Vlc2c1VzX2c1dWcxQ3ZOVk5LbnBNTnlQVFhDRFlqelJScXN1T2dSX1JqemZTVDJnT3Q4elZmSllDZHdqa3Nia1pWeEVUaFVtcXZsWlpxVXVsbFJRcS1UVnlFZ3loY3hXWG1JU3VFWUxEYXhONnlJQmZ4Zw?oc=5
2026-09-08 20:58:16,MU,Micron expects tighter 2027 supply due to AI de...,Pluang,https://news.google.com/rss/articles/CBMilAFBVV95cUxQZ2tFMzNaLWVjM2dZdDNVaVRpZEtnY2NmWXNEWTl2cGlpWlYta2s4UmtBXzhIUGRWMHFFWlpDQW5nam1QdS1IYmJESnk4UUxZOVdKeWozN1pnQzBXdFZENGF6X2w5UlFHSkxBV0E4ZldOWklXdHQ5M05LVW9lcVMycl92LWwzNTRlalo3dWp2RDBKaUpK?oc=5
2026-09-08 20:39:30,MU,We Became Skateboarders For A Day… Mu Stock (bN5blfTJbJ),Mshale,https://news.google.com/rss/articles/CBMiW0FVX3lxTE5SQ2VqVzJaRmtMNGhaZlQ5TnZHUUV2RDNBR3BBNjFCcGJYSlJDcEptbDNKRm1yQkNZeXhHeWlrNWlDWGZJaUFRZEozdjVpWGNjMVFtSmRkaGV0UEE?oc=5
2026-09-08 20:30:00,MU,Thinking of Buying Micron Stock Now? Here's 1 Green Flag and 1 Red Flag.,The Motley Fool,https://news.google.com/rss/articles/CBMilwFBVV95cUxQTVNha1I1ZXdDaW85ajdNOUdnSnFPWktpYnBXbG9NdFFPQU9IZ2dGajZtelRRTG9udzNZaVM5Ul9Mc2ZjdmFiTGp0UndBYS1JaldvRnRBanpHZ1hvQWRoaVFzWHNCc2dGMVd1U01qeHd3OGF1U0FCSEJQNVl0SG1fOUJjbGhGcUxpVXBWN2Jmcm9KS1h3U2hN?oc=5
2026-09-08 20:11:20,MU,Micron’s Crash May Set Up Another Leg Higher (NASDAQ:MU),Seeking Alpha,https://news.google.com/rss/articles/CBMiiwFBVV95cUxOTmNvMmlBUmFELXhPdDFLcTY2Rkd6OEgyTWZjSG15UDlUZHRMeUV4WEpVYUl4Q3ZJZW9WWF9MUmFVM0pWNU1UN2xTdlNaS1E1RHJLQ1k0LUM0WEI3eGhYejF4cjh6WHg5YV9VaEtiTldtdEE5eGZZaGtCTkNzRjlReThMREM5c3R4MjFV?oc=5
2026-09-08 20:05:03,MU,Alexander Zorniger: We Have Had A Tough Training Camp Mu Stock Price (aA92OXxc6b),Mshale,https://news.google.com/rss/articles/CBMiW0FVX3lxTE00Ry1oWWxMYzVNckgtUmVIZTltMDhyRkY1VVN2cUtURlkxMVlPSjhNcG5waTIydFUtTkNQckk1QkJUMkNmc3hrVXJtS01RUkt4eHpXVERLVkMyYjA?oc=5
2026-09-08 19:50:00,MU,Thinking of Buying Micron Stock Now? Here's 1 Green Flag and 1 Red Flag.,Yahoo Finance,https://news.google.com/rss/articles/CBMingFBVV95cUxPM2xLZzFjMTBTUnN5X2gtQ3ZiZHlqTUNZYzBvaUkwdmFucnBVR09oTVd5WWM0TTRvaGJIQ29BR0lRYUQtN2JPV3lBdmNwMmhWV0FGVVU0MHNVcllPY2dicnQzM1MtZVd1T2lONG1NWTA1eFM4XzFrdWVFdnJUa3Y4VjJROVhOeThIdHBfdGU5V19DNGh5RkZwLW4tU29udw?oc=5
2026-09-08 18:32:58,MU,SK hynix Vs. Micron: 'This Time Is Different' (NASDAQ:SKHY),Seeking Alpha,https://news.google.com/rss/articles/CBMiigFBVV95cUxNbjZOeDJCYktjSmwtLVRlTHNxc1JaQVAwUmIwX253ZTBpb1hhVF9vbnZMdXBaTWFpeXhpdlVBSEV3NEtPdW9Yd09OQ2FiUzN0Z281MVZSODV2dEhLY3BKSzlleW0zdkJjLWR6ZDRYcmFGaFZNVGlLckFQaDNEbWFhZlJjMnFSN1NHVEE?oc=5
2026-09-08 17:53:21,MU,Micron Jumps After NVIDIA Earnings as AI Memory Demand Holds - Can MU Break $977?,TradingKey,https://news.google.com/rss/articles/CBMiwAFBVV95cUxPQUFKVVlDbGZ4Mm93RVd0Y0pkUFJIc1Y5ek5ydDUtVHBHUG1ac3JvSkJPblZPVDhQdFRiV3VXYW5EWXU0QjJUOENJRlpYdEhyMkp6dTBUZjBMbW9iQWd6NG9BU3Z3X2tULVNhN1hOY05BV1lfZjNtYzZxczg2ZkxXR0VLV2JvdVpBLWlsQkJqd2czT2FqV2JqV3VNbEpSV0ZTSTdfSHItQnp4Sk9EVk1lQkkyRmJXTDR1WVZaTFNQX3g?oc=5
2026-09-08 17:25:02,MU,Semiconductor sales fall in July as memory revenue drops: UBS (MU:NASDAQ),Seeking Alpha,https://news.google.com/rss/articles/CBMipgFBVV95cUxQTWYxcFhqX2twYUY1dkhrOFBRWTBOTnpBUUlaRGxNU1AtSWdsOGlmb1ozRUg3MllqOXM5eTdsWmFiX3UzRFVBZVM2SnZBVE1mNU1qeHNhdFhrMUR1TkZ3eXg0emd1ZGhVT1AxY3lMT1pELWV3YTZHclppUlpMZGpCckJnYk5vcWs4NkRqV2RESlpPa1VHTnB6ZWgzTzktMW9wRzBkZ3Bn?oc=5
2026-09-08 17:21:00,MU,Micron Technology (NASDAQ:MU) Extends Rally As AI Memory Demand Outpaces Supply,Kalkine Media,https://news.google.com/rss/articles/CBMi0AFBVV95cUxNZ2JqUXE5S25lWTVWdnpsQnRGVHVzamVJcGN3cnI3ekJGV0tiNlZiSC1lSzk3U3pjNUxSZ3FhczhyMEpkdTFueWRIN1pxNUlnZy0yMWlZX1lGclNMUFRTM2ZNb3dvU1E2V2k3a1NqaFI0V2JRanVmSHVheWZXUi1BZXRHU3RHY2xhMnp4dVZnczR2dmo0eG44NzhqVFpMTFV4UmpTWWZuZlRxdTdWSGtpS2ZhNW1PWm02Uzg1UVZfZnpRbzVTY3I2ZloyeXZmdTU3?oc=5
2026-09-08 16:30:44,MU,Cboe data suggests bullish flow in Micron with shares up 0.73%,TipRanks,https://news.google.com/rss/articles/CBMisAFBVV95cUxNNnNNZkFDdlFvVTJYZUdXZnU5SjlNYVlfMW1Wa255UjdwVWhZemdFYm1fc1EzZ251NDZRbXFDRXQ3b29OS3NlNm01RFFZeC1BZjNYQXp6MEVySjhsRi1zV0hFNE0xaDBuM3VMbjBoWDF1NGFhOEZYS1RuU281M2pYSkpzU3I2MUNmYU4zdFdNSFZEdmtLSFpwbEdHZzhfUkEzdzFqLVIwSVg5WTVIdkg0bQ?oc=5
2026-09-08 16:29:32,MU,Micron (MU) Stock: Rises as AI Demand Boosts Growth Outlook,blockonomi.com,https://news.google.com/rss/articles/CBMihwFBVV95cUxPcXl1VzluLXF5bWRmRmR0NXFpQ2VwT0pOQ05HMm1qdFo3RjVnc2lKd0lZVU9KVEltdk1PamZTdVdQTGhuQnQ0d3hucjFfc2lDdjU4ZmZhNXFaRWtEVi1ORUE2MEpSbkh4XzdUX1FlRThqSl9DZmRUcUVXdkZzUEVsWlNnSkYzYlU?oc=5
2026-09-08 16:07:15,MU,$Micron Technology (MU.US)$ profit taking?,Moomoo,https://news.google.com/rss/articles/CBMilgFBVV95cUxNOUdDQ2lwSFFORUk2enJxbHRnSlBMemdyb19ydlpGY2JTYTE2dDVtQUZoYTlxUk9PRWNTbTQ1djREYVdFZnd6MDI1SVhSTkl4ci1MOTcwVEt2d05CN2VDR2hBQnZhMGgtaTd4WC1LMUNWR1IteEoyNU40ZXZWaVFxdmp0Mm1LX0MyU1RicG42ak1hTWdpa1E?oc=5
2026-09-08 15:31:33,MU,Micron Stock Surges: New All-Time High In September 2026?,Watcher Guru,https://news.google.com/rss/articles/CBMiiAFBVV95cUxNc1pGWUxyemREamxWdDQtUnFXV0YtTGU5dldOLU9XRklkSGo3UlZ1MFd3aExNZzQ2SV9QWl9YOU5lX0w2cHFtUlRSZmJWeGhLaFJQb25mZVFUMDA4akpiOTlzdU5NdnI2d0JpWHFOaVZ0TGd5b2YxMXhiRkRybE5ncWRTbWk0Z2FW?oc=5
2026-09-08 14:58:56,MU,Micron (MU) Stock Gains Momentum as Memory Chip Prices Surge Before Q4 Earnings,Blockonomi,https://news.google.com/rss/articles/CBMiowFBVV95cUxNcTZYMWVmbkI3R05YU2JLMG5PTkluV21COHpkbHh6U2xQUzhwTVVpbjJZM0xrMDZLRmxkMTJsN3VvU1hETEJxbV8yS3N6UWRsMW44UVlyLWs1MWRlamRQaXVoRWRKa0w2V3ZnMkc1dFdLNm1VNmVYcnhWcDNhSjhjeXAtUUdfWkRkVDliaDVLbkU1SDI1Z2VPbDE0bFpJVkwySnRB?oc=5
2026-09-08 14:44:00,MU,"Oracle, Adobe, Micron, Alphabet and Nvidia are part of Zacks Earnings Preview",The Globe and Mail,https://news.google.com/rss/articles/CBMi7gFBVV95cUxNcThmT3BzQklQdjlTdUJ2QWcycTEzVE40YnpGYVljNU5oT2hEdHR3LVdPRGRWd0F3U1g3Rnd1VzgzaXlWcGx4ZnZGV0FJN2hkaXVJUVNLYzNaWmFqN3o1anY0b01Cb1MyOHNtQmtjU0V2MVltYkVpSFdCb1FZOTdIaEd2OWZXX0RxcVdJNHd4LVZjaVVlUk9EMjZyeHpGVnhOeUF0Z2daMXJvdXJjeHJ6bTNFUTJsUTZ4THVHM3R4ZTRwVFdVV0NLZWRyNGloTWl1RzA2YW5LZU1KdnppdklMNGo1eEVfYmd2M1I5N0Fn?oc=5
2026-09-08 14:43:14,MU,Micron (MU) Has Closed to One Point Behind SK Hynix in DRAM as the Price Surge That Lifted the Sector Cools,FinanceFeeds,https://news.google.com/rss/articles/CBMidkFVX3lxTE9ubnhtWkNqcWxEUkVUNHRnQUdnajZOcG41cmlWV3dKaTdkd0c0Q2h1Ql9OQWZKaHJuS3BCQnZfSTB4ZjEwODJNU2stVHVEUEt0WWZVZjJ5eGpvZThYNXpUcjZNSENfNm85eWFucENXYkkyLVR4S3c?oc=5
2026-09-08 14:32:54,MU,Micron Technology (MU) Rose on Elevated Demand for High-Bandwidth Memory,Yahoo Finance,https://news.google.com/rss/articles/CBMioAFBVV95cUxNbTFlUGNVR01sTk5UTlZIelEza1NxYWNwcWJxNEpoNXcwU2hRdGc3MUJpSklEU0NMNWNvM0Q0d2JRekZ3SlBWZHh1WlFNLWpSTzM3dmw5bEx0VjhCREFvT1VfeUJYcmpxelRudjBHQjZxcmtKdkxnc1FCckxUTGkyZWtqMmVhUFpUY0xoQkZSeDFOSElDc3B1X3NnbVFCandW?oc=5
2026-09-08 14:21:19,MU,Micron Technology downgraded to Hold after 23% rally; contract risks and Chinese competition cap upside.,Pluang,https://news.google.com/rss/articles/CBMif0FVX3lxTE1yRndJQlRMbC1hSHBZLXBlWGhCUDVxa0E3Z0xocVpmYlIwckVKeFRheVRxZmNyX2p4akxEak14cl95Q2RrWkRKei1RRE1NMmFmclRENDdON1pHRmx6Q2ZraW1SUl9MVW1PZ0F6VWdxOWZuc1pyQkczOHBSTEE5alk?oc=5
2026-09-08 14:15:48,MU,Micron stock: a coiled spring ready to pounce ahead of earnings?,Invezz,https://news.google.com/rss/articles/CBMinwFBVV95cUxNSVBSd0lOeFZzampSUlN5M0Y3NjNVOWc3UFp0d2VLU1dEeUNCb1l5Qmk3SHpsWVAwSGFveFlyblMxMU5tdV80bEVJRFlxczBtU1pSTHBlX3lCQ0psOWpJVHhsNnVJQjQwMlh1elJfY2NRc3Rqb1VQVGNBWkQ3ZVA1MU83UklEZWdUaU13aE54TFJDLXdRUnNHd0ZyOFFjLXM?oc=5
2026-09-08 13:30:56,MU,What Is Actually Inside Micron's $100 Billion? (Rating Downgrade) (NASDAQ:MU),Seeking Alpha,https://news.google.com/rss/articles/CBMinAFBVV95cUxPUVFQNXg2OUM2d01OM19nZHFrMHM4c0h0VUFTdjljLTBNUEQ3WFBIZGN4VG5WaGYtbVktZHI2T0c3czFuWFY5cF9MUGFYNWJNaGY5WXFuUmNoZHEwZ3IzZkRVbXJ3NWtBZmtJV2lSZVBrdE85a2o2Y0lBRHdPY1R4YUE5U2daajZyUnIwQ3RTaGdfMXVLNDNOR1Z3c1I?oc=5
2026-09-08 13:15:01,MU,Micron Price Targets Are Rising - Bull Put Credit Spreads in MU Are Attractive for Investors with Limited Funds,Yahoo Finance,https://news.google.com/rss/articles/CBMinwFBVV95cUxOdHRGUmNlVGVPRkdCcnZHR0ZObFVybkktTWk4WUlTWWxwOGI5NlJoRUVHQkw1SFpWc213cXFTeEZHaTdadjFVMGY0S3FVUS1zVEJZZDJkVS1RaTR2NEVSLTUwZ3ZESUJjaXZxRllra19Wc1pQclhzbk95Q296clVad1JXa0JRRThrRmQwZmlwTUQ4QlBkekxoakk5UVRTMVU?oc=5
2026-09-08 13:13:00,MU,Why Micron Technology Stock Surged 16.5% Last Month,The Motley Fool,https://news.google.com/rss/articles/CBMilwFBVV95cUxQWllDRTF3OV92Mjh3T2VZZGFGeF93ZTdUM1JWNmxoZHVja0VOeXBOWUZ3X2FONTkxS21vZ0hGMWxCTVF1RGdSd0J4VUN1QVczTm5Lc2ttZmNjMHUzTG9uRnZ6QU1hYi1uUFg3MlBCejhsUU9hVllSOTBDR29sNlpjTVRVOFdjNm9vd2NlQ0ZpVVZLc3IyQjBB?oc=5
2026-09-08 12:48:47,MU,$Micron Technology (MU.US)$,Moomoo,https://news.google.com/rss/articles/CBMigwFBVV95cUxNbjJZTHowTGFqT2g2bnR2V2Q5b0hpQ0xvUFhDTDFWWkE1ZDNjRUVwRUFPdVpma2tSZ2lyRGZJQk9Wc3JRaDlZRTJtZUs1SFctbnpZTkJ2VndEZWpVN190cERUZXA2R0ZTQ1pIV21nRFk0ZzdBV2hRb2lPVml5OHVvNDZUbw?oc=5
2026-09-08 12:33:04,MU,Why Micron Technology Stock Surged 16.5% Last Month,Yahoo Finance,https://news.google.com/rss/articles/CBMioAFBVV95cUxQd2p5NmU0NFhubGpzOERSTmMzSk1GRFZabGF0djczRGVUcWg3WHBxeE9xQktiX00xSVhmSmxOMDhnNWhWY01DRXlzVlZsRFFZN0EyTUdEVm8yZjdOeVBaSFhOdTJzTVVzVVItM1poR0ZYZ1dxX3BQT0gzWFNwTjRzUTZ5eVI2bFN0ZVV1bE85MFpndFYyWENUSUFyM2RsbHFm?oc=5
2026-09-08 12:25:50,MU,"Goldman Spots Breakout Signal for Micron, SanDisk Stocks",Yahoo Finance,https://news.google.com/rss/articles/CBMiowFBVV95cUxQYzk4UnBwVGV0Tm1kczZlQUh6dUJmd2hSRFk0VTQ2RkF2bEJGVkJiMlZ5NGtYZDJhQWkxRGJSYXJhaUZzNjl2WlcyYzRObTZOZXNtX0J4a3QyYUxzbm51QmRmQ3FIMEM1S2hNcDNadVdjcXBzLWoyaW50SVdQTndsMldCUUExSDZYUGxVUmd4NU1MRWVMX0ljSFFDSmpTang2QW5j?oc=5
2026-09-08 12:21:40,MU,Post Game Recap - Texas Tech Downs Ark-Pine Bluff Mu Stock Price (9aYzUk6AM3),Mshale,https://news.google.com/rss/articles/CBMiYEFVX3lxTE9zSWJvdGZIWGk4YzJEd3BLN0w3UzkzcGxrMGJhRVZjT2ZDSlJnZktweGdqVWZQX3NzZ3lhN1d4ZFF4bGpldEJfNWRCd2t3X1lpX1NEUm9ncWJsOXdtSXFLeA?oc=5
2026-09-08 12:21:05,MU,"Micron stock just crossed $1,000. What comes next?",Rolling Out,https://news.google.com/rss/articles/CBMifkFVX3lxTE40aUNfeXdmRmQybFpYenBrWDh0SjNITjlneEI3YzdWakhYQlRLOUppY2RjYnJMV0l3Q2Z0QTZlU3I2a0kyczA2RXprb2hwT0EyQ2luUW5nQXNqZVBJdzAydHpqbmhzVVhFeEJUX2hESHNaZW50aUJTZEl1ZTVlQQ?oc=5
2026-09-08 12:11:27,MU,Micron vs. Sandisk: 1 Artificial Intelligence (AI) Memory Winner Is Down 20% and Clearly the Superior Buy Today,The Globe and Mail,https://news.google.com/rss/articles/CBMimAJBVV95cUxOY2N2ajVTcU9CLXFPc3o1bEN1eThhRUtTdEd1dGJhNnkzbTNxa3N0dlBwR08xcGhMNno3bEt3M2ZRdjk0MC0zNFVaRHM3RjIzNVQxM0NXR1VILVRYTGd4LVZuLUFZTEprM3Q1MGhva3ZMOFVYd1hQWnNyb21ObUx4b1JCMzk1a201VEhSSDZ2RHEtUDQ0NXRTWmRYR01Mb24zbm5YWDhRWDA4N0ZwV3pYT3hHeXp1dnZMTWFYWjdnUkF6TWYyS0VhUmxDY1F6elRTQVE2S01KUVlaeTFIZ0JIaGlqcGhhQXhoaWlwajliNkpNT2JxanpMV01WcUtEUzJTci1BWnhHakl0WTM1UEVKVnZvajVzb1Vv?oc=5
2026-09-08 12:02:31,MU,Why Micron stock surged yesterday,Wealth Awesome,https://news.google.com/rss/articles/CBMid0FVX3lxTE8zU3l5Uk1WNFJrei1xbEJSVVVFeUVOcHh5LWlMWFFRY2NvOTJfLXVKQVg4bF9kVnZ0dmhxMmJleS1nY0VEV3RvOGVtTGZmaG0xRDFRbnJTbXQ5bmhEZFB5UmRnWmh1R3BrTGJJV1diYVZnUXZIaGdZ?oc=5
2026-09-08 12:01:28,MU,"Goldman Spots Breakout Signal for Micron, SanDisk Stocks",GuruFocus,https://news.google.com/rss/articles/CBMimgFBVV95cUxNTlg3dVZILU9wZkFISHNlc3RsT2oxeS1JUVBjaHV1eWR2UmxTUzNYSVYwUHlka2h5b19CREZBSzQ1UWVyc3lnanNBQUJGYmJ1VmVHYktnWjdJaGJhbjBQcDc2R1oxSm5XNWhhN1NuUkVveGp3ZmRXQzRoeHNtSEtvR0oyOGtwSnE4WE9PQnB2aWpYVm43TUN6ZWFn?oc=5
2026-09-08 11:49:27,MU,$Micron Technology (MU.US)$,Moomoo,https://news.google.com/rss/articles/CBMirAFBVV95cUxQaUZrSmpkakx0QS1SMmZydHFJOXlPMEQ1ZkhnQ0xrVktCVFFYN2hrV1M0MkplZ3lWVWtvelFIMi13Y25DcU9vQ2xIdUN1YmphRUlEWVBzTzU0MTdQOWc3N0RpRDFhT2NIVjVsNWd4cE5aUm50ODlsLWE4ZkY0bE1HRDBTVm0wOTlMSWFCdDdlUHVsVGMwbjk2UG9STkRQUFV0ekV0LXVvYjFTVjM1?oc=5
2026-09-08 11:49:27,MU,$Micron Technology (MU.US)$,Moomoo,https://news.google.com/rss/articles/CBMiqwFBVV95cUxQSnluMmNBb1RzdDJlZW1haU9uZllUM3JoWXNnYnRJMDlRMGxKLUpEbE9kcVppOFZlQlh6OTNaeXl1ZHEycTFkZTU4OVM1azM4b0pCY3dJRy1MWllZX21GMzlkNGVLTFVrbGRNZG82aXp3eVVqbnZwcG92Q244cGw1T2dxdHZiM2dqbTRqNGxBQWl1cVpQb3JZdVFPM3p2dlB6S3IwN183ZW9UMjg?oc=5
2026-09-08 11:48:06,MU,"‘It’s Deceiving,’ Says Investor About Micron Stock",tipranks.com,https://news.google.com/rss/articles/CBMijAFBVV95cUxNUWpGbFRDVHB5OG13T2ZGaFRiUy05b2JxTm9HYXAyR0ZUM1VvM1JEWU1MQkY3ajZiVHBYNllKWXN0d2NfWG9UTE80Mm1CVjhGX2RhZUhGeFdXRk92UGtRa0hxenJZSDJ3UmM2U2szQ195NG16TXprdml5OVZWcHFBOGx1T3FJWGdYN3U4Qw?oc=5
2026-09-08 11:36:21,MU,Micron vs. Sandisk: 1 Artificial Intelligence (AI) Memory Winner Is Down 20% and Clearly the Superior Buy Today,theglobeandmail.com,https://news.google.com/rss/articles/CBMimwJBVV95cUxNeXFGcmJUeWh0N0hhRTlOa2VfV1hwTFFGX1N2MEpzRFQtSnZ3eHBTdEloX3I1blNJVWRDZUR3NmcwWHRBUDVuaW16Mkc4aldZcldDOVM0ellPTVRBc1FHbHRmLWN6UktiNWU3a3YzaW93SkRpTUhyaVA1T2dibjRXWUwzRmtsa040YWxDVk9KVENtMUh1cGpIdlM3LWFuVnc3ZXZwOE50cjBTeTl2TTNPdkZFTGRHRFRwbTdhY18wZk02NWpQcFh6bTkwRmhsdkVWOUdWOEVPR2dZZjZsTS1ieWVvUXVrakpaeUhkQUhuTUtyblpIVjZhQVRkY0xwOV9mdjBSbFNWaUtCUFVKaktpSGxKczFGNFpJRS13?oc=5
2026-09-08 11:30:00,MU,Micron vs. Sandisk: 1 Artificial Intelligence (AI) Memory Winner Is Down 20% and Clearly the Superior Buy Today,Yahoo Finance,https://news.google.com/rss/articles/CBMimwFBVV95cUxNOEdxLUtUcFh0LXpSZlRpenBCNWJscWVzV2IxZDdDNVhrNWpDOVpKazhEa0I2cjh6STcycG5ia3FYWUpyQXQydFU1TllRdVVYcTdiMEloeGZiQkdJOU5jaDlwS1FjdlpMZThUTDdNMGZ0cTM5MUt5cUNKRDVpY05HekVDRkZjbzFzbFBOTmlFM1NRM2dzdC1SaE9JTQ?oc=5
2026-09-08 11:22:59,MU,Micron Technology Named Among Top 10 Stocks to Buy Now,SSBCrack,https://news.google.com/rss/articles/CBMiiAFBVV95cUxNdFpCejJDYmhxUWFuME5JMHNvOWRKaVRGZ2NRTG1MdnhCWk96YWJWSGVIR2tQMkl5RzVyM0l4a1FOZFVNSTZ6YVNteDZlY24tUkhETXZEckVJYnU3OEFlM1Z0dHppS0dWWkZSbWltRDNzT0l6RTRaZHlnUmZSS0dEaXU1OHE1NURm?oc=5
2026-09-08 11:16:00,MU,Micron stock surges 256% in 2026 ahead of Sept. 30 earnings,eciks.org,https://news.google.com/rss/articles/CBMia0FVX3lxTE84Yk1GeHNYQkhHdnMzMWFQZUxTMkJmT0pscGctbTFwWDVndWRkckdTdTBqUE02UExSTUF2Tm01UjNPNXFfbnJyOXY4REdoV2RBWlJ2TnZZOEZmcE05WGRDQ0lTenVYUFlWWWIw?oc=5
2026-09-08 10:38:16,MU,MU Stock Surges Over 5% Premarket: What’s Driving It Higher?,Stocktwits,https://news.google.com/rss/articles/CBMiwAFBVV95cUxPc08xWDM0Um1yWkl6dFEwZXlsaV9xU3prOUxjZDFCTHN2ZzhGRzljSGhqYzJrOU1wUXluQ3JHVkZxUGpfYVNEWVdEVk5EQUhhOWoyc2JIQzI4QXhiMnUwekZ5Vy1ya29IdlN0V05GTHdfWXlUMG5kZlZDblBGU3VqWlJKS185dTFxMjR2eTFjdVpJb2xTRjk4VDBFWnZZV3cwWTEzdjlTV1RtZjZCSEdmamZISEx0NDJBZjVZd01QYjY?oc=5
2026-09-08 10:31:27,MU,Micron (MU) vs. AMD: Wall Street Sees More Than 50% Upside in One AI Chip Stock,tipranks.com,https://news.google.com/rss/articles/CBMipwFBVV95cUxNV3AxZVhyaFhNcmQ0V1I3eUJWSlJwNFMxcURIOTFoRDlieTFIVWpfZzRRNDlJNDV2YXNhdU55UzV2ZHNndXFrcjJPNXVibkx0UjRrT25ieWpNS3RzOWlQVjJPTDZOOExLZTEtYUR1eFVZc3ljZ1M4UkNISldHUVc2dkd3bHJCdWVDb0JrZHFybFYxUF9vUWJGdnNnazlkdDJWT2tTdC1HZw?oc=5
2026-09-08 10:26:40,MU,"Micron Technology, Inc. stock Analysis: Bullish Daily Trend with Short-Term Signals",The Cryptonomist,https://news.google.com/rss/articles/CBMiowFBVV95cUxQS1Bvdi1MSTBCbXFfcEdBQ2Q5VFpsQ3dFd0ppY1VuTl9iMTN2V2NuSnNoZFhLaEhPbGdnZGJQc0JNLUw2RFZhcS1HbkxOZ2pxYnZJR1gwQ0oxemdrcmJhaXFDbWVhdlBZT1Vqd3ZXVU9NZDQ1SjBDTkE3TkhTeTJUSnlFVmJRbzRFdXJUSkV3QzNiY2tsZUI0MmpIcThWSmVJMWJv?oc=5
2026-09-08 09:48:33,MU,Micron (MU) Stock Crushes Nvidia’s Five-Year Returns: What’s Next?,Blockonomi,https://news.google.com/rss/articles/CBMijAFBVV95cUxNWVdxaXlDLXdMYzQ4UTItejBBZ1ZKOHVraVZLNDJMUUFJQ0FFempZY3pSVzZYcWZuazhFVnF5al9rOUl5QlZHSm5iYU1HekhyMlN2bkRTc3lybEoxdHJpc2c0TzBmZ2dUQXEyeEZfNGdKZTlrd3h1dExFQjVfOWtBOVdlUHRzcGg0cWRWTQ?oc=5
2026-09-08 09:43:27,MU,"Dow, S&P 500, Nasdaq Futures Slip As Trump Calls Iran’s Peace Proposal ‘Totally Unacceptable’ — MU, SNDK, MRAM, MLTX Stocks In Focus",Stocktwits,https://news.google.com/rss/articles/CBMi4wFBVV95cUxNY2gzeE15bERrQ0xjREFlMXB2Q19jVTQyZlJ3WXNZOGVQOXZPdkZ5YjJMUUdNdUtxTjVZY01ZVGliZ2MxOEFwWF9vVEtrcXp1dzdCd0FSYjdPSzQydnFjOHJwcW9zeHpNREc4RU13d2k4Z1luUGNabTZBemJ6b2hKYllYcHpqeTktSWp6dllpcmc1OXphbTBMbGc5WElUZXJ6cVNEdkhCeGlMSWFidWZNMlk0UXVHVWg3MnUxMWg3TV9NckhNdzR1RFFYN1RoM1ZVMXQyb3lJV1FtOG5uSUNndlVSZw?oc=5
2026-09-08 09:43:19,MU,"MU Stock Reclaims $1,000 Again: What's Actually Different This Time",WEEX,https://news.google.com/rss/articles/CBMiwgFBVV95cUxPQTlRMmE3Snk0dmh3V2Zxc0M3aktEOFQ5M0kxLTVYd1c4UVFXcmRIb3ROUVpWbzNNR1M1VEdrWHcyS2gyWHUtQm45b0M5NXlyZ3BXVnV3VkU4LTAxaEQxQnRRbE9MZmEzN1VDWDNUcjZMMmdaX0xVNThnRDFqVTgwcFhjUnlpcFRNSmRmREZHT2hWbGQyS0ZNY2N3dHdLall4dkVKcXBhRGtKVUNMZ3VYOEVBbG9HVF8zdi0wRlIyX2pYZw?oc=5
2026-09-08 08:43:15,MU,Seoul Just Backed Micron's $50 Billion Guide,Money Morning,https://news.google.com/rss/articles/CBMiiwFBVV95cUxQcnNPenRfSzZfRTNEcWdOZVVPczlkSlRnV08zMWJKaDhTSWtfZ05FNDRiZ2hwXzdYWm92LUdpdTl2T2NYNEVnWG56Sk1jLXVYdE5FSVlVNVFaY255UmZ4bURJSlVPWEhXQnVUc04tRlJOemtUQ2VIdGZaQ1ViekR4MlRQWTlkOHhVQ3hN?oc=5
2026-09-08 04:03:58,MU,"Micron Stock Closed Above $1,000; DRAM Revenue Jumped 65.5% as Price Growth Slows",TechStock²,https://news.google.com/rss/articles/CBMinwFBVV95cUxQV2JmMS1XYzlKZHUwVms3NndYdnhMQlJySl9VV0tQUm01aTFxeXVaQjRQaTctWG5IZkhIZGFvOFRZalk3STZHOHB3QzU0Qmw0VHRENnJaSEJyWE1aWGYxdUd5NGxHdzQycXByelR6WFBlTWpxb3BGSGFuTGx0NHYwX0pxbk84REFMR0Z0dkI1bmdOSF90aUxXYXZicVFTd2s?oc=5
2026-09-08 02:19:00,MU,"Dow, S&P 500 Futures Decline Amid Rising Oil Prices As Iran War Escalates: MU, ORCL, INTC, BE Stocks In Focus",Yahoo Finance,https://news.google.com/rss/articles/CBMilAFBVV95cUxOS0R1ZGtPWmtpZEM2UEhPYzJWS0NlM2FNYk1Jci03OC1LWGRGc1pvS1dwUndaZE9uZzl0OFV1UmhqaTNiTjZBNWE2ckpHa2pRRFh3QzdfelhGbmNVcXdfNmhiUlR2T0w0VkN6RHFvMGF3dWQ5MG9fbG1lS1JBLWwyaWNoVXIwYnh2SDZxYXJxUTlENWxx?oc=5
2026-09-08 02:19:00,MU,"Dow, S&P 500 Futures Decline Amid Rising Oil Prices As Iran War Escalates: MU, ORCL, INTC, BE Stocks In Focus",TradingView,https://news.google.com/rss/articles/CBMi9wFBVV95cUxQOHFTWnFYTkNFc25EZ2FoNmhnSGJsbklXMUhKRzA5ZFJfdFc4Q0lZMWxacnlwdVNrazNHakZ1UVZNZUZGMkJXaGRJSGMxWmw1emNRa01peUJRWG40WlBEVWZKVGV3ZHlrM3J6N3NKYm9UVzJBbUdQVGNqVVJ0MW1TaVJFd1lKVUZJUHItU0xpX2J5X3g5M19zRl9YNWotWm1MRV9zenh4MzJXdUtiNGNPQnFvWkxOOEJ6WnBDc3R1U0gzV1FmanpETnhZUE9nWU9VeFVrUzRBdUZmR1FzcW16VnVlVGhyZ0dBR1JkaWRHQ19TZ0RJaTBB?oc=5
2026-09-08 01:22:41,MU,Micron (MU) Stock Stays Reasonable On Earnings While Broader Checks Look Stretched,simplywall.st,https://news.google.com/rss/articles/CBMi1wFBVV95cUxNRXRNTWZDNXI2ck9UUkE0SGZFWTN1N3kxSzBGb0hoRDI2bGs5b3BLTFQxaEExTnNaU21hUmFuYXFDZnF6T2NuODllTGk2Q2dyZkxHV0Fuemg1dks1NW91UW9WNlY5cFV4VVh6dXY3M2NFcEwyNk14TlBmOEJwLWVvbkR3OGdzWmV2ekx3NjZockJsa0xzSUk1RFFJNlo4RWg5dVV5dUZwN3RpYkJMN2gyQ0ZCOGVGOHJJRVM4WlNQOFZLTUNxU2VWaHBFdlczWExxc19TdUhUMNIB3AFBVV95cUxPbkJHWXgxbFQxTkFuYUR4MlBPLVVzekRLSWNOcEVmUzduRVh4OFdpcUx2OHI1NmVLNTJ4SkdMcXVqbURMbjg5bVZHWmRoRkpqaEtVdWI3VnhnZXVxTWpEeVR3MmNoTmFydTJnVDBqMnA1OVRxeEpaZy12bmlhbEpfenljV2pld3d2MjQwZDYwWFhKbUI3cVp1ZUMxUDQxa21ENDJuTjk3ajk4VXY0Q0tpbFExYWZrMnI4a05STkRPOGFyaDdmQTZKc0hpRmlla0w0UEF6R2d3aXpGQUxB?oc=5
2026-09-08 01:09:00,MU,"Dow Futures Fall, Oil Prices Rise; Nvidia, Micron, Sandisk Flash Buy Signals With Apple, Inflation Ahead",Investor's Business Daily,https://news.google.com/rss/articles/CBMizwFBVV95cUxONnVmdkRaNDVMaV96YWJ1eGMzRlFGUTRMeDVfSlotMHFRaGJlN2VMTFpGVzQtM2JDVndXazFpY3VVajNBdG9BemQzZ0xKV1d2ejJkVVAzbWlOUGQwLVB1dU0tWnNuM2t1WEhaSlBwbDlmd1BDM3BaUU1od242RXhEanBPeEJJUF9LQS1GVzZwQTV3Q0c3bkVMN3lLbDhHU0tPY2xYc1p6NWRMMVBKTTF2dHJqNm8wR0NEMllEWkpLN0hmMEU1Y1ZhXzlQNDRYemM?oc=5
2026-09-08 00:28:24,MU,Micron is my best lucky share,Moomoo,https://news.google.com/rss/articles/CBMiiwFBVV95cUxQN1JhNDhuWUhhU2ZhdmVFcXZ6dFMtMmNWWlR3NXRNLS00VHctZ2xsbHdYSXU2RWFUZllhVEtmNFZNZktkNmxVNUg4WjRrbmFzT19VakJBZWN3LUNRTlVDZ2JuSm5UdTktODhnaVVWSXpHd3VkTEdKY1ltczNjaFBmM2VJTnYwcHc1RHVv?oc=5
2026-09-07 21:51:38,MU,Micron's $50 Billion Guide Gets an 8.3% Signal From Seoul,Yahoo Finance,https://news.google.com/rss/articles/CBMimgFBVV95cUxPZWR4TklfeU44Mmd1WUxzS3Z2N1pCcldBTnN5QlpMNGpYV0xLWi1XcnI1anM3akxncmhPZm8zRTE1bENBWVE0YjFoS0kteXRTYmx2c3FpdjB1WGUyckFLMXYxWnpab0p4UHFTT2NEeDhRS1Bkcjk5TkdnRTZ3TmVEYXhLTldWRUxjcVBROG4yOHpUVW4wT0Y3Njhn?oc=5
2026-09-07 21:18:54,MU,Micron Technology stock returns 69% annually over last 5 years,scanx.trade,https://news.google.com/rss/articles/CBMiswFBVV95cUxQN0phdXFxcDJrYjlldUJlcW81ZTZieUdYdDREaDFZekpGTlVRZ1ozbDdpNFl6M3ZuSVlDVFZBa2JGdElLb2ZlNVgtM3BhS295MWtMRmQ5V3Z6eWRlTmk1NF9WcV9BUEt3N21jRlJ2NEw5dUpYTUJRby11NEdWTVFfNW5SWnNEOWVXcVlHQ0Y2NHpzaWt2NjhPcnVaRmdoYU8wRk8wbFZQc0x6eTFJTjVHZmNMOA?oc=5
2026-09-07 20:36:00,MU,"Sandisk, Micron Lead Chip Stocks Rally",Investor's Business Daily,https://news.google.com/rss/articles/CBMiigFBVV95cUxPaDZ6UnRwRFVWSWNyR2tyUEFaSVJKT0lBQkVfbW1jVzNTTUFoYkxCaTRGMlcxV3lPVm5OTE9SUFVJV3RvRS1BNnRXWURzWHE2TnV0TnVkTTVJelFqd2szNDdjdS1ndktaRzVzclBCZTE3NFR3SWdpM2pSdG1CTmhlRUhLYmZOTVdadGc?oc=5
2026-09-07 20:00:24,MU,Here’s How Much You Would Have Made Owning Micron Technology Stock In The Last 5 Years,Benzinga,https://news.google.com/rss/articles/CBMiwgFBVV95cUxON2JYT2tfMU5Sc295NjZEQXhEd0V5aGZ4YzVMa01SdktVVHVRcUxvWE9JdV9oSkxwNk5rWEtCTnpqN1UxMEJPNWJfbTI4VDFsVkkxMG96WW9hUThKaFRNV1o5MkI0dnhRTmRWZ3JYYUk5R1A1QWplSTl4bnV4WkVQbExVUi12ZjhHOEdjNDlnWWUtN2JEZU1NeGR4d1g5R2tQRlpjQ1FYZ3BZS2RHeTd2MkI2RDBTNDZuaExDSndQYUR2dw?oc=5
2026-09-07 19:45:00,MU,Micron Expanded U.S. AI Investments by $250 Billion. Its Stock Is Soaring,International Business Times,https://news.google.com/rss/articles/CBMimwFBVV95cUxPdUNTb19aTVJnbjI3aG9IRTZKUWk0MjZQU0FZRmpGZERxZTFac2U3OWlxczdvU1lJZ2xkNlprTnJ2bHBFVF80VWx5QkZMSlhiVXppRTNrMlhNNllDOU5oN3dVM3YxX25DN1ljWTN1RF83aVhQM1dOdzBGR2FfYlBpR3BWVnJ1ZUxYekFyQWVVaWk5Rl80UjIyMV9WNA?oc=5
2026-09-07 19:19:00,MU,"Dow, S&P 500 Futures Decline Amid Rising Oil Prices As Iran War Escalates: MU, ORCL, INTC, BE Stocks In Focus",TradingView,https://news.google.com/rss/articles/CBMi9wFBVV95cUxNX0w5eHlPaWgzN3RvLXZGZjZSU2FtYnBjQkJ1S2Y3cUdPajRBV1huVjBWYlpGSUhUbFFsM2Q1VEFoNEcxdk05SDhVVmhfVlFNQlhfX1JKdnRUV0YxYkVPS0xNMlc3LUZvR3dNVkw3SGFLc2d4NDlHSEhEbUIxYnNRaEVZeDlVUjAyOFFJNmk5YUZ3SE9wQW1fWWxSUEVZMDUyYThVcG93VGJncGJxVzE0TlpfZTYzVjhSU21BcE5MNHZOMXBCbWVYbGpqUGphLVB4YWdjekRNbmVsWmd1ZklnRmZCU29wOGdnTThMZGZOQzBqb2J2Zncw?oc=5
2026-09-07 19:05:49,MU,Where To Stay In Puerto Vallarta 2021? - Top 6 Neighborhoods Mu Stock (dSMd7htgMt),Mshale,https://news.google.com/rss/articles/CBMiW0FVX3lxTFA0Yk43ZE5TNDNLa1lGb0FDWGg2dFR5djlkb2lyU1FVeEI4blBMa1NJVGFlS1VIZWJvd2wyUUoxNFFfSkRGZjc4OUlvVkotRGEzZUZUOENYSXhTXzA?oc=5
2026-09-07 18:18:15,MU,"Who Owns Micron Stock as the Memory Chipmaker Falls Over 3% Today, 8/24/26?",TipRanks,https://news.google.com/rss/articles/CBMimwFBVV95cUxNM2szS2JsMXZ0TTJWMUgwNHBGUk1ZRThmRERqV3laZFpIRE5aUmxOLU13cnZ5TEEzMU16dVVwX0I1NmZBY0h1V1BXM1N5U0JNYlVPVGc4TDBYSDJXTGZrT2RrTnp6S0lmbEFCaHdROVNpVk5hOFNBM1RWTmo4bFA2LUlsOFVQMWlBNXhsR2c5RFVJYktnZEVYVC1Waw?oc=5
2026-09-07 18:12:00,MU,Is Micron Technology Stock Running Out of Steam?,The Motley Fool,https://news.google.com/rss/articles/CBMilAFBVV95cUxPSG9zQTFRbUtCN29uN0NkVF81TGZhVFZCcjZVREdfN3BmTmdsX3Z4czR6cUp3b1lLR3RLU0JseWwteGllYy1FMFpNU0NqZU9SblFBaTBfY1pZeE9FcS1yN3RlSDNnaGZZNWJWOWlDUkhvRFdMd0stdlVhTXNpMFRHZ3VKbUI4OXBTcDZzcW9NSV81WS1x?oc=5
2026-09-07 17:33:02,MU,Is Micron Technology Stock Running Out of Steam?,The Globe and Mail,https://news.google.com/rss/articles/CBMizwFBVV95cUxNUGlmVUFkQmc4bG54ZkdEM1F1bHZvZmVVT1ZNN0NHZmtxQkhDVlIzU1BjUkJPbmxmSjF6WjdwNE5mZnF4R1VyS3RoQzVCbmd0NkZoa2I5QjR6V01vbVhUSlNSOV9xOThBYTF0WElGcWtiLXdwY2RTRUZxRy13MUNKSUJDS1NITmdyOGwyaUkxSWp3NTdPUlFyUVVOTXE1bmRMa0dteTFBMGNxNU1vTFRncmVGTE91Nld6RWxseGhweVZ4TlZsamFDN0VlM1Zodzg?oc=5
2026-09-07 17:32:31,MU,Is Micron Technology Stock Running Out of Steam?,Yahoo Finance,https://news.google.com/rss/articles/CBMipAFBVV95cUxPd2xZYVBNQS1KNjVvQ0hQUDBKUERPTTFaazV3RkFlODhzSXlzMkNJVVlIVVo0Y1pQNVdjaC1KN3VpUDdOZ01WcERrSkd6MXJKckplTXFCOC1BbF9abTN0X2ZhZHd3VGNIaEVoNkRIQTI1WGJPRHR6VC1SUHltbG5BUFhPTlV2djBtM1l6TU1OVFZockhGOFJjaTh0UmZIRzhZU2U1ZQ?oc=5
2026-09-07 17:03:00,MU,Not Nvidia. Not Micron. This Is My Top AI Infrastructure Stock to Buy Right Now (Hint: It Can Double Within 3 Years),The Motley Fool,https://news.google.com/rss/articles/CBMi6gFBVV95cUxOR1VKNm9aVm1odThoaTNINkc2ZkhEUWt0RnRVcWhMQ2IyNUs4elAtRUJ3WER1WUFWYTZHai0ySFl5a1BYVEo2R3ZjY2dLdGxBVkJnbU9UVERkaVNxN3JJX0JfdTd1YVFsa1FzU1hZaWl5TUotYlJheWkxX0IzbnJRb0FNUExlR1RuS3lwWjZfV0hlMlhCQkt1d0hGMDJsY1R3UnlhNzdrY1JkemxrTmtiUF9OYng3czM0cGhoQnJ4RVFJbXIwaGstWTNERjVwU25SSi0wLURwdEM3cUw1akJEdnFCVUpJNDFYbUE?oc=5
2026-09-07 16:45:33,MU,Why Micron and SK Hynix Sit in the Most Valuable Spot in the Entire Compute Stack,Yahoo Finance,https://news.google.com/rss/articles/CBMikgFBVV95cUxPOGJROS0xX0xkUFVOS3Q3eVhWTnd5S2Y3TFJ3UVZrbFg0Q0tzUjN2Y2ZvYU5RTlRSSi0wTVZTWks2b1pjSVJYTnJxcXFnSTdqd0NYdmJ3c2xSRHJBblp3UVBLS0t0bG1pLTNKR0lfaVo2c2t4eUotR1ZBYktWYVp6Q1hOaEotcXowaGNpejhnTHZsdw?oc=5
2026-09-07 16:45:00,MU,Why Micron and SK Hynix Sit in the Most Valuable Spot in the Entire Compute Stack,24/7 Wall St.,https://news.google.com/rss/articles/CBMi8gFBVV95cUxQeTVSTEZkczlBVlpEUUl3cWVnVUZIUkhHWFJPcGI4Q28zVHhkZlRKN3VmcWluUlNBWWthUVJHOEJNMFdhWEJmVXo3RWFCN21JYkZ3ak1fWHdnempoTXdDWVJOLThPYm93YW5Ra2RzMHBPTGh3anZPLXBWOHZHektuQTlSSXNQOUpCTzZpaEFqLTkySkxwM09VbGF6QXBDX1lwY3RkbW01VTB6cFp5YUhtUzRaRUltTFF1ZUVFVnQ2TEhFUHhXLTltNFdmRlYxU0toUUdxSWhZWE5mMG1wNFliTjFEWlpWU2llb3lQV3gyMEpLdw?oc=5
2026-09-07 16:39:56,MU,Micron stock tops S&P 500 as best performer over past 5 years,cryptobriefing.com,https://news.google.com/rss/articles/CBMifEFVX3lxTE1OME1aaEFES3N0WENkM0tONC1uNkN4RjI3QkllOGEtMVhXbHJQLU1UeGxvR0F1T25ubWdUMEE1VVNHeFFua3lFUHc2U0dDVHBTSTMtU043azNSaDdhRzVnSzdGNWE2bTk3bzFWNkJLcjlCNGROTnVrZE92NVk?oc=5
2026-09-07 16:32:03,MU,"‘It Won’t Be Long,’ Says Top Investor About Micron Stock",TipRanks,https://news.google.com/rss/articles/CBMilAFBVV95cUxPLWFrOXYyMG9POExTZGV1WGx1bHVIRFZpWVFXNFRyWkFJeF9HanR3NEJCRktpVmhjMmFESDBoTE9JS3dJT2xJZ3F3Qm9xdURlcG9JZ1owR2hGSUNVR1g3cHB1aUZUcU9LR2Jia3ROQU9Qd01VVkFSRzdfN0R4MzNIaE1yZ2pIQnhRd1hjR29jcFdOaG4w?oc=5
2026-09-07 16:28:37,MU,"Micron stock tops $1,000 as AI chip demand surges",Rolling Out,https://news.google.com/rss/articles/CBMifEFVX3lxTE50WUN3Wm10U2pPVVJzRE5DUE0xS2oyQkZfamw4N1Fvc3VCS2p0bkZ3TFUwQm1ObzJRdnpveExwRFhhU1VGaTlHQTI5clgzY256RGJIOEhHTEVfcGJ6QVZMbzJkTEd1TDRRcDFrMHRsb1JBeV9ocXJxR1NpS3E?oc=5
2026-09-07 15:20:39,MU,"Memory stock Micron surges 700% in a year, pois...",Pluang,https://news.google.com/rss/articles/CBMinwFBVV95cUxPdnNHaWhUc0JBQUZJb2paQkZWcEpXMkU4T3BraC16aWEtT2d4eTJzTjhqVHlBVml3ZWQ2YVE1STNmMUpJeWltMjRxUHlYLVFldmlpM05FSHVCNHRsTEdFbTVacFRHRkNlZXJFQnlDc2UtQTJEMjZTRXFJUnVWaWZmcmVYRWhHcHBSVDFINjhweG8taTVGdWlqSmpzeDREM0E?oc=5
2026-09-07 14:57:44,MU,Micron (MU) Stock Reclaims Four-Figure Territory — Earnings Could Fuel Further Rally,Blockonomi,https://news.google.com/rss/articles/CBMipwFBVV95cUxPdmpZZXhrSzVTOHB4SWlDd2hrd3FRSHMyaG9nOXBiNlJtNU9LdzExYVoyWUlJbzFGVlkzVTJOMkdOQmFpMy1xcEdpZ3JlT1djYWtBRGg4U1E5ZkcydjF1T1IyU0pCNGtWaTlVR09OZThVRVA1eUxOUjBoWEdJZndtNXczTzdOUy1PcTIzTmFOVzlHU0hVYnZEd0RsWjB2Qll5YnBDUGZuQQ?oc=5
2026-09-07 14:54:34,MU,"Micron stock soars 256% in 2026, eyes $1,250 on strong AI-driven memory demand and contract pricing.",Pluang,https://news.google.com/rss/articles/CBMinAFBVV95cUxPbVNwNWdSZmNkR1AweFhlYlJwT2NzUEVPeHVDSDZqckJqZTczSjVVdlV6TWJDbHVoWjZIMHZpdGxEMEtieGk0aWZxek56eEhrUzE1YlZNeUJrN1NyNUhwV0o3MHZKd0JiWll2OWtmaDc2a08yb09nSG50d29BVlNxWE9WQWVab0xQWXJCeTRqVGwxeHllenRzTGszdHU?oc=5
2026-09-07 14:46:28,MU,"TrendForce: Micron 2Q26 Conventional DRAM Revenue Grew 65.5% QoQ, CXMT Revenue Rose 99.3%",TradingKey,https://news.google.com/rss/articles/CBMi8AFBVV95cUxNSnR3d2FXVjhqTERnRUxCeWVuUm9HUHMxQmhhVFZCVWxlQ24xZEpuNzI1UlkySExPSmlfc1ZyRWFFaW45RHBSYi02UUpxRE54dXp4S3BscEFxcE5VTmxXNXFzNHkyYmxNeTI3dnByN2Mxb0stSHJJbjNfYVJIV1plQkttZGpkNUU0YTJPQWhwMUhwbFhfekJ1UWlnT1cxNFZSZDJmbXJvbFNhYnhKMjRsaUtDblRJZEZtWUJzb1pmRXBkc3otSF9FQURtLWRicFNZVS1rTmRfaWxxaTVkTTA4U3N5VlJQelgzYnI4d2ZTUWc?oc=5
2026-09-07 14:40:45,MU,"Micron Has Skyrocketed 256% in 2026. What Would It Take to Get MU Stock Up to $1,250?",Yahoo Finance,https://news.google.com/rss/articles/CBMimwFBVV95cUxQVUdtN2FiQWhBWk5QOU5relY4M0FHaTd3RWpLUzd6d3RKdW93M0ozbTl6ZVRrV1RsemYtVGxrUlI3ak5NeXdPWEVrMnFaM3dpQVJSUW1lM0JiNDd6Ul8xdVdIeFBWbjhvY0tQN1Q2WWhxR3JmRXMxU015b296VU9wTTcxSFhTdVhxcTU3aHdfeC16UWRpRThzbzZQaw?oc=5
2026-09-07 14:40:45,MU,"Micron Has Skyrocketed 256% in 2026. What Would It Take to Get MU Stock Up to $1,250?",AOL.com,https://news.google.com/rss/articles/CBMif0FVX3lxTE5sQ3ZjZFpRakp1ZW1Mb2ZydTBsaHlmcGtQWGRZLXhJOVdFWVkyQ1pqcEZiWXRsN1ZvM29ZVzNkbncyLWc1d3BPQWZvaC1XNEtIaktKTEdUN21PeFY0ZENEY2QwNkl1djhzaFFzamNMdUFyVm56bEg0THdHcDRDQVk?oc=5
2026-09-07 14:40:00,MU,"Micron Has Skyrocketed 256% in 2026. What Would It Take to Get MU Stock Up to $1,250?",24/7 Wall St.,https://news.google.com/rss/articles/CBMiwgFBVV95cUxPeFZFVmhERVczUmdzcHVPekJVWWotSXY1dHhaN0h5Y0lIWERsdFBuN2l0SzZqWjBEMWJBT2RncmQyUlFON1dWN3diWmI2dVpMbjlmMlgyTS1vamxIUVVxeTVUSFRaRHdIaWRqbWNFU29vMmFPRGxHdDhmYk1ZYWhabWhweUdwdFhsMTduOWtLSXZtSWpOOUR2VDhsWEptVDMwU09rUS1WbHNkbmp2dk54Vy1YLVk0WkFBUW5ZTUI5aS1nQQ?oc=5
2026-09-07 13:58:00,MU,"Micron Stock Has Reclaimed $1,000—What Comes Next",barrons.com,https://news.google.com/rss/articles/CBMidkFVX3lxTE5QVkViRmx1M0dYdnpxVzhTaENOSFQ2RWVkai1SSDM4NFpwMGFZY2FtRTk2TzAxbW8xWXNxaVhQRk8wUklfczhFZmowallKSTRhS3JSUGtOU1Y1T3NUS1ZnbUVFLXJ2VzJqWmhjaVB3RjhSUHhTVmc?oc=5
2026-09-07 13:58:00,MU,"Micron Stock Has Reclaimed $1,000—What Comes Next",Barron's,https://news.google.com/rss/articles/CBMikwFBVV95cUxORGNDWU83TXV0NzBtMEJTSUpxSHJ4X0J4andRVXIxY3NnMzFBTWNTUE5rR2hEVk13YkVCRFFzWkR6bmtNY3c1ZEtQWmU1bnVwVnVsRW9tMUdZcUF4dmFEWk5TMEVjbFJTWHU5NmhNeVltTUM3NjN0emtaUXN5OW9pRWRXNnQtck9ZYXc4M0ZhSzdiNU0?oc=5
2026-09-07 13:56:56,MU,Selena Gomez // Wolves (slowed+reverb) Mu Stock Price (yc03Wfjvra),Mshale,https://news.google.com/rss/articles/CBMiW0FVX3lxTE1RR2UxVWd0RUswU3pSRkxTaVQxc1V6RFh3c1pJaGV3Vk40N1RGNlNCRjl5UE1HSmdiUUw4eU1sMnRKSlNoVzlGRnc3RHdjY2JNMHJWMldBOW1OU2c?oc=5
2026-09-07 13:34:59,MU,Do You Think Micron Technology’s (MU) Return Drivers May Falter Ahead,Yahoo Finance,https://news.google.com/rss/articles/CBMinwFBVV95cUxNQlZSUlZEU0w5UEwwcmdlTi1kWlV2WjF6S05UbDJ2aVItTTR6bU1EaXdOZTE5UTFPXzY0TE54Y2tVdWh4a05Vd3p1Tnd6dVB4aUlMNE0yejB3OGZldUZnRDhOMnVNcUQxUkFtanQtb2M4c2lvTVE4MTQwNUlkTkRtNk5EUVBjVkVES1k4NG9wbmhTM2tNYTJkZ24zUUlucms?oc=5
2026-09-07 13:33:00,MU,"Not Nvidia, Not Micron. This Magnificent Warren Buffett Stock Could Be the Quiet Winner of the AI Arms Race -- Here's the Case.",The Motley Fool,https://news.google.com/rss/articles/CBMimAFBVV95cUxORUZVcmVaZmpxSG5uRGR2MUxzNU1kckJiZWR4VHhmQU5xdmxJTUxEQTFhY09JWENqTFJ5TDFpNVk0aGZqZUw0Yms1dC1UQjVnd19fbEJJSzNTVGUzMWNETmtFR0w5WWJqQlBEeVVJb3Zud2diNWlrX21EcGNnUkEwS1VodGRxSGh3SUwtZEY2RWhmYWVnMm5QUA?oc=5
2026-09-07 13:20:27,MU,Micron stock: Could doubling HBM capacity create an oversupply headwind?,Invezz,https://news.google.com/rss/articles/CBMirgFBVV95cUxNeHE3THBwdW9ZekZMaS13QzNpNDBZQkdzYTZ5RUVSS0tfQUEzaXRCZVZOdmg0a0pya3R1czJScVVCSVROMkxldkwwRGNVMzNxTk9QTGt4c2dkRmI5ZVotNlpyX0M0eUE5ZGt5NjdRRnctcUFkOW16azdPakxGaFdpVEZkUkhhQ3VqX2RzbXdxLVhMQXVWWEhidi1LakpKdkNfRTBiaXpiVkp3RktBNlE?oc=5
2026-09-07 13:10:02,MU,Micron stock: Could doubling HBM capacity create an oversupply headwind?,Invezz,https://news.google.com/rss/articles/CBMiqgFBVV95cUxOVnFraGRhZnloYVNKUUJHN2hzcHZqd1B1U1VtWUR4Ulh3cFlzYnEyd1VrSXF5eU54TUtySlFqRzFkTWNyOHNWVDFsMlpHYW1pVWVjaXNUd0dnLW9tQWVpT0dkNFluX2NUSjdqcFVOZDJGZTRPTk1JSHBmUmJXRWRvMjBqUWRISC1NOFJtNUwzUFBhblVFV0F4YURMaW9YbnRMZWJ5SGk4UmxtZw?oc=5
2026-09-07 13:00:05,MU,"Micron Technology, Inc. (MU) Is a Trending Stock: Facts to Know Before Betting on It",Yahoo Finance,https://news.google.com/rss/articles/CBMinwFBVV95cUxQUmpMcDRWQUhWaFA1bl9YZGZUUnlvQkg0elMwT3FmYlVpVjJWWjNLOUlhWE1fVUNJWUEwRnhfdkNpRGxFckZ1Qkd5bFlQa0h3QTljQUU1dGpzajFFN2dOd1R6UV9MbXpYYU1GSHVVenREbVB2aWI4WkFKZ3pia2hQSGtCTGw4X1lFVGlLcWZZd2kxRkd2SEJvME0xVnhkcjQ?oc=5
2026-09-07 12:18:00,MU,Why Is Micron (NASDAQ:MU) in Focus Ahead of Nasdaq Reopening?,Kalkine Media,https://news.google.com/rss/articles/CBMipgFBVV95cUxNMkZ1cnVNTWlkX2dKM19tTUc5bXl2b3AxVl95VUZlUlhWMDVpbEFZMU41VlYxeEdMSWIyclJjLVduM19tZHhiZkppTEtyU3Bxb1FrdzhoYzR1Y1A0MjBBd1RWZGdhVHJPd0dHSHZGelZjVXdPaGtYZ3lYVUtKaU81QktaQzBGTEwwbHVpamRiZVo3OHkwYXliN3NBXzR4YlNneWVHNWRB?oc=5
2026-09-07 12:09:01,MU,"MU vs. SNDK: Which Memory Stock Has More Upside, According to Lynx Research?",TipRanks,https://news.google.com/rss/articles/CBMipAFBVV95cUxNMmEtOVJ4RXFIOE05bnFRSnRDYjJaTTItbjEyLTlpbmdyd0xSWUZBWEVhU1NkRVYxblp0bi1MQmJZUUEzYXdzZ1FwS2xrN1I4SzdyQktlSzUwbUFsc1ZrMTJQbmRYWUUwa1FQaDZia29teE9JRWstNHp3aGdYbEZmeXRRMW5NR2hsQ2NzZ2xHc01POVZBN1lPbU9rWlVPVFZWcjZwQQ?oc=5
2026-09-07 12:02:33,MU,Why Micron stock surged yesterday,Wealth Awesome,https://news.google.com/rss/articles/CBMid0FVX3lxTE9XR0QtaWlCQ2hoRWVqc2ltYkM4djU2Yy1OZk55N1pFOE0tX2RGbXMxVjNEa2VPZnNoTDdfaVRxbmd3czQyUnZERzAzZHd6VGdLalBNUTZYZmFjZjRlaWRXVk94YnZ1YTV3T1VVSWtTcmVFdHJ1SkxN?oc=5
2026-09-07 10:40:41,MU,Memory Stocks Micron (MU) and SanDisk (SNDK) Extend Slide in Friday’s Premarket — Here’s Why,TipRanks,https://news.google.com/rss/articles/CBMitAFBVV95cUxQcXhNWGZsdFVidHlFYnVSLS02QklxdlVqWU9ZYkQybEFzYUYwcnVwQ3FfV2tsdlNmTG5vUjRPc1RTbnBvbHlpeW9lQzd2MXlNWTBLei1hSTlyTFJIREViWVBXTDV3SWI4RTRaUFJrQ1dTekQ1bUxEM0t6TkdLOWtTUEl5Zng0QndvN0dCVVV2dU92aEwtOFlheVdiV2RtclVVSjZBVVVmeWt6Mk1KMUZURWFYV1Q?oc=5
2026-09-07 10:28:06,MU,"MU Stock Gets Anthropic Boost, More PT Hikes — Market Cap Holds Above $1 Trillion, But Analysts Foresee A Slide",Stocktwits,https://news.google.com/rss/articles/CBMi_wFBVV95cUxQVS1HVGwteDNLd05fSkFNSWJhRF9IUFJlcjZkVGdlMjJyejNYVFdrSUZadlZCUUhHRFFzTk53ZWNOcUFTUUQ3WDZqNmdWd0pZTTc5bG1xU2JicnduZDNPYWZhMXE3TW9xWmdoR0g3cmlILVVGZE9kOEVsbXJLNW92dlp6VmJZNk5ncE9VMW52b251aVlOd2I0Wmt6eFNuNkN6TndyWGhzNm9wc0RQNkdMTTVLR2JGYUd3SUtnZjRGUnFWN1J3S05sNVdscnlkMjE2X29wQW5XYjlpT0FvSW5Ea0dRcS1ISUd0eEkxWVlUZHdvTE16MlMxVGllYzQ4R0k?oc=5
2026-09-07 10:27:53,MU,"Micron Stock Breaks Above $1,000 as GPT-6 Astra Revives the AI Memory Trade",MEXC,https://news.google.com/rss/articles/CBMiwAFBVV95cUxQUjk5UlUtbElvMDJoYWhuOFFQUExRMXJFQXhoQlhjb3BVVTZxQWpyNldZYUp6am80cWlxeFlhcE1Od3FKTlp4ZVpPWG55QVFWenFvS3RBeDhGdmY0R2dWUno3QW1IRUxqU0R2NGRaSmdCcEJRNnNPNVlrZ0pwcjZTNmJSVkUtdHRTMy00UmwtSTdoVjRfU2dYaFB5S2JqZTVkRXN3WFF4dkdVN0VCcTRUY0Y1Y25uZWF2NWVnQzhjbVc?oc=5
2026-09-07 10:22:31,MU,$SK hynix (SKHY.US)$ $Micron Technology (MU.US)$,Moomoo,https://news.google.com/rss/articles/CBMimgFBVV95cUxQQ0VZS0dPMUJTejBHY2VIQlg5NENQTUJqT3RyUEM0SldLcHR6MXNzU3B4TXo1YUtGWUlCS1lsamJ2R1hHdGlRSk5pQVM4Mjk3QkJXdUdwUExBUkNtVnpkX2dsUVEzUEhwaFROZ09JNl81QzRGd21rVDFXaW9RUEJxLVRQbnVIRkdwU3QwR2oyMFlVUk5oQ0JTT09R?oc=5
2026-09-07 10:22:31,MU,$SK hynix (SKHY.US)$ $Micron Technology (MU.US)$,Moomoo,https://news.google.com/rss/articles/CBMimAFBVV95cUxOS2FkX2RCeW9iSGZUeFh6eGFtenBtNk9yeUVRcFFxQ0VpR0l2emZDRWlIeHBiSWV0ZVpod3IyLWs4ejB5eGtra1JkdGlmaDVBY2t4WnIyakZNMjFPX0d5YlhLU2dONVZITi1XTkZOWU13ai1VWmNOTExLYmdHVlJOSEhDOHp5NE1oTzdNOGtYLXI0b2xna2JxdA?oc=5
2026-09-07 09:39:45,MU,"Micron Stock Guide: HBM, DRAM Pricing and the Memory Cycle Explained",MEXC,https://news.google.com/rss/articles/CBMirgFBVV95cUxOeGlULVh3OVYyUGR3QmV0T2hfeHhCcDY0aU5lQ1hmb21kSEFVbG00TnhpOUVNSmFRaUdKcXFqektRVElhTW1NLVpEY2x1bm9odU0zdWRSczAxblB4SmZsckJBcjBUZF9MTkdjeTgwQ2szUTd4aWNWUHNaWEYwZ2FEdWx0NHA4b1pzeDQtbk14TW9CYjdDQVZ0TXBsX3pBMjkyUXU3bVRkVVMzYkpEQVE?oc=5
2026-09-07 08:56:37,MU,"Nasdaq, S&P 500 Futures Surge As Wall Street Cheers US-Iran Deal, Brushes Off Hawkish Fed For Now: INTC, AAPL, MU, SPCX, RUM In Focus",Stocktwits,https://news.google.com/rss/articles/CBMi3gFBVV95cUxQNE5zR3h3Yl9rSE9rRmNjY0I1alNkSnVBeTZNZmdDY0ZCSXFlcFRTakFFN0lxR1hvdkhwRjg3NDRHX1p6clJFSENRS2Y3c3NkTVhHNnpIbkpJeUtyZ09uMVNFS3pEVDdPZFVXT29MeU83ZlRXTEV6dmVDaVJFOVlBMVkyNS1faTYtSmxueHJVUE1YNWxUTWN4SmdfNFZlcXgtVzNIRTMxXzh5ZDU0LXFrem1mTDFCUlBNNVhnLTV2ck5YVnM3bFBBWE1lMlZJOC1pd0wzSHIxeVlySWlyQ1E?oc=5
2026-09-07 08:11:21,MU,MU vs. SNDK: Why Bernstein Sees More Upside in One Memory Stock,TipRanks,https://news.google.com/rss/articles/CBMilgFBVV95cUxPNk1FaldRRmMxakZVNFVTQ2VmNUozZDBHVzdTZDdrY2gzWG1tNTNveDJFdkc1YzBlNEVJTmxkaUdQOWlxeGc1RU1fdlJrU0Y0SWdDRWFXVE1UaFdtZEpkWWNnRFJwR0lwT1BNZ0NXUDJWTW9LYUtmTWdHQXFNeEpXOGJTNGpKWHRBNFlPbTJqS19wUjFjc0E?oc=5
2026-09-07 07:26:06,MU,Micron’s Taiwan Labor Dispute Continues to Escalate: What Does It Mean for MU and HBM Supply?,TradingKey,https://news.google.com/rss/articles/CBMiyAFBVV95cUxOWHFOU0VmQWlGR2xrUFVsOWw2bDJJZEJhRzhLYlBrNzdNNExfVUluZ294LVFMZ1Q4cFJQcURNTE5pVUhkVjI1dmlybGxwamp3bmU2N2VDbzhTUlFjNFFDTW9rd01za1JmR2ViMmg1aURCQ2N4cmliOElPOV9oV2VUeWh5a0RYdzFDYlF0RE1nclNsRW1pcnFaRVVxX1A3THJ6ak15Wk55d3dUWXlmcTJ2M1pVUDNfZTNjOHJTckp4QlBxWlpUS3NVTw?oc=5
2026-09-07 02:50:48,MU,"Micron Stock Forecast: MU Surges Past $1,000 Mark, Can It Hit a New Record High in September?",TradingKey,https://news.google.com/rss/articles/CBMiuAFBVV95cUxOenJYUWNtMzRKTXF6cjN6UUtuVXR0bHhHRzlsZkFWTkxCa3ZsS1FCcXJnNFRBRWVmNkVYSk15NkNYSEszd2ZRMktwUDUwT0Q4WWJJY3E1UFlOdXprVGZxQ3JQNk9JOUhGek83WWhsM2t6R2pDay1iV0w0dTUxTkJyd2F2eS1zRkY5akFKQlRzNnZxT09wQnB6SjhYV0NOcENkUi1KVk5aNUUtVFVYdkl5NndvQ0VMZFRP?oc=5
2026-09-07 00:40:39,MU,"Today’s Market Recap: Nonfarm Payrolls Far Exceed Expectations, Fed Rate Hike Expectations Heat Up, Micron Surges 6% Against the Trend, SanDisk Jumps Over 10%",TradingKey,https://news.google.com/rss/articles/CBMi4AFBVV95cUxPZHhub20tLTdObnU2WGtnTDhXQmwycWVTaG5SQ2pPMWVJUnFRZ1VhTjUtaVhMeVRMMjRsVkJnb1Jtb25QUFBVS1ZhZkVXVUdiRW8tOGk4RllySFJYcEFBLWwzMXRpTkR3WGp4c0pXM1BEYVpUNkJ2SGpJV2dPcDBMLWtJMzUyalR3X05ILTZ6VXVWTWxMak5uNlhZMVJDeGxHUFVaMEpBV0FiUnBTZmtkTWYzdEZKNi0xVTZuLUwzSUtZOEVib3V4LXRlT3NDakFlVk5xeC1JWDRhTUdCTEZrMA?oc=5
2026-09-07 00:24:20,MU,"MU Stock Slides Most In Nearly 2 Months, Retail Suggests Buying The Dip",Stocktwits,https://news.google.com/rss/articles/CBMirwFBVV95cUxNNE1fT2x1cVVxdXBubGZKa2xOLTZXeE5BX2hjUjBPUWJnZ3g3ZGFCTXdKZkhHLVZZNzVQSi1tbUlBaG55UkNiRnB2dHpXbkdxNnU4UVQteEZJYUlTdEZPRGJnc0tSRnF4eVlpRXlEbnQ0YmF4QXBlVWNVaWpwSExSNjRmVlJ4eFNZZVZDaFBOM1JNVjRkbVhqT3hnTXFBWWp5OXY0ekZjaWt1Vlc5dGlF?oc=5
2026-09-06 22:35:44,MU,MU Stock is Up 169% This Year – BofA Still Expects A Further 24% Upside,Stocktwits,https://news.google.com/rss/articles/CBMizAFBVV95cUxNbUFBNy1FYTdMaE82X1FJX3BjU0R4UmJtTWFrekF4SjJfQzZYdzRtVk5LRnV6SERoZWJkTnNoWjJEOGpucFE4cDBhM2xHZFE0c1BPcjRlUGtUMDc1VFlnZ3RxbHJYUktkamVmdHpET3F0TUQ0RUY1cndJSUhzRFlrYlV1dFJ2TG03MUt2b0ItYVRQME4xSEc2aWw3d192REZNd1ZpbHY4eHFycF8xNUppMmt5dllQaWJ1UVNkUDZrOEVUbldla0VpRm5BT0Y?oc=5
2026-09-06 22:26:15,MU,Does Micron (MU) Have the Leadership and Talent Pipeline to Capitalize on AI Memory Demand?,simplywall.st,https://news.google.com/rss/articles/CBMi1wFBVV95cUxQYXZiVzljVnpFNmY3N055U0RQeURkTnJEeUxKMGFCYzhYbW9zOXM2bkVZYVJNbnlVdUhQelBlVk1hRlZaOVRqV1FYMThBcVN6VFhrNXNjY0h3aUh0cTRLdGdUZkJVQ2Exb2JOd2daUFlwdkxvOXVTQ3Q0c1pTNE8zNkJjRWpiWkI3bHFoSnluVFVNeHhfT0FEaU9GZmozWFdzNmpqWmxtaVZjWURZZXFiTkpxR29nRktBb0V6VXNmTlFyVXg1aUI5TmNYZ2M2SGduQTF0bzUxSdIB3AFBVV95cUxOU3JoU3ROSUcza2JaZWxDS1pBdERZTmROM0IxdGs3cXZaVVhoenN0dTNSWDA5U3VwNTB1RW9CNlNLQ3Z6ZHhCQW55MVNnT3NiZm5RNkxyUWdmNkM5Y0lFdmJRbnhRVDRtcVlJbVdFSnVPY2VLMG1ObmphZ2FzSkhhZURwR1FzVW5ralV0Z2hILXc4NlhXZUcwWU8wbjBCZmpUdFFRY1BnZXBDOHE4Tk9MSVJsZkYzN3B6eWNSaGZVXzI4cHFrUW5IWV9RX0VSb0dUcE9PVXRQZHhvUEVt?oc=5
2026-09-06 21:52:29,MU,"S&P 500, Nasdaq, Dow End Lower As Chip Stocks Slide On TSMC Capex Concerns — TSM, MU, NVDA, UNH, GOOGL In Focus",Stocktwits,https://news.google.com/rss/articles/CBMigAJBVV95cUxQc3RLVVdMX1h1blF6eExKZ05VX2FpaUdHeHl3WWMzbTVWRFo4bE9SR2t1enp6M2xLU2tXVlNxQnQ4SXR4ek9wVUUySEhWRFlKNzRONXZWV2JqdVBqRUxNTV9ob2NlazJaQnJ2OGRPRWxDZ3d5UTRXUzNSdngzTTJ1dHA1akdZcGcyOTZzakgwdzBpTEpPMFlHdVhiRTF6QVJ3SzQwU3ZOb1FUMjhiQTVJdmR4VF8yYWJXR2NrcmdoR1M0LW5Db2kyQXgzamhEanE0UEZoa1k5T2NwUU8wQVgxQjhUUG9aY0V0ZkpHU3AxZG5sSjVHalJ5MXdXLVZBcWVr?oc=5
2026-09-06 21:03:59,MU,AMD Tops $900 Billion Market Capitalization Again — Can It Follow Micron To $1 Trillion Valuation?,Stocktwits,https://news.google.com/rss/articles/CBMi7gFBVV95cUxPLXZFZGNKZm1WeUx3QXV0emhIOUw2djE0VlFNVF90TnRrX3ZTMjhfQ0owRGxCZktmSUl2MzgxME9CZzRieUZteGhIcjRFZVFaOU5KWldrbEE4UjFrTGhmR3JQRW0yOTU0SW1ibWx6V2hub2tSaFp2bC02VWk5ektWXzEyR3Q2OFJhMG4xeWpEN3FQVFJ6alk0MDBleF9GOEE1TDJlQkF5TnlkWlFlSEJFWHF2bjZLczNPQlhwS2lyREc0TEpubS1mc1JzcTg4dTlHNG5fNXdMc216eEZMdmNURFBybVpUZ2tzMVItQ05n?oc=5
2026-09-06 20:18:52,MU,"Why Are Semiconductor Stocks NVDA, MU, AMD, and INTC Down in Pre-Market Today? What’s Next",TipRanks,https://news.google.com/rss/articles/CBMitgFBVV95cUxNdHZCelBJemZPTnlZLVFOWXpRbmhoeGRlSHlQeUN6YVh2c01mbnczZWRuRWNKUTRndEVzdVQyRVJyZ29CR0hmeE4yYmJ0MU1PYUxjTEhTWmlvOFd2M0dTOHBxSmVORVZXNFRhZ1R1OFVGZ1BkcmdtNHFSUTdaZ0NDbUY0a3MzUHVRekFyaW4zLXlBXzdNM2hjeVd3UjdNSl9nYVVhZDZMSFM4YUFNMFh0V2d3Mk1BZw?oc=5
2026-09-06 17:26:26,MU,"WDC, STX, SNDK, INTC, AMD: Chip Stocks Rally After Micron's Stellar Q3 Earnings",Stocktwits,https://news.google.com/rss/articles/CBMi1AFBVV95cUxNcWFNLV9ISHktaGV6ZVo5ZFljNDIxcGpiNXc4bzZiNnY2N01WTF94MGlDUlp2bUF2ZEZXend3VTlsbko2Nkt2c19relFIenhDcWF2ZmszSE9vdnp5RS1GWmxMdk9CY0JsLV9rY3lTdkNLMkFWUzNabHpiTmgzVFV3ak05aGd5QnRSc2hBUHFwdGo0ZU9QSGlfMHd5ZXh3ZmE3SXk2OHdrYzFRUnBsNlVTcUlBTnZsNVNoVmt0bWgxMVE1T1JtUDFBbXJoV0lWdW8yUlBKRw?oc=5
2026-09-06 14:15:53,MU,"When Will Micron Stock Reach a New All-Time High? $2,000 Target",Watcher Guru,https://news.google.com/rss/articles/CBMijwFBVV95cUxQNHBDSWVaVHlsSkFDcTI0b1M5bWZLTUwxRE04WTJwQmZyQi1xQzRwaDE5X1dJVWZyT0VJOUxUaFlVUGNMV2FxbV9XbEN1Mm00b2ozeGR4cHVEVldJVkpFelItaHp1ZjY0VFBYbk9YNzJGTFhlMHZhT0hnekZUQlhWRTdWclhpTnlQa3lzNDg4dw?oc=5
2026-09-06 14:12:00,MU,Prediction: Micron Stock Will Skyrocket After Sept. 30,The Motley Fool,https://news.google.com/rss/articles/CBMimAFBVV95cUxQa0JBTGFWUXl0cWxwVXBockJyQl8xUXhtdmg1RnVFTE9GSXRJb0JER2Utc2tmTXV1Z2xXSGhzZFlUTWhIbzZzQlY4OGZRNnd0RjV3T3k5dlI2NmwwaV9XN3Z4NHlROTNGZktLby1FR3h5UkV4Z1VGSGl0LWtIWmQwMUtxTmNQYnUtVU9LVlM4Tm05SGg1Q1JjNw?oc=5
2026-09-06 13:32:09,MU,Prediction: Micron Stock Will Skyrocket After Sept. 30,theglobeandmail.com,https://news.google.com/rss/articles/CBMi0wFBVV95cUxPTVFnczVqSGJVX0R2a3U0S2ZUTS1PWU15bXlTYk5rOG4wSXRqRWdyeXVzcFZ0ZzI1NzB6VlFPYXBVSW1iaVhJVE5SVk50ZjlqVUtKN2hHZW1CdHRRS29uTzF0bFFTRWE1VmU1dlI0TVdXZ1FyZFZXcXdoaDMxdWN2Tlp3SEtXWXJ2YWdSNlVlYWxnNFdBLXZIWDRWajg4R3hHV0ZQYkRwZ0p2X0lkZjE0M3o2Q0x3Mlc1M1dKdjNVVjRJQnhlcnhHYXA3MTJhNVdScFRF?oc=5
2026-09-06 13:32:00,MU,Prediction: Micron Stock Will Skyrocket After Sept. 30,Yahoo Finance,https://news.google.com/rss/articles/CBMipgFBVV95cUxOMFFXNWJMbFJ0WDlDU0tXMW9IcGZOLVVxdVVCSFp2cVdCWVJmVFlUOXN5SVo4WjMxclEtNnR4NmNWV1A3YTZ2X2FfbGt1NjRxTTlkdy1iUmFIT0ZxMko5bE5Sakt3aVpYWXlkZjFMNmJKVkdYWlQ4NWJCNTRyOUpqdHl6Rmg5OUdEeG5JMnhiY3QwZDUxaGhkbTNjQWdSUDkya244X0R3?oc=5
2026-09-06 13:06:43,MU,$Micron Technology (MU.US)$,Moomoo,https://news.google.com/rss/articles/CBMigwFBVV95cUxQUFhOZHZKOF9xRmNZT1JQZWhWVGQwUmwzTjhDWDliZEJnU24tVGNnRFVaRV9nSnJlOXhEWDdJamN1bVo1TkpnTFpzdGxWX3Y4aDFQbHVMMFRxUzZ3dGhRUlpTdmc4TkN4ZXRZdER1Ujk0aFBQRHJzc1RBTVlNdmExMXhoSQ?oc=5
2026-09-06 13:06:43,MU,$Micron Technology (MU.US)$,Moomoo,https://news.google.com/rss/articles/CBMiggFBVV95cUxNd3FqamIwc1lGUkFhMzZCa0gtak40enphekN1OHBCU2hUTXZ4bWlVY1p5MC1xMVVzcmxjSkVIVGM4a3l4YUhRdUFjYWpWRm5xTTFPVXpJTWNKLXpDV0YwU3J2N1g1b2tjWFdZeml2aVZmNlUyaHlFd1NmT0J0VGEzVV9B?oc=5
2026-09-06 13:03:34,MU,Why Micron’s (MU) Next Stop May Be New All-Time Highs,TipRanks,https://news.google.com/rss/articles/CBMihwFBVV95cUxPYXRvZ1lyNGxSaU5sdGtYTTJEUWwwZ1Y0TjNjMmlDZ0J4OXg5Vm14ZEtKSngtMkVwZkpoRlpwVkVlNXNrbGVaajhMeWVIRDkxXzZtN3Y5SVoxOUthN2p1QS1vbU1nVDhzMDFPOFJKTWozT2xMQzhRZzVlNk5qeWE5NmRfUjlFcHM?oc=5
2026-09-06 13:00:02,MU,Micron Stock More Than Tripled in 2026. Now Taiwan Strike Threat Could Shake the AI Boom.,Barchart.com,https://news.google.com/rss/articles/CBMiywFBVV95cUxQb2o0dHcxZEIyb3NyNGJKamh1X0ptRjhEekdxQmduSmZoWEJ3eUUxWUtDeXk5Q013c0g4Yl92SG5sUUtJbVN2VTlWTi14N3pzSjJ3RWxzVWxwSnlFUGI5Y0VweEZjbDZrdXR0UksycUdXQmp1aGVuOFBSM3VDZzB4TlpscjlBNXJlR2NsMFNsc25ySHVQbXJlbHBZd2JPU2pvdEtHVzZLUnN5dDVheklnS29sX2dqNUx4TTdnUU1oLWk4ZHZWZFVEa0NGVQ?oc=5
2026-09-06 13:00:02,MU,Micron Stock More Than Tripled in 2026. Now Taiwan Strike Threat Could Shake the AI Boom.,Yahoo Finance,https://news.google.com/rss/articles/CBMimwFBVV95cUxOeWQtdXFJSnFzVVR4bXYtd3dzYzg5RFF1ZlByMVhwQkkyWlJYVXVMVE42ME5WN3duTkM2dVNPei0zRFRwVEpScFE4blZrLXl4SDA0V3RqWldQZmhGaUJGaldzQjdKZS1pbUpfbk5qUHlSeVNabmN4QzUxV2dRNEpMczdyRHFrYVJFc2xkbUJ6WFItT25wSGJfX2hBQQ?oc=5
2026-09-06 11:59:16,MU,AI model predicts Micron stock could rise to $1...,Pluang,https://news.google.com/rss/articles/CBMisgFBVV95cUxOYWY1eFRQNEsyUzBUaDVXbUtaS0xreDJoZWZpaFhfWGNnNWlQQlBZYzdsdmVJM1c5NzRNdWVubm9qWnpxWG5QTGxiVklaZDAzWktJYTBLUXRxcndpS2tmU210WThfY2RJRE9ycU5PeEE0MVhQRTJjRHVYX0tuQXR3TUc0azlmMzF3aEJ6ZVVNTVhieGpDTzZseTZrd2dRVDZncUhqWURJSlg3bkhHaDhtcVF3?oc=5
2026-09-06 11:43:08,MU,"Machine learning algorithm sets Micron stock price for September 30, 2026",Finbold,https://news.google.com/rss/articles/CBMimAFBVV95cUxNVFFiUHB4VnZMWGZrQ2lEWHBtYVg0eDlmanB3cnlFU1Zad0JZX05ZVDBkbFJtVFFlcUthcmtUQm9PNW1ZZUxieEVnb043WXJPaUZMd0Y3OGNLWXhSNHh6ek83MW1LbU1lSGJvSWxWV1NtY21EWnUxa0hnQ01GaWFTVGk4U2dNc3Z0OW1UanlRbDd1Q18wQ0dwaA?oc=5
2026-09-06 10:50:20,MU,Stock Market Analysis | MU / SNDK / SK Hynix / NVDA / AMD / ARM / AVGO / INTC / STX / TSM Celtic Vs Rangers (NwKYlLKWdT),Mshale,https://news.google.com/rss/articles/CBMiW0FVX3lxTE1CUmVWNGlKdDhYei1wTnFvQVpKZWt1eEY0S0JrN2IwZ3BvamR5YllUWWFRYnMybFROd2VOQ3drd3RZUmowQmRUY1AyMUtsdlo4d2VUdllyc1hLR1k?oc=5
2026-09-06 08:42:36,MU,"Nasdaq Retakes Key Level As AI Chip Stocks Arm, Micron, Sandisk Surge",Investor's Business Daily,https://news.google.com/rss/articles/CBMitAFBVV95cUxQaUZoVnNLRUdnUldVTmw0N29fMEhWd3Utcnhmc0xyeXRIaTFlbkVSZF9Nbk5XQVREQi1UWE1BQklXWWtWTFB0akhFVG9wU3JIaWVxTEc4Nk1JTWpkcmI3WGl0VDBpRWIxdUhEZkozSUdBY1ViLUI2d0NkOXhfMl9wdVRHbEhadnpIYTlKblVQMmVJdEwtbHByMGJMSGZGSnV1am81RVZZZkJfTWpQRl9QX3NTeVc?oc=5
2026-09-06 07:24:10,MU,"Arohi Asset Management PTE Ltd. Acquires Shares of 3,482 Micron Technology, Inc. $MU",MarketBeat,https://news.google.com/rss/articles/CBMi1wFBVV95cUxPUUtPRjRwdVE4MFpfajFnU2pDbUZFQUhkNTVCalFNVFV2UnRBZFpVYkNIWnI5UHdoc2ptdW1YQnBUY3R5cHpScUtMSEVlU1VHTnpfdndESHVGNFZTRE52anZldVpiS1ZfVjV5ck9tMmk5YkRuTkl0akF3bXVkV1p4UWgtZ3V3NGZQZ3JFZmphcVZaM2tXNUs5RGVMNkp6WWZjR0kxOGlQdDdsOEVzYnRvM2tJMkVwT0pFRmY4dHJTSkpJYUZnOWd1cDVIQUxKQXBPb0dseVg3cw?oc=5
2026-09-06 04:04:28,MU,"Anthony Joshua Ring Walk Before Fight With Andy Ruiz At Madison Square Garden, NYC Mu Stock (VuAuZqGHWw)",Mshale,https://news.google.com/rss/articles/CBMiW0FVX3lxTE9hdUROX3ptMnItYkZBQkdGOFp0SXV3R1BjVXJaREMwazFZZ3VYRmJ1VE0tU0taOGtoSHVTX2RHTU1iUkhzY1JfZEZPYXBSamtEQmltT1VaNm4xdEE?oc=5
2026-09-06 04:00:00,MU,"Micron plans to double HBM capacity to around 100,000 wafers per month – HBM4 share expected to rise sharply",igor´sLAB,https://news.google.com/rss/articles/CBMimgFBVV95cUxQcnB5dFEzMGc0ejR6Y1ZfemxRVFhXcHRFdzNUZkNBX2NEbkp0SjdfeU8tY0RReG1xel81SWdRQ0puMnlLdmEzTTJiVEw3ZlVtcVFVWW4yQ1A5M3dVV0pCT01jS29LRzRmS2x6Zm1tLTUycHlUZ0VjV2JBV0ZQOXFrZnltNWpaV1lGcWRmbG45c3JCN2ZQdnMxV0d3?oc=5
2026-09-06 03:02:46,MU,Stock Market Analysis | MU / SNDK / SK Hynix / NVDA / AMD / ARM / AVGO / INTC / STX / TSM Sting (zAgfk5ZdSz),Mshale,https://news.google.com/rss/articles/CBMiW0FVX3lxTE9PWkVTZVdydFhzMWlvV2FyeDFxRXNsQ2YzVHNpRXB2VWV5bUhaT3ZXMlJyLVk3RlBaRkVCbkhYZlliSHgzMm1mOHFTN2ZRZ2k3V21iMTJWSDZweFk?oc=5
2026-09-06 00:41:03,MU,Technical Analysis Of Stocks: SPY / QQQ / NVDA / TSLA / AMD / PLTR / MU / NOW Cold War (4QUAb3FjLu),Mshale,https://news.google.com/rss/articles/CBMiYEFVX3lxTE1kWm51MUkyX3E2WER1ZDZaMmJNZThyc3Mzc0FPUzREdlBJMDA2MktkSnhRZ1JXVUZHVFFrUjhFYVlYQ1puQmcyeVJKd2VSN1R5bVgySFpQR1ZVNzdqeDZ5Vg?oc=5
2026-09-06 00:22:02,MU,Discipline and Rules-Based Execution in MU Response,Stock Traders Daily,https://news.google.com/rss/articles/CBMiywFBVV95cUxNS1p3YTZZS01OVUI1X1ZpNkw1eGlfdl95dGhFd3dzT2U4MktHb2k5YnlRbG5id3NUS3lFTHNyVF9OWUNFbXc3SEhkcXJjcDFQNVVfNkVnUjBhdEhaN093TWZOQm9samRBS2NjNG43UlRmU2JyaUJPa0h0ZVFhQ1dmYnJNaF9zSml2Ui1nbGNwNlFtR3JvdEk5MklUN2VSM1JFbFlUR0VYU2NablNJNEZIRFU2Vm9UV2ViNkxUbVkzb3VMZXIxbWstX28tNA?oc=5
2026-09-05 21:43:35,MU,"S&P 500, Nasdaq, Dow Futures Mixed As Hormuz Uncertainty Weighs: Why AAPL, TSM, MU, SPCX, ASTS, SLS Stocks Are In Focus",Stocktwits,https://news.google.com/rss/articles/CBMi_wFBVV95cUxNUW91N0lYVC1uZE1NRkF1RWdhUFRyX2l0VDM0bkZXTWozbmdPV3JxLTgtd3huZkRlVUtpLXlLQVhzMjBZeDhwaHgtTEh4VUlKWGFURnFKOGZpMkpoOUlCU1VHLWRuYWd0T0tQd3hxMTk3NTYwWVJKY25OQ3pSem5SdHZLaWdEVnVPV2J4SmpLX2VsY0dNYkVuSmpTVm5FN3JDWUJwUmNZdFhlMnRnRVdLR1Z0TTJxVmd2YXZPVEZZUjRIT3I0Qzl3MTN4WndKLTFTZTRzMS13UGxMcFRNcm5kaThkUkM1czBmc1plbWJWZFZyYkRNV0RoUmNQRXBvR3c?oc=5
2026-09-05 20:28:52,MU,Micron Technology (MU) CEO Sanjay Mehrotra Earns Taipei Supply Chain Award,simplywall.st,https://news.google.com/rss/articles/CBMi1wFBVV95cUxQbFVfYUoyLTZJbXozSWJMVWJKY3c1NXBKWFllWV94NHdXZFpRX3BRNDMxdkRjajZUZTFkSEJ0LWpzS0t3Nkp2Yl83YUJoWWYtSngybXJNZ19naGlaUC1GTDBEMUFlWDRycGViTkcyQjhuOUV5aUZZM25MSGpVdDZyYVhNaXVRREYxUjZuUjZaM2xSdG9RUzliVElhbVVaZ3pBRm9QUlBqVEtJc3ZybHVTNlpUblpCcy1FM01YY1AwV1hCLURYc2V5NnphUEc3d3FtMXpPN3JiRdIB3AFBVV95cUxNYXFlR1pXUE5JU0NnSzU2WFRweTYxR2Q0WTVPMlR6VEZtcFY3eml1TU8weGUwM0hkdVhmT19nY3N2N3pmTEhVR2NoMlRWRTNCaklfMGFFZ3F0Q2VPY2N5anlmSm9GZVhFU24yYkw5cl9fNC03clVPaHp5Zl95WDRvaWhtbXpNWmRtLUlwbnlGRlk1S0MzOFJmZTB0ZWRzZUZiVEg3UmxHaGFyVVVqc2VqS2pKVVdSU1RDTXJ3Zkx2N3FRak5oVWQzaVN1dEpNR3FiTDBxVkNoMHJ0N3h2?oc=5
2026-09-05 18:10:50,MU,Why Is Micron Technology (MU) CEO Being Honored In Taiwan?,Yahoo Finance,https://news.google.com/rss/articles/CBMilwFBVV95cUxPSGZEM1N3Z3lBc0hpOEFhSVpvb3A4Qm9rMV9qZEMtXzltbklyOWZMWnU3bWZkNy00XzVNTlZlamRqeUx2aE5wS045UzVOT0k5eWpIdXo2QlN5YkNEcGtmNTVkOVp5UHF2dHRPbnJBRUVjTTRRRjA4djl2bmY5bmZodmNkSFpPUzZYb1B0cmF3aVM1dTRMNFpR?oc=5
2026-09-05 18:06:46,MU,MU Stock In Focus After Trump Hails Micron’s $10B Investment In US Research Labs — ‘One Of The Hottest Companies In The World’,Stocktwits,https://news.google.com/rss/articles/CBMimgJBVV95cUxNT290YnlQMzBkRW1kRXNudXUtWVh2bEMwQ3F4bGJHZTFJVThhaDQ1d0pIbW1xX2U0djNHU245SU83a1dmRVpibjZiZWMtYTF3NDZ2QVY1NUl0Ymp6ZW10UjlyRHA5V2FkWFRUVURDVV9yRnE0c3Z6dzA2YXZlN1NCbERvWWx4ajZmTHFCaGt0Y2tveDRKMkRITXVKcW43b2dpZ3luZll5SHZ4aU5PS3pIV2RYUUVFQTZHdVRmc0lxY0IxTDMzV0U0VHlrX3VraUxseF84ZmJ5X01LOGFtcE5STlVKaDZ2ZDRKdzJ2UzZRWHZkZ3cwN0oxVkw2TDVtdExST0Q1VnR0SWg2a25QSFJQcTdSQzBkaEhJc0E?oc=5
2026-09-05 17:56:04,MU,"MRVL Stock Jumps Overnight: MU, QCOM Boost Outweigh CFO’s Share Sale",Stocktwits,https://news.google.com/rss/articles/CBMiygFBVV95cUxPUHcxOGxLUW9ISnBmUGJKQ212TXYwamxvbElFYXNGbTlRZEltRXB4SzNxNWVrUE42T2hFQmxJckNSSUtKMF80OU5BRzV1Nnc2Ymp5UlhCOEZZYkxLcGMtdndyRXRvSGtMR3NXdFIwVzlRdFg3bGNjd25lTmMwc2dMeUhjczBNRzQtU2ZIcy1oXzRDSW04cER2eG9Kc2FnZkc1cTFBZzZzTjJ4bFVXdWlHaktJdm9nMDdBYjJ1czNlN1pHaWJ0anBKU3h3?oc=5
2026-09-05 15:18:28,MU,Micron’s Trillion-Dollar AI Surge: Is MU Still Undervalued?,tipranks.com,https://news.google.com/rss/articles/CBMipAFBVV95cUxOdXhvOWhCLU9vV2d3X2VQY0N2WGtlcmp6YWpodDhfcnphM3pObmc5SGlDZDlndjNkVkhlNE9fcTNRcnM3N0ZkSzNSNldxV3RwanVkNk5LaFpNdjlka3VwOVdfWmN1eG5ZSEdsZTNNTkVDZ0F4bUJKZEQ3MHVCek1QUFJ4ZHJxYi1mUjctQWltU3Q5QnN3aVo0QjVrQ3A2R2hQeFdocQ?oc=5
2026-09-05 14:08:53,MU,Micron Stock Price Forecast: Will MU Retest $740 Low Amid Looming Strike?,tradingkey.com,https://news.google.com/rss/articles/CBMiywFBVV95cUxQQ2FUSjk1OTlqWGhQRVBXZk1xRGVjVy1WVzA1emtlODdCaGQtMTF4aVVSUzdOMzA5UXJhQzBlXzB1a3UteEVab0cwaU5KbWUtaXV5SVJxM0owTHliYUlwWnJqMzZHdHc5c3VkR3NGVGZZTTBGWS1CMWtCRjBRbS03UnBuN2hvRWsxWHV5bDRCR3FURkgzYm81SnYta19JQ0xPbjg0NlN1UE9kbXgwNng5MFFOUXdrTDM3c1BjV1dQTEVOMGlST0hVMVVEOA?oc=5
2026-09-05 14:00:02,MU,Dell’s Monster Quarter Just Confirmed Micron’s Biggest Opportunity Is Not Just HBM,Yahoo Finance,https://news.google.com/rss/articles/CBMiogFBVV95cUxQaW1CeGh2SVd2cWxsSlNYMk13SmdHRkNVeDVIbjUxUkVkcXNscGVrQ1N5YjQ2a2lCOUNsS2ZTaDNyald1czB4ZzNaWVRsY3VHVEtqSm5YbFpQVl9fUEFMVnQ2aERneERmSHhRQm81RmltWE9TeC11Wmc2WkZSNWZaWkdtcmxnQS15S2ZRR0t2NjBMYnNxNjdkMFpvZnNUWW1GakE?oc=5
2026-09-05 13:20:59,MU,Micron Technology rated Buy as consolidation an...,pluang.com,https://news.google.com/rss/articles/CBMia0FVX3lxTFBYZ0lDd19kQjJ2M21OaFpzakROWnVFOWJ5WE1seWJEOHdMdkx3SXpXaGlzNUhZU2hHbHJNUzJrT1V5cUFiNlplbjVfODNqYmFndHI0NmNzdkVJUUlJNV9ZTkdZdkNrYUM0aDRv?oc=5
2026-09-05 13:02:10,MU,MICHAEL CYR LFA 121 POST FIGHT INTERVIEW Mu Stock (c65e0yZjZy),Mshale,https://news.google.com/rss/articles/CBMiW0FVX3lxTE9abTNnM3hMR2tjVE1fUHAtOFZmazM0VFEzdnJDTTBqT0xzMjZ0d3l6NUFBWXJrRDdRUGdaWjhXV2pYRXlHUTBOYjBJUEpkWGtGWnNSUmVNdUlTRzQ?oc=5
2026-09-05 13:00:00,MU,Micron Stock: Nothing Is Over Yet (NASDAQ:MU),Seeking Alpha,https://news.google.com/rss/articles/CBMidkFVX3lxTE41WDlHdUs2eVlkcGotN0M0SE9kbTZLMmdNSWFXQ2RtanEzci1STktScDQxZWk0RjZWT0Ric2tXbnIwM0RyNzI3Q0R2NXRNWEZTQ2hEelIzdzU3Qk5iZWIwTWhWdGlEV1hGSVJDNWJxSFJtLUUzNGc?oc=5
2026-09-05 12:05:00,MU,Recent News From Nvidia and SK Hynix Reveals Exactly What the Market Expects for Micron Technology's Future,Yahoo Finance,https://news.google.com/rss/articles/CBMilwFBVV95cUxPNGZmaGJHUWQ3Y1VCTjN6cy1QQUNFY28xZ1Zlc3NwSExMRnJZWXctNlo0bTBFSzJjREJzT3lzN0VFa0hOWnQ1SlIwY0l0anVVLWNiZ0E2eWhfX1FldDc0SGllT1ZJMHBteGNYempyOTY3NUVjLTZZcHlvUWhaNW9XT08yaEZ6OVBCTjdTcUQ5SHlwRUkwQTBN?oc=5
2026-09-05 11:06:00,MU,China's Biggest Memory Chip Stock Is Almost as Good as Micron,The Motley Fool,https://news.google.com/rss/articles/CBMilwFBVV95cUxNNmxidzFLb0s2TnYzTDVOUjZIOTRsUVYtbEx3OTNESlREbGdCUDBpUXpqcDJIZkdoVVBRVFNhdHpHNnpMOXZDZmhfanllS3ZrdTlJR1lYZU1iTHh2b3c2LWktSTBPaGRHT0ZjZ1ZjdktXZ2FkZmFrMDZxZU1qRkdWekFtczZWbi1vblExc2p0XzNoTldGVnNj?oc=5
2026-09-05 10:31:04,MU,"Memory Chip Stocks Rally: Micron (MU), SanDisk, and SK Hynix Soar on Supply Constraints",MoneyCheck,https://news.google.com/rss/articles/CBMiqgFBVV95cUxOR2NVeEp2dDdybmM4eGs0RDBoWTB3WElHQTBDZVlBVEc4bnplS0xZWlgtUDhpSFM1UlZvanFXalV4Ull4TkpjcmNGTEZDc2VOSTJzRTB4ejFKYXZuaGVLYTd1NGpRWjhPc0RZTjRocmhqbm9pRC12TjRCRVJjeHEzZ0w4YVlDSFM2Tzd2WnNjQ2lQY29kNmJzLWdKNlZMM1QxaGxtV1YteE5YZw?oc=5
2026-09-05 10:26:00,MU,China's Biggest Memory Chip Stock Is Almost as Good as Micron,Yahoo Finance,https://news.google.com/rss/articles/CBMingFBVV95cUxPWVotR3ZEOEdkS1U3S1NPT25IY1NsemxpTHJENy1NQ0QtX1hSREtDSE9seXpiOWFuUWY2bWtXSTRxZDNLaVV1QTIwZGJCX2tTZ05nbXpkNHlTQm1qS3ZJOE96Q3hVd3JwMmJPMUVKdC11bVAzd0RheUVZWFhyU3hqRVZkMFE3N2loNVFWQW5vSmZCUDJ5U3lGWDRNWXFiZw?oc=5
2026-09-05 10:26:00,MU,China's Biggest Memory Chip Stock Is Almost as Good as Micron,theglobeandmail.com,https://news.google.com/rss/articles/CBMi2wFBVV95cUxOWkFQd3RaTjFrUjBBdE5ra1VYZ0o4OURDd3JOc2xQOEdWQUZkWEk3dmI1OHlERkU5TVp2Qlk2d2FKcjVTU1JMQjJtMDF5MFpNNGcxNFhWOXRpYWRQQlppdkZ1d3M1S2FXN1VqVUE4UXRucVpyT0hjVGF4WlN2VmV6UlJSMXNLWWo4TUZXWGFzSTNOV3pHVXVYLUhsMnJsNlJrZFN4Z3Btb0ZkT0ZmSkdhNDJXRmVqQVZHcl96aHA5OE1ocW1GMGhOV2xMc1U1Q0VfYTd5WHJaMVNJQTA?oc=5
2026-09-05 09:37:37,MU,"Dow, S&P 500, Nasdaq Futures Flip Early Gains As Iran Talk Optimism Cools: Why VCX, MU, BCRX, CMCL, DKNG Are Trending After-Hours",Stocktwits,https://news.google.com/rss/articles/CBMi3AFBVV95cUxQTjZPS01ORmdHdnNxYmJKeTNYSnRrVHBvUXZWNnViSFNGQnJwNTlVa1V1QTZDUy1XOFJ2Rmdfek5xbDZwNnZqbE1LQjZscHVVbFlOck02S3NXeWNWWHZDeXl3TVUtcGptNnVBN1dIN0NOaFRiZVplYnJucUV1VmZtWUIwcHlNSWF5bVJvb3VtT1h1cWRNc2J0a0tJVkZFWTlpZ3ZSajRIYVlmMUczUjNfc2dBaVhDOGplbFJqdlk3empaOV9YbTVfWm9mejloRkd3ZjNUYlhIYW4xM3Yw?oc=5
2026-09-05 07:32:32,MU,"CNBC Today On NVIDIA Stock, Micron Stock, SK Hynix Earnings, Big Tech Earnings - NVDA Update Councillor (4ToDTki8az)",Mshale,https://news.google.com/rss/articles/CBMiW0FVX3lxTE5palp0ZFg1d1NoTFVKOUhyUmdkUVEzdFhXNlkyb3p6RTJPYzZWTkZNMU1LM0ZWRUl6N3JKQmIxV3hkR2dNM052YWdRUDhyZm9PZ1lCSjl6RDFRYkE?oc=5
2026-09-05 07:31:39,MU,"Micron Breakout Hopes Rise as MU Stock Reclaims $1,000 on Lynx $1,325 Target but Can It Hold Gains?",FXLeaders,https://news.google.com/rss/articles/CBMi0wFBVV95cUxQMWp4dlU5Q2VkRVdrWXFtVXdGY3lLdVFIMHJjR0phb2E1dE1jTEpoMjV5dlM5NVRtMXlrYnNfbmlVQzkyZm1LT1RYME9RMVhCSVJYLXVIY0M3VVRXVEhJN0tKTHFlOHhvek5HMlJvWFpwZ0NYNWR6dlNickt5UWtDOGxPcTdBX0VVcTFINmYtSFJhbnFNN0pxQXVGMG5MeVVaWU9wYVAxeEZnWFlaY20wTGRlSGpsd2hKcHE0blVuZ2c1Z2xoTFJwNzRyek1ZajJkMU5n?oc=5
2026-09-05 06:30:14,MU,"TOP 5 WORST PLAYS-AUGUST 22, 2026 NFL PRESEASON ("" HIGHLIGHT "" EDIT) Mu Stock Price (GOrikR6mM8)",Mshale,https://news.google.com/rss/articles/CBMiW0FVX3lxTFAxdlRJaUJGNU9GT09hVzQxMUZnLWlUTU1RWk02Zy1GS3dVaDFVMmY2NXRBY1VPb3VKV0hFVldBSFIyNzMzbDRWNlNhWDlGY2E0OWt4UjNnaUMyNzA?oc=5
2026-09-05 05:03:43,MU,"DON'T SELL MICRON, AMD & NVIDIA! TRUMP JUST GAVE STOCKS 72 HOURS! Cryptocurrency (qAvkSEDYWU)",Mshale,https://news.google.com/rss/articles/CBMiYEFVX3lxTFBtZ3ZHc2NkVkxVd0hyVjE0Zmd1TVJadlg3VnR0dUhkR1JoRS13MnR2QVlidGZzd0p3LVdzNEFVNFVqNFB2MWNvU0NxNTlyVTJTeFlmbWRVT1hVOEFhczZqbQ?oc=5
2026-09-05 03:25:31,MU,"MU, SNDK, WDC, STX: Memory Chip Stocks Retreat Amid Google's TurboQuant Threat, Broader Tech Selloff",Stocktwits,https://news.google.com/rss/articles/CBMi8gFBVV95cUxOazdCUmRzRy10YVdqRHdkalNKQVRUQ1BNaUJ2c1VsaWFxc21rR083X3Zicm8wODM4cnBHLWduOXNCY082OUQzRFlubXZOSnhPVmZURUs3NWJwd1FTUUtMLUtTb3hUSU50VTJMYjJtMEk3SDhYYmpxNjN5SlVHVHpoSWduQkhmUlVuQVhaTGl5RGVYb0hOVUhYMndOUGxwVlZNamRLQmJ0U194bjlWWGZON05iaFVrLV9helpzczZjU1U0R2czaHY0bjFRREhXWW5HZUdkSXJMZTRCaFFSOWhkaF9pTXN4WGthR1JrUUlNemxBZw?oc=5
2026-09-05 02:22:00,MU,"Micron and Western Digital Shares Skyrocket, What You Need To Know",Yahoo Finance,https://news.google.com/rss/articles/CBMipwFBVV95cUxNamdZN2JzVnVFSkpqR0FjOV93NWZDckNlNnotbWkxRHRoQXBOVjhtVHhMRVRFWmFDS29hclZGUkd4SVM4TG9tMDVlbHhiSkxOdFdCZHZoVTBxOUZiQVZ0WFBQeHV4MmZSa2JtdGQ2UjNlejV3QXk2cXJtc3VDRkpPNW91YzJRTW1VZEgwSE1PX0FTeFEzNVpUc1o5X3NqOFhESUJVQVUyVQ?oc=5
2026-09-05 00:53:54,MU,"Stocks, Semis & Crypto: SPX, QQQ, MU, SNDK, AAPL & Bitcoin Analysis Palace Vs Everton (iqwiMgzbah)",Mshale,https://news.google.com/rss/articles/CBMiYEFVX3lxTE5mSUJTeklnRDZ5NW1XSVNPOUNpZFN6Q1BrR2NfRHNpZGhCRjRtVlQxNndNampZNkxqaWExYlFmVDZPeGxPeXp0U1otQk51NDdaNC0tVjY5OXJvc2o0Y3RQbQ?oc=5
2026-09-04 23:59:00,MU,"Direxion Daily MU Bull 2X ETF (MUU) Stock Price, Quote, News & History",Benzinga,https://news.google.com/rss/articles/CBMiSkFVX3lxTE9wNmpjVnZSRUprSjk1dm1qdmJ5bkc4SWVoZXlURUg1N3gtSk1mQ3R5S2dnZUw2U2dXdVhDZF9EV09YRjhUSE1WaVln?oc=5
2026-09-04 23:38:38,MU,"Micron Adds $66 Billion as $1,325 Target Tests Peak-Margin Math",TechStock²,https://news.google.com/rss/articles/CBMiiAFBVV95cUxNNkpSeFFESk0yTFVqNjZhTEVwVGRLeVRBZmFMdEVVWXczODU2a0tOVmtaaFlIY0tTaXp1ajFLSHpFMmVaWmZ5Wkg5ajZSTEZQUWVZVDcya2JUYk10Tk5BVjY4MS14SWhQNENyV204NGtpYWx4RFZGY3FRV3RpRmFqQ2RsUDlqcEtt?oc=5
2026-09-04 23:15:34,MU,MU Stock Eyes Best Week In 8 Months On Strong Chip Earnings; Traders Await Dip To Buy,Stocktwits,https://news.google.com/rss/articles/CBMi4gFBVV95cUxNckVQX3htRjRlNExlMEtTc1R3NTgwbnNhZEl4ZGVyVF9kZkpBeG5MMHI5NnVBLVZkUmxjby1NcE9Ob3M3alVEU1dHaGI3V29MREYtQWZuaTRGbGdpa2Jvd2FfS1NMdEh3RHktZ0FrTWJkaTI3eVIxbDZoYmVVUEp5UW1EWTZZWTVUUUM0MUxMN1poMEpiak1feWRnY2lMRl9TYjdHTGllSXBabnp0bGVXQVlTdmVEQnBqNldnaFpZM3l1elF1V1hfNjVZODhXLVNQQW92TldrdUF0dXdrb054VU5n?oc=5
2026-09-04 22:36:00,MU,"Micron Stock Closes Above $1,000. Why It's Not What It Seems",Moomoo,https://news.google.com/rss/articles/CBMilAFBVV95cUxOODkyQnBlNFBfSUxldnNlOHdoWnZqblFzdGZWTjU1YmJEWGxhNzU2cktPM0UzVzFrQWdRMlRSSlVWWEY5WE1ROVhyU2ptYkpabjAtcU1kbzdWa2dNb2pCeWkyV2pCa2dHZWc1bUswMzgzeWlLRllQTlpMYjRtblp4ZmVEc3BqMUVYczkwVFNndm91a1RR?oc=5
2026-09-04 22:36:00,MU,"Micron Stock Closes Above $1,000. Why It’s Not What It Seems.",Barron's,https://news.google.com/rss/articles/CBMidEFVX3lxTE53eFpRMUJaYlhpenpPbEdoSld2YjFzYTVTQm4tN1ZVOTZqVmtzQ2pFV1YwMk9faXE0eVc4ckd5bHpES2U1NW14X0VPNC11aUEtRkpjOEFEUkFCdUp2a211UWFKX25KUV9WTmhqM3N2dm04NE5l?oc=5
2026-09-04 22:14:00,MU,David Tepper Sold 41% of His Micron Shares and It Is Still His Second-Biggest Holding,The Motley Fool,https://news.google.com/rss/articles/CBMixgFBVV95cUxPbFJpOFJkSlNsUURSMzRyWHk1NmtvMkx4MFlYTmZPemFZelFhWF8yY2tuN2R6WEJxZF9wOUJ0M3ctMjdwRW1rODQxdE9DbE1YckNFdzBpVmxNTXhtdWFSdEQ1TXBpVEI5d242WkYwVjdwZzIwNEZfTjgxMUx6clR5S0ZDMlZZR21hR25DOXFDUVhKSkhfOXI1U2tZNVFRSms3b18yZmthYTVKaXM5bUMtYW9VMjZQSlVYMmRyMnN5YTZBaXd1Rnc?oc=5
2026-09-04 22:10:54,MU,"Micron Breakout Hopes Rise as MU Stock Reclaims $1,000 on Lynx $1,325 Target but Can It Hold?",FXLeaders,https://news.google.com/rss/articles/CBMiywFBVV95cUxPUVFrTk1yeXAzQUZSSnhuR3pQcTVVWDFRQ1kzSjJaaGhsY3Q3eUM5T1R5RTVWc3lrcUpWYl9HVGtBRk1WQndaUWpBTTlQVXh3UVNSLVNKYVE4MDlRd1g5WmItVnVYVFVPbTNvSjl6MFhhS1lPNlNRZ3pyOWcyRFZQUTBBQ25XdUZBazktZld0WGdRc1pSUnpueWo0LUR6a0syZnNmcUpxM3otbDNtQUx1dXU0Q2RiVjhzWXJhWjJuMEZjZTV6ZWp6Q1M4Zw?oc=5
2026-09-04 21:34:01,MU,David Tepper Sold 41% of His Micron Shares and It Is Still His Second-Biggest Holding,Yahoo Finance,https://news.google.com/rss/articles/CBMilwFBVV95cUxOX3dINFdlMGNaUENLR1FfRk5US0RGS3hKcWVvZDBnY1Z3aXNQUXV3SVNvQU1NQ2pJTHVnNER3WjZGRlZBMFdUZ3JsTXdSM3NhVHVRWGtndEhfdWpYd3UwZXBucEt6dWRfTm4tamtnbElnNUdXOWpFTGRpZUp6R2dQMEZfMzJHOWNHdHNtZG9pUEszbXgtTmhF?oc=5
2026-09-04 21:20:14,MU,"David Tepper sells 41% of Micron shares, and it’s still his second-largest holding",Crypto Briefing,https://news.google.com/rss/articles/CBMibEFVX3lxTE50V3phZWhFblMyYnF2emJ0TzZ6WU54VFhvcUxVdkJ4VkM1Q1B6WDN5LW1YSjcyZ3BhcU1NRW9DSkJGSWZyNkJwMjdLcmJINFlmUkJaS0RBOC1HREI2bDZObTllWmVFMDRjYVBJLQ?oc=5
2026-09-04 20:41:27,MU,Micron advances 6% as part of sector upswing (MU:NASDAQ),Seeking Alpha,https://news.google.com/rss/articles/CBMiiAFBVV95cUxNdG5HZnpNQzlMRk80LWh1S1dobFpPdjRyOE5tYnhZVGR2NjU2VTNEaTVhUmp2NUp3aTZGMkpsM01GU29RTjdGX3B6OW9JZHh2MHlkVndmSEZaLW1SMEpUcTlqcXYxLUNSWldGaWdmSGp3bjZ2NDhDOW45UFM2S3BzeEdVbl85cVhm?oc=5
2026-09-04 20:34:40,MU,"Semiconductor Stocks EXPLODE! 🚨 Intel, Nvidia, AMD & Micron - Buy Now Or Bubble? Chicago Bulls (bldwmj4jtu)",Mshale,https://news.google.com/rss/articles/CBMiW0FVX3lxTE9Pb0N3cGRsYVBEUzNPTjhoSFpaczlFbENZanFuM1MxbGYtSTR5VHRsNENNeHk1TWkzYWFvNGphNVFPOXZZRVdsVjMwYkotWGJyNDZSZjRXQnVzSUk?oc=5
2026-09-04 20:32:41,MU,Micron: AI Fatigue Into A Big Day (NASDAQ:MU),Seeking Alpha,https://news.google.com/rss/articles/CBMifkFVX3lxTE5CYXNSWGJCOU03TVpySld5dXpabWpjZWRLLVhNenU1cXBmeUZXN2RNR1dnUHZUNHg2VHh4VG9yTmNIM1pEcXhRaUJrYXlwQlFNOEhobmtiRmJVcVBYQXQwWmlKb2R6UElhbUR2QVMtelhZQ0dIdm9nazdkOG9mUQ?oc=5
2026-09-04 20:29:26,MU,"“It’s Outrageous,’ Says Top Investor About Micron Stock",TipRanks,https://news.google.com/rss/articles/CBMikwFBVV95cUxQdGE3YXNFYkh0ekhjWE9obHF0bkdEY0dqcENFSVhmQmJqRHg3cTlULUNKMngyWE1meHAxNk1oRXdpd09Hczl6RnVpU3dabmFiMjczc3R5XzRBY0ZJQkI3cTNsM0lGRUVSVGtuc0EtZzFhbFZDNmlBRW5Ebkc3eWxOckxXd2RkOEFxVkpZanFKX1M4QUE?oc=5
2026-09-04 20:19:25,MU,Sandisk leads Nasdaq's weekly gainers; Autodesk drags (MU:NASDAQ),Seeking Alpha,https://news.google.com/rss/articles/CBMikwFBVV95cUxOOHU3MFZ2QzZ5VmFEZ2tBeWVSTEZFMWxkNXhTQWFYMHRrSjNtZXJfaTRPY25qY0lQU0VaTFNtMFU3cFJkTllSQmlMSVdMOW1neG9NUzR5S1dIQWNzcjBuNzNBM2NobU9HWGFKVUNUOWNxM095NTBGSlczci14TUhzSjRLenNHOEJfYkFTbTJXZ2tQamc?oc=5
2026-09-04 20:09:21,MU,"Memory Stocks Micron (MU) and SanDisk (SNDK) Have Big Upside Potential, Says Lynx Research",TipRanks,https://news.google.com/rss/articles/CBMitgFBVV95cUxOaldpeGhpMU5ZVG1nQ0xtYmdHNnI1SUxWZVBIZDRFa3FJY2NYTW9uSnBXMU5rZ1BPamxfWUxldUtrUUd4RGxqN3dUTzhIcEhEWjFCQm1DZVZyZjE0QjhCY0xzRVJ3RVc0WFNhRVhYOVJfQmFIWmFWbm9wRnczMS1XTElOaG1GMzg3bUktNDFlSElCZ2pnU19sU1FLaWRybmFyd0JQUmlnNXRWNzNrdldLejdySVlWZw?oc=5
2026-09-04 20:09:21,MU,Micron Stock Faces Peak Risk by Late 2028 as Nvidia Budgets $267 Billion Memory Spend Through 2030,TipRanks,https://news.google.com/rss/articles/CBMixgFBVV95cUxQZUItRUVkTE5sUDFUMXJnRUtkNXlCdlY0djJsYmNBMzRPUWFCUFB2bXVSZWlxS2xFS0tmNlkwdTJpRWFpa29RZXVTbGZKdXUtSkF5cXBJVmlHcVpPcjlIMFFEdVpOdnAzSlNGbnJscGpMV0NFQWZYSFBtTHVQNGQ0cmFZak1XVTZXSVdqcFhEMnZ5UHFXeHUyc29JTDdvdG5vRGpUQ3VxQmoxdGkzNFNScGVCZndNQzZjaXhNdjA3WXlkb0tmMHc?oc=5
2026-09-04 19:48:27,MU,"Analyst Has Strong Take on Micron, SanDisk Stocks",Yahoo Finance,https://news.google.com/rss/articles/CBMiowFBVV95cUxQSVY3YjFTdHI5blZYS3p6bHc5ckdPaUI2WE9tek13M3o5TEU4eE1GQXhUdm1Fb2dIVVU0bnJ6aTZwNWF4YW5JOURPRjVaelNNa3hWYl83NGI3ZzkzNlJQSk9LdThhYXRuWmdJVFBsTkZQSnZFVmlpWHpsaWoyeTJ5NUt2YWJ2Ti02Wk9XNFByNklQWVItTXpFS2RrX21SYkg1RHRN?oc=5
2026-09-04 19:48:27,MU,"Analyst Has Strong Take on Micron, SanDisk Stocks",Yahoo! Finance Canada,https://news.google.com/rss/articles/CBMijgFBVV95cUxNeGZlU0VKTjlLQk1reVpjaksySXpaaVEwVURRaGF5Tl9VcVc4MkJLRDJxbmpNbmFjemtWUTZ4Zl9RcnpzV0d1S2VWZG1ucWt1OGV1ZGJLdk1MWHZ3NUs2T3ZNSFRBR3FUQVl5Rzh1VEFMZGx6ZFJzVnNnVEk0NzkwRnh5bFZNOGctSjhULVBB?oc=5
2026-09-04 19:02:29,MU,"Micron and Western Digital Shares Skyrocket, What You Need To Know",stockstory.org,https://news.google.com/rss/articles/CBMiwwFBVV95cUxOZEMyZWRySzdXcG1hQU5yRTVkZ3ZEcWt1X1Fqa2RiazFYNnBoMlo0Y1FRXy1JUmNuckhjTk04d3hDZDJqUk1rTnJHblNCUzJod09nNmd4c3Z2MURPWVZtM0VhNG5IWXUxbkV2ZklLUkg0TmIwQ0ZDSWVEX2RpSXQ3cGV5b1JId3EwWlM0UEVPUzFPbFJEOGlLX1BpSGU1dXNkREtVRUxHT2R2eldJUi00aFdnalJxQVpNZ3VzNlZXYmJwSU0?oc=5
2026-09-04 18:23:46,MU,"Micron Stock Could Close Above $1,000. Why It’s Not What It Seems.",Moomoo,https://news.google.com/rss/articles/CBMilAFBVV95cUxORmNROGxkSFRqaERHazl0OElwaXFnX29pbHFlOUt6S0JMQ1liZG1qc1l3dUl5akh4enljREt5b1NXNjJlYlRNeEIxeGw5WTJJamNNS0syZURJMnlueC1heUdRMlJsdFE3ZWdBWHN1VmxHcUhKaHZVRU1WZmZIQUZJTTUyeGI4VW1SU0x6R1k5WExBVGI4?oc=5
2026-09-04 18:04:32,MU,"Micron (NASDAQ:MU) Stock Jumps 4% as $1,000 Nears. AI Memory Boom Fuels the Rally",stocksdownunder.com,https://news.google.com/rss/articles/CBMiekFVX3lxTE4xNlR0dnlGRHNGYzV4V1pXa21WMnF4bGs0UWFNdlZWV3NfazZVSUtpbFJiZXQ1VUdrcDFWX1o1dEZ5V3N1U3VJYTFVS2hseE11aVY1bjZVQm5vUlNpYXJxUE1IamRPaXlfSE1TOXl2X3ctTjMweTFnckNB?oc=5
2026-09-04 18:00:00,MU,Micron vs. Sandisk: Which AI Memory Stock Is the Better Buy?,The Motley Fool,https://news.google.com/rss/articles/CBMimAFBVV95cUxPclo1VjB4aDlJSzI1aHd3R1FERGt6UnhZRXlZR0dQMURZSTdDY3BaNXM0d0F3NnJWSUw0am1kYm9SdDE3elMwM29BejhkUktuWTBlSE1ERFNiR2pvekxRaHUwQ0JERTd2ajhnZkJhTXhGWm10X2dwbzJ4TlBDRVRUVWo4bG41a1Z2S2NUMTZMMXJ3V1k3UHljZw?oc=5
2026-09-04 17:20:00,MU,Micron vs. Sandisk: Which AI Memory Stock Is the Better Buy?,Currently.com,https://news.google.com/rss/articles/CBMihAFBVV95cUxObS00enpLUXNHU3A5dWMyTjRTWm5HN1p6bEN2cklpMGdFRmF2S29SRy03UmZXbWtZYVVGUlhuMGd6RjBFRFo5S3BobUNPNFpRRGdQaGpKVnVMcF8zenRBN2E1YmNoNlFSUzdNSzZMd0kwbm5CRi1yTGh6UEZBWWJELXVjNjY?oc=5
2026-09-04 17:06:33,MU,What's behind Micron Technology's latest 4.3% stock surge?,Traders Union,https://news.google.com/rss/articles/CBMikwFBVV95cUxOSlpmT3Q0N0VfSU1PQnBTUGQ5WkNQd1pqXzFvYzBVZ3J6cUpOc1lENXZhbGQ3b1dZcU16eGl5c2RPUFpfRE5qWGJoQ0NOUkdQZWhKX2FtTUVUbFdVVlRTSjBRVWNIR3NqQ2Q4OGNoejN4cWZacURGMkJjZkpOQnVaM0V2U0MyeTBtbzlScUR1Szd0V3c?oc=5
2026-09-04 16:56:35,MU,$Micron Technology (MU.US)$ accept defeat,Moomoo,https://news.google.com/rss/articles/CBMilgFBVV95cUxNUzhqX3NLQldaLTlQUUxvOTB5OWNncmtuUEV2TFZUejNsdHptWHpxeU1qdkxEd29hQ2RKOFYzRWNWNGhnaVVCWWtVczE0Vm9PeG1zNVhsbDZseVQ1dGNXbngtX0xmaGx3cjB1SU5mNE1IWUpfc0E0SWQ2YXNkREZxSXp5aE9iOElyT0JZTXV1eVBFNGpsT0E?oc=5
2026-09-04 16:52:32,MU,Micron Soars As AI Memory Boom Turbocharges Outlook,TipRanks,https://news.google.com/rss/articles/CBMilAFBVV95cUxNcUVzSzFJTjNmR2pETzVaZDIzY0paQ2pFWFFSSW4wR0Z4TC1SNWQ5Q0tPM012TVpmaEN3QmpwOHZFTWVkSGE5ZDFodHJwZ0Q3TlFVUU40dUI5SVUxdTM3Y201R2JUb2hPcHlmcjMzOGRBRlB6c2dYdE5pUXhFbjM3M3FIWnpDTjlrQkwwRF9qZXBuZmwt?oc=5
2026-09-04 16:33:37,MU,Micron Technology stock forecast: Strong upward momentum fuels rally,Traders Union,https://news.google.com/rss/articles/CBMikwFBVV95cUxQemQzeWZXRzJqbnY4TVVyR3BXeWtOdU1LeWI1cU5kMUZUQzlObFBkRWRsRWxzUVFTRVgxLWFVOThkRFRKM2YxeVVtcG04akRjWkUzbUFGVGZKVXN6dTZqNWpjOFVKa2pLRXFBOVVDNHRSTEttbk1pcDZXbno2UHFWamc1ZTBYUHNqSWU1QVl6bXB5dUU?oc=5
2026-09-04 16:05:13,MU,"Micron Technology, Inc. stock Analysis: Bullish Trend Meets Overbought Signals Ahead",The Cryptonomist,https://news.google.com/rss/articles/CBMirAFBVV95cUxOV0I2MTMtRGJsazlYUHNHMHB6Mm9xQ3V5VGhrLXB6N1UtUzh2X3BVamFVOVloWVpKdHY2NXBiSUNscmpzVmhaNUp3Z3NPSTZJd1dEUXdMLS1DbjY0LXdJSm9YQzNJRnpBMDJZNHY5TVA3cDlIeGNOS3o3YnBRc29sbzhZZ0hFWjJPNGkwcFR2WndqUWthNUI5b0ZxSERQeGt0OV92cFg0bDZ6MF9j?oc=5
2026-09-04 15:52:00,MU,Why Micron Stock Just Popped,The Motley Fool,https://news.google.com/rss/articles/CBMie0FVX3lxTE03b09XRWd1a0ZRT3YwSHdqQW5NRURtVjRLTGtONzI4eTdhSWIwam5zY2VhRjhVSkl5R2dUWWVaSllfc2NSWUh3bWZZMFdtNWxpTXh1aDZpd05KNWY5dVJidnVZS2pXcVZ4WE9TTWdzZThHMUJwUDVTSVZ2MA?oc=5
2026-09-04 15:47:54,MU,"Micron Plans to Double Monthly HBM Capacity to 100,000 Wafers to Catch Up With Samsung and SK Hynix",TradingKey,https://news.google.com/rss/articles/CBMi4gFBVV95cUxPVTBMVS1nbGpGUGJPQm5td0RPMkRGQkdNTzBVN3VreW14Q1ZkdUo5M2hQNG9uSFlYYVZIZkdKcUQ2RHZiMWhnU052WkRxaVBPNERqT1I5azFsMl9mX1AzVUlnMmFkN3lyRDhQeVJJOWxWcC1SMDlOcnotX095RWN1YVVOUEhaX29zZS1YZUN2YW9HSUVkOWt1Sjl1cFpRQ2RFX2VEOXlJVnlBS3FLN0VoaXNxZVk4c0Mtb2lLNy1TWU05Y0lmWXpPdldvcUJoZjFKOW8yWjh6MFNESy1SVXoxUjh3?oc=5
2026-09-04 15:32:12,MU,Why Micron Stock Just Popped,The Globe and Mail,https://news.google.com/rss/articles/CBMiswFBVV95cUxNV3FOUC1sN2llQTVkRDljRTVIVzlQT0dqXzZRNzdSSzhJZGpBN3JhdFZIVHpaMUNqaVdMaS16OFgzUXphYkhZWk5LbDlONDl6X2xJcDY3SUdvdUNrQ2hHWmRDdi1jVU16ek4xWHdPaTdRb2lOV0gxXzZxcTBNUDRvUy1VYmZSYld0cTBWUjE0dzNTUTVBdVNWWm5DV2xUSU1zQkxRWXhhcDFsMkxibEdkbjFRMA?oc=5
2026-09-04 15:12:06,MU,Why Micron Stock Just Popped,Yahoo Finance,https://news.google.com/rss/articles/CBMimAFBVV95cUxPMVBSQko3cmhIcVBoM2RyS2h0b3NjdEJrQ1F1ZVVJUjhrS0NpOFZxYzN4ME1OWXF0S0o3RHhIaE1XbDVBTnhSYWJCR0l1c2xlWjM5WC12R3RSaXdCRkJ2TDJrcUlYdVBkQnI1TEF0bl9uUm9TbXN5dTQxVEVSWWN2a2ZqTERYMUNhdEdmUUdiM1hGUC1MZ2NNZw?oc=5
2026-09-04 15:10:13,MU,"Micron, SanDisk Jump 4% Despite Hot Jobs Report Raising Fed Hike Odds - Micron Technology (NASDAQ:MU)",Benzinga,https://news.google.com/rss/articles/CBMingFBVV95cUxNNWtNaGJjbnFWOHNLZEt4VU9CMjFYVlRQZ3ZwQU9VMUx3dXZCYlRFdjJiV3dBRzBPS2dzZkhhSkFNdU42OUEtM1cydFl1bER0cVYzMzI0RzJxbmNyQTRqem16WjdxMExwclc1aEZLbnBhQVlfRXA1eHZzVXgycWktYlhLVTVWb0pEQldFVFdPR1kzNlZKclEyOWZqSWw1dw?oc=5
2026-09-04 15:00:00,MU,"SanDisk Rises 8%, Micron Gains 5%: Is the NAND Pricing Cycle Still Accelerating?",24/7 Wall St.,https://news.google.com/rss/articles/CBMipwFBVV95cUxPVVE3c0dVZTNZdlBTdm85YlhIYS1NOGZIZkoya3U0ZUNhTEZCYzJHbmlKbUFabGxGVWxSX3p0N3pVMGFFeHZmdmVFVEsxXzQ1SkdCUl85b2pRRk45bjFhYllPU290UXE4VDRZUlM4LV90WDhFLUxlZkFmdlpaUXZnNDNPZGRyS19JTXptV3FZV1VOY2daSnQzYno3bU51UlUxUUJONExTbw?oc=5
2026-09-04 14:35:52,MU,"Chip Stocks Rebound: SanDisk Jumps 6%, Micron Gains 4% — What's Driving The Rally?",NDTV Profit,https://news.google.com/rss/articles/CBMiugFBVV95cUxNclFHQ1E0XzdqZFNVLVIwYUVISS1WOE1tWVBZZDZkQi1jQUJ6YWlUQUUyRGVnTFNEa1N2X1BiVUdMWDZHZTBWMmgyNEMyYjNZRnY3MS1pa3ZLX25KZGpGeXZSYXRfUGlHNngxRjdycjdnbTZvVHh3ZHh4QjNBSElILUJ0eW0zaWxpYzZ6U1d5dFZaMjVWVlRJUVNUaEtyRVZsWFIwQ0pCU19rZnBac0R2Wkljb0txNDNqU3fSAcIBQVVfeXFMTUI1UTJiZlgyLVc0UE5HdU1ibUdZUEFjcW9QX0xFamhhMkhsbFoyNGtUd3hxOW00clpHQzVkVklrSXhNSnFBMnBEWE5NWWl0ZDM3VXN2MV90a2p5Q0dFN0REc2RicGFnNEtnank5VHY1dEdCZDNfOExNb3U2OWNpeThzeEw4alFaV29rNU9rQlVnVDh6M3I4bE1LbU1tcVREMndOM25ubmJ3ME0tdFBMVjZnd1E3QVBPUUVQWU5mM3RBWmc?oc=5
2026-09-04 14:31:00,MU,Micron (MU) Stock Surges 4.3% Friday as AI-Driven Memory Demand Continues,Blockonomi,https://news.google.com/rss/articles/CBMimgFBVV95cUxOTko1TlZpVS1hNkFfZWkwel82V0RmUTN5eV9LT2tGcWRKaXpKV2FuNmJfRnc5d2hVX3JxQ0ZLdGxlenZsbVVPUENEM1ZLSmQ3MGJkRS05UGJRTFFSMjktNDdnVDY5eXlBRjFHUkxENzg2QXFTZHhLNjN1SmRhcTNBRGt0ZTJrdXJ5VlAzNkVEaXRxa0ROTUtKTnpn?oc=5
2026-09-04 14:17:55,MU,THIS WILL MAKE ME A MULTI-MILLIONAIRE!! Mu Stock Price (HUF3R9u6pa),mshale.com,https://news.google.com/rss/articles/CBMiW0FVX3lxTE1wZ1plaXo4eVJSM3hXYTVjcXFQUDlaeEZlY25sUnZ4UXc5WlFzNzg3NGVpaGZ2SHpYNWJnZm1ORnU1YS1aVjdNdFlzRnRmaFlUNmRxbFB3STJ2SEk?oc=5
2026-09-04 14:16:02,MU,Micron Technology Inc Stock (MU) Moved Up by 3.90% on Sep 4: What Investors Need To Know,TradingKey,https://news.google.com/rss/articles/CBMiiAFBVV95cUxQWC11UDNpTEdYWU96RndxUnVqaFpwczhHakpINE5wZVptQkdqbDJucFhpTjBQZVA3bEVXd19XeHI3S2QzRzVicmNsek5NZDdGaWRoSXhhSXM5VDdpNHdUUXlDSC1YNGNvOUxleG52WDZ0N2Z2dmZPbS16M1dKVzlZVmgtdFhaM0p6?oc=5
2026-09-04 14:05:46,MU,Micron May Silently Dominate The AI Landscape: Stock To Surge?,Watcher Guru,https://news.google.com/rss/articles/CBMijwFBVV95cUxNWU8zbzdlQ1YwRVRSNldoN2dvVlhXRThlZWx0NWdITjNiNmowMkw5SGJmLXFJWm1YNkY2cmNfUkZqUm1LR0RCdXhURzg0Tm1vc2xZc3pqUU9wWDhpMEpPbFBKV3pHOTdPUjlQTi1fNHk0YjV2bU00TWRrQmUtNGp1T2c0RGpiUUpDQXVNNDR6bw?oc=5
2026-09-04 11:16:47,MU,"Micron stock rises 2%, SanDisk gains 3%: why memory stocks are moving again",invezz.com,https://news.google.com/rss/articles/CBMiqwFBVV95cUxOZG04VERhNC15SkJCTHlCdTk5aVBNNHVLYVltMWxaUUxhSnJtNUZTakRwLWs5a1A4a3laVEdJTHNPNXVVdmJsRjJIbllubk5aSmtrN21NQVgzbXg1b0hKOTlVZHBnZjB4dG1NTzFFT3hfcmlXMUhNSlpUWms0N3RNajhvUnczdjdmMDhlTHpQSGFwOXRXM1FOaWpxQXUwV1Y1dVlEdjNnSXp4cmc?oc=5
2026-09-04 11:14:56,MU,"CNBC & Fox Today On NVIDIA Stock, Micron Stock, SK Hynix Stock - NVDA Update Multa (Oac10a4VSh)",Mshale,https://news.google.com/rss/articles/CBMiW0FVX3lxTE9sZXlpeFQ1Umd3Uk1Sakl5cS14WmtMQmRiTzhGeWw4WFJPajdNV0J2UFBjd25wa21Jdnl0XzhLVGl1Y25mSElXRFhEeWh4eUpoeTFkc1FkcnNMR00?oc=5
2026-09-04 10:48:45,MU,AI Infrastructure Capex Race: These tech stocks are stepping up spending (MU:NASDAQ),Seeking Alpha,https://news.google.com/rss/articles/CBMirgFBVV95cUxQU09LVzc5QXRWMVAyeEx1Nk1UWHY0dnFrUVd4RXI1Y2E0ZFZSaVYwTFBFX2p4a0tLN21GVzFaQ0FHWU9qSEZFMC1XT0xXTzI5TlM2dWZKajJwOXhLcmdlRWk1TVBpZUlZSHJodWdKdE51cndiTC1YR0xibS1DMmVKN3dUeWE0S2lhV25KcWxGbE91clFwY2lNRmxLVWVtNWpOMWpnZWxENG1JYUpacFE?oc=5
2026-09-04 09:27:51,MU,TURFCAST WATCHALONG: West Bromwich Albion V Burnley Mu Stock Price (Hy4gceGy1N),Mshale,https://news.google.com/rss/articles/CBMiW0FVX3lxTE9iZXRvcENWd3lrUlRMc1VPODY4a3pscnE4YUo2RnFwN21faEVIS0dYVjh2emExRVZ5cm5fakFPYmE2QTFac3ZMSFNXQ1hSREEwVmdzZE14UGt5bjA?oc=5
2026-09-04 09:10:31,MU,Danny Win In Orono 2022 Mu Stock Price (4UIwtSo8rw),Mshale,https://news.google.com/rss/articles/CBMiW0FVX3lxTFBjdFVONlJrS0hxNl93TFlHU19tQlhJNDNsUW1VSFlTU19yTHZYTlV0LUdDUW91M28waEEyeU95eU9LRkFkdkEwWXdGYjJoT2xKMlpXaTNzLUQxTWs?oc=5
2026-09-04 08:42:34,MU,"Why Are Nasdaq, S&P 500 Futures Edging Higher Premarket Ahead Of CPI? SPCX, SMCI, CRWV, NBIS, MU Stocks In Focus",stocktwits.com,https://news.google.com/rss/articles/CBMizgFBVV95cUxQN09oalhBTWtoYlJ3QjNGb0x4WjdyR294MDgxQ083R240VmtGUHFLQml3c0pSb3JybUwwN0d1NFNKc0pTRFo0WFB1UGZad2RrU0p6NjRIbXA3SEllNEY3UUJ3R2p6QV9KS3Q2YnVoeDBzNWE5cVFyNDNNM0pTN2Q1c3NQWjA3YmRZNWYtSll3YWR1dkNnbFlNOG1KdUJ6YV9ZTjRGblhJLUhQZVBiTVJ3RmxkTnpHSEdMQVNWdWg1VnEtWGdRMXpGbkRMdUFGQQ?oc=5
2026-09-04 07:00:00,MU,"Micron Technology Inc (MU) Technical Analysis: Support, Resistance, Indicators & Moving Averages",TradingKey,https://news.google.com/rss/articles/CBMiZEFVX3lxTE9vVkxBWGhqOHEtMGYxclM3T3dMSXRBcTIzSXRncUpHMGR1R09zbk4zZ3I4LVBPVjZodXdTaTlxc3VmaTRzX3pvYWE4dTVUX1JLVlVURENlVkNTWGFQcWxVVXRGQXo?oc=5
2026-09-04 06:56:00,MU,Why Is Micron Technology (NASDAQ:MU) Stock Extending Its Historic Climb as AI Memory Demand Fuels the Chart?,Kalkine Media,https://news.google.com/rss/articles/CBMi7wFBVV95cUxNRm14S0xzMzlhVUI2TVVyX3poUmtTZjMzUlFOajBhajVDYWtqd2x3dDRFWGNiWkI4NXVVTTR4LXZZaDUyd1B3RzJMcVZqYzlwYmVDZXh5UHJKTnRTM3NGTnlBMnM2Y2MyeFh2Qi11MmhsNTNUM2NUYW9UWk9hcnpwQ1lsaXEtazJNRnV6bmJaMHk1dHU4cWdjT1Vxa3JwRWxVN2NOcGZnYmxoZ1BaVU1pZG4xSFRhVlBfRllma0JobnlFdzdLajhPUlU5bnotalRlcDU1U1YtcVBZSHJ6T3l5UllQTlIxR0hnaVRISzcwMA?oc=5
2026-09-04 02:09:30,MU,MICRON TECHNOLOGY INC (MU) Stock Chart,ChartMill,https://news.google.com/rss/articles/CBMiYkFVX3lxTFBfWlphOUxmbkk5QVR1VHYyUzFJVDdwbDc2RWJmeHItZHo1S3N4TXhWUUhWelY1WEdTQmd5dHNiUlVqS2JCbTNyN2JGd3pnQ2M4Z1hmNmNiSGJWaUVWMzhjWWJn?oc=5
2026-09-04 01:08:26,MU,"Nasdaq, S&P 500 Futures Rebound As Micron Rally Lifts Chip Stocks: Why SPCX, QCOM, TSM, BABA, PLTR, CBRS, WEN, IBRX Are In Focus",Stocktwits,https://news.google.com/rss/articles/CBMiigJBVV95cUxQZjEyUjNpdUFBSU1TbzlQNmpzSV9LcDA3cDJHcDdWRWdmN0pqa2Nma3lfdEdJdmM2eGwtUE9PMTdqYUh1bno4cC04b3lUUVNGMEVlY0xYMTRZODJHREltVkNSYzlsbnJFd0RMdjQ4X0lDSWZRM1pfR0RJYTdPbl9UYThhRUhtdU91T2NsSVJqQlBCT2J2YmNXbXFWV1BQdkkyMVZmM0NwLXRGWk52WmRUeU9CZzRnalNQX3BMWmQ3VEpYMUE3RVhaTWNNOElQTllMR1NVYnUtWVFIbHh4a25heWJjWjZfNjdoT1d2eFhhTnlHN3dTVU05MnhGZGxHZTRpWm1xc2o0MEdSZw?oc=5
2026-09-04 00:43:27,MU,Micron Technology (MU) Faces Market Pressure Despite Growth in T,GuruFocus,https://news.google.com/rss/articles/CBMisAFBVV95cUxOdmFoN0pnZW9fR2ktNEUyVTVyRjVjOEtLY2NJOFh6Z3MwOTQtSzRMWFFvdlJ1MjVHU2NxQXYtTks4enJMY1g0bnZiZmk5N0ZybVBINk8td3FQR3Nlb1pXMm91d3p1NWhBZlpxaTBSdEV6VDR6ZjNEMGtPamRrX01PLTk0cV9sT0RxYlpiN2xoSEMyN19TWjVOTC01TnkxRm1zNFItamE5V1N3RGttanJXQQ?oc=5
2026-09-04 00:33:04,MU,"Transfer News Roundup | Courtois, Barcola, Arbeloa & PSG Stars Mu Stock Price (uQWLmOGPPr)",Mshale,https://news.google.com/rss/articles/CBMiYEFVX3lxTFBUZTdjc1lWLVF4eXdSU1p0SkJRREpYand1X2dOcUlBWG82cmlZazFkOW01XzV1eE9YTkhmbi1MX3d5Nnlmb3I0UFIwMzhPcmYyQ3pnVWU2WmRaR0Q2R3o2RQ?oc=5
2026-09-03 23:05:00,MU,Can Micron Technology (NASDAQ:MU) Navigate Shifting Market Conditions?,Kalkine Media,https://news.google.com/rss/articles/CBMivAFBVV95cUxNelpRcUR2MDR5MElRWmlqV21VbTFja1hKVmUzdnpCUzVxQThLaWg3TFpfUnlpdzhjdDhSTEg2OUcyMnVLdUxPbVdNTXg2UTdxWm4xalV1bGh2UnJGUmlrMmhFS1N5OGl3NzN2OHhjSEJlcFNNOVlOT215VGlOZHpZU2FjeDJ4eHhZNDJBOGR3NkJNSjNFNjFNdVdtT3lzT3duNlZKcDRKZ3ZTWmZjN0luamlmeHk0WDB1ZWxkZA?oc=5
2026-09-03 21:56:56,MU,Swiatek Just Admitted Something About Her Toughest Season Yet Mu Stock (VkBrVM0AN3),Mshale,https://news.google.com/rss/articles/CBMiW0FVX3lxTFBWaVM5cFZYeWJ2LTdpdFV1WmRqb0ZmdDNIVnUtdDlqVWZULXJzUmNvMjIwLWp4NFFiOERSdHY3bldGcTVXRTNNOGU2TjRrbEo4aWEtVmRLRjdSTkk?oc=5
2026-09-03 18:39:50,MU,"Why Does MUON Track MU? Tokenized Stock Pricing, Premiums, Dividends and Corporate Actions Explained",MEXC,https://news.google.com/rss/articles/CBMizwFBVV95cUxOZzhsSlY4LXZTLVVtc1hkakZsUEFuRXdJdmRUaThfMkRjNkM5QThvdlN2NlBxY21BZ0RBekhxNW5fZ0NwazRNSWo0bHhscEtmTjhtbURjak9zeURlMkdMR1E3UXdfNUg3VVNESnJhU0pLSC1hNmRxQnlwLV91ZGxEOHljTGEycmNuVi1kZ0JINl9udXNCN1VPTVE1NkYzaURjamZBbDF3TTd2Rlg2Ni1xWWJqZGk1QVRqd1V3TVlwbG90Q1ZzMGxwUEllMy1Gcmc?oc=5
2026-09-03 18:36:03,MU,"Micron, SanDisk Lag Tech Rally as China Grabs Memory Market Share",Benzinga,https://news.google.com/rss/articles/CBMiqwFBVV95cUxNZjRjN2tvNVpwR3VRSDJhMjVfVmFpQmxIcUdmdm1abzJHbG94bV9rdngyNF9adG02cmVpN3RBdUdlemZwZGdLOHhUSkVsb2gxZFhQTUw4OEptZWhKYTRiU29KbV9KNWRKZTdNeDJSaVBPY2pJZ0pjLVB4bEVKZkVtZkRyNkRQeVBhMDlIMnVJRm5GRFVjMHBZTE1pX1g5XzIxNUQ5NmFsVHJicWM?oc=5
2026-09-03 17:31:11,MU,"Micron Technology (MU) Faces Taiwan Strike Threat From Nearly 10,000 Workers",simplywall.st,https://news.google.com/rss/articles/CBMi1gFBVV95cUxPREpNZDdEcG9yc2d1cnJmblliLV9DODZNakxDc3ZTN1NBQTFldmxISER5TWNCamxaY0dfNl9pSmhZb19IRkpVMDluMFFZRGI3WUI2SFZ3Z2VtQnVoM3lSWDBMaHlaZ2JEdlRaZTJ1SWZXOVU5UktrWTM0ZWRPRGtEbVpJM1Z1WUNRZDJJZ0RXbjZFMlZYblhyZFlPclR0cGxpOEE2MndlR3RJT1pVeVVXQXBmclp1d2xKLThibldJNkl6RHhEd0h5MVEyZHdTbi12M3czX1JB0gHbAUFVX3lxTE5KbE5YRDB2UTVOYWlUZzE3NjZEalpSMjdPUGlfbE5CeUpsR1Z6dWlNLUJuSFBiUFhXNU1acy1XWkxuMS1xeG9zUExLMkg1ZW94SURhOWpacVc4SlFxSzhqTE9OUjAzbVVkeFloUzYtZF9YTC1PV1lRTEdMZy1pVWZ4ZllpUGRLaDAyajBGZ3Bvd2FOeDAzN0F6aUVWbktZUDFQbnItTzFxQ2pLanZreXhiaFVYRk9ENFJ6T3laalpQRGQ2blVDLWFEekRBejlWLXBtWVlIcDk5N1ZwVQ?oc=5
2026-09-03 16:06:37,MU,Micron: The Q4 Report Has Impossible Expectations (NASDAQ:MU),Seeking Alpha,https://news.google.com/rss/articles/CBMikwFBVV95cUxOZ1BuYjZpRVBtYVpqSmtWaTJkRlFsenJ1ZERyUDk0Wk1qYkZOX21pWHB3VTRhdHhNUDlqVTM0WkhXUENrSTV3U2U4Tndqd1JwcWFPengweExYNHhabmpnSnBMRWpnTUZ2MEtRQmlGMUJiYnh4WXo0UFRsVTRoNlZfeUtjNGxiVUJITlBmc3NHUFc5TTA?oc=5
2026-09-03 16:03:06,MU,Is Wall Street Underestimating Micron Technology Stock's Potential?,Trefis,https://news.google.com/rss/articles/CBMi0AFBVV95cUxPYllHZk02aEMxUHJWZjlSaE5kSlB3YjRfZjRTZjRkWEd5Wk83MllQMUs0R2VUT08zd3ZacTcwX1lYVHFpQUtCYXVHVEdwUEVfRmFJQURrbUU2UzVOWkZLOHRqR1l1Zmd3SldvRUt5MS1jTjJJZjFxR3ZXUmQydXAwYTNCRWpXQjJhNWVrSmxRc2xiZGJTdzlGQThjckVIZFQybWszT0NSRkVmSVRQSG9SVkp0ZE5lX1dYY0ZLYjBKY1lnY3VzbF92QVUxbTItWVdG?oc=5
2026-09-03 16:00:33,MU,"Semiconductor Stocks EXPLODE! 🚨 Intel, Nvidia, AMD & Micron - Buy Now Or Bubble? Chicago Bulls (bldwmj4jtu)",Mshale,https://news.google.com/rss/articles/CBMiYEFVX3lxTE4ybFpGMjJtbjJXZXFEQjJJeXdLOHZ2U2RhaDVBV21SckRVRGJvcmZrYlZ1Y3g0N2JGNzlydUF5aXJTRTl0RGNBcUZhcTZoTUlqYXVFVDViZHdrSlVYYkpTUg?oc=5
2026-09-03 15:55:37,MU,The Fed's September Decision Could Hit Micron Harder Than Its Own Earnings,The Globe and Mail,https://news.google.com/rss/articles/CBMi7AFBVV95cUxQSUdVMGt2ZEM3cFdHWVpCY2dFV0pTV3ZxVXdheUhfRms1bDUzeGE5VS1PZ0ttRU5kSXFqQnZJMGY3anZweHhfSEItMHkxZXRjMFpDVS1URUJxd0lDRGdnMUViR1g5UmpQbXo5UDdobEpnd2RVTDhLbzJUWGE2akxYb3VOWjR1TmVpOHB6TU8xeVFGR1lTNXJGRXBlTFBhSEhoaHNTdkRZMndVYVkxb1FVVGEwa1lVNlhlR0JGOVRUYmduU1BLZGUtZ0duUlE5OUhEc2QwT3lPZ2dLZUVYdXhiWHZlS1JWNktvWkx2Sg?oc=5
2026-09-03 15:41:45,MU,Micron's 11% Drop Hasn't Shaken Wall Street's Bull Case,Yahoo Finance,https://news.google.com/rss/articles/CBMimAFBVV95cUxPYTBkbXJGT1N1OXAtZ1YwaHUyX3B3cV95cGQ3ZU9rYlZiVWVWZDB2RE81a1ZkaTJUZlVEbzdOZzUwb21JQ25jeGRGVkZnQ0h5eHQyWGVPT0RUNHd1V1J4SGxqcU1aMmlSVE5mc2VZcEhkRHZ1Szl2NGloWmwzcVQtcHZWRFJzMGx2azBFcXR4dHNMWjEzNWxrZg?oc=5
2026-09-03 15:35:00,MU,The Fed's September Decision Could Hit Micron Harder Than Its Own Earnings,Yahoo Finance,https://news.google.com/rss/articles/CBMinwFBVV95cUxOMC03SXk5YlI2U3VXbGlqdkxMbkdzNGdJSV9RcERKb01CXzVHLWlCVWlQbVdEWm9iTzB6Tl9xUU9hYmNCYlRybDhEMnVXOHUzRHZ0c00tRF9MdW9QbTJTTVpvUHY2RnRucmxsalQ4RXl1ZVFieXI1UVA1ZWtVTlp1TVdMOXd0U193eWg0c21nYWoteDBDUFF5WlFJTFJlMEU?oc=5
2026-09-03 15:02:02,MU,Micron Stock Holds Near $956 as AI Demand Meets Taiwan Labor Risk,tradingkey.com,https://news.google.com/rss/articles/CBMiwwFBVV95cUxQUmhVektBQUNyNTBwdDZNVUk4QjFYbTZMNzR0TllLbzNPQUh0Tk54TDBaRVFCd3RRM0tTWDhqUzVGdmpEWF9faXJNN3ZLS3BMLVpMV1pyQ0NObHFNTVh6TU5VWTUyUDFub0wyWlZKbWtHd1EtNWRTY1NGTk93bF90V2NZVElJYmN0UldZVS0xLW14b1dINEtLMHdiNFlQYTNHeUxPeU9FdmpFNG1fakNfSjJwb1JoNl9NY1czNWpERGdnQ2M?oc=5
2026-09-03 14:11:45,MU,$Micron Technology (MU.US)$ What a ride,Moomoo,https://news.google.com/rss/articles/CBMikwFBVV95cUxNaXhwNmhRUFRYSEFOcWJaM2NpUE9TWFpsNl8zMURVQVFVZkN5dUxmSzlrQXRPZklpd3lXM3ZnMlhQRzZtc0x5cG9qQzNneGlJNzllVE9jNjhEUnlETUxPNkJXR3U2MnZNNDRtRW0xaHlaUkRpM0RVRmJEVTZaS0RXOFhOUDFvUlZMQ2N1QVc1U0hrVUU?oc=5
2026-09-03 13:54:56,MU,Micron Technology remains a Buy with strong AI-driven demand and stable earnings despite sector volatility.,Pluang,https://news.google.com/rss/articles/CBMiakFVX3lxTFBGMG1vM0V5Q1MxcDNPZ21tODhUeERwMm5EMnFCNE9TV2hmWFoyMkRmLXhSTVhYaUt3MmNTZTNrbjlqX191TGR3UnRhcUJzZzlxdHFIY21FbjNIc0h1UFQyYWgwU29OT2FyRGc?oc=5
2026-09-03 13:38:05,MU,"Micron (MU) Stock Forecast Stays Bullish, But One Threat Looms",Blockonomi,https://news.google.com/rss/articles/CBMilgFBVV95cUxOY2ZhME1SMEczemFjV2JUTnROS2pzZzJqQmUyMzZlTXZhanpZdWJKUEdIc1lCMmV3NGZpV0JwX0RYSG85dDUzOFpvUTFMUnZCb1ZOUlRYNEtQU1FFd25kMjB6UDJlYXNfS1IwSThvVlVaYTRMUFhQbENyZm13LXV3OHNLN0s1QU0wQjBEYUhRXzNEcm00UlE?oc=5
2026-09-03 13:35:30,MU,Chinese Chipmaker CXMT Surges to 10% DRAM Share as Micron (MU) and SK Hynix Navigate Market Shifts,Blockonomi,https://news.google.com/rss/articles/CBMiuwFBVV95cUxNTmw2a0ZyUVRRV0IyeTFBUU8xT3cxbEVISlRZZ08tR1FJamQ5S1pHSkhIMXlMWDdxRHE2TE9xT1BLQW1iNFMwcXNqRzJXdTM1aTlvYkwzaUkwVl9abDcyOXFtZHQ3dFpNVXUzWlJqODBBX2dGNl8xTXMzOTNGbjFOWjJ5bFlrT1RlOXNSejVjRldla1dJVWFBbE9nR1lwVlRFLWh6UWFLRXctNXdBdzB1M0Z2cjVFWkVfZWhj?oc=5
2026-09-03 13:25:00,MU,Micron: This Isn't Peak Memory Yet (NASDAQ:MU),Seeking Alpha,https://news.google.com/rss/articles/CBMifkFVX3lxTE1RN09MRzFWekVkeG5HbUpJRDVNZHVpY0FsNmdMUE1xVi0ydVdYWTA2U3g1MVotdC03ZWpkVUlOWnE1cWJ2Y2JMY1BESXZNbGZ4eDNHVjBER3FvaWdyU0NaWEFfRzczOGdsZXl2M0RNTnpIN05tOFZCemJlX0hDdw?oc=5
2026-09-03 13:23:16,MU,Micron vs. SanDisk: Which AI Memory Stock Is the Better Buy after the Pullback?,TipRanks,https://news.google.com/rss/articles/CBMihgFBVV95cUxNWGpuZ1UwZmNQbTNtSjVLWEw3TjlKQllObVlqZkw2YXdpQU52RzZhNjJ1c3RKQ0xpbGVrVFZGT1o4QXJ2eTVfcnVkblJGLUVGbnVTaENvRnpOc285ZHFtaGZkSXREbHZoWGNGZk9XaDRjRkRQYkdCUUhkS0VtdzlteU1YM25uUQ?oc=5
2026-09-03 13:18:55,MU,Micron stock analysis as the AI Bubble Index sinks to a four-month low,invezz.com,https://news.google.com/rss/articles/CBMiqgFBVV95cUxPM3AxMC1VMUl3eEc5c3pCR1JoY1FubUR6MUFWSzBWMUNHTHFDbkNNMWNGMFhEMlJhYUdjVFJNT1U5d09xcGJYd0tNRWJVcy0xQnZhWDlsN0JSS2JtdlQ5NmVEZ0U5WWk1ZnNBQmVHNS05dklSVGkyVHBrbXNKYUpEZC1WMjhqcmlzUjlydmZVTVJjUmpJSnFzT0pDMlZQZHBaYTQ2NjZzVEw2UQ?oc=5
2026-09-03 13:17:15,MU,"Nvidia vs. Micron: Own One AI Stock, but Stay Away From the Other, Says Investor",TipRanks,https://news.google.com/rss/articles/CBMitAFBVV95cUxOMUdjeGtYSjZKRFlWREYtSnVheTlOV2hDTWFocExKMWN5d29BNEV4c0RrOHdsSDJzOUZpc3A1dXo1emJQdjhpRXdqNVV0MnFIMXV1Wk9yOWdtZDZXWXBXWldoVklvTUFhaUZWLUhRaHpLdC1DbXNDQWY2TUdQWFJidkpZaHM3eUlmTGNBODZxbDh0N0pUd2NTNW5LaFNReVpLWl91b3JlV3M3QUxkRkQ1WmM2RjE?oc=5
2026-09-03 13:17:15,MU,"‘Not There Yet,’ Says Top Investor About Micron Stock",TipRanks,https://news.google.com/rss/articles/CBMihwFBVV95cUxNY0ZfTnNnWGpoNU1pdFZ4SzROd3hqRmhKYTBacC0yQVFsYTcwM0VpZTlYVTR6TUhYOUFYQzByOTdrY0VNOXA4WndWbzE5Z1NsVW44QUNaVTRRRnk5YThCNHpFZEFuMTdHTzNVZm1veHlhODBwVGpiVHF1NjJPSnVndmRPWi1kWUk?oc=5
2026-09-03 13:15:12,MU,Micron stock analysis as the AI Bubble Index sinks to a four-month low,Invezz,https://news.google.com/rss/articles/CBMisgFBVV95cUxQOWQ3R19nYndyZEFjazQxcXVfbTRoem1pbE94Q0tFd1lCdmNCZ2R0OUEzSTNjZDNaUEh4ZlJfWVhRWE53aHBvMGI3QTVBZm5PZXFYNVdoN0NKeVE1b1Rmb3RhQ08wcGV0TDY5YVRYenQxNGl1ODBwTkgtOGtCRmJ1RWdUV0hOQjdDUXVLZ2RsMjhZOWN1djRfZ0JMbkdqTjBrbDRFVktxZlAydklvdnFQekhB?oc=5
2026-09-03 13:05:00,MU,Micron stock analysis as the AI Bubble Index sinks to a four-month low,TradingView,https://news.google.com/rss/articles/CBMixgFBVV95cUxQeFNQNWJQUWlwdzFqTVp6MFRabGlDNVdmMjhzUENWTEliUzdRY1lIZWRIVm1kMkVhN1NsX0E2Z1RrcUpjRFV6dlMzUHUxWGNfaU1yTW9meWdZSTVSaHBCbGc1akk5ckpkMm1pVE51enF0UmNlZ1ZpdjlQNlN6cTFQb0Zuazg1MTNEMVI4Z3NqV1F4cUpEOWI3WmxjYzE5cWZVNzg3X1lvS04yNm9xeXp1QzRIWUNoTXBldVZFSDB1Z0FBTXF0cWc?oc=5
2026-09-03 13:05:00,MU,Micron stock analysis as the AI Bubble Index sinks to a four-month low,TradingView,https://news.google.com/rss/articles/CBMixAFBVV95cUxOQXBURndHQzRpME03eEw2cWZLQWhkNmM4SVdreFdjUjcxT1pwZ3hDcy10TERaaEVEaTZMdFN6SlpIZmgwdTFYRm9saWZhRjhMM2ZfZGxzWEFfQWZNY2N1VWxCczhfUlFCV1VHeGRnMmRuMVk3blBXU3ppblZhWGRadk5qSDZCeEh2WlUycnNLQ29XZTRGUEVoOFNvbnZNRmIwMkJjQ0hDU084RkVLb181OVhmenF5Q3FfREdTRkNteDNSai03?oc=5
2026-09-03 13:04:09,MU,"Zacks Earnings Trends Highlights: Alphabet, Micron and Nvidia",Zacks Investment Research,https://news.google.com/rss/articles/CBMi1gFBVV95cUxPcUp2Y3BfQVpsRmRFa0tsM2J3VUIzdzVBS2k3aWRSM3Fxb1piaHVkU2hHaUhPSDF0ZzYwc3ctM1FVTXh2cjRxMFl6WDNkMnJyZUhrc3N1YlFxUjFNazRxS3dtZDdMZVNCcjB0N1pWZzh2SlZsWV9nMFg5RnBTYkpYaWJGOVVRQWtIbDcycko5ZTJfSkJtVzNBeXIycnMxM0l3dnVTOVR2VkQ3elRYQlZLRW5wR1ZBRFFBQWE4ZjhGNlkybVA3UTVhZXY3ZXQ0VlVyUGhTeEZ3?oc=5
2026-09-03 12:40:57,MU,Micron Shares Climb 2.4% After Early Loss as Memory Prices Strengthen,TechStock²,https://news.google.com/rss/articles/CBMikAFBVV95cUxNbEs2alZWdHdvR0xaMFpEYU5nUnE4WHpoekNPUFhVei00RHRpMnF0Nmh5VE9pMTB5VHFRQnBiZUxfUmVNTEY3ZHhSWmdsRnBsMXJLUGJjbXFUVXFqYW9Udlp3S2p2ZkZGUGZNTkVkSEtEUW1Hai03LWNDVzNBV3d2N1kxOHc0elFqa0tNUVI2Njk?oc=5
2026-09-03 12:06:08,MU,Micron: The AI Memory Shortage Has Spread Beyond HBM (NASDAQ:MU),Seeking Alpha,https://news.google.com/rss/articles/CBMilwFBVV95cUxQTnhhMWZyX0hVbmhuYVdCTF91RFd0NE5wcngyM08xN0xycy1fN0FHREVyS0p4b21FVXpja0FjbUItcnUxb2xvamFlUElLTl92LTl3MDMzTkZoYUcxZnpIN3B5MW1JazZNOF9QVXRfV1VlTzlwcXVJZkhBZ01Ra0dJNXJYWVVmVFBycm52RGRqbXJ0d0hjWmpv?oc=5
2026-09-03 12:05:36,MU,Will Micron Stock Crash? The Real Risk Starts in 2028,Watcher Guru,https://news.google.com/rss/articles/CBMihAFBVV95cUxNRllhTnBoakFlNWlOWXBWUEI5S3FURVZtRk5vS1RJVTJqeXZEUXhFVmNwREY2Y2N1Q25uZnE3V3EzWHdIc0FzMmhFTEs3RW1sbVlqU3liMnBMZDd2WG82MjNtM2pNMlBDdTRPcUV6aldfVzAtdU93OHlYdDk0UXR6Skd4Ti0?oc=5
2026-09-03 12:00:00,MU,One Huge Fund Just Bought Taiwan Semiconductor Manufacturing and Dumped Micron Stock. Which Stock Is the Superior Choice?,The Motley Fool,https://news.google.com/rss/articles/CBMilwFBVV95cUxNczViM25HcEhkSlkzbG54T3JkeU40X2FLUm1fLWh3bExENDBjMDhWYWtzRDN3ajhYa2pzX3BxSE1NNWZrS1JrNjY0d244Tkc2dnhWcUpqTnh5Q3VkZ01YWUwwVEtFNFdHWm85TXJPWmxqTkJXRlZ2b2JRTHFkbTkwVGRwQzF3V1dFUWUxZVRwY2Y2MEVYdlNR?oc=5
2026-09-03 12:00:00,MU,"Micron's 20 PE Is Criminal, Unless Nvidia Knows Something (NASDAQ:MU)",Seeking Alpha,https://news.google.com/rss/articles/CBMinAFBVV95cUxNaEtZUm91bkJmTHNnRU5hX3JzdXExNmJoUjZMRFgtYzF6YkFIMUp2d3RLMVMwdFY1a2hDVDQ1cW5kRGp1VjVmeUdxYmxJQnJJYXZrYXpGcWlSbWVUY2doLW5pSC13NWtRamNVLWxTcjZfQmNyTVExRTFmclhvcjBOb0o4TkYwcXdsZkJ6aUxnT3R2ZWZHSzhabzJ6OWo?oc=5
2026-09-03 11:20:00,MU,One Huge Fund Just Bought Taiwan Semiconductor Manufacturing and Dumped Micron Stock. Which Stock Is the Superior Choice?,Yahoo Finance,https://news.google.com/rss/articles/CBMilAFBVV95cUxQZWF6djZ5WTJRM1BQeGJGQUtyQV9VQVQtUnpuRk5qeGtsd1ZoaFlKQ0NOTlh6aDFKVjhCZ1d2Y2QtNHdxWDh0YTFaMGRTN0R4eGhhNmd2WHlVdVhtaGFOTG12Y3hmaTA1Rkp3QXMwUzYtODRKeXRBWGMyZ0lVMjVNZ3VrUGx2b2pwRXF2Mnh2SGNqTGhT?oc=5
2026-09-03 11:05:45,MU,Micron's Q4 2026 Period Will Be Another Record Quarter (NASDAQ:MU),Seeking Alpha,https://news.google.com/rss/articles/CBMilgFBVV95cUxOZUJldGdlMk5hck50aUZJUkxIdFItSDdGWlNvOVE3UVdqZFdtb0VoN0RGVmlFSHA3aU9hRE9NNGtwMGt0WXFwMkZ3ZHlkWDkxLXRqV2RQRWxXTXc0ZkFBLUUxS1ZZVFdMcUhWX2lwVkY5YVdWem5SemtVMzMzSUxMdC04VmliUWhVaTUyZk5HdTF2dER5V2c?oc=5
2026-09-03 11:00:00,MU,"Micron Technology Stock Drops, Reasons to Avoid the Dip",RS Web Solutions,https://news.google.com/rss/articles/CBMisgFBVV95cUxQZVVFdVAweGZUUnRpTWpYb0twWmdaek91Tmg5WjFUdGo3MXJLSVpTWVNqUXVxVXZhZEszdE1KWDJmSkJOYjMzc2paWTRfeFktNENXU0g4VDlzVE1JYzdBUUlINlhYR19zckFkX29oRXpfeUR4RVJsUUpKaEM1V1FwY3lXV1VFWWwwemgtOG04V0FBM1Rfb2pqS3lUd0ZfbTk3VW1MSmpTeTV4VU5hVmVUMHJR?oc=5
2026-09-03 10:00:00,MU,"Micron Technology Stock Has Stumbled, but Here's Why I'm Not Buying the Dip",The Motley Fool,https://news.google.com/rss/articles/CBMilwFBVV95cUxOZGpzcXc5OGNjRFl5bFVVZHpXY0xncTBkdTd1QW9XR0NfbFlGZ3BYUjlSOFpUamk5YzRlemktYTNRNTB0LUJsN2g0ZV9QQUgtRldUY0hFcUJkMUNMYlNtcDFPMG5fdE03Wlk3VHh2SkxJbWIzdkMyZDAxbm5CSmptWk16Ymt6RFpFTV9jVnJLMW0wWU9sMTZV?oc=5
2026-09-03 09:21:38,MU,POWER OF MAKEUP: Adele! | NikkieTutorials Mu Stock (tYs4QYoAjn),Mshale,https://news.google.com/rss/articles/CBMiW0FVX3lxTE5NbkxGME95b3VOQU9CNjBGVDVTVUxVa3pCV3BYNHUyekM3U3QyNllrTWJLTHVKbjBvUmpUdE5GZDhDdlNnVVo5b1Y2Q0RINHlEV1NldFhTU1RETjA?oc=5
2026-09-03 09:21:17,MU,"Micron Technology Stock Has Stumbled, but Here's Why I'm Not Buying the Dip",The Globe and Mail,https://news.google.com/rss/articles/CBMi8wFBVV95cUxQZU9USmtIT1dOcXNXWGZlX3kwV3R0bXhHRl9zSHZPbmxobC1wYXVpMnFqYXBMQTl4QjBiTE5SR01YNWJOY0xBZV9ZQ3lKMHk3eWR6WU1mQ3J0Yk9FVF9wZUpFTEEtODJhVnlLVkpSQVpadGV4MmcxUnR4eWduQVd5eFFSNVVyQjlxT1o3NE5Ga3RaaHhPT0RvX1dsSlNFX1l1RnIxNV9KTVVPaDVxUVZIVkN4SDJpLVdQeC04TjZ4V2lWVjRoN3lxTkdJUnJMcmZLdGI0N1VOT1NxZ2ZYQ0k1c1FPOUZyNDkwSGw3TFBaN2lhczg?oc=5
2026-09-03 09:20:59,MU,"Micron Technology Stock Has Stumbled, but Here's Why I'm Not Buying the Dip",The Globe and Mail,https://news.google.com/rss/articles/CBMi7gFBVV95cUxQd1A4WkpYNFFVRVhYOUZYbFN2MHVOOXJwZzVtVlJJd2Fma0NJYWRvRklzd1U4eFlHZTB4T3ZiNzJBbTF1NDg3QWtSa3hwQjY5N0dOdDVQYjlrZ2RkNFVhRzhDTnlNZ2ZaWjVFd1NRazBJUHQ3OVNSdDBYbGRmZmtxR0FYZ2w4Q2lJMlhOU1ZaOHd0Q3Zad0RBUlg3a1ZvTzA2ZXRmMEpwSTRiNlpXekJaMzBLbUtmcWd0NDNkYnNnX2dMMVc0UWlBMjgtRXlwZWpibFNGT3kyZ0JRSlJCUWpwaWtRZ2Y2d0NJMTZqT2t3?oc=5
2026-09-03 09:20:00,MU,"Micron Technology Stock Has Stumbled, but Here's Why I'm Not Buying the Dip",The Globe and Mail,https://news.google.com/rss/articles/CBMi6wFBVV95cUxQcWNxenBUVlBKVXp5OXZNNENFT1Rud2dVem9Denk2U2t2UlpSdGtISi1sN0ppaFhEOWRpblRnNy04WEdNeUZrZzg3YVdTWEJFSm8wY2dIOUwzNmR0eGN3TjFRS19FUmpWMkVad25Oekh2RHNVNlAxQ2NFWkhaamxzWUdCWFFKUUJSM0Y3N0NibVFPX0NVOWVMaHplTUZScUQzR245eWFaNWNYN1Q0dXFCQS13dmZkV0tmUmE1MGtTSUM5allnYXc1S1p2TjVQWHhESnhOQjdLXzlIOVZtUjd4NG1sdEo1ZEMtdnBj?oc=5
2026-09-03 09:20:00,MU,"Micron Technology Stock Has Stumbled, but Here's Why I'm Not Buying the Dip",Yahoo Finance,https://news.google.com/rss/articles/CBMipgFBVV95cUxPZVI2dktUUkJBSTBlSkRxdEpQb0swWmx4T1dQXzJsOVAyUEt6TmhTNWs4SjdhamlQN24tMUxpSFg5LWc4Vm45alNnc19CdWtIZFhYYlpnNjJzb2l2ZkdqYnpUUFJaUmowcGR0U3ZQSTE5SHZ1VnY0NnNDeEY0ZVBISk5TUzVwb0NLcjJVNWVtSmRVbHNFYjdIc1VyRDBGdEpneDBrX0FR?oc=5
2026-09-03 09:04:22,MU,Micron (MU) and SK Hynix (SKHY) Stocks Gained on Wednesday – Here’s Why,TipRanks,https://news.google.com/rss/articles/CBMimgFBVV95cUxOXzgtdTJHdnNjZ29KQjRLLXhIdGxJeW9tVjEzRzd4V0ZqVWhabmliZEJ0Y0RCdlFyVG1WYzFLZjlOUU4xQzRQZzhqZ0RWWWJQS1JoY0lLckpxcGRIVi04c0ljNktWcVdYY18xcFlLd0U0eUN5dXVxSl9RWmRZbU9uT2VMOW1jN2ZDZEVJOEFiOWRHY2FqU0ozcWtR?oc=5
2026-09-03 07:59:01,MU,"Micron, Samsung, SK Hynix Suffer Drop In DRAM Market Share As China’s CXMT Pulls Ahead",Yahoo Finance,https://news.google.com/rss/articles/CBMimwFBVV95cUxQUGt2OVJsb2NrNHZ3Y1FSUldUa1VhRlNrMWNCQ0NEcllXbkRweElsZkt2bmQyRE9qWWcwZ0YwX05kOThTMk1URVFVTGtGYlJIUUdRVWhRMVRPSlZNR1dfTmVxSlBPNTBqUUdwUHgwZ1VuRkpiczJ3Z0h6dTNpR0tvcmV6aXRzcUZtcUtkYV9zUzdTR2hydE1UWWdtUQ?oc=5
2026-09-03 07:59:01,MU,"Micron, Samsung, SK Hynix Suffer Drop In DRAM Market Share As China’s CXMT Pulls Ahead",TradingView,https://news.google.com/rss/articles/CBMi3AFBVV95cUxQLU9qRXhHaXc2QXFtYmdLRklOUnBBYjZGd0ZlckFfd0RZNXcyUWVlWW9KZmRMUEdsWV9KNU9wNlFzWVVST19SQVZ3Wm1meWVLSHRYMmVINlFfNldLNTk1TlBnSWxqRWhKX3MwUTItcWVMT1F4SGNMa08zcUxlWFJuYTJXZlhwNUhuZVNRUHRmanRLWkNILWdsZGZCcnEtZVJ1SUJNcGVOakM3ZkN1Z29yTlNkU0NQZXlzTXFCNmlJMUdWZnBkZ2dWVUcyNXNSeU43cG5ZdkdmSEYtYU16?oc=5
2026-09-03 07:59:00,MU,"Micron, Samsung, SK Hynix Suffer Drop In DRAM Market Share As China’s CXMT Pulls Ahead",Stocktwits,https://news.google.com/rss/articles/CBMi4gFBVV95cUxOU05uNk9DcXU5bm5XZFRMVERrNjUxWjJSQmN6Qk9heFQ3NW1KZS1RZkkwNzBKUlAtNi1TT3Z2V1hxbTJsT2p6ckpycW5PblUycmZ6WHM4X2hJRm9mdGNmWjgza3FrRkxXTzJDOGJVZUVhYmJ0UGc5b3YtVjlsOUlsSmhQU3prUUV0ZFhObTBfR0dIUW82N3U1azI4My1YZzc5T21PTWJONmhzWktCQUNGcHh3OHNzZ3gyMXNuS2h4VDZjTDJGS0ViTFFHMHdNR0h3Z1FRQ3pwMTF6T3Vqdk1XR1dn?oc=5
2026-09-03 07:34:00,MU,Micron Technology (NASDAQ:MU) In Focus as Memory Pricing Tightens,Kalkine Media,https://news.google.com/rss/articles/CBMivgFBVV95cUxPdjhuWUo0X0h4OWZSMHJ6TllkRndzSXhaeE1ENXotNVMwZ2U3Y1M3X1dENTlCZGRDQmNxa0M1ak05RlU4TFlwZGVYZkk5am9mOWZ1VnhpMGdDN2hQT1BsQU9wbW5TenRKMGtCS3o2VGh1UjZBWjRHTUNPVnVrT3FHQXdUUE1ncDBzU3c0V25PYmJqWGtHWUs1bjM1cHNVMElTTnA3aHQ3VmhrSTJMYk5QM1phMlZIczJQQk9QUlpR?oc=5
2026-09-03 06:33:39,MU,$Micron Technology (MU.US)$ lol .. joking joking,Moomoo,https://news.google.com/rss/articles/CBMimwFBVV95cUxPSmJOTEZjM0FhWnZkdGY3cFRRemlFZnlPMHZwbkd3eDlBbDYya2hPTTdLd1Nhb0dnc2NtbXcyU2F1WTdKWGFVTUJxeWZ2RFVfbW9iRWsxLTMwZGh4VEkyNDRqbVJJWVFYbzlmMEVFU1pHeEhlajFXUHEyTnY1SjlYUmZCWVNIQkFOLUZCRHdhNkxXTHo0VEh5cWU0VQ?oc=5
2026-09-03 03:25:00,MU,Soros Fund Management Increased Micron Nearly Eightfold. Is AI Memory Still One of the Best Chip Trades?,Yahoo Finance,https://news.google.com/rss/articles/CBMipAFBVV95cUxQLXdCYTVnNkRKTE1sRzliQ2E3MHoxQnBmbkNvZFRvUmhCbFUtXy1sNVE4RVJURmVhb3J2ZjdkMFVvdW9Kb2tJRVp3eU10Uy1mZlVCckdJTXltclA4ZV90MGVXZFp5WnY4SWVxcUVJc216V0ZPMWNSdF9uUnNOUGhxSy1QVDB1V2gwRGo2bzFmTGJPSkV2Q0FDUWNqWmpyZkoxenQ5UQ?oc=5
2026-09-03 03:17:00,MU,Leopold Aschenbrenner’s AI Fund Was Forced to Sell. Were Micron and SanDisk Wrong—or Just the Leverage?,finance.yahoo.com,https://news.google.com/rss/articles/CBMiowFBVV95cUxNaUtVdUpkcHBVbV85Rl9IVmVSS3UxckdjU3VGc2hIZHphUDQyYUJLYVk3aWNDWDZsOVJWWnFDeWNuVjVuUTJkLUxQVFppSW03SDlRdnIwNUVpaWtwY2k3cEcyWUM2U2RVdnpSOVhSSjlzYndZcDl2ay1McmV4UGhFWkZqRGppTjFVc21vb1FuRTBqOVY1NHVkZGJPSmIzU3ltSVow?oc=5
2026-09-03 01:13:00,MU,Micron's Taiwan Unions Are Asking for a Bonus Worth 83 Months of Pay. A Strike Vote Could Come This Month.,Yahoo Finance,https://news.google.com/rss/articles/CBMioAFBVV95cUxNNU1XaUxRRGN3VjNXRDhaTTV6VjRoZVV4NVlvWW5zYjIyZC1fazl2dld2VnhJZmxTS0RneGRvN2FFb2hjUHUtN3QxcHZ6VDJlNS0zd2JZMWF4UkpUTGRBT05VSmtjOHNrMG1QeC1DYmhlVFQ3LVVxNzJNZ3M5bm1Ha2NYRWdRdXR1amFPU3A3ZHc2QUhUak43MHZmcFpYczA1?oc=5
2026-09-02 23:01:14,MU,Surprise Breakthrough Solves Shipping's BIGGEST Problem Mu Stock (fXzPz7MWfY),Mshale,https://news.google.com/rss/articles/CBMiW0FVX3lxTFBIN0hrSzh3YVBpTlRiM0l3NHVndmtEVjVKdFRDVjhVNmlFMWxyTkYyRjg4TUs4QkozTzhWb2hEMzA4TGhzRV9EeWFEMFdDcEpXaEtHMnRla0htTU0?oc=5
2026-09-02 22:01:54,MU,Billionaire David Tepper Cut Micron 41% and Kept Buying This AI Chip Stock for a Sixth Quarter,finance.yahoo.com,https://news.google.com/rss/articles/CBMiogFBVV95cUxQc3dYTXJneFpKTW41UklkaG1tQWo1R3E4ZjZ0bTBDQVQ3aUhDVnpwWi1PSmRfWjN1SDFVcEFJXzNfT3hDamJWakRDY3VQVnItMUJFU0ZvaXUtUC1MV3dzNEQ5Y3IwbmxmT01lUW5qd1l5VkhnZWgtalpBUzdhdF9ndkpULTkyOVVsOUtKZ0NDbms0Ni01VjVlRG5vVmU2NzQxcGc?oc=5
2026-09-02 21:47:00,MU,Billionaire Philippe Laffont Just Bought Micron Stock in Q2: Is the Artificial Intelligence (AI) Memory Winner a Buy for 2026?,The Motley Fool,https://news.google.com/rss/articles/CBMimAFBVV95cUxQVTlZQVpuYktUbHhrXzREVERqQVROa2pGUWVJcUcxNjJQbUQzT25rWm11NVFmZWhiS3NrN2hEYnU4enFRbmRKYWh6RVpkR2pFVFZQeHZGSk9CY2JJejdHV21zbTk0RGpDaEZuNkRiOWdSblNXRDVzSWI3MmM2NTk3RzJEYmlfelh6TmQwbEVQNzNjMFJoTFhCRg?oc=5
2026-09-02 21:45:03,MU,Micron (MU) Exceeds Market Returns: Some Facts to Consider,finance.yahoo.com,https://news.google.com/rss/articles/CBMingFBVV95cUxOOTlvUWpPQWhyUkQxXzYzNExwVUd2Y3RzMTZEREZCX2pISHQzUGtXMkpNY09qZmE5X3M5MnlHYVhfQmF5Um9aaEM2UU9vSnQ3WlNTTHBRUDVkU0lidW5zTnl5Ymt0QzF2Q1ViaWU5MzNzbWRGcW5jcFdfdWNyeXl0NVN5T0hHRkZDV2lTQ1RSRnBSZGpXY2pPSExKLV9pUQ?oc=5
2026-09-02 21:39:25,MU,Billionaire Philippe Laffont Just Bought Micron Stock in Q2: Is the Artificial Intelligence (AI) Memory Winner a Buy for 2026?,The Globe and Mail,https://news.google.com/rss/articles/CBMisAJBVV95cUxNeTVyWWFuVEt1R0xPV2pKVHk0MVVPaGUwdGRiRHEzblJnV3VMb1NDMEJrS1VEZXU3Nk9PdGVNRkxmR2NhZUhfaklpNjZFRHEtY1drVGVBTHJNdXNDdVZMV1h3c2lhY3ZzLWxjZWZvNDZ4WnlMa3lGV1ltbW1LOUV2NkstTkZqTjZYRTZHbVY0UTZMelFzNjVCcnVHNEh2YTBFS2tRdEJuUURGU1hNMFEyaGRyekk1di1WZE0zSzd5Y3lER2tEb29nbi1mMWo0aUZlczJ0YWxqclo4WkY2SVU3RlpQQWU4SF9ZVzJRRXg3cEszQzBJYnZFOTVCcENmQWowU2ZLSVBHQ3J1RjN4cS0zYXh3OUFuR2p1SXlLc0lsekV5WkZaQm5FWGlJaEVvZzcz?oc=5
2026-09-02 21:20:38,MU,Billionaire Philippe Laffont Just Bought Micron Stock in Q2: Is the Artificial Intelligence (AI) Memory Winner a Buy for 2026?,The Globe and Mail,https://news.google.com/rss/articles/CBMiqAJBVV95cUxNVmc4djRWdXRPQ201OHdiLTZlTWxfVEhFdldYV1F6eVBVZHJJR2Y0X3RVWVF6cHI3WWNaWDlnVnFaQUdPTGN5TlRSbTRGUi01YjdSVlM4X1dWb2ZOVHVDdTV2NmlwbGRHZDhGSWtqRDNERjBqX1RZRExYMXlCTEJvbVNpUUJYcEFjSmNMWm53RUwxSnhVdVBiVkJ3YnJCRTg1OVBXMkxQYUUzSHVZOF9KM3hQVXBBeGFPRHNKcV9hZS1wcFkwc0dSOVpKWEhWV1hYWXNRRWYyaFdMdGl6anBjbzVIbkxhMXcwWkpzcHVhZlE0UnV4N2t1OEFQYmk1MnlmaFNZNUZjeVBacTVwR1Y1T0VjeG16QWJwYzRzRkhkWGFuT0hVZTFRMw?oc=5
2026-09-02 21:08:52,MU,Billionaire Philippe Laffont Just Bought Micron Stock in Q2: Is the Artificial Intelligence (AI) Memory Winner a Buy for 2026?,The Globe and Mail,https://news.google.com/rss/articles/CBMirgJBVV95cUxNcHVHcnZ0MUMxQzU3OHdLbDRCOW1RUy1MTEdzMGRhWFRjbzg5bk1KX3dBS0Y1bmZjRm8xd1A5RVprTmdXNjFUZkcxYzdpdUFqaC0xNUdIX1VZd2IyblI5LW4tRTNhb19uWWdXNjV3Y0FESzdXRGZyWnVnUy00aU1oRmFPX2lYeVlUdjN3T2ZLZlUtTlNlT3dhZEtWY1M0b0tqREp0YXFKOGhXQWFrNUZrbFRxcndpaldLam51LW9oblBJWkhscFNvUXBlODJkbGJ2MFpnMjZ6ZkJnRVRzRlFuTHZtcVpleDJjeU9rdFBhdENLMnBIeTdwT3E5NzJFcFRmMWtCNDVFYXgxa2tiZDlsNjNTU3FWZnJraUcwT1FiUUlfZFlGV2doNDV3ejJmUQ?oc=5
2026-09-02 21:07:23,MU,Billionaire Philippe Laffont Just Bought Micron Stock in Q2: Is the Artificial Intelligence (AI) Memory Winner a Buy for 2026?,theglobeandmail.com,https://news.google.com/rss/articles/CBMisgJBVV95cUxPVFdHa2hjUVZLTVJjTzlsWVNfZ0MyUmFrZFRVYy1PVzVBT0pnUk82UF9xbk0yOGJDWW1BSFRyOWxtTF9leTVzOEFtMWRSZkJTTWVTamlYa25xMTc0Y2R5MjZ3eVMzaEdPdEtyVS1CTTJpNTZhdEhRSGQ2ZzlMYm1zNFpzWjJLOG0tQnR1cEFfNVRCeGZkNWs0YXF1U2k3UE53MWtKVDhza3dka0lJVTYybmpLczhGWmRCNVoycU1iZDJnak94MVBVUnlodGVuZ2xTbm1WVkMtdDhUZ0NyazFhUXpjUngzdEE4OVRSd19JbWE3XzZEaEVzZm9VRk1pVzFpNWs4SGtoZ2kwOTllZlRrb0JNQTE1U256Z0RRV3BvbVZyQUFFVndJLXpSaTNOQTJHMVE?oc=5
2026-09-02 21:07:00,MU,Billionaire Philippe Laffont Just Bought Micron Stock in Q2: Is the Artificial Intelligence (AI) Memory Winner a Buy for 2026?,finance.yahoo.com,https://news.google.com/rss/articles/CBMiqAFBVV95cUxQS2FiNkRIYUtyaTU3dVZWd2dVUVBvbkszb2lvS0xXQ2sxYTJhdGdXYzltZnR4YWhUWWoyU2pnLVpCLWxzN0xtU0otUEFmQnRQTWZienVyM3ZJRWFMamptNjdXY29hcHJleFpxbFo4MkVNdkdsZzMtZzZ4TUF2WUcwbW9lNzlGa3loRmJSZ3JqU04xS2Y4QzcxbUpEZkVqYnN2VUI2WnlIQUg?oc=5
2026-09-02 20:32:29,MU,Netlist stock tumbles after losing patent appeal against Micron,Investing.com,https://news.google.com/rss/articles/CBMiwwFBVV95cUxOODhpbGRGR3lhd2poMTZ5ZjNUdlNLWGV4ckc2RlNScWNzT3RFTU1jcW9LRXgxeWtmWU5lY1RyR3ljSTZoYVJwbVBPUnJrMVhuOGpwTDNXbU5KbUd2aXFOOGE1aHd5RTVHZVJLLXpIc1hpU2g4eUF6R1JaS3NEUDVXYi1DQWdjUDdKeG9KcW5PbHV0X25PUXBjd1V4a29JVEJLOTlTUEt6S2RqWGFxMjRrdk43N1BoTHc0UjQ3RW13ZEhEUlk?oc=5
2026-09-02 19:25:37,MU,Why Micron's Strategic Customer Agreements Make Me Even More Worried (NASDAQ:MU),seekingalpha.com,https://news.google.com/rss/articles/CBMixAFBVV95cUxQdzB1YV81Wi1yajVmYVZFX2t1bl9oSWp4U0RKQ2pSYmp0QUd5aEw3cEwzTkhDZUI5b3ZpamFUZmRfbTlOam5aMkdQcjhBWEw1a3hYdlNuZFgwMVhwM2RlRGJWOHQ0RVB0ODUwVGJmZ0JIcFBrbm5sLVZSZ3BzTmJmWVNvbm0xbUhibm5mSEE2cUVEQVhFbDBDS2VleFZGeWZCWndOb2hiOVlzbTJxaFZsNUtmeHNnU0FpT1Vva1dqdlUwTlVf?oc=5
2026-09-02 19:25:37,MU,Why Micron's Strategic Customer Agreements Make Me Even More Worried (NASDAQ:MU),Seeking Alpha,https://news.google.com/rss/articles/CBMiqwFBVV95cUxOclJuTVZuTWVxWXlzLXFNbGloWFk1V0FpeTZvcjZDcUxQOWJiVENoNV9zcmdBaFhkNWtKMW1Wb3JLZ2RNRUhRNVBySFRxRGZ2aEZCTkVPbHZ5a2FCTi1ueWdsbGh1TDdJODJUNzhJUEN3QlM3TnhjcFpiSE5IMjFLbDhyLW5RLUppd1EyMTJ3Y2RJYVc2TmVTUi14cHdKdFNBRXlEZnFTREJZWVE?oc=5
2026-09-02 17:10:00,MU,Micron: This Cycle Might Shock Everyone (NASDAQ:MU),Seeking Alpha,https://news.google.com/rss/articles/CBMihgFBVV95cUxQOFEwU09WczYzcUl0bU9XYlZrZ3dmZ3Q4WUVoa0l2TE5OQmZqcFNURXlfN1pJYnVEREdYaHdoejRiSlM1cnJfbDJHeUNJQkZtcHpDTjJ6cDVubldjXzA2SVBKbUNoY3dobG5vUkpfcm9wVEpYdENXOUJzYlBpRWUybEtwY0l0dw?oc=5
2026-09-02 15:58:19,MU,Micron Stock Offers More Than A Market Ride,trefis.com,https://news.google.com/rss/articles/CBMipAFBVV95cUxONlE0aFJoRDFrMGQtXzF5QlNsakVSZlBNUXVCdFU0aTRMSVV6bWw4Q2xpR2JvWERBOFRKOEF4T09BSG9QSEJkcHk5RXNVNTRXMTZnenpFSnV6cmFXX0NqaFJkSVdxUjc2VHd6YXNaQ2o2bHRvMVpiQURxV0lnMHY1N04tNmNlZkdXOXBscWhUOUo2c0pUTy1jWWl2VGVlZ0JrMjRmNQ?oc=5
2026-09-02 15:30:55,MU,Micron Stock Soars 685% in a Year: Is the Momentum Still Sustainable?,theglobeandmail.com,https://news.google.com/rss/articles/CBMi5gFBVV95cUxQWlpIVTFUd0tHZmJuQUFDWExScDFELTFEbF9PNjBQVk9aaDN1el9WTV8xcDBUS3lITjVVNlFMX0llQ3ZLeFVGYTV4UkJ3d052VS1xYlRCQWhyb2p2SjVoT1RHVVJERjg5R3MxckloMHU4N2syaDlFRzFtMUxHYlFVN0tfUkwxX3BrQmVxTnR3VU9JM0tiUVh4a2xUb29CNWt4U2VrUS1WM2s4NFdkSFdNR0xfUXM5XzdIZklCQTFPUkJ4aVhBbFkxOVVPaTRMMUtaeHFQYVRCZHYxOHpKUlZRNjUyYTVxQQ?oc=5
2026-09-02 14:53:00,MU,"Micron Stock: Amid the Gloom, 1 Big Catalyst Shines Bright Ahead of Earnings",Barron's,https://news.google.com/rss/articles/CBMijwFBVV95cUxNeFU1UXYxSzJGMGNEU0hrR1hUSWswV1Jsa1lyWUI5djBEVnBZLTdfVHdRbG1nWUlOUDNKXzZoS0s2cmNmR1pfeFBpWGNzczByTHJRZ1hPbHA5MFl1LWtIRUxGLUFUcGlObTdOVkNsS0V4cjhWUVV0QjJDSFRWOXdkQTZPRW1OVHZlaE9Uc0MtVQ?oc=5
2026-09-02 14:19:00,MU,Micron Stock Soars 685% in a Year: Is the Momentum Still Sustainable?,TradingView,https://news.google.com/rss/articles/CBMivwFBVV95cUxQdVJTVjY2MTZneGVNNHdlVnpzU1RVcGgtd2RzU2hDVjl2TjRlTDhIQ2NzbG5ENUl2S016ODBHR0UzT2JXc0FqdU5nQmtmaGhsanhwV3U5a2dzTFpCTy1TRTlPclpmblFkZ3FycklFSi1BV1NCTGNRY0l6RHAwUTFCRjkzVE95T0VqLUxnb2VLd2tOaWlhUFFvRnhUREx1NFplRS1QS2tlWklXZUJzTHNKZ2xPbmUwNzdpbll5ek85NA?oc=5
2026-09-02 14:19:00,MU,Micron Stock Soars 685% in a Year: Is the Momentum Still Sustainable?,finance.yahoo.com,https://news.google.com/rss/articles/CBMinAFBVV95cUxQN1gxRFJXcHJ3Nm0xU2JmWDZJaE5zLThsY2lDeXFOTTFoUlkyU2RyMkI2Y1ZqT1QxeWkxNEdhMXdjVkhHQVJhckxpYlZFYW55NXNOYlpDdUQxcWhtcXltb0dmZjdDbVAwSDQyWTZSamsxQUVwZkVuTWNDcjJCd3RTRnFSZTVWX1ZhcFZLMnlBZDhDMDhUdGI4YnVHM3c?oc=5
2026-09-02 13:41:53,MU,Micron's Bull Case Has A Chinese Bear Case Built Into It (NASDAQ:MU),Seeking Alpha,https://news.google.com/rss/articles/CBMimwFBVV95cUxNdTF0SlJiV01WdC1PbV9rVHl3d2loYnJ1MlJ4QU5wc3dyMGhIbDk1VUlVMWZTWkpBd3YyOGdjTnpHaHg2aGhZb0d5enotZWZxZXpTMk9uODU4akxheENWcWtxbENtbV9UQXpsTmQxeS1Hb3dwcmdxVHVraGJxUlE1akdnX19FZ1hsb0Itb2pqVEV2VUdsV2RyOHZ3MA?oc=5
2026-09-02 13:41:18,MU,Micron (MU) Stock Drops 13% Despite Looming Memory Chip Price Surge,blockonomi.com,https://news.google.com/rss/articles/CBMikgFBVV95cUxPZ0xHWGlpdnBLdDRUUmloRDIzSmJPZGVKMTdVbDM5bzFHOGdzbDVFTHBtbjJKWUtBRWR5U0VzeDVzeHpnTnpiQ0pFaGhqd1VDM3lWYWdfMThyYXRkYnA2RVVkMmtEMG5BWFdzcXRvMllYV0ZUM29XTHA5MzlPLXcxck92cXRfZUxQdG5rMjVOU1g4dw?oc=5
2026-09-02 13:31:58,MU,Micron Stock Soars 685% in a Year: Is the Momentum Still Sustainable?,Zacks Investment Research,https://news.google.com/rss/articles/CBMiqwFBVV95cUxQbmtlWnd4NU9rNi1jZWhWM0RnMkZXOXJwQmI0Z2NIQ3hmVzZJWHlLamFWQVpsd2xxdWE3a2d2bHJhTFBVQVFZVWhqWVRTWE85S1dPN1FSTWNiakxnRnJwdXlIaFYzVElNdFZjM2ZFZDlFM0diT0EwaGtrNGYzN28tbkdubnBVZ0luanVkd3pkTnExTVJ2S0I1dldoWmZkX0RVTGo0WWlkZzRWQ2M?oc=5
2026-09-02 13:30:04,MU,Brokers Suggest Investing in Micron (MU): Read This Before Placing a Bet,Yahoo Finance,https://news.google.com/rss/articles/CBMiogFBVV95cUxOd3Nnb0pGdzRMOWJwWk54STVrRFBFZEhlLUk5Y3VMQkFqaVpYX3lVWmtvNnFVaExueWZHeTRoWWZDeEF5Tng0cXdnTmJ6UGJrQmJ2QVRXLXROdU4yc2tqYUZwai1weEJYeWZqamhSWklacWFhLWVoSkNsWGdHTVBMSlFyWnlzQno1UXh1U1JyTWM5OGwyUjVNXzhCWHByNUxqY0E?oc=5
2026-09-02 13:22:13,MU,"‘It’s Years Away,’ Says Top Investor About Micron Stock",TipRanks,https://news.google.com/rss/articles/CBMikwFBVV95cUxPOVVqYjFid0pJTUh0MFd5Z3NLaXJpaGZQUDhwN0pKWnJZRktOWmptUmhlRFBtbWo2NDRHMmpqamxVTTlJelJaaC1HQnltVmlEYWo5YmxQUVRQTzYyU2I5bzZRUmJybGtsTzNrcWx1bXJKZGdzUU5aeE81a0d2V2o3MHR5R3d1YTFuVGc4Mlk1VXFHWEU?oc=5
2026-09-02 13:21:12,MU,MU Dec 2026 1700.000 put (MU261218P01700000) Interactive Stock Chart,finance.yahoo.com,https://news.google.com/rss/articles/CBMiZ0FVX3lxTE82RHcydzlOeEkzSTdSZGhEZ0N1VFFNeUM4WHpsdU9ON2Z4N0NpcTlDdXhQdmJMMXowUzR1WXNtaDhqcW1pUFFOZ0o0MWY5S0NhV0xQTEUzRGxJb2dndV93THd1eDRHbkE?oc=5
2026-09-02 13:18:12,MU,"‘It’s Years Away,’ Says Top Investor About Micron Stock",TipRanks,https://news.google.com/rss/articles/CBMi0gFBVV95cUxPdWYxdmF1UmJYOWVuY0Z0a3RDNUJ1MVpRT2JFeHFONzgzWUFqeTgxZk5GM21uZ1lKRFB5YmhINnBXSWd1ckZGTUYxb0JlTmUtUldoczktUHY5YURkV3dhZzRaeEVxcWphWE16T05HdldkM19qc3hqSDVMYW5SYXhlYUZKMmNXV3gwMW9TeHlsaHFjRlZ1VG1JODVLNEw4dW1LanIwMFpCVC04cHFCOERyZzhaaVJEWjIxMjREWFoxTjJ4NE9paV9oOWVwOHQxQ3NEOUE?oc=5
2026-09-02 13:07:00,MU,"Billionaire David Tepper Sold Micron and Sandisk, and Is Hedging Against 1 of Their Largest Customers",The Motley Fool,https://news.google.com/rss/articles/CBMimAFBVV95cUxOMlpGLW9XNnZ6T282b1dLWnRRWnlreWU3bXlyTlFMMDEzSHJfV1hMMS13RHdGSnRZdFV6RjJVMHhpWUZISDNKcWRIRVFuUDhtbHdLUWF0VEozUEc1RGlMelR4R3hxM1VhaVd2cktPRTRoNW9kMlBOdVU2U1VZeGdXcVh5Tk9tYVotMW01S0xUN21XRzZhSGJaag?oc=5
2026-09-02 13:06:36,MU,"Micron, SanDisk Stock Prices Continue To Slide: What’s Going On?",Watcher Guru,https://news.google.com/rss/articles/CBMijwFBVV95cUxNRkxPVEpScUxZUDF0Sk5ORGpZUzV6YVM2MTRBb2ZXWV9FczgzbDhYU2JVNndoSnBKRW5KZ1dKY09sT3ZoSzRTQU0tWVJoa0ZaNmlXRWhZZFk4VDlYdi1KMVVITEl3SWlGUXpKYlQyMlNHOFRONlJhYzM0b1NCTVpUMzdJY3hubUNETWlNMG1vRQ?oc=5
2026-09-02 12:49:51,MU,MU Dec 2028 2350.000 call (MU281215C02350000) Interactive Stock Chart,Yahoo Finance,https://news.google.com/rss/articles/CBMiZ0FVX3lxTE5GNjVJVjFUQVJXRi1GYmlXdFRoZEpuZGpVS05teWUyTnJ2WGY4WlZja2ZfUEo0Umg5RGRvMEI3cjU4V0tnLVFKZ0xrdGoweWg0dlZ6Q2NMVXhGS0hnekhSaVZuRGlLRmM?oc=5
2026-09-02 12:27:06,MU,Can Micron Stock Break Out as DRAM and NAND Contract Rates Spike Over 50%?,TipRanks,https://news.google.com/rss/articles/CBMipAFBVV95cUxQMWJpc1g0S3lEY05KcUFIbVIwYm5sSlctT3VWLU1sdlJxV0lwUlJOc1Ntb3lZSWpTd21zVjM4dXJtUUpMV3ZsWjRuVU9XMkVzVHYtX3ZTYUN3YkRQZ19FaVNPNTY5N2FNajFhZU8wQUdabXNsUnlianVnb185R01SZHptbzFuRlVxcVJjQUFMS2trbXBvTDNsWHMxLThZdENzRTJlWQ?oc=5
2026-09-02 12:25:00,MU,"Micron Stock: Amid the Gloom, 1 Big Catalyst Shines Bright Ahead of Earnings",Barron's,https://news.google.com/rss/articles/CBMirAFBVV95cUxPd1NVQlNyQ2ZBVThPbmVYazRCSy1WSmtzdG85UEJTT3dBOE90amloa2Y0X2N6dG4yak1qbU54RTQ0SXFRZHg0ZEcyeGpuSk5PUDdvdnhaOHVjcEQzZXJZU3NJb0hLeG9ITXVCX0p6aHBPaURPT0ptTGR5bWFBbGhyZVB3LXdXeUY1dFBNU0ZEWERkU0lCZ0taSTlmVDJzemNIYXh2SFpoeXI4SXZy?oc=5
2026-09-02 11:39:00,MU,Micron Stock Price Faces Potential 57% Drop by 2027,The Cryptonomist,https://news.google.com/rss/articles/CBMidEFVX3lxTE4wMlFMcU1jNEpFcG9jLVh0V1JaQUZ5blhpbDBWaVQyd2pabUF2RWtuRTd5SkRNR0MwVDJVdnpHZUxDQUVnWDJldWlGUllUbk41UjBUbVhlSnZMMmlSbU1Ha21JNjVGUmt2MUV2OVMwZEt4bXFF?oc=5
2026-09-02 11:38:02,MU,$Micron Technology (MU.US)$,moomoo.com,https://news.google.com/rss/articles/CBMigwFBVV95cUxNUjZkR0JMZ1JzYUhZSHFpSlotLUwxdkJPcjMwMDhUa004bHNKUTdubXhQN3BnVUg3eGRLN1ZYMnd5RWxCZWlLdEczUmZKSnlieFNPLU52eHI0T0ZTNzdHVzZCNmx1M1FfTTAzTEtVeTJpZmd0Rnp6VWJwLVpyeUE3dmFTaw?oc=5
2026-09-02 11:19:30,MU,Trading expert sets date when Micron stock will crash to $400,Finbold,https://news.google.com/rss/articles/CBMilgFBVV95cUxQc256NWhyMXFYMTNBSlBvaXhhNlZOVWFpVjRfamdwN2xyNGJXenc1LUpCUVdUdVFsdXljWVI2Q1pXUDVGYTgwUWZYaUtXWlBZalpSZUl5YndTRC1iemc0S05IWE10WjNWdjNTUExOT2Q2TDRuel9TWDMxOTJWYnFBbExrT1AwaWlfbmRpd1UwY3o3bEU3b2c?oc=5
2026-09-02 11:04:43,MU,What Is Going On With Micron Tech Stock on Wednesday?,Benzinga,https://news.google.com/rss/articles/CBMiqAFBVV95cUxNcjhHVVBxQXJDakVRWlBla1BrQjAxUGduejZfSHpCd0dETnBfa3E4dkhacjlKYkZRalB4MGc3b2FvcVRfd2s5VndiVGY4NEs4S0ZxSWgtUmtpWkpBQWhyTldreE5ZcXBXSWxtd21ndk93Z1c3bGVpYUV5Yk42ZlQ2dU5IWHZfazZybmJkOUJXa0dKWDBRYnRsRjJjbTlJVEl5VnNvbVowZ0c?oc=5
2026-09-02 11:04:43,MU,What Is Going On With Micron Tech Stock on Wednesday?,tradingview.com,https://news.google.com/rss/articles/CBMisAFBVV95cUxNZkdEenBrRGNIQlcwWUZmVXBEQV8wa1Y4dzBHdWJtSGNhcGpaRFEzOW5Pb1B4R3NoQmFUNGdaelpjNDhfakQ5WDF4UmxxZF9UbHRBQmRtd1JDZE1aOWRDS0hhd1VveFNsR0IxV2Y2TVMxOTctQ1pjQnh1dUZ6QjFKZDFHazBtZTVweGhlN0p0cVFKbzFGd09XY0NJZjlvMHJYbFl1emlLd1pOUk14a2toRw?oc=5
2026-09-02 11:03:44,MU,Athing Mu Shares the Health Routine Behind Her Powerful Physique,Celebwell,https://news.google.com/rss/articles/CBMiW0FVX3lxTE1JTTFIM1BnMGhJRGRMOXZIMnQtRGNBdGJPTEFvNDZUUnhlYVVhWnZBcy01MTFkcnFRX1dhZEM3cGtTdEZYTk5vNzh4dWJpdXhuSXgxalBPXzVxRjQ?oc=5
2026-09-02 10:06:00,MU,Why Micron (NASDAQ:MU) Shares Are Pulling Back Even as Pricing Improves?,Kalkine Media,https://news.google.com/rss/articles/CBMixgFBVV95cUxQQVZnVFQwRmpidTk0MzVoRDRCOVBidmpoOXNITE5vVmw5WFd4MmN6MVpyQlBzdVZibDczMm1jMC1hbm1hMERCVm1aTWp4bHZXWHpfQW5tR2tnVW1ITm1jRjhqa29kZ1Y0V28yLUlBQlFXTHVsX25LU2M0bDNkN2FlSHVuTU1QYmJudjBhOVVabXpObXlJV0VlZzMzYjFDSHhZSVFOSzFzenM5TjR2ZG9OVWVEOXBfekY3YUZUV2F6bkhPQzhwZ0E?oc=5
2026-09-02 09:34:00,MU,Micron Stock Can’t Catch a Break. It Does Have This One Big Catalyst.,Barron's,https://news.google.com/rss/articles/CBMihAFBVV95cUxOYS1pU3lIRlRQWXlOVDlFSlExUV9KNlNCdWhRaFhibHowemlZejNOckZISEkyU3RrUndWVER3ek9zX3k5VkJ5RnBwcHRrNVk3YWZEenlXalZFN3B2VmVmSnluaUFYdUlJMEdMaHhjalJJUlJIb2FMQTRUX3BKZExUOV85M2c?oc=5
2026-09-02 09:30:06,MU,Micron Taiwan Unit Reportedly Plans Record Bonuses To Avert Strike: MU Stock Dips For Second Day,Asianet Newsable,https://news.google.com/rss/articles/CBMi7AFBVV95cUxPa2t2WnJ0VEhZV01YbHU2TFRaMmU4UklMZEJTTjQyYU05cjJOc1lfOVJBQV96amoyZmxUcGZjUnpYLVFHemV3R2F2dmN2NGJJZGhtYmY4eWZjbURhV25SUkRIUFpWWlVJSG1QRVUwY28xeVU4aWwwQkEzcmp3cUlvdHkyQ21QZVZFUzRpRVFiS3Rib3Zkc01vNmg3QUlpaGgtbjhsaXRtbVZwUkxUZW5OOUJjSWxnNmtLSHNaT19CcWhWaFgtWUlZV0h6Y01xZXdneWJBNHQ2eXZLWkZVSk5aWXlPWVU2Zms3V2hKZtIB8gFBVV95cUxPNG5qbTBsWkh3Z2l0d0xwbk5zMTd4TWpHSVJ4V3p3ZGgtSjFfYkhfSVZVRjZaWmFfdFlZOTFhb3dNdzBHdEFUR05reFM1dlZXbWdGV29WbkJzMUEwd3h2MFQ5c3FtQmVzemEyUVBNYkxrZW9KM0VGLXQ4RG9XRmNJclQ3S0V4SEJfVXlaYTJveThMaWd0VGZuZkRxVmV5dDZFRGVTWXZkeEZwLU5WRkZCYUxFaVd1cm9vbzVfbWxNVi1sakd0b0kxd1FtY1RNZk9TT2FKa2lhenBHMENpbFUwaDVxdEE0eU95ckVNZ2FXQ1ktUQ?oc=5
2026-09-02 09:19:39,MU,Micron Taiwan Unit Reportedly Plans Record Bonuses To Avert Strike: MU Stock Dips For Second Day,Yahoo Finance,https://news.google.com/rss/articles/CBMiogFBVV95cUxOay11NjNZbmlvOUpyQWsxOUJaWHRjVjhmM053YnVKTm1yOTNMNXllSDBWOFJldnR4UkFELWV0RjAyRzVSTzUwUTc0N29aQ1k2bl9vWjlRNVNIT3RqNVhWX214WDducThGSDJsTXp3bzRQYnRKemRsYWNMR3Q1aXZFaTJmMEU3Q2MwMjJjYk1yYXNmX2RyZlNEZ1ZEdHlwcEZkb3c?oc=5
2026-09-02 09:19:39,MU,Micron Taiwan Unit Reportedly Plans Record Bonuses To Avert Strike: MU Stock Dips For Second Day,TradingView,https://news.google.com/rss/articles/CBMi7AFBVV95cUxQVk5zeDlONGNpcUZBbm9XMTQxSGItWDhxbUozWXJEeXUzMUN3cFBTbEx4VERtUkdEZXlwZzVqN1p5Z1hqQ2tTM2gxX183R2FWTVExTEtGMmtvUXVjSkVXMTVLUFA1ZzFCcWRKUGI5dWpCZEY5cThTb0VvTjJPWkxSekJuWVZXUXBnOUFMSEVvZGRxZ1FKUHBkanRrOWhPc1lONHB1TXFsMVpmaFFXQ0tVTmNnWlBpb0VJZFUxQnZkZXdMaVFuMnRQcExybnNVZWFTU3JxcUtPcEZFUDBfSHV5SWpvdHk5OWZhQld6Ng?oc=5
2026-09-02 08:59:23,MU,"Are Stock-Paired Memecoins Backed by Stocks? AI/NVDA, MOO/MU and the Risks Explained",MEXC,https://news.google.com/rss/articles/CBMiuwFBVV95cUxNSG5lNV9GdDZDYmM3VEJzdjBUN01jVWdiQjUyc2VLSEczamNGWVRnN090UUNuY3VpWDczbElKVzdZVmpMQmVIa1dlMU1tVnNDR1czWEJMV3VNMDZSZWZyLVlwNkpaRmhqS3FSLTRzRy1NZWNHVjVYVDFpMWVKQnNOM1lxLUViWUxBSTJHdVY5TzhDVlYyQWlaTzRkUXVZQ3NzWGhCRDNLb2h4UHZBdXNwcUZ4ejhXeFRZUjNN?oc=5
2026-09-02 08:59:22,MU,MU vs MUON: What’s the Difference Between Micron Stock and Tokenized MU?,MEXC,https://news.google.com/rss/articles/CBMiqwFBVV95cUxQRHA3N3c4TVQ0ZmVoTHJBSEZyaVlPR1JYc1BGUlg0SU53MC1iMnNqTFdqaGd2NWJOZElNMk02QUphemFCRUJERzlfSTR5djdNZEotM0dUWXFaNUVoNzJDS3QwS0R2X2hvU1RGMjdGcC1qOG5CX0Y2eTgwcjg2S0kybUlia01iSkMzZl91Tl96NnFYN0xOTnF4ajdWZ1NSRkFOYVZINi01QVZROW8?oc=5
2026-09-02 08:41:00,MU,Micron Guided a Single Quarter to $50 Billion. The Stock Sits 24% Below Its High.,fool.com,https://news.google.com/rss/articles/CBMiwAFBVV95cUxQS2VnM0lNNy01UERua0g2S3p6SWdqc0QwYV9XSm52eFN2QUlsUjdudGJxRnItUjFBb2FYTk1HX0JZUzNDNEFDMl9qd2sza0k5dWtDcEVQa013MmFoSko2WTJHMDFReGx6Qi1kc1hfMk1EbmdONUJObzl5WEpyZmhQNEdhVHBZZ0Ywdmk3R1J1cTNHUGcyUGtJbUFOS3hQcWsza0l1UWd2NkNJNmFiZGREcUlzamtMV0FZTXdacS1TTV8?oc=5
2026-09-02 08:38:53,MU,Micron's AI-Driven Growth: Stock Outlook,Intellectia AI,https://news.google.com/rss/articles/CBMic0FVX3lxTFBDb3R1Rm5sZ0NMX1ByT2lqdWFtbDJ4OEhkN0JNWU9yaU52WkdZWTF6WTR4aHhERkdxdEo5cHhVOG5ka0I3Y3BTRGNrSUp5ZW5wYTRFSThfS1oyVHVBbFpHcmFYeVlLSEhnWmNYQXFUX293MFE?oc=5
2026-09-02 08:22:12,MU,Micron Guided a Single Quarter to $50 Billion. The Stock Sits 24% Below Its High.,The Globe and Mail,https://news.google.com/rss/articles/CBMi8gFBVV95cUxNN2swUkR5MTZLdTVXQTc0eTlwSnptN2tqaEt6NFVwSXRXT1BxQVZDWXJTa19JbGRTY0RIY2NwYVZLRXpqRERJa0FYaVE4SndmdHl4OTJKQTdZd0kyazR0UFdGd0dHbmxDYWJzTEdFcjFMbllFanc2ckZFUW5mVGJqak02alhCdS1aZ2lJSnB4WFBpdkZ6SUV1YTh0dXhOOU9fMXU4d3dwWVkwaUQ2TkFrVFRTendTYk4xRWNhMVBBUDdkVnRld3FpOUVsaTZTbXl3aXB5bVVKeW9KQUhobzdxemVVdVdDelluMHd4Wnk0bDNzdw?oc=5
2026-09-02 08:01:01,MU,Micron Guided a Single Quarter to $50 Billion. The Stock Sits 24% Below Its High.,Yahoo Finance,https://news.google.com/rss/articles/CBMinAFBVV95cUxPcjV2R2FXS2duMi1feWw3WGhSMVZraUpsWVdfYnFadi00WlVyQU5IZVU4Q0VsVktwNXdMakVMUU04T0ZQeUFWTHluOU9OY3JFakcweG11WHRmQTZFOTYxTXZOUEVDNkIxNFNnSF9LUFIxZmNrRnhWc0NZeVdaaDJmU0s4b3g4S1RpOHhxZFpyaUhNSmctMkFuenRtWnU?oc=5
2026-09-02 07:36:09,MU,"Micron stock is booming, but Nvidia may have just put a date on the easy money",invezz.com,https://news.google.com/rss/articles/CBMitwFBVV95cUxNQWN0N2VHd1dGRWw1THpGLU16dnA1VFg0WTNLTU5wUDlYdmlKR0dzSWwwNE01b1lRNktpLTRQTTJOZ0FlNHowNDRKVXNuRnZtN25HM3VkdDBCa09qaGNOQzIwdkZLN3hyYmZfcmNjRFUxbGFXcGlCX0dua1ROVEI1V1hYa25tYjltcTJPQUt2N1o0TnYzXzhueVNKdVg4TFhpaUFSMzJmSklNSUpseUUxUmtYOFRPV0k?oc=5
2026-09-02 07:30:54,MU,"Micron stock is booming, but Nvidia may have just put a date on the easy money",Invezz,https://news.google.com/rss/articles/CBMitwFBVV95cUxNXzUwVDEtVU1leTNrdVVwSkZ6eWhXMmJzMExQdzFaRnY3R3A5QTVNSklTVTlHelBtQm9QWFdYQm1vaEI2U3RaejNkYmxmMWNodG82aldsLWplc0czbGtXbHhPZEp1R0RWMXh0RXFJQTFDUDRnOUgwNmVqTU9PTTd3Um1aN2tXQzBvS0hfTVlQRkVnQnJMVWVXQ0RNQmlpcmVrVV83YlZRanBuOVlRVFZRNTBCNTlZYTg?oc=5
2026-09-02 07:14:50,MU,"Micron stock is booming, but Nvidia may have just put a date on the easy money",Invezz,https://news.google.com/rss/articles/CBMitwFBVV95cUxPQjFOZ3Rwc1pCSkVPdlhwQnFIYUplWmVnQnhsZ1o0dXpQSFAxa3ZoelZTTngxVmpORnh4MEM5ZVJYX3NYWHEtU2drX0ZtLXEzNUVKbEllN1hPVm83d3N6dVUwaW1NOHRqWF82Z19iZEtvamJjTFlmRmE5VUcySWRHUDZ0X3IxUkVXUVNLZlVMQlk3VFdqSmt3SWpmcnJZd0NTVVFRU2FBV21BWVBRNk5qYmU4cWdyNXM?oc=5
2026-09-02 07:06:45,MU,"Micron stock is booming, but Nvidia may have just put a date on the easy money",Invezz,https://news.google.com/rss/articles/CBMiswFBVV95cUxOVDR2bkd5ZWw2WUN6cVpWNTZfTGYzOWsxRXE3TXkzUlJDaHI0TWdoVVJ3cThuZkF5SmdvRkpUNkZrVF84eW10Y3JVTkFOSlRnekdOaDhzZ2x5amdDZ0pFVkd5M0RrRU1IdkgyWUUwM1ZMVE1qZHBxbmF6VE82bUJmLVhBaWEwNTNlOVp2cW9KbG5Vc3BhaHJmVnFBSTAyRmFoemd6WTBoTmtRbzRaSFJVbWtTbw?oc=5
2026-09-02 02:41:50,MU,$Micron Technology (MU.US)$ $SPDR S&P 500 ETF (SPY.US)$,Moomoo,https://news.google.com/rss/articles/CBMinwFBVV95cUxOZzhoNUFfeHp5R0FLV0E1ZEJCR015MkFhMjl1dHF3SkVMWHZRQVhJRG9rUG5ueTVHbWlnSnJidGNnaEE2dWtlZ0JKN25pTy1ScGdVMml1R1QtOGFWWnNUT3VOY0dPeUVVaDN4dFY0cFhta3JfSGJORG01RW5lZ1NySE5wOFlXWkp5Q2NvMFdWX004Vi1tbGlGQjFfaXp3eTQ?oc=5
2026-09-02 00:09:20,MU,Is Micron Stock a Long-Term Buy?,intellectia.ai,https://news.google.com/rss/articles/CBMiakFVX3lxTE5JU212RkNCZkhzd0o0TThqVEcySlBWblBGUXNBSkJLZE1ZYzh3Y2pjNmFJWXd6UnZqQWdVX2liT1lkclhBWkJsWE9WajczRjNVSzJtd0hpTXhaRVpRekhCSENHUG4tem5CckE?oc=5
2026-09-01 23:35:37,MU,Where Is Lebron Going | Malachi ACC Preseason Team | Brysen Wright And Amir Sears Mu Stock (HkTQHcFfxJ),Mshale,https://news.google.com/rss/articles/CBMiW0FVX3lxTE1XRkhpQXp5UEU2dkhFa29Gc3A1Ql93SG5iYTJWM2hsWWpfdVZDaUZOZDBfcEFoUDhLY3M3SkJFOUVWSGI4LU9kQkJ0MkdpNkNSdnBPNFlYcDF6eVk?oc=5
2026-09-01 21:03:00,MU,"Prediction: This Could Be Micron's Stock Price by the End of 2027 (Hint: It's Above $2,000)",The Motley Fool,https://news.google.com/rss/articles/CBMiiAFBVV95cUxOdi1mdG9LUzZDMGwybGN2ZF9PclNHWEp1SU1DNGFnUkZRdy16QlRhaW9sOHQ4NzhpQVFlNTlnSFJhU0c0cGhFLW9LUHV6bGtKMEFVcnlKNUhGWTlXaVdMTjZjVWduaVBvaFRyN2lQVmVxbjVtR3l1eWJseHg4a2hhNmNYOGVkanBM?oc=5
2026-09-01 21:01:11,MU,Sara Bejlek Championship Speech | 2026 Abu Dhabi Mu Stock (LsqYVCXI8k),mshale.com,https://news.google.com/rss/articles/CBMiW0FVX3lxTE55VjA2NzByWDYwc0wtR0JyMDBBWW8tNkozTTJFRHZrZDFpc3NBNUV3Ml9CamxoNU9Fa1FYbzVpamRYc3BvRW0wSl92N0NjRGtNazN0aExmeWtYYUk?oc=5
2026-09-01 20:31:12,MU,"Prediction: This Could Be Micron's Stock Price by the End of 2027 (Hint: It's Above $2,000)",The Globe and Mail,https://news.google.com/rss/articles/CBMi_AFBVV95cUxNbmdQVG5qOFBlT09QTW0xa2ZtRTI4UXhtRWFLMnFrYW5hRTJIcEZzYWhXUWlKYW9ERzZZMFM5aVc2UWZpdTEzeGJVTUdmd2VqelVjazZWMDUzV3VWWVpXbFp4ZlA5UXFkTzZiRVNFZFUtcnI0cVJZX09LMkVxOEZFay1yaHdBMWxqS3RKY01WdHVyMjFQVnNpZXNEbmlCbjBzWE5VLXBRdWZPall3Y3BCMEFWdWw1Y0FVM3AxY0M5QVhPdUxTWWNrb3I3UF80VWRxXzZjVDVTVE1FcDJuLWpOdGo4ZHF5NHZoMng1UlJibWxMS3NOc1JVQVFwVDY?oc=5
2026-09-01 20:28:06,MU,Micron’s 2028 Risk Is Fading (NASDAQ:MU),Seeking Alpha,https://news.google.com/rss/articles/CBMidkFVX3lxTE5QZnVpc0h5MkRzODJJQnBsM2Nld3dNR2g3UkpRM0gzWlc1WGxQV1ljaXE4Mk9EeUxMcS03a1FJRkdyRWdwYzBkNXlFb09hUGo4aHQ1MWI5SmRBWFdXMGItSHk1UmVSZG5HRHFBLV8za1k1NlZPNlE?oc=5
2026-09-01 20:25:21,MU,"Micron Stock Drops as Nearly 10,000 Taiwan Workers Push for Strike",TradingView,https://news.google.com/rss/articles/CBMixAFBVV95cUxOX2dDZ0JwQnptZTRwLWNhcDRueXQ5OXNYQzJvaFpTTFRwQXd6UkpwemlNNWFXMGNZQ25yd1RITmJyNzlGVml0SzdzOWxCbmNlV1JZS0dZR3hRRGJxM0FsdXoyMkpMak82TDhLaGJCTWtfYVpnaTJmX184MUtFVk9MTGR6RHBxNTlNTDVJZWxZLVlPWUFpUklhbGR4T3hSSEdRRTVEOHhvWWoyMUFHQ3R0ZWFUNWdKRG5vcVFLVS1pLWYwSkEx?oc=5
2026-09-01 20:25:11,MU,"Prediction: This Could Be Micron's Stock Price by the End of 2027 (Hint: It's Above $2,000)",The Globe and Mail,https://news.google.com/rss/articles/CBMigAJBVV95cUxPOGx4NXJ5ZUt4UHVCTkZHSWxzdVBUOHRkeVVEWWZSZWluR2NWZUlwTXo3d3FVVUVCSHg5WGRGVWU3aDVpUGhIeDhwczYzV3BKMGxYWXh5TzB5UXJtNHdsNlpZQVhDYzJ2NjhsWDAyVFZ6a0FWeU1OY1hnNWZPeXFMeGxMWlA2RkdlbTFHbHJaSDRuUVRGeGxuXzlMdUhaV1RZd1hxYXZCcHFxSlY4bkZETW52WVRXUzJyQ1ZxeUVjY2VTRHU2MGFUMkRpRUp1TVZ6MDNaN0ZsZTl0elNYV3VQaV9Gc2hjbnVXcWFPa3g4QjZVbDNRSnowRWxCbm1qU2Zx?oc=5
2026-09-01 20:23:15,MU,"Prediction: This Could Be Micron's Stock Price by the End of 2027 (Hint: It's Above $2,000)",The Globe and Mail,https://news.google.com/rss/articles/CBMigwJBVV95cUxPVUY1NmQ0cV9rY2xXQjdmakFUUUYtYVlDOFpmZ2h3d3NoODhJLWQxdkRrTmU3UjJrS1ItWHIyNm1fbUpVaFlHSXRrd1FtdVBuZGx4Zm5wNUd6a2VhbmFWY0JISmdlN2lrWExqVHRLUG55NUNRX2Jqc2hQNDlWbVJOUjRKSE4waGFva21JLW5BczctQUQ2Zi1Lb2ZjWEJtVXpYU3BkTDhVSzFiN2tpa0JPWHc5anhmRTlSMjZWYmNCZGdYeGw3NDJxVEN2dW5xSDgzeXpGNTlYQzAwN2Nwa0tZT2s3NVc4UlFVZExvYzJvTlQ1RWNGNUNTbVd6TjdrQTl2VzI0?oc=5
2026-09-01 20:23:00,MU,"Prediction: This Could Be Micron's Stock Price by the End of 2027 (Hint: It's Above $2,000)",Yahoo Finance,https://news.google.com/rss/articles/CBMiowFBVV95cUxOLTdMN1BvVWhlWkl2Mkd3OXdfRkd6WjNsUXJTSTJhOG9UNUlkckl5WkJTVXkycGM2aXZDT1QxWGNHYkFMYzVSOW11OElYblE0Qi12SVpyYjVVNEltbzdhRlg4N1BlWTZ0TUZFcVlQdjZ2VlZVaF9la1ZWVjh5ZW1NTXNxSFVCOGVzX0hxbGw4WHU0ckprNzREbmVPUlI1UzBYU3RR?oc=5
2026-09-01 20:23:00,MU,"Prediction: This Could Be Micron's Stock Price by the End of 2027 (Hint: It's Above $2,000)",aol.ca,https://news.google.com/rss/articles/CBMihgFBVV95cUxQVTFEMFo0RjE5QVJoenhoNVhpSUNBRk5DTHh6RzJyR3AzTTA1dkJYVmYwcXE0aUctQkdnTVJHamZFT09oM2pHWE9TaGlvMkNsM1dpTHoxR1NPQ29wUk9BZXFQUThYb0lYZWdBRVhONDF2U2F4SWh3T2tHLXhiQkcyNGpZUld6QQ?oc=5
2026-09-01 20:13:00,MU,Micron’s Workers Are Threatening to Strike. What It Means for the Stock.,Barron's,https://news.google.com/rss/articles/CBMif0FVX3lxTE9tQ2JiODJoUFF6aEZJQWJLa2ljaWdpVGlnVDJ5XzE2NzJLeDhxTFg5S2I1ZkFSUk1SMUcxd0lKS1FxUGdHRW5xZ2FnQk1Ta3NKRkNKU3NwRW44WEpEVXBhcnhBbldUM0NwNFpSUnBzbjVSMFZxcldMSHM0X0J0dE0?oc=5
2026-09-01 20:08:28,MU,"Micron Technology Stock Price Predicted to Exceed $2,000",Intellectia AI,https://news.google.com/rss/articles/CBMikgFBVV95cUxNSHhUdXh3YUZEMEdLNFVqNHpPbS0wUTdvOUktQldMX0lCZzN1M2V3aUFxc1pvTVR5ckRCY3U5RTk4TDE0YjhvZEgwVzVZX3lkcm5Kb0tBYXEySi1EWW1LTGNCZ1NVVVZ1N3owYndha3g2RVpuaUpGOVd2eF9WX3FwblFkR25CRzRxdHp1cWJBakVrQQ?oc=5
2026-09-01 19:45:00,MU,Micron Stock Is Down 23% From Its Highs. Did Nvidia's CFO Just Give It the Green Light for a Turnaround?,fool.com,https://news.google.com/rss/articles/CBMiigFBVV95cUxQYUR1ZHV4dmRDc1BlaV9zYzNraDc2WWRxSHljY2Fhd1F4NV9ZbXhpZDNmSkVHTVhkbC1lbGZJQ2MySXNjME9YN3FScXlJNWE4UWJVTlFqZG01Ui1ISXpDUjdPeEFXWDlhSFZpY0d1Q1h4UFlfUTlXdkJERmg4RkF1eGdzVW9XYzhQa0E?oc=5
2026-09-01 19:28:08,MU,Micron Stock Is Down 23% From Its Highs. Did Nvidia's CFO Just Give It the Green Light for a Turnaround?,The Globe and Mail,https://news.google.com/rss/articles/CBMikAJBVV95cUxPRXNSSEZ4MFNNbndYUng2ZVp4T05vaU1Ic2FIdS1WSURpelZzNjl2WmNURkMyVDVYRHpVbHJwajF6TkVEWk9VY2JiOUI5NDZzdW0zSmVhVl8xQ1VLWlpKNUpGOWh3YmozUGJlbDQ3TmF6WkRJUmZqTFpOa093QmF6eGhlUTBjVGw3WXRtQ0tWLU1xQ25ERFZiVEwyX0pPSDd4d2RDbVB5UXZJbDlfbFZCNkhSOGNlSVotbUxSbGRRRzJVbWZpcTRIa3l5aFI1c2Q0MDdzUEROSkYxN0JNTE55N1F2M3lGMjFKT1A4QzhpbmppUDlZWkpxV1RpTTlTYWRGWW1Va0hZYkktTmJQSVFTZg?oc=5
2026-09-01 19:05:00,MU,Micron Stock Is Down 23% From Its Highs. Did Nvidia's CFO Just Give It the Green Light for a Turnaround?,finance.yahoo.com,https://news.google.com/rss/articles/CBMilgFBVV95cUxNTDRDRXQ5UHU0OEtnand4VU5Haldnbk1Qb21QdkVVc1N0V1dfYS12SE1zalY3U09wSVp3SFBVd2R5ZTBNRzMyVHR1ODIwRVhYd3JacjItRlNDT0h1R2daemFGbEktRTBJX0VGbWQ0Wk5JeFpycTRkQWo0OWl1aGIxZkZBekd6OGtDTk5CbXgxOFFUcUFlM3c?oc=5
2026-09-01 18:56:41,MU,Micron stock falls 3% as Taiwan unions threaten strike over bonuses,Invezz,https://news.google.com/rss/articles/CBMipAFBVV95cUxOdmdBTHFhZ2lMdFMtTDloX2dlMUpGa25razl0bGgwQ01IVHIwX2JNYnJMVnNhZjJqcXVTazd6eElOd1gyYkM3UEZNQlZxRFNCVV9ab01FSnlLam9NRTNTZkpLa3dLV0RteEJJZi1QcTZZSVlSRWY4RlFsdXN4dnRMc2xFM19rekxNTEVvZk5PYmJGalRnRzNzdG1Nb1lwcC1pR0Q3bg?oc=5
2026-09-01 18:29:00,MU,"Got $1,000? An Investment in Micron Could Be Worth This Much by 2027. (Hint: It's Over $3,000.)",fool.com,https://news.google.com/rss/articles/CBMimAFBVV95cUxPWDJnRXRiWXBER21VVUthVm1CNXNkNXdPa25lbDUwYzJBMlM4dE1HNlJyQlVhN2phbW1aTkVHTDkxMk1lM1hrM043MEw5NmlJTTJlOTVqVXRHemxtOFJuM1pydC1VMFB1VV9DUmN6aER1azUta25MNGRETXZPNDZ5YUp4eUZTSFpRQTlFV3Z1LVlmbVFYaVRMSg?oc=5
2026-09-01 18:13:52,MU,"Got $1,000? An Investment in Micron Could Be Worth This Much by 2027. (Hint: It's Over $3,000.)",The Globe and Mail,https://news.google.com/rss/articles/CBMiggJBVV95cUxQSWVyNjBwSFZvRGloQUZSd1Y0RmVidDRFbkVXVWRrc3hrc3Nsd05NMUlWck9LNTNGRnNKNFg5WDhZQzBRMXl1NkI3cEppblpDUGRnRHV3VlY2dFo3bnlXa25WTVNaUGREcVdiNlVZMXljM2hrTjRTMGgwTHphdUZFR2czNjZtNlFvQm84RG14cVZScUgxZDE5TXFlTi0tRVFqTnpMa28yTVdMemIzeHptcWt5VzlMMHZtV2FseXNPc0JSY29reUpMaVBXR2ZrS19vU0JKRFE2bzF6ZEI3RGJwbFliVUlfMlpDRm5kQnkyRmh0ZzRySHhTMHlONUVueFByemc?oc=5
2026-09-01 18:00:35,MU,Micron stock set for new highs as demand for me...,Pluang,https://news.google.com/rss/articles/CBMinAFBVV95cUxQa01IaFRvZWNrOG5QZW9ha3FQdktNUmV0azlJcjVfcGxzTHpkZDFsZUJ4TExyY0JvTUJZeDNUc3p4bkduNS1uY2kzbjJaR2FZTjlqUkNZQklNLU40Nk9TbmxtTWNvMHBNYkxtazVqLUFJUFY2TGFUdXdMWGltVTVJUTdJenNHTGMxOVpNcGNBdEZVcDl3T2RrZGlSWWU?oc=5
2026-09-01 17:57:02,MU,"Micron Rises Despite Potential Strike, Trades 53.67% Above GF Value",Yahoo Finance,https://news.google.com/rss/articles/CBMipAFBVV95cUxOUlRPT2ppZk9NNG5jLVp5Q0xycFo1REZVNEkyWDF6UEhnN0l3QXQ5TktGWW1CaGRFdmZwaDU2MlNoakJPemZGY01VeU1pZmF2MGdXODZtNGhVZ0RyalFxM1JTWVpQc1Z6Wm8tMkZmMUZ3dWtqNmJCR2wzaHNra2pPVzhNb0Q1YmhvOWw2RzNtbXlEamVDS2NZLVNmN0JaUXlDdTdFSQ?oc=5
2026-09-01 17:49:00,MU,"Got $1,000? An Investment in Micron Could Be Worth This Much by 2027. (Hint: It's Over $3,000.)",Yahoo Finance,https://news.google.com/rss/articles/CBMilwFBVV95cUxQRmJzRkVYQjg3VnVCdzhqRjE2ajVSa09lTVVWa20wWkVsR3hZT3VMUWxJQWdLNW5ZdGltMVFLRzEzajZZTS1FWWFQb1htWXV2N0g2SXpZWV9vM0NjMGo4Sy1vX2U2ekt6TnROR1Nhb000a21GNFI1N0hLUTFBNXJTM0Q4dm13enNPQ1RUNV9IMFFVeGdhR1dN?oc=5
2026-09-01 17:07:25,MU,Micron Technology (MU) Faces Taiwan Strike Threat As 80% Back Worker Action,Yahoo Finance,https://news.google.com/rss/articles/CBMinwFBVV95cUxOd0RHX3g2dkxSRzE2aXZOTVlFeEFORDNKWUo1ZnM2QlRKNDZwUnZmdGxfZkNiZFpnYnY1RGNQTGR5eEtjR3M1amFZZlF3Y3h4RUFOdE1PRUY4ZVYwUHEyRVRSdnBvbGFRVHZxSFVabDNULTNGZ0g5aWtjeWszbUVIZkhJd0xsVXNnY290SU5WQ2NxR2I1ZF9CbkdSbTFCZDg?oc=5
2026-09-01 16:18:11,MU,Micron Technology stock slips as Taiwan labor dispute and China AI memory risk weigh on sentiment,AD HOC NEWS,https://news.google.com/rss/articles/CBMi0gFBVV95cUxPUVZkTTFzdHlvQnlaeDZ1dlBab29EYUM2RXV6M0xSejVqTFVJSXNHZFVraEJKNngzUHZ4bGltODR0Uk52UFpMTm52OVF6Rm5jREg0ZE1ONmFCWVFXM2I0cU1jR1VIWnM5b25ndTZFYUEwcFdNRk5EZHdNdVZQZ1gxUkZoMUtIMnZHZlc3QmtUZHFabVFKbmxhb19fcm82TDdQVnc0RHhidEZZaVV0Y0Y5S3N1eDU1NG5BM0JDVnlQRU9kRUFPMnFJaXItazNJaG9NR1E?oc=5
2026-09-01 16:17:06,MU,Micron’s Insane Productivity Explosion: Revenue Per Employee Doubled to $1.7 Million in Just 9 Months,finance.yahoo.com,https://news.google.com/rss/articles/CBMirgFBVV95cUxNRlV0TWQ5MGxoX3ZWR2t0Z2pWaktIVmJpNDJfanpLdmp3VV9YRjBKNVdMblhnZS1QTklZY1Q4RVI3aDZaTnJ0a2xXVnA2V3QxNU1sZXlqV3lYc1RMd1ExZDdJejRqQnh2VDA4a0s1UDV3V1BQZ1JUTWdpejBacmprMVI1bzVrbWx2NHd4YWoxYlRjQ1lqeDdadGtHQ2E3TmVaRFh0ZDhjZGRtTC1CekE?oc=5
2026-09-01 16:12:00,MU,Nvidia Just Gave a $267 Billion Warning That Micron Stock Could Crash Before 2029 Is Over,The Motley Fool,https://news.google.com/rss/articles/CBMimAFBVV95cUxNVmVMRXJ0VDFNenBaSHFoVVlVOTlWNkRWRll1Z3laZ3pVdXFyTFhvNFVNdmtkRktXMFBpVnB2SHhscEpPVXVFY3FYS3pCSmswMWs3MHBOa3MxVGpIdlZKWGFTUW1hNXIwaGlKR2JOcW5hd3RReVo4bGs1MmVySmtoTmJSVEpuekdQOEFvNTZia2RkS05xWXlBbQ?oc=5
2026-09-01 15:47:46,MU,"‘It’s Coming,’ Says Top Investor About Micron Stock",TipRanks,https://news.google.com/rss/articles/CBMijgFBVV95cUxPYWg0REY5NXk0RUZBenJCaF9YZjAtV2FsSVlncWhFZkdiUV9uSlA5allNVVZySVBfZUNVLUE2WVJvZFJjMVA0bnlXZmFNSmVGNzJHRk9BWGVWdXBBT1IzZGhTeC0tQnVNWXNhTGJOMnJWajF6cUx4SExhYVhSQ3JYa3UxOVhjbzdZTnRLN3ZR?oc=5
2026-09-01 15:41:18,MU,$Micron Technology (MU.US)$,Moomoo,https://news.google.com/rss/articles/CBMigwFBVV95cUxNenNYcjBQeklDOFliNkJ2blRoNHdiTTNYakJ2dVB6b2xyTDFlOWppRkVVMlBtb2VkUWxHbWtvR3YwS2lKWmdwMXU3V2N1QVdKWlFXb2VlRFpJNEd3Rmw4Y0RvYlNXaDJKZE11eUVTR3pJeFl6R3JtWVZ1d3k0X19lWW9IQQ?oc=5
2026-09-01 15:37:14,MU,Wall Street sets Micron stock price target for next 12 months,Finbold,https://news.google.com/rss/articles/CBMiigFBVV95cUxOdkl2aEtiVWRYWXRMb0NKblQzX2hvX0syVk1OYlltNlhLSFJXUWNMeTZHY1lqRGdRcFJhT2I5dEJob2N2LVZnVWd5dTFsN0diM1VnZGFldnZwN3RCM2xRRUVsbk12RExJVUtUd2JJRVZhX0t0enphajlqcjgtZ1Q3N0JCaGtrb2FaQXc?oc=5
2026-09-01 15:32:00,MU,Nvidia Just Gave a $267 Billion Warning That Micron Stock Could Crash Before 2029 Is Over,finance.yahoo.com,https://news.google.com/rss/articles/CBMimAFBVV95cUxOS0drTi1YS2NMWXhUMGdYeFpZbXpBbnpxVExfei1ZVFB1YXY4cldrcDZRYmcyTWk2U0UzZjR0Y2dYNmtQckViQ2k0emlQQmo4SGhrUjFPR2JPRHp5YzZseVZhRWN0RUdXdzBWNXY3RjhCbVc3V2Rrc0wyZENRRlAzMUE5X3FjS0o3aG9qc1h3cC1RRlV1Q3dSOQ?oc=5
2026-09-01 15:27:23,MU,Micron shares slide following Taiwan incentive pay report and tech sector sell-off,Investing.com Australia,https://news.google.com/rss/articles/CBMi0wFBVV95cUxON2dvOFN2WXpvbWxnRkkzeUY2WDhjYkllSkJxTFg4RThKZ3VkcEhHa2VOaE45MXk4MkxxN1QzWFVGQmVJSG1lbDVpMkhvcVBOQnZhZEsyb19SSjMzSlVxcWgyMEIxNXhZZVRxTkRfZlg1UzdHOHVURWRzZ3U5MUhSQkIzYURZcm9aN3RiTXlwX2ZhZ0psVE5MOF9ibTVmVDV3eXYzQTNLaFdmSUd2N3M1RWZmcE1KR0UyRVRZbkZzX21TZzdzMHJvb2F0REJMU1dWMWhJ?oc=5
2026-09-01 14:45:38,MU,Tom Hardy's MobLand Return: Fans React! Mu Stock (uLf9SvHNuq),Mshale,https://news.google.com/rss/articles/CBMiW0FVX3lxTE5fNE5IQ1J3ZDdpM1RLN2VIS1BTNW15NWlnVXhuMmxxSHZia25BdUlXajNVYWE4SjU4N2NFb0taTTFFamgzbTlLMU15MU1NZ242N3FzQXNnRFJpVXc?oc=5
2026-09-01 14:45:00,MU,"Down 23%, Is Micron Still a Millionaire-Maker Stock?",The Motley Fool,https://news.google.com/rss/articles/CBMilwFBVV95cUxQcEpJSjdGTWlKUG5HOGlmTnljVWJjZlcybm1TbmFFVnpaenhTWGNXcW9DdGlFWkdkMWhvTjhxN29xbTdRM1I0ZENGTTl4bWJ2T0ZtdUViLVJSZmw5YVhWZXgwS0VTS3Nhd2FoTU5sU3EwM1huaHdVMjVZTWhDdDQwQjQtdkVKRDZtcTVTdElQajluaXBKY3FJ?oc=5
2026-09-01 14:36:07,MU,"Down 23%, Is Micron Still a Millionaire-Maker Stock?",The Globe and Mail,https://news.google.com/rss/articles/CBMizAFBVV95cUxPT0djTVRhdmlza2l2MGJnYVlTZGxFMHdWV0tZT3BmdFNfbVNGLXlJQnNvWlhob2VEVFE2Q05UWl9sWFp0Z0pJYXhtM2RZRXA1Nk1VczdNOFFCcFlXRTlvVnRmOHBtZ2UtOV81Q3piejlwLUFGbHBnTzk5YjJVNzYxTjNJM3hpdlR0ZjhiVlRPeG5vaWRhUDhWLXhBOEk3M3VkNWRQdXBlRkZiclRMU1dtaVBYVHd3UDE3VWlKNFRvY2dJc2JydDdKVE54M3E?oc=5
2026-09-01 14:25:56,MU,Micron's Workers Are Threatening to Strike. What It Means for the Stock.,Moomoo,https://news.google.com/rss/articles/CBMinwFBVV95cUxOWXJLN19TczVLa0dNM0xKMzROWEIwRmxmdXQ5NXN1Q3dNLUdFcHQxY1E5Rnc5R29LbmRlbzhQYVlMZzB0djh3QXNlZEZobUtRWVB1VG5rOThkU0hUNTQ4OENHS1VMbjVKZURHdWdHQW9XLVhIRzc2bDR4dzR0SHkwT1hEekJwVTdCaFV3OU90OTlOYWFqb0s1am1UMVhQWGc?oc=5
2026-09-01 14:25:00,MU,Why Is Micron Stock Falling Today? Taiwan Strike Worries Add to a Chip Selloff,Stocks Down Under,https://news.google.com/rss/articles/CBMieEFVX3lxTFBtWi01eHh4SlpRdDhHb2wxTUU4bmN6MTUwYnJ0ZzM5RThDMWZUMnBMTkFpZjBYSlByRllodFIyZlV6QUJONDFRaVdFUnROU1BrX1h5NURWLU1CaDAyeFZrek5ZSUE5Mll2YnJOQUhQY1VHczFxVXRJUA?oc=5
2026-09-01 14:06:06,MU,Micron shares fall 1.8% following Taiwan incentive pay report,Yahoo Finance,https://news.google.com/rss/articles/CBMikAFBVV95cUxPSVdPZjJNOENWWUVkbUVqT1RfdFpIc2VuTWJmcndld1hVcVA1YUpsYU5td2Y4Vi1xUlQyZkdmYU5yRmFCbllRekNXZ05GRFBEVjlyTVJUTlY1OU9peDJEYXV0SXNMMEpSRklCczFNYzlmd3VLa3hqN2hxckxfY3ZPVDFUQkpHSmg3Q1NUX2EyckM?oc=5
2026-09-01 14:04:00,MU,Micron Technology Stock (MU) Opinions on Analyst Ratings and Trading Levels,Quiver Quantitative,https://news.google.com/rss/articles/CBMisgFBVV95cUxQZ1BTNF84RFB5RkpERHg1OUdKNkhDc0g3ZVNNY2RGNTJPdTBBQmZXMU1RQXRBeS1mc0NqVEhSSE9VeHM3eWt1cHBEQmFaUTladUFubERxbFZTcU0xeFpTcllGYWhsc2VZZ09WWi1WRW5qYVk0NnhxVDl1ZkVSVGpKcUluamRHcjJJMkJTZ1l4dmFVT0ZNQ3lybkMwenFEVDZFaFFLSm1CeHFfZlpBZ3JIbnNB?oc=5
2026-09-01 13:55:36,MU,"Micron (MU) Stock Dips as 10,000 Taiwan Employees Threaten Walkout Over Bonuses",Blockonomi,https://news.google.com/rss/articles/CBMiogFBVV95cUxObWV4b1hsYjlUS0JscERqeF9yRFBuRGRvenFHekJrVDF0N1IxVjVjOGdUMWdmVllSYklvVzJ4a3B4SUx2OUVhNDlvd19oSGdJdTFTdlRZRjViR1VOVDBwYXNjZElQNlVpYnl3LXdVRXI4Znpsa25XcGowUmlfU2lwaEdZSWwxNkloUTRIajVXS1ZsX1pTLWNnQVNORE05b0pIc1E?oc=5
2026-09-01 13:52:00,MU,Micron Is No Longer What It Was So I Keep Loading Up,24/7 Wall St.,https://news.google.com/rss/articles/CBMinAFBVV95cUxNQmtFYzFSZlVHVy1iRzF2STdXeHdOU1BBcjZ1c1BnYkloNVZSMGMwQkR6eFdIb1Z1YVN5OFhKS2hWbFQxR2thSUJuSGVKUlhSS1ZIVjJOejNaWlNzVi1yVXdLWkNFT0NSbXVZX0x3Mks3ZFdwVGlzcFhTRTJ2ZXFHNGhJVFZoY251UnFQUXVLczFGa1NyWlpxUVl1ZEU?oc=5
2026-09-01 13:39:13,MU,Is Micron Technology Stock Outperforming the Nasdaq?,Barchart.com,https://news.google.com/rss/articles/CBMimwFBVV95cUxPeUcwWnJVUk9HMHB2Tjk0QXV2RXAwTFJGTUFvYTJTTmpWTTJ0eE9lcjJtNC05dTZ5bXBQVDJydlFzaFc1dkJSMXFVeW1lZnN1UmlYUWpoLTFnNlpxdENQSEJvSi0wdVgtWkcwZ0NUemlVNGtUMGZ5N3NkV29VQjZ2S0RodGJzN1pZU0lxb0dKNTFCU05sc0xkR3Z0OA?oc=5
2026-09-01 13:39:13,MU,Is Micron Technology Stock Outperforming the Nasdaq?,Yahoo Finance,https://news.google.com/rss/articles/CBMirgFBVV95cUxQaTM5ZDVlZmYzZ1RFcm9lREFZS29zTmtwSG1aNi0wSlFhU05XN2N2MDhfVXhjWG45NXVEcmhMcXo2STJjMnN6SVZBbFhMMmZZc0RsR3h6YzNqaFJ6RG0tRXd4QlFqX3NKekRHTXM3ZEtGNTBxVGMyelp6d1JrVDVUV1FLeHZmVS1JQl9HSC1GUDZPQ1R4elpIOEJVV0ZSWVZXQVU5aldXYUNzTEtLVEE?oc=5
2026-09-01 13:26:10,MU,Micron Stock Weakens on Taiwan Dispute and Rate Jitters,TradingPedia,https://news.google.com/rss/articles/CBMinAFBVV95cUxOV2MyVVRzSk8wOGFBMUxOWU5penFESURUaVdndDZHazkwdDF2b1N1ODhQaGhrU2JyV09IOUZocEVrY1A3Qk1KeklFSDlBaTBnaTl5VHhfdVBXT19KWHM4MTN6M2czN2VOSlk1UHJaeUtMemswOWZzSW9XNHRsWTJKdE5vMFU2bFNycUpFZU1rNTh5Ui1nc2x5X1BMeE0?oc=5
2026-09-01 13:19:00,MU,MU Stock Slides As Patent Fight And Sector Weakness Hit Sentiment,StocksToTrade,https://news.google.com/rss/articles/CBMifEFVX3lxTE1YZzdXRGd5QmJoaVdzajJBNlp6OHlLQk12VVJ3WGVDNUo3ZjJFYlNFN1Rka05QWWNqbWhUekRqblpLcWh4N1Q3Mm9DV3RvVkxHN21BTHVBRXlNVmNFU2NnSzRCd2Nub3c3SnhNY3FyZk5SYWI3LXFnV01xUlI?oc=5
2026-09-01 13:18:00,MU,MU Stock Slides As Legal Risks And Sector Sell-Off Hit Sentiment,timothysykes.com,https://news.google.com/rss/articles/CBMigAFBVV95cUxOS3dKRWxDZVo3UEVseWl2QUhwWTJORXp0ZGk2ZXI3OXh0THI2NmRkanZkUGFwRzIyRzNFamRZdGl1RkRJSVdzczZHdjJxN3RQUXJfbkdOdU9SQ2R2T0M4bThUT1piZkk5UlgxRWJNRUowZEZvT2xhTVdodUljUkI0dQ?oc=5
2026-09-01 13:06:45,MU,"‘Fast and Furious,’ Says Top Investor About Micron Stock",TipRanks,https://news.google.com/rss/articles/CBMiiwFBVV95cUxQTmtlN0ZpQ3N5c0FTNDF4V0ZhMjcxdnNGQmMwei1PbHpXbGNzeTRhUWFPdVk3cV93MTNWUVR0MWE5M3VEN3d1aU81THUwOTZqbGUwMEFHWXo2enFNUzhaUjdqWF82OHo3dWJHSzJRMHRUakdaM3Q1RGw2Nmd5djJEQkhselVZcmZRRG5F?oc=5
2026-09-01 13:04:26,MU,What's Going With Micron Tech Stock Today?,Benzinga,https://news.google.com/rss/articles/CBMimAFBVV95cUxQZndoQnBEV2FvenVMVElqUEdjd0dsVmpydGljOHk4TlNmWmRIVmtEQUxUYU16eDFUbWVhWlM3ZVlzaHZrZGhMcHJjY1QwLWJQMDhScXp0WkY5OHdHdW80YU1ncHlLYWxBQlprR29CaktEb0Z6ZWJORkdNamZkMC10X1VUUmhmMjhMUzM4WlBPXzNXRExxR0dONg?oc=5
2026-09-01 13:04:06,MU,What's Going On With Micron Technology Stock Today?,TradingView,https://news.google.com/rss/articles/CBMirgFBVV95cUxQX0wwSDBOR0lmcF9WeERJaDNBLTY1b2lhVFVZOGRHRWR3NjVEb1VoZjlRSHAwWXJPQmt0LXYtcnhPVnphUlBJUkxFQW1YaGRmWkhIUk8wVWM3X1A5NmdKMWQzZGE2TEpsQnk4cmRScV9jVVlJbmdnVjlfSjg2Nmt4T0xMTEJoZk5LZmtGWHZfc0VtWHZvbG5qb3Bkd3V0b252NkJlZUxIU09XVFloNnc?oc=5
2026-09-01 13:00:05,MU,"4 stocks to watch on Tuesday: GSK, GPRO, DUOL, and MU",Seeking Alpha,https://news.google.com/rss/articles/CBMikAFBVV95cUxPNERvbGk0RXJSQks0dW9oMV80eUNFS1BleTRZZVNyWVNDb1d0aG9zdjZ0M0tQTU1LNDA0eW1KRHpMSnN1UE1GUFROTGhhNzl6bE5SOTMxUHNjM2taNzZtYk8yWkFkWDJoOURKSVhMbjBvNG5GOGh5eDVyVzhVOUFsQmhsX3p1el84U1ZUaVFwaTk?oc=5
2026-09-01 12:38:45,MU,Is Micron Technology (MU) Still Undervalued As Leadership Changes Raise Fresh Valuation Questions?,simplywall.st,https://news.google.com/rss/articles/CBMi3AFBVV95cUxOYXgtU3RyUVdIdGtVeGdqLUdsbnZ4TlJXS19WVEp4bkJOQUtwcktpdklFeGx5c2hlUmdKeFh6emdJUGpiWm0yOWNTdy1UOVJWdDVmUmdLUTkwUTNPQUo3QVV3akY3azYwamhUTTdvUDJJNVQwaGFNNjh4M0JhNGdjZWRZS3htUUNvcU5mUEo3alhwTE9ubnVpNW1WZWRxOHN6UmlsV2M1dS05ODU4WEYzZ2x4ZEVOTmRwYVBFSVhQVnJWUUxvQ3p6WDVHOE5wekM2aUJfVkZDWUtjendK0gHcAUFVX3lxTE5heC1TdHJRV0h0a1V4Z2otR2xudnhOUldLX1ZUSnhuQk5BS3ByS2l2SUV4bHlzaGVSZ0p4WHp6Z0lQamJabTI5Y1N3LVQ5UlZ0NWZSZ0tROTBRM09BSjdBVXdqRjdrNjBqaFRNN29QMkk1VDBoYU02OHgzQmE0Z2NlZFlLeG1RQ29xTmZQSjdqWHBMT25udWk1bVZlZHE4c3pSaWxXYzV1LTk4NThYRjNnbHhkRU5OZHBhUEVJWFBWclZRTG9DenpYNUc4TnB6QzZpQl9WRkNZS2N6d0o?oc=5
2026-09-01 12:38:43,MU,Is Micron Technology (MU) Still Undervalued As Leadership Changes Raise Fresh Valuation Questions?,simplywall.st,https://news.google.com/rss/articles/CBMi1wFBVV95cUxNVjhCN0tXd2JZaVBnQ09xY0pCNnB4WjZiOFJlc09SZFA3bUdrU2dtNTdWbU5sckQ0cE44T0RlWkhZZDVycUJON0NtMWUyMF9IS3A5eVdxUUtqeUZBV3FSWlItVG44Rk9tYjM4SXJqQm50VmxQdUI2dmFxdXFMWmhKbVpraEt3RU1NWWt0RjJJbGItSlpZRnJMZzJfVjZORWVWN1Z4US1YbzZVNVktZlFLWnhVSTBHbjB0cWZtZTlaYUx6SlJWeXRrTVhzSTFWdVFhMWZzM19Md9IB3AFBVV95cUxOYXgtU3RyUVdIdGtVeGdqLUdsbnZ4TlJXS19WVEp4bkJOQUtwcktpdklFeGx5c2hlUmdKeFh6emdJUGpiWm0yOWNTdy1UOVJWdDVmUmdLUTkwUTNPQUo3QVV3akY3azYwamhUTTdvUDJJNVQwaGFNNjh4M0JhNGdjZWRZS3htUUNvcU5mUEo3alhwTE9ubnVpNW1WZWRxOHN6UmlsV2M1dS05ODU4WEYzZ2x4ZEVOTmRwYVBFSVhQVnJWUUxvQ3p6WDVHOE5wekM2aUJfVkZDWUtjendK?oc=5
2026-09-01 12:28:29,MU,"Billionaire Stanley Druckenmiller Kicked Micron to the Curb in the Second Quarter in Favor of an AI Superstar That's Gained 13,700% Since Its IPO",The Globe and Mail,https://news.google.com/rss/articles/CBMiyAJBVV95cUxNRm51TGZNbXFhYmZPaE0tN0UySFZOcVgyaWJaWXRBZG0tdzA0SlIwc2JKNjJTdjZWSVlSMkpMdEdoRDBOQXF4VWVQal9rMFhRZnVWVGdvTVRFM3hHS1AxTEZ6NjNJanRaczI3cnVLSndYTkoybnlLZ2ZYa3ZDTXpra0wtOGJ0VnBGSTBaVk9DaGM2NFlHY3FHdUFnX05BVDB0US1CeVdJSGRqT09mM3NYZjJpOUVKNGlpUDJLMF9rTzlZVjVIRjB5WUg2aUxGNjhGTEROYmtYdDNMLXEyelFsdVNNRWNCVzBMRGhvV3lRLWROMUdXbDMtRnNmcUVPVVF2R280bEhrRElibS13dFRtOVhZdHRPVHNPVFNhek9uajhfZzFWTnpKU2p2V1k2dHRZQ0w2SWRfVkxTX0Q3Tm5GTkVMaE9YRlBF?oc=5
2026-09-01 12:22:00,MU,Micron Stock: Why the Memory-Chip Maker May Have to Share Some of Its Booming Profits,Barron's,https://news.google.com/rss/articles/CBMifkFVX3lxTFBtVmRxSWxaMWNrTE1SWWRRNjJ4dldMbFc0RmRrY0UwLTItdTlIUVdpWXc4T0dyaW1zMENPeEl3QnRGakE4a19ETFFwUmxwVnItanhKZjItWnRiQVdnMnlsX0duQW5WUFBvUHlLaVVKenVFWjZheEhwakdSRTlkUQ?oc=5
2026-09-01 12:20:30,MU,$Micron Technology (MU.US)$,Moomoo,https://news.google.com/rss/articles/CBMigwFBVV95cUxOZmpmLV9IOVM0eGU3MlpneTJ0SDF0dUJHVjNQSkM0b0NaY1Q0QmZ0dFhseGJGNHJQSnQ1TWlMNU5JVHIyem9jbVAyd25CZXQ5QkZZYm15ZzZ2Y0dzV1dTbW5JWUxBNGFoT2hpMzJZSlpfdFNBd1BMdnFMcGRTWUFZcklMSQ?oc=5
2026-09-01 12:07:55,MU,"Billionaire Stanley Druckenmiller Kicked Micron to the Curb in the Second Quarter in Favor of an AI Superstar That's Gained 13,700% Since Its IPO",The Globe and Mail,https://news.google.com/rss/articles/CBMizgJBVV95cUxOYy0yejNOaTUtT1hVSEVUNkVaOWpaYmJpZzEtRmpkRG1VbmFUTWZsWHJoRHZSTmlVcURKNjhaTVEtN0hpNk5rUUhfSklhamk4SG5Mc2xsbjhwYVlqclJXQWt2QkJ3cGtqcG1XdGRMLTJzYTU2TUZQaTNTWTRXaE9GaUpJSUlsVUVxYm1QVlJoZTlKUG1mZE1OQjVxNmZQSkl4MENHMUp4c3JfMFg0aE8zMmRsRWZiYjN2RU1PV210TkZyOWh5anJlQkpqZUxudjBHNFdtaE5aSk0tay1oWkZEZ09sMU5iMF9COEFMR0ZobWFpNUdibThiV21jMDVlZ1ZZSlBjb2JzeUN6eTNBWDZwWkZrbENTaXJCTFRBMzZNSWJvaHpGMC1Wd080Nmk4Nmp6RjdwZ29SUWlodW9YbEtTV1VPaTdkNDAzUUZTMDhR?oc=5
2026-09-01 12:06:00,MU,"Billionaire Stanley Druckenmiller Kicked Micron to the Curb in the Second Quarter in Favor of an AI Superstar That's Gained 13,700% Since Its IPO",The Motley Fool,https://news.google.com/rss/articles/CBMimAFBVV95cUxQYVFpLUYzQWtuX2gwVVVpSVMzVFU5YjBwSHlCMXNPWHNWMG1CajFpX183NkxiS1BUVERPU2wzeUdTV1hzWXVJZmE4MmpfQ3VLNjBnaU9aMk10WjNFZjVGaEoxejV3M01JTTJNR1N3dkdVSVNYdUhZQzliQWZob2ZNOXpRT3BDRDNPZ3FUSFB3YThSSDQ3dDV0Tg?oc=5
2026-09-01 11:34:13,MU,MU Sep 2026 860.000 put (MU260911P00860000) Interactive Stock Chart,finance.yahoo.com,https://news.google.com/rss/articles/CBMiZ0FVX3lxTFBpc0s3b3k5bmRhUlNMdkVRSEJyM3Q0QUZWa2VVR2YtRmNIeEdVMk1LdnlnWEgyVVpNYlMya0JZUkRwRzdfamFucHBLVUt2TmxlS3N5ei0zYmhZb3pKaWUwTjYwZnVMazA?oc=5
2026-09-01 11:08:28,MU,United — 3 Days In San Fransisco: Travel Itinerary Mu Stock (mqEmRGQcXp),Mshale,https://news.google.com/rss/articles/CBMiW0FVX3lxTFB2SUpuSnhRZ3AzUzNNSk1wNXhLSFZYdzZGZjlsclItcUlHLS1oSzhYd0FHM3F5bkFTQURkUmd4elJXYjVUZlFBTmg4dkRhOWJZU1d3TVRrV1dOUU0?oc=5
2026-09-01 10:53:22,MU,"Social Buzz: Wallstreetbets Stocks Decline Premarket Tuesday; Sandisk, Micron Technology to Open Lower",marketscreener.com,https://news.google.com/rss/articles/CBMi5AFBVV95cUxPUVNCVHplS3haREoyaThqNFlmaHdGRllpSWk1cHZ3b2VRRDRzT3JZdFNQd29tdTg1MHJqcEFsNGZxVW0tQlBNRFEtREJyTVpncXF2OTNuSkoyLS1QRGt6c2FlZkpINm82em9fU0xTMjY2dlNpanFPN0JyZmttX1A3a051THBkTzd6Z0NjZWxLVFk4VnBWNjcybjR5N1ZvSzVMS05EV3BHWjAzZVhPZlBVYVZoNVBNS0x0SHFCbloza19XOWVOMFlpeW9zOXRNTWJsdUMwWUZjdVRBMlZmLUJGREo2dnI?oc=5
2026-09-01 10:14:58,MU,$Micron Technology (MU.US)$,Moomoo,https://news.google.com/rss/articles/CBMigwFBVV95cUxQNm1NM3ozYnlkWUhUa2dEaW1QZm82SHk1YUZ2RTR5UGVldk1OclVkck9yWC1NVmp3U2EwR3hCTlpJdzYyNG9vR1ZaOXNBb2xwLVl6T2x3SjZNekp1bE9wa0tsNHJ3QkJQaXNPVWxQT2dQd21Ndzh4TFlDcGlZRFJtSXpDSQ?oc=5
2026-09-01 10:13:11,MU,MU Falls 2% Pre-Market as Micron's Taiwan Union Threatens Strike,TradingKey,https://news.google.com/rss/articles/CBMiuwFBVV95cUxQZjk1TkdtT2lLbTR1SDZDQ1BwdTd3aWpDZGdURGE5MnBMbDVMWWpGMVBGSWJramVFdDhRX3dDQWZRRVhpUjBJTU11UzhRVTVmWThRUC05S3l3Zmo0Vl9DejlxOVBfeVVKZ1NiVkxpbEotckd5VWQ0SzM3OUNzZUpGVk9FTFNkOGZJNTBJVXFNckZjQVFDX2w0dmNLeEFlZ1Z4cVZxakhYV05SME4tU3RFczRwdXhPSFpQVDRv?oc=5
2026-09-01 10:10:35,MU,Micron Technology Reports Record Earnings in Fiscal 2026,Intellectia AI,https://news.google.com/rss/articles/CBMilAFBVV95cUxPelhaMGVVLXRubUN3NVRKSWVaazV6OVJ3ZkQ0LURWZUNEQmhFeHEzZnViWTdWX1g3OWVUZWJJMTU3UnQ5LWsyOVRIVXZpS3gwV0NkRzlrcXJRdUFvazF2eWw3QjhkWk03eF9mTTV3NmRkN19fM1ZPeXNfU3NRWlY2N0xvUVBIT28wOHFtS1k3YmJoOGZH?oc=5
2026-09-01 09:14:00,MU,The 3 Most Important Sentences in Micron's Presentation Offer a Glimpse Into the Stock's Future,fool.com,https://news.google.com/rss/articles/CBMikwFBVV95cUxOVWlIQ3l3c1oyZkhSSUhMTmFGcUtiZVRWVU50b1RiQXdwc1B4cHhjYmpCMDczSXUwU1h1SXJzMWlCTGFnVmMzaU13cHVteG9HOENhR2xmbWNUVXA5NFp1WDBvZkxZaEtHTmFqc0RGaGUxUTY3cjFSM0lxeGtxNkVUOS1uQzRKWHFnQVpfVFEtb3pHV00?oc=5
2026-09-01 09:09:27,MU,Micron Technology (MU) Could Be 53% Undervalued As AI Demand Builds Ahead Of Earnings,Yahoo Finance,https://news.google.com/rss/articles/CBMimgFBVV95cUxQTVRvMEk2LXlzbFUxUFA2VGVmVmdXYzltdi1WSUVMTnFuc1BLc2UzNjhNak9zS3hQZ25uMlhHWE9ZWldtYkh5ZTVjYmI1ZkNJZTVUM05DLWJQNVVSRzZWZFRfbGJyazZBOFdzelRGMkUyU1luUm9wY19wYzdoSEdLdW1DSnlTTENKdnhXNFBUNVl5VWluc1RTZzJB?oc=5
2026-09-01 08:56:53,MU,The 3 Most Important Sentences in Micron's Presentation Offer a Glimpse Into the Stock's Future,The Globe and Mail,https://news.google.com/rss/articles/CBMihwJBVV95cUxNZlFiUDY5NXFCRzFhVzJrZ19RRzdPcF9QNVNVTUdQR3V2MWtvNy11aU5RTVlXUWxvWDZhQ1JNTFdSVFR5eTlXNHFOUEtkU0J6S0RoMzQ5bnpRc3BFYUFySU13TmhFODhGd3JYUm9sQWRzZzV4UWp4QWk2RlRCOG9CYV9xVFJyeTM5SDRvRFpYWVBlZkEtamQ0TXdaX0RXLXRHbVpqb2YzNzItbl9yRk05ckJ3bkU3c05oSmFFZFJKVFJlQ3V1Nk1FelU4NVNoXy1TVXlCeGJiQ2RjUFlTTmNtZVJ6NDRiVmlpZnVGdzZPRUp4aTBneDdhX0xSUzlqZ2lwa2tQNXhGbw?oc=5
2026-09-01 08:53:09,MU,"Micron Stock Price Forecast: Inverse Head-and-Shoulders Pattern Takes Shape, MU Stock Expected to Hit All-Time Highs",TradingKey,https://news.google.com/rss/articles/CBMi4wFBVV95cUxNTG1vV3gzMUJxNkZIeENGTVZlSEoybnYwbldsTGQ2N2NhMS1uTUZKbEZIUHMyZGp3SG1nRVI5X1dtQTdEc3JTdXlOcmJRdjJVWEU5VDBKTGR5QWg2WnNsN0dOYkZ2cDNiMDlpYVlER0V1M01ZbGxQV1FfaU5Lc2luRFFVNTZBeWVucGx2YlVEbHVMTXZhbEJ0WlRMM0YySHo1X0k5eVZDVk56UjdkaTVlRk9lLU56SnBRT1Q4eXRyallhVkQ0b2ltWmtPZWR5NmdISElCZTRlUV9qenJWTTFKcFY3cw?oc=5
2026-09-01 08:39:59,MU,The 3 Most Important Sentences in Micron's Presentation Offer a Glimpse Into the Stock's Future,The Globe and Mail,https://news.google.com/rss/articles/CBMijAJBVV95cUxPRUxUZ0JsaEpqaFNGRVh4eG5nNTdFMWM2OElSaEVtTGdmM3AyUHNSNXBPdmFvWk9uSDJlVFZTREUtQ2FVemJzdDludGppWnZmSzJXeHJjZHJ1c2ZQVThfQUR6VlZGTENfY19IMUdMYWtGbmRiNFZPaFh5SVNuWXp4aDRNNWpxOFI0b1g2YW1Nei1GeWFpaWZiMXBfeVg3bWdsRC02SnItaEZEOFVtSzBlbVUzSHk3RkQ0bEp4WFdJc0JHUFFaaTNndmhzaDd6RTBsNHpLZkM5RS1FYUxjdU13d3BaZXUzbDk2MExyWXRGRFpoLW05VEljcUozUTBhZkxveHAtam00ZWdRTHlY?oc=5
2026-09-01 08:34:00,MU,The 3 Most Important Sentences in Micron's Presentation Offer a Glimpse Into the Stock's Future,Yahoo Finance,https://news.google.com/rss/articles/CBMioAFBVV95cUxQRE8wSXJEWTBZWVVLZVFYcDVlbTYzVU1SZWFfWU9xbWl0bFl6NUV4a3V3OW5aVm9CQkZ0S3FDRHhqZkdlbVRfYWlSOW9OT3NCemVHdTF5Y0g5bExOWGlCaDRVTk5MUE5YX3V6QmY3Wld5N1djUEtJMV91eDdJbXVKY2U0N1E2ZURraDVVQ0c2UmxCbHZzZHl5b00tdnExZnVW?oc=5
2026-09-01 07:45:38,MU,China's CXMT makes breakthrough in advanced memory chips: report (MU:NASDAQ),Seeking Alpha,https://news.google.com/rss/articles/CBMiogFBVV95cUxPWVZibXZYS2JsV1duVmdVbUFlUC1YSHhMRDRPaHo0bWVoUjVROGhmVUZDLXY3cWloWXQyZkp3MHFSekdYQ0l0Mmp6Si14S1dYZEdybzY1T0UyZlI0aXNBZV9fVjFqRGhXSE41MWlaUlhlYjdIbDZUZ3A5X2xKUTJYOUlNTkctUmN1dEpzcTZyTUZFUlBXcmV3MXc4MUNVLUdxZnc?oc=5
2026-09-01 07:23:05,MU,"MU, INTC, SNDK: Chip Stocks Rally After-Hours On AMD’s Blowout Report",stocktwits.com,https://news.google.com/rss/articles/CBMiygFBVV95cUxPeVlYaXJjQjNtTkNRQUxQTHhaLUFMbE80Uy1MeDBpV0FPdkg2SHRLdkdfVUpXM1NrNWhZSVZQQ01sa0o4T1hKdzF1clBFRlRWUmMwWGxQTDNVVFBpOVhObUc2MXpBeXBOZ0p3R0w5NGRNOHB4X0ZIXzhlT0NMbmhzc1RtdmJRTWhlRUhKSHpyVnpaU0VGMlJyU2tDcmdkTG1hWVJJbmtTVDREbzFfWDB4bjhuTGswN3lmdkdHQzY1dzFOVU41VGlBNlZn?oc=5
2026-09-01 07:14:01,MU,"MU Aug 2026 715.000 put (MU260831P00715000) Stock Price, News, Quote & History",Yahoo Finance,https://news.google.com/rss/articles/CBMiX0FVX3lxTE9jbFd6d3Y0NDBWd1FhcUhTeUN1SXNNMjFoTkNYQi01LXY0V29TMV85dkVoN1g1U3JscFAzN2kzUG96ZjA3a1kzc0tZeENQS3VfU01nRzlla0kxZ21jQ01j?oc=5
2026-09-01 06:40:05,MU,Micron Technology stock consolidates below $960 as AI-fueled earnings surge reshapes expectations,ad-hoc-news.de,https://news.google.com/rss/articles/CBMiywFBVV95cUxQTVhRVko2Qkg5REhyaGNfenpiSlZfX3hmZnhtbjc1MF9BUmpGY0owS2s1WVdrcWhmVERtczVnd0dxam43dmxfOV9qV0JSRVNnZ01tU1VScGZEeVYyOVQxWURCQ1VIOXpkeWVSU1hvNno2b3c3WHp3cmV6NDlKZkRaeTQwY0tmRXRUY2x2UmxFTkh6T1BvQTMzcUJvaUxDVWRzT3ZpTHdjVWxicFowV3lJRjFhSmJuTVRmUzk4V0hKcWU3WFlTM0dabGNpcw?oc=5
2026-09-01 06:31:12,MU,"AI Memory Stocks Rally After Nvidia Earnings: SanDisk, Micron and SK Hynix Rise — Which Stock Is Best to Buy?",Mitrade,https://news.google.com/rss/articles/CBMifEFVX3lxTE9vM3huOXl5dmFRYXlSSDU0QkVBZnlybzJsTlBKTUMzclRQelFkTnRmNG5HcERRMERxYXp6UE91dXJCeXV3THhodllvaXBzSFktVmtXenpDNm1KQ25DWUdIOE5LQ0l0V3lEMTgwTmd1WnJEbVZYZl9OdzBBZ00?oc=5
2026-09-01 06:10:51,MU,"Micron Stock Forecast: MU Nears $943 as Samsung, CXMT Shape Outlook",FXLeaders,https://news.google.com/rss/articles/CBMikgFBVV95cUxPeTdYZ1hmUmVUV09lcXFLX2dGbDdUNEljaFYwWmdzWnJ5Q0w1b29oUFVpT1laOHh6YlFmV0h3clllTHBIM0tvdW0wWkc5Zlozc0dYa3diUWNzM290NzRYOGhMVmxZTzBUeXVpdWpWV25QRjh2MzhuVERmVzNwODF0Zmd4dnQ5OG45XzhHUEc0TlQ5dw?oc=5
2026-09-01 05:48:34,MU,Micron Is Selling Off… Here's Why NVIDIA Still Can't Win Without It Naomi Osaka (S45PCbhtKA),Mshale,https://news.google.com/rss/articles/CBMiW0FVX3lxTE5tY2JRalBPYThuM0hKQy1FcndQWVZQMEo3djU1VFBKaEsyM0hrMm4tNmpCS1BhTl94LTQ0YUllZXNXLUthaHVUM2ZRZzhvVjB6VFpsRlNTLTdQOW8?oc=5
2026-09-01 05:14:44,MU,Posing Hero - AnnaLynne McCord Mu Stock Price (OirgcjOf6L),Mshale,https://news.google.com/rss/articles/CBMiW0FVX3lxTE1mS2ktYlUtbzBiLTdNQzlpRExNNVJJYmdLSWtpVFkwT3UtVHNQdkVDTEp0S1o5LUdueGdxOUxGcGxfdm96cXB3Zy1kU0dPSkRJZ0E5QTlKOTI2ZEU?oc=5
2026-09-01 04:14:00,MU,MU And SNDK's Nascent Rebound Faces A New Test — China's CXMT Reportedly Makes Major Breakthrough With New AI Memory Chip,TradingView,https://news.google.com/rss/articles/CBMijAJBVV95cUxPTi10ZDU2cTZ4d25hV3Z6aVAtNFBKWlBEczdrRXdONWE4aWVyZmdtbHR0WEZ6Zlhoblh1cXg2VTdINEhNZC1ZT1VzbG9aSHplazNVOGF3T0tOYkVlZkluY0RKeEFfVGwwNXBJZGMxNlRuc1AzenUxdUxTeThQaHRtNWZXb25NMGxDWk5KYmlfa1VWOVB2dndIUGsyTmxOS01RazY1amZXSkVtS2tpMHlOSFRGMkFPQzZsNXE5cW1sU2pGS0lUY3RMNHdQb1dEbmoySGVhQkFEUFo5NkRYWGQ5S3prdF9YeWpTeXBfcXZGVEdTemxtZlNLMkIwZkVucHVhbWdJaGZDSmNpb0tK?oc=5
2026-09-01 04:11:32,MU,"FIRST AMERICAN TRUST, FSB's Micron Technology Inc(MU) Holding History",GuruFocus,https://news.google.com/rss/articles/CBMigAFBVV95cUxQSTJPZmlxUWY3bUdCdjlJQjlkV1diMzc0cHR4ZTcxZl9sajVtY1M3VHVxWDd5WHdtWGg4S1pEdnZCNTBBbmtBVXZldFNPaGF6cG1lXzM2Vm1wTU82WE4xUjhXWGJ2V3ZIczlQenZiTGw4SXB4U3o5LWFJSmUtUFI1OQ?oc=5
2026-09-01 03:50:29,MU,Freefall Mu Stock (f32pK6rJN6),Mshale,https://news.google.com/rss/articles/CBMiW0FVX3lxTFBDU2ZDVUxWWlV5RnFoQ25qblhJN2Q3VXNvZUctdTE4a2kxcmRzR21tN1lDd0MtbC1LSDdEckpzdFRFZlU1cGZwaXc1VTRDNk5qVmtSVUwtT3IxeGc?oc=5
2026-09-01 03:45:00,MU,The Nasdaq Has Fallen in 48% of Septembers Since 1971. Here's What That Means for Nvidia and Micron.,fool.com,https://news.google.com/rss/articles/CBMimAFBVV95cUxNZWs3a19TUi1pZk1XRV9SR3FMbUZOVG1sLTNPY3ZCVWtpbzZ6ZEF2a0VBaXhqV0NUUkZFNUxYNjFJdTlmMkJLLVNERGIyVTlEN1dUdEJxQ3NPVUtteWYwWHVfNF83RF9XNjR6a0NKR1pIUUZBei1aR2RvYWhLejJ3YVVyZl95bE5VNEhmd1g1Q2pnTG13cU9CQw?oc=5
2026-09-01 02:20:39,MU,MU Sep 2026 1180.000 put (MU260904P01180000) Interactive Stock Chart,Yahoo Finance,https://news.google.com/rss/articles/CBMiZ0FVX3lxTE51ZGoyajNqYU1DVU9RNWNBa0NPQlRlbFpiSGpGSFFaVnVkN1dWb0ViM3JDaEdDT19uUlZZdkJoNlJfWTNnV3pDYjRGcWJjaWJBSmNwTlFxNVYxVmgyYzg1VGo5UVZWZm8?oc=5
2026-09-01 02:15:48,MU,"#Show off Your Best Moomoo AI Moves, Win a Share of RM10,000 MU and Join A Lucky Draw#",Moomoo,https://news.google.com/rss/articles/CBMiogFBVV95cUxPTHU0WnFLZkE0SUw4UGQ3ZTN2THp1TWptbDQ4bmw2d0ktd3lYcFJmR0x0aFN5NHJBcnE4NVpPTThwcDI2M0N2cklEQnRHaHZVX1dmN2hIaXlLOUd6LVQ0T1gxbFpscFkyRDJBZTBVNC13TGs2dGJKd0lKLWhacDZXdkpfZlhJTlh5amtRcGIwTUttaFRzUDNJVkxxaFlabUc5WVE?oc=5
2026-09-01 01:11:36,MU,DAY TRADING MU,Moomoo,https://news.google.com/rss/articles/CBMid0FVX3lxTE9XY2k0aEhOTGE4czctUWpvc1NDcUdrQzczV3NZZGRDbkUxYXh0amljQUpyQUpCQmhHenpVSEd2cWR5ZFh2OTl1d3JhOG9tdWhPT1R5Q3RQWDYyNmRuRm9kbnZDdHBxUkxQRFRTbGNFRjlybzBzYmJj?oc=5
2026-09-01 00:30:42,MU,"MU Sep 2026 800.000 call (MU260902C00800000) Stock Price, News, Quote & History",Yahoo Finance,https://news.google.com/rss/articles/CBMiX0FVX3lxTE5Ic0xPOTdrODBjMU1vUkVXSHpPbm5CaGd6TlZKMGZVOV9jbnVkdnJBcmVsblZ1RTFZa0x5bDdndWZQV0I1aXJnX2pocnFlNUMyZkVCVG1hRE5jQnA0OE1R?oc=5
2026-09-01 00:30:36,MU,"MU Sep 2026 1040.000 call (MU260902C01040000) Stock Price, News, Quote & History",Yahoo Finance,https://news.google.com/rss/articles/CBMiX0FVX3lxTE1uM1lKYm41cTNIa0VpWDF3Z1h0Ml9fdC15VXEtOS14OTYtNUFNMUlYNjNEYWNZeFNPWWhmQXRvVFREV01iNUVYbjcyaFJqZXRPM0RyNW03VXo2bzR1Uk80?oc=5
2026-09-01 00:30:34,MU,"MU Sep 2026 700.000 put (MU260902P00700000) Stock Price, News, Quote & History",Yahoo Finance,https://news.google.com/rss/articles/CBMiX0FVX3lxTE5YVFIwcnNuY1RhRmQzTTctaWVsNGRNRm1zLUpFTkZDNGZsZldYTGF4ZnVRUGkyVUp5VG9tcXNMN3JEQVRuTEluUFRiZjFpZjZ6Qjhoc2xLRGN5U1FoUThn?oc=5
2026-09-01 00:30:32,MU,"MU Sep 2026 780.000 put (MU260902P00780000) Stock Price, News, Quote & History",Yahoo Finance,https://news.google.com/rss/articles/CBMiX0FVX3lxTE1sOTJRNlpRdVliUDRLMUhQVTB3OThScUtxUXJUbGczb0JGOEMtSUZOUmVQZmRXbG0wblBRV21RQ2xmYndfYTZod1NaZnBBSno3R3JESHA0WS1rOVJiTnlz?oc=5
2026-09-01 00:30:32,MU,"MU Sep 2026 860.000 call (MU260902C00860000) Stock Price, News, Quote & History",Yahoo Finance,https://news.google.com/rss/articles/CBMiX0FVX3lxTFBTaHdzMmZVTEpqeWZ1M3I0UUZJcHR6MFo0QWxIVkZrai1JU04wSF8tV29mTjJoQTFJWmJRTFBzaEt1TGNKWDNWNWxPbk8tNHN1RkFHVk1URjJoRVJOVGZN?oc=5
2026-09-01 00:30:30,MU,"MU Sep 2026 1035.000 put (MU260902P01035000) Stock Price, News, Quote & History",Yahoo Finance,https://news.google.com/rss/articles/CBMiX0FVX3lxTE9kRmlVMFRDZnlydGZ1eURkSTBsNEMtM184YXF1QVh4ZFo5R1dQYlFJX1NHNGpiaXg0enRhbHp5dzdaUGJvZDNzWlhUUFNfV2V5TzBJbm1weWUzOXpKVDVZ?oc=5
2026-09-01 00:30:29,MU,"MU Sep 2026 1070.000 call (MU260902C01070000) Stock Price, News, Quote & History",Yahoo Finance,https://news.google.com/rss/articles/CBMiX0FVX3lxTE1wX0o0OEZhWmJiN2VXMm5kVVBIbWRXXzR3VjZyVnM3YmJRWlN1enBHUVFjU3czSXZaWEUzNXdibC1jLXBYcUdhb2FPcjhCU2U2ZVVBYWpPQ0hOTnV2b1Fv?oc=5
2026-09-01 00:28:10,MU,"MU Sep 2026 1045.000 call (MU260902C01045000) Stock Price, News, Quote & History",Yahoo Finance,https://news.google.com/rss/articles/CBMiX0FVX3lxTE13SE1FMWRSQmV0SDg4STIwem5uY2psOUMzMDhCOHF2MFFEWXl5NnVRanBKWEhxZ1Z3ekhORy1XVFRTVndYaDk2UFk1ODlJbjY1VXFZTkxMSk1RN09kbjM4?oc=5
2026-09-01 00:28:10,MU,"MU Sep 2026 1065.000 call (MU260902C01065000) Stock Price, News, Quote & History",Yahoo Finance,https://news.google.com/rss/articles/CBMiX0FVX3lxTE5PSER0U2I1M3ByTENKT3AzZmNHdHFUNlgzSVFzT0EwX0wwUVQ4UFN4MFhPUzlTQVcwQ0ZZUWdCak9tb0tYVlJ4eGdoanhhMmFCcXU3SW9JclMwRkJUbkhF?oc=5
2026-09-01 00:28:08,MU,"MU Sep 2026 1130.000 call (MU260902C01130000) Stock Price, News, Quote & History",Yahoo Finance,https://news.google.com/rss/articles/CBMiX0FVX3lxTE1KTWNOUmgwSF9GU1VmU2c3eW4yVVAxa2w0M2NsUUhKb2UwUng4andXTmEybXhaZC1VRUE2bkotOVI3RDUxYVBZQUwzY09MaElfWmY2aUhPSlJLWFh6MFJ3?oc=5
2026-09-01 00:28:05,MU,"MU Sep 2026 965.000 call (MU260902C00965000) Stock Price, News, Quote & History",Yahoo Finance,https://news.google.com/rss/articles/CBMiX0FVX3lxTFBBLXpLLV81ZWpsRDhmQzYzRDZpTlNvWndBZnI2NG9XLVdkTGlJYWEtWldhMDAySFA4RkZOMFE5VG1vZW1ZTzAxWTkzc2ZjbzE4WmxjamdhNlF4MkhlMnBF?oc=5
2026-09-01 00:28:03,MU,"MU Sep 2026 1180.000 call (MU260902C01180000) Stock Price, News, Quote & History",Yahoo Finance,https://news.google.com/rss/articles/CBMiX0FVX3lxTE9WbmZsbmZYemlPZEc3Y2sxYzZfVWY1QWZTV0FzNUtBdjdxQndiVTIwLUo0eUtPMzNLdlVfNkNmcmVLMU4tbk1YN0NJNDF5RWs4ekxVRGkyNFVkVExsR1I4?oc=5
2026-09-01 00:28:00,MU,"MU Sep 2026 915.000 call (MU260902C00915000) Stock Price, News, Quote & History",Yahoo Finance,https://news.google.com/rss/articles/CBMiX0FVX3lxTE5xTkdsZ3B6cUpIdFczWU1NeDY5RmxVcDVqZ043eHBJSk4xTnU5TzBIVkRfSVBpZ1V1VzVHdkpFT0ducklEaUF4M3ZOLU0zOWhIQ0ZQVFpOLXZ1WDM2YVRV?oc=5
2026-09-01 00:28:00,MU,"MU Sep 2026 1110.000 call (MU260902C01110000) Stock Price, News, Quote & History",Yahoo Finance,https://news.google.com/rss/articles/CBMiX0FVX3lxTE5nNEdaVlI3Wm11bWVtTUxTMWh1LWJwZDVfRTNWT1lJLTBkU1ZHMmRRcGhrMjV5VHYzMHJEZUZwbThNbExlUHpqQ1h3a1BfYTMzOXB1T0huU3hMLXRBOHR3?oc=5
2026-09-01 00:27:59,MU,"MU Sep 2026 850.000 call (MU260902C00850000) Stock Price, News, Quote & History",Yahoo Finance,https://news.google.com/rss/articles/CBMiX0FVX3lxTE80MmNuSnByREI5VDkzU1ozRFE4bjcxMUVzYVVsWDdJZzdkZndSMjVjMjVQQTNvZllnNzA5QTBsRFhtS0hjNy1Gem5ESUdXejNoQXhORGFlLUpaVGF1S1lZ?oc=5
2026-09-01 00:27:49,MU,"MU Sep 2026 1010.000 call (MU260902C01010000) Stock Price, News, Quote & History",Yahoo Finance,https://news.google.com/rss/articles/CBMiX0FVX3lxTFBGQUd4eVl3bk5oV0JQcks3X1FYSjJjRVA0OUVvSXBESW9BdEI5bUZQVGpFcDhDOUdZX0JieVBJR0ZlN2tHVDBwV3FKTTlacExDUjdvU0otcERWOXVaM3BN?oc=5
2026-09-01 00:26:36,MU,"MU Sep 2026 1215.000 call (MU260902C01215000) Stock Price, News, Quote & History",Yahoo Finance,https://news.google.com/rss/articles/CBMiX0FVX3lxTE1ldlBvQWpqTlVYRkFPUlB0UjBqU3JySmYxSHQ3bHc1ODU0dU9waEtzaEgxbjFjcmdpWS1IdmNHTXlVc0pMV0U0S001X0lRYUVUdWhGZ1dHdGYxRXJuSHhV?oc=5
2026-09-01 00:26:36,MU,"MU Sep 2026 940.000 call (MU260902C00940000) Stock Price, News, Quote & History",Yahoo Finance,https://news.google.com/rss/articles/CBMiX0FVX3lxTE9Xc3Ztb1lOSjQtVWNQd0w2RlJ6NlplM1p1MDJQZHBVcjRITGZQem9UMkFGSTZkN093WjlsRXQzRUd0Z2RrSDZueFcxYnpRbVlSUlY4dTJ4QmhnTU1LanN3?oc=5
2026-09-01 00:26:32,MU,"MU Sep 2026 1150.000 call (MU260902C01150000) Stock Price, News, Quote & History",Yahoo Finance,https://news.google.com/rss/articles/CBMiX0FVX3lxTFA0dDI3cjg0ZXRQcElTVGdURGlKN0h0a0xlYml1V3p5OFQ4cm5WYThWQ0pKR2taS0hlT0hWeWhQbVhVZlFfZTRJOWk3UWx3MjRERVNUcG1yLThGWUx3R2hr?oc=5
2026-09-01 00:26:26,MU,"MU Sep 2026 1020.000 put (MU260902P01020000) Stock Price, News, Quote & History",Yahoo Finance,https://news.google.com/rss/articles/CBMiX0FVX3lxTE80Z00xRTM3OTc1am45ZUYwdnVwaXFwQjBLRmtaQWZhd2UyOFZqVzYza2djaWhaQ1phVXhrekx2Y1h4aHNycnYySWJPeUpicnoxR2huUEpnTjJnZk5KaHAw?oc=5
2026-09-01 00:26:25,MU,"MU Sep 2026 775.000 put (MU260902P00775000) Stock Price, News, Quote & History",Yahoo Finance,https://news.google.com/rss/articles/CBMiX0FVX3lxTE5DMGpreHpSLVF5UTZJNW5QekFIQmtlRGhTN2o0TnowRG40b2JXM3YzSTZaOWdSMHkxWWpwaEN3RC14eWZfTnF2cE5JX3lNM25TTWI1b3A5UEdQY29UeldN?oc=5
2026-09-01 00:26:24,MU,"MU Sep 2026 1165.000 call (MU260902C01165000) Stock Price, News, Quote & History",Yahoo Finance,https://news.google.com/rss/articles/CBMiX0FVX3lxTE56eVZ5VHpYNjhyLXc0RDZYdHlEV29DQkJhTkVZMjFjRVI4eTJ5QUgyRnphMHctWXNaTnFBbXFoSWNHQ2VQT0ZUcjdrOUlCb3QyRTRiQWk5aEp1OU02SjBZ?oc=5
2026-09-01 00:26:20,MU,"MU Sep 2026 1050.000 put (MU260902P01050000) Stock Price, News, Quote & History",Yahoo Finance,https://news.google.com/rss/articles/CBMiX0FVX3lxTE1XOFNEcUJmajhkM2ZWZllDeW4ySy1WeEY3bjRFQkRnMFNMYVJUR3Y1dGkyVlFEMlBkVFAzZXBuZmhzeFlnakxPZTRQdGx0dW5NUU8ycFI5SVVaWnkza24w?oc=5
2026-09-01 00:26:19,MU,"MU Sep 2026 750.000 put (MU260902P00750000) Stock Price, News, Quote & History",Yahoo Finance,https://news.google.com/rss/articles/CBMiX0FVX3lxTE5aM1JNYWw0WENoMFl3RXhpWkRQTUxvZ0JDQmI3dlZCblVMdlFmYlRiblFqTjBSMDlnYWpYQmxxWENVdE1MbDF3T0gwcGlGQnBocmVESDk4UHVDZV9vS280?oc=5
2026-09-01 00:26:18,MU,"MU Sep 2026 600.000 call (MU260902C00600000) Stock Price, News, Quote & History",Yahoo Finance,https://news.google.com/rss/articles/CBMiX0FVX3lxTE9qd0RHdWNEeEpoUERhWHpCZElKYXZ5U0ZsU2x4WTBaSTAxN25ZWk5ZU1pCbldPVVRJa25acmV5U25PMG9ZTnplSFVTQzM1MlIxeng2ZEZHVEdmZVJJcEg0?oc=5
2026-09-01 00:26:18,MU,"MU Sep 2026 1015.000 call (MU260902C01015000) Stock Price, News, Quote & History",Yahoo Finance,https://news.google.com/rss/articles/CBMiX0FVX3lxTE51RVFWd19hMTNoNGgtZDd4dk1uaUpnaG0zQ0tNMkE3Xzc3VEtDMDVZWFdPcTdaMXhHcXp5MXhnNWsybE95ZldhU3lneEpCdjFUNml6XzBZSWpzYmcwbTh3?oc=5
2026-09-01 00:26:17,MU,"MU Sep 2026 835.000 call (MU260902C00835000) Stock Price, News, Quote & History",Yahoo Finance,https://news.google.com/rss/articles/CBMiX0FVX3lxTE1FU3g4bHZhRGZLd1QzRXhEWlQzYmNBM290YlUwa3NvUTZBVkc3WmpRR0t6N3lMcXI2X1RSV0lLQ0tMZTNTV29DVWo0LUlCczNILXA0UHNJanJRY3FnaDBj?oc=5
2026-09-01 00:26:17,MU,"MU Sep 2026 890.000 call (MU260902C00890000) Stock Price, News, Quote & History",Yahoo Finance,https://news.google.com/rss/articles/CBMiX0FVX3lxTE41LVdQTEdCQTJkS1QxNVlrSDNGNXpyelZRbkhPT2hwUndwd0twOWxJQ1JUeE0xUENyRUVBRXplOWhOOVlzLTVqSUg1UkZXN2s1eEJiMVByMHlWcmVweV9Z?oc=5
2026-09-01 00:26:17,MU,"MU Sep 2026 1105.000 call (MU260902C01105000) Stock Price, News, Quote & History",Yahoo Finance,https://news.google.com/rss/articles/CBMiX0FVX3lxTE5ETEpSTUpGV2NUS2toa0JVLUY0dlZQZFY0X1NiNmtyQUxCUVJBbVR5Sk9yTWJGc2xPdkxmaTF0dFJ0Y3hXUjdaTTBjOE1MX3dac0hwZWdHMXR5Z0xleVA0?oc=5
2026-09-01 00:25:59,MU,"MU Sep 2026 1135.000 call (MU260902C01135000) Stock Price, News, Quote & History",Yahoo Finance,https://news.google.com/rss/articles/CBMiX0FVX3lxTE9nRlZraDQ2RUYtYnAxaktpWXB1c1BhSlh0bUJ6WGwzRENBWEd5M1hPRTN3dW53OGYyUG1qc0lxbEdmYkcxVjJLN3ZtNFNNdUJ3SDktVHVwdUFxdDRhUm1J?oc=5
2026-09-01 00:25:59,MU,"MU Sep 2026 1100.000 call (MU260902C01100000) Stock Price, News, Quote & History",Yahoo Finance,https://news.google.com/rss/articles/CBMiX0FVX3lxTFA1TVFBNGY1Ti1RRVBmLXhqLWpmaHM2MHZIdzJfV0I1UnpMWDlfREx6YzQydDM2Wk55dlEzMlZfYzVvalZCeHpvTUw3Qk9oLUd5Z1EwanhfYWRqYnRWcnVZ?oc=5
2026-09-01 00:25:59,MU,"MU Sep 2026 1120.000 call (MU260902C01120000) Stock Price, News, Quote & History",Yahoo Finance,https://news.google.com/rss/articles/CBMiX0FVX3lxTE9DUW5CcWxBN2luaE94OFUwcWFwdjZXZ2ItV3ZQYklxbkJQVGJPdVNnWWlNSXJNVm80R2dVNGUzZlB3VWNxNkliZnFnLXNHdHFxSFlpQUZTdnU3NWxDSGxv?oc=5
2026-09-01 00:25:58,MU,"MU Sep 2026 1035.000 call (MU260902C01035000) Stock Price, News, Quote & History",Yahoo Finance,https://news.google.com/rss/articles/CBMiX0FVX3lxTFAzYU9NZnZLc0steU42RFhwZjQ3ZmdWQ2FGZTFyUjNfV1dhZW8zQ1Y2cGhZZ2JPQ2E4am0xVThkQTJMSGU0b292WjByQjVYaWhyeEJZTHRYWExRLTRibWc4?oc=5
2026-09-01 00:24:59,MU,"MU Sep 2026 790.000 put (MU260902P00790000) Stock Price, News, Quote & History",Yahoo Finance,https://news.google.com/rss/articles/CBMiX0FVX3lxTE1sSS1EdXhUYzJOWUVNbDZmUW9GYWpnVHdiVGtfbjlENjQ5djJWUkpxSlFQY0RQU0g4OGlQWWVzbEV2NV9yTXlTLWZhbU5faFF4V1VoaDdMcW1YQUNJNEhZ?oc=5
2026-09-01 00:24:59,MU,"MU Sep 2026 1085.000 call (MU260902C01085000) Stock Price, News, Quote & History",Yahoo Finance,https://news.google.com/rss/articles/CBMiX0FVX3lxTE9TMXhmT3Q4emJ1a01pTldZTHJNTlk5bkQtSWcxczF2cDBDQ3IwUllyanVWTDA1N1hxNVpSSDUyell0enRwajFGR2FEVGVhSEU5N0lPamlObTZtRVhwMXBF?oc=5
2026-09-01 00:24:58,MU,"MU Sep 2026 745.000 put (MU260902P00745000) Stock Price, News, Quote & History",Yahoo Finance,https://news.google.com/rss/articles/CBMiX0FVX3lxTE00Nk1IRGt1bWVOUUdWWmg4dzRTT3hXNEE5NmhaXzhqN2h1MkFneXBvX29ZWW51U2dHWXMzV3hEMUpQMzVhUEZYS2k2bFZITzFpRldUZXJzMFZlOGJoQ2lR?oc=5
2026-09-01 00:24:57,MU,"MU Sep 2026 735.000 put (MU260902P00735000) Stock Price, News, Quote & History",Yahoo Finance,https://news.google.com/rss/articles/CBMiX0FVX3lxTFBoakJZUy1XQmJraUhsaFMtWkxHdTlKVTFaODg2dUxMWktOLXVJckNGZWh6NlQwSjluVm1IYXBjMWFqYXZRX1hSZGVfX3FLUW9LYTFGNkxubk5UZWJ0dUxr?oc=5
2026-09-01 00:24:57,MU,"MU Sep 2026 960.000 call (MU260902C00960000) Stock Price, News, Quote & History",Yahoo Finance,https://news.google.com/rss/articles/CBMiX0FVX3lxTFBISXZiRm5haFJXNk9DTEdyMncwVm41bTJrRy0zOWQ4ckFTek41UFhuVERDMHZCbmRNRjBOOTFTWWZhRnVjXzJIZWRFaDFWNDgxYzBtQWlZM1ZUMDdTMjdN?oc=5
2026-09-01 00:24:57,MU,"MU Sep 2026 1185.000 call (MU260902C01185000) Stock Price, News, Quote & History",Yahoo Finance,https://news.google.com/rss/articles/CBMiX0FVX3lxTE8zdktjdWRlZkYyWHdEZUlWeXNYbXNaZmdPZ0lhT25pWXZIWGFsOW5zMDZmc0QtWnFVTHFZc0xDOUltY0MzbXQ5U1FZS3hFc1pqUkpLODdqUjFVcldQa3FN?oc=5
2026-09-01 00:24:56,MU,"MU Sep 2026 870.000 call (MU260902C00870000) Stock Price, News, Quote & History",Yahoo Finance,https://news.google.com/rss/articles/CBMiX0FVX3lxTFBGQ2FHdDFzV2JJSTA1aUgzUEVpbnZDdmlWaDQ2aTJNbG1Da2NIaUNMdW1JcHFEdXEtZTBCZldJWElCdDE4ZmZMWGN2Qjk2dmZsMU56Z25RQ3VZSWhTb3U0?oc=5
2026-09-01 00:24:56,MU,"MU Sep 2026 740.000 put (MU260902P00740000) Stock Price, News, Quote & History",Yahoo Finance,https://news.google.com/rss/articles/CBMiX0FVX3lxTE1HZUpDMDJYUU1VOXdmeEtwbGJXVmZSUkNjUHl6Wkhla2NFc0k2LXVMeDdEZnVZa1lGTDBub0dTcEtWeWpLaTJBNzdUeWpSSlItWmhFbzdhUjV2MVQ3VUVR?oc=5
2026-09-01 00:24:56,MU,"MU Sep 2026 1065.000 put (MU260902P01065000) Stock Price, News, Quote & History",Yahoo Finance,https://news.google.com/rss/articles/CBMiX0FVX3lxTE1rSzlXUUVGZVB5R0IyVW91X1VBYjFXM1BISHJKdnJZVEhBZ1FzXzJVVW5vM3M5MzAwUkhkRzdtVE1BOERuT2xLeHh4VWFtSEhtSTIyZHVFVWg0cEhXbE5v?oc=5
2026-09-01 00:24:56,MU,"MU Sep 2026 865.000 call (MU260902C00865000) Stock Price, News, Quote & History",Yahoo Finance,https://news.google.com/rss/articles/CBMiX0FVX3lxTFBfTDRmYVJ4SnNvcnVVOWFLQTB0MlJqdmFXRmdjVlJ0V3JYdDNYU20xWWs5ZEo2bjJrdnlaRXNxX2tlVmwtYlRzUml1a0lxc2hCUHJ5QWh2VEhoUWwxcWpJ?oc=5
2026-09-01 00:24:56,MU,"MU Sep 2026 800.000 put (MU260902P00800000) Stock Price, News, Quote & History",Yahoo Finance,https://news.google.com/rss/articles/CBMiX0FVX3lxTE1wOEM4ejRWS2RiVHpKT0VLMERGR2lCalZzOHQwakJ0Qjd3UGJZWWJOLWtNdk1OaUdqWG9HZTdna08wRjZiQUdLUjkxZWY0VXRWZFpNVDVFZGh5ZDhEZ0JF?oc=5
2026-09-01 00:24:55,MU,"MU Sep 2026 580.000 put (MU260902P00580000) Stock Price, News, Quote & History",Yahoo Finance,https://news.google.com/rss/articles/CBMiX0FVX3lxTE4tYS00YXRJMVZtaHhxR1VEa0x6bFphQUxYN3JvejF3Q0xVM3lNcnlEblZ2TE5BZ3owNzRRbnBqdUgyZW45VmpzSVVBOFZNUTFCM3JSVGZWQ2NlQzZ2LXF3?oc=5
2026-09-01 00:24:55,MU,"MU Sep 2026 1060.000 call (MU260902C01060000) Stock Price, News, Quote & History",Yahoo Finance,https://news.google.com/rss/articles/CBMiX0FVX3lxTE9XYVFBbFdHM1N3YU43MTkwRF9IMnBob0txdGhDZXpmX2pWM1k0N0RCVDFyX0ZPcHNoeTdyeGR2MlUtQzFEOXZfdXpkTU1YRmkwZDE0MGExRVJBSGUxWXZV?oc=5
2026-09-01 00:24:55,MU,"MU Sep 2026 1000.000 call (MU260902C01000000) Stock Price, News, Quote & History",Yahoo Finance,https://news.google.com/rss/articles/CBMiX0FVX3lxTFAweGJ1U19OR2lGS3FkMzFVcTl5MXF2cEtZWkVTYTQ3OEszbll6b2pUMVVfV0hqQU5lcGpVWng3cEtCZ2ZDekxjY0J1MlBsNkNFZEhKVHFueTZCTnlXUE1z?oc=5
2026-09-01 00:24:55,MU,"MU Sep 2026 1030.000 call (MU260902C01030000) Stock Price, News, Quote & History",Yahoo Finance,https://news.google.com/rss/articles/CBMiX0FVX3lxTFByeFF6WjZyVXZieXZzTnRsVXE4SlNpUC1XdnZJN2E1Uk45YkRzenFaQVNINVJTQVVVUjNjc3VHMGRqaWZsTmpyWVVhUkw4OUx3OFd5QkFHcmlMVUhTeHF3?oc=5
2026-09-01 00:24:55,MU,"MU Sep 2026 1170.000 call (MU260902C01170000) Stock Price, News, Quote & History",Yahoo Finance,https://news.google.com/rss/articles/CBMiX0FVX3lxTE9XaEF5YmxmNkhGaEZuUDNVZFhHR0FHcHgxTFBYZjRvUXVjdExyM3AyMWx0czNSazBHWEhPUmkxc2NsdHptSWIzdloyajdUT2hpQURQNmx3R2FSU0trTUdJ?oc=5
2026-09-01 00:23:00,MU,"MU Sep 2026 900.000 call (MU260902C00900000) Stock Price, News, Quote & History",Yahoo Finance,https://news.google.com/rss/articles/CBMiX0FVX3lxTE5LcGhzdjgzZzJ2QjNwOVhyUm9RaW1Pa016S0NhcWlwSDYtVUJEUktPNnd6UE9uN0d0MGREX0drMnk4UTZ2TFR6SkZ6QUJFaGFxY2JraHY2ODUzNGdVWmE4?oc=5
2026-09-01 00:22:59,MU,"MU Sep 2026 1220.000 call (MU260902C01220000) Stock Price, News, Quote & History",Yahoo Finance,https://news.google.com/rss/articles/CBMiX0FVX3lxTE5ZMmo4dFhtRTBiMVpLTDZkZ1ViQ3k0bEtacVhxOFFXRVUyY09MbzloQ1ZFblktZmMxbWR2RWV4aV9rd3AtRV9yZzBtcmE4TFRHUzdWbWowRktXSzVwUk1Z?oc=5
2026-09-01 00:22:58,MU,"MU Sep 2026 1190.000 call (MU260902C01190000) Stock Price, News, Quote & History",Yahoo Finance,https://news.google.com/rss/articles/CBMiX0FVX3lxTE16R1k3N29jeW83QlpNNW1vczROMnI3Z1lXS0FIWEt3ZHhOOEEweXBSdVE5UUhMTG1oX0pKT3cwWVhEbHVjdGhRNGx5SmJKMlZqRmxPajJ0TS1scUpDVTZF?oc=5
2026-09-01 00:22:51,MU,"MU Sep 2026 780.000 call (MU260902C00780000) Stock Price, News, Quote & History",Yahoo Finance,https://news.google.com/rss/articles/CBMiX0FVX3lxTFBiaHQzTWRaMFgwdlBUdFdyR0FWMG90Y1ZESXk1QVROUHl0SmtkNnU3eXVJV25raGRiZ1lDekRRWWZOMjFiekRfZnhlSGp4ZzFQaDRUTlJQRjFRLVJQUDVN?oc=5
2026-09-01 00:22:49,MU,"MU Sep 2026 1115.000 call (MU260902C01115000) Stock Price, News, Quote & History",Yahoo Finance,https://news.google.com/rss/articles/CBMiX0FVX3lxTE1XQ2ZQOXZWS3RXQ3lJSXRIV0dVS25jYTZVaWVjT1dOOTdzQl9yQnMwLVZpM3VoVGNfNnVQOEt3MU9ISklhN1lNMWozb2tUS1dnZDFLaEhjYnk0aFZlREhn?oc=5
2026-09-01 00:22:49,MU,"MU Sep 2026 732.500 put (MU260902P00732500) Stock Price, News, Quote & History",Yahoo Finance,https://news.google.com/rss/articles/CBMiX0FVX3lxTFBXVndaWDBPNWRQZFFrUm0ybUl3bGhFNTRieFNNMkJfS2JNUGhsLUNYRWFJRzU2R0g1Q25lOGFsY0g4MUJ5UUllNTNVa2JoVUhkLWxtb0tDWVd1VHJPSlJn?oc=5
2026-09-01 00:22:49,MU,"MU Sep 2026 1020.000 call (MU260902C01020000) Stock Price, News, Quote & History",Yahoo Finance,https://news.google.com/rss/articles/CBMiX0FVX3lxTE9YUWVVdEFhd2Y4T2xNX2JURDQ0TEZGYU5oS2pMSk95XzdFVjBaV1F6NTJqVnFJNDJvU0tqMk9URDRWLWFHU3ZITWdLOEhMTVhaUm9rMmVRRzg3djRCa0dF?oc=5
2026-09-01 00:22:48,MU,"MU Sep 2026 1080.000 call (MU260902C01080000) Stock Price, News, Quote & History",Yahoo Finance,https://news.google.com/rss/articles/CBMiX0FVX3lxTE5XNDRNeUs1TlFPbWhmeG04bTF6cmZIUWJRX2lTT0RMZFlCZmZGWjBabVBEekVCRHQwT3BqZGUyMlFlek90TTdZUVM5NkRFU2hvRGlUb29XNjZhRUZyNEFB?oc=5
2026-09-01 00:22:48,MU,"MU Sep 2026 650.000 put (MU260902P00650000) Stock Price, News, Quote & History",Yahoo Finance,https://news.google.com/rss/articles/CBMiX0FVX3lxTFBIOTlCakoxRUxUWl9HYVExTk91QjhjZzZ4WnJJNHN0bncydlpTU2NIUEZha3dyYkJYV2NQUXhIOUh6Nnd3Q3hVX21PSnJzTDlUbjN4X2p5Wm0yTDBQeWFJ?oc=5
2026-09-01 00:22:45,MU,"MU Sep 2026 785.000 put (MU260902P00785000) Stock Price, News, Quote & History",Yahoo Finance,https://news.google.com/rss/articles/CBMiX0FVX3lxTE52UU4wVGZTY1ZtSkVWY3lwejNFNzlXV0FCWXhxVklRWk0wSFIzazVKb3N5TUZEejNHUDBWZmRzcXhMZkpZRnhLMnJpdTRKaWI0SkxsV0Y1TGJjaW9QSzRJ?oc=5
2026-09-01 00:22:39,MU,"MU Sep 2026 1090.000 call (MU260902C01090000) Stock Price, News, Quote & History",Yahoo Finance,https://news.google.com/rss/articles/CBMiX0FVX3lxTE9DVkt0T2JLc0VRVnZ1VmsxT05fZzV6bFZ5V2pwS1NWbmFxcFVKd3JUbEpZYzlpcm8zOUhHQWFxUmFudXRpRmNfQVl4enJEZlhuZERqZGk5RWVYcUpxYnR3?oc=5
2026-08-31 23:43:36,MU,"MU Aug 2026 855.000 put (MU260831P00855000) Stock Price, News, Quote & History",Yahoo Finance,https://news.google.com/rss/articles/CBMiX0FVX3lxTE54LW90bFdpQ3RMZ0NrcXNnc3ZucUpfcGQtNnhqb2tHQm1rUl9LaUJSak1yTDJfM1ZobmFaUXFFd0oxX0I0Q09WRVlnWUgzbF9kLVZ0cHlSRHhXaGhUU1VF?oc=5
2026-08-31 23:28:48,MU,Micron CEO says AI memory supply crunch shows no end in sight,scanx.trade,https://news.google.com/rss/articles/CBMirgFBVV95cUxPeE9vdTFVZlBmWUJqT1NFWUVOZ2pCYmtWQ1lqVGpJb2RHS0dsdjJrdnU4ZHNaNHpFcWtEUUhOQ3BUZ3ZMR0FPZThLYUdOOFdqaXJ5M3NnRFR2MUFCZC0zanVMR1RJWXhlc3pzNmgtQkhaVHctVnJ6eTlvejdmWlY1WE1GcElyR1VXR2R6ZFZFdllpWWozYnVJRmYwRVJSS3FhakJEeEw3VHRsSE1JcEE?oc=5
2026-08-31 22:14:21,MU,MU.TO Price History for Micron CDR (Cad Hedged) Stock,Barchart.com,https://news.google.com/rss/articles/CBMieEFVX3lxTE1od2xOTzBWRDBlQzE5OG5pYWVNMENsYUVyQzJxSldncHNTOGRLLWVoN3VEWVZJdmRmeGpHVVhlanNpMlhERHlVT090QXExUHlTMl81aTg3TExBQmlmbkZQVXdJOW9FWXBjUWVQM25hQmlCcm9sekNJUQ?oc=5
2026-08-31 21:48:43,MU,Jim Cramer has strong message for Micron stock investors,thestreet.com,https://news.google.com/rss/articles/CBMiqwFBVV95cUxPVWxIc3pzNWZ3NTVOOWdTdXJiMTY5TDJ0aWt2X0dLNV91bE9SOWMtdXNRM2Z1NDBya0dLemNoN3hxMlF1ZllTYm05Y0YzSnpwQ01SQ1YzWXpycTIwa0VIOXRySmRxc0o5ZU5PNTJDT0FMWDlheG92QzhwcGJfRHhkNGcxVnZtX0QtZXZKR3ItSjF3VEVzYTczSFlKdG9YdkVlRGhtZU9jcEtJcjg?oc=5
2026-08-31 21:07:32,MU,Micron shifts from cyclical memory supplier to key AI infrastructure player with strong Q3 FY2026 results.,pluang.com,https://news.google.com/rss/articles/CBMieEFVX3lxTE5nUklEc3VDbzNXNzAzSi1DcWlQaTdmVEdSVU4yRUVvZlhwWEJNYU9GSnVPY0hCOHduemk5X2FLV213c1NsZVozeEdYMGFQX0ttUThCaUY4U1Rqc0NuT3ZNa0ItLURtQXNvRDNaeVBYc1ZfZGM5ZG5IbQ?oc=5
2026-08-31 20:32:40,MU,"Why Micron, SanDisk, AMD, and SKHY Stocks Are Falling in Premarket Today, 8/24/2026",TipRanks,https://news.google.com/rss/articles/CBMiqwFBVV95cUxOTXB5Y2pkYV9VRTJlQ3JRNDFLUEVDZ0Vmb1FNcDBpQm45aF83b2VTMnlIajFleThzZlFWQ1puV21KU3VHTzB0VXducWpmeG9mNlowdE42Tlotcld2bTFNWlBNS09kaXMtb090Z3JyQ3FJMUZkdE90bVk3OXNLQjVzM3BJY2pTVXJ2X2xBNlQ5YjVIeFFmNDFtU1VhbTBRZkgtcTFPQ1QtWDQ3UDg?oc=5
2026-08-31 20:19:00,MU,How to Play the Micron vs. CXMT Memory-Chip War,Barron's,https://news.google.com/rss/articles/CBMikgFBVV95cUxNZjNUUDlmNHloczFZa1VTQmlDMmw4SEtRT0pVQ0dlRndmNUJFbUVvRDRZNlpKT042akdhR2JaSFo3VWcwV1g4NzZaZm1WdWFZN2F2VF81VDNZYmU0ZUtiaGplZnJSdUZQSnJsaF9ESmVWaERFUFhGNEVCZ2NxY1A4QzFUSi1pbG9wZExBU3ljUEZsZw?oc=5
2026-08-31 20:16:28,MU,"Micron: Hyperscalers Bought The Fab, Bears Bought Fairy Tales (NASDAQ:MU)",Seeking Alpha,https://news.google.com/rss/articles/CBMiogFBVV95cUxQdFdoUTBJYWtxcXFHY0F3bU1TQkwzdnM1anN2NTFSTXVZcWlHZHhuNUlYSGhvSi16dVJQWjRiZmNmYTdraHV2Z3hwWU81ZGNhWVJLU0x4c2EzeU1STTBPZ2JuQlpqZFc3NDVLZmRBWExQWmFlVk1iVFowZFBFZGgzMUdfR0gxMFVQbThJMDRTOTNhdzFJQ2FCbDh4RXFGUVNLeHc?oc=5
2026-08-31 20:16:28,MU,"Micron: Hyperscalers Bought The Fab, Bears Bought Fairy Tales (NASDAQ:MU)",Seeking Alpha,https://news.google.com/rss/articles/CBMiuwFBVV95cUxPX2tyLW0wSlJZZ2lhNldQTHA0STlMVHNHd3VtZjhLWDMwNU41SjZ4YnloRkwwbU9OYWIycjBTNEJkR0dnNDJ4Q3dGbUdONUxsQWdScHc1WVNPemtYZzJreERldUZxcS1fWWpzWUh5b0I1OHFCV0JkQnU3Mkc2VGJLRUxnQ2R3Ykg0NTFCYVVSRE9rWVg4WmhYVDB5RWw0RXp0RUk5azk3N1lRZG5VRTV2V3EyZkFwdUpUc0lV?oc=5
2026-08-31 20:12:28,MU,SpaceX's New Raptor 4.0 REVEALED — This 4X Upgrade Is Insane! Mu Stock Price (JgJsNMYozV),Mshale,https://news.google.com/rss/articles/CBMiW0FVX3lxTE9EMXJ5NVhMWG1ycUxTcDAxdkhNcEJnTGQzR0JqUHNib2U3bnhCQ0o4MHdydVpSSWdaMlhQTTJjNjVHUk5pWW96WGQ2ZDJyMklmZEhYaXl6bk8xSlk?oc=5
2026-08-31 19:51:21,MU,Is Micron Stock a Buy? What MU Says About the AI Chip Tradearator MarketWise,MarketWise,https://news.google.com/rss/articles/CBMiowFBVV95cUxPTDl4clVHUW9RTmZvOTJOQ3RWeWtXaTNwbGt0Q2hXQTVqekM1dlZCbU00QURnWk5RRmh6UWZ4OWlISUhYWkZJR3RDTTAtLVNQcjVNVkd2emJiWkxPSVVsUVJfWDFBV0pkcGZNSGNNTFhSZDFqTm5PbUxyeFVfSzZ3eVVHRjd0R1pYNTRCR3dvQ3VlMG9NY0N3Tm1JWS1SU3FyUlVJ?oc=5
2026-08-31 19:32:33,MU,Final Round 3M Open Tournament At TPC Twin Cities Week 30 Mu Stock (PQV1ZIj4hE),mshale.com,https://news.google.com/rss/articles/CBMiW0FVX3lxTE1BY2J4SGVlVmE1amJCTkFwYnl0Y0EtNmxsV3dLUklsNGdrQ2M2RFdsNzN5a3FPUmNUSFoyOWVqZ0hheGEtbVZuLURrcmkzel9fQTJnZ0RPLWNJZEk?oc=5
2026-08-31 19:28:00,MU,Micron Technology (NASDAQ:MU) Stock firms As AI Memory Demand Climbs Today,Kalkine Media,https://news.google.com/rss/articles/CBMiygFBVV95cUxNOUZXUjNxOVFaY3lMX000U1ZHekVCRjg0bmRiR3ZmRDVnMEtFeVJ2eFFpeXJEN056Q1dMM2xHM1RiYS1say1FY0NKQnVlM2dnZkE2ZTdlLUpoSnhicE1FQVAtZXdnNm42RGhIWVRuVTJYZGRxdE9VUTFLbDdhSHNDTy1HUzFPQmwzN0lja21DRHExaDF1M1R2bjNIV3FqT1hEUWl6MDRYNWowekRjcVdJUWU4azd0WksyeGNlSGMzcVptUkRyRktCVlh3?oc=5
2026-08-31 19:09:21,MU,Why is Micron stock gaining today,invezz.com,https://news.google.com/rss/articles/CBMifEFVX3lxTE5sLW1Fazk5bFZpWHdsV0QwN2kxME91MGhxcnBPa1J6YlJnT2c1MnJfMm9sTElvLTBlTU56Yk1fbU02bkFDai1lUXViY0Nsd3JIQXlubmNuem5IbDlCMFNMdU9SY2JCcjlhS0dMOWxpLUJ6V21QdjFZVS1wSzE?oc=5
2026-08-31 19:00:29,MU,MU And SNDK's Nascent Rebound Faces A New Test — China's CXMT Reportedly Makes Major Breakthrough With New AI Memory Chip,Stocktwits,https://news.google.com/rss/articles/CBMikAJBVV95cUxOT1ZmYTkyZGZMd3V4UG9yM25mcnNyUU1zbk42VkhSbWNEU2ZCeUVhay1udmlfajQzc1pUbV96bWI5TTNuWS1WVXlIbjNRRTBZcFRZaTkxU0t5TWh3UmR5QnVUUjJBODJZQ2VRMEt1YlNDSGVVaXVHRk1vbWptSmxuRUlRUmJCbkkwODU1SnZsZkNZeTA5R0tna2ZSdFJfY3hScEFjLUlkc0J2amxFZ1piT1NxcWQ3LTI1dXFXSURYRTU5RVg4Mm5KdG1FTW9qZVo0Y1NwSjJrUHJreE1iWFlsaDRiLVdBTHlJS1BkNEY4S2s1UFc2ZTlwdF9DVlFUVDIxaHFuSjhRTW02S1JDUDdhNg?oc=5
2026-08-31 18:50:39,MU,MU Aug 2026 800.000 put (MU260824P00800000) Interactive Stock Chart,Yahoo Finance,https://news.google.com/rss/articles/CBMiZ0FVX3lxTE92aVVNZEYzTGRydWdLSlIzYVB0YkdPQTJrM2lXMW1sUDNXSGpmQS1CVlMwNVJ5bUFqYXRsbzhjbGtzZFlMMlpqOWFZXzdkdEM1QmR4dXMtWXNlZ081UnlNNDEzMjFVVUU?oc=5
2026-08-31 18:33:00,MU,Jim Cramer has strong message for Micron stock investors,Yahoo Finance,https://news.google.com/rss/articles/CBMingFBVV95cUxPa01FOHJFaDk4NjhMMUxTWjZWaFVWUlI3R05xaUtIeFBXOFFFdUZWSjBRemRPZURLS1ZBRXB6RDl2dTB1ZkxCOXh3Y1R4VnBWa2kwRWRaNjJieGp0YndGZS1xcHdaN21tMHRvY1plMlptVXRPRzZ2dnMtNFBNal9mQUFMNjMxWkFtWDBkX1A2WWljWXlta1FJV0xEQ3hvQQ?oc=5
2026-08-31 18:29:52,MU,Micron Stock Flashing Intriguing 'Buy the Dip' Signal,Yahoo Finance,https://news.google.com/rss/articles/CBMiowFBVV95cUxPNHpzQkt2TmdhRExsU3Vld2VHeW01MXM5SDJwb3dTcHM1V2dqVzJUQ2RUaTQtVEZvNlRQU0xRUlNLNGFzM1hHbjFtaUowSDYybFp5Wm5OUXJiZFYyY2F2Ym5OSUs1ZWctUGdJblFuVWJBaS13dVFYR3JLNjVZYTVvaU51c1Q1RF9iNlVyTjdzUmJ6bWIxUW1ldVY5UFd0TlAxU05N?oc=5
2026-08-31 18:17:40,MU,Micron Technology: The Center Of Gravity For The Memory Supercycle (NASDAQ:MU),Seeking Alpha,https://news.google.com/rss/articles/CBMiqgFBVV95cUxPUHpYdWdMMmRESFVyX2pJRFZJLXVVQUlVaEJQLVZoQ3hhRnlKQUZaVS1tV21NMTdSQVdOWWhiSmg3UjBlc2NlU1J1YW9TRmVCTmI5VDgtZDlkVTZQajZxNkU5QkVNU3czUl9VdHZZZDIzbEtiYTdHQ3MtS2xpS1JZNXZhazJBZzBpRmVQT2YyTWgxUnB4Sjh2SkI2SmMzLWp6cHRMTlBDM3NCQQ?oc=5
2026-08-31 17:53:57,MU,"Micron Is Stuck Below $971. A Breakout Could Open the Door to $1,057",TradingView,https://news.google.com/rss/articles/CBMiwwFBVV95cUxQQ3Jkd0VnbVVKb2ItWkNRLUJyRGpNT08xbVk2RXBlenNsS0cxczlCdFUxbV9mQ3ZyMkMtOFBJZTRFOXVESTgwc3FpNG1pUHlOam5rV3E4Nl8zR09VdVppSGFHZHg3TENMU3hkWkItOFVwMDljc3J5Zk56SGNnNFU2VU1aVG1yUThRZU1MV016VXNEeW50LUFMOUpXZVdnY2J0M2s4TmVIY25LeGxwZnFlTER5LWhjam1mTHZ4OVV5VHVjbnM?oc=5
2026-08-31 17:08:25,MU,Moderately bullish activity in Micron with shares up 1.37%,TipRanks,https://news.google.com/rss/articles/CBMiqwFBVV95cUxPNEhrTVNyLXprWUttSFJxTGtPLVd3SVJtbEpuajlRa1ZpZElKYXF5Ql9DdTdfRVpQX25rcmxjWkRvZkRnVHhHaHFrZmdSU3BndTlhcDhtVV8td1NpWHB1M3dHQ2NnSGhJUnNNY0hkbGoyRFFTWGR6VUdrZ0w1Um1zX2l5ZTQ2UmFDTVFVSU0xdUc3cm1jOHFtbnFOa2wxZHQwNllza0laZWZEc2s?oc=5
2026-08-31 15:28:00,MU,Micron Stock: China's CXMT Delivers New Memory Chip. How to Win From Both.,Barron's,https://news.google.com/rss/articles/CBMigwFBVV95cUxPTFRxYS1Yc0tnXzNMNEt3am1fd1VfVk1mZHB1TW85RW41aWJqcGJkRG81azNrY1MxQUpheTJzSkVMbUs0U3NKa21SdEJITHpOUDQxT2JwY1QtTl9kZzhnUlA3UG5najZzcGcteFpTS2JUYVBRNVBpUnQ0WVVpSmhtYWpUQQ?oc=5
2026-08-31 15:22:40,MU,Micron's AI-driven memory surge slows; stock ne...,Pluang,https://news.google.com/rss/articles/CBMiowFBVV95cUxPWG5ZcHZ2ODM2TkxLTzlJQUFNNXlLQmJqZTJBdXpaOUhSVXNwcU5sNk5aVTcxVE9Nd3lvOGlTdmlvbTZCdVJGeWpoYkxkTG40RklfNjdqZ0QxZjBVWnBEelZ6TWtvSG5zcWk0cUtsNldqZ2RheGhSbkJvaGwtZWlCX0xGR21uSGNGZlZYLXFoak55c1VjSmJmUTUxTXZVTW96OGt3?oc=5
2026-08-31 14:56:10,MU,Micron Technology (MU) Gains Driven by Earnings Upgrades,Yahoo Finance,https://news.google.com/rss/articles/CBMinwFBVV95cUxQa0dIOWhpR3VjZGdwQTdYSkJvUDBPRDM4WkdQNzV4U05IWGtoZ0NWODczM3dzY09aM1l5M010Q1lQZkx2Zzg3cG84REgzdE00SUVTWXBIWHBaRmhrWno1UENlYWQxRmhETnd2Sk43NWhvRlF6VHpORThGa0hGd21XenowTWJyeW5vbzY1b0EzX3FKYjJkU3lYN2h1d1J2S2M?oc=5
2026-08-31 14:54:57,MU,$Micron Technology (MU.US)$,Moomoo,https://news.google.com/rss/articles/CBMigwFBVV95cUxQcWlweEdjVGxQUWx0MjY4RnhiN0lYTWpXVzlBLS0wV1BzeWdyV0FGdmRsYnBBOGNpRWRSOU5zUkZGaEtMZGRtV2o4ZE1TSDRlUUh3WjRFcnpoMFhUeEpQNC1vSEZFRllNRktxRG5FaDdwcEpiS2RHNTFQMElqckNkOFk4bw?oc=5
2026-08-31 14:08:00,MU,Micron Stock Gains as CXMT Delivers New Memory Chip. How to Win From Both.,Barron's,https://news.google.com/rss/articles/CBMioAFBVV95cUxNR2hVcnBkS3YtcE56Y2RDa28xblItNXJGazRLdWdqSkVNQ3pEbkJ4a0xYc1NrRjB6Z2Y0QzI5QVpZeE5obmFkRzNVaUpWWFJvUEU3dlZKNFhabVRMMk9VaUJLVXJ2N0RoWmhfbFFrd2wyVVc1Z1NqM2xXVmMwM0FrVDdHTGhqeXh6cDg4LVZBMnEwdHZmZHk2MzF0WHdDdlRx?oc=5
2026-08-31 13:52:38,MU,Micron Technology Stock Finally Looks Like a Contrarian Opportunity,Yahoo Finance,https://news.google.com/rss/articles/CBMipAFBVV95cUxPSWZvQ25qcWJhNW43RC1OMWNTWlF4bGRyWnNFNS12RzBHSmYxN0tMZGFDLVdMTHIzZVRQNmJka2c3NGl1anJYZFlTaHBNUEpNaWo1S0hmT3FKV19yakdPQXI2bThZNkJIS2IycnRDUnRwOFN0MThMMm03ekc1UHN0SEl5dXZPWDhFYkJleWU4YzNuR29HaE0tdzlTNWpRZzFrTDh2Wg?oc=5
2026-08-31 13:34:24,MU,"The Floor Under Micron’s Worst Case Is Written Into Its Contracts, Not Memory Prices",Trefis,https://news.google.com/rss/articles/CBMi2AFBVV95cUxNSmdxRVRqY0d6MU8yU3BOLVJCR0N5LWtZdEZ6QkNUYm1Kd0szV2psc0lvWVhYNjRBczJ5RGx2SG43cVRLMWk4Ulh0QnliTGlMX0lTdExtd1c2eW1XclRPVkpRUHkyM0tUdEpFWWdKVGNsX2VhME9KQ0ZodE9hTE12RExKcWJQOTBWMkV5RlRBQ1E4YXItb0VDam95TzVFSGNYN1JscV9vWU5XX0g0Zk41b1oyck9mMU5vazVrRm1oV2xBSFdtXzdqSmFWSTV0a3Nib0w3ZHpscnA?oc=5
2026-08-31 13:18:57,MU,Soaring AI Memory Demand Positions Micron for Massive Year-Over-Year Earnings Growth,Benzinga,https://news.google.com/rss/articles/CBMi0wFBVV95cUxQaHNCZVROelM2Q2FaWC16WmhLZURCcWZHY05CQkVWTS1mdkNfUDdkaGtaTm5MVUctOU5lV0ttVWtXdHVMV2p2YzBkQXhlQ0F1RFhlX09hWURyTHFSNjNYTUM5NWNVUWdRdlpHUzVFaVZhN3Jxd0tGUWFhWm5WcW5pWWVVM2VmOE1sMFU5bmZwWGplZGpYQmJNTDg4aE16clFPNWxxcTNSVGJoXzNocDRUZXR3RmlXM2RIR2xuRVFlUXAybFpLWVJMaUxReHNKYjZvUWdN?oc=5
2026-08-31 13:18:57,MU,Soaring AI Memory Demand Positions Micron for Massive Year-Over-Year Earnings Growth,TradingView,https://news.google.com/rss/articles/CBMi2wFBVV95cUxPWjlXeHZZb0U2S05UdmJNUVctZ2ZZekVYOWhZS2FUS2JOaUMzaVU0RFJ3ak00QjJmUzNFV2lZNms2Z2N5NnpNTWNORkhUYW1wWmpxRDlEenhfM2VrUk4yNWZkOV9rN1BoS3d0Ny1xNnVKQVlQTHNjUjhSRmpES3lHZkpjWXJsemtuRDdMbVBoUTBVTURKeDcyaU4xcTFqUUlMMm41d2tMLURweF9CN1U2RzhnZTk3MmI3S1lTUTkzSUZfeG9VeUFaR21LeWNGelpvaW9DQ1NQTFNSR00?oc=5
2026-08-31 12:48:07,MU,Why is Micron so cheap? AI rally leader has the third-lowest valuation in the S&P 500,CNBC,https://news.google.com/rss/articles/CBMivAFBVV95cUxQc09zYlhBaG13TG1zRVFCTW9wX3dnV3dObXJjZEFKM090MkpWY3ZHRThNcjFvTlE2NHAzU3NZcmxzeER5TEZoNTBLXzJkcW5zeW9vREJhajhKX19BNmFOVUd5Mm1hM2lLT2IxM214YjJCZkxncW44ekRJNHJaUF84R3Z1bU11cnoxN19kSjJtQXNYRWc3SGlNOGlZa0JDT0x6c2dMdE5EZEhOT1M1b01BZHFZbGpXZjd5VlVRaQ?oc=5
2026-08-31 12:44:44,MU,Micron or Sandisk: Why This Top Investor Thinks One AI Memory Stock Is the “Clear Winner”,TipRanks,https://news.google.com/rss/articles/CBMiwgFBVV95cUxNVF84Qi1sR0tWZDJXdUJNckY4aFJRTHV1QTNmbmdHZ2lwYWVLX1RrV1ZaTmFraXRsSkNMd211V2ZiX0szWGRoQk9jMlF4NVFzMjBlZmRHc0xTaGxyV0FZUV9YZ3F6b2VzNXkwZW10ZVJHSEZMYnA0eVVKSTR3amFrdk50MUJiMkx0V29hQnRNOWxIVDdheHB1VzhmZ190MlAxN0RQbURhMVVrTHVhcjZ4TFU1UVU4aFI0TENkUmdSNVBSdw?oc=5
2026-08-31 12:36:58,MU,MU and SNDK are ‘Just Unbelievable’ Bargains as Mizuho Reiterates Bullish Stance on Memory Stocks,Benzinga,https://news.google.com/rss/articles/CBMi5wFBVV95cUxOSTZMLWNkLXJabUJaMTY2aFhGODU5UVJteTlYVm1xb1dFRHhNSHB5SDBMMTJJTmt2LVdYTHZ5cnlLNDRzTm9DVDNHVUU5UVBBYzNEODhUajI4RTVsV1pmNUh5UlduaXZ2Y1VweUo2RHQxTHd0cU5PQmszQkFsWkFxUWVLa1A1aVdBUXc1RGRNNlJkdEZja1pkOWpuQU9fcnhNUzdSQXI5ZnRxU2VMU2M4eW9NNWYtTEJKRzktcUJ1aVQ3ZktIT05fYTg5cTNhV25SUVBueWpNZ05xU0RJUDBOU3hwRU1jME0?oc=5
2026-08-31 12:36:58,MU,MU and SNDK are ‘Just Unbelievable’ Bargains as Mizuho Reiterates Bullish Stance on Memory Stocks,tradingview.com,https://news.google.com/rss/articles/CBMiaEFVX3lxTFBLSmlhSTFJZnlpLUNjaDRHRE9sQ25rYVVBZVdWN1Y1T1ZkZDFZZnl2SlVwVGt3MV9hZjFVcDkzbnpxUENabk8wSERTMVpwWFVxcDBHdlR2dGhmX294LU4wM3FWQ1VPNXV3?oc=5
2026-08-31 12:25:48,MU,Eh La _Gone _ft _ Lil BK _x _Chinatown Runner_( Official Audio ) Mu Stock (iFQgDx39EV),Mshale,https://news.google.com/rss/articles/CBMiW0FVX3lxTE1mMHFTWlNYZlNnY1dJbEFtMDlvNjg4Q2s4ZWtoOFcwdG1Zano0YjNmWDZfTEVhTzVlbjBZejRSanRNdzR3TDdVX0trUXUyNjhISS1vV1hvcnBzMUU?oc=5
2026-08-31 12:16:22,MU,🚨 BREAKING ROYAL NEWS Princess Kate’s Latest Update Surprises Fans Mu Stock (DAMZedjbng),Mshale,https://news.google.com/rss/articles/CBMiW0FVX3lxTE9nR2ZZUU1xZHExZW5meW5kb1BVYVBLUXRyNmhTcUZhbEpfdnpidUlod2s5RF9UeldPTUV6TkFNbHpJVmdVdk1zaTBXYW5helJST1FXQTdhTUpDYTQ?oc=5
2026-08-31 12:01:00,MU,How Is Memory Demand Reshaping the Story Around Micron Technology (NASDAQ:MU)?,Kalkine Media,https://news.google.com/rss/articles/CBMivAFBVV95cUxOV2JKVW51eUVpcE1nZHRVRTFoTjVBaW9fdmpBZm54WGRvR2VaOUtMd2tELUswemlLMHhFNlhjODY1V2RhWHg4ajhOanpySXR5NlIzdkhwclFaSlM2d1NfRUlBZ0JDOGRhcjhBUXBfbFhrS1Jnb2pMZ1gzdHZCX05Jc2g3VFlYRlB4NzdrcTc5Ymxab3hxMjR2RDNVNmp0MmtJcVAwcVZhTGluVy1NSnpWaDAwcGlLbXFuaVhmeg?oc=5
2026-08-31 10:35:58,MU,AKTENZEICHEN XY PANNEN - AUF DIE QUANTITÄT KOMMT ES AN Mu Stock (DaD6PtCkg9),Mshale,https://news.google.com/rss/articles/CBMiYEFVX3lxTE8tTVdRWFdpSnJCcURaM0h4UTljUUpHdEhyM0VVbWV3a1ZXVmdKZUx2eVhaT2FGZUFqdDc4NW1YRkZmbHpoNXpHT284NUstc01fWVJUYzM3a3JCbFFJQVhXbw?oc=5
2026-08-31 10:34:05,MU,mu stock sharing,Moomoo,https://news.google.com/rss/articles/CBMiekFVX3lxTFBJbFBpYi1uLUl0T0FwaUVGM1F0TG95UFBRQW9xZ3RVZDZkRFBsTWNGVXBoT1JnOWlvMzIxYjhLLUhPRGU3SlBBcDZvX1BaWm1hNk1hb092TEprNU13WmF0U2sycjk4ZWZPNXhwU29vM3B0NVFfVWwzcVV3?oc=5
2026-08-31 10:24:00,MU,Micron Will Report Its Fiscal Q4 Earnings During the Market's Worst Month. History Says This Is What Happens Next.,The Motley Fool,https://news.google.com/rss/articles/CBMimAFBVV95cUxQWUYyaE9nLU1UYlJ4N0ZPWXBxTnFIUl9NaXBXUl9kd2pwVXJGbGFwdUFzck5rNWR1WndwZ1lPbW9uc29rdUhuRXpuYl9VUW96Vk5iTFcwTm5FdkgwNHhDd0NhejE3RXkySklaMUFsWjJEb3M5alNZQXRMb1lBRVBVODhPM1E2UEhLb2l5Wi1nVUw4OXBsbDBHOQ?oc=5
2026-08-31 09:44:00,MU,Micron Will Report Its Fiscal Q4 Earnings During the Market's Worst Month. History Says This Is What Happens Next.,The Globe and Mail,https://news.google.com/rss/articles/CBMinwJBVV95cUxQWEFJM2tTeEdtY05Bd0hPdUtZNW1xSUZxM0ZCWmoxQzE3V19TU3lUNW1NX1VmamwxOWI3ZWt3bG1EUFRhSlBrdnZVNEJFTEktOFVhV2lOeUhpYkVQRUJJOGNNaUI1QXNFcTZvZkV4WlBnS3RQV05IZUllX3lOUzVjT3FVQ3NOWVlWQmNRUXJNV1l1SjN0bVNsNWNxbm1YNjl6V2UtQk1CQVlHWWJpbmF2YktNZFlUVUxxMUU5bF9kRXlxNXM1Mlk1eXM2TW5iR0JOdUFvU2RGNTVCTDZ4YlBZR0diSTM0ZGxRMjk5VVlaRDRNcThNYlFBUl9Gemk0YmhmbGoxZHRVNUlxSWVXRDdSTGtGRnh6ZFVWb0hMZjNfQQ?oc=5
2026-08-31 09:44:00,MU,Micron Will Report Its Fiscal Q4 Earnings During the Market's Worst Month. History Says This Is What Happens Next.,Yahoo Finance,https://news.google.com/rss/articles/CBMingFBVV95cUxNNXJUdk9oUVVVbTFBQklkR29aakFBOEVJVWdTU1d5anRLV1ptVURVYmJWMC1aV2FtcVVEdk9zd1VMREV3UWpaWk05QXVJbGVoOFZFc2xjNXpaQ2FpRVliWWRhNHNvSTNlanNEZVhVdjJWUXBWYUhVanhlUEpLNlVidjE0M3RuNEJ2RmJmREZfWFJmdC1aSjFtZ2NuSmttUQ?oc=5
2026-08-31 08:47:55,MU,Samsung Galaxy Watch Ultra 2 – Real Upgrade Or Just Hype? Mu Stock (fRoeOLvobJ),Mshale,https://news.google.com/rss/articles/CBMiYEFVX3lxTFBKSEV2UVA0OUVWMzdjRjZZMzdnR0JMVUxoMVA1NWE2ZXdIZld0RzNvbktpUWhzUjEtS2xXc3c5ZUVXSFdoejFMN0kxb1lxWnZFZVFrTzhVVUFEVmpZaDJpdQ?oc=5
2026-08-31 08:42:44,MU,Sénégal On T’aime (clip Officiel) Mu Stock (AyONjfer5i),Mshale,https://news.google.com/rss/articles/CBMiYEFVX3lxTE9hZkRJdHlnVnpxNEdNeW1tRkY5TzZxSTBKSm1EazFMc2J5akg3emxUNWVYM25JUTluZG9Oei1MTy1IS1Blbno4WXFlMk43YWM0UFdDVk9UQ0dzcERBOXFfNQ?oc=5
2026-08-31 08:39:47,MU,Micron Technology (MU) Stock Price Prediction：How High Can MU Stock Go?,TOP1markets,https://news.google.com/rss/articles/CBMiuAFBVV95cUxOT0Z1eVc3WWVSZkNOckhSQ0Fqd2dqcUQ2dmlKSVp2a2E2MkZFN1FSbTdUaXIyZ2lRczdJMTFzOFlNVWVITG5sandDZ2dpZXRfUFRZX3NtRVhEVFZFd1ZuOWxidTlCQklWMlZDZm1EMEpLb3lLbkpNRTY4WERLOEU2QmJnVjl3T0Z5akV1UlVxN09LcFJLQzdQNUc2VEZQTzVrbHBZRjFwMGpac3NVR2VveHFXRFg4UDJr?oc=5
2026-08-31 07:30:00,MU,"Micron Technology Inc Stock Price Live, Charts & News",The Economic Times,https://news.google.com/rss/articles/CBMihgFBVV95cUxQTzd0M0t3bkFXeHZGTEs2TVJUM2laNWhzLW00T0J1dWF6cXF6ZktGWTM1dEtITWFfai1WWXpXbGI4TzEyQTdYd3NvNkZmZGlDY2NsVWJyTnFLZXVvelo3MS1UOGw0ZHNVaTQxeEpPbThwY3Z2LUdDTkV0T0xKcVZPcERJbEk4QQ?oc=5
2026-08-31 06:58:54,MU,Micron Stock ALERT: The AI Memory Crunch Just Changed Everything! South Simcoe Police Enforcement Blitz (FaxI9FpMTO),Mshale,https://news.google.com/rss/articles/CBMiW0FVX3lxTE5RZVVkLXl1b0NUc21ZX0ZLY3l3cDc2b0hqNWYwcnVubDVoc3ZET1hLQXVsdnNxcGdWRWtoQm9FRXJ5MnhRcjVHdjN2RjdCc3hNQm1EaGtkVmFyZXM?oc=5
2026-08-31 05:18:01,MU,$Micron Technology (MU.US)$,Moomoo,https://news.google.com/rss/articles/CBMigwFBVV95cUxPT0FMVnZITW9RaURueWY4cHVRdUtYdXV3dm5lNFhjdTRwY3JpSllPdENKeWlCbXlzMUFjRkVMeVh5Z3I2TTJuVm5RZWg2eGNPRU9aSzN2Q1RzOHJVdWREeGlfM3lEMW40QzhVdkpKVnFNSW9tdUVuRUlLRWktQTQza2E4MA?oc=5
2026-08-31 04:58:26,MU,Micron Technology stock holds high ahead of September 30 earnings catalyst,AD HOC NEWS,https://news.google.com/rss/articles/CBMi0wFBVV95cUxPRTJmN2xtazljSHd3aDlSdUdkMF9LYV9HazVhNnh6MUFSNzBycWk0RlhaaTBPdHZjWUpXSWE5X1BmT05YTU1saVFYbzdmRENBRVNOejJ1RmVBa0Uxa0wwekRsT2Z4V2VFN0o0VlRrNkhlR29KLURXeGFsM1F5WkJxSEs2cjZ2SXB5UDFCSkxYVUZTdzFWMWRuU01zOG1nRmh6RU1BTVZsa1NpcEFqS1NKT3Z0TTc4dmVkLVR3NTlXeG5qZmdzOXhBUnMzN2IzRWNHVUF3?oc=5
2026-08-31 04:13:40,MU,The Dictator - Larry King Interview - Sacha Baron Cohen Movie HD Mu Stock Price (eChZPRZLwP),Mshale,https://news.google.com/rss/articles/CBMiW0FVX3lxTE9QV3A0RHhDbTNjVElnWlBfd2Z0aENTM1lfZVZDNHdHRGdob05JMmlxUUk3bm92c0lCRUN6aV9teEgxUWtlV0RwTS14VkFkNVNWdzRpNXgxc0FFczA?oc=5
2026-08-31 02:57:09,MU,$Micron Technology (MU.US)$,Moomoo,https://news.google.com/rss/articles/CBMigwFBVV95cUxQUmJZNHlhcjlDcllPZGlCamJnbU1zWlNZRWxocUJ3N0JlQkdSSzUteUdXNDYtZkM3Q0JZU2R5Y256MlNHLVJqdjhKR0RSS0Eyc1Fhc3QxcWZGTm9weTJCSmV5ZDRqeW5wN0tlVTJtOENaeWgwMU1JM3pNT1JFTnFfOGpyMA?oc=5
2026-08-31 02:36:38,MU,"""The Pitt"" And ""Hacks"" Sweep Emmy Nominations Mu Stock (aRJqYpla4J)",Mshale,https://news.google.com/rss/articles/CBMiYEFVX3lxTE8zNHh4MHE2TTVCMVdHT3BxREhwTl8wM2Q0TmNsQlR5Q1dOU1JFWDZSYk5FWUxvcllnc3JscUdnYjJ5ZS1GYS1mY3FDT2UxYkpKcXE2WHRXZkNlSFBadEV2Xw?oc=5
2026-08-31 01:46:07,MU,Autocar Awards 2026: Bike Of The Year Jury Round | Autocar India Mu Stock (StPtHgM3Ip),Mshale,https://news.google.com/rss/articles/CBMiYEFVX3lxTE9hYjE0Ui1OcWhtUjVKSG4tcjdYOG12dkp6OEZpUFB3X2ZKSjJPN0I5UjlDSEFmS2c4d1l4SW9sbFpSTF90eUt4MllPclRlQUdxOUhZWVhMLW91cWliQmsxWQ?oc=5
2026-08-31 01:43:32,MU,3 Key Reasons Why Micron (MU) and SanDisk (SNDK) Stocks Are Tumbling Today – August 24,TipRanks,https://news.google.com/rss/articles/CBMirwFBVV95cUxPRUZobE9ybDNRVHVDYTBHVVNmR1oya3M5ZlRJWEswc1Q2YTlBOVZmX2s0MkhoSFEzNWREWGJDZVFzOTllamJCdWU1elh3NE03V0w0bzA1bGE1TFZudmhTNEdYOTMzdV84LTdtRFN2UVFWVTYzeFJoaW01ODh6TVVVSFh6c2hpbnpMdElKNW5xamxvdHdWRXkzWTVEamxSbmRIamNoRk9wajB1Qm40cVVV?oc=5
2026-08-30 23:52:05,MU,Micron or Oracle: Billionaire Israel Englander Pulls the Trigger on One Top AI Stock,TipRanks,https://news.google.com/rss/articles/CBMiswFBVV95cUxQQ3RYY0FYY0tENGItdFBGOVJ5VG84SGpwcUc4d3lkV0FwRG1VaGFYWWIxcTNucWQ1MWRnSUYydERmdmZQVHBVQy1jYTRvNUVXMXRGN25TdmR2dEhtUFF0TWFXTVo2blNJZWM3bGhlYURjbk4xdTNTNFN1a0d1TmNrY1dkVi1RT1R1WTBXREozV3NLd0FYR3hrUHVxYWxPeHZRTk04TW5URVdrV3ZJaXZ2Vnh2TQ?oc=5
2026-08-30 22:32:55,MU,Why Are Micron (MU) And SanDisk (SNDK) Stocks Falling Today – August 20?,TipRanks,https://news.google.com/rss/articles/CBMimwFBVV95cUxOOFN2bnBaTjlhSURGRHZha2NrMUZfTUdFa1BaMFh0eUJ4LVBjWlVmbTFGdE9nU3h6aXNZckg1ZzlxTXpobC1PanpZWG1YTDRlcVdTblFyRzhBZUtOdUpRanJqME5PMzlJS0RSdzVIT0U4UkNvdC1DY2xxbS1QNTZ5VDkzVDVMZXM5RFpYRTkyc2cwZmdMNmNDV2pyUQ?oc=5
2026-08-30 22:02:04,MU,Micron Shares Edge Down 0.3% After $50 Billion Quarter Sets Higher Bar for September 30,TechStock²,https://news.google.com/rss/articles/CBMimAFBVV95cUxOOFZrMkFfSWZveDQ0M3owVVl5ZjU4WUNNbHo3Qk5wVnJzcWZHcU43SjVEUGJvT2I2V3hNamNCbFU2Q1VXVk1Pc0NJOW83TnFhTHN1WVg2bVowakxOT2k0NnMtWktZdTliN29kajB1eDJZbDJyXzVVTWJMRGk4WXByNjNrSWxKQWtZR1lsRkszWjFfSEhUM2tHRg?oc=5
2026-08-30 18:16:00,MU,"Micron's $22 Billion in Supply Deals Signal AI Memory Boom Has Legs, Top Investor Says",finance.biggo.com,https://news.google.com/rss/articles/CBMidkFVX3lxTFBMbFJab09tVDg3M0hSMDFPVW0xRzBIek9PdHQ2LUFsNlpJbWpveVloS19rYXpOLXFGZlMweWtaaS0xUFNVUG5OMUJwRE15LUZZV052QktoTy0zYnNYOGFNSmcxU1lyWi13MEloVS1UajR2dkxrT3c?oc=5
2026-08-30 18:03:16,MU,"Micron (MU) Weekend Outlook: After a Record Quarter, Is Another Breakout Coming?",TradingKey,https://news.google.com/rss/articles/CBMi4wFBVV95cUxQeVBTWE1OV19mMlVibGNTMWY0LXFuaHNOX3hHVG1lZXlPSFIybGc3VGN3TVRPWVNBWjdseS1QZUdzVXZWMUpMNm1OUzF5OVpnMVZpU2Z0aUZlMVpGU295OFN2R0x6UGtITmRoYzNrR0dBOGxtTDFlbVFWdFp0eldiM0c5WXJmWUIwM0NhNDFtMDFmc01uanRrY1dnaVRRSm5ka25XSjJEQ1VUSnRkbU9hLWZjbWoyblFYOVdJREpVcWtETVpOalg3dm9ONG5zSWlSbm1uODRBZUdXY05vRjJIUmVzOA?oc=5
2026-08-30 18:00:00,MU,Prediction: Micron Stock Will Go Parabolic After Sept. 30,The Motley Fool,https://news.google.com/rss/articles/CBMilwFBVV95cUxNdmU2NURORHBHX1JUSjdLeXlXUjZZemhackRRQ2kxTENQMHRSVW9MM2tsM2JCaDJROXg1dlc0eDRKQm1ibFp1dHM1V29PWWhQbUVDR29XRHpyd05rRk5OXzRtMkxfU3lMZHVkV1ZaVXFYTDdqaTVqb0ZtNldvS0FCajdDY0V5LTdnQ05OZWE2REhuTXJsemdN?oc=5
2026-08-30 17:20:00,MU,Prediction: Micron Stock Will Go Parabolic After Sept. 30,Yahoo Finance,https://news.google.com/rss/articles/CBMipgFBVV95cUxQcEhrTTJDN2ppdGRhaGtSellaYTdGTURVTXd2NHZJV0pMcGQ1dDFwczZ5UUhLRTlmNjBLU0FWMHBaWGN4QmVoakJNZ2NTakpkYVRkZ0JKQTZaal85ZTc5cWhtUVNOMldQU21hRnBobi1QZW9OM2NPb2xSUlBDWDhsc1FUdmljWUJkTy0zdG1OUnZaaThSVkdsRzZkZlZhV25hMGh4WFBB?oc=5
2026-08-30 17:20:00,MU,Prediction: Micron Stock Will Go Parabolic After Sept. 30,sharewise.com,https://news.google.com/rss/articles/CBMixAFBVV95cUxQMy1iZHJnY29RTmNaaTVXWFNVenlMb0dlR2lncE1qUHcyQk5GNnNfY1dsSGFTTl9YTUIwVl94a1FYakI3M3dxTFpfOWVoSzVpTVlaQnZndmVyMlJnRHVEQ0hPMXZfOGpSbVl3blUwZHY2bzZuOFRWRWNQa0dUX2pUMDdGRVo4d0l2Z2xxblpTTVRlR2xMRjZCVHlzaUhRdUFFeDhzaFloU3BMNkwwb1B5TXBKcFVtVG92WDBaSnNtVUlyUzcy?oc=5
2026-08-30 15:06:29,MU,Micron Stock: HBM Shortage & Tight DRAM Supply Fuel Bullish Case,Watcher Guru,https://news.google.com/rss/articles/CBMikAFBVV95cUxNVS1zdnZHMzlHMzFXWFRwaHhkM1Y0Wmg3UnlXQ2Z2YVJuUVl4S3lES3lnWXEyM20weHI4MTJHem9DVVBtNEhnR2EtdFJSUGtNRUpHeFhuZTlpemY2bEhCTC0zazloSUlMMGJyVnhKbld3UTIzLVdoVXZPUUZMLUYtdXZ2Y3RETVZMRmRDbnBpdHM?oc=5
2026-08-30 14:14:50,MU,Micron stock holds firm after a $41.46 billion quarter,AD HOC NEWS,https://news.google.com/rss/articles/CBMitwFBVV95cUxOaHZ2R2MtU0lJSzk5N00xZlZqZU1MVFkzOXpPdnlzbF92T2pSd1ZSMmFnUEU2OUV3dldFOU5xeEszTFJZaW03Tk1kODJxMHZpRHpsR2VOMkhaTnlHYmpueVA1OXRNRk0tU3dZeTFuQjBoUEppaWllUEJHUjB3RERNcUlqYU1jQndPWUc1ekhMeEdJVW1CSEd3VktXeldQVGlfNXBPanZZaE5Xa0NlREFFaW9hQV8zaFE?oc=5
2026-08-30 14:02:12,MU,"Why Are Nasdaq, S&P 500 Futures Rising Premarket? NVDA, MU, SNDK, SKHY, CVNA Stocks In Focus",Stocktwits,https://news.google.com/rss/articles/CBMi4gFBVV95cUxQNXdwa1dEaG5SRHd3dWdjaWI3RlM0T090OF91ckNLODRva3pOd1ZXLXhQa0YxdWhjTjZLQnc0eHVqdjNENXVWOTEwT2hpT19ObGdDR09ubmNHMlI3UXlVZUZVZVktaVdyX2NVYlRCMWJ2UU12M2E1RXdYQnEtRlFkN0g0TUdJNXZuUS1QZklEZTM3ZEwwSFh0X296WFB2MzJzZExqTmxEV0pqTDVvcktERGFyc0ZwVTc4NENkMml1bC1ER0h1VnJkcGl5Znd1eU1IbVpISGZ2Y2thb05mSUo1bU93?oc=5
2026-08-30 12:37:36,MU,$Micron Technology (MU.US)$,Moomoo,https://news.google.com/rss/articles/CBMigwFBVV95cUxPeTVvZ2dFYy1BVl8xRVhyclFQMGZXSk56cmFYM0lTUV9Vci00djFRYXFNTEljRUVhdVRTVTJ6U214ckUyX2Vickw3V3BHZ2hxX1BDUTRXd19UdTUxalc0RnM2Uy1IU3lVR0xjR2NGYnFnc2hUa2hWS0xMS3NTTC1nYkFfcw?oc=5
2026-08-30 12:16:00,MU,"‘Nvidia Confirmed It,’ Says Top Investor About Micron Stock",TipRanks,https://news.google.com/rss/articles/CBMijwFBVV95cUxQRV9vd0o1bXZ2ZWVnb3NCaE9EM0FwQnJlbnMyazF2ZlZQdXBlYnNFdGo1VHVGT01QSzAxYXBtRFltVm5rVy12VWRBYjZZMmFsQmM0MFk3dDhobGlLZjRqQU0yYk8xTGhneXM5N183RkRMbDBaYUdKcnNPV2VjRmo4VHFCcUd0RVJ0Tmw3TDlmUQ?oc=5
2026-08-30 11:19:13,MU,Micron vs. Sandisk: 1 Artificial Intelligence (AI) Memory Stock Is Clearly the Better Buy Today,The Globe and Mail,https://news.google.com/rss/articles/CBMihAJBVV95cUxQZWF0UExOX3l5ZE1HWjdiUEdRU19UOF9oamExODZUSXlVbHpRUEJIR0liOTdHNldOd3J0R21hWnlXOGlFbl83YVVmVXJyTlFSMnZsc3poVWItMXdYNXRBSkdUeVRLUWhrRnlGWU9ibWhoazJnMmlUUlJGc1Z4eDVqQng5bnZDTEQyc2JuOVhrb09pbjNwLVdQQndqOTEwVXdtY3FhYXdfOTVGQWg1MEJCTUk0am1Pc25Mb1NGWm9BdTdZZE5Kdi1NaHRJcDdQTVpPUFlRNWkwWklOUEZCcDFMLV9DTUwxM2hmZVhld3h3RDdTRW5sa3BYUERRNEZ5aW9Bc0lCOQ?oc=5
2026-08-30 10:56:09,MU,Micron vs. Sandisk: 1 Artificial Intelligence (AI) Memory Stock Is Clearly the Better Buy Today,The Globe and Mail,https://news.google.com/rss/articles/CBMihwJBVV95cUxNTHF6QkM3bnBUQ1hiV3Fsdk9JdzJ0bDEzZ1FwZkdrUEtOM25ENVhCTnVweUk5MkpkQTVaZXZjaHFtaXJiaDloYjVXbHRwVTlwdS1tVzkxU2xqR3lxMEhrZHhYOU1YNVVOZVd6V214LUVNMTB6RFhtb3J0UmloQURlN20xdGszZEM2eENsV19FNUdvUzNkUDkxcjlTZFo0NVhRZUQydzlSNmpNS3BRVnV5S2licmp6MndqY1JNNWRVdjlZNkpScE5qa050MG51U3p1ajFyT2Z6Qk5TYThIcjhWM2w2bk4wQmhrVkV3X1BkRGJHWHRzdjNMa0FBVHhsUDEtUjhJLWx1OA?oc=5
2026-08-30 07:17:54,MU,"Micron August 25: Q3 $41.46B (+346%), Q4 $50B Guidance Intact, Sustainability Risk Test Looms",TradingKey,https://news.google.com/rss/articles/CBMiiAJBVV95cUxOUEZROFR1LXBDeG5GeEtLWGNDTGNnMmRvYUctX3JsMHU5N1l4UUxiLTctWThiUVdZQmdBZ3dZNDlXQndzYm9aYlpZQ3dlSUtWQnd3WGx4Qndtc1Rybm1MaFdXRlgzd011dUVZLWl1QVl2WW5PU0ZYUnB4bXNQcVNlZE5Ud2hOTVAyd0tGMkNWMUd2RVEyeUNrMmZEbU1uYUtuSDZ4NjNmNkhmamJTV0JlLTdfNk5HV1NtU3duZXh4Zm8xQXpfYVd4YzlwRmRLdGFrZXNjZnNvUnN2aGVvWDB1Tl85Rk9wdjlOMmFURVFnRWVtX09BSzJMZWhKYXRKRWYtOFFZQWRRTUU?oc=5
2026-08-30 05:27:23,MU,$Micron Technology (MU.US)$ oi joker Maverick why block me ? i thought u so pro one ?,Moomoo,https://news.google.com/rss/articles/CBMiowFBVV95cUxPaUdYQjQ0TFNLWmctdDNzRk81S2NNa2tHSFpEOGVXTkdoOUFuZkdkamxmeDhLV2FPWFJLLVliZEl3QTFWaWFra3FYamVrWVNVeUZIa1FDcjQ4ZU1ET0VwOWYycTBKUlRzN1JrVHZycUdfVVo4RlpFSW5iS09Wc2h2NmlPbEhaRDctVjM4QV9MTkhPMFVsM25YeXNkT2RPbGZnRzlB?oc=5
2026-08-30 05:03:24,MU,Marc White's Weekly Update | Pre-Charlton (H) Mu Stock Price (SgMR0381iR),Mshale,https://news.google.com/rss/articles/CBMiW0FVX3lxTE1GcW0tV1JxRDZGRVI1TFhqRHo5OTJqbEdPNnNOMHYtVklROUpidWVROVdpMFZTM1JQTDRXelRUd2lmYjNnMjkyZ3huU3hlR1pnYXduUkQwNVpMNjQ?oc=5
2026-08-30 04:45:27,MU,木村文乃さん NIVEA テレビCM Mu Stock Price (PDTZWgBl8M),Mshale,https://news.google.com/rss/articles/CBMiW0FVX3lxTE0wZ2I5dHlTMTFaSks3LUNsLXRsLUVTWGNBVnM0VEc1dHo1ZF9VRWxReTEwc0padGN6a0t2ODJsYnE4eDNVa3UydlYzZTlnZm1MQktyWk85RC1jNGM?oc=5
2026-08-30 04:37:20,MU,Bengals Trade For Joe Flacco As Shedeur Sanders Moves Up Browns’ Depth Chart To QB2! Mu Stock (dSqmWS8b5F),Mshale,https://news.google.com/rss/articles/CBMiW0FVX3lxTE1PMjhPSzdlRnA2UEdnN2hzNFpjU2pMdHp5WWRQS1g3RTJ1OTg1N1pTTEJTMEV1UTNlVko1dmhEQVpTajF1MTNiamVvTmJySlM5clhocDFBVFh6Qlk?oc=5
2026-08-30 04:18:51,MU,Kaytron Allen Penn State Full Highlights (update) Mu Stock (TsaeyP4lUO),Mshale,https://news.google.com/rss/articles/CBMiW0FVX3lxTE1mSHZQSjlwU20wMEI2VHV2SmhBRGdRVEd4ZkNoQWJ2LUpsSk1jTERvWGFzUmZJZTVwQjhpOTg3X1RwZ0FIWVk0bHhCbEtyR202alFHMWlUT3pmVWM?oc=5
2026-08-30 02:28:04,MU,"TRANSFER UPDATE: Akliouche — Monaco To Liverpool, Bid Rejected Mu Stock (OX3S7klND8)",Mshale,https://news.google.com/rss/articles/CBMiW0FVX3lxTE0yTlFvb0lVYzJUajdBX2hmbWdLWUFwUHdFZ3ZEY2RmOHl0T3hEZ1AwMnNPWXR0eGI3SzkwaVlyeEs1UWthUnpTOXBzV0Y0MW5wTTZNWXRHN201aHM?oc=5
2026-08-30 01:11:59,MU,Micron's Memory Boom Creates an Unlikely Paradox: A Stock That's Both Expensive and Cheap,AD HOC NEWS,https://news.google.com/rss/articles/CBMi1wFBVV95cUxOdWdkWTVtODhSc016bkVFOVhLbXI5NGxDRnRFOUdCNXMyd2hGV3QxTzUwdGxsUGhKQ1VLMGlra3JjbTJWbnF3dExZWWZtblZtSkx6RTBQd0swUW5zX0NhcWV2dXBGWUx0Sm9qLS1TTUlWcGhKZUNEeUZoZlNTbzhMcTF2al93RE5tcXN6NTN0Y1ljblNqbnhCbzkwNFVJMG03ankwaGF0MldHR0RrdWp4V25qQWZsN3hMWE10ZXNGWFpqalFyaHpGenF2bUN3WFVzNGt0RVhvbw?oc=5
2026-08-30 00:21:44,MU,Fan Fest Takeaways + Analyzing First Unofficial Depth Chart Mu Stock Price (FB5jc4ifwR),Mshale,https://news.google.com/rss/articles/CBMiW0FVX3lxTE9FYkNiMHd5UUFyZzV0ZkFOaTByVWdlc0dlTWxCN29TZ0w2UHg2RmZRWUh3WkR6a3BzMFNBZUlMaGl1RWNCeEw5ejlwN3V1MGx1RzRYUkJPQXZBWTg?oc=5
2026-08-30 00:15:07,MU,Micron Technology Invests $250 Million to Shape AI's Future,Intellectia AI,https://news.google.com/rss/articles/CBMilgFBVV95cUxPTGQ2RTRYaVlyVXR0M2hoQUhtM1g2c09lbEVLWVVhTlBLc0d5MkloMWZ4dEw0RWFNd1VUaUV3OVZ4V0Z0WmRpWTlyYmNSVFg4ZUJIdjBhaFItVVB2MmJVdnp2YUVaQzd3LU1pVWxRZGdEYVZfNDJUSkVoRHZCd202ZS1zM0JDTGVMaFp5MHVraGRqVlJlNWc?oc=5
2026-08-29 23:04:39,MU,"MU Stock Today – August 28, 2026: Micron Falls 2.4% on Rate Shock Despite HBM3E AI Memory Surge",The Eastern Herald,https://news.google.com/rss/articles/CBMiogFBVV95cUxNRklNd0JycGlHdkFBZjNVU25KdG8tMDdMQ1A2X1liNFhRamI2d0x5OGNqamM5MFpMdTQ0U0F3SDU1RTJhUkwwOWF2YllBVnE1akdJbmU2Q3JYS1cxZ1ZWQTA4SXBxbGFaQ2JFdnBYY1l0ejladnFHOS1Ka0pINGVtYmtFX3p6X1NnZmxCS3FtSWEzeFc4eTlrMWprQkNRR2tCQVE?oc=5
2026-08-29 22:23:01,MU,Is Micron’s US$10 Billion AI R&D and Training Push Altering The Investment Case For Micron Technology (MU)?,simplywall.st,https://news.google.com/rss/articles/CBMi1wFBVV95cUxPaHZHcFdKRDR4d0o2UG8wX0lJdXk0WFRHRGp4ZFBnLW5OSG1mME5rWWdOaExyMGlzMjFTSE5Wa3lsbmZfNXJ5aGJpdU1EWFo2LV85U0FYdnNaeEdGOU5LcUd0czRRUkNpVC10ODJxZnl3dnRZbHJPa2ZEUUo2a0h5ZWpNY2hwQTYwb0E4SGs3SXkzUWMxNkVLNmVhbjNBV0ZmbF9GbkxVbFZDc3FoTHd6aWVuVTNOUFFrMWtqZzZGYWFWelgyUTZPdTdub1pkVXZFckJfVFVXRdIB3AFBVV95cUxOSUY4SndOdzdndGVkWGZQTm0zRG1xWXNxWVpUcEtMT2FmN0U5RTBPbGJoVnFYMTVNNmtLQ1poVFhrcFNZcnhaTUJBcVQ3ejNPQmlJSkhrNnVCQkliQWhCSzVxNGFQNEpSN2NibGRONjRoU19qVE0yY1dGZ085bHNhOGhPelAwVWRZcVA0RFo1dkgzSWd5SUVqQWNmUEN0d3RtRWtlRS1XTDN6ZFktT1lZaU90WXNHXzBldHNwUGJVdk5fT3lURlFTMEdmVE1SV1dlTjFwOS1jZHRyT3FU?oc=5
2026-08-29 22:13:01,MU,MU and SNDK Stocks Fall after Monday’s Strong Rally — What’s Behind the Drop?,TipRanks,https://news.google.com/rss/articles/CBMinwFBVV95cUxOM3JoNGF6a25CcWpqUzVLVkxDd3M5ZDM4NXVjcURPWjlLVHdBTGk0SGRvOEtjUmRrWVExN0tqTVBmUk1yZ3FCQXQ2OC0wbXQ2SWlzVE5kbXZMUFZlOVlsQjVPTmRyMHlxaGlqdHhJdjdNdFNYaTY1OTl4S1VmZ2twSmxQMG02STRKRXhpLVhSWE9KS3ZwcWhFSElseWg3WVE?oc=5
2026-08-29 21:11:48,MU,Micron Shares Dip 0.3% with 86% Margin Forecast Challenging $1.07 Trillion Market Cap,TechStock²,https://news.google.com/rss/articles/CBMinAFBVV95cUxOdmZQdXk1TnJ6M3haNFZwLTVVR04tZFRVdXBTanJCTjJwaXhsZW5oblpZUl96NGVCa2tINmJsQnpEWWd4QWxFaHRfNXZuOXlNTmxnM05uMjhsWjcyRVlkTzFTZzBfeUxvMnJIZDk5NTZDMFAzTGFlVUNuUDZ3eWtNR3d0NmpBazhvRFJIeDBqSjR1RGJJWmhIT29ScWg?oc=5
2026-08-29 20:07:38,MU,"MU, AVGO, MRVL Stocks Hit 52-Week Highs Amid Hot Chip Rally",Stocktwits,https://news.google.com/rss/articles/CBMivgFBVV95cUxNLW5lMHBQVFVpQm5aNUJ4ZUlXSklhVFFySGtlRW5vejg0M0dLc3hybGdTYVlrZXEwdWFaSXZaTk91WnhJNzVCZzF3V1kxb3FaU3dOdjV6b2Y0SkpfaVZTa0hOQTNFYmhnTURtOXRXQ01MN2JrY0FBNFpiSDdPTmN2d1ppRTdqMldOVzBKbDRic2kzd0g0d29kc3ktbGhHcnlXOXJ6X3U5aWd4TVN3S3cteVBKekVIX1ZwWmFWazd3?oc=5
2026-08-29 16:03:14,MU,Astros Vs White Sox Score Live ALDS Game 1 Updates As Division Champions Mu Stock (lDrvSCbJQl),Mshale,https://news.google.com/rss/articles/CBMiYEFVX3lxTE14Z2hIWE9zU0VjS3htUTMtZVhGbTcyUEQ5OEpWN2hPWUpBSElKODNrMWlONlA4SXQxOE9ZRmNDM3pmaDEzNzYybHhnS2I3aVhVbzBHRlpneHlmQk8zc0JKOQ?oc=5
2026-08-29 15:56:53,MU,Micron rebounds as Cathie Wood warns memory boom may not last,scanx.trade,https://news.google.com/rss/articles/CBMivAFBVV95cUxQSm5HZktldFF5YzhnaE5nWXlPZTAxQmJzOEs0a1BJd2lQSDI0blBVd1pPU0tFbXE0Z0hfSTlYamRhRWNKVWtwcXBORWVIZTRmbFpCNndxcjM5MkRUa1BZZXdjYUNwUzFmQkROQ2w5QWRGZXJfM1Q3bmNYVVFSSjdxc01fYXJmUUVVNzZOcGVzN2dsRnQ2TWlBVmJrbm1WTVhodnM1YndfWEEyYjctUnk3azZPZ3lKd1RHR0YwTA?oc=5
2026-08-29 15:50:09,MU,Nvidia's CFO Just Explained Why the AI Boom Is Eating Its Gross Margin -- and It's a Green Light for Micron,The Globe and Mail,https://news.google.com/rss/articles/CBMimAJBVV95cUxQRjR0aEdpUXphLVIwS1NQVjNUZnEtS3FrSjdmYm5OS2c0QjNIbE9GaHYyYzlCNTM5bVoyVFIwR0t0NkoyR3B1dFgzRk1UcUFlM2Q1MnhMQ05ma29ka3dqUUFIT3dFTC1YTG4zaEhWV0ZUcUFvOW9OekZnUVNaQlZSenNJdXJpeFVYOEVZWTNqVjBwSGltaUw4U2VLVHYyaDFjdEFNcG9ZZmpjUGw3VHlEXzFVNVNQYUJUVUl0UXEyU3FmY1lDSUdLbzF2NFhxU25jQWp1S0ptM2stT19UTU80NmUteS1BUU9QRUlPbTkxdEROTnFocVNFSTVmazRpS0cwV0FjSldTV1dwU20tZDQ5WTloRTNLTkdB?oc=5
2026-08-29 15:33:27,MU,Micron Supercharges U.S. AI Bet as Wall Street Cheers,TipRanks,https://news.google.com/rss/articles/CBMinwFBVV95cUxPdmhMV3E0aXdUbTJzRkF4eGxLOVpjcUtQbEJjZnd4eUIxeG5wc01QZk5la1RoZnBsXzJBTUU2cGdMeVZyWDBrcDNqTmZuWTluYmZkbDBrTGgtT2w0R3JZa3Z6Ump1OC1pbFkwZktjanlpeC1yYkhUTzMwQVBybklsMkVzaVFaSnBNLUJXSjE2X3dNb0tfNjdoVm5jaHlpT1E?oc=5
2026-08-29 15:05:52,MU,Druckenmiller Sells Micron and Intel for a Chip Stock Set to Surge,Watcher Guru,https://news.google.com/rss/articles/CBMilwFBVV95cUxQV2owWDUzanY5eWI1cVVvZHJWZ1FBbTdfQTZSbGpwVGY4UFUzSVRvRVNKbEFMT1RnT3VxTl80NHhJQ2JQQ29uMnN0X2xsTUdpMWJac2NnQTVzZnBDa3Nka0xFZ3RmVVZwQkJvcTJfb2o0ODhjZW1QVlpfZURQZW1HWkkxVGVXR25jRnB5ekNqQ2FlMnN6MzlZ?oc=5
2026-08-29 14:32:16,MU,Allen Iverson Witnessed LeBron James Getting Crossed By Maureece Rice (2002) Mu Stock Price (ycgVYBlory),Mshale,https://news.google.com/rss/articles/CBMiW0FVX3lxTE5uRnFucE01VWFEOTdfNFJNMmRxU3FqdUJMeWF2dDRjRU9pU19YZzN0cVp0RFZjNHdRTzktNjR1ZVV3TTdGZzBBNjYwNS1rZXVVeHhPTzBfVHRJM1U?oc=5
2026-08-29 13:29:20,MU,How To Update IOS 27 Public Beta On IPhone | Full Review & First Look Mu Stock (jCPu5Dsohv),Mshale,https://news.google.com/rss/articles/CBMiYEFVX3lxTE40eEZLNHRSaVd6ejZtY2t3MThMUXhSVEZ1bTVDMnpUVVQybTFkcHRhU0p3VEY5X3ViMlptbFlOQVlid2RYZTF2SE1UTmJEOUwwem9pdUlaU1JxR0tjd0JPOQ?oc=5
2026-08-29 13:10:56,MU,"Alibaba, Micron, Visa, Coca-Cola, IBM Insider Shocker",TipRanks,https://news.google.com/rss/articles/CBMimwFBVV95cUxOQWpxQmtSQ2dkdGdiajFPbFBxZEFTMUpPeWE2LU1VYW1UVl81MVNoRG9UdHYyQlFFWEFFcWVKQnRMSFotX0d6M3NWS3A1aXFYYVdxc09mOTRHUkg2TGJFX3NTQ3RQQWJ3MFpxS1E1OFZQaDdtcUF0OEVxeXk5bkFJell2NzAtWlZZWFBoeTA4SFltNDJpdkhMQ1cyVQ?oc=5
2026-08-29 11:07:30,MU,LIons Franchise Vikings Vs Lions Tonight Final Home Game Before Playoffs!!!!!!! Mu Stock (0iw5bnzEgd),Mshale,https://news.google.com/rss/articles/CBMiW0FVX3lxTE5rSUlPczBISnFUUFlNdTY0Q3J0cDV3RmtWai0wQ2hlcTdQcWJKcmVfbFB1X1AtdlNmampkbGhRR2c2cGNjLUk0OU1XYUFPMDlKSkd6U0FGektoR3c?oc=5
2026-08-29 10:24:49,MU,Collien Fernandes Spricht über Vorwürfe Gegen Christian Ulmen Mu Stock Price (LXDZGWk3W2),Mshale,https://news.google.com/rss/articles/CBMiW0FVX3lxTFBXWkRYN2tiTXhFcS1lQjd5UGxfSzBvMFRHbklKOU5URG9NQmh0OVVZd3Jzd0ZUbGdWMjItcktkZHoxSnc4NTh6cHJERTdSaEV3bTQ2d2hlZ3dsTG8?oc=5
2026-08-29 09:47:00,MU,Intel Sold Its NAND Memory Business for About $9 Billion. Micron Is Now Worth More Than Twice What Intel Is.,The Motley Fool,https://news.google.com/rss/articles/CBMi5gFBVV95cUxOTmlPRUI0RVNNdHFZM0kzajF2cWJ0QzYtQ1hFY3BiYmZKV1pTVFc0aUFMRS1OUFhYX2JFZ2kzTVBWUFVGai13cndRTGFSWHM5UTdkU3V4Y0VvUzRjSXZja285Q2k2dG9MMmMySHFmWmFZQVdXcDZwT2MwbHJaekRLdk5zZ1VVLVNPVjRKZXhYbVpteTJnMEpwbXZBQTctZVdQWENiRlVuaVNGSEdJUzY0QmZ6TzB6RXFQNWRiNjJIckVOMGRrSVp6dVd1ZWlqR0dUck9BckVIOVh3VzN0ZnNEa2JzdXljUQ?oc=5
2026-08-29 09:46:57,MU,"Prediction: This Is What a $1,000 Investment in Micron Stock Will Be Worth by 2030",SSBCrack,https://news.google.com/rss/articles/CBMiqgFBVV95cUxNUjRfOFhZSTQyd3pNOXdtdjk5LWoyOG1ENmlSQ18tcUZILWo0YmFtcGNyaGxRa3dTams3T01Xa1FtTUdFX3pfZ0hwUTFLeEFuVGFKc1lTVVhSS2xHd0h3T28tXzhHNVktZmNHQXVJRlp1OVNVRlp5MlowbmlYbWo4Yl9BRTMxR3JpSlB5MDJoVzJlenpwM0J0UkFEN1EzTWs1cHhnTGhiY05fQQ?oc=5
2026-08-29 08:57:36,MU,Nvidia NASDAQ:NVDA) Just Made a $279 Billion Memory Bet. So Why Is Micron Stock Still Lagging?,Stocks Down Under,https://news.google.com/rss/articles/CBMigAFBVV95cUxPZ0Mxa2EtdEhKY3ZMLWx0Mkpva2c4RUV0NC0zTjUyOEZBOWxhS1pNY21PUjJuVDVTaWVEdG1raUhEc1Y3OVNsaVdzWGRJbU9KTEt5OXVCX2J1RVJDaFQ5NnQ3OW9sVk1zTUtyOHkyckJNcm9CMzZjMkN2dVlIN0FmVQ?oc=5
2026-08-29 07:43:56,MU,"CNBC & Fox Today On NVIDIA Stock, Micron Stock, SK Hynix Stock - NVDA Update Mackenzie Shirilla (NX8g2Mcq1N)",Mshale,https://news.google.com/rss/articles/CBMiYEFVX3lxTE1mX0xjc0dPcHFGdUswZ3lUd2ZuS2ZHc0hYcjdzVzBwRmN1WEFVTldrTm5oYUFHeHo1aWNpVkhMQ2M0RjlXb05FN3hXei1tNTFUbzdnN3liQnBZaUhlMV9Ebg?oc=5
2026-08-29 07:00:00,MU,Micron's Huge $250M AI Bet Signals a Critical Next Phase for Memory,The Globe and Mail,https://news.google.com/rss/articles/CBMi5gFBVV95cUxQMTloQW9mSERBSm5lLWo0RHpWV25OSnhzcFpVc18yeTFtTHZpQ1F0dEh0LWQyeGJHWUZPbUZrM0wtNmhsMWE4bElaSkg2NC1OZVFTb01yRGFXeEZ4aUhlZmNscWVTUGFLRjRDQjN6QnFnUFJzREFTRU5ubTl3OHpPU2RoZmhUR0FiX1B4Mko3UEtlZ0JLV3NfRmVQQWV2eThJWFlYTVlCYzE4X2pjSWI0ai04dktGSEdfVzk0UmxXLVowclM2U1FxVmhVRldZczFxd1c4bUFPYm41NUYwNlFLMi10aUMtUQ?oc=5
2026-08-29 06:24:29,MU,Micron Technology stock holds lofty levels as AI-driven earnings and guidance point to another big q,AD HOC NEWS,https://news.google.com/rss/articles/CBMiywFBVV95cUxNblJUNGZlV2ZWQVpfSk11elJJWXlGSENWRHdpVTB3R1h3LXhvX1JQZVpaZkNxWHZ6Vy0wWXNaaDdpODE5SXdpblRNVC1RZHVYTmp3Z0h3MTNDWC1pVzB6cXJ0cDBLMEZBN2poTjdwcjNjX0wxVUQ0WXN2T3JPREdtMkVMVm1NUFk1MTZSMF92cGg3UE5YTllyVkZkSmpJTWtGZDNHcDRLSWlCVC0yTlQ1WHlsZ3NKakRtb0VXdWQybXJ1TTlCWVZVbllLbw?oc=5
2026-08-29 06:08:16,MU,SNAPPED CLUB?! | Griffy Golfs YouTube Debut Match Mu Stock (1fBVBxbqa8),Mshale,https://news.google.com/rss/articles/CBMiW0FVX3lxTE42bnhHRjdCQnFIYlpFYUt3d2Z2am05Z0JuUUtZRTl5SFRVbkJ6ZV9HN0VXWkJCU3lwR2hWaThDZl9JcmJhblRnVldsLXdtZi11dWtiLVBvbEpaYXc?oc=5
2026-08-29 05:38:15,MU,Micron Stock (MU) Rises After Its First Wave of Manassas Registered Apprenticeship Program Students Graduate,TipRanks,https://news.google.com/rss/articles/CBMizwFBVV95cUxQbW5fb1pLcDNVMkNSMFI1OWtabFdaUGxCZDdoMHp2Nmc2VFNibWlneFRkUGt1ekhuS3lNTEdKbDdpeWxnN1RlZmZOS0pmclNrb1VDVjloUk9oaGZBUy1CUDYxSXJRYl9EaXZkYmRfN0JOY2hKbFVFR29Ndms0bERydUE0T1NEV0JhQnFpQ2Fpakx0Zm42ZktGUmVpcXhSbXR1R1RzeVZIRlNRanlkVU1jTGMwQlZrVTN1cFRBbW04bFlfdEhLemJaRmg0b203UFU?oc=5
2026-08-29 04:13:53,MU,RUMOR: DWTS Season 35 Casting Rumors Mu Stock (sMPmCxeP6P),Mshale,https://news.google.com/rss/articles/CBMiW0FVX3lxTE9jSnNJRnRzOWk0UUtRN2xCZzBwcTdmMTBicnZPSVhRVnBjZmtnSEVpTU53OXRJbk5nZmNEWlRwYzYtRW56N2JERl8xV1dfT2JyclVoTXZ2QkdlWGc?oc=5
2026-08-29 01:46:43,MU,Has Micron Stock Finally Tamed Its Boom-and-Bust Cycle?,Trefis,https://news.google.com/rss/articles/CBMiwgFBVV95cUxON195U0tQWHZ2TzA2RTE3QVJQbDdBU2dzZ1JXSU5IbUxDVVVMX3g4TGNrWTItTjgza2dhWWw3aVljclFTX1U0SVBZY1JMUml0WkZCNVBjUzBHNzg3MHVteUwyVmdudUFIa2pId3VGVzJaejZnZ1BXQ1owYW9WZHZRSnhjN1A5c0F2cHBFVDlMWU4tT3ViOElkRG5mcDZJNTVmQ01YXzN4RU9ZeHpHekVxRHlYTjljbG81Yl90QVV1V3ZDdw?oc=5
2026-08-29 01:32:54,MU,Shaun Edwards Confirms Turning Down Wigan Warriors Head Coach Role Mu Stock (SbwHmTT3O1),Mshale,https://news.google.com/rss/articles/CBMiW0FVX3lxTFBhOVY3RWQzd0MtYXc0UzBrSjg1UHo1Z3BhTmUxS1lzNC1JQlZIcjhTZHBjRjZ2eWJPcmVmRmEtVm5KQzdhNzUweHA4dGlWLXFndnRxOENaRVRtUEE?oc=5
2026-08-29 01:30:06,MU,Drive-Thru Safari Mu Stock Price (jpkTcDvrtv),Mshale,https://news.google.com/rss/articles/CBMiW0FVX3lxTE1lZDlaVGhFU0JwbnBiTHQ1ODdncWctQm5HVExnYWRSNXd5ZEVDTmVHb3JVN05YNG9seEQ3YTRBY2xDd0ZxazVMTWZUWHN5T1lEM01qdnNra1htWGc?oc=5
2026-08-29 01:12:17,MU,"Micron Technology director Alexis Bjorlin sells $28,308 in stock",Investing.com,https://news.google.com/rss/articles/CBMixgFBVV95cUxPVGRfamp2SnNEZ09JVzg2WlBtUEtJT05naE02bU5KLWlrWmFEcTl1ckR5M202bndjSmxOazF2QkJLQ0RMMWdNNExCS0dNMXRPZGxBSXE4d2h0VXBXNEsyWXhhbmdRdFJVOV9WVXRMakpCUFltVkJMOGZweWhBVzRiV1FtNFhwb2FSbUdlUDljeUtpLVZYZW1EUnpHZ0g2Ui1HNXNJRUQzNV9ZcGk0LVJmTGo3THI1b3dETUt2OExaUkRWaVUzLXc?oc=5
2026-08-28 23:55:11,MU,Has Micron Stock Finally Tamed Its Boom-and-Bust Cycle?,Trefis,https://news.google.com/rss/articles/CBMiwAFBVV95cUxObno1blBMaFVUYlg1RmdaWlNYREhyaHpCMkRhd0M3ZWEtSG8tbUx4c1J1MmhvRzZUVFpiakdyZ3FWaVBVd09OLUZVMWRGOTZjOEZVRGVWVW1GaUdtd1R6WF9oTkxWWUw3RW45N2hCT1NRbEswRHdZSTZwT3ZTbjJPSTd5a25sb2h4Ym0zQ0U4cW1ybWIzZ1dhZmkyR2ZSRUE3MjdGN0UtN3dMQmw3WWJwTDg4WmhwS2tieU50bEYwV3k?oc=5
2026-08-28 23:01:26,MU,Micron Technology (MU) insider Bjorlin sells 25 trust-held shares,Stock Titan,https://news.google.com/rss/articles/CBMiswFBVV95cUxNcmRBc3VSbUxMZlh6XzlIeUhYTktJZFQtZFNmQWtXRlFBMUNiYjNEZ3RfWFZtZ3lSb0ltbG1hM0NKODRoNVZYa0VJSUFwai04MFJxRnZCYmhQOXN2am53aS1xamY4Q284cE5GMkJkVGJGVlhhTGo3S2xYSFViX3pxVDJRbEF4aURfNW10aG50R1ozRlFTTFotZEtQZEhmd01DbV93QWxGeW0tcGdZLUY5eHo1OA?oc=5
2026-08-28 22:33:00,MU,"Prediction: This Is What a $1,000 Investment in Micron Stock Will Be Worth by 2030",The Motley Fool,https://news.google.com/rss/articles/CBMixAFBVV95cUxQSFphTmJpcVNvVUtTUEZsRnc0Sm1QWDBSZ1VEWEhPN3dpTEgyaUg2TFZjMmRndFdqZ2pJbHBlNXRsY3FRVWkwMENkYk5NampkaXRycml2bW1IZkhneWVMakJXRWxaYnljcjlEcDlsejk3WV9MQTRPTVBfNjRsVk10RVA0cGFjeTJlQS11UTQ2NHVGcWRWZHlqdm9KMTNMaVQ4WmpJN0o3UEJremR3TWVTRVJFOGZqS28wbTRaN3hucmNIWHBU?oc=5
2026-08-28 22:22:42,MU,"Micron (MU) Stock Today — August 28, 2026",The Eastern Herald,https://news.google.com/rss/articles/CBMif0FVX3lxTE90MmpmWUV1cnZrelVtQnl3WXpuLTA2NTdKN2Z4RFRHMmVsbmZVYWZDVzNSVHRnYlc3SU8ycHltZi1jX3ByejBtMVctLXhIT0lhMDRvOVR0R1JiajIySjJQeTRQZmlXNlhscGhySzdHU2lsOVMwMW1hNlZJaHlCS1E?oc=5
2026-08-28 22:19:02,MU,"Prediction: This Is What a $1,000 Investment in Micron Stock Will Be Worth by 2030",The Globe and Mail,https://news.google.com/rss/articles/CBMi-gFBVV95cUxPaWJ1TUFZRm02SVM3ODBEQWd6MExrZnc0OUhNRXRvOXdfWUhrX1E4ZUx1R1YwSDlOMU54OEJJMjBoaFppRFR3b0FpMlc4MllKNUZkeG9Ddzk2UGZDSlJoX21KZzlFdUhkSkJHX0duSjZNRHlRcno5VzE1N0VHb1M1cEdPZDBmMVJJc1B5M1RFamZhSEpYaVktblhwNXpiYk9Md0Jwbi1DeHRWNjdoelFyQ3VtVzVCZElvcVdRT3pZZlI2V3Q5VkthV1F1LUNQMXN4dXMxZHV0YlJ3QmtRVC1JZjM5c0VHcXlnOFJaZ29tdlU3TG1DcmJrbEdB?oc=5
2026-08-28 22:00:39,MU,"Prediction: This Is What a $1,000 Investment in Micron Stock Will Be Worth by 2030",The Globe and Mail,https://news.google.com/rss/articles/CBMi-AFBVV95cUxOZ3U4Q1dPcmE3SzJLMU53SWdLQnI1ek8xN0J3NmZCcWp2ZE1Edi1NNE5McmNUQnRPbGhqVlluRUlxdFV3THc5N3YyV3FsR1MtUDFiUTdwVTRtb2p4Tmw1XzZ6QjRfVTVsbDdRSXhQUkRvaGFualFOUFB6SkE1UlE1TE50bmdPQ1N3UWlGWkR6bW9PSnQwUHRaVG1JTUlrTndwOHpoUHprR1JJV1RSWHI2RnV3YkpaTXluWkluTUtYUzU4Z2RtREJYOUNrMGtsU1FaQklpYURPbDBWT2pXbnNEZ0R6dFB2RkwzMUlwSkpVdFZTN3lFS3ZQNA?oc=5
2026-08-28 21:53:01,MU,"Prediction: This Is What a $1,000 Investment in Micron Stock Will Be Worth by 2030",Yahoo Finance,https://news.google.com/rss/articles/CBMioAFBVV95cUxNWXU2V0ljSWVVV043Z04yQXZ0TkNRay1xRHo3YXpNeHdZcDRzZFAxZUwtbW9OTjUzamNJdFFpLXRSRDBELS1Zdmp5T3hHZG1ybktIYzVhckc5RDhmdURGMGgtTEdmdWNFX3R5eDAxYmRWb1VjVjl3WHVDa1hMRW05RTNfbkNkYU83MW1rNlhjRXNkSjk5blN6NEpkNF85b3Yw?oc=5
2026-08-28 19:40:15,MU,"Masco Corp (MSQ.MU) Stock Price, News, Quote & History",Yahoo Finance,https://news.google.com/rss/articles/CBMiYEFVX3lxTFBtYnpfTHBDVWFLYnItY2hvQ3ZEUGtMT0RBM2tyeWJmWDZ6cWMyMFRWeFQzcGxNbWtCYjV0Z0loX3VOWUpfN3BSbFZaR1lNTjl0ZkVTUnQ5aWlMSHd5UzZJYQ?oc=5
2026-08-28 18:52:29,MU,"Why Micron and SanDisk Stocks Are Falling Again in Pre-Market Today, August 19",TipRanks,https://news.google.com/rss/articles/CBMiuAFBVV95cUxOeTc1N3pQRjBXWVRQa25mYklQTUh0NERyVWIyaTBzSDNRWkxfYUhYWGdDd2xuMXFxbjBWdGY0VDNqbjdrQWN6c3JTSzIyTWNOdlgtLU5PSXZNTVZsempDaS1nZXc0SThUWEZDMzlpUk1FMGc5OFpONjZTb3I2emNGRmY0bFFXWmVYc2pjNHlObG4tNksybzFwQ3hxV0Q0Z3ZXQnFQSEF6Mk9ma3FaNVJjbzFYUFB5cEtB?oc=5
2026-08-28 18:46:42,MU,"MU Oct 2026 400.000 call (MU261002C00400000) Stock Price, News, Quote & History",Yahoo Finance,https://news.google.com/rss/articles/CBMiX0FVX3lxTE9XRjFETU4xUzVMYWFtZmZKU0JOTVJkaHlYaVBzQlkxSTZSMkRxUWo1Vm5xQ1BMZ0pKdE1mVFB2TXEzQk5FU3EydGRwZWNzdWVmRWJrQW5RX0w1dVU3TTFv?oc=5
2026-08-28 18:27:27,MU,"INTC, MU, SNDK Stocks Jumped To 52-Week Highs Last Week: Here's Why",Stocktwits,https://news.google.com/rss/articles/CBMiuAFBVV95cUxQenNMSFBadXZNQTNTeU5RaUlxSnZndjEzLWo1TTQ5VHo5dF9ObTMtaWVudnlsTU9QU0g5Q1FHcVZrTHJXTjNscVlaVWtzcU5qRFlNTnRuYXlfMm1kN2FhcjRMT2wzOXp6d1hsdUt1M2JyMkpnakxtX19saGJLRlI1anRSNEw3SWlOaXRNRGNjX2s2c2txWEZzRkJPaU1pcnVUYlR5UlRqaUpSMGM3eWRYY2x5ZXlNR0Zf?oc=5
2026-08-28 18:00:25,MU,MU Aug 2026 990.000 call (MU260824C00990000) Interactive Stock Chart,Yahoo Finance,https://news.google.com/rss/articles/CBMiZ0FVX3lxTE1nSFlNeThoN292QUNLR1FrX3NwNkU0NC1YMWVPTjFqQWhUVzMtY1NTQmdnUU9WT2hJVUsyRFJvM1o0R1lmXzJnN0V3ZUI1ZjBBeUEtSDA3amZNODBqSDZpSkNkb3JoTjA?oc=5
2026-08-28 17:17:00,MU,Here's Why Micron Stock Can Double Next Year,The Motley Fool,https://news.google.com/rss/articles/CBMijwFBVV95cUxOYUFudDZKTFJxQUZFZHdmczlDVFVYeV9lZ0s3U3JKWFpUVEo2MWw5QkF4Si13NnNKLVhkcVNaalpDcVFkMGFwM1IwNHZOWWtySE40YjQ4emtIazZtWTJaVEozTXlZdEZtQnRRM3Y0NlRjNFNJWUhaM2hDaE54VzV3S2hPQ3QtVUpfTkkybG84NA?oc=5
2026-08-28 17:16:28,MU,Micron Technology Stock Poised for Doubling Again,Intellectia AI,https://news.google.com/rss/articles/CBMiiwFBVV95cUxPemJSZHB5bFJhdFJ0QWZYNEpOXzNiTTBzSUtDbXJYcTJJTEFrVG03YkxIT3BNdTZQQTl2dTVhdTVBbHNoWjJVT0VLUzFtWEdLRVN1WXFLMVZpT2FrOFNJWnlJeEh3c1AxajZqMWVsSXR5dmdOeFFTVTlJUHlLTHdlUUdjUXF0X2k4UzRJ?oc=5
2026-08-28 17:13:44,MU,Micron stock falls despite rising DRAM prices a...,Pluang,https://news.google.com/rss/articles/CBMigwFBVV95cUxNSHBEaGEtOWJUZWJQZGstOFQ5R2JteDVaN3h6N0RMb0t2QlB3eDV2QkJyT2gyYlZtMXNXNjNDMmRfUmd4aG1iRmJGbVdha0tPbTdLX3NpcVRPd1NRVkpHWERLc0ZCdDJfWGszd1FNTXhtZDJ5X3c2cEo1bE1JQ201SGxyQQ?oc=5
2026-08-28 17:03:06,MU,Here's Why Micron Stock Can Double Next Year,The Globe and Mail,https://news.google.com/rss/articles/CBMixgFBVV95cUxPclNyWDh3Zlp3RHhkMU9QTDdobVZya2gydGJfQkFScUNwRXA4QzFKUjhvY3o5YWpIWGVMOUtyLWxaNGVrMFk4TTNvaVZoOEY4OWVwMGxieEhkMzBlRWhuVzJzSlkzQXZwSUt4MF9oWFZtWEVzQzgzTER3Y01WS1BLbGF3VUh0S1NnU3JsZEpXZktmeDQyM2dmU1FoTGFDSGwtR1hWeHdWRHhTYWNXdG9VMHVCTXRzMW83dnBhc1NGLVBaWnhnMmc?oc=5
2026-08-28 16:46:39,MU,Nvidia Just Validated Micron’s Biggest AI Bull Case (NASDAQ:MU),Seeking Alpha,https://news.google.com/rss/articles/CBMilAFBVV95cUxOeVlfV0lhWXc0MGE3cVhCX3FxenZPLUdQUlVDWmdHR1R3bWphUmwtRlk5MV9kNXU5S2ZFMFJ4TjVSLWMwbUdRS2lQVjQ5d1FTZ21PWWJPenZBU2NIYjdEeVRPWEtveGtpSjQwMU45SGt6SFlGTWdTUEM1cFV0bVFwUGo4a1kySmpES1pvUEVvSGtHNE1q?oc=5
2026-08-28 16:37:00,MU,Here's Why Micron Stock Can Double Next Year,Yahoo Finance,https://news.google.com/rss/articles/CBMimgFBVV95cUxOaGhtN3hpeThfcHhYY2FfS2lFRTBNVzhTSk1vdGFOaVAyTm0tb3dzZ0NSLVhpSGFaRmxVYWlDcHRmdWtzMG9xNGpTeHRnTTFwd1N2RVZyVS1VR3RfNTdDQ3JnajZKM0xXZXVMNmNsV2xzdEdsQWdkVzRhcGlFaUVzeUlaMnJZam9UTENaQm82S0xJZmNzZTROZDdR?oc=5
2026-08-28 14:48:27,MU,MICHAEL CYR LFA 121 POST FIGHT INTERVIEW Mu Stock (c65e0yZjZy),Mshale,https://news.google.com/rss/articles/CBMiYEFVX3lxTE15TTk2YWxZQUhaTi1Db1pWelk0THJLLVVIRG1ma1FRSVBkZlE4bEJYdnQ3Y2Y5Z3VrLWpHc0dxSUVmVW1LTUNfZ2l2c1VOUklyaHdybWtXQ0pTLXhFWFh3WA?oc=5
2026-08-28 14:46:00,MU,Why Micron Stock Didn’t Get a Leg Up From SK Hynix’s Memory Optimism,Barron's,https://news.google.com/rss/articles/CBMiekFVX3lxTFBpeFlxd09KZ3lCQXY2dXdLRFRIQmg2UnFCRDVmZjBqcFNIRWxVR2tLSzRNVmpnWnRjVUVIZE9GOWxWenFHYmVFQzFhb0I2S254TUJmSkZwTzZxT1pULWRFZG14Tk56Qy1Iekt2alJnQl9DWVdncVBObjN3?oc=5
2026-08-28 14:21:15,MU,"‘Not That Different,’ Says Top Investor About Micron Stock",TipRanks,https://news.google.com/rss/articles/CBMimAFBVV95cUxORmpMbjA2aXVyWmx4d0dWRDVJQXE4YWo4dGJfN25JXzYxb2RBTDV4UVliR2JLTlE4dHVreGpPR09vV0M4M3ZsSHJDVWd4aWRjcGRDWmZNWTdlT19LMXBsZXRvM1JBS3QwemQ3c0VHUGszYTZCUGNTeURIYnNSWGpzdG5GVXRBYkUxUlB0Ylk3dllHZHNkQkhnUg?oc=5
2026-08-28 14:20:00,MU,A Once-in-a-Decade Buying Opportunity: Sandisk and Micron Shares Are Dirt Cheap and Look Primed to Skyrocket,The Motley Fool,https://news.google.com/rss/articles/CBMilwFBVV95cUxNMC1CY2FReFJOTFdBYlBzcU1UT1ZrRlRxal9pcUxPZ0JqazE3dWpnbktOYXA0MktsWDRJOEswdFVtcFo4Y2d4TXZLTUxNaFdfazlOZ21aR000QUpjYWV2MXEyVmd2cjNUMTdCTER5a3pRUWR5c2ZVNWhGVDJsZGFUQ0ctYnRQUkN6alZmT09KZm9jTm1UbENn?oc=5
2026-08-28 14:03:17,MU,Micron Technology Consolidation: Soaring Memory Revenue Meets Fresh Policy Uncertainty,Benzinga,https://news.google.com/rss/articles/CBMi1AFBVV95cUxOazBtWFJsUzB0ODZ5R1YyQWpBUVNOVUFybVlVTXkyMUZmYkkwbWRXdWpWZFFheE9Od3NjUUFaNVJEVFRKYU5yY2F0cjJVc0F5aDNpUy1aWjV2SE1HV0U3MWFac0FTYlNRQ2J1eWNoQUlUUUlrZXFCY3JjaWo5Z1V1U2JvTlJucGkzZTNfbkIwM1c4THdwOFNLMl9tT0lZdWZscDJaZWk2Q0VFbFg2bTdyY2d5Xzg5SjR1TXZqbWlBTFpIZllFVmR2Tkp6RlFFQll5cXJDYQ?oc=5
2026-08-28 14:03:17,MU,Micron Technology Consolidation: Soaring Memory Revenue Meets Fresh Policy Uncertainty,TradingView,https://news.google.com/rss/articles/CBMiaEFVX3lxTE1wMVVSWHlJN0ZpdkVIREJfYTNKdWx5aGZEcGdFbm1TUl92UG5ZeUVGZUJMQlQtanRKV3hJT2xmM2NsNmFwbFdDSjQweUZLNWZCYTVoeTQxcUZaQTJqN3Y5dGRfZmRHaXk0?oc=5
2026-08-28 14:01:50,MU,Trump Calls Micron One of the World’s “Hottest” Companies a Day After Nvidia Disclosed $279 Billion in Supplier Commitments,Yahoo Finance,https://news.google.com/rss/articles/CBMimAFBVV95cUxQbFV2U3o4d1o4a0Q1OUtUdHVLbG9KTEludDdpZmtRNzBZQlJKc19wUGpxaHhndXYtakdMUnBVM09ESThWdXNJMWkzRERodF9yaGw4WjducVRwV3lYdFBNejhmdGZrOE1EeG9jQ2VVNjRhd21YcTVNRDNGc0pyd1RPTXgtX2hvM1ZZOTUyTUl0ZWdyU3FfYmJrYQ?oc=5
2026-08-28 14:01:50,MU,Trump Calls Micron One of the World’s “Hottest” Companies a Day After Nvidia Disclosed $279 Billion in Supplier Commitments,AOL.com,https://news.google.com/rss/articles/CBMifEFVX3lxTFBUOXB0b1JSYVd4QlN6MFhvYmZQeU54Rll0VGgxa1B5VlVRNFk1OG9ycGlIbVNaQTVkU04tZF92S2J1X004YktDNjVVUnhNMFM3dVZPd1kydHViel9lTTdzTmdWRFhOSTB4LWtFNUlNSHdlb040d1VsSWhvb1Q?oc=5
2026-08-28 13:47:48,MU,Why Micron Stock Didn't Get a Leg Up From SK Hynix's Memory Optimism -- Barrons.com,Moomoo,https://news.google.com/rss/articles/CBMiiwFBVV95cUxOYnlZUzdrUjloSDBMX3NmaF93VzhuT0VLRGlQNUYtQXdDRmZZdmhqek9aME1KSE9pa1E0Y2lkVGhnTVE0NUhEMnVhc3lsSHJ0X1RFQXJpWjl3SVo1ckxpRFVTOGlmVnVDZm5TcTkwZnRpT2phSmJOYnJOVVVpQV9UYUlxaDBPMlRackNN?oc=5
2026-08-28 13:40:00,MU,A Once-in-a-Decade Buying Opportunity: Sandisk and Micron Shares Are Dirt Cheap and Look Primed to Skyrocket,Currently.com,https://news.google.com/rss/articles/CBMikwFBVV95cUxNaUtxQjFtZ3lLNDhjQXJBZHE4enNLN2JlX0NhSkF0NXMzSkVpZlZJeDhBWjd3cUdaTjFOa3FDdUpIXzNJQUo2aGxzaHBSbXhYbjFOR2lWUnJ3a3plOWFzZ1VVNEt2WUZUVEU4RlZmQVhCUEFEVmZOSy1qWDBQbTRsZ0U3U1ZrWWN4V0ZCeFV3MFVpYUk?oc=5
2026-08-28 13:22:35,MU,Will Strong Demand and Pricing Help MU Reach 86% Gross Margin in Q4?,The Globe and Mail,https://news.google.com/rss/articles/CBMi4wFBVV95cUxQd0RwSFFFM1FPMG9fV216NlRKalRWNWRRTjk5OW8wSjF3VTBxYlFuQkJ6RGVOVUJXdHZ3QldiS2NWNlNGMXJaNlo5ZG9vNDF5NDBuSTdYZVluM2tKWmt6dkNVNVdfdEdDYVVtcnBQUmpCOWlPbF9udUFia0lMcmFYaVZiOTVJUnpyNmJRM3B6SnpTZG9nWjQ4cVVMV1RrWXVFRFN0cTR1eWdBSWVxYkFPYTVtcEpWVElJazNhUjUzVnpvOEZnNkc1ZGlvU0JNY3c5Y0hZUmxTcmZTVFFBbFBQS2V1MA?oc=5
2026-08-28 13:01:00,MU,Micron’s Chinese rival just reported its first earnings as a public company — and sales are booming,MarketWatch,https://news.google.com/rss/articles/CBMi1gFBVV95cUxPdFRWM3pEeC1LaGQ0RURCblBVWHhLZlMwOFFsSUJOZGNBWDREUUczNV9hMWZ1c0gyWGxfSnRKMUZWWDgxS3JQdUJmdTBLWXhBbFlrejZQc2NWRzRfMnV4RXZPRWp5c2NHNDNCT05NNzRlQVZkT3VFbkN1ajZSZTk2QVFqVDY1a3hFQ3hfWklMc01YQkY1MWVsWFI5M0hsUnNNYzdWTTJub3kwMENVSjNYMEZDS2hNSDcwcHlHbFB4MjFtNldQUXpoZThQTk9kN2ZEVmFyTkxB?oc=5
2026-08-28 12:39:26,MU,"Nasdaq, S&P 500 Futures Gain Ahead Of Kevin Warsh’s First Fed Meeting: Why SPCX, ASTS, INTC, MU, SOFI, SMCI Are In Focus",Stocktwits,https://news.google.com/rss/articles/CBMi3gFBVV95cUxOYzVYNFdkM1liSWxsUnE1YmNqUTRJbzZKV0FNakZGSU9uVGI4dUhzVE1PLU14dGQ2N0VtZjJWQ2I0VW9oT0VCS3RRN0cwQ1NlM2hqXzJjMUpNMVpYTVRuSXZ1QXI2UWZqbzlNWnZWV25RMTN4Vy1jbm5OMThWOGwxWXBwTHJmYURNeS1ub2dZTWI5bFZHZF9XaFNQU0VsbTh5dU8wYjlBSHZESjgyMlRqRm91RTRBNlB6clNFV3NkcHpHaUxKWlE1R24xWVNqNzRLMmwzdW8ydUxPS2tpdVE?oc=5
2026-08-28 12:08:28,MU,Trump Calls Micron One of the “Hottest” Companies. What MU Investors Need to Know,TipRanks,https://news.google.com/rss/articles/CBMibEFVX3lxTFA0YXdWa3BCWDJBd2dhb1lYckZNY19wcDdmcmlfWXl5TXJ3a2lSUGVpaTRzNm5yVzY4RHhMc04xaFpzRmJ3NnNycU1hNU9QYlNMeWxmb1NOQ2xQX0VOX3h1LTY0U0tZVkptTnBpZg?oc=5
2026-08-28 11:31:57,MU,Will Strong Demand and Pricing Help MU Reach 86% Gross Margin in Q4?,Zacks Investment Research,https://news.google.com/rss/articles/CBMiqwFBVV95cUxONHN0Q0U1eDBCVXJVcDdCbTE0djlhZTFtVzBoUDdKTV94Q3RYR1A3X2diSERmbVdPSVJUelFCNDR3VlAzejdTSzdnMmNfUXdmYnY0QklscnIxUG1JQnBtbkNfbTcyMlJKYlp0d1BCcDlKZ3J1U1dkRFpvSTQtQm93X2Q3d29SWlZ3OGRmZ3BkNmkyYl9wZHV4VXU5ajNaODFaWTdYWk1JbUp6Nnc?oc=5
2026-08-28 11:15:39,MU,Micron Has Already Sold Out 2026. The Stock Fell 7% Anyway,TIKR.com,https://news.google.com/rss/articles/CBMiigFBVV95cUxQT3k1Q1NwLUd4VV9pQlFxNEhwUVZxbmdpUjdCS1VSLWlCRVJwaU5MbjhoQkNKUWpNak1Zb0ItS2oxVDZTaHJTNE55RGZfQlFwaUNoVU10aW5XNzRjNGFhNzQ5R2pfZlJlb1pZazh6TEJTdUVkNzQ1TWEwaU5nN3dlbkItaTg5Z0xqMlE?oc=5
2026-08-28 11:12:28,MU,Aimeé Teegarden's Graduation Speech In 60 Seconds | Entertainment Weekly Mu Stock (OOeeDp5Mnc),Mshale,https://news.google.com/rss/articles/CBMiW0FVX3lxTE4wQ1dQTUppNlZFSlU4NTVydHhPcm05eUhKTDlEeEVlYnNUMDhXV3JLanU2QzdFZlZNLXkzTkw1SlJRR1RRTnUzXzAtNnNFSHU5SFVZdnhuWDhaWkE?oc=5
2026-08-28 09:45:15,MU,Have Insiders Sold Micron Technology Shares Recently?,Sahm,https://news.google.com/rss/articles/CBMipwFBVV95cUxNcVgwZmdGTG9TeE1VV0FZcU5ZUUh0YkNfMm04NVVXYmllR1hqRGpwMjlBZVpzU3RKMzdtX2I5aGgySVV0QmQxWnN2Q3hXWi1hZDlabjVVTHZwNFMtYjJ4TURDbFVxaUl2M2FZN3VYODdFQlVfZWZXZnR1eXZfblN3NEgxaC00cWdxMTFlTmloeFlQaV9aYTVoVW9NQzAyTmFpaEJLQ1gxQQ?oc=5
2026-08-28 08:49:40,MU,"Why Are Nasdaq, S&P 500 Futures Slipping Premarket? NVDA, MU, MRVL, IREN, PYPL, RKLB Stocks In Focus",Yahoo Finance,https://news.google.com/rss/articles/CBMikwFBVV95cUxPWm1ZOEhsOHRURnFmLTRReVJwSXpVWjBpbHFVYmxncWdVNldDNGkzSUo4WS1QUmZseGo3MTlUWHpob3NvMXFNcTg4OVpnbVZIYmtBN0VGZ1kyZklhX0FBalpqNEJfUG5ZU0doXzk3RVhmOVMtRTAtTzhRYVdoUXRBdVVtMXBQVjh0SmJQMnRrNVdKOGM?oc=5
2026-08-28 08:49:40,MU,"Why Are Nasdaq, S&P 500 Futures Slipping Premarket? NVDA, MU, MRVL, IREN, PYPL, RKLB Stocks In Focus",TradingView,https://news.google.com/rss/articles/CBMi6AFBVV95cUxOdDNPcW5tdl91ZjQwRnA4OVhQOFlmWlM1c3dUWHdQUkJPcDREeWdUWU9uZGg1aUxSUnpwYTlfeHBjYUJ2Z3FFSDZkQjEweWV2Q1ljTHo0SktrNnVRdGNPcGRvUnlNVkdDWkpMZjBPbzM5a0lkcWNlOWpaeXRUeWt3QWV3YjlIR0NwR3Rjb0ozX1ZFM05LYm0tNUdONndwTE9UdDdBTS02aFhZRTdqS1JfT1daSU9mLXZtRjVwZ2kwRmxybmVKYmpDY1oycmtBRmkxNHVjdl9BNmhxR0NJQ1IxdzFlU1p2Ml84?oc=5
2026-08-28 08:47:50,MU,"Micron Stock Price Forecast: Trend Remains Bullish, Focus on $800 Support Level",TradingKey,https://news.google.com/rss/articles/CBMi2wFBVV95cUxNME5QMmV3aWN4eWVUWTVrV1l2al8taUlMcXJPUkhvTVo1U3RrcEpWSU5LbkZvWVlxMU50eDhSRUlNZzVFUFFpSDNlTUwxWWctcll2bGlFejhpaTFjMlp1UUNaNWpBdTNoSmZDZThmRGNPUnNNdXhsLS15ZERTb1Y5NXIza3luR09kWjN1ZkxCLUs1VEI0WS1nQzMwSVZybWxlWjE5WFk1YXZYZ1I0SEdUOWo2cm1vRVZCbnRKNXdadG8zN3BaTVpFc1Q3azBfZjJtdzdkRG9TbXZCcEU?oc=5
2026-08-28 08:37:42,MU,Micron stock has surged 220%: here’s the risk bulls may be underestimating,Invezz,https://news.google.com/rss/articles/CBMiqwFBVV95cUxOWkJhUnVZZEloX2EwSnhLT2ZXdy1LbnNfRUxONlFzMnpzdUdJQ2xvNHRMZXZmQ0NfTHRUNm1wNVh3RWp6Tnl5M3NrV055MlVnZ204OGJwV01zZ1lkNFNRdnFJbUZpTFgxRTd6RHRISXdjVjlzdXVma0xsVldoY1Q2SFQxeXotamVIbEVGd2VDUklCTFVhUHdUaklVX2ZRT3VTUnJoU0F2Zjh2VGM?oc=5
2026-08-28 08:35:48,MU,Micron stock has surged 220%: here’s the risk bulls may be underestimating,TradingView,https://news.google.com/rss/articles/CBMixwFBVV95cUxQY2FfbHNualZGSUdPckszOXJuZnc2UG04WFpSMlF3RXNZM1ROWnFJWFd0WTNuem1kRGhmSjBKWFVDMXVobkg1ZU5kM3ZibHpGOGE4UDAxVXRYN3V4R09Vd1lKbUI4bmRTTFpCM1ZWVDZFeFg1d3FKR0Q3cDJkWTd5RWV3eUliWWtoMmVqUlhfaFdkazIyMDJkc0dUaW1WbXAzZWNhX0FIR25LNm82WGNBVFZyTFRhYmpfMWVKWWF6NUlCc05sWUJF?oc=5
2026-08-28 07:37:00,MU,Why Is Micron Stock in Focus After Nvidia Earnings? AI Memory Shortage and HBM4 Explained,MEXC,https://news.google.com/rss/articles/CBMi2wFBVV95cUxQRjlXZUtMQ0NiQW5NTDJNd0xGc1JoOHFqSTJaMlF6b0tJWEJtX1RzVGU0b2g0amhmbFB0c3VBeEtfbmNka2drMkJfOG56RUt3REdnV2dLLU0zb3hvYzkwQlpIVS1lWkNQTnN4RGhmV3NCcjl0Y0lOcmtQT0RzTEdNN2FCMVZVd1B1cGpIbjdXQ05tWDNRYlAteXVjTC10dFNGT0lrWmtqRmdRNVFCaktsRVd5SWhQRmpfM1oydW0zVzdhX3FJMVF1ZENzNENLbFJBY1pyNm1uWUVIOFU?oc=5
2026-08-28 07:35:50,MU,"Micron, Sandisk, and SK hynix Stocks Are Taking a Hit – What’s Driving the Sell-Off and What Wall Street Sees Next",TipRanks,https://news.google.com/rss/articles/CBMi1gFBVV95cUxPaXBKNnZMeENIQmF6dDVJbEFhZWd0eTVWQkRjR1k1aVVFdHdINnktX2JJeTJKWTQwNGhCeFVHdU9IY1M0QXRLMUlkVzhyYU1pVVdseFI0X2VTSEYxTi16RjF6RVM4OWQ1VmZwcTYtTHhoVExyVmhwMUhHZTFzRDlFMWJtdFB4akRldF91YkY4SFZNb2dxQW9CRjVVZjRNTlhlcnhqV1I5OTVSVjBpX0dNbndIenRSX1J1ZkVfVkpiX3YtOWNDbzhNY3V2ZEVWRDFrM3V3Zm1n?oc=5
2026-08-28 07:00:00,MU,Earnings Preview: MU to Report Financial Results Post-market on June 24,Moomoo,https://news.google.com/rss/articles/CBMipwFBVV95cUxQcUtlLTdEZWwwRlYzWHNpTVpid2E1QnduR1dSTDllT3BTZWsxc2NQbTQ1Nmg3R09ZZ0lRbTRWcHJWMXBjWDNTU1pEOHN2aThnbzhqYTY1MGhTSEd2YnBYLTY5dnVDVjcxSDg3a1ZidnUxOVcwY3EtVHd0WHZEenlVU0FxV2FsUGtDV0xYWWdzVDBoT3Y5QWppamhkRnlKcm0wRkVFclhXVQ?oc=5
2026-08-28 06:13:08,MU,Abbath Guitar Lesson (pt.2) Mu Stock (DpbS7bnVS9),Mshale,https://news.google.com/rss/articles/CBMiYEFVX3lxTFA2eDRQUnRwbi1fVEhvd3RiYkUwNnFYbEs0V3VwRjVNU2lSbEFTMHFUdkdRM3BIYVMtMnBERVI5WGNZMlV1RVUzcVBTTUo0U1AyWTY5bXI2YVhUTm1WbHNkeQ?oc=5
2026-08-28 04:57:04,MU,Micron MU Stock Falls to $900 Lows as Lutnick’s Semiconductor Tariff Risks Hit Sentiment,FXLeaders,https://news.google.com/rss/articles/CBMiyAFBVV95cUxQLTBxSDBTN1ppVThOM2dCcnNVeDFpaE9aclRxLVFNQ1E3ZndQNWJrZTZlZDdBVDRiamxqSTVwNWx1bGVnVHlGLW1jcFM3ZWJMZzBMbktUSW5jaElUV01lc2ZiX0RWTi1abkxhYW5XdVhVVXg2cG5QRU4zYWxCMnQtVTZIaDFkUnM1ejhReG1RdkhneUNqZVp0cmlFVFlhV3YxaklqUXZiQkNPVmttZFd3ZzFtVWZzd1BVNHktc0dFTm9PU2YxUmxTeg?oc=5
2026-08-28 02:19:43,MU,"Trump Just Mentioned Micron Stock, But Its Down 5% This Week",Mitrade,https://news.google.com/rss/articles/CBMikAFBVV95cUxPZlFwQjBfU0tiNm14RzZLVzZRWkt1OEpUUUVvaWw0Q1N5cktBNjdMVG9KcWo1RWt6NXZmZEtsUlBJUUlBak1fRjRXWmFIalFUbEM0ZFpuQVZzYXZNVVUwcHp4Wk5JdmNlMmlpOXE3RmoyTVRsWk5pWTl4YzFpcV9DSms0SGFQOUpuRkVmV1pYS0s?oc=5
2026-08-27 23:53:50,MU,Micron (MU) Closed 4% Higher on Thursday – Here’s What Lifted the Stock,TipRanks,https://news.google.com/rss/articles/CBMimwFBVV95cUxQTW5vcmxYd3VxdzVuSGl4Vmh6bHVidnJPR2c2Nk12MkJEWXFiNjNnaGRhRUF0UWJJYjNRWVNqOFlXZUFJNktIV055d0JSNTNMX2tpNVZvWUdlMmpfUnZuakdxUjVJUHpsNi1JZjVsWkhtOXdtdU5icG9BYmN0c25pbmhmSXlPbWFtTVhpTVBXemNvQkstakRUMVZxMA?oc=5
2026-08-27 23:43:34,MU,Micron stock falls 4% in premarket as tech risk appetite weakens,scanx.trade,https://news.google.com/rss/articles/CBMiuwFBVV95cUxPOFhvVzUtNVpROXFkOXZXbWxvTWFEZ2FidkVQWjI3SWpmcXVtXy1EVWpFRk9OcTRiZGJLOGlZSUhTNkMxdGJnMFMzMUFqT3h5VmF5Ml9xQko3ajMzTFhqaFZtcjdJRlJ1bjd5ZHJ6bFVIY3lQbmlhemNvblZYTHdTLXNhSmJzVmE1LU52UkliRzFtWDZ2MlRzb3VuMzVUM3NiNTlrSUhsRXh3RU1OeDc2MnVRbTdULWJWeFZB?oc=5
2026-08-27 21:07:00,MU,Micron Should Profit from Nvidia’s Memory Price Warning. Its Stock Hasn’t Budged.,Barron's,https://news.google.com/rss/articles/CBMikgFBVV95cUxOR3F2akgtZHdiZU0wSlhaa0phRWk1TW5hMlpvQmNwRXh1R3liLUVhTS1wWmdMS0hJd1ppQlR0RmR6OWRuRHBuS29udmFfNTV3TngxSnM4U1F2TkpjNWhlY1ZHTXAxUmZGQlBGRVFTbTdVVnJySFNjOTdJLW1zOVVkVFA3dUFMemVmaTRNOGdjcXJpZw?oc=5
2026-08-27 21:00:33,MU,Micron MU Stock Falls to $900 as Lutnick’s Semiconductor Tariff Risks Hit Sentiment,FXLeaders,https://news.google.com/rss/articles/CBMiwgFBVV95cUxPbllGMmFDc2pFRU9DbzZNZ2tOM1RqYUE2RG1KZDYzLUxmVUFVWUNFS09WX2xrR2dLbVpXcWFCOTZXS0V2ZVllRVVXZ182TXMyR2REVUtQQUdpTHFVcWR4d3llWTVDRkZUN0tpVDllWlRpQ2hfdFdla0s2anpOVE82YV94TzFIcm1BMXJrcjBtZi10QXNpcWx6bHlQTXF4bWFpZ0pjQzNTVVh6c3VXQjFITFcyOUgxcVY0UXhYcnlmcDFjZw?oc=5
2026-08-27 20:24:34,MU,MU Stock In Focus After Trump Hails Micron’s $10B Investment In US Research Labs — ‘One Of The Hottest Companies In The World’,Yahoo Finance,https://news.google.com/rss/articles/CBMilgFBVV95cUxOSTVNbkpramlySm44dXMzVkxWbnV0OUVlYnZxdzJUdDFTMS05cUFUbFphREMxWE9vMFl0M2t4dlJreTB0RlRjaW52VkV1N3NWLTlobU9TSHRiZWhZMVA4OWVYSkN3eVNiTkxvVXpqblNkZFlRV2RIZnJWM181RVlZUXYxTTU1dnRra292TURCbW9Kb2dBLXc?oc=5
2026-08-27 20:11:00,MU,"Trump Just Mentioned Micron Stock, But Its Down 5% This Week",BeInCrypto,https://news.google.com/rss/articles/CBMiZ0FVX3lxTE16YnFGY0MtLUtzamJ3UTVzcVlvcy00b1dnd243Y0VyMmlfYVFpUVY1bDNRajJUN09xZjdHWVBCWktBZmJnRHptTWRfUHdVTkdpV0ViOXBvSTZqNS00a0dVXzU5SkNBUk0?oc=5
2026-08-27 19:46:12,MU,Where Will Micron Stock Be by Year-End? This Investor Has a Number in Mind,TipRanks,https://news.google.com/rss/articles/CBMipgFBVV95cUxOWUU5V0lmYmJsT3FPSksybUZpZHBndGIwUlVUMW1iN3hlTW1TdERQSzRGenJ1WjgwbXVrY1VmX0ZCbGtud1g5cUR5QVJvYUFWZVVqQVdWT1RUajB3WGZGRk5uSEF3MUduZTFFMU1JcVRULTRLcWhrQ3cyNTBoMWNKM0ZaVkdQOUlDZGo1SHNKbXlRbFVteENidU4zTmdvd0dJWEJyTUVR?oc=5
2026-08-27 19:26:31,MU,"Why are memory stocks MU, SNDK, and WDC falling despite Nvidia’s results",TradingView,https://news.google.com/rss/articles/CBMixgFBVV95cUxPT2lzbHlfTmFqR0x5WHpyNzNKajhRVzFVcE9IVTVoTTBUeFVZRjhKU3ZoSjNmb09zdzl1dkRZOTRyUTd4SnVYM2FaZEZuaENXd25rM1ZrMVRvdThJWXE5dEZIZ0ltOFdPeHEwU3ctRXdsTVBWOW9OUUxZZVJ5SkN3Y0hNMXJFZHQyOWF3U3ZzUUZqTk96YkNZMExEeENRdks4a005VXlDX1FXdHBsbnExY3ZsT1BlSW1VZ3Qzd1paNHBielpyZ0E?oc=5
2026-08-27 18:09:23,MU,The Market Still Treats Micron Like a Boom-and-Bust Stock. That May Be Getting Outdated,Yahoo Finance,https://news.google.com/rss/articles/CBMinAFBVV95cUxOZVJ0bGx6aUZrNzI5eGppSHpUQzB5V3JrbVotU3ludGItM19EdEFrRG1KRmVab3ViX25KbUU0bHp2VlpKMHdNUVVCMFo2ZWw1cXRLQ0NDOFZxRG42Um4zVG9fQlVEUUw3R1ZfSzNXVUtSZHdsOG9GTGtUQ1p4ck1yQ0JjeTJnUHQ1clZZVDcxamVxekstQjRSYmVfekU?oc=5
2026-08-27 17:40:06,MU,Why Is Micron Stock Falling on Thursday?,Benzinga,https://news.google.com/rss/articles/CBMiogFBVV95cUxQa3ZIX0dFYU5oZkJjdnJfazRiSEMzY05lcnhQbDVaNHZaM0x1aThaSVExM0ZQMUVTd2dRNWk2RnM0NUxrSXFTMzdLbzY1eUYtQTZrUUg1WUlOTE9waE9ZUEI3M3cyd3NlM1FuNFBUSlR2N1Bkd01tM0lJRFFQSkE3cldMOWUtUkZnbHJhRk1VazVQTktQRTlZU3d6R3pYRTlWMWc?oc=5
2026-08-27 17:35:19,MU,Micron MU Stock Falls to $900 Again as Lutnick’s Semiconductor Tariff Risks Hit Sentiment,FXLeaders,https://news.google.com/rss/articles/CBMiygFBVV95cUxOM1FrV04zR2xJeEwyb3ZzSkJsTHFZenBQcGtleFBxSVUzbDBPYVV0WkxOU0FVYVhuczNhd0FfNHdnVmNIangzMkhXZjJLdGl4dXVYNVpURTlucm9ldkNTOGRZeE1vTjBqb2N3RVpCSUg0MUZkRkNvdXNYSi1uelZvT0h4b0VkTU1QazJCRk51N2ViX0J1YzdzNUdFVzctWnJNSW5vYXhVTXBreV9WcU93ajFaaThrMmRRaEJtMGIxWXJpaTEyZkFERThR?oc=5
2026-08-27 16:41:54,MU,Memory Stocks Micron (MU) and SanDisk (SNDK) Are Sliding on Thursday – Here’s Why,TipRanks,https://news.google.com/rss/articles/CBMipwFBVV95cUxQMDdJa0R0ZDZyRDRRTlF5aVZPLVllcDhWT0xTSmtySllkaUstY2JIN19NR3R3VS1PaHhicmRPWEs1TlhrR213WHhVcVU0Y1RfemNvRFJuOHVXUnpLcndvc2Njam1DdC1GWmowSHFNMDFzeTlOdnpvMHlOTnhtTzFHV01ucTUtZzhseDhLVU1fVkdVbTFFSWlPU2VoSXhCR0gwY0ZGZ0Y0MA?oc=5
2026-08-27 16:06:43,MU,"Memory Stocks Reverse Early Gains, Micron Drops 3% as Trump Administration Plans New Semiconductor Tariffs",TradingKey,https://news.google.com/rss/articles/CBMi0gFBVV95cUxOZEVEdTNLWlFwb2V0eDJYdC0xRXl0UzhfcmhTbXdoUzdXUFRZM19pSmlrMWtQaF9XQ29ITTZyR2FuQVIxZ0loU3F0WU5xSExtSmVFbWxBNlExZjhrUHVjYXA3eE1nVXhyUjdvN05QTWwxQld5cEVMRlZmTXFlZ2tKRVBVYTMySS0zTjBMbkZjM2w5UUl0amUyZDF3LW5QeVFmSXFtOFFudzdOcGZ4SklISmN3bUF4Q1cwS04yN3pnd2hDdUZ3QkVVc1E5QVp4YWMxWHc?oc=5
2026-08-27 15:34:10,MU,"Why are memory stocks MU, SNDK, and WDC falling despite Nvidia’s results",Invezz,https://news.google.com/rss/articles/CBMiqAFBVV95cUxNd0ZYMTNDWnVNRnRiaW5adGZia0pwanZFTnY0SXVpNHRkNklZTW1qTDhNMHN6MVlQN05lOW1WdkYwWnhIY0tTbWprUEtuekRGLUNISVM4Wk9IZFFncDg4aGJjd3JyNjNaTkl3RGlkVzZOSFU4cVRyLThTTzEwNWdzZEl3MzJ4UXdSMjJkNjI3VlhvRzlyT3FuTmUta2R4TUpCVHhtNGY1dEo?oc=5
2026-08-27 15:33:09,MU,"Why are memory stocks MU, SNDK, and WDC falling despite Nvidia’s results",TradingView,https://news.google.com/rss/articles/CBMixAFBVV95cUxQdjNQcDgxMjZUdWlZaTNFbzl6UXI5aGZBTjU0LWltZXFaU1JqbmY4SHpxUURIakhBX3FFMWo2S2VDX1h5dkhyc2Q2MFhkNllESHNqTUZXWURUR2RRVlVZM0dsRmxKWWpwemZhcEpINHZtUU5NcnJYZzRVZkdKc3poQmN4VG44WGtpaVdiV0tNdkIyaXk1M1VUZ3ZHbWVHOWxiMmZsdjI4c1NYMFU4UXRwNVBzQlMzZXI2c0pRcTBjdTAwcll3?oc=5
2026-08-27 15:29:10,MU,Micron: Customers Want 50% More Than It Can Supply (NASDAQ:MU),Seeking Alpha,https://news.google.com/rss/articles/CBMingFBVV95cUxQY2dlYVZJSWpQNWwzZXI1ZVl6cVZyRl9RZUZHRExPQ3lZeWFza2JVdzN1S2xjWnJJdkRiVVRRdHl2SFBBbm9ETFdIZVk4MlFlMG9iR29SbkJvOXJ2ZldHVmdZRDQ4Zm5Zd1U5YVBnd2dRX0dDeHByZHNIclNMa1Z5QVdNbC1uNkJON0tValF3dmx2UV9nVWFXYm10cGxFdw?oc=5
2026-08-27 15:02:18,MU,Nvidia Says Memory Is a Key Constraint. What It Means for Micron Stock,TipRanks,https://news.google.com/rss/articles/CBMioAFBVV95cUxNbjRtSUFqQk1YV3hPSnIwMFRZdmhLSEZOMGNBYWNhRzFMNUtRbDN5YUpEaWJ5Q3VHdkd0TnJjNUZRUXcyQnpmZl9xUzBFd0NuTTFESGVVenNKazNJTjY5VzMxNExhZDVYMWV2SGF2XzRmQl9aMzQzeVk3SlJXS2xYcmFXWGhSZnFqS3BHUmVsaElfS3lRLTh4dFI5V0FWcEdM?oc=5
2026-08-27 14:39:50,MU,Micron (MU) Stock Surges as Nvidia Confirms Soaring Memory Costs,Blockonomi,https://news.google.com/rss/articles/CBMijwFBVV95cUxPWGNYcHg0U0FSX1ZZTHBPZUhLMElHdWZhVXZiLTlHa2JXTXQ3UlpGaWVYVUJONjlfdmx0RXhKMEtXcjlLUHMwTlhFTTFKb1Vobng5NHVYaWQ2WG9ia1hvMzNXTFdfR21hb3NyQnVuV2pIYW9ObmlxR3QzMTNPZTZlcllXVHZRVW5YVThHM21GSQ?oc=5
2026-08-27 14:15:24,MU,$Micron Technology (MU.US)$,Moomoo,https://news.google.com/rss/articles/CBMigwFBVV95cUxNbHE2T0ZqTFlxRVhLbEpEOEd0N19qT2VKVUJWVkVCV2xyd1FTQ042QXZQODBuWngzLUNDVTdmMTNmdF9kdW9FQ0ZyWU9IQnhaWVFzNjRmcGNmLUQ2LXRNejV5bW55SjVxQzBUaTZmTDdkd2VzOTZneVJDNTlaT1NRSVN0Zw?oc=5
2026-08-27 14:05:27,MU,Micron Stock Rally Gains As New Executives Join Amid Memory Surge,Watcher Guru,https://news.google.com/rss/articles/CBMilgFBVV95cUxQM2E2N2lQUXZzU09waTRiZ05ENmI3OGk2MGNGZVlBWkJPOUgwU0d5OFhvNWczSU05M3pVQTdVQlBOdzZQYllkcWxmMzNBVlZJNUlTSjh1c21VNldwMDgxbUF0QU9LVmtBMi1BWXNvd1NZUnVEMXhMaDRtSVlzbmtOUkZzNF9TRVlTUGhqQ1I4Q1VXVVdGMVE?oc=5
2026-08-27 14:01:10,MU,Micron Spent The Memory Shortage Signing Multiyear Contracts,Trefis,https://news.google.com/rss/articles/CBMiuwFBVV95cUxONXhLMndtV3FScXM5d3FlUDk0Z21XelZITlVZRXRIeE40NmpidFZsU1J1VGZ0cU1WQk9Ycl9UYkdCaHIxcGdOeU0wM2ItT2luNDBSbFh5NTY3MExUSjM2UUpoNjRxTnQ1Qk5FeG95czNxc2RHWlJud0R2ZjIyMmdYcFotX1M4QWc4dlItMjFreWYwODJfNWZFTFc1S1ZjVVh3VEt1MWp3MzBvN1hXUHJTUWJSTXo2eGNPUDVB?oc=5
2026-08-27 13:39:00,MU,"Micron Shares (MU) Retreat Nearly Entirely After Nvidia Surge, $1,300 Target Remains in Play",TechStock²,https://news.google.com/rss/articles/CBMingFBVV95cUxNQndqMXlCZmIzRjlSSFFTejNnWUlORmp5bjVUZjlDWFhBd2NKa0lVMmh5dWNYZW95WmZLZXEzRlRhTTVJVUgwenJaaEtCZHd5c3dGVkF6Q0J6U19xaXl3MV92dzBPMUxFSDNBQ010ZVRmZlFLX1BpMlZQYkNhYkIwS0RsUUIzNzdobzNMYWFrRGduYXdrMGpqNDZPLTVVdw?oc=5
2026-08-27 13:36:07,MU,Micron stock: top reasons why MU may soar after the Nvidia earnings,Invezz,https://news.google.com/rss/articles/CBMipAFBVV95cUxORk9zaGN5UXRBbnhZYTdTR1VEMUVpN1kzRVpqaGpkX0cwRTJWNjR0Ykl4eGJlLXlDckliQ2NWSVJoa0EyN2RVMGhxY2JkZFF1dnZzeW9DeG1QQ3A2VzgzOWc3aE95SUJvS3dEeEF5ZUdLMzVnTjB6MkNDZERubjJrbE5paDdiVU9VOUJGa3Z4Zk45dDdhd0NqNmNoU2l5T3Y3eEZUVQ?oc=5
2026-08-27 13:15:00,MU,This Tiny AI Stock Has Crushed Micron and Nvidia This Year. Here's Why It Can Keep Going.,Yahoo Finance,https://news.google.com/rss/articles/CBMimAFBVV95cUxQNVh1R0dJZmUwbjlzUTlVTWVQVldwVk00SDNHZmJ3dVJINWtQMlV3dXNUSExnSU4tanprd211Q1JLZ2VYOXZjcFdMajdOUFZnTlpKS2FVU2duS3pIcUNLNEFmNzU5YWoyaWtCNm43WXVqR2h6QmtoQ2VSd1k2WlFBeDhiTmFocUV0WmVDOGxiZjRYNG9Wd3RNSA?oc=5
2026-08-27 13:00:25,MU,Prediction: Micron Could Be the Most Important AI Stock After Nvidia,Yahoo Finance,https://news.google.com/rss/articles/CBMipgFBVV95cUxNM1h5WTF1Q0lEaDN2V2U4LTlILWtSeHp3cktSekltdTdwM0JuNEMzeVlwMnk4MWVnTDlSc3N4TVQwRWt2NHc4dzJYSFhpSUxkLWRTNlVlVFFHTkh4YmZMcFE0TkJaNXFLLTFWcDFvdXpzUTFGNGdFYnNMT18tT3FiRXI3eXpsMmZTem5QZHpQTHRuOHRlSE03UnpOXzVROTBuYkRWSkFn?oc=5
2026-08-27 13:00:25,MU,Prediction: Micron Could Be the Most Important AI Stock After Nvidia,AOL.com,https://news.google.com/rss/articles/CBMiigFBVV95cUxPdVVIR3U0RmNCbkt0ZlpveTdCRnRSTXU3ek12R0F5eFN5ZE1RUmd6bWF4amJnX2kyQVVtZXNqeWJVaVlITEdJMXFKUk9FaHU5RDlKNzRZZUIyNmtuUHVaeFo4dkQxTEVsWkRIYlBtWjFBS3lRbjFWN2kyRm1lT3o1N2duQ0hPLUM4RXc?oc=5
2026-08-27 13:00:02,MU,Micron Stock Faces Tight Supply as AI Demand Accelerates,Yahoo Finance,https://news.google.com/rss/articles/CBMimwFBVV95cUxPVUpHSXFEaXhQSkw0RnZsZUVjSnNpSXVmSDBDLUY3NjZmdTJfUlBiZTUzYkVNV3ctZ0xNTzhhVlE3eHM5VXdNdU04Nzk5b1NxWTkxSjRmLVNQQUVBOGxMaHdlNjRnU1JFblFwSHRQdmFyYlEyM3BUWm50bE50WV8zSm9Pa3BMbEZNVmVaSXZpMzhMMVgxVVJ5ODBQZw?oc=5
2026-08-27 13:00:00,MU,Prediction: Micron Could Be the Most Important AI Stock After Nvidia,24/7 Wall St.,https://news.google.com/rss/articles/CBMisAFBVV95cUxObEdaZEU4QTZMOE9Ya05LbXpBOU1GSGNyX3Y5UWRGTUZXU1VvTVVVQ0Z4b3RaS1VBeUk4UGtrTWF3NHIxcWgtSW9VQlFrR0h6bHNiWS1SNVB0VzZLcEhYY3dJWVF6aGZ4aVYzeUlySW5VSlJyeTlkS0FZdm11VzltUGJWSHdSYTBpU0V6VDBhbGFnUGJhdFZLWGc5TG9YZl96ZzV3ZXEyMEQwLUJ5QzkwMw?oc=5
2026-08-27 12:43:03,MU,Micron Reshapes Leadership Team for AI-Driven Growth,The Globe and Mail,https://news.google.com/rss/articles/CBMi0AFBVV95cUxOeVhKM2xobmxyVmdxZjRvQXFCaXZjTS1oSm1ROUZSSFFQeFJPY2lUaXNfUFp4VlNpWXFPQkw4NnhadmJsejhaVXVkTE1YcGFYVnFGUnBlYlFpaDlKMXRtTy1ibTUzMXBPUWxOWUdZbnVpRVBrYm5BSGxFdHY4RjNDbDR4UWQ3SHlWeTdncU5ncVVWZXNqQlpmZ21NdDQtQVlTQ1NvU3FzMmVJT1JnYlZFQktRS01zUE5QdUczVF9yWEFCa21ldERxd3VlcTU4NFd6?oc=5
2026-08-27 12:39:04,MU,Why Micron Stock Is Getting a Boost From Nvidia's Memory Price Warning -- Barrons.com,Moomoo,https://news.google.com/rss/articles/CBMilgFBVV95cUxNYTcwTnNMaUxPSW92a3BRVnNyZk03bGdsbkV3eEp5bE9BbEVvbUlZNXBXcWoyVDRmd0VwMlhzZHViZUd1NWlnWU5JMlZUQjJWRWFiaE11ZHExSjljQ2pGZ0RPZG4yVlhpVTJmN1RkT2FaaUFXQ0dmUm56bmhnR2FuaWxwUDFDYjlra0RubURaNUJzdjVtMnc?oc=5
2026-08-27 12:29:00,MU,MU Stock: Why Micron Should Benefit from Nvidia’s Memory Price Warning,Barron's,https://news.google.com/rss/articles/CBMifkFVX3lxTE5MN1JYZlRaTXZEMHJFQ2x3ZFNYZmI0d3BQQms4aFphTWJ1RGJCbnh5ek9VRExxM28xLWpGb0k1TlF0SXU3X1JWa1VOclNuZjgwQnQyX1RBc0ZpV2syWVpSZFVjQXFubFZLYUxKczdhRi10TmNNWEtvWHhKZnBuUQ?oc=5
2026-08-27 11:36:16,MU,Can SK Hynix Mirror SanDisk and Micron Stock’s Price Performance?,Watcher Guru,https://news.google.com/rss/articles/CBMikwFBVV95cUxPZG53dWpPU05kUHhCOEMzT0NFUGV1cnd5YTZUWXV6LVZQQUtMYXRJWlE4TGdkdVktUkpVa0dYQ1R4bHRfUUhsaVVZSUhieVp0R3RfMmZhUEtFaXU5VmppQ1dIbWJvTE05cV9hZTdPSFM3TENxb25paGJIY2czUlVKQ05DTHRJVkJuN2g2N0pEblV6ZDQ?oc=5
2026-08-27 11:35:56,MU,$Micron Technology (MU.US)$,Moomoo,https://news.google.com/rss/articles/CBMigwFBVV95cUxNcTR2eS1hWFd0V1FfTHcza185dG9RdlU5U2pmcEpvY2xMc1prLWhxMmMteEg2T1JoXzNINEVDSmREWmFUd2hEX0FFeURzbmlTYUNTYV9vcjJlTFZKX1RZRnNZanNQTjN5a1Z4YXZMekZiVDVHU05UOHZUVkU5b2xEeDc5QQ?oc=5
2026-08-27 11:12:31,MU,Have Insiders Sold Micron Technology Shares Recently?,simplywall.st,https://news.google.com/rss/articles/CBMizwFBVV95cUxOTUxqcmwybmlWNHFOTHBINmJJTkJvRHV6YzhnUF9SMEN5MEZ3LWtNWlItNG1pNVJULXJTMGZpNm4teDJzQ0lpLVBzQm5WVDE3NlZ2SG1ubE5zNWNlOUQzVkVEQ0V1R29FcHpQSkkxRy1UTzRmU1hnSmFXbkxZUjJmSEtRUlJ6blRKZ2h4RXNfemVqWU1Ja1BveWVka1FmSy10Z2RpMVIwRFNDVGlDeEJZcElMb1JoOGl5Y2pTcFNwVnEyWTlaZkctRUFwZE5DeE3SAdQBQVVfeXFMUFVzM2c0bENBQ1p5VGVTdjl1cGotRkpmZTZBSEg0Q3ZDd1JhNGlGaUNDdDI4OEh1aHJCTDR6OHBMczFLbnRjSlJFNk11ckU3X1VfRGRPMFZzTHI2XzBlTXdVdDdZLV80ZXJ4b21JNlB4eDlfbHlWY3VvRWV2OXVFR0hNRmtLMlRDOXVlZl9hZmlIUTRRSXlhM19BaWZ6MnFrd1JMTEQtTUpHNnVzOFRtTnhWNHkxUzF5TVRUQmV0WXcxOGY2SjRKQ0p2RzN0MGZ3UVJ6RzE?oc=5
2026-08-27 08:54:14,MU,"Why Are Nasdaq, S&P 500 Futures Soaring Premarket? NVDA, MU, MRVL, OKTA, CRM, WEN, RKLB Stocks In Focus",TradingView,https://news.google.com/rss/articles/CBMi7AFBVV95cUxOSWRQV3lTTjlSSzNyNUtRNGRjbUt3X1czU1JselNndWdfQ01ITjJGbFFJcm84MzZKUXZtUHNUaWozbFFBUkRPWFQ3STZBaWRIREFXalNrVUVBYWdxTndxbnVCUnhJSHc0d3h4TnVMUTJtcXd2RDJWamxnRWVkME4zODNzNmltQ0Npd2ZfU3I4X1BXQTg2cmdRZXVRUXZqczVfSnBRTVd2Q1doLXZScXNfMUJGbnM3WXViazdiY0xoN3BoMV9WRERJR3dKUTNrbkhoQ2Qxd3owM2dBY2dRejVxSXNxVUljWU9pVl80RA?oc=5
2026-08-27 08:54:14,MU,"Why Are Nasdaq, S&P 500 Futures Soaring Premarket? NVDA, MU, MRVL, OKTA, CRM, WEN, RKLB Stocks In Focus",Yahoo Finance,https://news.google.com/rss/articles/CBMikwFBVV95cUxOZ0NjYmMzQlpFYkRuMHNIQi1TWDF0ZVV2b1hCZ21CU1g5eHFUSEFLNkVaWFIyUWtWNjFOVDJzMDdjSm83QzBPcDdpTnNqWml4TWE4WVJMZERkZVRjYnBtcWg4dTlPbWt3ckJGVDlwMGtHRGdFd0pzaER1UkVqUjZjUk1wZ0k1U2RvNUxOQVJYTTd3bE0?oc=5
2026-08-27 08:10:18,MU,Earnings Growth & Price Strength Make Micron (MU) a Stock to Watch,Eastern Progress,https://news.google.com/rss/articles/CBMi3AFBVV95cUxNak5IYm5UaENWdVRscWlEOG1HVFVkMjRkaDZiMzAyUWVyeDQzR1l1TURMcW9CTDNQRHZQRmFocGVfMGIyQk5EOE1ramRFMjExc0k0RloyODBmTi1Fb1ZYQ3lneTlEVHgyNE5pQU9QU2YybWdLUmpfdHVNQVJNYVkxcWxNZGg3VUd0ZVc1U3JFbGo3cm5CeHlfV3k4U05CZ09MSG1pNHAyWlJzTnp1aDVXa1Zxd1VMWndDcGVwMWw0d2lvbHB0VVIyTTJSR0ROMlRCUENPc2laRm1qeHBU?oc=5
2026-08-27 07:41:33,MU,Micron Technology stock extends AI-driven surge as Q3 2026 revenue jumps,Ad-hoc-news.de,https://news.google.com/rss/articles/CBMi0AFBVV95cUxPNmxpdXZrc1owSTJCRjlydUhUbmxOcWFXUG1yeWdMQktQVEVuY0pjbmJmeUdoaXZBVTFFTjVTaU14cVBnSGNNTkFBYmNhNnZBR1Z3T3VBdUFubi1UenhTaWxnQW1TSGZOcGlBWkc5ZkFTS1ZxVy13Wm1GNTY4T2wyaFdWckpUdmxEUXlWeE9XZ3ZPV1I1VzVUWmpORWpsdGRBUkhXR0tPQ1N2ZGliS1R1YWR6My1aaWZuVm1ldDNqN0MwVi0yOHFJaHZpUzQ5XzBV?oc=5
2026-08-27 07:40:25,MU,Micron Stock Rises Today — Analysts See Over 70% Upside,TipRanks,https://news.google.com/rss/articles/CBMiigFBVV95cUxOcTNQZkk3QVdPMF9qeVhXQndSWlJ5ZWN1MW9oTWNEaHZXZ3hhUEFZWnktWENucW02X2hMSl8xaG5heHZRU3h3X0ctblJOR2xtYXI5NjBuMHRMblZsZFVrM3Q1Yndzak1sTXlwX1pLVFFyWUxvQk5YcnFPQ2pPdnlsNXE1RlJScGZjMkE?oc=5
2026-08-27 07:24:24,MU,Teacher Is Caught Grooming A Student | Waterloo Road - BBC Mu Stock (Zld0ypEiDW),Mshale,https://news.google.com/rss/articles/CBMiYEFVX3lxTFBjR1hlQ19qRHhLbzVYRnpyUEJKMHE3cTN4Ty02elFJLThwZHpTY3VRUHdnZkhjYVhtYXF6N2phSHNGcnZHUWFIWXJPd2JEeGhWMTY1MlBsX2k3OTlPUGdhUA?oc=5
2026-08-27 06:21:20,MU,"Micron’s $100B Lock-In: Why MU $1,089 Target is Just the Starting Line",FXLeaders,https://news.google.com/rss/articles/CBMirAFBVV95cUxOSmFySUxWQTB6Z2lELTUzdzZpaktxNXBzek9JT2t6cU5RYVpzcGcydzloYjU3aFZjeG5FYmpxbnRjQ3lnT3RmUkRDWmZpakhZU3M0b2haanhQb1d6eHlJVGl4Y2RCcS10a0psT3Z3a1pXRElzSTd0Sy04UUtLMUgwb1dLSElzdXhnZ3JtUmxlcTRfYk1pbzdjakRELTZtX2tXNUUwaVh4VDRlNEF5?oc=5
2026-08-27 06:05:47,MU,England Vs Panama 2018 FIFA World Cup Russia Match 30 Mu Stock (HVAl0bZJpR),Mshale,https://news.google.com/rss/articles/CBMiW0FVX3lxTE8tSGppTFBoUUZwSmI4dXRmMDdLVHdTV2xzZUQ2RnBDZW8yd3o3cTZHb2FrNi1GMlpwRUduVmpHdEpqMG84NW9JMWZBQ0p0YTV0UmtGNXpBbVNJdkk?oc=5
2026-08-27 05:54:03,MU,MU 260824 915.00C (MU260824C915000) Stock Options Chain | Quotes & News,Moomoo,https://news.google.com/rss/articles/CBMiXkFVX3lxTE5mT19vMURLUFYteFNtcXh6RnhBLWlNTjVsdm03WjB4SFV0a1RVenEwb1kyUGxtT3BZbGI3Vi0xUU5qN1hKT1dQMXVWZU8xb3lwV1BkRGVIcGNRNmZyR2c?oc=5
2026-08-27 05:35:21,MU,Micron Stock (MU): 90% DOWNSIDE? Alexander Zverev (euEQLCKNBl),Mshale,https://news.google.com/rss/articles/CBMiW0FVX3lxTE1wYzY3TlJ3d3J0a09iOG9ITzJnMXcwSjEzMkYySjcwMXIzOVZGc05sMVFqamFxR1NCWWFwbC1VbWloREVKdFhZb0QweEpqNnFXTzJwSEh6blkySFk?oc=5
2026-08-27 04:30:06,MU,"MU, SNDK, SKHY: Memory Stocks Surge Overnight After Nvidia More Than Doubles Purchases",Asianet Newsable,https://news.google.com/rss/articles/CBMi3AFBVV95cUxOSmxwblJvRDFvZ1Rpdm1tVEx3TzEwVWZlYkRzdm05cGp3eG4wVl9vaGUyb1luUXMzcWU1Q2FfcTZkQ0NTUUVwYlY5LTBDYk41dWJ6SHpzUzd0WlExUU44bGMwRzZDVDMxSnlvLXI4X0NEMkQyQVVqRFlGVUIzYkN0N1RKTVo1UTBUYjdkMklDQ0w2cnd5N2NMblMzQ2Nwb1JlV2J1VFUyUXljQ1QzRDRNakJDTjMxZFlVdWJsUy1jNUNpd21SZ29GU1Y3UEdaNmFDdXp0ZVlFVGFzdkRp0gHiAUFVX3lxTFBPZjVia1prLXQ5WjBiWE5yR3NsZFZ0Z3VWQ0RuZzl6dmZWeXBqMzhJSk91eWxUMHRtMmhpbTBoYVZTRXpWLVNLY1VCckg0S18tblRiZDU2ZHVxMk1DY0hERTFuOWFtTFl3UGc2ZDdSMXk4a19SQjdscGhzRzEzNFFrY2loM3BXbk1BU2drdzdzWk5oX0FLN1B0VHZweWU4UGVhUHVNMHM5RDNocHhWcE56aWlHeGRhSFg0V3JtM1hENFdDeGlWMk1vMU5CWjh5ZWNydzJKR2ZQOFVzRVJlYVQ1OUE?oc=5
2026-08-27 04:20:16,MU,"MU, SNDK, SKHY: Memory Stocks Surge Overnight After Nvidia More Than Doubles Purchases",Stocktwits,https://news.google.com/rss/articles/CBMi4AFBVV95cUxPVk14bEk0TjdkbWxfc0dLUmF4d0tuM1JFV29KZ2x2LU94VTdyV21wbVFQaUxWTDM1THlRcEFVR2xQa1B3TnBKNEVHbE9zLW1sSHZxblh2eUd2VUpHSWtHelRvUXNUXzFELUpsRmxTWFIxVm4xS05MQ0dwMGxvNDVhVWhfSV9Fc1N5VVR1T0Z0QmMyX051SEtDdG5JNmgxWENtLXkybS1MUlhUc2FTUmNNWEpIQWZPczU3VEptdEZZa2I3LXo0OXU5bnVLZnloX1VrSGp5WWw1RVJUY1IxWkJoUw?oc=5
2026-08-27 04:18:00,MU,"MU, SNDK, SKHY: Memory Stocks Surge Overnight After Nvidia More Than Doubles Purchases",Yahoo Finance,https://news.google.com/rss/articles/CBMilgFBVV95cUxNUktacnEycHVlclVndWpxUHVqb0Nfc2V6WU1RSDNGTmNfWm55bVN4Z3R5czV2eDcwamhwWjByMWNIel9XbU1JdUFMcWFmVy1fb3Q4QXNGY0pzYV9XYWhvRWN2blJadTBFUzRKVHJxd2Jfamx5eUFudk9PbHV6amVRUEJGeXotNldlSU9yT0RCR1lhVXY1Smc?oc=5
2026-08-27 04:13:05,MU,Micron Earnings MU + VIX Elevated - My Top 3 Stocks For Cash Secured Puts (Options With Ryan) Metropolitan Line (6braNlkt3d),Mshale,https://news.google.com/rss/articles/CBMiYEFVX3lxTE5jMnc4ZUlmcE9RTk53OG9NUnZzbDl1ZS03RkVQbXFGbHNnbHp2cVZJakQwVUpWQzlmRlhrTmg2Y1JYOExXQXBWdVFON2NmM2o1ZEtoaUhjOGdCcFdySGZ3Tw?oc=5
2026-08-27 03:57:03,MU,🎬 Jones Beach Air Show 2026 | Thunder Over The Atlantic! Mu Stock (e7gevwSxmC),Mshale,https://news.google.com/rss/articles/CBMiWkFVX3lxTFBwazZKNnJROXBxM1JyZmN0YzBjMmVSQ3lCbmxsSVRCLWo1MHM3enl6N1lTVlloN3U2c0NHZm9HcUY4bFlxRHVua2FQTzRqTVgxYXFrWG02RmMzdw?oc=5
2026-08-27 03:35:20,MU,Micron Technology CEO Sanjay Mehrotra sells $38.7 million in MU shares,Investing.com Australia,https://news.google.com/rss/articles/CBMiyAFBVV95cUxNZUJLUkFxSHVIeV8zZmxQdFduQlZNUllkUEJ4SHdyZnVCQUtkZmlmbThEWjFBeWxpRThFSjJ0dGR3T2RyOFltU3FtcEpCWUVhaGNzS0E0LXI5Ym9TTHVZNFhkWWg2R0tUazhzbnRkLWJuV2ZObFVIem9xS2JESVNtTTl6cWFyM0JxaVVId0lKRFdaMTdEMnd6ZWNJX01OQlQzemJ2UlBGQ3ZjcGpZN2Q5b3NKbU1BS3BCWmxaUkg2dkhJcG9HWU14Ng?oc=5
2026-08-27 02:07:20,MU,I Got Into Hardrock 100! (With 4.4% Odds) Mu Stock Price (GpIRPNq8f6),Mshale,https://news.google.com/rss/articles/CBMiW0FVX3lxTE80bmtNcGlRRzdPdnBSWk40dE13VDM2YU13WWw5elB2TmdiSks5LTZldVZNQUxzZ2JYLVIxSlpBOUt5VHYzcGw0czM1dGdoR3lFbXpHSENHRlkxRDQ?oc=5
2026-08-27 00:47:48,MU,2025 Futures Game Full Game Highlights Mu Stock (O14ELKZUHE),Mshale,https://news.google.com/rss/articles/CBMiW0FVX3lxTFA3VEpFeWEtZE1wcFVTX0UxejktelZGTjB3X0QwMzJqY2oxUWhoYmJaQzIyMmREOF9JTXJXNzlwYkg0bzRhSDgycDhJZFUxWkhxMUgxd0MtYlVkZE0?oc=5
2026-08-27 00:35:31,MU,WHY 12 YEAR OLDS LOOK 25 NOW… Mu Stock (6IKqVfi83L),Mshale,https://news.google.com/rss/articles/CBMiYEFVX3lxTFBOS3RRcEYzV01Oc3FsWVZzN2FVTElVTzNfNi1YbWxhSkU1V3oySEtGYkhJZzNGdXE3R0YyZDB2R0ViRC03VTVnWlZzOXVaZmUyaDE5VWQ4OVNKTUg0b2taeQ?oc=5
2026-08-27 00:32:59,MU,Micron Technology Inc (MU) Shares Surge 0.6% -- What GF Score of 80 Tells Investors,GuruFocus,https://news.google.com/rss/articles/CBMitgFBVV95cUxNQlQzMjhJUjlsYjdwcjcwZTNpb05jdXJFOEpmaHlVWmVxVXFrUDVXYkZSclZUMjF6cy1CRjJHc00yVWNmTnV2ejE4UDdKaUpsZG9fc3BNTkRTcTBla2lCWVB4YWVFYVBmNlA4a1NNQ0tsX0VRVjBMN011ZzRMRWNDSjRMSnJxdHV6UEdrc1Y1R1d5MzVIM1BfNnZ6THVPdFFhdjNST2dvSG1UczJZcklTWDcwdHlqQQ?oc=5
2026-08-26 22:09:42,MU,Schiedsrichter !!!!! Altenstadt Feldkirch -- Fc-Lustenau Mu Stock (M06R1cwr3p),Mshale,https://news.google.com/rss/articles/CBMiYEFVX3lxTE1MOFd5RkJ5eXpvaUNFRjducFdEM2xyaFM3c05FLURjbVJPR3VGUjJ4MFZrNEZmYmlPSEtKSEVIcUxCZVhaZDBwWFhkbkoza0ZscGtuYk9RZ0tRTG5SUXo2YQ?oc=5
2026-08-26 21:57:00,MU,"Prediction: Micron Stock Will Reach $1,300 by the End of 2026",The Motley Fool,https://news.google.com/rss/articles/CBMilwFBVV95cUxPRkNTTUtMYTZkOHdScU1hVXQ5a2lJWnpsaWI4cFBnNEtXTkZvdnBJUS02LTAxdGhUcHY5N183YVNkRy1XQnlUZTVRSHZsRXh6eFZDNnJMaWxjRTNVVlhPRXA4SWNNN3RFdmhKVUhnMTNyQzVQTTh5ZXlJVl84UHFmcVl5TkJqYzhxVUFkQllmcHl2RGt3UXkw?oc=5
2026-08-26 21:34:34,MU,Micron Stock Today August 26 — MU Rises 2.3% as HBM3E Demand Drives Memory Cycle Recovery,The Eastern Herald,https://news.google.com/rss/articles/CBMif0FVX3lxTE8zU2RpZ0dqaVdGN2o4UUVNNTlfbHhwQzhpRHV1S2MyU2VrdzVXdnNBR2lhME1wa002VWZlVV92M3ludGFxR0tzREJHTlAxRDRTUGt6MVFMeFhEUUQ0bThFeEhSLTZ6bmxKcGpDVnNZM21yck51YXUteDFMVG9KTnM?oc=5
2026-08-26 21:17:00,MU,"Prediction: Micron Stock Will Reach $1,300 by the End of 2026",Yahoo Finance,https://news.google.com/rss/articles/CBMinAFBVV95cUxPSzhqM2VtRDRlSGlsaDRvQW1pUDVVLWJmYWhUOGVwUnJDU0RDaUdQb2d1bW1heDNYQWdHM3NEME43Wi04MHdJSTJYV1JaVWdLWjhBZkhraHVmSzlYSXFVVGp0bDZibjNJblJPdzRCaXhBU2FNcHQ2U19DdmViQWVUMFhxUjg5WlYwc29YVS1DOHlKTFl3cWNQYXBCUmc?oc=5
2026-08-26 21:16:14,MU,"MU Stock Rises After-Hours as Nvidia Spending Boosts Micron, but $1,000 Remains Key; New Execs Drive Expansion",FXLeaders,https://news.google.com/rss/articles/CBMi4wFBVV95cUxNR3pOSXFBOG15c1I2bkg2c1FPbE5WUDhYUHFRYXlfdEVKd29Dd3BneEFOQ0tYQ0tyNHVxVEEwSU1BbkxVZDBkMHY5UkVOVDdjQnVESWR3WldFX2RrdzlRSnNUbU50UmdTcHZuNUJSdXdYcEJma3R1TW5DMjkxQndLQy1NanhWaEV5VXFRbmM0NDI4djFDSkRacDZnRGJkc0xmc211a0JSenVpcDdzb1o0ckhPZkwzWndSREJ4S3pkeXpDX093N3duX3d5cmt2YVpiMk92MWVsdHFNN1lxME8xQXZKVQ?oc=5
2026-08-26 21:04:45,MU,Micron Technology to report Q4FY26 results on Sept 30,scanx.trade,https://news.google.com/rss/articles/CBMipwFBVV95cUxPSDcxTTVWaVdYaFpfOTJidmxESm03N0JGLVhYSUFhS0EzNXJxZFhGc3ZwdS1YQzZDOEhzQlVpRk8wWGZvajdzaWxqQ2FYbDljOVFEMWplMWtFbDZFdEZoTTF5OU9UcEstTU9uYjJJeTJvU3RTMlc5UWFvZG1aUXUwSW9Ndmx5NGtjRFBIZWt0WjVhTUtqbUhiTGowaFB5TDJFYmljRUF6WQ?oc=5
2026-08-26 20:16:26,MU,Jim Cramer Is Bullish on Micron (MU) as AI Fuels Memory Demand,Yahoo Finance,https://news.google.com/rss/articles/CBMimAFBVV95cUxOcnJmY2lRUGYwdk9NZVppWVFJOEtQQ3hLampodWRBaEVaZURmSzRlSDFoVjFGWWZMZEdPTFZuWlRiLU84dTJwcFpRWi1oVzdiTmstenBzelpqdmdrcW1yQndQR3B4VWNGSGdvTFFGMWsxX2U1SUdzcU00aklLaVlXNWxTT2dpLWk1S2pLQ3ZDd090aHRJRUljeQ?oc=5
2026-08-26 20:03:39,MU,Micron sets Sept. 30 date for its next quarterly earnings call,Stock Titan,https://news.google.com/rss/articles/CBMiswFBVV95cUxPOVVzTkhjVzRzeGZPS1daOEx0WmJHLVpWMm5pTFJHZzNsSGV4VlhjbDlpcVBrSG1pREZJT3hhX1FzSlJqa0IwaVJDbzhueXFzOXE5MVNaWnRfSnBPbG51Vk1WRFh5alAyX3NGTFJuUEI4bDVjMVkwTE9LZ3NVbklJOVFoWjQ2SXdmS1FzdVZxOXVsdTJxQkxPdHZuRFlkRWg2YWtsSGRKZTZtV3NxTFlhYjltRQ?oc=5
2026-08-26 19:42:19,MU,The AIRBUS A380 Was ADDED! Flight World Update Mu Stock Price (skFIWexFyx),Mshale,https://news.google.com/rss/articles/CBMiWkFVX3lxTE9iYW0wVlEyWFJhUVZjREt3dlZYZ2JuWjAxREthRnVtT19Jckx4bjZvWFN3RTBidDZLeEJCZld2NjhsbjVuTmp0N2dlcUdhdHl5SmU2alNhajJJUQ?oc=5
2026-08-26 19:18:51,MU,MU Stock Alert: What to Know as Micron Appoints New Executives,Barchart.com,https://news.google.com/rss/articles/CBMiqAFBVV95cUxNQnNVMUgzMG5US0kzTUZ2OG9fRmlYQXlOYWYwTW95Tjl4d1A0cllCaXo1bExaT1NwZVlkSmI3OFBvZFZMLUFubU13WmJOSjJOMHlQM3J1WXBtMi02cDdSRVM1QWN2R2o2ck5vbGJ0Z1d6OVpZaGNBUTc2ZXZlMkt3OVo4bDY2NndETmYwR0poQ2RUVzVJT0gyTklObW55bWYwa0FJdkRYMDI?oc=5
2026-08-26 19:18:51,MU,MU Stock Alert: What to Know as Micron Appoints New Executives,inkl,https://news.google.com/rss/articles/CBMikAFBVV95cUxQaUtjMkhRUUZxSUFEeHhzT2dkXzFfdlZFQ3BXQWlyR2xqcWFNLTNRWHc4UDlncUZNOGh2SWdpZWJvZWd0ek5QaUhJTF9ZRE5fS09NdTVfcFBwTGN5X2JsaEhxbWk1MWlUQVJrVVNFd1p1cGV6XzNFTkplRFhpUE5DZFV0QlZPNkJsRDNjT1N2WTI?oc=5
2026-08-26 18:31:22,MU,"3 Growth Stocks to Buy as Treasury Yields Fall: MU, STX & VLO",Zacks Investment Research,https://news.google.com/rss/articles/CBMinwFBVV95cUxQUmtBSGp1ZV9ZQS1lYnBPZ2NfcWtLNlFtYXFXZjhPbHpTTG9jMWxrMTk4UHBrbldhWFBjeVpLZHNQbi1RaEdpaC1Wd0ZobFFHUWlzTkVHeWZCVDFMS3RDb0Z6VElVT2NCbTZfX3I5b29iVDdxV1pqUmVYR19vQUhrV2ZOTzc5anZEVzNOempXVnVFZHNUMzhCMGtJcFhvMGs?oc=5
2026-08-26 17:50:00,MU,How China’s 2023 Micron Ban Became a Blessing in Disguise for the Stock,Barron's,https://news.google.com/rss/articles/CBMiiwFBVV95cUxQbzhZMWxNTFI5V01YanMxaDU3aDBsYkZkRnFlVy1PSWZ0ZUpsUEdSOWtBNEtYcWdPOENZQlhyZlRiZGJ3ZzNmbTRDNkEzaVFLYVJ0WUY2eHhzeFJZbVEycmgtNm9BVC14SVlRNXRfM1NoVmdWMHZ2d1hNdU9UWVBGMHBwVEx0UVZENlgw?oc=5
2026-08-26 17:18:00,MU,How China’s 2023 Micron Ban Became a Blessing in Disguise for the Stock,Barron's,https://news.google.com/rss/articles/CBMiqAFBVV95cUxQdkdKaGwxWXliRFB5MEpjVlhCeXZyYkZOOGxPTFJwRHNBdDVFMkNEN002X0NsblFIenJqcDFJdV9nQ3l2bndUWC1lY01lNkFpTlAtMU9mQXF3SXlOSXBJU01hbEp3enZtcFQzemlKNkZyZGdUVTFFc3FGQUxLNWRIaXFLLTRVem9SUnplSlVFSHVxb0I4MHdNWmFVTzJhSEhQMWN6UEZ1aVY?oc=5
2026-08-26 16:19:00,MU,Micron Technology Has Fantastic News for Memory Stock Investors,The Motley Fool,https://news.google.com/rss/articles/CBMimAFBVV95cUxQdnVWSkdxbE0yX2VUNzUwNjR5eEhPTVQyX0JIeUlmeWxqcDh6bkFnSWxVNEZZME00ZF9KeFdiY1g0QVZEZWU1V1ltRklHS285dVREb2RReU9OekdvcU5sc0E1cVh3Z2NReHJhc0NDUUY3UTZpSmVMWUhmdDJDbkkxTzNjNXE2dlR1aWJBWC1zQXlqbTBGX1Nucg?oc=5
2026-08-26 15:35:18,MU,"Micron Stock Forecast: 2027 HBM Contract Prices May Rise 140%, Memory to Account for 68% of CSP Capex, Stock Could Reach $1,000",TradingKey,https://news.google.com/rss/articles/CBMixgFBVV95cUxOSlFKU1ExVTB3TXpuTkRhVTJzYV9mZUt1a1N6OUVhWGtFNFpHVFFJb3B2ck5SeFRkZ2ZGaUZMd2F4LW1qb0tGd2l3a1RmUDBXRGFFc2tVQkxMc1U2Qjk1NjRnSkw2WEM4cHZvWG13OElzblFaLVFYSjFJR0NfRnZGWk81RTUzcEg2WkZhNl9pSmJPZWhTZXppMXVjdEdzc3RHZzZUY2Q3OGVGNmNkUjZWeDVxZ0FkcVNSTG5hZmpFWTg0b1ExN0E?oc=5
2026-08-26 14:48:27,MU,San Francisco 49ers Vs. Las Vegas Raiders Showdown!!! Mu Stock (Tnza2snWun),Mshale,https://news.google.com/rss/articles/CBMiYEFVX3lxTE5ndWFjU2doSExwN0t2NDhCZnY4ejVyS0Y1bFZLRU5uVnlKX0todmhSMHdjN18yUWZoSlNWNVpqenM2blZSRFBMVngxNDYtMjkzLXFaSmtwZDRwYTBmcHpzUA?oc=5
2026-08-26 14:34:16,MU,The Cancer Vaccine Era Has Arrived | Dr. Elizabeth Jaffee Mu Stock (O0dG7g3M9A),Mshale,https://news.google.com/rss/articles/CBMiW0FVX3lxTFBvUENQYVJJZ3U0bzVWZmoyOXg3UmhqZTc4OFMzeVV3b201cUJrRTdSbkhzTGFLcTc1TGtlOUlHSU5INDZib2FuRVBtVHlkYVVRMm9IeURFYVI2UHM?oc=5
2026-08-26 13:49:00,MU,Micron Stock Faces Big Threat From China’s YMTC. Why SK Hynix Could Be Hit Harder.,Barron's,https://news.google.com/rss/articles/CBMif0FVX3lxTE1PR0hrMXZEdkZRc0J6eUw1VEpMc0hoM2Z5S2VqUjgwZDdRQ0RQZlNmbXIwT1ZzMEtkbGY1SDJLZlRHQk1sRThMbEJOVjA4Y0cwWjVCNEJiVFZlbktCdUlWQXVqOWpmaG5ZeVV5XzFxSHlkaEUxaTkxdFFUa0lva1U?oc=5
2026-08-26 13:45:17,MU,MMJ Entry For AP Awards Mu Stock (vigQXki0gQ),Mshale,https://news.google.com/rss/articles/CBMiW0FVX3lxTE12QTNuYnp3S2RpZWhSRmRDNjF6eHl6Q2JLZGV0Ymk4bUJTOVB6WFlobW9POU5uNGpNQkxraTRFTGp3RWk3RFpNVTZwRkhZOFdMR2tFUC1nWnhXeVk?oc=5
2026-08-26 13:30:04,MU,"Micron Executive Reshuffle: Manish Bhatia Named COO, Scott DeBoer Named CTPO — Is It Bullish or Bearish for the Stock?",TradingKey,https://news.google.com/rss/articles/CBMiyAFBVV95cUxObnlQN1VqV0txbWR2LUozQmlhcTRyOThHV2szbEJ1eVNJZTl3eXpwbkVRdS1ZbXJZVENXX004dlpCZDl0Rzh2WTRfU1hwbUpLVDBhcUYwUm8zYXNXQ2FHZkJGSEVEbHRpMGszRjh5WjZaTkJEbC1aTmR3SFlVVXgxZGktSlplM1R4WUhwNXFCRkRHei1sOENZeVBxRHBTU09KZWhiNl85UmVmaWxwb05CQWM5T0lEelZoZ0EzR0xhSU9HTHNXOXJscQ?oc=5
2026-08-26 13:20:49,MU,THIS WILL MAKE ME A MULTI-MILLIONAIRE!! Mu Stock Price (HUF3R9u6pa),Mshale,https://news.google.com/rss/articles/CBMiYEFVX3lxTE12RjgtYWlCU2czeTgtMHUxUWpFeHF6ejh5N2JEcUVETFhxZVlra1RWZDVNT21odTZHRl9aelMxRU9xUmpRVjVHM2dYd3VFOXctYWdfTllNTDdSVXZxRFlzWA?oc=5
2026-08-26 13:17:19,MU,BUY FRIDAY?! ARM STOCK! AMD STOCK! NVIDIA! MU! TESLA! ORCL! HOOD! GOLD! SMCI! MORE! Jose Hernandez (doEZhDnM3S),Mshale,https://news.google.com/rss/articles/CBMiYEFVX3lxTFA0UDk0YXBrMmxwRlNpZGRZYkFfWVJpMGNGaGJ4R2piNENUUF81dDNlN29PYlZCUXQxT19nWTFnVFQ5dDl4NjNqX1c4MlE5NVdsbU9acVJ2OVhyc0ZEME9yQg?oc=5
2026-08-26 13:15:55,MU,AMD Micron And Sandisk Just Got Massive News ($MU $SNDK $AMD Stock) Amazon Prime Video (omott9B3Yi),Mshale,https://news.google.com/rss/articles/CBMiW0FVX3lxTE1FbFBsaTN2WUwtXzlQYWJXZnBpQndCUm50ZFN5bkRrY3FiQm03YXc1cFY1NVFGNDV1Yl9WV0l0dndJYUx2YzQwNG92ekFkMlhsOXBiMmNNVHkzMlU?oc=5
2026-08-26 13:15:13,MU,Stock Market Analysis | MU / SNDK / SK Hynix / NVDA / AMD / ARM / AVGO / INTC / STX / TSM Sting (zAgfk5ZdSz),Mshale,https://news.google.com/rss/articles/CBMiYEFVX3lxTE43SUNrOVhjQ0VxSGVmWTJMYkI4eEkwUVBKQnRBdTVlMGdQVUluN1ZfQ185anVRUFZIZmxpZGJORWpHb25Sb29melpaaFZsSHJzREJWaE5NOFhlRWNvV2VFcg?oc=5
2026-08-26 12:56:27,MU,The Options Market Says Micron Stock Can Halve Or Double From Here,Trefis,https://news.google.com/rss/articles/CBMitwFBVV95cUxOZ1ZTVE9RTDduTkgyNmxBdE02UGJCZUNUYlNUcjlLZkxSQ2JQdy1DV3cyLXhZYzJLOW5vQlkyc19oQTRrRVlTM0kwQ0YwaURJVTZoVW1yZDd5NEh6TjVjM1FHZ0pfU2YwZnlVMl9qa2NrcGp2VVJkUnRzaXBQREhtOS1aN0MzTGdaZG1PZDBCWFJaMjlJVEMyMHhTcUVhaWFmbF9IelBqTHVxMTRzTFU4Q3JER1VGcEE?oc=5
2026-08-26 12:24:46,MU,"AI Stock Picks Today: AMD, NVDA, MU Trade Ideas for August 26",StartupHub.ai,https://news.google.com/rss/articles/CBMijgFBVV95cUxPcE9NVnhVZU1GSm03UjItdjNfZUhDLWZncUdxU0RMTkR6VWMzaDMzaVJUdDJTSFFqc3QxRVI1SHh2WkJILTFDSk8wUW1fU28ycjBoY0E5d24xRjJLZUN0RnJlUDJ0VVlPMy1GTVU1bG5zYW5SRGxITThYZ2puTTN5NjluU2FiM0xrRm9nZkxn?oc=5
2026-08-26 12:00:00,MU,Micron names two presidents as AI drives demand for higher-performance memory,Stock Titan,https://news.google.com/rss/articles/CBMiugFBVV95cUxNYWJ5d2p6bzhpMnRYMUVVMnBZRm9TNGliWUlYbGl6VzI4cFNjNTNoZ1pXSmgtMGw2YlhQaVFkUHFNZFA1T2tVREhiOFhqQlNOTU9VQ01FajFlY2tWcHZmNW5XSGFNSVlaWE5Tck5lOXp1dUcwUVhQMFdMc09kckNZQ25DNXpJQU5Ebjg3RFlMLVEzcURLeHFTMnN2bnVkLUY5LVJZVWRET3BTc3hYblVVN0xxSWVzaHJlRWc?oc=5
2026-08-26 10:59:40,MU,What's Going On With Micron Technology Stock Tuesday?,Sahm,https://news.google.com/rss/articles/CBMipgFBVV95cUxNRkdYd1cyMWMwZ3BCT1JGWmd0SEdoUWhjNUVBNTJPZWFHalYzZEdBeUs5UnF0amhtMklvZC0wcmVnRWxkZ3BtTENYWGt6UXhhUm0wb1VGSk5IVW1BN3lqZDVhS0trME1qb0I2bG05RVUyUWJWOWNkc19PcmVscmQtdjdZXzRUek1zSGxpSkU3clJWcmtlbldoc0UxNjc1dzlrTzdEdDln?oc=5
2026-08-26 10:51:09,MU,Just How Far Could Micron Stock Swing From Here?,Trefis,https://news.google.com/rss/articles/CBMitwFBVV95cUxPMXZaZnM3OHRNNjFtZmFzbG5rMDdINTBjVjlleHo2VVUwV01sSHlESzlYLWlDYk43VEMzZGd4TEhvTmh4eDQ4NmxvaGhXc2hUVGIwRnRaZkdidm1pV0pwRi1FVWJpc0Frd29WMnJ1a1NzX3BtWVI2dU1yRDU0NUl6Tml3bkRQaFFLMXplOGFiU0pDZ0VGV2psVEh2TTVaLUtlSnAxemRSZXRiLXNuSjZiVEN6aTRWNkU?oc=5
2026-08-26 10:34:16,MU,$Micron Technology (MU.US)$,Moomoo,https://news.google.com/rss/articles/CBMigwFBVV95cUxQeWZzM3ltVGN6NlR6U3cxWnJ1TDVwTXZTOV9iTUl4VlNHZGRTMm03Q2xSUmlYMXlwTEFwVkk5WEk5MGQxNURQZGFPOEtoRUZtZGNVTEFnVUhzUHVKZHlDSW9waGxkcGpmbV9FR3BvOXFlMnBJQ3BIZDFSYTB3S1ZXY29Xaw?oc=5
2026-08-26 09:56:05,MU,Anthony Joshua Motivation Mu Stock (MeJBIHPhM1),Mshale,https://news.google.com/rss/articles/CBMiW0FVX3lxTE1CNW9oTWZQMzI2ajI3eXFJaFJMX0k2RnRuZXRJN3NLdXNiakdTdWd1SW5ZcFJHZEExcXNHQkNXSFhOWkVsOVFaTWxjUDRzbklGUjVFT0tMdjlSX2c?oc=5
2026-08-26 09:06:30,MU,"MU, SNDK See August Rebound, But China Risks Loom: After CXMT, Flash Memory Maker YMTC Prepares For Massive IPO",Stocktwits,https://news.google.com/rss/articles/CBMigAJBVV95cUxPRXB2OVM2LUlyZlllNmppaVVONDlBT1cwdnRzMTFEaFo5T25NMjBIUjkteVRjVFlhbFRvbFVHV0VncHZfdVhKYkMySE80UFhHcW1QLXY0NlQ4QkhwdjlUQWhIN0pYSzd3YzZhSnpQZFlLTnM1b18zdmMxVEhidG9oSFJGSlNtX3Y1ZlJ4VnJ3UTAxT3hzdGtldnB4aEQyRFF2amR3Y2ZEMXdQaHRPa3VzQjJKRFdSSmdmNFZoZk1fd3BmVlNZRlJXblIwdHh5MXY5TDFHdFNiOHRoaXF1TWYwNTI3QXhIQU5ON2h6OHk0WEpZNU5yS1ROUWpJWjBQeTNG?oc=5
2026-08-26 08:31:29,MU,Micron Stock Analysis: Bullish Trend Meets Short-Term Consolidation,The Cryptonomist,https://news.google.com/rss/articles/CBMiqAFBVV95cUxNbkFhS19OTVVJTEpnSUxmT2FhNWprSm00ZV9JN2stM0ZERUNfNTBVSzkycFFlREsxMnNSZGx1MjE4VjVXdVZwTWRTbTY5SEZ1TG43amNqUmhBT2FpbUZCZ0dWeHJKS19Uajg1TWpTVXo5LXVWZ2wxLW90Q0ZYc0lpN0JWXzVjcFRzNlQweDBrSFlkdzE0ZmhJVklFNGJueS1qZTJ6a1BxWHE?oc=5
2026-08-26 08:16:38,MU,"One Month Stock Movers: Micron, Sandisk, Oracle, SpaceX, Bloom Energy And Toast Carter Hart (WvkpgEPh09)",Mshale,https://news.google.com/rss/articles/CBMiYEFVX3lxTFBnZmxZWHRkYVoxUU5vemJWWGQtNFRIRHlldVd1SEozdzg1NDVXZExwdTY2LXMxUkFLcElXVXg2Tk5RTTVBU2V1c0ZKeEV6UkVuZ2trbmFRS2VzcDJZVWh0bQ?oc=5
2026-08-26 07:57:07,MU,HEY MAN!!! Air Conditioning Repair Mu Stock (TIYDVTWbh7),Mshale,https://news.google.com/rss/articles/CBMiW0FVX3lxTE01ZmtBSFozQmk0eEJONThVWjh0M1cza24zUVprSkFscjd6ajhIR3pickIzWUJHdE1FTFlhWGhaUHhOZVhmblhfWVhBMHFCaVZTeVFYdG92T05JRzQ?oc=5
2026-08-26 07:02:48,MU,Micron Technology stock holds high after CEO share sale and record Q3 numbers,Ad-hoc-news.de,https://news.google.com/rss/articles/CBMizAFBVV95cUxPZzdmVjg3U01aWTBCWmMyZWVLT2hUMjAzRjZNekc1QWs5VW16cThGQWFKcFVWQmJFTFdpVHpBcDBNR3VvVTJNcFV0ek5TVWoxVGltYkZuYzZQMGRhZ3dUSEo1ajFaQU9nVTllcmpfbWN1d0wxZk1LTnExdU4tazBOMHdhX2lkRlpDaEJXT3ZLVnRnem05UEZiSzVwbGVQVi1ncXVxZEFYU19fSTRUdTZVQ2gtQlJTeTdmREVxRC02WTk3dUpKaDlQcjc5TEs?oc=5
2026-08-26 06:20:15,MU,"Micron CEO Trims Stake Again, Selling 40,000 Shares to Cash Out Nearly $40 Million: Has the Stock Peaked?",TradingKey,https://news.google.com/rss/articles/CBMitAFBVV95cUxOMXl0eFBub2s5MDZ3WF9EVEpfNzMyVXhENmY4NDBDR1Bla21uQnoxdF9BRVY4WDlfTGVYMXRLQkFlTXU1cnZnLTloOFJXcF9PcldBaE9TdjNnSy04TzJRY1NIbjRJeEFkWmNVV3FReUY2aHduZU9pT05BWk1TbVZZUkFWTmZZMnA1N0d4N3lLM3RfT2g5dC1XRmpJWVJrd0hKYUZ1cjBtYlNteWczVGJDRFJBWDY?oc=5
2026-08-26 06:19:38,MU,"Micron (MU) Stock Looks Cheap, But Not Like A Clear Bargain",Yahoo Finance,https://news.google.com/rss/articles/CBMilwFBVV95cUxPbDdnck96cEdqSHF1eHA4RzRLYXBUb2hhQzZXZEpNTFdiSzNNZ3NLdW1uRXRSWmM4cWxJYlgtV1djRDFjTWttQUlYRXFIY1V4N3pHckxPLVFuQXIwbGllQTdfdXN2VS1rSlRNdjhmNmVrZnJlaVBhZl85Ny1DY1MzZWdJNktVempEWjJ4UG45eDZsbzJlbkVz?oc=5
2026-08-26 05:51:21,MU,MU 260824 665.00C (MU260824C665000) Stock Options Chain | Quotes & News,Moomoo,https://news.google.com/rss/articles/CBMiXkFVX3lxTE1Uc3NTZnlNc25RM1c4TFc3bkxxRUhjZThhNUxWc0c1QXlROTg3T3RJZHBwOXpYekx2bmFBMndYX1JNekUxVmVNY2oxWXlWd1FQSHdsYnVKNVRUemFjRmc?oc=5
2026-08-26 04:41:39,MU,"Semiconductor Rout Plunges KOSPI 7.9% To 7,648; KOSDAQ Down 6.7% Mu Stock (d3vDY6p9EF)",Mshale,https://news.google.com/rss/articles/CBMiYEFVX3lxTE02cGFFcEJBcEx1U3FYRW9LSXNGZGxvaVZzeE16SDZPV3dqMmZCSE0wZktKTWVRSFhfNDhTX01iemtjMjFxTDc5UlpaQkcwaGt4cXVReXgtR2ZCWnFYR2phcw?oc=5
2026-08-26 03:54:19,MU,Margaret Cho - Mom Thinks I'm Gay Mu Stock Price (CBWuLUWzq7),Mshale,https://news.google.com/rss/articles/CBMiYEFVX3lxTE1tbUh3eVhoMW1ZSThBWG5QVDZDU2FKOVBYS0p2eXJuUWo4LUlrTlc3bDFUN2lsaVVaM1doTnBpaDhBRWdyTkI0Y0Q4aFVyS25OcmdsaHVPejE3UlhuMTd2Mg?oc=5
2026-08-26 01:36:59,MU,"Alex Molčan, PSO 2021 Mu Stock (77jxZDnGIV)",Mshale,https://news.google.com/rss/articles/CBMiW0FVX3lxTE5iZHd3bmhzMG5HTUdqUjM0N2xnbk1xcGxHWkpKMzRCYXJxNHhFSk8ydzRZVVd2bGhqWWpwak1BVGhoZXJLLWtSRmVWZFY1VmQ0VWo0N1NiaEkxNHc?oc=5
2026-08-26 00:31:08,MU,Micron Technology CEO Sanjay Mehrotra sells $38.7 million in MU shares By Investing.com,Investing.com South Africa,https://news.google.com/rss/articles/CBMiyAFBVV95cUxNSHB3NGhRTU1IU3hua2NSaGFONTliREpfVFJGZUlKcnh0bnZRYXNWcU45N0o4MlJleml2VWpkZGhYNmFBTjhfc3lrcldjQjh5Q2VzM0RHZ3lCa3dSRTl0Rm8wZEtERmo0d3o3NjZ2TEVpN19WbzdLQU1yUlZuWGJrbDRZdFJtZU4tb3B4MEEwYmJBSUU4QnZZVEZDMGg2dEFNRGczaHlsVC1MazI3b3o1VGZFYnBkRnpuUHd3cEU0T05Dd3c3VXpKcg?oc=5
2026-08-25 23:48:30,MU,BUY HEAVY MONDAY! AMD STOCK! SMCI STOCK! TESLA STOCK! GOLD! ARM! MU! CEG! MSFT! HIMS! PLTR! SOFI! German Vargas Lleras (j9g9E1YPNk),Mshale,https://news.google.com/rss/articles/CBMiYEFVX3lxTFB4V0FQMnFtRzVxeGdLUnJxUHJka0QzUDUxT00yVFd6U3QycmMtY2pSTzBlWGYtcWdCWTlUNm4zWC1CWE9FUE02emxHRFpnaEg0MHRHa3g5cFo4dGhrMF96UA?oc=5
2026-08-25 23:08:46,MU,Micron Technology (MU) CEO sells stock under pre-set trading plan,Stock Titan,https://news.google.com/rss/articles/CBMiswFBVV95cUxQelVSXzZHaVF3UXJJZnVCSEt3QUpKeVBzaDR0b2tOMVVKMGVrSFBmZEI2RUlzUFZPNUMzMV9FdEdyYS04M05iRkVjVjd5MHk4YnNVdTdsVmlhb3c2eGRYV2g0WFE2Z1VzZjVPWEdFVC1vaWxsWFUtRGpaeFdnWkFZWnlDSnQyMDlWbEM0ejhzTHF5dWYyYVAtZTh0ZEktRk5XbHp3a0tLV3hvVGdXUDNwdmxaVQ?oc=5
2026-08-25 22:23:22,MU,Can You Stomach The Plunge In Micron Stock?,Trefis,https://news.google.com/rss/articles/CBMipgFBVV95cUxPV2NnNWJYUjFlbk5lLWhoWWo0cElUZ0tEOXFibmprWHdMdnZINm1qUmltUVNUS04tTEg5NUppZG92RlpyRE9Nck9jUS1hSDdiQTR0aXcwNEhYS0Q2R0pRMXRjZ21BaTNHRm4zQ292akZnMWRQekdobEhYLUU3alVNMzdMVEtCQ09aRm5fbndyQ2NRdHpnMmsybzJXT0c5blpwcXdEb3Nn?oc=5
2026-08-25 21:34:04,MU,The Quick Guide To Baseball Pitch Grips Mu Stock Price (EKbR3glaOs),Mshale,https://news.google.com/rss/articles/CBMiW0FVX3lxTE5hckF5VWFhUnU2ZnFmREZUeElHQ1RTbXpDYS1SamtnV2FRcm90eXNEdVR5bEFFRC1CemRpM2poazhhNmJacnZ2ZzVyQkZORzNSS0VORENWZkQyRUk?oc=5
2026-08-25 21:32:44,MU,Should You Buy MU Stock After The 17% Selloff? Rayo – Girona (Pa8SScTXfa),Mshale,https://news.google.com/rss/articles/CBMiYEFVX3lxTFBaM1V3ZV90Y2VSQW9ZUkowUUt6Ni1yT3lMRnpVTnJ4RGxaeHNYZVBzYXV3eVc2SkNfYkJMeldUNzJsQ2M1NWRySzI3aEx6MFpIWnNWanRLMV8zeXZTcWM2Uw?oc=5
2026-08-25 21:11:30,MU,Prediction: Micron Stock Could Go Parabolic After Aug. 26,AOL.com,https://news.google.com/rss/articles/CBMiiwFBVV95cUxNVGctZzNpMTk3QURKUDEwUEtHdDNLc3VQT2oyYkhraEcyai1QX0Nfd3dRVUdDcUFPRDIyWjN4dUJHbzVCeFRuVGhVanNZbkhRVTVGUFlZOWd3U1d5eWltM3dEZi1BVllRUF9WTjJjMlh0MW0wYndjbGNqUVZibVdVSVAzbVNGSDN6LWxn?oc=5
2026-08-25 21:05:00,MU,Sandisk vs. Micron: Which Memory Stock Has the Best Risk/Reward?,The Globe and Mail,https://news.google.com/rss/articles/CBMi3wFBVV95cUxPOWtGS1J2LW96d01Ueng4ZG1SLXZmeUliaU5zWHdwamlWX2xhWU5GelNmSHZMM1UzVFhfc25WbWFrMjBfNERITlh3Q0xLN0psODlldnlMVWp6XzBkU3Z1TllDSi1Rb3g2c3U0VjQ4SUx1d256TjljOGFPbmE2aTkybXVnSEV3U2x5UFJHNF9MdkozM09mNEwxdUlodVhyUE1ZYlJ2Wm1zVXA4ZUdUMjhIanBpR2Zxc0NvaWN6WVBDVG5iMWdld3ZzTFZNUzV0MkFGVXUxY3pLNjVzWWNIb0tZ?oc=5
2026-08-25 19:58:30,MU,Micron Rebounds 1.4% as $25 Billion Cash Engine Defies Memory Panic,TradingView,https://news.google.com/rss/articles/CBMiwwFBVV95cUxOemxuVGNGekRJVjRPRE9jbld6V0lEbE4xb0dNdHlHS2hsYXRja3I0cDZaR2Q5d0x1aEJ4M282UUdwVmQxeGw2SHU0UVZoLXRaeFhubzh0b29vaWxUWXo5aExfWGNVcDJIVGZoNTBzdlB5eFJZOEloRF8zQ3A3S3lEbW9IdE1yMW1pMUlpeDdMQVhOVnI3aGpOZ0hNN0t0dTkzOVpNUUxIV3N1Q0FjeS1faFYzcWVKVFJ3Qzl0UzBYUVh5QVE?oc=5
2026-08-25 19:33:00,MU,Finance giant sets aggressive Micron stock target after earnings,thestreet.com,https://news.google.com/rss/articles/CBMilAFBVV95cUxNV05JLTBuQjFTNWJ0blBKb1ZOVEhUZlBoQ0kyVHIxU0NYeHpBTlkyRGJ5ZjV0Q2h5TGRpdXhEU2pNVFNKQTAxX0luRDNNOWJJM2hCM09GZm9VVlhDdFBhUndVcm1qeVB6Slp5Y3hZdUxyMUlURkFoMThScl8walc4dXFfX2pjdi1HbXJ3M2Z6eDJGQzRr?oc=5
2026-08-25 18:31:00,MU,Micron’s Long-Term Contracts Cap Memory-Boom Upside,Barron's,https://news.google.com/rss/articles/CBMiigFBVV95cUxQNU9kSDZUVkVUdmpLRVRxZkdSRldQZW04Mm53QlJ0aHFuNnYxT3pwLXlRRHp6QUZPU0k0MWowQ3dzdVZIN29zR3dockdFZzdxMG1NY3pJWERyMFc2X2xUYXhUVWlfYVFyRGRhOVFvYnV0bG91dVJFbFVTRE1rS3RnbU5SM2FJSF8tTGc?oc=5
2026-08-25 17:33:00,MU,Micron Technology Stock (MU) Opinions on Q3 Earnings and AI Demand Strength,Quiver Quantitative,https://news.google.com/rss/articles/CBMisgFBVV95cUxQQXp2b2YxTWxvTTh0eTNXWnB1TllOUmgtN3h6SDJXRXRFbVkzeWlac0VZaF9rUWx2YTZ0WjFDRUVBczVaTi1MN09waTBoOVkxYlNoRVpndWRsYWduNlIxdmNodnVNdlJDb2txMnFpTUdiYWFWUlVfeTJuZUpPMnVxNzhxSi1CdWxTZW9ISHZmTnhZUzZUdG8xOTZxRGU5aDZxT1lMeHAzNGtDOHBZSDJ0VFp3?oc=5
2026-08-25 17:01:57,MU,Nvidia Stock Flush | AMD Stock | SMCI Stock | ARM Stock | MU Stock | SPY & QQQ Kharg (mWLxYUxJp9),Mshale,https://news.google.com/rss/articles/CBMiYEFVX3lxTE9TSjcza3BzZDVjd3N6aFN6ZGxYTXlQdGJDT0luNnVuOHktZXBpUXVLektOOXM3U2hUZzNpSU9kbmVTck5RcWFOOWdNTnphQWZlOXp1UlpteDJpYXc4dlJRZw?oc=5
2026-08-25 14:32:12,MU,$Micron Technology (MU.US)$ one more. up up up,Moomoo,https://news.google.com/rss/articles/CBMimwFBVV95cUxQbTAtRFdmUVh3ZjdBUWpfVzFTUXBDU1lHR3Jmbm9fZjlfN1BRUjhTOV9GVW5pOXRZQmJQSHBwaEhfRE5lclotZk4telR4WVdVV282Z1hPYWxfYlNvZGQ5R3NfSktwemtyVUlJUXVBZnA3ZnYwNkNjR2dPQlpJb0thUGFpT1JEUkg5YWhyel9SQVY5QWt6S3FleHZPcw?oc=5
2026-08-25 13:00:00,MU,Is It Too Late to Buy Micron Stock After Its 981% Surge?,The Motley Fool,https://news.google.com/rss/articles/CBMingFBVV95cUxOSDFyTHM4SzBCUWhJeG1jZ0VsS0tRbjU0S1dfaW9WZGhLX0hxNFVEME1oZ1gxNWtReVlhclE4QUxPT0ZPSWVzeHh0UDhzY0VaSzQ0bV9kZ2dmVGRPMG1DVHh6R0t3d012NUxqYW1kbFdVYVNEX2FxNXVJaFRRc3phSTU5bHBYOU56NlZMQ1prN0Exd0FuNFVjQXhFcHhzQQ?oc=5
2026-08-25 12:53:05,MU,Micron (MU) Stock Still Looks Cheap As Its Three Year Run Nears 13x,simplywall.st,https://news.google.com/rss/articles/CBMi1wFBVV95cUxQZFhnZnotdDhBRms4bDc0OUYwQVRaQlVCLWhQUnRZbm1pejdPOXFmV1F2Q0tEd1JvTkpBODlmMjM3Z0Y1UE1xaTBZa2t3bS1rYlZ3WUpBajUzOUpwcmFmbXI2eEZNRmd2VDBpaElwSjIzTGpBazBJUjhMRFRUMEFOMVlVS1JzcmtqcDc5MWtWN3g5VlE2QTNOX0Yxc3hqQjJwbXdQbHZFV2lFNGlQNFVyYlJWdnFrT3FfZ0FHREdEQzVkM21QdnN6ZnFPSmpiUGFZSV9hclhKMNIB3AFBVV95cUxQRGdXLTVSZzJNRi1ITGEwenRvR3FwSlEzVENMakNrY0I5V0t5Yk9sY0llQ1hUSWFkRlBDRWE0M1g1dFN4eEVwMWkySzVtZ3lGOHk4TmROMm8xazJ5VVZPUWFnRkZCZHhmaVlmMHFZQXh1R0tpd2JGb1Z0dU1NMlNRS1h2UE56RjFTcXo2Y1BfYXM1SmFnVHhzd1RsOWJJaUdaN2RLMDQzZVVXWVVWQ3o4X3QxQmxwQ0M1c0NnVG1JWXRjdDFIRUxoWnJmV2w5WGhaSVNiWTdRdDVHV0NL?oc=5
2026-08-25 12:32:00,MU,Micron Stock Draws Aggressive AI Supercycle Targets From Wall Street,timothysykes.com,https://news.google.com/rss/articles/CBMigAFBVV95cUxPcWg5OW1LeFlxM09Fd2JjQXp0YU1LZTJOLTB4S0Iyc3BSRjl2WTFPMFVSdl9sZ1hYbVZfMTM5MEd2b0dqamdmMHJYbXVoY2VYZXdOY2h5VjAwWnBNQkNMdlBwcXVON3FmNU9RZjhEbXFGcHFpT0lxLUV1OWlMOW1HYw?oc=5
2026-08-25 12:20:01,MU,Is It Too Late to Buy Micron Stock After Its 981% Surge?,Currently.com,https://news.google.com/rss/articles/CBMigAFBVV95cUxQbDNSZ3h4dFFrMUZ0LU5UaTNwWjRCLWtpTHN0Wm8tX045ZGdNOVVyV3VYb1dvN0lrZVZVUEU5aFlhbWJTclIyallBVldzNm90V1U4ZkNiR255ZWR0QkFsZXlTaTFra2NLdDNKM2E4THRyOVBGT0ZuSUxfam5rU3NYNQ?oc=5
2026-08-25 11:39:33,MU,What's Going On With Micron Technology Stock Monday?,Sahm,https://news.google.com/rss/articles/CBMipAFBVV95cUxNOG5Vcy1HeEJER1VNUGNtOW0zSDVtYS1qZklkZjVSSEZQeWV2XzFDSXROZGU2RXBwSHlXRmJ0dkpmczNRMDZDVTI3YmtRRHlHUzdaa3huTkhfSXc0dTY3SHQtbmQ3T2VWbFRlTG1QT1lKR2hyU3NoaU9yT0ZqV1VuN2lwcHhHcTVjVXlIMzNrdGxoSVdhQ3luTjM5QkoyZFE1cndRXw?oc=5
2026-08-25 11:24:20,MU,What's Going On With Micron Technology Stock Tuesday? - Micron Technology (NASDAQ:MU),Benzinga,https://news.google.com/rss/articles/CBMiqgFBVV95cUxNUVFsNThhZWpNNmR6RGFaR002ZXVST1hmRHhVb1JmY25IamxmUm4xSGNJMVZHMGJhRmFydzJKZlRPZTN3WTN3d1EzdUJMLUtfaHVWTWo1ajBzMUNaaU5pSlpIMl95Z0FIak9fYWpOand3Nk5JVE8yV3MxVUI2SHBvOElzbW5TNzk3OVJTdzd1WGRMV29XOVpnanJvOVVySVNqRWVKQ2ZCSUVuUQ?oc=5
2026-08-25 10:25:00,MU,Micron Stock: Why It Will Miss Out on 50% Rise in Memory Prices,Barron's,https://news.google.com/rss/articles/CBMilAFBVV95cUxObXFGRTVyOUxZVGV2R1dncFVfcGx3QmJ1WWVSWlp4X3NZdzJMd0FhMUcwU1lPWEJGdTlvY1lEYjUxc1JFZUQ3OHR1bnpya2Z1b21qZVF0WHRYZUxBd1hxSHhKeTVPc3VnYTBpb2U5ZUZZMFFDbGFQTGFiNk5PZE1wZnRiMU5mYkdUSnBNYTBkNjRPUm1X?oc=5
2026-08-25 04:48:57,MU,Micron Technology stock slips after sharp rally as AI earnings outlook stays strong,Ad-hoc-news.de,https://news.google.com/rss/articles/CBMizgFBVV95cUxPalY1WHdCX0dXUVJUYUlFbjdqcFN4c3JPS1B1Y3liNDdzenNEZHZWc0tkU0xTb0VmdUJULXpoRy04X0lSdWEwRmZSaFNkblR2bm9pWmtkbWFkRG9Vc0tUUkhjamsxaFlRZS0tZ2VmdmxIdG5oX2tOT3I4RGlqeVNwMHVWRzh5d0RYRUVuNjJJbVp6eHB2SzR5ZVVRMWhoMThEM3d4Sk04SFdtNU8xOEluREFXUmNYUXA2R0tZOWN4My1VVUVUcTJzcVZfUWR6UQ?oc=5
2026-08-25 03:06:57,MU,"Micron Stock Forecast: Shares Nearly Breach $900 Mark Intraday, Risk Another 18% Drop to Retest Lows",TradingKey,https://news.google.com/rss/articles/CBMivAFBVV95cUxPT1RLalFNc2lGVDVlSHg3dlJBT05od0NvZjB3dGhtMDdaUnpVR1YxZG1YNWY5OE5fZy1lczRGaHRwM2dOTXdTWGF3NlNld2dSakhjVXpmV2pMVFNPQWdmTnEyeFFhWHpMT08zeFk3RUpJX2xjR3ZEN1ZSSmRMenY5Ym51VEtPOXRVd05zSGNIWmZGenV6S3NUOXoyX1c2cDZ6T1B1Q3NHdlB1NjdKZE1lNnBHMXYwYk5RMlNNQg?oc=5
2026-08-25 02:27:14,MU,"SNDK, MU Rise Overnight: Analyst Target Hikes, KOSPI Rebound Power Surge",Stocktwits,https://news.google.com/rss/articles/CBMizgFBVV95cUxPYk9qNFNINkxHYmVrckloZ0phclZ1c1lnRTZUTjBQWVhQdzJzOTJwNFEtdU93cDRQR1kxX3ZUdUozbzFFdEpVWHVLck5vNDZTNTZlajdTeDZ1NzZETkZMWGRGODFhWTNOSHJpTlZDZXB2TURDQU5Md0tQVlhCS252SWJxWUdXeUF2SHMtQXFNaVdZZFZ5Ym5rZW52Tm1aYnJtd3ZMVWJ1VHdTdHNHemlKVERkUDhIYjF2QzNmOHdjbnNCdEc2VThacWNaR0xfdw?oc=5
2026-08-25 02:24:36,MU,$Micron Technology (MU.US)$,Moomoo,https://news.google.com/rss/articles/CBMigwFBVV95cUxPSlFMSl9PUkZRbHByeHZibUNBT0ZnN1YtWkgxckRhcGxmWjhDQVlXTmNHN2NORk9Hcnp0THp6eTFDaVNnWHpKVmljQlhxRHNweUdsOENId2xYbzJYdXZrMXgwemRTcjd5U1BrNXB4RHNmRFo3RS1sWkRkWGlOR3pJR0tPVQ?oc=5
2026-08-25 01:08:53,MU,"NVDA, INTC, AMD, MU: Major Chip Stocks Fall For Second Day After AVGO's Soft AI Guidance",Stocktwits,https://news.google.com/rss/articles/CBMi4gFBVV95cUxPWmZ0aV9DNzJ1a2NadF9FS0ZxNk43ZkE1dVh5aGtmeFdZTUJFYjhTRldJYTJxYWJhWi03d0UwOVpfVXZjYjZBQ1JjY2Zvd1otWmRPWGpCWGo2MU1MblZHYU9WRm9aVVpCQ2FOSnpHSlpNU2xIMVA5elRoV1NGTS0xajctR3FJT2V0TGxzdWR1VFpJaDVsZExjYnJaTE9tTUJCTl93d0syRXJBQ2FWdDZoelk0aG5pS2FyRGsxTjM3YVNFS3JHYlhzTzkzN2NBZ3FUdTZaZVBmb0pJaDhaM3ZEUGNR?oc=5
2026-08-25 00:47:57,MU,"MU, SNDK Dip Overnight: KOSPI Hits Halt Amid Asian Tech Chip Rout, SoftBank, Samsung, SK Hynix Retreat",Stocktwits,https://news.google.com/rss/articles/CBMi9AFBVV95cUxOVFdxRlA4Y3dGQlJWUWllaTRHMmUzMlZuLVZUT2g0X2h6akFJdmtjMFRoMFF4UDAyNTA4U0REbENHRzkyZ0VKOHkwWDlUQTZHZzVPNU9GUXdJWE9fNnJMREJFTVJzRVd0cFk0WFdkd3ZzbFVpbWV3V28zNmNjSV9tV0JwQ2RTYkVwTjNCSmxielktNWdSV01jUDhta044d2YwMnk1SUdCd1ZvNXFlTnBfZUZJOVp2N3lHN254NDlBOWlBTzg4bnRfbVh1dG9wY0RqV1Q1d1R3SGc5SE56a2dUUUtGU1JwTjgtUC16Zl91VUVIWl9Q?oc=5
2026-08-25 00:46:50,MU,Today’s Market Recap: Nvidia Earnings Take Center Stage as Micron and Broadcom Drag Down Memory Chip Sector,TradingKey,https://news.google.com/rss/articles/CBMixAFBVV95cUxOWGVfc0RUcElhM2J0dVo5QXNNUWg3bzRET0Jycm82ak1TMFBiZEdmdFU2N3RfMmswT0RVZENqM1MyODZVaGdwb0RudEUydlAwekQzelRIbTd3a2N1QWxyeEM3TFBqTjktNl9Pb25FWG0zdVhmQWRzaEVTOTUyMW5LdWM4anJjcGpQTjVhOFVqTzlodFplMmdzNTZLcU5VZlA3WlhGd20wNzY1aVNRUHVoVTd5UWNJRkQzT2tIODk5UlBSRERy?oc=5
2026-08-25 00:09:00,MU,Fantastic News for Micron Stock Investors,The Motley Fool,https://news.google.com/rss/articles/CBMimAFBVV95cUxQbEZMbkdrM0l4NUNwZWFIS3VaaWQxcU9nN1J2T21YSzNYd0tKbDFiQUIzQ2VodURhUzlpOUJDWjR4WWdXdXNfRnNUWFRSa2xCNjZOcVhBVE4yYlJCem12SlIwM0tfVXJzcEdCOVNjV3VPbW54UnBnb2VqNHY4bVNMUk9odjg5aXVHV2Mtc1p1LTRxOERGdFV3aQ?oc=5
2026-08-24 22:31:07,MU,Micron CEO Sounds Alarm on AI Memory Crunch — Supply May Not Catch Up Until 2028 as Demand Keeps Growing: MU Stock Falls 4% (UPDATED),Yahoo Finance,https://news.google.com/rss/articles/CBMilAFBVV95cUxPRmZnaEFqLWd4RmxjNURQRDduY1FNRkNOak5RekNvQ0xiSHF3bDMzeTVRVHdZLUY1RjRiSF82eG9ld01QZWtmVDlqeVl0TXo0S3Q3T3d3NjBmQzE5MEc1a2U3QkdncTNzem15dnpvRDBNRkVuZV82VktWbGtwVFlkU2h5YjR6MWtpajM0MHlxaFJ2UjBa?oc=5
2026-08-24 21:45:03,MU,What You Actually Pay To Join The MU Run,Trefis,https://news.google.com/rss/articles/CBMiowFBVV95cUxQZ25LMnhEUzZhTlRoU0NRT0hwdDFKSzUxV3pKUzNyN0p2eE9jSlZ2ZU9UbHJ2dDNubHJHcWcwZjlMN2FoQXVXbW0wd3c4U1FvRjk1WkxOSEluM09adVFCaEsyMzZTR0ttNlU1Yng0VExMNG93SjlSUnUxNWlmbUt6eVk0VmdFaXFwVl9EMkJIZ2NDN0dTUDlqd2FZN3RKUXl5S0hn?oc=5
2026-08-24 21:45:02,MU,Micron (MU) Falls More Steeply Than Broader Market: What Investors Need to Know,Yahoo Finance,https://news.google.com/rss/articles/CBMimAFBVV95cUxPSHdwSWJIbVlvWDJKeWFJMEhhSWxNVHhFNmFLdTktamRYd3RCUHFmbGI2NTl2ZDlRdkM5eWdjNFN2UHY5ZmJoZDRnMXNCVHhSXzV4dEFaRlR3WGZtenh0TEF1ZFBUX1RYbjlrQ2tSWkN2OTM4VzJwb0JHYTFaeEhjb1B5WE52SjdUVjhkdFc0ZlRDUDROZllvUQ?oc=5
2026-08-24 21:08:25,MU,MU Looks 52.2% Overvalued on GF Value™ as Shares Slip Amid Semic,GuruFocus,https://news.google.com/rss/articles/CBMitwFBVV95cUxNU252b0pNMnh0aUlLa3RYN0dLbnBSa1FjT1lVZllMRXFWUmI3VlFFcHBzWDZwcTFTbGZvd0RlUk5WelEzaUozN09ja3d6dFdrMnk4WUJITzJkWEI3cmJmSzFZd25oMWhvNTA4T295ZWlqQjVsNUROX1NKNU8xYkZtUmx5eXltT2c1U2VsdFJBeFR4N0gxSWFVZ0Y3QzFmMVlqd1BCcjVMV2tSWTU3RWtyNzByOTYzdDA?oc=5
2026-08-24 20:29:00,MU,Micron Stock Is Falling. A New Chinese IPO Is Raising the Pressure.,Barron's,https://news.google.com/rss/articles/CBMiekFVX3lxTE5jNUV3Xy1GaE9MNzlmTXBqSXd5WmNxM0pJQ1ZySldKU0xHWWFDTWJOeS0zR0lxQUlqVEJDZGdwd050T3J0bmhCUnNyaFBvbzhYNW5kQVUxQzdXSnE1ek5ndGNRMk8tXy0yNzJBaTd0RXBOSWtweUZ5SzV3?oc=5
2026-08-24 20:13:55,MU,Micron Technology dips 6% amid semiconductor selloff (MU:NASDAQ),Seeking Alpha,https://news.google.com/rss/articles/CBMikwFBVV95cUxNV0FiSG9fdjlrRS13WmpLZVN0cXVickFDS0pUNmNMdWtnQmM5MU9EMWdnbGVubGNQdzBOd3o3eGNzWW11U0VnS252RVM0aXNUU0V2YUxHdE9GQXlLeTNudkpiVDVZWHE5VlN3OU5CYVhQUVBid3Vqa2dCSXhzU1BLTWJVQ2NnbUxTa1gwNXQxTjBVbmc?oc=5
2026-08-24 19:35:39,MU,"Micron Reclaims $1,000 Amid Fresh Memory Momentum: Jim Cramer Says MU Stock Can ‘Double Again’",Stocktwits,https://news.google.com/rss/articles/CBMi6gFBVV95cUxNQnpZZ05FNjJKMGRjbGd1ejFrSE4wd2tsaEgwOUFiVDlCU0YtS3dFN1V2TDFySGppWEo1TlhJMFV5T0V2UDlrWTF3WHlfU2ZGVXktdmpjZXlkbHkxTU5mb0xneHBiUjBnSUZCVm9BZ3JXajEta2Fud3ozSkhBOVZHZHphaE0xRDA1X2xfU0V1NnREbFN5VUdxZDdhQkpMUFNtQTUxZ1l5cUp2X3JjR3pKOXdSMmxoa2xYOThnLUpaMkZxX3E3el9pZC1xcTRZbVJHclFpSF9OU19tUkhMTTZHUFlJNTJCYkY5NXc?oc=5
2026-08-24 18:01:26,MU,"MU Stock Falls Below $900 as Memory Demand, China Competition and Spending Risks Mount for Micron",FXLeaders,https://news.google.com/rss/articles/CBMi1AFBVV95cUxPaHg5SE5ENXBqMVRQSTQzVEc2QXl6My0xSmJqSVB4Q3pnbi1qeFFHUERHbWJOZFZYY2NHSnpCbWphQ0stWllmM24tVllzc0VQdXdlRXplcjdXWXdSLTNQWGxibTVOZ25wUjEzcEdTS1pXLUJmYTB3T2ZHS0VYRzgzOXdkRlVBYk9pUXpEbERVZzg2cjNlNGRXSTZnWFZaMzlnOTJjSWpZOW5RS191SHBFdGxzb3ZhdWFMU2pWWTBJSnVSRUVBSF9tMS1XMkhyM29uaUFrVg?oc=5
2026-08-24 17:37:51,MU,The Nasdaq Slips as Micron Falls 6% to Kick Off Nvidia's Big Week,The Globe and Mail,https://news.google.com/rss/articles/CBMi3wFBVV95cUxPNjZpRHM0ZmJ3MXFZT0NRTkFqQU5KN3JraUZCNHRLbFFTOG04NGM1bjg3UEpHY1lRRlBrVnZiVms2VUcwaF9rWjF2amhqa0RiSVBUTUt6dWpGbzhPMkFGSjJ4T2w3S1NQcEo3aTdKaVA5cWd3bG5fUHozZ053RzlvbFNxZnBYQVVSSFFvSVR1eG1fbGxWOXQ4b3FMMmZlYV9lbVpmcjlfYWhaakhRTDdGbmFScTN0QjZDX3Z3Zk53bzlUMlpLNmlpVFZwMzVzN0Y4S3RacmRUUV9BdF8tV19V?oc=5
2026-08-24 17:27:50,MU,Direxion Daily MU Bull 2X Shares Sees Unusually High Options Volume (NASDAQ:MUU),MarketBeat,https://news.google.com/rss/articles/CBMiywFBVV95cUxPODNBZ05IZkxWc3pMNWJJNnhNSnRJUW5lV2tlVEFIMlNpOUFabmR4eHk5RTlhYzZXanM3QTF6WXhHdnd4ek8wcnJGZGRfZGJhQWwtX0dLZk1KWlUxQlZnazctTVluYmQ0TEtETms1ZGt2YWowdDBzeU4yYkFHMmx1RXctalI1eGFxY0FhVEMzZTVTQmJXODVSczNBMnNZTnRaaVBhZU1ibXRxN2g3SE0wSEJjRE9qR21XM1RDeWU2RjBuVmVMU2FJckdpbw?oc=5
2026-08-24 16:15:00,MU,"SPY is down 0.2% today, on MU stock price movement",Quiver Quantitative,https://news.google.com/rss/articles/CBMikAFBVV95cUxQRWxIS2dIbW9Ya3poYUNPc2tYTmRPd0tNV1M1Y3JId3FhMlo1WVdYUGhLaktFU3VoRHoxSXkwemZ2Q3dFb2pXbDhJakVfQ0ZHbEc3NHVnQ1R3ZVR1QkRZcERZbHJJakFfOG03cVJiRm1VUTkyU3gxN0x1LXQxTFRSMGRuS0pVejRiN2xPOHZsLUs?oc=5
2026-08-24 16:10:00,MU,Micron Opens New Boise Training Center to Expand Semiconductor Workforce Pipeline and Apprenticeships,Quiver Quantitative,https://news.google.com/rss/articles/CBMizwFBVV95cUxQeW1zRUVhUzVpckttVHJXM09LQmZ0SS1rQ0x3bGVtVUlKb2pjajV1S1ppZjl2WEg2OFU4b1F0QWwtUlhuUzZmVVYxMkkyRnRKakZPTUVYZ01fWUtNNGJhRUhVTzFXRlNFNGpjazIwcjBlV2ZzemwxUU9YYUxoLTFONXhWempQMnZwRFZUWnZRVGJRU1VQbDI5QmtkVXhCTDhadHdBNjY1ZjRBaFQzTXBGM1NmNjRYMkl4bHRybUF0UFI0RWRMQ3dTaURhZy1vdVU?oc=5
2026-08-24 16:00:00,MU,Micron's Boise center has up to 20 chipmaking machines for training,Stock Titan,https://news.google.com/rss/articles/CBMivgFBVV95cUxQV3RIWFAzc3pYd0dJWk9LQkVLVUpzTUU1WGZuUjVSRFY2T05FVnFqcHk4WlRPVS1pcUVjZU1kLUlIbXgtNXhIdzJtV3JtSE44VGs4dkJGclc1T0J5WTVCdkxaTGZqV0JOVG5BZjFIbzU3RmlGaDVjdmE4ZDRpeUJaZzBhOFkzMGNHYVhqbFkyYmowVTNXOW5lVndDT1lPMGtlMnUweHZkdXlfOGRhTDVvbFI1clFqWXMyMEpuaVZ3?oc=5
2026-08-24 15:40:53,MU,"Micron Stock Price Forecast: Tumbles 7% Below $900, Is the Recovery Rally Over?",TradingKey,https://news.google.com/rss/articles/CBMiuwFBVV95cUxPaFZKOWNnLVVNaVFnbjk3OHpHb0RJY3ZyaHMyYXdxV0JHRnhHdXRNNndjUGZ1M3RnR2NOT1dtWU14WU1uRWpLWXJIUHltT1BJQTRFUzRvSmFtZkxwbmlYbTBSb3FTem1XWGxyOTN0XzZ1WEtCY1hRQWJOdF9CRVJRSm8yYV9HbjNBc2ZacU9pcE1NY281d0VxS3UtMlluM0NlaHVMelBVbVV6SE1LZnF0cC1aVFJwczJGWEVn?oc=5
2026-08-24 15:39:14,MU,Micron Stock Drops After Chinese Memory IPO Filing. Can It Fight Off the Competition?,Moomoo,https://news.google.com/rss/articles/CBMioAFBVV95cUxOM0F0QTk2WDRtV1gwSk1ZdlFHc2pvOFZaaFlzMnAzcUttMEc2Y1ZmMWU3VGNRREd2QmQ4RG00aXJMb3NkSUNYUDVPeVMtWVg5b1hHSExFeERYbktydTBJdUZhbktLRTVRNC1pMm8wUDk1RnBjUDhkWHl4aGItZmdLdUtFenJHSHF5ZGo0Z0RSVU1TcV80SVkzVjdOWHNxeFJt?oc=5
2026-08-24 15:29:36,MU,"Memory Stocks Slide on Report Apple May Source Chinese Chips: SanDisk Down 9%, Micron and Western Digital Down 7%",24/7 Wall St.,https://news.google.com/rss/articles/CBMi6AFBVV95cUxNcF9MdE5PSS1HRm1YQXdOb2NtcHFjbkRJOTAxT3dSRjQ1cjJ4amRXLTgxcnpYYmJzOEFMYnpuSS1LR3JDdG9SWklMVnIzdGtvTW5MbXAtQXhPMUFFLWVvX29oZFhIUkkwM09kVy1zR01jYk9pZTRHWE8zSDdoeGRaY1hlX0tLbWVQVzM1enVUc2Z6RUFwdU5udGMtSnNQaDJjcGY4T0RqMVBhcEZOVGFwM05XMlBUbDRWQ2Utc1FvYWY1QkVoc2VPMVZVVHVlRFp6MHgzaFRia0dOMlg2UkJWQUtXQjdDUG80?oc=5
2026-08-24 15:18:28,MU,MU Looks 50.7% Overvalued on GF Value™,GuruFocus,https://news.google.com/rss/articles/CBMif0FVX3lxTE9PanBLdjZBNl9Ba0tiMTlTU1dPcE1yX2lyem5wMUpQLTVQbENpZHhuVjJfU2VmbDctdFZvMVF6TmtFTHZ1bjNpRTRmTlVWWjV1dDFxSThtVVhCRmVWQ2tWOTlpNFpONWVZOEtBSmtMMG1wWGpCd0dTRVpyeFlLTGc?oc=5
2026-08-24 15:07:05,MU,Micron Stock Slips as Samsung's 9% Plunge Rattles Memory Trade,Yahoo Finance,https://news.google.com/rss/articles/CBMimgFBVV95cUxOdU4xUFFtQjNMaXNVVEc5b2V5Ty1vblNZaTVNbVdVMjRyVVFUT0FJYVFpQjBjU25LaEM3LTRMdUlZekljZDJ3RXJiNV9LeVQwbXdkNFYzNlFOaVlmX2gteml4SE14ZFdSUkxSX0I3R0J1UFRsUFBWeHo5amZseXVHTThoQkV4VElEWk1Tb01ueXVvNGw1Z3R2NmRB?oc=5
2026-08-24 14:56:00,MU,Why Micron Stock Dropped This Morning,The Motley Fool,https://news.google.com/rss/articles/CBMihwFBVV95cUxNSVpMLXJZdnBEODgyeUtwLWV3bTBiWkJZYll2NUtBeVVUUEw0aS1ZWTI2eXZLRlFLcDIzcTN4aDBkZWFqSmROUXpFcmZCbERGVUhVdXZEVnVHcHRBVEhtcHE1TmFFWktSR01BMlc5OUtRNmE2MTZ3X1o2SjdfNWpCZGdTSWVIQ0U?oc=5
2026-08-24 14:53:00,MU,$MU stock is down 7% today. Here's what we see in our data.,Quiver Quantitative,https://news.google.com/rss/articles/CBMingFBVV95cUxQOEkwX1VJYnVteGJVOEZVU29MVE5UVmtkZ3NHaWtTN3ZEcl84aG1MYXNBNWxRRkN1NWJvSG9oNjRFcXlsR0hqUm5OZ3VsWHJyTGw0X1JleGkxVkNuUWJzVmJURzRMWWxBMy01TnQwVmxBWUdFUFk5Tzh0cGM2UGpES0dRM1BiazMxMkVoZFBqRVg3SjczT0lLVmtVVGVrQQ?oc=5
2026-08-24 14:51:00,MU,Micron drops as legal overhang and chip-sector weakness pressure shares,Quiver Quantitative,https://news.google.com/rss/articles/CBMipwFBVV95cUxQX3NBQVJGZ0lyaGZEQnZGS2JqLXVfb2R5bXR2RVNiSzkxX002Y29IUUFFMnVDZlBwTm4ySVotRmQtYkJGYnpsdGU4b0cwdjFQTGlNeDA2SjgzOVlleHBFQVA1M2h1UHQ1ODJ3c3V3dHJYMG9tTm91MEtUSUtCQUNtNm1LWmVrNDBqbFlwdGxhVzlzTGt6TTByWGx0OENDT2RCWjBYcFNpaw?oc=5
2026-08-24 14:29:11,MU,Why is Micron Technology stock sliding today?,Investing.com,https://news.google.com/rss/articles/CBMiqgFBVV95cUxNeGZ1MkpoZmw5RGxrTmcxZkdKUmJ2NFpsMjdpSC1FSzlqa09TMnBXTWpaR09PX2FQT0EzY1U3VzZGTVBhQ1RmWV9Nbk1jcHVnZkMwd1FBcFdQZXBvMU1zMWo5Z1FvbFdIMHg5cDVCOWZQYVk4RENzVjF4SDVpTTAwQXBWdGY2UW5yd0FhcmdrcWJmTVFBYXhGVlRkVkxCTjQ0WXZTY2N0bXotdw?oc=5
2026-08-24 14:16:18,MU,Micron Stock Slips as Samsung's 9% Plunge Rattles Memory Trade,GuruFocus,https://news.google.com/rss/articles/CBMioAFBVV95cUxNcmlJT0JScDc4UVJYUFB3ZGxOUWtTNmF6SHIzdEQ5XzJlX0ZqOFprVlZEUW5rWnVIOC1la3kyYVlqUFVaRWY0WUtZQ0tnNW9mbFNJQUt4V3ZNajRRdFM0VlFxMGtWMUxKNjRSUkRFc0YtR3NSa2V6ZDQxLThZUk91THFoczFhUnVkYV8yUGt6eXBpQlIwc0pLeWpSTDZHbU5p?oc=5
2026-08-24 14:16:07,MU,Why Micron Stock Dropped This Morning,Currently.com,https://news.google.com/rss/articles/CBMiiwFBVV95cUxOVnZzRVZNeHUtcy12R3VUX1pTcTVXaEtmb1dDbnllR0JpWHlIWnJtaUtuWFpuZnNDVUJFeTNIeXd3Vk9mMjJZcXJSVVNqVkRuNXZfUlVLVk5FaGNrZHRndVRxYUVQOUpGbFhucTVFd3FucHdHdS1WaV9ydC15cUN4b2xNQVM0NTZZNU5J?oc=5
2026-08-24 13:47:24,MU,Micron Technology Inc Stock (MU) Opened Down by 6.86% on Aug 24: What Investors Need To Know,TradingKey,https://news.google.com/rss/articles/CBMiiAFBVV95cUxQWkowRFNtMnNpNzBqc09kVU1FQmtZMFpGTUZncWRGeWV2Q3d2OXI0NGlNc1duS2tHQU9JbWJpZWotcVZ5RHBmLTRXd083end1LU5hbTdVWHNlZEtmdng2OGRkR3hxQzJNNGNLTFE1TjVxaURvSmNJdzljUFU2SHhtT0c4TWR6Q2dX?oc=5
2026-08-24 13:12:54,MU,Micron CEO Sounds Alarm on AI Memory Crunch — Supply May Not Catch Up Until 2028 as Demand Keeps Growing: MU Stock Falls 4% (UPDATED),Yahoo Finance,https://news.google.com/rss/articles/CBMijgFBVV95cUxNOGFTRllod0IyeWpadWxqV1V1ZTBDSUI5VVdCOVd5cmxmeUt2ZFNyNUx5QU1zTWVOclNkUlNsMmNhSjk1UUlHRjBTTHNaamhSZkFSM2V2enNFckxzUmh2eXRMR2pzY0h3X0tSVkpkN3o2X0R4Y3Fkb1J6bFg3aUV2eHloN3FDa0dyTmtTbW9B?oc=5
2026-08-24 13:05:27,MU,"Micron Stock Soared 206% This Year, and DRAM Scarcity Is the Reason Why. Will It Keep Climbing in 2026?",TIKR.com,https://news.google.com/rss/articles/CBMiwwFBVV95cUxNQXktYW56bkF6bTl4UHFTYzc3NEVtNWVySzRnWkhtMFFtTFVOelpxbTN1dEk5OTRNc0IzRWtrTFJNQ1FXV3MyeGpDYXpLQXNyWEpiMWxBNVdxUUhJaF9SdGpFNzBsZ3pMSUlRUWxoMVNhcGw0a191ZDNMNlhPZEpSdzlVX1RVQW5aQVFlTndRVld6NVpGeWUyUHp6U0dfWXBYclY4MnNwQlJ5NDZfeVNySXBvNk9yV0dEWEc2ODcyWlFlZjg?oc=5
2026-08-24 13:04:22,MU,"Analyst calls MU, SNDK pre-market drop on CXMT Apple report an overreaction",Investing.com,https://news.google.com/rss/articles/CBMiygFBVV95cUxNZ1ZfY2hVRjh5V2tGUzFQdHdFdVZURkxwdmg5VGFVM0VyVG9vZUFLWElRTGlUdmd4b1htbjdmVkUwZ3RSTHRzd3p0RVd4cGtwdkRBY3VtdnRsWVA4TUhtTVg2MFdrUk93OXFlbzF0RnRLVFJNbFVGZkRpdUx0Z2stVzJBSi1TWHFpeTNvQ3IwQlhDc0FuY2NETnUyN1RUOEhrV3Q0aWwyVzV3YUxtekdSeU5wRWFjcTRfSVF5Q2NoYUt0RHhGdHBCX2V3?oc=5
2026-08-24 12:34:00,MU,MU Stock Slides As Netlist Patent Fight And Selling Pressure Mount,timothysykes.com,https://news.google.com/rss/articles/CBMifkFVX3lxTE5IMWduNmdfUEFZTlR6YTlWMkc0d3hPQl9peTZJUjY2azRtRzJFRjU2czFacUo5N3RzLXlTdm9vQXpWQTJULUQ1cTVaajRrZDRXVjVlNzdRQVZJYlpOM2xKUDdTTks5ZXA3NkNzZUlFTDRfbGd4b3VBYWFibHF0QQ?oc=5
2026-08-24 12:33:00,MU,MU Stock Drops As Netlist Patent Fight Escalates,StocksToTrade,https://news.google.com/rss/articles/CBMif0FVX3lxTE1USWRrMF80WnN4Wkg1cEhGRUVid0JUd1ZNdEZHcUt3aWptMWVaVHpjSm5NQlA4eXFZdl91N1NsYVVtSnFEX2tlSmVQTFNrTzlSenAtc0dTNHE0cGpMWklGcmIySEhBTTIycE55SnA3TENId3lkY2ZLbGVfR0thdzA?oc=5
2026-08-24 12:00:00,MU,Micron (NASDAQ:MU) Stock Analysis: Why SSD Growth & Cash Catalysts Make It a Strong Buy,Seeking Alpha,https://news.google.com/rss/articles/CBMikwFBVV95cUxPaEwwZjJqTHY4dDB2U2ZzVmZMbUdIbU5ob0o2d1lPNUVQekZ6VWt4aktUYXI2ZEdrSzJXRzdoaU9vV1NuU0tSeF9PaVdKYkdkNWJCa2R4dWJkSFI4NWlRYWFXcGpRNm5LLUFEY1VzOFQ1Ym9MQnQzSURLODM0S19sUWl0aGhBblVRUHJScWlMS0hjLWc?oc=5
2026-08-24 11:47:43,MU,MU Stock Slides As Netlist Patent Fight Escalates,timothysykes.com,https://news.google.com/rss/articles/CBMigAFBVV95cUxNOUM0YWxIMjNBb3RCSVhSZTdhWXVDY0xmeVkyTEhXX2N5WTVta0d2U05xSk9LRzRXSmpySDJhQTE4NXJxVkNGaDd1WTZTWTVramtnNXV5clN2RWppSUh4UjRuOURydjZRLUxQdlhLRW1hZXM0MjNQbjl4ZDZLMVVGaA?oc=5
2026-08-24 11:47:00,MU,MU Stock Slides As Netlist Patent Fight Rattles Traders,StocksToTrade,https://news.google.com/rss/articles/CBMifEFVX3lxTFBTcEJlbVp6NmR5VGVRZ3BSbVlzM2dOcF96bzdTcnFBTWU3Mm1NX1hsVVJKZDRfSE9tdDN5RldrN0RpaHBNZHpaX25zNk90cDNDMjlpOE0tX2dBa3NOZmhvdFh5QUtJY0xZT3RiYnpmckN0VXByZkFReXBWQlU?oc=5
2026-08-24 11:14:00,MU,"Prediction: If You Invest $10,000 in Micron Stock Today, It Will Be Worth This Much by 2030",The Motley Fool,https://news.google.com/rss/articles/CBMimAFBVV95cUxQaEZDYWk5bnFZS0FKR0I2UHRzYkplcGdoVmtDVjZOWnZNX0JlS2xqNmFuWHZzVjFGN2hhWWVZMk9xanNYNjF0dnp5UHp4czNFMlNHOWdOSERUenJZc3ZQTmwtRVc4THhCR3JUelRKWGUyTE1WNThpYTVwUzlHRlA4VWlaUGZveWVucVpKYm00UDlXTjBFeGVZTg?oc=5
2026-08-24 10:34:08,MU,"Prediction: If You Invest $10,000 in Micron Stock Today, It Will Be Worth This Much by 2030",The Globe and Mail,https://news.google.com/rss/articles/CBMigwJBVV95cUxNV19fZHhfWGhZNWxjeWU4OXpYeU1BUFNNQ1NkaUg5Qjd2S1J1eXR3Z25RVFM4QktfR1EtRFN3SkFHbk1QOUxuRU1KOGpaUmllRFUzLXZ5VVA4WG9LZEJuNXBmckJCTGg1MnFwZGd6MGpaakJ6RW1IUGNyLWd3ZkRyUGFWeWdWSkpDY21CakJoa2E3RnhQTTRtOVE3NVNSSXRGdDJoeXNRRVRiNk1taTJPN3NTcWtkdFA0ZHBHTWxaZEJtZ2J2ckY4TlBoVDJQdlFxQ3cyQ1FpVC1WZjlOanlLcnhsUlk5ZXFRS0YtOFFaT2ZnVVg1MkFWLUZ6aXEyX2lHZEdV?oc=5
2026-08-24 10:34:00,MU,"Prediction: If You Invest $10,000 in Micron Stock Today, It Will Be Worth This Much by 2030",Yahoo Finance,https://news.google.com/rss/articles/CBMinAFBVV95cUxNQ1g5djhfQ25YTm12TDNiOG5LRVdFUGxJSzFYd28zSkpVbEhUMVJaZEpnSzNrQk9vdXFHeWowSnpkZlZMSFRmdlNVdmU3RTRmTFlFek9EUGp4RTVhVnZIbUlJenJ3UDZMbzh5TmlQYm1PRHFDM0ZQWnR4YUh0UE41S1JEV0NJRU9aS0YxN09nSGRuRWJCeHRVSlNXbkw?oc=5
2026-08-24 10:06:00,MU,"8 Billionaire Money Managers Dumped Micron in the Second Quarter, With Several Favoring This Foundational AI Stock Instead",The Motley Fool,https://news.google.com/rss/articles/CBMilwFBVV95cUxPS0VGaE1yMlJZOXROdXJrdmNOZzBhdTVUc2k2Uko0bVhyUmJjNzRubFl3dkllUEFWVllGckNITE0wOGJsMWdqaWN0WUdZV3ZzdmswMV9NTHJxZFl3VEktQWtyRTVRVDVQN3AwemxTWlhSSmhTNngzNHpKTFg5QmVnNDJyelRTeWlieDFucTlXbDFua2stRVJB?oc=5
2026-08-24 09:46:28,MU,What's Going On With Micron Technology Stock Monday?,Benzinga,https://news.google.com/rss/articles/CBMiqAFBVV95cUxNSFdnNXRDV0JWUXNkdFRLQ2RVaWtTLWl3aXZ0VnA4bGFQMVA4Q1FRRDViZ3FTZ0p2azdDS3oyZUdEZ09BQmJxd2xkWDUyMXR0cW1KSUN3Qi1qZ3dTTUdzczF5YzByT0xqbkhxaGhQVzJLZ0gxTi16eVc4T3NNQTRpQ1Y4bk14TkgwY2V5S2VObkFlN1VuM0pDOVV0d3lPLVEyOXM1RXROX0Q?oc=5
2026-08-24 09:39:56,MU,"Micron Shares Fall After Samsung Dividend Surprises Investors, Revealing Overcrowded Bet on Memory Sector",TechStock²,https://news.google.com/rss/articles/CBMinAFBVV95cUxPYWNkVTZLWGVkZzIxQVF3bG81SER3Xzhyb1BIUnNXQ241NjlSMGg1OFZuTTBpaXZib0JGRkhYN0tvMU1DQlZrLTNVQThHVDN0OWYzOF8takRkZU1fRDlEUlplZDQ0UHRnd25RMU9vQzhaaThnckExYTk5aHcwc1VNbnZydUVYMDNFaks2YXNiaG5CSzhpRkQ2OWc5YlI?oc=5
2026-08-24 07:12:31,MU,"Micron Stock Inches Closer to $1,000 Per Share, but Time Is Running Out for a Stock Split in 2026",AOL.com,https://news.google.com/rss/articles/CBMifEFVX3lxTFBfWHpLUzh1TVVWQlBDMzlhY0E3c2hlYVdGbl9XWlp3RTJtdmJvaEpXNTl2amwyX3QwSDgxZ0tmU3oxa1daZThpdERFWFRTV1R3MzJEUmVIY1Y3X0d1VTBfc2kzYTVRQk4wblBhaUVRMm11NjFqX1FmLWNrMC0?oc=5
2026-08-24 06:45:00,MU,"Billionaire Investor Stanley Druckenmiller Sold Broadcom, Intel, and Micron and Bought Another Chip Stock That Expects to Double Data Center Sales in 2027",The Motley Fool,https://news.google.com/rss/articles/CBMimAFBVV95cUxQenpXWjRic1I5cEE3Sm9sXzZONktIVjBjM3lGMF9KUkhtX1NkUW1fcjNsRlZzMlExQ2lMZ2pNekZSbll2OWJxZFBwa3dCbUVOR1IxQ1FqV0htb24tSGVBaS1tM3JqRXZ6V2Fic1hURkdLeTFyTS0xcUloREMtN2FKWHVjMjEwSTdvT1NRM08xNEYtdmMtX0wwMg?oc=5
2026-08-24 06:28:54,MU,Micron Technology (MU) Could Be 52% Undervalued On Its New Research Labs Push,simplywall.st,https://news.google.com/rss/articles/CBMi1wFBVV95cUxQQzlDYXk4NHR0MUhuTVZVbzZRLUdnaVhQODR2cDRNaTE1NVJCT0MxNl9aLV9ELWJHcEpleFktRFIySHZDcmRrRVpRNlJ1TUhSczBMREF6MjFfaGowLTVwSjF5WVAwSmljNUVzdklnME5TcUxyY1JLRFFGNUVfN3ZGSzZxVWlPNjF1VTlFcFBvRURweDc0ZmlZTU5YR1ktMllmWnNhaHRYa0FVLVBjMmJ4QUlEajBobnZOMHE2LXFPRzVHclVGbEIzYmM1enJKeHZQZWlTWFZUSdIB3AFBVV95cUxNTjlIZW9lX3pCNVdOekU2QV9qa3ctazNfOUtiVV9EVmpCQkNLd3hFeHU3MUpOb3ZIMXFGRHNYRHlkc3JJUG1zbXFYMTRsZUVtUlF5M285V2NpX3o1Rlgzb0lKaHEzOUV4TTBGV002NmRPTTh5dlJscGtTUkxTeWowVmJ2MHY1Sms2ZlRKNVdtM0NhOXJXYkcyNGFfdmZ3ckJ0MFExMFlBelZONjU3ZnZ3Y25mX0djVVRlNzNxM2J6VjB6OGlPR1BOV3hvYld5cHo4c2NRY2FBR0djTmRT?oc=5
2026-08-24 06:21:17,MU,Micron: Don't Get Shaken Out (NASDAQ:MU),Seeking Alpha,https://news.google.com/rss/articles/CBMidkFVX3lxTE9KNUo0VFpGS0J5aTBKenI3SzE1bGowOTIyRnhJb3BnUDhqUk5nSm5xM3RhWEFfdGFVY1EzT0RDWlNSSmxlUjJScnpVc0xveE5YTm02N3BPNy14eE5rRFdwTkc2UmNoWFZRUzdOWkYwczhxNVJFVFE?oc=5
2026-08-24 03:35:46,MU,"MU Remains BofA's Top Memory Pick – SNDK Signals Memory Growth May Be Structural, BofA Says",Stocktwits,https://news.google.com/rss/articles/CBMixgFBVV95cUxQTDRVUlZOdi11TlNQdmdyRURQOTBkZS0yZVFhTFhuTGFENmhMdG95TEI5dVRKdFljLVJoVFRtTzFaQ3MtdlZKS0ZiM01lbVlYWHZ0TzBWXzl2OVFXQkVnZWdBNzVtT25DLXpWRVF5a1BhVEJDS1NuWVpzTi1CR0NMYW1iNXBKSkxsUjB1V2hWX1V4LWZtRUh0ZmVSVmNhRmZsd2hub1hKdjloOWxnOUcwQ1VSZU41YkV1RnZ3dVZtTEoyZHBOR0E?oc=5
2026-08-24 01:57:36,MU,Micron: The Competition Has A Better Price (NASDAQ:MU),Seeking Alpha,https://news.google.com/rss/articles/CBMiigFBVV95cUxQSmYtR3Fqa3VnenJJSmRqOVFmdHpFSHNIX2JIbUg3THdacDFGSjlEQ0swTGdZWWM2SFgyYTluZUlJenZwZy0tQlJjdDVNZFROb1dsQ19mLW43bENjSXVaQWhxT0pkYVhHMElmdFdWeWZWTnRKMVJHdWt6bEZkTUtjenItajFEU2s1a1E?oc=5
2026-08-24 00:15:00,MU,"Micron, Sandisk, and SK Hynix: History Says This About the Memory Trio's Rally",The Motley Fool,https://news.google.com/rss/articles/CBMimAFBVV95cUxOeWQzZXZ1dVd2Z29RTXRfRUducGRqSDVyYjM4TzA0dDl5LWhUYnBwZUg2VVJOZEJ1VGFFQVBGYUlyd0Q5RTFSckhZeFhCRjk2cVJNUlkxWlQ4Mzl1QVlRZXBPeG16Ump3NE1IemptcFVXQ3BFV0xSSEVzTFFpQ2RPcGhUUG82ZWRBZEhhcGZfZV9ieEVwcnhyWA?oc=5
2026-08-24 00:00:00,MU,Micron Technology (MU),Moomoo,https://news.google.com/rss/articles/CBMi9wJBVV95cUxOU0hhX3I5eWlQZVlFZ21KYUZYOXV6NUhvdGtELVJMSG94Y0VZQXFxTk55V2ZlQ1hOeXRwc0duQ3QtQS10OEEyMXAtMDNvbG5XaC1BMTFfSnlVWEhXREF3TGhuQVUxZ2dqS2NQbENOdVBkSlVmY2V4eU82M0EwelZ0WTJlYUs3U1RXeUNFckt2eGRsNlJxcHlyeU9ZLWY2eVd0QUFMLWQ2MjIwNUNXNGd6ejhIaXFvMGp3dFVuaUNhSU1OUmRPbnpGclZ0TnlMTE85QVNidWxWN0VfTXJaRUprTVlpUWZkT3E5Uy1Da1F3bVFwNFdieFRPUzlsX25VNXppS1djUXVjaTZLMC0waWlmNnZQR2gtOWZ6MWZpbUpMOTQ3aUk2cE0zc1ZkbnR0N1FnMVJUUGVMUVVlODR6c2hQMkcxcU5uMlQ1Tm80cjV4WkRRYndYdTNLS3VVYTM1amNQSV9LZ3FSMm1Fa3JtTE1pcGVURnpvZmM?oc=5
2026-08-23 23:24:28,MU,"Why Are Memory Chip Stocks SNDK, MU, and WDC Rising in Pre-Market Today? August 14",TipRanks,https://news.google.com/rss/articles/CBMirgFBVV95cUxPLWVZLUhLcmtNTngtbFFxWE1STXZKRDRDUHU4cVpsSzV2ZXI1QjM0M1VkUndsenFhZm9DYVRjaHBRTF96Nkc0ODA2ZXZIaFNBSVFpWHZNRnZhcG05S2M5Nnhtc3BDUTEtOW02THRBd3dsdDNEMWwwbFJpTEJXZlFlQk5pRWxUcmZnNWczWjFWUDlhZE1sZ3BKeFk1a1pibVUyeG05VzVRUFdza0VfUXc?oc=5
2026-08-23 20:24:00,MU,"Micron Stock Forecast: BofA Says AI May Have Broken Memory Cycle, Stock Could Rise to $1,144",TradingKey,https://news.google.com/rss/articles/CBMi2gFBVV95cUxPa3phcG9DaFI2dncwT1VfOFhhblcyQmY0SVpubW1YV2Q0MV9vcmRrVktVZU4tTmRTMEIya3gtRmozSUdzTXJhLVJmUmNBQXFnQjZBYzNBa1dKdnFCNklTNVhzeTVWUW1ENmM2ak45M25kMUlid092WU9WeHlZX081dG41TkZYZ3BWaTRhc3pXV1c5NlctQmNHb3cwTmh6RnVGMDdDVUFvOVRnRGZPZERlRjZMU1NvYmxqMWZ0bW5oLU9aY2REYTl6aENfTkNiQUQwNGx3TjdMTWNZQQ?oc=5
2026-08-23 16:50:00,MU,Micron stock forecast to rise modestly by 1.4% by September 2026 amid strong AI-driven demand.,Pluang,https://news.google.com/rss/articles/CBMiqAFBVV95cUxNVnpNNXIzSU94aGdWcGlGRDFmRXdHb1JCa2FpY3BGQ2xKVTBGMHl0S1oyaWZFS3pnUW5HckVPMjFycHFDbVM4M3BHMnVZb254TXlrVmZaak9RRGlHQ0pWeFhZS3JsMEFQMUdkOEtsQTMwMTF6TDVCMWlvZ2NBM1hTVmU4TlBncmVRelp4TjJzSkhDUzRvbjJMdWxHczl4TDZ0SjBEa0hBV0o?oc=5
2026-08-23 15:08:20,MU,"Machine learning algorithm sets Micron stock price for September 1, 2026",Finbold,https://news.google.com/rss/articles/CBMilwFBVV95cUxQcTQwTVh3Z2U4MGxweG5QVDhQSkVQS29GRjF3eFNBSzBhZno4cGwtSENPMWkyNWlhM0w5ejBQTUdJQlFiTnJITFAtb2dVTTByZTRKM29TNm1DMEY2MUtpYWJlZWs1NGstQW53V1JUUDZCQzh6YzkxcUpVcVBpTUVTdktZRjRoU1ZSdTktUWRvM2I1MldjbUI4?oc=5
2026-08-23 12:05:07,MU,"Micron Stock Is Up 30% From Its Recent Low. Here's How Much a $5,000 Investment Today Could Be Worth by Next Year, According to Wall Street Analysts.",AOL.com,https://news.google.com/rss/articles/CBMiekFVX3lxTE4zbDRZYmJFdUVtU0RFR05GSUM3SGJaTjdUWlp6TVhwLTlMZGV4ckF3X0VNSm5LV0RPUGhDUUcweGN3ZlVKSEJMQmJfTWdtVkRmbHJKeFJsTGxONmFsNzlPXzMwSUZpX1puWEY3Qlg4a3RmdGdKeHByUlBB?oc=5
2026-08-23 12:00:45,MU,Micron Technology: Is MU Stock a No-Brainer Buy as AI Memory Demand Surges in 2026?,24/7 Wall St.,https://news.google.com/rss/articles/CBMiwwFBVV95cUxNUklXMXJLLUQ5a1Zxd0dJeG5oWk1HUnoyM2tPQXZEVEFXclZXQzVUUUV0MHJ5c1c3VlFaNDQ5VTdKN3FWVE5Qa0Zzc0tqQWItMGw0Z0ExZGZ5NzFUa3JMNFNSeGMxc1ZRV0xFZVh3T0MtTHhjeGpyZmRlMlN5ME1uaHU2ZXd4czdJLURCbDN5c2tabTVVWjVmcm13eHVjdVRVTHotVHVRZF9hT3RWY3ZvYkZtdnpyRmJwLUFLMnlxZFpzM1E?oc=5
2026-08-23 12:00:45,MU,Micron Technology: Is MU Stock a No-Brainer Buy as AI Memory Demand Surges in 2026?,Yahoo Finance,https://news.google.com/rss/articles/CBMimAFBVV95cUxNQVV2LXdiQmZRdGxwR0xMNUhTMjZUUllpWnMxcjhGUTE3YUdGSjJ4VnhWcUJ1SlV6WGVsZmFBVmZRY3lYSjlodXc4d0xRcG9IdENLMFd2dzc0Vy1DMFlHNEZkX2xuc0VtSDdvcEdjakMyRVNOMDUzNzc5Y3FkelFXQzRHdUFiVmM1LXhJNDZ5LTg0eFlRS0E2Wg?oc=5
2026-08-23 10:23:24,MU,"Micron Stock Is Surging, But Its Biggest Catalyst Could Eventually Become Its Biggest Risk",TipRanks,https://news.google.com/rss/articles/CBMiuwFBVV95cUxQaXFnaHhMeEdxY2tyUE1YemZ1ZlB2Z29PQ1BuM1Vuc0pCeWVOeDNmbzlaeW1tRnFjX0YtdTF5MERpaHM5MFpPTHN2c1E2U184MlpuN0kyOTZoOWg4VzZwZGdfbHF5QTRpeklEZWtqNS1KTDZKUC10cjlHOXlIaW4zelV5V2pTUDlaZzhJQ185YmNWVHV5Vnp2MGNpUHVKUFgzOGVsLXE3LWlGZEdONW02bmlFazB1YjM1VFZZ?oc=5
2026-08-23 10:05:17,MU,"Micron vs. SanDisk: One Has Tripled, the Other 6X: What Happens Next?",Watcher Guru,https://news.google.com/rss/articles/CBMilAFBVV95cUxQVTJjRGVpMHNmVUVzY1lnR2Utb2V2VTZyeEY5NldiTFhGT0VpLXRyenY4NUprTGxNUV9oeUJpOXNQcEx4Z3hEQlhJV2FoMTQwSVppQW8zY2VOZkEta05XeWtnSGUzVUNYT1lTckVKRXlHQ0ZQZlg5UXFDMElqZl85V3dMTVY1RjFCa2RqUGpVazJiUmJS?oc=5
2026-08-23 09:22:59,MU,Micron vs. Sandisk: Which AI Memory Stock Should You Own?,The Globe and Mail,https://news.google.com/rss/articles/CBMizgFBVV95cUxNdGtMV3BhUWN5MVA5ZEFJMmVmeGV3N3lvaDVXYWkxYlh4QTRIamNISEVodXV6akptSFJIWEZPTWFfMTlFSXJEcUJCS0VWSldJdlVlNVpOZXgzUUdoNzFYZUs0aG42OXVYUV91UWpQQjdGVUNaWEhnNzVReVJaWHlneGUzeEFQNzlhcmRLWkdGWm14cVRIcERya21JN1g3eFZRbGt0Q1Y0WXB2VVprT2JuRHZSbFQ4a2Z3anBwemFQblZFb2t1Q015WnlmSkR4Zw?oc=5
2026-08-23 09:15:00,MU,Micron vs. Sandisk: Which AI Memory Stock Should You Own?,Currently.com,https://news.google.com/rss/articles/CBMihAFBVV95cUxOc0RDemt6QnZTWWhlQXZDSE1sXzlWZDhvUk1HVW1aN0ZNeWxyeG9PQ25SYTlOc1NuQkRlOEtqS09TSGhqR1VyZzdkNG12WHE0YnJWZWxFWG1GNERSdFpFLUs3REJuOVVXVGNxbXQwYWJGdEF5eVZ2clZJZUlDaVJQbnNHRVk?oc=5
2026-08-23 06:18:57,MU,"Why Micron, Sandisk, and SMCI Stocks Are Surging Today — and What Analysts Expect Next",TipRanks,https://news.google.com/rss/articles/CBMiqAFBVV95cUxOb0o3TWVmYkZOXzdqMHZiRjZjNlp1aWc0NFVubGtsQVl1Ylo2SmszdERja25wUThGbDRqdnhQbkMzSGg5c1R4NGJ6MWFxQl9FTWJjN0FDMkR6ejU1bWJWYjZ4Tkc2Q3RRREZTRTBUaHpEeThCNHlacTlRN0FubGMxSnotZzV2Q0xmYjIxTldoUS13QmlMdE54Q3pNaS12RWVLd0gzTzdnQVQ?oc=5
2026-08-23 05:34:04,MU,"Micron stock heats up again, crossing $1,000",AOL.com,https://news.google.com/rss/articles/CBMigwFBVV95cUxQT3RqSVBvUXRuTUFYdDE2MjUyUWJaRkh3UGItRm8yYVdEeG5PMmNrNXJHajZjV3lXcTlfUEpjekVKSlk4cGlkR2IxNzViNWZfV2JrV0Q3bmN3ZkZZUFJsZFJHYXAyWW5tb25sb1Z4MkstZkpOdHlCMmRUUEZueDdRSno5SQ?oc=5
2026-08-23 05:30:00,MU,"Micron Stock Is Up 30% From Its Recent Low. Here's How Much a $5,000 Investment Today Could Be Worth by Next Year, According to Wall Street Analysts.",The Motley Fool,https://news.google.com/rss/articles/CBMimAFBVV95cUxQdm02eDBrZkxXRmEyZkNWaVFmZGZVcDM3dk5VMkQyZTdDRXFiNHZQQjdic1FTVFNmaTNUb1JMYjljcVJBMWdObUxpR0tkb2dZbDVTNTVmd0s4REROSDNsQTJVUTdWYkJSQ25wNE55S2s5NzV4bWlUb3ljaGhQOW53MjdaLXlGS1lzdnhPM1laR1NRdk5Sb3VFOA?oc=5
2026-08-23 05:21:30,MU,"Micron Stock Falls 7%, but AI Memory and HBM4 Demand Remain Strong",TradingKey,https://news.google.com/rss/articles/CBMiwwFBVV95cUxPZ2taazd6UnlRems3V2phSThlazZQTElSTUhIeGJQVVhjalpKcVU0ZnYzUnhrTnVodXJ0N05qUjZoc1VTWVRObEhzelFuV2Z3dHg4REMxcHVwLWIyOVN6djNLd2dRbC11ZkhraHQybnVwRHFfVTZodXNlcUpZQXJUakJsNmVqb0ZiS0Zqcm1XRU5TcTU0YVNlUjE4Qi1uU1VVcGRTNXVZakIwNjV3MGpvbzN4TGRWUFVvT2hlZWl0WWZFYlE?oc=5
2026-08-23 05:20:21,MU,"WSJ Report Sends Memory Stocks Down. SanDisk Down 9%, Micron Down 7%, Western Digital Down 5%",AOL.com,https://news.google.com/rss/articles/CBMif0FVX3lxTFB5NDdMby01OWUyWFhOYXI2WkV0eW9ZTFFybVQxb0dkZ0FzcU5WWDlHcnhjY2xpMDVSUWRJNVRBcEhHemV1TXlyVGY4ZURYSnpNMzV5czJhLW9xOHlUTkFrdmNFb29IWnc0WC1SczNCMU1PRlhVdkI3ZW92aWdmaFU?oc=5
2026-08-23 04:44:37,MU,Micron stock rises 30% from recent low as analysts project another 60% upside,Crypto Briefing,https://news.google.com/rss/articles/CBMiiAFBVV95cUxQNm1GNTRzRU1xYmNNcGw0Zng1TGFNS2Jvc2Y4RFRsVnZacVg3QTQ4cVVaWlp0WGV4S3FUbTdrYnFBYU1ReS1XZmZOTXJ0RF9tQTVuOWNBN0Y4dUZzNnJ1UldpUFVwVXpVTjdPQi1QTGZqczFVZVNvTWZVcDBDT3QzRTVwLXZMNWdB?oc=5
2026-08-23 04:44:31,MU,Memory Demand Surge Drives Market Focus on AI and Semiconductor Stocks (MU),GuruFocus,https://news.google.com/rss/articles/CBMisgFBVV95cUxPeDFKNmlhRzNiSW1mQ01wZV8xT2o3MGlIalZZSXNkdE9XVFJxLWNROXR3SHRUZUZfOWJaYlFwY0tVa0IwQmhrNm5rX1pXOTZKZ210T2l2d05LdDVaMnFURFhlVUxZWlV2VVhjVzRQbkJFX2JqTE1BQjVUc2NNYzFGT2M3bkZsSE5DVXRkSi1Db2tvS0pNQXBBdUF6Sm5WYW4wcEpieFI0TkFiejJxREdOa1pR?oc=5
2026-08-23 02:28:53,MU,Vancouver Whitecaps Vs. LAFC | MLS Highlights | ESPN FC Mu Stock (i6tA8CatW3),Mshale,https://news.google.com/rss/articles/CBMiW0FVX3lxTE9ORThiOUZKRm1NNHJfaVBydTJwZGtVM2ZIUDVSQzV0QmNrVTBlcC1WbXA4enZxN3VlSG9NejVleFFESk9NNWFOeVhjTzdtbGlGdlctZnhZakRrTDQ?oc=5
2026-08-22 15:25:48,MU,Does Micron’s US$10 Billion Micron Research Labs Plan Reshape The Bull Case For Micron (MU)?,simplywall.st,https://news.google.com/rss/articles/CBMi1gFBVV95cUxNcF90Wk1va3ktOU11UzY3S0JFaGFPVHhZa0RuQm0zazNiLWpSMVZ3NDRJSXhBTmxkclNNSjJqaDNxTzdMVzBnenpONnhyUFlYcGRsZUtOVVRnYnczZ3JaaE56OTNROFRMaEtKbDg3VVRidHBuUEhCVTNxblVtRnVNa3lnSXVhRTE4dHJ4bi1IRktHaXJFMlByeGRGT3B2M2JlVlU0TndiZ1JSejd0NWMxV19MbENPZS1PeUtaZk8zc2QxbUZBSHRwRUtySk9mVkpUNk9lRGxn0gHbAUFVX3lxTE50OHEzdFpRNENjSG1vbFVQc3NYdUcwS3dVQVI3TDlFVkF3ci1yUmY4M2syeERBdkN3emUydUdiR1ROc1VKOTJjWVhzeGNRMk1JbnVoemctMVBRejR2b1FUN2xpWUQtS1pBaU1NTWVta0pDekJsVWRncWtRSnVkYmtGMzZaUlJBaFRhTGZnUzY4d1J1VFFKUGNzcDJHalNHc0RPMmxUeFpsTEY1THo1ZEtzTUNnU1ViT1V1WUVQSG1FSngzaHExUU1QVFFIVUMzckZIa3Q0bnNuNkFGYw?oc=5
2026-08-22 15:07:07,MU,Micron Stock vs. AMD: The Valuation Gap Investors Can’t Ignore,Watcher Guru,https://news.google.com/rss/articles/CBMijgFBVV95cUxPekhrdnVMcFc2djZCdHB1WkFLTU90Y0dVcDBYakRiRnpWemU5SDNWSnFQSkZtNldvNjYza2ZiVmxhVldkVzdaa1lIT3Zab1VNcGNWV3J0QkJMXzVBejBaQ0dwanIzUmllNHZrVEM0QmlMQXNCN2YzUDZQWEd3cWtDZVcwZXdRNWtDQVR4d0x3?oc=5
2026-08-22 14:11:24,MU,MU 260821 1880.00C (MU260821C1880000) Stock Options Chain | Quotes & News,Moomoo,https://news.google.com/rss/articles/CBMiX0FVX3lxTE1ia3FTakhlTGNaakNIeVZ2c0hrY0NGM3VUaGF0RTVITG9BME1JVzZNUUxGeWxjVWlnMWIwTFREeW5yUlpTTnB2TUJZc2ZKYTVxN0REWUpKdldRNng3VFFr?oc=5
2026-08-22 13:26:36,MU,"AMD, Micron, TSMC, Disney, Coca-Cola Insider Shake-Up",TipRanks,https://news.google.com/rss/articles/CBMimwFBVV95cUxNeG5ZazBXbGswTHloazkzZTQ2bVVWdGYycVBUQ01USUtGcHpNRFQ5UmdIakE5WGt4QVJWYUM5dmcxR0N0eXJsNlZOU3ZmN0xhNkd3WmIxcmtsZnIxSUxXdlRIelBfZHktYXBvYnU5a0xwX1U0ZXFDNklHVm9jdUpFNWNNQ1NFR3NHWmtpM1ZxNXlYaTdaVEUzTEFiNA?oc=5
2026-08-22 12:34:42,MU,$Micron Technology (MU.US)$,Moomoo,https://news.google.com/rss/articles/CBMigwFBVV95cUxOcXNOTmx6LTdTUEhzdTFOZXB5VnR1bGstMFZ5QWFTT0dmUzB5UVdjWHdsa1BSNHBGN05SaGwxekEwY0E4ckhZTXdLbHR3c29vRlNHQnhGcmh6cUQ3OTZ3TEZSbVplQjkxdWhUV3JabjVYWTh2b2t2ODk5bEZzaEJXODY3dw?oc=5
2026-08-22 08:14:59,MU,MU 260821 1550.00P (MU260821P1550000) Stock Options Chain | Quotes & News,Moomoo,https://news.google.com/rss/articles/CBMiX0FVX3lxTE9kZTNqWDRrUUhFWUk5LUQ1QlV5NzdaT0stSDdIZll5YTVNSkg3SFFOcnRQZUZYOHVWRDczTWYzSHRoVko1NlFFUGd1OXR1VEsyLU9rcGl2SFl1T1M1RTk0?oc=5
2026-08-22 04:50:02,MU,Micron’s $10 Billion AI Bet Boosts Momentum Amid Valuation Concerns,InteractiveCrypto,https://news.google.com/rss/articles/CBMirgFBVV95cUxOaXpsVjZCZkZxcnBrb2xYRG9ENG0zdzN3WkdCVVhpS2FNMXhjWlBrSDNna3EzeWJ2OVhrajNRWDBFal9KbUNlb2hWMUVob2Y2U2p4emZEWng3RFlEdnAtQzRUb3R3RnNjUHpsajJXUmdFMHpTaHRpaDlMOUxndHhISEVMeEhuVjRBWmN6TlNYeGFIN3hUeXZaY3JmTUNoa0dKM09rbjRxWnE3dlBoWkE?oc=5
2026-08-22 04:19:16,MU,MU 260821 115.00C (MU260821C115000) Stock Options Chain | Quotes & News,Moomoo,https://news.google.com/rss/articles/CBMiXkFVX3lxTFA5dkpzREpTRHBfdVJjamtsSHphWmFLaXljV21PLXZITHhZUVd4LTNYaWZGVWo5V19QS0ZxTVR1Y2pwcDBHZWhXT3RmZGRkMzNQOVJJbWw1WmRSYms2dEE?oc=5
2026-08-22 00:15:00,MU,Micron Fell 7% on Tuesday. Is This an Opportunity to Buy?,The Motley Fool,https://news.google.com/rss/articles/CBMimAFBVV95cUxNSjlYaC1GQVUyY3gwOUhvNk52MnhxX3pkUFJ3R2w1eHVjalRWOGpfQWFiUWVMSFR5eWJIUVd1ZGl5a3VhcDg0N0tQREIwMUhUTzhldWp3MkxwSUxqcWRKT29yRUZVTXNsMVZsQmhRS1JaYVQ5RkRNb20zMTIyOGV2UVkzeGFNUUE3UzNWdklJZlJTc2JKclVEcA?oc=5
2026-08-21 21:37:05,MU,Micron Technology Tokenized Stock (Robinhood),CryptoRank,https://news.google.com/rss/articles/CBMigAFBVV95cUxOak5NRm5jbnF6QmxzSk0zZTNLYTllZjZ4elNNaENObktVS2dobDdYVmdVLXRrbkloQVQtRVpXWloySkotby1sSnN4RGo5M0QxUXl2b1l6UTBiWkMzRWNFLVBTYUVYSkhFdHVsbHB5ZWZYMFU0ZEU3czVvbDhOenppRw?oc=5
2026-08-21 21:37:04,MU,Micron Technology Tokenized Stock (Robinhood),CryptoRank,https://news.google.com/rss/articles/CBMigAFBVV95cUxQR08yanJ2UE8wZGgxSUprS1dOZ25ZRnNYcFV5dm00UUJYX3FXcF90Snp2c0lNUVlqRklmVXdMaUNyOWZSVGJMS1BYUEZ6ZjMtMFdNWWpWeTVISERIeDk0V1RrU1RUVDhKNWZCUXpGV1FINTl3MjBsa0ZDcmNnMnUtVA?oc=5
2026-08-21 21:37:04,MU,Micron Technology Tokenized Stock (Robinhood),CryptoRank,https://news.google.com/rss/articles/CBMigAFBVV95cUxOSkhMcW1vaFAydi1veDhHaEdvczRiNE9XaXRXT0tjS2cwdEVEZjNYOXVfSkx2a2RNd1IwbWVkT2JBMWFRX0JCVFJvWkgxbTA0blZ2M3MtSENHbzFKeHVjOWU1UVhwMFVsRkREdHZ4a1piMnpOS040Q3psemM4M3otYw?oc=5
2026-08-21 21:37:03,MU,Micron Technology Tokenized Stock (Robinhood),CryptoRank,https://news.google.com/rss/articles/CBMigAFBVV95cUxPRi1GaEJrUDVCMXBvbGEwOVFVazRWUi1mZ0FpOGVzUXVjWkVWZE5xRDVHWkR0UDVaT1lxQWdZb2lacF9MMEhHX2VEYS1JZDZxdS1KSng1cDYzbFYyQXF1T0luT3YtYUFaSnFyWW1xMTBneEFyQWg5RTI0OWZPMHFSTg?oc=5
2026-08-21 21:37:03,MU,Micron Technology Tokenized Stock (Robinhood),CryptoRank,https://news.google.com/rss/articles/CBMigAFBVV95cUxPeTBOWTdGYXREdDJhUng0RDZIdS0yX1JYRGFjbm5wTExBNGlyU3IxMlkxQXJyMXhkdERnZHlpRWpMZDJ2OTNlZE8xU0E2dVpWaUhSWUpfa3htVGt5RFBuOEt5b1YzZHNMOEplR0Mzd0FfZXplcUdnYTA4cmQ1dzk1Yg?oc=5
2026-08-21 21:37:02,MU,Micron Technology Tokenized Stock (Robinhood),CryptoRank,https://news.google.com/rss/articles/CBMigAFBVV95cUxPU3E3ZGtqNkR5c3RaVGMtTXhFZ3FFemxCTFJZSmpZdDVpZEZjZHM1Y3RPVjN3SnVZbmV0R3JORnhzcm1uV2lzN013d1MwR1EtZFcwazVCbm40X0YyM2FjbzhlRVhpM0N4cVg1VnVkbGp5UXVKZEhzamJZb2JLeThnag?oc=5
2026-08-21 21:37:02,MU,Micron Technology Tokenized Stock (Robinhood),CryptoRank,https://news.google.com/rss/articles/CBMigAFBVV95cUxPaktzaEhaSDFyeWpqYTE5djYza0tIN2dnNC02b1kwS2FQZ3pQendJQzZfSS1iRW1Ha3VwXzFHa1BHYXllNmZuMVRRRUtERlhpNXB5R1VfRS11MWM5Wkp4cFhfU3poVm1JUmlKbFZmVW9GVkltLXNXd1lwRzRDSFpxNg?oc=5
2026-08-21 21:35:02,MU,Micron Technology Tokenized Stock (Robinhood),CryptoRank,https://news.google.com/rss/articles/CBMie0FVX3lxTE0yMTFtMVlWYlBER1dCODRoV3JKd2ZVQktUa3V1VXdfb3hkbDdRSFVqM2lDRW14OWlKazZKMm5RZER4blRqaFFmd1lLdm5TMmxVYjF1cVpiUkdVNzZpdXVuRUNvOUxfdTllR0hpbjRkc1hBdzctTFdUdmZZOA?oc=5
2026-08-21 21:33:26,MU,Micron Technology Tokenized Stock (Robinhood) Analytics,CryptoRank,https://news.google.com/rss/articles/CBMiiAFBVV95cUxQRk9ObVpQak5TbUZETWdDVGlzZVhvVVYwczV2Y2RJUmQxTmE2cGpVLVh1bW5NNTNpcEMyLWluNHNFZm82U3BnVXhTTjRQWFkwaEVkSm4wUmVpd04wRnlZeUdiNmliRG1xdGNXUnVYTGMtY3Q0UzNfSE1LRTJsNjJaSnk2NE1HVnlr?oc=5
2026-08-21 20:05:48,MU,Micron (NASDAQ: MU) CEO lines up another multimillion stock sale,Stock Titan,https://news.google.com/rss/articles/CBMinAFBVV95cUxOQ1NwTURJUEo3SWE4bnlOaFJFRnlsd1IwaWc1cFpKWGdIU0U4ME5oQ0lINW5MRmU2QzJtRGVhX0xidERjc0dGWm5NS2J6TGN0LUVsTUFfREhsdVFST0toU1Y2NFdLMGZ4b1BlbmJRY2RmT3B5cm80SkxDOWNqWjNfZV9YNnVnYjZDaTNVUDlHcnJCZmptcTZiVWtJNzc?oc=5
2026-08-21 19:07:00,MU,Micron CEO gives investors $10 billion reason to listen,thestreet.com,https://news.google.com/rss/articles/CBMifkFVX3lxTFB1bHlzRkdMVm53MU9lT0p4SkJLZ2pJNGw2bGRTZVVJQTllR2t4OEF0dVpSam5yYUcxLV9LU1dTcEk2VVl5U1hyWXRXTzlmSy1lNVZuV1V4SGg3bEZkS2ZTUXEwdVpMV0pvaUF3eXlHNjJSSm1IWldPTWVwVkVRdw?oc=5
2026-08-21 19:06:03,MU,"Did Citadel’s $4 Billion AI Stock Selloff Weigh On MU, SNDK, NBIS?",Benzinga,https://news.google.com/rss/articles/CBMinwFBVV95cUxQUEFJUWExM2U2U3k3aUJ1UXA4cWYzNHlCZE42NFliTnBjU1VvcFRYYndrM1JnR3dyS1ZmNXZabTdaQkZ6SlFoQzUwU2w3dWFQV2dqSWJQWUNWZ1lzOG5NdGNNemJGS09hY2lKVlBzQVdaY0VRTjBXYzJGdU55RW5BaEFVS2dfcjZma1BJRWs0RFlyYXM5cnNjZTY2ZzA5RHc?oc=5
2026-08-21 18:50:06,MU,"BMO Says Buy NVDA, AVGO, MRVL, MU, and AMD Stocks, Calls Nvidia a ‘Top AI Pick’",TipRanks,https://news.google.com/rss/articles/CBMipAFBVV95cUxORkJ0VHhrNDk4TzFSNUFpaHd4a0dXaHBTTWQ0M2kwQUFLVk5wcGZ5TWVFdG1jeUlUaVRjeERLek11ZDdDVEpyeGg2ZXZoWW1ybnN5ZlNSdW5fQ1BtZXdfay1RZXZsdk9qODNfM2pSR3o4YlpRdkNKUExKU29RTTY1NlkyWmJ5RWdORXJ1dm1uMWhlLWpvZVJrQ1pMWDljbFZERHNXcQ?oc=5
2026-08-21 17:58:11,MU,Micron stock could hit new highs with AI-driven memory demand and $10B investment plan.,Pluang,https://news.google.com/rss/articles/CBMijgFBVV95cUxQWnNpMUhKYlRMSWJKU3BuZUN3VklWTDNocS1PX2dzcDRObE9QZjNZWksxYU5yeTFsNzJadkx0d2R4R2RaZDBLbXFMaUVnWDdEWUsyRFFHNEdfakFlMjIxUVdIUFN5dlpaRFJhSnJfS211VnBnajlCNTVZTVRjZG42bzU2eXRCZEJYQnBDeUp3?oc=5
2026-08-21 17:45:18,MU,Can Micron Beat the Memory Cycle As CXMT Scales Up?,The Globe and Mail,https://news.google.com/rss/articles/CBMizgFBVV95cUxPMVBXRUpWa2NyWm1LUFc3dVNVNnZISkR5T0RyT0tlRDJsN3F3SFJsd1JQSG5yRlN0ZUNaUHZ4RV9jN3ZZb3FvU0lhRDI1cnlvTVVjRmZWNjZPOFpqV1ViOGJJTHBQU2djYk43QXNkU1haSHdNTFdzR0Y4ckQ5elkzOFM5eUFhNGpVQkFPWHZwSGFGVkpNeC1PTEJnYmtxRGtBR3lieENJRFFLY2FjR1RCVDNBOG8yU0FRaUhUbFphMEhNRUJYMFNfR0wzOGVNUQ?oc=5
2026-08-21 17:33:10,MU,"MU Stock Alert: BMO Names Micron a Top AI Memory Play With $1,30",GuruFocus,https://news.google.com/rss/articles/CBMitAFBVV95cUxOUVpQbUowSVNvQUo2dGxpQ25jQ0t3bDkzN0pKdEVCVUh2VnRBOHhlTllLbmZWdjZnazdRT2RxVkowaFE1LWZzYmJ0clZpT0d3VGJiY1hNWHBTbVV3elNZVDZMeUJyYUpyNzRhQ1JCcFhSMUtSNFp2eGRYdmhUMm5yTjV2UmlZUExUbzU1NERYUlFJcldyckxvUGhKT01mUnZ6c0x1djhwQzRmYmdMdGJJTHJHVlM?oc=5
2026-08-21 17:18:48,MU,Wall Street analyst sets Micron stock price target,Finbold,https://news.google.com/rss/articles/CBMifkFVX3lxTE5mZ2hVOEVERmRlaDRReFAzRnJrWmc2VlRZTXN2aTNsaHFVMDl1bEhsVDMzMzVuOUNqRTZxRmpGNTU0aGc0eTJmQUNDMVJrekkwTU1xMFRMaTBOelh2SE9kN2NUWWRIbWRXb016NjZObUdTaElqNTJwekI1VFBqUQ?oc=5
2026-08-21 16:50:00,MU,Is Micron a Commodity or an AI Powerhouse? The Debate Driving Its Low Valuation.,Barron's,https://news.google.com/rss/articles/CBMilAFBVV95cUxQaFIzR3hJeENsdUxQNHphampmMk9IVVlOMDgyRmxhdmlQTlJxSUxObVhMSHY0UzVyVWktbWczRVZaQTQwTm1DYnZLb2VXdUdrM09remd5UXB4azVOSGF1ZmtqenkwVVN4WU1GbWtxeC02cGo3TktFWFRrZS1SVnNnLVd0QWZfWlBMR0ZrSVVoXzZrZzdp?oc=5
2026-08-21 16:21:18,MU,Micron Technology Puts Have High Yields for Short Sellers Even With MU Stock Higher,Barchart.com,https://news.google.com/rss/articles/CBMixgFBVV95cUxORjllWjJVbjdOLXlUYXVTVnUwVjE5cHZmZVM3S0N2bU5Sak11eFlhZUJYRzJMM3hCd25lY1dlcVV1RS1kNmxONWtfNFBjUkR1eDM4dTBHRGFWdy1xd3NiNVdwV2QwU0dlOXBoVXh2WWpqNDhxTERkdHBJT0IwaHJZaVBYa1hnYUlNMmdzR1NCbjhRU1owQXlzNDVCWUVzOElUWEZGbVM1d0RoUmd0Y3dkWGxzWnVoSjdlc3J3S3V6UE5GMnFTQ2c?oc=5
2026-08-21 16:20:42,MU,Can Sandisk's NAS Expansion Help It Challenge MU & STX?,Zacks Investment Research,https://news.google.com/rss/articles/CBMilwFBVV95cUxPaEVEZlBhRUZnWUczNVZENnJNdzZxbDVnYktvZUFHODlodFE0cGV1UVl3ZmRJQkRNdXhOdGtDMWI5RnJ3ZjZtaVpfUjMxNnBnOUQ2a252cmI4eThSWkVwRXVpT1lwRHhMN0NycFhhdU1YOGZSWk04MEhueWtXWDVFY25XZVFRbUFSUmhFTWNoYzZzNXd1VHMw?oc=5
2026-08-21 15:54:30,MU,$Micron Technology (MU.US)$,Moomoo,https://news.google.com/rss/articles/CBMigwFBVV95cUxOTXd4XzVUNHZlUFJwY0xWTTRFUHVhSEFBVDFrNG45bnRxdDdrTU52bVUzQWU2MDBnRWVZaHZBQkVyMXBzRlVkN3JacDRXMGZKU3lhSkhqamdKSW0zc1haNmkyRzFMVmRUSlZmQzJmREl0bVZqZ05ZbHZjR1dTc1hDYjlKaw?oc=5
2026-08-21 15:01:22,MU,"Micron Technology Q3 FY2026: Revenue Explodes to $41.46B, HBM4 Ramps, $10B Boise Lab Signals Long-Term Memory Strategy",TradingKey,https://news.google.com/rss/articles/CBMihAJBVV95cUxOanRxUmswR1hNdlJkVXVER0VLaGFZY2MzUDVWNUEyV1N0Z3hPcHV5M2tQVGsxSEhVMTRIVE96Umh3MTB3anlNOEF1SmExTWtXMGJOaGZKb1VVT3VWV2Rld2JPc2MwOWdKM1dkQzlsZ1pwaFZMSE1Jb2tVcHJ2M1J0am9xVnd2ZFlCdGx0bnRkcmozU0R1bUtGTXU3Z2xwNDJqYkwtZG96Qk84SzlWQl96dDJ4YUt0YXExbEU5Ymk5NEFQTEd3dlZQSVJDMHNDU1hUbVNZbFVydXlkS1FQRHRfZFlpTGthaWI1MVFnRDd2TUVidmpZSThmS0dqMmFOcWFtbVRBaQ?oc=5
2026-08-21 14:56:53,MU,Micron Stock Price Nears $1000 After Revealing $10 Billion Plan,Watcher Guru,https://news.google.com/rss/articles/CBMikAFBVV95cUxQODJQWnJMVTF4YXJ1alNJMi1uWndUVUN3N3BSWHp6RHQ3SHdEVi13b0lTRFFUc3dyWUkxX2FCMk1DWE5pSl9DXzl0N1FsYnlrR01NUlJtZkNncF9BeG05VUZqZTd6Y0xFRGZrdWt1V0l4WDlhc1prV010dkRRNGEtcUpoRV9aZXdqdWI5WTZJNWw?oc=5
2026-08-21 14:37:58,MU,"Nvidia, Micron among 10 stocks initiated with bullish views at BMO Capital",Seeking Alpha,https://news.google.com/rss/articles/CBMisAFBVV95cUxOX2tVRXZKNVk2NEpOaFJJZ1B2eVNidTNmNkxtckRDX05mRjFjckpTcThSVHc2dmtreDBZbkhpY0tBcUE3VlI1bER1dGhzcGh2NlQtN1pHa29fMWpjcHVaYkxFYkdfX09SbHFwaW5FeVowT0ZOQ0lYRGNtcXZLV0lVNlQ2bEZucjB6RW93Z2dud0FaRDBkQmczRzdRT0ZkeFFTbEdmZks5TkZzRmhyRWlNbg?oc=5
2026-08-21 14:22:45,MU,"Jim Cramer Labels Micron (MU) Stock ""Radically Undervalued"" Despite 700% Surge",Blockonomi,https://news.google.com/rss/articles/CBMingFBVV95cUxObGViRlJydjlOeFNDc3k5anBVa0EybE4wR0NsV1lHamFSQUxGeHBJWUl5VXdGRmM4cE1kenZzay10TU83R29HblFQSUZJd1NhU0VhUmpvbnZzTjd3M1pLejdrNHd1eTl1YmNlZG0xR1NxUWZzZ1hxU0g1XzdCT0loRTlKQmg2UU9qVEh4MzNac0c1UmJLc1lja1RRQUp6QQ?oc=5
2026-08-21 14:19:58,MU,Micron stock up 741% in a year; valued fairly b...,Pluang,https://news.google.com/rss/articles/CBMikAFBVV95cUxOYnRnUG5yU016NC1uenRtcE5fME1UZVJFRU91dDVhYmJPeFc0el9xLXVJYlRoTjNBbmliM0VTOFhrZDBVRGhxUWVFMDBzNnBKM3Z5OWZfendOT3ZIRkZHQTdYSW5VdzRZVnIzdDF6d2RTZmlsN1hCMDc5YnFUZk5KSVdvNFVpc3RRSEhYV2dEMC0?oc=5
2026-08-21 13:47:47,MU,Jim Cramer’s MU vs. WMT take: Evaluating the ’jarring gulf’ in stock prices,Investing.com,https://news.google.com/rss/articles/CBMizAFBVV95cUxPb2x5bkxEUFp4c2JIRVJWRHdmM1B1NHhUc0UwYmZvcGVXWm43MFFONk0tYURCeXVVaXJaamNXTmE2aVdUUWc4RGhEZk1CX214bnQwblVMeTVEQVV0TDNsNlBFQmpmRnlJelFWb1l0a09PTTFfSmo4bW1UeFR3VEo1Ni1TUWhFR0ZxR0tldXZLUUlFMlhsMzJidEFmN2llb0lteTlyNjc3MjRMT3NTeWZaTEhBWEJoV2tsazZNRkp3TGdGZlRxbkNNOGRjZlQ?oc=5
2026-08-21 13:38:23,MU,Jim Cramer Sees Value in Micron Stock After 700% Rally and CEO Selling,Coinpaper,https://news.google.com/rss/articles/CBMingFBVV95cUxQcjB6MmhKTmRyQThfZEt5ZHJ2cm9mRXp2c2VRV2dNMmk5WTQ0cjllQk5vZlZmVEU3blBudUl1RUhNclNVSEVhY3hGRlJXeURJZ0czZ3RvRXVONFpkaGZZdmlPMU5RNnZZV2hxQ2luQVNnMEdPaU96dE9ZVUVmNjdmcWRuRjNWNVdpU3EybEQ3R2UyU3J3NmFYYkxVTjBBUQ?oc=5
2026-08-21 13:05:12,MU,Think It’s Too Late to Buy Micron? Here’s the Case for Getting In Now.,Yahoo Finance,https://news.google.com/rss/articles/CBMilAFBVV95cUxQOWExdktKcElfc1RuSllrV0N5RGlJWEZKY1dtbThid3gwX2VaOGNDSlFqcV9TWUx2UWQtOXJ2ekFOdWFVOS00cnM5THZFQnZjcmQtUEJCZDVpUWNvN1lfbWRxQ0ZpS3o1TDI1Q3pPeWE5bDVUUEwyZ1E2UVVQZzhPbFpLQ1lmQ0dXYXlaMTJqdWdUOERD?oc=5
2026-08-21 13:05:12,MU,Think It’s Too Late to Buy Micron? Here’s the Case for Getting In Now.,24/7 Wall St.,https://news.google.com/rss/articles/CBMisgFBVV95cUxPSkVYbUx0bWhoWTR3UWh3VlV6ZWpVM3pkQ2paNVRyc3dmMndGN2ZjQ0ZLYV91aV9CdDJJc0F1azNUaUdSeVZfUUs1eVhkNEZ2eWk5VWxEc29KMXlqWDg0VTVzYm9JMi1qb0lVNVFTLU1KSDNSOVlwWXplOVlkR29pUFZoMFZQRG01LWpNRFo5MzZ0MnZKcUFqcFhGZ1VrTVlPZjc3YXRQT0lXOXRodkctbEl3?oc=5
