日期,股票代碼,標題,來源,連結
2026-09-18 17:33:33,NOK,"Jim Cramer Says He “Would Be a Buyer Right Here, Right Now” of Nokia (NOK)",Yahoo Finance,https://news.google.com/rss/articles/CBMilAFBVV95cUxPRGdKa3M1b0xUeDhUeS1JdzVCTmhveWZqcjYzSG9fTmNETk4wNXRQbmRUMWc0TFdMWFRfb0hNZTNteU11MF9sU013eXRlRUhIUzBicGlMWmQ3TVlRWFAzRENWa3RJaDRGblU2RkEtMUxuSkJjajczSEppQngtdGNJRklLajJ3a3ZET1h3MFFaaGM0aWtV?oc=5
2026-09-18 16:25:36,NOK,Can NOK's Network Automation Progress With MSFT Boost Profits?,The Globe and Mail,https://news.google.com/rss/articles/CBMi3gFBVV95cUxQTVF4MkR0NlBZTEcxOWJjLWFsVVBIblNOZVBNa0tqUmJHb0pucHZYUnRZWkZRS1EwaHVfdlczeTBYTFZDYjRVcGRCYWtwODdxOE9BaDlWUW9tcmdiOGlSNTNnUUszc2FHRkxvQ1lkX2g0ek9fTW5VMmtEa3VDYjZkY1FaN1Z6SFJoal9uSzZoemw4bDdTVmhnVGpfblE2VjhXUmFfWlpRQlVYNkZpXzNxUGVTa1hfT0haWUxzT3lhYTBuTXNlQVVBTF9DZnI3TExRZUFFX2ZRZnQ4VWdJcGc?oc=5
2026-09-18 16:20:00,NOK,Can NOK's Network Automation Progress With MSFT Boost Profits?,The Globe and Mail,https://news.google.com/rss/articles/CBMi3AFBVV95cUxPYzQ0TkJEY3o2dEhrVzg4dlFjOHlQOUk5ZDRZZDdoaUFiX2V1LTlLVzVRZGhtdEdHVmgtOTh0NURTZThiTGE5c3pFZ05oSFdkVHQ4RXpJQ25IOFpGeE1QZXEzZDMtS3FXTVdOUmRWTHNXa3JJQzNnUHBMZUR4VnZRTzY5RUx0dk5xZGE0ZlNPd1BHdlp4WUJnaVJ6VWlVemZ1MWJUaUNoSldqNXFVT0VrcFFkb0NMOVFtOWM2R3FxMzBqR2hFZE5PZE1lN1cyeURjMWhOTlpkOTktVTky?oc=5
2026-09-18 15:14:00,NOK,Can NOK's Network Automation Progress With MSFT Boost Profits?,Yahoo Finance,https://news.google.com/rss/articles/CBMiowFBVV95cUxQR2ZkVFJFWEM1S0I2dHFDdTVwZDNtMlZMUTFQRnd3ZXZ0SUFHbGNsZGlNNHJZQ1FTYkZrRWxMWXJ0c2IzMmdnUlZSQTVlZ0NjbVpJRzB5eFdxdkRmamd5WTg4WUItYnJMbkNJdmdReTUxWk1qNUE2ZEZZUnY0eUplYnpyQXlMY2l4SmR6OGN5NXJvOVljMXVKckRmUFZJYjJTTDVR?oc=5
2026-09-18 14:46:43,NOK,$Nokia Oyj (NOK.US)$ [Broken],Moomoo,https://news.google.com/rss/articles/CBMiekFVX3lxTE1NaVZrZjF6Y3BXTDBqMER2cUNmWWU1V1dvT3RiSVd2YzA3ZHA0VzR6UlFMM0h6d3BfdVFXTVNmdHE5emFwOWp4Z0ttbTNzV1lCTXZGSEZpdkNHVV9vSmZ3REI4TGROQVBfV0JWWTRLREFWZWNvdzJ5OHZn?oc=5
2026-09-18 14:43:13,NOK,Time to Rethink Nokia's Valuation: AI Revenue Under 10% Drives 60% of Growth,TradingKey,https://news.google.com/rss/articles/CBMingFBVV95cUxQUU5zVjVtWnVQZFphUVdGdXg1cEF3Zmxrc0Z1bHdMNmY5WjlNVW02U3VVb0pvdTljSWpwdkNtUjNVUERqcU9PcmZab3VsbEwzaUI5TzhGS3VBS2VjSnN5cEpxbEN4elo3MVJHS1RVVVY1OWxqWE02ZExJRjgyUVcxeGZScXFsNjlJbmk0ZXVoMWQ1MTVuQVp6N28yWVpZZw?oc=5
2026-09-18 14:33:44,NOK,Can NOK's Network Automation Progress With MSFT Boost Profits?,Zacks Investment Research,https://news.google.com/rss/articles/CBMiowFBVV95cUxNTEZib3dYOUdkVGpvY3QyNXl5UXdfZE1rSFltMWZqVzhxaHZVdGlwV2tCR2F6a19iTldJRVl4Z1RwYUJMZEZ0dEg4b1lIZmtMc2s0YXlNOElmTEo5Zjg1UHIzRVl5TV9kbkVqMkprcGtmcGsxWE9VNVk3UXoyX3lKc1BpQTQwTnNoQ1NvbU9sRWdvNE9ycXMxRG9pS0FlNllKcUZN?oc=5
2026-09-18 13:05:00,NOK,"In AI Infrastructure Race, Nokia’s Optical Bet Outpaces IBM’s Software Pivot",24/7 Wall St.,https://news.google.com/rss/articles/CBMiuAFBVV95cUxQYWRDYlk5UFB3U25xY1ZXVjlzV1lRR0N5NWN5ZEZNb0JDYTNxQTItV0IwZ0RBdm41TWdKZkxnSnV2T3JoQ3k2dGN1NGRjX01Rb2xlVkpRLTNPWmp3eWo1WTZQSFdIaUhMMlQ1Si02eXhGeU9Tc1ItNE9qanZ5SUVka0JpUHBtVk1YRmkyZklxSWhkOUhsQ0RHSlJ2dHAzaXo5THhVV190WF9IZ1FPSzNSQ1V2QVlSVXpY?oc=5
2026-09-18 10:34:09,NOK,Nokia (NYSE:NOK) Advances AI Native Radio Trials With Global Operators,simplywall.st,https://news.google.com/rss/articles/CBMiwwFBVV95cUxNcVgxY2RSaXpGWi11WFE0b0JOdXhCVF8zTmRyTHhxT3NjeEVRQW1qZUFYLWVwanh3TDVCR1k4T1pmRGoxekVvbUNZRUJLWHoxRWVuck5xekJyX3NfSUdsdHQtSVFQM3gwNm1hczF6ZEVZUlVPSUp0SEktQXFjVDN2cUxrc1dIblRZMUpzZnFoUVRRN0RYa290ZE5uZkpOdXBVVUVlanB5TEs0cTZVUGdackNoNDhqRHp6b2hkaElkQVBsYmfSAcMBQVVfeXFMTXFYMWNkUml6RlotdVhRNG9CTnV4QlRfM05kckx4cU9zY3hFUUFtamVBWC1lcGp4d0w1QkdZOE9aZkRqMXpFb21DWUVCS1h6MUVlbnJOcXpCcl9zX0lHbHR0LUlRUDN4MDZtYXMxemRFWVJVT0lKdEhJLUFxY1QzdnFMa3NXSG5UWTFKc2ZxaFFUUTdEWGtvdGRObmZKTnVwVVVFZWpweUxLNHE2VVBnWnJDaDQ4akR6em9oZGhJZEFQbGJn?oc=5
2026-09-18 10:05:33,NOK,Equinor (NYSE: EQNR) continues NOK 1.97B share buyback programme,Stock Titan,https://news.google.com/rss/articles/CBMiqwFBVV95cUxQYVZKY3lXaGlQZTdoTS1GRHNFdndxYm9EZlNaN2NLYXRJNGJfeWFiN2FERTM5b0x0Ty1SWHdxRmJlZzhBbmhfYzN6QV9pWlppNENuOUIybHJSV1RYU3ZGWFQyMnJzaXo5aC15WkFWOTc5dThQQXFoX2VIaEFYU2ZjY19hM0JvS2FkeThPeVJuWm5OcHRWdlJCTTVxWDUtZGY2WnRSb2J2RC1nMFE?oc=5
2026-09-18 07:34:51,NOK,Fortum’s NOK 47-per-share bid for Elmera nears deadline as board urges acceptance,TipRanks,https://news.google.com/rss/articles/CBMizAFBVV95cUxPVXFWblQ5Y3hCVENOZDdVTmFHbER0YU1rRzlQNnptWG9JMG5VeUUyYWVOTl9uOXdaU0FLODVpZzA5dHAyV3RVdFhUUUEycEVzdGVLVC1iQlp3OGM3LTFrSksxaGdRZ2l6WmJNSlpWVzZ6b1dYcVlkMDRXdkg2Q2Q5a3FSdHpJLW5xOGthb3VOOEVibERVUl9iU2k4SmZxczVfaDlWa3I0dllpQWx6ZjgxdGZ3QmE1MnpPUDRFS2RHYWczaXA3U2tOVTFXWWg?oc=5
2026-09-18 06:00:00,NOK,Goodtech ASA (OSL:GOD) Proposes NOK 2.00 Supplemental Dividend,TradingView,https://news.google.com/rss/articles/CBMivwFBVV95cUxQeXpVRzVkNGtIaVB6RG1iT1hGN3kxMVdmYVlEQTdRa2tnTGRnd1FOVm1MX1JaYXFrMXh0Y1h0S2ZDYi00S29EWGJjbTBlZ29FNWFvSXhkaFJzMW5XU2FMVmhSNENxUldjSGVwMXJaYkYwOVkwR3lXaU9RTmlUMVlmbzZCbmdvNlZMOFFDMUNrQXR5blZIeENmZlJSRGVaam04LWlLVm5JS2Q0TzIwd0NQdTJvRHI1WTgzSldYLWRJdw?oc=5
2026-09-18 05:49:11,NOK,Equinor pays NOK 3.6882 per share Q1 2026 dividend on August 27,scanx.trade,https://news.google.com/rss/articles/CBMirAFBVV95cUxNcDh4VmhTVzlGVjhJUWx3SVZjclhoVHVzb1lPTk1fMHJCRVJZeTVENzVUS05RYjY2MDZyRVhnUWpGNUpheGZNNmFjWEV0SUg1SkFwRGYwc19DbzlxYl9zOW12aWFPR2I3ZTZHVFFMVWRNT0Zfa0lKX3Ezb1ZLeVJjTlN4T1hpTWtYLXEtTElEYXVDMi05eWZ2RmpiM0lKNW9Nb0I1Q1JaVTZ2SFZG?oc=5
2026-09-18 00:44:49,NOK,$Nokia Oyj (NOK.US)$ Quickly catching the rebound can also yield decent returns,Moomoo,https://news.google.com/rss/articles/CBMipwFBVV95cUxPeU13eElwS3ZLdkJCMmlzdDdjVDhnVHpUZmF2cHlzZzRYZDE2SGhrSnNJREk5R1pDWG9xSFp3M2NtVS1vS1A5NWdOUTU4Nmh0aTZKcVRpenZyWHpOTGRfWnlXQnlYckZXendGQjlyOHhST2VYdkJPa2t6U1l5aVlyS0JXRnpwR0VHSWdYSzdvVlBVM1U2a0RmemdOOWlfdWhwM3BVRHJtRQ?oc=5
2026-09-17 22:54:07,NOK,"NOK: Nokia Corp Latest Stock Price, Analysis, News and Trading Ideas",Stocktwits,https://news.google.com/rss/articles/CBMiSEFVX3lxTE5qYXk4bFU0SllRVGhKNU5ELU1rRkhTYXFDOXczc2FlYVJmTDdScmd3Vmh0WllYelZ1TFZNQlA0enJ0Z2dfOWVCMA?oc=5
2026-09-17 20:49:00,NOK,"Nokia Stock Jumps As AI, Defense Deals Drive Rerating",StocksToTrade,https://news.google.com/rss/articles/CBMiiAFBVV95cUxPbkJQSDVHaUhKbWVpcS0weGUzelY1XzR3V25wYjVqaUhzSzBRQ19MRlh5d3FyNTRSVXB3a3phUVhKczNuQVdSdFF0RVg1bkFIOXlxeGhkcVpwU212T2NUV2dIWGJ6RW1wV0dhM2J5eDJZRGVUU2RjdTF4N0FWaWtyelJUMVVrR243?oc=5
2026-09-17 20:47:00,NOK,Nokia Stock Rallies As AI And Defense Wins Stack Up,timothysykes.com,https://news.google.com/rss/articles/CBMijAFBVV95cUxOZ09hN19Obmp5cWNmYkVTdVF0T1NYd25PSFNMSGJLc1hBcXUxd1RQaUgtaTQ3bjNXVFcxUG42c3Etc2I0ZTU1c1lvMVRGcFhKeVozUzVwMGYzd0FONnctbHBvMzdqbjZhMW1sVDNaTG9KSlZ4c3hCakhISGFlMTBHLThkVzcwcjVlOXhrQw?oc=5
2026-09-17 20:36:22,NOK,Nokia (NOK) Rises +4.59%: Technicals vs Fundamentals — Which Wins? 2026-09-17 - Rip Sell Trade,CarePlus VietNam,https://news.google.com/rss/articles/CBMisAFBVV95cUxPX3ZMMG1QSUVvUjliTlVsd3dJSy1WbHpFTHhXSGV0QXpBZnNTcXVWWTl2V3I1S3hhQ1l6U1l3TDhzZ3FRZ1g2aU5PaGxwbGtHUmZ4UnA4am5PR3lNRFJBNV9iQzhLQnRYNzJaOGVHS1hBSWQ4eDJmMWZhcXR5ckw5SjRCTkRmUGxraXlYOGR4dS15Q3dmNVlHQmNhb25penp3NEVFaTRPdTEtSjhqSUZIYg?oc=5
2026-09-17 20:10:02,NOK,Behavioral Patterns of NOK and Institutional Flows,news.stocktradersdaily.com,https://news.google.com/rss/articles/CBMiywFBVV95cUxPeUU2bjNOaXZodFFQcHRDYnp3dkJaMGZuWHdVMExLaGY0X2lkSEFXTkgyYmV0el9YS3FCZURPaGxHamxKQ2k3dlYxYkQ4X05wNlVTeThoTXFhRjZfTVVjMEtIVVBZNlUtdTR0M0R4ZnZRb2wyZGt6RldsaU1IMVVtdzVUOFAxT0M3RVBEVVU1R0tTODNKLUN2X0lhcjZ2NU5nTUlLQmFzbHBsWEZkVVpCZmVDV2NVRHpxTWJEQ1pjWUNVVzhZZTNiRmZycw?oc=5
2026-09-17 19:05:00,NOK,Nokia Stock Climbs As AI And Defense Deals Fuel Momentum,StocksToTrade,https://news.google.com/rss/articles/CBMihgFBVV95cUxQdDBqZWxQeExrZWRNZE1wNVdLTW9ZNExMSTRqczZ4U0VBazZnN19ta05sT29ueU1PUUxzT1Zwbm8zVHpuTGNJc2FwcGlJOFo5YVFIM0NqVXNZR0hiaHpMWlNhZXljRGxqYWctbEhxa0F1U2xUWFRlUklSamh6bk9HbVZfSjFNdw?oc=5
2026-09-17 19:03:00,NOK,"Nokia Stock Climbs As AI, Defense And Optical Deals Stack Up",timothysykes.com,https://news.google.com/rss/articles/CBMiigFBVV95cUxOUGd2NjJwVkFZSzJ5cm9EcWQtazdUbjFFSlhuYnBXVDFMcVFaTldrS0x4VzBpdk44b1lVSi1uTC1pNE1RVjlrcXpoU09lQXluOHZmTkRWY0Ywa09RRXdLRWZzT3BoSnU4TW9RMnFuUXBYbGRqYW1PNmZMcUZQZlZJcU1mVEpuQnJqV2c?oc=5
2026-09-17 19:02:50,NOK,NOK Initiates Coverage On by B. Riley Securities -- Price Target Announced at $15.00,GuruFocus,https://news.google.com/rss/articles/CBMiuAFBVV95cUxOWXhTNGJWNTZDMk5VamZ6QW1pTmhnanA5SmlDZkJ1eVVuY1luZy15Q3Z3WEFwbmxYY3dfWFV5MEdEeXAtalZXQWRXb3I3c3RoTm5oX0FoT21wZG56VjhrNWZIaGhMT2txbmlHTF9xbzRIVGNTWXU1eEVZVDNMUDEybEZzX3lFV1kyUjdDWmg0SExHSk0xSWh3STk3cmZNLXdEY3JTRVNOTzhqN2szd0FFUXNYbGtNMHh3?oc=5
2026-09-17 17:56:34,NOK,NOK Stock Rises Overnight: Analyst Calls Nokia AI Optical Dark Horse Trading At 'Conservative Valuation',Stocktwits,https://news.google.com/rss/articles/CBMi-AFBVV95cUxQdFJQS1pVMWp1SWFUVnRyM1ZwTF9ueVB3YjZRdUNhbFpFWWwwTmdWWjE1NnVlbXJHMHRDUlNpOHJZR2VBR1M3eU1GWW1hbk04cmItZG8ya3FqYldXYWpjZDZlSlR2Q1hXUG10ZVNwQWNod1V0WEZkc2dXb3ZENHVKaGF6WmVzQ3NGRHNfWDFIRW1kRUtkV0ZUamJWTmpkYkN4TU5BbnB5OWM1RzdLWWZ3MTVFLWRTcC1lS3BKWTNVN2lRajgxbksxSFhmelF2UWRnbjhreHBiaEdvc08yTmwwUTBaLW1BRHNRQWxoWVVfQm9mREh5aFhoTw?oc=5
2026-09-17 17:41:57,NOK,Nokia (NOK) Stock Jumps Almost 4% on an Expanded Microsoft (MSFT) Partnership,TipRanks,https://news.google.com/rss/articles/CBMipAFBVV95cUxQd29GcTdSWGpVZ0UxUUxJR2JBVWZrdU5hTGhSaWxjaFA2Yl9ZU2NvRG1YeVZ1dER3MG9fVUFVN3N1TWtFUTZEVk02YWExc3ZSS0dNR3VSSW9GZ3JpS3NuM1JQVU1RVVpudWN4SmVzUVNKQlNtRk5KQWhOVldSbHZWSExPZUtuejZTSUFjcXAxVzNVOTlfM2NiRVpISzdxbXc5SzcyWg?oc=5
2026-09-17 17:40:00,NOK,Jim Cramer Picks Nokia as AI Supercycle Winner While Dumping on BWX Technologies' 30x Multiple,24/7 Wall St.,https://news.google.com/rss/articles/CBMi0wFBVV95cUxPUkplTWNrMjUydTZCM2Rpa0pqUHRvQXBvTFhvRzZoakJLcEFub3huV0VKTDMwWDczVnFnTThYU3dSaDdaSHVURnVFUDhQTUhjT2s0WVM3Y2VJb29kcXhwVlYxYWV6UG9sT05TLWRXbXZIbXhxd3NESHQ0VGJZQ0FzWXdvLVB3NlcyUXFaU1FjRTNta1h2NHNWVWxkbzVsV3kxdUJDUGZfNTlPRGkxRTZISmRLLVhBbndiTDFSTjRVeUxha2FjdnIwRjJBLUdRTF9BNGpZ?oc=5
2026-09-17 17:22:42,NOK,Gjensidige Bolsters Solvency With NOK 1 Billion Tier 2 Bond Issue,TipRanks,https://news.google.com/rss/articles/CBMiuAFBVV95cUxQWjV5MzRlYy1uWDFCN2xjUVFGUDlsUGhvSWJ5MWZlOXd0YzMyT1VWS1NzQWFxMnFBOHFaN2s4RThhbGIza21WNUVoam5SbTRlR0dCT2JwQUYwRGZjc1ljbDJDUzk3d1dIRm93cDVSS2l4a3FQTWg1eWNncF9qSnR4dWo2NmNQMTVhX2JnUG92UnNndmxyal9fM0QzRGJqWm9mM2dyUFlrTWpGQWROTkhJV2pPa2phMDNW?oc=5
2026-09-17 16:38:29,NOK,Jim Cramer endorses Nokia stock as a buy amid AI-driven growth and new Microsoft partnership.,Pluang,https://news.google.com/rss/articles/CBMieEFVX3lxTE5OcVNmbXFJclNJSFlZWnZCcUZKUEFYRFNCVW9oeVpycV80UXVydUE5bl82cXg3S3V5aTNRQWFPVWdJaXJ2UUpPcXNkcElZUmNremxxRWlzRU0xaHZ2al9nTmJENlhGSUltYWNzX0J5QWJOSm81Nkl4Yw?oc=5
2026-09-17 16:15:49,NOK,Nokia Investors Won’t Like This: Jim Cramer Says NOK Stock Is a Buy,Yahoo Finance,https://news.google.com/rss/articles/CBMilAFBVV95cUxOUmJLaWlFVTZMbkUwaTh3bXlHVjlzTjF2YVRDWi1PQU1aSFlab0hNMEhLTzFlTDY3di1XeVpUTjlKX0I3MWxJdWZCbW5SRjVncVF6RHRHcWswZlZuMTJhZFhJUjVHX2FPcEZYTmNZWjFBYzAtdm5FUHlnc1B0Q0lUZEFpdE1aRmppNnNqMnAyQXZwZnQ2?oc=5
2026-09-17 16:15:49,NOK,Nokia Investors Won’t Like This: Jim Cramer Says NOK Stock Is a Buy,AOL.com,https://news.google.com/rss/articles/CBMieEFVX3lxTE1hU0xOTzlldnBjNFUyUzBNcHJ5WlJ1aGNHcTUxSEN4ZUxTLW8xdlY5TXJ1OENVNnhFcGUyZVRSOS00c0tINEVWT0JwVUhkaXdjWVpVZjJKaTJyMXp1VVV0elhhTHZBTGlFdlI0UzJZYVZvRk03bFNIQw?oc=5
2026-09-17 16:15:49,NOK,Nokia Investors Won’t Like This: Jim Cramer Says NOK Stock Is a Buy,AOL.ca,https://news.google.com/rss/articles/CBMid0FVX3lxTE9BaEMzWm50b0ctRlY4Tnk4NnVqb2tUVzc0SWI4TVJJaGRuZVhycndjUlZ5R1o3SEY5U2NmaVNEZXNSNHAyeUVTWi00dDlfRWVsblFWT2xnQTRPZUd2RzFlT2hQSlMzeng0YVFlLXpycGJLQUFfaDFZ?oc=5
2026-09-17 16:15:00,NOK,Nokia Investors Won’t Like This: Jim Cramer Says NOK Stock Is a Buy,24/7 Wall St.,https://news.google.com/rss/articles/CBMirgFBVV95cUxQUk9kNUVoLTdlbm5jZmlTdHMybS0zZjdUZTQ4ZWVEV3FmaXBSWWNWWmVkazBZaXF1X3pyeS0yQjBkSHNscmVYVXZEZTl1OFBtWHhJMzZJb3dkRWVsLWt2LWhXb0wwZ0lFM29Pc0ZtN0lOa2l5eU42N09VbUp1V1ZYb0Y5RGlOOFNzc21vVGM4amx5bG1HNl9pcVJocjFyc2FLNlZ4UVFHWC1pYlRZQ0E?oc=5
2026-09-17 16:13:08,NOK,Searchlight-Backed Nevedal Invest Cuts Stake in B2 Impact via NOK-Denominated Share Placement,TipRanks,https://news.google.com/rss/articles/CBMi3gFBVV95cUxPQkotQWlBWnVNWV9GTmtwNzZFUEswc2dYOFRhTkx2TzNNV0NGbW4wQ3JIR0Fwb1pTUTdxLS1Vc0xacXdJb1NTNWV3RDBHczVieTREMmxNQUQ2ZzRYMjAwbW1tNDdXeTR3a192S0pmaGR0M2VuT2N0cWxTc090TDVmUzBpWjBfSUFoZC1vNTNBb0lpWnFzTWxNQUlJVHJMVGVILW9VX2pHa0pSQmxfU3BDRTFDYzZkRUhnQlUyQ1h4WWtEbnpvVzI1bE9KS2pkTm56NVBvWFkxVnBOb1BEeFE?oc=5
2026-09-17 15:51:42,NOK,Nokia Stock Adds 4.4% as Microsoft Fabric Becomes Its Network-Data Layer,TechStock²,https://news.google.com/rss/articles/CBMilwFBVV95cUxQMzNxdkhqbFQ5OXJ5aV9Jako3VVpnVmdjbDZvWi1NSGNPUEp4VnBmc2Z1ZnE2NTB6UXcxajI2bkRzbFdFbTBLWFl2S1pRS0Vhc3dRaHE5VXNKV1NCZE1tTmpEU2xocHRnQ1dMOEJSeFR6aTFsNW1IU0ZuQ2tobTNwTzVBSkNDQjdxdkFHT3drYnhjbXFOVUNV?oc=5
2026-09-17 15:51:42,NOK,$Nokia Oyj (NOK.US)$,Moomoo,https://news.google.com/rss/articles/CBMiekFVX3lxTE1BSVNNNzlwZUNabW51RUVBWVU4QzdwQnRUeGNQQjlBalpiU1V3dlp1ZUxYaGcwU252STFoWmhWZHZJbjlxbVJDZWpuM1RWT1FSMHRmM0IxQUFLcmhtWFpZdzRzZ2g2UGZLZnFDZFY5a1puZGRhTnRMOGxB?oc=5
2026-09-17 15:30:30,NOK,NOK Stock Jumps on the Nokia–Microsoft AI Deal — Can the AI-RAN Rally Last?,TOP1markets,https://news.google.com/rss/articles/CBMiYEFVX3lxTE8yOUVTRGxselk0RXhOYXNfY1ZBRkhKRTRqSkR0NnM2QnVmaWxiNmdTNFN4aVJUUlJXa1FaQndmOGxScU54REVJb1BLZU53R1pvZnJiSUNWN0lrb2R5d2hBSQ?oc=5
2026-09-17 15:13:16,NOK,Goodtech Board Proposes NOK 2 Supplemental Dividend for 2025,TipRanks,https://news.google.com/rss/articles/CBMisgFBVV95cUxNNk5PYTJ4SHdVRDhuS2Y0U29yOEJNS29NbG5LMkV3cUhISlA3Y0puSkpmYlVXN3lONElkaUJ0YURJQ3ZNQ2daQ2s4VUJ6RHVrZzhpT3NvLWcwYWx0SG1YN1c0WGh5Wm5TbVVGTXdoaHItQkQyUm16RFdTaS16NmN2NGVNem1LU3lLNXhUdFdhdjVUalROeWhPLUtDcHY2NGYtOVRQR0s5ZFdyUHRnSGc3SUxB?oc=5
2026-09-17 15:11:14,NOK,Techstep Sets Terms for NOK 100m Rights Issue to Bolster Device Lifecycle Business,TipRanks,https://news.google.com/rss/articles/CBMizwFBVV95cUxPVzNlWXBTSmtXbFM1c01HX2NNNGlWcTZGVW5TZkl3NkExaUZzMGwtQm1uRmVySDF6X3NmNm94ZUZaTjZ0Y25iaTljblRFdDcxalBYbEozV0ZDSlNFZmhMVkQ1WjJlN1Q2dThoQXB6M3V1S21KME1tX3loNUQzSVpSb1dsd1dWcEdKaXIzcGhWMWtZUnBka1pVY1loX1hGeGE5OUhLX0JZU2dsSkpLR09wbnN5VVk4bjdiVjc4Z3Y4R3gxRV9TbkFEcFR6SXVoejA?oc=5
2026-09-17 15:02:00,NOK,Elopak ASA (OSL:ELO) Completes Buyback of 500K Shares at NOK 36.40 Avg,TradingView,https://news.google.com/rss/articles/CBMiygFBVV95cUxNUmZwN1R0clFXbEVyd2c5bVNMdlNibmVOWnk1YzdGR2FFd3ZrN2tkbDdZNG9OQ0VrZVVWYndCdW9LcUtOWmVYRFd5X05VYmtyNzRoenhJRGNTRVpfMVZscVo5YUx1RUdVRDF5czdXQzN0M0Y0Rmszanl4czgxOERHYUFnVXdJSDdIcG1vZ0lFN0xDSzZwZHVWTW9vZHd4MFBSQzdUUlJzZGlacmNfdXBvYmZmNWp3Z3dwRUt6UmFqMGpickwzN3I5ekR3?oc=5
2026-09-17 14:46:09,NOK,Goodtech ASA: The Board resolves to distribute a supplemental dividend of NOK 2.00 per share,marketscreener.com,https://news.google.com/rss/articles/CBMi3AFBVV95cUxPcTdqSExjYmRTZTJzc1BkVWFab0F5NEpuX2t5bWxURWJiOU4zOFJHa2RtY1dZSkFBaEduZGk4SHZ4WC1tc0hiUFI1NDdkczFSTmUyTno3RElWdG1OUWVmblppT3lFSVR0MEJBRXNhMWNzZDN2T05HTVBZbWlnV0VGNVRnMDZjem1CVDFOclUxZlB3YkFxYUh0Q1Z2eTM2T201ZThlbFN1bEtXT21aNnRRbnJMOTdkQ3QzRnNBVDRQSm5NVno4cXhMLUNxNUhUTjY2cXpHSUU1RnpVVWJo?oc=5
2026-09-17 14:31:00,NOK,"From Flip Phones to AI, Nokia’s Microsoft Deal Boosts Its Optical Networking Prowess",Barron's,https://news.google.com/rss/articles/CBMidEFVX3lxTFBNSkM0a3RZaW9wZDJZaE0tdVI2cVRFT3NBVDlmVDU1QjIycDNNWEltNmJuNDN6aE8wR0Q0Vl9RUXJnX2RwN0lxaW96R21Hc3lYTXJpQ0tuZ0d1dUZKUDVfX1hWeXgtNWdKME56SEN1bEMtUG1p?oc=5
2026-09-17 14:30:05,NOK,"Nokia rated Buy on strong AI, cloud demand and network growth with solid EPS outlook",Pluang,https://news.google.com/rss/articles/CBMipAFBVV95cUxNNW50YlloRGIzYk5iT1p0SWZ3UWVlYjZJMWN3X3U2N3cyRloyZG0yTjNDNHpZSTdjU0NIa1lpVUZfamhnQkpYb1ZrMkNjOXlucU9kZjMxTWxFVHk5RWFzZk01T0UzeHZqOG5scUVkYjJERHNZaW1fMkhzQ1p5SFdsMlhpYzdSMWxTMlVrSjhnVUxyV0t2bTMzQmgtanBSZ1NfTkpOUg?oc=5
2026-09-17 14:15:27,NOK,$1000 Invested In Nokia 5 Years Ago Would Be Worth This Much Today,Benzinga,https://news.google.com/rss/articles/CBMipAFBVV95cUxOeDIybUM0TWdJZmIyRXVKXy15aDBrVlR2OE5DMVh6VjRmOGVia3pMZHZRcnk4Mm1RYnl0SWY5UEcxZ1Jpak1UeDJ6ckJIcUN0MS1UQzF6S0VuUWNPbDdGbV9TQTJxWm4yc2FpUGxOdVFIcWE2WHVkRGRYY2Fpamdod01YR0dOUWQzZG9STFZGMXcxbnBubk1vZDB0ZTVPekQtelJmZg?oc=5
2026-09-17 14:14:58,NOK,Fortum Lifts Elmera Stake to Nearly 30% in NOK 47-Per-Share Offer,TipRanks,https://news.google.com/rss/articles/CBMitwFBVV95cUxQb0VYakVwUXVUTW92UHpJckpuYU9CV1RBOUp1Zm5HQi0za2ItWjJ6TVQtV2xiakR3VTZhZjN1N1llMGxibTVjY3FnQ2pqbHhYT3E1VjhNTWdwbWs5OTNNZ2N0NndFNGF6QjB5REtFWDZhVlRRbFVBLTBfd0d2SEZvWnB6ZVBiN2dNVGU4X05xdHg3WVdLV3hlUFJ1Skpod2R4bFV1Um5ONHpKd1ZyWkRCOG9xaHRpeXM?oc=5
2026-09-17 14:13:45,NOK,"B. Riley Securities Initiates Nokia Oyj(NOK.US) With Buy Rating, Announces Target Price $15",Moomoo,https://news.google.com/rss/articles/CBMipAFBVV95cUxNQkdBbnZ3MjlUbTNvaXZVM1RHUGhKQlZVLXpYYUZ6YnN3Ul9rUFh2QjRfZWpFR0VULTd2TXloVnNJcFBfRWFEUklBTXd4VXhvVFMxX3hOVG9oZ0lTWkNjY0ZnYy1BZnI4VVJOWmZHbGZCUDM0UzN6RnFTTzhSYzlDXzd2Q3U4VElCU1p6a09PZFJwdXktX3pvT1pkYi13czBJQkh1bg?oc=5
2026-09-17 14:09:03,NOK,Nokia: Surging AI Orders And Expanding Capacity Support More Upside (NYSE:NOK),Seeking Alpha,https://news.google.com/rss/articles/CBMiqwFBVV95cUxOUzZHM05USmJWeUN6QXVFcUVreFdvRS1PaUdibE5UdkQyV1lsTFl2ZlR5OGpLUl90RXJic0p0TUx4d3JVNEthR3d3YTRNbjQyaVF6Tm5SMVdFT3pzZmZYVjVlSVpvMVZJUmdqUmhBbGF5dGk4RjZQRTU5a0VzSWVlNDhQYVA0VXUwOGRDcVAzMkNaU2NSYzZoakZ3QkVRRUwzZV9rT2xOVkdrVW8?oc=5
2026-09-17 13:55:00,NOK,Nokia Shares Jump After Expanding Microsoft Deal to Put AI Agents Inside Telecom Networks,finance.biggo.com,https://news.google.com/rss/articles/CBMidkFVX3lxTE9SY3VVUDJIZ2ZKbmlFNkRzTHhaQ3NZUEpKMHpZMzVSSk9nNTZhck0yZ3BRbUpOR1I4U2dQZXpnR3h0M2xXWFpqNE51a20zemtDbFlVVVVfcFd3LXluRWM3bENHT3VEci1JTW51YVZ1VTdVOGdRZWc?oc=5
2026-09-17 13:30:49,NOK,Nokia Stock Stumbles Despite Big AI‑6G Breakthrough,TipRanks,https://news.google.com/rss/articles/CBMikwFBVV95cUxPMkxpMS1DVXdNUXF4ZTU0YkxrM0VyUEdLem1sdUhJSkg0R1JZNmYtZmtFX1hXTUNRM1F1bDZad2dnZXhNVUVock41UTd2OHRtUVg4SHFLekFCaFQ3MXlpbnhZRzNjSE5Hdklzd1FwX1dQNHBWUHhnU2dzaDRkWElJNThubnAyTVltaWg3MEwzX0FvVHM?oc=5
2026-09-17 13:29:09,NOK,Nokia (NOK) Stock: Surge as Microsoft Deal Targets AI-Driven Telecom Automation,Blockonomi,https://news.google.com/rss/articles/CBMiogFBVV95cUxQbms0M0VyLWw4ZWtkNWJDWmJxcEJldF9WTzF4U2wyU19HTWlJbkFOVHhkSjB3dWpTTVBsdmhGaWMwM3hsa2RmTk12MkVKVHRQQ1ZndGV3a2lTbjRXY0EwUjg5UE9sdDgwY294bEJDQmUtSVhyTEFtNmJtWDNObEoyd1lCcVJzYXpBeXlnYjdMTnNoNnlvNUFnaFp5a2RmZmlKWUE?oc=5
2026-09-17 13:00:00,NOK,"Daily Short Sale Tracking: Nokia Oyj's Short Volume Increased by 14 Million, With a Short Sale Ratio of 15%",Moomoo,https://news.google.com/rss/articles/CBMipAFBVV95cUxOa1RibWYzWE5YVU01NlROdVBpQTB5NUxkMW1OU3BlcHlpc2hMdllKMEVVYmw0MURNRGRuTC02cnU1WGNFYm5rbUQ5aElzMDhEZjNDVDZ0TDFCclJkSVNLeW5oX2RaRHc0b21pbW5OcHo3c205SEE5c2pqWm5jeWFKVks4T1h4X2NqTkh0WW9sZU9zUkJYM1hBLUNGZG12WEw4Mk4ycQ?oc=5
2026-09-17 12:55:17,NOK,Nokia initiated with a Buy at B. Riley,TipRanks,https://news.google.com/rss/articles/CBMikAFBVV95cUxOM242X01ib1lZcEtfRjhYV1VCZVRJUS1rcnctN1BfZ3J3dGk0aGRIU2U4RWlTMHRmYUd1aHhneldSOFVGTG9OUW5zcktHSnNqcGVEVVVsOW8zTEpac1ZKQl81NHpNbVJoWjEwOWdabkpqVTVGeWhUZ21BdDk0QlE2TzZ2SzVhSXBVdlBfX0JtREE?oc=5
2026-09-17 12:40:43,NOK,"Why Is Nokia Stock Trading Higher Today? - Microsoft (NASDAQ:MSFT), Nokia (NYSE:NOK)",Benzinga,https://news.google.com/rss/articles/CBMiwgFBVV95cUxNajFIT1YxYk9OVDR1ckZ6R0o5V1VGS3dSek1JVEpZVjVtUnlVeXF1LUJQZmN1VWxhekZCUm04NEdWRGpINDg0SGlzSVdSUXkxLWZwa3BRTTMtTVhZOUdncjdDYWpTOVRSZDA1TEpxUkpiR1p5TzBudEMzWnNTZE54M0xaWl92SFZrNXdtcEJRZGgzaGtSWDdEc0V4UzVWa1loVm45QWZYNDRrdDdFM0dENGJVWXo2ZUl2b2lIU3FjeUVGZw?oc=5
2026-09-17 12:40:43,NOK,Nokia Stock Jumps as Microsoft Deal Deepens Its AI Network Push,TradingView,https://news.google.com/rss/articles/CBMiaEFVX3lxTE5qOXh4NmVVcHpHbkhkLW1xMDZfMTBNLWh6N0ViRGRmYW13eVZUQlFBTFdUU3hOaHAxRkp0UVZkdkFnV2pNNzk3a3BCVWJQOGhNYzNpV1B1WXk3TXMzQ3AtM0JoR2cwU0hU?oc=5
2026-09-17 12:00:56,NOK,"Nokia, Microsoft Take AI Agents Into Telecom Networks: What NOK Investors Need To Know",Stocktwits,https://news.google.com/rss/articles/CBMi_AFBVV95cUxOQjllUXFldzJwdkRXdmVDczRFUVU4VnFiRjN2TUYwOFFtbHVJaTdoa2l6cGNMOFFKZGxGSFFVZzk2NFFJMkxaR2VmRHFxOWt4SWF4a2RGZkVuTmdOSDFXZnMtNzI2NGJPT3AyZEE4cUJaSWRNNEpnMFZJd29JSjRFUldNQkJEdEJfTm5kUllmNFBvNkpIVnFaRGtMel84NjMtNEVZRmhpem9XVUxRbjhSd05CTG9DNjR4Z25TWjVReXl0bFNlS0xYUmVnZVlteVlIWW1sa3NJc0dHSXY4TS1qWmRGdnptRUdjYTZjbERfYTRFeGlhaHFEODRENmo?oc=5
2026-09-17 11:59:53,NOK,Nokia stock jumps as Microsoft AI data partnership expands,qz.com,https://news.google.com/rss/articles/CBMic0FVX3lxTE8zcjRsV2RQRjJzdzVaY0xqTk1XRDV0cVlYWmZWdEIzZ2ZZa1pDX1psZE1ZMU5rUWJiSnIycGhicG9WSG5HY2YyMmtQM2poRjdUZWViUFFVaWJFVkp0aExlY2VrU195YUlKbnpwR0xTYUpSMkU?oc=5
2026-09-17 11:59:37,NOK,Nokia stock jumps as Microsoft AI data partnership expands,Yahoo Finance,https://news.google.com/rss/articles/CBMimgFBVV95cUxNbHJLU3czOU1HbVo3dUE0aklGSzhfQ09FWVlHUEVIc0IyZE5LQWtydUhXX2RCSXFFWXhTTnR4d2c1LUk1Vms0MGpMVWw4N2NoMEpnTmVqZ05ZVEZYaVI4d2ZiXzAxZ0lqRVVqbGlPZFdwS0g1ZG05MFhzZVlTNzVBdGMwTXNhSkk2aW1wVGZMRUdkNUJZcVE4a0tn?oc=5
2026-09-17 11:41:51,NOK,Nokia Earns Jim Cramer's Praise: ‘I Think It’s A Terrific Situation’,Benzinga,https://news.google.com/rss/articles/CBMiugFBVV95cUxQRlJMaGt6SXBjWVdfR2VpT1dwOGM2Q3p0elozTmg2c1RfeDJ3OXl5ZWgxUDJpLVhuZi0tTm9Qbk9qM1ZkQWNka3RSdzFJMl84Z2JnenFNSVdiZm9HcHMxaVNyVmE3ZDk1MDUwM3kyRWMwNDBPOEFpaTR5akFzVHBPV1dPSFpDUHlDalZUTlNfSWZiVHVSZXAxeUtoX0FxT0JsSk45YlNmS2U3cThCcGs4Y0tIUVJWdjFqU2c?oc=5
2026-09-17 10:42:49,NOK,Nokia Extends Microsoft Tie-Up With AI Platform For Telecom Network Automation – NOK Stock Rises Premarket,TradingView,https://news.google.com/rss/articles/CBMi-AFBVV95cUxOQTltWjhOWkFReXFYSjRwMVU4a3l1SDVORkJNY3FZMDFqcmRreS16NjlLZTNTd3pNVmRrZXVXTVF3VzZNOW1NaUI0NVAxaExEbkx2TC16SGJnQlRBVS1Xb1F5Qm81eXE0QzlNMmFPSUFRT0N1c3JzWVBqNWtmX2xtWTB2a3BsS3p4M3RmRHFycEgzTjhhT0pCVW1NbElHUUpZN3JQbVVLTkFhQ1l2ck96b2VUbzBrR051dHNURV92cnpGY1YtcHFkY1JEZnMtNUdLSHAyU0sydmdPdlFUU05TQjZUUVlBOFl1eE9XUVJSZUdLUV9FOC0wTA?oc=5
2026-09-17 10:00:00,NOK,Nokia Shares Jump as Microsoft Partnership Expands Data Offering,WSJ,https://news.google.com/rss/articles/CBMiowFBVV95cUxNemZWczJQdkc0eV9CVlYtMmhCWTFoMGJXTU1HbmRHa1BhcmotOFFPTUxpdWR2YVg0eFVWdzBUWldqLW5sdjk4RVp1OW1hSVNpTWVZQmx0YS1lWDhoU0ZkZmhtOWZzUEdueE1lMk8yUFFmSmJWQnM3aWZKa2lsQXVXOFRwWWRJeXlYS1FGMFQ2dFVSY0RqQUpHNE9jaXZ1Rm5pcjFR?oc=5
2026-09-17 09:44:03,NOK,Nokia extends partnership with Microsoft,TipRanks,https://news.google.com/rss/articles/CBMilAFBVV95cUxQenlVUm1mMjUyeW4ySTJYY0tDMGFlNE9tbWdnamJ1VmlFeHNNTUR2VlVmWVVOTFFvN2NJeUtoalhoNTQwMGZ3R3BaNFlkZkZUaHplZUdubjQ2c1VBMm1Dby03dzVSOXp5N0dnSi0xZFZKdnQ2NWY5azhGMzNzRXF0cEFobWlrbDNzOXFqM1M1ZlFRTFdf?oc=5
2026-09-17 09:35:00,NOK,$Nokia Oyj (NOK.US)$,Moomoo,https://news.google.com/rss/articles/CBMiekFVX3lxTE5zQl9idGR6WENCMGxWQktMZC1kX21kQUgzdi16OURiUXN5d1pmcHpjc3JjZWpacjRHN0pWQjNXSDBnbDBEQ29SLUlSSkJvZTNfZ1psUHp2N0ZKNktfeDV4bUtpQm1uSDB5azZFeVMwdUVZWkZvYmdmU2Jn?oc=5
2026-09-17 08:55:08,NOK,Nokia Shares Rise Nearly 5% Pre-Market as It Partners With Microsoft to Advance Network Automation,TradingKey,https://news.google.com/rss/articles/CBMi2AFBVV95cUxPc09jcVFHVmJmcmZBNUZwVWxWTXJOc1FXaEdLN1QwUHd6RkNTMWdJYnR2SzdaT0hOWVM4Zi00NDNRSG1hc3hwN1VyV3dfOHhsVWZ6U19EZXhVQXZtQTdNaDFyZldReTVEU0w3OGNVR1RNdEF0Nmd0X0JybjdtOVVaNGZiemVWcjJKMmRJVC1fMWJCaWkwbXc1dHhIOVNqaHpYN05YT3BfMmVKOUxsMTFDVTFnMndvQWVDN0swU1Rva1IyZ3kyZkg3THhWSjhUV25MNmppWFdPUXg?oc=5
2026-09-17 07:35:50,NOK,Fortum’s NOK 47-a-Share Bid for Elmera Nears Offer Deadline,TipRanks,https://news.google.com/rss/articles/CBMirwFBVV95cUxQWGY5U29uV3puemdmM2Z3UzJQNS1DYTZqUHY2ckRFdkJjU2Z6Q1VEYkpjejZtTUVqbExid1ZBc1F6NWp2NGI4d0hHbkprVzZEN1NwbFJ6YTZnNGdRcy11anl1bUhtVk5IX1Vvc0Vpek9pVEtGTnVQamNiRlRzLWZwcDR3UU5HdDhwOWRVLTdDdkhMUGtVODBIazBrSkZ6OEV5N1pIcXRPTTgtbGE0QVRj?oc=5
2026-09-17 07:24:10,NOK,CodeLab Capital: Four acquisitions to create a profitable NOK 400 million revenue company,marketscreener.com,https://news.google.com/rss/articles/CBMi2AFBVV95cUxOZkpaejBVTDFpTW9LeUVrd3VwcG01bVYwcV80U0x1WExwTWxZMFM2SWdpUFRTTU1aWHpXSDNqcmpjVEd0ME9tSGdtRko0OUN5by1FZlhyWVd4bWYydXR5UkhfeWpoZy1OelFsemlEQ1d0U0tZVDdIaVI3emUwV0R4cTBNT3RLY0swVVhzLVZuT3NzZ3hZZzNjMVJ3Zk44enBrYUt3RER2SVlqWndDXzhDcVY0NmNTVHZQbktCVUlxOUVLc1RNZWM0dWdCTjAzeWpLM1p2R3l0bEU?oc=5
2026-09-17 07:22:45,NOK,CodeLab Capital: Four acquisitions to create a profitable NOK 400 million revenue company,Finansavisen,https://news.google.com/rss/articles/CBMiigJBVV95cUxOeDNlRGNoUDRtNUhPSUFaWXE3VlpsR3gxbXhydWNKY3JsVzY1bFBrZXQ4N0VfQzhsdDFTdWpPeERlWGxtdjliTFlra2NaMlFORkVWWjUtbDJMVUtKYVU2WEN3YnZOVm9tTFNfZ3QwQndIVjF2LW1YVlFrZkxKTC0yY1FzLVU5TGFkVzF4cldnQVQwa1U3eUVRWERfMk1DV1kybmxoNnR5Um50ZkJrUTQyUUQ5OXcyWnZET1NaR0V2UzhhbHEzVjNyWXZBb3cxeVN4cDlRaEhuQzJVYmZzbmQxRDdvcjRGVXdmWEhwX01Ub0NJYTRFNXNPaXdvYXhOcm9zS2JaVHAzVS02UQ?oc=5
2026-09-17 07:00:00,NOK,Microsoft and Nokia build AI tools to automate phone networks,Stock Titan,https://news.google.com/rss/articles/CBMiuwFBVV95cUxNeWxVUDBBSHRPd19IX1JpZDRGcWRQdW9oaXhSTTRXc3BxaWdlcTlQdElmNzMxMTlzc1VXbHJDN1NMVEt2VUVsZWtfYUJvemFUMWpyQ1loUjdjR2V3S3l2b0x1NHRrRmx6dHAwcUZlNm91YVZ1cmRMdjZDZkZEOXFnblRCeUd3QlM3WHJDRkJfYWpOdGdwNGNUdXVGRmtMT0NiOHB0bW5iM0dNdUZUZTBUYWtsbnlubTRmelBZ?oc=5
2026-09-17 03:31:06,NOK,$Nokia Oyj (NOK.US)$ Starting to build a position in old-school stocks for fun,Moomoo,https://news.google.com/rss/articles/CBMipgFBVV95cUxQWVViWExrRWRzaEdmR25qQkFKZlZlSkQxaFVjX2ZDaDZaWEFXaDFCd2VKQXdEZXljT1F3dk13N3JGc1dyRmhBaF9EYjFnczNoT2lnY0dNdzBTa2syNWRXV2xheHFlN0hDRUpaOHZISU43T3VpS1pjMUJTbWJ5bUtCc2RjNjdrMlN0aF9lNnpsS1RCV19pbU9ZT3p5RXBucVRfR1lxSzhn?oc=5
2026-09-17 02:27:02,NOK,Nokia stock heads into the open after a 4.3% Helsinki jump,AD HOC NEWS,https://news.google.com/rss/articles/CBMixwFBVV95cUxNN2tETFdZSDVldngxSlhGVmRGX0hqQnZHRXF3VlRlV3dKbGotZXJZRXUwUDhiQWNBYmFWeGpzd0FKOThsTnJ0X3F0VlpuQm9UdEVtVWlCRUV2YnBHd1hBQ2MxVi11V18tbEFDUjQ4c0xJb2dWdXBQWlQ5bzZFM29XbVlDcjZuSGNUckhXMXhVQm00bDUyQ3F6TzNSN21IeXo5a0NrYUFPdi05enNtYXljb0xWcThTNEpDVnowYWJSTTN2Q3hvcVBZ?oc=5
2026-09-17 01:03:50,NOK,"Why Did NOK, OGN, XE Stocks Hit 52-Week Highs Today?",Stocktwits,https://news.google.com/rss/articles/CBMiswFBVV95cUxNalFNYUd4b0Vnc0J6eERKVWJmRTN4ZC05TFRYTTRCQ1FVMjdQdng5SVA1NUoxd2JFSEZSYnhpTVFJTDBSRUZibWpYSmZfS3MyZU9CWWJ4c2daQ1ZmVl9SWXZkLXh6dzBWSzg4Z1BXTHYxT0FBSmpIRHMzeUhobjh0RmRFOW9JZ3lTMnFHNDdUQjZISFFwSVprQkhoQmpaT1hqNmdNb0hrMjVvdHlYMHhVbEVtNA?oc=5
2026-09-16 22:55:01,NOK,Cramer's lightning round: Buy Nokia,CNBC,https://news.google.com/rss/articles/CBMiekFVX3lxTE1jRmU2ZUZrZVpEUm5UbTJSR0JYeHc5d29aUHJoZ3NEc25pRVBrd29BN3ZEa191TThEVXpVVlRKZk9TSlNNQklhSFcySXdvc1dGSmg2RVRxR3RsMEZIZ3FjcWdoNzRuT29jMG1NdU01YkE1cXprMEdiTEF30gF_QVVfeXFMT2pzX3VOQWJHMmxJVncxNUNXbjNPVGZoY25iaXFzOG12SzMwTWpETlNSbWtnMkVKZEVpTFJqMkVFS3BnR2gxZW1mT0ZJOWhISUQ2cGJlcHRxVVB5ck1yVmtDQzhtbkFxQ0NhOGQ1bHgxTEFuMDZyRFdfTVVfZ1VrOA?oc=5
2026-09-16 21:31:27,NOK,A Look at Nokia Oyj (NOK) After 3.0% Gain -- GF Value $5.24 vs P,GuruFocus,https://news.google.com/rss/articles/CBMipgFBVV95cUxNcUlabU9Sb2xDSjFMR25EU3ZhMGNnWXpZQy1WOVlnUFNZWXNIb1p4Njh5VGZlVWlyMHZqbVZqQ2JDVC1GYy1nQ3N6bE1LRkY5VXItTXZEazNoUk1JWEl4cFF0a0g4TU5ZWXp1YjJtN01mNTZNY0Z3YUMtMk9VRDQzZjZQbzhucDg5YTNnRVJYUDlZTV95ZTJtYWMyUmVoV0pIY2QzUU9n?oc=5
2026-09-16 20:49:00,NOK,"Nokia Stock Pops As AI, Telxius Deal And Index Return Shift The Narrative",StocksToTrade,https://news.google.com/rss/articles/CBMihgFBVV95cUxNRGtvX0lqaTVZOHhnaWJmNktFNmM4dW5uc3Etdi1ncVV2Z0dudUpBSXhFeGZYUHdKOW56STZnMU94SEdPY1lvSW9SRXRyV0hyR0xFcGhaSHl3TW5VeDBlVHRLMVhhdFBNUFlhcU9rdjNWRFhoaDg3Qnk4azg2UlY3RlVIc0lMUQ?oc=5
2026-09-16 20:47:00,NOK,Nokia Stock Rallies As AI And 800G Deals Shift The Story,timothysykes.com,https://news.google.com/rss/articles/CBMiigFBVV95cUxQOXRpczgwM1M2SFZaT1dVVDlnODBFOGNURk56Uzk0eG85NDFOeEFDVzJMdXZTUnBEbFFEcWUwX1JrQTFKRG43YlJpWTY0bE5rajE4V0tINHlMRnQ4aWRyczZnT3VnSnR1SDRWRENyODUtbTA5cjVleEFwUC1KblROd0RNcHcxNFhOd3c?oc=5
2026-09-16 19:19:33,NOK,Moderately bullish activity in Nokia with shares up 2.08%,TipRanks,https://news.google.com/rss/articles/CBMiqgFBVV95cUxNY3JhRnZ1aHdPVGpwNDgtRWhpRDFOenFFbGFha3JzaTk2T3d3Vl9wdEJNanRmRFU5TVo1NzlnbXdqV2F0VXRkalp6QkJzOG14OWVMU2Vqb0xGbFFDMkJWUjg1eC1Zc1VDR0FYcXBkU0VfTzVrSGdaLUloWVVaX2djQXJpWFNaRnNQWEpFcEtLMEhKcG5iZUxFWE51YlJNUFhnVXBYZXY3ZS1Kdw?oc=5
2026-09-16 16:11:23,NOK,Nokia call volume above normal and directionally bullish,TipRanks,https://news.google.com/rss/articles/CBMirgFBVV95cUxPZDdEeVZnYzBjdmdpekVjZHRJZUJCRWFpQjBSdm52S29rWVV0bF9YV1VWVlpBTXduYVhVWi1MTEp1QllmRHE2ZThrQjRlNjFYVFg1ZmJPREdZaENUb2RvYVY0YVdvVUFNcTJ6WExQX05HYTNZcHYzVzdBelpaQjZPeEpfZGJxSlZVMnNoUFhwcl9qZXh0a2FlNkJNaXVWOHFFUlFUaG5TdDZqMFhURUE?oc=5
2026-09-16 15:54:11,NOK,Xplora Completes NOK 25m Share Buy-Back to Support Incentive Schemes,TipRanks,https://news.google.com/rss/articles/CBMivAFBVV95cUxPakVQTVZ4eXZ5UzJ1d3FYeE10T3pBa1dxTUp0c1dDZHpoNml6eDdzeWFRSXRtcmtZY01IZGRMRnZqTUl3QlhWeHpYcGxGejZ2Z25ZTnhMVmhOSXhZVEQ1OGxsMV9qakNxczJiZ29pQzFNWU1TXzU2TE5nZk5JYkY0dzQ0eWZCS1RXLWRhTkRTYm5qRmoyUHBUUENHc3k5Q0ZJSTVfeTdyRHVyOE5ENUFQWS0zRkt1QzRHQ2F3Tg?oc=5
2026-09-16 15:46:11,NOK,Nokia’s AI-RAN Roster Expands to Eight Operators; the 20% Gain Is Not Yet Revenue,TechStock²,https://news.google.com/rss/articles/CBMioAFBVV95cUxPVzg4SXhWRmwyNkpBN0ZxQ2hlOTFVcG56WkNwTldHZDQ4UUwzMGcwVkpNYWM1RWk4M3ozdllFMDBra002NHM1RHpwWDFmRE45OWxhd0Y4ZDMzbE5GaWt6al9zbkdLblhJbThBUFk4SXBlM3VWNFowaC1oNFRhOURObFVCMDlLdE9oOU5fT2RmcGw5YnVuUmJLaXZobEpDcE4w?oc=5
2026-09-16 14:23:09,NOK,Nokia Stock Rally Stays Super-Hot: Analysts See More Upside On AI Infra Strength,Stocktwits,https://news.google.com/rss/articles/CBMi2wFBVV95cUxNWlVGUml4R25ZejV1NC1DVFpvTTFPUm9FZzBzTi1CNGRSd3o4MUlRdXJFRDNKRnFJT1l2WTJmQVo4Z1daS1NOU3hJSFRZU19RLWJBTTJpQjNYbUNDUVNaQ2hQczg0b2REczJURnJlOXl2UEJ6QkdfRkJEU1Q5a1BsalpOUVR2cjV6S1FOZkFJSWhzVnJ0THExTkpldGFDZ0pXcFdlSGk3Z3dOV2c1NE9wRnBVODRXYjFjY2UxZ0JGckFwaFladDh5NFNtNHVzVGVTSmQxdWRxZmhldVE?oc=5
2026-09-16 14:18:18,NOK,Tomra stock holds near NOK 9.14 after a 1.2 percent drop,AD HOC NEWS,https://news.google.com/rss/articles/CBMiuwFBVV95cUxQeEVTU2w5aDU3a0Joblo0RnJWMmJWeFhhZEdpRENmaU10M1ZCcUJPTzFUVHpZWm5ueV96bkR0TUZRWGdUNXAxSXIwNERCM1Jqbl9lVUdOcnl1UzFKZ0VRZkVMYlJTME5VQUJnMWRya2RmTF9TdVROUjdNOWZDYUdFUG5HVnFiQTBjbEhtcUZ6WnRFTzVycU92elFibUFTYW5lcXdaaUx3ZWs4clpzNVp2WFRwMEowdlZyMFo4?oc=5
2026-09-16 14:03:57,NOK,Nokia (NOK) Stock Surges Over 5% in Pre-Market on AI-RAN Progress and Analyst Upgrade,Blockonomi,https://news.google.com/rss/articles/CBMiqgFBVV95cUxOd0JjaEI3VUE0TFpsbENaVk1TSUhtWjd0TEZLbW9pd2xEZFp0WHpuVHd4cExkbE8yeWs3bzduaGxvNmJtZm1PeGJIaVg0UnRLcWlhT3lCTVpvQl9vVVRUSXAzbEhSaGFiVmdjX1BCTlBCaUo1eE5nNWNzZ1FVZ1hCNlBHVEJxMlpuTmRRTXdiZVFNTHhNYXphRl9SaXdLTng2QWFTTk54Rlh6UQ?oc=5
2026-09-16 13:14:00,NOK,"B2 Impact ASA (OSL:B2I) Board Member Buys 11,000 Shares at NOK 23.23",TradingView,https://news.google.com/rss/articles/CBMixwFBVV95cUxNa3BBYV9GV3g0eDRVT0NaMGNoSmlDY2dwUGd2NEVpb1MwU3ZncFFtcW4yZEs0dEdOcFBrVVFuTkhqX1RKMWZnS2t3WVV2ejVXZkF4YTA5QWZsZVREaDlBN3hKelFvTGN3SHcyQkF1LW80c0VFdm9LSFVVMEM5ZDJ5cFkzbnJzN0RNa3JEdTdXZFU1c0JTWHpTcEd3N2p1ZkVFRVhkMjJPUEstcUw4RVRVQ3pMcWRaUVp0N09IdHlYTWJ1UjZzWnpF?oc=5
2026-09-16 12:58:01,NOK,Nokia Shares Jump as AI-RAN Trials Expand Globally and UK Defense Pact Deepens,finance.biggo.com,https://news.google.com/rss/articles/CBMidkFVX3lxTE9ra05hRDI0TDFuWWFWQ0xMX2s3dTBaSVJtU2g2TjhKWF9nWm9jalJsczExeEh0WkI0TTNnbER3NEE3VkxmRnVzMmFFWi1VT0dXRnlrcGJvYVVwY25lbU9ISWd4Z09fZVA5VVpJNi03N200UWdHQmc?oc=5
2026-09-16 12:56:06,NOK,Nokia Jumps 6% as AI-RAN Trials Expand Across Eight Operators; NVIDIA and Ericsson Tread Water,Yahoo Finance,https://news.google.com/rss/articles/CBMijAFBVV95cUxNM2FCdm1kOGVoZ0FfYkVreU5yaElqUDJqRW9iUWtxaEpMZHJ1QXd6c2IyRkZiTmdVTXFSMmdXLVhXdXprTERST2FoNndFOS0yZHNfSVhacGh5cklsSkRNWDRyeHM2VVpwZTJidXRLREdpT2lzbXdNMHlJQ25ZTnpQUUVxZVRTelZ6ajNzYQ?oc=5
2026-09-16 12:56:00,NOK,Nokia Jumps 6% as AI-RAN Trials Expand Across Eight Operators; NVIDIA and Ericsson Tread Water,24/7 Wall St.,https://news.google.com/rss/articles/CBMi0gFBVV95cUxPNldLTFo0MzkyLTNrdks5aUR1VThtUHJsR2MzSWhFcmpkOW0zRFFUY1F1NVRub3pBQk9TUzlBV01JUEtkRmhZV3JFU2ZBNVBWRFcyUDd5Y1h2Ym9tZ0dwV1U0SC16LTVqaExfSHRrWmNrMm5TU0laRVJwR1ZfbWZ2TUoxSV9KcV94SlA4dlUtZjlneGwwVHZabFhkZFdQUUQzQVgteW9OaVNhWHl2OGtjbFU4Z3FzMnpmOWlNWTBhYlM4d0JFakh2WGFlNnFCN3VQQkE?oc=5
2026-09-16 12:54:14,NOK,Nokia stock jumps on expanded AI-RAN trials with global carriers,Investing.com,https://news.google.com/rss/articles/CBMiwwFBVV95cUxPNGFSaU9jSVdaU2hZV21vR2QxZDg5VUhWWDhLVURKLUlOUmxFM3U3eGJMeklwWFVxSWQ0V0ludG44ZThlX2NsLXV2VkZ1RlBLWFJJTGFKSmJkM2ZKcmsxYnkxSEFfY0JIQTUyRUZ4WFVBZTdVR2drSnZyUXk3WG0tMXdpamtybThxby1lcW9UNEpTUWphNlBSMmU0LUJOX1Y2eFVMcFhqSUhIMzhITFAzYk9tQ05qOVRwRGpCVEVjUE5XY00?oc=5
2026-09-16 12:23:50,NOK,"Why Is Nokia Stock (NOK) Rising in Premarket Today, Sept. 16?",TipRanks,https://news.google.com/rss/articles/CBMijwFBVV95cUxQbWtpX1l3OW05cmRISmM4N29GcWc1MFZWWW1MMVp2dGpfMTY4RGxZRE11QzBOOUFBYWVGN2pENllCdG5YLXE2WjROSE95bGt1NEZPLVB5VWVTWXdYVDlTLTVzMjVsVGtvLUFYeEk2UGxOcnRQV1h1OUdERFl2UVRUX2t6OXExZmswZkJlc0RjVQ?oc=5
2026-09-16 11:59:18,NOK,What's Going On With Nokia Stock Wednesday?,TradingView,https://news.google.com/rss/articles/CBMiaEFVX3lxTFBNRnVYOEQ1RE9hRldSWkM1NzA3cEdDUXhxeW43UmpHbmlBYUpTMzhUZDlvUjY0V2h4OXp5UzB3cEM0SjIxSW9uLW1OY05UUmNOUXAxbGZtd280N3JRV0MyTHBsQTBfNzQ1?oc=5
2026-09-16 11:59:18,NOK,What's Going On With Nokia Stock Wednesday?,Benzinga,https://news.google.com/rss/articles/CBMinAFBVV95cUxQcVpvZGFCSEVkTFZwSFMxUHptZTd2OWRNTEd5alo3Sk5sT210LVBaS2pmS0prcDgxbWpfcXRYSlFtWnZESTJIc0VxSng2bGRtZVVVT1BrcUdiY05WN2RhY3RaTjhFVWR4NjlaS2FaYm1lQzVNczk5WnlGY3RZQktJWVVTVDdhcHRDcWtDb19VUS1CdVVPSUpOVTE2WWs?oc=5
2026-09-16 11:42:23,NOK,"Nokia Rises Over 6% Pre-Market, Partners With C3IA to Accelerate UK Defense Digital Transformation",TradingKey,https://news.google.com/rss/articles/CBMi6AFBVV95cUxNeFNqdGdCQkM0ZnFEV3FWSFhtX2I4R19pb0lYYTZvMlZwSmxPajUtNVYzSUlqNjRiNWY0dExwNXRDdWtfS3JMR25hRk1QMTZ1TzNZN0JNdkI4NlNXS1YwNTRPbERRS0ZLWFg0WTgzaDMxNE9BOEhKWTNHTGl3cHc5MjFiRDZMMVVWOGt4U3QxMFhZaEpyM3dQRXdzbmtISVdNdU5PQUt2SExQMjVQN2NkdVE0SXpSTGMwTm5kLVh0YllWNlI2dG0zeGhldy1fY210UTJTZVZXM29FYm1UaG1iYWJtQmlVSFRY?oc=5
2026-09-16 11:39:29,NOK,$Nokia Oyj (NOK.US)$,moomoo.com,https://news.google.com/rss/articles/CBMiekFVX3lxTE5QRGQtbnFNc3g5LXl5ZFRyTEkwZkpIVzNqdzI4VUxqOWtRaGl1NkJhblpLWHRlN0MycTFUU3RNZVNmbldkb1VsemdXYXI5QVZVeW53SzVOYmJZWHhobnhHWUNNRkUyNlZNaWlPa2ZGUXlINWNPUEtHOVdn?oc=5
2026-09-16 11:37:49,NOK,Nokia (NOK) Stock: Surge as NVIDIA Partnership Drives AI-RAN Commercial Momentum,Blockonomi,https://news.google.com/rss/articles/CBMiowFBVV95cUxNZUVnbGNVZ1VFdjUtOWtOUFh0R0RKZDh1XzVxNFUxd3hKRFRXelFSTWlsVjZTdmtPSjlKZG1fbkhjSnR3dTVwT1VjbzNROWxDNS1nUGcwTC1IMVliWXdWeEFNVzFJbGZnN294V3h0NVZ2dlhrSjBsaUtDNUs0dzFOSGxtVVhMcFpnZWJyWFRYYVJ1cVc3azZ5NFN3Qk01MkZhNlFB?oc=5
2026-09-16 11:15:41,NOK,Nokia Stock Slips As Bold Network Bets Underwhelm,TipRanks,https://news.google.com/rss/articles/CBMikgFBVV95cUxQUnJuLXVHSDdIRGg3anFjVG9qUktBYXBKYkdEeTNvX2lkZXFXNjh4UWdnNktPOFNpZEpldFZRcEVLbTVWMTVRZVFqREZLQm5oWVFMczQ4X04zdmxRLVZvSEU2R29yY0VfMzFXeWFTeEFSX0lBeml1aWIwRmVSR0VtTndIZGxaTWc0LUpLcU4xV0RfUQ?oc=5
2026-09-16 10:45:29,NOK,Nokia announces growing global momentum for AI-RAN,TipRanks,https://news.google.com/rss/articles/CBMiogFBVV95cUxQX0trb1ljTXI1M0Q3c2pJb3lheDFpRnhteTZFLUVNN1VpbEUxWmRicUhtSWVFSzRfTHNqYmFNZzIxVzR2WnRWZzc3Zmh2NHo3MzhzbFNTQXh0d0lwNS1FeWtnNTF1SXRSekNSREhVT3prYV9fTTQ5QW9xSHJvbDhLb2F3NFFxWmx4VnJiMm5ub0E1ZEUxeHdUTFdONkhlbHg5eUE?oc=5
2026-09-16 10:41:48,NOK,Nokia Expands AI-RAN Trials with Telecom Operators Across Four Regions,Yahoo Finance,https://news.google.com/rss/articles/CBMilgFBVV95cUxNaWVjUFpuUWhsODhIMk9RWFVoWW40c1VnRXRLNzNKMjI4U2xhUE1lTjk3SE16SmhnckNzTDNfdF9VWHhUdzh5eC1BdTJrTFNhdm9wb3lZeWE1MFpOWk0xd2FuUFc5bWRuWkZ6VjBRWVI4Q25pN05QWl9BVFFpcV9uNDItQnRmaWtCYzMwV09kb0VWZ0ZQdnc?oc=5
2026-09-16 10:41:38,NOK,NOK Looks 87.8% Overvalued on GF Value™ as Dividend Sustainabili,GuruFocus,https://news.google.com/rss/articles/CBMiwwFBVV95cUxOU3hJcGFId3pqQi0xS21Ma0RRQjdDYS1DVmwzTmx1QzQyWWlRdTBwTEc3cXJwdjJlUUtwSW5qVnE0MXZrSHBra0VpTFhDdk1wRmh2dFJMUmdRLUpFSFU2SUVTZUk0bGpfWXVWTVdkSU9LVS1XTVZTSW5XWVFwU01wdE1QblJUMk1MV0N6UXdTQnRjS0NqTW5UWmJSenlmbG83QTRNYzZqUVA5VDFTOGJQQ0FDRmRLUEUtMDl5dkJzc2Vka1E?oc=5
2026-09-16 10:39:37,NOK,NOK Looks 87.8% Overvalued on GF Value™ Amid Strong Dividend Met,GuruFocus,https://news.google.com/rss/articles/CBMipwFBVV95cUxQX1UtYVliQlk3UGxGdmxwMTlhOEo4NzF2VVZ1elpjeGcyN2VZS3MtNW9DeWdoZ2gxZmltV2luQ2RncmxuRldWTlJISG40Nkd6VUlXMmdnMFhTNnVvUnFmSFNlaTdDaktyN29zRlIzTW1fNTB6LVRwazUyU1FoQWRyWVRabk92NldlYjYzS3lvUUhiUDBWYnp0UUFFVHpLdG9jOGdDR1BwMA?oc=5
2026-09-16 10:37:12,NOK,"NOK Stock Rises 5% Premarket: Nvidia-Powered AI-RAN Trials Expand, UK Defense Push Deepens",Yahoo Finance,https://news.google.com/rss/articles/CBMilgFBVV95cUxQLW91ZmdPMmd1T2hUZHpka1RJZzdxOFFET1VubDNIM2FvVVdOaS1zd2M1allBUU1INVpyalFfNnZCazlyTFBBeDBxMHBrM1B1Z013THdoeERwSEp5ekpqY2txNWJBbGw4OGlyNk9JU0xiaU9uY3BUS3hCTVh1XzIyNGpDaEZ0Y0V4emNYM2s1bXdvSDlLUlE?oc=5
2026-09-16 09:31:05,NOK,AI-powered phone networks move into live trials worldwide with Nokia,Stock Titan,https://news.google.com/rss/articles/CBMiugFBVV95cUxPWUlHTlpLMXk5eWNITUU3X1hHb3FWREhtVkNpbEl6MTM4ejYtU1FBeVhTSWVTLW0xQjctS0xkYTQ5Sl9lLWhxa3dKc1VkZ1I2REM5dEFXQi14d1JHaWRVSG5ZdlpjZU5HWElZakNYME15cGlhV19CZ2NhOGFicnlYLVdvMXl1dXJrWkU0R3VxX1I0a0dZdTJEM3loOXdTQm00VFNxeWFQR0ZrSmwxdmZQWDFfY2V3emlIRnc?oc=5
2026-09-16 07:40:00,NOK,B2 Impact ASA (OSL:B2I) CEO and CFO Buy ~46K Shares at NOK 23.35,tradingview.com,https://news.google.com/rss/articles/CBMiwAFBVV95cUxPUXo5dUVUeWQxR3dnY3RwXzhMNk8wWEdtdk9MLUZFajk2R2hWR1hBQU5oM3R5SEJtQkQ2NHFQRjM4d2EydnJtRjhFdlI0RTh4X3hBTjhiSTVTV242d0tQdWxCX3MwSkp2N09fSEp6U21EMkNpMXlRbERoS1JuUTBHRk4tajJ1dXIwYTBiTklNbVduQ1dkY1V5UUNzTWdwMFdvUFphVElpU1FTbEhZU0wxM3VCZkU4OGlMUWQ5MndjV0Y?oc=5
2026-09-16 07:00:00,NOK,"Nokia's UK defense partnership spans land, air, sea, cyber and space",Stock Titan,https://news.google.com/rss/articles/CBMivgFBVV95cUxPZGpuNzlQNEE1b1BMVHpMY29FTjloRVB2Y0Ntem03bVVYVVNoODdraVR6aEVyTGs0OFVYLXlZWjRNRE9iODNRSEI1OHp4azBhektzaXo4NEZDSTFnNVViVEdMSm5wc2JDTmxrRDNyMkZxdzVCRlFsaDNVZFgzYzhnWEJneHNuX1lKOVpPUmVmTW5BeGh4RzdzWFpCYmhNMUZJOG1keV9JdHJoQ25SSWYzUUVDX2FXb0d4bUtoY2ln?oc=5
2026-09-16 06:57:24,NOK,Searchlight-Backed Nevedal Cuts B2 Impact Stake in NOK 607 Million Share Placement,TipRanks,https://news.google.com/rss/articles/CBMizwFBVV95cUxNd21yc2tTZHVOY2Ryem5kR0V2OVpCYnlIRXpfakFHMmNOOWlyWkhPVE96d2NNQ1Q2WkdfM3AzaHl5ZkZwZnJFSWdVQnJTUlBKcFFGbzEySVhJbVhUWTJVNmZNcHU4cm9oRXpRN0U5LS1YZXJrYkFKZGdvSjlrTWo3MVRWdG1BLUlfbS03d1NRU2VwRlVTeXV3MlBjRXJJMWZUVGtfeHpCcHdybWJuREpiSEY5ZDZDYU1JanZBYzRoc0czTGc4N0l4WWpkM3BuaW8?oc=5
2026-09-16 04:19:41,NOK,"RBC downgrades Norsk Hydro to Sector Perform (Outperform), price target NOK 100 (120)",marketscreener.com,https://news.google.com/rss/articles/CBMizgFBVV95cUxPSDlCUm9xUHI3ZUd5UnFSUkthaTlnTW5BSVY2Nm91bC00cG9QejZ4Vl9kLTZ0TUJFTGxPMnlnOGhqNTJfd0ZmUkZVdTNBMUxvbS1yaHRQLXZWV0pncDM3bHRMdWRob0Uta1dXeFljc0l2emt5SS13dVEwelkwejhGWEdHeHRtSlQxUHpaODZuYXpBOVZaWHFmT2Zpb3BVSHV5azFrcV9SRm9xc0tFc183eTRNaEZkZ0xSb3RMcy0wbjNkVXJWSGFsX0Z5aUZZUQ?oc=5
2026-09-15 17:20:24,NOK,Kongsberg stock gains on Deutsche Bank Buy rating and NOK 360 target,ad-hoc-news.de,https://news.google.com/rss/articles/CBMiywFBVV95cUxQQVV4NWNfek42ZnZTQVFjUEJFUEZUbE15UDU3Y3BWeV9odDJ6UThUNkVjYWp1XzdtYkxqVUZjYmlnRXc5MzViX1FKVnhiY1RrSmdiRTFlTUszS2VlcFhkTGI3emdKYjBCRVRsNzJQQndCeS1BZTFKUWoyMzRTSUtCdGxDT2hZeTJIM0duaXRJYlMtYnRuU3ZGZ3lzUWdtZTkxV3F6Y1daQ2dVLVJEUGxKcWMxNnhxZ1FjYnM0a3YxMEN2bTVUd1lvS0lCOA?oc=5
2026-09-15 16:53:38,NOK,"Nokia Oyj To Invest $30M To Expand Pennsylvania Chip Facility, Generate $500M Over Five-Years",Stocktwits,https://news.google.com/rss/articles/CBMi7AFBVV95cUxON0djNHVwdUNjb1JkN0JHaDF6dllwdW5acG1ObHpPNHZBNHc2RlNVNnZZNmk5X1dqNHdkQ1g1QW5DcTgtYlh0UlpVdzltNTZlaF84b2M1VUoybnFfVVpNcDRMZUNlcld0S2hVMU9xZDM0aU4zQWttbVRCVGNMOU9sZDFpQnhRV1A5Y3k2dm10bHY1Zjk5SmR3R0sxNC1qaHVPc25EaHlkZmZoOV9BNENXWHlDZUF0TTlVUGl4aTd1VXZ1a2VoTzNHZXB2SkNxeVh5Y0tSWXQ2WjBFQVIwdXBSMTNBcG0xZ24zNjZKVA?oc=5
2026-09-15 16:48:14,NOK,S&P assigns ‘BBB+’ rating to Gjensidige’s NOK 1bn Tier 2 bond,TipRanks,https://news.google.com/rss/articles/CBMirAFBVV95cUxNOWlMY2lEUm9lWDFLUjh5UmYtZldLeWVacTllODFQUVlocXA1Q2J0U1ZWWnV2RTdxSXIzN2J4YVVfRU5xRlJXb0pacjdialhWbU9ERjFwTEVZdXNpcFgyZ2plckNyaGN0OUM5ZGlZWTMyWTQ0WFF3WjVXaV9VeV9NYWh2a3VSWVE2TExNMEdVaWNXSWlvM1RNOF9QY2FIOG1MUDVXUHFKelpDMloz?oc=5
2026-09-15 16:19:04,NOK,SalMar Doubles Commercial Paper Issue to NOK 500 Million,TipRanks,https://news.google.com/rss/articles/CBMirAFBVV95cUxPdF9jQkkwd2NZV2JtaEI2MExsUWxoNGF3THpaRHZIdjk1dWd1eDJPVjZLZHdIaENoUlNWdjd2R3J4LTJFMEs3RktwVjRUa21xMTRzSWVrenZBbk43Z0tQSnEwczAtQkVqbWZpTU5GQXUxN2lJR0xnZDBwZmpVdzMzaEFWNjk2bklTZC1haGI4NnhYVWJJTU9pN2FHa0JwWWoxbWtWZm8xTU4yaTlU?oc=5
2026-09-15 16:13:21,NOK,What Is Nokia (NOK) Signaling With New 800G And Network Security Wins?,Yahoo Finance,https://news.google.com/rss/articles/CBMimAFBVV95cUxPYnNNcDFZZnluUm9tSGUzVDFFVWluNUR3TW9pVmRiZ1I3eWN5bHZBdHVWQzZpdG8wLUNxVjVWODRndXUzZnJGMmZQU1A4YmMwSThaNHhMdEVnU0tqSkxqUTBfbXN6RTA5aWtQYVRkQjBCcXB4NmRBa0xBM1djWDV4TjlqT1pnRFJRWEpJcXlkTUVrZ2JocGxiTA?oc=5
2026-09-15 16:00:19,NOK,BofA Securities Maintains Nokia Oyj(NOK.US) With Buy Rating,Moomoo,https://news.google.com/rss/articles/CBMioAFBVV95cUxNQkhOYU5LNUVweUlPcC1MRG5lNUtMbjVEcnMwUkkxc29CVjM1T1ZheHdUbWpPNWN3ZGxEOTh4Snk5U2IzZVozc2JoT3hyNjNfSFBZcFk2WW1DMXJiWmhiLWZkbDQ3N3BZQzBDMGZrbUo5UU9RaGtIRnZTTUxpdm1rNmxDVTUzekNBdEtuckZTeVJTVjRwb3FNS2VaN2E4QU16?oc=5
2026-09-15 15:56:02,NOK,Yara stock gains as Oslo close holds at NOK 387.20,ad-hoc-news.de,https://news.google.com/rss/articles/CBMiswFBVV95cUxPWFFHZFdxamM4eUh2THpZdGhYWkZsRTBhYkQ1LVh0UDFLMTJmeE5FRlZ6YTFGWDRkS1I5Tm9JeE12dGtKbzM5YVllYUFka0Z5RXN5TmE0M3hvRjhsYWxycTdFOHoySldHVHpBN3dwRGdpMndnZ0FsTXgxZDh4TGlsRzNNcmtYQnBmQTNnWW80TnBrdFJ4R0ktcUZqOV84RHdEdGY5MkZSbHFoU2RuaWs0UzhRbw?oc=5
2026-09-15 15:04:20,NOK,Nokia Expands 800G Optics Footprint With Telxius Network Rollout,Benzinga,https://news.google.com/rss/articles/CBMivwFBVV95cUxQUmR1TGxjckM3cUVtWHE5TWp4NUdTVXNYSmxla2VsV2VLbUlxNnNRQndqMEJPSlRKb3VteDhMbjByYzNOZS0tX2pzVHJ1RWl4MVhacF9lVUs4c3ZhS1Jkbk9MZ1RtaVdsVWlzdlYzVnR3QzQybFRYbUh6NzFXZlk3alFLNjg3VzFEWG02d01mNnp4TEFYMzZxU1hVdHZnSmp4RWgyTFdpTnRPRzlCaXRVT19YRzFjYk1velhOTUZOUQ?oc=5
2026-09-15 15:04:20,NOK,Nokia Expands 800G Optics Footprint With Telxius Network Rollout,tradingview.com,https://news.google.com/rss/articles/CBMiaEFVX3lxTE1kaTNxR2JpRG9wVk9YRkJwN1NQU012TW1pamlLT3lHdlZXMlB5cDJZd2pkUXlBS3RHYWVuYkI4RWptRm5mNjVpVHZ4aHRfUXNCaWNwT2doX3lTcXQ1Z2xhakZ5d3RVV3Vo?oc=5
2026-09-15 15:04:20,NOK,Nokia Expands 800G Optics Footprint With Telxius Network Rollout,TradingView,https://news.google.com/rss/articles/CBMiwAFBVV95cUxNdWxyT1l0dTlfV0dVc3hZYWxpejc2azRCT3hPRGNGZDBYdGUxc2NOUXUwSGF4cGR5VXpmc0xITnlWWTVVanJObnhGV2t2Tm9fU1daMmlxWmVxR0FMRmt1eTZJZDBJOThwZVVCN195MklUU1pUaU1OeUp1SDR2dE0tMU1kRHZTZjl2Yk8wZEhkVFBFdHJ1andwUXBqMThzWXlWVDRLd1FMdW5BdGw4T25tc0ZpX3RmODM1RDBrWnZCSjc?oc=5
2026-09-15 14:05:36,NOK,Can Nokia's DDoS Security Expansion in Spain Boost Its Profits?,Zacks Investment Research,https://news.google.com/rss/articles/CBMipAFBVV95cUxOcWVfSFFvTWhYMWpUVU9XYzhUaUpIUGl1UGk4NnM5ekxUTWllR2ZoSHdtQjN6R01QOUE4ZE1HU2x6TjJxMlNvMGtrZ1MwaWx2Q1FValNsdm43QzZjbWhuS2Nya2d0c0tKXzlxVG9WLTM0RmdxbndSZFpQTE43b2VsODk3NUt0cDRGMWRfR3cwNGg3aTlobzhWaEhNVFBIRG5aME1YSg?oc=5
2026-09-15 14:01:02,NOK,Nationwide Lists NOK 380m Senior Notes on London Stock Exchange,TipRanks,https://news.google.com/rss/articles/CBMitgFBVV95cUxPeFVnbkxpUDNReS03eXM3aXhsU3lfM3VOejl6SEpoYktnUnZXVVYzR19rVzdFNk1GU2dxMGZhby1yQUJUb3c5U2NzdUhpOS1kZUZ2b1dzanR6ckxyTm1lMUdyUm5XRGNTUFBKX1dFM0Y5bEZpM2trN3ZaUWdYNnYzRzk2cGZVbmEzcGNMQ0tfano0QUp4UE50OUQ2OFVEN3Q3bjhfRmdESkJxZnY0VzNueWJoOXRmdw?oc=5
2026-09-15 13:50:47,NOK,"Nokia Stock Extends Rally After Hitting 17-Year High: AI Boom, Insider Buying Fire Up Retail Bulls",Stocktwits,https://news.google.com/rss/articles/CBMi8gFBVV95cUxQd2pZaXg3VkhLMXRkcUk1d3lsdGFTWjlJU0JOdlJidEYwd05qdGZ3eWhZZ3A0OXFoV0VaUGxsZzVnVmxoaXowWWNPYnFKYXhYV1ZONjlvWmNKTDFzZVZCOXBKWl85ZWxJQVRUWjlfdU5jUEIyQzhmanlqZ0JieURuV1cyZ1RlV2tvRjUyX0tZeF9GRlFYXzV4a29ZOGxleERFTXY3SVRtcWtRdFlDNmc4ZVNPZkpDbzJ1TVFyaWxuVUdaZDNKVkdzYW93ODJaeTN6aHVZbjlqeHJ4czVBaVNEdVhtZC1pNmRkSnVXbDFneVJYUQ?oc=5
2026-09-15 13:31:40,NOK,NOK Initiated Coverage On by Rosenblatt -- Rating Set to Buy,GuruFocus,https://news.google.com/rss/articles/CBMinAFBVV95cUxNYUpCLVp6NHBIeHFzbXRKR0hMY3VSUUxSXzZaZldfcmt6aUtXazg1UXZNSERTdjFsQ1ZMYnpyUFhGb2FMQkZROFpjZkNndkRfR053U2J0RDc3OEx4WmNEUUhLd3hiWW1yYnhxamlKZzdkZGYybUVNV1lwbnU4V1ItRGNSNGQyR3B3N0ozWV9Pdm9INVExVW5sY0FjTFg?oc=5
2026-09-15 13:10:47,NOK,"Rosenblatt Securities Maintains Nokia Oyj(NOK.US) With Buy Rating, Maintains Target Price $15",Moomoo,https://news.google.com/rss/articles/CBMitgFBVV95cUxORmhoazQyMXpJaElFM2xkSlNhdUt1QjVIOUxrUllpdWF2QVZJZGoyUmw5dHdzLWdfNEdOOTZ2aGdOamlVYjlVQzlDS0xnTngyckdGREtEZlc5b1lEVzdWOHhwYXlvem50Ty1Xd1RsQ0ozeXpkWF81T0hnZ2VVRVItSl82NGlwUkpkc18tV1hJQThWdWZyYUFwbi1zaEYtQ0pZODlDaGZHWjhqUlU5ZmdfZjB5NF9hZw?oc=5
2026-09-15 12:30:39,NOK,This Nokia Analyst Begins Coverage On A Bullish Note; Here Are Top 5 Initiations For Tuesday,Benzinga,https://news.google.com/rss/articles/CBMi9wFBVV95cUxOMGpjZHFwREVLSlBHNHhnMnVrdU1MbWlIZ2gwbE90dkFrTzNMdjJXUGZnY2ZqYklaSmZCb3h3Q0ZoZ1RJX1VRWEd3MTFHVmNTdmVfQnZ1WWV3YkVsS1lyNjBFNFo2eHItNXVEbjVxNWZKSVFJc3d3WFl1UDVkNndOYzU4bnEzSFpUZFZMcnpVMXlBV3JpamNzVlFJd1FYSmhuZm5hUVlIeHQ2dFNoMEhoN21OSGZVYTk0SGt6Q01Sbm1EdlhWakFmSENTbkttUE1MVldhMmZaanNzZTNsQUNyVlZpSGZ3SXF2amU0eXRnUzY0MVFsVnJN?oc=5
2026-09-15 12:24:31,NOK,NOK Stock Quote Price and Forecast,CNN,https://news.google.com/rss/articles/CBMiT0FVX3lxTE1IaTdhdm5SZmtpLWhJTG1qcWVRTEdUeTlqM0ozdkVHbmtqcllScHQ3czFnQnpfMWdZRXNkeU1YZ2s2cXhOOW9LUWM3eVVUVms?oc=5
2026-09-15 11:16:12,NOK,What Just Happened With Nokia Oyj (HLSE:NOKIA) Shares?,Yahoo Finance,https://news.google.com/rss/articles/CBMimAFBVV95cUxPYm82eHRKWXJCcjJOeEJIUWQ1OUprT3N6bWNmRFNtVUcyV0xWbC1TUWVlMW1JMDJ5RHZPZmlQTTlpc1REVUpZMWVITDVlLXBSVS1YSTZzUFVJcVZma0d6RV9fb1IyNTJzMkI0Q3lJUE4yNmlIZmZMeS1WdzA2ZXZNYnVvdlVsY0k3eXhRYXQyZjB1b2gwSlBFZg?oc=5
2026-09-15 10:15:00,NOK,Lifecare ASA (OSL:LIFE) Registers Share Capital at NOK 43.0M After Deal,tradingview.com,https://news.google.com/rss/articles/CBMiywFBVV95cUxQMWdpcW9VNWpUNkpMYkcxNUlha0FQLWh4RTlQZ2g0UmVWOGhkQjZEQ1JaZURUQmdYQk5aLUUxTWxpakNwbDJQLUpmWmhoZ0piUHNpZm80Qk5HWms0dVFvU2xnU2dnMXNzZHV5eV80RHhhbTZrR01kOFFvakl1N0Yxa3JvQW9FSm5iVDZ5TFNkYTB4cjBOdFA0THI1U1RGMDFQbXRnX21CYThTY0pPZTlORy1XQzAzT3JuWWFuRFhhQnhrLVRFc0hOUDdoQQ?oc=5
2026-09-15 10:07:19,NOK,Equinor (NYSE: EQNR) 2026 buyback tranche hits NOK 1.97B,Stock Titan,https://news.google.com/rss/articles/CBMiqwFBVV95cUxPejN0QVFFN1dJNFo5Z2VIdXhibWdLYWxQWHVjZzVjNG5IdHJvZHhaMmIwZlN6WmJEYzA5cnltbVBiTGx3UjFBSTlQLXpTcnNfYXY0SDdHQ0J4UzZzeS05WGpTSkpwSm9yTmtPNF9WdXpaNVRKSHpPaU5lS1RJV05IVnoyd3hUbDJ0OU1MVTk4WWp0TWlXZndwcUN0dW9zbVhKWUtRc29md2hUNHM?oc=5
2026-09-15 10:00:55,NOK,Nokia: The Selloff Has Made The Valuation More Reasonable (Upgrade) (NYSE:NOK),Seeking Alpha,https://news.google.com/rss/articles/CBMiqAFBVV95cUxPTmhRTGlyNFdzdlZvMHBtc1FtZUFnQ2FfMFVXOHZXWWFWOWlDQ25iS191VHVmX1hSV0toa21JVGlIR2JZLUwxY19NR3ZERnAwVFVBVGxKS3dUQ2Z0LWsycVBLNzU2ZjJNRXdfRFpJOTNHdFMtNXpIYmwzODdPQnJBRHY0YURPN2NqUU5mOTRYLXBiWEl3VW9xMlpsb2Q0TW1UczdJWEphaTM?oc=5
2026-09-15 09:38:33,NOK,NOK Looks 84.2% Overvalued on GF Value™,GuruFocus,https://news.google.com/rss/articles/CBMigAFBVV95cUxONkVDZzU0Wlo1MTB5UE83MldXZGczUHp2QXVOcml2bXNMSS1KZ3NoSG9SUWhMMTVQaVl6aEtmY1pNT19ZU19TSXB4SUpyVjVXa1J0Q3VMcFBlNHVscUtxb1RvUzB4MHkwZWloUU5RMk04RHNNcUVMVHRma0NZSU5uMQ?oc=5
2026-09-15 09:28:17,NOK,Analyst Initiates Nokia (NOK) Stock with Buy Rating on Surging AI Optical Network Growth,Blockonomi,https://news.google.com/rss/articles/CBMirwFBVV95cUxOdzRhcnc3d3V0NU14SmRfbWlaN1JxU0otX05hbjdfdVA3QUtOTk5Da296c3lEVFdUQU16aFJ6cUdyc1dBRkdSY1Y3NTNubEFQSHczaWoyUmNCVmQ5OXdQTXNzdk0zQ0xWOVFRd09vX052Y1JKcXRWY1VvYkNOemJXamRtVEVBRU4zM3hXU2JldmY5d3o0RF9oam1HLWRORDlfbk15aVJ6WXhRSVh6X3dZ?oc=5
2026-09-15 08:24:00,NOK,"A Nokia-Telxius undersea trial set an industry record, carrying 400 gigabits per second over 5,600+ km.",Stock Titan,https://news.google.com/rss/articles/CBMiugFBVV95cUxNVlF0YTlSN21ManZpRjBUaXd4a0YwTElNT0dWWXlXNUlRdUxPejVYTkNIdU82YjB3NElpWkNwbkVtYjlxdzdTUzFmWEgwbDBmU1JrQzBNOEVFeUdFMmZaZkVxWWczOGRqNmRIcHpuS3FJd2s0UWI2bjhJbkh4eVN1SlAwV0xaLXJsX1Ffc1lLOTdTdWNCVUNiVXpZd2JGcjJiQUJlOWpWTVM5SzJnWGN4OU5nSGJnWVl2cWc?oc=5
2026-09-15 07:12:02,NOK,Circio Raises NOK 200 Million to Accelerate Circular RNA Platform Development,TipRanks,https://news.google.com/rss/articles/CBMiyAFBVV95cUxOM0M3VkYteTh2VWMxa2xMeGdyUnNtSHZub0Eya0pTb0JiVy1pc2t2dm5DT0NtR0dtUVJTOC1Jb1pQcHRiejZoNk02WEJvV3R1bGZhSzd2aGFZUDY5RVgyTmdISDdYRy1ITGl2TlFzMFNkU0NNMExobmRHWGs0NGdnTWQ3Zjhpbm5oamJKRFNJdFFPTFZwQ1V0cHA2MWtrM255alMxSGlhZWpSdWhod1lRWkMwdzR1WFlVLTVzZVJhTTlSeDhkT3hQVg?oc=5
2026-09-15 07:01:00,NOK,Why Is Nokia (NOK) in Focus?,Kalkine Media,https://news.google.com/rss/articles/CBMiggFBVV95cUxOX1A0VjlBcEdndnlUdDZQaGRaQWhuWEpfcVl4c3E2NXBIalVvbXdBWHVMN0pQYUtOR3NpTko3bkozWXFvTDE3TzdiNzJtRHFOcHM1d0NPN0R5OEZsY0pSMTBSWFVmNjBSbGNFVVlpcEVBUnNPR25CUGpxY2lPeVFTdWh3?oc=5
2026-09-15 06:50:00,NOK,Circio Holding ASA Raises NOK 200M in Private Placement,tradingview.com,https://news.google.com/rss/articles/CBMiuAFBVV95cUxPRTc2TDJzWldkYkpxS2ktaF9xYWtDeEREbkdlbXIyVVQyUnRGcjJUUFFBcENlMGNQZWFnNmVZbWNSQXdfLV9DVGZNY2lKN2gtbk5iMGtRN2R2dEpxZkFIN0xCN1Qwc3NLZUlxM1pXbDRFSkxISDcxTWhvUUxPY0JEa3RWR2xfaXlqdWs5cU1PVlNNNEhFN3libDFKTGhpOC1wWE5UY2JRZDJ6Zm9INndtU2pDMk8wZVRo?oc=5
2026-09-15 06:45:57,NOK,Circio raises NOK 200m to fast-track in vivo CAR-T ambitions,TipRanks,https://news.google.com/rss/articles/CBMisgFBVV95cUxOcThoT0t5UUFfd0hDSTRJQlotdFZpZTFvX05WTEd1NmIzLWdFN1NnOXVmUkQxcGJxMTRZaU5YRjBhUFg0ZzhWeU9hSUM2d3RHOWtLTk0xV2QxNllyNnI1RFI5SzZhQ3p6SWtzSXRzQmN2TzZlUk5HMkM3akRYUVFzWDl6cFRXaU02d01qVjcwWTRjS3B1ZHp1eVlfcmlacTF6bmNQLXFqMkVsdUg4dmdQb1hn?oc=5
2026-09-15 06:30:00,NOK,Circio Holding ASA (OSL:CRNA) Sets Terms for Potential NOK 200M Subsequent Offering,tradingview.com,https://news.google.com/rss/articles/CBMi2wFBVV95cUxNdlNfZDY3WG95ck5tNVp6RUdLaDUwX25hTTNON2liWkg4VjAxTXdqcm5BQ2w5Y3pDNDRXeDlSMnJzQ1E3VXE1X1J4T05abDlmR3h3SHZsaXJySFFGQW9Pb2E3MTB1ZnpaajZWYy1JSi10VGpNUFQ2Qk5vSXZxR0g5MWxzRWtlcUJNSlp2bENpZ2dZbTVxTS1jazR5Z3hNbFNybXZFaHg0Y0NVZHFlY0N2R1o0WGM2RW9jM2pPcFBYVGRUT3paakU1SlotWlBIVkM2dWRaUWY3RFBkc28?oc=5
2026-09-15 06:24:00,NOK,Circio announces that it has completed a capital raise of approx. NOK 200 million towards its in vivo CAR-T program,tradingview.com,https://news.google.com/rss/articles/CBMijAJBVV95cUxNekJkeVVjLU1rUU83TDdWdjBUSF9Kb29ZQlhrQjZrcTZSYXZ2TWhQcGxWdGVTZ2ZfSGxxZ1VCLTZSbG9mVnFJWkRTdEVpSFY3YVBMaUduQjkzYTRERlZ1MVh0bzNHN1NPN1hKUHVzR080NDhrcS01NHIyM0ZSV0E1cTBpdlJvd3NVYmtPc1VOM21McGItajhVOXRmNEo4YWJidEtDaTJGTDFyT3dPQzRyTGNRUmcwLVBNM0RyQnJkenhFTmo4dGUtZ05rUTRWd201SUVaSlBoeUtocXVSeUhOZ2VzejBXQzRJWk1zNUFaOHR5UE1feHg0dFVqMWoySW45NDV0NHJzUlIycmFr?oc=5
2026-09-15 06:24:00,NOK,Circio Holding ASA (OSL:CRNA) Raises NOK 200M in Private Placement at NOK 11.80,tradingview.com,https://news.google.com/rss/articles/CBMi1gFBVV95cUxOLWViaTViUTBUMUFPZFA1eml6WW5ZRUYzRWU3cDQ5TUVYcmZjUDFBTklGWEFQVVRLck1od2VLWXdCMXdSU0hwanFlS2xGc3lZTElnRGpuSnB5V3M5ZDBUTzNpY1RUa1RNUWJJaDh2UzF4d2VGYU1VUXJ6djd4a3JPUDlDem1TbHVXSVFJRUFBS0FPdHF1bUF5MXVSYWYtUGxHU3U4VmhDNlJuZERXTHJKeGRiUXl1RFRLS3RUaWtQeHZJMkVHZVRZY2dodHZfM1JKOVVWb3l3?oc=5
2026-09-15 06:14:27,NOK,"Nokia Stock Forecast: Tumbles 13% Below $10 Mark Again, Is the Rebound Rally Over?",TradingKey,https://news.google.com/rss/articles/CBMisAFBVV95cUxNQ3JXUnd6c2ZGVnRHNnNCLUxBRl9CcVJWQ1VtUThvNzV1RVdsSXJWa3gzT3h1X2FRVU1VdVJ4Y0hqTXBlbUUxWkFSdUIzbEJuS2VybFNJTy1CeGp4LXpfTGhuNWJ5MDQ1QzBCa0QxZ3FIOTEteWxIcDgweEM5UUlmMVF1dUFEck04YTJwMDFnN1U0UDVvOHc0UGR5M0lxN0pvWGNFZUtwYWdsTXhvNWZNbQ?oc=5
2026-09-15 06:00:00,NOK,AKVA group ASA: Ex dividend of NOK 1.00 today,Yahoo Finance,https://news.google.com/rss/articles/CBMilgFBVV95cUxOLUpQb3lNMllvRzRONnpOamJ3U0JFWEo5Q3lMeHhBMFgweVJfRERrYzlCZDRHd1ZDaWhkUV9SN2QtejhKVnlacS1EaDRBSm1fZGxqOEo0T2ExbWt0ZkFzNWNpSHd0UTE4aERlTF9wN1dwbjkxTG5QRkdjd18wWVp6VjRXQkl2QmFQeVFjV2ZnalVTMm1WMEE?oc=5
2026-09-15 04:46:00,NOK,NOK Stock Rises Overnight: Analyst Calls Nokia AI Optical Dark Horse Trading At 'Conservative Valuation',TradingView,https://news.google.com/rss/articles/CBMi9AFBVV95cUxPel83WndRTENocElyeXlZVGl4OUhIVklwa0JmU25nTXdvUGVLeVlwV2JXYUdxcEpycWVqU2FyemplWjBBMWh2djVjVUx2OHFFLUgtQzFfV1N0R0JtR2o5NGV5RUVqVndodFBvWEtxRnU3UHJQaEJXSURzeWdxZE9oWFhZeTd3ZlNYUEE0Skl1MlRMWWFCVW9XU2RRVFpWdlhPS1ZCU3JhMWJjb0l3MGZ2bFdQRDh4MWNFSTR2OFpyZ3hTdDhkcWVncnB3YmdWbXFlUC13TmVYSlQxVTBOd1RCR25SNkczb21Wd2RIVVNuRl9KY2dS?oc=5
2026-09-15 04:46:00,NOK,NOK Stock Rises Overnight: Analyst Calls Nokia AI Optical Dark Horse Trading At 'Conservative Valuation',Yahoo Finance,https://news.google.com/rss/articles/CBMinwFBVV95cUxQTk5TR195Qlc2dG5pOWF1Vkphcjl2WU1lZ1ZQY2ZGYUhfWlpjUUdhelZRX1VlNy1MQkhhRURLSnBBT3dVQ0VrZmNCY2dnZ052d2hnX3F4eUh0alVESHMyU1g3YzhDWkYwLXQ2bzFXeXZqZ2N1bFQtZXh1Vk5ZUkZWV3dWNElLNGpyWUlaUHlmMWFSTy1Vbk81RGFEYTRXLWM?oc=5
2026-09-15 04:42:00,NOK,Rosenblatt initiates Nokia stock coverage with buy rating on AI growth By Investing.com,Investing.com South Africa,https://news.google.com/rss/articles/CBMi2wFBVV95cUxOY3R4b2paR3Bac0ZzLXBoXy1DV1Y5RE04Y0hfcE1QaVp4aTVBSWRDZ2VWS1BZQlozRDJzbHNjOTdWVDB0TFJ6eElrU1A4WDJXblUtNkRsSE9JX0JuZTNYVVlmQWw0WEhOTnIwUUtYX1VqZURUQ0VPQm8tR25JWGVTZjJNTlY5amtGX0JmUGRTZVVpVDhZR2VNNjgtYWhzWGE5VDdWTjNmNExyaVowS3RtcWtHQ3VDWVl2czh3YXFGT3Mwd0FPYy1SQW5ZcGNGak5DeVQ0WVlldkRfRkU?oc=5
2026-09-15 01:07:50,NOK,"Rosenblatt Securities Initiates Nokia Oyj(NOK.US) With Buy Rating, Announces Target Price $15",Moomoo,https://news.google.com/rss/articles/CBMitgFBVV95cUxNQ29QcEF0aGRoN1BoQWN0WWJkXzNRbzM2aTRzVmtTQkVJTkpndUdGSmpRN1R2czJicDluSGFDVjFYc2k3OU9wV2E3RkxEMEpjV2pVZFJzWnl4MVVDNXo0YWRwSnhCZGhZVGp2UE81cnZEOHMyb3VNWDVNaDYtMUlvblJBT0Y0RnJObGxUaW1zMDluTmNUWjhwallFeHZFUXlaVW8tQ3ZJVktENmJpTkNXY2lWSkVRUQ?oc=5
2026-09-14 23:00:00,NOK,Nationwide Building Society Lists NOK 380 Million Senior Preferred Notes on London Stock Exchange Main Market,Kalkine Media,https://news.google.com/rss/articles/CBMi7AFBVV95cUxOZW82RG56a0dPRVM2THNGeXhvd2k3dEU0aFlTbVo5OWVXb3dmaEYxTG5PTlhBZ2tUXzIxVjZrN2RjVHpRYmxSYWNwOVlSbHFQX0FlMnA1MGsyX3VXSmJvN01TcWpLZGRwOWUzMzE1VlhZLVdJNUEzMHdFdmN1ek5DMkc3N0tHN0V4WnNFLTBrNW5xZlpLbmotWVdWRXl6N01RV3AzVzhsM1BhUzdYaWx6cWNZOXRMRVdTb0owakp0MW1zRGJWVFNSUjAwQk9xNEtnRlQ2S05GRjlzN2hDUkF5Z0NMZGM4SXNCSUZsNg?oc=5
2026-09-14 21:36:39,NOK,Rosenblatt initiates Nokia stock coverage with buy rating on AI growth,Investing.com India,https://news.google.com/rss/articles/CBMiywFBVV95cUxOV0liLUJhbTJhU2VxNDBZS1BLenpyeGFPVVNUV2xYS0lxYU0xS0JMMjg1ekhYTzJIUmstSGZlQVBfT0ZjZUF1aGRXaGViQmJKbUpMUUtjUnFHRUZCYTBNcFRWY0dDaDJpOEZQUDdtYUNHWURtN3kyeG9TTUJfUnM0WW5qLUw0YU1aQS1IRUEwNVVkbkh1VWxWaGJ1LWE4OXJYQ3k3TlVCZG5rTnA3V3RDMHcwVjFzVlVNYXY3SHFEOTNVaHdsTkp4ZGRKZw?oc=5
2026-09-14 21:28:00,NOK,Rosenblatt initiates Nokia stock coverage with buy rating on AI growth,Investing.com,https://news.google.com/rss/articles/CBMi1AFBVV95cUxORnBFc2hEYzJ6UjA4U2x6Q055OWlWOXdtWmdnMmZ4THFnS3lqclFnd1pnUUYwdnhia1dHYld6al9tUGV2UDZYWTYwWjN0d0dLd2Focl9SdDZzRUhQd2hJRi1PMWt3RnhIb3RPY3VwR3dDM090SGpBNjhYQ203WjdlZGM4NGlqeTJHNng0RW5IdnE5eWltSmtIay01bHhwOFNjMXR6N1htX3FBM294TU8zSDZEWmhKX3ctNDJzNThkOGI0MUkxd3FvMGFzOHhtZG9ZV3BfWg?oc=5
2026-09-14 21:02:28,NOK,Nokia initiated with a Buy at Rosenblatt,TipRanks,https://news.google.com/rss/articles/CBMilAFBVV95cUxNRGNDcXN5YnFoT1FDWFNHdlk4Y2gxWDhhZGpyZTF6VDI2YXFoSzdjMlhreW8yU05HVDZRLVQySkdwa1Q0MHhUOVBrRUhHQWZKdFVMVE9ZeGIwOWNqNGlTTHJubGVULVFRSmM0Z0szWHZaWFZhYjlqU3hpQ1dlUkpId1g2UjAyZjRIYVU2TDNfazE2cEh5?oc=5
2026-09-14 18:15:00,NOK,Why Is Nokia (NOK) in Focus?,Kalkine Media,https://news.google.com/rss/articles/CBMiggFBVV95cUxPVlZJMEVGZmxVbmNzcnJDTW1Gc3lzWVBaNnlqNXd0ZDg5VlFWVm1CLVQ0Z2p0YmgtUE9xZmdiVkdDak8wWU0xb3otWXQ0dmRfMXJUYVFhZ0N4amdCWDR6dVprR0E1UmE0SG11cEt3ZWdFajNtX0wwX3hIdDllUFp5bWFB?oc=5
2026-09-14 17:25:42,NOK,A No-News Nokia Selloff Wipes Out About $7.4 Billion,TechStock²,https://news.google.com/rss/articles/CBMifEFVX3lxTE1IclY3c29iSzViNmg1amlaSmtyNENrZGJEVG1BWTBJVlZjdVR4ZW92dmlSRGlfWFlHZlhQUVU2UXF0TkF2RDhRbGp3eGdDNk9FS01iS0dpZHhvSDJMb1FNWXhscGU5WFlGbmdxTFhQNlVCNnVxMkZnTHJiMGM?oc=5
2026-09-14 16:55:50,NOK,US Stock Market Volatility | Optical Communication Stocks Decline Broadly; Nokia (NOK.US) Drops Over 10%,富途牛牛,https://news.google.com/rss/articles/CBMiugFBVV95cUxPcWZZVm9JYUJBOFlXUGJzVFM1M0xVWHczUjU4cUF1Z2xQdDNKYWN2cE9VT3hqSzJOWHpTaUlpbkctMmJRZlducDIyMjZMcWd4U1FZMVFQeTFvT2dYWnBHVUFzZThWWC1oUUVkTng1ZU9CUVk0ZDQ0YkFpdUNtanRJRXpBa282a3VXRUdPVDJXVTZNLTJSYnY2alV1N2xvNFVBWDRwemdzVmJXWkJtX0dUdzhFcExQY0ZBRnc?oc=5
2026-09-14 16:34:00,NOK,Nokia Stock Slips As China Exit And Deal Break Weigh On Sentiment,StocksToTrade,https://news.google.com/rss/articles/CBMihgFBVV95cUxOa0xLeFQ5ejFDeEtrSjhiT0VSMW12cERUdVVST0VBNVlFcl9PeUJJVlBfQ3F1cG1JSE9HZlFKNW92R3Vtd2xKLTdnSkRFVXR2R3BEaFJ2ek1tOFRWalBMZk16VFFLcVNHV2M2cmpuTnFPRzktOUtlM0YzQXJsQzBzTU1TYVREQQ?oc=5
2026-09-14 16:33:00,NOK,Nokia Stock Slips As China Exit And Deal Collapse Hit Sentiment,timothysykes.com,https://news.google.com/rss/articles/CBMiigFBVV95cUxPODhJcjRjVDhCdmtzdEZVWXFBazVITHhIWExDMHg0RS0yeWdzNExETzN4ZTkzUUotRzktM3JfWnc2QjZfclNKX3ZZTk8wZmVXaUhJUkRLTlpCRE56SUt6VTNxUGNWV2NuNl9IWXJ1WW4tSElDOE5HU2NiUlk1V19MQWpVc3ItZV9NWlE?oc=5
2026-09-14 15:28:16,NOK,$BlackBerry (BB.US)$ heaven and hell $Nokia Oyj (NOK.US)$ @AbbyL[Sob]... both are legacy brand... yet[Facepalm],Moomoo,https://news.google.com/rss/articles/CBMipgFBVV95cUxPLWtWZTd3c0IzZ0xfc0lUalVzWTYwcVpWekxPZTJNc2NyU2EwSV92TFVSTEN4QnJ5ejdJWVV2RU9lYU5ma0tNakZfd2tNOWxleVJpb2dCZHBsTWRoVWVTQ0E1VnJZNlZNUVI2Qzd4T2F1NTZUNEtSeUI4WW0yMHZMdDdJaF9VRzBQQ29EbENSaUpNNW1LbGlXOWFzYmNDRDZzcXlBaWJn?oc=5
2026-09-14 14:50:38,NOK,Nokia (NOK) Stock Plunges 10% Amid Broader Technology Sector Weakness,Blockonomi,https://news.google.com/rss/articles/CBMilAFBVV95cUxPY29aYUVTZmxsQmw1d0JMTHhUeG5JSjVOQ2o2Tjh5RDJoWDFFYkl1QXpFZ2pvMmRwel9Ea1EzM3lVVll6U0ZlV2xYVmVnWEhuLXNMZE1iVlUyUjB6YWFBemdzRS1pSGRXSEg1RW9kQ3J1MkxFSjF6czk0UDNhQWl1UzNSZ2k4cEZidmFMUURUcnhWMk55?oc=5
2026-09-14 14:26:36,NOK,What's Going On With Nokia Stock Monday?,Benzinga,https://news.google.com/rss/articles/CBMimAFBVV95cUxNNVBqMnRHdWczSkZFeTJFcFItaUJZR0c3R0h3TmtQcVkzU29vOVRCbzNVYnREOTFnMzlwWmlrakE3cm9HWlZoUG1RS3VjdlI4Vkw1MlB4TERqZmZuNTNzZklBRlNxZVItQ1BoVFktcktld2dZNjFtczgwbjFWSmVXT2VjUWFPNkRXcGNpeldRSGFGRG54VHVDdw?oc=5
2026-09-14 14:26:36,NOK,What's Going On With Nokia Stock Monday?,TradingView,https://news.google.com/rss/articles/CBMinwFBVV95cUxNbHJMSkF0WkpMcm5IODNtbWRNMnM3ZE5PeGZHMkFtZXpYc3F4Q1dwNmIwdHJSdl9QMTdGbjZhQTYyRmUwZXpxMmNrcGZHOGkyRDZRbmFyNWd5bnlLc3BKZDNhdDBCTUVOU0hpYlE1c1ZTUHpkZWRvaFdDbEI3eGdwbWE0Q05NanJHT2h5Rlk1OXR3dUxvMXJ1YWxONk1qb3c?oc=5
2026-09-14 13:32:42,NOK,Nokia Falls Over 9% Pre-Market as AI Data Center Investment Concerns Weigh on Optical Networking Equipment Stocks,TradingKey,https://news.google.com/rss/articles/CBMi6wFBVV95cUxPR1QzLTlOeVhjTk02UWdMYk9yRlJpVnhqN0Y1RnZqajlZTW82YnNOVlJqVEdhWndUckszN1FpYnE4UnExejd5X0RWeUNFZ0hSd2owUVN2UC00d0dZOUx2R0h4b3BwMDJocmticm5ILUROQUd5cFV4UV8wLWJUa0p1WWotOXg3azNCM1FCdzhpZjgzcjRwbm9nbDZNXzhVRnJubENJWEJ4TER6dU4tdndkelJkSHZVc1BBRFdla1hSWEVucF9Cb0JwVUk0Uk1JVXJfTnV3dGFmU0hyMkwzWExDYThhZkVrMHduY29V?oc=5
2026-09-14 12:15:09,NOK,Citi says NOK/SEK can continue to work despite recent gains By Investing.com,Investing.com South Africa,https://news.google.com/rss/articles/CBMiuwFBVV95cUxObDQ3VDUzSnVMaEZoS1hPSlQtc0VhU0FweEV1TDFvZmd5Ti1RUW1SMGFaVlBfUU1YTURhQS1UckZYYXNtaTB5NEVJVlh0N2xheURTVnhVTG5SaFpJcjY0ZktyVWhIV0VueTNjUG9FWFlFVGR4QklvUUZULXdWWjZFR3NJLTM1T3RjcXp2Zl9pM0tFUmdtYWFxSmV6MVR5QktMYjdBeHBOMVFhTENwaEd1bXVHcWJsSlZGWWM4?oc=5
2026-09-14 11:14:13,NOK,Nokia stock gains index spot as investors digest AI-driven volatility,ad-hoc-news.de,https://news.google.com/rss/articles/CBMizAFBVV95cUxQTXVxVHdIRE5GYktEaWc4d3FqYjJxTmd6UVpLLU5aenFmQ1BQSlBZSWU0TERUekpLbmw0UExSQzc5NkpHcFg0OUg5NzdGUk9mRGJXRFdCMGlvN25NUnhTYmZZUlp4ZkJhMEtMZmFTSzZtZVZvTWdsQ0V4MkV6U2txUV9uUG43TWZWaGVlX1lhcm5kQVoxa2dLT3pLaUMtakJzZUZudUhFc0V6Q1hKcDk4djV0YW80Vkowd0FYa2p3SjY3dHZaY1Y0bkVSOGg?oc=5
2026-09-14 09:15:42,NOK,Why is Nokia stock sliding today?,Investing.com,https://news.google.com/rss/articles/CBMimgFBVV95cUxORTFVWW91OVdjdTVBcDRMQmNzTTVtb29xSFFNOWYyci1Dek5SbUtFVVMwQTBHV2hvRG95bW9HR1BWVjZwdzR5ZkVXaUZZZkd6bzFWUGlDeVM3Rk5ROTd6UTJRLWY5VzF3QWh5aEJtR1FIbkM4VWk3Uy0wNFBFNlZlNDBGcXA1a29ib2MxRlEtM0t3aUI3dmplLWVn?oc=5
2026-09-14 09:13:46,NOK,Why is Nokia stock sliding today? By Investing.com,Investing.com India,https://news.google.com/rss/articles/CBMimAFBVV95cUxQazVmNnVCVjNLZ0dKQWctRmZNV0podU5VWklZUkRTMnB0cm51TzVYczlZcnNuSnpiN21FeDlpVHhZdXl0dUNxREl5bmxaSlBQVDhkbkNDVXlTXzFnbGdEUU9Ba3RUdFlpZFRjanFibm9Dbzc5ZlBHVkZlajJDc3o1c1kwajBaclppYWtPcFZ2ZFllaUFJNjF5ZA?oc=5
2026-09-14 08:36:08,NOK,Nokia Stock Stumbles As Rally Euphoria Fades,TipRanks,https://news.google.com/rss/articles/CBMiiwFBVV95cUxQVEFSNGJuenVGNk12ZEZlMWpPNTZ1TjVXb1ZyWGlUbkZKdVBsa2dfU1RFN2ZSbzFlNGFfbEZDb1VyMS1Xc2RraUdYQUQyeEs5NDd6YlFBQ0E1OTNkazF0OEYtRDFvUVpfUnVKOXhweWw2TkRCWkUxcDhJUTBqVXhCR3pJMzVmS3VoNUVZ?oc=5
2026-09-14 08:31:16,NOK,$Nokia Oyj (NOK.US)$,moomoo.com,https://news.google.com/rss/articles/CBMiekFVX3lxTE9HM1FvNjB4OENVMmF0NERRalBXOXlwenQ5bmkyQ2lBMmZmc3E0aklXSzM2c0FZdTZ1R2NCRjBFdFU3c090NUhGT3pMNHoyRW80VnhDTGVUc2l3UTRaVTFYVFJFUVVlMjk0eXpleThHT0YyWlBKNWtqUnJn?oc=5
2026-09-14 07:52:02,NOK,Vend Marketplaces Expands Second Tranche of NOK 2 Billion Share Buyback,TipRanks,https://news.google.com/rss/articles/CBMiwAFBVV95cUxQcElQQjhoVVRNeDdKZ1Z2Z1R4aTdBeG9qRkdVblhKMW1ZSi15RDMzbml3MWpUXzluOWgtdUpOV2FHN0xUa19KWFhTZXNXa2daa2piZm9IYzNOTXhQd0x1b3V1cHp3OGtFS0Iya0dTWWVtelVSdUl4bXZmVVVPTnVCcGZfZl9lNndyZVhyZHpFYkNxNEJYZGNncHo0TVVpTzItN0xuTlljZUdiLXpYTDR0R19CTjU0UWJZNGRxNm4tbWQ?oc=5
2026-09-14 07:46:57,NOK,DNB advances NOK 4.8bn share buy-back while preserving state’s 34% stake,TipRanks,https://news.google.com/rss/articles/CBMiwgFBVV95cUxOdkhLekczdGVaTE9yMDZmYWtaSFNrZFlWUElVbjE1QmpldVpPcXBuMjR0YmFVQVplTWhyT3VReEl2b3VuclNYQUstWEpaOUJkNU00QnY1bGlRUlA2MjJ3YzhyVm83U3l1NUhpbVdFRnBoOTcwMEJMVERkaGQ2aXNSVlQtNEpsWHY5MTU5Z2pmaW9WbUNrcjQ0Z1R0LXV1dEhnU08wR2I1QlVqMFVKbzFYb3VlcC1pZFQ4Vkx4MEZpa1pmQQ?oc=5
2026-09-14 07:00:00,NOK,Nokia enables more than 200 networks to get internet-attack protection inside Spain,Stock Titan,https://news.google.com/rss/articles/CBMitAFBVV95cUxONldNV2hHSDhiaG5sMk52d2NBNVcyNEwwYW4ydFFVenNDNVBOMHQ4NFU5UFM5R0JYUGpKeHBsbG1ybVZGQmJEenlDZ2tCYkhQako5WGt1SVZzVUY5Z0tLUnREeXN4OWpwR1RqdVNaVmY4S25KZnBiME5XaHNDc0F5UXp6T2FsV1BYb28waDlSZ1BzWktoMVFHcjVaNXNiYm9CWG5tUmF6VWdGclVjMDBfMTVCZzY?oc=5
2026-09-14 05:01:13,NOK,Delisting application approved; Kona BidCo AS extends cash offer to remaining shareholders at NOK 100 per share,marketscreener.com,https://news.google.com/rss/articles/CBMi5wFBVV95cUxOYXQyUVFRWk9fY2xXZDBWYnVWQWhqQjRKemFxeUV1ZV82UTF5cXA3SGMxVUdqLVBFZzNnNE1wRFhfNXFudk5UeGpOY0Z2TDlxbHdjRkY1QnhMNDNMVmZxUXFvczZ3czNQVEZ6NTNLS1VreGR2QzZlLTdIM2dOSkppcEQxWTdIb1NZTWNDQjFjMWNBZ2lhM3d2UXV0SWVNMl9YYkhDQjVZUUxjQVREaGUxenRiakxfYk5qSHkyLS1LcllyYjh4cHM1OFR6SUFHYXY4cS1rRy1wS0tVM2VpTGVRRTI5ZGpDQkk?oc=5
2026-09-14 02:01:11,NOK,$Nokia Oyj (NOK.US)$,Moomoo,https://news.google.com/rss/articles/CBMiekFVX3lxTE9uVGxNbzlUT0tiODBiQUhMMGRnNUFzaUJYV3AzelZPTjJHcGJjRy1fSlFpWFA4ejZUT1FMYWRaME9ldTZWYjk3VEZRN3BaTjlucFhJU29YYjlVTEZwaGJudUZEaDdCU095M0NuZVBmS1lhNEg4VzhoZkhn?oc=5
2026-09-14 01:44:00,NOK,"Why Retail Traders Couldn’t Take Their Eyes Off These Stocks Last Week: AAPL, NVDA, ORCL, NOK, SPCX",TradingView,https://news.google.com/rss/articles/CBMi6wFBVV95cUxQSWw3bUJfTjVCUXlZamU4UEFFQXdNbmFsWk5nN1VVdHRNLTVUQkpRQ0diM3FwU0l3cnBqdGpheTlwcFI3UG82aF9sRG53Wnh4MEVaM2RSOENoOTNrOVgxcUl6TDFZSHdxU1pjdnFEdWt3WnNLRXlKQUI1UlNoeU5HUE14NlZlTmszQzVjMU1kZThIa2FTY2U2OFo3VWt3SDkzRGR4U2prMmVhdS1zTHU4OGJZbWI2em51SzlBalJjajZUZVl4VGoxUnpwUW1NZThPUVFyRnB5Yl95ZTZnamstSjQ2OGk2UlBfVXBv?oc=5
2026-09-14 01:44:00,NOK,"Why Retail Traders Couldn’t Take Their Eyes Off These Stocks Last Week: AAPL, NVDA, ORCL, NOK, SPCX",Yahoo Finance,https://news.google.com/rss/articles/CBMilwFBVV95cUxPNWZKamJzUVFQVnZFWTdzZTRVV2hqOXlyaVBxUS1qNEp5Y04zZmRNM3QwWndPanExM2w0U2hueUxZbGpma2VBdVY3eW50Z1o0YXo4aHBjQmlzTHljYVdHZkY1dm9JbEJiUkYyb1g5XzJmQ3VrNTNWVG9lMzFzWk9fa2d5TGpuZ3RmaFRWcy1wVGpaWTlBZHFN?oc=5
2026-09-14 01:32:32,NOK,Nokia’s AI Sales Doubled; Mobile Still Produces Nearly Twice the Segment Profit,TechStock²,https://news.google.com/rss/articles/CBMinwFBVV95cUxNc1pmc21vU1pzWF9odFFkNXF5eGZia3A0WkdVelNTR1FVckVVRC16c0xyVXdXVlBDMlJzUm5SemFlcnZUVWNISWE4NUdnUGpLbzFYZmJLWTZHc2pURmF1TkZEUmVReEJJQ2Fyal9Jb2dQX1VQWUN4VUpsWHdpUFZBY1dHTTBoYU8zSUNIYTZ6YU13ZW9DT2xKd1BSV051bTg?oc=5
2026-09-14 00:14:08,NOK,NOK Stock Gains After-Hours — Nokia Oyj Rejoins Europe's Benchmark Stoxx 50 Index,Stocktwits,https://news.google.com/rss/articles/CBMitgFBVV95cUxOOEpqU2JLM25peU45Z2x5VFBoZ3lrdUhwMnZCN3Jma0dERzBKUE9mdUJWbWJtRnZEc2xpOW5VQmkyclpmMHg3WV9KQXRhTjhsN1NDVXFzTVlUeVlpLXNNRHZCSm5mOUZlemVmcUY5VTVfbUFNQzdFUTJTN1d2NXlxcjFzUXE5UXBDRWRJNVZSeGJxejZWU19iSFV2alRnYTVERlBWSkNsb3A0WVc2RHNfSDhUb21XZw?oc=5
2026-09-13 23:38:40,NOK,Nokia Oyj (NYSE:NOK) Jumps Higher As Investors Weigh A Pricey P E Against Fair Value,simplywall.st,https://news.google.com/rss/articles/CBMivgFBVV95cUxNMDZlS2t2MFBVSHpUWjR3VGlBc3lyRmFVYXJTVDVUd2o0Ykx5X25uRTd4bDl6Q3RJVlJXbFlmQUF1cEZEOHF6cFM5RHAwY3phR2NMdmpRQnFEN251NW1pVHAwY0R0dUFLazZRbXFPbzNDb2dGV2hyeUFNNFV3UXdBVk9FQkI2eXZpb0h0NnVfZnBBN0tTa3pqelFNVjFmLUpTUTAtb2JUTjZJblE4N0xxVE1ERUpCTUxmcEdOMGxn0gHDAUFVX3lxTFBkd3o2WHE2RFBrVnNCX3V3and1aFA5cFZSWElrNzdyekttbXduOHltYzRIaUEyYWZSbFp4SDQzZnl5T01NSzhwOWVFeVdvVU9JcWxvNEZCUF9kUm1OUkJWYjN2RGEtRF9SOTVSNERDQ01Nb0ZUM1JQM2pVX0FKUndzZFFSVVFtYjQ2S3gwbkdrMWZaRWxkUlYyenJzQl9WaExLRTl1aE1ucVZqMXJuLWNXZFp3MV9XazlzSTdJSHk3Wmk5bw?oc=5
2026-09-13 16:45:45,NOK,Nokia Stock Forecast: Why Private Wireless Could Be More Important Than 5G; NOK To Break Above $16?,TradingKey,https://news.google.com/rss/articles/CBMi1wFBVV95cUxQV1FGU1plU09ic3dmdWdsUXJkbUNEZlBXMENidThDdlRYUm5UWWZocm9sZW55TmtQU1lPWm9za2VJOVRsdGJPNThIRFNDWm5aUDBLckxKdE1rMFpkd1M1ckJud3JpRmdEdG84MzJxYWd6Z2lyY0Y2LUNmbTFiYk1jT0xXb3VRUzltY1VsTEVucFh3NjRfZjZkSjB2d1lteXF1YThLZGpVTGJZbmtRdm5xR3lTUnVFWmZTUlc3NEJnZkNUekhQT3NJSDRURWc0Rk1FeHVUbFcxQQ?oc=5
2026-09-13 15:06:39,NOK,"Why Retail Traders Couldn’t Take Their Eyes Off These Stocks Last Week: AAPL, NVDA, ORCL, NOK, SPCX",Stocktwits,https://news.google.com/rss/articles/CBMi7wFBVV95cUxOWkNoS2pBTkFWNU5pV25odndXSmJHUkdUX1lkbTNpQWU3dFlpWlFVTVU0am1yaHZJM0pNd3JkU2ZSUGRxMDBocm42ekhNNUJ3WnQtUV9aUk9iUmpfemJVellLYmV0VHFlMy01VDZMUXc0VTlMU0hLSlZNZWFNZDRQRFlQbjBjYkhaZzBlZGp2UkJFdmI0ekpxMUxlRHBoNkFsZkpROThiY19vaXBHRjhoeDl3VzlPSDBvcDFESUNZQWpWbDN1QlJmVmRIUkMzVFZ1VXZ6TnVNVzV0RzBOanFhWENidWtjNTZKWUN5OXZ3RQ?oc=5
2026-09-13 11:40:55,NOK,Nscale’s Funding Talks Put Dell and Nokia’s AI Supply Relationships to the Test,finance.yahoo.com,https://news.google.com/rss/articles/CBMimAFBVV95cUxOVkJDWXU0bDJ3OTFjcHdnVEQ2bnBOaGVaNTNMeFBrUExyM1BfeC1QNVc5RS1fcTFuZWdUZkZ5RnRZeDFvVW5lS0t1eVhsWDg1Qk9NY1JMR0xSdm9XdXBzQ0IxNlpLV3dZVk5pcGpIMHI3MUl6N3ZNMWZtYzN5OG1KWkFRb21nTU9Ud2xRMlotSVBIT0VlbmxiYg?oc=5
2026-09-13 09:53:22,NOK,"Nasdaq, S&P 500, Dow Futures Edge Higher, Brushing Off Fresh US-Iran Clashes As Earnings Take Center Stage: TSLA, NOW, GOOGL, NOK In Focus",Stocktwits,https://news.google.com/rss/articles/CBMipgJBVV95cUxQZ2hXeEdGRTNxOXdsM2UyZTZlZGxOczEwOXBwYzI2SkNpbGQ4THdtQnpJcTRUMklhQUlrWlZyZU5qdDFDcEowRG1YM3FWODhiVVdEMUg0V2Jad1VwOWszbDhWS052LTRPSnJXRVAyME9tMVdLX3NWbElKb2FEd0pVWUtWcGNVeXJ4Ty1aVG5Kd0VGRTZBZ1AzQ2FVQXFwR08xU1hpZkJUcHFxTE1hMTlMQ1JGWWY5TlJLNGp4ZUF1MDd6ZzY1YnkyOHVESmtWTlZEZndqb3duaWNmZGstSmFtemtyeldlY3dKTjFUZWM4VVk1YmpuaVJLU2NPdUxlVXhvRWhvQmNvbVZtM2VBWGZoc0phWWNpQmk2WC00UHJ4ckZlM3V0eFE?oc=5
2026-09-13 03:11:58,NOK,NOK Stock Faces Worst Week In 5 Years – But Retail Traders Are Not Giving Up On Nokia’s 'AI RAN Technology' Push,Stocktwits,https://news.google.com/rss/articles/CBMiggJBVV95cUxPalRaWDM2Q216VHFBV1MydzRYRmNiNXBZa1dsbThGUUtPZ3dlWTM5SmJvY2hZMVBLYjJvc2kyY3JYcGo1SXlPZktOZm43cHlfYVl5VlNEelV0UmtqeXJLc1EtQUNxVC1fdHFlaVpDeGg5UlJCTXRPejV1SmZOck5tRnhPS3ZuOXhEUGJob29BSGFCLUlMakRIc0hEME15M0RSWEdodTJvcmlxSjEwbVQ0X21GTDRWR2xKSWRBaU52NXh2cG8wNER4V2ZNLTJwMDVjUzNxd2N1YVI5VUtLUkVtcms5NXBBenRISTFsbEZOWVcybDZaQzQxc3hTdGNmOTMxWFE?oc=5
2026-09-12 20:39:39,NOK,"NOK, LUNR, SATL Stocks Hit 52-Week Highs Last Week: What Drove Them Higher?",Stocktwits,https://news.google.com/rss/articles/CBMisgFBVV95cUxOcTg4ZldLUjZvanBHczYyU0dqZEZXNlRhQl9GQnI1aTctSDhtZlhpbnd1bHE5ajFEUDhXdDRVOW1iSEZnRmNIN1JpX1dRNi1BVXVhSVVHaFVxMHRpVWpOeVRJM3ZfczRTYkVJc2dOVHlmQ1M4YkppamlGczc0Q1ZfNWVqYjRvaTB6bTVRczJBdmhXSEtEejBNZENLam1GUnNCLUFWUDRrTzd3cXVaMERNOHpn?oc=5
2026-09-12 20:14:23,NOK,Nokia Starts a Critical Week After a 7% Selloff — Can Strong AI Orders Reverse the Trend?,TradingKey,https://news.google.com/rss/articles/CBMiuAFBVV95cUxNdElsOVVGaVZjUTYxTHdKWGViSWxlVmNpV0dJckpsRVB3emxHNHl4OHJpbm9Fb1ZqWHdNcFVqUWNXR3JaTXc2cGM1Ml9pMU1rMGxOQ2czd3QydFhxUTk3T3RLRFAyV0h5R0M4ZGIwV09aM2pDRF9mSGpQcGVVTnJ3THNqTlhMaERROWdYcHpJbldGRGZ6eFlaZmktMHBUaGNMQ0w0Vk82V1VJa0dyWlpDZFNTWlg1VzVj?oc=5
2026-09-12 17:32:40,NOK,Nokia Oyj (NOK) Stock Forum and Discussion,moomoo.com,https://news.google.com/rss/articles/CBMiWEFVX3lxTFAwWGkwRFRMeGxuNmoxN1M1TWpFc3FfOUU4cGFiZVZmSG44OXlfMnFOVl82UU1BTE95R1R1TjFGUHZiVkY4QnhydTVnZHhQUDFDeTlYazRKVm8?oc=5
2026-09-12 17:26:23,NOK,NOK Stock Heads For Second Straight Weekly Loss — Retail Sees Dip As Buying Chance,Stocktwits,https://news.google.com/rss/articles/CBMi3AFBVV95cUxQZi1mSFREN1R4XzdSQlktaDBjMk9mNGpJSEtZX09DNjRlcm1NWmtJaEpQUGV1TWo3ZmxJWkZlNWlfeXJybW1qdGxtb2JtVE5qWkZHT192TGJRNDltR2dmRW1QR2JpUFU2aGExUEVXemNRZTdOenRkcDM1SzlJTDFDcXlhbjRweDJwUXNUd01RSVA0dWlWMmpGUFBBNnVWYV82b0hmRUV4Ni1XQWZCMXdrM1lNVG9CSWdxc0NTTW1aa0hITGpIa2RXSjVxbFlxTVVpUzJDNVRpUkJYUS1P?oc=5
2026-09-12 17:20:10,NOK,"Why Retail Traders Couldn’t Take Their Eyes Off These Stocks Last Week: IBM, PYPL, TSM, NOK, SPCX",Stocktwits,https://news.google.com/rss/articles/CBMi7AFBVV95cUxQd2R2bm5lWkQxZDMwX08zNVJ0VTJRVmNNWlk5M0dFZEZsSGNWYWZ6ZXNTaWR5eW5iajBRZkZqVC1kamhhaTdNbE9RRmVyemdxT0xySDQxYjFHdzVjYlNuN243NmJlQjZjV0RnWTNWd1FwUjdpTkE2ekVBQlRlYjRlUlJlSHZTZUVXbDljVWg0VXB2MmNfV1llLVh5eTJDOHM0ZEsyOGRwQXo5bFp3NXRPbWQ1YTNQaWZwOXJLV3hxTlJlTnVEU3RSS0taOWIyZmljVXAzMzh4bktvLW9ucW4zOGlhSlBBSms5YjhCUA?oc=5
2026-09-12 17:13:46,NOK,"NOK Stock Eyes Third Winning Session Amid Google $15B AI Bet, Euro Stoxx 50 Return",Stocktwits,https://news.google.com/rss/articles/CBMi0AFBVV95cUxNTEh6eXZ1WXljYVg3dDFLZEZQcjJhVDhhRmxFNHlaV2VyVkdkTDFyVWhyYlRfWkFkbEc2TXM2MDRPaEN6NEo2YmVuTkRWd2pmTG0wWkJGRDd0Z2JmLTlPRzlSblp6d3RPVDJ6bEFFUzcxZ0JhZHctUExnWjhvcE9DXzlzanpGWGZWb2lHNGtNVGdHVE1RU2ExV2x6WjM2b2poWXRRelFzZUcxSWRCV3lwUE1fRk1IN09Lb2tZV1ZFRUxLaG96em9lWDdybXJmSzdv?oc=5
2026-09-12 12:25:54,NOK,Nokia (HLSE:NOKIA) Stock Looks Undervalued On Cash Flow But Overvalued On Earnings,simplywall.st,https://news.google.com/rss/articles/CBMiyAFBVV95cUxOb3dmZm1sQkFUVUk2QkdTdVQwbVEzdUI2UVVod1d1TGR2c2sxT3AtZHJPcVR3SURPLWNHaGktaldnQjU4enM1ZE9yb0dKLTVXZVQ0Q0lsT0haR0d2b1pWYzN0STBEVk54cHZjdzV1Z2hReFE1S2w2NjNBOXFzMDJ6b2FGOW5JbkFFbVRiZzctUkR5Q2IxeXEwT21LYkM3cmx2dE9Bb1NWeGpEWFZiWlBiaUVhdmhyaExHQmhVQ3RTRW0xSGZVLVdnbNIBzgFBVV95cUxNLTF1OFoxeDJWdzhtSUtVM0VPS3N0djRpaXdyRmtTREhUaExXb1BHbU9YUEpVSGJ5Zld6MkJDOHdqV2hhWmpsX2JMUEQtNk9GYmJXSG9IMjlTZzBYLXdyQlU4VDVoS2cxX21Md09aa3pTN204emtNSm9HNnF3RmJZN2ExckhOTHBjN2RBN2pQZGZMZ2x5QjVOMFE5VHYzNlZ2YW11c3U5dXpaX0FWdTNoSklHNEVjeWdhWVEwaXN5OEJSbkM0a2NPS18tSzBodw?oc=5
2026-09-12 11:21:00,NOK,Why Is Nokia (NOK) in Focus?,Kalkine Media,https://news.google.com/rss/articles/CBMif0FVX3lxTE5May1xNnBQdkdocGJfOThXV3BTNk0wRFJsYU1QRjJpYUZTWnBhbGlVbjBOM0tKWm1UaXF0Y3VqVU9UZmRwZ0pqLW9wX2hMdk5kcWk3NFcwUC1wMjljaDNMc0EwZUNWTU02S3psMktRdm9sdnVmelotZGdWd2N2UHM?oc=5
2026-09-12 09:18:45,NOK,Nokia (NOK) Pushes Further Into Mission Critical Edge AI With New Enterprise Tie Up,simplywall.st,https://news.google.com/rss/articles/CBMiwgFBVV95cUxPanVQNnpndks2Y1B1YzVZYjg3amlncTNrUnM4MEhkVWdXdVk0Nk5WeUdLS1RzRklLNVlPX3JNWWVrTVhSbzV6NlROZWJBSWR1dl81eV9xMm9WZVBFVWNGRy1LeXZGdF9YVTQ5ay1uaVI4RWU1NHZ3UWJJWjNwXzFSMXpUQVp1ZWRFZTlETmIyZFNWQ05lOS1FZTVXZWw3MGV4N2VsRGVhaldUR0JHVzA5MXJLM1ZRdm03czRXTEJUMi0yd9IBwgFBVV95cUxPanVQNnpndks2Y1B1YzVZYjg3amlncTNrUnM4MEhkVWdXdVk0Nk5WeUdLS1RzRklLNVlPX3JNWWVrTVhSbzV6NlROZWJBSWR1dl81eV9xMm9WZVBFVWNGRy1LeXZGdF9YVTQ5ay1uaVI4RWU1NHZ3UWJJWjNwXzFSMXpUQVp1ZWRFZTlETmIyZFNWQ05lOS1FZTVXZWw3MGV4N2VsRGVhaldUR0JHVzA5MXJLM1ZRdm03czRXTEJUMi0ydw?oc=5
2026-09-12 08:16:10,NOK,"For Nokia Stock, the EURO STOXX 50 Trade Arrives on Sept. 18",TechStock²,https://news.google.com/rss/articles/CBMihgFBVV95cUxQVFBOTmo2ZjlyRi02VzQzRzJCZU1FWjFmNzdER1NzdkVhbTQ3cFNNY29EYkpZTWdEbE9LaVR5cjdkMm1mVlgzaFBTYUNxZ0JMRVZ2ZFVGU1NHY2w3Ml9vYW91VkhBczRBYk9qdW1QRlJTV2tXbnMyVWQzdTJsU04xZm5Ncy1MUQ?oc=5
2026-09-12 02:30:48,NOK,NOK Stock Rises Pre-Market: Trump Endorsement Adds Fuel To AI Growth Push For Nokia,Stocktwits,https://news.google.com/rss/articles/CBMi3wFBVV95cUxNaVBkeHg0Vi02NWZ0Tlp5bGh2bjdYaC10MUFVamtBcTFCbjByT05oVmIyeUJQSzFMVGZSLXpFdkd0NVVIMHY3UzNqOFFIQ3FvakVucnM4dms0VXZHQTdlSnJkTXpqdVVJclpEU2lEUUtKYTloWjFFRU5Db2cteVF5UGxkd05LakNaMWZpa1UtaVdodVVIU1I1Vkxjb0kyTG52eFVUaHdkR3Rjb0l4MmpQT2ZMTW5HWWNFdTA2elZuN3ZCckxMa2VrS0FXZm9VNUJWSDBSU2RDMV9WNkJmajVJ?oc=5
2026-09-12 01:51:20,NOK,"NOK, MU, BB Stocks Hit 52-Week Highs Today: What's Fueling The Rally?",Stocktwits,https://news.google.com/rss/articles/CBMiygFBVV95cUxNdFZ4dW1QVE5jaUZtVEFfLWpTdnlqUUxpbWNlY3VIbTZWaG41Sm45dmhKSnFDbG56UFJzelRyZHRqYVdsN1ZYNEJGSEpsdEtwQ3FVZmJKVjhNUWZMRDhSQk1kbmRnTXdIbHRQaVpUY2duZDZ6RlNSckVTTExnajVtbzBzZmJvSXZ4YTJUZkxRR3Z1LTR2UUN5dXI2d0JESVlpeHhOdTRMcUpDa3RQUzRPZ3I5NTlMbXIwWXFRRGVjWUpHNkJ5aVdWdmVB?oc=5
2026-09-11 23:15:27,NOK,Nokia Stock Price Forecast. Should You Buy NOK?,StockInvest.us,https://news.google.com/rss/articles/CBMiR0FVX3lxTE9ENWNwaklYdHJwdmV2ZVZVNV9pbkx4UmUzZGJfUnhad0R0RTJWOXJwMURSTnRRTkhsblQwdVBLTldZWUt0VzdR?oc=5
2026-09-11 21:22:06,NOK,Hemen Holding Limited acquired 19.9% stake in Northern Ocean Ltd. (OB:NOL) from Hayfin Capital Management LLP and Mikhael Botbol for approximately NOK 452 million.,marketscreener.com,https://news.google.com/rss/articles/CBMi4wFBVV95cUxORzRyOVJZcGtLN1ZjekRra2R1WlpIVENrSk92dy0zdXFFcW9vanJ2NGNQcnZTU0FFa1hEZEdYcG5YU2d4N2lsVHJZWjJhRmpibC1FdlMzd0poT1UxWldla0YzOUpYTWgtVTRLZ1NaVjMxRFdySDNqOElZSTlhTERpMnhPQmljOTl4cnNBVXI4NDJhQVFrU1N0dEpsWm40UUtHbV9CSlRPWW9xcXVWOW5yaTlNSk9sMHp5QjFZQ1hEWGJXMS1md2dRQWxjczhocmRyTzlTWmxmaWtxV1VySDBUUkR0aw?oc=5
2026-09-11 20:50:00,NOK,Nokia Stock Jumps As AI Push And Index Comeback Energize Traders,StocksToTrade,https://news.google.com/rss/articles/CBMiiAFBVV95cUxOTnhqSWxMSkRQMU1UNnEzNjZfZC0wa3ZTRmcwZnhkWVRfS3drRTlhT0VkODdTblg2aFlIWmVzYW0wRzg2WUZuNElOQXRpcURQQzdWNUZPUkFsbl8wQjU3NGdad0p1Y0lmRGstOU5BWkltQXZGMmVvR3NKVFJSbm9sckFJWFd1NG1u?oc=5
2026-09-11 20:47:00,NOK,"Nokia Stock Jumps As AI, Index Comeback Fuel Momentum",timothysykes.com,https://news.google.com/rss/articles/CBMihwFBVV95cUxNZzQ4cV9XSnlGNnphTzl2VDltQVRLMmVHMjg0dkZlVUllQXBuU2Y4VkFwRi0yXzM5TjNncnVSLTNjWUNTNTFMaENETHZGelZNclhjQWphYzIybFZUcG5rY2lSQVAwVDM5OHBEeU43TXpKbWtWODIzWkdqTTFIa2gtemZ2eGNXc2M?oc=5
2026-09-11 19:43:33,NOK,Mowi stock falls 3.2 percent as BofA sticks to neutral rating at NOK 210,ad-hoc-news.de,https://news.google.com/rss/articles/CBMi0AFBVV95cUxOOVNZbEFNcHFYQzBVbkprTTFGRmMxdzhyYWJ6R0huNnZPOU96M2lNdTkyVGwtTkc4akoyLXN3VExtOEF3MmV1U0JFYmFhYjRNUmdiZHdyRlUwaFZlVlI1RWxnbU5rMnQ1TDRBUmlLYllYdGY1T0Y3VWFxcG1sUlh5MlFKY2NkZlV6dk1aWHpUUTVfaDRKa3I0MFJKVFRXSmJUeEl3LXlnMnB6QnRvWlFvNjJON2FwUF9lWXhoTkIzcjhaenlHcnlJLU9oaGoyeHdR?oc=5
2026-09-11 19:14:21,NOK,Nokia stock gains analyst support on AI-driven growth,ad-hoc-news.de,https://news.google.com/rss/articles/CBMitwFBVV95cUxOTEdpNE5tOU40bXAyTklfX096OVhTMDBrcDd1bzU4a09CLXJHTjNzcTJqS1pKWVUyUkFSZWpEa282Q3d3aVhJUDFEU25PSmxsSXo1MF9ZUDVtNVQyMFA3WXNJTVR0c2FJODExOFFCV3lObUJlMzc4ZkNTeWc1QmlyMkdqdnJDVEtGeFp6R3N1OXpQcnJtbm9ZVUdGZllvX2txWjlfc3ZPOFozLUI0a0szdnF4ZERDYnM?oc=5
2026-09-11 19:05:00,NOK,"Nokia Stock Jumps As AI, Index Upgrade Fuel Momentum",StocksToTrade,https://news.google.com/rss/articles/CBMihgFBVV95cUxQVGVzUlBnM3pLRWVYRThGNzhwQ2wxekFuRmZnRUVrRVJoVnVMUW1LTGJNR1FTaVV0LTdRWnBxU2pFU0c0c2Vfam1uNnpFRzlFSmpObnR4UXFxWTZiMzl6Mk9weDZmbGJKcDdUbW5UUU1TdEFSdDlpWG1qbnlsZ1h3VVNyNzJvdw?oc=5
2026-09-11 19:02:00,NOK,"Nokia Stock Rallies As AI, Index Reentry Fuel Momentum",timothysykes.com,https://news.google.com/rss/articles/CBMiigFBVV95cUxNTENsS3FUclRfNHlzdldvSFFpSUFXTHdjVFFQa1ZPSmc2MjJlbXQ3dFdGT1FEUm1xcV93YUJYVGVtUUtlemh6M2ZiOHZTSTJkbWl5VlFPbG9LYWFlell5TjdmdXRIUGl3c09RYml0c3RnVzBtNTVHYlVUZ2ZSNmVCZkpkQmFqbWxUVFE?oc=5
2026-09-11 16:49:47,NOK,Nokia shares rise to $10.63 on strong AI demand and raised outlook,scanx.trade,https://news.google.com/rss/articles/CBMiswFBVV95cUxQRHZDbTVXSEFpOVQ1QlFpbWhXRG1OUnVUeFVMMG9lSkgxUFNZclBvUUhSSE5vdm85R3V0SFNvN2c4cHQ1Q1dQTFhZcHJWRlVyQkVoX3BzS3lGNWdZenlEOUx4c2VSNll4b0d1dGJ2WmI0OFliWE81UWRNSU1oYTBFaHBiRnVjNGtDSU1xcVBPSlpqSG9uUUtVcHFDU2NvLTh4TjAxZmdjTVJfeTEyWDl1R19VNA?oc=5
2026-09-11 15:37:18,NOK,AF Gruppen Launches NOK 60m Share Buyback for Employee Incentives,TipRanks,https://news.google.com/rss/articles/CBMiuAFBVV95cUxOQVljcEhVc2hEeDJ1em9DMVpIRVJGTUJvWWtaQ3pzSUs2dTJ5cnZGOW1jMzBWTjN6SlQzVzF1UEFrZ2pheGpIbFdpN0JxcWJZM3B4TjA0SXFTclIwTXdpYzFKSVcxc1NmUGkyVm9fbzlBeE9hNi1iYkFzaHZDT2pub015X0lnUXdlUjZSMC1YU0VSS25sdlN6MUJ4TWI3SkE3NzVhMmVKUG84T2k3dXhtUTBIZDJESUZr?oc=5
2026-09-11 15:37:18,NOK,Fortum Advances NOK 47-Per-Share Bid for Elmera Group,TipRanks,https://news.google.com/rss/articles/CBMiqAFBVV95cUxQLTlhYk1UeHJReDVrUkNOQ2FnQ0d2Y0VxQ3ZKN2ZDQnVGR09BQU9lT3FSdTl6T0MySGM2Q21MMFdnbDZvcEN4cEJ4Y2VSMVBDMzZrRkgwLWFibWMxOGpsdW85WkdGRmFlazQ3SUg2SkN2ME1mOTBPb3FqalB0bjV0OFd6Z0JSTEY3RlptMlJlc2VQSENoZnFMMm1MbEhQZ3J6QnhiaGJlcG0?oc=5
2026-09-11 15:37:18,NOK,Aker ASA Advances Aker BioMarine Merger and Sets NOK 9.2 Billion Valuation,TipRanks,https://news.google.com/rss/articles/CBMixAFBVV95cUxORS13Vzl1UmF0NzJ4azMwWnFnVHlnZXJXeVlVeWIxVUdIaW94dTlOaE44LWU2MC03bW5rUUNJMDFqR2xaYm11cUtfVEgxcGU1OWJBX04zaUdSaEU3b0lBVTE1WHNOV2twcmRsN2lvUkkyR1AxVzdKYTBVOFZsdVZGLWstUmpLMEpxckRPSkFCRFdqM3V4a0E3UHAzQTdNVlFBMExJaGtPT25JMGF1elMyd3BucnNYUGRha0tmYUhyRlNMV1Mz?oc=5
2026-09-11 14:37:05,NOK,$Nokia Oyj (NOK.US)$,Moomoo,https://news.google.com/rss/articles/CBMiygJBVV95cUxQbGR0OXFPSjdJM1UxWmJNVXdOdWJFNklMV0VFRHV3eGFva2lyS1ZOdEVtT1J0M2NieGxRbVhQZWttSkFmYk11RG9zU00wTUNFUmdWcjRsTXFxZzBNakRac2R5Z3lSWHFlVmd2M1RSUHFYdG5RWU1CSGc1QUpvVHdhc1dra25LQ0ZRR2pGdDJoMVBYSm1qRUV5MGF1UDdwNDNham1CRWxac0FHa3ZwU1VRamYxNnpqdlBqSmZTX2R5Z2tIZEpiWmtPYjJGckJJZXhEUG1ud3JYajJxeHlmNV80bU1VYjJJaEliRnNrRi0wdHN6dGptY1FjMFZMa1NhbFBlTzlaQzVyTlp6SXRhRmVONmdZd25LbHVVVmlWeVFINVJxU1FjN0FPenhMLUUtdHBUMGwtTzdUMVZRX0owNHJVWV9ORkx3UWVJUUE?oc=5
2026-09-11 14:01:00,NOK,AT&T vs. Nokia: Which Telecom Stock Is the Better Buy Now?,Yahoo! Finance Canada,https://news.google.com/rss/articles/CBMifkFVX3lxTE9UaS1lOGcyem0yRWMxRHZka2duZjE2dDVuUUVFOW1oSjZLcXZKU2lRSFhwMW8xYVUtNnZENTFWY2NGUzJMQV9HUEpuQVpsMV9QbEdiV3k3SGZXSlp3THl2THpIWU1IWXpMVXhYRURaZnBZYVNYLWx1RzBBZDVIdw?oc=5
2026-09-11 13:42:25,NOK,Veidekke Secures NOK 173 Million Jarlsø Brygge Housing Contract,TipRanks,https://news.google.com/rss/articles/CBMitgFBVV95cUxNeUpuaE5fc0xFVmFReWhxNDY2UjZIS1Axd21QZjdLU1lHbl9PbHp6U3J4VU14YTY4ZDRPMGFndlZaNzNDWVJlUXZXVmRTdWo2eFFhVzc0SmNqSVA0dF8wdFdXbDJIMUc3dDlSWVNTTnFtU1JGbUZNYmJqLVZocm5sMDVxU2REVU5oX08yVEdsOFZGUDFVa2NiN21tVGJkZkszckNUVUVxbG9LZnh5bkNzaU01TGZ6Zw?oc=5
2026-09-11 13:24:53,NOK,What's Going On With Nokia Stock Friday?,Benzinga,https://news.google.com/rss/articles/CBMiowFBVV95cUxNRVFNSHVzOGdZZTlKODMyS18zckVkbUl2RjFTSUZrV3drRjd6ZFVHeFZTOHhLb1Y5aXpqbzQ1b0c1dWt0SGswei1QbEUwZ2NfNjFLTjdQbjJHTW0zLTlxSjVwZHUwaU5jd1RWZVZvOVFhanQxVmpCODhsZHdaY2lWYnd0WXN3bkRQX1ptVUFNRjEzVlo2QzJMNjJ2eFFsLUI4MlNr?oc=5
2026-09-11 13:20:23,NOK,Nationwide Issues NOK 380m Senior Notes Under European Programme,TipRanks,https://news.google.com/rss/articles/CBMitwFBVV95cUxPMUppMWppYk1Eekh6SmdWRS0zUXlKQ2pQb19pX1ZFeUFiWVp1Q0wzRXBpWW5yT0dKOG9RMTZMR0MxQmlXRk9Dem91MVEyR3pKN2lPUUNVTkFOVzlLYlJvWTJFWW9adklWMmgxWFBiQTVwT3hSdk1SSGlMV1dxU08xd1QtczFveE01eHdiTmc1UmxvVXV1dGJ0RC0tZzI5Sk8yazdKcFhoQXk3bVlhVVpqT294SjNvZ3M?oc=5
2026-09-11 11:40:46,NOK,Skanska Wins NOK 1.6 Billion Contract to Upgrade World’s Longest Road Tunnel,TipRanks,https://news.google.com/rss/articles/CBMixgFBVV95cUxNSkxLMjc2TEpNb2ZIbndOMDRQNlVNYTBvMTR4Y24tZTljdzdsNU91Y3hZOGx4dnNZT01OeExiOW9RQVRQRnk1OTIyNFpxaGVudERwZTJUb1V5dXBfUjJmeVNBb0R0eEIzNlI1QmhNUks5bXc2cnVBLUxHamp3NTJlenNLalNNcGc5akpDMFdXakRCejQ1Q3FqUHU0c2daX0dmemotOHZhdzJBNmxFb2xIMkhlWUNIdzZPd0pMZVFZd05uT2FGOHc?oc=5
2026-09-11 08:39:35,NOK,Nokia (NYSE:NOK) Stock Looks Reasonable On Cash Flow Yet Stretched On Earnings,simplywall.st,https://news.google.com/rss/articles/CBMivgFBVV95cUxQUTdETVgxZ09wMXZpRDkxNmtPdGF4RFAwcmhaTEdWSk44WUdyUXJrWjY5dnpkZjdmNV9QbXplZ3ZZQXZfdVpoRV95SlZsTVBma3dxQ3RtdW1kdEVpdkFXT0RSSjljaU1HaFdnejVzZklmWjhZVWFvbzlGaWQ2Ni1IS29Ob2Y5ZDRIbmk4djNET1FWX05yZ2ZfM2RtX0tRamI1MEM4TDdSamFGbTJyZVRtb2FhclctbmpNX3VOQm930gHDAUFVX3lxTE9CSkE4d1BMWWRvcG9jR0tCWmNnZDZpYmNrb1VHWk9xLWd4U2JVVzJ1YVA3NVVZa3VhX1hGNW0wc2NiY1J5UjBndDc4alNXNXhpdHExajVkcy12U3JqcjNxYjItZ3N6OHI1cEdSVm82RVVJSVJkbFFTM3I3ODhFTElPVGNfaHJES1dlZ01IeTdHeC02VWw4SnZPTlI0RU1Tbi16bnBFbDNzZS1EbWJaY0ZmSDNXMTFlRUhoMncxRlpDMkxyOA?oc=5
2026-09-11 07:24:25,NOK,Nokia Shares Rise 0.8% After Three AI-Network Updates—But Deal Values Are Missing,ts2.tech,https://news.google.com/rss/articles/CBMiowFBVV95cUxPa3duX0N6ZXBBVmF6N2FrWDZZdTVsc2dWLVgzMHpsNzVNU1VrOTNwMlQ4UXBTNWdEaDN3UnZYTGt2UTlaYXgwT25VblpIMlRubGJOaWZWTVFxem84MGpuRlJreEtMU0xUMENFQVZlMXdoV0dlakxQcG51V3duMVY2YmVIZEgxZGhxVmJEX0Z5ZldnRy1DbjY3c0ZaOGNGcVBmVk1R?oc=5
2026-09-11 04:14:16,NOK,"JP Morgan cuts Norsk Hydro to neutral (overweight), price target NOK 97 - BN",marketscreener.com,https://news.google.com/rss/articles/CBMiwgFBVV95cUxQMDdtQjdkUFA2d2U2SDY3aG1tWXR0UGVIZ3lHaGFQSldYZ01Oa2xmdjZoNkNvSlF5NzNjNmNQMy1QZVdUV2N6QXNBdkFRazFJaC1VbFprT1pRdTRkTjZieFR3d092T0hGaG15MEhldkVoaDdmOWswbnl1dWVRWGg5aGotV2p1U1NJS08tNU94cTV1YV9Na01JcHRLejZzX1dnbzc2eFZNLXpEZnVhVWNtU2NWcTZ2MVJONjhocDFmOXIyUQ?oc=5
2026-09-10 21:36:46,NOK,SalMar stock raises NOK 1.25 billion in new commercial papers,ad-hoc-news.de,https://news.google.com/rss/articles/CBMiwgFBVV95cUxPaEZ4a2RGYmZ5bUtSTndfZC1maF94VS1veW5fQklXUVl3X05NaS14R2lwaHFIWG5FUnBRZUN1Sm1qYUxWakRQR09LWndaSW40YXF2UklScEtKazhpM3IxNmFyOEdodHNuLV9nYllsNHU1ZWpxSHV0MW1HeWJvanppNDNNOFZ2VWVvRTJRck9vZmF3RHpqUjB2Qy1yRzQwM0loWWpZREFvSDR0ZTh5QnVvZm1mSjBwaXNGSW5XZnNiMDRFdw?oc=5
2026-09-10 20:56:41,NOK,Equinor stock gains on higher oil prices as Oslo valuation tops NOK 1 trillion,ad-hoc-news.de,https://news.google.com/rss/articles/CBMizAFBVV95cUxOUC1tZ2ZodHc2SFdFNWJ5YWxtTHNKdGs1b0xoYzhnOUUwdllsMU1fTFpZYjdIU0RPXzRhbVE2c0FGREhRMXhTcXAycG13cGJUeG9DcG8zMFNlamxCYU8yb1dMX1ROdjJKMWQ1OTMweEg2SEhRQ1cwSWR4YU1EQUdnOVBsdFFzekk0aHhfZC1lNDdJcjBRU2lIZllQaURKT090X3VGQ1Y2Qnhra0FPVmdWTnhMV1ZZZG5Id1MyUGYySTA1TFd2OE1FZkowTjY?oc=5
2026-09-10 17:51:58,NOK,SalMar Raises NOK 1.25 Billion in New Certificate Loans,TipRanks,https://news.google.com/rss/articles/CBMiqwFBVV95cUxOVTVMMXhJVHMzV21zdzJmcHpmT1QxWTR0YmJVZWZGSkt0d2ZWbElNbEFlSmdrei0zOVZpMDYzWVd4X3FFS3NTcnhkVjJVcFMzTFh1NjV0MTY2QjlvNVBaQndna216TGRBUUNtRTd6RTVaaWowM1FxWHVVXzZkbjFIUm9LT3FXOTE2enZNendVNmVDNkVHckt1RWpnb1VMRTF0SS1uZE9Pc2R0ODg?oc=5
2026-09-10 16:57:58,NOK,Nokia stock gains after Q2 revenue of USD 5.50 billion,ad-hoc-news.de,https://news.google.com/rss/articles/CBMiuAFBVV95cUxPMmdFYTMzNGdjRk14WS05Rjl1WnBKQ0ZZaHExZnlPczlKNHRid2pwS2JLeXpRcnNnRFNycjlXNTBXZlZhZ1J6RHBleG9WUmNNcVRSSFRycTk2SVgyNm0tc2hBQnhId2Zmai03YXpScGVUaldudVdFZU9PZ0hHR2R1WDQwb2xOLXR2YmtuanR4elJjbFZlSE1VcW5CalZzRER5RHFjdUlsNjdkdWx2Zm9ldEdUVFd1Nktk?oc=5
2026-09-10 14:02:15,NOK,$Nokia Oyj (NOK.US)$ Keep dreaming!,moomoo.com,https://news.google.com/rss/articles/CBMihgFBVV95cUxPOEZ6VE1EOTFTRVhVR21zd1V1OUZGVXBSSnRCQ2FkaGROQnlZQWVZQVRvQzYxTUhaVFdiSGZhS0xfT2tGbTRTcmhUUW5fZTdsekl3QTF1aTN2bWFWS2xoMmNKdHVTelY5a3ZpcDZDLXcyd3cxRm5MRWNHR1ZJTHZsc0l4anVHZw?oc=5
2026-09-10 10:55:22,NOK,Nokia Unveils Cognitive Operations To Bring AI Intelligence Into Fields,Benzinga,https://news.google.com/rss/articles/CBMiyAFBVV95cUxOdUI2aUpEN2ZWOTRramNteExNQm5qX3ZNa3YtVEFjT0JPNGVtazh5dDQ5dllTZHpKVGliczBYcWRWb1ctcDYwb1JXd0NZNHdhdlM1N0prQklLYXVwOTQzaGpwbkJld2hJY0p5b2VJTUV0cF9FUk8tbWFMR2FveHh4emlqSURPc1g5THp3Y0RVaTZ5SXpEcXdGeVJ5WVpuX3JKMXdvcWt4UDB5eW9fY1NJcU1Hc0JDVVVMRWwyRXJGcWFRcEdwMkMwSA?oc=5
2026-09-10 07:18:11,NOK,"Nokia puts AI in mine sites, emergency vehicles and battlefields",stocktitan.net,https://news.google.com/rss/articles/CBMivgFBVV95cUxNc1lCdVVLa1M2bmNvcExJWENlZUhSc2xlTnpSWnZjeEZkQ1ZCcmN3S1kxZkFuem5qSGlGRm55eEE4YjdPdDhOLUxZNFp1WkNGSzVFR2l2dEgtRE1LZEJTRUlmMUdQdnZiTFlRZTd3RXZRUlQ2UFFaSEJiN1d4LUxFcE1FMWtMazZGNjU4MkY0UHJKNU5YRm5pZXJBcl95ZnlzOExhMTlORV9yeWZyNlFLQWVXUUcxd2xoSTJtQlRn?oc=5
2026-09-10 01:29:50,NOK,AutoStore price target raised to NOK 14 from NOK 8 at Morgan Stanley,TipRanks,https://news.google.com/rss/articles/CBMiugFBVV95cUxQSHB5NFJocXJhNDM1U3lWUjhORmhWeUJMYkQzTDZJZEJZNy0zMnFmUHdNZWM1MEhHT0NaeVVLYXBGYndjOEkxaEZzeVBCVGNsa1RNUGVDdGZpWlpXNUs0TUV2UG9tcF9oV29OUjhIY2ZjMm1uem5SREJ4azE4MTNmcm9yTnJIODNBQVJRbWJiS3hCSGFzRTZ6WDFXVmFjdW85V3FaZXJfTWR3c2N4MUs3T2M2STh4cW5Rcnc?oc=5
2026-09-09 21:58:27,NOK,Equinor price target raised to NOK 400 from NOK 365 at BofA,TipRanks,https://news.google.com/rss/articles/CBMirgFBVV95cUxOVXktelplRkNLTUtReGtxNHhzd1Z4dlBjN2pvS2tvV1IwY2ZuRUdOVFllRXgwYkp0cVJTcUpsNGlyYXA4SGRyZTJyZE9XemZ2ZVRMWW9oT2FsVkUtY1RqZFI2ZjlBem1NWnhlVVdtVGMtaEE1NWVCV3VkNW5FSFktaHI5ZlhvcDM3ZUxUWERYMHZqOWxBaWFkamRxVVc2QlN5N2E5ankzeFBXa092QUE?oc=5
2026-09-09 20:25:56,NOK,ContextVision launches share buyback program of up to NOK 12 million,Bitget,https://news.google.com/rss/articles/CBMiY0FVX3lxTE9qN1VGV293R0lfd1lVQVU4VEN1VG9ZNE9rREp1ZFBSelpJc0RCUFZIYnlFeURXQ255WnljY1c0Z3hrWFNER0hGWWRrNXFleTMxU2MwUmxFLUtNQWFlQ3E2aGlHVdIBY0FVX3lxTE9qN1VGV293R0lfd1lVQVU4VEN1VG9ZNE9rREp1ZFBSelpJc0RCUFZIYnlFeURXQ255WnljY1c0Z3hrWFNER0hGWWRrNXFleTMxU2MwUmxFLUtNQWFlQ3E2aGlHVQ?oc=5
2026-09-09 18:20:54,NOK,Royal Bank of Canada Lists NOK 500 Million 5.085% Callable Senior Notes on London Stock Exchange Main Market,Kalkine Media,https://news.google.com/rss/articles/CBMi6AFBVV95cUxNeWRzTzRNNDJWVXB0MzFYdUN3UFBYRE53dGw4RFN5b0RzSldBdk1aQWNJM3NxSGQxUXdvdFhKT2hJdlQzR2hTdDJxYi1uUDQ0azBSdTFxbjhLTF9nbHpzR3dJbDRZQWE1cUtPRW5aY2dVYnBVRWpZN19RcGkzMWRYNzhhVDh3V18zcl9Td0w4cWtBUGlLUVhJNUhlTzc5b3dNZ1AxM2hYRmE0ZzNMTENfelBTR0t4QVJyc285ZmpiWVBnanA1THFOQmdVZmdnT0pYVE9jdE1xZ242ZmozclRXRVoxQngtVERV?oc=5
2026-09-09 14:48:01,NOK,Kingfish Company Raises NOK 26.7 Million in Subsequent Share Offering,TipRanks,https://news.google.com/rss/articles/CBMivgFBVV95cUxQYmtMdWNsckpPQjVPbzcyQWplYWI2YmQycThPNTg0Wi13b1oybkZIdEFTNFdidTg3TktpT3hjdHM2UEIzQzZhdU5pTE55VGQza1VoQjlFejAzZmk5a1pmOWpmUUxSclhkelc0UmU1dnVHajM2dUVDNG1XRHZYdmFqcVJrY05TcmxNQ003YURXOTN5b3ZoRnZkbzBXZ1NCLTI5VWp6aUNzaXBQeG1ZMHk5cVgzTVR0VndZY2UxWXhB?oc=5
2026-09-09 14:37:04,NOK,Telenor stock gains after NOK 5 billion network deal with Eltel,ad-hoc-news.de,https://news.google.com/rss/articles/CBMixAFBVV95cUxQUHlVNF8wdFZzNWRyWTJTTkcxcXhRNnpUalZ1VElxM0pRdGFKZ2wtNHllSHI3dGRoMUptSmo0UjVrWUNWMHN2N2lBQVE3cHhSNHpNMURPSmJXMC1RRUU0cWZjNjJGTm5PQ1BLRmFqNll5N2NoNE1SaVlzMTlmdml3TjhleUZ4TDlNQl9zTGtUU01VS2xnOVVuV2RKcG5iN0k4QWF2bmNrWmtmY1N4d2VwWjJXTWNWMnZaLW91MUJnOVhYZmU2?oc=5
2026-09-09 14:15:21,NOK,Lerøy Seafood Raises NOK 750m in New Green Bond Issue,The Globe and Mail,https://news.google.com/rss/articles/CBMizwFBVV95cUxPV283eWVFMFpzdXp2UW4zT2VuaDRTc01COU5taUpNUHk4MUdteVZ1YkstMHFldFpiSkhnc1BiSTB4X1VVWHRwR3NHYWdZY0U4MnpNY1k3OUFDMGlhYm82TFA4RU1ZcDlhMmxRNGNEYXFXTGIwQjE2MXI5OUtVMFZMeGV4NlRRZUgzOHBiVTg2eDdBUlV3SEw3bHNtSVF6VDdzSDVCRWpTcThLdFV0bW44ZUhfSnpIX1ZHa2JFT3lWQmZrSVcxLUVZVzlkWktKdlE?oc=5
2026-09-09 14:10:50,NOK,"$Nokia Oyj (NOK.US)$ Something big is cooking, look at the XL inflow on this.",Moomoo,https://news.google.com/rss/articles/CBMipgFBVV95cUxNbzdnY21fZGdISGtvdW9IR21ETjZyMzc1aUxhb1N5OFRpTmt1eW5BcmIyaXE0Z09hN2VNdHREX2dCRWxrTXVUa0V4d1R0TzJXYndWZDExUTZ0eldxanRtWmJPMHRuUjRCQlZHNTZ6MldXOGpPa2xlaWI1bk5OeXVmeTdCTUVHZG1PZklJUmZwWTVUQnhFRW4tRXU5UTg4NjhUeVJ3cUR3?oc=5
2026-09-09 14:10:50,NOK,"$Nokia Oyj (NOK.US)$ Something big is cooking, look at the XL inflow on this.",Moomoo,https://news.google.com/rss/articles/CBMipAFBVV95cUxPZjVjRXhjOTdidTZRNjJNR1JjYTdibHFTSW5TdERQdTJMS29rb2k2VWtqUTh3d1lQQUVKdVdrdjdGdnZneFNrMlBPS0Z2OEE0Z011bENXN1pqQW5LSjQ5elVOeTZzMm9mNkZTc3R5eHRqNVdiNVN2NE5qUFlLSHQ5WVR3eXpsdWFKTmVubnRhNDhWOG5LT1cza0RYQU40aWF3STZ1Nw?oc=5
2026-09-09 13:40:17,NOK,$Nokia Oyj (NOK.US)$ There are a lot of bears.[Grin],Moomoo,https://news.google.com/rss/articles/CBMimwFBVV95cUxOWFo5LThQUXJ3NzljS09zTmJBZmJjSlFqbkpacGF4ZkVVSkgtQi02aTAxLVFxWDVGaTFNLU1ITWNNaU1BQlk0ZHV2aHotWVJCTG1FZ3FaWnZyNGROdHlaVHQxVlNSQzZXSVJGelBSWGc2V0xFYmpFaG5yUVdVMTdHOXNhVHUyMTBoeml6Y21EenVCdTg0b2ZReVZ6Zw?oc=5
2026-09-09 13:35:10,NOK,NOK News | NOKIA CORP-SPON ADR (NYSE:NOK),ChartMill,https://news.google.com/rss/articles/CBMiWkFVX3lxTFBvUXBpbzloVFNfc251a1ZTaFNiNFdLS1JySjRteU1RTUhBVHg2SFptajJJYWRtQzFFTG9WS28wbndYMTdteThheTc1NEptLXl5U0YwX2ZBN05EQQ?oc=5
2026-09-09 12:59:55,NOK,$Nokia Oyj (NOK.US)$,Moomoo,https://news.google.com/rss/articles/CBMieEFVX3lxTE5YLVBMbG15M29KOTZZRi1nd2tuQmFIMVJEbWt3S3RlWnlkZk9HRFlDVUgyY3A4TGlfc0R3OTVYcWhfMmlkd09KVGVhbjhxZTNSS2RXVmRVcGNweGk0MkhfUk5rWm9YQW53M0hheEpyRTUzS2NLaHdJOA?oc=5
2026-09-09 12:31:34,NOK,"NOK Stock Eyes Third Winning Session Amid Google $15B AI Bet, Euro Stoxx 50 Return",Yahoo Finance,https://news.google.com/rss/articles/CBMimAFBVV95cUxQVkw5QTNfdUlHOEhsaFhoOGs4U1hzYlN0Q05CVXZGTzN1dnJiS3p3UDVwVEVuTWlUdDJJZVVRRHNxbTJnMHlYVDQ1aUFzTzdTQXRWaG54RFdxQXRmbjNveHdVSWZSRGpmUE83TjlmMzlKTHFLekVGY0FrOGhGa1JmUkVma1dKMHNyRE0yTnR3U2VwVldzZWFVLQ?oc=5
2026-09-09 12:17:08,NOK,NOK Looks 102.9% Overvalued on GF Value™,GuruFocus,https://news.google.com/rss/articles/CBMiggFBVV95cUxQbDJVclJISTZZRkhlMGd2ODJraGxDWHc5THlGZDVCOG1ZZ3VWdktOZ0FtbDNXN0lJTlF1S1BLT2RPN2NlcGthSENFMURUcEg1SzJ3eHY2Si1lMEtFVUhNLWJZQ05XN2JMZnc4WjVCT2dGc2J6NXZwYUxxeFBJeVp6SVNn?oc=5
2026-09-09 11:32:47,NOK,What's Going On With Nokia Stock Wednesday?,Benzinga,https://news.google.com/rss/articles/CBMipwFBVV95cUxOdFdOZ1RjTDd1d19tc2N3ZXduSWFfRG5nRDc4Rm11aDhJNk1zN0FsMExGc1NmbFJaNUtjTVpHY3hLSFlRdG5LNjNBUHkxZFRCYU9nbjljWFBHRE01aTE3bzNyMUFrUFBQcTRaYWpBUGJ2S3hjTjdMWUd5ZVo2QWJ2VnpSWWdIM3E0VHhyWGFmTWdHZzZieGVBYjAyTThmZEJ6U0NYd3FXYw?oc=5
2026-09-09 08:44:09,NOK,NOKIA STOCK UPDATE + ANALYSIS! - BIG GROWTH SOON!? SHOULD YOU BUY NOKIA STOCK BEFORE IT EXPLODES!? Chet Holmgren (ltqRB3qsAG),Mshale,https://news.google.com/rss/articles/CBMiW0FVX3lxTE45MGVZcVJrTXhUREtLZW1CNzgta2ZiUk9YZ3V5U1luaGd3LVFBWlQ2VjBVTzhBYVdQeXVDamx4YXRKRU9sa1ZRNTFoUHQzeXJHTmFnTTJlYVA4bVU?oc=5
2026-09-09 08:24:04,NOK,Why Nokia Stock Jumped 6.2% Even as Helsinki Shares Fell,TechStock²,https://news.google.com/rss/articles/CBMiggFBVV95cUxOWVJla0pKNXpWYkNXdE9PSk02c3NEbEI3LURhT2VzYTVwOWM4YjZkSHhDUU16cklZZ2RSdmRnTTg3aUFXLXJ3Y3RLdFA5TjdHelNwM3FzaHJIVVpOeElQcERqNHJpUnNOZ21aZS1IMkVTdF9KZXpscHpPc1dHT1BQU1N3?oc=5
2026-09-09 06:57:16,NOK,Nokia Rejoins the Euro Stoxx 50 on 21 September as Volkswagen Exits After 28 Years,FinanceFeeds,https://news.google.com/rss/articles/CBMijAFBVV95cUxOVXNJMEp0aG5jYkVmczktOW16M1NrZE00Qm5rVHAwcTJ4UGJIemZOdVlJX2VmZDdPM3JJU1EtRUYyQ0hHYWpBR29xcEVOaWJLRHJFb1JUc083c3k0UVZqaTlLYlExdzd4cE5tRklQWkFUcXBwUEFzRnczeWViV1JzaUZNYjlFdVppOVFfaw?oc=5
2026-09-09 05:38:00,NOK,Stocks in Demand: NOK and MNHLDG Lead Investor Attentions,Moomoo,https://news.google.com/rss/articles/CBMi_wJBVV95cUxOcmpSNXFRQ0ZGMnB6d0tlTFpIVlhLcFlIRXlsLUxBR1BuTU1rVEl4Q2NZdmNLMVczNFYzYm9ram5JSWoxZG56a3JKVHVhOWdsVmxBYmRUQjd2UWpkU2E0eDNGY0ZCdjNVVlRhQl9wVlN4d3VWeVdqZXpWOE1lTHQycEwwXzNmSTZBM3BoejdubDJiT1dhV3Z6U09aU0ZTaXY5ZGFnU2ttRkdQclV1RzBGbnBEUmlORmh5b1ByUnJPWWJISm92Q2hkZ2FjdkNBQ25OOTllRnByc3VQZEZhbktVX1YwSWZhcldGRjV2TkRNbVhVUVc4YXNhVzhydGFpU3NNMVZhcmR6LTk1YWFYMDFGUEdkcDg3dWY2b3EzQURYeUZHQkg5Ykh1WktnWjZhZlo5R3ZfRGV5MFVyZWhXcDExZEUtbXVBSnNCd2d0bWhfSVF5SnE1TkN2ZTdEQlJZZUVLU1YzTDdEU2E2U21sN1RUbmZLdmNEVkZJci1yMTV3cw?oc=5
2026-09-08 22:05:52,NOK,A Look at Nokia Oyj (NOK) After 6.2% Gain -- GF Value $4.95 vs P,GuruFocus,https://news.google.com/rss/articles/CBMipgFBVV95cUxPLUhzYVpnX1FLLThxQndCWEs5YVJzVlR1Qlc4NU5TWU5TMHZ0azE4OHhEbm9QSXd6dVh3SDZNNi1LNTFVSGdVOE53TTh4Q1p3QmV0dmtXZHUwb0R0V2dac0NNbFZkeGpwc2lPMHQyNlR6SEU2djF6RnFPNFFZeW5qOF9QZ0xUZnpncmVQeXRiRFhYTC1FQ0VhZkdxdjVqbkFmbjNaTVZR?oc=5
2026-09-08 21:28:00,NOK,"Nokia Corp. ADR rises Tuesday, outperforms market",MarketWatch,https://news.google.com/rss/articles/CBMiqwFBVV95cUxPVHlNV2lQTVQ0WW56R3NxM0tNTmxuVS1wUW1WTzBQWXlDZFV0dFdMWU96akpPa0pHbVAtb0t0X0xLcl9pM2pTUzlvbHpPeDk3c1pTdnFpdGVUa1FIbHVsbzNsUk80SWlTZUlkOE50eThDdlRnUVRFTjBwdGt6aXR3Q25WdW1EbmtEZkVLTUNBNnU1bHJPRUc0OTctT1RyRjdqZDBFMVhLM0V0Tk0?oc=5
2026-09-08 20:51:00,NOK,Nokia Price Forecast: Breakout Signals Second Leg Higher,FXEmpire,https://news.google.com/rss/articles/CBMiqgFBVV95cUxNWkxiQ3R3eHA5cE1ERXVsTXgxRXh5elZMajRuYlRhTVBSWjVrMEVBUFd4aE9fZnhnQ1Nwd1otUXU0dzd0MDZpOGZsUGw2SGM4cWRxMnl0SWQ3QnlIZVllaHRDR1BNUG1nUVIzcVRRdXRjX0paOWJzZTZOVkJsell5UmtIbjZocHRCZi1vaHFpcklkVUl3bVJpZHpnSGdsWFM4bjROVWZzTDYzdw?oc=5
2026-09-08 20:50:00,NOK,Nokia Stock Climbs As Euro STOXX 50 Return And AI Bets Stir Traders,StocksToTrade,https://news.google.com/rss/articles/CBMiiAFBVV95cUxNbkVBRG5SdXBlcUg2T2tzdl9Sa19aNktmWkJKTGxNVHAya0hPTTFUd1BqWVRmd0o5UmZhN3pNYWk0MndNcWR5Vm5HNW5sRngtdnE1SFVET0JsdndqcWlhNXdDc0N5blZFVFJzOU5lbmNHdHdCMm9uQU9OYm5hTy1vUlFlWEdMTkRl?oc=5
2026-09-08 20:47:00,NOK,Nokia Stock Climbs As EURO STOXX 50 Comeback Meets AI And ESG Push,timothysykes.com,https://news.google.com/rss/articles/CBMijAFBVV95cUxNRDJkU0hvMGFJbzA5TVl1d0w2NjFtQXlKOU1HV29TTzhrTms5Y1R5U25NTUdCMnJSN2FiVk0tUVFXU2p6LUpnb3I2MHk4UFNtazM4OGZlbXpETTN2YzRuc1E2WkpxRHBmcTh4VUQtUDd2OGF6Vk1uYnh0Q1Y5VmJhRzd4Y0xTUjlFMjMteg?oc=5
2026-09-08 20:47:00,NOK,Nokia Stock Climbs As EURO STOXX 50 Comeback Meets AI And ESG Push,timothysykes.com,https://news.google.com/rss/articles/CBMihwFBVV95cUxNaGp2eDZMNWNiVnNJQ3dFTUtWZTlsVXBqdTRZQkFKdUVMZ01VVk1hVm02RTdRTjN2X1lIVXF5ckx3Ym1rSm9mTFhLelRDYk5WQy15cE5FWUxkeDBvekVOUmFlMUNLeDZMbVBhcVkyQkVudE5PUWZrWjZwTXZYbm1rYl9tbDdNRGM?oc=5
2026-09-08 19:05:00,NOK,Nokia Stock Gains Visibility As Euro STOXX 50 Return Nears,StocksToTrade,https://news.google.com/rss/articles/CBMihgFBVV95cUxPTF9lcXM2Z1dwZ2tqcEdzdVRQTUV4T3FVUW95aHRWUlFVRkNOZnZZYmtPcGV6djNzME4tSi04X2lES0RHMXFqU2Z6R09mNWVqWVg5QkN2MkhURDdjRzZFcVV3MDFiX082STJPcmpVdExNQjY4NUdkZnRHNWNTdnI4YktWM2hvQQ?oc=5
2026-09-08 19:03:00,NOK,Nokia Stock Climbs As Euro STOXX 50 Return And AI Push Draw Trader Focus,timothysykes.com,https://news.google.com/rss/articles/CBMiigFBVV95cUxNa1NtbHFPMWxZcHViOU5pQlFsYzhmUFZHSkZNNGFSWnM4MlR2cGthMm95UkJyVHBkal9zcjZMcjJMUDhMcmR6Qm9TUVlvNTIwRjk1MFNQdUJtZkxZeEx3bGdGcU91OHV3UUVici1DUTlEUGttMjRpd3k1ZGRJVl9vZjdsZV8zSWFKSXc?oc=5
2026-09-08 19:03:00,NOK,Nokia Stock Climbs As Euro STOXX 50 Return And AI Push Draw Trader Focus,timothysykes.com,https://news.google.com/rss/articles/CBMihAFBVV95cUxPc0NXUTJNbzVUU0VZTlV2aEFua05OS1RNQXNYM3labHU4c1JlYmZsa0UxRldXZFZYVlp2M2hfcTF3ZXpTZ0FaQ2diQmxzNEV2R2NfRHlGR1lGRERwWWRlSUtXd2s1dWRoZ05WSFBlZjU0cGQ5a0kxWlBNeFlING5ULXJtUkk?oc=5
2026-09-08 16:14:43,NOK,Nokia Stock Pops As New Network Program Ignites Hopes,tipranks.com,https://news.google.com/rss/articles/CBMilwFBVV95cUxNRDJEMWhzOGNsbXk3OXJsQjJ5MndEejUxZzZqdkg3YkhfMjl1alFIbU1CMzBkcXNla2IzdnFnRmhyQUl3YTVUN3BXVzlNWlpBanBfVHRmQlZtR3BLSV9wZGFGMGJ3T1FuOHJuSUZMUTVyYndlbHhlNEg1UGdjdU5PbFljaDZMa25OVmtvTWgxQV84dlk0dHJz?oc=5
2026-09-08 15:07:26,NOK,Nokia (NYSE: NOK) grants 687K treasury shares to employees,Stock Titan,https://news.google.com/rss/articles/CBMiqAFBVV95cUxPc2FyZEpnbmJfOTN5bVFwWnZRd2V2ck1xRjdMNlA4NGtsdlEySkUzSzUwSTYzSC1UbC1STzF0SU92ODRxRXBwMWpKcHNQSUtIZVhvS2NMTHlMRTU3U09mQ18zejk1M01icWtCdFdCeDFNUkkwMmJCRUZQRW1vclNnTmtZVElqMVhJbllyRWFtQXV2RXM0TXNQLWM4ZzRMVGF4eklJRmlqZE8?oc=5
2026-09-08 14:51:00,NOK,Nokia Shares Rise as Investors React to New AI-Era Network Initiative and Catch-Up Trading,Quiver Quantitative,https://news.google.com/rss/articles/CBMiwAFBVV95cUxNenpJVU9MWGJGaUFLM3I0aHE2X1BWSHozZUVrYU1TUng1QzY1WkdINnd6OS1BbWtDTVhJZVptWGJJdU8yQ3U3MExUNkFfWk1oa09QYTN4XzBMR1FxMjdtaUFUVUd5YWRSNXFhdm1ScExuZ0FiNTFEVjhrMXpRZGF0M0JVN0hFU1ZGUGI4VzRaRmdVajNWWkY4dXFUTkJmR0FWMWpVRnJkN0xHdmQ2c3Bfc3hLS3JZbzlZc0FySlRhek4?oc=5
2026-09-08 14:06:29,NOK,Lerøy Seafood Raises NOK 750m in New Green Bond Issue,tipranks.com,https://news.google.com/rss/articles/CBMiqAFBVV95cUxORlhRTWw4UVd0THFidnc3SnQ5TkFxcDI3NURHOFNaQXRjeW03X2pzb2plTkVUZThhZFR3YXE0Q1M0NkxUMEg1UjNsOW02eWI0QlBKaVhKaF9Ca3ZYY0ZMTnoxR2ZQZEZPS1lCWm90am1PSG9PMmltdERYWlM3eTQ1aFFWRVk1TzRNdDhzbXp2eWxGZ2tfS3FKajlZc1lVTUVFWHhNRi1ZQmQ?oc=5
2026-09-08 14:00:15,NOK,Changes in Nokia Corporation's own shares,marketscreener.com,https://news.google.com/rss/articles/CBMimgFBVV95cUxPWFZoOVhsZlJ1Wnh0VTFkZmNLX2M0TEMxQXZjcWdaTThQMHBsX183NU5QSUlLUFB2czU1SmItLVhYbnlsQ0dIMllGU2E1ODQ1ekxpWXU4OGQ2M0pXVy01Um9uWUdia2dnaFNMd1hIdkhvdWF0cDgyUzg2NEJTVk5lb3Buc2hqa2V3YUF0bVA0QzI1ZEJnOEw1NE9R?oc=5
2026-09-08 14:00:00,NOK,"687,145 Nokia shares go to plan participants at no cost",Stock Titan,https://news.google.com/rss/articles/CBMikgFBVV95cUxOcnRma1JaUGdYZHBuOEk4U2wwOW9VWjI3alZlRGFvMHdfMmpRYXdxQXJHN19wQUJKYjA1TmJpOFcyaGp6bVlDNTRGUFI0MGVvUHo3MVN6OUdzd3ZkcFFHRXNnLV93NU9wLTQ3bUZvRXp5dnZGNnRuX2NvbDJOTDZiOU9IWGhOb1JWRzlrM0I1NDJaQQ?oc=5
2026-09-08 13:52:31,NOK,Lerøy Seafood Group ASA - Successful placement of new NOK green bond,The Manila Times,https://news.google.com/rss/articles/CBMi2wFBVV95cUxQeVlQT3V1eXJ5d2NkVkY1cFJaY2ExZU9mNXpIc01fc0VrSGlMQk1xWDFwTWpzVWFKMThUaFoxUXFiLXhrcjRENHBrZ1pHNTFqWWRfQ0hlbGNENHdNVXRCbVRjMnRuOFJ1OXlVcklUWkhkWFZyc0ZpbU15ejRCQkhYa2VXSHZ2eVVrYkFJaXFpUERIQUlSdkFpbC0yNGFRUnBwT2ltakZuakRZMFBIODNRNmp2Z0dBZFRhNHZwOGg3V1haNjllTmlSRm9uZjEtN3JpZ1RpaHJ2VF9jZUXSAdsBQVVfeXFMUHlZUE91dXlyeXdjZFZGNXBSWmNhMWVPZjV6SHNNX3NFa0hpTEJNcVgxcE1qc1VhSjE4VGhaMVFxYi14a3I0RDRwa2daRzUxallkX0NIZWxjRDR3TVV0Qm1UYzJ0bjhSdTl5VXJJVFpIZFhWcnNGaW1NeXo0QkJIWGtlV0h2dnlVa2JBSWlxaVBESEFJUnZBaWwtMjRhUVJwcE9pbWpGbmpEWTBQSDgzUTZqdmdHQWRUYTR2cDhoN1dYWjY5ZU5pUkZvbmYxLTdyaWdUaWhydlRfY2VF?oc=5
2026-09-08 13:41:22,NOK,NOKIA Stock Price and Chart — OMXHEX:NOKIA,TradingView,https://news.google.com/rss/articles/CBMiXkFVX3lxTE9GWWgydkQ1TjZ2dC1NR3BiaENQaG9DeXlyTzNnbWRlQWpBYWUwcnhyWWFzM2pxU3R3eGVGcHdZQ1c1c3hPV1JBUk1OaGYyQ1ZYaUFHUlViT1NkZ1R1NEE?oc=5
2026-09-08 13:33:19,NOK,Lerøy Seafood Group ASA – Successful placement of new NOK green bond,GlobeNewswire,https://news.google.com/rss/articles/CBMi2wFBVV95cUxOLXd1YV9Nd01ILUk5Z0Q2X3lFZWdpSkpvT3VkWGdSSU5oRTBqRlVEN1E3ak1QVU9DZG5LYUZaVnpBMWNDa24tdTg5T1BKcDZJeG85azZDcEZjU0lsYzgzUVRudlR0NG9LSjk4YllTMEZFNGM1YXRNZUZQY2E2bU5DUU5iVW1nOTFYNExCVVZkTHV4Mi10a0YyZHh5c21jUjJfZG9ubEJWN3FKRVUxUW5adDB0VHo5NGFrcUtsWVlIRmlPUnNTbDZiendKUVVtUl9hZmdpVGNlQVc2YnM?oc=5
2026-09-08 13:33:00,NOK,Lerøy Seafood Group ASA – Successful placement of new NOK green bond,Yahoo Finance,https://news.google.com/rss/articles/CBMikgFBVV95cUxNdUtzMEJYWGJBNGVMUUowbDFtcGhZaWFhRFBKckRVM2ZjUDNfNEQwY2VHbHdjb21HeVhqdHMzTi1FZkM4QV9ZWkpsQ2RoRU12VXJSQm5VbVA0R1dHanNuRFpMUDcwNzZwSk1jNDktcmVDQWIzTmx1SHdhMF9RMzNnU2x5eGFHQ0l3SUpOQkIxMUJvZw?oc=5
2026-09-08 12:29:25,NOK,"Nokia's 42% stock drop predates China exit news, raising questions about its earlier rally's strength.",Pluang,https://news.google.com/rss/articles/CBMiqgFBVV95cUxNMUhVWEFGY3ZkZGZ5NXM5ZWwtWHNRV0VmcUc4cTBpWlloSmhUZENDc3dOZHcxaTNoZ2NESDlQMmN6dEJZWWFzVFV6b25PM0NHSDN1bnE2cy1WbDlrRThoQ0tPRkdOMmV1anJRWGpFMUFyNURWRjk5bFhtLWY3T25VOHR0TjN4MUt0bERneURmcXhGOXAyRF84eVB1UFAtenA5RnRyUGlZT3lnUQ?oc=5
2026-09-08 12:05:49,NOK,Beyond the China Retreat: Whether Nokia’s Surge Was Built on Substance,Yahoo Finance,https://news.google.com/rss/articles/CBMioAFBVV95cUxQal9MV0VoT0pXdzd2MFBQYVY5NTIyd0VCcGFScUxpN2I3SUxSOHNEUm1jeVE1UlV1dzBHWjdGSlZVS3h5aTA3TklLVTNPdlR4OXhGOHdRYnV5RUpOSkpRRlV3aHFDY3dXU3pYd200U1VtbjJaZ3JrSkdiMlRUcXdXNzMxRHlZNGtyNURJaHNsNzU0cXd2dkVYRXVqdzN4d2tS?oc=5
2026-09-08 12:05:00,NOK,Beyond the China Retreat: Whether Nokia’s Surge Was Built on Substance,247wallst.com,https://news.google.com/rss/articles/CBMisgFBVV95cUxPR1NGOXJhV3B5MUNRN0ZkMS1NUlh5WHBfOUFBMHROV1paUE5mVGEwZGFJODVaQ3EwRWplQ2w5eG5KZXhHQUs3a0tOU21zZ1FtY2lTQW5WeUdKVGNxdlB0Ym5sRVNQQ1d4QW9xaVRvUmpxT3ZqejRWY1ZWRWJpaGoySEpuOXJwWGlmeS1KM3NOMm5MdlQzbURuX0tFdXY3ZFlIenVYNS04RktpYTR0UlRuOENR?oc=5
2026-09-08 10:05:35,NOK,Equinor (NYSE: EQNR) buyback reaches NOK 1.69B in 2026 tranche,Stock Titan,https://news.google.com/rss/articles/CBMiqwFBVV95cUxPMDVoTVNWd0k2cG1qU1psdXF1YmNVUHZTU0tBeHI0MEZhbGNjSE5FTVIwUzlUd0hVVmxiVkQ5LXc3blJTLWdvLTEtZWFBZFR6cjNSWGJfZ0E5S1lSNnRfTEFHWXpTczZzd3ZHSEpRamJSWXdqNks1eUxKeG1ud2M1NjQ2MXlTX3hwUUJSeFMyQmpsVmZTUjc2akIxY2ZZSlRTVk53QmFwMUExUGs?oc=5
2026-09-08 10:04:00,NOK,NOK Looks 102.6% Overvalued on GF Value™ as Dividend Sustainabil,GuruFocus,https://news.google.com/rss/articles/CBMitgFBVV95cUxNZTVwX2F0OEdOdFFydGhZeHljUUpLOTk5ZC1LRUNSNDhVdkpsSmdpMXRUUmdTcWZuTXYwY0V2NFpxMERaSm9rc2FCcW9uUzlBb2dSQjEwTHFnemxpSl92YnFSOFhDcFU1eTh6NEViajJ3eGNVWW9OTlRtZU44amFrWFFsWldxODdqeXNsd0NPODllV2VzcGQydGhTV2xKNndSakRtbkE2LXNPY3FDZ1dFaXAwd2NoQQ?oc=5
2026-09-08 10:00:00,NOK,Nokia NOK Stock Prediction: $16 Bull vs $7 Bear Case,FinanceFeeds,https://news.google.com/rss/articles/CBMidkFVX3lxTE04d29yQWpXVnVyZjBTd3c2NWNKbXNIN3NCYUhLdl90UkpvSGFSakJNVjhvMF9hWkphcXh3T1ZqSWkzbXl2VF9kQXNhQmtkRm90V1o4LU1IN1lxdm16djRvUVBaLV9LOFNOUGVsNDVlcFJsaGlUTEE?oc=5
2026-09-08 09:53:05,NOK,What's Going On With Nokia Stock Tuesday? - Nokia (NYSE:NOK),Benzinga,https://news.google.com/rss/articles/CBMi0AFBVV95cUxPdndxZTgzc1BKUFpaQ1FVRUJEcW1KRFRXMmh3UGRqWjlReGwxRUZnUjEyT3JqOTRJOTQzYXBNTV9zc0x2U01QZ0hBZFZZRkNXd1Fjb2dOQ1d3M3FPVVdXN3p3LWlOanhnTkFaTEp2ZGFSZWQtaElyTE9LeUxqVWNrMmNsSnNzY2Rjb2U2dXdmd2RtbXNueEluWThzZmxmNWF2MjNOSGs2UXVfMl95X2pVR0E1elFpVU9ISVg3Y0hWdl9mdkppd09fbWY4WkNoVFhn?oc=5
2026-09-08 08:54:21,NOK,"Nokia Tokenized Stock (xStock) price today, NOKIAx to USD live price, marketcap and chart",CoinMarketCap,https://news.google.com/rss/articles/CBMidEFVX3lxTE0wTVJIT3Mtem1WdmtJdC1KdG1TTXBkWEVIV1N0YTRMNTE1VkVKRTRwcVhGa3doTWtwYWhwVloyUzBsMktLWjFKb05Kajd3cTVocWNWVGFWYmFIbnp6WWk5X3pTbXBNZGxFTzZIbWx4OXRFTE9X?oc=5
2026-09-08 08:09:04,NOK,Nokia opens a first-of-its-kind live network test program,Stock Titan,https://news.google.com/rss/articles/CBMisgFBVV95cUxQTk1FSklJMU00VW9GbXhFdUtYZVVHOE45dy1jQ05PMkNOWnNucDQ1VXZfNzF6Z0p5M3MyRzZZdmhOajRjcGFvVGxkSjlZVGhIZW9TQzRMbzVmeEd2T1JSc3duaWVvYzdQbjNOQVhpMFgyU2dKdnVBX3lVUk1ZR1NhdE44UlBqUkVLMWl1TjVBcFhwbmhuU2dfSEhlQ2JoWFpDQU43Mlg1N2hwN1pDc3h6Rkhn?oc=5
2026-09-08 07:52:19,NOK,"Dow, S&P 500, Nasdaq Futures Climb As AI Frenzy Drives Record Rally: Why CSCO, LUNR, ONDS, NVDA, NOK Are In Focus",Stocktwits,https://news.google.com/rss/articles/CBMivgFBVV95cUxOMlRlYjR4azlSZVZmbVdnNHlGR2RfOUxRellPU1FieFJRUTNUOUFUckRWYVBZaS1ha1E2d0JxX0hhdmJldW53Ui1HWnVqNVR0UHp4UlV2Nk5hYzVDalBDaXp3NGRlTEhTdElPbFNGRGlITnlNRFlhZy1JUEFteWZzQ1RRUzVWWUFnV056Tk8zUjM3dmxVTGpXaVB6ejRJaXFPQ3FWMEVJM0dEdEhnUFVOMGx0RkoyT2tlbmlvUE9B?oc=5
2026-09-08 07:15:03,NOK,Xplora Technologies Launches NOK 25m Share Buy-Back for Incentive Schemes,TipRanks,https://news.google.com/rss/articles/CBMiwwFBVV95cUxPbGRtNTZiaGltRmJ0cXB4MFdORGNRMXVrQVJleml4TVNCV21tT0tWdnNadjFtaGVLRFB2Sm9aTmpydVFKSko2LUdicmJncXRaSXNVQmNtSG9iVVlobTdFU3hEcGs2ZGVjVEl2OGwzTi1ScGt0bURqdXhmTFE4ZzFRTllxWC1vX3J3c2VtX0IxU2RPRGZqeWFqSUV5QTNzTU92TE1zcHEzdzJFUFdMNzJqLTNyQzBqQmVpSFhYRHFGWC1QN3M?oc=5
2026-09-08 04:11:46,NOK,Nokia Stock’s $10.67 Helsinki Signal Leaves U.S. ADR a 6.4% Reopening Gap,TechStock²,https://news.google.com/rss/articles/CBMilAFBVV95cUxNRXNpdXo2QTZKU2g2U2ZhRWstNTRFbDBibzhsSFVrcVhlQTR3dkdneDFJa1VFbGhEN3pyY2oyZkowNlEtaXg5SnRDU1RUQ0tWLVpmUm5FZTZaUTJxbW1Ud04zeGM5aGdfMXF2My1kNmVVMWktWVVJYjl2X1BkWlk5Zm9pQUF0eEJuZjR3OHJCd0hrVjZ2?oc=5
2026-09-08 03:55:19,NOK,"Nokia (bStocks Tokenized Stock) Price: NOKB/USD Live Price Chart, Market Cap & News Today",CoinGecko,https://news.google.com/rss/articles/CBMickFVX3lxTFBUbHRVRDNxZWNLdW5ZWFBoNTNTTjJ0bml2RnVBVHJFMnFZb0k0YXFSZFgzcHJEek42dUlKQm5NNGRNMnZTOE9HYWNlRFY2ci1XZFBTVHp4TU1Lek1BY1hEUnpSaWozYm9iVXItaFdBNTMzZw?oc=5
2026-09-07 17:23:44,NOK,Nokia stock gains as profit outlook is raised and Q3 growth targeted,AD HOC NEWS,https://news.google.com/rss/articles/CBMiywFBVV95cUxNbHlzQ0JtRzdnV0Vzd3NWTDNYUGtIRFN6OERwMzk5c2kwU1pZV1V6bFJ2eHYtZHVJbVl6NTRvWTQ1TGN2ZWxseXEyTDhHY2VvRkYta1RzWlQtOFBGNUY5MFliS09mbmozM19aQzExTERHUkVVR1JGOS1mSkYzVGEzNnlSbGFMUzJQY28tMGIxUWZiQWFXalF5eDNVMmx4OUM3T3J5M3gwQkY4QjMyWFRnYXJKY0ZtWTZmSXhHekpsUzA1MnhGdllETEFRNA?oc=5
2026-09-07 15:10:18,NOK,"NOK Stock Rises Overnight: JPMorgan Says Investors May Be Underestimating Nokia’s AI Opportunity, Sees 100% Upside",Stocktwits,https://news.google.com/rss/articles/CBMihwJBVV95cUxONHN6bXd2Q3laaS1CaTFjdEUtd19XbUExeER1NWpOZnVKZzBaeVhucnFaQk81blpRYmRJaUR4UTJPRHUyWThJd25ZUGN5aDB2Y3MtNm5KVGotMU5ZLWkyVnlmdFFkWGN4VjN5UXRzdXNoTUtRN2d2WnRKeXU5UjMyZGdCbjRHZjNXWVlMWmZCNTA3Q0tJWmE5QmRaQWtNT0pNejdGOHNKNFdQX0l5TGQtc3EyTXhWLTJnd1VNUmdmT2kwYS1CQjJVeUlBYkpFdEp3eFdmejdSVFI4clNoUElBY3kwbnFkS0NYbkl2QjBaQS0wRURMV3pfbnVRYlNEbEZGNTFDd1hxdw?oc=5
2026-09-07 14:48:27,NOK,"(Stock Market Analysis) $MVIS, $HUT, $NOK, $TMC, $DFLI, $NNE, $CGTX, $ZETA, $VG, $ARM Stock Sigourney Weaver (QLlhk5OBrt)",Mshale,https://news.google.com/rss/articles/CBMiW0FVX3lxTE83TXEydXpXeXo0dENobDBiR1hzWW1qVEpNRmhUUkFXYjRBLXVWREhlWVFLYWlkWjUwNkNpY0UwRGxHb0pnd2d3U1N6ZzJWUW5iWXZPSkhfMFFZWlk?oc=5
2026-09-07 13:06:04,NOK,Technical Reactions to NOK Trends in Macro Strategies,Stock Traders Daily,https://news.google.com/rss/articles/CBMizwFBVV95cUxQT2NNeDE1dmJqc0doV0ZVX3pIUHhaQmlkNHBSWTY0dlI5TmpFcHhlNjNaV0xHNVJ0eXBOTnpMQ2wzS1BKSzVocUR4eklMWTlxdDZjNEZxdmtUdXZ4S2dlQldtbkRqNE9yTmRUaXJOVzM5RXRFNGNleDV0Rk5yUWV1Vm9RQUVaYlVfZGhDb2tLZTZyRUxaYm9ERkNhYU5MZmIxYTVGNjBSaWlrWDFOd1F5WWx4UmFGVVZOcGdsbjZ5WWVHbWZzMnBiQWIxSnhUTGc?oc=5
2026-09-07 11:51:10,NOK,Nokia's Diversification Push Collides With a Valuation Debate That Won't Settle,ad-hoc-news.de,https://news.google.com/rss/articles/CBMi3AFBVV95cUxPUlRQaDFmN3h5QWd1Um9jSUpRLXdfWm9yNWhVMGx3TExiVi12eU9CNnRvTUZGYmFqUnhRb212cnlOcWdaY2stSmM2MWtsR054dHA4UFdhTkRsNjdUWDZGZ0gtLVJDaDJhNUd5NGgydU5jQkJvNkE5VWczb29IYzN5Z3VoRkJUY0oyenJtY19PczVvNGpkZUc3OWhDbVM2cjl4UVZ1VzRKaTJqS3JBYUdFRHZIOWZSUWxnOVBOSFkwTUh1bXYxeUNiOEFrYzlESXk4LWotZm51MExyWXJr?oc=5
2026-09-07 07:27:49,NOK,DNB steps up NOK 4.8bn share buyback while preserving state’s 34% stake,TipRanks,https://news.google.com/rss/articles/CBMivgFBVV95cUxNa1FoTldzamU1Y1Q1ZXV2bTRfSE51aDhZRVpZWjlFZ2RkcmtUbGtVQnZ5N3Y2MGp5NGJXZ2lwWVp0Zm5WOG1PNy0yWGlRSWFSdXBiVWMzcUhWX25VcFJuWG9WZVhRdEUtLVM3dGxjdlZ4bEljR05kd0gyOU9fVVFmMW9DemxtXzZ5RHJDWTh1MTFOSno5SHR2d193cHpETVctNGRDTTJHSzVjUzZjOW9ncXVmM0VEdlI5aVI4WjV3?oc=5
2026-09-07 07:27:49,NOK,Veidekke Senior Staff Boost Insider Ownership with NOK 102m Share Purchase,TipRanks,https://news.google.com/rss/articles/CBMixAFBVV95cUxNV1hoanJxS2pyUzVBX3lTQkRGdzNZNzdQQkFlY1p6WmhRMllZVnRPNkRkajZraWJNSHBudjhjemtLdjNCQW5ESDVtTEdHNVBPZmVvQnRuQTBqa0J3dWJNQXhTd1A1WV85Z3VBSG9qaEJMQnctaHlDNXR4V1MweDk2MkRVTW9OcXo0TktMQkFWTWZmZW1tUGJWWjFSV3MyTS04NnFMQnNVM1lOMEFub2ZUaGw3SmM2cllKTmM0V0ZKWklaTmcz?oc=5
2026-09-07 04:25:36,NOK,"Barclays upgrades AutoStore to Overweight (Equal-weight), target price NOK 20.50 - BN",marketscreener.com,https://news.google.com/rss/articles/CBMizgFBVV95cUxQYlpkdDRRZV82OEk5NDVJdjM5ZVpGVmxBMWpaZjdlUnZseUtScWhwOVFMdEw2NmtGZEpTMVVhT05sUTBSNUZRZmxBeTZKczRjVEQwQVRZV1lpdEpGMzR3WDEwbWRCakgyTDJHWWJqbXB0R0l3SDZnNHpwaHdsTUN5azBwZk1zMzBNSjI1MWJjVjNBSExuOFhxcXVaM0tISFRZelJQQkVRbGNqdnZUVUt4c053cTdZLUkyazZQV0tHSk95UF9NRmNJdHAyUG4xQQ?oc=5
2026-09-06 18:38:33,NOK,Is Nokia Oyj (HLSE:NOKIA) A Bargain Following Its AI And Broadband Expansion?,simplywall.st,https://news.google.com/rss/articles/CBMiyAFBVV95cUxQQ2F1dHRMaWlIUXJyeUZ1N3BjU2xDYlFVQnd0Z00yQVZtM0dMNHpJUHdZcUdVV2JoTTFEamZDbkJDRXBRc2JxMGRuRFB6OF9SNzBFUXQ3dldPQ2JQM0dWM1hQYlFfak1uSmJoWTBfRFh5U1lONDFKLWFqenpVSEFIaF90cXRDcWo4N0RnaFVKQ1YwY2JtMHJ3THM4T0t6WGZLck5DRUJCTWZVSHZkNHdrSjgxd3QxRWpIQXNBTzRQLWJlVXJwS25NY9IBzgFBVV95cUxOMXl6VGNtZHA3WEJVTlR6dmNoRnZfQlR2MGJzUmRkS2Nka0hsdHJnU0xabHl3Qy1idzNlbjdSZ2NCT2NuSzdZSW5ZTlNUZTY1QThvdGlqSWNMR08wVG83WDYyRUJJaEpzZ05ucjA2eV9nUkRnb0lVcEZLb1JERjQySmJWbUJXRTZKNTBrZzVpZzkweV9jeUFOY2J1VkdTa0ducEtmRXlIQ291Z1hxaENlNEVVNjBldktHVHBvMVBGNURiN01oQXVyOGRsQWYtUQ?oc=5
2026-09-06 17:20:25,NOK,Nokia stock holds as investors await a fresh catalyst,AD HOC NEWS,https://news.google.com/rss/articles/CBMitwFBVV95cUxQM3FOdkZIQ3VUTWtWQWpEZzZHRk9YUWtrNmtEdGNrQWhRV3lObl83UkNWYXBsVnVRdXhIVDBReUpHRDg1cHZoQTl4SGRxVzFqaGcwLVJyNUF1MXZXc2tmQ21NNzFDMWowMEpBcWdYMXNUQlFjOHNURXV2TzQwVDdUMnZERGRKc3c5MVhCcjgxam4xbGFfYmRoM2FRMWpwZmNxcXB3Z25MTVIwckg1T0dBMFhmNHBFekU?oc=5
2026-09-06 08:07:42,NOK,"Nokia, Ericsson, IBM, to Blackberry: How humbled tech giants reinvented for a comeback",The Indian Express,https://news.google.com/rss/articles/CBMisgFBVV95cUxOSWwzQjRnLTkzT25Jalk1UVV3SXYzUFExVGFQa1YtN1FLVHlRV3B3dVZDY1BBU3h4a1NlaDBEVkVtaXNkOG5CeDBGSkUweE0ydmJnNEllMlQ1VDZyRFNNcUZWRjFuMWJjZFZQV3QzU0M2NjdLV0NfMllLOTVvRmE2SXBmRmk1RG03YV9BS2hoMDRTbjN0UVFNNmg1Nnh4dzZWMllXd0laU2pfOVJoeElkT3lB0gG4AUFVX3lxTFBZdHhBT1p6NzhkbFl6Z1FjZGo5QmN4NDJoaEFHc2dqY1JwSTFMOEV0Y2FDMFpWa3FNWDFhVjRwdkVpbHhnM0NkMmptMjU4QTJocWlDamFjRmZZRDhfZnFqaWVjQjJKam16T3pfVXE3WnU3VFRHdU5vUGpNUjlQRXRkVktWdmZVLTJmWmhGejBGSXgtZi02U1BsZ29zT2VYOUN6a21LTzBIU3MyckVXMXBncng0eERtdHc?oc=5
2026-09-06 07:10:50,NOK,"Guardians Vs Blue Jays FULL GAME HIGHLIGHTS [TODAY] | August 26, 2023 | MLB 2023 Nokia Stock (mqWgw4MFGt)",Mshale,https://news.google.com/rss/articles/CBMiWkFVX3lxTE43bTdnMEJXd1BiSUVkV19URUo0VHN5V1VCNG80LVdGdWFubTAtRXFYYWY3dmF6SE1MQUp2bWFDeV9OWHNvMFZramwxVkJhcDJJaFJvV2dRRnJVdw?oc=5
2026-09-06 05:35:13,NOK,Top 10 Greatest Live Performances Of All Time Nokia Stock (ryQpAv5q4j),Mshale,https://news.google.com/rss/articles/CBMiW0FVX3lxTE5GaEYtckJKcDJlQ1VXODVJOU9IT0hxdFA3THNHU05NdW9CbFVXM1NWRjFGdDFzUy1nTnZobkVnRWhncXN4Yzl6cXNGUVVqUk5qRzVGd19qY1pXMk0?oc=5
2026-09-05 21:07:31,NOK,"Guardians Vs Blue Jays FULL GAME HIGHLIGHTS [TODAY] | August 26, 2023 | MLB 2023 Nokia Stock (mqWgw4MFGt)",Mshale,https://news.google.com/rss/articles/CBMiW0FVX3lxTE1mbUowajFzUWNVY3BFa0VZaFUyTmE4Q0JhcVJrNncydk5sT2NzcGNhTDJKbVgxdFN4dnZKRFNqVkxpOWZUbWo4YUMyZGw2YlAyMWlmMExQSjg1Sms?oc=5
2026-09-05 08:48:27,NOK,THE BILL MURRAY STORIES Trailer (2018) Bill Murray Sightings Movie Nokia Stock (dk9zxbz5jt),Mshale,https://news.google.com/rss/articles/CBMiW0FVX3lxTE00Z0ZFb0RsLUhsMXQ4eWVLVmdzVzNtdGVNOVRpaGJGOTZYOUh0VkY4TjE1VmVDXzc1c2Vxa0NmNUZiOTA0MnZsSVVRWHBQcWlwNFk4bUd5OUxJMjg?oc=5
2026-09-04 23:33:20,NOK,"Alix Earle And Drew Barrymore Bond Over Being An ""Over-Sharer"" And Living A Messy Life Nokia Stock (RlbLJFStVy)",Mshale,https://news.google.com/rss/articles/CBMiW0FVX3lxTE83QVlLc19VS2plcXd1bjhzVDdXWGJ6dDVNNHpGX0ppd1FrQnRZZlVGOE8xQm1SRjA5SWRoSGZWNW1DalJxMmFtQ3MwUkJ5NjlENVVOemktdHF1UHM?oc=5
2026-09-04 21:27:00,NOK,"Nokia Corp. ADR rises Friday, outperforms market",MarketWatch,https://news.google.com/rss/articles/CBMiwgFBVV95cUxNTmxIUU5yb1RmQ0VkRXN3NFo2RTJjdFQxWWZnNXhBc00yeHBlTktEWjcyVGZqbXc3dTBDM3RRdERIQVRYeFl6UTM2VEoycnBJbWpGZHNjQlBpb3lFYVNSWERWeEpXSjZNZkdwYzM1cVdUWUFoZUZYMlFLTzgxbUFFaElEYnFSWkVMdEJjRk1icS1mQUhCby1fS2N6enJacVVyWXRRSVVJeTJIYVFLQnRBc3RUZEZJanBFNWtNVnM2bk5TUQ?oc=5
2026-09-04 20:33:38,NOK,IOS 27 Is Coming: Here's What I'm Looking Forward To Nokia Stock (lmJl8sWIK2),mshale.com,https://news.google.com/rss/articles/CBMiYEFVX3lxTE9uSmg1OV91RF92d25BYlVNalhyRHJkU3BJWnRYOEFIczZ4X2kybXZPdXVXNlJfWmowSlg0dWRvMms2emtfWjBuSEg1bmo3ZTloNTM2TFFmVWhTR0hGYWQ0eA?oc=5
2026-09-04 19:48:14,NOK,Equinor price target raised to NOK 376 from NOK 323 at Morgan Stanley,TipRanks,https://news.google.com/rss/articles/CBMiuwFBVV95cUxPdnQzRWZZOFNMYWlmMjkwelFrdmhQTjdwMFo0aTA1S0luZjNKUVpLS1lGcGZ0b3k3RUpjcGlBazFfaW5qZDNDUmNKaC1saTRxcFBsaFA2MUp2dTFCUGl3OVdKd3d1NkNxUl94YjlKQmdnYTZoZUVpZFFBR3RFV0lRbTY2aUNMSzJoTTgwZ1lMNTczc2h6SGlWOGhHeGVIRGd3cDZ6MGhvZFR3VHh5ckZWZy03b2Uta18weFpZ?oc=5
2026-09-04 18:52:22,NOK,Kingfish Company raises NOK 26.7M ($2.7M) in subsequent share offering,Dealroom,https://news.google.com/rss/articles/CBMiowFBVV95cUxOWHMzNlF2TTRwUGtqX2NVSzR0ellhZlJkcEU0MnZ5TDk2NnU1LWlCQVA3Y29kVER5RTVZRDdGX3phMUV4YTlEZWU2ZUtBNFpyRENDTnFEbmFJR2dNdFl2dTY2OXZBdV96eFdVbzhzVzRldnlVcEhmRzRERDZlYXNMX3RiUGN0YmRpdDZBV0ZLaEVzZ0hJbVpDaXc3UzZ3ODhDbGxn?oc=5
2026-09-04 14:48:27,NOK,"Paul's Picks Stock AXTI, NOK Jordyn Woods (ywQ2CQeBxj)",mshale.com,https://news.google.com/rss/articles/CBMiYEFVX3lxTFB2c1hsYVU3cWZyalgtRHhkeXp3aWJXZmphNWZSV3VpRFE1NHo3S2Q5bVgtaUNKaG5oaWNCVWNVU09abERMZTBQa1pzOU1uNVVOVlVjWm1sQXFSdzNVMXJTMg?oc=5
2026-09-04 14:25:52,NOK,NOK Looks 91.9% Overvalued on GF Value™,GuruFocus,https://news.google.com/rss/articles/CBMigAFBVV95cUxNM0c3QXlMYnB4NkhPdlM5akNlSnlIMU11Yy1xOTA5XzRvN2huN0VyakM2bFAwNGVlWXFEWE1Xa2IwbDhQdzdRMmNXUTRxS1I0NHVtb0E2NENqcXhrS21hYllIeWM3cnY5ZF9kRW1LRC1NMDNzUHlhWXZNQ3BQLVVXVg?oc=5
2026-09-04 14:01:17,NOK,Matteo Berrettini Vs Arthur Fils | Wimbledon 2026 | Tennis Prediction Today Nokia Stock (bd8W55g56x),mshale.com,https://news.google.com/rss/articles/CBMiW0FVX3lxTFBSUmVqMEZuYXhLRXkwLXo0ZkUtZDZCcDROOUJ2MUc3ZHNybGNPdWJEcDhGSEpQbC1xNVdYYmphNW1nVTZrTWxzd2l3b2ZqVE03QUlTSVdyT2dVZUU?oc=5
2026-09-04 10:58:11,NOK,Thor Medical raises NOK 300 million for US expansion,biostock.se,https://news.google.com/rss/articles/CBMijAFBVV95cUxONjBkN1FueDNYSlFabVhIOXgtWTB6cFBuRmVxOVh3TlRzcENWMUFLeGI4RUdYRjRkbFJBakdibGNDTE9fNjNheUFqNGZnOE5VbUFneFpnQTNrZ0diUXpVOFFPalNYaWJYTHVNbjlZOVdoVjZCNWhSR1YxZmRjdXBrX1pLb0FOTC1idEtHTA?oc=5
2026-09-04 08:48:05,NOK,Municipality Finance issues NOK 2 billion seven-year notes By Investing.com,Investing.com Canada,https://news.google.com/rss/articles/CBMiugFBVV95cUxPSXhxYThzdkRSRzhaSmJ6TzFybjR5S0VrWVp6Q19QX085cEI1MXh5SGRZY3Q1NzNoV0xiQ2JVN25LMHZ3YXpDV1VHdG45MFBjVGJuajNQS3piV1FVWm91V2JHQ3NEdVY1cTh2NlhJRU1GR0Y4bHU1dXk3MFJqbVluZGNiSkhiOHRjZzI3dldLdG5xUjc5T003UnVyRGRHNWMtUGgtX0RKQTZkX182SWJIbXpTYVE5cDFPQXc?oc=5
2026-09-04 08:39:58,NOK,Municipality Finance issues NOK 2 billion seven-year notes By Investing.com,Investing.com India,https://news.google.com/rss/articles/CBMiugFBVV95cUxNeEFXcEhDb1JFaTRhVmJ0TmwtRDBrMWdNSnllMWtCS05NRGNNOGpLOWZpWFVPOFYtcnVFaUlBOU1UR0dBMnpXMEFvN3pEQXZ2cDBwY0Z1M0JMemFVaTlhRUZGNDgteHBsQU9JZjJlSlpDbHpuTDVxV1BPUU5XMnJ3WGdiS0NYZzkzenFpRkU4ZlVlRk45UENoeVVxb1FXdFozVlhqc2lmWERuUUdQQU5ZcGJmRTFkSk9CN3c?oc=5
2026-09-04 07:24:15,NOK,Municipality Finance issues NOK 2 billion seven-year notes By Investing.com,Investing.com Nigeria,https://news.google.com/rss/articles/CBMiugFBVV95cUxOblVHVHkzVnRPcG90RGZ4ZThCSWYxOWpJcEtZZ2s2cFFrZFpDTFVXVmk0d0ttWXhyU0RlS0lybHZCZDgyakF5YTNINEM2M09FeTc3MWtab0RQTENCOEpuQUtFRFQyWVpuQzJQR1B4RFNXT1NMMWJkUzhRdk94OE5RNVlJd2RoUUk0RWZ5SEF6aGJsUWplZ2ZaSlFlczdHelBadmFlaU43LVFUZjJWVFBYbkF0bFpNNHlxaWc?oc=5
2026-09-04 07:00:13,NOK,Municipality Finance issues NOK 2 billion notes under its MTN programme,TradingView,https://news.google.com/rss/articles/CBMiwwFBVV95cUxNLXVjOHhKcWNpTnVZU24wNUh3cDdRY2psTmlzS1g0TGdYdTJSUWdRWDZuYUhNTjY0SEY5YTRXVkxBbm9oUEFOOXg5VFFLamxoOVJtdkppYndJWVRNNXhnQlB0U0lQX1gydzVYbXViQW1hMXd5RU83X1JWWDNqOGpuUnFycVR1Znh1UEthdU1Sd0oweUF6R3N0UUdpQURUTXNtZlFPN1JrMUFibkhGQVlUeDBxQXhTc2VUdjZrVEVfVl9QMlk?oc=5
2026-09-04 07:00:04,NOK,Municipality Finance issues NOK 2 billion notes under its MTN programme,STT Info,https://news.google.com/rss/articles/CBMifkFVX3lxTE4tZ3NFOHpZUGNYbW01LXdXTFBNMFBWUm5wbXdlbUVsNDgzMWZZX2FibG1HWG9UTmVWU3BVNDd6cEEzQzdJSFRWb0JFZUlsYnUwNU1heXhJYksxUzRCcEpBcWowNElYVF9mTDFYbXNHUEpFOGcyYW43aEpjMG92Zw?oc=5
2026-09-04 06:53:17,NOK,"Nokia Stock Falls 5.55% on Ex-Dividend Date, Profit-Taking",scanx.trade,https://news.google.com/rss/articles/CBMiugFBVV95cUxQN3ZOelZaNy1paGJaN19BS2FyYjJYOUJ3a3Q4c05ueGtkdWtiOWtmMXpKdVU4U3prVFQ3TTFCWW9IUVdXS1VnUWdrbjRFYThzQ1pMNllHQTgtTDlvelRSMWJFVTFNSEJNYnBYYmg2SlhXQ0g5VXRsTGtkYmpwX0pXQnRUcXZWblVnMVd2b3g5MFcteE4tTlZNZ3pnYVhVNlRhQ3BnU2dIa1gyS3Fnc1JRYXMyTWdDUktNMWc?oc=5
2026-09-04 04:48:12,NOK,Nokia (NYSE:NOK) Stock Looks Pricey As Its 155% Three Year Run,simplywall.st,https://news.google.com/rss/articles/CBMiuwFBVV95cUxPX2ZKZFRyRFU2NlRqU0FCX3A5V0o2WUlRZFFPX1dVN0R3am9kUFpvSE9CUWdvOFdKZFFkVW1EZVptVWU3MXVucE1fcmtIUTRFbDhaalZhQlM2eW44RDFCQnpRdC15RHdSVzVQa2xNbGRxWG9RcHROSS1SdFJYQzRrNlBJekFOYkRLOFZESV9sUTVDcGp2bXE5Z3A2QnJlcUJVaW80ejhQX1JQLUpPb2ZfLXF6NnRoRUpGcjNB0gHAAUFVX3lxTFBTako2X0JQdUxldDN5TTM3UG54WnFnWDhxdlVSclc5ZHlYdUh0UzB0Y0FYWC1uRTNqdkFqay14cTEwMG81aDNGMzk4ZzJlV2pFaEtlRUswT0Q4R1VfWGJyOU9nVXYtbmFPSzdybHpMOF8tLWZ3Vk55ME5Ob2t6WEplS25FUFc4QmoxM1hrNDhsaGxReGNvMDI1OVU5dlZONTFUdThDWFV0bHhDZ2tVbF9WNHhUaWR4RXVYNUk1c0pBMw?oc=5
2026-09-03 22:14:41,NOK,Thor Medical Eyes Subsequent Share Offering After NOK 300 Million Raise,TipRanks,https://news.google.com/rss/articles/CBMiwAFBVV95cUxQZFMtM19LTGZMN3k1SVpoNXh6T0lqUDNMZVFYeXdSMGxsRkJwdWFHclVVdkVZbGxuQ3RDRktGSWlsQjNUZ0FOVjRhSWZTUjlfVk5wMmhmWVpfU3pxLVRFcWRldWVqMUtnS0RzRE5zTERRQjlmM3l3cmVOdk1Vb2lQbFhQczJpSmN1MnJycUk5YVpYNHg3RFRobE84VTl6VTRtcUN3azdpMFc1Y0ZMZEpGMG9nZ2djZjRZRDBoWjJuN2o?oc=5
2026-09-03 19:57:11,NOK,Best Parlay For Super Bowl — Full Guide (2026) Nokia Stock (jkvFz64es6),Mshale,https://news.google.com/rss/articles/CBMiW0FVX3lxTE9zQVQ4aDZsdzFLaWxSWEFYa3ktaGlEcjFYSjdVX0RjT2ZWU2gxRnpLZVBMcmdXUkFwb292T2hPS2FrQ0haS2FjZkdxakNxWXRXLXM4ZkFrcWYySEE?oc=5
2026-09-03 18:54:48,NOK,Community Spotlight: Sisters Make History As Champaign County Fair Queens Nokia Stock (PaUMPmjImu),Mshale,https://news.google.com/rss/articles/CBMiW0FVX3lxTE9mTUFWUWpIX3ItWTRTVU1yVktYVk1jUDc3ZUNNR2xDc0N6d29NbmFMdUJNSnRWQ1FwaWtCdTZBTHJBbHIzbFk0Tmhkay1zX1NOcHRvTjZiS0wxMlk?oc=5
2026-09-03 17:30:32,NOK,NOK Apr 2027 5.000 put (NOK270416P00005000) Interactive Stock Chart,Yahoo Finance,https://news.google.com/rss/articles/CBMiaEFVX3lxTE1ReVFyNEFwaXhvNk1Fc0RhSUZLMWlKc1hweGo0aUtyRmJIMXNOVmw1bGhSLWdKZG1Pbk9oZzNpaHJ2Z3BEaVdPTnpIREtGeXQzdGY3VXhaZldsUUFtTkN6alRKOUtzZkdI?oc=5
2026-09-03 14:15:26,NOK,Protector Forsikring Boosts Capital with NOK 350 Million Perpetual Bond,TipRanks,https://news.google.com/rss/articles/CBMiwAFBVV95cUxNTTRrSWwzRTZwaUdXdFU1QVdJSk1NUzl0VmRlVkZRbHl2NHg4dExqQVI3cHNxTUFVeS1fWThiNW9wTFhpMFFOdnhOSG1pU2Z6TURFNDRMME1PUmNQLUhNN1BPLVpBOXNnd0Ntbnh2ekxuQlhkU3dyRjdVZGswTm1UZElhZXVrNW14cEZ5UVZqSFZyb0hIYk9lbEtEWm5qZ3RHZlEyVlNWcEJJdGxpcmw4dnNzYzFDYV9nQ2ZmZlBxd3o?oc=5
2026-09-03 14:03:05,NOK,Nokia ADRs Fall 2.1% as Ciena Selloff Tests AI-Network Valuations,TechStock²,https://news.google.com/rss/articles/CBMijgFBVV95cUxNNzJCYldicTZlQ0VJOW1PM3dDUjFuNWZrWXhraFVSQUgyUVhsNllSMjVCekRmNEoyWDJPTlJna0tfb3V1QklTaVdFdEFsRGp0ZHZTWGZjeW9HSkM5R0dvUnFTa2JzT25TTkxCQXZEcTdRV0o5UWRmVENLWUxHYVdKMnJHTzVhZzdFV255dmZB?oc=5
2026-09-03 13:51:03,NOK,"Nokia opens research, development center in Riyadh",TipRanks,https://news.google.com/rss/articles/CBMioAFBVV95cUxPOGprUEZYMi1tZ1pXMjV6ejZUU1BFcWpyNE45Y2E5R2w4RjdVY0RpYjFsWWh5Vm5FbkpCbXk3TjIxNXlIRUNabGFjZHI5MUt0MUl3SjR6aGw0MTdKYmgtN2FiTWg1aVNqWHpqemZ2ZjNEOEc0Q1cyUTFTNGprZm9tazhKSXlmemxRd2JzbFhObkZmZFktOFF0dmE1ejVROGE2?oc=5
2026-09-03 12:07:56,NOK,Fortum: Fortum clears final hurdle in NOK 5.1bn Elmera bid,marketscreener.com,https://news.google.com/rss/articles/CBMirwFBVV95cUxQS3ZIaHZoamFZX3l5STdGaGtwUmc5MmpORDF5RzVONU92UmVqZUxhWmN4b2Y2MmhOSUR6a0ZtQmJhcUNGQVk3NGduejFMT3E1STljelVXOFR4N0RsSS1zTVRlcFVqQ3NwRGZjMHo0WTZXRTZfZFVTS0VMTUFHaVlrWnNHZmpOMmdKM0VOcy1WNElFb3FDUEdCb3d6RmhzWU1wdHFxaUJqQkdRLXY5eG9N?oc=5
2026-09-03 11:08:26,NOK,NOK Looks 87.8% Overvalued on GF Value™ Amid Dividend Sustainabi,GuruFocus,https://news.google.com/rss/articles/CBMiswFBVV95cUxQVXVXTXp6M25jWFd5bU4xaXpMSUtuSU9MRTU2VXJsT0FySUxlQnpDVWY1S3FrMmVQam1FOS1xRGV4clJnbUNnWXlIc1RQNmYxTnB2UzhnUWJFbzJHLTJHSEJTb1FicnB5T3I2MWo2MXU1cmR1NDZNMmpQeVNvSlBwVmcyLWNwbGxjeGwwUTBjR0RteGxDU3NzcHJQeHZYSk1FNjlnT3FUQUVNRFNKUkM0WHNuaw?oc=5
2026-09-03 10:53:00,NOK,How Could Nokia (NYSE:NOK) R&D Plans Affect NYSE Composite?,Kalkine Media,https://news.google.com/rss/articles/CBMimwFBVV95cUxQY3c3M3ZLWlI4c2xvdExkZkNXTEoxNkc3ODRqNDgzZzZ2M0hqaWxOYTBpRTZZMnN5Sk9xSmF4T0dfVldfMTQwVG5pT1Y0NjJMakl0UUlrNnpnTHZhNTMtX2FFSW1KLU5TMWdQY00tUVc4cTZpMjVDNDFoX3ZJS3VtRHFZaWR2bDA3NzMyMGRnRVJzaGtvanhubFRIbw?oc=5
2026-09-03 10:31:34,NOK,Nokia announces commercial agreement with BeeHealthy,TipRanks,https://news.google.com/rss/articles/CBMivAFBVV95cUxPVktWSnRYVHozRmYzSmkxMVB6T2FEN3NzQS1VZWNIQlJmR1p5VUdjRFV4ajE5akl1MVRlQUxqSEFzQmIyUHhwVU1rQVlqTFoxQklJTHZOdUFadFgyVXg0QTB5aUptMmNzREpfTmU4UG13ckh4dk1SN1ZTQ2d3eVhFT25TV1dFeTJTM0s1UTY0RDFOT0R5YXVQeUtFZmFGU0wwRFNrU1cxRDFNMnJOMVd3Q0d6anY3X0QxUTlkbg?oc=5
2026-09-03 09:40:00,NOK,Fortum wins Norwegian approval for NOK 5.1bn Elmera bid,EnergyWatch,https://news.google.com/rss/articles/CBMia0FVX3lxTFBZVzNNRWlScWNaTk9RVHBUZnZETzlGWTJwTjRQcFBKUUVYV3pqOG5Ud0pucEV4SndXNmNPY1dtcGlLREhRanNKQlEtNnJXdEVtdWdaQ2pHX3lsdThmb3p2NkRaUm1aWjFvWWdB?oc=5
2026-09-03 09:39:59,NOK,Nordic Aqua Partners: Fearnley reiterates buy at NOK 116 target,salmonbusiness.com,https://news.google.com/rss/articles/CBMimgFBVV95cUxQcUQ2TTVSZEMwS3g1amZMdkNQNDRwc2hDekZYQkdfUklNTzBGbk8yeGlXWlFTYTdxUVVDQ1Q5WDVkOFhxTmZGUE5wM1lzRWxpaEhJTGlab1BwSlJGWWctMDJ4MWg2SDBTUExOVmVRbl9rUXRLalNNWG9KYXdiWkxwZEhGQk9TZHc0OXNkTnpUb3o1dUVRYjBZODFB?oc=5
2026-09-03 07:22:22,NOK,"Volkswagen, Nokia, Amazon, Tesla Filings Reveal Potential Sanctioned Gold Suppliers",marketscreener.com,https://news.google.com/rss/articles/CBMizgFBVV95cUxPLWwzb3hpR3JYSGJPakdnWU03T3VGWkJ6QW9PT0tjQ0dISnZlXzltQ0hwV1RDU3RoNVBFYi1IZGtqVnJjRTVhVWRTRDFWb1JlRGRYV1VfcHZWZEQ0cllyaHY0QWNhdUFZRW1GOUhZaVhIWE1lUWxUV2xjY3RaQTdqLXFHcEpOUmpjaWZHdkw2RUVlb2I4aUlUOEN4Y093aHVtSjZPS0ZRLTdWeEprRE01WUNiMXlOZnBLaGNLOUhyMERvaS05bWF1M3MzNkVWdw?oc=5
2026-09-03 06:24:20,NOK,"SEB downgrades Equinor to sell, target price NOK 356",marketscreener.com,https://news.google.com/rss/articles/CBMipwFBVV95cUxPdTdSRXRWYjNJRS12dE96T2lNbXBCS1hBODlkdGtnUmxlbVVTSEM5RGx3RUlzRld4emFSS2xndWNXYkF2UVBXeGhHdXF6ZV9DbHRHUnFuLTFqdEZUR3IzbnJRQndRWHZCeG52MlJrT1VNOEUyOEMzV0djMTA3ZDBDX1lIZUxob3pZYUhaRUppeXN4cE1RYVFHMTFlNmd2RWszYmJ6SGtQNA?oc=5
2026-09-03 06:02:28,NOK,Nokia to Integrate Network-as-code Technology into BeeHealthy's Applications,marketscreener.com,https://news.google.com/rss/articles/CBMiyAFBVV95cUxOVDhKOXNMMzlGYzhQRkw1TlZ5RmdGa2ZRWi1jU1NjTFBBcU5jQTRHbTZ6ZHhIb0VIemZNNnpsZWE2aTlLVXVCOGJ2TEY3NlR0bTNuLVZXYXRVdTV4a3pMMnBlV3pxNkpBMVNncnJlSEdobFJyZVYzMUtWZDVSYzM2ZnBkcDRmbG1tYm9Sdnc3SUljSW44MkZjOTBKVkhUWE1zSElZSWVfMzZzeHZscHN5dm5lVGhVN0xuVGVub2xIeVkzMmdWclJnRg?oc=5
2026-09-03 05:32:24,NOK,Nokia and BeeHealthy will replace texted codes in healthcare apps with silent phone checks,Stock Titan,https://news.google.com/rss/articles/CBMiuwFBVV95cUxQRExEOUdxV1p4aEt2Q0Z3a3h5SHU1RmNDSE9oVjdxMUlhaHo4cjktMmtzUHhXVTBwWEJtbDJQbXI5VHpPck9BMGx6ekR5MkdNaWdOOURmN3A0V0VvMGg4LXBiNXg4eE1PWnBhdXdwSnZfZmdWR1lkcDA0VTVoa0tTN2NNa0M2QmVFSEw4TU5XYzFmN2JycUoyQ2RfYjBGSHoxZlAyUEhrVVVNcE5Qd2w0QktfcmI4elNHRWlj?oc=5
2026-09-02 23:47:44,NOK,"Nokia Is Replacing VW In A Major European Stock Index, And That's The Least Of VW's Problems",Carscoops,https://news.google.com/rss/articles/CBMidEFVX3lxTFBDVFptWGN2VFNtd3VMd0NXaGtrZy1reW1USlMxZkVTSHhaY3BjVmdLZl9hNEdQZGF3eEZDTVFSRHh2NFN3RERsd1VzLUtOaW92UHhaWXJCd3p1R24zTHVtNmVfNjZXakpPQUk4cTVfWVNab2hz?oc=5
2026-09-02 22:16:48,NOK,"Is Nokia The AI Infra Dark Horse? New Agentic Rollouts Lift NOK Stock Overnight, Win Retail Praise",Stocktwits,https://news.google.com/rss/articles/CBMi8gFBVV95cUxOZUJQUWQ5d3JEc2ZLeXh2Q3lybTJYUWVfcU5ZdGtzVFM5aVlBU2F0endGOFBlMmtlNWljOTJGTjc0NzV5MVhyN2czNVNMMVhpVzhLcDlfTEx4alBJalk0NVpLWE1DUm14cU40RHo4dGliVEd2cm4zdXNJTnRUTHo0a2dORzlYUVJpLUtMSlhuNmlvRHFmT2NBemVBSzdvY2s4UUZsQ3hkSE12OFNXZnNudlduWDc2OGlfbEVjWDIyUFFKSWxyVXNSNVlSc0N3ZWtwOUs0amY5NDZMVGVMRGFYMV9IdXVreDA3VVZNUXdFcG9aQQ?oc=5
2026-09-02 21:56:06,NOK,Nvidia’s $1 Billion Nokia Bet Was Worth About $2.2 Billion by June. Is 6G the Hidden AI Trade?,Yahoo Finance,https://news.google.com/rss/articles/CBMilAFBVV95cUxNRlJnZThhcHFxNTJLWE10VFhWNUl5Mzk1ZmI0NEJxVWdVUTNDWkpNNUNLdUxkcGVHNUZTNnc5MnhfM1RjNjBHR0JlN2VITThhT2FEVUl6U3J5N2daTkd4RkNRQm1tVE9fYllOZVZDbUxhNU1Va0w4aG82NTVjUzd1NE9GT3MwQy13NkZoWXlzZkdFSFRS?oc=5
2026-09-02 18:28:52,NOK,Volkswagen's 28-Year Euro Stoxx 50 Tenure Ends as Nokia Returns on AI Infrastructure Revenue,Tech Times,https://news.google.com/rss/articles/CBMi1wFBVV95cUxPakFSUUxBVnJTa3BvQ2hrY0E1a0hjSmdWcnNEMkN0R2I0ZUtXMnE4UFFPWWxFSzlMczFFSnloNmVKMGI1Tkd2VEZFUVdpTnRLSmhTRUhBTUFWX29Pd1VkVmtvbGpwMVpHMjRuMTJ2TFpyenQweEZMQ0RJSGQ3bTlKVXJ4UHZHVlB0STUwRXZfSVRTVVQyY1FvcDhjVEFuYW00X0JPd3BZTklYcG9iTGt3alUyR2pMYkNhS25fRW9yTTRnbEdzdUNyS2hzUUtadWlOYm9YbktTZw?oc=5
2026-09-02 18:01:32,NOK,Nokia stock gains as Euro Stoxx 50 return and AI growth support momentum,AD HOC NEWS,https://news.google.com/rss/articles/CBMi0AFBVV95cUxNYTZ2YTRkOHN0VkpaUzlGV2ljbG45WkU5Rk1pZ0s0QXRKWC1rY0I2UmRGWHJYLVV1TGx5NGd1R0tvRU5BZW9jZkZwX0RBWVdraGV6aWlZbmFidHpWR29mbjB1b2h3aDZYX2lvQkNQd1gxV3F4R1VFbk5scDNuZmw0OHRUS3VKVGJydWRxYm5yLTlLdTF4M0pMU1RRbzM5RnUxeGJkWVc5OHFoNmZBaFFpcmJfazQ1ODJ1RVRnVmlWMFFPTUpzaFF0SE1BNDhDNUg0?oc=5
2026-09-02 15:53:00,NOK,Can Nokia's Saudi AI Network Automation Expansion Drive Growth?,Yahoo Finance,https://news.google.com/rss/articles/CBMinwFBVV95cUxOSGV5Z0dkZWFZT3JJQ2t6WDd4TGh1UEdNZVJFam5IczBFbDYwcmZiQ0FXck5xYk90TkYyZzNwRHJPeDVLWlQ4a3pMT2xSOVpqRENfWjdwSE5uZVQyYVNqMV9KbHJHM1RQUHdCSHhVakVLUnljWGxUZWQtV0dLYXJ5bGJfaU15SndqR1FNaGZJYmtiVkxNZnhiRkVsYTNvVDg?oc=5
2026-09-02 15:53:00,NOK,Can Nokia's Saudi AI Network Automation Expansion Drive Growth?,Yahoo Finance UK,https://news.google.com/rss/articles/CBMiiwFBVV95cUxNbTJJVWNPX25qZ2VpVGtJc1FtczU1c3B0SmlZSU9xamxjcTJITlJpYmpiNi1hYjhtNmd3d2lldFNneDJUSDJPczMwOWFsMWxYT0V6NzdmZTdtWExBaEFNMDdUbkJ3eWVkeUVOc0NSaEVSTUF3aUM1TUpIaW9NTFhzMlEyNkxZaklWUl9r?oc=5
2026-09-02 15:53:00,NOK,Can Nokia's Saudi AI Network Automation Expansion Drive Growth?,TradingView,https://news.google.com/rss/articles/CBMiugFBVV95cUxPbWFmMFVGdG11cXFVMkZYVkFTWG5fbkJCT19rdUhuVmlyZmJQOVFHUlRDSTlsTFlSd0dGUjFLNWg5VXNPNlozQ0tLYW1ST3BpVEE3MXp3X2RuYTRhREx0TFZMTkZHNWR6UUJ1eDU4QTgzTnQ1UXEwX0xwdlQxYnBPSDZSeXFsaW1ycUVtTnJRNThlazlSSzhhMmhoWklkQWoxRVRjNndfdzQyZ3hvMXIzS2pRUThwckgtc1E?oc=5
2026-09-02 15:03:49,NOK,Can Nokia's Saudi AI Network Automation Expansion Drive Growth?,Zacks Investment Research,https://news.google.com/rss/articles/CBMipAFBVV95cUxOTkNtcmF4WF94M2ZKVDRVczF2a3N4bzZwVjlKbS1DbmhBcGdHZ3B1bmF0ZHNkakNtNWtQMGtCMF9zb3pKUDVYTHNjZ3FDbWl6Y1Q3a2NLTlpieGIyVjNYR2VWZi1RM2UzMXNkUzRxUXpXZGhZb1FKRHpEWDJJeDREcDBZYmwxUlVzdGI4aEt6QnQyd1dzUWJ1N3pRVVZVYlhqQUdxMg?oc=5
2026-09-02 13:39:08,NOK,NOK Looks 89.5% Overvalued on GF Value™ as Dividend Sustainabili,GuruFocus,https://news.google.com/rss/articles/CBMivwFBVV95cUxQbEJSMmxhSmV3N1poOWJVdlZPN1ZVMDlNcVNiak1ZMHZxRnl5WHJxcFQzQXpxRlE5YlBJZmJORnp6djFXMEVSNjBwV2JCZFNfNmtseDNqZHBCVmhwMTNEWHlSQXlYV20tM0YzZmY4VDFndmhSNUNSR3hrMFJfeXBDSzVUVUtmUVEyTnNJNHN5ZkItZmdSV0pOQXJSeDByWExQU2tSSjhadFlLd0EydjQ0RjBaWmp3aUVlYXFkdHAxNA?oc=5
2026-09-02 13:13:16,NOK,Nokia Rises 0.3% in Anticipation of EURO STOXX 50 Reentry in September,TechStock²,https://news.google.com/rss/articles/CBMingFBVV95cUxPR1BOU0l4WGVZV0JKM3g4OXY5bG9EeHZxc0dlbno0NlQ4SFpuQV9NV1A4OGl2NnIxb0FzUEJiRGNZclRvc1VuS2l2a0VHeVhCenJSZUNNWjVpS1FYdHVZczVVb0pOQjg1YTMxemhQWk9BNUtid0NhOUFFTkI3aXdubVMxRWRqaVJkc2tGZGdZbUZHN1NwNmFSUm9JQ1Yydw?oc=5
2026-09-02 08:37:01,NOK,$Nokia Oyj (NOK.US)$ Cominicate,Moomoo,https://news.google.com/rss/articles/CBMiiAFBVV95cUxPM3dFWUZ1b3pHV19OUVJtZnZoSlZUU29FTVpUWnlpcnZRSmx2TlVUeFhnelM5dW83UnJhVkJtWWZ5OERvUEN1SWhIaGxteHExem9rTXBDQWYzZ2JBaGhpQzU5MGxWZmNSR19CZmllNHFVSXE3NVlmbVUya2lMZkM2VTdzQ2ZUWE00?oc=5
2026-09-02 06:12:29,NOK,NOK Looks 88.8% Overvalued on GF Value™ as Dividend Sustainabili,GuruFocus,https://news.google.com/rss/articles/CBMivwFBVV95cUxPckE5Z0xiRDA5a0VnX2ZJM0VfbWQycV8xLVBseE93RHZIOTBJcGhBZ0Jwd3ZFZGJERlhrUnFGM2FUbWh6c2JrTkczMHFQa2hhazdKZHNval90UDRxZWJJRTdHVFJKNlRPanZrbWxXSnEwQVNBS2IzUjJ0cVBVUk56N09vTmZLWTNxc0liWDFrclhTaGNWY3g4cnpmT3g1OHB1dG9aSG9ObUxrVXZUTk9adXpIcEtIdWE2NVpybGFNNA?oc=5
2026-09-02 05:53:20,NOK,"Nokia returns to the Euro Stoxx 50, Volkswagen exits",marketscreener.com,https://news.google.com/rss/articles/CBMipwFBVV95cUxNbDVFenk3Z0xGMm5UdjQzZ2xjTm96aEdycWlJbV9wSy1xZ1ZITDdRSnNoLThHenlsOEhmT3kwLVpWRlZfMk1KRGpNVXhGeHZTYTNOQ0NGcS00TktidXlxaHh0QWd6STVNX1NRVl93VnotNEhGWEhqNnc3dHRDRjFPMUFkZWRSQ1lYOENTTUYxb3JPWHhJVUVaNk94MW51bEFFM0tqcE1Ebw?oc=5
2026-09-02 05:53:19,NOK,Protector Forsikring Plans NOK 350m Restricted Tier 1 Bond to Bolster Capital,TipRanks,https://news.google.com/rss/articles/CBMiyAFBVV95cUxOd2JvSUM3V0JzLVJVRUtFSmtYaEU2NVJDcXdYS1IwLTFyRFU2X0lnSTlZUjFMZnhXZDJVSGVQNVJoZU5hN01yTHRBTHlFcEhXOEhfTVl6dHNoT0JCbzdWZ1BPNGtHVFVKdHI0YVd6VXVLV1dERzFzaFd0eEg5NVdYT3hjMjliaVVnbFkwYTludlpwXzQzNW9tb1BmUGdRTXhFWmFzNVVDMmJidnBfemE2ZEY5NmlCYmJQOUloRi1kazlnckVGQThtNA?oc=5
2026-09-02 05:53:18,NOK,Panoro Energy Shares Trade Ex Cash Distribution of NOK 0.374,TipRanks,https://news.google.com/rss/articles/CBMitAFBVV95cUxNMEtGOVFrMGJ2R0UweHRIdmg3aEdxUUVxMFVhN2RyckJ3cU5nMGpVQTh6c1BqWnFTTXBINmRpTzRwMEE4UlE4dmdIUUpKLTE1Wl9ENWg1ODFzRXVGdkxEc3ZxMGIydC1kY00wM211ZnpZVXJnYUYtY1FjNEVIbTJtNjFvbG15LTA0U2FoWkJ3ZFA0bG1TMTAyRVRtWXBWTkR0cXEyLWVzZmF3Q09oNWRkV3pvWEM?oc=5
2026-09-02 03:49:18,NOK,Nokia to rejoin Euro Stoxx 50 Index as Volkswagen loses its spot,The Edge Malaysia,https://news.google.com/rss/articles/CBMiUEFVX3lxTE1KbjhSV3ZwVlRyd0h4d0tEb3NIazRabGNndHQySGdFTE82RVN1al9ycW5aMmpuRkZKbS11ZHZhUHFyLXJlTjFLT0U2U1doNG9Y?oc=5
2026-09-02 03:49:00,NOK,Nokia to rejoin Euro Stoxx 50 Index as Volkswagen loses its spot,The Edge Singapore,https://news.google.com/rss/articles/CBMiqAFBVV95cUxNRU12MTZNN21NTmUtdjlnazcyV3NOVkE3R1RvWVlBTDFMRk5nTVJUbWN2M1VtUUlLUy1IZUhERXM1dVJkRUVlZElNT05hX05YeWRsMElnUnVBaFQtYzFsR3hRamR0cTlxQXRnZHoyc1QtNG9tRWpZeUE2TENTN0dOVVBuUk9lOTZKYXVwWnNQcU16WXExTmw1TXBSQXZid3RMX21sY19ncjbSAagBQVVfeXFMTUVNdjE2TTdtTU5lLXY5Z2s3MldzTlZBN0dUb1lZQUwxTEZOZ01SVG1jdjNVbVFJS1MtSGVIREVzNXVSZEVFZWRJTU9OYV9OWHlkbDBJZ1J1QWhULWMxbEd4UWpkdHE5cUF0Z2R6MnNULTRvbUVqWXlBNkxDUzdHTlVQblJPZTk2SmF1cFpzUHFNellxMU5sNU1wUkF2Ynd0TF9tbGNfZ3I2?oc=5
2026-09-01 23:56:01,NOK,Nokia opens R&D center in Saudi Arabia for AI network automation By Investing.com,Investing.com Australia,https://news.google.com/rss/articles/CBMi0gFBVV95cUxQYjFrRjc0bFVmcU9NVlhoSEI3cEVMQTMyaXVyR05xSHZCSWNyaW9EV19WZ2RVa2c0NmRiZzVndkYyTTZRcUFMMzdGcHlUZlpCNkFwUVY3c2RyNTN6SGRpWmFPV2s0TlZxT0dyZzZGcHZyWUVNZndnRVZjNTJDNEs1NTc4Y2VmRFIxbFZscHlYMEo4cDJxX3NlNERlX3FxS1N3QmhrZDZDS3dyOUxZVnJObmpXSmpneEhuNWZGNUFHTjhwc1hVMVdoS0tXbElIT0E1M1E?oc=5
2026-09-01 23:35:00,NOK,Nokia to Rejoin Euro Stoxx 50 as Volkswagen Gets the Boot,finance.biggo.com,https://news.google.com/rss/articles/CBMidkFVX3lxTE5HTElSWWpFMGhybUFQUmpmUHBDaHQxYnM3NkVTWVphUmNNTUg3aElKZUY4Qlk2SjBOOTgxSWRoM1RhMXNERzEtUGFoSHM4MUtxbG8wbjZCNnhySDNjdVhJRGE0WGQyR05rS1hqRDV6eThiZ2tXX3c?oc=5
2026-09-01 23:17:34,NOK,NOK Stock Gains After-Hours — Nokia Oyj Rejoins Europe's Benchmark Stoxx 50 Index,TradingView,https://news.google.com/rss/articles/CBMi1wFBVV95cUxQU2QyZmxkUm9KR3NsNFNoVTd0SERCVElWSld1SFNacU9yc3dCN3E4d1NQVTZMLXI4d1EwWGhxcHZZSUx5ZHNKM3RESEFPZklJckZKWFNGbmhfa0hnWjdXT3dnOE14c1VGdFNxSVkzNjdPeWVjR3VOYm8yeEN5NkFkSUNyaXdNVHNmQzhYUjNVOUhHQ3EzUHlQa3JyY0p6VHpvcVpTZnJLS1lPdHU0NDh1YWVENzBYUVBSbFB3bXFWQllmMklHS3dOR0syYmY5NUExWDNHbUEybw?oc=5
2026-09-01 23:17:34,NOK,NOK Stock Gains After-Hours — Nokia Oyj Rejoins Europe's Benchmark Stoxx 50 Index,Yahoo Finance,https://news.google.com/rss/articles/CBMilwFBVV95cUxNMTFJVVVURktZUjBNMlVlYWhqOU91b29QSVNIamZtczBsU0FUaWhiSGsyRUdZWXRTMElQQ1ctU2gtSnhLaWFiVjk1NWtkX296Ym9iS0p1b0c0aks4d29JLUJhdjhnX1Jwc2pkNnNOYk1SZ1oyNWtHcjlVOUZWUDBHZmhjTXFUOWpWdnlmRlNXdnZITjRtdnl3?oc=5
2026-09-01 23:05:00,NOK,"Nokia set to rejoin Euro Stoxx 50, Volkswagen dropped",The Business Times,https://news.google.com/rss/articles/CBMixgFBVV95cUxNTDBtaVJScTAtSXhaNkdOU0pwNXE4cmQwTkJlZ0ZpWUtfM2JRZ1VLaWFWMzBsSzFKQkVMdGk2MWRpem5zWDAycVU2MjZCLWNhVVFmR0tRN08yLUxFOWpQNG4wZHdzaWxpQ3N5SWxRMXdTX2ZPTWVzLWZxSklZQlFOak4wX0hPOFFFWWlCZUpaMXlqckVWMkI3NHJ3blcxeFRTQTZ6cDJ4cGNTeEItbmttNVo4MjJQelZyWkJjVUF6b2NBVEwwaFE?oc=5
2026-09-01 22:49:52,NOK,Nokia and Engie to Join Euro Stoxx 50 as Volkswagen Loses Its Spot,Briefs Finance,https://news.google.com/rss/articles/CBMikgFBVV95cUxOc3dJWTlienA4bmp6WThpNldxRVZEMFF1VkRQeDdyLWRjUlZyZFZHVDJZXzU0TllhdkVZcXdDdk9RRXlEazFqWkZQeFE4RGJKOVlPRjdnOEowclpHOE0wdUJVb05CbHQ3bHZlbUVDUWNnbDcwT2RodGktTjZKV1lXRzVIRnB3Y25jQWVYak1qR2Qzdw?oc=5
2026-09-01 22:23:00,NOK,"Nokia set to rejoin Euro Stoxx 50, Volkswagen dropped",Reuters,https://news.google.com/rss/articles/CBMipAFBVV95cUxPOUJ5Y1VoNEJZa0Z2b2lYLUFpUFktLUtMMndnd1pMdnRPRXZiVlUzRE01Tl9xbzhBcmhrdmZLcWF0ZDl3ZDdHeVpyV28yWFVGLVBueXdPUUVGU2VSWUNmTzJ1OGZmNkRkTE9uU1pSMjl1LWpHbm0zcUlseFVMd1FHLWZFT0QxMDN3b2FEdmdSaVJCaFJPeGFCYjJkcGdROVU4YmZKcQ?oc=5
2026-09-01 21:29:26,NOK,Dodgers' Tanner Scott Reacts To Blowing The Lead In The 8th Inning Vs. Phillies Nokia Stock (T8oKCrN3Xj),Mshale,https://news.google.com/rss/articles/CBMiW0FVX3lxTE5ObUdjMmJRNHQzS0k4Ty1xYVhGVU4yenc1NnZkWnE5NG1FZkoxdWwycXp6bkFzVGdrZjFnRDFFLVl1c0JiYUQzcmEzMTZfNTFFLWx1emVlbDhncnc?oc=5
2026-09-01 20:25:56,NOK,Nokia to Rejoin Euro Stoxx 50 Index as Volkswagen Loses Its Spot,Bloomberg.com,https://news.google.com/rss/articles/CBMitgFBVV95cUxPOFpGVTQ3MUN2b0lzcVNJc1NxZENjcmZCVFFOSVE4aG5wU1hZaENDaHY3NUdPemgxZG16R2gyWG54Q0J0UDgtRGxfYm5OTVF4TGpyQW9BclR0a2dYdklCRXpUQlpmTWlFWXRaWDNsZjY2VnF5QnlFNXVOVS1ITlF0aDA5anJBaEpNdlVYTFMwN1dvT2VqNVNIVWVOYVZlR204d0pnLWxoZWxIa2pkS2xDRnhySlo1dw?oc=5
2026-09-01 19:00:00,NOK,Nokia stock gains on Saudi Arabia R&D move and AI focus,ad-hoc-news.de,https://news.google.com/rss/articles/CBMivwFBVV95cUxQSkg1aXpNU1AxQmlRNmNjakdGakxMS0I3UG9CR0RRX1k1R3lrd3ZJTW02VWFOMGtvUVo5Zm1PR09LemViblVqYzhaRDVuU1hrT0toQW9DOTZ5VnktZjE2WlpCeUVIRkpGRWo1bEZXNjlBdVIyWl9mS3JOT1hsMjlIdHFfMUNsUFhrR3FtV1dubTBnRTR3czVnYnZ4aFNfR0xHQ1RSQ21QNGNyZW1nYXBhQ085dGJkQm9tUFo0aTZ5TQ?oc=5
2026-09-01 17:50:02,NOK,Progressive & Melodic Trance DJ Set | Sunset Session #5 Nokia Stock (Z0KKMBK9hB),Mshale,https://news.google.com/rss/articles/CBMiW0FVX3lxTFBHbF9yUmcyLUlhS2JFd1RvYnJmYTdZZWplczBQYWFJLXlwdEdMbkQxd1ZGRFRpajhpVmpvLV9OT1ZCYUJZTjVRUEZITmkzd2x0T0s1dlN4a2Zobnc?oc=5
2026-09-01 17:35:00,NOK,Nokia Stock Increases 135.8% in a Year: Should You Invest?,tradingview.com,https://news.google.com/rss/articles/CBMisAFBVV95cUxNWHhibzRHVG9GVDFIeklvak1RLVZrZHRhQmRsbVVMcWlBa3dkd3BpbmlVNzB5NFFGTE5FVk5jcFVpTWVtd2R3a1RpWkFCTEd3VjJSMEQwaHJseVRCR1JXYUU2aThWVm9CNGo1Y3hGc082UkJsRk16aDlrT2RocWtRMFlFc3RGRFd1cXRRTnlEUEtDbm9EWTc5N3F0dkV3RkdhNlZwbmtTTUZ4SkFjVDBoRw?oc=5
2026-09-01 17:35:00,NOK,Nokia Stock Increases 135.8% in a Year: Should You Invest?,Yahoo Finance,https://news.google.com/rss/articles/CBMilwFBVV95cUxQS1RETnJjR3RDdTlUOG1sdmJhUjF4cUNyeDF2RXFyQ2hzN0NyMVJKVUMtOHZpZWhPQlVYd1M5WkVUTldtRVFxalNZRm1XYWZkUExxOTgwbHpMVFAyYS1lYTRuUThwY3pzUmY2ZmstRlhtcHR3dUpfY1RrQzZBZVJvUUlEUXJLUkVQV25aMWRKR3JoZjJxcDY0?oc=5
2026-09-01 17:00:10,NOK,Nokia Stock Increases 135.8% in a Year: Should You Invest?,Zacks Investment Research,https://news.google.com/rss/articles/CBMimwFBVV95cUxOWGRwTnQ2UXMzTVYzV0tiSzlxQTR0amI0c2syUHJmQkRSU0NVVFZ2aXlhOVV5ZlZnZmdzaG9mMV8yc05jeU41ZGJpbXpSZTRvMGVySFhVSUNxVXRoWHEwMXhyUWtucmhIMmN6YjRSbjJ4OThVOGVjQktlamdreUYyYkgwNmNpMi10MWdKdW9YVGtKdlE5cFRBV04yUQ?oc=5
2026-09-01 15:01:56,NOK,Nokia Stock Falls 2.9% as €2.8 Billion AI Orders Face Conversion Test,TechStock²,https://news.google.com/rss/articles/CBMikwFBVV95cUxOdHhZZjJnNXQ0UGdSQzY0OUcxMmhsWXBPT3RJSUN6WjNlMG9YUUtNclp1QUFtUnY0Nzd5dm45MmlaTGZvaHh0d0tqTXNmOU83dlBZT3RJRHpLeVI0MXkzQmNJbnJjakExUEhCYjc3NldtVEhjckRJRXRVU2FTS0dkd1AwTHU1U0J6dVZjOUlYcENSYWs?oc=5
2026-09-01 14:12:31,NOK,NOK Looks 92.8% Overvalued on GF Value™,GuruFocus,https://news.google.com/rss/articles/CBMigAFBVV95cUxNdkt1aEl5dkdPcXZuaURGYlFkLUdCMXB6YjBMUlR5RWZ4Y2ZpaFRnOXZmc0czaUM5U0hxSEY2ZlNNZDRGQWFxVjJYOW5BM2dMMmhlVW45aGlRY0JqN0JMaDAyYm5rWXNtLTh3VVN4TWRlRkF0V1F3N0d2dTh1MExhMg?oc=5
2026-09-01 12:49:29,NOK,Nokia opens R&D network automation center in Saudi Arabia as kingdom continues to invest in AI,Seeking Alpha,https://news.google.com/rss/articles/CBMiygFBVV95cUxOZi1yeHFXa2ZyOXBIbHVLZkdnSGlyUVctNDkteWRsd1VXTXhJZ0Z6ZzhDM1kyQm5JTExkN3o1TzlsZURkRjUtaXl2ZFhPMng1MnRzajFSYklnN01WMWxCLURpaW8xMFlYX05qblJ3ZVYwSDBJZ2ZjVWI2UTZMN0RtdVNnLXcwRkZfSVJpN0Z5cDJaUGkyUmI1LXluTHdWbHFlaWQ3cGJhQVZXYTFZVjkzOTF4REpYMFFmams4S3V2WDZ3b0tqMmEyQXNB?oc=5
2026-09-01 12:48:12,NOK,NOK Looks 92.8% Overvalued on GF Value™ Amid Dividend Sustainabi,GuruFocus,https://news.google.com/rss/articles/CBMirwFBVV95cUxQWFk5VVFTVW56X1RzNFlTNkM2TmxMcXJtWmFPdnMwbmJ4Q0ZGbXBiM1hCVDdENTduR2g4b1VqdElxdmh2amNLRk42ZEJzdW51a2swSU9XczNyYmRrZGVHM2dyMU9HQ2hIRVBrcTAwMklNbk4xbzdIb1V5S1RRTEJCX2xkRmswN2thR3RQc29ZYVpTTlZXVVJBd0tTeFFNaVd3cHg2UTA4MGg3TjkxNVRj?oc=5
2026-09-01 12:11:06,NOK,Nokia opens new research and development center in Saudi Arabia to accelerate AI-powered network automation,Stock Titan,https://news.google.com/rss/articles/CBMivAFBVV95cUxOSTZtWmoyeDViTXZ3YmJuTlVKVFgzLS1JVnVsdVdDZVFPd1A1TC1paU9JTkJybHZ5VWJ4VE9UOGtNTHBnVnFncnYzNUNsNTBrZUJ4QkxZbXdDQU5mYXJ2SzZmWmJYZnRBY0tKb2drVkRQWlNvT0pOVGFXN096VkhyYnItcGU0bDcwdGZMcHhjWU93Y1hyb2hFb3VMOW1HTEVTUzYwTUhBc2Q0eFh5TXJEeGdYQy00WHFwUldoVg?oc=5
2026-09-01 11:59:40,NOK,The Hidden AI Stock Nobody Is Talking About: Nokia Stock Analysis Delta Goodrem (L7HotR4h8g),Mshale,https://news.google.com/rss/articles/CBMiW0FVX3lxTFBkSlJtQlZXZWJidnZXT3F0Q1F3Nmk2Y1ZxbjZkaXlpc1B2ZjZXNFVVVXE5Sk5uMEhncnlyd3pxUnFkWlp4bVc4VXVUWnZHamFHLVlEdTlsWW5pOTg?oc=5
2026-09-01 11:33:00,NOK,Can Nokia (NYSE:NOK) Ride AI-Native Networks Back Into the Spotlight?,Kalkine Media,https://news.google.com/rss/articles/CBMiqgFBVV95cUxOVm9fVUtPa2ZuUENMOTZCa1Z0cTJfZ2tfUlRPWEVqczdfME1RNnQ1czF3a1JqVndkNWhncUFjamdCa0U3dF92SjM5WnM0Z0dpWDlUWkllMFJtblFZeGYwVzNDN1JMR3pMdGxmYVVIOXYxUU5McU1jMkFnZ0U0aHU3bmdVNzRBU2dfbXFHNDFzUmplbWxGSV9HXzY2LWlzUS01QWhVOElRYURCZw?oc=5
2026-09-01 10:45:10,NOK,Techstep Named Sole Supplier for NOK 800m Norwegian Government Mobile Device Deal,TipRanks,https://news.google.com/rss/articles/CBMizgFBVV95cUxPNmpVSnMwczYxbTEyOUV6MzZaYktDbHhONUNFT1I4N1FIUzdMYXZSTTYyVGxPcm9yY3U4QkpKUFN3X2F5MmpkRlVaVzJPUThhX2JjdTl4Q1ItRnFPbW0wMlZPUzBDRzE4b09XRkNGQ25iMGNCbEt1YVdjRktjX0FYd1poelUzMm5mWkVWTkJ6d3ppbEQwd0d6MnhPLWlwRlFNaWFUX3g0cUF3U0tLYXJ6cHY3Y0R4NDQzNFdlTTVnWmsxSHNxVXR2VW52ZHM3UQ?oc=5
2026-09-01 10:35:09,NOK,Celestial Acquisition terminates combination agreement with Nokia,TipRanks,https://news.google.com/rss/articles/CBMitgFBVV95cUxNMmFRT0FvSmk1UDFjaHJKNEJReVJSZVNDSl8wWDZNaDBqSjc1aTN3TVJEM2xsVnRyZmtMVjRyUGEyaUF6bWJFOTNqNVlpQnBqQl82amtpb1AtN0ZUU3RxOHpQUy11ZzVscVJMTkd2OF8zTnliamtjS21TdUNBaGo0WFdTNXdxZTRHOGJtNHh1clJSTTZwY2ppZ1BaLXJaSnM2a0JtMFR5dlhnOXlHQW11aFNDWHZyUQ?oc=5
2026-09-01 10:19:41,NOK,NOK Looks 92.8% Overvalued on GF Value™,GuruFocus,https://news.google.com/rss/articles/CBMigAFBVV95cUxNQTNQUVBtUmZtUHFCb21tVXdDOW9hay1tc0VCNmp5QTNoblRrbjFNTkNHb0dBdkUxendpaGYxRkNLelBFS0gzbF9SNVJ6a0FmdkI0b3NRT2wwZWhoV0N0X0FjS0FQX3RDVjdfbzRwSC1nZ1lnWW9WWXlpaVBJTTYzXw?oc=5
2026-09-01 09:28:44,NOK,Skanska Wins NOK 392M Contract for New Rikshospitalet Utility Plant in Oslo,TipRanks,https://news.google.com/rss/articles/CBMixgFBVV95cUxPWEEwdV9FQjRsMGh3Nld3Q3hjRl84b0dTUmhHcXN5VVBZZzBTUzV3a2NUeUhvZ1BPNWlsUGRhRThqLUd5WW9neDFNR2dULTk4LUFqU2k0LTFBRWp3NUlSUlFVNHZvdWNfbXh0OTBJZXViQjRNV3J2UVE2MVJ3YWxrZzhjRW9OaFZ1NDBhOHdSYzZyTHlOQU5DWlhDSFhVVEFOak4zUDBGcEhFQXFwUmV3a05Ub2NlR1BXZDd4aUZLTE5uY1l6Smc?oc=5
2026-09-01 07:05:13,NOK,MPCES: Ex distribution NOK 12.1867 today,marketscreener.com,https://news.google.com/rss/articles/CBMilwFBVV95cUxPcHdDa19CclI3YTYyYWJuekpzOXNoRjRyTzRQS0FhTHc3ay1sS2ZNdlFjU19zdGVaODY1ekRiU0RHcEpSaDlMb1VmM1ZPOFVCNEtKUmFvMzFoeWQwN1ByTFRSUmZ3b2xqdXJybU5manAwOHdGXzJ5blZib29LajUtOU1mVVZBc3NUSmtnTTBwZ2JPeWs5QlJ3?oc=5
2026-09-01 07:00:00,NOK,Nokia opens R&D center in Saudi Arabia for AI network automation By Investing.com,Investing.com South Africa,https://news.google.com/rss/articles/CBMiwgFBVV95cUxNbG1laXloaFFBc0lZTi1UTlFOYnBaT3ZZY0ZpS3VYc0wxSllQQlUyOTVCYk5qRlk2ODBnTWFjdzhBN3ZHcVdsWVM2OUdHQTV0dlVFTUhacEhvVmxPZmV2ejdic3ctTFZ1dzN5TUdSN0tseFRlTjh5anBaREY2T3gxVmRPN0VSY0xCZkdVSHpEU0tzNFZPam5rS1FoenFQX1ktQzU4aXh2YTJIMmIteWw3cUJ1dk9RODNmaWpCeUk1NDNwZw?oc=5
2026-09-01 06:50:23,NOK,"SB1 Markets downgrades Atea to neutral (buy), target price NOK 180 (175)",marketscreener.com,https://news.google.com/rss/articles/CBMivAFBVV95cUxON2dKaGF4SjdnN3RFZUtmVUx5cGw3NWVjN1NFdlZ2dU5JZF9KRTVJNlhmcGZ5aTE1ODdTaEV0WHdUN0JMMG90VFZrLTh5emxrWVZtSDVYaUVNajdsbGQ0M1JUdlBrUWY4b1NZd1hhZXJJRFZOR1RqMU95ZUxiT1VvWGFhemViTmFNUkplSHRKQm1jUTIxRDV4ZWVnMVhtRHBCLTA5dklJVlRicHZLX2dsakt4RHdON01RYkwySA?oc=5
2026-09-01 06:01:43,NOK,Capital Tankers Corp. – Board of Directors declares dividend of NOK 3.00 per share,marketscreener.com,https://news.google.com/rss/articles/CBMizwFBVV95cUxPQ21PRDNDX0xSS2JJTHMxMDJjVzVTRDNaREd5clZKTHQ5SGhyNWExcEtfN05XdWhnS3R2MTVSdDZGTEQ4Rkw2U1NPVGM0cWJIa183dWItc000VHEwNmpvMjczZnNUUk9HSjBHYjNRTjlDRkYwbm9zeXhKWFRBMGZBSUI3RnNINTd0U0gxZGl3Y0UxQklLY2xKLVo2N2EyUjhCd1M2aHl0amYzd2w5R0dMQVpPcC1IaHI4MVJ6c3FOU0Fqczh1Y1BJamdldW1sdGM?oc=5
2026-09-01 06:00:00,NOK,Capital Tankers Corp. – Board of Directors declares dividend of NOK 3.00 per share,TradingView,https://news.google.com/rss/articles/CBMi3gFBVV95cUxPVGhpUEJxYkFhbWh1N3J5bUhFQUZwOWlhVGFseEEyNDNIa2NEX0NndVFqV09PX014WkxybnhIZ1VaRmNpZ29sQUNfZ2M1dVI2c0E0M0tZeE5KZEFYdmowMnYxTUZYU3gxbjJRUzdOcGZDdHRPNWxVOUFqR1k5MF9NNTNpWEZYaDR3bzBVR2JlSWppWVhTTXZXb3VOWjZIdFJ5eWxITWlQdDRaV3h1V2Q5U3h6Q0IxTnBmQm5TX3dSN3h6Y3hlXzgzeVl2RGlXOFozSW1FU0ljUzJZd3hlMFE?oc=5
2026-09-01 03:54:13,NOK,where are you going ? $Nokia Oyj (NOK.US)$,Moomoo,https://news.google.com/rss/articles/CBMi5gJBVV95cUxNLVgxdWFsdnlmSWVaRnVTRlYxZ2ZRME05ODNOWnBjeWZpSUJ4QVZ6NktrQ2tEZ3VZeDJSUFN2UVo1MWZSaEhINHR3RXF3UGY3YU02X1hVQXdyY1lpOUFCX2RwWFNfWXA2cFdROHRYR0lfemd6bkxfVlh4Zy1mb25NajlfNXJfaUw5QWhhSnE4MWVjdTdiLUdHNExPbUpsVnp6dl9Cc2tNTk15aDZGNzltc2JxdTFWWHVnbzJOUWZDYU4zcWZXNWJZdXBkOUJCVWJkQVVHRUtVNFNmRmI5LTAwS2FoSkZscUNqeFJobG5fT2tBQ3ctRGNhNWZHNnlOQzJaRjh3MjNlc19kR2pFV0hsLWp5Rlh0Yl9UbGd3Ung1SVlnSGE1U2VnekZJdlJUUDVuelUtWUxVakF5eWZBTlRPcVpqSEZpcV9kc0ZqRHljZ1BEdFhLQzR0SHJwcDNSUzR2Mk5XZlJB?oc=5
2026-08-31 18:06:23,NOK,Nokia stock surges on AI networking demand and holds above $10,AD HOC NEWS,https://news.google.com/rss/articles/CBMiwgFBVV95cUxNNlE3WC1KMDhKRWdnYnNQME5RNlhibXVZMzg3MTlzdjl4WWdIUTZxQVpMYjhLV1VyTVdtZGRvQjZVc1RJUmxkbjFWLU5jb0lUbnl5V1lzWU1Gc0tVSi1FWGswWUpvbldkTmdOZ1VwbVJITDZCb1IzdVlEOWRZYVZJanBpVUUyZnZjOUg0eXIzYjdDSHNMQ1kzVnJqZVVhUXVhb3YtZWNDUXRscVlwQTJHUXZGNEFBMUdEN2t0bllnaHRLQQ?oc=5
2026-08-31 17:34:33,NOK,Nokia Corporation - NOK Stock Chart Technical Analysis For 10-24-2019 Polestar 4 (hYzP9vll1B),mshale.com,https://news.google.com/rss/articles/CBMiW0FVX3lxTE5xLXhrMGVLRldLYWRpNEdjNGhRS0xyZFRPZ0ROXzhrRFljZnZVMjhwb3JmdnNYZEd2bGctYk1tYUJXZkZoLVNwSk4yeExXcEREcUZsaV96dVdidWM?oc=5
2026-08-31 17:06:16,NOK,Nokia Oyj (HLSE:NOKIA) Following Strong Q2 And AI Demand Is It A Bargain,Yahoo Finance,https://news.google.com/rss/articles/CBMimwFBVV95cUxQNVgzNHJsVXFKSEJ4YmwxNzN1dUdRUmEzVlotbWxjS3pqM0Fxc2NBeTZldkZCS3ZHOEVwbGxoQW9JTU5MSmRCZUdjalMzcS1aaHl2d2N1dTVSSG05SHlPSEdFMGM3Qi12RmdpN2ZmMGQ1RVBiNVJTWVJFTzBrQ1BVbkxzbVhuTGI2d01IejBIQldDLTB3eV9WVVh5RQ?oc=5
2026-08-31 13:25:14,NOK,DANIEL ADONGO NOW - SEE SAD TRANSFORMATION Nokia Stock (yFftBB56Hh),Mshale,https://news.google.com/rss/articles/CBMiW0FVX3lxTFBtNE9XUWt6RnVBSTFDc3FITFI4V3puWDBEYzE5UG5uT2NaaTRGYTVHZ2FadEhUQVZPRUFnVUtnTUNvbjFPeDNfVFpqNmJTa0ZDaXRuY1NBdzQ5WnM?oc=5
2026-08-31 13:02:38,NOK,Nokia's China Wind-Down: A €800 Million Bet on the AI Future,AD HOC NEWS,https://news.google.com/rss/articles/CBMiygFBVV95cUxPUDJmUWpUN1Z6NHdlZVJWWndmVnNSemIydVlGTlpVUU5BZ1VUd0NQeUxzN0s0dnhGRXM1MHNlU1BxTjIxMGpiUlFrclNvNFhFN3RJMEtFZVA2elFtZV8yck55Q3QxNTlKcUctemYxajlXNXZHaEwta044RXVlSmJLMnpzV3E5czB3MGFlMmlwejdfdm5ueE5sQ0tBalI3cndldExCNmtvSXZXaHZDUVRKQTlWVmo4S29jRTNJUHZNVDlGOGVnbkdWMHFB?oc=5
2026-08-31 12:31:55,NOK,Why is Nokia stock surging today? By Investing.com,Investing.com Nigeria,https://news.google.com/rss/articles/CBMimAFBVV95cUxNZ3RuVHdiYXcyMVhkVDN0cWN1NWtXZ1k3UWhHRVJTWVRyX3MzQUNZYzJlMXZZNXNkQXhGaWhxZGpjQlZRRUxGS2JCemc0YzNZN09DR2FaSGVFMTVsOGJQUWdhak5vak10eWRrYzBvLW1pWVc4WW1haEh3aE16UEVIblJIZ3MtMVU4Rm9ULTRBUERpNUNHaVVDMA?oc=5
2026-08-31 12:30:17,NOK,The Ancient DNA Secret The Romans Couldn’t Destroy Nokia Stock (3n3Zwq8uGJ),Mshale,https://news.google.com/rss/articles/CBMiYEFVX3lxTE9YWXhIRThsek9RdDRvdVc0SXVJLWdXN2c4Mi1JUXBaTUpseGZQbVBDU0Q3bExBZGFBN0NPQXlZNnU0YTVuWGE1YU91S1d3Qm02bEM0T2NHb1lGbU1Xc3hydg?oc=5
2026-08-31 10:46:42,NOK,Vend Marketplaces Boosts Treasury Holdings with Ongoing NOK 2bn Share Buyback,TipRanks,https://news.google.com/rss/articles/CBMiyAFBVV95cUxOZURKekNrbkNaa09iTjZUc09RdlBZaktQUXc1aXlIT25wUTBGMW1vSFZheTZsRHBNMnRlVmtsZVU1dFlQTTJLTHU3MlBXNkhGM2M2M1dsVXIteW5JTVkzdlNKTkhmaDNZbFpmMDVSbDZIQWh4b3RTRHVoVkNGeHNiY1QwUmlfWWNwZV9EZFBLZzdzbzlibDZsZkVsczlNZUdrbUlQdWZQYjZadHgzUVg2T1ZlUzB3amxBdWoybEpCV295OEJqU2IwSw?oc=5
2026-08-31 09:20:27,NOK,Nvidia's Quiet Nokia Stake Adds Fuel to a Turnaround Already Gaining Momentum,AD HOC NEWS,https://news.google.com/rss/articles/CBMi1wFBVV95cUxQTThXeTd5VGV6VEFHdUR0TGpscXctSHVUb0xUTElvZjdpMzI1bmd0SGZFamNPOXZMLWloVnA4NXVBMUFzYkxYclFoWFg0UTBLdk9xd3BsZXVBZTgwSmVUWVp4RWV5eXl5R3V6ZWp4Ulo0NkdaS0tXVzJ3UF9KM28zcUlVZmZSZ2JULV81cFdBTlVQWl9jcE1JQ0ltMnBBUlIta2VaU0pRYlNHVTB1eTgta1FNNERzbThBLWp0eXEwSm93T3hCeDJtenFpeW0xRmg2dWlZTmJKVQ?oc=5
2026-08-31 08:51:02,NOK,"Nokia shares slip 3.6% following €732 million cash burn, raising questions over AI-cloud strategy",TechStock²,https://news.google.com/rss/articles/CBMilAFBVV95cUxNTWxEdkw2TmxIZGpvUFhwZzJEek05NHA3ZG5JY0g3X3pPX0RhMmtqN2VBMDJKMjN3RTgxaHFEUTFBNFJMc3RFN21uUFN3ZHZfS2lLaUlzTGtJQ3ZwZUllN2dqVEc5Y1NJTkJFVHIxbU9rSlBNOWNYZ2pyZklLNEVfcFkzZ3RFeS1tYzNXV0tzX3p0WWo3?oc=5
2026-08-31 08:16:51,NOK,Flames X Ryan Garcia X Oblivion Mexico Watch Party! Nokia Stock (cgCCOq5VBH),Mshale,https://news.google.com/rss/articles/CBMiYEFVX3lxTE5hTzE5M2l2RlhBX0NlWjA2R1laRVhxMi1XaS16VnZvN1BqRHI4YnExYTdSanBCd0RyendIUW4xMXJOMzcwaXpsZGNjV2VJcG1QbTBOSUI5bDNsSjRnQlI4MA?oc=5
2026-08-31 07:55:41,NOK,DNB Bank Tightens Capital Structure With NOK 4.8bn Share Buyback,TipRanks,https://news.google.com/rss/articles/CBMitwFBVV95cUxNMkNHRFNjdlVWSXN4QWdWWDk1MzdjZUpCWUpVbHN0OW1wUHVpYVFRdzZQTVVTeWJTNGY2eUZobXRWLVZ5ejluQkNYQlRTbzBuMjZ3WEQ2RUktUnc2bW5jWG1WSXRvQ2dJRWZQSWhSNEtPZEdIUEotV1VjQ0tzYmtuNWdDM0piaUNva0xPV2dsbmhwQWkzcFRSaUZoMXQ5RERKclZ5NmhfaUxTSXVJSHlTWmJzMHpIZDQ?oc=5
2026-08-31 06:56:11,NOK,Skanska Invests NOK 270 Million in Second Phase of Trondheim Housing Project,TipRanks,https://news.google.com/rss/articles/CBMixwFBVV95cUxOV2VpaUgwRmh5Smk1ajV1X0tsOFM5SElKZmZWaVk0TDU2WVVYWEhDYzNTQ1RPUWtFVktPR25acGdvcUJHbGVRS0J6ajdFV1pZaDJLZE9CdVNRbGZXZk1XZzZXbTk3SUhjMURBd25RVGVLQnNsdmZUdXd4bVBHdjhhbjJTMDBkdGZBVEMyMFROMEFiLU5aa0h4UWI1YXFsbjJsMHdubXRjWTctOUh5Y2xaSmJwb2d1UTcyanhKT2xqUEs0TDNZT2hN?oc=5
2026-08-31 05:44:24,NOK,Telenor Lifts Treasury Holdings as Share Buyback Nears NOK 1.22 Billion,TipRanks,https://news.google.com/rss/articles/CBMiwAFBVV95cUxNVnlTemQtZEYySmJKSFZUVm5iWjEwQXZPeFB4azBQWXZmbjd6OE9DYmdka1NtYTFBV0ZTVnF2RVFaVDdDck14dldyT1plTUtXZUZwcUQwZlYtMjA3RU9SWTJpVXFxUEhxTnNRUGZzQVprdHhWUEFhb010RnpYZk54Z2lqSWc3RmtSQ1BzU0wwSEZBMTdreWxLaXZrbXZfYmUzX3NfdXFmel85R3FEYi1tSWNmQU9NOVFyTzJDa0RjbGo?oc=5
2026-08-31 05:14:00,NOK,Weekly Recap: Wisting approval by end-2027 and SB1 downgrade to 365 NOK,TradingView,https://news.google.com/rss/articles/CBMizAFBVV95cUxQWFNXaG5wbU0yaE51Wkp2RGI0TjUtV1lxMzN6ZUhja0xmOWs5cWItV0NDWHE1SnZjWnJqd25waDl4dkVaa2FUbmNEUkM0UnY4ZFhGZDUxV1J1cTBuaGdzWm9fZ3VTcWE1VzJhczVUMlowT2dDamVobGEwZHhSQ0tCc2hEMGRXQmtZUnBScEl6V3VXMWdVUTZnZ2tWWU1JRjFiVjladmJUbjNRTXZzRlRwQndrbFptR2JrX0xLUWphN2JfMzhSTkRJTWJYdW4?oc=5
2026-08-31 01:41:21,NOK,Prehistoric Animals Being Recreated From Ancient DNA! Nokia Stock (RrtCBvuZTi),Mshale,https://news.google.com/rss/articles/CBMiYEFVX3lxTE1SNHd4el92MkhnZzd1MnFOT3dxS2Z2VFdKbzlxUmp3MjlJQ2oxZmNVclkyVEJRZHQ1Z1NGX2liQy03dEpZLXozbkZXVEFlc0htaDR0d3FqM214SHlTejJzcQ?oc=5
2026-08-30 17:56:15,NOK,MASSIVE Aaron Donald Update From Sean McVay At Rams Training Camp! Nokia Stock (OvFGpz7ToK),Mshale,https://news.google.com/rss/articles/CBMiW0FVX3lxTE9pUTVjR1lGMFNiRGkxTHFGT28yNzRFM0VOb0lYSjI4blhCTy1KeEkzRHkxZVBMX3l2SmdvWEprdk5YaS1hM2NsVTlUai1JRUNnaWw3aldjOGMtS1U?oc=5
2026-08-30 17:01:16,NOK,Nokia's China Exit Gets Costlier as the Finnish Group Doubles Down on Core Strengths,AD HOC NEWS,https://news.google.com/rss/articles/CBMi3wFBVV95cUxQc2FIS1BEVk1IbGhnTjk0Y0JYX2c0TTVKSmYxRnZUOGV6NFVNSVU1OEI1Z1JwS3NKdUFleVQ1QjRfZkcxUHRwOHZGQzl4RUI4RE1KdWJrRkUzbVVPMUlNWHlKUlZLMUY5TnBHR19MUnJsNF9hTURhcmJqS2pUVno4YU5XX2xMUzV4UUQ4aHgwWlpCd2FYeElIUy0tWTBLWkk1b20teE1vMlY0OEFZUEFKWDBvdWpuQ2NhN1RoZTNNSGM3MEdoN0Q2cFk5S2c0OHZOV1p4VTJlQzhHV0xiMzJJ?oc=5
2026-08-30 16:42:33,NOK,"Nokia Shares Drop 3.6%, Wiping Out $2.2 Billion as Rate Concerns Pressure 26x Earnings Multiple",TechStock²,https://news.google.com/rss/articles/CBMimgFBVV95cUxNelNpMGJ6SzBERXJYWnR1TFlhQnJhMzRmMkVTendiNXJFaTA2VGFydjVaYmtndGpGV3NCYVJWVWFOUW5xVFA1andJNkpUSXZxS1d1d3hKMGZkVGFjZkFyQXNnUjBJMlp5SldtSE5OWEwycVFPTjQwOFlCWWJLaHlnTUNhQXh4QTRsNWhkR0ZrMVRva2kxbi1fNUdB?oc=5
2026-08-30 10:15:32,NOK,Culture Club Live 2016 Nokia Stock (bfNeUtNKMe),Mshale,https://news.google.com/rss/articles/CBMiW0FVX3lxTE5FRlR0VFFpaWFWWUwyYzU5aTg4T1dkdjE5Y1lRajlwM1BMejdYU0cxOERqQXVUZlRRSldobGZpS1FZVVQ1UU5GWnRWS3Vhbkc1VEtMRmt1NDQyNGc?oc=5
2026-08-30 09:55:42,NOK,Best Of De La Cérémonie De Remise Des Diplômes - 5ème Promotion Nokia Stock (ACmdzhguOJ),Mshale,https://news.google.com/rss/articles/CBMiW0FVX3lxTE5ORms5aTlNb1FVd1lFTE9yVU9oWnJ3Mklpd3U0WWJFbk9zVEMyaDNPRlpZY0QwWDlreWF0N3ZXejdjS1l4ZzhmdWxweU1WSzg1V0hsSnBoeHBvcUU?oc=5
2026-08-30 08:31:46,NOK,"Nokia Oyj (NOK) Dropped, So What Is Driving Attention Now?",simplywall.st,https://news.google.com/rss/articles/CBMiuwFBVV95cUxPWTRhYUFuU3BkN2FGZXNtMFBKeUlIYkZqZGh0MVhBUlBPRGV2R1RTUGpyNnlQWkVVS3U2VU5PTmJZTzlxWGp1X2QzMjhvVUpfVTFoTFAzc0ZKdURySG5RRE5sNTE5VTZyVzlPOU9xb1B1Z0pjaHVvWFd0bFVSb085WW50ZzZ5bW4yZnhnMlgwaWdZenh2N1NYZzdtdHJJcXdBaU0tUDNkWGVPS2xWVXp3Uy0xN2Z2RnBFN2Q40gG7AUFVX3lxTE9ZNGFhQW5TcGQ3YUZlc20wUEp5SUhiRmpkaHQxWEFSUE9EZXZHVFNQanI2eVBaRVVLdTZVTk9OYllPOXFYanVfZDMyOG9VSl9VMWhMUDNzRkp1RHJIblFETmw1MTlVNnJXOU85T3FvUHVnSmNodW9YV3RsVVJvTzlZbnRnNnltbjJmeGcyWDBpZ1l6eHY3U1hnN210cklxd0FpTS1QM2RYZU9LbFZVendTLTE3ZnZGcEU3ZDg?oc=5
2026-08-30 08:31:45,NOK,"Nokia Oyj (NOK) Dropped, So What Is Driving Attention Now?",simplywall.st,https://news.google.com/rss/articles/CBMitgFBVV95cUxOandKSllZMzhmVF8wX0VwX2VVS2FSdl9tUGRJM0JGQjVlT0UtUk5zWkRIMlMzMUE4Yy12UmZTS3Z2czBRd0gtQkxubEJVMi1xTWpwd1FEUE5aTV83NEhxWHpLOTYzR1ZEX0c0YVc5NHdtZWdfdmxYLXdfazJxT3A4VzJqSFZ4VmJ4ZUwzRnozbHlWQ2w1anJUanFiUzR3a0hoLWpQQ2tKdlJJamNQZ2lEX0I0MzFoQdIBuwFBVV95cUxPWTRhYUFuU3BkN2FGZXNtMFBKeUlIYkZqZGh0MVhBUlBPRGV2R1RTUGpyNnlQWkVVS3U2VU5PTmJZTzlxWGp1X2QzMjhvVUpfVTFoTFAzc0ZKdURySG5RRE5sNTE5VTZyVzlPOU9xb1B1Z0pjaHVvWFd0bFVSb085WW50ZzZ5bW4yZnhnMlgwaWdZenh2N1NYZzdtdHJJcXdBaU0tUDNkWGVPS2xWVXp3Uy0xN2Z2RnBFN2Q4?oc=5
2026-08-30 01:51:26,NOK,Nokia's Week of Contrasts: A Texas Legal Victory Overshadowed by a Costly China Wind-Down,AD HOC NEWS,https://news.google.com/rss/articles/CBMi3AFBVV95cUxOV3VlTXdKQjZfQzgyTU9PVXlVdHBfYUxKZW1LM0kzMWcySVUxNkxtcUlORU9sd25PZFVjbU1tOWFFVW1IY3VNVXRoMFRNdnhocGZack5nOFNlLVBnRldzM3RUZFEwUDlsMEEwYUprM1FIcnl0U1ZhZkpocVBzMlJ6M1pfZEFHVzFTMGpWekxiWFlvX0hCa0N6a0I2S3ZzWkhXRmh0ajVtdEIteGpsOEhFbFlVenlfcHlyaVNhUzh4T01vVUhNVTV6dklJcVRzdmJKN0ZyUlg4cUlIblg1?oc=5
2026-08-29 20:21:18,NOK,Nokia Stock And 2 Quality Large Caps for Calmer Markets,simplywall.st,https://news.google.com/rss/articles/CBMiwgFBVV95cUxQQnZVc203a1U3ZTIyWXpxQ3NvMjlVRDhCUjZIN2J1dG14MzF3UFhiVThqZ0d4dnVVaFgwWlVvT2dFSnA5WmtGTUxOWTZCNElmdDR3V0JxLUFhVTl0SThXSHV1ZFlLTG1sbU9ubHFQN2RvVEphVFpzUVZ1OXliQl9vNGVxNVJfVFJWRk16QmtobTY3ZHZuTVNYeDVYRmw5RHJ0aXpMOXcwNXJ6SGlwNkExWEVTUU5vb3oyOWtQNElBVjZXQdIBxwFBVV95cUxQUDh6Q3dyRlpRd2M5WXV2bVM1eXdHZlJ0NF9aM2FZajdyd01RMmtPVkFrSnUyM1ZudFFKOFluYkRJWDFmdDMtTlZ0V0xXRUx1cTRNMzctQ3hUdkw0Q0pBNEdEb3VsbC1IMzR4eVhhY2ppVW1DZm1PSW1VTUNEOEhaOC1wLXBLRXNkem5BRnRzTGoyOFpKM0g1RWlxUHplVVZZWFZkdW10ZmFSbnNmVHNrME1QWnI4ZF83U0JjY2dSdUFua2lMLTln?oc=5
2026-08-29 20:01:00,NOK,"Nokia Shares Drop 3.6% Despite Doubling AI Revenue, Profit Slumps",TechStock²,https://news.google.com/rss/articles/CBMingFBVV95cUxNRm9FU0xxRjFSQVZETHYtbE1PTndmRjEyblBzcFNPWEp4TXRVQXIwbGwzUGdIc3BjUlk5aFkxQ25hWHVmMXlPcThuaW5qTUJwT3licHN6Qzhzd0Yya0FMLWRqdWdHbHFGWFJqeVhTQVpSRldLS0ZKQ3VwSkR2aXNYdmdqVEdTM0RLS1VMR0lnSENUSFVGc0MwVHpLS184QQ?oc=5
2026-08-29 17:29:10,NOK,"Nokia Corp (NOK) News, Articles, Events & Latest Updates",Stocktwits,https://news.google.com/rss/articles/CBMiT0FVX3lxTFBJTWk5MHdmNFJxdzVVTXItQWtCV0tVRy10MjREV0gyY2Z2UlZLSDBiSnFSR056eWlINnJSNzFKR1R1a3VJSVc3UWJpWXRSUGc?oc=5
2026-08-29 11:08:26,NOK,Nokia stock pulls back after strong AI and cloud-driven rally,AD HOC NEWS,https://news.google.com/rss/articles/CBMiwgFBVV95cUxQbERwdEJ2V0VLSGJIX1ZVcmEtZXBmUmdLSWh4ZTJqNEJqc3RTdUV2SVRaREtqcUpfdUs2bWp3a3pGLU9rRklUUXY5UlRQMlFmS1F6S2RqRGlfZ3VGSS14eVdJbjF2SFlJWFhYZThzeFZsSERnNU1vcmI2U3FQVHhENU1LZVFsaWt4cUI0cU4xN3QxZE80VTdPNm1fcHJQTllpVmFTMzBsTTZLeWJ1eU02V2k2WDV4dHNoX01sRkRmaEI1UQ?oc=5
2026-08-29 11:07:20,NOK,Why Is Red Dead Redemption A Masterpiece?! Nokia Stock (k3WjqQZ1Hj),Mshale,https://news.google.com/rss/articles/CBMiW0FVX3lxTFBHbFQ3QkQ4MldneW9qZnVrYlh3dFZRb3l6RUlqVFhoMWpLRk1HWDF1S2pIZGdWekJES1NqdC1mNFpOLTlvNDdORU9iZGlSck45MnNybXhrRVBKUlU?oc=5
2026-08-29 09:43:15,NOK,SalMar Completes NOK 56 Million Share Buyback Programme,TipRanks,https://news.google.com/rss/articles/CBMiqwFBVV95cUxObDZMUm54YVdDanJIeGJSbHM4M2htdWFYbjlfXzVYckJiYTJFazZHWmFqVTY3NzViLXBYYTU0WDQ2ekl3dzN3VUJGVjBNZ2tOYzdPbWdsdTJXMVdFcnVTVFgzQ21WNnRicnhpNTAyd2NIa2I3amZ1Smg5bW4zMUplaWFOeWQ4OUVYQUFkd010Mzk5dDU2WlFacFFkYlQ0MEZtck1jREprcFRRVEk?oc=5
2026-08-29 08:17:56,NOK,Veidekke (OB:VEI) Could Be 8% Undervalued Following NOK 212 Million Contract Win,simplywall.st,https://news.google.com/rss/articles/CBMizwFBVV95cUxNQ1BVRXE5T3AyTlBMb2Zrc2dreHAxTjJwQ2lxQVZtX0I3VnZlNm9sb01lZFI3MkZJLVZtWU5zSnBhRWV1YUoxY1ZZTWFmX1hNTTBhc19pVTlQSDk2ZGRsYk9MbHlsMThYczY3Z0RON2FaU0tteG0zdlpEVG5mVVNUT0xvSVdZVnNZVnNCcXR6U3J5SmxUaEFRQmhnMWtaUHhaNlJnTldIdmtMbE9WTklJSkxiTUpuY0dNdDFERkF3bjQ2blRWSnd2WDBHLW5zNEXSAdQBQVVfeXFMTkRoQzJsLXJyZm9sdzRLMHJUSGZIUmpGRWJRdjY5MUZFQUMweV83bE5tLUtnWlJwZF9aVGpKVEsyY1pvWi1uS1VIMWY2VlFiUFo5cTZLb01Ba3FSaXFBcUtRVjBtV1Z3VWJvbG40b3RjbmNKVW10OFpkZTJGaC1selBOWHFya1VYUVQyLXpZQWEwUFZJR2QtN1AxNEMweW1jdXRHNzBVWV9WOHNOd0VXVTJMN0hEVHYwQVhEcG9scVItZXBQa0M1UTMtMmpQTlpkZjJnRWw?oc=5
2026-08-29 07:17:43,NOK,Nokia shares fall 3.6% as AI order book puts pressure on cash flow,TechStock²,https://news.google.com/rss/articles/CBMijgFBVV95cUxQd2hpUTRpR3NzbWJtZUNCbWwyYVhBSU55QThpS1lUMFViX2hYMms2WlNraXRTRU11aXlyX2hOWDVGaEpva3JXY0V0S1Y1aTFMcHhKbUpCNzNqNlA5TzQ2ZWhndDU3ZTVabkJsOGtJUHQ5aG1nQ3ppd1YteWRCWHNNRDhFeFZNZ2VDeklReVN3?oc=5
2026-08-29 07:00:00,NOK,$Nokia Oyj (NOK.US)$,Moomoo,https://news.google.com/rss/articles/CBMiekFVX3lxTFB0aHhodlRYY2M3Nm80S2VLQ2xoMUpqRnZQS1hGZmQ2VDRyVlBjek5oaXYySnYtTmg2Y1NDazkxb0tUN2Z5OGdxMk9HVkliNVVYR1MxTmhfN1hsOWZhR2pSZnctY1E0Z2ViSE9zVnNUaFhQakpVWDJZaXhn?oc=5
2026-08-29 01:00:21,NOK,NOK Rally Fizzles? Stock Drops Premarket After 27% AI-Fueled Earnings Surge,Stocktwits,https://news.google.com/rss/articles/CBMi0wFBVV95cUxNaFlWMGdFTi1wV0hmSlNVQWMtVFh5TXlVNW9vb2huekVFcWpRYnJSZVptYlZtMEN3T1JkcEdWZUNzR3dJYUQ3eWM5VkNseWJnX21kZUFvNVJ4TU85QzN3c1ZDNndIVWhVVlRYaElqNGFjQTI0WG03bjZoME5UT19icEQ2bFZKQ0o3WDJub2g0d3pVNHhyWUg0eDdabmlkbksyOEE3MEswSllQbFRjT09xdHJpWU1QLXFhSi0xZGJPaENrdm04TmxwZjlFbTVaOUI1ZVhz?oc=5
2026-08-29 00:45:05,NOK,Nokia Oyj (HLSE:NOKIA) Bets On 5G And AI As Valuation Debate Heats Up,simplywall.st,https://news.google.com/rss/articles/CBMiyAFBVV95cUxObVlYUURvYWxQMHNCS3VhWl84RjhaTXR4MlZ5RjBIa1FoSjhvNkJfemJHTmtFNUFDMXA3TGJiZmlIeHh0QnRNVENMTXV6cjlmdC1HNVBmZzNMcXc0c1gtX2RIbTV5RkZZaTI4NUhOTVdEaG5QVFBmbTNtQUpTZDhiYVhSR1lmbU9xMUlOUWI0c0FuZGhINnJRdVBvelRfU19MdWltZUpjQkhYcTc4UTZGclVPendUMTFKeE53b2l6WWUwZVBSMVR3d9IBzgFBVV95cUxPOEhVZG56T3FDM3pHYU1mbVd2RmdaQXc0aWdVTEQ0cUs0V2tDTHpGODRPRERzcE5NZjl1c09UWWRVTGNnYllwWHUxVmwwYmpyYm9wX1BJU293cmZ5eG80WW8tWTBjS2IzTHRqS0JPeFExU3RyZzNmOVJCdF9lVktWTXhUc01XdldGU3dLX2I2WjhYU3pqNl9tSlpnVU5lbWxXVGhqQkltejlBLUw0Y0N0VkFkZDBZb2JRYTdmWk8yam9wRDlLOXg4WUl5cU1XQQ?oc=5
2026-08-28 21:41:10,NOK,A Look at Nokia Oyj (NOK) After 3.6% Decline -- GF Value $5.33 v,GuruFocus,https://news.google.com/rss/articles/CBMiqgFBVV95cUxNSzdDSkk4UTFpb2l2NWFGNUgwUndHcGVQazZYR3N5SVdRMGpCTlQzMmp2ZW1SXzM0Nm9iWF9iRGw5VXJqcm1ma1JNbjloNDZCbmNXaHNuOVlTR1lhRHVXSk9nVUczNzFvN0xlbGN2NHp6NGNUaUt2eXk1aHFFTUdSM3M0QkRnMzZvR2RDbmh5ZGpzTmRxWV9lQll3ZExkWXV1UHp6ZXJrS0NCZw?oc=5
2026-08-28 21:29:41,NOK,Aker ASA Completes NOK 765.6 Million Share Buyback for Merger Settlement,TipRanks,https://news.google.com/rss/articles/CBMiwgFBVV95cUxQR01KTXVQZGpsWXBMZUFraGt0dDdvS1FZVUowUFpib0k3NHhOSm96WUhKamdfWTRxTXhxTTdzX1M0Rzc2WUZSZzhqRjZmYnZobEgxU1JIOHlGMkNfX2w2ZllaUVM5WHRaODFVeGdKTmY3NEw5OG5UU2ptM1M3MHdCN1RGbHBNdGRpQkRldUV0TUpQLVBXdmR5dGlGZERKNUplbXNBcDQ1RFVvUlJOU0xvbDNSaW12LXZnN1BSWlFseHVMdw?oc=5
2026-08-28 20:50:00,NOK,Nokia Stock Slides As China Exit And ADR Losses Rattle Traders,StocksToTrade,https://news.google.com/rss/articles/CBMiiAFBVV95cUxOUUN4TGo4QjIyM2RZWXF6WEduR2p3Nmo1d2ZwWVMtWVdNWTBvZW15S2IxNkN3VndOZFE4bHdrUThDNnh3MHVxcFZLcE9TV1VCeTdpX05RUjEyOVoxb3dvaVBUUnRVT0ZQY1FMTGozdzdaN3ZGOTR2eXdrcFEyY1ZKRmd1Tk9XR3Ax?oc=5
2026-08-28 20:47:00,NOK,Nokia Stock Slides As China Exit Raises New Questions,timothysykes.com,https://news.google.com/rss/articles/CBMijAFBVV95cUxOMDl4LVNsNjRTTTkxZkktcW1DUUlZbHYtc2NXSmR1UmVkVlNQZ1F1YlBILUs1Q1JrYVp3RWxlYmZ4NmwtVk5pWEFuaU14MkU3UEozbHJwS0tIbHZYWXBkVTg4bXQwYUR6NjdSNDlNRUxjRFpBckVaYVZ0TTBJMTZhb01iWHFTaWZyZDJWeA?oc=5
2026-08-28 20:47:00,NOK,Nokia Stock Slides As China Exit Raises New Questions,timothysykes.com,https://news.google.com/rss/articles/CBMihwFBVV95cUxPRmpKcjJiMDN2YjBlM3VvVEZqdHFSN3QxUlF2OVJfMU44TjVqZjZWY1BtYzljYUg3VmcxQVJrNVd0WG9kb0Vxb0Rrc2hCYUJHd1UzMUZmRkUxeFo5elA3cWlZYTg5Z3NWYzB5LXdoaHR0UGpadEZKZmdyWlN5M1NZWUxBRFBRMWc?oc=5
2026-08-28 19:03:00,NOK,Nokia Stock Slides As China Exit Plan Rattles Traders,StocksToTrade,https://news.google.com/rss/articles/CBMihgFBVV95cUxNeUNPZGtyc0Z0ZlZkVDhxWFprQTFScnRFb1phZ0N6V3VPUmRsR2MxUVFFYkI1NVdXY3V2ZFBaSTR4TTh1YTd2WmlOOHZaY2FfUnFyamoteGNDcUpna3E1TC1JUE5vVlBta0oxMnp5aHFONlhRTjZ4eVBEOEJUakoxcFJNeW5jUQ?oc=5
2026-08-28 16:47:18,NOK,🟢#FASTMONEY Trades Here!!😎 9 For 10 Already!! 💸 $NOK New Highs!! 🥳 I'M THE FKN BEST AT WHAT I DO!! 💯 Liam Neeson (menqLlPThZ),Mshale,https://news.google.com/rss/articles/CBMiW0FVX3lxTE9uWnlUOThOQXRzaTNqZnZzbWVCUDU3VjBqSnhPVVV6VXpsUHJWSnpmeUxZRFdudXVzMWllVWhCTTY4Nk0zVzc4OXI3eVlDME92TnFNbXo2ZDNZM0E?oc=5
2026-08-28 14:44:00,NOK,Nokia Rides on Portfolio Diversification: Can it Boost Growth?,TradingView,https://news.google.com/rss/articles/CBMitwFBVV95cUxOb1Q3VkMwT0J6ZlNzZzB3V1Ftc2dtVlAtWGM2UzFNZktlQ3RQRTh0OEo1TnBic1YxRWtLdVRLQWd0MU1nQUxaaHQ1MlNwSXlVdHFHQ1NjWDlfcXhSRTg5Sml3bjZnOFN1b1Nxa0Nfa1YwS2V3SWNwYzRSSC11cG5HY0VJb2xmZVBSTEN5TmxSUWFfSzNKdndCYVdTMlI4Sld2UXBvbUpFaHQtSy1MZ2x3ZHE2TlRvcEU?oc=5
2026-08-28 14:44:00,NOK,Nokia Rides on Portfolio Diversification: Can it Boost Growth?,Yahoo Finance,https://news.google.com/rss/articles/CBMipwFBVV95cUxQRXpwcXFMaVowZEs2ajRYbU5nd0cwRkpfeHppYnJRNVpSNDhUMW12UTdrQUdMNUUzand5R0FJZUtYcjN3Z1BsSDB5Q3hJbFhOS1IzVUZ6emhVdXpiSXdfampEelBNeXhsQThEOGY2SDRlZTdlVkkzYThMaUVSOEE3TnptT1VnejRZS3VCNWtOWG5lQVpFVWdmLWtzTDdVbVkzMkg3M2pIYw?oc=5
2026-08-28 13:23:03,NOK,ININ Power Wins NOK 96 Million in New Energy Grid Contracts,TipRanks,https://news.google.com/rss/articles/CBMisAFBVV95cUxPbzA2SnNfZGZwN0NGdGVHSFltV0Y2d2VXcHpSdjctNlBnODAxWjFzRXRwVXNBTW5PQ0xaSTFUaHZhQk03ZEJ3dzJ3RG1Jd0NJcFptNEJCcUIxS0ZfODltOEtORGRSb1N5ZDVlYWpLbktPLURkVXkxR2VTUmRYWG1Fc2w4YjdrUEN4WWF3b3RqUENfb3MtaXBlbjE5RzZOdk4wenpFdzVUSHV4OUM0WWxIUQ?oc=5
2026-08-28 11:18:37,NOK,Nokia stock edges higher as AI orders lift outlook,AD HOC NEWS,https://news.google.com/rss/articles/CBMiswFBVV95cUxQM1pYRjZCbGQzdVpqR3JIaDc1RFdhRWVGbkFnOHVBWFVILWVwWVNmZnJFYnczTVRaZ2JTNTdYWktvYWRxOWU2TUw5eUxQWUpkbS1IN3dLaDhaUWlGZ1JfalJyRzJyM1ZEVE43QUdnbjk4R3dGRWhiajRodEN2R1JPTkJRWmw3b3dPTXYtRWFjckQxMzg3Z1ExMjRCNl9yaEZfMGU2anI4ZFZKRHkxLTRzYUVLQQ?oc=5
2026-08-28 09:13:32,NOK,ININ Power Wins NOK 42m in New Norwegian Infrastructure Contracts,TipRanks,https://news.google.com/rss/articles/CBMiuAFBVV95cUxQdl8xLURwbjc2aG13bzZaTnVfamhFb3VFcnlzam1vaXBRZTFtZGRjejh6SkFsLTZVbHhGYnFKeTBXbzVTaHdCWk9RV2dsTy11SHRndUxWSEhzMWh0TzBfMW9JeVVxeUhrdEZiYVBjanNxdVJBbS1JbVFQM0p2NDZ2RnFJRElzMVFKSHZ6aWdhYmZqYnJrQnNsaVg1WnBzQzZ3cThEU3hOczd6cWtpRlVMS0YxaUV1aWw1?oc=5
2026-08-28 06:16:00,NOK,"CODE: ARR up 53% YoY, Agil Helse acquired, and NOK 21.6m raised at share price premiums",TradingView,https://news.google.com/rss/articles/CBMi-gFBVV95cUxPNWlPSmpBU1BfT2NSeUtxOEZ5MDNITV9LblRoY0tKRmFPYlNSVHEwQ2pJWVFROUREMXJtSDZ0T3FqZDlYOVRUSnJiMEJiNjJaQl9EZVJnN2dlSEhhajFxdk5mSi1JV2lDRDUtT1hmLWxfNHU5T29pU1F1ODU0Y1JpNllzenRrRmduQUZQWC1UWmFoRzFIZ2hCWHZrb0dmaHJsRXdfd09qeTN5WUNGWm92MFdhU2kwYlQ4WUhiWlhTZXA2LWwtYzV5YjRGckx6WWhXQzNxaTViSFFWUUpYNW5mTHR2OWNBNTNNZFBFWTNzU3g0ZzhLRTdLU2NR?oc=5
2026-08-28 05:52:02,NOK,Price-Driven Insight from (NOK) for Rule-Based Strategy,Stock Traders Daily,https://news.google.com/rss/articles/CBMizwFBVV95cUxQNzdHQmpPekRsSDR1OEpvWmxhazNrV0lWa3VXVGlpXzhBX1ZUZW5kbkZ3N3lOWTNRNHc4NWNWU2ZPVlE1ZFU3NlN4VWZHSlduTVdtY1dmN3QyUElZVEdvYkRWQzJsMUs3dV9pWHRJbWhxZUJkQTFHcC1GUmZUM2dtNGllSUhWT1lzeTYweXcweDhqcU9EcDhpSF9TQjBWZzJpNElKVzFXU0NTdlBrODdNT2NFdHd6RTIwZTlpWnVvXy05YnhGVGliTTJBVnB3M2c?oc=5
2026-08-28 05:16:09,NOK,Mowi Shares Trade Ex-Dividend of NOK 2.30,TipRanks,https://news.google.com/rss/articles/CBMimAFBVV95cUxOSUJpTzY5SWVlVjlvQzVJV2k5TjM2UWtDU1V5akRGUllsRlZEUndYRkJlUWhBOTB2bUU4UnlHSlFYTkM3SzFaU3h1SEQyNUlmLURlbVUwTnBSQ18tVWZ4UV9mYUlfLTcwYWxiZHpoeTY3SVZfdUt5SGlHMm5RS25MUUZfS2xrODd0bWM5RzV4Y3o0RnZ4VHFFTg?oc=5
2026-08-28 04:30:00,NOK,Mowi ASA: Ex-dividend NOK 2.30 today,Yahoo Finance,https://news.google.com/rss/articles/CBMikwFBVV95cUxPdGVOQ25Rb0N3a2hDeWp4R3NOY3BtWnBGTUFQZko3SmNHWmVEa3VYQWVOMmI1N0tsQUNvbWE0cExONGZFbVNVTXVGSEduZ0Z5Ym8yNkJ4NGlxdWVSTEdfbENXeGYtMTVORDc2U2VFSnhidFpyTFRDU0ZpRlVQQnJqX0tWclFzM2xNM1NRWE5QZV82Ync?oc=5
2026-08-27 22:18:52,NOK,Nykode raises NOK 286M in oversubscribed placement to push cancer trials forward,Dealroom,https://news.google.com/rss/articles/CBMitAFBVV95cUxOWUE2Y2xZVm82Y3BFU1FtTGtiNFdYSnVkYmlOT2gtYkdqckZTdl9FWGdRMFZ6TzZUbzhPRkY3cXdfc2JldV9pLWpQSFNwcjZ1QjIxQ0V0UjZfQnFUVWlwTnp2dmUyc3RoRUhCQ0dlZlUtVVBick0wV1JNdnYwOWdVdHZHazlqUmZBZHVSbXA0eFprWUtPODlQVUVzcU5wWF9sbzhrR3JpcXVxX1lUamxINk03WkU?oc=5
2026-08-27 21:28:00,NOK,Nokia Corp. ADR outperforms market on strong trading day,MarketWatch,https://news.google.com/rss/articles/CBMitgFBVV95cUxOU055eGhFOUNrYUhLcDZIWVQ5U2dtUWFxdUowNHVkSmpuQTF1Y0pXLUFSbml0NnFROXN5YUk0WHlaN1c0QlVJQ2xsRzVfVUFCVlR1VFIzb2hZUnpzcXRwSENFZ3ZkUDhhN0I4ZUw5ZXRMN2tPLWlZQXBHcVlQNS1Wc25MQlVobUhUYzBkUzdrNV9oNDRGb1NLUGUtNjVsdS1PU0RIN25MVjIyanY3Y0FsT290MHZZdw?oc=5
2026-08-27 20:48:32,NOK,Nokia stock firms as Q2 2026 AI orders and share transfer plan support outlook,Ad-hoc-news.de,https://news.google.com/rss/articles/CBMizgFBVV95cUxNNlBZZ3ViYjQ0R3pqV21iNDFJcERZRGluQmx4dFlXTC1KV0hKRl9PWkdHSFJ1RUhzTVZsd0dkVUhFejhNTzRpSkhJVmRlUi10WXBmcWZDSjRxUkg1Z2I5ZjAxRjR0ZkVSNnBBUHROUjNoMUdtRnN3ZGZwaFMyUTlBN2Q2ajhtNG9uZWx0ZDA2eGlPYVpUNHVrenZTNEdKaHZ4enpXVUY5ZUQ1d0RJWTB5MEMwbkVCajZYLTZUb21XZ2Jua0pqUmVFaGJsVlktUQ?oc=5
2026-08-27 18:31:52,NOK,Can Nokia's Latest Telecom Agentic AI Solution Drive Future Growth?,qz.com,https://news.google.com/rss/articles/CBMiiAFBVV95cUxNSVJfS0hQdmIzZF95RXB4NV8wNWprNTZqVl8xUFFORHlWem1TaHFBN2lfVkl5Q3I5c2Q5bWFqZG9yTEJKRWFtRnhNRm1MV1U2T3VNSzROdEgwMHNEWGJPLVVWb185UFNhcUV6U1FXNEVqVi1odTdWOTllUmVrUlA1Wk5FR1ZjQVpO?oc=5
2026-08-27 17:14:40,NOK,Nokia (NYSE: NOK) uses 3.6M own shares for incentive awards,Stock Titan,https://news.google.com/rss/articles/CBMiqAFBVV95cUxOcnVxdmp1el8zVU9mUmFSWGVPVG5sT05vVl9nSmFWcjB5RThtakwySFZPa3BuWF9CcV9peWRoS01pZENoZXpwczBMMktPUlV5SFlRTUZacl9UWnFSYkJUMkt4VUcwWjJvQVR6NDZrX01EVFVhRDAyeXRjeGxYc2RjSXpXc3V1aXRrWkpGM3FsZUg4UXd2VUcxZy1OaURWclJjb0ZNRkpTa0k?oc=5
2026-08-27 16:59:02,NOK,DNB stock holds above NOK 313 as UBS lifts its target,Ad-hoc-news.de,https://news.google.com/rss/articles/CBMitwFBVV95cUxNX3pHR1Y3T0lQbi1PaHM0bnpYcGhmNXhxbzR6QzRPQUlVMjlMbHltaG1IY1B0cE9nS1ZnSG42ZTIxUTJ3T0FpT1ZRQThOSWZ0ZFQ0UnE5bVhpQkp6czhRdFIzWWhuM1ZJTm81cGI5UzJKTWRMbWpRX2paa1F4LXpVS2dPSXpTNENtRGE5UTJHZll0clYwUjI2cGFsNnNRakVCbVpmX0hEXzA4Z2c5N3hQQ0MwLURieUU?oc=5
2026-08-27 16:48:57,NOK,Grieg Seafood: Arctic cuts target price to NOK 34 on higher HQ costs,Salmon Business,https://news.google.com/rss/articles/CBMioAFBVV95cUxPVnQ3MVJEdnBPWTZvNlNsZlRxTjBYNUpZYWlsZ0VHMDZDVmh6cWZ6MWxPZjJvR2VqNXhiUlJ2NUJVNUdxS0hkSzlBZTh4S3VWMGY2TEF1ZnFwVVJTMGZBYlAycV80UWh0dHdjRndvcUNaRlB4VkFHZUpmeHAzNHZhMHJERnI3SkdWenltb2FoX2prQ2hqMm9hRFcxLUppY2Zw?oc=5
2026-08-27 16:35:31,NOK,Nokia Reduces Treasury Stock with Equity Incentive Share Transfer,TipRanks,https://news.google.com/rss/articles/CBMiuAFBVV95cUxOVTR1Uk1HMnNKR1g0ME9QUTRONC1jYWJ4bkIxOHdzMnd2eGpvS2xRTS1tdGQ4SzVYR1FYdTR5ZmdVQW5VTE5nLXRaSzZGSWdlNHVhcW90ODlHR0N2RzcxZUFfbkVLVDk5VUh1dHdISHFzSktoU1daTlFicW9wVG5JNTJQT1RoTGF4cnA5UF96RDZYZmVqZXJRM3c4eGpaWVZLRW1ZM1RackdFeFhLakRBVUlrZElOZm5z?oc=5
2026-08-27 16:22:15,NOK,Gjensidige stock holds firm as Oslo listing trades around NOK 285,Ad-hoc-news.de,https://news.google.com/rss/articles/CBMixwFBVV95cUxNNXZIUXdqWGxEdVB1eWx6Qm1GcGYwZ01zM2E0YXp5TzlBT1FHb1RmMTVVWDhPMTNLenF3UVpqTURtbGZnUV8tSDJ3QUVhM29DZHpheWdXY1RacmVTTnhRN0lrWEFmdDZ4dWJCZ2hobG8zV3V0SkN6eTA5bkJCTWtYTXhpVy03bFZ4TnVyaDZSVENOT21EX2hJLXcyRXlNNTQ2S193LTZibll3UHl4MmFTNFBSTGIzcXNvUXdkNFVCcGNoS3Q2NWl3?oc=5
2026-08-27 16:10:43,NOK,Changes in Nokia Corporation's own shares,The Manila Times,https://news.google.com/rss/articles/CBMitAFBVV95cUxPNjQ3TFhoVkR3WFVTWlZzMG00Z3BvQVhWc0VOb3FjVC1yUjd5bDZkUG5Nb0Q5RF9rZWZIYzFQLXJ4bEMybXh1RjVxMXdhazJxQ3AyNGRmSDJoaE5BcFMwblgxRFFmNlNXQnVMMVZXQXVyVWhuSkFxRTdLQllSdzhpT1ZENTZxTkVxNWZjNHRtSFNrU0J0VTdWLW9JanJRSkRtZGRXc0ZzT1lFQ2J3a3BZNjF5NlPSAboBQVVfeXFMUHFxbE1Gc240VmJIX0pBM2lwN3RWT0p0MzJlTlhGNGI5WmVrdFVBSjN4eS04ZURvQ0E0dS1rVElWaUNISUFKSHFuTk9xMnMyY1VtcXdEc0REaUhnYlYyNVduNjFGZWdlZTBhMGxuUXB3YV9DekNralU4ME5HUTdjZ3dLc214QmFKMk5hX3VSZDQ1V196cDFtNDlaSkJsZWNNRl9nU1ljTmtLbmVjMU1ENl9MVnUyUnR1ZEhR?oc=5
2026-08-27 16:00:07,NOK,Changes in Nokia Corporation's own shares,marketscreener.com,https://news.google.com/rss/articles/CBMimgFBVV95cUxOSXV2WHVqTmlkVV9VWmQ3WnBHc2N1bm9IdWZ0cGVMQXZ1S2t1YmZGazdUVWwyMlZtNXk5STlPQ3FqVTRJZWFIaVRPTERlNkpuOXpteHYyZUlLRlppQ1FjSDlhd0tYOUZ5WDdJRm9SZmxrc1pDMUw2cUh0TnRkQTA4bG5fV05KdWlhOXBCSFR1MEJQSVVDYlg0eEJR?oc=5
2026-08-27 16:00:00,NOK,Nokia transfers 3.64 million shares without payment to plan participants,Stock Titan,https://news.google.com/rss/articles/CBMikgFBVV95cUxObi02SkRYM3NabUtaUVFjenBMWVBFOVdwT2J6dUEwVlF1UndfNVVSQ2lFWXg0QjRXcmVtdHEtSTZta1BJel9BYmhEZ3ZKMmVJQmhkRW5PTFFrREh4aVZpbWZBYWpWN2EzOUo3SzdUcExpaXUxd0YyQ0c5VU5LOXVaU19OM1NRYzBiQ2FzX1EzWGJvQQ?oc=5
2026-08-27 15:31:57,NOK,"Nokia's Triple Engine: Defense Alliances, Nvidia Ties, and Insider Confidence Fuel the Rally",Ad-hoc-news.de,https://news.google.com/rss/articles/CBMi0AFBVV95cUxOT3o3QUQ2Qm53Sk9OazZPRVFielJKM29vRzVlZEFuTXRwRGpQRzRhU084dE82X0dZYXg5TlhTOXQ3c2hGbE5JaGpiZVMtU2FKVndTcnpzMGU5UE02UEZCNzFLSHpfS2diX0YxNXlORVluS2lLejN6MFZoUm9ZTHYtZmY2VVpiMktPeXRUblo1cV95OW1CdEFydjJ5UEQ0X3RtVXUxTzZWYUtFc3k4cGoweVdPOWMzcm5GMHUtaWlrLS15QUdRMkJVLU1yZ1c0ajZZ?oc=5
2026-08-27 14:01:12,NOK,Statnett reports underlying profit of NOK 914M in H1 2026 By Investing.com,Investing.com Canada,https://news.google.com/rss/articles/CBMiugFBVV95cUxPdTV3TXFDZmxUSk5tWnZlTWdhZjI1cWhtUU5yM3hub3lSajVqR3Q1TGFudzJlS1ROSDlEV19UUDZZcDVabUJXMFRob2w5Z3I1cjRSQ0hqWmZWOHZHMXRJMXcxQjd4SDJLbUVZbHJpVVVFdUxGclpYQXMxSTlIdFlveEVuSEZMZHBZUWx3RVg0WmIzTTk1NjJfTEpmbjZDa2RZazIxZ3hWS3hDME1BbUdsenA3U0Myb3RxYVE?oc=5
2026-08-27 09:06:00,NOK,Is Nokia (NYSE:NOK) in focus as networking demand tracks the AI build-out today?,Kalkine Media,https://news.google.com/rss/articles/CBMiuAFBVV95cUxON3lfYVh6WE8yWXd2U3lSamZGelhZZVY1U0FFWHowZFZBTmZsdERVVWhPTmJFUlNpakY4YkhuOUZPX2FqQmJLbnZfMXgzS0FTQnR6VlJad3g5dS1XRjJRTlZoSlRHV3I3VXdpSl9FamJISzlzeThGanFhVklVaUdYTmNSNTM3X3FISnZoUk1DQXRSYVJhck5tRlQxRmN5UkxDdnQxR0tnVC04UXNJMWFtbHI4S29HMWdG?oc=5
2026-08-27 08:53:56,NOK,Fjord Defence Q2 2026 slides: NOK 1B revenue target backed by acquisitions,Investing.com Nigeria,https://news.google.com/rss/articles/CBMizwFBVV95cUxQdjZ3X3prYU5ybFQ5QVZnM1p3dkRYNWo4TEg4U3lONDEzc21JZ0hITGFwZERqZ2xXS3M0VmROSTJVbVp3Rzd4TDhjY3JERktXaFFqeU9ZU1JMWTJzNlpUTlVVZUY5d2R5WTVJSHh0N0JIRHRfTmRNNDhYblN0UU9YbWxGR2VOR05rbEFIYnpBdUluVjJTamRXcUZuU3lpQ3lwSGRHTlB5WW5ZdUVJRmZGZWxHbmN4QVIxTWtLUnF3cjUzSEI5TFlmbFhQbi0yemM?oc=5
2026-08-27 08:45:45,NOK,Fjord Defence Q2 2026 slides: NOK 1B revenue target backed by acquisitions,Investing.com Canada,https://news.google.com/rss/articles/CBMizwFBVV95cUxQRTFqQVh3ZzR6T1RneC13OHo0bVR0eEZmS2wtU0lJbkhKWC1lVS1pQjNocXJtTkktWVJLWWY5WHpXVnVnaUZDSEVNUlN6R0k5cWwwQ0VGbDhUZjNrX3Ztc1Y3SUJHMS1mbUJaUGc2Z3o0bkhQS1MyX0tTR0theFI4VkNyazVuYmhQbFV4T2dtMmVQWVUyYXhsVWhLNDJWTGg4SGdudFJHQWF3dU1EbXlBeU1GUmhUTTNxVTBhV2dtcmpMQXVHeTN0Tk5nNE1XYTA?oc=5
2026-08-26 18:33:59,NOK,Yara stock holds above NOK 450 as fertilizer demand supports outlook,Ad-hoc-news.de,https://news.google.com/rss/articles/CBMiywFBVV95cUxNMFJ4c1RlQlNfckdGLThGeDN0T1JrNHpDbmZVLW5oYkZhYmRNU3lRdHJVaXQzYVg3ampqbVJFbThaTEdxSmI4VEd2djdZNU5pcG56RHRCenV1WFRRSl9mRC1vNVRYMVpqNlk5b05lUExndUpyeGdvVmE2cVpuYnNvS0ZlbEpIeGIybGpISXhHTmxkeVZlNVIzb2pMZ1VkaVR4VGs5UXJkbGhqeDdyZE8xYVhZN012VUtubFJqWU9lbVEzaW1lWmpKTlpaNA?oc=5
2026-08-26 12:03:51,NOK,"Magnora Data Center H1 2026 slides: IPO raises NOK 650m, portfolio hits 650 MW",Investing.com Nigeria,https://news.google.com/rss/articles/CBMi0wFBVV95cUxOb3JXVXprMzN6VkFBVDl0RVNSZW9qSlN0eTVjYmttVDRiVnQ3b1Nic2ZyX0hFc0RVeHEyY3pNY24zZlZoZFRrSG1rWTlsamtFQ2dIcjkwU1I3aTBkZUVvOGp6V3YwS2EyQjJTNmV6NVU1NmZxU1RBZEh2d1RyblVGdVZtUG11Ri14SVVYZUF3YzhycjAxWEZLSjFPNElTZF9UbUR6bUs3MVJhZS1NUzhSVGNWTXRxcHZzc3lHSS0xWkt2WEhOOXNPU3BBSUdIcHlvTmh3?oc=5
2026-08-26 08:07:27,NOK,"Magnora Data Center H1 2026 slides: IPO raises NOK 650m, portfolio hits 650 MW",Investing.com Canada,https://news.google.com/rss/articles/CBMi0wFBVV95cUxOeUplbWVfazFZNnBrODlHVFRMeDczZEQxY3JvY2VTZlUzVGtUbU5US0JyeGxXWVA3SXlDNVZHNk02NUlwMkVqamNETTVCR1ljZW91cXQzOXNMaTd2LW5SMFhkMXE1ZEdoU0pBZHhhdUY4UmFGa190OXE3NnZvYVg1Nm50RHFTTHN3bW9ydmJUV0xqcGhXMmxPUkNyTUpndi1TUl9BWkF0YWZ1T1h2M21sckRob2ZXcGRpSHRXeVJBU21YaEstbEd0WnN3RHNHQmdicVhN?oc=5
2026-08-25 21:33:06,NOK,Is Nokia Oyj (NOK) Overvalued After 3.9% Rally? GF Value Says Ov,GuruFocus,https://news.google.com/rss/articles/CBMiqgFBVV95cUxQVmNKVURxVkhhTGhrRGhXaWU2d2xWZVctOFRXRW1OSFN5R3k4RWs3MGREUlNGQnpJZUJXQ3VCX194Wnl3RkpCSlFqcnBWb2trbVFLb1ljb3pCZkRLbmFuOTRlTnV2cFpsZ0VLNkNKbmVyY1lXSmViZzVCY1BtbGpJUV9OM3pKUjI4Qlp1QmtkcXllOTBfNnpPWDZLX1FJMXV1bko0d0gyNXNEQQ?oc=5
2026-08-25 20:48:00,NOK,Nokia Stock Jumps As AI Bets And Big-Name Backers Pile In,StocksToTrade,https://news.google.com/rss/articles/CBMiiAFBVV95cUxNRzV3UEZ0WWdLdnZES0xteTl4by1PX1ZSbHY4b2Q1X0FRX0cwLXBIT2x1U1BuSWpRcWxwNGNOeWNPSTJ3NkRLTmRWM3pxenZydktjX1JFUi1jSTlCRExHV1ZlSml6OWpRdm5QZVpfRkhhWDRiMEdhaEdmaW9IWTVFS29od1hvdWMz?oc=5
2026-08-25 20:47:00,NOK,Nokia Stock Rallies As Wall Street And Nvidia Bet On AI Upside,timothysykes.com,https://news.google.com/rss/articles/CBMihwFBVV95cUxNRWpVYmlrUkFyVm81b0NESXFwOHNoWlRXbjVRa1Q4SWJpRjdyR25ta1NXUHVnRDBHUmdUZlM4ZEdYS3NUa1hwSFBkSDNjcGJPU0ZQU0RDclVEa2NaT19DNzJPNlNtU3ZPMGUtSFp1Z01DNHhKNHpWY29STnFvMnVFdDhXajREWms?oc=5
2026-08-25 19:03:00,NOK,Nokia Stock Rallies As Wall Street Backs AI Upside,StocksToTrade,https://news.google.com/rss/articles/CBMihgFBVV95cUxNOTRkcDU1ekNXUVFGaWY0d2JSeDR1QnV6NV96Uzd4TzVnWF9mTlZJd1pJelUweEFFcEhZN1UzWlBBMFpfSVRjTGhOSkN2OUxicW1EYmExVjE3MS01ckRpNVFhY090M0tXR3JfaGhyQ2lmRFNyZUdiMFpJcHhhQ0xlYVhKSWJYQQ?oc=5
2026-08-25 19:02:00,NOK,"Nokia Stock Jumps As JPMorgan, Nvidia Back AI Future",timothysykes.com,https://news.google.com/rss/articles/CBMiigFBVV95cUxNcTdhNk5nVVB5MXpCY1dibm5HYWlMWHEwdnh4bk94dm1zQ3BLeG9rUDFYcjZHYk5RQzNFTmg4ZHJWZkgyY05JY2FSTERLd3FFTUk1bGY5QmNGVEY2Q0x5WE44bHZrUDZWdXo1cFhmWlljblpVQksySC13ZUJTU3RzNm9sSXBpVWlQcFE?oc=5
2026-08-25 18:31:17,NOK,Nokia stock edges higher as China exit reshapes its 5G and AI network story,Ad-hoc-news.de,https://news.google.com/rss/articles/CBMizAFBVV95cUxQVlVRckF6WFdzcEVTb1dUdlRxYUF2OEdhVkFsUmpUSnJEMklxNk1iT1lQc0JPOGtPaGVjaXVYR3pqSzREcHdvTEFjRF9sYnd1SXFqNzJzRHZOd0t4dnhTeFN4azhEcHVRMXUzenpXRG5fRUVXeXZtcW0tMzdMbXVsNHNIb0s3R3BDUlZmS1JyMFdYLTkzb3FVLVY4UzU4VFZaSkZnMXZLLXFVRUpRcVBGSF9lcWNJc0QzcUVTVGQ3REd5NGNoazgtQnh0cnY?oc=5
2026-08-25 17:35:00,NOK,Nokia Shares Rise as AI Network Growth Story Keeps Drawing Buyers,Quiver Quantitative,https://news.google.com/rss/articles/CBMinwFBVV95cUxOeFVZamVnaGY0V3JtUC13N1pJRkRBR084N0NGbG5IR2QxdmY5T0NzMTlKSGtqcU1OY3VLYkhwX0tMd1k0SzBmcEtFUUFlQlkzWGtrY0F1VXQyVWo0cG5aR0xQSW9ERUI4ZzlGYUxpWU01T1BKTGNJNm44TDhhRlpSamVtOWN3Z3hRMVU2M3ZfTS1FYTZLU1JTcTRqNTJfVTQ?oc=5
2026-08-25 10:05:31,NOK,Equinor (NYSE: EQNR) details NOK 1.1B 2026 buy-back tranche,Stock Titan,https://news.google.com/rss/articles/CBMiqwFBVV95cUxQSENxa2JLeFB2c3NwM1FfZEc2b0VHWEZIQUZ5M3dqRnRmY0xqQ0xndDQxRlQ2d0d4QkZVc0tTOU05a1h4bzRVSWZKWkc4OHBtTURyWFN4VFpoVVJlcklXOWVnMW1xZ29PRzFOTHVxZXlwV3pVeUI1OXU1bGFQTXdhXzhQYmt4VTJrMFBSZHNkZ2otbXhvX0N3Y0NIM2Z3QlNwd2JONjM0TXBILW8?oc=5
2026-08-25 05:42:13,NOK,Akastor Shares Trade Ex-Dividend NOK 0.5 on Oslo Børs,TipRanks,https://news.google.com/rss/articles/CBMiqAFBVV95cUxQT2xjVFRRMy1RbkU4eXhpQzFqLVAyQlhWR2lJbFhBalRPMnJETDBFR0FwZ21PdnhUWmwzTkhUTzl1VV9JcUZZbjVkcU1QU1p5eDVOczIxTWh5aXBlaGROWUZ4aUVVcU1FZHctSjgwVGxWNnZvMWhHa0h2Q3Fpa1FDQ1VMZXZQSEVEdG12VDB3TjJKZG1uMzJQZE5mTjNjV05DTTUwalR0U0M?oc=5
2026-08-25 05:00:00,NOK,AKAST: Ex-dividend NOK 0.5 today,TradingView,https://news.google.com/rss/articles/CBMingFBVV95cUxPUkZXbmtla1FjUWItZGlOYmV1UGk1RDhILTQ4d2lxc1FyOGQ3MmdfTWFxZ1J3Sjl2eWVlcmlYUlJ2c1hJVVIxQmFxbi1PMGdFQkJ0QWZseVZoS2N3Mkx6cWRMV1FNYUx6cFlJY3ptUTMweVVuUEd0RXdTdXBqQnpWM3Vsem5KX3BkcW43a1RrTnZRb0p3N3I1S2MtLUJQdw?oc=5
2026-08-24 19:18:50,NOK,DNB stock supported by ongoing share buyback as shares trade above NOK 300,Ad-hoc-news.de,https://news.google.com/rss/articles/CBMi0wFBVV95cUxQOTVuaWY2LW9fY2g3Y05UOXJQT2JBLV9reUtsSkM3TjY0UmhBMGdwRzZFRTQ1Z0FaRkxOUHUycGF6MnRsMTVjdWZUbW5rX1FOZFk0R0dCTGVSbXk3MzhpVnBhNzA0WXFEWlhISXpPU0kxSE9zeWl4aW9KRmw4cnJzdGlPZFlxYlFOZmlBTGN4cFdTbENLOTRNWEx5RkV5WDI1UktiSkVzWElzU29mZ1ZqdjJEaXRDTG4wTGNXaVdWMTVueG00Y0Y5NERQN3FydWtJSzcw?oc=5
2026-08-24 17:11:22,NOK,Nokia stock holds its AI-driven gains as Q2 revenue and guidance impress,Ad-hoc-news.de,https://news.google.com/rss/articles/CBMi0AFBVV95cUxOSzkzZzBVakpIVk1fRnJFZndYRUJvcGcweHJuWjdoRGJFLVZTLUI1T0VNZHM0aHdOQkRQOWpIenVPM3VWUGNHTkE3SVYtUE14MHVOWnd1Wll0NFhtWlNLN0pvQmx5eXNDR3BCSWdycWZBZ0xrMUU0V2ZDODNMQ1pxSWZhSDluYVpkUTdSUlFFVUx6YktkcFAyRHhJcXZzcTIydEZ2ZU4wN2JPaUwwZEJmNGhWZFhia1BISnZ1ZFZrTTFfRlRBd1BObzd3c0VMdVdY?oc=5
2026-08-24 12:41:26,NOK,Nokia's Two-Front War: Exiting China While Chasing the AI Supercycle,Ad-hoc-news.de,https://news.google.com/rss/articles/CBMi1gFBVV95cUxPQjhnajZfU0kxakdqc09HRnJvUzg4a18tNzVlTXBCXzNQSGtxVGl2b2FXUURxQV9fbENEU191czVFSHhiSWJBbUpoZ3RlMUowOXRSS2xEZjdtRUJDVmRJQTFwTnZsWVZjSjZtVTZNNFFZb0VUTmF2U3Vybk81UUdXLV9pVEZiLUFNelNYQlE0allsY2EwV252UGRKVm5sbWxjRG1JazRnX2VwbnpzWTNzcmRsVG5rNUlfM3ZuOGZZSVVMdDhDcDliOUFDTHktSGlJWHVSQkxB?oc=5
2026-08-24 12:09:56,NOK,Fjord Defence lands NOK 25m contract with European military vehicle OEM,TipRanks,https://news.google.com/rss/articles/CBMiwAFBVV95cUxOTE1XcGhCczRHUktVM2Nkb1ZCRDJYSG9jSlczTFU4b0tKUkxxbmlZN1oyQ3NlOXo4QmhhMkN4WUpyWjY4YUxpUndpSWEzUERQVVZJWndndFB4VVd5d0h2SmxxRDQxX2hGYlZUYUk0bDd4UmdQZGRLTURhc0g0eEdyVWtQdUI4eXpqR3Z3NzVWT0dkOFNJN1p2eEI0QWVWN0dQR25Bd3RuWGxXLW9uVVFmSTRZclp2b1hNSHd3T2xhaWU?oc=5
2026-08-24 07:11:04,NOK,Nokia's Two-Speed Transformation: Cutting China Loose While Betting Big on AI,Ad-hoc-news.de,https://news.google.com/rss/articles/CBMi3gFBVV95cUxQOXZsUDVOT2FRLU5HVC01MmxnbnNYT0VEVjE2c1NkZFNBeDNYT3FTOTB4UEdXb3FnQkdiWEc1M2RGRDdMN1JxNDB0MkVjNnEweEhGWXZSaXNzSXFHMC1aeFp1QmptVmY3QnNjT2hoendMRjZ2azl0X0hxUktvTW9OdzRzUHBZYUFMSFpkWVZJeWNwQjJVbjZSYkhhUGdwRWE2Rmhnc2FQelQ3Smk5MUdxc0I0bkRvQ2I0azE5UXJBdVltMHY1YlpKVEZsWFh6aDcwVUdxd0V3TS1PUl8yNnc?oc=5
2026-08-24 07:07:42,NOK,NOKIA STOCK JUST GOT INTERESTING — BIG MOVE AHEAD? Santo Di Oggi (4bwudLRFL2),Mshale,https://news.google.com/rss/articles/CBMiW0FVX3lxTE9kSE8yNm1xcm51NE5XM3R5eVVtcjNNczNaMmlpV2Y0anNrS3pfLXNkRmhOUmVOSUhvZkxVUUFLN0J1enQ1aU9wOGtLY0hjZnB4TGdZYWhOMFQyMUk?oc=5
2026-08-24 06:48:53,NOK,Mark Medlock - Real Love (Videoclip) Nokia Stock (JXQo4LedLC),Mshale,https://news.google.com/rss/articles/CBMiW0FVX3lxTE50dG41cmJ2UU5yT2lfWXNpMEtBUkZzSHk5TlFyYTF4UVpqNk1SVWFwYjhTT1UyaHpzMXY0VEpERVoyRkttY1dNbXRQZnJ0WmhObGZlbFk3cWpyM1E?oc=5
2026-08-24 06:43:00,NOK,SATS ASA: Ex. dividend NOK 0.72 today,TradingView,https://news.google.com/rss/articles/CBMiowFBVV95cUxPOEsyRXVnQTdRaEpUWHJIdXFtWmVYUWlEMWYzT1ZiUUF1V0VMR0xIbldZMWZ6T2EyaUJhelBVVUFyeVhaYWdXZXpGUTE3cUFNcURPNEd1NG1wVElEUVBnLWotTE9UN3RTRVlpV0gzbFllOTlTc0RpT3ZZdWZFR2ZFQkNkTS15bi0wckxYdEtlTTNxZzBFXzR2Y3dPNlBGS1V0UW5n?oc=5
2026-08-24 05:53:18,NOK,Axactor Plans EUR 50 Million Tap Issue to Refinance NOK Bonds and Streamline Debt,TipRanks,https://news.google.com/rss/articles/CBMizgFBVV95cUxQakJMZFZQbkwwR2djaGVqb200UTRZZ2ZyQ3p0eWw1TUZ3dWc5dlBKc3FYbFBIMmkzSFg4dmpURWpqbjlzV2RRTnhSVnZjcDYybUlfNEVPNGxKc2E3dXc3b0Vpd0wteHR1ODJROTFyb0ZnM2dHQ3lZcXF1anZYUG9JNHRFVzdBVjBfdFdtMzUydUZBMV9HWmVZLWdRaDh5eXZBcUdwRVFiOWpTbWc2M1lUTDVaYkZaR2JyVTl5Qk43Uml3LXRUUThOY0RBelRvUQ?oc=5
2026-08-24 03:54:06,NOK,Josh Cuevas Waves FCA Nokia Stock (8Hn1AVAX8F),Mshale,https://news.google.com/rss/articles/CBMiW0FVX3lxTE1MYTI3SHJlbzhtU3RIWnRCREJyVDhXaFp0ZlZSNHlmT1QtVHZZUHptbW85NW5xSDJLOGdBWmR6dkFwZ1YtM0dnQXNodEhPSmp4cnhXRkxnRjFVMVE?oc=5
2026-08-23 16:41:43,NOK,Nokia Tightens Its AI Grip While Loosening Its China Hold,Ad-hoc-news.de,https://news.google.com/rss/articles/CBMiyAFBVV95cUxQRGZmbjgtSkpXSXFaWDlrLXNnNjhZQzhKRVBhSVZsYmFjYnhObDlIU0NEZzJNSWhtVFBYSDFxT0F0WklQMjR4SzFFUWNSdzZhNVAxRFZ2VVRFdlBPOU8ydnpuMzhtQnVXdG1YNzZCQ0xHZG0xeUlxZXVKd1UxcmVRcDdtaVVHM0JUdlkzczkwdU5qTk82ZmdtZE9UZ00zdV90bGlQQTFpUnhuUkVDS1JtZHRCWkozZWFvNlBIc0ZVNkVrNUtIVVFxaA?oc=5
2026-08-23 11:51:24,NOK,Nokia's China Exit: A €350 Million Farewell That Funds an AI-First Future,Ad-hoc-news.de,https://news.google.com/rss/articles/CBMi0gFBVV95cUxOU3EtUVhjRTVzS180a09WTlRENTFsQmtzMkJjZEhOdjd3V1Jqb3ZUR3A1dkV4cEpNaVVkZnRITFdKRmlUUWNLSHdDREZoRmFhSWJlZ3dPUlRtdWlqQ3dOa2hzUVVGU09la3hMV0hqQWdXOVFEOUhNcGJZaXhvZExsRElTYnBfOHRmeVdFTGZnT050Y3hFbUhFZHp3clJ1WWpTYlFIdnctdXE1eE5XT1o0RXhrdXJwU2duamsyUmNWMnhUNW5adDg1bUU4bVhxTmo2THc?oc=5
2026-08-23 01:11:08,NOK,Nokia's China Withdrawal Carries a Hefty Price Tag as the Finnish Group Doubles Down on AI Infrastru,Ad-hoc-news.de,https://news.google.com/rss/articles/CBMi2wFBVV95cUxPSl9hTUh4VEhaWG9ENjg4OW5qdHhpWkJvd3czc0RzM2h2dDdJUmh1WWtiVU5nMTRMYnNaNXZCM0xyTmVLZTdLOFdUZ29zelM4dVowY3pTUGRTVi1LckxpSU9WRjRfV21fNnRHUkk0NEZiWWRvR1Mwd2NXeHZxRWV2QzV4ekV5SGczWlp2RzdqZ1pPejU3Q09ocFh3WUtBUDVOVjJWcnJSS2Z4SGxMa2xlSWVONlM2NExycVJmcHBMZmF6WUxhODhmaTF1cFJXYXB0cXBhWllmY1BIY0U?oc=5
2026-08-22 15:16:51,NOK,Nokia Stock Price Forecast: Can It Surge to $100 in the Next 5 Years?,TradingKey,https://news.google.com/rss/articles/CBMiuAFBVV95cUxOaGM3cXJNamYtYkZUb2NYZ09jdE9ObEVyUmJqTzVKblpXeDNuNmUySzVNNkZFMkpwZzBaY2o2UzF6R0lyRnBxdFdweHYtbkZ5WkxqVkxGUGZ1SkZDY2xXaHItUW5nSmdJSGUyRVhGTi1tMUEyWGJiaDQwbjF5eFVOZlNnR0hsN1J0ZUdxYkxFUFZlSkE0N0lLOGd0MWdITGI2NHJNbE9ZQkN1d0VGUU02V09iaWRweGtz?oc=5
2026-08-22 11:59:16,NOK,Nokia stock holds gains as AI demand lifts Q2 results and guidance,Ad-hoc-news.de,https://news.google.com/rss/articles/CBMiyAFBVV95cUxPMEhfMmdRTlJsZFIzVFpWY3NWQm9ZY0xkMlU2RjVkdFdOWUVZWHQ1N1hjVHczWk12b2N4Y21ZWkdPU1MzLXFmNmRRZzJTc0ppRGdiSE1obHZLZExFN3RPN0NnSzFTZHBaTWFibGhSWU9qYjcxSFBxdUNtQTlKREVPLUJxRFkyR2RhMnZOZDhzNW5Ca3hUcUMtUlA2ZnQtVUR2RUdzdU1VN2N4UXZuVThzUFBzaFA0MXdaYk1BMUJ0TVRzRVlLQXE2TA?oc=5
2026-08-22 09:59:35,NOK,Handelsbanken A stock holds firm as EMEA Tema fund price consolidates above NOK 600,Ad-hoc-news.de,https://news.google.com/rss/articles/CBMizAFBVV95cUxNMGZyR05mX3U3VUVuSmw3N1Y1ZEp3S2RJTGxuWDllVlRhenNJZWNWaHFBdkFWRjJVS3BHVG5WUGp4SlFmZnRTMWJhQjgyODFxdmVmd2w1WmZlUXZEbmFuelhrUDUzeVV6aDFiQWxiZVBCNXVwdEl4VWF2cmlTeEQ0aFBfS3VPeU0xM3hUb1lkNlRmaEN2Tzk0Nnc0UGdSRmtocUNEbzNMT0lVbWZ4ZXJIM1NMLXVOaFRjSTV3YWlacUlSdTNfbk5CV2xNa28?oc=5
2026-08-22 09:55:50,NOK,SalMar stock holds above NOK 520 ahead of second quarter 2026 results,Ad-hoc-news.de,https://news.google.com/rss/articles/CBMizAFBVV95cUxPOWxuOElHc05lSVgyVk9IZTAzTnJfSm0tc2t6WG5Vd1B0RVF3TU45a1FHWVV2ZDEzRnFjWkNzQkxCejhGdzZJZElON0ozWmh0a29yVk5XYkZHSTBzcVNOVk82UHYwMFBKd1JEcTVtTTd4VjFUcnpDN3VwUkJtcFU2dVZoN2xyMXctS0FnbWt6WXBaY0lFVzV3ZVRZajRYa0xfSmRGYWh1VW40VmxwTVlsVnhPWHNvWVM0X2x0RTB0MDBhZlhDcFBqRHhvd2E?oc=5
2026-08-22 09:41:32,NOK,Nokia Phones on Amazon for Students Who Just Need Calls and Texts,The Gadgeteer,https://news.google.com/rss/articles/CBMimAFBVV95cUxOWXRsb0JndWswenRhOWpPaEpFNzZac1JiMmMyTTdpTGJLWXFpN1dtc2hyMC1Kdl9PZ3IxM2dId2haY0lTckEyNnRvVkc1eTUyU0xiZElYRDVtYm1hYTJwdlBUZF92a1ZYU0x4SG5heF9PekFFd0t0ZEtCY3EyMm1sZnVia1liN1BiZE9JZmxFc3VWM2NRV0hycQ?oc=5
2026-08-22 06:10:51,NOK,Nokia's Jekyll-and-Hyde Week: Industry Laurels and a 6% Share Slip,Ad-hoc-news.de,https://news.google.com/rss/articles/CBMi3AFBVV95cUxOakMwSWNCd2hfckkwQnE0ZU1aT0w5NXJQZndDSGZmVEhjd2pPRlNsZ0lYc1cyeHRZZ2Y2SWJsaUNKTU9XcUp0NkwzTWFOWno2T0h6THUyRFdfUkxyMXl5UC1WZmtjeG5BcnJMdUwyY3RyRjFUQTBieGZoS1NIbm9sMl94aDE0anhJZW1sMlhvSWNlcFdTejNpUmFMNjg4a3BpTnRQZU1lN0h0LThDZXFTSmxmUmg0dktFOWxsRk45X1VCQnZDNEZnR0lwemMyOUdiZVg4N0FXZ0F6UkNQ?oc=5
2026-08-22 06:06:20,NOK,The Scariest Thunderstorm Of All Time Nokia Stock (wP6vWoz1cm),Mshale,https://news.google.com/rss/articles/CBMiW0FVX3lxTFBoX2ZQckVNc1VxTmw1MlJNQVlNNGVleG42V01ISGlNT0JDeVg5cDVGa0Q5VjZiY1lVZjUzVVh0SEktZE8yR0lhWm1NMk1xYjBmYXA1YXByWlJRVTA?oc=5
2026-08-21 23:48:07,NOK,"Nokia Oyj (NOK) Faces Mixed Valuation Signals, Is The Pullback A Buying Opportunity?",simplywall.st,https://news.google.com/rss/articles/CBMiwgFBVV95cUxQa252UkMtdHRKZmtYVm1DVDkzVG1Nc2ZVR2pJbmQ0UE52djNuMWNOdVJ5dzJMbHB2SzhUMm1Wdl9mNnZPcmJqMEtMOHVmMVlkLUUwNFJnY3JsTWpWTGE4ckpQajNPMnh5VmlXYTdFV1R4eW1wbEhQTEU0eDVqSDFvRlNMZU1fajUzN0NLTkVrek1HUFkwUmlkekR6Smw4SUFhUXI5MnJQWl8ySFBhYzd2THpPckhreDN3dWVYVnNCLWdqZ9IBwgFBVV95cUxQa252UkMtdHRKZmtYVm1DVDkzVG1Nc2ZVR2pJbmQ0UE52djNuMWNOdVJ5dzJMbHB2SzhUMm1Wdl9mNnZPcmJqMEtMOHVmMVlkLUUwNFJnY3JsTWpWTGE4ckpQajNPMnh5VmlXYTdFV1R4eW1wbEhQTEU0eDVqSDFvRlNMZU1fajUzN0NLTkVrek1HUFkwUmlkekR6Smw4SUFhUXI5MnJQWl8ySFBhYzd2THpPckhreDN3dWVYVnNCLWdqZw?oc=5
2026-08-21 17:46:06,NOK,Nokia Stock Slips as €2.8 Billion AI Orders Meet an €800 Million Restructuring Bill,TechStock²,https://news.google.com/rss/articles/CBMipwFBVV95cUxNY3VvXzJyTTEtLU5qMndTWm5YZVhwVE42Ylp4a0d2MmN4dDNaN00yZjJnR0xYM3EzaDlwb1hqS1NDRjBQeVVnbGJVaDR0VGVjbThSYmJFVzhvTUFWVXJXX285OW1XbzZDV2Jaam1QWjlGcHlQMWRoczZQczVBVU04MDlqM2xjMEtHejlDREJxMFNaT0wySFYwN0xtMURFajYtYmp2cHNWbw?oc=5
2026-08-21 16:40:13,NOK,Aker ASA Lifts Treasury Stake as Share Buyback Nears NOK 703 Million,TipRanks,https://news.google.com/rss/articles/CBMivAFBVV95cUxPa1d1VU5KNk5uSjROMXFmVkZXVGNkT3RwT2dZZXR0bTYtelZWTVEzX3oyZXltVTVFdmVWbXRUZkpEVEU1Z1dUMlFxRDJZd0JvakR2SGxHN2JVUU1URnVWZEhJbDg5RDdhRmwxRWNEYkE5S0NnLVFiejhVcDByMTVZWUlHSjFLaHp6NW0xNndZLVgzVlY2aGpuNnB3V3hobXVralRRSUd1R2U2TUhZUkNsNVloVnFiU1RXdUNmMg?oc=5
2026-08-21 16:30:58,NOK,"Looking at this news, is Nokia shrinking its operations, which is why the stock price can't rise?",Moomoo,https://news.google.com/rss/articles/CBMiogFBVV95cUxNbHpYdmFhUEZITU1IbC1HbnNGcm5NY0ozZG51ODZBQ3FReTFORVdvaFhsZEpoY2haVi1nNzJhbWp5UkNJdm9Oc180MWdhdkw1WDZlRnA1d1k2T2dQVlJTM3NUaWxodHpNZW5hQi1vTktMT0hWLTFIb3gycWdMMmUxd2ZIRHdEazBaY1ZIRnZDZnFRVUtkYm51VllQaWlxdjlVTWc?oc=5
