日期,股票代碼,標題,來源,連結
2026-09-25 07:46:38,QQQ,景順QQQ $ QQQ股票由QRG Capital Management Inc.購買,MarketBeat,https://news.google.com/rss/articles/CBMiwAFBVV95cUxPMXRBTThWYjlIY0dmcFJUM3lrZE1iMTRIVl9pTU93QXRIS2R4eGsxMVl6TFFEZm8waGp0bTU3OFVsajVfakdCdTBQYVAwdnBCNEZNaExBbGRKTElyRERfSHJEUTgxTzdVdkJiSXBWdGF5SGlrMEMwcE1HZ0ltUF9hcjJBUjJQU1BZMGNXVjhQQXFMZDE2Um1OTU9vdjBxckhKNkdqYjY4Z0FBZkJoQmJkck5QazRaQTQ1RmFGRWVKN3o?oc=5
2026-09-25 06:09:00,QQQ,Stocktwits護照組合： QQQ Weekly Rally Leaves SPY、DIA和ASIA In The Dust,Stocktwits,https://news.google.com/rss/articles/CBMi3wFBVV95cUxQOEdrd0pfQzlydFVWMGQxdXNPbGJ0bGtyakIwOWdVU245SGlXTXJZOXA0dVFOSVBUSHdaazJWM2ZYNXBSRGZBNUVPTTEyWWljNmdUcV92SWhFc0kyYlh0SWRMenNlY0I1SmpSU2FFY29FWFJsd0VraWl6a1ZwYk9za0drZkpTLUdETTNWa3JNQXY5NlBpbDBXbE5EaFdjeV9FU1lZZFlUcjZ2em1Icm9oRDJxenVCTGFoeUh6OUdmaEpMMm5yN01vQlY5U0FYRm10SGpYaXFnNldObENqRFA0?oc=5
2026-09-25 01:33:23,QQQ,QQQ 2026年9月744.000 PUT (QQQ260924P00744000)互動式股票圖表,Yahoo! Finance Canada,https://news.google.com/rss/articles/CBMibEFVX3lxTFBUdHRQamxDcno4OV9lTWdJRHBTQmNpRGNqOFQyNzJJZXlXUTVDUk43eWc0dUstanVfMEJBOXNSTUVDMldyUnNDenRCQklkb1Ezc1RwWWFjUzc3WHFSR0NScjdDUEJJRk53SXhNbw?oc=5
2026-09-25 01:00:45,QQQ,QQQ261023C00687000互動式股票圖表| QQQ 2026年10月687.000贖回股票,Yahoo Finance Australia,https://news.google.com/rss/articles/CBMiY0FVX3lxTE1iRENkaURCWVBsQTF2NmlXY0NaX2lDOVlROVRIUWFUZlI3V2NGVmhsOWw4YmJlV24xMmg2ZHFSUVdqTWFJdkJaNEdtTFRzaVNCUTdkYlJTUk9pNndDM1NUQU8xcw?oc=5
2026-09-25 00:55:24,QQQ,QQQ 2026年9月930.000 PUT (QQQ260925P00930000)股價、新聞、報價及歷史,Yahoo Finance UK,https://news.google.com/rss/articles/CBMiZEFVX3lxTE1aSVNjeFBoVlNDOU9Ua0tWZFRFSHNwMjV4VUR0VENvX2k4Y2VONTE0WDV4RTMzeVYtM2ZrRXg3SkozTHJhYlI4VFl3b3p3ajV5LXJmUkkyZWZPTk14S2d3SEM3QkU?oc=5
2026-09-24 23:53:01,QQQ,QQQ260924P00717000交互式股票圖表| QQQ 2026年9月717.000看跌股票,Yahoo Finance Australia,https://news.google.com/rss/articles/CBMiY0FVX3lxTE9qVVdGbC1PWFdjY2Q4akdDUWFEaEF0U0hSQ0RqV1hSbHdNOTNyVE8yeFYwNGM5VFZ2RUI3MGtybTJ5d0kyQjNQOEN3MEU3a2FPaTExbGJEZ0t5Y1NnU0RMUnVMZw?oc=5
2026-09-24 23:48:37,QQQ,QQQ261030P00736000互動股票圖| QQQ2026年10月736.000看跌股票,Yahoo Finance Australia,https://news.google.com/rss/articles/CBMiY0FVX3lxTE5jQzBiWHRibFotaU1jUDk5U2JBLXg1eW4xQTZWbVA0bHZDMGJFVVJVWDBYVFlvLVdKb2FOT0NDX3JjQllWV0hlYUt5Q29DdXdHMzd6TzlqeDV2aUNrdy1sN3RENA?oc=5
2026-09-24 22:51:32,QQQ,QQQ260924P00741000交互式股票圖表| QQQ 2026年9月741.000看跌股票,Yahoo Finance Australia,https://news.google.com/rss/articles/CBMiY0FVX3lxTE4ySWJfR2hCWGw3eTB4NXZOc3BkSUJqWUl6VXIxa0RiRTFBV1M5azlTcVV6ckREdDg1UTBPSk11MzJjS3BMTGlCZTZRZ1JPcldLYll1c2M3aGllMXRfNDNkMW9uOA?oc=5
2026-09-24 20:14:06,QQQ,QQQ261001P00675000交互式股票圖表| QQQ 2026年10月675.000看跌股票,Yahoo Finance,https://news.google.com/rss/articles/CBMiX0FVX3lxTE1iX2JwLUlacm0xQnZlR3JGQm1ESmdSZnVmblJHZ1E4NUIxMm1uQUVoNF9zcElzWmcxRlVjbXItdFJDWHQ0dlpOMzFReWxWS083akNUTm52bWEzX1hhOEtv?oc=5
2026-09-24 18:56:45,QQQ,QQQ 2026年10月490.000 PUT (QQQ261005P00490000)股價、新聞、報價及歷史,Yahoo Finance UK,https://news.google.com/rss/articles/CBMiZEFVX3lxTE81ZlViVHU5MDh6dDRUUXNpaGtDS1lUQzZmaGE2dTRkT0JBVUpCV29YWDdLSzZzU3BHUkpINThIb1R3RlV1NTdDaXZ2WnhCTzlHNDN3aDAwRGg4amxvQVA5X3NFdUM?oc=5
2026-09-24 17:15:17,QQQ,QQQ 2026年9月605.000 PUT (QQQ260923P00605000)股價、新聞、報價及歷史,Yahoo Finance UK,https://news.google.com/rss/articles/CBMiZEFVX3lxTE1qSG1xRFA0dFF2NmU1bHpJQThrZ1lzMGFuLVByeUhGUWhQc3lBMXc4TWx6S2RxVHVLR3cwOXgwbmtnWkc4X0hPUENxNkZmWXVIRXNLdGIxaWRkRm1hbFpKNkhXMXk?oc=5
2026-09-24 16:15:00,QQQ,QQQ今日下跌0.7% ，受ARM股價走勢影響,Quiver Quantitative,https://news.google.com/rss/articles/CBMikgFBVV95cUxQQnBhSUI4RnF6Q1hQa25aZ1RaWVBGNkhidlYxV2ZzSFBrTEIwOV9ORWFzVzltdEJZNHh0TV9HYjRfRTRHS3NUMEZxMVZ1SHE5bi1WUGFuUjJJb0VjM1lJdUVVRU55dUQ5Tl93alpHOGtmUFdTUVJZeFhJbWJtalFMTWFoTmVqczN2RXlRMGNvRTdrUQ?oc=5
2026-09-24 15:19:37,QQQ,QQQ 2026年9月660.000 PUT (QQQ260924P00660000)股價、新聞、報價及歷史,Yahoo Finance UK,https://news.google.com/rss/articles/CBMiZEFVX3lxTE5WanJRTkVGb0ludUVGcEhJZHJwX1BBdDY4MzdDM0N5VHBaV3pJRlhMSmFsNExpMHZ4Q3VwSEgtZFZRUHZuVE5UM2M5TTI2c05LdVlqUk9LU2JPSUhGVkpHOFBvdm0?oc=5
2026-09-24 15:15:27,QQQ,QQQ 2026年10月765.000 CALL (QQQ261006C00765000)互動股票圖,Yahoo Finance UK,https://news.google.com/rss/articles/CBMibEFVX3lxTFA3d05hbV8waEYzR2JBaHFHWjdDLXlidXAwT3J1ektISHcweVVtZkRRbTdUcTZGV3R3QUFVT3lpS21NQXkwOFNtY295NEM2NWFIaFlDcVhkeHZjRi1yUXhQeFpQdlZTUjRaMWltQw?oc=5
2026-09-24 15:11:59,QQQ,QQQ 2026年9月660.000 PUT (QQQ260924P00660000)互動股票圖,Yahoo Finance UK,https://news.google.com/rss/articles/CBMibEFVX3lxTE1PNlE1X3ZJODJrMFBBQVRZa3Q4R3lQQjNseG5ES1dzaEVKd29jb05jMDI1MWZIVGo1aG1IOUcyc3hGZ3dnSmJDMjBOdklVTlltVnE4MFBIZExGNVBWZnJITFZoZk1DRXluM1FTbw?oc=5
2026-09-24 15:11:57,QQQ,Bond Vigilantes Crash The Party: This Could Get Uglier (NASDAQ:QQQ),Seeking Alpha,https://news.google.com/rss/articles/CBMimgFBVV95cUxNbzloT3VibjB0V3JlajEwSHl3MzRPX3ROYnh3Mjg5VDlxSVRhOGdoaUlVVndRbTlXejlDelVLWGNMOS1SWGQxVkotd3lqUVJzNzRHcXlnb21tZ0Y4SG93Q3ZvaFhYWmxtX2tnYk9WU1NHd2pQWTBCa2RtNUc4MkRGTldSUmNLSHNjRll6TTVHTVRwekhyWlpUYk9R?oc=5
2026-09-24 14:58:57,QQQ,QQQ261002C00742000互動式股票圖表| QQQ 2026年10月742.000贖回股票,Yahoo Finance UK,https://news.google.com/rss/articles/CBMiY0FVX3lxTE40UWdqajRCU0dYNVBQTkhOSS1qZkx3LXdCeUNOd1pIR3J5cHJVTm1CZk42RDdDMU94eWhGNksyVDJvdGFjMFE5OFkzREd3MDVjbDE5NURTVDFRckVNVnlVN0Z5Zw?oc=5
2026-09-24 14:33:50,QQQ,QQQ 260923 635.00C (QQQ260923C635000)股票期權鏈|報價及新聞,Moomoo,https://news.google.com/rss/articles/CBMiX0FVX3lxTE8yd0o5Wk9zNjBhZS14MEZyRTFRT0s1R2VoLWdnMWhFQmF5bWZaT2NnczE3bEZNbmhLVlpfcmtrdXNqQURNOGFaVThNaWhlS0Z3dDRPNHBkYWxrSmRibEhZ?oc=5
2026-09-24 14:15:06,QQQ,QQQ260923P00485000 interactive stock chart | QQQ Sep 2026 485.000 put stock,Yahoo Finance Australia,https://news.google.com/rss/articles/CBMiY0FVX3lxTE1NSGFaNEVyUnR6RURPRGs3NGVyeXpRMGdSV2tWMzZqY2I5TGJjSDhQdWxTdTJLdHFwdjRnemZZdHZjNVgyUUNiYVFXTVM1MXZJUTZtLUxzcVJBSld2OS1nNTRhWQ?oc=5
2026-09-24 13:20:21,QQQ,QQQ 2026年10月750.000 PUT (QQQ261005P00750000)互動股票圖,Yahoo Finance UK,https://news.google.com/rss/articles/CBMibEFVX3lxTFBNZVUzQng0X0dvR1QyM3FxRkhWa010S0FaMk11V296X3dZdXA3ckEtNkItRTg3QnZyaVdIOUl6X2pDMHk0aC13X0R6R1o2dkpPTWNld25TN3gwNmVKY21RUXhWcGxOeF9XaEMtQQ?oc=5
2026-09-24 12:57:15,QQQ,QQQ261001P00545000 interactive stock chart | QQQ Oct 2026 545.000 put stock,Yahoo Finance UK,https://news.google.com/rss/articles/CBMiY0FVX3lxTE1kLWJheWpUN21PWGlUWFNubDFZUkhiYVVyS0NyYTNlWHQwcjc0dGFLWkFScERLYTM5RmI4djQtXzNyNGdBYVl1cTQwbDRvdW9VVExpcmlPZzVlRUZveDNNbUtDUQ?oc=5
2026-09-24 12:55:45,QQQ,QQQ260928C00745000 interactive stock chart | QQQ Sep 2026 745.000 call stock,Yahoo Finance UK,https://news.google.com/rss/articles/CBMiY0FVX3lxTE15Q1hwT0J0YXJRbWZVMEY0QUFZWEtlVlZjWFltT1JSMkZELXQxeU9iX2JtaGhWcUtiQ1kxX2hfQ0hnM2tWYXJISnNqUDY1TFNwV0R1SjluWmhHWjQ2U1BHa2pEbw?oc=5
2026-09-24 11:42:50,QQQ,QQQ 2026年9月715.000 CALL (QQQ260921C00715000)互動股票圖,Yahoo Finance UK,https://news.google.com/rss/articles/CBMibEFVX3lxTE5wOHNydVU5eEI1TGhXSUsxWE50SDYxbjA1WFVPMEx3Wno2NUROMGZBaXV0U2YyVkFlOUxBUWJHWDR2MWpjNUxlMk1uMFZ4M3kzT3VhTTV3bUZmVk1CVkVDUDR4QzBOX3JjMlVsVw?oc=5
2026-09-24 10:53:48,QQQ,Zacks投資理念特色亮點： GLD、QQQ、USO、MU和TWLO,Zacks Investment Research,https://news.google.com/rss/articles/CBMiqgFBVV95cUxNcGl5dzVPR0ZLVlY2UkpBYmY0WTRUc1lBNS02QklvalNoQk8tblUzMEpGZnRtX0psWlY4dkZTeFdaMXRTT2M1cl9BZWZ0Z1dFLVhuTVNTRGQwSG53RjJkeFFuNEJlU0prZEhwWnpYdEVmYkRYdWo0UmU5WEVMbFFSUk93QUluQWQ3cWk4OXcxbVZ2bldma3pEd29yZ3RFbmxxTkxpcXE1NGU5QQ?oc=5
2026-09-24 10:19:35,QQQ,QQQ 2026年10月795.000 CALL (QQQ261006C00795000)互動式股票圖表–雅虎財經,Yahoo Finance Singapore,https://news.google.com/rss/articles/CBMibEFVX3lxTE5EVzBjSThjcFFGRVk5YzAxaU9TLVMtYWtaMmlQS0Z2ck9GNXJCVU1XQXZyUEdHdE1odWNuOElqaHFSMnE3MTY1Szl6ZThOV3oxOThQNkE0eFViVnp1cWhha0hSOW1sSXVvTzZDUA?oc=5
2026-09-24 10:19:09,QQQ,QQQ Sep 2026 708.000 call (QQQ260924C00708000) interactive stock chart – Yahoo Finance,Yahoo Finance Singapore,https://news.google.com/rss/articles/CBMibEFVX3lxTFB3MzZPTXIyaTFBTUdmMENzYUhBNmx1d0JCYVNYUENyd1BXUFJzZ3pKcjU1enViRFliWXBOckFIaUppN2RlYzVQOUxoOGcxTlFieFZmWjB3YWh5cTJVUnJPMFhGV0ZXR0wtSGNvaA?oc=5
2026-09-24 10:18:59,QQQ,QQQ 2026年9月773.000 CALL (QQQ260924C00773000)互動式股票圖表–雅虎財經,Yahoo Finance Singapore,https://news.google.com/rss/articles/CBMibEFVX3lxTE9tWGFJRkVzU1ExR1NINTFCZlowVEpYaFpHNTg0YlVEdE0yUnZ6UzNVN2ppODZ4VjExMW5vSWlxOFZkWGt5M3hvRDBWVTRYUEJRb1dsVmhfaXVTUFZIQlNsUUNWUEF4djBPcVBZRg?oc=5
2026-09-24 10:11:54,QQQ,QQQ 2026年10月720.000 CALL (QQQ261005C00720000)股票歷史價格和數據,Yahoo Finance UK,https://news.google.com/rss/articles/CBMib0FVX3lxTE5yTkZBb0V4WHhZS0hDNUZ4QUVHTjdjcVRBZk93WWtXbjdCWHlHQzZJei1TbFdpQ09tTmUtTXZPZTh4dlpWTWFIU3BqdWlUbVJoMF9JR3dYeUswOUFwUnItOGEyQk9kUW9VNm5DUUE2QQ?oc=5
2026-09-24 10:04:20,QQQ,QQQ260923P00731000 interactive stock chart | QQQ Sep 2026 731.000 put stock,Yahoo Finance Australia,https://news.google.com/rss/articles/CBMiY0FVX3lxTE5YRjNVYTZpRm1nNnZZa0FtaFJNWXVGNzdDQlFLZFRvU0tJckVqa1RFWHBOakI2T21rbE1lTUNnT09SNE5SMXhCcTNYYmZjUTJNZkU1SXhEaUlXbTZQeS1vQm0wbw?oc=5
2026-09-24 09:55:41,QQQ,QQQ Sep 2026 672.000 put (QQQ260924P00672000) interactive stock chart – Yahoo Finance,Yahoo Finance Singapore,https://news.google.com/rss/articles/CBMibEFVX3lxTE9rdldLcW40b01yMU95RnE1RFoyU3RXYTN0RDZpWGtuVFh1MTFCQXRZd1NKbUZGQzVaVTI2UEVTOFhmLXh2SW82LXFMRk9kbmZReUFoaWRDMS1fdC1vRGo5UEJyTU9va0ZjcmZldQ?oc=5
2026-09-24 09:34:00,QQQ,Zacks投資理念特色亮點： GLD、QQQ、USO、MU和TWLO,Yahoo Finance,https://news.google.com/rss/articles/CBMiqgFBVV95cUxNRVhUUkZJVzVmZl9zOXpodkcxUmdrRTVJamJGZTZJbGNpbG1OMC1qM1BYLVVseU1fcWVLcFc2ZHBrc3FhcUduNmRhdW1qMGdoaWxULVBFNDVIc0pfTmI1UzNycEozNlF6V0t1VWVwdUJBMEc3Y3FGYS1zc1pkRnRzVklvRm5BdDUxa3pvQlRkc0x0d0dPWDRBZDY4T2xtOUhLSDQyTHFBYnVOdw?oc=5
2026-09-24 09:30:55,QQQ,QQQ Oct 2026 714.000 call (QQQ261005C00714000) interactive stock chart,Yahoo Finance Australia,https://news.google.com/rss/articles/CBMibEFVX3lxTFB5cFh2LWFpU1JXNlhzcUEwUXFDYTc1ZW5ycnpjWmU0d3JzU0VWd0c3NXUwc242eG5mTlk2b1FFMjhvQ1BQV1ZUYmRYbWF6b3JsaWVYQUVkRXpGNlk3SWZNYkpUXzVmOUtwdjRTQg?oc=5
2026-09-24 08:53:16,QQQ,QQQ Sep 2026 701.000 call (QQQ260924C00701000) interactive stock chart,Yahoo Finance Australia,https://news.google.com/rss/articles/CBMibEFVX3lxTE1EVnM4Ty1zLVhnckFYc0VpSTV5X1FUVXZDNnpucnI1Ymtuc2JtTEJtOG9oc0w0N09zTUxjUTh0aTZ4S1JXeURkWkRVa3B6WXRlOEJUX0RmaFA0cFVreFdBTm9aT2sxRUNlVHR1Sw?oc=5
2026-09-24 08:51:58,QQQ,QQQ 2026年10月470.000 PUT (QQQ261005P00470000)互動式股票圖表,Yahoo! Finance Canada,https://news.google.com/rss/articles/CBMibEFVX3lxTFBSaWhNc0prYklTaGdKTGtnYlFkSTExSGN3c2FMZFhlQWkzZkZwdnlQaTVDNHFXWlpSeGpla0hUdy1TbjhUVHl4LVhjSjl5aE5WR050Vks0SGZKbnptbGRGV2lRSTh1Z1BTU3ZVdQ?oc=5
2026-09-24 08:45:31,QQQ,QQQ Sep 2026 688.000 put (QQQ260924P00688000) interactive stock chart – Yahoo Finance,Yahoo Finance Singapore,https://news.google.com/rss/articles/CBMibEFVX3lxTE14bFlLNkZxd1VHdFJFQ1R5WDdpRkJ2N09jNGtHbDVPcS1hbFBaS2VIMW5kR1c3bG5CenBSdWdGVU5HUmJ4eW5DSGV2U3ZGd2lOYTE1U3c0QnJmUzU4VGNpVnV3WjE3WXE2MTRtTQ?oc=5
2026-09-24 08:37:06,QQQ,QQQ Oct 2026 733.000 call (QQQ261005C00733000) interactive stock chart – Yahoo Finance,Yahoo Finance Singapore,https://news.google.com/rss/articles/CBMibEFVX3lxTE1wUXlNWXJ1SFFpVXprSnFGbUFKMEFtSjlRMy04UmhGRVJMUGxfcjU2VnIxb09xdHZvODlMdm54akJYYkZUTHMzRUxxSFlwYWI5LS0tTDJYejJlRzdoa0UyQ0NSTS1XOFZqUzNDcw?oc=5
2026-09-24 08:36:10,QQQ,QQQ 2026年10月741.000 CALL (QQQ261005C00741000)股票歷史價格及數據,Yahoo Finance Singapore,https://news.google.com/rss/articles/CBMib0FVX3lxTE9uNGtJTDQ0V3QtZHdmSGw2MTZNNGlxQXpYbW5JcFM4dlpsNVItUG1WcDVDRnRUUzZ3T3I0S3FadU51Q2ZwTGFfOUNBZWtfcUx5R2lIWDVpWjNBYXVmd0w0Yk42b1pBb2ExYU96ZFBPQQ?oc=5
2026-09-24 08:36:07,QQQ,QQQ 2026年10月505.000 PUT (QQQ261005P00505000)股票歷史價格及數據,Yahoo Finance Singapore,https://news.google.com/rss/articles/CBMib0FVX3lxTFB3dE0zVlVNQl9lT3pvNmZSeGRWSkRKeExqRFBXeVRCejkxM2ZXY2ZjNVM5SUVqVV9SbWM5em5KcU0tR2U3LWVKZ2ZIVHdfc29wd19kdUk3OXdsSDl1NDQ5OWRoeWFvdnFTSE0ydmZyQQ?oc=5
2026-09-24 08:35:21,QQQ,QQQ 2026年10月495.000 PUT (QQQ261005P00495000)股票歷史價格及數據,Yahoo Finance Singapore,https://news.google.com/rss/articles/CBMib0FVX3lxTE5Lczk0UFozN19QZ1JDanZtSG1XS3VxTVFnSW8zZ2FIYUVDalZCX0ZUem4tLVpTMVQyUkJoUXpuaDBSaEdLckF4aXRHdU4tUHdjNmVvVmoxRFZwRFFzTVRaV3puamFqbVliWnBtTkp2UQ?oc=5
2026-09-24 08:35:13,QQQ,QQQ Oct 2026 693.000 put (QQQ261005P00693000) interactive stock chart – Yahoo Finance,Yahoo Finance Singapore,https://news.google.com/rss/articles/CBMibEFVX3lxTE1hYmJqTTZWaGVXbTItaDdBWDF1SzVvSThqSXNXMXR2Tkp0TmZNdWhmMk9KTlgtMF9pZk9wYm5rSEpXRzgxN24wX3JyLUc5aEpFLXFnamo1X0h2RmcySWt2T0dvOVJnMlpXclJtUg?oc=5
2026-09-24 08:34:58,QQQ,QQQ Oct 2026 724.000 call (QQQ261005C00724000) interactive stock chart – Yahoo Finance,Yahoo Finance Singapore,https://news.google.com/rss/articles/CBMibEFVX3lxTE1FSkRZQjJjQWFza1c4OGdhbnIySFJ2UWFrZXZTSHdCQkRJLTVDaW1renBwYktQd25tRWlKeDJneWxfMTdodEVzWnhfOUtJcWhrNXpSN2RlNDI0VVVuQ0FDSVBGbTRwVnk3OWh4ZQ?oc=5
2026-09-24 08:34:48,QQQ,QQQ Oct 2026 766.000 call (QQQ261005C00766000) interactive stock chart – Yahoo Finance,Yahoo Finance Singapore,https://news.google.com/rss/articles/CBMibEFVX3lxTFA4WXlOZGJQVjhaMEhZa1JWS3l6VVFScVMteXVnY2MwVWpCZjV1NHRxRXJlNk1wVHB1MUtoNjRTVU0zMU9SNEttbm0wa01DYmRZZDB4MWdPMGxZcHlSVi0zallmZF85NDNOWlRSRQ?oc=5
2026-09-24 08:34:47,QQQ,QQQ Oct 2026 736.000 put (QQQ261005P00736000) interactive stock chart – Yahoo Finance,Yahoo Finance Singapore,https://news.google.com/rss/articles/CBMibEFVX3lxTE5uNGFZT0NJNkx4LWFrUmxUSDhuajUtZDU3TWY2QzdKNXg1UTByTlRCMGEzd0xMc2NvdGNYSS0xTU5ZS1VuNWhPR3RYYVRCbFZDQTJzOC1tX0RzWUFQYUJWaFp1SFByblVtRnpNRw?oc=5
2026-09-24 08:34:32,QQQ,QQQ Oct 2026 766.000 call (QQQ261005C00766000) stock historical prices and data,Yahoo Finance Singapore,https://news.google.com/rss/articles/CBMib0FVX3lxTFBMUnB0WFREQVVXdTNQQTA3NmNYazNxeURBRVYxUWpFei1NbEdNU0wxVDhUdG9WYzFLdzloWExETVpJcGdfZThYcW1DM1Y1M24wdF96QllwaWMtZ0xFdFB3MHRmVnJ1bWNGVWZ3Y1h3aw?oc=5
2026-09-24 08:33:43,QQQ,QQQ 2026年10月850.000 CALL (QQQ261005C00850000)股票歷史價格和數據,Yahoo Finance Singapore,https://news.google.com/rss/articles/CBMib0FVX3lxTE9NQWotLXJGVGxjUlUtR3RTUVRiOURjWUd2R3VMODZoQmlNNWJ4em9KVFNOODI1ajNGUWhRSWsyWUxtLS16X3d3YzUyLVk3QUh4QkxTWFlqdXR2SzNqVmFwTkZZaFNZUWFXeGJHSHo3RQ?oc=5
2026-09-24 08:33:18,QQQ,QQQ Oct 2026 704.000 put (QQQ261005P00704000) interactive stock chart – Yahoo Finance,Yahoo Finance Singapore,https://news.google.com/rss/articles/CBMibEFVX3lxTE1zaEVRdjZsZmFycjJkWmdVNXNuWElHWUpDZ0pqR3dJeUwyOGVUenQyMXRKTGtOQ1dPVW1RcDJ6b0syUEV4RS1wR2JxVjdRbVp4c0dCSWdLdmZKYjhUdVhpWWl5UE9kVWIxd2xvbg?oc=5
2026-09-24 08:33:05,QQQ,QQQ Oct 2026 714.000 call (QQQ261005C00714000) interactive stock chart – Yahoo Finance,Yahoo Finance Singapore,https://news.google.com/rss/articles/CBMibEFVX3lxTE5aQWNfdVFEZjZVZHFySXlKY2dfazlfZjJ4RUZqOTBjaGdYVnlPRWhPXzEwU25qclBxYkJINEJrUEVGWkNDaU5pLWZDZDR2ODV5Wkg5dTRWUDl2NXNYN2ZFb2pGQ253azVCN0RxXw?oc=5
2026-09-24 08:32:59,QQQ,QQQ Oct 2026 749.000 call (QQQ261005C00749000) interactive stock chart – Yahoo Finance,Yahoo Finance Singapore,https://news.google.com/rss/articles/CBMibEFVX3lxTE0ya3hsSVVIUmVTQ0I2TlNmcGdPcXBsQWE2U2xOR19VT3lJU2RRN1JLWHdEU2lwMU0xRmdxM09McEZVWkdFektrRzcyWDJTREN1ZnJKY0FrQTB0amRGeWJSMEw5b2YtWHVoYzlKSA?oc=5
2026-09-24 08:32:50,QQQ,QQQ Oct 2026 520.000 put (QQQ261005P00520000) stock historical prices and data,Yahoo Finance Singapore,https://news.google.com/rss/articles/CBMib0FVX3lxTE5ITHIzSjVaNU9za3JFazk1eEF3bHpGRE5FVERDN081ZmxMRlY0QUV4REhiWWRMdDRqTkVXZEhDYUM5cW9DQ05ab3JHZG13b0NqZXYxTkQ4R2F5SVB0YVhtSkJ4aUVvN0VXVXJSNnczRQ?oc=5
2026-09-24 08:32:40,QQQ,QQQ 2026年10月743.000 CALL (QQQ261005C00743000)股票歷史價格和數據,Yahoo Finance Singapore,https://news.google.com/rss/articles/CBMib0FVX3lxTE5NaE1WRnhiWU1JQ1RrMUtSelBqVlFKN2o2ZjBoU2FqM0xMV1hPTk0taElaRXhudDZXOEx5Y2ZaWUNpMjNmdjhJOUZzN1ZYS1RwMGZ4ekh2YXZkQlJjTzBNT3I1UWNLWHVXUUZZOUR4VQ?oc=5
2026-09-24 08:32:37,QQQ,QQQ Oct 2026 745.000 put (QQQ261005P00745000) interactive stock chart – Yahoo Finance,Yahoo Finance Singapore,https://news.google.com/rss/articles/CBMibEFVX3lxTE5ham4zSzM2azhqYVEzd0xRQjBXX0F6RzJNYmhXMUxpWkNaZENiN2xPbWkxclNBeDMyVUVsYmR4MDF6a1JSSERjaTlYWnhLZGxBakFFRDBWdGFfUnRPVnIxaGlXUUFKTmRWLXFkbQ?oc=5
2026-09-24 08:32:21,QQQ,QQQ 2026年10月610.000 PUT (QQQ261005P00610000)股票歷史價格及數據,Yahoo Finance Singapore,https://news.google.com/rss/articles/CBMib0FVX3lxTFBFamxFcldoUFVnYzNEOENNUTEwRzdNOXEtc19NNC1HdTEyZzl0M3dmUWFCcWs2NTNwS3RtOUVkY0JuTHJRSmM3c2hLNG9LM2lQUmRRQTU4MzNQTHVEeG1ZVEdfaThRa2RuZHcydFpRTQ?oc=5
2026-09-24 08:32:07,QQQ,QQQ Oct 2026 714.000 put (QQQ261005P00714000) interactive stock chart – Yahoo Finance,Yahoo Finance Singapore,https://news.google.com/rss/articles/CBMibEFVX3lxTE9IR2hvd01uS0duRTV5OURmQXFLV2ZfMG1EazFqTGNNSVRkall6anIzY1d4bzVuWk5pN1RxOGMxd25UMF9IVVFKUzVFOXlMeUZRMTlEclVpYV9DdHFPMHJBcXc3azViU1ZyV2VVSA?oc=5
2026-09-24 08:31:43,QQQ,QQQ Oct 2026 765.000 put (QQQ261005P00765000) interactive stock chart – Yahoo Finance,Yahoo Finance Singapore,https://news.google.com/rss/articles/CBMibEFVX3lxTE9zTy01WnhHckRqdlkxU2JWTUlYcWlmZkduNENhUF9WTFdmRERFWUR6NlA5N2FldjZ3OUlWQVF6MzJnMlFNZldUcG9FblREbnBKVTZXazF2TFRSaHpIRlRyQ01WZktqaHZGRTFRZA?oc=5
2026-09-24 08:31:15,QQQ,下一站QQQ DUMPING EXPESS 728.....🤣🤣🤣🤣🥳🥳🥳🥳🎉🎉🎉🎉🎉🍷🍷🍷🍷💰💰💰💰💰🍀🍀🍀🍀,moomoo.com,https://news.google.com/rss/articles/CBMilAFBVV95cUxPN3JBb2laZ3gzaW5NZFd6YThKQzY2ZU9VaFhjY3R6NEJ6eW41RVpiWEhWQW90eTVwcHBLZDFZWnowRG9KS1hwN0JLSmVPeWNmNWtZVjhTdTZobEpkVFUybV8xTUpHOTdrX01oNkhJYlRXREllMkxWaU1VNUc5MzEwYlhxWmM4WUR4aFZUc1Y3b2sxVktE?oc=5
2026-09-24 08:31:07,QQQ,QQQ Oct 2026 760.000 put (QQQ261005P00760000) interactive stock chart – Yahoo Finance,Yahoo Finance Singapore,https://news.google.com/rss/articles/CBMibEFVX3lxTFBNOEZaZzlBWmxVeTMtVkV1X2FyUk9jY2wxa2U2QjFHZFJ5NDZhY2hDVXpOeFY1RDk3bkdiNEVIV3Q2V3hJaDhNVXJTamJGS05MV3Vsa0lhaE1HT1E1UHJtSENSVlJTd0pPWDVWSg?oc=5
2026-09-24 08:30:38,QQQ,QQQ Oct 2026 510.000 put (QQQ261005P00510000) interactive stock chart – Yahoo Finance,Yahoo Finance Singapore,https://news.google.com/rss/articles/CBMibEFVX3lxTE80RzhFTElQbUdubTQtc1NqaWRPSklPZ002LThWRThEMHR0RklOdVdZeS1XQTl6ZlJOX2tfWVFKVmF3TThEVThBTTVaZ0Rad2JoVHNfQ3lQOGx5MXk5RWQ5Qm1vSFJKenlJRmlaQQ?oc=5
2026-09-24 08:30:24,QQQ,QQQ Oct 2026 731.000 put (QQQ261005P00731000) interactive stock chart – Yahoo Finance,Yahoo Finance Singapore,https://news.google.com/rss/articles/CBMibEFVX3lxTE95dU8xMDdRMFBvanI0bThVeklmd25Fb3NScWRra2ZiczRkU24xdDhWME1aemJfNGp5X2JvUGVtWFVFQW9KUzg4M3F3dWZ0S1otY0ZwTDBFazlnbF9WOGZjRmxBTURmUkk3SHdUbg?oc=5
2026-09-24 08:30:06,QQQ,QQQ 2026年10月696.000 PUT (QQQ261005P00696000)股票歷史價格及數據,Yahoo Finance Singapore,https://news.google.com/rss/articles/CBMib0FVX3lxTE9BS0J5NVRiUnh0dERPSnE4djFQVGRteXRicGRMU1VUcTJZMUs0VFZfMTZ0Z281dmxIT3kydEl4VEZ4MXdldGNiREtNVDlZOHVMMElrTkREV1BMQWRpc2tsWFIzVWFCclR4SDQ1MTdwcw?oc=5
2026-09-24 08:28:50,QQQ,QQQ Oct 2026 695.000 put (QQQ261005P00695000) interactive stock chart – Yahoo Finance,Yahoo Finance Singapore,https://news.google.com/rss/articles/CBMibEFVX3lxTE9TZHpvQ1NvUGtYSFBseGlIMmM4aHBFOVVsMHctbEh3Q0lYaEdpRmVfaU1zVnczd0MycTEzS3JEdExzTjdyZnBZMUxEcTB2NS1Sb09DOU5VY1lnUHB5YnRWdUxkU0pXQWJiLUczOQ?oc=5
2026-09-24 08:28:09,QQQ,QQQ 2026年10月734.000 PUT (QQQ261005P00734000)股票歷史價格及數據,Yahoo Finance Singapore,https://news.google.com/rss/articles/CBMib0FVX3lxTE1FcnVBRHU2R2dxaVhOTmFycXlqaTdpVE1uSFNJcVhRLTU0SEg2RzZYclRSck55eEk1RWhJUzV4RmpZVkZmczRpTUtsWkNpM2wzS2R4UFRPamFZanQ3YVJYUjlLck5DTXdJYS1vMzQ5QQ?oc=5
2026-09-24 08:27:18,QQQ,QQQ Oct 2026 697.000 put (QQQ261005P00697000) interactive stock chart – Yahoo Finance,Yahoo Finance Singapore,https://news.google.com/rss/articles/CBMibEFVX3lxTE55anJLQlYzUS1vbXd2dk9yX0dIZm9sS2N2aGhYZG1fVTZoQm15NnlZLVNZcXRLblZ1aEk3S1B4MHNLalBBVDRqaU9wYmxSUFNIODdBNE5mWXhmcnVPeFpBX1BwWlVqVUZkbElJdw?oc=5
2026-09-24 08:24:23,QQQ,QQQ Oct 2026 770.000 put (QQQ261005P00770000) interactive stock chart – Yahoo Finance,Yahoo Finance Singapore,https://news.google.com/rss/articles/CBMibEFVX3lxTE1obkpxMXpySmVMUzU1YVFGbnNmQk9mTmMwUFJzcGh2T1RvbnJTbzRaYlhrSkNVa25NdDdIX2pXNENsU2dTZm0tSkVSUHM3Zkl4aV9MZzBaVG8tWWNPbUt2SjdfMFNGZ2hXOHhnNw?oc=5
2026-09-24 08:19:09,QQQ,QQQ Oct 2026 670.000 put (QQQ261005P00670000) stock historical prices and data,Yahoo Finance Australia,https://news.google.com/rss/articles/CBMib0FVX3lxTE9fcDR1N3dTMFpTSlcwb0EtZEdpRV9Bb2U5YzI1VXhob04zYjI1VHcydURwX1dDeVExOEVBU1h2bWdQandiTjBtUXMyUTE3YmgteHZVUXVBNTA3NTJ6T0ZyeHFTdWIyOTVBNHQzbVA0Yw?oc=5
2026-09-24 08:04:51,QQQ,QQQ 2026年9月818.000 CALL (QQQ260930C00818000)互動股票圖,Yahoo Finance UK,https://news.google.com/rss/articles/CBMibEFVX3lxTE1qMEdLRVdOa2xTTVhlSGtpRGVsQVBNQUxYY3Z6UGxfb0huUjc1QWpWNGZyTkxpQ2VIX19kbVB3QmI3SEIzelR2SzVrcUo3Zk5EYUVfR01RN2V5bGxscXhxLUlyNm8yT1l0SW5KQQ?oc=5
2026-09-24 07:41:29,QQQ,Envestnet Portfolio Solutions Inc.提高在景順QQQ $ QQQ中的地位,MarketBeat,https://news.google.com/rss/articles/CBMizAFBVV95cUxQcDMxdHdRcDVYSjNFbGViV1pWMzFSNGdsYjIteFYwN1JwaURlQ3pheHQ1anFiVXR0VFNIeWMxemFSbjV1Ync1RUNEVWRRY1d1VldaUHpOdGVmZUcydko5NkkwbEUwak95M2JJbzNNeTdVdVhWOXF3Tkd4WDRuVzg1R0p3SmZDNjFrZEM2bFp2SUFFMDVuYmxsQ2JCMGRrd2dTN3oxSFFNOGliZ0tMVmQ3Q3diMnFHdHNBUE5FVE50NXJIdDZvRTJLaTlqZHM?oc=5
2026-09-24 07:25:39,QQQ,QQQ Oct 2026 770.000 call (QQQ261006C00770000) interactive stock chart,Yahoo Finance Australia,https://news.google.com/rss/articles/CBMibEFVX3lxTE1VUkR3eE1IQmpqTjVYV29NMWYyb3p4d0dObUVweEVELXFvd2FLVnV0TVI5ZGVzdzRxajdmcDVyWFJicHFmOV9kbWdnZS1uNk9RUE5hUkw1ZjQwbGVuS0NCTzZFZmVCWTdPTzFLUQ?oc=5
2026-09-24 07:14:02,QQQ,QQQ 2026年10月770.000 CALL (QQQ261006C00770000)互動股票圖,Yahoo Finance UK,https://news.google.com/rss/articles/CBMibEFVX3lxTE5xY211Y3R1OURoOGlGMXF0ZEZJRHRqXzFoZ3ZrUFM2akdtbENNTjNXTS13NldfNXRrdnZNaHdQcU1VbzNLNjlQTHVlRHNndl9NSVprMGtGRi1rTWk2TXlJaVFyTWJpRzVjYXllaw?oc=5
2026-09-24 07:13:57,QQQ,QQQ 2026年9月712.000 PUT (QQQ260930P00712000)股價、新聞、報價及歷史,Yahoo Finance UK,https://news.google.com/rss/articles/CBMiZEFVX3lxTFBKZFZPZWNyclFHeGs1QkN5Z1JRVVlHXzhneTNpR3R2dWs0aUVQSzd2Nk5CdHVTUklCMDJDTURhN1pIV0pfdVg2b0x6WVJpalVUR3VPdDZEQ0RuQUlEcVNPeDZLZl8?oc=5
2026-09-24 07:11:35,QQQ,景順(IVZ)推出QQQ Suite推動海外成長，推出首支國際ETF,Yahoo Finance,https://news.google.com/rss/articles/CBMilwFBVV95cUxQUmt2ckhtcWtZX1lxTDFWcnZLM2hwUy1lNGtscEJJZ1NjMFdQQkhtcDB5LUZQV3pWOG5oTXNvNXFSLVhaX2JpcFJNdmhUY3JZcjJ0bi1Od0JYTEpMdU95VkNxMVVvY1V3QUx3VFdsWEFCZW81Z3J2RXdNelF0OVpBQ0FPeHMzLWhCTVRFaHYtb0xSRjZld2ln?oc=5
2026-09-24 07:00:00,QQQ,＃ 9 -最近QQQ再次變得很高，我的位置增長,Moomoo,https://news.google.com/rss/articles/CBMi9wJBVV95cUxNSi1pa2tMelFXMUpLaWM3NlpvZGo0VFM2ZWd0OXdVS1lXb3VlcTJhNW5FSldxdklISk5YcndOT0lCcGRkTWhNNmJEYzRWSlJPU2dmMmJnMHFHNHhwR2tzNXBFVWVyNHJRRkpJZkpMejRTdlpLZGpYNTJnYjNLTUpzYXVnSG96ajFHZ3pVNzNMeHZ5eUdtQkY0N29BSlJLVDYzZnJsbU9FdFVwQURudW1MOEpwZzVGb0tiSDRSRzRjVFVqQlhxRXplNnA5ZnlMT1RqLUdraEt2T25Xd0Q3MER2VF9CQWxNM2NmV1hfc181MVI4YWJ2MjA2YVhkcFlWcWx2NmVJRXh0V3NrLVcwUTRUZmNaWGh5eW5CN19IYXR0NHh2Vmc1NVFPbWV5b1lubXI0d1hmaXl1cXNjZG1qNDNpLWtKY0dZNlc2LXlScDNESjhaRUpuOE0yZHRLV3Fqbmk4eWdyNGNqcWtkQ1VKXzU4YWdZRTVmSzg?oc=5
2026-09-24 06:45:38,QQQ,QQQ Sep 2026 704.000 call (QQQ260924C00704000) interactive stock chart – Yahoo Finance,Yahoo Finance Singapore,https://news.google.com/rss/articles/CBMibEFVX3lxTFBoR1NYaXd0NGl0aHdBWXl0a0ZMQlBFamlTWld6MjhCTlV3Q3BEWDNtRVpsN1pMQTRtUWJrUDY2ZDlvN01LTTRIQ0NMYXhJcWUtYWpNUm9USlNsX2pMMFYzQTFTNFhwRVZHTlBjTQ?oc=5
2026-09-24 06:42:26,QQQ,QQQ Sep 2026 625.000 put (QQQ260924P00625000) interactive stock chart – Yahoo Finance,Yahoo Finance Singapore,https://news.google.com/rss/articles/CBMibEFVX3lxTE1UcW9WZVBCTUY5eHhfNUNjbXNKbm1RZFZCbzB3bzNtTUc0YU1tbG5JbnNIZnA5cXVSTUhEbGFIeVdBUm9IaHFtSURZUF9yU2VKbXFteVV3d0R1MEJNcU1WakpPR3lZLWozVURSaw?oc=5
2026-09-24 06:40:07,QQQ,QQQ Oct 2026 685.000 put (QQQ261006P00685000) interactive stock chart – Yahoo Finance,Yahoo Finance Singapore,https://news.google.com/rss/articles/CBMibEFVX3lxTE9mQjVxVnJMTkRWU2hyQm9TSGF0dVdRUTBMQVV0d0JxYW1nUkoyNFdabGo0WmJScnRCRDJOaHFCWmpxRUVBNTJEcUF2V1ItbWNjX0RleVhzbGx5dnA4aUF2Y0VmcjQ0b2h6NkxIMQ?oc=5
2026-09-24 06:39:13,QQQ,QQQ Oct 2026 725.000 call (QQQ261006C00725000) interactive stock chart – Yahoo Finance,Yahoo Finance Singapore,https://news.google.com/rss/articles/CBMibEFVX3lxTFBKZDdlM0ItUkViRTJUMjhOd0VPenZSYjZXN1FXZnRLS0RSbktERjZ6YVFORk01Sm9kTU5hWUItM0RwbmRNdF82NVo3bVNZUy1RajBfT0dWbnZRbVE0djBuNjNQaXNISXlUMXhJMg?oc=5
2026-09-24 06:38:24,QQQ,QQQ Oct 2026 770.000 call (QQQ261006C00770000) interactive stock chart – Yahoo Finance,Yahoo Finance Singapore,https://news.google.com/rss/articles/CBMibEFVX3lxTE1Wajd0Y21uczdNOXlVVDFJZXFhYWdoUHZDeUtGVnJIYUNqbVJRR3o5Qm9MSWVpZWVDYXlCT1N1R05tSkdULXIzX1JBM1FtTmxjTUdBNUo3TDdvdjJhWUFOb2k3aGEwUlpCWllXcQ?oc=5
2026-09-24 06:26:57,QQQ,QQQ 2026年9月685.000 PUT (QQQ260924P00685000)股價、新聞、報價及歷史,Yahoo Finance UK,https://news.google.com/rss/articles/CBMiZEFVX3lxTE0yZENYVlVxV0wzZWpFVnBMcUpTZzZUdlpDMnBidFp2cG1LbFpEMUpxSzNyQlA2WWl4OThQVU16ZjE0TmVBWThCRWM5MXFhS2wxZHpxeVJXLWV2Sl9lWWtVcnRONlg?oc=5
2026-09-24 05:56:39,QQQ,QQQ 2029年1月745.000 PUT (QQQ290119P00745000)股票歷史價格及數據,Yahoo Finance UK,https://news.google.com/rss/articles/CBMib0FVX3lxTFBUMUo5bV9DUkI1WVVHMG02X0J5RWx2RWJpVFhHNGd3LWNtUzlSa1FxMWFEN19LZDZ3ODM2b2tmRVdxWkFUYzRVNGZqSllWbVJOWDhpZDFFRjdBRnVGRldjUEJkbzBsR0l3MXh1cl8zbw?oc=5
2026-09-24 03:48:20,QQQ,QQQ 2026年9月733.000 PUT (QQQ260924P00733000)股票歷史價格及數據,Yahoo Finance Singapore,https://news.google.com/rss/articles/CBMib0FVX3lxTE9rdzNXRmpzNHZLbHV0MTN0V010OFRvRTg0dEc0OE9vcERXajROX0t0NXNLNnV1RDQ5aVBTd3duYkhaa1V5VnBKOHBQU1NuMW5QZXlkTUYtLWl0ZDBMNTg5TEczLTJGN1p4TWpzcHVnMA?oc=5
2026-09-24 03:33:36,QQQ,QQQ Sep 2026 678.000 put (QQQ260924P00678000) interactive stock chart – Yahoo Finance,Yahoo Finance Singapore,https://news.google.com/rss/articles/CBMibEFVX3lxTFBxNVVwVXptV0hWTDNaZVZWbkNXallxRFE5YXpDcmtxS09ZU2FFZ19taW9UZ1Y4N1ZtcHhYUU55NlNMc19GblNlNlB5Mjk1aDRiR2JhT1V1VEl4S0p0a0FZa1lob2otS2ZkM2laZQ?oc=5
2026-09-24 02:05:36,QQQ,QQQ 2026年10月760.000 PUT (QQQ261006P00760000)股價、新聞、報價和歷史,Yahoo! Finance Canada,https://news.google.com/rss/articles/CBMiZEFVX3lxTE4wZEhIU3JqYmxoOVcwRDB2SWJYLWVfRGJnN1ZtQXUtaWg3bUhTOWRUWnRfV3BGdm1DTjhKOXlxdUNRcDRkWXhIQkpKaEFPOG1EN1RBUW1zTWxwMS1XLWJ1WDYta3k?oc=5
2026-09-24 01:25:29,QQQ,QQQ 2026年10月733.000 CALL (QQQ261009C00733000)互動股票圖,Yahoo Finance UK,https://news.google.com/rss/articles/CBMibEFVX3lxTE5CblhXSUhwVTdhcE4yNTZoTUZnbHVHbW1iS0xRaVgxeV9Tb3lqXzFBdUpvOFpYczhLWlBiVURCaDg4RUU4WlN5OHJKYTJ4VFBEQ3ZJOU81M01yejF6LUliR0JQZnVEMlhSVGs5Vw?oc=5
2026-09-24 01:11:32,QQQ,"QQQ Sep 2026 640.000 call (QQQ260924C00640000) stock price, news, quote and history",Yahoo Finance UK,https://news.google.com/rss/articles/CBMiZEFVX3lxTE5uUTdxRGQ5TG5GUVhMX1B3eWhUZTZjY1BWNjhISDdTZVdrWGhwb1lsNWdRclUwV2phdVREYVR0Z3VKck5JbkllQ09qOV9WZjZCTDFDSHE5MGdsUnluV3MzelMtQVk?oc=5
2026-09-24 01:11:25,QQQ,"QQQ Oct 2026 700.000 put (QQQ261005P00700000) stock price, news, quote and history",Yahoo Finance UK,https://news.google.com/rss/articles/CBMiZEFVX3lxTE10MHJtU3ZFbV9WQ1NqX0M4Q3FlM3BKVEc4ZnhDTmFDeTE2ODhDSVd2empCWmF1MjdiNWl1ck9Nb0NsOTlfOHN4TmFENlk1d0xIOTk2Y2M4cWFnY0lMa2xnYm5LMGc?oc=5
2026-09-24 01:10:01,QQQ,QQQ 2026年9月752.000 PUT (QQQ260924P00752000)股價、新聞、報價及歷史,Yahoo Finance UK,https://news.google.com/rss/articles/CBMiZEFVX3lxTE1ENTNHaEFnVEViM1d3Wk8xcVJSbkRQM28tVUd6eHZqOTZhcXhhTWNnQXZOM1J3XzZ5SUg3WlNGczcwUkI2dnVaZVREVy1vQmcyS0szYjVpajlmOEZNXzFfVE9vWEM?oc=5
2026-09-24 00:54:28,QQQ,"QQQ Sep 2026 733.000 put (QQQ260924P00733000) stock price, news, quote and history",Yahoo Finance Singapore,https://news.google.com/rss/articles/CBMiZEFVX3lxTE5hMWRNYmNSYk1oZDNGYkpXNVExa2o3em9iVG9adGJ4eDFYSmhLRE9XMXNVTHZ1WmFwQUZCT0JGZ0NoSW85UG5PelJWNklKZHhWTW9LNnpyQ3dPQjQ4TmtZU2JoR1k?oc=5
2026-09-24 00:49:32,QQQ,QQQ Oct 2026 693.000 put (QQQ261005P00693000) interactive stock chart,Yahoo Finance UK,https://news.google.com/rss/articles/CBMibEFVX3lxTE1zWmFNTk5VUnkzZmZoa1dsdkFKUVBUVVhFbFg4elVkQ2hJekJlY0JFRlFod2lLMlVrU1B3ajFNaVpIRzBrNUdVZGQ2Y3NOWXZncmF3bGpJMk5QYlBxUFF4cWg1Nzl6Z1JDUTZqNw?oc=5
2026-09-24 00:35:36,QQQ,"QQQ Sep 2026 767.000 call (QQQ260924C00767000) stock price, news, quote and history",Yahoo Finance Singapore,https://news.google.com/rss/articles/CBMiZEFVX3lxTFB6ME82dFF4UHVIN0VEVU5CeER4WDlVM2pMdkJOdUxFOGh5bFlTSDNLQlpLZkRKT0FPUV9STHBjUlRCeldPTlI2NWJOZkM5ZHdLOU0xZzFxQ1RrU1FUMjFuZHVvZlU?oc=5
2026-09-24 00:34:41,QQQ,QQQ 2026年9月732.000 PUT (QQQ260924P00732000)股價、新聞、報價及歷史,Yahoo Finance UK,https://news.google.com/rss/articles/CBMiZEFVX3lxTE9pVDdFOTM3R3VYc0V5WjlfN2t0c1I4TlphWHZjUTVrVE5WV2lGNkE4ODlJam10ek5nYWpJNGZNZDN2bzFPOTlwM1lybnpUbDdhcXhHM0RMaVNLNG1ZNzlEWnI0YVc?oc=5
2026-09-24 00:34:35,QQQ,"QQQ Sep 2026 715.000 put (QQQ260924P00715000) stock price, news, quote and history",Yahoo Finance UK,https://news.google.com/rss/articles/CBMiZEFVX3lxTE1zNWdVa2R6bFQzSko2Qm5NTmJneVVHNjZPMDN4eWxKN3FkVHZ3ZERTRUYxWmFROFFJNWRTSXlPVlhOc1NWaHdJTno2Z2I3dFk3Qm9TNC1FUzNHeHZGZVBBMXlFX1Y?oc=5
2026-09-24 00:33:52,QQQ,"QQQ Oct 2026 540.000 put (QQQ261005P00540000) stock price, news, quote and history",Yahoo Finance UK,https://news.google.com/rss/articles/CBMiZEFVX3lxTE5yaVA0SHBXOXpFbWVLajgtV2F2X3MyUXB4VnVSV090OGQta3lzUFBFLUx3djhIbmhmaUhXX09uQ1lBWmpUMXNfODVuNmZlWl9aQllON0dISWNJaDhCdWswZGY4NEc?oc=5
2026-09-24 00:33:48,QQQ,"QQQ Oct 2026 735.000 put (QQQ261006P00735000) stock price, news, quote and history",Yahoo Finance Singapore,https://news.google.com/rss/articles/CBMiZEFVX3lxTFAwNjVtUVpGT0xxQmtWckVGeXBRYUdGVTEwZ1ZoUFIyRFdXNFFoSFVpd0doeXl4Q3diV2ZGeTMtdFFZcnZXUkRLTWFXazJNaUtSdHhxZEtxR2ROdE9PM3FFRTd2ODk?oc=5
2026-09-24 00:33:41,QQQ,"QQQ Sep 2026 745.000 put (QQQ260924P00745000) Stock Price, News, Quote & History",Yahoo! Finance Canada,https://news.google.com/rss/articles/CBMiZEFVX3lxTE9MMGR5SlF0clZQM3laZnlFT081aEZBSkxxTnFGRW1CQ1FaX1cweEkxdG5ZMEJqRU1rYzdMTktSbjBWMkVpdzJCMEFTbTUyMEYwZ2xwOVVlUmd2WUp2OFpCa2tJVzc?oc=5
2026-09-24 00:33:32,QQQ,"QQQ Sep 2026 595.000 put (QQQ260924P00595000) stock price, news, quote and history",Yahoo Finance UK,https://news.google.com/rss/articles/CBMiZEFVX3lxTE9BSFFGOUFDMC1fTlJlWmZZZnV1NTRMQmZEd1FJTVJUb2ZZYnNnTVFmZDVObkgtbXBrZlVZQ21mYXJzTi1hYU9NUlkxSG5Ic1NCWktkQVlDckVKS3RzSFlveF82MG4?oc=5
2026-09-24 00:31:40,QQQ,"QQQ Sep 2026 754.000 put (QQQ260924P00754000) stock price, news, quote and history",Yahoo Finance Singapore,https://news.google.com/rss/articles/CBMiZEFVX3lxTFBaVTZiUkRWSTNUYVF6Tzl2RVZWSUVYdVdHUDJ4MkZnS3J2TURieUVoNkRkMHVmSk5HWUtsazliTTFiR0YzVWhzdS1zYXJqUGcxNlRkWkh6NlBxVGxKd1lOWDFWaUU?oc=5
2026-09-24 00:31:16,QQQ,"QQQ Oct 2026 735.000 put (QQQ261005P00735000) stock price, news, quote and history",Yahoo Finance UK,https://news.google.com/rss/articles/CBMiZEFVX3lxTFBzOTBfSEdZWTFEUTBXSmQ4TkJHTUxkUGtqcUhYVFhYVGUxMGVlckZrWFkxbGFJcTlTUXp0M2VnWUJnaUd5aHVmWHJsYmhQODlIY3ZUNERuckdwM3dSb3VfYlhWM0Y?oc=5
2026-09-24 00:30:27,QQQ,"QQQ Sep 2026 768.000 call (QQQ260924C00768000) stock price, news, quote and history",Yahoo Finance Singapore,https://news.google.com/rss/articles/CBMiZEFVX3lxTE9ZX0hoX1JfQlVRVVc3ZGh3ZlZicWFvU2dnTVFuMEk2MmtfLW4wNFRWZVNvUE4tZl81NmNDWG5GZlJPTlM2VlRCa3dTcjVSWHctdHo3TjBaNjVPeGFsNU1mbE94Rkk?oc=5
2026-09-24 00:30:08,QQQ,QQQ 2026年9月708.000 CALL (QQQ260924C00708000)股價、新聞、報價及歷史,Yahoo Finance Singapore,https://news.google.com/rss/articles/CBMiZEFVX3lxTE1ZR3Zkb2pVVjJ2MWZ3V0VZbEU4cVRtbVZ0b1VzZmNtYmoweWNpSlBJcUJqLXJiTW1LM0d0TkljemFzMEMzRU9tbW9fMUI2SFAxd2ZQRzhiZlZtWDRrUmJOYlByQXo?oc=5
2026-09-24 00:28:53,QQQ,"QQQ Sep 2026 744.000 call (QQQ260924C00744000) stock price, news, quote and history",Yahoo Finance Australia,https://news.google.com/rss/articles/CBMiZEFVX3lxTE9nUjBxLUhfN3o0ZVI0OEJ5djlsNjJubnFqUkJPeUVnZFlwMHczLVZNX1dZQUIxRUhCeFkyeWhsNnlGWWt3Y0xkUXpSemJuWG1uUkJkRjZqSVhZWk1DaEdJS3pKdUQ?oc=5
2026-09-24 00:26:39,QQQ,QQQ 2026年9月675.000通話(QQQ260924C00675000)股價、新聞、報價和歷史,Yahoo! Finance Canada,https://news.google.com/rss/articles/CBMiZEFVX3lxTE5RNVZhS0R0MzdBVjl0aEFqRkRZMlVFQnp1T1B6WXZsZ19OY0ZnejlESGFSRFh5NmdPa3lSUy1yMkd3UG42alIyd3hHN3FBcUcyeXlfclBBNUpnQUpxa3lncHdVNHo?oc=5
2026-09-24 00:25:14,QQQ,"QQQ Sep 2026 723.000 call (QQQ260924C00723000) stock price, news, quote and history",Yahoo Finance UK,https://news.google.com/rss/articles/CBMiZEFVX3lxTE5xTWliRzltZmNpMk5UTUVKN1cwSDRqQ05jLXF3RTYtejkxY3ktU1FQMUJRU2tlRkQ5aDZpOVZmSk5nYXFIbjhYbGxoMWdDM05iRjVOVXZnZWxlMGY5eFN6SzkzUmI?oc=5
2026-09-24 00:24:36,QQQ,"QQQ Sep 2026 545.000 put (QQQ260924P00545000) stock price, news, quote and history",Yahoo Finance Singapore,https://news.google.com/rss/articles/CBMiZEFVX3lxTE04eGpvNlBQQTBmSXdKRWxrU0ZwWERLWXFyeElTYnFYU1FHNnJILW5vM1FGQkoxd1pqcE9pMEppNmlZbXRYNklENG1jakRmbzJJXzRGdUlzdzRfU2R5dHI1UVMtb3U?oc=5
2026-09-24 00:24:32,QQQ,"QQQ Sep 2026 759.000 call (QQQ260924C00759000) stock price, news, quote and history",Yahoo Finance Singapore,https://news.google.com/rss/articles/CBMiZEFVX3lxTE82cmxncUoxYjlUTmd0NUJEMjdCTWRCYlB0TGNHQmY1OEw2SlBSRVRwUlFUQWw1ak5yYW5YR3dGR0lWLWI2d09ZTFdQZzZlYVVGZDNwbzRST05wQlBkeTlBZWtRbHI?oc=5
2026-09-24 00:24:22,QQQ,"QQQ Sep 2026 575.000 put (QQQ260924P00575000) stock price, news, quote and history",Yahoo Finance Singapore,https://news.google.com/rss/articles/CBMiZEFVX3lxTFBDNzc1M043Vl9PdTZ4TndaVHZrMktkM09lV0t5RVQyNENfM3hob09CdDNWOUlhbkx2RlZrVWpjbEJoYzVxaHhjZm1mc0VaM3U0VlB0MW42SFdud2tmTGlIY0lFeGQ?oc=5
2026-09-24 00:23:08,QQQ,"QQQ Sep 2026 753.000 call (QQQ260924C00753000) stock price, news, quote and history",Yahoo Finance Singapore,https://news.google.com/rss/articles/CBMiZEFVX3lxTE5namdTWk90dlFRQmFYdmpPMzZDUm5wLTh6Tmdva1ZiOC1oSFFpWWpCdWFDS0VyMzZxQ3ZNczB4dVIyelFyNC1ndld5RUNsM29fbTFGS1Q0MXdpT1M3YXZGQ2F6T0o?oc=5
2026-09-24 00:21:14,QQQ,"QQQ Sep 2026 746.000 put (QQQ260924P00746000) stock price, news, quote and history",Yahoo Finance Singapore,https://news.google.com/rss/articles/CBMiZEFVX3lxTFAxOHBPRjQwbjh1RU9YV1NWbWJWYm5GdzlzX21oczZiX0Q1Njg0Y1hQc3I3dF8tZElKc0FhU1FITXVJaDFzZGdNRHEybkR5dXQxRTNhWDFUWGNWVnVvQXl3clBLUTE?oc=5
2026-09-24 00:21:09,QQQ,"QQQ Oct 2026 755.000 call (QQQ261006C00755000) stock price, news, quote and history",Yahoo Finance Singapore,https://news.google.com/rss/articles/CBMiZEFVX3lxTFBFc1E5Rlhzd1ZSZnprWmIxcmF0UnRBWHVvX1BQdXg3RmNvSGhWZ3NabU5DM3dMbVRmN0hPcF96VUdCQ3lrN29LbEZOSHItZW1fcWJtVkN1YXhfSTFCeUg1NHNjanc?oc=5
2026-09-23 21:09:00,QQQ,QQQ 2026年10月742.000 CALL (QQQ261005C00742000)互動股票圖,Yahoo Finance UK,https://news.google.com/rss/articles/CBMibEFVX3lxTE1HQWp6R0N5WWxLSWRoV1N6eEhXVllBd2o3QW5iUjFuX0g4V0VJS25rbXhtYUUyWHpVeUtWVTYtQjA0VjlUblUzQUVwNFBmUmxzVnphSlZheE5ucjZyNi1OZTlVZHhMdS1CZDFnRg?oc=5
2026-09-23 20:39:03,QQQ,QQQ Jan 2029 890.000 put (QQQ290119P00890000) interactive stock chart – Yahoo Finance,Yahoo Finance Singapore,https://news.google.com/rss/articles/CBMibEFVX3lxTE5MZ2JyWkQzVk90Y3ROMXNOX2JKODk3SERqeG5lTW1iV0I2eEJSdWdxM3dVcXg1eWoxc0NsbnQ4TF9tbzRNSmVWV0dDSGZDYXJySm1JMEY0UDM3TC02dmlEdzRrVDNTdExDY3I3Yw?oc=5
2026-09-23 20:30:24,QQQ,今日股市：特朗普-習近平峯會前10年期國庫券收益率飆升帶來的SPY、QQQ壓力,TipRanks,https://news.google.com/rss/articles/CBMiwwFBVV95cUxPNU1fQnJ3ZWdkMXJVcEt2ZHBNOVZ2UmhXVlUxQkhGOGlNWU9IZjl5aHg1aFIzOHVJS19RSEZJSDRuR3Y2Y1FvdnpnQWQwTlJJdmliMkJKQzJNN0VGdUQ4TzllQUZMMTlfNkh5eEo4cU9jZy02QXRkMS1pYWlLUUdITkhsT0FCczU1ZVlPZ1JwQVlUTXdFejB1Q3hzWmRjZGZRcXJBdkhDdy10VFBFYlZoRmNvYk1OTlN0TFlKLXhqSVJlTW8?oc=5
2026-09-23 20:27:07,QQQ,QQQ Jan 2029 1060.000 put (QQQ290119P01060000) interactive stock chart – Yahoo Finance,Yahoo Finance Singapore,https://news.google.com/rss/articles/CBMibEFVX3lxTE9aWFd6V2drUVZlRUhOSUFyb3JWYjVJUVlDMEh4Y2xtbkwtNjRZRkNRb2dOU1pJaUtKUHdfTkdGblVabFNma19POF80LUZaeEtINWRjTFpBTHlJcGxzeG5wcGRzSUdHeFQyZ2hkMA?oc=5
2026-09-23 19:36:42,QQQ,QQQ 2026年10月703.000 PUT (QQQ261005P00703000)股價、新聞、報價和歷史,Yahoo! Finance Canada,https://news.google.com/rss/articles/CBMiZEFVX3lxTFBvS1V6eEs0RXdhcnBBajZxZkZoZUVqT0l4TTZrWVNTYXRqalFwbkprVkhjS2VPdXdHOW11SlZONWhYbVdrNVpMTGV0U3hwT3BlNUgwRVNXX2hyblhnMXMyRkt3RG0?oc=5
2026-09-23 19:36:00,QQQ,Nasdaq 100 (QQQ) Hits All-Time High As Chipmakers Surge While Financial And Energy Stocks Drag,foreignpolicyjournal.com,https://news.google.com/rss/articles/CBMi2AFBVV95cUxNcXV4TndoR1B4RnllVk9JVF9NcjBoX0lrMGprY1ZqdTdPMDVZeEg1azc1aHRWcExhWnpjREJScUxMb2pvOTNfWEpVMHRHX3JwZVFHWjlCcGh3ZlFINUxvS1VSRXZZMUgyc3JoM2lKQTNiOUtlRG8yRXNnV3ZYUHpmeU1RS2JCRE8tbkZtWV9JSDRsLVNYNzF0UVROb20xWTB1TDg5Rk41czIxbDFPa0tUU0JwNG5Kd216ZE9aQ3R1LUhvSGdGU0hQSjNWd1NLRHFQVkh0bWZpdnc?oc=5
2026-09-23 18:36:23,QQQ,"QQQ Oct 2026 735.000 put (QQQ261005P00735000) Stock Price, News, Quote & History",Yahoo! Finance Canada,https://news.google.com/rss/articles/CBMiZEFVX3lxTE5tWnNFZGtIV1NPN0I4UDFyRHktTWtTV1lNZW9nS2dHUFB0cmNoZFE2TkxVNEVzRU1heHBNM050WGF6Q0doVldoVE1DRjZFTERjM2RvVHA3blZWVVVsNUpOYjlNVWI?oc=5
2026-09-23 18:33:22,QQQ,"QQQ Oct 2026 716.000 put (QQQ261005P00716000) stock price, news, quote and history",Yahoo Finance Singapore,https://news.google.com/rss/articles/CBMiZEFVX3lxTE1RNDJvNzBRTUZVMHIwdnJmVTdtNTZpWm9DcFZQLU9SV3pnaDFsdEZjbGxMNks0eVhYZVNtazJwQ08zd2dSWnpFLUlaZHBPZ29fQU5hVnpMSmF4T01BNmh2NXRabko?oc=5
2026-09-23 18:33:07,QQQ,"QQQ Oct 2026 696.000 put (QQQ261005P00696000) stock price, news, quote and history",Yahoo Finance Singapore,https://news.google.com/rss/articles/CBMiZEFVX3lxTFBpT1dHdW81NlU3MjMyU0FzSjJyaFZSYlEwaDExeEYxWGVvZ2U1UkhNSW5FRmNGUjdyTzF3cEdweW1MMXhkd0dMZXZyMURTWU1WTjVaN0RDem14NlFiNzQtYm9FdU4?oc=5
2026-09-23 18:33:02,QQQ,"QQQ Oct 2026 530.000 put (QQQ261005P00530000) stock price, news, quote and history",Yahoo Finance Singapore,https://news.google.com/rss/articles/CBMiZEFVX3lxTFA1NjV2VVMxdWNva3YzcWFERTM3MC1JakdNTy05alBVR1FBSGxVTFdHTHRWYnBNMTY1YkE4ckpzdVFVMGQ3UnZheUFFVEVoeGJaam5fUGhZNjBBYTdVYmltREFNckg?oc=5
2026-09-23 18:32:00,QQQ,"QQQ Oct 2026 751.000 call (QQQ261005C00751000) stock price, news, quote and history",Yahoo Finance Singapore,https://news.google.com/rss/articles/CBMiZEFVX3lxTE5TQTFFOXVrWGNWcUxpYWstSFprR1VpQ3FqeHhqenRSSEswUlgyMlEzX1F0SHVDcFJlYkNSa2xnVXYxcUtZOE5adnVxc3g2bXdrbHk2cmRkc285VnVZYXBrWnRNZ28?oc=5
2026-09-23 18:31:58,QQQ,QQQ 2026年10月700.000 PUT (QQQ261005P00700000)股價、新聞、報價和歷史,Yahoo! Finance Canada,https://news.google.com/rss/articles/CBMiZEFVX3lxTFB4UHVORUx2QU1zd1c5ZXpiQXV5SENNdW9RNTVDaXRFQ2REX2JwdERlMFdpNE1WV0ZrTXMybmRwNmJIQ2VheGFJNGRyS1JINUhjS0s2QWV3aWVGUl9kejQ4bkV5NkU?oc=5
2026-09-23 18:31:34,QQQ,"QQQ Oct 2026 768.000 call (QQQ261005C00768000) stock price, news, quote and history",Yahoo Finance Singapore,https://news.google.com/rss/articles/CBMiZEFVX3lxTE51VkE1S1dqSWI1SG1KbmFSa3F5bzlWZVV1UU1JTTBKclB4aWJhY0xFbkRoU0FwdW4yd2hMX3pCNzlDOE5tXzk3bEYxckM5VGtyUEtGaG9VTTQxOUV6ZklHY0tEUmQ?oc=5
2026-09-23 18:31:29,QQQ,QQQ Oct 2026 738.000 call (QQQ261005C00738000) interactive stock chart – Yahoo Finance,Yahoo Finance Singapore,https://news.google.com/rss/articles/CBMibEFVX3lxTE5xbnFQVFZZRXcteE5HOTBTRFZSSVVLSmZURDlEOTk2Z0JEUXJEclhFVDBCUm56cTlhRVhtX3NoX09jTVd2R3hSNFVDdGRjODhnRS1aRVhGWUs2ckp2WEF1ZkUwQ0F6eFhDUWh0Rw?oc=5
2026-09-23 18:31:15,QQQ,"QQQ Oct 2026 741.000 call (QQQ261005C00741000) stock price, news, quote and history",Yahoo Finance Singapore,https://news.google.com/rss/articles/CBMiZEFVX3lxTE1FVHFuRlUzLTNJeEZUOUlhRkZ3X0YtQi1qdzZRSGJ4TDhjVGtIc0Roa2lRc1B3UWhRLU1OU0dQbUpKUlFzSThGaER2QXVVSV9UV0ZuT3lnS084V3ozdDlkWVBvVi0?oc=5
2026-09-23 18:31:09,QQQ,"QQQ Oct 2026 722.000 put (QQQ261005P00722000) stock price, news, quote and history",Yahoo Finance Singapore,https://news.google.com/rss/articles/CBMiZEFVX3lxTE5tVnBDVVNoMmtuUlFBbWZMTnhCZUFmU3pzQXVQbGhBOVVBTXRyZ1NOTWlPQzltOUY0ZHZ1UkpaakJua0t5ZF9HTmpFYWJNcUEzTDlUd2ZiQlh1V3YySU9qUGtpcDI?oc=5
2026-09-23 18:31:06,QQQ,QQQ Oct 2026 748.000 put (QQQ261005P00748000) interactive stock chart – Yahoo Finance,Yahoo Finance Singapore,https://news.google.com/rss/articles/CBMibEFVX3lxTE0wUlk4eUZfVUpaLS1KQld6TUcxd2YtNXFDMXA5c0JubVhjR1FXV2VFV1F6VjlPZ3JrSGg4ejNSSmJPYkdNTE1yR2QzeHZXYnA3Z2VwOW5KQURJaEJadlZhV3pWemZCWlBCR2gtTg?oc=5
2026-09-23 18:31:02,QQQ,"QQQ Oct 2026 721.000 put (QQQ261005P00721000) stock price, news, quote and history",Yahoo Finance Singapore,https://news.google.com/rss/articles/CBMiZEFVX3lxTE1iQ2VVVHM4cXlGSnhuUm9COEk5WHRyZDdQT0lRME9rTEZtcUh6ZnVFN3VyME5iTlI4RTlLUlZQbVpnbHNnUGI2TXJUNU51VkhaY2g3N09GOXBjYTZ0aU9fSlNOTWo?oc=5
2026-09-23 18:30:37,QQQ,"QQQ Oct 2026 685.000 put (QQQ261005P00685000) stock price, news, quote and history",Yahoo Finance Singapore,https://news.google.com/rss/articles/CBMiZEFVX3lxTFBBOEFRQldWVkNneEE3WnpJUWJWNnkyX0x1QzZ3c2pPMjZmVDJZZDFDc0JmZzY1c0VERzFKWlFIb3pTWFdSZmtwY3B4a2djcWZrd1J2Q3BaM2s5Nl91cDlRSF9SZk8?oc=5
2026-09-23 18:30:13,QQQ,"QQQ Oct 2026 753.000 put (QQQ261005P00753000) stock price, news, quote and history",Yahoo Finance Singapore,https://news.google.com/rss/articles/CBMiZEFVX3lxTE1oV0dwV2htYjJNY0ZQZkpUazJSRk45dWdsdm9HUWFyZmlRbDEzNnBheW0zZHZpZnloNUo1Vi02X1FvY1BWdVRKT0hTeEFNaVAwaHowdmRBRTVuaHJzYWd0aXEtelE?oc=5
2026-09-23 18:29:29,QQQ,"QQQ Oct 2026 743.000 call (QQQ261005C00743000) stock price, news, quote and history",Yahoo Finance Singapore,https://news.google.com/rss/articles/CBMiZEFVX3lxTE5RdU1ObFl5QkgtU2pCNGVHYjJWdkVMeGx5WVdSRjdtQkw1OHY5VkVucGd0UjFfaklLLU1PeXFOQjZFakdWVU14eXNmXzlfVG5VQTQxRlpUTUhMYXcwQlo1enJtdG0?oc=5
2026-09-23 18:29:15,QQQ,"QQQ Oct 2026 570.000 put (QQQ261005P00570000) stock price, news, quote and history",Yahoo Finance Singapore,https://news.google.com/rss/articles/CBMiZEFVX3lxTE1DRkNqMl9feDRZaWZoTFFGcjYyajlRTWQwdW1mZUNVaDQtc2p4MVFFZURnY0x0bmJ6bHRXOW11X3ktV0ZGZ0M5Q2h1VWp2RmJITDJIbk8xMGtLVlhXWVFXaUVxT2g?oc=5
2026-09-23 18:29:09,QQQ,"QQQ Oct 2026 515.000 put (QQQ261005P00515000) stock price, news, quote and history",Yahoo Finance UK,https://news.google.com/rss/articles/CBMiZEFVX3lxTE1ZZUpnWGlGZEFYX2ZGRDY2T2IxNVZ3aWZhb2wwQURaWGNKdUNoVS1jMXB5ZmNPbGZmMnozZTd1ZEEwZlZiUDdZT2VrWkt3TkVXUG1kSGtQWFYxQjZUU1dZbVI2VjY?oc=5
2026-09-23 18:28:51,QQQ,"QQQ Oct 2026 475.000 put (QQQ261005P00475000) stock price, news, quote and history",Yahoo Finance Singapore,https://news.google.com/rss/articles/CBMiZEFVX3lxTE9yWW1xOF9BNjlRTk1BRVpreU9FZ2haYncyVGpUVkpfLXk3QVAxX0VGTFB0NWJYRktWLVNicnNEaGpnTEdXVkdZX0VKVWZPMjRQUVhLcjBUWWF1WFY5Z2pxR0xGUm4?oc=5
2026-09-23 18:28:28,QQQ,"QQQ Oct 2026 723.000 put (QQQ261005P00723000) stock price, news, quote and history",Yahoo Finance Singapore,https://news.google.com/rss/articles/CBMiZEFVX3lxTFBTUklueEdGcTljNXNOUFlYQU15MnBoTEZRSEJzYWFmZEFBTVpzQURqYnV6WFdhUTB1QmQyTWdNblItTXR1YkR0RGpJQVVYWVExQ2o4QXl3czdPU2ZwUHVFZjNRbjI?oc=5
2026-09-23 18:27:50,QQQ,"QQQ Oct 2026 747.000 call (QQQ261005C00747000) stock price, news, quote and history",Yahoo Finance Singapore,https://news.google.com/rss/articles/CBMiZEFVX3lxTE56N0txMURVaHBHNEV2ZHdxYVNRTWNNaWMtR1ZoQWhQd0NzSlF3U1dWdmlIdUMwVng0S2hRS19hSjhtZjc2c0ZSZm9VWXl3bmExa3dFcmFrMWJFNGh3cU1tS2k0SEg?oc=5
2026-09-23 18:26:45,QQQ,"QQQ Oct 2026 709.000 put (QQQ261005P00709000) stock price, news, quote and history",Yahoo Finance Singapore,https://news.google.com/rss/articles/CBMiZEFVX3lxTFA4cUVDQkt5SkV2STJNWUp2N2dMYjM5Z2wtTGJrUHM1UzJNQkRSb3FHclI3TjNaeFdzanhhOGNrWHg3YlJNQkxta25ZWE45SnE0Zk1BZ01mMWVxdmZ2SXYxUEYyQkE?oc=5
2026-09-23 18:23:54,QQQ,"QQQ Oct 2026 820.000 call (QQQ261005C00820000) stock price, news, quote and history",Yahoo Finance Singapore,https://news.google.com/rss/articles/CBMiZEFVX3lxTE9QbGxTS1ktcU5BRUt0STV2T1Q2bEpVZ3JlcjJXUGR6S2J2OC1xajc3TFR1WGlBNW9CeDNkZGRHa041bk5kSVVwZHBtcV96UGhUUHJJZnVpeEowN3dkWjFjM01ZeEM?oc=5
2026-09-23 18:23:42,QQQ,"QQQ Oct 2026 766.000 call (QQQ261005C00766000) stock price, news, quote and history",Yahoo Finance Singapore,https://news.google.com/rss/articles/CBMiZEFVX3lxTFBrcVQ1SkFKRGRnV0ZBN3VnbVpuRDFlZlo4M0tGQkMwNWdXOE15VTZuQ1RYUVYxR1diOHdhNEc1QjN1TVVIcWliWlUybExKWVFrUW5vc0d5emNNT2R6eEM4dmNlWUY?oc=5
2026-09-23 17:14:00,QQQ,"Invesco QQQ Trust Tokenized ETF (Hyperliquid) Price (QQQ/USD) Today | Live Price, Market Cap & Chart",Binance,https://news.google.com/rss/articles/CBMiggFBVV95cUxPVEplNWFLYl9sZ3Zzakl2eVZrNUxoNVFObXdqREkyOHlJV0NZZ3Bnb1lBUGEzVTR1SlRUVnkxN2h2R1hsMkstb0l2M1hVYjhFX3lkeG04MnlfQ01iZGduMUZmdVpRWEtMZ1dkSHJyY1lxem1ZcmxHZ3dJdnpyeTVoYWFn?oc=5
2026-09-23 16:47:22,QQQ,景順QQQ Trust (QQQ)股價、新聞、報價和歷史,Yahoo! Finance Canada,https://news.google.com/rss/articles/CBMiUEFVX3lxTFA3RDlXQlBvWXI5TU11cWxIdDFWX1lzSzRpYjBFMExVa0pmdk1BVmdsVXM3UEdzRmw5blBQb2JtZXNKTXcxeFB1VmxVN0pSb25T?oc=5
2026-09-23 16:15:00,QQQ,GOOGL股價走勢， QQQ今日下跌0.9%,Quiver Quantitative,https://news.google.com/rss/articles/CBMilAFBVV95cUxOeWgzMFJPM3lPWE45YmR1SnJHNXFMYzhsbEw3S0RDVDZ5cFhBS2dFSmRoLW1WaldpQmdvN19Zcl9DNmJzanR2TS1SS0pvc0Nsd3ZROUp4V3o0bTdyTTR4cnQ3Sm1iaGVHRmRFd0R4T3p2UUhORVdjVm0walhZNmpkbEdKUmFoVHBXWlZ0ZDlRYnZJZmRl?oc=5
2026-09-23 14:28:11,QQQ,"QQQ Sep 2026 703.000 call (QQQ260924C00703000) stock price, news, quote and history",Yahoo Finance Singapore,https://news.google.com/rss/articles/CBMiZEFVX3lxTFB2YjA3Z19mQUJ5LTdCTHY2Ujc0RWcyanJ6TTZ4UGtvSm9ITVM4aDFhTXhPcGdpNGRkc3RyOEhpMHFrMHk0dFpGZERHZ0NqZjduYlh4emdDUnpZOWh6ZG1RN2Vwd1g?oc=5
2026-09-23 14:14:41,QQQ,"QQQ Jan 2029 560.000 call (QQQ290119C00560000) stock price, news, quote and history",Yahoo Finance UK,https://news.google.com/rss/articles/CBMiZEFVX3lxTE9lYmV0MHZJVDAzMnlYa2E1eXJGOC1td3JHUVdNcEJvZXVuS0d1U2JSaWthUHp2Yk1IaVdWZnYwd2ZFM2tGbERfTjVWNUNfTjhOajJqZDRya0t0V19zTGRweWYtSlg?oc=5
2026-09-23 14:14:10,QQQ,"QQQ Sep 2026 703.000 call (QQQ260924C00703000) stock price, news, quote and history",Yahoo Finance Australia,https://news.google.com/rss/articles/CBMiZEFVX3lxTE1XVTdfdHNWME5IRV92QXo1OHl4MlJxREF6dnJ0RXJBWE4tWWpqdUE5Y18xa1Z1dnlydEZxVlJjM21zNHExZ2JBQUJ2aWpMb3ZCZGJST0NZUUF6c3dfY2VkVUpEaDI?oc=5
2026-09-23 13:54:48,QQQ,"QQQ Oct 2026 1080.000 put (QQQ261016P01080000) Stock Price, News, Quote & History",Yahoo! Finance Canada,https://news.google.com/rss/articles/CBMiZEFVX3lxTE5JN2tINElnMWkwUlAtMTJZbkU1dF9HRk12Q2xzVGVTWHB2NnhYRVNFX3hOdnFlNXRFN1NYUnUxV2xsVVp3NVVCLUtzUGdMZldQNmUzdzJJN0lxejYwS0dLcWZrNVg?oc=5
2026-09-23 13:48:19,QQQ,QQQ Jan 2029 690.000 put (QQQ290119P00690000) interactive stock chart – Yahoo Finance,Yahoo Finance Singapore,https://news.google.com/rss/articles/CBMibEFVX3lxTE1YX211MWYtbmdvVkFFZzhhX0w1cmEtaDZnYnRjOE1NS1ZVbFBGbDc1WW44NVdDazRIN2kyX0tSanJZeTVJTW1OcGVTeWhRQ2RMSTlaS3pNdlUtcllHSWl3eU9VemZTaGNCaTF2cQ?oc=5
2026-09-23 13:46:10,QQQ,QQQ Sep 2026 736.000 put (QQQ260929P00736000) interactive stock chart,Yahoo Finance UK,https://news.google.com/rss/articles/CBMibEFVX3lxTE11VjUwODZKZUNDQTlpc01BYkc2bDFicjRjWU1fUFNNUzk5OE54Rno0MzZNdmhjbUNfdmtRRFBPWS15a0ZpR0hKZHAzVmt3ZHpPNnplU2VIeEZRRkw5UmZraGd4bkNNR2UtLWxPSw?oc=5
2026-09-23 13:36:21,QQQ,QQQ Sep 2026 736.000 put (QQQ260929P00736000) interactive stock chart,Yahoo Finance Australia,https://news.google.com/rss/articles/CBMibEFVX3lxTE9mcGJCVEwtcTl5Z0xlMWZfTGpKenVnUU4zZU5zU043dnJEc2xpdGRQVUZQa243cVUwcnd4NVJHMWVHcHl2SXFNbkZ1bWxodUJrYlJuWHpuVWs3VUMxOGtObTk4T0xENHZld0VSWQ?oc=5
2026-09-23 13:22:23,QQQ,"QQQ Sep 2026 669.000 put (QQQ260921P00669000) stock price, news, quote and history",Yahoo Finance UK,https://news.google.com/rss/articles/CBMiZEFVX3lxTFBCazhNZHhXLXhhTE1LNVdOLWpmdHFCMzMxWHJNOVctZGVoNF9CM0pBVGlFWVRBT0pxSTBZd0RZUjhXckRrWGlRa0FGc0hjaEo4OG1sYVB2T3Y1N3VkLWYxOEgyeGg?oc=5
2026-09-23 13:18:09,QQQ,QQQ Sep 2026 732.000 put (QQQ260923P00732000) Interactive Stock Chart - Yahoo Finance,Yahoo! Finance Canada,https://news.google.com/rss/articles/CBMibEFVX3lxTFBJX1owZTFPQ0lWbXpwbnAwbXRkd0Y3ZzlKQ0tiMTRWT1RHVWE4TUNhUzY3M2FTbDNJdmdYOWg4MGtBZlNnTHlrSWZKS051ajMxWnJUQXJNWmw2dUtScTR5a2NKS1loMEVadk1OZg?oc=5
2026-09-23 13:15:18,QQQ,"QQQ Sep 2026 732.000 put (QQQ260923P00732000) stock price, news, quote and history",Yahoo Finance UK,https://news.google.com/rss/articles/CBMiZEFVX3lxTE9CMUlEaVNKcWQteXplXzhZTnZGTWlZZ3NTQnFUcXBuejBTem5aUWF5VlV6VDhIRWRmOW0yUzhWRDJYdm5sUzRVQmI3ZDVydVZkaFR0QkhSUzVJeE0yX0hqdkZJaVA?oc=5
2026-09-23 13:10:47,QQQ,"QQQ Jan 2029 545.000 put (QQQ290119P00545000) stock price, news, quote and history",Yahoo Finance UK,https://news.google.com/rss/articles/CBMiZEFVX3lxTE12Y3R6MWs4QWpqMk1nNGVpQUROYnpuRUMyaWM0R1VodEdjZWtWTWVyenU3TDhxNEJyNzhjQ3dxdThOMmhTd0Jta09DTVBELWQ3allGazhVMlJYRFVEMm8tVVFabWI?oc=5
2026-09-23 12:57:00,QQQ,"Invesco QQQ Trust Tokenized bStocks price today, QQQB to USD chart, marketcap and volume",cryptoslate.com,https://news.google.com/rss/articles/CBMidEFVX3lxTFBWeDlLTVg4ZFZSS2tRbGs0Zl8yc0ZVUDl4UTgxbWNRTFR1bWZFa2pSc2Fqb05SZWsyajNUSGlEalk1cElEUGFwMzQyb2RzY05xSFJMNGcxM1JVM0JWSm92UXRuRmxmdlJlekwzNXZJR0c3cXBJ?oc=5
2026-09-23 12:53:16,QQQ,QQQ 260922 885.00P (QQQ260922P885000)股票期權鏈|報價及新聞,Moomoo,https://news.google.com/rss/articles/CBMiX0FVX3lxTE9YVjRLMWRKdVJHeFlqYXhsQy1UREFyWGhTVDFWZ1htY0Fvc2xKbzhQRlM2UG1ndnE2dkF3c0o2M3BGeEkwOXRGMER5el9YRXVNV1RmQmZLMDJpYkU3VHlr?oc=5
2026-09-23 12:35:34,QQQ,"QQQ Jan 2029 820.000 put (QQQ290119P00820000) Stock Price, News, Quote & History",Yahoo! Finance Canada,https://news.google.com/rss/articles/CBMiZEFVX3lxTFBqOFltY1NEMzZKS1M0TTg5ZXhPVnlDTXNtVTVVWUt6QkhCYV9nOXo2eG5zS0hvaU5UMVVpdzFHRGdWRlNJeVBlSi0yVGNsbnZkQUJYdmtfVGFJbExvZVFlcWNRUUQ?oc=5
2026-09-23 12:32:00,QQQ,表格4景順QQQ信託： 9月23日Investing.com,Investing.com UK,https://news.google.com/rss/articles/CBMipAFBVV95cUxPN3VXWUdYdTRBLXJlcmlMLUNoS0ZYdjZuZEwyZlpNSjdTZlFUUGdpQkVlQzNib2I3cDQ5LTQtcmlUMnd0SmNZYmk5d1F0V015bFRkQ05zb2NVenZvRlU0U2hTM2VKMWVJNTdtUkhlQkJDMWtvdEFKdUdVcEtpZFpjTGpvclpfZVQ1R2RRVnM4OEhya1ZIUjdxN1JPQW5yWEZEZHlPTw?oc=5
2026-09-23 11:00:15,QQQ,QQQ Sep 2026 935.000 call (QQQ260930C00935000) Interactive Stock Chart - Yahoo Finance,Yahoo! Finance Canada,https://news.google.com/rss/articles/CBMibEFVX3lxTE9aQ0toSVBMcldkbUNRRmNqSFJqeENRckx3UXZnSFJoV3FwNFY3Wm9qcHpEOGhmTmFtYV9rWjl1dC1KRF9heXRjdWVwT29nMzAyTnpDRVI5UHk1MUpWcFZmMmxqa2lVMThZaTVLUA?oc=5
2026-09-23 10:56:46,QQQ,"QQQ Jan 2029 415.000 put (QQQ290119P00415000) stock price, news, quote and history",Yahoo Finance UK,https://news.google.com/rss/articles/CBMiZEFVX3lxTE5LcXdnczZBeVBuT0VFM2QxeXVnTzhDV2NlQW9kVWhGRHltZzRLcWk1SWo0OHFDdm41MUtIMXQ0VVI3UXRxeXVRV3lwTjRwYVNtcE9DeElzZFI5cFhYYVJnMFVxRUQ?oc=5
2026-09-23 10:33:40,QQQ,XQQI ： QQQ僅落後62分，納斯達克創下紀錄,Seeking Alpha,https://news.google.com/rss/articles/CBMiogFBVV95cUxPbndEdmJ5OHN1X1VjUGNqMEhvRFFFV0tCaVVLZzV4aWV1UXRGMlNOcHU2SS1LVHg1U2VtbTZmS055dDRlVU9ET3k2dVlMN1hOVk9XTXhkcDF0ZkQ5TDl6d3J6TFk5RjBMalNHSjZ1QlhDdnhaenVyMVBiU0xwWUN4WnN0VXRpTGtmY0JleTQtejh1eXdIWkNxekJIUDJPZENDb3c?oc=5
2026-09-23 10:23:07,QQQ,"QQQ Jan 2029 745.000 put (QQQ290119P00745000) stock price, news, quote and history",Yahoo Finance Singapore,https://news.google.com/rss/articles/CBMiZEFVX3lxTFBtU2ljUjVrSGlUOGljZ09FVWNOVHRDYTBUTjdkeDRPNkhlNEstR004QWpHSmRaRVVsRGpwR3kwSEVuOEZ4LUk4TXRDVk5WTWZpNjhKSlktZ1VfUDhtM2V2SlMyRWc?oc=5
2026-09-23 10:05:38,QQQ,QQQ 260922 740.00C (QQQ260922C740000)股票期權鏈|報價及新聞,Moomoo,https://news.google.com/rss/articles/CBMihwNBVV95cUxQM2xRcmxVN0FSd1kwN0lfNExsblUtREQ3ZFkyRXl4OVBzVVAxWjV3TUc5Sy1VYUZVRkNZLW5JQ2Qtbl9KMVNkZi1leVEtUEJ3MWtDbi1TblpPNS0ycFBOaVRkNEdZV2ZFbnF1Y1B4UElmbk9TS1UzOXhhREl3ZF9jTDVRdWUyR2VRemdHTGJ4YWh2QmhjQXBlS0laTi14NnlWOWRXZHlHZ3owQ21CaWVjYXgtYzhzbkdGaHdEUVIteFFyQVRVTXFXTHo5Sjcxa2drc2dDRXZqTlljaDk1cXZyT2sxTDd4OVJseGNvZVZPLUM0RGwyMUx1QXNDWW4xMk9hRHJON2xPelZWckZ4aE01VWxGV1pvQXRPOGY0NTA2TzR5cFZKc2JkV0tnTnFfTmlieW11OGUxd2dxeW5OdGhrSHZwVXNWSUN0UDBtVEJhTkNGeG9aVi1UelpKNS1mWG8zeS15WWdBY0lnNmhXN3JCRXFGZlFFUDV4RUw5Wkx3c1ZFTUhVSExV?oc=5
2026-09-23 09:49:21,QQQ,QQQ Sep 2026 800.000 call (QQQ260923C00800000) interactive stock chart – Yahoo Finance,Yahoo Finance Singapore,https://news.google.com/rss/articles/CBMibEFVX3lxTE5GcXdzUklMbjZFeG1XWFZld3NQVUh6dkRkOVMzcHpDVkxkdjhOSkk4OGF0bk1oNzFFRVBnbm54bGtmdDJIWnRPVFNhdU5mbE1zeVlyWkVZOXNobmkwY05IVHQtN0t5Y0VRTDJ1Rg?oc=5
2026-09-23 09:45:38,QQQ,QQQ Sep 2026 777.000 call (QQQ260930C00777000) interactive stock chart – Yahoo Finance,Yahoo Finance Singapore,https://news.google.com/rss/articles/CBMibEFVX3lxTE9neUNLT2FmVndEYnk5OVJ3OVI0clRlN28yT2ZJalN0eUJLYXY4alp1MWFwMjRQSFAzQVNaQTQ1YlRIZzJWZHY1bjdhbDZiZlRZVHgzYTlMSWFuNXRSM21NWGhPQzNla2J0V2lPcQ?oc=5
2026-09-23 09:42:11,QQQ,QQQ Sep 2026 854.000 call (QQQ260930C00854000) interactive stock chart – Yahoo Finance,Yahoo Finance Singapore,https://news.google.com/rss/articles/CBMibEFVX3lxTE5lQU9ybWN0Zk44ZHUyU1ZpeVctb3J4TW5GZkc0VnlONWtLVEJHbm9tMTJpWElVcHNnTkNmSzFfZHF6b0R4STB6Y25xTVdYQTlWRTVyUlIzY2FfdEp4ZTF4cWktdG1FR3Q0dlRfVA?oc=5
2026-09-23 09:39:55,QQQ,"QQQ Sep 2026 791.000 put (QQQ260930P00791000) stock price, news, quote and history",Yahoo Finance UK,https://news.google.com/rss/articles/CBMiZEFVX3lxTE1RNWlhUXhKZjdmXzBOTEpJd1oydDYzalNJNnhVZHRRdHBwNnRPd0syQ2o0Q0s5OG5rcDJPOV9DNk14RE5zeFhOeFVGVkRJSVlod1gtdXpqU1Z5Z3RUMUU3QlIzZ1k?oc=5
2026-09-23 09:38:41,QQQ,QQQ Sep 2026 729.000 put (QQQ260923P00729000) interactive stock chart,Yahoo Finance Australia,https://news.google.com/rss/articles/CBMibEFVX3lxTE55VGthT0FuVkFPVGc2N1d4YnRCMWFqUjVtckRYcEpLZWtWZVdwU203aU9YNnNkYmNYTkNmanUxenVickdncmp1cDFpQmFBRjVpNVF0T3pDQXg2MU9ZTmNwdmFuMUxIX3ZjcW9zQw?oc=5
2026-09-23 09:35:09,QQQ,QQQ Sep 2026 741.000 put (QQQ260930P00741000) interactive stock chart,Yahoo Finance UK,https://news.google.com/rss/articles/CBMibEFVX3lxTE5oMWJWQ1hQNUwyZzNfX19vN04zTkVmRVAyYXJpODdTQVdpX2c5dUE4LTQwSk8zMEs5U3NadVhUUzdURFVxZ3lDcUZjOTRpT1hpZXF3cURFYUltTEkyZU9FZXhBazc4MlhNNENaSg?oc=5
2026-09-23 09:13:58,QQQ,QQQ 2026年9月678.000 PUT (QQQ260923P00678000)互動股票圖,Yahoo Finance UK,https://news.google.com/rss/articles/CBMibEFVX3lxTE9DZVZtMFhlcG0zUU9nZW8tNVh1UnE0RE9hMTlhaGxiUU1ERXFRRTF4U0E3VEVwRTBhZ0xBSnF5aUZ5TjFqXzEzc0ZFZ0poam9hRmZFRk9GRi0xNDgyOV9hUTV2Rl9VSWplNHY1dg?oc=5
2026-09-23 09:08:31,QQQ,QQQ 2026年9月787.000 CALL (QQQ260930C00787000)互動股票圖,Yahoo Finance UK,https://news.google.com/rss/articles/CBMibEFVX3lxTE5jSXhnVDNmZ1lXNkx1VjBXNy1vcTFkeVgzNkNaaXJGVjlOOVpaanlRS2k5Tkx1Umh3QzVPaUhKbUp5NXY2ZFpzRkN6WW83X0JQWlRaUHFIa3hBcFlKSE5adkNCVnBfSl96WndXQQ?oc=5
2026-09-23 08:59:05,QQQ,QQQ Sep 2026 833.000 call (QQQ260930C00833000) interactive stock chart – Yahoo Finance,Yahoo Finance Singapore,https://news.google.com/rss/articles/CBMibEFVX3lxTE93ckY1MnFQN3l2cW00NXVhNUVpQi1qS3BLeTlZRGZLdllUV25RODMxU3ZzeUctdkpyVlJpTDBoZ2xVWjF4VFZRbGtDcVpzcHNoMms4Rm1QRzlJVGYtWHltaUtBc1M4ZlBZek91LQ?oc=5
2026-09-23 08:56:35,QQQ,QQQ Sep 2026 841.000 put (QQQ260930P00841000) interactive stock chart,Yahoo Finance Australia,https://news.google.com/rss/articles/CBMibEFVX3lxTFBMdlV6LW5pbV82SjRVVmZlWERwNVJoODFueDZFZENLWXJHeHQ2RnR1bmdIY1ZaelVqZFJXa1RjRVEzNjJNRDc1VXl1YmwyS1dIdDZmX3pTWGpiYWwyYWdkRkF5TUxicmdfLVBLag?oc=5
2026-09-23 08:52:39,QQQ,QQQ260923C00650000 Interactive Stock Chart | QQQ Sep 2026 650.000 call Stock - Yahoo Finance,Yahoo! Finance Canada,https://news.google.com/rss/articles/CBMiY0FVX3lxTFBEZ0c5MXdHRDB1Rk02WjluWi1GYlVfMUNWQXhSX3hNWWVSRklCMWNCdmk1LUYxSmxSbkp4STQtVE1uRDltRTd2S3U3NzFzWlB1ZzNlaDN0U2pSR29jRWZSbWRqWQ?oc=5
2026-09-23 08:50:54,QQQ,QQQ 2026年10月718.000 PUT (QQQ261001P00718000)股價、新聞、報價及歷史,Yahoo Finance UK,https://news.google.com/rss/articles/CBMiZEFVX3lxTE1oWXoydlZuMGR6RUJ5Rm9XNDRWSXNncVJ3NXJVQUdmWnhvWXBKM3hocEdxUzUyazA0aGVHVXlRdE1fcE4wNTNmUm56cExmcE9idFRoeEZDdGJDaVRHejl2aHoteFk?oc=5
2026-09-23 08:49:14,QQQ,QQQ Sep 2026 675.000 put (QQQ260928P00675000) interactive stock chart,Yahoo Finance Australia,https://news.google.com/rss/articles/CBMibEFVX3lxTE9QVVZfZHZ2ZDVkcjV5bEhZMkdwN2lEMmhVOEJhOEs2NmYzNGkwdlZoWGxRZE9QVHgza3U1UWFZaDRvQ0Fpc0lFS0FxM3dReVFRVTQ4WnJfdV9lR0xfQkNPVVloZWJGeV9qYUN6eQ?oc=5
2026-09-23 08:44:28,QQQ,QQQ Oct 2026 705.000 call (QQQ261009C00705000) interactive stock chart,Yahoo Finance UK,https://news.google.com/rss/articles/CBMibEFVX3lxTE9sWjQ4T05aNGRyUE5WeG51S1A0QXlWTE5yX0lwZTNfS19YVm91YnN6UFlSSG5IWlhZdlA3Y3dTVVh3SXdJX2VGaFJ1NDRtMTVZX2tMcHFBZnFrSVJ4bk15X0FXWjdTX2dkTXRzNA?oc=5
2026-09-23 08:44:28,QQQ,QQQ 2026年9月654.000 CALL (QQQ260918C00654000)股價、新聞、報價及歷史,Yahoo Finance UK,https://news.google.com/rss/articles/CBMiZEFVX3lxTE1NSkdkRzhpNERDREhGdElTRlJQTGpEWWJxclNFUGRVSkc1TEViaWtCcklRcXJaZk1UREpGMEZ4akxHbEdSYW45Mk0tdGtkQVZzeTZIT2lCZ1M3eWNmSXpTWDZLWjU?oc=5
2026-09-23 08:43:27,QQQ,QQQ Oct 2026 661.000 call (QQQ261030C00661000) interactive stock chart,Yahoo Finance UK,https://news.google.com/rss/articles/CBMibEFVX3lxTE1PWUJQTlNkcDdGdEktS2lHallqbFdILUxMSWdvdW40ZVlBSVhrY1F2eTVQQlpFbU5aS2F1Z2dtS0tLMEhSLXcyZm5qZ3cwTXF2eTBIeWw5MXBVWUJvQVpwQzYwaFRORVJvcElnMg?oc=5
2026-09-23 08:37:22,QQQ,QQQ Oct 2026 694.000 put (QQQ261001P00694000) interactive stock chart – Yahoo Finance,Yahoo Finance Singapore,https://news.google.com/rss/articles/CBMibEFVX3lxTE9BTW02bk82eGtLcHhBWUpEc0M2bGJsT01CcUFzUWxSeWZPNy0wNm1HbGh3SzJDMGVuaEY4ck13dGhDZ2pSdml5Nm9USnlFLW9YS21kSVBzX09RYzI1cW5iSU55M1dQTjViYWowVA?oc=5
2026-09-23 08:30:52,QQQ,"QQQ Sep 2026 565.000 put (QQQ260923P00565000) stock price, news, quote and history",Yahoo Finance Singapore,https://news.google.com/rss/articles/CBMiZEFVX3lxTE0tWFk0MFRNQzNpY0sxYUpkeFdfTUVZZTVtUVpyTTYxNkFuNlVFSDZvM2w0VUxaT1JCZGpWT1ZPZFdpcElTNmtPMzcwQmFFeG5yRkF0Tk1OQll1R1BhdmQ4aFliUmM?oc=5
2026-09-23 08:28:14,QQQ,"QQQ Sep 2026 754.000 put (QQQ260923P00754000) stock price, news, quote and history",Yahoo Finance Singapore,https://news.google.com/rss/articles/CBMiZEFVX3lxTE9yVWpQN0FOcWVwTzVDdWpkYXFFbWVyc09QNU5HS1pqVi03R3YwSTctZ05RZzF4bnhraVMwdlJGYVVsVHRrbFJOajN3QlQxckExbFVmbzdsc0tVSnNLU091Uk8zS2w?oc=5
2026-09-23 08:28:06,QQQ,"QQQ Sep 2026 748.000 put (QQQ260923P00748000) stock price, news, quote and history",Yahoo Finance Singapore,https://news.google.com/rss/articles/CBMiZEFVX3lxTFBLbjVST3lfYnhIVWloRVd0bUhHemZrd1lrMHh6b1A2ajZteU0wdjZCd0l3Y09kdVBiN2lnUlBYNkR4Z2RBVzh1OF9EQnNnZHlRUV9QcWI2NXl2WmVRTG5abUdrS2o?oc=5
2026-09-23 08:25:36,QQQ,QQQ 2026年9月721.000 PUT (QQQ260923P00721000)互動股票圖,Yahoo Finance UK,https://news.google.com/rss/articles/CBMibEFVX3lxTE5fRzRodHI4T1hkbnR5Z2wxRUlvMEJTQWdWQURlc2wzNE9ma2w4QjQxWlJJSVV1YlpMNHBEQWRsQkppRTB5cVVodWcwbWVLV1J6Z3hDT2J3bHhsUXRqeUJjQnhnSWtPaTBMSW0yZQ?oc=5
2026-09-23 08:08:24,QQQ,"QQQ Sep 2026 754.000 put (QQQ260923P00754000) stock price, news, quote and history",Yahoo Finance Australia,https://news.google.com/rss/articles/CBMiZEFVX3lxTE1XM2wtVmpfMWF3SmRvUUl5SkJEQklHMVVxcWpDd3JnUGlOUWU5VHJ4TDAxbXZoOTRTZjQ2SXYtNVJXemFabmxoWlpXTHgza3ZmUVVaMGNzV3hGWUk4UGRCd01QNUo?oc=5
2026-09-23 07:39:52,QQQ,ONEQ ：儘管有類似QQQ的風險，但下行需要一場完美的風暴（納斯達克股票代碼： ONEQ ）,Seeking Alpha,https://news.google.com/rss/articles/CBMiqgFBVV95cUxQMHprU00tckRuMnkyVV9NU04tQ2RFV2dtbDhZSVhzX2d3UzFUemJITDNiYTJheVpNVk0xcFptcmV2R0tYSHhMN2JhaGNuUWhGSWtkSk5ScjlUQXdKQU9YQ1N2OF9rYi16NzVRQm5NRng5bkV3M3pxbVJLdTVPQzhfOThIbVloUHprbGpiQUNHbHlCMnh1d25Sd2xlNVpaanM1aXV3S1o5VlZTdw?oc=5
2026-09-23 07:36:37,QQQ,QQQ 2026年9月791.000 PUT (QQQ260930P00791000)互動股票圖,Yahoo Finance UK,https://news.google.com/rss/articles/CBMibEFVX3lxTE9xanM2ZEJJTGNhMzJ6VkxaNTMteVJVNE1VUjJJZ3J3TVFOd1RPT2xZWXRCQlZ3V3dVQlV4SGFqMUUyb21iZGJFLVFVWVktbHlwUkc5aXUtUWZ4UXFUZU5RaXFmUnpSQ1EzZkxLcQ?oc=5
2026-09-23 07:24:16,QQQ,QQQ 2026年10月730.000 CALL (QQQ261009C00730000)股價、新聞、報價及歷史,Yahoo Finance UK,https://news.google.com/rss/articles/CBMiZEFVX3lxTE9QYmVabklVZl9tMlo1OUpnSzVucHhYTnExcE5QcWUtb055S2k3WV85QUQ4M0pIcHNkaEZSM0U4a2FuVWhNNTJDd01YSWxHWDlwZ2xUeFdMX3RnbmJXSWxoU3Fzamk?oc=5
2026-09-23 07:14:54,QQQ,QQQ 2026年9月661.000 PUT (QQQ260929P00661000)股價、新聞、報價及歷史,Yahoo Finance UK,https://news.google.com/rss/articles/CBMiZEFVX3lxTFBwemE3b2tTcDFRU0JGTlpFNmJIcVdvSktEYTFtclZ5QlF1QkhLcURsTHJNVTdBYjNROERIVlBlZWhoT2h2T2tBUXJ5UFNGRWMyX0dXd3hINFRTUGxXYV9qY0szaUQ?oc=5
2026-09-23 07:12:56,QQQ,QQQ 2026年10月697.000 CALL (QQQ261016C00697000)股價、新聞、報價及歷史,Yahoo Finance UK,https://news.google.com/rss/articles/CBMiZEFVX3lxTFBWaHkyYTJkeXBjWGhHX0RtN0hkZEs3d0NRSjFIQW1KSmxJOWRmamxWc01DcVhDZk1sTWZ3Z2JWem9ILVJoSTBfd0Z5bmxVNVFhSFdOOXFBZzR2ZUJPV3dnSlJrVDg?oc=5
2026-09-23 06:28:11,QQQ,QQQ Sep 2026 570.000 put (QQQ260923P00570000) interactive stock chart,au.finance.yahoo.com,https://news.google.com/rss/articles/CBMibEFVX3lxTFBGOVpOSkljbmNWeGtYVV9idV9MUXI3YUdPdGZiRmtZT2J4bXpIdlJyM0FhTTd6Qmt1dzVGTnZFNDRWRkxPMVQzRTY2M1pvSWE4NWhhclpqYTM0RTlIWHBnU3NkWEwxa05IbnJWZg?oc=5
2026-09-23 06:14:51,QQQ,QQQ 2026年9月716.000 CALL (QQQ260923C00716000)股價、新聞、報價及歷史,Yahoo Finance UK,https://news.google.com/rss/articles/CBMiZEFVX3lxTFBCRWRQeHRNUk9BandkQUhuYkJNUm0wU0IzNmFZQlJ2ODg2M1p5a0Ntc29paVE2M2p1NXVaekpJcEVLWWxQTUpSYV8yVzhsc3VxUGVNTlZZM1VrNjF4dmhPVXNnd3o?oc=5
2026-09-23 06:06:59,QQQ,景順QQQ Trust (QQQ)股價|報價與新聞,moomoo.com,https://news.google.com/rss/articles/CBMimwJBVV95cUxQTEZFLUFmaEFMLWFZeEl4Wm9GcmVHMWlVTTZNU2FWV0VId05LSjA0WHYtYjgxdDdkSlE5MDlwZm1MM0pSRU1VNTRJMjdSZEtjNk9DcmhXaGVHWnB4R0RHWUdfZ1Z5cVBvTnlValRvZGpFdWNHbkpEXzNqMFVja0gxU1JIVm5yQVpZMFRSMVJTam5jOXFnblBpdllLM3F6T0tWVko1ektPbW5GbHVmQ1BZc01TQnE3ZDhyLVV2dUlITW5NZkhjQXdURlBVOFI4Wng2aDExRnQzN2FSanN5akxVLVhYTDVOTU93NVJnTFpNTU5UaW9oSkhXRHFCSjZOdDdzaFNRalkxMWhYVXo0QWR6QkpiWEVXRGJsN2ZJ?oc=5
2026-09-23 05:49:24,QQQ,QQQ260923P00685000 Interactive Stock Chart | QQQ Sep 2026 685.000 put Stock,Yahoo Finance,https://news.google.com/rss/articles/CBMiX0FVX3lxTE9NWFFkMnRZaU9PbnRRMURRYVhEdzVLUUVsMXVmcm9NTzM4NTNqa1FyYnNvV19GZzhVZ3JqVTU5T2R5UGR2SGlndGtyY1VNMDRDQ3o2bzFvZW1FNHBVVGpN?oc=5
2026-09-23 05:43:27,QQQ,QQQ Sep 2026 687.000 put (QQQ260922P00687000) interactive stock chart,Yahoo Finance UK,https://news.google.com/rss/articles/CBMibEFVX3lxTE5Tal9HbU9XdmZodjJrOFpDYTFlcGtZcmJDMkJwUEZIT1FnVnNuckYyNnFtN0tmUVRYOWt1QkFFeWUxbU83a0lEVGlGM2ZFLXVlSXd3UV9KNUJfYTFHU2QzY3RtMklXaDJMTGZKeQ?oc=5
2026-09-23 05:19:59,QQQ,隨著QQQ回升至歷史新高，這三個行業提供了購買下跌的機會,Fundstrat Direct,https://news.google.com/rss/articles/CBMi8AFBVV95cUxNMGlQXzVsb1Q1ZVRtRWZyQ1M4QzRqUHhLNHUzbThpTWdpNEY3T0F3cEE4cjlRUTlHRDE5bjRCZ0pKRlJIendIeWFpUGpzVlVYTnYwWC1QWDQybTIwQ0NJVzZFdWM5Z196THFFUnJScWx5NmNEbzZEaDI3REl1YVRWbi1GLVVhMmJXc1dobkNFdmtPRFNhcnFiTW0zOUttQnJGX2E2VkN4alZCWENGZmRpUDJja2YyUzMxelJDTTIxekZ1ZVFIblhIQ2xWNHFXLTlfMU4xR2xtdE5aOXVwTlA5WEhwdXVXeXVsMzl0REpmbXY?oc=5
2026-09-23 04:53:49,QQQ,QQQ Sep 2026 475.000 put (QQQ260923P00475000) Interactive Stock Chart - Yahoo Finance,Yahoo! Finance Canada,https://news.google.com/rss/articles/CBMibEFVX3lxTE5TUlVYellRSzd4azRwR1hFQWxoZEdSd01GMlNrOVRGRkwyMDNCdHkzWHBRWkxxRFZXcjJGTWVEd3ZpTHR2OC1fMENyUnJQTnJhT05NYjB6ZVlLa1pPU0JJaS1TeTR3aTlJcDgxRw?oc=5
2026-09-23 04:49:16,QQQ,"QQQ Sep 2026 710.000 put (QQQ260923P00710000) stock price, news, quote and history",Yahoo Finance UK,https://news.google.com/rss/articles/CBMiZEFVX3lxTE9fcllBclB2dFp0SmpHOGx5QTlLbXpjdU9vdHEtdDloZWRnRkpJLVZ4MVQyN2NQdl9CVjVvREdBT3JSMTU5QnBJQVBtU2xYZE9ZNDNIQlpRSWlyT3FvVVl0TGhLd3U?oc=5
2026-09-23 04:48:30,QQQ,QQQ 2026年10月731.000 CALL (QQQ261002C00731000)股價、新聞、報價及歷史,Yahoo Finance UK,https://news.google.com/rss/articles/CBMiZEFVX3lxTE96VG0ydmpSVEVJMEZCd0k5WEZkX2VraGxtWVE0LWJfWmRMRVhEeDhNMjVTMzV0aGdWQ3oxa0ZCRjZyTHJOb1o1SWZYbjRYZ0ZWdlNQQm0zMmQyRVdJUndaTmJwaHI?oc=5
2026-09-23 04:46:58,QQQ,QQQ Sep 2026 686.000 put (QQQ260923P00686000) interactive stock chart,Yahoo Finance Australia,https://news.google.com/rss/articles/CBMibEFVX3lxTE5rNjhZYmNvYlA1RTdBY2pUS21zaWxrSDBQWHlqUW8tNlJmRmRpRlQ0X29rMVB6Uk5mSVY4QUNhWFZLNEhYMF9EdEZ2Qkgxcmtwb0l4YmVDZnEwMVpnOEVmNzZMdW0yYzhJRWEwRQ?oc=5
2026-09-23 04:40:31,QQQ,"QQQ Sep 2026 736.000 call (QQQ260924C00736000) stock price, news, quote and history",Yahoo Finance UK,https://news.google.com/rss/articles/CBMiZEFVX3lxTE5jZVIyajJKMzVLTE5sNGJoUnA3TFhYMVk4ZzgtM3k1MlV1a2V2MG1OSkRPVlA3d2hqdXZVYUxVZTFUOGVzYWxmMmkxelUweF93ZTNiODR5aTdYcTgxaG82NXVncG0?oc=5
2026-09-23 04:36:57,QQQ,$ Invesco QQQ Trust (QQQ.US) $做空,Moomoo,https://news.google.com/rss/articles/CBMijwFBVV95cUxQZFFVTF9nRGJVZTdqMjFfWFZFUEZQX2dZNkVJX0x4WTNjdFY2U1BYYVpzS1B3SWdCN3NRLVhQMl9ITGM1bTJVVm5wVV9fLVdvamhPMHE1aVFBUmctNkNWNW5HZGluZHRVRmtSUjFlYzh0YWxRZDFTUFFJZk5jZm9NTEMxZk5GeDZQZlYwTDZ1RQ?oc=5
2026-09-23 04:27:23,QQQ,QQQ Oct 2026 800.000 call (QQQ261009C00800000) interactive stock chart,Yahoo Finance UK,https://news.google.com/rss/articles/CBMibEFVX3lxTE5rR2NOejMyU2I1OFRLR1hjeWQ4ajI2X3plV1E4MGw0RlpUZ3Z2YzhfRU5pbGoxQW9rS2dXRTNHd1VGZXJCU196ekpRdnE0Q0xoRHNBM2xCbUREa0Z5VEZBSEZETXM0NVJsbmswRg?oc=5
2026-09-23 04:23:42,QQQ,QQQ261023P00714000 Interactive Stock Chart | QQQ Oct 2026 714.000 put Stock,Yahoo Finance,https://news.google.com/rss/articles/CBMiX0FVX3lxTE41MTE3eGkxTXN0dXZSSmw2TWZtbjUyVU9ycGFnbEcwWUxTZTUxVFVhS2xvWFN2Uk1SR0FxX3llaG51a1BaMWM4UVBZT0NpWkc2Ni1vT1o5N1A3VDlqMlpr?oc=5
2026-09-23 04:14:32,QQQ,景順QQQ信任達到新高：保護利潤還是讓趨勢運行？,Moomoo,https://news.google.com/rss/articles/CBMiY0FVX3lxTE53ZUdySEZUX0hkakpaaHBOZFUzc3c2YmdlenpvamdQd3ZxX0ZGSElrTEYwZGV6d1RGV3Rma1RvbFY3NnZsTVFPaFlEYlVnUjRiN01HME5HVnNaamFXa3hJeUt2QQ?oc=5
2026-09-23 04:01:16,QQQ,QQQ 2026年9月673.000 CALL (QQQ260923C00673000)互動式股票圖表–雅虎財經,Yahoo Finance Singapore,https://news.google.com/rss/articles/CBMibEFVX3lxTFBFWkdSOXA5aDVjaFE0dTZITXFHb3FWZVAxSGZRU3RFRGk5UXczeEhCb3prVk1JczlvQWJnT0gwWXZNZ05yN3R2My1mV3ZONDZYekVaQ000WHppTTUxal80Q0lsV3VPdkdKUDdycA?oc=5
2026-09-23 03:47:50,QQQ,QQQ Sep 2026 890.000 put (QQQ260930P00890000) interactive stock chart – Yahoo Finance,Yahoo Finance Singapore,https://news.google.com/rss/articles/CBMibEFVX3lxTE1fcmtCSVFES290bTA5dEs1UHRvMDFPdjJKUlRLMWJab2MtWUxoTHZBa2ZYVnFnTUNIRGpuV3F2T0U1YWl0bTJMNU9QUGZBNWphWHFHWkV1SEVrWGRnN2ZjWlMwbzJzV3I5cmtGNg?oc=5
2026-09-23 03:44:01,QQQ,QQQ Sep 2026 841.000 put (QQQ260930P00841000) interactive stock chart – Yahoo Finance,Yahoo Finance Singapore,https://news.google.com/rss/articles/CBMibEFVX3lxTE9TOEN4dmxzZHVHZnhBVVVjVWRpYTdMMGFGcDRSZkxVM3BrUnIzYzBhTnF5dm9HalJRZDhrZnpBeDZ2OVBsVENRc1ZwOWpGVkVTNFdka1BsLUZfMmIweDRuNnFCclBJVFBqb0RWdA?oc=5
2026-09-23 03:41:27,QQQ,QQQ 2026年9月652.000 PUT (QQQ260930P00652000)互動式股票圖表–雅虎財經,Yahoo Finance Singapore,https://news.google.com/rss/articles/CBMibEFVX3lxTE5OZmJGU1RoREt4aDF4RS1XVzBWS1NCLVQyNEdjMjdvS2ptNF9RWkVlaGpZWW5LcUxnTVhPc1dMTk85X0tLWjlEMGRuNXFmTjlTVmg0dkdldExzRGRaTlFTdU5OQl94Z01qckFyaQ?oc=5
2026-09-23 03:19:36,QQQ,QQQ270219P00720000互動式股票圖表| QQQ 2027年2月720.000 PUT股票-雅虎財經,Yahoo! Finance Canada,https://news.google.com/rss/articles/CBMiY0FVX3lxTE1FbEZaNmh6eGdTQVdWc1FyajFZZ1VzUENPRnhFbWx5SDR0cE1UUFR6cG9PNWJlMk04bkwxNDJjbmFjejZYeWtJM0w0S2RwQ1Vyd1JjbkxqQmZqMnE5X1RsTGdDOA?oc=5
2026-09-23 02:38:37,QQQ,"QQQ Sep 2026 833.000 call (QQQ260930C00833000) stock price, news, quote and history",Yahoo Finance Singapore,https://news.google.com/rss/articles/CBMiZEFVX3lxTFB4N19kT3lVVWdTYUwtTnRpb1ZpWkhzbk50WHV4NnU0c1Z4dHFkTW5uWDVjWXZuTFRuZVJiYXZwenVodEMtYTU1Z21ndFRlb21ILVNZckZlSjB5LU84MElvaEg3WS0?oc=5
2026-09-23 02:34:08,QQQ,QQQ Sep 2026 721.000 put (QQQ260930P00721000) interactive stock chart,au.finance.yahoo.com,https://news.google.com/rss/articles/CBMibEFVX3lxTE9JY0xIWklJQ3hGZ19yb0hyeDFUUE1KY0swLUZfWkxwa01tNWo5dzZtLVNCalJRSGQ2Umw2Q2RnUktMWUZWdzRMS1drdHc1WDNyMXhMRVNkc0FYYk9aWFkzclZuelJkUVRVZXZSZw?oc=5
2026-09-23 02:28:51,QQQ,QQQ Sep 2026 748.000 put (QQQ260930P00748000) Interactive Stock Chart - Yahoo Finance,Yahoo! Finance Canada,https://news.google.com/rss/articles/CBMibEFVX3lxTE1GUTRHNWxxdERrOHREY2RVT3B3VzkybGdYVzNsWUR1TjZhSkJqVVNoX01wYTlYbE9KcHRDZ3NETUVrRTRENTNfN1ZwMHpQMFVfS0lZeEdzZDlaTUNkTTZucUtlRHVsWlRWREdOeQ?oc=5
2026-09-23 02:21:36,QQQ,QQQ 2026年10月678.000 CALL (QQQ261002C00678000)互動股票圖,uk.finance.yahoo.com,https://news.google.com/rss/articles/CBMibEFVX3lxTE13bXN6TzJEallwZE1OanBZM0pOS3I1bFVKZjlibEhmMjF2TGkzbEY1N3llY09fb1pOOVF5dVJmaHlneTQtcXBzYXd3aGZOWWM4bDJwOHZKTlpKYUFIYzkzZjlieU5xRGdIS1otNA?oc=5
2026-09-23 02:16:52,QQQ,QQQ 2026年9月675.000 PUT (QQQ260923P00675000)股價、新聞、報價及歷史,uk.finance.yahoo.com,https://news.google.com/rss/articles/CBMiZEFVX3lxTE5DSkpqU0JQbExkQ1VSNHp4X1ZkNXV6OVdLTE1wUFJOYnNHcXZCOWl5SzRaYjI4VE1hYmhtS1hPY1k1TVh1UkFmSERnaklFSmZKOGl1WkNzUDNQMV9MaEplZTk5VVk?oc=5
2026-09-23 02:15:36,QQQ,"QQQ Sep 2026 837.000 call (QQQ260930C00837000) stock price, news, quote and history",Yahoo Finance Australia,https://news.google.com/rss/articles/CBMiZEFVX3lxTE5WZ1g4bG50eVVmVG0zOWk0SXhpa2N4c1pZbXZZbGxZRmlUMS1BenFOTWh3ZkFCVFlJeEYyYXExRjhndno4azUwLS1ucG9PUWJLc3FERWI2dVVoVmgtTk9icEwzSnU?oc=5
2026-09-23 02:14:07,QQQ,QQQ261023P00540000互動式股票圖表| QQQ 2026年10月540.000 PUT股票-雅虎財經,Yahoo! Finance Canada,https://news.google.com/rss/articles/CBMiY0FVX3lxTE5WRER1Ukh6YjNVdHQ0Rl9DT0JqUmR4T0lFVXV0WUt1WUxGTVY0RlBCdkViR1NGSndHY0dCZ1ZrbVdGQ3liUzUtQVpmb3JpMU5PTGxtMmN5N2NCTG9LWWlEOEFzSQ?oc=5
2026-09-23 02:11:04,QQQ,QQQ 2026年9月550.000 PUT (QQQ260923P00550000)股價、新聞、報價及歷史,Yahoo Finance UK,https://news.google.com/rss/articles/CBMiZEFVX3lxTFBOdnlUS2VFY1JWX0hqMjhlejYwNDVfQldoMm52RFE3a09seDVWVGNjbFU1MFBRQnY5eVdUejFLT08xV1NOV3Y2MnpyUmhvSDJKNjhLazk4OEVNN2hpeTBPX2hHQm0?oc=5
2026-09-23 02:09:51,QQQ,QQQ 2026年9月728.000 PUT (QQQ260930P00728000)股價、新聞、報價和歷史,Yahoo! Finance Canada,https://news.google.com/rss/articles/CBMiZEFVX3lxTE9KSjYwUzNneUU4aVdadUJkTnhiNmNIREFIS0lSR1QtQXp2U040MWlzNzEyZFB1YkdQUGh5eGlOWmZhUjBZYVA0d2p5YVV2ZE9qaU1DeDdDaEhpcE51MzcwVm5KTlg?oc=5
2026-09-23 02:07:23,QQQ,QQQ 2026年9月733.000 CALL (QQQ260923C00733000)股價、新聞、報價及歷史,uk.finance.yahoo.com,https://news.google.com/rss/articles/CBMiZEFVX3lxTE1lM1pwZklnNmlxSkZNck45X09DQS1TelYyRHR1N3hKMUJpWmdlbDBsMnRxVXp2dE9ubF8wbVB4X1gxUUxvYV9UZ0laeW92Sk96NWx0eEJmZlhjRGdzTHk0ZVBoMkw?oc=5
2026-09-23 02:04:43,QQQ,QQQ 2026年9月721.000 PUT (QQQ260930P00721000)股價、新聞、報價和歷史,Yahoo! Finance Canada,https://news.google.com/rss/articles/CBMiZEFVX3lxTE5kSE16ekpPbzJLd1lWZE1TbWZKaXpEYnpINVNOdGlpWXNKV1dhM3NkMklUVjFsR0ZPTng2V25XU2dMMzZLWjhuY3pRMVpqWDcwX2VGYVBCRVl0UFU2S3JPRHZRaGk?oc=5
2026-09-23 02:03:52,QQQ,QQQ 2026年10月691.000 PUT (QQQ261001P00691000)股價、新聞、報價及歷史,Yahoo Finance UK,https://news.google.com/rss/articles/CBMiZEFVX3lxTE1WUkJjaHlhUFJYbHZSbl9QWkU3WGtrMlBHWmlNTW0yQUE2cVhodGVOa1YxZHBucEpidS1wYksyLXhkcHlXcXE1Z01oRU1HTnhtaUwycl9vU3FzLWVpWkpaNEtiME0?oc=5
2026-09-23 02:03:37,QQQ,QQQ 2026年9月715.000 CALL (QQQ260929C00715000)股價、新聞、報價及歷史,uk.finance.yahoo.com,https://news.google.com/rss/articles/CBMiZEFVX3lxTE1DLUV5MTBPcmZlWEYtNXR2STZDQVlCS192NHlsMjFZWm9RZWlPSElBN1FqcXBkQmZ1ZnB4Z3F5bG90bk43LTdnblpHZTVhcDhNYUNWeVhjYnF4VlRQbE1wRmFhZDQ?oc=5
2026-09-23 02:03:04,QQQ,QQQ 2026年9月741.000 PUT (QQQ260930P00741000)股價、新聞、報價及歷史,au.finance.yahoo.com,https://news.google.com/rss/articles/CBMiZEFVX3lxTE1mZ1Q0NHFFYmRtQ1E4MmRuUzVZQUtCYm9qRTFPdU4xWkRGQ25UcVRRb1UzMGhHUURqZUdUbHBYZEh2ZjJ1QXlvMXRGbmRiVVpBNlNUZlBaOHh0aFhSeFo1Tm1LSDM?oc=5
2026-09-23 02:02:20,QQQ,QQQ 2026年9月702.000 CALL (QQQ260923C00702000)股價、新聞、報價及歷史,Yahoo Finance UK,https://news.google.com/rss/articles/CBMiZEFVX3lxTFBHVVhvT3JIZVZjMDNQako5WUxaeVY4dlRCVHB6b0EwQXlYQWd6WVUtSGd1R21oZ0Zhdk1jRkFDdDVwaGxHNHJZazE4SmJjNDg5SW5qeF9yTXJ2R3AtRTlEWEVBZHI?oc=5
2026-09-23 02:02:20,QQQ,QQQ 2026年10月535.000 CALL (QQQ261030C00535000)股價、新聞、報價及歷史,uk.finance.yahoo.com,https://news.google.com/rss/articles/CBMiZEFVX3lxTE1raU5QRnMtYm4xb09PVU5YOElBamxmT0tJcWdkcmE0YjUtQVBKUTFCVW0xMmd5YW13U2JfR0xjQ2E5bEVZZHlNYkZ1VXBsYWdZQkVCZUgtRVlmY2hJcTNHNEd6VDU?oc=5
2026-09-23 01:56:03,QQQ,QQQ 2026年9月728.000 PUT (QQQ260929P00728000)股價、新聞、報價及歷史,uk.finance.yahoo.com,https://news.google.com/rss/articles/CBMiZEFVX3lxTFBmZzl1SkJmNkVRbGRadExKTFVyaGRKMldYa0NBVmdtUGF5WTNWUEYyMUtRVnhwY2l6Q3hiYlB4XzVvajR6R2tsVC1qM1FJb254ZXpULTZIZk95S3U2d3R3Q1dhdF8?oc=5
2026-09-23 01:38:19,QQQ,QQQ 2026年9月696.000 CALL (QQQ260923C00696000)股價、新聞、報價和歷史,Yahoo! Finance Canada,https://news.google.com/rss/articles/CBMiZEFVX3lxTE5kZmdDUVVQbTBOSUNsd1BfaDdmeXhQTlNtSjZPV2RGRFg3NmxrRkN1Y3BaenVrbHdTUkk5dUhLOGhZXzc3aVItRE5CVnMyUFNFTFVDTUdBT19ZcGlwUkdjZllreGU?oc=5
2026-09-23 01:34:30,QQQ,QQQ 2026年10月525.000 PUT (QQQ261001P00525000)互動式股票圖表–雅虎財經,Yahoo Finance Singapore,https://news.google.com/rss/articles/CBMibEFVX3lxTFBLWGdOeEZDdHlqVDNNLXlzZ0JMRF9mQm5KVmFCamVNRk4xOGp5ZVJNSmYwd3lDSS1wU1lGRnl4Vy1QUWViNFFpd1laSXRHOENaSTZaeVY5b25kU19GS21JYU9sb0FmMkJQN0Fvbg?oc=5
2026-09-23 01:32:37,QQQ,QQQ 2026年9月915.000 CALL (QQQ260930C00915000)股價、新聞、報價及歷史,au.finance.yahoo.com,https://news.google.com/rss/articles/CBMiZEFVX3lxTE1kZGlLSWRvUUd6TDNzMmpLLU1fSHFHSGQtRUNRWVpIaVlHUm1sUmpxMXNkWENNSm0wd21jZUNYU3h3NllMb0VKVEE5LVN2UnRzRkN0cnR5R0hKRHQ3dlpiUUhEdVQ?oc=5
2026-09-23 01:27:56,QQQ,"QQQ Sep 2026 731.000 put (QQQ260923P00731000) stock price, news, quote and history",Yahoo Finance Singapore,https://news.google.com/rss/articles/CBMiZEFVX3lxTE9pdnN4ZlVNY0NLUWJKUUJ6aUJReVNPd1NiNk5XTUtrSURCdk4ydExUamRjcjBOUHd0NC1za2dqc2Y1alR0bVo1ajNzOEVhLVBmcVZTQy0wbHZ6VTN4S1plSXNCa0c?oc=5
2026-09-23 00:41:59,QQQ,QQQ 2026年10月495.000 PUT (QQQ261023P00495000)股價、新聞、報價及歷史,Yahoo Finance UK,https://news.google.com/rss/articles/CBMiZEFVX3lxTE5ITXpMVWVRZmZqRUU2eTloaTA0Vmt1OGFKTDBWaGZuRFhQaHBKYlFqNWkwMlVrWEFDLWs0akV1OFhZTVh4SmtZWjdXMElvZVo0RkhVeWhTWkRPVVJYRnhkQThYSlM?oc=5
2026-09-23 00:15:53,QQQ,QQQ 2026年10月520.000 PUT (QQQ261001P00520000)股價、新聞、報價及歷史,Yahoo Finance UK,https://news.google.com/rss/articles/CBMiZEFVX3lxTE9jTHBKOTZRWEZMbnlPTDI4S3dPZmFmSlpSZFo5c1J4T2NzaU1aU195QkVBTmdEM3J5cmp1VEhzUnY3YXJpVUVtRUdrWFdNWGNWdEhoSTg1N0NVN1FhTGhMZGxYd3o?oc=5
2026-09-22 20:34:54,QQQ,QQQ 2026年10月726.000 PUT (QQQ261023P00726000)股價、新聞、報價及歷史,Yahoo Finance UK,https://news.google.com/rss/articles/CBMiZEFVX3lxTE1pUlJoS0lpdnZVRUlaTExHbVM0QS1yM040VnRNUVpTcllUVmZfaTJ1d0hKN2QxUHN1U2pmYXpSRjhmc3ZndVJuOWY5WXpub0ljS2ZaOGphYkd3aHpCdEhUWGhWMUg?oc=5
2026-09-22 19:15:04,QQQ,今日股市： SPY、油價跌破100 $後QQQ玫瑰；特朗普在聯合國大會上向伊朗發出最後通牒,TipRanks,https://news.google.com/rss/articles/CBMi2wFBVV95cUxPTzNWYzlQbHVZaDVTTjRtYnQtVng4S24wUlAwbS1CMUxibzZGdUJIek5kRHZpeXJvNGJQdE9zT09uNlQ4aFYtSDBZVnQzU0dmLUVpX3RGVE1MSEM2ZFJONzVBVk55NWg3RDU4OXlHVlJXTUttSXFtX0ZUVzhSVm12N1RPSklwSWJBMTBQNnJrVDF1N1BrZTFxYmNJVmhYbkhzVDNEMjRmbjY1YzRHVDhoSnc3Q1lHUHFvNFJUVFBpNk44ZDdobGJBemgxUGFwRnRUMUU2SFNqZlFpYmc?oc=5
2026-09-22 18:15:04,QQQ,"Nasdaq 100 Flirts With Records, Oil Sinks For Fifth Day - Invesco QQQ Trust, Series 1 (NASDAQ: QQQ), JPMor",Benzinga,https://news.google.com/rss/articles/CBMixwFBVV95cUxOeVhFSnhpdGREeE10TjhyMlNjWFNhazdEMzd5RWh6RUI2anZwTUUycktOeG1JbU5tUlFrQVl0ekU1OTNUYkwwUm1yM1E4Ykt3TU9Fc0RIZTA2aHg4TzRQN1duNndORDdJZnNEN0JiS0hQMmVPNnJTeGMweWZ3aTNFY1BQYTRyMXRId3ZsUE9OcU90aGtoeWY3X0UyRTRtNlpoMDZSb0pfYndJcEhlTXV1LVB3WGswaTZxMjlYSXBHcWNjWkZuNi1B?oc=5
2026-09-22 17:53:00,QQQ,景順QQQ代幣化ETF （ Ondo ）價格預測2026年、2027年、2030年及以後：年度預測,Binance,https://news.google.com/rss/articles/CBMif0FVX3lxTE83eUxjSEhNOVdhRThGODdLSVJOQ09OWURWT0FldVpUeTZMOEgxWXRGNldtRmxoblFvbUw4Y0ZFY0sxaThZNzlJR3QwSUdVS1dINjZLc1BpdUZzU3pQUUlBMldzbVhMbWwzSnZNTlVSYWRieFJmZklZNTZFZTBVSXM?oc=5
2026-09-22 17:25:00,QQQ,貝萊德推出低費用納斯達克100 ETF ，挑戰QQQ主導地位,SuaraGarut.ID,https://news.google.com/rss/articles/CBMickFVX3lxTE1mbEhuTENPTDh2R0hMVkxadUVKRW94ZkVIdXVrMkhRLWJyTFdkS2d3NldmOTdhMWIydjJmcG45NFEwUlhDSkJ4MG5qTVVvU2FRWDRrNnBJVjZ6d2hubEI3Yi14M0JHRkl1LUxuMVRGa29fQQ?oc=5
2026-09-22 16:23:34,QQQ,如何交易SPY、QQQ、AAPL、MSFT、NVDA、GOOGL、META和TSLA,Benzinga,https://news.google.com/rss/articles/CBMiqgFBVV95cUxOMWFTV0J4enJkQ0JxQTFUbEdBYi1ndlFMQ3Y3OHdRUGt1VlJXSnJlMjRpMjZDeUVYc2VNZFllQ2NwOEY3TXY1V1ZuMEZrOTQyZHUwalh4enM2YXlCc2NWVmcxTnZUcUtxVjJtSHFSeDY5QlBENnd5eno5Ni1CRExKWGtvTXoxblpMeERnRE81ZXNJa2dqX1doTDZGcUwzXzdTN084RVpBMWE2Zw?oc=5
2026-09-22 16:15:22,QQQ,QQQ今日上漲0.4% ，受店鋪股價波動影響,moomoo.com,https://news.google.com/rss/articles/CBMiiwFBVV95cUxPVm8tM2dCUDJ3dERTUklWUVFZQ2JEZUVmSmpocGpPY05XQnIxN0dNNHNVcFp5WlR3RG56OTJyWTdVaEdLX1V2ekVUVXJSTU9TblpLcnRtT2FqZ0ZWS2JrS2ZzalEwWFJsazQtZXI0SHBwVUllRFBFRjNuTVJ4R2d3UkxDcFdGZkNndE5F?oc=5
2026-09-22 16:15:00,QQQ,QQQ今日上漲0.4% ，受店鋪股價波動影響,Quiver Quantitative,https://news.google.com/rss/articles/CBMikAFBVV95cUxNaXg3dEZhdjlLWF9qd1FWZkdnblhmZFRPT3VuMFd3WHBPS2pJN29GMllVN1c4alFOLUVEdy1ZNTV3NUJ2emxNVm9XY05jUkkwai1jeC1UeURiZ0JFZUN4NUwwNlM5SzJiT2MzQzVncWRjYVJpQkpzMGV1R1k0dEFpeldHM0JlZmUxRjlhWUxON1Y?oc=5
2026-09-22 15:50:15,QQQ,QQQ 2026年10月655.000 PUT (QQQ261023P00655000)股價、新聞、報價及歷史,Yahoo Finance UK,https://news.google.com/rss/articles/CBMiZEFVX3lxTE9FMU55MVlOdkhzWTBjVXFmNHNrUmtkc0ZkMWNHSXhCV29Uc3I0QjBnNy1lQ0EzZTdnbU5hbzg1M2Q2TTJTUWxtWGRsX1dKZUxrdDg5LXI2RFNUODNld0xkeklVRDQ?oc=5
2026-09-22 13:37:08,QQQ,QQQ股價周一觸及741 $ ，比52周高位低1%,ARTVOICE,https://news.google.com/rss/articles/CBMimgFBVV95cUxOb3VvM3dIZ3R5WGNyR0REZVVMMXFwMWU3aHhIN2h5WUZjNWlDQWtBZlhncnMwQXl0Q2c3ZlZpWlp5aUdON25xaXhWVnFyMjN5OVRWM1JQcmd0dDRwai1NNExMeWFXbFUtNy1WS25IUmxfWlhEWHlTZ1BIdGdQcGJZTWwtUjVJLUI4d1VhbDNDLVZ6bWJwWEp4X0pB?oc=5
2026-09-22 13:35:36,QQQ,貝萊德剛剛在QQQ上宣戰。以下是收集戰利品的方法。,Yahoo Finance,https://news.google.com/rss/articles/CBMinAFBVV95cUxOQjhmaGhQMmJvWTROWmlFRXZ2TkkzMUJRZ2RxQnhhZUFmVmFDZjVUcEt2R3YxVlVFRzJGZ2d4OFdNVHBieHJyeTdtVWMtNlJfT2k2eWRuQmpJZ2ZRNk9WU0lJdURZdDc2UDFENVdTY1ZWeTZqZTJqNDFfTXhOdFBjLUhZWWVsLWdHMDJ5OWpnWFgzSUY4UG45OXc3X3A?oc=5
2026-09-22 13:35:00,QQQ,貝萊德剛剛在QQQ上宣戰。以下是收集戰利品的方法。,24/7 Wall St.,https://news.google.com/rss/articles/CBMitgFBVV95cUxPQjhrSDMyNlp5MDFFNGltQ2YzVmNNVjVJaVZ0Z082UnhFSE55T1NGOXJrTUxROWIwV2tOUXhtYnVGQ2RPM2ZLSHJLWWxmc0hkWGN4Mzhyb3dDdmNGTU5JM1QtaEYyNnVjanE5UmhKaEV6cWtPdVBzSGRSMHhxRjNtb0tDMmx6ZFNxbUl1UTlTNWMyVnh2ZGE1QTh4VWlhVVhueVFWMDhJOFcycVlJV1NoYUVtU0luUQ?oc=5
2026-09-22 13:35:00,QQQ,BlackRock Just Declared War on QQQ. Here’s How You Can Collect the Spoils.,24/7 Wall St.,https://news.google.com/rss/articles/CBMi5AFBVV95cUxPM1JjLUNwbFRqTFFYRzdpYjZPdnJ1M0FFMTBqNEtGb09NWGhIQmhJUkhFMUpNanFvM2JzaVdNejNEZTF6T0RlVVU3S3NvSExkS045WmtwbFFZVnBfUGphajhac2tXc2E4LVh0V213SnU4X0w1NFlrZ3NtTmFBSC1jc2xoSjc5eHhueldMZjduc1paTVdjNWM1bVJOLW1XLXZRZ1ZwMjdDcE9XeG1PSlcwM1dnTFY3UkNvclEzSF9TMVVYaDR1WnZVNDk1cVRJcHNGV1VSSlpzbGZ2Z182LXkxUExSWFI?oc=5
2026-09-22 12:10:38,QQQ,20年後QQQ會在哪裏？以下是納斯達克100指數的歷史增長率。,The Globe and Mail,https://news.google.com/rss/articles/CBMihwJBVV95cUxPZHdQNnJiUjU4NXNOcFZSWGRYYTFuMnhuSnVOMjlMc3AzQVAxS1V6VkxoaFpvUDlySjNHMkFwYjlBaE1paENfZGZ2dGdVWVlSd2xzMWx3YWp5VUxSbkVGS2VwaXgtVjluQkNkZ2dfdXVfVDFEMngzbnFhOE05c3Zlc1NhSzgwZF9Zal94OExiZW91WmdmdU9jUktoa2hBazJJRWZPMW5yY2c2ZWctT3dQQ2tsNkJuLXhxLXF3azJMdU41U2VFaDQ1bjBmWnY3YUx1RXl1YkNMT25vaUhVR1ZuZFotQVBqTFRtbGk5bUd6bUpSLWVYMHJEYkgwUXNGOHR5MGVTWG1jcw?oc=5
2026-09-22 12:00:00,QQQ,20年後QQQ會在哪裏？以下是納斯達克100指數的歷史增長率。,The Motley Fool,https://news.google.com/rss/articles/CBMilAFBVV95cUxQYWhfUG0zWVAwa29HNHBRbzBiYUF4ZmJJT3NVY04taGdkNFRpQl9tbWg4S3RfYzkxSHJzVkJ6ZElSQ016OVlHTU5rNVgzNUJuWVpDQ1dKT0g3MjY5cFZpaWs5Y0VTNzc0WHJxSUYxREttOVBBd3I2YW92MmFRZlVUVTlXRVdZMDN5RlNXTGVVTFFYek5L?oc=5
2026-09-22 11:44:18,QQQ,QQQ ：景順表示ETF上漲4.22% ，資金流入128.44億$,eciks.org,https://news.google.com/rss/articles/CBMiZEFVX3lxTFAyX2tOcTJZUU5URlBZQ3lDbWZWWHNLckIxZWd6THVISUFkX0t1VHhlRWZrYzNndldRT3JKeE8yYm9JcEN4TjNpVXBxcXVibHc5NFk1Skx5M3BZRkc4RzB3MTJfcV8?oc=5
2026-09-22 11:41:22,QQQ,QQQ爲什麼會上升？隨著國庫券孳息率降至5%以下，人工智能股票反彈|商業新聞,hindustantimes.com,https://news.google.com/rss/articles/CBMixAFBVV95cUxPb0tKLTR0cDNjcVpRRzBoM3pHQ0ZHc2VqV201U1BjUTIxOS05Vm5CVkVON3BzZ0tKT182MFhLTkN2S3ZNelBNN0tTWFQ3WkVHM0FBeGtrSU9GNUczdFNRVjE0ZDE5clNFeEZ5M3N1SlFSQWtkcVoybFVEdWp0WUc1dmVmSlRfbTJzV1NLQmJJb1pDT2dSVWlncThCYUE4Rkp4czVybHlSdXY4TkxmYjI5QUd3VGZuWG1yTElTRkctUzFtd0Zm0gHKAUFVX3lxTFA4Rm5fZ3BkSXZySVQtbnJGdkpnQl9ER0NXd3JpaUJuRkFOenZWWUZISlp3WWk5dEF2LW1GT1JEWHNEMXZaanEzeF9MOWw0Q3FNUHBfR0JWUlZMUFNNQVlHdWxSUE9lZzRUYXVlVkZJREs1aXUtX3ZENWZGS3JmN3ZaOHV5ODN5cG9sMG9Ya1pjQ0Vuc0R3SHF6QXM2WnkwTEV2TVNMT2Z0c21CMWZOQUlHeVkzOTI3anFzOEdLLVNyTHBicmJDSWhjRHc?oc=5
2026-09-22 11:29:06,QQQ,20年後QQQ會在哪裏？以下是納斯達克100指數的歷史增長率。,theglobeandmail.com,https://news.google.com/rss/articles/CBMiiAJBVV95cUxQNnlYbVdpUmx0aU01VFF3a2ZaazZjcGgyR2V1RWVZdWVPYkRrb0JqNGJsb3BQcXNPUk82OVk2WEVaMFdIaFFRdjBQTUZRWm1uUzlfSU5TUzJSanlMQ21EWWdkcDA4ZXN1UTZhYld3aUxoTE5hYlRGTTBNTGpNbjd5RWJaaGRzNDBGNzE4RTJ6YWdycHlpUU9kZHJ5TE5MeldCYkk3QTJfQ25UTDRqT21aa2FLYUtzMVMtd05hWGpFYVFlVUVRbUNnTlNVZ205T2lTc1Q3c0hlbS1ncmlHamtQcWlNS3I1RXc4RDNQSFFDa1ZOWTBlX21fWS00NXh4bnFVNWxDUG1PMzM?oc=5
2026-09-22 11:20:00,QQQ,20年後QQQ會在哪裏？以下是納斯達克100指數的歷史增長率。,Yahoo Finance,https://news.google.com/rss/articles/CBMikwFBVV95cUxNeHB5djBLNUN6WktybnRZOWRWT3YyaWtTSmlpbXF1bGx2UE1VUjE4aFlab2V6THp6S1BfQkV6U3V6dHFHNkNHZjkzcUhiNkRkYVo5NjMwVFBUVkJhVXhFYzcxTDMyYkV0Zno2VTZFMnpUblVESWFDcmxjX1BoS2x0eFFJN3FaclRNWlAxeGhHV2JRSUU?oc=5
2026-09-22 11:20:00,QQQ,20年後QQQ會在哪裏？以下是納斯達克100指數的歷史增長率。,Currently.com,https://news.google.com/rss/articles/CBMigAFBVV95cUxOVlVFbFA2VmJEY3h4ck9lNVpRUHJvbHRhTERoN0lsUDJpc2lQMGhVa3dQVkYzdXBhT1pMblliYUV0WlgtdTJjSnR1Ul9FTW5KSmozcmU2aWF0b01VZTN3eExqRUluRy1GNTZRblY2YmxvaGxYcFlxS0dscm1iUzBwTA?oc=5
2026-09-22 10:38:36,QQQ,QQQ股票爲什麼會飆升，會不會突破$ 750 ？,CryptoRank,https://news.google.com/rss/articles/CBMilgFBVV95cUxNamNSRjR1cmdKZ3VKczNJeXotLUV4RG5yUEFsMmFaQUZPTlV1cFJxSkNJdV9LMDR4NUM4S09hS1F4a1I1ZTdzWmxtSzNYMnh5VEREV295YXNfbWV0X0puS011MWwyTFcwdHFhUm1tTjN4eG1IdHl6M0l4T1V1RkVsZWZVWjZ1azNpaTBGbU54OHRrSFJyX2c?oc=5
2026-09-22 10:27:10,QQQ,QQQ股票爲什麼會飆升，會不會突破$ 750 ？,Coinpaper,https://news.google.com/rss/articles/CBMiiAFBVV95cUxOaXF1N3Z1T0JZUXNUaWI3YXpjUmhaTi1KUEdjR0IyUVo4VG1MNzhnNWRrMWRENzYya1k4OS1UMGljaUswQ3NSdVdCTnQ5Ymhpb2oxbGF4a0dlZWNtRnhIWnpmaVZDamxJZENrcEw1LXVBdENHUU5jelo3NW9qTFlPY2N1U2xYa3NB?oc=5
2026-09-22 10:14:31,QQQ,QQQ 2026年9月755.000 PUT (QQQ260922P00755000)互動股票圖,Yahoo Finance UK,https://news.google.com/rss/articles/CBMibEFVX3lxTE1ieGlEOS03MkhZSm9OOW9oU3pDSFhBcU1tQ3NfQ3BxS0ptbGpwZWdkWDc5VmZqakp4RklCUXFuRG9YY1YwOTZoMmFiSzFDU2hOcEQ5MU9WMzVmeXNscWg1eW1wZEN1Q3ZiQUYwOQ?oc=5
2026-09-22 09:38:57,QQQ,景順QQQ信託宣佈派發股息因擔心估值過高,SSBCrack,https://news.google.com/rss/articles/CBMipAFBVV95cUxQSHF3NW10cnNoNmVITFltWUZhRU9PZUZUU1AwVTItVkd4VU9JdllnR0FVYm42TGRMOFQySDM0dEdTczhhYmFaSVE5OFZWeU1fektQZ0ZjQ0taM3otQ1lfLWhnazd5eUJmYnY1YVFGSXZBVEFqeGpnQ2JlR3p1enE0YjQxSjlxTVBYdl9DWUVxUDdRZm5HbEtOMUtNRENkWjhVZVNmNQ?oc=5
2026-09-22 06:52:01,QQQ,Yardeni表示， SpaceX、OpenAI和Anthropic IPO不會將氧氣從市場中“吸走” —但間諜、QQQ基金可能會爭奪SPCX股票,Stocktwits,https://news.google.com/rss/articles/CBMitgFBVV95cUxQQ1FFRFJ2clltYUt4bkpQaDdzN2xmVm11UHY5VmhqNFk4R3RUVmZWYU5ZdThSZ1dfbFB0TG8zU09tNGZoM1RmZ29PdWc2aFBETWpBWlpaYkdrNi1SYWFYUnlTQlVtYWpza0RzLVcwUXljRVUzVWZIOW1fVDZacFJST1Jvc2dsRldvMEE0dnJlQnNOMjlqdVhFU0R2eHg5N2g4YzlSN2hFMThiMmpKeXNzUllUZ25BQQ?oc=5
2026-09-22 04:35:53,QQQ,QQQ 2026年9月630.000 PUT (QQQ260922P00630000)股價、新聞、報價及歷史,Yahoo Finance UK,https://news.google.com/rss/articles/CBMiZEFVX3lxTE9wYmloQ3NpMDRHVDAtS1J5bTMxOV95MmFrbHFUX0N4YkVMdDl0bkpYeXJLdUlZbDlKOVR5eWdwQlFPRHZtV1d3LW5EWnhtSVBPbzRCS2t0N0hyZXAzTTY0Q3RVOWQ?oc=5
2026-09-22 03:39:01,QQQ,QQQ 2026年9月676.000通話(QQQ260922C00676000)互動式股票圖表-雅虎財經,Yahoo! Finance Canada,https://news.google.com/rss/articles/CBMibEFVX3lxTFBCblhlQXNnS0RlVU1uUmt3TFRmYXJpY1NDU2xkYVdJLVVvME1Nc1FLY2dOSGgyNFU5bF93MXdKZ3h5Rl9jQlZiOEZPVmZfT0xVVDV2QzhkNmxCeXlidzVWZG1pU3pCVmtjSldYUw?oc=5
2026-09-22 03:35:46,QQQ,QQQ股價連續第四天上漲，分析師將評級提升至買入,kobaran.com,https://news.google.com/rss/articles/CBMioAFBVV95cUxPMlNnbXIzd3JCSUtVRFkycWkxU28zVDU2Um93bTA0Y2ZsR3NDcy03TFJNT1Y3VFRoMU1qU2tjQU9rLU1wd2RBUzRtalpVdjFLWlBvclRGV1FHWUIxSndjMmJqUHNlNmpNcGpqR0FGb3pvT2pOMFlEY3N1ZzVxV3c4VFZnWXNELTRpR3lPZVlzQ1VPTlBmYmpLcmFzdlcweGdi?oc=5
2026-09-21 23:15:41,QQQ,景順QQQ $ QQQ是矽谷資本合作夥伴的最大位置,MarketBeat,https://news.google.com/rss/articles/CBMixwFBVV95cUxQMENsLVgzczhyeTNEOEF6R1lSWXBFUU1GVlZmMGR1M3h0ZlhVSXBBS2pmbWFEQnl4aV9NdjUtLWk2d0ctbUpaZTdCZ2tkcTdVeWJRLXhoQTdpREM2bmozS0VCSjNsLXB1V2NGbk5FY0JTbE5OdU5VWm9iSC0zbVhKTy0zU2dtTElTR0R6TGtGQ3RNbGhBY2Q5TWNmM0pGZmltenNLT3NxMTREeFd6RTJvYTZJV3M5NndBV09GQ3N5aFlILXR0WHQ4?oc=5
2026-09-21 21:06:14,QQQ,景順QQQ (NASDAQ: QQQ)股價公佈後上漲2.8%,MarketBeat,https://news.google.com/rss/articles/CBMizAFBVV95cUxOOVo4RTJ1V3dDR1BiRjhLWVR0YXVreWxEdTJZSWNyN0VNeEdmUU5aRkJrNDB4aEpXaV9FX0RON01kVGRIV21OVE4zUV9VOVVENEFRY2o5VmhJMk9BVXpUamwyVC1kSE1jMy1UdG1yZkVQaTItYTJfa1U2b1kyTlpBZEwxTmhJc0FwSEFXTm4zbUl2OHo0Zm5GQkYxYmVNRWpqRnRXaE5qUmxrTTI1T3BrakQxSmR1MzJTS0d6Nk9lVWsycGFpYkt6c0x3bFc?oc=5
2026-09-21 20:32:03,QQQ,今日股市：在潛在的特朗普-佩澤什基會議之前， SPY ， QQQ反彈油價下跌,TipRanks,https://news.google.com/rss/articles/CBMixAFBVV95cUxNaC1fcDVfa2NGY0EwY3VfVWJsdzhLc2ppUFBrX0dmZ1dCbGxyVGk2cy0zWWtqUy1tMVZCRWJ5cDVkLU5mU0ktOHY0LU02N2M4MjIyNGFuTWNzcDRISC1BVEg5N3VtOFRqTUY4UHJwWHFiY1pfb2RoQVF6VmUzZzNuRmpXOFN2a1JmQmRYODFmbGNOOTVMWDhrNlJscXlnTDJ3LUNwZElpMzBGN05XUDNrR2pIeW1EODFfa0pZZ3Q0VjZQX1BE?oc=5
2026-09-21 20:00:00,QQQ,景順QQQ Trust (QQQ)股價|報價與新聞,Moomoo,https://news.google.com/rss/articles/CBMimwJBVV95cUxQWDZKZWhqWU5fVXdqVWJNSWxwY0Juc0wzZFFPRHRmT2c5ZXY2bHFHTFpiS3F5eDI0aGJsdk91WDVLRWdpM3JRWUhFejZtUmtSUThQdjJiVl92LXNLQXkyVlVzUDFNRmNaYVZhbk1RdmRscEdKbmlGTkt1MVdiZ1l6ekRpckd1dlJrYmI0SkxNWG5aUWNHb0lkclJJWHJMNnU2enQ4SHR5RmRnOTVYWmliQWF3cmZwRTNVSnV0TjZpMFljRjJVLVJScnJVUDE1Y1plcFpMaTZ3MFNGbm5BSGxMb0pSOURTLWhfTFFodjBTM1FHQjBBaGhZUVh3c0tGNm5sTG1qUC05M1IwUVl2Y2xoOFNiQmNIdEw5UFJB?oc=5
2026-09-21 17:44:09,QQQ,景順納斯達克100 ETF (QQQM)今日股價： $ 305.65,Pluang,https://news.google.com/rss/articles/CBMiWkFVX3lxTE1DSVdOTUhFUXZXZkowNWxfWk94ZnFZTnFYOE8yOXVlYjdHNlB5U1lMSmFMWTUxUEpzdDZqakRIQjZtV29BVXZ2Ulg2SnZhQU81NWhDRUMyNFB5UQ?oc=5
2026-09-21 17:28:09,QQQ,QQQ新聞|景順QQQ信託系列1 （納斯達克： QQQ ）,ChartMill,https://news.google.com/rss/articles/CBMiWkFVX3lxTFBpcWRtX2RjS2I5MFhUNnd4UnVWRUdZazI4WHJBNFdwc25Rek9uZkptd0hXcUxFWnE4S3hYYUxQQ1lidkptVTFJeVVRdXQ4TGt6MkJrS2tMb0NzQQ?oc=5
2026-09-21 16:40:30,QQQ,QQQ在宣派股息時高估GF Value™ 31.8%,GuruFocus,https://news.google.com/rss/articles/CBMinAFBVV95cUxOY3YtdnVGRUJnek9Nd2ZFQkZKVGdWS2hUZUl2a2M1ZlJJelhXNVY1MFdiVWJXSHZkbGZxSXZoZkNDUnNSRThTc1hzdUM3dlBfbWgtV0dwNTFWcHV2UWkzRV82T0pCY29OakpMdUZLVHVqTF9wOF9IWUFiUF9yR3NsRWFnLUZSM2N6cEdBUDhtNjYwcmxueGI5Q083MWM?oc=5
2026-09-21 16:29:17,QQQ,$ Invesco QQQ Trust (QQQ.US) $,Moomoo,https://news.google.com/rss/articles/CBMihAFBVV95cUxNT2tnQm4xTXdJOGxVS3BNMVMwY1lUNlM1ajBKOGJrTzF0NnpPRU9EbWdwb3pFem1jQVBCRXBXbEFOVjRqTDFrOWd4Qmx2TVFYWno5Q3dQQ0t2eG9udUFobUxmeURHSHlaWWRYYW5ZekNwSEFFbW1SSGpmT2FEMjdmV01URGc?oc=5
2026-09-21 16:17:00,QQQ,受ARM股價走勢影響， QQQ今日上漲2.2%,quiverquant.com,https://news.google.com/rss/articles/CBMijwFBVV95cUxPZEVvNnJyWjg0R2ZtRVRaRk42dUIwWDhmU2twVThtSzhMTFIxY3NqdkozVUlaMWNrWFJSano1VkhMcXNUTm5laTMxemxKaERWMDRpUHI5OHFOMm5HbzZOVWpBSEUzcHN1bGdGV0R0dkVHRER6d2VBV3BoQTFmMzNSbkluQ2lxaVNMUXpqbF9wdw?oc=5
2026-09-21 15:49:37,QQQ,QQQ 260921 738.00P (QQQ260921P738000)股票期權鏈|報價及新聞,Moomoo,https://news.google.com/rss/articles/CBMiXEFVX3lxTE84N0pWUDlqVnUyLW1CYVpNeHl2MTZVYTAyVWJMN2ZrU3YzSXhXdFlKWEV6dTFpcjY0cjhNZUQ2bU1LcEpzajItNWdsOF9fNjlYRVVOU19qV1VHXzNj?oc=5
2026-09-21 14:55:53,QQQ,SpaceX納斯達克-100重量躍升至2.82 ％ ：為數十億人購買的ETF設定-景順QQQ Trust ，系列1 （ N,Benzinga,https://news.google.com/rss/articles/CBMi4gFBVV95cUxPcGphd2FnTmJWTUVRSGcwaEU5MEJSdEVvTnlkSGV1YmFsRlcwQkdhMVdCWHhoTmFIV3FvNWIxUDhwNm1KZlE0VndkaVQyQk1HalNkMktIRFVEdFAxMWpLa29jcGtfNVlMMlRmMWpuV2ltaEdpUXFLZDd3QzhNWXdEbDBsYVd0d3Z0bElyUnI4amppNEsweHFvVGFkUGVKaEV2dTFZTC04RXJ4aHBBMDZDSXM5STNSQnZ3N3JHaTd0aS1kRnEtUHpuclF0UFBWWE14Y1ZkcGtyQkpwbzhiZzFwUGZR?oc=5
2026-09-21 13:18:25,QQQ,QQQ價格預測：隨著美聯儲鷹派與AI衝突，多頭進入阻力位—接下來是736美元還是715美元？,blockchain.news,https://news.google.com/rss/articles/CBMilwFBVV95cUxOa3RMSnFQSnp2TUU2S0VWN2JVQ1pnQjhjS092cmMxV1VXVG9TVUR5VWhPazVleGN4cm1Wd0NwX1BZNEtBV1NvWnBkbnlhaV9iQnN4UU1WdXdZejVIRXBkSHY4UjVYVVlNV0JGdTRnUi1SUmpTTHRKeV9ZNmZyc0JaZmY3endEc3NSMlo5ZTZDQVhPVF9YdGhJ?oc=5
2026-09-21 13:09:25,QQQ,如何交易SPY、QQQ、AAPL、MSFT、NVDA、GOOGL、META和TSLA,Benzinga,https://news.google.com/rss/articles/CBMiqgFBVV95cUxNWnBBekpJR0k0ekVwdlFZUlYtc2xJenJYSTRKdFQxb0dBRkloc0JkamZrU2lTc3RSQjhpWmV2OVc5VXAxbExUYTdweXY1NlgxdWhSc1VVSzFUQVpCQ1Z1N0d4SG9nbWltbGNMTU9KVWdoQVIyRV9OVTlCUnR4OFI5UWMxSXMxWnVQVGR0WVpTRXNqRHptRG02bkJ6WnloZFEyM3U4TUJGRFU0dw?oc=5
2026-09-21 10:12:24,QQQ,Binance將通過bStocks支持Direxion Daily Semiconductor Bear 3X股（ SOXS ）、Direxion Daily MU Bull 2X股（ MUU ）、ProShares UltraPro QQQ （ TQQQ ）和ProShares UltraPro Short QQQ （ SQQQ ）現金股息分配| bStocks dividen,Binance,https://news.google.com/rss/articles/CBMikAFBVV95cUxOOUcyZmtBV0RnTV9UTWl3ZkYzcHQwaDV4N3dJQ2F3Q2xlQ29TbFg5QWpsZ2VVVDRxd0dfYk5EcEFGWmpLWkhSb2ZlbHVCQnBnOVd3ZHRDeW1XX3BCUUhjejZNcGtfLWtzRlNGRUJwLUVwZURJcUtOc2tZMEprMFNwUTdqWktIcWs3N3NlNDllby0?oc=5
2026-09-20 22:08:50,QQQ,納斯達克100指數-表面下正在釀造什麼？ #交易# ndx #股票市場# qqq #股票,YouTube,https://news.google.com/rss/articles/CBMiXEFVX3lxTFBpRFVMaWw0OUJ0dlZKLTZVWEpJa3BtVWJBM0pNeXhZQW5vSUtQb1dfUkpOVjZYSzJIU2dxNlU5Sk1MOFlhdENIQWZzTktvTTZnUWtpMjQxdzNIWUdL?oc=5
2026-09-20 21:54:20,QQQ,納斯達克100 ETF (QQQ)今日股價： $ 725.21,Pluang,https://news.google.com/rss/articles/CBMiWEFVX3lxTE80UE5yZXVLMmtGQU5MeWc3UWdpUk5kWUw1MktFMUM5bzdtdlNjbTZxdDJXR3laTWlRUFZBWTZxcXlXZ282MTlrTUlVSjQ4VlBjeE5ndEN6WVM?oc=5
2026-09-20 21:00:00,QQQ,如果AI泡沫像Dot-Com那樣破裂，歷史表明QQQ可能要到2042年才會恢復,The Motley Fool,https://news.google.com/rss/articles/CBMi0AFBVV95cUxPU2FzVlRZbjQ5S3lQU2ROTDBGRURwdks0ZUpDeGpHOVdxS3RldzFyZWtfc2lJbkRyUnA2V05vcGRENjlqdjk3eVo3emdwVHp6dV9tdHFwMXVEc3MwdFg5c3p0SDlodXJFWnE5bjA3SEVjSTJ1dG9HTk8xRGRSeVBmVWxad3ljcWlXc3dZZDRnUTRyR2dnV1M0RkEyaDk3Yk9CeXRmdlhCdXdBTzZlclV4NnNxT2FfT0pVaWYtZ2xKd2RBSnRNaTZXWXh0UG8wWkJJ?oc=5
2026-09-20 20:27:03,QQQ,如果AI泡沫像Dot-Com那樣破裂，歷史表明QQQ可能要到2042年才會恢復,The Globe and Mail,https://news.google.com/rss/articles/CBMiigJBVV95cUxNZXFHeG9fV1FGZmZiMGp3X0lnakYzelBsX19OLVV5c3JBOXlKZXRzQkxIUnBlMGZRVFRGVDF5OThaWjhnQlBYcmxJUWVIcU8weFJJSzAyUmZwanRMWV9WcmlNdmUyM28ydkZxVWdrbVdDS0szdF9lZkp6N3hSblZqcFNJeXNYSGh3TDRQdUUtQ3BqMlRKdzJkU1NJZlFVc21sUTBJRDQ4WmRzQU5GdEZSOWI1WE5BbWNVZGc1THduMXRLRjVJcEpPX1ZPZmFIVlBWdnIwUzRPWTY0WlJENEhKWENfQjRCVzZoTVdKQzl0cGJTZmhNRTRhVHkxNDh1bFo4aU9za1RvREhxQQ?oc=5
2026-09-20 20:20:01,QQQ,如果AI泡沫像Dot-Com那樣破裂，歷史表明QQQ可能要到2042年才會恢復,Yahoo Finance,https://news.google.com/rss/articles/CBMikwFBVV95cUxPRzlzOXI3clliYkFGYWg2ajNoa19PTDFJQnRxRWpTYU5hWHFQWTZ5czFNUUtYZTlSYVhQeTRPcUFQWTZJQnRVMXlTYW5qaUpMekJESF9RZTBPWnNMR2dOZjNFRW4ydWNMVE0zWXlRR2JPbV82Q0VhYVRubHdDMlhjckhMTTkzY0h4RjVfdlNmejZkODA?oc=5
2026-09-20 19:49:05,QQQ,$ QQ圖表更新： 5週停留在700和724之間。週三,KuCoin,https://news.google.com/rss/articles/CBMickFVX3lxTFBYVUQ1SXNEM0FNZGtjUm1OYTJJT3hDeERna3YtTmhIOVBwa2Zka1pESnpqcW1zQTVMVXJKZEg5OUNtaXBlUjdWcVZNWVQxbFp3STZ6ZXlEYmxYWEpCOXAwS2NZX0ZUMmFoSWZQenVBejlKdw?oc=5
2026-09-20 13:15:49,QQQ,QQQ價格預測： $ 740是獎品，但這種拖延行為接近$ 720首先聞起來像一個陷阱,blockchain.news,https://news.google.com/rss/articles/CBMijAFBVV95cUxOUndtVkV6MDBxb3VITkNfeDI0ek9jOURpQVlUTGc1M3licDR4MXZxaGRnaUtmeHFNb0dhWVBwU0xJS2RDc2pEd2x1UTB4ODBrTTFPTHMyUVdVSXhXNjM3eVdZTVRsa2NYdzhnbjQxZ1NOcGI0TjVBSWVuQTNCQzhQMGRxbDNQVWNvZnV5ZQ?oc=5
2026-09-20 02:45:39,QQQ,KOSPI Over SPY ， QQQ ？由於其AI記憶體晶片拉力賽變得無法忽視，韓國延長了交易時間,Stocktwits,https://news.google.com/rss/articles/CBMigwJBVV95cUxOekJLWWgtQ2I2RURxVDVXdXk5YUxGN2k4bktUamdqc1dVVXQwd2RUVUxxc0k4cW5lT1p3Q1NQWE5RaDc4MUhSbEZUMy1jbExGV0p4a3ZfMVlZTzFFZDBteGlfX2VxQmE4S1FHdHlVUjNHbk11QkxRaU1PaEFOYWM4QmVrM1BHdWVkaDFzdGF1NUFfemQtb0VyalpkX2dTUHhQNEtmT1ZfMl9LSExHN0JlT05vT0daaHVUSXlGTDR4Vzd2SEpNLTM3c2tpLTZNcnBHQl9lS19rbjJpU3lCTFlpaDRTdDF5OV8xRG1BVkpmS3kzMkhhNlZ1V000d25yeFZGYTlN?oc=5
2026-09-20 00:56:59,QQQ,今日股市： SPY ， QQQ下滑因油價回升$ 100 ，美國國庫券收益率飆升,TipRanks,https://news.google.com/rss/articles/CBMitwFBVV95cUxOY3dZNTRFWl9UcFlBenlJMXFNWVBsOGxjTDlhaWNNU1hPNGY5Wk9WM09PNVhuTi1abnVKNk5fV1RsN0sySU1kamF1bjFXSExuZGRULVRIdWVoY2VLSE0tRG9tRjM1S3RvbW80OTQ3cGUzZ2QxWThIOUI3TFN5aFZHcVJ2NnV0UVF0U3QycVhCaGtVSkNfX1FwNi14eUduMFZ3QTYwSjZZX2FOZ0tqT09xX0dsTUNfUm8?oc=5
2026-09-19 18:48:50,QQQ,QQQ價格預測：利率衝擊符合AI動能— $ 748或分解為$ 704 ？,blockchain.news,https://news.google.com/rss/articles/CBMilgFBVV95cUxNOWZiR0RWdTBrQllPSzJveVZ6T0E4ZFUwb1FHaTlXRG9qb21ybGxjMjBLWVJ6VGRSQW5lbV9IQUZ3ZlczLWZyLXlNVnRob3BSRjllQU1OTzloR2F0XzI5d1ZRMzZMYUpzZEtxV3VjdjNaSm9Jc0dvUjVrVllvSnFkam40c2U1WDJkZW5jS2pFbGhfN09xT3c?oc=5
2026-09-19 17:18:38,QQQ,隨著ASML和臺積公司準備報告， QQQ上漲超過1% ，高盛預計美股將迎來另一個強勁的盈利季節,tradingkey.com,https://news.google.com/rss/articles/CBMixAFBVV95cUxPamVRakZiZHYyck55Q1I2QWMxeEV6d3dTZ2lfSFN4TmlJUGlhNlFXTXQyQXZNLWFmb0MzLTBBcld4Yml3cG1FZGY3MDVNX04zQ0JCdVV1aFh6ZGZUY0RRMU44YWtBMVVKYllndldlVlZsb1l1d25RT1pVRTl0RUxqTGo1TVdWVVRGWXQwSzc2X01QcmtMV3NJM1ZJQ2U0SXRCb1VVV0JqdzRDUW5WQzdzOUw2cE5WSmFCVjNSb0E0eHhLX0Y5?oc=5
2026-09-19 16:08:46,QQQ,景順QQQ信託在技術波動中獲益,TipRanks,https://news.google.com/rss/articles/CBMimwFBVV95cUxNRk5scnI0ZldRQTJGNjl5VmhCWWdreXBrRDN0SllDb0hjUFZaVzlBWTFTX0JKV3NyVEpHR3Y1WUt0cUwyMTlqU3VLcjY5WElmR0R3MHc5WENkTHA0SWxTMFl0SmpEcXotZkNabkRodHhzQXNkYXJjemNaOFhMS2VYaGRvLTM0NkMzLWtuS3VycGRFeGJwWENVYzN6VQ?oc=5
2026-09-19 12:57:48,QQQ,與QQQ和QQQM相比，投資者更喜歡QQQE ETF ，以獲得更好的技術平衡和人工智能增長潛力。,Pluang,https://news.google.com/rss/articles/CBMijAFBVV95cUxQY3Q4LU5mby1mcEY4YXNtUUlUbkZENXZXbXVoN1V5YmZVQXRDRUx0OFBFQjBCOUswbFlrT0k3U1R4SW9ULW5CT2VKY2pfUVlSWElMQnp4elh2blB4d1hnSFNJRF9xaG5HX1p5NGpnUVZ6d202OTlzc25ORVYwVTB2eWRVX0hUUVFjcVVFXw?oc=5
2026-09-19 12:34:17,QQQ,QQQE與QQQ ：儘管有缺陷，前者仍獲勝（納斯達克股票代碼： QQQ ）,Seeking Alpha,https://news.google.com/rss/articles/CBMitAFBVV95cUxQdjN1RW5LdE11c09BZHpORUd2N0xuZkJCVk90SjJncFppbkswdXJNbk9BRlM0d1c2NWotWlNJOUo0Z091QlhVcm9fSGsxRFJ2cjZzVHhMYlJaLU5CamtYVTM3eU1YeGJET2hneDVDZUdwbDFyaFd1WURNVmFsdy0xZF83ckUwcDM4dTV6MDRWUkEwN0R2Smh4a1VLQk5PMDhVeFN3MFFjblFNWVZWeDUwSkp6alA?oc=5
2026-09-19 12:00:17,QQQ,QQQ 260911 717.00C (QQQ260911C717000)股票期權鏈|報價及新聞,moomoo.com,https://news.google.com/rss/articles/CBMiXEFVX3lxTFAzUEJaN2xSOUxYOHdhWEtNNVJCSHRad0p2eGJua010LW1ydEVWcXdCVXN3Y2kwNG85b3o0T1F6WGVPTm1JZGNKcXRuVTQyQzhjenV0Ui01WC1NUUNE?oc=5
2026-09-19 10:53:00,QQQ,景順QQQ低波動ETF將於2026年9月21日除息，每股派息0.02912美元,Moomoo,https://news.google.com/rss/articles/CBMimAFBVV95cUxPVWp3a0VrV3hhR1NkdkRaM2JHbFNYRUo4S1pIOXZGYWFGUzZvUDRzWDFsbGpVc1EtVFNZN1VQSWYtaGJJQWdOa1RkRE9PcXpLS2JEZG51cld4SUNnMWs3RW0wRkNkQWJjdTVUS0YtWGZHZF9CUlh5bnVGeTd6WU1oUkJHYTN0dlljZUVOTkxtN1FzdTUxOE12Xw?oc=5
2026-09-19 06:48:57,QQQ,今日股市：美聯儲加息後， SPY、QQQ反向獲利， Warsh稱「住宿劑量」被刪除,TipRanks,https://news.google.com/rss/articles/CBMi1wFBVV95cUxPSXhNOHJBVlp5Ti1zNnZVc2Q0ZmpHYVhqak5CUHVYZHZhTEc4cktkVTJxZDRaemd3OU9EeGRFd2poZTB6dnJFZ1hLc1YwaklhMTRjYWZXQ2NWZVE1SzlQQktOcm9RUVdpT1NoYkJQcy02MmdqOS1VNkdNUHg0OVVMdFJIc25TTUx4TFNmbkJVeFR4ZGJHNm9SalZpRHlBeEFoU1U4U0NrZjQtcUtQelpOTnE5cEJzbkdmbmRSOEhwSGdqWGU3VFhDWVlwS1R1T3dBNC1zSEhJYw?oc=5
2026-09-18 20:49:32,QQQ,今日股市： SPY、QQQ跌跌撞撞， 9月加息賠率超過70% ，高於主要CPI通脹數據,TipRanks,https://news.google.com/rss/articles/CBMi0AFBVV95cUxPeE1nQ2Y0c2JDWlphWnNsNDdEWlFPalRtMkNEWS0zcFFoeHFua1FNRVRNUThMSVA1SWhSNWxtNV9fbjBlUGFVakdIZ09DQ09PSjlDTUxuRjQwdWFrV3k5dTBDXzBkUGZFSGtHQXFIV2drTWxtZ21ucVNWMFJ3YmxUZDNHUGgtRkZfcG0yc04tWUo1VGRLNVpIOWpCSWQ5RGV4MEZlMVQxeXpZWWlvc0ZvRTdLSDNLUkRJN3poM21PN3B4R1BvR044enJrbG0tX3VK?oc=5
2026-09-18 19:55:14,QQQ,Proshares Ultra QQQ ETF （ QLD ）股價|報價和新聞,Moomoo,https://news.google.com/rss/articles/CBMiuwJBVV95cUxOSjBCQWdtZmM0Xzl0dUJCclpjdmd3RVd3eGlER01XbnJldEZkSmw0MVBWU0RKSWU0a0RObGNGUjNPZm1hTnF0SWQ4MVVaLXotbXN1ZWwwZ09qQ2hSektmTnU0NWZGMFNEeExHQ3hoWm1vUTNaYklKUUlNWTVCa1NUcWxSZzRPajVFeEdoUlhRU29xbzVUM1ZrSlphTmtmcDZlQ1lGelc5dWt2TDhsZU5PV0hjaDc0REVvYlVTQS0xRTBSYzNWUUNyOXE0bjhscGVWQWs2dkVyY1VvTWdIZEE2SUdHNFM3bkt3V2xPcTJSd01QRjFCZnVIaldLQVhfTWVOZGFzaGYtNlhYWlRkSkdwUnR2SEc4Ni1mWFFzRC1WTVZiTjBwNGt4RjRyb3lPalAzMVkxM2VMZ3V2eFU?oc=5
2026-09-18 19:20:01,QQQ,瞭解設定： (QQQ)和可擴展的風險,Stock Traders Daily,https://news.google.com/rss/articles/CBMixAFBVV95cUxNR241bW5FZnJ3TDFQeXBoZGNJN0ZCRTFxUVNlcnRyRUxXbzhySW84RHhvTEJJSFl4UVJJbVAyazBNYklwZU1CWUt1cGxaRHF3NmtDeXJMWEhXeWpNVllKbkI2cFRHU1NaSzhQR3RIbGZHbWZuRFVHSEQzeENBYXRPcjE0bEZiaW53VlpwUTJuUVlQd0VscU8wUjE0RHlVMmZJNTJZTEg5aEhVd0p0UWNGMDdxWW01bHd5dGpOSlAwT2tVQWhn?oc=5
2026-09-18 14:41:19,QQQ,QQQ價格預測：加息後反彈是真實的，但下一面牆可能會結束它,blockchain.news,https://news.google.com/rss/articles/CBMikAFBVV95cUxNSlViVW9kUVRpRDhCc3J2ZHFjZmg5Nk5iV3AyUDRpUHgxdGpjSjlyNDFUdTluN0YxNGNwYjZ6WnVFbEZ0WW5Qc1FacWppZUdMbTZVNnRaNExtX1ZIdHRyYVktUnJHb1pKcmhXVkpKMnF1Wjl1M3pianZ6MjVMZnZZLXI2anUyem15OVFKTGF5UmU?oc=5
2026-09-18 13:10:24,QQQ,如何交易SPY、QQQ、AAPL、MSFT、NVDA、GOOGL、META和TSLA,benzinga.com,https://news.google.com/rss/articles/CBMiqgFBVV95cUxPQU40YnJ6NTJIZ1pDdGRBcG9QSFJTeVl3NVlNRWFDYzdMbDFkLVVXQkRydmE3SDVzR0QzZUwzcGJfdGxvLTdTNTZKc0tGWGFKZ084YndrdThLel9Oc2FXNUgwODlkQm9MdzY3R29vQ3UzS0hGR2c0RnU0dXM1YjZIZ3B4aHdsdW9JUVdERE5HQVNwSnpIcEtYY0dJRWdkQmZaXzRhZnhzV29KZw?oc=5
2026-09-18 07:36:51,QQQ,美國股市本週： SPY、QQQ是否擊敗亞洲股市？,Yahoo Finance,https://news.google.com/rss/articles/CBMikwFBVV95cUxOS2FneEQ4OS1NVmZkSjFCckp0S0JTMXdGNGZmRjBSLS1qV3ludFBjSWV0ekNXUHFxQWR4VS1COHQtMERoUzhSdVJZWjA0dzREeHM1TkFFSDZwNndxRVJLYUFOUGpZZFNJakx6cEpPU3JJVXZzdWp5NnFwQmhnWlU3YzB6MS02OHRqY3J5NmljcFc0NXM?oc=5
2026-09-18 07:36:00,QQQ,美國股市本週： SPY、QQQ是否擊敗亞洲股市？,Stocktwits,https://news.google.com/rss/articles/CBMiwgFBVV95cUxOS1d0ZENqR3ZDUGdGSURZdjRfbkJOQTZRMzB1Y2N6ZVpzNV9yNlVpdU5IMHRqMWtDOXRIMnFtMHBGUVc0aUU2ZGJuM3BLVV9iaW1wbGh4R0xHMEZRMW9QZzFwdFU5TUZNenE3Q3JWSERDZ0NCWkxOWGxQOHNHOXVuY01iWmFyRjUtbjVYSTd5eHlSZkM0M1RXUjRqdVRfcV9OclYtZmpnLWEydXZyc3RkUXhuY1dxd1ljQ29xVWwxZlZOQQ?oc=5
2026-09-18 05:21:33,QQQ,Binance將通過bStocks支持Broadcom （ AVGO ）、景順QQQ Trust （ QQQ ）、Meta （ META ）和希捷（ STX ）現金股息分配,Binance,https://news.google.com/rss/articles/CBMilAFBVV95cUxOUDBuS3p0YjJPR25mN0VUNG9UMll4LXY0QWNaTjJTbm9xN2R2NEY1RVlaNkRuX1hyaF9wTzBHb2RSRXpDT2lFazZHNHhxT1h3aDdrXzVRU05GOU5QMFpiUWFNR0Z1eTZBR1U4V1pXTUw5R1FCeXhpeFB5T2swSkFlNWZKd3p4TnVTY0VvcUt3VXFzbzJn?oc=5
2026-09-18 02:15:00,QQQ,每月對QQQ的投資$ 100可以在20年內增長到這個數字,The Motley Fool,https://news.google.com/rss/articles/CBMiiwFBVV95cUxPb0hCTkU0dXJTSEk1bjFQWmlmSTFBVUdzYW9fLWtOUUhwNDgtY2lvR012d3V3V0pQT010NWhsaFdUckxvc3IwVHQ4MjlsUTNXQUx4LUFYZ19PemgwNFJnY1VMbGlqbEZ4eC0yb2hWdlFOMFFpTFZIUWtpRFBDNE05QUk3RXl5UTlSdVVj?oc=5
2026-09-18 02:00:02,QQQ,QQQ股票數學：到2046年將每月$ 100變成六位數的巢蛋,kobaran.com,https://news.google.com/rss/articles/CBMimgFBVV95cUxPZHRRcFZLdVBQZEJ6Q2k2Ti1CMTZiTnIxd0dBbWtZT0dNdFdsMWhvSFFkUTBlbWk5MjNxVVFFa29ycVhneVpLNnlJSHV4U3dpSTlta09ycXRWcHJmVGZVek85d3g2TGc1amdPcDZMMVpQRWdlSGVscW5jV0VKTEJPeFhnYXVBb3puRDZ5WXdXcUdrS3FHMWZPNm13?oc=5
2026-09-18 01:53:21,QQQ,每月對QQQ的投資$ 100可以在20年內增長到這個數字,The Globe and Mail,https://news.google.com/rss/articles/CBMi5wFBVV95cUxOMWZqV0toRGp3UjY0djA2Z3M5bHFFLXpNcEM0WTJEcTduZzNldWZ4LTlzRk94LUVDTE5KMjhDTVZkMDhSU1FHMFd4aFVpQmxmdHhIMjFrYjNlaEJaV2FMZTVPZDAtYlk2N3hUZF9VZlFMUmM3bzdQMXhDVk5RWEZFSWMta2lvMDJKaVhWQXVMSHVYdk5vY0ZzT1NRNlNDZ01mb000NWJnajhhd3Zwd0Vib1ZmYVRjdzJ0UUIxQWZGN2NkUkU2RFdwVXNpaUdod2NyTE1nbjZVdzRPX0FfalQ3WUpmZmFIZm8?oc=5
2026-09-18 01:35:50,QQQ,每月對QQQ的投資$ 100可以在20年內增長到這個數字,The Globe and Mail,https://news.google.com/rss/articles/CBMi6AFBVV95cUxNbS1aTTVkUS02MHhjb0RlbWJxSTdwbDd0ak5BVnY3TklUTEJ5aTZqdVQ2Z1Z5QWh5UEFNZEw0NzRRTGNiUWxLNVNfaDU1QjE4c1EyUlFhRWpZWDFSVWxNZ1BfeTF5UEdZZzhCeW9LX0ZTLS10cWVjcEczeWtkWW5RczJqaDNyT2tDTmc0Qm50T2RKcDI3ZVI3T2g3RGlLWkM2bXZ4bXFuaHVLMjI5ZWR1YWNMMlZwZzdvdUhrT1ItdGJnWThabWRfelNZNDh4bnlZeEdaN210eHNvTjFIUVNoWl9IcXBBcjlx?oc=5
2026-09-18 01:35:00,QQQ,每月對QQQ的投資$ 100可以在20年內增長到這個數字,Yahoo Finance,https://news.google.com/rss/articles/CBMingFBVV95cUxNQ1paV3cwLWMzMjdxTGpzUjg5SGVZNmJ3ZldHMUJWRkEycTRSM1JEUXdkcEpJY1A2WUN3UUxCMk1Md185dTJOWFE5QktDd0k2WERKdzMyT3JiYktaV3ZfYm9kYWY2QUlzT3RmSGtCQlc2R21MU0ZjVmdlRkpQVHkwRm9Xd0RoaXdFdUQyOVJCTXdDVGp3bEhJd1BLWmo4Zw?oc=5
2026-09-18 01:35:00,QQQ,每月對QQQ的投資$ 100可以在20年內增長到這個數字,AOL.ca,https://news.google.com/rss/articles/CBMigAFBVV95cUxPV3Atd21VUVVmMjIwODNWWVpFZGFza2txeWdiMnI0dHZhQVlJc01EUnZaNmpYU09kLXFsTzg0VXVUZk5VMks4aWxSdTRGbGhGWm5TS1dwWWhtY1RTcHhaSG05ZG96anNyUlFFV1AxMHNRTkEzMDllWC1Td3FkMC1BUw?oc=5
2026-09-18 01:23:00,QQQ,預測：景順QQQ信託在未來5年再次擊敗標準普爾500指數,The Motley Fool,https://news.google.com/rss/articles/CBMiwwFBVV95cUxPRnlQeVpOODBmSVRwR2M0RlgxczQ2d2doUXRnRTgtemNBaGZ1bVdyTWJjVmtPQUlCNXFfVXlkRFpuNUI0VEpVdU1udWU0SloxTHVmSjgzdFFmSEwzZldKNTJPbnVHTGNFbW01ZXJzQXVPLW1hbThsTWI5aWQ1SHo5RmNfY3ppS21TbHVOQ01VS0liTVF6WEhiSnFVZFdER2t0bHVZZzluUGhVcDJ6dkI0Nk9PdHd6UTNzVC15NW5KNUw3YkE?oc=5
2026-09-18 00:43:00,QQQ,預測：景順QQQ信託在未來5年再次擊敗標準普爾500指數,Yahoo Finance,https://news.google.com/rss/articles/CBMioAFBVV95cUxPS2xTVUdGYWxmUjlUSmMyOHZPSEhuMmxwUThCTGQ3TFVfMHcwT0dMTVFnR2xQYVU4ZDdaWkJ0alh4TDR5aEhDN205RXhYOTZINVZWMFN1QVFPV0p1UXN5aDZqbkJibktpOTFBLWhXVU9JWXZZNV8yd21kVmh1SjZ5OE0tT3JJU2gwMml5T01LT2UzbXh4VnVZOVB3aG1kMjJY?oc=5
2026-09-18 00:43:00,QQQ,預測：景順QQQ信託在未來5年再次擊敗標準普爾500指數,AOL.com,https://news.google.com/rss/articles/CBMihAFBVV95cUxOUGZiWFg1M1FhVklzaHZRdExYRlpFOEo2S3JjUjhPaHJra0sxczRMN2EwX0NSMWE4cjlVWFQ1dG01d1BKdm8xc2VLUGJ0aEZWbldXM1BpWFJKd3lyOU9DM2RWTHRBSk5tSjdkRnJiX2FiVTdzOW5FUUJKUk9OWDZRbU4yXzk?oc=5
2026-09-18 00:43:00,QQQ,預測：景順QQQ信託在未來5年再次擊敗標準普爾500指數,The Globe and Mail,https://news.google.com/rss/articles/CBMi7AFBVV95cUxORDV6ZjF1aVpNSTMxdWJ1N1YtUlgtR2xmS3FyQ0Q0VzlkNHBBcWs0SElsWlZ2cEhLWExvSl8zaEVIRUV1SmZBbGxURUdRMERZVUlJUWMzSnplaXRtM2Q4cmVJTnVYNkFlUmJaZjFIcEJaYW9hVGV4a0NjV19BY3VJQXFOVlpxWnhueEZBOUViLVZBX0lISGZNZUhmU3RmOWN3UHB4dC0xUGxZUTJPenA3QVoyS241YTl4MzFtNkFnYXJXeWttQ3d0THVrcGVJdXdCSGhKMjlyU2VTOW1IMEkxemI4U25wUmlsQVB1Zg?oc=5
2026-09-18 00:13:35,QQQ,QQQ自8月初以來第13次跨越50天平均值,Investing.com India,https://news.google.com/rss/articles/CBMiuwFBVV95cUxOY3JGeUhwUFlNQTFndW9QRFVlSGdIREFtRVI4WGNKMTJHbThCMTl6WTZlSmVJTU1kQ3B5S0ZhRXZQc29HR1c3X0haaF9ZNFhFX2U5cmNlaFI1dFJEc0V2cW9UbkthM2JxUXM5cERzQWVvRW1RY3Axd0ZvbUYwTHhTSXh1WlJ2SnFhR3hJWWt4RFR5MGQzenFHcDB5dHZ0ODJacWxxVjVBS1daNnRlLUN2VHgxaExyVnQ0TW5v?oc=5
2026-09-17 23:03:09,QQQ,今日股市： SPY ， QQQ撤退， 10年期收益率在美聯儲利率決策之前達到5%,TipRanks,https://news.google.com/rss/articles/CBMitgFBVV95cUxNOURFRUxOMGJXWEUtUnRqZXEzTUkzcF9HOE5vdkpkU3hlbEsweV8xUEdZQWZYdmhvWTctTktZcFRaMUFrMmVJd1cwNlp5M2Z4MkhwUmJwa01Rb2xkV0pDbk1YblNXS0l1Y1dvdXhzeTlEOFVXdl8tSEd6UlJaUEIwUHdtMGkweEVUcHoya09tZHRFMnRYdzV6TXJUQllLQXNTcDVZcjJ0ckJDWDhxUThpbWFfcHRnZw?oc=5
2026-09-17 22:15:09,QQQ,"$ 500,000在VOO和QQQ之間分割，擁有同樣的七隻股票兩次，沒有人將重疊加起來",AOL.com,https://news.google.com/rss/articles/CBMieEFVX3lxTE9mbFNkZGxWcmpCTXZsS0pmWHIxOUVkRlhsZDI3eGNUeU1TY3ZhaGc5VWF2OHk4bTlFS1JiZ1NMbGZ0WGFVMkwtV3dCUGwxR0I1SkptMkZoNXRaRElydkRoNGQzSXBtdDcyemJibXBhVHN6U3djcGhnbA?oc=5
2026-09-17 22:15:09,QQQ,"$ 500,000在VOO和QQQ之間分割，擁有同樣的七隻股票兩次，沒有人將重疊加起來",Yahoo Finance,https://news.google.com/rss/articles/CBMilAFBVV95cUxPYlVCd1F4Ny1rTDM4bTZjMnlRcmpyTmpaYVdpYmhEaDk2MVo1V192UElRTktqXzBzOFJ3Q1lHM0ZobWV6Znk5QTlLNy0xblNqQVdaRDRRMjh0d2JoYjJkQ2ZlN01FUTFrWnBxa0Znc3lWTk4xaVlabGxGeVh2MVg4OHJOcnY5dWlHcHJObHJSWjBJVloy?oc=5
2026-09-17 22:15:00,QQQ,"$ 500,000在VOO和QQQ之間分割，擁有同樣的七隻股票兩次，沒有人將重疊加起來",24/7 Wall St.,https://news.google.com/rss/articles/CBMi3AFBVV95cUxPeEJ3c1dYeFpRWW1pM3pkVndmUXFkVTNVMDBMXzJFT1VYTnFmRVpuRUljdG44MUZ5T0JOd290bG5Jei12SWlqemlYOV9HVHpoTU5SNmFHY0E2ZmQwNThnTlpsMk5vQTZ4d0JWS0poVUpuTFVLTE9sNUFhSkJuY3BGZnVSNFJlUE9MUVoyR0VSQXRaRkZqM1A0S2daQWpXZjBoTEZIMWhuQUtDZ3ZEbk4wUDkzTC1WU1VMTEg5Q2xNWlp0b25hWW5wQUZVaVc3QWJNd3REeURWMlE4R3Mx?oc=5
2026-09-17 21:27:04,QQQ,景順QQQ (NASDAQ: QQQ)交易量上漲1.7% -情況如下,MarketBeat,https://news.google.com/rss/articles/CBMitwFBVV95cUxOamJ4VVh3N0lfZEJ4TndVMTJHYVRNM1IzNDVuU1RoTXotLXU3RlVSbTFEQ3dlSVlxYnVBYmd0UmF3YnpJR3pTM19MNVZIcjUyam83TWVtc3I1REN1cWxvNWtWdUVNYl9aWUtOWE1WS1JoN2tKeGJzT2FMU1NaRnBLRkZJX0xxSXJfSGhYdEFmcFhsSmZDZ09DLWNwS1M5MkVrYXN5VGxNYzdXOGZ4blBaZ25lQ1U2Vm8?oc=5
2026-09-17 20:51:04,QQQ,十年期國庫券孳息率達5% ： QQQ如何對抗價值型ETF -景順QQQ信託，系列1 （納斯達克股票代碼： Q,Benzinga,https://news.google.com/rss/articles/CBMipgFBVV95cUxNcnU0emprX0lMbTVxdHdZT0pmNk9Rd3ByTmNDTVI1bkNLZlBQVWZuaDZDU1dwdU9RNVRpTnpPbXZsaVpWNUpVbWNkZktXajFUdFY2TFQ1MFNuVUVZbFhodVdZdDFRb2dqMllvV0JIYV9nUGRLdFdZMEQ5ZWM5dk5TcXEyOW1aeE1GVmFnUmZZX3RfcVBMbWlrbG5qUUQ0ZURmOTlMdDNB?oc=5
2026-09-17 20:51:04,QQQ,十年期美國國庫券孳息率達5% ：為什麼QQQ可能面臨壓力大於價值型ETF,TradingView,https://news.google.com/rss/articles/CBMi1AFBVV95cUxOUkp6WVRSNFJkMF80UWxKS3AyelNpNjJVeG9jcHRFOW9ubmVtMXBDa0NYUUFXUEFKdHQtcW1XcGpLcV8wOHN4a2JGRHlJRlloazFUa1BzbUFvRGY1MnczcFFkeGc4T1VJWWZRTVNCaFk3ZU5kQzNMc3J2YVE4Q1ZvUFBIMk1mcTcyTUlETWt6RGxmRm5PWTNlWFlTZVZQelVST1d5VV85MnV6SnBBLWRaZy1hcTg0bUZ0WndIM3l0dE4zYXExcl82NER6TmIyR0t6dWJDSA?oc=5
2026-09-17 20:34:21,QQQ,今日股市：隨著美國國庫券收益率下滑至5%以下， SPY、QQQ反向聯儲局加息損失,TipRanks,https://news.google.com/rss/articles/CBMisgFBVV95cUxNa0J1WWR1dVk1X0Z2ZU9faTVIUDlqb3k0Vzc3eDlPMU9PQnFac0FydDNXTmZKN0hKRTBlUGxqMURwSERWcDV2NGgyXzF1SGpuN3pkYk4wR2EyRGpaUGJxSzcycTNXX0V4aHRnWkdvOExETURBVHIycmlWeUFnUkdsYnM3Ti1qbVZfZ2JyVGE2RUVySEQwcGc4QV9iUUdrR3dZdW5xMDY2U0dxRUdTbElRUmh3?oc=5
2026-09-17 19:26:16,QQQ,如果過去十年22%的回報重複，在40歲時在QQQ上投資10萬美元可能會增長到52萬美元。,Pluang,https://news.google.com/rss/articles/CBMijgFBVV95cUxNZGpFcHNBY2Z6SUdKQWx0WDlmWTNQS19xYkd4aW1oR09wa0kyU0FvbjVIbVdNVXR6OHRPalVLN1MtVnBRRGRaNnBwd0YxOHRqejc1M05RZE16R2Q5MU1Mek9TNjVKWWdvSDNjNXE2VUV5UEZJUWhESkgzUkVaRHI5cERWazg0Z3dTZHJCSzRn?oc=5
2026-09-17 19:05:36,QQQ,如果QQQ重複其過去十年， 40歲時的10萬美元可能會在52歲時達到100萬美元,Yahoo Finance,https://news.google.com/rss/articles/CBMilwFBVV95cUxOaTJ4LXA1emk5QUlGX2lvQ3hlNzM3c1RlUzNoNzZzd1ZqSHJkXy0zaGVKN085ZDdpRnUyRzV4R21uQzA4Z3ZVcEdvZmlCNmhUSm1hWUF6RlBlc2VhM3l6NmdYc1BDdmg4UmthQXFtMkp1bHQzb2NuR2lLU0I3SFBncTZPYUt3NTd0U3NZdGZsS2RfS2djV2hr?oc=5
2026-09-17 19:05:00,QQQ,如果QQQ重複其過去十年， 40歲時的10萬美元可能會在52歲時達到100萬美元,24/7 Wall St.,https://news.google.com/rss/articles/CBMiuAFBVV95cUxPcUNFZnJVUmplbk8xbUw0SHNUaUFDY3gwbXZlQWVSTmFZUlYxYnNDLWZzVHpOSHM3d19saUlZRVgzTU1MZGZQN21jVGNNdUhucGVXZzlsUm5XUWVWcERob05Md1lLZkpKVi1DU2YydkNJSC1lUnZ1S3dWX0pJRnpEeE16SmF5NXNXampoMEZHY0tsODVWekVJb2JENWwwbEFETlBkRzl2ekNFVlpwWXd1OXB1M3RDN3gz?oc=5
2026-09-17 19:05:00,QQQ,如果QQQ重複其過去十年， 40歲時的10萬美元可能會在52歲時達到100萬美元,24/7 Wall St.,https://news.google.com/rss/articles/CBMi5wFBVV95cUxNMWgyb2QtQkY5aGJTMnRjMk81bkY3bDFoZmJnazdROEp1MkQyVVljU2p2MDBENTdDVG01b3NRNUVpTElPRXNBVF91SHJBbjFBVVBIT3NhODB3cjRDeEhWNE13VWM4QjUwbUE0blFTNlRhZ1BxSUVGVVg1TEdhdXZEY0FubFNRQ0ZERFQ1QTUteTloREJiTzN3TFNmWjZ0Y2d1azZaYnIwRlFPTlRYUkVFdkZXcXhDMnhSVUNneWJXUWVSNU9MbDhvTXBqbEl1ZWx1TnhvYlp0X1Y0WEhtQzY4eHAxU3NkR1U?oc=5
2026-09-17 17:53:47,QQQ,今日股市： SPY、QQQ反彈， CPI報告顯示加息賠率超過85%,TipRanks,https://news.google.com/rss/articles/CBMiqgFBVV95cUxPa29zYnRDNk9KOWFyYW55UVJTS2g1V3dHamx1TUsySjBIZUw4VVFDRHNSNEdiN3FtRWI5aFdFdXV0bkgzRzBTUXBXcXJyY19BV2pwdzV4bDhneVBMcG8tN3RreTlRbXFqdFNRMnFwR0NhcjQ1eXQ4VUxhWlhxaF9kQ0NTZHZfNmcxa2lNWnI2NlBsM3VmTlNOWmkxT0wtbEY2UXdGSUNVenpjUQ?oc=5
2026-09-17 16:34:00,QQQ,QQQ自8月初以來第13次跨越50天平均值,Investing.com UK,https://news.google.com/rss/articles/CBMiuwFBVV95cUxQRUhGa3Z5V3ZNUmtzRXl4YTMzejVFWnd4djVNVmpxaU1sTVp1aldkRUp6bnhISUt5WE5OUWRZcEJxTS1YU2VfSXlvRUJnckpTNDAxNDVMbGpEaDJiTkdUTkZHb2Y1UDBjVnlTeXFlcTNvWU5WdzV6OEpYZFRvUEpvaklsYXpuRVZmU3VxMGtZRi1wM3lUXzFiN1dqaFNEZ1BUUEJXNHhRMDVaYzI1WDlfUEduLVZFeGxTM1gw?oc=5
2026-09-17 16:15:00,QQQ,受AMD股價走勢影響， QQQ今日上漲1.7%,Quiver Quantitative,https://news.google.com/rss/articles/CBMijwFBVV95cUxPcFVDZnctWWUyQ3ZxWkUtTFczNGZMVmRwczktVGVHVUs3WWRkQnZ1Z2VqcjQyZkZHRW8ydkoyTlBHTFlsWkwycmZTN1lqSGdjQ0FwRFZaUENwLTVGWGRldGx3N1JiZnF1b09qWVJ5Z2hEdHZXdDdFY1hNaXh5ZWJhVGdVb3FYelY5R3BzNWlmcw?oc=5
2026-09-17 16:14:57,QQQ,QQQ 260917 715.00P (QQQ260917P715000)股票期權鏈|報價及新聞,Moomoo,https://news.google.com/rss/articles/CBMiXEFVX3lxTE9NNTFnanM2RWpJZ3ZQZzVIMVdkS3BvRndtMTVuM2RKQms2WnhyNTIxcEhMdnlGX0d6NkFINEdxZHpMSExzU1I4UzhnZ0xuSTdodXNQSnRaUlpFcXdS?oc=5
2026-09-17 15:31:12,QQQ,Warsh Just Threw Markets Under the Bus （納斯達克股票代碼： QQQ ）,Seeking Alpha,https://news.google.com/rss/articles/CBMigAFBVV95cUxPbTUzMDFXS3ZjRnlPTFNQcGR0OGdxTm13Zm9vYl9kSEwycmRUcUJPeV9MX05zaVY0bk85a1Joai1MWkh6Y1pUS2lsRWFyOXB6bHNFM2JmbjVia0pDb1dnUkpOam9XUGpMbzFrcXRqV3VxRnRXY1BzRHp5ZmRZeEpCLQ?oc=5
2026-09-17 13:02:38,QQQ,今日股市： SPY、QQQ失速作為加息賠率，石油邊緣更高,TipRanks,https://news.google.com/rss/articles/CBMiogFBVV95cUxPVEZjb3c3aEt1eFlPRFY5bmR6LTFodnBLSHdldTZOWmRXY0ZZaXRaMzVQeExlVmtWYmkzQ2RDczRFWkNUemZNd2s0a0VEVGd4Ty1hczI5QzI0Z3U0SVl0b2MyYUFoMExWNU91NFE1RDVPOEJFZUZZb2E1d3FMckdEeTVxYmpveFpXalVCODFtWmR1WXlYZUpVSDRvMjJvNUt6VHc?oc=5
2026-09-17 12:46:14,QQQ,$ NVIDIA (NVDA.US) $ $ Invesco QQQ Trust (QQQ.US) $ $ SPDR S&P 500 ETF (SPY.US) $,Moomoo,https://news.google.com/rss/articles/CBMiogFBVV95cUxPSWF2OHpfbzFMVlZkVVpXbXNaQ2dWcTlyRXR4UnRobC1ROWh3TlEybGo0VzJkV1QxaTFKcFdVNWxCMGF4b1FTTFcxVmFQakl6UFhpTWJwWEpJTExKbFVsU1ppMndWZWFldV94ZW5qQThYMXNES0NCVVJaRTNneEFONndxbUl4QWlNQUczamNVSFFHUERacldZQ1dSZDhad1hSV3c?oc=5
2026-09-17 10:45:51,QQQ,QQQ股票：景順QQQ信託追蹤納斯達克100指數—投資者須知,eciks.org,https://news.google.com/rss/articles/CBMiYEFVX3lxTE5Sakl3UTRTNmtaWm9DeDhfc2VVQ1c1dVJWei01UG1nRXZ0QkRrNDZWVXNSVk9aTVY4NFdqdWwwRXpsYXI1Z3NCalQ2SGVnSmRYR3VUdnhGaHYwOWRPNHRSdw?oc=5
2026-09-17 10:11:09,QQQ,$ NQ_F/$ QQQ -捕熊器+玉米餅= ATH ？市場非常有創意,KuCoin,https://news.google.com/rss/articles/CBMickFVX3lxTFA4dFJINngyOTNNbnp2eUl6WHBIWktDMFYwQlh1SnNGQlg1Qng1Yk1udzRQYUcteDRDT09NaUgwTzdHdUZFWFJtLXpQMVU4dnBiSW5OMkVOekN3cTFTVm9POThlUzQ0R0JtaFV0TloxSWF0Zw?oc=5
2026-09-17 09:25:51,QQQ,$ Invesco QQQ Trust (QQQ.US) $飛得高,Moomoo,https://news.google.com/rss/articles/CBMilAFBVV95cUxPX1A4WGRQN29mdURzRXBKM2NYQ3pSZVNiUmxxcjQ0SVVOb29GTVRMVllYLURVbjJGeDRxV1laZ0lDd05YdFFwNlljRVBRYU1VbEdLUWlRQ29JLWJjakNTVTU2ejY4a2NzSGNVOW9IcHJhVmVERWJZaUNERVhuMkh2SkNnSFFNSjc1dFd4X2paYk90REdy?oc=5
2026-09-17 07:45:06,QQQ,$ QQQ 260917 711.00C $刺激,Moomoo,https://news.google.com/rss/articles/CBMipwFBVV95cUxPd1ZUVTZSRGJLaXd5dTZBcTh0RS1Yb3FPVWZPU3Q2WEpqV0JOTkZnY1dLandLSXJrYUpkSFFUdEFYYkNxVlkzRUhabHdOQ3dkc1o5SVpjSldHbnhqTmZuaktEWk5BZ0xGalVoaVh2WU5NTUY0YlV2YWNkeGNlZkRFNk9tU25zSlF5V04wbG1jV2lKejRPN2M4UWFaUzRZd055WWhocVBubw?oc=5
2026-09-17 07:00:00,QQQ,每月績效審查QQQ,invesco.com,https://news.google.com/rss/articles/CBMie0FVX3lxTFBkcEhsTFFWajFraDQ2VXBqYi00ZlhfMGFVcmM1VXUzSnhDS0h3UHlpOUEwN2tKZS1taG5vVmVyN3NwWVlWRXE0UElLMmsydUJNSm5KdEN6bkhMNmNtZnJBQllmMXJXSUVaNzdLTlJBcHI1Z1R6UWVpQ2Z4Yw?oc=5
2026-09-17 01:30:15,QQQ,聯儲局加息後QQQ完成持平；希捷不在基金內,TechStock²,https://news.google.com/rss/articles/CBMiiwFBVV95cUxOWFJ5MmpUdlZsUHlCUkFBTlVZOGFza0NMeUgwQVJORGhMelhOS01qZWhiQXZsNThTbmswOXk5V0ZTTkZfYjFaWkpmWXpxYjMyaE5tb242REd5WlhxNUpjXzMzZXd6dzFLZW93SzcxWmFFOGlpX0ZkN0l6XzROR2hTN05jMU1uYndoRVBR?oc=5
2026-09-17 01:11:05,QQQ,QQQ 2026年11月1030.000 CALL (QQQ261120C01030000)股價、新聞、報價和歷史,Yahoo Finance,https://news.google.com/rss/articles/CBMiYEFVX3lxTE4tLTRRcjBGSnNEY0ZjSk5WSnYzY2Z5eE1Ob2E3T1JseXZPRl9Sd2Q2Si1pdU9fN0RSNG1fVEd4Slg2ZmJ5WlpFUk9pbXFLaGtJWkctMEVjZEdHSE55QzNhaw?oc=5
2026-09-17 00:26:02,QQQ,QQQ 2026年9月660.000 PUT (QQQ260917P00660000)股價、新聞、報價和歷史,Yahoo Finance,https://news.google.com/rss/articles/CBMiYEFVX3lxTE5TU255ZFBpakJRMzQwbDlrZkl5cklNQnJWRmFLZU0xcERFcTJkaFZ0YUFGRHROX1h4X21OYlRlbllOSE1oUmI5dlhiQV9NVFlqZ2d5RmU5bWpBTWh5RmJOSg?oc=5
2026-09-16 17:16:03,QQQ,VGT與XLK與QQQ ：科技ETF是否仍然是買入？,top1markets.com,https://news.google.com/rss/articles/CBMiekFVX3lxTFA5djBvVVNaamlpR1lLUmoyOHpEcElUQTVLRWZUaW9ueTFEUElQMWJkLW5MN1FKS2puN21TcXhmaXp4MWhTRm96b0lsTi14Wkd2NmdQRVl4WTFoQ3hVMjh5MTVZZGI4VlFEb3RoM1Y5Wk9KXzRpUmZfUl93?oc=5
2026-09-16 16:16:00,QQQ,QQQ今日上漲0.9% ，受LITE股價波動影響,Quiver Quantitative,https://news.google.com/rss/articles/CBMikAFBVV95cUxOWTFnaG1Oek9LMnEzZWlIWElVOG1YRnJBU0F6WUgwOGlxUDVySFNWQkd2bU94UHMxWmJtbk1yR25GRGRTTjFtV1VSNklBRGVMcGNreGNLb2x2QlVGY2p1Yk5PckNDU0ZIWXlyWUVHS2s4M3lOaEtnMFl4VWlmRTQ4dENOQ3hDdnJJMXpVWWR4VXI?oc=5
2026-09-16 13:08:44,QQQ,景順QQQ Trust (QQQ)今日股價報價及現價圖,Capital.com,https://news.google.com/rss/articles/CBMiekFVX3lxTE9qNngzbVRodlJkdVhQbjRWTjg2UHh2MGwzemZkaGhwTkF1cGgyTDJtbmJmWjBsVE4zd3JMR1R1NnlnbHZrbG5GeUZHZkdyN1RabUNGaEtYYWJxY3FjZ3Y3Z3dmMGNwZW1SeFZ1LXRLcTNIYUllVVFnd253?oc=5
2026-09-16 13:00:00,QQQ,什麼是ProShares UltraPro Short QQQ ETF rStock | RSQQ的工作原理、用例和價值| MEXC,MEXC,https://news.google.com/rss/articles/CBMigwFBVV95cUxOaTdiYy02Yk5EcnU0amxNUDZNRWtSblRVbU1tYllSOWlZR0pGeXZISjRHMEZZc1Q1UkY0U2JjZWhFSTVOaGMwaEhkU3JRUk4wbWczcm4zdS1OQnkxNXRHQmhmMEZMaEx6WmtkU2FOMmNpeUpHeElZSUlWNy1SRERfZ05vdw?oc=5
2026-09-16 10:00:00,QQQ,什麼是景順QQQ rStock | RQQQ的工作原理、使用案例和價值觀| MEXC,MEXC,https://news.google.com/rss/articles/CBMiZ0FVX3lxTE95Qm5mdXhuY0l6TUs0MjQtd0JHaHlPc2luaUc3UVJ3d1dMcGlQc0RUMGw2OXFqNmVrNTRHZUtxX0Z3VEJOMnBheWhrYWZZVURPczJSWk5aVDdNY1BQODFnVTcyS25lRk0?oc=5
2026-09-16 09:44:56,QQQ,預計期權量將增加的股票： QQQ SPY RUT TLT NVDA TSLA SPCX AAPL ARM ADM,StreetInsider,https://news.google.com/rss/articles/CBMi4AFBVV95cUxPbFZ0S0FfN1NNUzdoMnpOWE9nMGN4MFF4Ni0wbUlmaEVWSzlHTEZyTXpwZVJOX1IzNW5pNDI1SkEzVmVBbXI0c010VUJVYWtoTWlXcElfTVpValVYRnZuNURoVUNBaU4yZmlpWXY5OHNPRmRsUzEzMjhOQUNWN1g0VjhyekNqMmc0RFpWZi0xX0JEamM5ckFfemlWUG4yWVVtRGE1dTRSQ2VPRWNzcVpMS2pVY3RtRHMxTzRHMUZ0cHFXYnJhcUw1SzVYVGw5MGhBS3IwSjZMa3d4c0ViUVEzdA?oc=5
2026-09-16 09:40:56,QQQ,預計期權量將增加的股票： QQQ SPY RUT TLT NVDA TSLA SPCX AAPL ARM ADM,StreetInsider,https://news.google.com/rss/articles/CBMi4AFBVV95cUxPTmhpajBsUUdaUmQ0cXduTkJvTnhpNllIcURiOHlfS3B2YTUyLU5UQmRrclRKOFFvbHZ6X2NrdGdXSlR4V1QwVU5IZ2c0WEFpblFGajJvbXJmWWgyZXZHeEt2dUJCMjF4X0NCT0JLNmZhR1RkQUJYUmhwejNzMHdHNWhEaDBxbW5KYnJCZXpaYVo1QVhTWDd6cTFiS0pDSzZqRWxFZUpQLXY3Tl9CRHc0RHRXRl9JMldfdlR2WG9mN1BmbnRIQzNkbVo1MHlsNmtub25xTldFUnNJdVlROW1MWA?oc=5
2026-09-15 16:28:21,QQQ,QQQ看起來高估了27.0 ％的GF Value™作為市場關鍵樞紐水平,GuruFocus,https://news.google.com/rss/articles/CBMiqwFBVV95cUxOejk5VnR5NmZjTGxBdUM5RWZFWDJnRGdtLUU1UkZqdXpYSkU2TVE5N09Va2ZsbDk1dGhXX1dseGJNOGZhSWk0MGRZOUJydU9yUEVEekhrRnFCNGFWYW1RRnJHT3B3anV3RDYwcTlEX0FEak9qQ3BYd08wQXotdFFqRU1WeVpjNUZTbEQ0X19qWlZpN2JZRXJYb2pJMXJEdmI5Z0MzbjY4dkNVTm8?oc=5
2026-09-15 16:15:00,QQQ,QQQ今日下跌0.5% ，受STX股價走勢影響,Quiver Quantitative,https://news.google.com/rss/articles/CBMikgFBVV95cUxNZlhtVEx4MmFLMkZpV0daT2xmam5iWWhSNU1CUFJtNjIwenlsQ0N2dTFLN3d2YnZvaEFURVhST1NRUkVJX1I4eVhYWXBGWUtUREhFdVlTZUNDaTI4YUpyMThhRXg3U0JVWDhXX19xek5URTRRSnpWYTdWaTB5SXl6TFphUm1YR2QyN29NS3AyM2lhdw?oc=5
2026-09-15 15:39:09,QQQ,Sam Altman的兄弟稱QQQ為「難以擊敗的障礙」—但AI正在為2026年的新ETF贏家提供燃料,Stocktwits,https://news.google.com/rss/articles/CBMi5gFBVV95cUxNZFBlb1hsQlN6WTVvLUZLRnJhQ1VSN1JtbHJhdTA1R1d6dGdzbFRpUXpDcXhEb1Z4dEJOZGdkTTlhMlg5dnNmMVZQdEF3VUF5R3duclJHRWpmbEF3SmxaR1dONWZBcUUtZkJ0MThTUTlTYUVodm8xZUFmR19IS3ZZSVhWSDdNMkE2c2k2RXU2LW9RSkdMNzFzWHVJUXFwUDJ6MFZldHE2bUZhMDdPNDBaN1hmT0p6QkVYbHVWbzl0bHcyVWFqblNQYWwtbENuZlIzT291clFFYVl6VGZJVDJ6bUx5amxyUQ?oc=5
2026-09-15 14:42:34,QQQ,在QQQ賭場度過美好的一天....😂😂😂😂😂,Moomoo,https://news.google.com/rss/articles/CBMimAFBVV95cUxQZW9iQ0ZqX0V3UkZTVXYyLW1CZ3o5UXdsaEEtM2w3UFN2NXRJaFRPTDhnSXRmRHo0WFlMZ0c0NnVDSVdQRnNOX2RSNnc2WEpjWEU1aTU4TDhnMUlVSEJGOUFkNHF5NUFxODllZExiWTRhT3BaRGRpeUw0ZkR4V3lsU1l1REpHVW40alkzR3hsRWVnRkJuLUw1UQ?oc=5
2026-09-15 13:21:43,QQQ,如何交易SPY、QQQ、AAPL、MSFT、NVDA、GOOGL、META和TSLA,benzinga.com,https://news.google.com/rss/articles/CBMiqgFBVV95cUxOT3VqSE9Tb3lKNC1uX0ZaMWswM2drRXc5cWh4OTlyZFNYUmEyU2RvUFl1VkZ4WExQRlduM0N0ZFl3VjRtelhuODR2YUpvRjVCV25mTnRGOEZ5eUZ2ZDFmenBBOEhEY1Q3N0hvQXJyWFJhMUd1ZTdsZnRKUUFVMkUzM2E2Wkc3cy1Ma3JHQW50Rmw0MmpNd2ktTDQzQ3lTRXFEenlHM3hxNW9kUQ?oc=5
2026-09-15 13:03:57,QQQ,$ Invesco QQQ Trust (QQQ.US) $,moomoo.com,https://news.google.com/rss/articles/CBMisgFBVV95cUxQVXRWcDhLRmlDYmdZQXN0NDNuLTdhU1ZrUHRzNFBaTGFESVJoeW1vd1dBQVcxNmNjcUJPNTdQYXI5SnpVNWRnM3d3Q0didmtiUjZEZzdxUHN6NUFFR0J4R2dUMlFaVWE0UTQyVHRrMVVlNUN4WVFvRmgwX01qZGQ2dkxHbHpudHZOSUNqVVphMVpXV3YzbGFQOWhGRUlwak9Ya2pMUERrdkN6STRnRnNvVHJ3?oc=5
2026-09-15 11:41:16,QQQ,為什麼人工智能高管實際上可能希望減緩軍備競賽（納斯達克股票代碼： QQQ ）,Seeking Alpha,https://news.google.com/rss/articles/CBMiuwFBVV95cUxQRFNQazFhUVp4WkU4YnF2Rk1Hd0lLVXFWd0ttSFNsRTZ0b3hIdUtydXZtbllSRTV6Y0lKZ2pnZ1RkU01yT215UzlNY2hLSWZKLXE3TW9XLUZ0TFhITncwMDQzNVlUQWpCWkZoWnIzWWNfbmdtYUpLZzRGSXBiWU9zaUxZOEZuaUR0VWpiSG9EbTZPZTUyUTN2dUF6bUJhNzRldjdDRXZuTldQZG1ZT3dOSUgtSm1EMURsTmNV?oc=5
2026-09-15 11:41:16,QQQ,為什麼人工智能高管實際上可能希望減緩軍備競賽（納斯達克股票代碼： QQQ ）,Seeking Alpha,https://news.google.com/rss/articles/CBMiogFBVV95cUxQUW40bWZfcGlrRWtFXzFvaW1GaXg5WGp4X0dIQXVXRUxDek92VVhXeWFoQlVMSXV6S3l1WGg0dHNOT3F5aFdoQlVaRXZveUxCS1ppUFZva3Znck1tQmZKRndEcTQweG84UE8wc2JWWHQtcGttZlViTUV6ZFRjQ1dPcHRLR3U0NU1aV1NTVzI3WlA5WkVzZnhwREpXSDdmeVNySHc?oc=5
2026-09-15 09:49:40,QQQ,如何估算QQQ的股息收入,TechBullion,https://news.google.com/rss/articles/CBMic0FVX3lxTFBKeDFscjFNMmk4ZG5UUlkxLXdvZGh5b2lqb1cyUzdlZkV0dVE0UUZNZXQ0STA1bUMySjFkM2drM1hsdlQ0WXRDZWV5aUFiUEJHeUwxazYtY3c0aE5VT1gzR0Jyam1jWWZZRHVEMXBxNWQxSkU?oc=5
2026-09-15 08:03:48,QQQ,賣出有現金擔保的QQQ ：為什麼溢價小於標題所暗示的,Saxo,https://news.google.com/rss/articles/CBMi5AFBVV95cUxNSzF4RnhaY1ZUMVpkUnJrTmpaM3l0azI1UEVqQUlOV2E0SXIyZ3BYMjc3d092dnlULWN5aC1XME11cU9OYUJZWkxaVGFhRXAtYXpJNFhRcGdmeGdvcVJXNGhwRWRsNUtDbE9YVDd6YzNZUlpSNlFyY084MGJiTmxmVG05aG1LMU1scS1yLTR1UkdYRVVMbDh2bjJoYzZOTndES3paUFRCR2NVaW5Sc05JTlRsMGZMR3NrRlROVE1odUgtazNJTXdvdDVQNGRLT01vek9LRkxIN01YaHVBMW5BNXBaMDQ?oc=5
2026-09-15 07:01:00,QQQ,$ Invesco QQQ Trust (QQQ.US) $ Y 'all see this [Lol],moomoo.com,https://news.google.com/rss/articles/CBMi6gJBVV95cUxPczdHR09fM2xKLTBUNjNSbVRXUzVNV25yRXZJQTkwMVlnMktkOFp1UHZTYzhkMGRuTTBCY1FSeG15cmNqZml3Z0lpUzU1Ykp2a2J1b2ZMUDRtSE1DLXJkNGFlcmh2al9reERnYk12OGxrNzZsTWNMWmtlZnFqZFNQWEVTR002TmRZWHg1MlVOWjZTZmVXTE1iU2pjVldRNGd0enU2bUU4WnRyenE0anhMUHVSTjhJY0J0bEt6NDVEcjl0cWNyZnRMdnFtalV3Skt5S3pvYURVeU1aUi1jSkV1VmpPQV9udTRjLVR2ZnF5NVIzMjZWRzRPZmswNGdITlQ2SHViMXlZUTJsQ2NpLWVEZzd2cmpsTThPbHZrQ0NVOEl2UVUwMW5CVm1jcW52ZS1ndElyeE5oM2h1UV9aUGtYU3dDaTgyZnFjdjlXc0JGSXdkVUJNSXczSmctSDBuTThaWkhZZUVMUHZYUQ?oc=5
2026-09-15 06:55:42,QQQ,"景順QQQ Trust, Series 1 (QQQI)今日股價、圖表及新聞",CoinGecko,https://news.google.com/rss/articles/CBMibEFVX3lxTE1ia2xYeUZsM2o3VGUwNXN2TTNvLU9uZGZpaWkzdVlGaTM5cVJVZl93bTJWWmtJaDN6dmlldFlaOGVYRFhOamhudnh1dkh2Y3hPYjAyaTdMbkZxcDhmUURWOHZVbXBFN1ZGZVMyQw?oc=5
2026-09-14 21:45:00,QQQ,忘記JEPI ： QQQ的贊助商出售收費較低且比其低8分的等重標準普爾收入基金,24/7 Wall St.,https://news.google.com/rss/articles/CBMi7gFBVV95cUxOdWI5TGdzLUtXaVl0b2txdU1UeTRKeTVodDZDZzQ5T0hRTmtlS3Y2QjZ4Y19nbmNmRksyXy1wNHJfTHZZY2NxeDlrT2t3S0dIVTZ2dVFmTmtqTC1MbDRSQk9GNmpqUXE5bHZVM0dqS01Idk9CLWw1OXMtblB1Mk1LSzJ5dmlmZDVlLTRaX1VkUHgxZ1FMRk4wY3B2dER2R1BxdmE5TldGUjgxV1dTX3RRcy0zNzctTHhhaks2OFNhRGJNSllPTTdjQnRkaERzU2kzMjhBVHhndFhQTEtWLVhidW1hREFSRC1RY0Z5T3Nn?oc=5
2026-09-14 20:34:27,QQQ,今日股市： SPY、QQQ失速，特朗普淡化OpenAI、Anthropic CEO的人工智能警告,TipRanks,https://news.google.com/rss/articles/CBMivAFBVV95cUxQSHIyeWdHY1pyXzktOVRNd0RYeVA2WXNzbjctNHdNQldwQndIUXFYMllGUlZOSS1maVRhZGhla3hla1ZHbEtGRE5lN21FaFdUVjA3bWRkZEtQYzR3M0NoOGkxS2sxQTRPSlgzbkJYYmw1VWZDcFhPZUxvNG5KX3dFbERTMWpxcV9ncTNXMFMzaWx3dnZNQ2E3SUJQb1lQTlBHRWNFZENLdWxUOU93RTdjekFGd0UzVnF3Vl9JSA?oc=5
2026-09-14 16:55:34,QQQ,老派圖表分析和伽瑪暴露告訴我們關於本週聯儲局的QQQ,Barchart.com,https://news.google.com/rss/articles/CBMiwwFBVV95cUxQRFc0TU44c1NIai10emJ2NDgwalo4VWtCb2x0a2NreHEyMlpjTVBSZ2J1MkFhQ2FzSllLSUIzbWVyUmk5eDE3SlREWF9uMmdLOWNVVWZPNFdYT2FBZnhvcTF4cnE4RXRvUG9tYTEzQW5IX3NONEZ4amM3MFExUXF4a3BrTnVDNW42YzZzNDNzdWhWZ2NfcTdWZXZlWjFRYlJIUXZZQkM2RVVhcWZocW1TeG45aVpUT2otRGRBaE9rd2Jna2M?oc=5
2026-09-14 16:55:34,QQQ,老派圖表分析和伽瑪暴露告訴我們關於本週聯儲局的QQQ,Yahoo Finance,https://news.google.com/rss/articles/CBMingFBVV95cUxOczB6azlpYy1KcklMQ1lJSnR3cEQxRGVOM0ZkTms2bTRZc3BzcXpXNEpwcm5JRjgzNzVrcVJEUlBoN2hMU3BIOU9PNW5hUGl5akdjdWNJN3NnSVpWMVhRemdYbjhxemNYaTQzOE9Iemt5M2ZDYWtBU2pxTFNxb2h4czAtbGdoQ2dRaEZSX2FKQXpJRmt5NDdkWm0xTzlfdw?oc=5
2026-09-14 16:25:52,QQQ,$ Invesco QQQ Trust (QQQ.US) $,moomoo.com,https://news.google.com/rss/articles/CBMiqwFBVV95cUxQNkxsY3N1Y0Q2MkpGMWxCSG9yWDR3MWZrVHZVTkYxVmdMVEc3X0ZkbldXVnVzT2w3Rm9uM3lFNXhuN011WlRHdFc5OUVuT0IxeFJFN3loa3M2VEsxMV9qUGpJUC0tTllvZHRlaGJxdHlmbHlxV3ZEemIweE90VC1ka1NkTHBkXzNpdHBOb0lnQ3hDblVkblJrNUtCQXYwQ2pqcENoYmg2LXVHRkU?oc=5
2026-09-14 16:23:42,QQQ,特朗普的人工智能“金鵝”警告：對QQQ、XLK和VGT的影響,TipRanks,https://news.google.com/rss/articles/CBMipAFBVV95cUxNdnJveGhVYWplTXlLM2Z0YzJOZ2dHbWpQVW42alZSYmlrUDU5ejNUUGhBbnZCQkExV2tJeVZXMm1qY0RqSGdRRVJKbmVDZjRuLTFyajFxN3BxdVJVcUtYaXM2QXFGVVdkblJHMi1ldTNjVWdKNDVISHJkS3d5RjRkU3I1UFNWVHlNcTdCdjZCd2pEc2VJdGx0Z1Y4YWRDTWhOd2plRg?oc=5
2026-09-14 15:55:12,QQQ,QQQ的$ 561.69「公允價值」是警告，不是價格目標,TechStock²,https://news.google.com/rss/articles/CBMigAFBVV95cUxOR29pM25oeFRNOHVXR0xWb2hyLU45QURMQXVaVElzRTdGUW1uRGxZU2dvemNrZWRpRWpqZ1RCQkFWMTBIZzg0RmN1dGNUXzdIQ25BVk9sN1RNcjRvSndMSGpzWWxpREUzbkRYRnZ6QnNqMkRaR1BtNzk1SnlxdUQxQw?oc=5
2026-09-14 14:18:09,QQQ,QQQ下跌1% ，布蘭特達到$ 109.19 ，但這不是市場崩盤,TechStock²,https://news.google.com/rss/articles/CBMijAFBVV95cUxQRHVvQnlCNzcwOWJQd3loa0hRNXUteHBYYlNKQTFncXpFOFJPczZvRlZoY3ZrcDNvaXRqb01CNi1iTVJtSFlfMjVpeXdjaF83MUp4TVhrdGRaaUxKNzRrNHJSdVNGNnJIX3hwUEFLT0lKYUk2emJiVGxVLU1jM3RVMG5TV3pzSmQ2MnJnTg?oc=5
2026-09-14 14:18:03,QQQ,QQQ看起來28.0 ％高估了GF Value™作為樞紐點信號K,GuruFocus,https://news.google.com/rss/articles/CBMiuAFBVV95cUxOUDRQX01oVUhLbThUQmpndkZxUWxWUVpwS1NnZ0M0VmhmMGhiTWFITExTU1NSSWhPbzhvTTdZVWxuS1VpYVR4R19LQWtQV2FseDUtZExMNGdGYTNXWVk4R2lhaUEyNEdkWWJUSmdzN2x0eGVJTEpDelU5SXJmV09fZmswdkVKVENmd2drSE9wQ2ZBQkF1dUhDT3YyUEtyX0Y0dXlQNFExOVN5UWJKaEhzNDhvQkJ5b05R?oc=5
2026-09-14 09:49:46,QQQ,預計期權量增加的股票： QQQ SPY RUT ORCL NVDA SNDK MU WDC SKHY INTC CRWV AZN BHF,StreetInsider,https://news.google.com/rss/articles/CBMi8gFBVV95cUxQMWdyamI5d25MSWp0aG4yS2x3Ny1PQ1ZNR21DSTlfd1hmSXZ5Nk1CSFY1NThPWk56TDNtenRPdmk5Zk05Vk1FWTZPdXFtclNoMmp0ZlZCV3BoR3M5WXBualZ2WHRzYVF2TWFXRm4wT0szWW95bFhQOFpKTWJQalVseHFaZ0pWTXFsQ2F2bkNuc3NkUEFzSjBoenNwbHNOZXFsRlhGdlpibXV0OE9XNUV5ODFVUUI1ajZITC1Mek9ib1d5eFZ5VlhCZ2UzdVZrOGVPaTNRRlBkY1ZkWW95Tl9LMXJTVnVRM3BVUnMzRVRyMWdKZw?oc=5
2026-09-14 05:24:00,QQQ,$ NVIDIA (NVDA.US) $ $ Invesco QQQ Trust (QQQ.US) $ $ SPDR S&P 500 ETF (SPY.US) $,moomoo.com,https://news.google.com/rss/articles/CBMiogFBVV95cUxOb0kxaVZFclBHeUVJMExmRFpIVWFjSHFMNEFOUnRkSGVMN1hFUEh0anFEb1dyRUYzX0tfNnRYYVd0M1NGMDlmSjluZVBoRFMxdk5kTTUxLWMzdkt3LTFaQnhJVm1lT1BoakRhRmR3c1FhLVlkSWZDeWgteE5kLTMzMm9pVmtHdGFfT0JLNVg4ZUUxS2R4MlNJNUJBdlpfdS1QY0E?oc=5
2026-09-14 03:13:05,QQQ,QQQ看起來28.0%高估了GF Value™ ，因為我們擔心AI的增長,GuruFocus,https://news.google.com/rss/articles/CBMipgFBVV95cUxNTTc4VS11UVdqNWJsX1FlWS1XTmJlLTlOOFpIWnRialRyek5NbEwxSVd5THJWMTEyM1JWZVZ6dFpHSHUyT3Bld0FMNVFVbzJ3RFJkOWRwOG1WUHhYN0FfS1NOb0Z2N0c4eE5QaURyVFlMOHJCOTRxbkN0eHo2a2t5UVk3TzV0YUs5N1pzTkxhQTBwUEFYRlZncFFJQ0xtYTEzMWFsQzB3?oc=5
2026-09-14 02:43:00,QQQ,KOSPI Over SPY ， QQQ ？由於其AI記憶體晶片拉力賽變得無法忽視，韓國延長了交易時間,TradingView,https://news.google.com/rss/articles/CBMi_wFBVV95cUxOalpGYXdzYjhxN1c2aEo1ckIxV1JSdjNGZTRqbHdXYnVNeHlOSFk4MVRwT3JWWm5scGFYWXI0Y1FyX2tqOGk3UnQwN1FhbEt0TFRMZWdISlpoUXcxZ2lOZTZDUEQ0SlNVOUJYSTNZZ1QwalJ6UGYxUjZYZDRkVVlZZXZQSnIzRkwxdzF0SHpnczJrWW9DUzNobFJDODNzN1lFVkc1QXF1RWVITjZaYVVsUW1aVFhoeVlMYkFaZWxDcUhURmJSbkV0WkotcG0xeXd0OXF2OEh6SUZRMlBGQVF0RV9ZalFRUGJCempxTEMyQWhmWE5HeXZUN3g2RVprM0U?oc=5
2026-09-14 02:43:00,QQQ,KOSPI Over SPY ， QQQ ？由於其AI記憶體晶片拉力賽變得無法忽視，韓國延長了交易時間,Yahoo Finance,https://news.google.com/rss/articles/CBMikwFBVV95cUxQQXdXU2VDQVNjajJsNkNfeXgxMzJXbVhPZHBsNnV2azBtcWx3SVA2N1dwOXkwYUFESTFXRkNialAyRl9UZUw0V0VqWHBkTndraVdueUZGdEF6T21kWWxwaHRjazlMbzMwbzJ0OVV2eW9CWHZsV3lkSDl6S1dpSHA0ck1qcVc3VVRRQnRsaVI3TnpUc2c?oc=5
2026-09-13 18:41:00,QQQ,$ Invesco QQQ Trust (QQQ.US) $加息概率目前爲94.5%,Moomoo,https://news.google.com/rss/articles/CBMiqwFBVV95cUxNMzdOejR0SGd6ZkJhT1hQaGRWTUY5N1BUOGY2Q0U3ZmRYTG9VclowNVpnbE8wTlhBWmlzSFBNZ2J5RzdybjRMSkFmUHdMT0V1dUNCSnVIU2ljRmJBUE50V25sRjdPR3B6S3Z5WklmZVFKUFVmUFJRQ0xETmtwZ1VVX09YdU1FMTBWN0ZVNHFLOG9ZREp1TGpZakVDNm9IU2FTTEpJQ0VwRVBPdjg?oc=5
2026-09-12 16:13:10,QQQ,景順QQQ信任面臨科技波動的資金外流,TipRanks,https://news.google.com/rss/articles/CBMiowFBVV95cUxNdEloSXF5R0VEVDVzSl9ib2QyZGNGazZhMHFBSVQ5cjlsSXhUZW8wLTFyQmp1NGdJN3ZBcTNwMXlTYlRoZld5ZnpDdzZYRmRDWDBORGZvMWtuWEdMUFYwUVB3SmpqdV9SUFo1LWpKNzlMS21mREo3Tjhnalp1bWQ1dzBXZ0piQk9FYlZCT1RTZ0ZPNnJlM2l6ZmxrRXlpSE1UYnFB?oc=5
2026-09-12 10:23:43,QQQ,《華爾街日報》報導，特朗普下令本週末對伊朗發動新的攻擊— SPY、下班後QQQ下降、USO攀登,Stocktwits,https://news.google.com/rss/articles/CBMivwFBVV95cUxQS0xwdUVsYlozZmlPWUJUTUIwTUN2aG85VktNTkRxMWp2LTJDS0x0eUdwZjZXZTVmYUFHak9EWTM4WVZXRUhXa2ZTUWZLTnB6bXYyV19OSER6aEdITDY2c3JiWkFXdGE1b0lSeWsxa3Z3a2RCdGFQTmJEUmQ1VHdXdjVRLU9zVzJWSmdxSjNfTnJndXl4U0Rvcjk5Q1JMZHdORmR0UktpbFhNSmlyMGx2TUtYd0NKX1V4SWNJaUVzaw?oc=5
2026-09-11 23:16:59,QQQ,"Smith Chas P & Associates PA CPAS出售2,302股景順QQQ $ QQQ股份",MarketBeat,https://news.google.com/rss/articles/CBMiyAFBVV95cUxQTHl4TE9PTXNzazUxUG5iOTlqbjFoeGM0bEdTUG1hTENvcUN6R3o0WjJ6SXpIdHk1cWNWZHQ2RHFIeEY1eDdhdC1nOGRyUUMwNHMtcHRpREFaa2RvRDJIa202elhPR3V2VkZyMDQzZjJ4NTg4enJTWHlKZmxIMXBzWXdxbjcxRVBFTlVEYm5RcENyVkZORWtKNUlKZ2R0T0R2QXVmUE11MkFLd0pHZmFELUtDUWpfZ3Y5TjB5TzFlR01VTlQxaF82Zg?oc=5
2026-09-11 23:16:59,QQQ,Talon Private Wealth LLC增持景順QQQ $ QQQ,MarketBeat,https://news.google.com/rss/articles/CBMiwAFBVV95cUxOREZQOVVlbm5paGp1V256NHI4YU1qOUoxT3dFOUxsVnRGeXVrUUV6NXFCWVczVHMwTWNfTGJGNjM0dzIyZUxUeS14Zk9mOVFWUEVKeGJLcjFfMmZ6bnNuUU1rejhSNmMtVFZ0a1lYWjNPaHlWMzNEZXpiWS1IUDBfUmZyb0NIR1pBeXpaS0hYSTZiLUNiMTlRa2R6OTJleWJqbm9pVkRPS0hXdDJ0d3hKQmVQU285Zkx1MmVsenBLVVU?oc=5
2026-09-11 16:16:00,QQQ,TXN股價走勢， QQQ今日上漲1.1%,Quiver Quantitative,https://news.google.com/rss/articles/CBMijwFBVV95cUxOeTZpVTNkQml0MkF6Mm9lX3ZRZWd6S0NyREE5QXFKd1YtWU9FLXNhUmNIbXlBQlA4bUhEbE93R0p0bDJpU2dva21jQ0g1OVNFcXhjQ3cwR0ctaG5MMHVqUklhU1NpMDQ1WXk5Tl9FYWZLemRfMG05TEJWTUlqZ0NlS2N1TXc2dWtxb1pSY0xmQQ?oc=5
2026-09-11 15:28:20,QQQ,伊朗戰爭， 100 $石油觸發ETF輪動： VOO ， QQQ反抗400億$流出-先鋒標準普爾500 ETF （ ARCA ： VOO ）,Benzinga,https://news.google.com/rss/articles/CBMi5AFBVV95cUxOcHB1T3hMNnpXbTVuc1E2bWNQa2puZmNpejR2Q0NJVUxTM3lfMmJkUDFnRENMQzVodlFsNVB0b0VOOHl6NkdxMDY2eC1FUHF4a2lxUnZvcTRJcVNYYlNEb25RUDl1Tk1OX05PTlpLLVpCS3JZd1VQUE1ZNnE2b0k1MDU0eUtFMTU1aHkwMV9oMDExbWVndWNMbHZ3MnVZT2xPY1hubWxtMExCLXh2VHNpRERqY2RWdjRSMlFVTTFqZVJiMm1jOUFwQWhFV3dFNndyUE5lVnI0OXNhWHJCWWJEMTNGRUs?oc=5
2026-09-11 13:30:21,QQQ,熱門核心CPI數據發送預測市場利率上調機率至80 ％ -景順QQQ Trust ，系列1 （納斯達克股票代碼： QQQ,Benzinga,https://news.google.com/rss/articles/CBMioAFBVV95cUxQZnV6dS1yOTNlMDl4MnF5S2tVSTdnWkVma09tbG9YcUp3ZEU0VTNZeFl6YXlaQkhjQU5WRFZJanMza1M5UFVKWXMzeVh2akFveFV5d3R2OUpBSG45MVFhZjA0Z3ozUDlVOW42VzZmNWh0R2ozdzhPdWVQQUxTM0hmaDRYbnB3dGw5OGxZY3k2ZEZVZTRLWG1TRkNEb09kLXM2?oc=5
2026-09-11 12:05:00,QQQ,特斯拉對XLY的拖累被亞馬遜的收益軟化； QQQ幾乎一無所獲,24/7 Wall St.,https://news.google.com/rss/articles/CBMiuwFBVV95cUxPN1RkWHgtSkpoSHdhR1R2NUh2SGVDckQ3S3YxZTJ0b3J0R05hYWM4X2lKZ0xYLTlIUmNwTG9XUUFGa1JtNElDY0tCZUUyUmVfLTNfMTE4MVdmZ3JsLUdIZ1RzQ183Uk43Z2c3UmpPclNJNWhiMXVKaHRSWThOLVQxcUVzVXhpaktGRjRZUnA4bWljMEhVT0JDbDNVXzdiMG5wYmtvdkE0VVZxSzJSQjBPQndVVTdOZTNSaXFv?oc=5
2026-09-11 10:50:47,QQQ,從CPI到FOMC ：帶領QQQ風險進入9月三重巫術|期權市場統計,Moomoo,https://news.google.com/rss/articles/CBMipwFBVV95cUxNZnRab2NZTXRBRHVXM2tQZHpFWktUNWtJOWRaY1FiU3ZnVDBGNUlMTXR3MWZjRUx5SC1IZmdld2lnVnVPWnF5a3hrcWlhZ21zQk9hRlFYQ29Salg5YV80cVZBeWd4XzJfZjZXb3N1RTdybEVGQjZLUE1MYVN0N1ZlRWNKQjF3aWx0d3VJaDFWZ2hsSFVYRERBSTR0TDFOVHFHR0Q1YWExbw?oc=5
2026-09-11 10:50:47,QQQ,從CPI到FOMC ：帶領QQQ風險進入9月三重巫術|期權市場統計,Moomoo,https://news.google.com/rss/articles/CBMipgFBVV95cUxNTzA4ek5qYzBJSnVqZWY2b2Q4LU00YnVkSDZTdTRtTExkRERjVTh0NmU5c1JKZGY0aVpqQTd1ZWFSUVd0c3Y0ZExoVzFIQW9tXzlmQ3BES29tZXZQUkc0MTdaVE10TVkxVTR3ZS1VNXhPRnBxTmlVSzVkbkhIT0FIbHcyVmxBaFN1QUdKMUptYXYwQ2xET1VmM2hPVkJBNEJTOUlHLXB3?oc=5
2026-09-11 07:55:59,QQQ,"Corient Private Wealth LP購買景順QQQ $ QQQ的455,412股股份",MarketBeat,https://news.google.com/rss/articles/CBMiyAFBVV95cUxQVG0wTDFaNUVDdm40clVqdGVoMlNxQld1anJ4YmFidXo3YlJtR0VMNE12NWlaQkZVYVJqUjVpV18tVnhkS0RreUpneU5YZVZvYk9kQjVxUXR4c3lTSlRKdERNNEhzQTVOYW5Tc1hvdEpCZXhfYThOdnNjbHktZi1hNmRPd2FmY2s1bE1VLV9kdU5VUXliNGk5ZWFvZlk1TWlUOGl6LTZtT1lFOENSMzJrSVgyUFlKVXUtU24yV1JwaC1OQTB0OXVWbA?oc=5
2026-09-11 07:15:02,QQQ,Amundi持有Invesco QQQ $ QQQ $ 5058萬股權,MarketBeat,https://news.google.com/rss/articles/CBMirgFBVV95cUxPQndNUkh2NWViMGxkdno2amhMUmNFeDExbzBFWmFudnJkRWRCNGRMTmUxZFUxTGdVQm4yRTJzSWozWVoxbWRhaE9ZQlNpZjNDTENFZFdCU2dtQlctNUlLWWI5dzFDTmlFbmY1V1gtNHdUa1NweXd3c0drMF9jWE9UY2I5Z2VudGJBMWFkaDV5eXZXSmtPRVJSLTgwMkRIUDNyRUwteHlBSE5qTnFNbXc?oc=5
2026-09-11 07:00:00,QQQ,ProShares UltraPro QQQ ETF （ SQQQ ）股價|報價和新聞,Moomoo,https://news.google.com/rss/articles/CBMingJBVV95cUxPbzJVV1YzS3ZpNDZwSTZ2ZV94MXYycVU2Ml8yc0FxN1F1QU01OTJEbHR1YllkaFdrMlU4MnNORHNLVm1UTUVpNWdidkpDVV8zMFlqWEdOZVJBcG56OHFILWJfLWhNdFo3QmJmR3I2aUExdFNwYURjQXVGa09yR01QUV9UU3ZFTmJTTDRJYkIwZmtsMmdERHB4ZGZCNmNWZjdoeDdvdFpRNnRqWDA1Qk5DUEw5Qjl2X3Jsc05QbXFvNTYwbVFxNDV3T3hocnZjZVB4UnpmZ3VFOXRIc1dFOFlUcTZBTmZkTDY4TkR1Rjh6VTZBaXA4WEVwczJWYkladnhvNXpVT05YNWFPNzBiU3QxYWtPQWhTWFM4ck1UNklR?oc=5
2026-09-11 03:02:25,QQQ,QQQ 260910 682.00P (QQQ260910P682000)股票期權鏈|報價及新聞,Moomoo,https://news.google.com/rss/articles/CBMijAFBVV95cUxQYlo1Snl5YjQtLS1JS3NSM3ZfUWJNRFIxUWF4TDRoTmQ2S3Y1bFNWZmM2MVBUZmhMbHJqbjNHZXZaWjI1N2JQY3NjcWIzMTJiWnhIdlVOWkxsVy1qcll1c18zc0R3TXhpc2hQRGNURDJEeHhPOXd0MmhaaVMtQ0hCWHU0bmJTNFZGbmt6MQ?oc=5
2026-09-10 21:26:06,QQQ,景順QQQ (NASDAQ: QQQ)股價下跌1.1% -下一步是什麼？,MarketBeat,https://news.google.com/rss/articles/CBMirAFBVV95cUxNcHVkMDM1QjJMZHZxYVA1V1BxSE5rUHFrdlB3VFR6OVJXUGQ4SFByUmQ5M1JVQVl6RDhCY2lqTEFWbHI4NlhQZWk0djVwenlUY3hRN0p5MUE1LXQxVjVwOWh4MTlYZGwtM3AzYXpJVWxnY20zSzdEdllBS05NOHlGNkwzUnlrSWtvQWpyTDlSQkZsMEVIcGhHWkhvbXBjVXNQRWtiYUM3c1VodkhN?oc=5
2026-09-10 18:55:00,QQQ,美國股市下跌，因油價飆升超過3個月高點，債券孳息率達到2.75年高點（紐約證券交易所： SPY、QQQ、DIA ）,foreignpolicyjournal.com,https://news.google.com/rss/articles/CBMi4wFBVV95cUxOWVJGU3Q4SjExaVhjb1VGcDBKenljLVBhS3EyemFsSXJ2TUVGMnoxaC01QUJpYkhZM2Ryc3ZzX2R6dzJoZlFSWk4wMFhQbVItZWRxb2pSdl8wYnh5X2hXOEg1empHTGZoTDYybUNQVXJsaUIwZHpXcWlQZjdtRERyaFU5RktBRFVlVzRwYkpFUTlGbGpOQUxWQi1CY1AwQ3NtVXFFV19XQXUzVzBpRlFPek5INzIxMkRIMlpXc1A2ejMydEFCS21vVnMtcDZCN1gwMFF3QlhzalJZWmZXS2lmV2VoWQ?oc=5
2026-09-10 16:15:00,QQQ,QQQ今日下跌0.8% ，受MU股價波動影響,Quiver Quantitative,https://news.google.com/rss/articles/CBMikAFBVV95cUxORno4aW9qLVhBQWJEU0syNWlKX1RodmdHUFhsd0RyZjBxdU9HR2Y1dDJoR2lGOHhZb3JGTS0zRGJ4VkZmTFpqZF96Qk5qRFgzWnoxUi10UG1HeV9CdE5JOUFPYk15MlhwdldBXy1FRWNTd3MtUzlFU0J5c0lSUjNNSDZPSXpCeE1LS1VOUGE0VGs?oc=5
2026-09-10 12:59:31,QQQ,如何交易SPY、QQQ、AAPL、MSFT、NVDA、GOOGL、META和TSLA,Benzinga,https://news.google.com/rss/articles/CBMiqgFBVV95cUxNbExuUExJREFYTm5jSkVaTE1hYjA4V1dXc25ma1VfRzlqVGtVeXd1WWRLTkNJejlMcGtZU05PQjFBcGtYUWtTTTBEcTd2MFpxeGJXRmJuQVJ6cjUtT19FRUdrRXdXeUtfZjloUHpLTXh2VnVVM0xfU2xjNnNSdmJrdlR1bHVKR21meC1LeG02LVNrYmI5ZkRtWUJpMlJCdGVmVk1PaGRuLVExUQ?oc=5
2026-09-10 10:16:38,QQQ,景順QQQ $ QQQ Stake Boosted by MCF Advisors LLC,MarketBeat,https://news.google.com/rss/articles/CBMirwFBVV95cUxPS1B0bkhZcGtWM0lvWElJN1dYMXNYeTFrRE9qdW55QzhLWDZCT0txU3ZsVmIzRWhKQnJiNm5yWGdPYXJxZGFvX0I5bG8yYy1zaWNpLW5xd1hscVBVZk0teHVHNUl1R1k2djZTMzE2RV92U2ZLNW9qX1lXU1FDYXBJSnFLcW5YSFk2MU5qb3dKR1gwS0d2NDZLcWRzMndDVUIxbVRCcVZuZVhVSzZHUHZn?oc=5
2026-09-10 10:16:28,QQQ,QQQ價格預測：多頭過度定位，磁帶警告- $ 722突破前的$ 710測試,blockchain.news,https://news.google.com/rss/articles/CBMilwFBVV95cUxNRXliRVVoNEhsWk1ZczJRWFd3eDVmVzJJYkJoektuZDF5RFR0NFBuS1lsZjNOb1ZJUWp0c2x3UFBHaTc5WGxCNkNsTDA3TXBMYWNfQ2Nac3M5R2loaUxJODFIM3BrTy1ybEE1Q0loYVM2VF9QSWRuMERfSGtYTUhYalhINlVUaTdXZENkVEZocVVHZkVYVFpJ?oc=5
2026-09-10 09:15:23,QQQ,分析： Bitget為包括Apple和QQQ在內的十幾種熱門資產提供最佳交易成本，加權利差為0.0144 ％,odaily.news,https://news.google.com/rss/articles/CBMiVkFVX3lxTE1xekprOFU2SVFVWTBiZXNXMGNTRDkweWxrRnpRUkhqVGxNTFh4bm5OVjdURF9ldHBpbDI1VF9iSkpqc2UxUkJWd1ExWjlPMlhjcXQ1Mk5n?oc=5
2026-09-10 08:20:09,QQQ,Bienville Capital Management LLC持有景順QQQ $ QQQ $ 387萬股權,MarketBeat,https://news.google.com/rss/articles/CBMizwFBVV95cUxNWjNxV1MwRFhKWWNuUTRhR0N3N194Rm1mZzJNX001TU5vcVJRQW4ydXpKQVZxZEJEcnVzcnFqQkdZVzdrRXlvN1BoUUJQVzRkTlpOVFRSNkFLWWhhanpHR2dXYmFESkVXaTJGbWVlZ0pqTk5YRlJ6Y3R2c2tXNWFYWmtiVTM0OEtmU2tWbUlvYjRubHNqV19DWXRKYTJmYjV0bTZZbTJhcnlLbDNJMmFlQ1VsNkJyV21DclNhLURYTTdfeXlKcFo2SWh4ZlJXOU0?oc=5
2026-09-10 01:08:40,QQQ,$ 1800萬Fresh Long Hits SPY和QQQ領先於CPI週五|每日期權收入,Moomoo,https://news.google.com/rss/articles/CBMinAFBVV95cUxPTnNMSFhDZ3Rxa2FNbWF4cmYtWGZkTGNyTVdOWjNoR05ZUmZjTmdieVNFMExIbFB1UjZkeTFTM0p3UUlzWlo0a0hiTXlWY3BPMFBVU05sRlpTY3lONUNrdmFPUUlPRTNKMVc1ZkJTS083UXhETnZPNkR2WHVBVTBwazlTZUdtRVJjWEh6V25iNjF6RHJMWHI5ejBaSms?oc=5
2026-09-10 00:09:00,QQQ,QQQ 260909 595.00P (QQQ260909P595000)股票期權鏈|報價及新聞,Moomoo,https://news.google.com/rss/articles/CBMiX0FVX3lxTE1jb25LNm9UVFpaNFRHZ0VtSzZXMk53WnNZN2lodnlmSDA1NUp2ZFQ3LWFoZndIM2FQRGYwMTduUkRqN3Z1N3FtUkVNV2RpMnRSb3Jtbi0tQWpFTEZhTVJZ?oc=5
2026-09-09 18:11:39,QQQ,VOO與QQQ ： 2026年哪種熱門ETF適合您的投資組合？,Yahoo Finance,https://news.google.com/rss/articles/CBMikAFBVV95cUxQMGJMR2NxbVUzQm8yMmdMZ3htZWlaX0FYdW51eW5SS2E4T211aW9GUWR0Uk9INEpsQzA2dUx5SGpuSkZINUhHMm5zLTh0Tkt2WHFtT0pkQ2xZTG9HcjdRdzlJcVJOUms5TnUxYjJOcU1zandZQUlrNHRST0lJOThHaWE4M25ld1cxRG1IMnFCdlo?oc=5
2026-09-09 16:33:46,QQQ,今日股市： SPY、QQQ在Warsh的傑克遜霍爾演講之前在技術上反彈,TipRanks,https://news.google.com/rss/articles/CBMisgFBVV95cUxPSGdnQUNCd0VUaWxfUWtXZm5fTy1HT1VnWUo2WXh0cjBfNW50RnlxTDhBbVcxX2hGSFJqcXBUUWpyeDVqRExrQ04tZ0ZIVmRraUhvbnNUQ2tHZGhSSjFLOXlqSC1MYW9JY1RvdFBka2hjZEw2dE82d2JEeWxqclNwY2pkQ0pWdFlndmhIZHJPeVM0VHAzY3JOM3c0WWR5Tm1JU2ZfT19uVUJ1TXh5NFZ5X3Nn?oc=5
2026-09-09 16:16:00,QQQ,BKNG股價走勢， QQQ今日下跌0.3%,Quiver Quantitative,https://news.google.com/rss/articles/CBMikwFBVV95cUxQYl92OWY3eFphZERfS2dIS3E1R3ZTX0ZZc280TVVvY1AwbHlXLS1DZTQ5NVZ0V0tiRXd3WGY5T0dycEZQdEg1MkhHS3lQTExkT09kQmFKQllGQWVWbzd0M05JM0RKNC1jTVlMbHFkYVRKaE5sNFAydHJOQXB4QTQ2SDNsWF8xRzE1SGdPRGF6ZWU4NG8?oc=5
2026-09-09 13:45:00,QQQ,QQQ 260909 674.00C (QQQ260909C674000)股票期權鏈|報價及新聞,Moomoo,https://news.google.com/rss/articles/CBMiX0FVX3lxTFBtZjhDcFVGRHhXZEUzYWZOeWkxc09kUkZjV2RsYnVPU19ENUU2Q1BNRXhkbzBDQUNEUno5ZzhuX2hHZy00REVFa1J2cW5PUHpJdUFDUXQzTW90VGstMVVR?oc=5
2026-09-09 13:03:28,QQQ,QQQ看上去高估了27.9%的GF Value™,GuruFocus,https://news.google.com/rss/articles/CBMigAFBVV95cUxOdExjRk53SXRtOVhfMmJKeTNuTHFXdUhMbG1NWW1XSWo2ajhHWkVjZjVTS2U0MWJmV2RvVmtQMXcwRUxPRVFWeUw4d2hYX0habjI1ZkNzbWpmNFhsNkVZc25fTkJfYnJOeDJ2ZHpleVJjd1pYUnFhTEZnU21nYnhFbQ?oc=5
2026-09-09 12:55:01,QQQ,6月2日股市# AVGO # HPE # QQQ # NVDA # IWM Jared Mccain (28H39Ut8mC),Mshale,https://news.google.com/rss/articles/CBMiW0FVX3lxTE5iejg2T1pUcmhjeVQ2RFd5bTF4SzR4Qmd0XzVBemtCOXNzWmxpWE5Dc1ZUWkk4TWFTQUF5Z2g1Z3RuS3lLdmdVYzkwMWdnRzJnU29BUGN3TWRnOVk?oc=5
2026-09-09 11:31:52,QQQ,"SVB Wealth LLC出售景順QQQ $ QQQ的3,289股股份",MarketBeat,https://news.google.com/rss/articles/CBMisgFBVV95cUxQMUNFODVNMkFmbDluZEZWYmhaTkktUTV5cDc1aHJMeWVXazNXMWNYYlhZTlNJVkthUFd1b040Yjg5VTdqV2NieFNTVHltSTBLQkpTeTFKMkVHcEZRMWtTaHBBMmVpVlBfZHYyVUphSllnb2MzdnpxU2xaUmpMVzFCTFlmX0Rtc3ZtdnhCTmU5S09QbU80ZW85MlVnZHZuX3YwVWozMXR5TW5fQUQwQldUNlJB?oc=5
2026-09-09 11:23:57,QQQ,"Pinnacle Wealth Management Advisory Group LLC收購景順QQQ $ QQQ 1,570股股份",MarketBeat,https://news.google.com/rss/articles/CBMi3wFBVV95cUxPNnZWZXJIeVp3cjlpcjB4eXliaXJjUGVyalBBWjdOX3BjdW5BYk1EUjlLS1BQc2VQSVpqX2FxYzhtbmRTOUVOTG5LY2JRaWxhQzVZVmVSYXRwVGo3ejdPWmJJNjUwWFo4ZE5NSDB4NGdrYmd4ZjJrQ2Rldl9scUxmSWdUMy02WUdrMW53WWZRZEs2ZkR5ZmlDV1Z1QmVuc18yWmNSb3ZOdC00ZTloM0VySkp1WG5Uek5HQkZPOUlMRVloYTMzOUxTdGpVTzBZM3FDcUtCelZuT1Z2OFlYZ29z?oc=5
2026-09-09 11:14:15,QQQ,"NorthRock Partners LLC出售16,151股景順QQQ $ QQQ股份",MarketBeat,https://news.google.com/rss/articles/CBMivgFBVV95cUxNZXQyUGdmOUxORS0xNHZMTnpoYTF1OHU5N1RrbU5ic1pNZ0lkdklDeWtTMjVXa3ZTRXhZd2ExVy1rRm8zUVpmaXVVMlFzcHNOOVo0ZDhWc1NBMDFGaTBUOExHTWpPRVRQbk5odzR5RTJMRXhnUFdfYnpwZ1p2aEtzQThkRTM4cEg1R1BaZW5ObWFiOWNtWWZ6dTJpY1RYNmtHS3ZJT2FadXlwTnNUbGFvU3pkNjdlQUhSNUFUM0Vn?oc=5
2026-09-09 10:29:42,QQQ,QQQ價格預測：目標價為$ 757 —但聯準會9月16日的決定是唯一重要的交易,blockchain.news,https://news.google.com/rss/articles/CBMilgFBVV95cUxPdXo3dkMwSFluQ01KVjg4NnA0UEFUUHRRQlpodXJfbUI1dHNQUWlkMGpXb1U5dHdJRjUyOTFJcVJDU2MwdjQ3RHpueGdaMG1sX1IxS3FGVS02RWF4RDN4R1FCLWhDVlpqdk9PSDZmc01HQWxraFRORldEQjZGcXhsLUJoQzc4UTAwSjB1YnU2NVNLb05xS0E?oc=5
2026-09-09 10:20:33,QQQ,QQQ期權隨著能源價格上漲提振對沖需求而走弱|期權市場統計,Moomoo,https://news.google.com/rss/articles/CBMitgFBVV95cUxNdnAzUFBpQ3VSQWI5OFhXMWNIb1JVelZhZXRvV19WRlhreGllN2FDV21aelNBWkROcjFhb280bUFCdHN0VEpYaWNjVnh4MTROUDVGTXpQWm5td1RYaWdFWWo0Y3MzMW93bzl5aFBVNk1CYUNCZi11Wm1jNENPV21pYTBNbFpYN3RUVnB4U3Y2bXpIOGVpaDRTUUNLNmxRYm1EU0paU2QtVDYzOTkxeDJGWmZGVmFGdw?oc=5
2026-09-09 09:39:27,QQQ,Performa Ltd US LLC對景順QQQ $ QQQ進行新投資,MarketBeat,https://news.google.com/rss/articles/CBMivAFBVV95cUxNOEQyc1RGbkpIS2RuTVpOVDhFT3RGUFY2bU5EQjNQR0NvclJHY1ZjRTBlZnJpVVgxU21taTgyeTdxQ2cyQ0ZxdnNxbllwMjB2TUhVRS1DbzI2bGdiekZicGd2NDliNmVuUjZYZlVMNWxzaGdoRHpfWnRPbm1vRkJNRi00Qi1Vc3czRUdkcWxWaHFUR0JFb2VPUjRkUU93S05hbjJqSTI0R0pPZzU1MFpXRVdBS1FoV3JuT0lMMA?oc=5
2026-09-09 09:39:27,QQQ,"Kranot Hishtalmut Le Morim Tichoniim Havera Menahelet LTD購買5,419股景順QQQ $ QQQ",MarketBeat,https://news.google.com/rss/articles/CBMi6gFBVV95cUxPS0dMcFN0N2wzMUlXRm9Fb0ExcUN3d2xybWp1R3pHcmtQTUt0bmtOWDJTTUktOXBqYlpjUXBsYm1RdzZHb2ZheExOT25sZnFWaFNQd3VkUmE5c09MZzZnaXdXSWZnQko1aXZDOWFNb1VYZjJ6MG5vR3dfd0tFX3VVSmU3anFzakNVekVnUS10M1hGV2hNYzdMdmFCd0dfU3ZjYzB2VU9VSDdycHllanRhZGU2Z1p2NlRxUl9QWUxYcjdLVHktNmVvd2pERGRmQVBiWXYwaTVRM2NoelJrcVB1aVZyLWZmR3RJWkE?oc=5
2026-09-09 08:49:32,QQQ,邁克爾·伯裏（ Michael Burry ）加強了QQQ推杆，在為“更大的秋天”做好準備時提高了MU的短暫性—這是他對NVDA ， PLTR和TSLA所做的事情,Stocktwits,https://news.google.com/rss/articles/CBMikAJBVV95cUxNQzQ1SGJkT2N1TGxETEoxRU1xZ1NFWDJHWWI4SVVOZDlGUno3TTlTeFY4a0hMNHlYclRidUlISjlaT2FFZnZvcnhadm1BaTJrQ2VabEZoRG5QZFhzMFVSZWVqUEM0MENFY3ZXS0k3YnYtMFd4RlRTSTlpNTQtUkpPaUF1ZEFZcDBRQXI4eDUySVF6YXlsQWVJR3NQcy1ueWx0dmdlanJNLU4zR3prZkprdlhyR1dMdmJvMU9LaWl4QW9kN2MzcTctbEhpY013MjNjSlNCRmc0bXRGc1V0NEhxNzVhdlYzdktyWGxRV2J5YWQ0cHRpUUgxdkROSXdjM3VvUEpJcGJvYWFUajhRemFwUA?oc=5
2026-09-09 08:23:10,QQQ,IFP Advisors Inc在景順QQQ $ QQQ中擁有8000萬$的股票頭寸,MarketBeat,https://news.google.com/rss/articles/CBMixAFBVV95cUxOZUNybk04SmVTZHRBS0pHV3hlSWE1eVE0allfQVAweGRKWVpINHFjcjctZVNlb1poWUhDMjFkblBnZk9XQTBhOVc4MkFfT1NMRTNYbkVxamRSeEFFZmRHY0p3aEdBblg0ZzRmV19NZ1I1SlJ6SVhsNzFmZWJqQ3hSNVZic3pyaWZuSGxPTGk1dm9ibGZ5bU8wcjNneE5kU1ZtUnZTY3BrRnB0aG9GR0tiOVNCenFpclAxTmp0SVI4NEctYXQ2?oc=5
2026-09-09 07:00:00,QQQ,景順QQQ (QQQ)股價、新聞及預測,blockchain.news,https://news.google.com/rss/articles/CBMiSkFVX3lxTFBYb01naVpTTkRaU3N1a3dwMWZ0cVZhcGVaMjJ1alFGeURYVk5SR1NKTG5xb21vWEVyeDB0NHkwZjh2OXYwMVpjc2J3?oc=5
2026-09-09 04:32:39,QQQ,每週市場更新視頻SPY ， QQQ ， IWM ， PLTR ， ANET ALAN BRAZIL （ BI2MFXBTyS ）,Mshale,https://news.google.com/rss/articles/CBMiYEFVX3lxTFBmUVNZbFhDN0ZjNDN6aVpEaThvTmRVZ1FCYjFNZmJUNElDX1k5OGhBTFVnT0pRMlVfODNJT2UyNHZXX1Y5U0FnRXFZRXlnYjFpcWdCbnVRMkZJWkFzWUQ5aw?oc=5
2026-09-09 01:48:01,QQQ,景順QQQ信託系列1 (QQQ)股票走勢圖,ChartMill,https://news.google.com/rss/articles/CBMiY0FVX3lxTFBfa1l1bHR2NllvM0xrU2NqQTNDMmxtRmViVXdrOVRzbTVkWDItX2N1dzJLb3FRWkJYcTFCMVZ2VTh1WkdYWWhMR1c3YXIycS1ZeS12Zjh1QldWTzZPQ19QU1FtMA?oc=5
2026-09-08 23:17:04,QQQ,景順QQQ $ QQQ股票由Connective Capital Management LLC購買,MarketBeat,https://news.google.com/rss/articles/CBMiygFBVV95cUxQZnljakpxdHBGS1VHVHJwdW0zQ1hUckZCTVQtZXdfeHBFVlVJc0M5SGVDdWdVbFVSa3dKT3I3ZFVQZE5Wb0ZyNkNubk5wUzNwMXo4X0VhZDRtQTRrNWFreHZzRUtqeGNtTElsZHZOYURuX3pIMmdiSHNhVmpuMWFmZldyWmZ0aWRSZWhjN25OdTJnSjlvdFBPYUhXOUlLMGhmbWZRc0tGc2JvT2VrWENTSmtsaV8tUWQwTnBZREhldkR5U0plRGpKaXRn?oc=5
2026-09-08 21:57:30,QQQ,QQQ 2026年9月703.000 PUT (QQQ260908P00703000)互動式股票圖表,Yahoo Finance,https://news.google.com/rss/articles/CBMiaEFVX3lxTFBkRDM4RXVPNF80X3FUbENzem1Jc3d6eVdKTVMwZDRhdjkySGNxTldDN3RsOW04aHE1aGp6Z0ZpRENRTm4tRmNWbmh2STJwMHdUX1MtazF6Rlk4TUFyc0dUU3hNT2R5cTl2?oc=5
2026-09-08 21:45:32,QQQ,QQQ與QQQM ：相同的指數，相同的股票，不同的費用–數學說一個人會讓你更富有,Yahoo Finance,https://news.google.com/rss/articles/CBMikAFBVV95cUxNajRMZWZZQTY4QTR6Mi1zWkhTWnVyOHJFajdKVVBWVzBLYXQ1cTVQbGJHTUVYaTktbV9aQ0RrRl9VR1o5YXJQMXV1NFY1M0dfQVNnM0pTa284dDJRZjFLTmhWNW9OcWZhSFhJMVI3MGgyNmlvaDVSalZ6QW40NjFfTER6VEFzRTloRW5aX09pUUE?oc=5
2026-09-08 21:45:32,QQQ,QQQ與QQQM ：相同的指數，相同的股票，不同的費用–數學說一個人會讓你更富有,AOL.ca,https://news.google.com/rss/articles/CBMic0FVX3lxTE1Vd3hNdk85SFdJS1hYYVN6RTJlZVJXRFF6b01oaVY3Q2Z2QzNzZE14UFl2eXdvUkpPUVN3eUhkbjZNWW1HSTlVU2FjTDBuMTJXT3hqZll5Wk9BZ25JY1ktQm9tdl9aMVlpTFhUcmRuX0ZLWlE?oc=5
2026-09-08 21:45:00,QQQ,QQQ與QQQM ：相同的指數，相同的股票，不同的費用-數學說一個人會讓你更富有,247wallst.com,https://news.google.com/rss/articles/CBMi3wFBVV95cUxQUWZUUGlEOGpZcllITEZwMmFCMnlrbEZvbEEya1ZWbEdlQmlNNjFQTkdhaUZ3MTVjV0gyaW1ReGw3RHJiYzY4anVObE9WM0NuVGpKQVhKMUNRSy1QdGc4eGo5dDIwWk1TWGZhLXJoTk9CdVdsWDAwV05YdWRoekp6Q1FXUVJVTTRFSFJ3VW56NjFQNGNvQmdhaV9VcnJxa2xhSktsUnJQcllFTmlxVVVsYjFWbFZ3Q0dWejZDaDVJbjNicS1TNlp2TDRWVXd6YV9oTEN5RmlENUlhbVlKYXNv?oc=5
2026-09-08 20:29:27,QQQ,QQQ ETF預測— QQQ ($ 718)持平，道指下跌570點— $ 748目標,TradingNEWS,https://news.google.com/rss/articles/CBMiswFBVV95cUxOa1Q1eXZiWExPVnZ0WHR5TkRNbEdVbG1JbkJWdHZvZnZ0S1c5NklhSkd3MW9WdjhoeDJVM1Q4NVJ1ZldHUk1OcEw2QnNvNDdaY09NRXFYcFc4WVhpc2xPTjczTW1mVnM2Y05mQVRnWjk3bDZrYXZaZExKUHE2RXFoSnk1OERINHR4MVVlSWFLQm5RTTlYWEhJUGVVVDhSaVVyZXRqVGxZS2pQS25PSEp3OFFpOA?oc=5
2026-09-08 19:57:01,QQQ,股票技術分析： SPY/QQQ/NVDA/TSLA/AMD/PLTR/AVGO/SMCI Aryna Sabalenka (xLugY8mrDP),Mshale,https://news.google.com/rss/articles/CBMiYEFVX3lxTE42dmE4X0NrYjFzcVpEcFRlMEFNcjN3dDQ5WUlfOUItaGZhRXh2ckE4bWloZkhFOF9GMm0xcXpKdWZGZkgwaGkyajBUa3dWdXdhWkJuaFNPelJSMGIxOFNQSw?oc=5
2026-09-08 17:05:36,QQQ,預測：該ETF將在2027年之前擊敗間諜（而不是QQQ ！ ）,AOL.ca,https://news.google.com/rss/articles/CBMie0FVX3lxTE5QRXFaMmM1cWRmLV93bDRObEdVYTVPNmFrbnhkTTlybm1wOUJqc0lmX3dfOXg2cTg1Zk9vWWNHdDM4aTJIdXBfM09jWVdmWVF3MnNCY1llb0xjT3VIR19iZjhRVG5YVzNBVU9qMUJTS2VjSzQ5c3d4ZUdiTQ?oc=5
2026-09-08 17:05:00,QQQ,預測：該ETF將在2027年之前擊敗間諜（而不是QQQ ！ ）,24/7 Wall St.,https://news.google.com/rss/articles/CBMi2AFBVV95cUxNYXhUaGZLU0ZteG9uVHh1azZ6QmJzYTZZRDdXZFRxYW5fQk1CRks1OWI5XzdxOUFSRGhXRm9FMXI1YzZINDE2TTlwWmtBczhhV3AwTzhXYS0wZVcxQmNjQ2llV0xpZnRNNllzMy14X2hXS3dvX1JpcjhyZGxtVFpwdFRyZmNTcldOdDlGbk9sOWgtQnVJZHlUdnFFbW1lZm5NNklncEVJekR4endZQVJ6R1BYWF92WmJYaEUydDB0VE5NRHhCRWo2WjdwR295b0cxVDRFT0M3MHg?oc=5
2026-09-08 16:16:00,QQQ,QQQ今日上漲0.1% ，受LITE股價波動影響,quiverquant.com,https://news.google.com/rss/articles/CBMikAFBVV95cUxQRnR1NlNwT0NIYkhXckFFOXJIWktDNGhucnVGSk1jS0VweUNMWll1NnY0STlzN05CaWlBbmVmMmFQMktSQlgyZzRrVFVRSTR0dFJweG1sMEw2eTFzLVZaV09jM0txMDhpMkhGVjlLRmxPM0kwUVZfWElYaTRWV2Y2a1djNWxyUG4tSHFtTVBnMy0?oc=5
2026-09-08 15:15:00,QQQ,$ Invesco QQQ Trust (QQQ.US) $...,Moomoo,https://news.google.com/rss/articles/CBMihAFBVV95cUxQdEdKN1VtejdZVGFyU1FjcDFVMlh4Zk5SdmlscF9tWjRRbWFJUVlDZVZzckV6Q2puWGhZb1FWYzlQQ1M5U3VEYWF5VTFidFFwcFNPZkc4ZFpsdVA1YWIxdVhjN25oeVpkOTBWc3l0b2NuNmZRRW84c1JieGdSTHJGYVNjTGk?oc=5
2026-09-08 15:15:00,QQQ,$ Invesco QQQ Trust (QQQ.US) $...,Moomoo,https://news.google.com/rss/articles/CBMigwFBVV95cUxOUTAyUGRUbmhlQ3RVSHVHcVJiRmNubnpqVk9zVGVKeVdLMDhEcnVmZk9EVHotekZMRmtOaGM3RTlmSmRLb1VLckVYV25oOXdDOVhDeHZuOHQ4VmRGaTZjUG9nT1dZanRiOFduMjMxVXhJdzNMVFhyME9QZTFoOUtaWDlZOA?oc=5
2026-09-08 14:57:11,QQQ,如何交易SPY、QQQ、AAPL、MSFT、NVDA、GOOGL、META和TSLA,Benzinga,https://news.google.com/rss/articles/CBMiqgFBVV95cUxOZlFQSkpIUFIyM2tSX2xMUmNJSkd0R0cwSnZkSFpIMHZlRzluWEFsY2lFSjQ2c1ZKVzFHRVF4TlNKSGJJdnVDTXkySUZqYk9FZkg2ZHRPRUlXYXR5Z09kWGNHZFAyc2R1SkhmREJfR1NTZWpyNFFOSjgyX0hnWXF6YTVJblZHUV94bGk5cDliOHl1X1RZS2gxdDVBX2ZqeFQybzFUSU9KRzNmQQ?oc=5
2026-09-08 13:14:42,QQQ,QQQ看起來被GF Value™高估了28.0%,GuruFocus,https://news.google.com/rss/articles/CBMigAFBVV95cUxQNU1rSzZ1U3lfc2VkN3A2bmU2cTlRWEw4elYtU3M3VWRSMmFsVS1lczI0VHdiTDdwMzJ6R1hfZTB4OGFjaGVGb2FoU09SVlhHcEFmYkhSRWZqTFE1ZmEyYTNtRWlnZFBQMXlSQUJZeWFKYzVvSzd0aUx1aXJwRFhvcw?oc=5
2026-09-08 12:00:00,QQQ,半導體ETF ：好、壞、醜（納斯達克股票代碼： QQQ ）,Seeking Alpha,https://news.google.com/rss/articles/CBMiuwFBVV95cUxNdkNkUlNnYlo0T3Jyb2tyQTZRNEZQd2dNU09pRHBFSGk1eFRGSWxZN05CMHN5UzE2UVRwSEluaFF3S1hlRVBRMkZ4czVXakhSZkRVcTh3eFdORnAwd1FuS3lCT1g4NUdxSC1kMUZhampxanRnQ1QtVnpkRlVVVlEtS0FNVEc2QU9sMkp2bEUxSnBPVEN3c3RMNEpQZ0k0TE1EWEdYX0JzQS1kVmlxVmNRaHRLWTV5NmJnWDg0?oc=5
2026-09-08 12:00:00,QQQ,半導體ETF ：好、壞、醜（納斯達克股票代碼： QQQ ）,Seeking Alpha,https://news.google.com/rss/articles/CBMikwFBVV95cUxNMGRvbUFiaElTX3ZNeG80c3diYjFTUlJVNmVfdDFUMkxLR05PV3NVb1FoZUk4UEhhQ3hCSWdFMThHUE1pVTVZMXVtcGw2cVhxSHk4bmxqQ0dRVEJWMm5aelVLZHJhdDFuYjExNDByREJaWkI2aXB5bjBJemJjNXFmV1BjeURIc0NzdFNiT2JqVGFnYlE?oc=5
2026-09-08 11:39:39,QQQ,股票交易流-14TH 4月股市# MSTR # SPX # QQQ # NVDA # IWM Franco Gabrielli (Dt2RUC2iim),Mshale,https://news.google.com/rss/articles/CBMiW0FVX3lxTE1NWTNOUWlFZXFhbUoteUUyRkVaWU5iMEFhdXRHYW9hQjZoRzRKLTJoaTlhQUJPb0k0Ykw2UktnS3lyMGRQYmdRdnNQTEJFeEhYeDNsQWo3c1BFd2s?oc=5
2026-09-08 11:02:01,QQQ,(QQQ)變動如何通知風險分配模型,Stock Traders Daily,https://news.google.com/rss/articles/CBMixgFBVV95cUxORVA4S190b25EN05fLWZNaEJIUWtDOHFLQ01hLW1Sd3dSWUtjR2ZCTEpheVRnVVl6NW9ya2NvVmlTTVNscktCU3lIZFRqMDVuQlQ0SWRKMHNBaFM1d1BFSTdUOXlteEtVczlha2dmTTRXRnNWVEdtYmt4RWNkVGhEckdnT1IxYTU0VV92RE43QkU0RHJOYlhCTnNRX2hSU3R3YTBUczZ2RVFwVUdHdEdOdVZhV2k0dkRDMUhsRHVWSC1yWlNmNFE?oc=5
2026-09-08 08:43:38,QQQ,Kinetic Wealth Investment Advisors LLC向景順QQQ $ QQQ投資207萬$,MarketBeat,https://news.google.com/rss/articles/CBMi1AFBVV95cUxQeUc5MW5RbEcyaDlQaHh2SWtKUVpnRTV2RVVZQkp3X2hnX2NMWXFoRkhJMTdySE9CS1JuMFNXOUNSSGd3UTBoM1NmNXZ5YnlveHZaR0FBcGk0enFKMGdsOUcxU1lwSjhEVE5KYUtmN1RxOThvMFJTNWNTdFk2SmZrLTY0R2JhcEFKaWNPZjExdTFsYnk0RW1sSGY2V3ZQUUJvUXJOV3daZURlRk95cEh2cE5nQzhnMFpibXU5MzZXQlVxdkdpdy1jZ0hDQS1TUWpvUUxPZw?oc=5
2026-09-08 05:56:43,QQQ,$ Invesco QQQ Trust (QQQ.US) $,Moomoo,https://news.google.com/rss/articles/CBMihAFBVV95cUxOOXRHbFlLSW9sdDY0ektHYjFQSERDQ3hXaGgzNWRkWG5TZkREemV1VFV3VE9wSk1KMklEN0pTQjhDaHRGcngzMWRNbXgtR0hvX1c3Y2lVZ2xoMFVFOEg2T2JCRTlkTDBGUUhSSU1IV0hHNUpyelVVeXdieHFzeHFmYi1WenA?oc=5
2026-09-07 21:15:39,QQQ,QQQ按年收費0.20%。股東批準結構變更後，費用才會下降,Yahoo Finance,https://news.google.com/rss/articles/CBMikAFBVV95cUxQLXNkeGExdk0tWk9EaGVjakJtSC1GYklweEtWZVhlZ21iXzNDUmFFQWU0WDcwTTNUalhUY3hEYmpmNy1TUGJWelpvWUVEMUpuUjU5REQ0OWxjWkdXeVlCTk9ITV82SVFWNzBiYS0tbG9Gd25QVi1QUzhkalAtWlIxYzBadUVUeUJYMGFEWUtwVVQ?oc=5
2026-09-07 21:15:00,QQQ,QQQ按年收費0.20%。股東批準結構變更後，費用才會下降,24/7 Wall St.,https://news.google.com/rss/articles/CBMi1wFBVV95cUxNRl9fal9weHY0alhMVzc1VzZjSWFwMDRRYjJiV0I2Y18zb3FPRjVXcWk3OWtNMEV1dTc4Z1JOaUpnT2R5ZU1EeUV6cWpJeWNnbThRN2lBUEgwalFDcTAtWC1nbWZxSE1WcUl4T2RWaGRwMkgtNjlkQUhla2lCOTNTdXp5UWNNZXJkLTJ2QzB2My0ySDkzbjFxdjRHR1RoN0xMd0JRVEVLNW13WTU5UkxpdjB1UE9aUzl0dDlzMXplazZaWXdFWVdvcC1sbm5xMi1JOFoteHV1UQ?oc=5
2026-09-07 21:15:00,QQQ,QQQ Charged 0.20% for Years. The Fee Only Fell After Shareholders Approved a Structural Change,247wallst.com,https://news.google.com/rss/articles/CBMihgJBVV95cUxNcW16S0k4Qno5LUpHV2U5V095Ykd6TXl3RVRrcTh5d0lhOTZicmxENjU1WUVrU3ZCcjgzbG0xczJDeUJETTlnRUJSTlVuZE12MklOTkxRTjBaeXVWSFpaM1ZxbFlsNmk5Z1JqdXJUUDdzMVN6alFVZ2xlM19VNS1udzJFaldxWnpjNFpZZGp1STNyeVpIUFhGZm4xVDZPZkVIdFNMUklxNVJwTGNUUkhzOUhic2Q2OERhZF9Qb3ZEcnoxbGs0eGhIVTlmVjVtajdUMDMwamNoLXROV0w4cWVPLXJnVVY5MTJfQ21pM3djUjZVVVNmUVB5UW1nTnBrVWk0bkN5MENR?oc=5
2026-09-07 16:41:15,QQQ,QQQ價格預測： $ 724突破或平均回復陷阱回到$ 710 ？,blockchain.news,https://news.google.com/rss/articles/CBMimgFBVV95cUxNT2VrQy13TUIxbjNMRkcxWk5zQXZmZXZjNG1lUGFrY2wyTzdKY0szc3J4N3hBZ05LaU1uQlB4TnN2VkN3WnI0WmltZ3VBNjFQNXp3N3JDWXZrTWFTNUpTR0ZfczcybmlRUWNXTUFCNmtCMWoxYVlqbTdCenQ2VXdBRngzNEQteHg2X1RCQ09KdlFQX2VjVURUci1B?oc=5
2026-09-07 13:37:59,QQQ,景順有限公司股票持穩，因為投資者關注最新盈利和QQQ曝險,AD HOC NEWS,https://news.google.com/rss/articles/CBMi0AFBVV95cUxQMEk3Mm5HQjRiOUNrdjBwTVR3VzNPM3VZcjgtRjVNYTYyRWxJTXozZkJPTF9FbldBX2pkSENsSlFKaW1sWjRPazBoaWRkNGphU28waF9GdGJVOGNLXzV1NkdmRmx6eHhGaHpVV0tVYVlGZlFVa0I1cXZ2eVJsU2g0eGluRlZZRlpNTW5IbDhHMzlYS2NHaDRlUTdzdDZ3b1RJc3YxTWUwSmlDMjh3S2NyUDU3b3NDalVRYWdNb3hwN2xGSERzbzY0RzhWY2h2NnJS?oc=5
2026-09-07 10:27:08,QQQ,Tucker Asset Management LLC籌集景順QQQ $ QQQ股票,MarketBeat,https://news.google.com/rss/articles/CBMiyAFBVV95cUxPX2ZZN3cwd05hWVJBNjQ0Mjd3WmJsWHIweDZrLXlvcFdVb29fek1wWGZLUEU1TFVTTEVFcndnd0R0YnN6NGVpVVByMVhTcjEwU3YwWFp1cXF3OWZiSXl1cks2T1hXdzlQLW9mOTYzbERzQ08wMWM3dHR2QkRDN1BkM29zeVhQUzFidVJaY0FMOG5PSmRGT0xOa0FCTkN4eVJ6WnlMTVJqS0N2UHIzNmpfMllmSU1wMm03LVZOMENBS3Vrc3hZMDVRZA?oc=5
2026-09-07 10:20:25,QQQ,"景順QQQ $ QQQ 5,030股由Kirkwood Financial Services收購",MarketBeat,https://news.google.com/rss/articles/CBMiywFBVV95cUxNZU83bjh3c0tHOEVmcGJyRERTQ2Q1cTFYWUNWM0xxc2ZaUVgzdV8wSmZlV3NCZG95TnJIYUxxRWQ0TXQyN3ZGTjRRY3kzbVZ2Z3R0cjdmY1pLMEp1Y0FtXzZPazRsSDUyZEdKUGk2a0tocGcyUFRITzNMaUNzTFRnbjdYTl9MNzZSYktJVG5lTC1lQThtRUtwc29sVzhxSk5rM0x3VlhtMXlTNDBGZFNMWVpZNnA1ZktWY1RCZDhncEd2b1QzSnhJYWN6VQ?oc=5
2026-09-07 10:20:24,QQQ,景順QQQ $ QQQ股票由Principia Wealth Advisory LLC購買,MarketBeat,https://news.google.com/rss/articles/CBMixAFBVV95cUxQM0FiTXdrVWpWa1A1b2xqVkR2eHB4bXI1Q29nV185bUFPc2pTZGUyV0dhTDhucUxTSlJhTDQ4TXZYQmRDZm9ObGdIOUJIUU5IRjlwNDdTN0NtQkF2cXVpakpsQWQtMXZwMmY3ZkJkTGNrNzk2aDFCdGZhWkhtcDdSTElBNXZPaGREMVB5ZUhEWTJvazhNNF9CQW04Mk1SMVN5Wl93OE5HcDFGMXFTLXRQUkJMTWtiN1FZcU5iVVVwRWdxWGNq?oc=5
2026-09-07 09:50:29,QQQ,Kintra Wealth LLC籌集景順QQQ $ QQQ股票,MarketBeat,https://news.google.com/rss/articles/CBMiuwFBVV95cUxQYi1uZDRxQVhFeHJfa0pPY2otRnRFZW1PSDlWa1Uwa3NHM2w2MHQ2bnFpSUNqNjJlaFZxVmVfdFlka3RIU2R5R01oOFZNbnBzakZPdmZGSnlReXFJZ3FxaHo3QnVMV2MxTEg1eHdJazJsLW5ET3VmcmRVQ2stZHZ2UWh5T1Q4Qm0zWkR6TnJ2RmlVbmxjOTNQRU52OFowcTVLcU95SVRubWNHb3hGRjJJdWlCU2FpdEVEcUlB?oc=5
2026-09-07 08:51:35,QQQ,HighTower Advisors LLC在景順QQQ持有$ 906.27百萬股票$ QQQ,MarketBeat,https://news.google.com/rss/articles/CBMi0AFBVV95cUxNRjh1dWd0WUtWZjVnM29ZSjBfS0kyZ0xiT2d6OVNXZW9BSTROX1hzRElTakJVN3lBZEZTSTZHVWx3LUplQkZkYnUtQW95dWRyQ29KWUlzcklZd2JnU2xiSHV5MHpwLXRUV2k5U2pUek0wTFpOWkhsbngtYmFkQjVyZEpTdTRTSmJqWHcyekRQeVFwYXZ5ckNwU0dnLTRwblNLM2ZmcWRDdWdKMTZWaUVtSHlaaDlWVnFpOUtZVlMxdnRZZ0Y0WExLYnNWWlVKQ0lI?oc=5
2026-09-07 08:11:22,QQQ,"Financial Insights Inc.收購景順QQQ $ QQQ 1,901股股份",MarketBeat,https://news.google.com/rss/articles/CBMiwAFBVV95cUxOcUE5c3JoQVNSTjd5dVU4TXhOalFGcVV0T1cwdGYyMnVmckg4dnVzQ2p6Q3FuSGN2SmVSM1I5VlpFYjRkOUpSUXlZNlZhMHlpX2MteG5HMTFpM3MzRldMVlE2XzRTYkpSaFVNeUp6UFZjTVVKVlNibFBJbTlweUo3TGhMckFqakVJaEJNZ2VZeUhmTFlDRVBQUloyaTc2d1BRbTJoUnowbnJvRWJTbzg5VWdnNlUzcG5DNC03eFpzT08?oc=5
2026-09-07 07:15:05,QQQ,阿拉斯加永久基金公司向景順QQQ $ QQQ投資2.0707億美元,MarketBeat,https://news.google.com/rss/articles/CBMixwFBVV95cUxNeExUSlpPU1M0X0IwWnlJTUhTa3Jzd3JIMmJsR3V4UGx2QjJGZ2RCWUtJVllRU1NNeVlaanBZYTl3YXNJZWhWVzQ3Z1VGdFBsMmtoejA1bUJhQ0dFV0xoak5JU1EzSEpBdWY2aFhQdjF1WWFlVGh2TmhBdzZRUXhHY2dqOVdLZVZjUWUyVWtoY3JvQktWVGxTTkpnY0Y4dHBwX3p3U3d3Und6QmpvaVZHWTJ0V2VPMlM4cTY1YkRhTUQzWmhnY013?oc=5
2026-09-07 06:52:43,QQQ,今日股市：隨著國庫券拋售暫停， SPY、QQQ反彈冷卻率加息賠率,TipRanks,https://news.google.com/rss/articles/CBMiuAFBVV95cUxNRGFmdDU1QjNvS0hkMnhGYUs5dk9yRHZRMXpuM09SS1d0TWF6NmRuRlllaGFqb3FZc1RYUzliU0E4QWVZY21iUV9idW9ZNjBXM2Y0bHVZb3RTVTZPTG9vdGJFM09RVWdsS0E2WVpEQ2JSM2tOd1k0N29DUjZMeXZiRzdzbW9CNm84eU9SbWJqYVdjNzNTZlA4UU12ZG4zazZuZDBrNFpFZVozV1oyaHE3T0hSdl9hMEM2?oc=5
2026-09-07 04:48:32,QQQ,股票技術分析： SPY/QQQ/NVDA/TSLA/AMD/PLTR/MU Alex Hassell (1R3Ui9lDI1),Mshale,https://news.google.com/rss/articles/CBMiW0FVX3lxTFB5VXJKQUhnQkFad2R3UWNobmhoc0ZLQ2RybTZGd1ZjLVpLTkFYcTcyaklSTFNBYXF0U3d2MWxJWjViMy12UmdMMkRaT0VYTDZtQ3pKTkh2d0RkT0k?oc=5
2026-09-07 00:08:40,QQQ,QQQ回落至週二的低點716附近；預測顯示，它將繼續向上填補缺口，阻力位在727.6左右。,Moomoo,https://news.google.com/rss/articles/CBMipgFBVV95cUxQeXhFckNOdGZxSHRmRUFOa0N5eEFnMEhlWVUyV3lscVZUUlUzN0t5NW44bVlZQ1JjQ3JlcXBiWkJSM2RBVGlpSm1MSGYzYWJDeXJPQjhfMGdLZ25ETXMzQXF6TUJCLUprbU9aWDFSLUZhRnNPM2FuVzhpQXNfX3dLSjVwSFFkMHRXMVZ2Z012Vkg1M0phZzZPQmFnd2UtNkY1eEtZQlRR?oc=5
2026-09-06 20:28:55,QQQ,今日股市：美國和伊朗交易所罷工後， SPY、QQQ好壞參半；加息機率激增,TipRanks,https://news.google.com/rss/articles/CBMitwFBVV95cUxPbXB0SWozMHQyX0ptVmJWWmJYQ3ZOV0FrVmsyNzlTa2FiS19rX2hmZ0Frd0pKaHVrdE5vQlJsZmVyR2dsRnZhbm9Cc1hnOWY4ZnVDZWRXcGpKU1ZiZWxPNlNMWjZTeUhGYk1CTkNMM2lZYTdnT2hxWVBSWFQzdDE5TE1MSnNfcnByYjdKVTNSOEdMY0tYSlNfb3lTZzMyUjNHSkRNeVVIYXRRNlBNeEdvSmlJR3BXcW8?oc=5
2026-09-06 13:30:00,QQQ,不再值得購買VOO或QQQ (NYSEARCA: VOO),Seeking Alpha,https://news.google.com/rss/articles/CBMihwFBVV95cUxQeVZ1cHNXUk1DMENTaFl2d1FJSmRWWHlQWkFhRWtUb0ZtbDUya3hjcnlkcFFkT0RRUHZDZEt4NUdyc0VOMFI1d0JadGljU0lXbzdmc3ZUWHF3UVJkcC01WGFwQ1FEd1JJNUtYYTlrYmE3VmpYR1B1S0FJZmh5T3dhSWZQMjRMeE0?oc=5
2026-09-06 10:37:08,QQQ,QQQ價格預測：上盤價為$ 721 ，密室裡有一枚聯邦催化劑手榴彈—這就是它的去向,blockchain.news,https://news.google.com/rss/articles/CBMijAFBVV95cUxQVnRoREhXelpvdGppZjBoU2wwOWtlQnJFM211ZHBGS2lZQ0FuN2NTNzVhUUpXUkVJZEJxN09qOFZKWWhseXI4aUlnS0hHODBxRnFTUVBGQTRkcTBoQ09fXzUxRy1NVXRSU1l3RzFVbGU3YjJFS2RjdmlVNmtPNHV6UVVGbmhGQ2RnWkF4QQ?oc=5
2026-09-06 10:12:37,QQQ,"Members Advisory Group LLC出售景順QQQ $ QQQ的7,369股股份",MarketBeat,https://news.google.com/rss/articles/CBMiwgFBVV95cUxNWFRidGhNT3dCOXdHdGNqckVPRlpzNkViUzlRNVpmMVk2Sm9QeTg2NXR2OV8wLUswdVBWLURLLTdlUXl6c2MyM3JQa0lLVGFVUHd2TUx4Ql96dFo3clpwUnZTNjZLUUN0SW5YU2dDS21NR3haZjlQS0s1b0dqNmxCLS1GdnRsd2ZGdTJqZGpVVkdYSDZkeUg2ZXR6OVpoTU1zbUhuU053SVZZTFNCN3FNM0FGMWtId0ZXclFfXzBGbW1Xdw?oc=5
2026-09-06 09:40:37,QQQ,Kaydan Wealth Management Inc.收購景順QQQ $ QQQ新股,MarketBeat,https://news.google.com/rss/articles/CBMixgFBVV95cUxOMTFWWXBiZjU5UjBKckI1LXpfRG80NmNMWjhZRElRYnhnQkFZVWEyMzhPVHJVOGFJbFJGUllEY3NRS0FQSlpOOVNhQ2xObG55bS0wU2tjLU41RzIyQUdCdmRoMUtQZE1hMlZpZ1dBWmt4R3FZUVRJXzhUcnFkWlFid2wxZ0dpcW9UUHIxQTVIZHRlZ2NNZUJhRTJYcjR1ZHRhWWwtc3I5eWdfUFpKVmFCVVBYdnlkWEdscEdpY3RQa2w5QjNtdnc?oc=5
2026-09-06 09:32:41,QQQ,"Rose Capital Advisors LLC Buys Shares of 5,929 Invesco QQQ $QQQ",MarketBeat,https://news.google.com/rss/articles/CBMivwFBVV95cUxNRmxoLU52TW1IbDBsNUdmb0IyUVBqMjUtMzRPM2RFUW9majZ5QkdEV2E3X0djYVpSbkk1dC05cmNNZURiZkVWSkpoUkpaay1kSEhiejIwcXV2LVJvdkx0MFlydWZ2M1Z6emMzVDY2NE50aVpnZ3h0ZHhPVkpPOVNXalIwSDBWZnRrRlpsTWs3QVY2ZUQ5d2hQVXladHBMYWgzd1MtNE9Eam5HTG9OUnhoSlRWbDB0SGRSTlB1dWl6TQ?oc=5
2026-09-06 08:30:25,QQQ,"景順QQQ $ QQQ 59,013股由XP Advisory US Inc.收購",MarketBeat,https://news.google.com/rss/articles/CBMiwAFBVV95cUxQV0lUcDc4TG01VjV2MVVQNlZOS2pFRUlnZnBiQmxMVTRVenFSNlZUU2hsbHFLbzV4dktKeTFEb3lCVzZ3VVpOUmhaa2JiOVVxXzJoWUVfWjJTbF93ZlBUcDBJMnhJT2NaRzlxbjlLa3FTN24ydTFmcU5kYUduNV9xVFFfT3EycnJkVE9QNnk5QmZORzlUNTNoOEQ4NTgybmJYMDg3clZ6aGdJWWFPYXRFbExUczF1T1hGT2Z4aTNoN0c?oc=5
2026-09-06 08:12:24,QQQ,"Chokshi & Queen Wealth Advisors Inc Acquires 2,699 Shares of Invesco QQQ $QQQ",MarketBeat,https://news.google.com/rss/articles/CBMizwFBVV95cUxNRklQZTFsVm9HemVLcWoxMERBbHJqbE1YZHZUZmd3R3FTVkpjcThiUzdnV1ZWWVhQUnN6aHJBaUdDNjZFY1hGTkVNdnk3M0tpM0hnNmFsYnFRbHFnTjBtbVhNVGMxdWNmdnVDY3pQcnhxcTlEQlZiSEMyY1V3aWVFa0M5RDF5MUxJeTJ3c3RMdEI5TmdXcTVYYjBYVEJhYlY2VWVudEhNX2VQRVJOU2xnX2xKbmVaMzBjeXZXSngwYlI4dWlmLVNRVzVsdFZaUDA?oc=5
2026-09-06 07:06:36,QQQ,Invesco QQQ $QQQ Shares Sold by Ameliora Wealth Management Ltd.,MarketBeat,https://news.google.com/rss/articles/CBMivwFBVV95cUxNS1VGam4wSERDWC1FUjhBeVJUTjJFWVM0bmN4Y0lpLVd1Zy1VWnBEQ0hPSF9Ddk1RQnJaWGo0X3ZGQkZOekVUS3U1X19vVThDZHRyNWctZTI0dHFDaW9STFdrQWRGQ3hCYnJiYm1weHQzS2FQSlFFWTZmYVM4RHlDUjVpMk8yLXZFSnFoYjJKelFrazNDTzBEMFJmaVJJTDY5cWtvd3cySXBQbWxtOTlPS3cxTGNpblpKcEx1eDUtNA?oc=5
2026-09-06 07:06:35,QQQ,"Angeles Wealth Management LLC Acquires 3,375 Shares of Invesco QQQ $QQQ",MarketBeat,https://news.google.com/rss/articles/CBMiygFBVV95cUxNOTM4ZFZkWlNKQktVTkpLdlEyNTlqcW5TTHF5Q0FoWnBLcGhYN1hmSkpkWUhGcnAzT0hLcHVQdGIyRW9oRzRxRmt6OHFjZm9NTmhIMWJ3YWlqeTA2WUs0aUNUeXpxXzljLXNNeFVDN0ROS1NVYkgyVTNBSzJYbUJUQ1ZnSE5oeWhoTnpHWDRLbjBKZGJCaXJMVUtkem10UmxIUnppalhqcXQ0eS1SbEJFdng4Y0N6UzRPOTVaaFRLZ0hDVmVkUzBydEF3?oc=5
2026-09-06 00:41:03,QQQ,Technical Analysis Of Stocks: SPY / QQQ / NVDA / TSLA / AMD / PLTR / MU / NOW Cold War (4QUAb3FjLu),Mshale,https://news.google.com/rss/articles/CBMiYEFVX3lxTE1kWm51MUkyX3E2WER1ZDZaMmJNZThyc3Mzc0FPUzREdlBJMDA2MktkSnhRZ1JXVUZHVFFrUjhFYVlYQ1puQmcyeVJKd2VSN1R5bVgySFpQR1ZVNzdqeDZ5Vg?oc=5
2026-09-05 21:22:19,QQQ,忘記SPY和QQQ —這些與亞洲相連的ETF正在竊取AI狂熱,Stocktwits,https://news.google.com/rss/articles/CBMiywFBVV95cUxOVUs1Y2U5NVkxNHF1SW9zVU1SYnE4b2g2VzB4c1dzZ21OeHZCNFJqRTRfOUFWUWlFSDhHSVVZOHJnQkthTFotVTkyQ0huNkg4TVkxSXQ1TmdjQWJWQXBqbkJlRHE2bmVBRW44amZYcjdNdkJ5RHZ5aWpyajZqOTg3cDY5ZklNOFhRbGExVXdGek1EZFJSQXBSb0R2cWR3ckIxdEJGcnRhOFU5bGltZ0std1IzUWdycUxyVlE5eWxFS1BqeDh5U2Vub256MA?oc=5
2026-09-05 14:48:27,QQQ,🔴即時股票和加密貨幣： AMC和GME已準備就緒，隨著QQQ/SPY看漲！ ？,Mshale,https://news.google.com/rss/articles/CBMiYEFVX3lxTFB6MTBtT0FadlhMRDJaTDlBaXhtdGdrVWU3OFlBOXZ3NURnZzh5NEt0SEVTbjFWajVmekk4WThtdzMxazk3c19FZWxNSXc2Rkt0RmVGYXFMbl9YQUFpUXJxRQ?oc=5
2026-09-05 12:07:57,QQQ,今日股市： SPY、QQQ混雜為就業報告提升加息機率；特朗普敦促美聯儲降息,tipranks.com,https://news.google.com/rss/articles/CBMixgFBVV95cUxQU201V3NldVFsekZfUDBHZS1adkM3WG92ZVZ6cXF4S2hqTnNnbk05XzkwaUhVNnZCTWg0bVdyQmhyV3JOblRRRi1UeHF6SVhPbS15bTM4VkVXRXNLUm5DelVrSkx5aEFPSjRPRU1rTGpUTFdEY08yRldjU0wzdUpxWUFQRkludFl2WDAxaHp3ckU4Q2dxaGZ0RUdqelQ1RVEwaERtSEZIai1OVm5hUDJIaExGTVA1dlNpR1BJWnJtSzNsdFZFOFE?oc=5
2026-09-05 10:54:30,QQQ,QQQ價格預測： $ 730突破或聯邦公開市場委員會Gut-Punch —還有十天時間找出答案,blockchain.news,https://news.google.com/rss/articles/CBMikwFBVV95cUxQekNaMFJrcFdON29EcUdDWmdOWmU3Nlh4bC1yYmRvdXRpTHVWdzI4R0RFbWtlOTFrZ0I0SlNWM0ZCakpRaFdORk9idk5Yd2FjUGFZbFJQSnU3ZDMzMEpXSnY0eEcxQUxsbWQwMjg3OTZoTWhndzhTQW8xZlN6d0lmZ1BfVy1oc0QtVnJMb3lBSnJvcW8?oc=5
2026-09-05 10:21:32,QQQ,SMH摧毀市場的5個原因！擊敗VGT和QQQ Santos與Bragantino （ lMIH0vyWiK ）,Mshale,https://news.google.com/rss/articles/CBMiYEFVX3lxTE9jU2ZoWDZLejAyX0x5c0xvaGg2YUlvWGhHeEpyNmt3R2ZhRWZkOUtGcU5LcEtaMTZIaE13a0VhcDZiYmtZYUVhRTlJeTZuRFk2Mk9DZEhQZmlGT1psQnY0RQ?oc=5
2026-09-05 10:04:04,QQQ,Timbuktu Capital Management LLC向景順QQQ $ QQQ新增913萬$投資,MarketBeat,https://news.google.com/rss/articles/CBMi3AFBVV95cUxPWDF4YXJYS2ZDNUUxNFlCMVNhM3RpbzdEQTFpTURyZml0Vjl6YkhJRVVMOXVqZ3JMU08xaTNWMGxEMzNCRmU0dzhpQXpKcGRZTUlLd040NENnR2ZJMHhRUTBkMWVOcUpLUXRVTWNMWXY2cm8xZDh1LVQ1dW5GaFItbGU2VU55Q3FLSTgzbEFBNTZGM09EcFVvOW1VamczTFhzSXRaOTVVV1NQWkNuMmpTb1NrWHAyWFpPWVlmQkNGSjhva1I5UVNwNXpBUEI0Y0NYU3ZaSjRIR0JnWGlx?oc=5
2026-09-05 09:58:02,QQQ,TOP Private Wealth LLC.購買8419股景順QQQ $ QQQ,MarketBeat,https://news.google.com/rss/articles/CBMiwgFBVV95cUxOajdMSjVrbzJXRm5lRUw0MlJwel9NMFFjQUFoYjhZNmlWcWdtczNaWktxalVrWTBOYlJyZWkwM1pMWFd2TjR0TDlzRDZqeTdHNC1VZ2lreWZhOFVqWWRFQno2bDQydkVUNF9EMEdGYXdVal9XbGZJRUZjY0NMV2FVREhKNzB2RVNjbzFzUzBCb1dScWt2TW00blFwT2psVm43aE1XWE1FUURkdl8tUTdfdkJRcnZGVGIybWlJaGl3MGkzUQ?oc=5
2026-09-05 09:48:07,QQQ,SMART Wealth LLC降低景順QQQ $ QQQ的股票持倉,MarketBeat,https://news.google.com/rss/articles/CBMivgFBVV95cUxNSnJVczBqRWc1blRzV3JXbEtmSVRGWU1GSFVvUlNYNnVhZ1VpcXdncFVjSEFYWGpCR3hnUDR4Y245TU9GMnlwR3RsaWNJT2pzVEZPRldnWlU0Y2t1cGdoTHNVb2VhazJaempyeXB5UGI3dkhLU1VjMjcxV2RwNExYYkFUSFFoaEN1eFJ0eFV5WTRZU3lzTHJrcDZIRGU4UHlBMkRaNnQyNExsemUweXE3cTFpbHVzZDlJMXZRUURB?oc=5
2026-09-05 07:41:41,QQQ,Michael Burry添加到NVDA ， QQQ Puts ，警告AI貿易類似於Dot-Com泡沫— “模式和水平比單獨建議的數字更接近”,Stocktwits,https://news.google.com/rss/articles/CBMixwFBVV95cUxNdkdrNy1yazR3SnVkalZSTnVDR0lRSUZza1FrY1lYUFNLaWxyZzNSd3k4Y01XeFlNNEUtZE5ISEtHdlBIZU4weDhVUjk5UkV6b205eXNKY0dCU3lWRFUzVld0SmlmcmRsdmVSTVJMWXBjNnRnMnFmUVhpZjhfeEtGVUotV3E0NHFIZWhyLU1TYko2Q0U0dUVBM3FFV0pLOEhsWHcwdllNcDBaS2sybl9kZVlHV1ZqWmFhWVhkWUI3T0YtOHR4SGRv?oc=5
2026-09-05 04:32:55,QQQ,國庫券利率預警衰退：股市崩盤： TNX SPX SPY QQQ SMH IWM DIA VIX晚會（ t9247Qs7WS ）,Mshale,https://news.google.com/rss/articles/CBMiW0FVX3lxTE9qaHNlYzdYazlDeXNMemJBMGdtVGMtVjc1WG9mVURhTGJ5RWtNOHlEdWthS214Znc1RXpnTVdHX2hXWkVCaXpObmlmdkRIcWNjLXN2ZEJWSkVJWms?oc=5
2026-09-05 00:53:54,QQQ,股票、半導體和加密貨幣： SPX、QQQ、MU、SNDK、AAPL和比特幣分析Palace與Everton （ iqwiMgzbah ）,Mshale,https://news.google.com/rss/articles/CBMiYEFVX3lxTE5mSUJTeklnRDZ5NW1XSVNPOUNpZFN6Q1BrR2NfRHNpZGhCRjRtVlQxNndNampZNkxqaWExYlFmVDZPeGxPeXp0U1otQk51NDdaNC0tVjY5OXJvc2o0Y3RQbQ?oc=5
2026-09-04 21:45:00,QQQ,忘記JEPQ ： QQQ背後的公司經營自己的納斯達克收入基金,24/7 Wall St.,https://news.google.com/rss/articles/CBMitAFBVV95cUxNYVJaUWZUQnhaV3NRMm91dFZfd1VzU2YzZWdNN1dyVXZOTVA3b2oyeXBhMTM4TDBkcnZCVHEyazVVQm1SY0lndkc0RzVNZzduRklCdVl5eTdSR251TXN4MnZvRjNTYUxOaXdDNjZiMXVFMzZDR3ZVVkk1eUNJQWg5NEhmN2JOQmJfX1ltMHFCTmlrYXJkc094bEZoekxTZmdvc1pmZFVlQmsxRzE1N3ZuXzBlWlQ?oc=5
2026-09-04 18:36:25,QQQ,🚨 週一預測！ SPY、QQQ、TSLA、ES、NVDA、AAPL、AMZN、META、AMD和BTC預測！ 🚀 PGA分數（ idsE1FTdHU ）,Mshale,https://news.google.com/rss/articles/CBMiYEFVX3lxTE0yY3kzUTVJUTJ2eE9OV29NUVRYbXVyYlFoM2xjU1JZTWp5aHlUTl9aeDJmc1EzZG5nQjdzalpsSXg3MnhMejhOY1FmNk16aUZVTjdKZndqNGJ0X3h2Wkwyag?oc=5
2026-09-04 16:51:47,QQQ,QQQ價格預測：多頭正在累積到$ 730的阻力—在MACD確認之前不要追逐,blockchain.news,https://news.google.com/rss/articles/CBMingFBVV95cUxPa2ptU29OaFlCUUZaTTcza1lOV05zRlozT1hHVHdzVHR3dmc4OGhzR251Tno2NzhUSEI5MnZtdjMxeFJVNFQ3OHJrczhTaDBvdUhYS1A1ZC01eDRYbHpLOVFhWXMycml2ZGpNZHl6NjhNYndOQmFDbF9zSjliZi0tYk52cUMwNVVsYmk3Yk9rVFZ6OC1LZWNIRml4WS1vQQ?oc=5
2026-09-04 16:10:04,QQQ,景順推動QQQ ETF。這使得它的股票成為一個明智的購買。,Barchart.com,https://news.google.com/rss/articles/CBMipgFBVV95cUxPMlR5SW1TRnVHbC1wRG5LZXdKVHdWRVEwU2dwNHFJZjZSaW1ENHlsdGllRDFmZTNlTWNtQ09BNFEwYTBkUUdNTjkwc3hkSy1fYnFUSHQ5T3k4WTVHR3ZxVXVrc2ptU3ZCOHFxeGo5dU13ei02N213R3dKRUczTFhab09yRE5UdTNYUGlzQlkzODNyZnJnbkdIdlhOT2tNS0t5dHlUVWR3?oc=5
2026-09-04 16:10:04,QQQ,景順推動QQQ ETF。這使得它的股票成為一個明智的購買。,Yahoo Finance,https://news.google.com/rss/articles/CBMimAFBVV95cUxOeDJqdnVNNjF4Rkd2Y2QxZmpGemdNS2RTZ1B3UmR6R015RkZOa3ZybUxCbV84WVFsU2xoU1hFUEhYRzc5cVVnUHZ4VlMzRlctNjhnR3FNVUtBb0ZqemdwY3YtSm1fWFNUOUpSUmI5cHdUVTc4NlBrRTlQWmw1SmRnUC1CMERfY2pxbnQ4VEJyNG9CYWozNk5XYg?oc=5
2026-09-04 14:00:20,QQQ,股票技術分析： SPY/QQQ/NVDA/TSLA/AMD/PLTR/META/AVGO Brighton Vs Wolves （ 4GwfnSzPbM ）,mshale.com,https://news.google.com/rss/articles/CBMiYEFVX3lxTE1ZVnpZNGJnVjhPa1luNXJSX1Q4TkxmUTFZb0k4NGZhZ1ZObmxhZTVrZTktYTRkZXc1bk9YYzdRdlAzY3Q3SXVfTWlKTnJvTldsS0tYMndVT0Q1ajkzbDhsTw?oc=5
2026-09-04 13:18:48,QQQ,股市和比特幣分析2024年10月4日# bitcoin # SPY # QQQ # SMH # BTC # XBI # XLE # XLF # nvda Beautiful Anticipazioni (cr9ilwvOsW),mshale.com,https://news.google.com/rss/articles/CBMiYEFVX3lxTE5JTU1mS1Z4QUJWa1kzeXU4QWptTGZWc2REWnNCcWhRbndFN0podzZEemhJR0I2cGxCaG80cm5HUnFyY2hBbVFDbkxXM28yVlpxNnRtZklsdU9kVnZOMjNDeg?oc=5
2026-09-04 11:41:18,QQQ,🔴即時股票和加密貨幣： AMC和GME已準備就緒，隨著QQQ/SPY看漲！ ？,Mshale,https://news.google.com/rss/articles/CBMiW0FVX3lxTE1pWFRmLTQxT1ZfZTIzd3ozaWZKVjhEZ3pIa0dGcnJZZmlMLTJIRk9yLUlMRWR6SmRCcWkxa2hXaTJJQ1lXamtDOTdUM0dYNGtkb0dKVTROaVdfY0k?oc=5
2026-09-04 11:06:20,QQQ,隨著間諜和QQQ恢復其短期趨勢，廣度恢復獲得了基礎,ChartMill,https://news.google.com/rss/articles/CBMixAFBVV95cUxQSGhKSEtBeWJDNVJybWVqTUszekJ1cVNZRC1ITUx3WkdYdE5hdERkazdSZ2ZsY0hSRXB6TWN4ODRvblRaaUhMMm5iUW5NYmpGQnFfZUxHZXhuWG5pYWJfakZGTmotY05FU1UteEVsakZFeTJsWS1SUTRBbTVpclJWUW40Um1CUG5RODdBcTM1ckdNVExLYjhzY0ZRcUtfT0pIQmZybDdJYkctWmtwMV9iZjY4eENDbDBPNHdsQkI3VGRYR2M3?oc=5
2026-09-04 10:40:15,QQQ,股票技術分析： SPY/QQQ/NVDA/TSLA/AMD/PLTR/AVGO/SNDK姚欣欣（ SC3h9iTb9a ）,mshale.com,https://news.google.com/rss/articles/CBMiW0FVX3lxTE5ERTR4SzFqUnB2c1RZWFVZQkREQzdUbjdXSkZ0YUdXaEhTOWpuc2dYalVBbmhqSlhmdnBRZXZEZU1YSTU2ZFAyUEVKQUt2UEhKVDFyRkhCMXFWUHc?oc=5
2026-09-04 10:11:32,QQQ,帝舵金融公司裁員Invesco QQQ $ QQQ,MarketBeat,https://news.google.com/rss/articles/CBMiswFBVV95cUxPSURsUUwzZVRaV3hZTzhtdktNVzFRUkJCVWpVaGpVMnZCX3hqY3Q5RFI3Y0Rpc1ZLalhfcS00bWJNeC0wTmwza1FDWUZyYW5fYnJ3aDREVkxXMlBsc2NnZVBSOWZBaDZFZkl0clFnVUI2SHJrcXh5VVdzU3ZHc1lTR29EWXhuaXlVRkFral9RRmpLRG85YUloVXh2bF8tQWQ5dTQxYWdqd3V0RkVWdW1fbUMyWQ?oc=5
2026-09-04 10:07:39,QQQ,"TD Waterhouse Canada Inc.收購景順QQQ $ QQQ 2,876股股份",MarketBeat,https://news.google.com/rss/articles/CBMivgFBVV95cUxNYnIyVUw5cTdvQ2V1NnJ1akpnblRXQkNLWWNiNkZqOEdpM2w3LUdPTnhOR2dGWVkydHA3cUo4bkNIb0ZFMGl4VjhiVzA1UzVuandBSS1YNTNZUUFrVUszM0E3NFVxOHZMdVgxQ25HOTFMd2laTXdJM1QwdjIzV1NPSHVYNzFZOEQta3YyaXhFem9tSlFKYzQySmUtSFktRUhNVUxqMWV4YktoWnZ6bDJBYnE0bE82cWVxdmFTczJn?oc=5
2026-09-04 08:19:10,QQQ,景順QQQ $ QQQ是投資者的受託顧問網絡有限公司的第四大部位,MarketBeat,https://news.google.com/rss/articles/CBMi2gFBVV95cUxOQ0pXa0VhZlg3WTdYOVpKQUVhaXFVWGs3VGw1WlJhVnlLY1FZWDR0czhLUXl3Z2p2TzhzNDhDbmhKTld5SGtHTmN4TU1TdmtRYldZMWZIa1FyX19POUJQZ1gzcGtwV3FTVFZvejg2Y19OcG9hdGd1NHRXV242b3h1cEFGM1pEWFljSHF1bWdSeHlURjhGdk9qOFVld0pEOTU5OFdRWk0temFNOGVJZERjM3VPdy1Wc1oyTHVKS0hSUTVXLWNjMVVXSUNoMWpXMnA2VF9KZDhmQ0ZMUQ?oc=5
2026-09-04 08:13:09,QQQ,"Coppell Advisory Solutions LLC向景順QQQ投資$ 97,000 $ QQQ",MarketBeat,https://news.google.com/rss/articles/CBMiwgFBVV95cUxPd282VTBGWGpZQk9JZWFjTTlJVldQb0JDRy04NDVzeVNmRG1uV0k2dmdtWFBKSnVreVh2Tkp6MTYwM2tOeHJkc3hUR281Y3JFYTNnQkkyV04xMi1mMnZJY1R5cUdVQU93Rld5ME5aalppUmkxNkRITl9ObHNKVFV4aHZuY1FaSFBUX25tOU5ybmtXdEF5YTJ1ak1IOURldU5rYnd0ZDFvYXFRcjZCNkRDUFVwM3FfSUJPaER0X0dVUTBUdw?oc=5
2026-09-04 08:07:02,QQQ,Fortune 45 LLC增持景順QQQ $ QQQ,MarketBeat,https://news.google.com/rss/articles/CBMirwFBVV95cUxOSHFraUlVeS1NVmNEbTRNWDYxdVpveGJ4OTJ4alhSa0FzY0lBUnJUQ0pCdmpMMHFUcnVHdkxOWXJ1aUlmeWJ3MkpWd0EydDJIY050dTJINlpNVnlIdjJ3dTBiNnNBVi01UG5IeTRKZHNqbFU4Rjc0Tlp1SVJpUkdtbnlUajdsbTRzeGIyZEswWmJxb2E0R1RKT01JbTJHS1FYOFNnZnhfaGEyV0wycEhz?oc=5
2026-09-04 03:55:38,QQQ,多頭🚨可以繼續嗎？ SPY、QQQ、TSLA、ES、NVDA、AAPL、AMZN、META、AMD和BTC預測！🚀博爾赫斯網球（ xvWEeB4ZhY ）,Mshale,https://news.google.com/rss/articles/CBMiW0FVX3lxTE5oOGdkUE9RZGloQXJOZjBYQnA1eDBUMHJyd1Q4bVc5SURmQTJaQ2dFR2ZhX2ppQnIwd0ZQNHpRNHR6X25QanBmVkRZakxORUE4NVN5Y3NtVmpUX1E?oc=5
2026-09-04 02:34:00,QQQ,$ SPDR S&P 500 ETF (SPY.US) $ $ Invesco QQQ Trust (QQQ.US) $,Moomoo,https://news.google.com/rss/articles/CBMimwFBVV95cUxOcFlZNzAxUElnRkJ5VEgzWlJ3aVdualhXN1RTaF9KLWJyU3k3QzBQdk1DenpVbUtDXy1yVlpRbGo5bjVXSURTTlQ5TENXYVljVWhYVUgzVGctQVNoUEJWTDkzNGZMM0JZWGpGS2ZuaWRZZDB3elJna2tzbVdXZjdqX3dZdWwxanpLaG96aGFibDlxSGdweVh2MEliMA?oc=5
2026-09-04 01:42:28,QQQ,QQQ 260904 716.00P (QQQ260904P716000)股票期權鏈|報價及新聞,Moomoo,https://news.google.com/rss/articles/CBMiXEFVX3lxTE8wYnlYOG5MTjFmOEwxaWhVWHNsY3FxZVJkdUZhNm94Um5jeTZNT2dhQWZ0NTJBdmVicXM4bFAxbkZsSlNWREdDY004NVYyTF9kUjdoMExZTV9xTERo?oc=5
2026-09-04 01:31:54,QQQ,明天🚨 暫時反彈？ SPY、QQQ、TSLA、ES、NVDA、AAPL、AMZN、META、AMD和BTC ！ 🚀 Camaiore (7MgoBwjyZX),Mshale,https://news.google.com/rss/articles/CBMiYEFVX3lxTE9QRzZIcUIxeGZ3MEE3M2Z3NEtXM1BMQkw4V3VhWVZTc053MG4tc1NuLUdtWE1UWEFYcFBXR1JId2dwX3E4UVFtOUJkRlRFU2M5OGpKSnhWVEZPQzQ5ejB4Tw?oc=5
2026-09-04 01:03:18,QQQ,今日股市： SPY ， QQQ反彈冷卻加息預期，投資者回顧伊朗戰爭,TipRanks,https://news.google.com/rss/articles/CBMixwFBVV95cUxPVG5PLWh0UWk5MWxDYWNkbUh5a2w0eHRhdzR1WTNoVmx2VUwzUU8yTjNDTU5EQ05CSXVNYXlDTmZpclNyYks0dGQyd1lGci01RUlLdTF4ZEVTdzF4Rl9MdWE0OTdpLWhCUGljV3VKZ3UtMWVQNFdmeGdjRGM0U25OSGw0NFU0Z2hiSnMzcjdObF9abHNJRWJkZENfMHZzWGxPS2ZBVW9IaXNXNXNVYm1qbUFFemVyYThCdmZ3UHlNUEgtWHNnOUlZ?oc=5
2026-09-03 23:54:25,QQQ,今天的股市：間諜， QQQ收益作為國庫券收益率下滑;特朗普宣布霍爾木茲沒有礦山,TipRanks,https://news.google.com/rss/articles/CBMivgFBVV95cUxPNF90MzNFLVY0SkJMNXJtUmVfN3Q3UU9JUnEyUksxMzZySzZYay1vMmZTb1oxOEQteGNMV3lwc25jRDZ0MHN1NVRaR3NGcmdiNHA0MjJxbklXYTZJdDh4blRMWXVRdjlvS20yZVpfWlp1T0EteW42bXBHTE8zR1h5YmNFVnVUa2haWHZyT0Q3WnVqa0FBeF96WkhDUDdENzhjYUtzbjZDQU41cDhNYlNVVHFzZ2szTG4xNlBfSVZB?oc=5
2026-09-03 21:26:07,QQQ,景順QQQ （納斯達克股票代碼： QQQ ）交易價格上漲1.2 ％ -仍然買入？,MarketBeat,https://news.google.com/rss/articles/CBMisgFBVV95cUxQeVhfc3E5c3hHRGFBQXV5bUxaRS0yRnFHTHNxbC05UW8tVkNodEpKcDk3Wml0NV9vUFprOVJDRVZwV1lZSUV6RUZ2VjByTlVOUUx1NmpkQmdZc2dzOWU0Uk9TMFJnNHJGVm83U0JxTHhKdW9uWlk1dXR1c3I4cEVSSlhlTUdzLXloeXExbkdrRVNtOEdGM3VWNEdjUGN4R3FKX0l1OWF5UnhIQmxOOVc0d3FB?oc=5
2026-09-03 16:15:00,QQQ,QQQ今日上漲1.2% ，受TSLA股價波動影響,Quiver Quantitative,https://news.google.com/rss/articles/CBMikAFBVV95cUxOM2tTTElRWTByZDlSZmVhM1VwdmRwQXNweHZZa1BnYmhiRThkZWtBdWxHVXY4dFZIVGZ2ay1aU2pHWjF6SzlaVnR4V1NCeGMzN29yWnBrenhFeWxBT05LSmFaWExPcTlZWEtWUkROMS1SeExtWmg0SjJralhFeU1QSlJuMTM5dzB0Rk85UXJnY2c?oc=5
2026-09-03 14:58:49,QQQ,如何交易SPY、QQQ、AAPL、MSFT、NVDA、GOOGL、META和TSLA,benzinga.com,https://news.google.com/rss/articles/CBMiqgFBVV95cUxQYUtlSEdBTkhHeldxeUtoUzdWNlFvME9uNXROd0FHdFJESThHandrVFA1dHlxbzlldkwtamtXeDR0MldvUmJGSEs0OVlqOW9BNVV4UlhBakVrVG4zdUk3YnhYVnJqZ3Fzd2Nwd3lQTzgxS0lkMDZ6WjVCSWVVbkJ3LXJXZVlzcDU4dkktc0RwUXM1ZWJGdEtLRlMwaU9MS3JnTVhxSlpmVW1JUQ?oc=5
2026-09-03 14:13:16,QQQ,牛市最終跑：股市反彈： SPY SNOW QQQ SMH IWM VIX Kpop惡魔獵人（ tnKR78SYgf ）,Mshale,https://news.google.com/rss/articles/CBMiW0FVX3lxTE1wRFFWejR6UjdvXzJjNTJpYktENFRJZWVuSkZmM2gxMTlMTXl5VHE2NXc2YkF0ZmZaYWU2U1FnQlRUNjBRWGlWLV9IOWxkTFEyU21FeENMZWhKQlU?oc=5
2026-09-03 13:47:40,QQQ,QQQ價格預測：美聯儲加息倒數計時導致或突破$ 730突破— 9月聯邦公開市場委員會是支點,blockchain.news,https://news.google.com/rss/articles/CBMilgFBVV95cUxNRG03dHRUcmVzRU42aUFLWGx1a2lQWnE1STJ5RXphOVVOdlZKVUtsSkl1RU44c2Y4bTJLb1hEZzFHYk5sZ1l4d3ZYUmZQSUpWUzR3R1gyYmIyZU1CMVhIMU5vN2Z6dE1CWFZ6TnVEa3ZUMDVQdzlnMVpITnpCVG9GNHdNbm9KLXpreGZwWGFJeFA2TDQ4YUE?oc=5
2026-09-03 13:18:12,QQQ,今日股市： SPY、QQQ跌跌撞撞，戰爭凸顯通貨膨脹困境；消費者信心減弱,TipRanks,https://news.google.com/rss/articles/CBMixAFBVV95cUxNOGcxWVc5eWZnVnJZOWFVRzU3N0R1Yzl4LVNPdHVqbS13R3Y4TzJlbnhJa1hlUVdCQWhVMWx4M3pWM05BUFBqbmQweXlxNHlDSF9jS1lRQ2dYelNPY3JmS2FDcUtkT2UtX1NqQVh5LWlKaXRYcGJwQjMtcld2UTFGaDBaaXBfTVE4WHFGLXJ5RklFZ1BUbXVnVW1CaU5kODh2THRUd2I4bTJ6VlFTeWVFN2NYczhPdFFsVk1YV0VKUFBUbEk4?oc=5
2026-09-03 12:39:51,QQQ,隨著投資者輪流進入黃金和國庫， QQQ、VOO領先ETF資金流入-景順QQQ信託，系列1 （ NASD,Benzinga,https://news.google.com/rss/articles/CBMi4AFBVV95cUxOM3pxTm15OEVqOE5jd3h6cHJGYXJPMEpFWWFYd0VIcGlBbFZLSXZfb1ZfRjVnYUtRTVdzTmV2RWtIdEc4eEItYlR0QmZvaUptbzdpSE8yRnRjTmpVWlpRVWhRR0xDZ0Q0UzgybnZtTFhOaGxYNWRrYm9OVWdsT0VlMGZBWVUyck54bXhNUTdaOXRnQkx3SnpQSWpGU1hJQkNrNnI5ZHZTNDdiTkRDME1VT1pOd1YwQm9qUEZaQlZaMmZEQ2hjdFpidGkydjl6UzF6Qy1GSEpUZmhVMlE5TldFVw?oc=5
2026-09-03 12:39:51,QQQ,快速火花：隨著投資者轉向黃金和國庫券， QQQ、VOO領先ETF資金流入,TradingView,https://news.google.com/rss/articles/CBMi1gFBVV95cUxQT3A3cklKY0FFLXhQSjBQd1REcGJhUE5UZmpIUzFHQWZ0eUlQbS04Vlp0RVhZZ2wyWFN3NXZjemFmbGZCTzNyaUl0XzdudjNZQ1B5enBfaUVJbnlEazJ1YThsN1NyeGZZTFZBX3ZySjA3S3pRUm9EQzBYZWJFTnk3UUxGUWdhamc5Z3NmNU9tRFNVWUdVbVBoQjFFNm9yZDQwaWpVQVdUSERadnlILVczWDI2SnlZeFJqQi1zSzJyTDRrWmtBLUxqZGpwRGdUc2FucVRxd1Fn?oc=5
2026-09-03 12:39:51,QQQ,快速火花：隨著投資者轉向黃金和國庫券， QQQ、VOO領先ETF資金流入,TradingView,https://news.google.com/rss/articles/CBMiaEFVX3lxTE8wSXNOTmN1UmthdlNIaDdpdzE0VXpzSnZETkdWZVFuLWFucHRKMnZQV1diUC1yc0Q2aXBkNVVWT3p4TFZHWkdTZkpocHJ3X21fZEVSd3JiYy1jOUVSYTktU2ZNQ01aeVVB?oc=5
2026-09-03 11:51:09,QQQ,景順QQQ在追蹤納斯達克100指數方面面臨來自貝萊德、道富的競爭,The Edge Singapore,https://news.google.com/rss/articles/CBMiuwFBVV95cUxNdC0yOE5RLU92ekZrRE1IcEg5WmEtNkRYTVVXVEJVS3VRUGVQMEt4R2xRWGU2Ykl6WWp0cWdZTUF4WmpHX3R5dVhmY1NaVDBwV3h3UTBwSWF2dDk0UDlWTmd0U0FBMzZwanZJWDljekNrWkV0ckJoS2x3d0FyWGJFazJJMW50eUVhTFlyMVExMTZkaktRM2E4WHI4QkNzNzhSMW5hQ1dCcFp3cGZid1dKN1JESnZOcUw3ZEQ00gHAAUFVX3lxTE9VQm9Jc0tSZm5seUVWTHFmc3Y2VHBta3RjeXZQLVQ0eF9DUUR3SGRETjY3V2VldmdKaXdUamc2R3JvOUxycEJCbzVPbUxIWjJLS0NTQXpmaW1WMGd5OGprUGdOMnRMemUxbEg5SThxbEt0SkhQSkNtLWt6dmt0OXBuQ2EtbjFEdzR2cE1PNXlUS203aFFocWhmbzlEQ0gtY01OM2hVLXpZanNLUWwzYnRGYWlva3pVOV84T1ZXVjl1TA?oc=5
2026-09-03 11:42:00,QQQ,景順QQQ在追蹤納斯達克100指數方面面臨來自貝萊德、道富的競爭,theedgemarkets.com,https://news.google.com/rss/articles/CBMiU0FVX3lxTE1kM2F4d3N1SXJTdUxvUUJVYktIQXpvODFlamdaVWJreUV4ZW51NkxodGFRN1BlT0NPZUd1YUlFem9mSVFFSUNQVWZQZkNHOTFCRXFr?oc=5
2026-09-03 11:00:37,QQQ,投資者無法獲得足夠的QQQ。現在它有競爭了,Bloomberg.com,https://news.google.com/rss/articles/CBMiygFBVV95cUxNYUlIVTFFajhWY0UzOWFKYzdEMXU5YVlDbF8tTXVaUS1oNVMwOEx3bk1VOWFOazU2ZDlXbGM4WHZlcDFSSlRuelJIRWVqMXBPNVg1TThTejh1VzdRMjUzSGVFelpJTjVHWVJUMlhKaEx2ZEpPMTdqelRSd2F3VjBmXzZwU0dHdWJRczF5SUtid2tIZ0FrZlRkMWJzUEJZcy1GT1llV2xvckdOR1NvLWpPNmdXQVZGNHZzanBra1llRXhsZ19sRVE0R0pR?oc=5
2026-09-03 10:11:11,QQQ,景順QQQ $ QQQ股票被Paragon Private Wealth Management LLC收購,MarketBeat,https://news.google.com/rss/articles/CBMizgFBVV95cUxPS2lKSVVOOGRFcjUzanFRT3JUQTlGSjhSUkRwX1lTaGhKZURmWFBNRVdHOUM4MHBYWUZZZWtuVkFSNFczZlI0MEdGYXFKdjNEYXliMmU2UXAxVlAyZTFVRVp4LXBsNjNTSTlJVEdNMmtORVB3Y2FQVk91aU9pVEFySDR4Z0ZmbTJoM204SFQ0cTQwVXNGZlVtZ0J4Vm4wM2xYNmJOT0N5bGczUFJEV2Y2YlF0MnJHYTMwRE5VclBwY3JkOWhXS0lELUhZdTFRdw?oc=5
2026-09-03 10:08:56,QQQ,Peter Schiff表示國庫券收益率上升反映了債務問題-景順QQQ信託，系列1 （納斯達克股票代碼： QQQ ）,Benzinga,https://news.google.com/rss/articles/CBMirwFBVV95cUxNaU83Z1RqV0l3ekE4bWx6NjZYeTRDRjlpSkdjNXdyNFd5S1lveUNybjhrVDNBazJ2MFd6MWtMTUxnT3lsS25NN3ZyWUIwOVZ3XzdqdHFyekJEQkxOR1VfMUNvTzdvekpqMXhpQ3dJOTBRRE93OS1OLVFBcjhVQWxhVTY5RkZ1N1kzb1o0dEJXdFVKWjVWNFgzVERLNDVHNF9JNFhYOHdfZmlkVXVEdGpj?oc=5
2026-09-03 10:03:08,QQQ,"景順QQQ ： Round Rock Advisors LLC購買2,834股$ QQQ",MarketBeat,https://news.google.com/rss/articles/CBMivAFBVV95cUxQYnFtMUYybHd1c21vN0F2ZmJMVmVYdGlJOXVhaVVld01NaEhpOEJ2QjdBb3FuTVRLS0s5TTB4ZFFlMjF3OXU0QzNpSHh2WUlJUjJidTVua05HeDJORGNXM0g1ZTBjUkFnQXZ5bWRteWg2dHhmdEFVeDJBcWlIS2R6bEUxbWE5cXNNbHRJeDFsM3Y4a1NOSlNWWnIxNjU0RERfY21ZRUhSTDRvMnNZdjJ6N3lFV3pxOXhVU2lMOA?oc=5
2026-09-03 10:03:07,QQQ,景順QQQ $ QQQ股份由Safeguard Investment Advisory Group LLC下調,MarketBeat,https://news.google.com/rss/articles/CBMizgFBVV95cUxNaEN0NDdtTDgtMkNSa19PS3lIbm1oNDVYRm1teTN3dVFPbVpLdjN2VnZNQ3pVTXdRdVZYNk9jNHZEaEVTYi03bnJFSVB3eHBULUdoMFdxbnlVeG53VV9vdTJIbnREdnFXVV9KSWhGTnVfZi0wSkhVQjNSRy0tM1pXdFBfOTM1SWxDZEFUdEhnZ3FERVhVVWRFWUFSMW43Q1NDUTBkVmkzZ005UTFtUWdmUnhPV0J6YkdCbndYS3ljVXRXazk3TjFoWVdqdEdyQQ?oc=5
2026-09-03 08:18:36,QQQ,EMC Capital Management向景順QQQ $ QQQ投資4257萬美元,MarketBeat,https://news.google.com/rss/articles/CBMiwAFBVV95cUxNS1pCamtESHhfdWJlYVpUSDExRUdpTEJtMTl0WGhweGF0Y2VwdjZyWGZHeTBZMzhTMEFUTWV5bmM3MXoyaVpzbktIb2dHRWh6a3VIdlJXUW9BV3JPd0xOVjBqOTUtbEtpbnRpcTR1TVhRMjNQT2tzSXkteDBZY1N2cEdtbGtQaVNWQmozSlZjQUJfa1dEVnBZMHFZZXRtRTFMeU92YmM5YXhhRnpLaHNYUjIwS19uc1dwV2U5S0p1MEg?oc=5
2026-09-03 07:26:37,QQQ,景順QQQ $ QQQ股份由Beacon Capital Management LLC削減,MarketBeat,https://news.google.com/rss/articles/CBMiuwFBVV95cUxPMnNZSlRnakdNTWhOQTJTUGd5MHNOWXJfb3hYcFBxY1FXaFA2WVNGMjVNQWlTT0JMNkdJZExsOXozRnZCMjlBUHV0UU9xUGdzeEI2TWNPMTFIOUxTSzRGS1FHblY3LVVrTm9ZOUlvS3dwcS1wNDVyV2hUR2RjLWttTDVBdU12dU9TdnBPcmNJYUVmUVJDbWR1MU9DYzlRclpzZE1qYmI3NGxMM24wb2pXeTZ2dngzbi1VaFk0?oc=5
2026-09-03 06:47:32,QQQ,[美國就業展望] 9月加息的可能性為60% ？聯儲局面臨「雙重打擊」，對QQQ持謹慎態度， NVDA和TSLA能否維持看漲立場？,Moomoo,https://news.google.com/rss/articles/CBMipwFBVV95cUxNY2swZExfMHpRc0pUUHFmWUt4WnNhZG5QVkhIVjg1Zkp1TE04TFUzTlNPei1fcHZyOUlVQTdvS1Q4UzNOdDFHMFpkTEdOejNLR0xHWkdUaE5BVWtvYXBQNUQxaXJYOEFtR0JLTTlZSGdETExyQ3VDb3FXNzBSZU14OWZkT0x5ZUgyTW1Kc3c1U050NzNqczlXd2wtYkNNMklyZzVuUWlRUQ?oc=5
2026-09-03 01:44:15,QQQ,景順QQQ代幣化ETF （ Robinhood ）至紐西蘭元（ QQQ/NZD ）今天| 1 QQQ至紐西蘭元即時匯率和計算器,Binance,https://news.google.com/rss/articles/CBMifEFVX3lxTE9rbXZEUHl2M2FoQ1dma1VpcEZqMnRXWTFVWHRVSlpMOTNMelMydDlUS3gzdkQ0UDZ2WEVsT3FzV1NwMEJuQnZ4UUZIQ054Zy1uX3BOLWcwX2I3QVFmWjdRX2cyS2JSM2FrbEpKUnBBQTEyek5qRTczYkNfWFY?oc=5
2026-09-03 01:39:45,QQQ,景順QQQ代幣化ETF （ Robinhood ）至THB （ QQQ/THB ）今天| 1 QQQ至THB即時費率和計算器,Binance,https://news.google.com/rss/articles/CBMifEFVX3lxTE5YZkxKOUNTQ0hLUFpKMDFpNU0tWGpJbnB5cTN1VDhsTWVYZDBDY0YxdjQ5SHYxU2NoUURFVXpITzBUd0w3dWhlcTVJQWFCZy03NnBjZFFUa29aTGIzN1NxY3IwN0V6RnV0SXVOaWUwWXZfamJmQjNvRUhiSDg?oc=5
2026-09-02 22:28:19,QQQ,景順QQQ代幣化ETF （ Robinhood ）至IDR （ QQQ/IDR ）今天| 1 QQQ至IDR即時費率和計算器,Binance,https://news.google.com/rss/articles/CBMifEFVX3lxTFBBUWhIRE9fUHM0Y0FidFNXa0JBTF94MHZpeUZ1N2lzM0pfU0ZZZ0JqVFV3b19FQzFaOFR4VTk4eW4xem9UMHVMSjJjeU1NYnR0a2JVX1YwV1pRcTk3aG9JZ2Q4WHk3bTg5NFNZZjkzR1lGMUtwTm02OW9HUlo?oc=5
2026-09-02 21:11:58,QQQ,美軍攻擊霍爾木茲海峽附近的伊朗目標，導致油價上漲— USO、SPY、QQQ、DIA聚焦,Stocktwits,https://news.google.com/rss/articles/CBMi_gFBVV95cUxOcnhUVXZVWGkybTJlbTVzb1g3MGo2TEpyQkJacmswR2pkTnNicjBvREgtRlhZVmNEN3I4Sk9hS0lRem1uS0JKSFh0cU1qUFFXNXB1Q2l2QmRyNWtiejM4VnRzdjBIa083VHZVOXFXZnRMdDZNNFkyVEh4Sk9wTXN3eFVucm94cW5IRDJ3dmpSM0lWVWNud21EZkpGaG5ONUJNLVRERWZGSlNvT1JfaFdpZEVGcG9PSW9XdzgyRUdRVWM0aTdHVkl1RUt6NTlzMGQ0Q0RrSWd1aFFtTWtoQWJxNnI0VWpsd1RsZk9Cdzd5OEFxdmlxcUNDN0VPWUZ4QQ?oc=5
2026-09-02 17:58:00,QQQ,景順QQQ股價在聯準會利率恐慌中下跌1.3%,Readers.id,https://news.google.com/rss/articles/CBMia0FVX3lxTE82N0V5WVp6ZVJDS09pU3BfTHg4dng4MllKcVN2NDBPWUlqNGFndTlXd3hBWTE0WlRvdHExdW1Ebi1INHlPRzFFcUJldzJiVzNaMU4xQUVpUEtXbTFrMlpWdGYzWS1XZFRremFr?oc=5
2026-09-02 16:15:00,QQQ,QQQ今日上漲0.2% ，受NVDA股價波動影響,Quiver Quantitative,https://news.google.com/rss/articles/CBMikAFBVV95cUxNcVRVMVhDUHFrTXhvUE54a1h5eXltcUJtSmE0Z2JRSENReHFxSW9IVWJhYnRjSHROWlRzTUtHTFh3QlVnYkw5VmJwemZJS210QnEwX3VVcWJIakVOTzU0Y19MVUo1YW14NHVZOUU5T0tFMkFWb0l2cUNpRVhHWk1TN3RVR21leGVfU0xRUEJzelQ?oc=5
2026-09-02 12:16:00,QQQ,QQQ上市前下跌1.3% ，使以科技為中心的間諜數量下降一倍,TechStock²,https://news.google.com/rss/articles/CBMihgFBVV95cUxPQm81bk83elJTeU9tWTdycWRJdFVtTHRmcDJPdkxJNFVYTlZELXhQZU03YXJSZ0xOcmtuSE5VcWNjVWh4MGZIN3c1dnZaUzFMbkxKQWZoZHpzX19vWVI3V19tM0RYZmwxd2hFemlFQ2VOY1k5d0UwbG9ic3hsdnU1OUh1MzJtZw?oc=5
2026-09-02 12:00:41,QQQ,QQQ股價下跌0.7% ， CRWD暴跌6.9%,news.ssbcrack.com,https://news.google.com/rss/articles/CBMiekFVX3lxTE4yekYwWmRwZ2lKVkN2OW5yanhHeFV6WGdvOW5CbURIaFl6cFNyc2tNN3ZNOWQ1R3owNmNYT2JieW1UMjJBemI3OHdnMlVOOG5oMGo5VHlOOVdYQld6d1RSZGtudmNHN3hza0FmT1pWWTAwTWQwM1pDWUJR?oc=5
2026-09-02 10:20:22,QQQ,景順QQQ $ QQQ股權由PYA Waltman Capital LLC提升,marketbeat.com,https://news.google.com/rss/articles/CBMitwFBVV95cUxObTQwQ0dXNloyU2Zwb1RNZjFSMklEUHpaMjdmV21SMm9wblB1U2gySWxsYzVWS3dxbmlqNlA2a2YxajZuTUY2UDBRWFM0Zi15dExaZWhCQlhhdnEzZUtSczY5ZnJrems5ZzFqWWcxQ05rUEMzb3Myc1k0ek9scXJTU0JMM3NVNzRBMF9qQkdVWF9EYUpkYk5xajh3UUg2TFhIYzc1NUR6ZjJra0NVSEFxR095eW1IMFk?oc=5
2026-09-02 10:09:45,QQQ,QQQ/NASDAQ LETS GOOOOO!!!!!,Moomoo,https://news.google.com/rss/articles/CBMigAFBVV95cUxPSkQ5RnAxUWdDREU0THpucjZ5MDAyRnNzOFR4dGRnN3djX1VoMjgwc2xrRzBzMkpZMUlkNTRwYzBGRzZobDJlTHM3VUZZZGlZeWI1OE0zRG5NR2JpTDAwcjZKc3hNVnhLWjNsN3gyOERKdUVPbTRMVGJ2T21EVzJ1VA?oc=5
2026-09-02 10:04:14,QQQ,"KFA Private Wealth Group LLC收購景順QQQ $ QQQ 1,642股股份",MarketBeat,https://news.google.com/rss/articles/CBMiyAFBVV95cUxPbmJIbzlaNWFLdnk3N2d2eGJyUWZoLU1oUmdXeWxjRGROekNtMDdybWt2YVJyMk9IN2VQWEw1V3dsSXVMMnZwV2lRREU4M2c1YlFwaUJrdl96RkRpNTV6WXlab25ETTN0NnJwU1I0SFJlR2kwZDl1SE5McjdvQnNJcXNsWGtKYjJjdGduU0ZzSnVSc1FHZGc0VmV6TVUyQ205LS1uSHE3Mm8xR09faXFiUUVsQURrRUE4NXljaVU0clJuM3dPNWs2aQ?oc=5
2026-09-02 10:03:56,QQQ,QQQ價格預測：美聯儲加息劍懸在納斯達克—華爾街醒來前698 $下限或投降,blockchain.news,https://news.google.com/rss/articles/CBMikwFBVV95cUxNdTFrZE53eU00S1ZiakRZTEJVVzJwU09CU2M4SUlNMWFkTzZWQ1RjWnhZR2hUaHRnOUU4c0dmdmZQUWpyUl9BZWV3R1A2cU9iaWMxVEltMHgtRzFIQmVXeVBsWnRDVWhENW1OVUdnQlNsWHFXMEI0dmdvNTE3Um00RUI0TEdyREtGZmtQVzdsMGVZNDg?oc=5
2026-09-02 09:52:18,QQQ,"景順QQQ ：南山人壽賣出53,227股$ QQQ",MarketBeat,https://news.google.com/rss/articles/CBMiyAFBVV95cUxPV0hJY0pIOEZlYmQxdGVILVpyd0pMaDY5dXBkcVU2azFZNS01b3BWMFVUbjU2azBlRjRmRGxDR1FTSGphdHpIQzFscjJCbUNreWR3dHpHUllmaXpENDZJblV2SFBzYlN3TENLS01YT2FKZWV3eEQtRXdOUFNfZjBkMXNaVDQzdTZpR2NvY1ZfQWNfZVlPdjMyTmZaUVBQTjFmcGlIaTRnczVtQjhqMFRkLUdtSkh2blVGNG5tMTBCOTlWY2NyVmVFQw?oc=5
2026-09-01 23:38:03,QQQ,TappAlpha Innovation 100 ETF的表現優於QQQ,Pluang,https://news.google.com/rss/articles/CBMiqAFBVV95cUxPcmdCN0JDakpuZVZHRDl2ZVFoRk1ITFBxTlc3aFV5ajVlZ0F4VEhQTW1ITGxnRlZrRUFOUkdyc3EwdmpNMlZ0Yjhta2FUNC0xRTFOT3VRQ2lnN3RhX3FnOTl3d25CR0ZDd1VOOUNpdjJjd1RpX282Tm56ZzNNNjIyMER3OVA1cE1EV19Sck9JRFI2N0V4SVIyTHdKNm1KQnBLaHVmUnM5amo?oc=5
2026-09-01 22:30:54,QQQ,TDAQ ： 17%收益率的買入ETF真的可以超越QQQ ，但從長遠來看並非如此,Seeking Alpha,https://news.google.com/rss/articles/CBMizwFBVV95cUxNZk5LMzVyc1VTX1VrUkdMQXpLQmwtY01FamtTZ05CcE5QN19SNk55cTJlbTNGRUlORWxwVmlVTnlhRElQMXFJN1A4Z01sb1NZOGwwdmlkX24weDJXLVRHZmJFb211aHkyVE1BMFVLa3Rqald5T3BTaVNPWmpsNVVxLXo3aThEX2g3b09kV2NGbUtTQzY3cFQyQTNKRG9feWhtS1pIU3JZX19IRmwxQXVYMnAwM1ZvMnJ5Z1V0QU5BMUpkMUFTVEdSZHBuOVBFUDA?oc=5
2026-09-01 21:27:44,QQQ,景順QQQ (NASDAQ: QQQ)股價下跌1.3% -下一步是什麼？,MarketBeat,https://news.google.com/rss/articles/CBMirAFBVV95cUxNbjR2OF9xRmFOSHB4N2lHS21jOUFIOTE3Q1VSc1M3WmI5QS1mTm5UeDRrX29Od1E3aUxmVDYwdWl2TjNXVXR5WEtWS1gwYlZvenhBZU54VEc2WE1ZZEh0MkMyd0J6TTRGU083aWtEQzB6eS16TjlGVU53MU5Lc255YUsyU1c5MzY1eV9odHdDS3RiYjdPNE5oenpRMU1kbnBhVWUxQlp5UHZLT3Jt?oc=5
2026-09-01 18:07:06,QQQ,美軍攻擊霍爾木茲海峽附近的伊朗目標，導致油價上漲— USO、SPY、QQQ、DIA聚焦,Yahoo Finance,https://news.google.com/rss/articles/CBMikwFBVV95cUxNSU1zUzVtNXVwTWNMejdqckU1d3hDRVRBQ0pUZ0dVWEttcEtTd29lVjVpM3cxY1A4NWQzemJvV3R2UTBUeFZGRm5zYlpyYkhTaVgwdjU5eXJHNEpuamlnd2dDd01RcS1US1BFX3lQLTVuZEdGa0I1dHJFZkMwVHRwUjNQdHFfalhjMFJyQldYcnM1Szg?oc=5
2026-09-01 16:37:06,QQQ,今日股市：美國對伊朗發動新一輪襲擊後， SPY、QQQ停滯油價超過$ 90,TipRanks,https://news.google.com/rss/articles/CBMisgFBVV95cUxNdV9EeHlMZUV5WVJ2VVpsNFRxZTYzczBzTXlUN3pCMW5VeWpOQ3FGSkJuU293Qmh4Y1dSLXpleWFTendjdGgzbUNrRlpvUnM4QlF1MDhobHl5bkItczZLWXZieHNYdHpmU2lmTE55dEl4QnNha29ZYngtOXo3MW84SFpoUjItY3ZKVjJBWTUyS1F5RHVYNkNvZmNRQzZKaVUxX2JJS3dyWmpVYTVlOXQ3V0pn?oc=5
2026-09-01 16:15:00,QQQ,受CRWD股價走勢影響， QQQ今日下跌0.7%,Quiver Quantitative,https://news.google.com/rss/articles/CBMikwFBVV95cUxOYzBzay12WVlVWF9DWExUSmZBZXBmM1pzbzZuSWJEMVFMM2FIRlVxbnFScjJuU0xkZWVaR1M2a2s5a205UFRLYnhJZlJRSXNrWU1PRzQyVi1pZkhlOUFZSnRDSktUblAzNF9nR2E2OXVTSVpuWmxSWVd5ZmxMNjM1LTV0U2tBa2VvUHlkaGhaUU8wT1E?oc=5
2026-09-01 15:25:22,QQQ,全球債券走勢引發科技股拋售： 5隻股票下跌超過5 ％ -景順QQQ信託，系列1 （納斯達克股票代碼： QQQ ） ， C,Benzinga,https://news.google.com/rss/articles/CBMixgFBVV95cUxQR3lhRm9va0JUd3NCOGxoaW83RHRzeURLSWdHRU1Lc0J4QUhiYXRQRTVILUl5a3JhaFFYeDhOZlpoMXVhazNOdjZITkVyTlM2VjZ0b1BYSUhpbVM0RFpmUDZiTUJfdzJtYVlQb2FKS3BldEc5Q0dub05QWFRaOF92V0N1cEpJbmdKb3pqWFF5NG1YZjVMOHAtc1FlTElUckhfNU9yOUs0Y0R3QlExUlpja3hRUUI0ZDI5MVU1MVNHZ3E0SE44U0E?oc=5
2026-09-01 14:39:00,QQQ,景順標準普爾500等重ETF （ RSP ）達到1000億$ AUM裏程碑,TradingView,https://news.google.com/rss/articles/CBMiywFBVV95cUxOVVo0NHd5Yy1qeS1nOVR3RHJabUxETGk5SHcxM3l6N19Dak1WUnI4cWl2b0hWaFFLeV9PRVlDZEJHaTN1MGM1ZXY5RXpSdEoyUlgzOHVsV1ZRM3NiUUlGX3VDemdpU1VKeHJJYTlaWVlybTRwVl9sd0RITjR0MTlmYlVjUnhJQzF6aU1FNENMa3AxcFo3YUdveWhIQV9BYU1OYjZpQWJhbWh3ODF1ekwtendjWUVBSFEyTlVlTl9yZUljbHBsQWF0ZG52VQ?oc=5
2026-09-01 13:50:20,QQQ,如何交易SPY、QQQ、AAPL、MSFT、NVDA、GOOGL、META和TSLA,Benzinga,https://news.google.com/rss/articles/CBMiqAFBVV95cUxQOGVPSl9IaEdBZUdCek1iaFQxSGh4a1RWTHNzbFhpaEpGRS1nUGZTOHN0MFdBazZSQWZKZXNPYllrZTB0aTNKcWg0NGRaNjJHbzVVSU5pbjd2TFJwMVozcHRHYUJxUVh3Zm9pd0p4RTZvd09SdWxFSGgyS2k2M0xFN3NjS0dvOVlVNFZDQXBoRGRiWUtBTVgwUUYxNHBjdWVfZlFheDAwTE4?oc=5
2026-09-01 13:23:29,QQQ,QQQ價格預測： $ 722或$ 703 —距離擠壓決定還有48小時,blockchain.news,https://news.google.com/rss/articles/CBMilAFBVV95cUxNMWcybzdGNHBGNGJMZlFqdkFFUkRudHFzLTB4b2lvUEJrX0xrbDUyaXozTS1iMGM4a1BBdGtFbzNXalo0cEQ1dlMwZW5tT295N2xoaGtnVGJySy1FdFpWZTExNHUxeHB5SnA3Q2ZCV0MxNkdRcjFHRHF4dXZPemJMVTdtWnJWNGIzZmNDZldmMW9CV0o5?oc=5
2026-09-01 12:16:56,QQQ,能源飆升3.3% ，石油接近92 $ ； QQQ下降,TechStock²,https://news.google.com/rss/articles/CBMidEFVX3lxTFBlWmc0YVhpQkM2STNpLTY1UmZGdnVGcWxZQ2NuakNXcEFfNldsVkx2QkYwcG1ILWRMTlpMSlpnLUFVTEQwNHc3TkxsamlXSElaZmlaS01iMVpteEFjLUNnUXZjc19EOVotNWJoLXRuZVRaYnB6?oc=5
2026-09-01 11:41:59,QQQ,QQQ 2026年10月625.000 PUT (QQQ261002P00625000)互動式股票圖表,Yahoo Finance,https://news.google.com/rss/articles/CBMiaEFVX3lxTE02STRiSDgtWHIyTG1scVp5OHNUN1U0STJrTFJQYWVQeGo5ejF2eUhVMDBKbmRxa0RXRE1sNTlBNnk5S2RLUW1OSXFTLTh3SlJZcmxpQnBhLWZxcTRlNGZsbVpQVGd3R3Fk?oc=5
2026-09-01 10:26:12,QQQ,QQQ股票：納斯達克深入分析-新聞與圖表- 2024年11月22日Mario Giordano (4Cse17dDBw),Mshale,https://news.google.com/rss/articles/CBMiW0FVX3lxTE5ISFJhTTdrTEhYMW4zeEhUWnRrVTJMTVllbldJTUJtWFVZcGpvMmxBaWJhNk9rS1prSFQ3TDFOMzVnRzZzSWpIZlFRSTUtMWFEUk1nejF1bkRGZTA?oc=5
2026-09-01 10:23:13,QQQ,"Proficio Capital Partners LLC收購景順QQQ $ QQQ的9,589股股份",MarketBeat,https://news.google.com/rss/articles/CBMixAFBVV95cUxQSURULS1DaDdMcXlMSUNvRUZpbjQwV2hSc0FJS2w4dUFYX3NzcVVwSEZlT2tQM2ZMT3pETmU4TXNjeHl0X0RUYTgzNkUtUUI0Uml0X2didTdaMmRZVFN2MTBBc3RZNjNjQmZVN1I2REVhSDRuUXljOTRnX0VaVldzaDhYYXIzY1liZk9qQUNocDIzRzEwZjlFd0dlSjB1eXZJZzF1emVCTWlRWDdtZEw2TlE3dUpET1FGcEdFRTE4U291Ul9t?oc=5
2026-09-01 10:13:09,QQQ,"景順QQQ ： Nwam LLC購買3,126股$ QQQ",MarketBeat,https://news.google.com/rss/articles/CBMirwFBVV95cUxONTVMMFNscWUya1ZPMXE0UEhhOFB2NXh5aDVjc0ZqRnNBc3J1UGtiUS10NXlIc3E3RmI1V2lIUTEzNmZ6R1NWcVYtMzZ6SHRidmRsUHByeHA5SUZvVGZYdEgwZlhDWGNEdFVaei1YQnpFZlVrOF94VUVMazd0TTlkR01XaUdDR2VaTzh1Z2EwWU5aaC1PQ1Rua1RPMktxeFdPY3JMSGFYWXM4WnBGY0pv?oc=5
2026-09-01 10:13:01,QQQ,今日股市：特朗普升級與加拿大的貿易戰，間諜、QQQ失速；貝森特瞄準伊朗經濟,TipRanks,https://news.google.com/rss/articles/CBMizgFBVV95cUxQODVURGdHSV9FZ3E3S1NzNkhEdHZmTlZlWFdlWWxleTJvLUlmNlcwb2tHQ2oxWVVHT0hnVjZWYlZ0bkZvU0c5VEI1OGRlWGdodjFyc3M0eHVYVTBaQ3dOT01acV9xSGV5X1IwVWtGbm5EVEVQT2h4bU5INExZQ2dOT2J4RXZVWkNmT2xtanRscU5ENGxEU3FHWXpUYUc0UTlMdE4zamJmRW5jRE5MQkNPOFpCYVFVQW9LdUdQWTRMdnBTSW82NGhBbkdNWHV6UQ?oc=5
2026-09-01 09:53:01,QQQ,"Northwestern Mutual Wealth Management Co.出售8,420股景順QQQ $ QQQ",MarketBeat,https://news.google.com/rss/articles/CBMi1AFBVV95cUxPYktyV3pQbFBRTWYwRFVUbUtqRGc5bjJLSGZmTGlGX1BKajBUOFZnVklJSE1fb1c0MGRaWTZnMFM5OG1WRWN6QmJybFJaTWtGSHVFOTIyYjUwZlVUa3VhVXVnekJtaGtrWkhmSTc2Y2xCOWJPYnlneXlra2tGUEVSaGY3Y1o0bmh1cWZwc1VVZ2d0VEVMYXk0Q0tQQjZsYXc5cnBxZVJHLXduTV8yYmtMU211TDVQYUQ0am0tOTdLamxjb0hUOE5BZGVoZVZnVU1JQno5cg?oc=5
2026-09-01 09:50:51,QQQ,Stephanie Link表示美聯儲不會在9月加息- Invesco QQQ Trust ，系列1 （納斯達克股票代碼： QQQ ）,Benzinga,https://news.google.com/rss/articles/CBMi-gFBVV95cUxNNy1yb1dGbVlDZXlySWk0UGF1YU9Sdk9zYTFsazJaWnFteHJnbmRzSkd0OENLTGloeVJZVGVUeEFvVHBYYlRneWwzdHg5WlhHN3c1NVd6M1B3S3hvRGgyWERRdzVDaFdyQThKa0Y3cjk2a2liNk5qTzl0bjNIT2NkanY5Sm44MVl6QjBDeFRDY0RSTzVUdUZSUkxSNUloVnpyZGdQMXFmblRCSnJQalNBUzRaelFiOXNwN2wyVkRfLW5Rby1vVFJJSDhBZjBmV0otMTJCM0dOeGgtMGs0N0l4YThkUG5xcWpiQWdxLU9seE9ULWdBRGlwQlZR?oc=5
2026-09-01 09:38:59,QQQ,"Two Sigma Securities LLC出售景順QQQ $ QQQ的9,116股股份",MarketBeat,https://news.google.com/rss/articles/CBMivwFBVV95cUxQU2FpVm41eklXSDhhSUdEMHhSVG9XRFpselpZTk5YVlItMVk4dW5iOW9TTXIyX0dWUGE2dkNjQU40YUJpOWN4bGg2SjVFbndxQUt5LV92M2JfbU16ZXdTVS1fckZzekdYVW1SWlR1eDNxbEdHZVowVEwtWlNuS0VqM04zUVZULXNUdnNYWWlXWXFQcHpjdjBraHlWQlBWRDFCUm0yaElGaGc3a3dRWWZ5eThnOVN6dkdEY3phVExLdw?oc=5
2026-09-01 08:37:07,QQQ,NVDA必須重建其在QQQ上的領先地位,Moomoo,https://news.google.com/rss/articles/CBMikwFBVV95cUxNWXRBcFB3RnFoSDZmWmlxTmRwRWpod09JUGp6bk5oSDBtcmszNDk4NGc5aDc2TThaQXlxRHdkYVRNNV82b3VQRE0yNk5GeGdFSUt4MWVtNld4dWxiQVNKM1kyTm1CNExWRlVPNG9DLW1nWmo5UldGSmwxa3loNUk3dUNfUUQ3SFpVZTFyeHFOdlppb00?oc=5
2026-09-01 08:34:46,QQQ,景順QQQ $ QQQ排名由Jackson Wealth Management LLC下調,MarketBeat,https://news.google.com/rss/articles/CBMixAFBVV95cUxNZ0FCVmY5MlBoTVloeXNVQXBWSzdSOGU5YUNqQ2RnNXY2cHo3RV9DWVBlSWc5QWp6YzY0aTlxaGVvSXNmTkZvbUVOcHQ1ZzdiUEJCUTFhanFxMklVSE4yaGs5b1YxZF8tT1d5dHpuN09MX3pwYUc4by1BbzhZT1M2MUNHTVN5YnRrVU9SempYSVNoM0UwRmlSN2ZRUWVVdF9MbDZWeUxkTVpkMXR4ZElHSUNHT3B4VFVzRzF5eXhxTjBXbWhz?oc=5
2026-09-01 07:23:00,QQQ,$ QQQ 260901 709.00C $便士加起來。,Moomoo,https://news.google.com/rss/articles/CBMiqwFBVV95cUxNbmo0bl9uVDBvVk9qR0FRVVcwTmdDZEMxOHlzb0Y2dkRHeTBLbU1JTENORk0yMzMtVFluM2VlY2cwMEQxZGJHSGJyNmlzU0cxZFM5YkFWQkEzWEp0emxZQmJvTllQaGNtUG95bV81WFRDamxLdXFMa3daNkxiWUZlMW4tSl9SaWd2Qm92U0xkRzEwbHpobHRPVzUwdWpMNHZGc1ExLUpnRGNsekU?oc=5
2026-08-31 16:35:17,QQQ,QQQ 260824 900.00C (QQQ260824C900000)股票期權鏈|報價及新聞,Moomoo,https://news.google.com/rss/articles/CBMiX0FVX3lxTE1GTEVXQ2tZSk4wcXJpQXU1NWIyVHpFQzhaMmpkY0FRLXBXVTBJcEVtSkVnM2ZhbjIyMG54dUxLcDFLdHFiNFBOMHhYTzYyOUY4X1FteUJoa05hdHBGc2lR?oc=5
2026-08-31 16:15:00,QQQ,QQQ今日下跌0.3% ，受店鋪股價波動影響,Quiver Quantitative,https://news.google.com/rss/articles/CBMikwFBVV95cUxOOUtDRUxzSXhhQlU4THFXUXBGYWRYY0dIb3NpcDE0NVhYSGtqeWxmNHJ2dGJ2R0JuVTYxWng0c29wOXhPOGRwb2gzbnJlOUQxNjJ5TFpaLXVGSmRXSW5pTEpkQTFWcG1VNFZWb2VHV0tOV19oZWdycmlseWdsakFxT0M2ZE9hVGZHYjVTd01NVmNfNTg?oc=5
2026-08-31 14:43:49,QQQ,特朗普的Pro-Data Center修辭聚焦科技ETF QQQ、XLK和VGT,TipRanks,https://news.google.com/rss/articles/CBMitAFBVV95cUxPYUVfcHpYckZEU2RLb0Z3dzZWQnJ3ZTZlQTJWLVpzUFpxS19MT0NfMzRSWWFqd0lDZ0loRUNwUFZJWVVTWWllSnJOYnhnWVp6R1djUjUzSTM0YS1abENRMDRxclJ6RWhRamVKMVpyX2hISmNqX0x3NTBYZlUwNjFkeVlxdkRQM0Z3aVYzSWZMeDFRYUl2bm80b28wVk1mTWhGZUEwNmlGWlNMWUFhLUJndnpCcVc?oc=5
2026-08-31 11:00:13,QQQ,納斯達克崩盤， $ QQQ巨大差距縮小📉$ SPCX $ SKHY拋售|現場交易股票市場今日漢坦病毒Mascherine (tGZHcjtEGi),Mshale,https://news.google.com/rss/articles/CBMiYEFVX3lxTE81dEQ2Tm42NXF4Zk9uZ2FodGRSNmRpOHhfYnFEeXM1SVdoYjEyaU80b2s0RG13ajJXVVVGem9OZExRS1RTclZMOFZhZXJZaG50SllFakhBMGpOVS16bXh1WA?oc=5
2026-08-31 10:28:11,QQQ,QQQ價格預測： $ 716的死亡MACD設定了一個高風險的突破決定,blockchain.news,https://news.google.com/rss/articles/CBMiiwFBVV95cUxNWTZ3R0FHdU5jajZxRXdRTDUwdURkMFp0MmZtaUpVU1V3aFVfYUtqNFlqZm5IVVlucW53dHVrSHBhWVhKRjZ3RzhwZ2J5TkhvM3BrX1JhcFRueHNQOHZwZnE1THlpT0NkTF9wQXRvSmNiZDlEOElxUVFoVEgzRnJXQzEyOXYtQjQwaWlj?oc=5
2026-08-31 10:25:25,QQQ,景順QQQ $ QQQ股份由Jasper Ridge Partners L.P.出售。,MarketBeat,https://news.google.com/rss/articles/CBMitwFBVV95cUxOa3d4M1VjazdJZjA0Q2JaMF9sQ2p0cWN2amFQMkIxdnkxbmc1MThYcnJXOC13STdiS29PaW1id3NlU2VVUjAxTVlVYXBFdG01U2lSejBPRlBQZHk5Nk1QMUVieXNzcHlDdUdNaVFOcHBPbW93X1pEMVVYS1JUZ2hWR0xPVVJ4enA0b1lsTm1LczRORmkxdGpYU2RzdU9saGZubU5xaTBZQXFjNGg3V0dtQ2FzMVNCc3M?oc=5
2026-08-31 10:25:25,QQQ,Senator Investment Group LP收購景順QQQ $ QQQ新股,MarketBeat,https://news.google.com/rss/articles/CBMiwAFBVV95cUxPaURJSzI5bkVyN0xVSnBzRW95aGI1bGpzX3JIc01JSUczNlpaaWk5N3d2aVhrTWE4aE1PN3hjZ293TDA1NXpJRVpxUWFEMmFRNFF4NUhGVFNVblNNU0Rab3IzT2NENjBENEllT256MGFYU20ySGRSYncydjhKVzNKakhXamJHWlJzVFczMGhZZTRxNWtDbGNLbTZmay1QQ3JCU1BseUxsMENxNU1PQWJKU29ELUxGOW5DdURTLW5IMjk?oc=5
2026-08-31 09:57:16,QQQ,"景順QQQ ： Sigma Planning Corp收購10,098股$ QQQ",MarketBeat,https://news.google.com/rss/articles/CBMiuAFBVV95cUxOa1FEZFZvSFJnZlVUYmM4di1YR1dxazZtMGxWYlFFRFJnb0ZLa0JHZWw3cFFaTDJha0hGMHgwdTZ6OXZsc3VLOHFUYTZpVGhXVXIzVV8tV0NrUDVtb2hxRno0Rlp2eEFVdkQxNVVETEtEbDZRV3ZMc2w4SW9kOE1RNW9xa0taeDQxdmpzeURjS1VvSlh5UElVYjQ1LTJNSUlubVFSTWV5UWVRdjY1ZE5JSWVYX3JTSW5S?oc=5
2026-08-31 08:38:19,QQQ,讓我們觀察股市： APPL、QQQ、SPY、SPX、NVDA、TSLA耐克股票（ 6H5K2D7ntC ）,Mshale,https://news.google.com/rss/articles/CBMiYEFVX3lxTE5laUpQQ3Nib0ROMjg2bHRwZHNOWFV2VFB2bnV5bThuWEg5ckUtRDhiOEVnSDZrWldHeHJhVkhwM2dEeW5JOW5iQ2p5eDZsTGx6SUE4V2VWWDBrWDBsUzhEdg?oc=5
2026-08-31 08:29:04,QQQ,景順QQQ $ QQQ是Headlands Technologies LLC的第九大排名,MarketBeat,https://news.google.com/rss/articles/CBMixwFBVV95cUxOel9LWG1BWS1KaXhKaE9rM0ZodnhqOGdiOUFDVUhkUmduLVI0UXl1Slk0S28tRy1CMmlOcDdVZnd6QkJ4dTNWQTVQdUxwQV9rcGY4M1lMRGl0RVExTTc1Z003bkRXTzJ5QklpekRTU1o4YVBuaFlqN3ZUOVFyUVQ4WlhqWC0xeWI5WWhRSEFFTmpJM3FXUlppRHF4OHEyVkFrNGtNY1J1dXFNOVE4TDh2b1pWX0dKSGZPNC1IY0hjbjNYNUoyNUxB?oc=5
2026-08-31 08:12:44,QQQ,"GTS Securities LLC出售景順QQQ $ QQQ的17,150股股份",MarketBeat,https://news.google.com/rss/articles/CBMiuAFBVV95cUxPVTFPdmd5Q25xX0VBcFJoMTlqa3dlOFF0cThPQ3hpaVQtQ3dVR3k2T2Y0T3Y4M3NZMVFrc280SnVpa0JMbFNCMEx6NHBOUHF2RlV0c1FlWHpBU2RuSlJzSGJpVVRQSUFZYUNsTnk1UDRvOHZ1SENDOEl0Wm11amR5TlVnTDVjaXd1ekdZQko3Mzg5cDdRUzlpWVBxVUtvSlZTdldLTTVVQVFYczdiUHJKRWpIOU1BYmUx?oc=5
2026-08-31 07:40:28,QQQ,景順QQQ $ QQQ股票由Benjamin Edwards Inc.收購,MarketBeat,https://news.google.com/rss/articles/CBMitAFBVV95cUxNLV9RWXZETVVKT09fWEdyTUU1aGJpc2Q0VjRUcXBhY0JkSlhMNmdvSUhNdzllSlFpUUtfYXFlbjY4cGVoZ2lBdXF6eXVYUHZGbGFFLXJDWC1jZnVTcUxuZDlYa3RtX3BVbHlFNFItVlRNX05zWVZVemg3NFJFWWZXcnJWYlRSTVBic2lyZGZxdGtfR0JQUWdPTnFHRGZ5V05pazVzVTh1dkxYbko3TV9HQy1fMzY?oc=5
2026-08-31 07:30:32,QQQ,景順QQQ $ QQQ位置由B ＆ T Capital Management DBA Alpha Capital Management降低,MarketBeat,https://news.google.com/rss/articles/CBMi4gFBVV95cUxNUWdWWjZPNUVXczVfRDhpN0dsZlZweTQ2YlI5bGVWUy1HTkZCZ3NnRTdycEg1Z2t4X1RtRTV5OG5wNG00WDc1Ql9mMUdUTlJ2dDJqVTJGalJhVFVqMUVuamZmU04tcG43OFVSSlc2aTFIRlZNczE3Y0c3VkRzN2FvRElIQTgwNXFHRk9YMkFxT0l1cXRfSG9lSTFTN3F3Z2g4OXBZYTl3aUxGVDQ5UTFkUTJBQTdWbXIyaGNmZ0ZMeU15NS1rOUtzUjF4a0J4c2ZQa01jOHB1UVp1WFMyOExKaVJB?oc=5
2026-08-30 18:58:00,QQQ,聯準會主席沃什的鷹派通貨膨脹立場發出（納斯達克： QQQ ）納斯達克和（紐約證券交易所： SPY ）標準普爾500指數下跌,foreignpolicyjournal.com,https://news.google.com/rss/articles/CBMi1wFBVV95cUxPbDhUMEN0R2dGcHZycXo1LXd6VDlidEhaaGZnb21lb1RUbThoWDAyLTJvcEVQaHQ3QmM2TTk4WkF4c2hPcmdnNzM3RXRLY1dQTk5YaWQ4dndRa3FHNE1JSFNHc3I4X1lZaGRKeUFQWDdYajJCVUE4TGtWNld5S25tcUg1RDA0amVjLXZLNDZZZXBLb2Qya3Y2M0x6ay1nbENDMUY1a1pac0M3b1otaDZ1RTV1ZVRLN3dBbzBPSFpNUW1iVFdRQzg2MEFTaEc2RmJMbUFfaUpsNA?oc=5
2026-08-30 17:51:00,QQQ,$ Invesco QQQ Trust (QQQ.US) $為公牛帶上安全帶…現在就去月球,Moomoo,https://news.google.com/rss/articles/CBMiowFBVV95cUxNVEhWaGxKTW9raVRibmpNakYyd3VLTm9HbjVYZHVJcF95Q3Vfd09QaklNaGprbWs2bU9iRERLTFNqQWNTaWc4NEhUMzNQLWc5SHdZTzBrLTNYaEJ5WXpSLWxlV2sydXRaQzdKd0Ryc3d1NkxwV3N2czZvcTRiRlBMMmEyQ3ZwQ3NCemg1ZkJzR1RtQ2tJbVRCdFNYZExBZGw0Z0Jn?oc=5
2026-08-30 17:48:47,QQQ,QQQ價格預測：盤繞在$ 720以下-本週壓縮突破,blockchain.news,https://news.google.com/rss/articles/CBMinAFBVV95cUxNMU1jOWlCUEtZcmhmd2puc3NGMTQ4VEpSOVlrUHpZWWIxcndPZ1dDYmxhQXVrNHVYcmlqYjFscWhGaGk2V1JkTjU4QmtETDBNZnBqR3BPNnY5aWIwR3JtZ0VSNUZJdUwyNV9FakFVYjZYT1N3em5GS0IwMzdrdmRpTUJ1WnVnLUtUSDR6blZDQ1RiOFRGY0gzVU5KWlY?oc=5
2026-08-30 09:40:42,QQQ,美國政策將投資者推向使用SCHD和QQQ股票的風險較高的60-40投資組合。,pluang.com,https://news.google.com/rss/articles/CBMikwFBVV95cUxPdFczYm00dUh4LWIxbmNhcHYzcjMtbGJZVDhNRGlhWDV6RmtlZTdhN19iVEVlZzFGTWhzdEp3V1F1ZHFGaDFRSXJkdUliQnVFZmRTR3VaampfT2NVWVAwSWlwWnFhYW5rMnhVaFAxcC1ROXFsMXg4aEJ4SHBHby1SdW1uRFItak9DTWpCSkZoMkU1NUU?oc=5
2026-08-30 09:35:12,QQQ,股票技術分析： SPY/QQQ/NVDA/TSLA/AMD/PLTR/IREN/MU Michael Pennington (4kGoPc3Z88),Mshale,https://news.google.com/rss/articles/CBMiW0FVX3lxTE80LXdyeUZReWpoM1hhTnRLblFyTUVjYnhNSkpNcXF0S0psMzJZNDhpTzNFbXBhaXR5ZDdPcEtvXzZETjVjSkhGMmRJalFldC1tUWRrQ2t0NEZhVHM?oc=5
2026-08-30 09:04:47,QQQ,Invesco QQQ $ QQQ股票頭寸由Solidarity Wealth LLC增加,MarketBeat,https://news.google.com/rss/articles/CBMixAFBVV95cUxOTjZkVWZEX3MwaVJOU3FRYUVPZ096c3RjR0E3enE1VklQU3VoSzVZdlE0Y1dtYnlBQVZqT1pEalRpWlBWeVpIQmJ5SHFBd2c2ek5iSW1OTm5WbFl0Y2hzWDBMdWRjQkFJb1A0R2M0NTNJZVQ0UGZPbTE0MjVRQXE0Unl3TjREbTZ1SjNhelcwY0ZFSWlsS01pVHRwV09lYnQzU2xfY0FNWHJRZmNqX09EVE95Q0poT3h2WEgzRjlZUGxRN3Fq?oc=5
2026-08-30 09:00:00,QQQ,SCHD和QQQ ：新的60-40投資組合（比特幣和黃金版） （ NYSEARCA ： SCHD ）,Seeking Alpha,https://news.google.com/rss/articles/CBMipAFBVV95cUxQdlZvcV8xd09KbHNQelNWQ2ZiRGxiUFVKZGYwYWpUQVE5al9hMklzYllRdUpvbExHWkFkTTZxZzhLNkxDWE9idzhaaEFZOHJuMEZOa2FHLURUV3cwdnNkVDUtdHVUWHBIei1IYktkM2k1bDRxczNQcE8zbVJFM21TUjFDdnlPMDNoc0tDdVUyYUdDeUpVSkZNOHdKektvY0VHLXNoNw?oc=5
2026-08-30 08:45:06,QQQ,景順QQQ $ QQQ是美國財務公式第九大排名,MarketBeat,https://news.google.com/rss/articles/CBMiwAFBVV95cUxPOTNual9WckFZZ0FlRE9rbmpKZmdJUzFqY3ozVDk2TE9aTXRCbFhDcFFscTlRWjcxN0Nzd3IyUzJMRGRNWnVrc2U3ajRicW5TeGI1T1ZqWGZEX3N5M21TelVlM2pZejdheERKWkU0LTVtME9vZko0VmNnYTlTTmh2aDBvMDFYLVNhTUphOWFsUnF2djR4NXB4RjRMSlRPajE5UjUySzNhdlpxX2pVSFhsUVhibmVVR2h3ZmVZeVFEZ0s?oc=5
2026-08-30 07:32:25,QQQ,"Fortis Capital Advisors LLC收購景順QQQ $ QQQ 2,759股股份",MarketBeat,https://news.google.com/rss/articles/CBMiyAFBVV95cUxOVEwydWZYTDlMTVprMlZoaGFYOFpKQnFFSFBLRFl1OVdVWTdJZGNJdXlBUko5Nk5ZcjFmdWZ0MjBrQi1sdS05XzV3cXZlcmhZbDNaN2dacG9NRjNRSGszV1JPVHpSUGkwbGVOdDBDMC1UTUNjRWJmWlUzYm1RaVFxMmRHY2ZyeTlxckZUR3NOV0d5YXVna1ZjbUY0QTVfczhFdzAzM1lrYy12YUVZY1FCUE1mdVFjZWpQTnE2UWI2cTQwcHE1QmZocA?oc=5
2026-08-30 07:32:24,QQQ,景順QQQ $ QQQ控股由Fourth Dimension Wealth LLC削減,MarketBeat,https://news.google.com/rss/articles/CBMivAFBVV95cUxPb0g3ODIzSHR4RkYzN2liRzRKcFNpcGlTYWZvbGRzcnhlN01RNVBYeUZ4MGgxamFxeVBFeDhmZDBVazA1a0tsbWJqc0huMFNYR2VXai1IazN5RjJoNXVHazZTQ0FiYWthWTAzRWpoZHFrQ1R5bXZhX1RpNDdpakZJSGYyMUhyUlAzYXJsRW1sMEdxeEdKbWIzUFg3RXp0Y0dSbFBfQ2tYbUc2SnhrU0Y1SEdMYXBqWWZZb3RSaw?oc=5
2026-08-30 07:24:25,QQQ,景順QQQ $ QQQ是Belpointe Asset Management LLC的第三大部位,MarketBeat,https://news.google.com/rss/articles/CBMizAFBVV95cUxOX1JIUGtlWDJyNlZ4RnJ3dEJvZXVLSWM1bzhZYkstMW1EVWVPN3A4N0ZLT2FRWU5BM3VkWG1jRlcyeERYLU9tWlZBUE5BMHRGekpaeHg3c0xuYURJTmNmSVJVODV2amFfTFdLd21Nb3lmck1DSEx6eW5mSEtiNVZ4RWpnT0xiTUxIOTdOY0staVVyUkVSVVA1NlF0TlRtUm8tMVRRaUNSZ2ZacWFNT3EzdElYQ3dmVjJqbGFIdWhaXzlzV056VTZTM1VkM3o?oc=5
2026-08-30 06:27:18,QQQ,🚨 Broadcom和CrowdStrike收入Bloodbath解釋🚨間諜， QQQ會議聯盟（ lvJ9I6Xb8f ）,Mshale,https://news.google.com/rss/articles/CBMiW0FVX3lxTE5DUXd6Y0ZoSVhjcHBSUzFKTXlfSVp2dnZCX1dfd0Z1eWpKSVVVc0ROR29qclRGSFdjOURkamdBS2FfMG41TVpVRHRRblpVZ3R0YUhwQUxFaHkwX1k?oc=5
2026-08-30 03:48:41,QQQ,$ Invesco QQQ Trust (QQQ.US) $讓我們等到9月,Moomoo,https://news.google.com/rss/articles/CBMinAFBVV95cUxNSThMRmxXbjMyMUV2VENzWGVUY1JWWFV1Qk5tekFUM3c5c1NDempMM3ZpdkhfS0FOa3dWdUxtSTFPTElzb3hPVGZlQVlFaUUtdGZIRUtUQ3hOS1pCUDFMNUx1MUZrNjd6RURCeWtCWGNuLUpLNW1wU0dpRmdPY0F2R0dGOGNjWm1pcHZWWGNSOXl1Z192c2pCczJfdnA?oc=5
2026-08-30 02:00:00,QQQ,"如果您在20年前在QQQ上投資了$ 1,000 ，這就是您今天所擁有的",The Motley Fool,https://news.google.com/rss/articles/CBMilwFBVV95cUxPaVpGcVFkMTJNYlFGaHpOZHdaQ0dlZkpPdThIN29zT0g5cDNNRHdHSllNR1Z5Z3Njc0FjQlI1MGNubEZyM0FybXBYdllmTWx2OHVEeVlMY0ZDWk9zQ1JNWTc3eEFET3lnV01JTTc5bHA2Q3J0ZXh6b0JJcUc0cW5BVEZQR3Q2dFJ4bm92RGNaNnVjUGNKa1dv?oc=5
2026-08-30 01:20:00,QQQ,"如果您在20年前在QQQ上投資了$ 1,000 ，這就是您今天所擁有的",Currently.com,https://news.google.com/rss/articles/CBMif0FVX3lxTE9MR2JVV010Wmp0QmRBWkhYekVfeHVxMEFGcEZSS2ZoRm5ycXpFb0owRHpyN2xhT1J5MTVuYlpCWWVMWVZMSHV1MkhfWVIzakRUVld2Q2NRYU94bF9IdWQ3Um1GVVFxMGZycGpmZF96cjZQQmVWZnFTTTNzV3R1LTA?oc=5
2026-08-30 01:20:00,QQQ,"如果您在20年前在QQQ上投資了$ 1,000 ，這就是您今天所擁有的",sharewise.com,https://news.google.com/rss/articles/CBMi1gFBVV95cUxNb1llVHRmSlNnclh3VUUweFdpUGt6clMtYUduVHU4amllMXJqVWVlUTZVTjF3RjE5Y0pzcXlXS2ZzOGRnc0xHdjZSZzZzZUxXdUVlOUJpc2JoUExuVkk0ZVluN2NVd2pSbTF0RkhoRUdLQVpldjA4N0d0QWcyc21WejdnNDBLbG1zc21nTEhyQVRBTlVrNnEyOG1XX3hjaWI1OXM3VU0xRGhvdzEtaU5KRnhibWpmNHFrVEpZZWo0VGltb0VfWHBSdlR3ektFdjFzVXF2TmV3?oc=5
2026-08-29 19:23:03,QQQ,景順QQQ Trust (QQQ)股票論壇及討論,Moomoo,https://news.google.com/rss/articles/CBMiV0FVX3lxTE5JZ2lJMHVOeklhZVY0WHhqcVlwZTNMNmpKNVVReDdkVUtJYUFpU1pZYTRhVzdGZS1pT1FCWXFCQy0wdnM2ZDB4T1FlVVQ5TTEwcUV5Ty1hYw?oc=5
2026-08-29 18:01:54,QQQ,"🚨 TESLA STOCK FINAL SUPPORT! TSLA, SPY, QQQ, ES, NQ, NVDA, AAPL, META BTC! 🚀 Dino Prižmić (rpInwFkb5E)",Mshale,https://news.google.com/rss/articles/CBMiYEFVX3lxTE41emVaN29VU1B3aElIQ0tfWjVtRG82U2JKT1NBTEtmX25qRGRzMlJpSEJiV3VHYlpUUkFKSGFwMUdIN2c2WmRNM0pqcWtXOWQ5VEJieFBWNlduVFg3U29BTg?oc=5
2026-08-29 16:40:56,QQQ,"SPY, QQQ, DIA Slip As Inflation Concerns Hinder AI Rally",Stocktwits,https://news.google.com/rss/articles/CBMiugFBVV95cUxPYWlCbTd1U25nRmc1bUw1dzFkNW53dXVDNVAyTmdwR3JhMWhUM01wX1Y3ZHpXQm01STVWLUktdGtaRW11VXZkc2IxRzF4Q3ptX0taWi1ZeXFCRW1KLUtsa0RZVHhUaGZiN3JCREswWnBZTExyS1BudnNrc0JVY1RLcWFzLUEwR1RsLXR1bDZCTVNuT2s1T2JMZXdIVVEyc0lPLTdGRHVGeHVvUm5YbFpNbnFjQ3ZOVDlEdGc?oc=5
2026-08-29 16:09:35,QQQ,景順QQQ信任天氣在AI勢頭中流出,TipRanks,https://news.google.com/rss/articles/CBMinwFBVV95cUxPRm5CQ2N2dnRNcGR5dTFMN19tSW5MUEVuZHdoTXhMQmRTMUdjRmJoeUV4eHFJd2RUVWNrSW1Pdi1UZDAzQ1pNWVM1V1hPX0NsVzRZSTJmRWtaS1p2aEQwckVHaW43bng5Q01hcFRJcl9DT2hRMFVJemdOOFE4MmZQYnBBa01hVFFMb0RMUWpGczc2RHFGckNBRFJyZE5PN3M?oc=5
2026-08-29 15:50:01,QQQ,Proshares Ultrashort Qqq -2x股票（ QID ）風險區的精確交易,Stock Traders Daily,https://news.google.com/rss/articles/CBMi6AFBVV95cUxQempNY2N1cFZsTUEyVklwNktNdmdHWVNVOXphN3d5R0RrU1k2NDYyRXpFeEtyTXZzU1hFcjFPc3o2cFpJNllfN29NeG5EZnVIR2RzNDJQT2dOOTBJZHpiVkhOVU9aUmRIUWwyMVJYUElRU0pZeXE4Mkx3Zkw1NDFXWHNrcDJLU1NEcXlXY1R1RTU1c0ViSVd1eFNpMXhTbUt0cXFDLWJGako1M0R5WjBLZDlXY09kYk9wTFNzM3FpMk5RNVoyaWljQnlWMW5pVmxlSHFIVEJzMTZDMGRYWDA5MjhmS2xrSFhF?oc=5
2026-08-29 13:30:28,QQQ,QQQ價格預測： NVIDIA順風迎接美聯儲逆風— 10天內736美元或704美元,blockchain.news,https://news.google.com/rss/articles/CBMimwFBVV95cUxPZ252YTZqeVdQTDJKd3JUT0o1WVVhRmVOVnhPbWRDT1VaSHNvOExZcGxvRVBua3Axb0RnOVhzRTlkZUVDNFRQN01kWlhmbVlFQWVmM3lNVzJJYTlwc1pJd25vZTdydnZNejFDZ1VybmI4Wm92cFpSU2p6ZTBwMkJWOE50UWR1aXVlX2JMaWJUOFN6VmNMMlRVR3hHcw?oc=5
2026-08-29 09:14:32,QQQ,Integrity Alliance LLC.持有景順QQQ $ QQQ $ 7386萬股權,MarketBeat,https://news.google.com/rss/articles/CBMiwwFBVV95cUxQWjBIUXU4LWlfWjdjdXVrMXJhSFVLdXJSN25sRXdJVlprN3hYMTlndENSOUs1ZEJLWUItQTJia0Q1cDViVkFGSTF5bnk0d1VaYjJzeWNIVUMwcU1NbGJYSi1VZXBmejVBb3EzX19UUTJkZ01tMmFmdVQtcHdncjNicmRreGlhUmF5ZzFhVGtZbkw1YjQ4b2ViSUhLZDdKUk1TN1ZLWkhsUFE5aUFBYUNrV1JNN1U5QWl1aVNVdWllaVFpZUU?oc=5
2026-08-29 09:14:32,QQQ,"Garde Capital Inc.收購景順QQQ $ QQQ 1,620股股份",MarketBeat,https://news.google.com/rss/articles/CBMiugFBVV95cUxNMEowcERDT0hkOC1WaUtvV0VlenQ3RHFPaVBmeUNlU2ZTWnIyNjdIR19peGtqTXVpbDNyWlNJLUJyTGhvdHpreG5LSEdYMkEtemEySmY1VTNjQUxUNmpMei1NdUtxdUtuQjlocktZOS15VDFPdVlsV1p4cl9XWDJ5ZXNuWFEzc0VYb1pUa1dwRVlhZlVOcEZQbGNmRWlkV2Y5ZG9UQnpKQnhuM2ZYeEF0eGxIVmhPZFQzZHc?oc=5
2026-08-29 09:14:32,QQQ,景順QQQ $ QQQ股票由Integrity Advisory Solutions LLC購買,MarketBeat,https://news.google.com/rss/articles/CBMiyAFBVV95cUxPOFBmSG1USm9xblc3LTQ1dEdUMUJFZFA2U3hEemV2d3YzSXM5alV5cDEtSkN2V2F5U3F0YVdVYjd5M2dLMHpfZnR2YlZQQW9HWndxd0tPQlBpMEdfanVqY3dmdWFGQlpsb1Y1dmNnbG1FTGM1TEJCaW9Xcm5RcEktOGVXM1diazBLUU9nWkZncUF1LWJvMk04MUU1MlFYcHo5NlllMlpSWXNYQ3gtMVZkZTVrbnJzbDBlekZ6Z0pCY24tZzZBWU93MA?oc=5
2026-08-29 09:14:32,QQQ,Wealth Quarterback LLC在景順QQQ $ QQQ持有1672萬$的股份,MarketBeat,https://news.google.com/rss/articles/CBMixwFBVV95cUxORHBFM1VJaEktRFhjUzBSVDBseDlYZm1jcFlXN0NBbTJlaTNwNi1YZ1B2SWJWYldnc0Z4YUhrM1p3NkNxa1NBeWVHSldTdlVTZlR0NTVXSmtiUEtpS3dRSy05N3o0UDhDUTFlQnBac0Y0TEgtR09jc3VJaFRlV0N6Y1phOGw2Yy1KSVloSGZ0Uk1Xc09UcU53emwtUVB5ZGxNTnlzODFZbDVBTzlvcndpR1hzN1h3bFlpM19zdmUtWjAyOWN0TjRz?oc=5
2026-08-29 08:08:08,QQQ,"友邦保險集團有限公司出售景順QQQ $ QQQ 93,730股股份",MarketBeat,https://news.google.com/rss/articles/CBMisgFBVV95cUxORUFWV1IwODZsMnpyVWt6dXNYMTdmOE01VG80Z0pHSl9PdlZ5bkgyTV9Md0pGeGpBbUlPREE4ZmNEWV8tSmk3T1dxSS1NQklQTmtrNGx6NjN2SlZyd1h5OGZBd0o0UXB0TUdvMTlSVVJsdVFyVUZlWkt2NnZVSlFJVzItZDVHMnVtOUUwZzBCaXlDby1VaDhneXNnMWs5LV9lTm9YTm4tSEVGeTJzSWl4ZE5n?oc=5
2026-08-29 07:39:59,QQQ,"Becker Capital Management Inc.出售景順QQQ $ QQQ的2,544股股份",MarketBeat,https://news.google.com/rss/articles/CBMixgFBVV95cUxQN0N4VDBzMm53enZWWG5VUlBlYWJuNVVxWEpBV0wydUVfU29PNkhMaFA2cWdjeWRhQXNOUlpCd0NGQkZZN2ppRHkxTXpxa3dZQmo0bFJrSGhfeXlLc0VkeGVtNWtsbnFvRU9nQTNYaHpNeVhTZDVBV2tsdWFYU0ZWR1RtTlNMV3dqWm5vR0h1ZVJyenRKTDA4UEV5M1ZmLXpKNUNHWFBjQVliZV83UkdrOXlldFZxZ3dUUFNuZnVYbkpTaFVYd2c?oc=5
2026-08-29 07:28:42,QQQ,股市持續反彈？ $ AAOI ， $ SOXL激增📈即時交易股市今天$ SPY $ QQQ $ ES $ NQ湖人隊（ WNTl02BrHl ）,Mshale,https://news.google.com/rss/articles/CBMiWkFVX3lxTE9oTXVDVWVFd3NWMEJBZTU5T3haS243TXpsakxEVGtvQ05TcVlLaDZJRGlCcEFubGtkcWNVbGZjeUNHbDZYM2lHbURIRmg2TlBCUlFUOU50MHk4QQ?oc=5
2026-08-29 07:17:51,QQQ,景順QQQ $ QQQ股票部位由Arrow Financial Corp增加,MarketBeat,https://news.google.com/rss/articles/CBMiwwFBVV95cUxQTEc5eFJBWldqY2NpZU12bGNPcWRKdWxmS0luMEFac2NGQjVRTjRKTDBqb2pqUTJMSHNqR0U3REZmNVBYOWJ5d01LdW40U2dRNnVoSFZnblJFSlRRWmxKeTBPeWcwS3JhOFg5ZzZGSDdvZ1duWFFaZFJfdmFzTFkxdndPZlYwOEpaRU1RamlIYnBzWWszZjNaVnF1WTlnSGk4R0FmQWNUMDhMWTNBV2R4THMtYm9jQWdla01lVnQ3bThwcjg?oc=5
2026-08-29 07:17:51,QQQ,Ascent Wealth Partners LLC在景順QQQ中擁有$ 7375萬$ QQQ,MarketBeat,https://news.google.com/rss/articles/CBMizAFBVV95cUxOZTlVbGp4UG10a2RIZEJoX3NuVjM1NFU1eHFxSmVJLVZGMDlNRG9aZkRVTVVDTVY0SlJLVmtKdVBhQXZ4NTQxQVZpenVYVDZVbFNDWElYNmxKZEI0THFsa1ZiY0dkZHcySTNTM2tpZFlVX3FFd2NLaE8zR1V5Q0FGb2Y4dEpqVXZaTUxKWmVWeHhlcTFpYXFkUXREMWN4YVE2Q2FJRElRdnFKcFBqUUkycTN2WnRERVhRbnpKSDRXbUpPZzJ1dG41NGpXTDA?oc=5
2026-08-29 03:45:36,QQQ,QQQ ETF今天下跌–以下是影響景順QQQ信託的因素,TipRanks,https://news.google.com/rss/articles/CBMingFBVV95cUxObUxfZU9QN2t4d0RCeXBpT0FoOU8yakc4dzcxLVhBMlZVVzR0VUhUNVVQOHh4R010NjlmM0hGeURJdEhjQ2w3aEEtUlh0elpnQ2lCY291emJJc3NnVEdyRU1USGwwTEctU1dldGFLYlVWZjdsbVhzTTNwMmNyckFhcUF6QWFiR1JPUjFWUHd4RFFzU1lidkxFam54UTI2UQ?oc=5
2026-08-29 01:36:01,QQQ,QQQ的行爲模式和機構流程,Stock Traders Daily,https://news.google.com/rss/articles/CBMiygFBVV95cUxNU3dRMDgxcEh0TldTTjA3NVhySmdUSHpKa183OUtraUN4SGRUVHREZGd4ZVdTc2Vkbk9hT1NnbkhsZmptUnpvdVREdGZ4Rm12akQ5V0VFdjZ6OEFmZ0ttdWVsdjNGbkZBSHRSUU5yYmk5bmxOVmRjTkYzVVlucW4tVV9aSWw2NEhyUUVXQXJHUEpOQ2pURnFUQm0wWGh3X21ERm54Y01XaHlqY2trYmlja1FURVpNWEFlV1JEQUFGM3p6WUhaSGJNX21R?oc=5
2026-08-29 00:29:06,QQQ,Zacks投資理念特色亮點： QQQ、NVIDIA、CoreWeave、Nebius、TeraWulf、Cipher和IREN,Zacks Investment Research,https://news.google.com/rss/articles/CBMigAJBVV95cUxQN2NJS29LcXFYRVNzQjFyN19GRkZNcGRYRzItSDloZnFTQlNGWnNFTTlTNnN5c1c3eVdheG83bS02MWRubHBSYnFjc1JneEpiQW4zZFBVMVZXeUQwOUc0VnVTUDU0ME1GT1ZEN2M4NDBBZDYtZElYMjhEblBEQU0ydVZlOTh5TWlnQzRXMkxvQVF1dkQwZkxQREpOZnhGN0JoRWdiWHpQLTZjUU5VYV9GcDRZZnBKc29HaUlJRUtVeTAyZ2kzN29ZVUhJRHB5VXlBaTRJS0NzenE2Sy11dHFTc05BOF9FRFpmUUNJRF9YM1lXemxNWm81WGozR0hNX09p?oc=5
2026-08-28 23:32:56,QQQ,[LIVE]納斯達克期貨交易8月6日–石油、黃金、間諜、QQQ、ES |即時交易策略追蹤器(q2pg0BcK3X),Mshale,https://news.google.com/rss/articles/CBMiW0FVX3lxTFBoQXF1eUcxTVB0TW5GYlJ6S3UzbGVHY3JVZHJueThtUlg0OWpGUEVfN1d3Ti1VSUZVckl1Z0ZxWHNRc05peS1SdC04OTFzTzdwTWVWNjV3T24yYzQ?oc=5
2026-08-28 21:05:17,QQQ,這隻AI基金正在粉碎QQQ ，而NVIDIA僅佔其中的2%,Yahoo Finance,https://news.google.com/rss/articles/CBMilwFBVV95cUxQc1hSSXZFZnZRVFc0elZVemthVUpjRGU2SlpxWEFCNEVYVG81MFV3aldTQ2FWTWwxN25mQ3dJWjdrY09hNFA1ZzBzak1UWUcxaGt5T2xuWDAtTGUwX1lyWTYzZlZPbnFhN2FSSmVaTkZsSGlvcW8xd3B1SzM4YlpDWmIwR204RlV0SXlKM0gyYjMyY0Q5Sjlj?oc=5
2026-08-28 21:05:17,QQQ,"This AI Fund Is Crushing QQQ, and Nvidia Is Barely 2% of It",AOL.com,https://news.google.com/rss/articles/CBMie0FVX3lxTE56RHpodDRBSzhYeEx2bGJtQWFIeHMtaWhlejQyQXg5T1NtZnV6alh4ei1pRjlYN1JtbzBZQ2s5d2ZUaWFNUUNEZkpNcVAyUUlrMUZsT2F2MzBYQk5xbTh5bXVlLThMTkl0cjR0NXdOcnU1dnVSeWd6YU1MVQ?oc=5
2026-08-28 16:30:56,QQQ,$ SPDR S&P 500 ETF (SPY.US) $ $ Invesco QQQ Trust (QQQ.US) $ Ayee… [技巧],Moomoo,https://news.google.com/rss/articles/CBMimwFBVV95cUxOM2k0VWRrQTFzRWxzTmIyT1o0dUZDTFFXVDF0blVtb2NlSnZ1NnJRdDRZTUQxMERmWDVFSF81bzRVSURjSTNONi1EcEh6M3ZHNjJEQ1JidUQteWR4QVgza0Zqd1Zhbm9EWW9Id29zM3lBSW11djZoT0xMUFdEdnZlVW56aVo0cmtVb0JCNGdOUWhybHVKSHBfX21Kcw?oc=5
2026-08-28 16:17:00,QQQ,QQQ今日下跌0.4% ，受MRVL股價波動影響,Quiver Quantitative,https://news.google.com/rss/articles/CBMikwFBVV95cUxONTF1ZUFZZlpiVjVNWWlkeE54TnFOaGtHQW9WSmJCVnBjRzNYWk9UTTlYMUYwUF9meGFFOTJSY2oyeUM0MXZmVWJhU2hYbmc1MzV2a3kwU1c2Y3p4V3doU1VIaVRsdWg4Q01QY2MwRzBmdnRkc3ZELXh3UHRKMm03c0syd2dNX0thSlVkZjR6MzJkUEE?oc=5
2026-08-28 16:00:18,QQQ,Corey Hoffstein: Questions QQQ approach to exchange-listed company selection,Traders Union,https://news.google.com/rss/articles/CBMiiAFBVV95cUxOWWlrSDN2WWE0WEZBR1JtSkFSQXBNVUdNRXBGYWZpVTJTTHNsUUN0amhHa2ZxLU5vX3NhMG5BV2hucUdLNTlWaEs4TkRtODFHeGZzTXBEdG93TDluTDFrbXFXa04zMGdXTFlGVWw5aHU2T2FYZF9QMTNfQTJpbVFEMm9SNld2a19o?oc=5
2026-08-28 14:48:27,QQQ,🚨 股市一夜暴跌！ SPY、QQQ、TSLA、ES、NVDA、AAPL、AMZN、META、AMD和BTC ！ 🚀 Dean Wade (QjovXWssgh),Mshale,https://news.google.com/rss/articles/CBMiW0FVX3lxTE5EUHdhdUE1QVVnem54ZlQ4RDh5TzhSX1kyTFhFZ0ZULTJJYUFrQzNaWGdvUTJzcGswYkw5UGxmb19IaUZVR0RaaTdEYWRheFBiSU43WUNSenpWVzg?oc=5
2026-08-28 13:57:29,QQQ,週五快樂QQQ團隊....🫣🫣🫣🫣🫣🫣🍷🍷🍷🍷💰💰💰💰🍀🍀🍀🍀🍀🎉🎉🎉🎉,Moomoo,https://news.google.com/rss/articles/CBMigAFBVV95cUxNbWt4bFkwSWdUd2h1Vnp3R3Btcnd2dkdlZUh6blY3M2VrclBwdlhrOURER2E1SUxNSzRZY09xSzhILUR6ZkNOZWJMM19EY05sOWsxekJCZklvRndBbHVxU3Z5ZDhkajlwdGZuUWhtbG1wWW1VSUEwT29paUZfMzFGUA?oc=5
2026-08-28 09:09:17,QQQ,景順QQQ $ QQQ股票由GatePass Capital LLC購買,MarketBeat,https://news.google.com/rss/articles/CBMiuAFBVV95cUxPRzVmbXVjU1Ztd1hFVk1XUFZxc0YzUkpqSTZvSFFDX3QzMll0UWNFYzBIanlwN1ZnQm52R1NJOUhGV3VmenFfc2hld3RiYTd1OTFsZjNibDRGZmFqYjJtSU1qcnhreEVBMi1vcUdpQzl4NnBfUnM3anYwRmFqNUhESVdPeEpIMTV1OWtMa2dWaEVKaEZmOU5GanRMelV5cGlwSk9iYUtfZDhmdThEZVNzam02bkpOVDNm?oc=5
2026-08-28 09:09:15,QQQ,景順QQQ ： WealthCare Asset Management LLC收購$ QQQ新股,MarketBeat,https://news.google.com/rss/articles/CBMiywFBVV95cUxNeXROelQwTTFnT0xHSFdydVY4QWV0UDJqRTNDUTRYZHk3MUdPWW1IQkVNQ1pWMmhVc0ozNjZVRjZNLWJGNVlUUk5DMHIxT0c3UzVRcThFM3ZRbWJNWWg5aWFwTVhSYXg0c1RpcXBoNkJObGN5dS1KRVJaMmROSVRHN3pwYjRtRWlrOExHYkVZM2FQa3Z3QzI4WXdoal9rWFIwV2hRMlA1aUk3bENmb2lUbkJDTkJDbXM1U252Mmo4bzZJUVZSTk0xUm5TVQ?oc=5
2026-08-28 08:10:00,QQQ,$ QQQ 260828 714.00C $另一個輕鬆的一天,Moomoo,https://news.google.com/rss/articles/CBMirgFBVV95cUxQakJKUC03WFB4QnRVNUp5U0l2M19GVmF4SGhKWWVScEI4QnBSMkpzTG83WEtnZk5wV0dlTWhLNEhMbVpkRENSbklQQTE1cVBQazM0U3ZyV29wSVdlSkJkOExPN09uRWJOelRmMkxyd0pyZmFBS3VYT25Wd0JnSzlEUHF4Z0VqNllFTFBZdF9ZYWFPRF9oVVg0WFVWTEZpcmo4VkpJZDJqTU9EUUh0TFE?oc=5
2026-08-28 07:39:44,QQQ,Calamos Wealth Management LLC提高景順QQQ $ QQQ的股票持倉,MarketBeat,https://news.google.com/rss/articles/CBMiywFBVV95cUxPMzJfbmN1OFBnQkV6TXRnNnhxUExUWmdDT3BwN3MzUk15YVJ4d19sUkVONlN2SU5tcDAzYkdtNV9KNGt5SnRUMzFSYkNkQk96THBJVjFjckwycF9uUXZGNlBBSkwtdFN4cHcwQTdyOVQxSkJJeEtLd29TMTZwenhEYWJMQnVTY1JXY1dHWDUzZVd3TVRjMU5SdXVrR01HM3pqdldXc0pZaUJ2ZTVPbThjZUhmUnhWT0tUUWdzd1lGTlFZbEYwTzZRbF84dw?oc=5
2026-08-28 07:39:40,QQQ,景順QQQ $ QQQ股票由大和證券集團股份有限公司購買,MarketBeat,https://news.google.com/rss/articles/CBMiwAFBVV95cUxNRE1xNVRtaE5XQzBzZFpZSUtLdC1ETWhmOUVycVRiRkxHZy1LUEtvZGM3d0o0TXNjNkZBQmZjQUltblU5RnNKcG1STjF3UVFoN1BQVm1sSDBxUW4wT2kxMVZGUnNZaENvT1pqLTFDNEhDc09lWVlGellBREg3OWtCNGtFYjF3Qm9zejJSZ2ZQLTAxLVl5dUstcDhHcjlFcTBtLXdWQ0owX3FpWV85dkZmYXUteEZQN2JweG5QUGszdVo?oc=5
2026-08-28 07:33:42,QQQ,Aberdeen Group plc在景順QQQ持有$ 635萬股股票$ QQQ,MarketBeat,https://news.google.com/rss/articles/CBMiyAFBVV95cUxNT2V1bURMWHdYTG4tNUFwbUtmM2RVcWlwQ1JjWmwwZjhGODFpMkpjeW04UzVvYThpblRLSnZiVzduUDNYdDVYVEg3bk5COUVnVnNMcE5zVEpTdE5NR3Z5WmpxZjlvcEU1aHNrM18xS04xY0ZHWTdBcDQ2eXppbml2UGlzaTVaUlZOOGdDVnFwam1Wa2hoakp0WU5ZM01uNlJTUzFnckpBWFUxeTRDZVJpOEZyLTBCUDE5dTlLN1RjWlFpbW5ORkR3Tg?oc=5
2026-08-28 07:17:26,QQQ,為什麼ProShares UltraPro QQQ （ TQQQ ） ETF今日（ 8/21/26 ）上漲？,TipRanks,https://news.google.com/rss/articles/CBMikwFBVV95cUxNZVBJODFIWWJzMVI1WGppeFNnakhoTlpuVVZFUFUwdzhfdzJERlZQZVczSUxTV2xYTlRjUkhDRGthSXJiQ2RSZWlfU0hKcmlpUnNaTE1ZN2M5dHczYkNKVDZiUndvMEE3Mlh1YkNHMldCU2g2a3JCZHhtcGlZTEppTjVzeUZYRXlHeTBXUGlYQm5idFU?oc=5
2026-08-28 06:46:00,QQQ,Zacks投資理念特色亮點： QQQ、NVIDIA、CoreWeave、Nebius、TeraWulf、Cipher和IREN,Yahoo Finance,https://news.google.com/rss/articles/CBMiqgFBVV95cUxObldKa25rajJ1bTR3VXFQLUprR2JkUk81Nk15ckNYV1hwVnBBRGFoOVQ1TURCaU1OSzhWdEJwb3JRLW1qZm42eG41UkljeXBDUDFuX1lwX1JNU1ppR0FxWllQQTdaQ25pajlqeUtHd3VnOFhqRjlPaS00MmFESUhDMU1JQm9TRW9MamR1cVZESjJNamJ5dzBPMmpQeUt5U0VzTXpmV3U3bThmQQ?oc=5
2026-08-28 06:42:46,QQQ,股票技術分析： SPY/QQQ/NVDA/TSLA/AMD/PLTR/MU Alex Hassell (1R3Ui9lDI1),Mshale,https://news.google.com/rss/articles/CBMiYEFVX3lxTE05NFcyNjVxSHRoMC1ZZ3Zybm54WmU3M1B3ZnJBdThGRjhfbGFON21FaFJDcWVvNDdLMWFCR3UteTlHSEdEWkdNc3BqWE05WjZhQ1BTOHhMb1puNGZkVTUybA?oc=5
2026-08-27 21:44:07,QQQ,景順QQQ (NASDAQ: QQQ)交易價上漲1.4% -您應該購買嗎？,MarketBeat,https://news.google.com/rss/articles/CBMisAFBVV95cUxOa3dMMEpiLXdsQ1lWMDhONEdZRDA3R3JPM2VCcHNxTTZHSWdnLWNVQUxKRFFPcWlQUmZvbFRxczVmcV9Kd21uWDFTV2gxRVFhM3N0bFpaUXRpRkdFdmd2QUhKajlYYzRpREpnMWJmNDNjR083MHZWNVVzQTdGVlFveEl2aXh6VG9ZdFdVM29mbnBIR09PWm5GMlFuTVg2TjJlRUhsVmZPMGIwZlNMX2ZhSA?oc=5
2026-08-27 20:14:37,QQQ,"Why Is the ProShares UltraPro QQQ (TQQQ) ETF Down Today, 8/19/26?",TipRanks,https://news.google.com/rss/articles/CBMilgFBVV95cUxNd0pvSUVLc2psMFJDLTdWUkJvdi1JdXdRV0JmSEJHamNwakdRMDlFLWVMQ2FVcGVySVpDYlhET2EwYTNKZmdudkFkR0ZLNm1xc29WYmI0Vzg5VHFyTjlmdkhEZlhJcGFldVdCajJ6UjJTYlo0Tll3cG0yNldKNVRVQmxjek02YkhPQ25SWWJvdFh5TVBjWkE?oc=5
2026-08-27 20:06:19,QQQ,QQQ ETF今天正在崛起。8月27日Invesco QQQ Trust的推動因素是什麼？,TipRanks,https://news.google.com/rss/articles/CBMilAFBVV95cUxQUklXX3RpUzA2Y04zTEhYM2FmcEpuYU1BTXcxdkVfTXBjdmlnX3pFTzU0ZEE3aURuZUJEQ3dOOGlBNEdIb1M2U08tQTQ3X2g2am93UE94NkRrdHJST0lMVzVlZFMzSzJsMnoxRldicHF4WTNZNE1vYnV2dWhQQmhObHl1YmFTaGRvRlNJejBIWTVwcmJU?oc=5
2026-08-27 17:01:23,QQQ,今天的股市：間諜， QQQ在特朗普呼籲Hormuz交易時失去了AI緊張情緒,TipRanks,https://news.google.com/rss/articles/CBMisgFBVV95cUxPOHFfNFJtdU4tNG4xdXZPWGVZNzVXdUxvRS12cTNMcVJGdnJrU1B6UW4zcnVXRVBjUUdXYnBTWEJjZllvZXhYZXJCdDJ3X0pkUE9YclpVQTU5YkJGUnhmVTkyWG0tbzdKUmRYVndBaVZoeXVEcjFNSTFrcm82bjM3LVdoTkxGUi1uNjd0ZWctdDRIa21laXdiOXFGYlFXOVl2UEVza3p2dldxUUdFSlpYN3JB?oc=5
2026-08-27 16:15:00,QQQ,QQQ今日上漲1.0% ，受CRWD股價波動影響,Quiver Quantitative,https://news.google.com/rss/articles/CBMikAFBVV95cUxOOTV0QUx6VEhfLTA0WjR3X3p1RS1Ma0xHX3FzLUFPVFZCR2g1NDNHb3dVM3BhZzV2ZTdQZzhoZmg0VFBtUEdGUVA5YzAtV3NoSkpfbUZ0TnUzSExWTWo4Y2hRRUpxQ1h3bWxxb1ZQR3BUdlJ0RmVibW5lN3FNWGVJU1F1ZFcwVVljVGdiNG5qUDI?oc=5
2026-08-27 15:02:16,QQQ,QUICK SPARK: $3.8B SPY Exodus Meets $3.7B QQQ Inflow in One Day,TradingView,https://news.google.com/rss/articles/CBMiuwFBVV95cUxOVWliX0dLUUVLcjBKY3BxdlZIT0JaTm9SY0NDQXFndzlFMS1aTTVEQzN0aGJLX1BMN0ltQVlmVlMtUFBOWDRrMTlfOVhtVWgyVTdKVVZkSVBTSzlwN0hhZ0VLVkFULXB0UWI3QTdOQzRqd0tNVzVmX3E0eTFmTmlIb0lRaGZoRmhFbFNiODN2cWxlNEpCVXkzOXRxdl90WVVXU1pJU0ZtaERSSDY3MjQzMkdIZDZ3S0pHVWpB?oc=5
2026-08-27 15:02:16,QQQ,$ 3.8B SPY Exodus在一天內滿足$ 3.7B QQQ流入- State Street SPDR S&P 500 ETF Trust (ARCA: SPY),Benzinga,https://news.google.com/rss/articles/CBMitgFBVV95cUxNU0ZXdUIydTBzc0lPelhLRU10X1hlVXVWZU8xTWQ0UndacEsxWUhQVnFyX2NOWXZXZmhjSzViRFJJT19PZXlVTGpDeG5pWW12ejBxQk52Yzl4M0xMUm1FNkdXOTlxeVgxQVFlMGI3cktzWUFRVXZLclFmOXVqUmJfZTZKVDVFcVhQR0o2NC1fZS1SZ01PUlFzdDZOQmoxVmJudC1abnBScnBKSDNMSWZSUFc1OFJYUQ?oc=5
2026-08-27 10:56:23,QQQ,"Invesco QQQ: Zinnia Wealth Advisory LLC Sells 5,191 Shares of $QQQ",MarketBeat,https://news.google.com/rss/articles/CBMiwgFBVV95cUxONkIxMEpZWWE5TkVrdDdWXzUxZUVNV0lncTVoYWR2WkVua25xSU9yTk1fTlA3LXYtWkotSjhpaUl5NjNaZHpGT3o2TzNaWjdmN0FVN29RSm15ZmFrYjFFdzNzd1FDRThJNkRXRG9UdzFXQ0VTRGdNR0RfSFJCX2dtcWVLSDNjNFlGZ2VWLXlrTjN0SnJQRkc0dFdma2hxVnRhZVNsRkE1ZHRkQlhHb0NueFQ0WlppWWpORm5jTFJNcWo2QQ?oc=5
2026-08-27 08:50:30,QQQ,Invesco QQQ $QQQ Shares Sold by Oasis Advisors LLC,MarketBeat,https://news.google.com/rss/articles/CBMirwFBVV95cUxPdGw0RXF5WnQ5N0dBNHJEdDRTX2M4VF93OVJzR2JELWotdVk4WkZ4dU16RzZoM2JOUlVvdFlQd1hVRTZLcl9Tc1hoNUpDLTZ6V3NZdHd4bjBmN294ZkRZdUZsV2NTU0ZGWlljZU1uTFF1NTk0QjNHQU8zc082alBlWUFkWkR4RnR2N1MtcDFiUjVJWTVQR3pQSzFFTkFmbjVZYTBtNGVkNGVNRFliUThz?oc=5
2026-08-27 08:50:28,QQQ,Invesco QQQ: Kaizen Financial Strategies Grows Position in $QQQ,MarketBeat,https://news.google.com/rss/articles/CBMivwFBVV95cUxOYmVlb2VzcnVaTzRZT0FpUGdaemZqdnV4YjJrNDMzUWd5cW5WVjRIV1RRUXVzQUZzUWp2NlNXd04wck1VOWN3UlM1RkNSNFVhc1VBTkFYdnk1M0tXWU8wRDQzekozTDBMWHhidGJLYlZfa21FNjVNRFB2R0pTY1V5SVA5ZXNuLWswVjlBTXF1UkY5R1dQOVU3VHA2Sjd1anI0Sm5LQThYenVBN2M3MWtGS00tTG5Qb1FtYWFTYnFkSQ?oc=5
2026-08-27 08:50:28,QQQ,Invesco QQQ: Pinkerton Wealth LLC Cuts Stake in $QQQ,MarketBeat,https://news.google.com/rss/articles/CBMisAFBVV95cUxON0JNM29YYmxXV0tkT0Z1YVdzWjZXY1RDSlI4RlJKV09PV2IxU29pS3J1Y0NEa2VyaU9pZXJlbmpKbnVMRU5ReXl1RkNxZFZ2WTZSSEdWalNESm1naGhlQlMyc3N5U1RxQjdrMDdORHJjZHpPM0l1NS1uTzd5NnUyazUtVEgwZEY0eXUtMEZ2UjV2LVh6WGRrQ2gzaUJEZ3VzTTNFSmF6dEV4eTVwVldzWg?oc=5
2026-08-27 07:29:35,QQQ,Invesco QQQ $QQQ is Ascentis Independent Advisors' Largest Position,MarketBeat,https://news.google.com/rss/articles/CBMixAFBVV95cUxQNTloMkpJbVcwTmtJejBYd2FUNGFFZ3ljS1ZHbWVPOV8xTFdJd0RxMmRBYTEtUjE1TzR2d1dDNHU1MUVfRWprVUNKRFNtTFUtbzk4UXlVWmNod1E2bEMxc0VmWENfTXRYRFlXT1Q0ODdyY25naWthSEgxOTlLdGdkLVczcndvTTM2aVdfdWlnYW9UZUc1a0pDQnNXd0NXbDVrbW5vM0RCb2JuUy1vWFlXWWNzOFdmWGdvNkhoNEl5b1ZFclFo?oc=5
2026-08-27 07:29:33,QQQ,"Bailard Inc. Acquires 101,791 Shares of Invesco QQQ $QQQ",MarketBeat,https://news.google.com/rss/articles/CBMitAFBVV95cUxNSHV0VWFFemZzZjZXaEcxT2FsWENYc1Iyc2pKb1d1dnkxY1J4bzl2aHBZcUFLeU9HVkVkQXJSaURDUW9XbHdqZThMblJUQUlibS1pOU9LeUR4WUxCUG93V2luUENlSDVvUGdmcDV2SzRFakZDNmkxR2drRFFZNE02UVJ2VWRfZGEzREhXTDF6OUZiSk5HbEtXcTcxZ0pBX1o3Y3JwTjJsT2Jpcm5wM2xVT2VpdXg?oc=5
2026-08-27 07:10:29,QQQ,Almanack Investment Partners LLC. Increases Stock Holdings in Invesco QQQ $QQQ,MarketBeat,https://news.google.com/rss/articles/CBMi0wFBVV95cUxNenpJQ2JjdGxpdmJnSjJRQ3ZrME45UFQ1V0tnaUJVakpTUlJPOFFFZU1XS29NcV9JR2lUejBBOWxibG9rUEduSlJPcFRDOWZUT2pYUVJJSFdsMVNNRnk1SFNaQkp3QjRPb3FIV0NoNk9rREV5UWQyOUhFOHZWZFZJaWluQWJwdUwwMFhYT1JHS3JibkxSSmVXcm4wejY4X1FQM3JHY0ZBQUpzMnQ2dHVBc3VDTERrdHVlMW9kb3d3RlUtTUhFYVNseWw3UFlQUXp6TzRF?oc=5
2026-08-27 04:14:23,QQQ,Technical Analysis Of Stocks: SPY / QQQ / NVDA / TSLA / AMD / PLTR / MSFT / META Bronny James (f9YZX6Mpw7),Mshale,https://news.google.com/rss/articles/CBMiW0FVX3lxTE1QM05NZUVxaW5tb2NVdXB5TG9LYWcxQl9NdXVkOEo2MFJTVExPRWtVNldpcTlhclVJYnBFeUZvMERZQ0lvLW5aT1NhaDNybTVVVGJUejlvTGRJekU?oc=5
2026-08-27 03:02:48,QQQ,Is Bitcoin's Bottom In? SPY & QQQ Expected Moves Before Core PCE Chicago Med (2kPvV6wyHR),Mshale,https://news.google.com/rss/articles/CBMiW0FVX3lxTFByM3FOUzdzMndrX0luOFhQREx3TXpMakQzellEZ3ppaG55Y2dRUm9heS1VOFVuLXFMR21rN1g4YnEwSnVUOGdncGJUclhqUTFZekE0eXc1bkdveFE?oc=5
2026-08-27 02:56:42,QQQ,"🚨 URGENT: SQUEEZE TOMORROW! SPY, QQQ, TSLA, ES, NVDA, AAPL, AMZN, META, AMD, & BTC! 🚀 Shannon Elizabeth (iRHNWciC0U)",Mshale,https://news.google.com/rss/articles/CBMiW0FVX3lxTFBPYy1vaHZjX3BabC1QOVpvbnEtSnA4aG1YaTVNQXJtV21la3IwMFo3RHAwZXFCV3R1aFRqZlZHSGhVNVQxeV9ydG9LLXpJd0ViUWd5NExfQncxNmM?oc=5
2026-08-26 23:33:44,QQQ,Bulls Final Run: Stock Market Rally: SPY SNOW QQQ SMH IWM VIX Kpop Demon Hunters (tnKR78SYgf),Mshale,https://news.google.com/rss/articles/CBMiYEFVX3lxTFBYSUZnTlhSVHJiRG1vTUdyWnFBWDg1eWFXVUloWHZyX3VhYk5QVjRtbU1FNk8wMy1IQzA2X3VhU3ZZanJIeE5DZDFBU0RhdzBsVEJYcWJhTU9aTWtVOW85dA?oc=5
2026-08-26 23:23:13,QQQ,Stock Market Recap By TTG: Risk On Today As QQQ & SMH Lead The Charge Alex Pereira (oSwIKuU7jN),Mshale,https://news.google.com/rss/articles/CBMiYEFVX3lxTE5iMDJ4OXBiXzR1LVJHZWpETGVOQkdWYzN5MUQxTFpJRE1RcDE3N1B0Q2JiTVJaaW1zbmphQXRoVkNBMlBOQ196ZDlmellhNVlMQUdVSkltVTFEY1ZvUTlWMA?oc=5
2026-08-26 20:40:00,QQQ,Treasury Rates Warning Recession: Stock Market Crash: TNX SPX SPY QQQ SMH IWM DIA VIX Gala (t9247Qs7WS),Mshale,https://news.google.com/rss/articles/CBMiYEFVX3lxTE1OdmNOd1dsb0JqbUpqQ25fTUx0RUlmZzRoc2tpNHZlUTBKT1R1alk5ZzlvTWRjNVdSZDZnTFhQb20wNy14dDNheDYzeExQUnNGSlBPOUN1WXg5bTg4WXRpVw?oc=5
2026-08-26 20:33:03,QQQ,"Stock Market Today: SPY, QQQ as PCE Inflation Comes in Hot; Nvidia Blasts Past Earnings Estimates",TipRanks,https://news.google.com/rss/articles/CBMiwgFBVV95cUxOLVZWS2ZvZDlDM0J4U01Gd0F0WXhYcVEzQ0hUaG5KSkM2Vmo3cm1FWnptSG13WlBLQnRBdk9obTNacVpmZk03T2FTQkVtaXVyRk13Rlh3ak4wcDVQb051VXU3cHJGUHdHYmxGWjhMOG5kdGFnWjBpUy1qbm44WS0wLTBZX3AtWjZxaUVCdWkyaU1MSzJJejduR3JpTEZHTjh3NWJGZDA1Y3RQSlkwM3YyTWdWbnNFaURSdjJIU25wTnFvZw?oc=5
2026-08-26 20:00:33,QQQ,"🚨 POSSIBLE DOUBLE BOTTOM! SPY, QQQ, TSLA, ES, NVDA, AAPL, AMZN, META, AMD, & BTC Predictions! 🚀 Pliskova (ouCUGKicl7)",Mshale,https://news.google.com/rss/articles/CBMiW0FVX3lxTFBUd1IxWUI5eGJ2Q1o2UFJjaFBweVJqRWk2UDZLU3pCVEZlT2lfU3Y0bUNxcjVrRkFYVW02THVPZU5kWjc4bTlkZUtObFNMZ09YT0xHUnJDRHl4VmM?oc=5
2026-08-26 18:31:28,QQQ,"🚨 WILL WE DUMP TOMORROW? SPY, QQQ, TSLA, ES, NVDA, AAPL, AMZN, META, AMD, & BTC Predictions! 🚀 Neil Gaiman (LGuj5JFr3c)",Mshale,https://news.google.com/rss/articles/CBMiYEFVX3lxTE5WUDVOclZrSGhCX1ZOUlZRbXJkNmdoQXpZYWxCOGxuMV9vOFRZYlFNZXNGVjdPUlpMT0xLaFg1OVJ0TVgwaEk3SjEzdktXVnEzaVljcEhrOV9vejZVekljVg?oc=5
2026-08-26 17:42:23,QQQ,"🚨 CAN WE BOUNCE FROM HERE? SPY, QQQ, TSLA, ES, NVDA, AAPL, AMZN, META, AMD, & BTC Predictions! 🚀 Trani (dTt45Z2JcY)",Mshale,https://news.google.com/rss/articles/CBMiW0FVX3lxTE1sVjBhMThBNGE1am9SSExoVUhIeXZmMm9YZnJwSHpaRXgxZUp6VG9GSy1GYnBQNGNpS0pRSE02R3N3ZzFvU1dXMnd1SjZmZGJvQWtmTGVwX3FRdWc?oc=5
2026-08-26 17:32:00,QQQ,"US Disrupts China-Linked Hacking Operation Targeting Justice Department, Fed, NASA — SPY, QQQ, DIA Edge Lower",Stocktwits,https://news.google.com/rss/articles/CBMi-wFBVV95cUxQM3ZKNHNYMUJaRFdGX1NQMTJ1TUJQRjdOSl84YWg3MklfYU1mdlAtSi0tSU9pOTZiMURCOVlBUE4xa1RUMGhBRElwQjFTRzJVa0tIU1owQVBfRksxUG5TWFo2ZXROaldmQmpWVW5Sak5PcDVBOE0wSXl3NlFXVUhzZFl2V29MTkpSSWhDaVdySktMc2pFRGJrRkdfSFVTS09tdHpwcjlqQ2dlQ2RnZ2lJd042NlZpdHYwaVJkZW5va25KODl6MVBrd1dYWENiVVFUcXZzQ1kzLWg2T3FYbHQ0UE1VdnMyRTNfbVA5QjVLdkU5dUpSam9pdk5aUQ?oc=5
2026-08-26 16:41:03,QQQ,"🚨 TEMPORARY BOUNCE? SPY, QQQ, TSLA, ES, NVDA, AAPL, AMZN, META, AMD, & BTC Predictions! 🚀 Tom Rutland (ww2hyMgn8q)",Mshale,https://news.google.com/rss/articles/CBMiW0FVX3lxTE54N2xLX21WSTJTUW9fUWlOZWJ4REE4aUNvdXBrb05Kb1gtUGxFSjFfZGNQMWJ5eVZvZ2hOVW80bjhNb1Z1Q05uWWx0cDl4a25rci1SRUVuem10ZGc?oc=5
2026-08-26 16:26:03,QQQ,"The Government Took Equity In Quantum Stocks, So Should We (NASDAQ:QQQ)",Seeking Alpha,https://news.google.com/rss/articles/CBMinwFBVV95cUxPaGMyMUdydEhQc0FiSV9JMDc2Zl9pcmZFYmNtT3F6V194UG5XcVpWY2hUbW5zRW5ROGtET1JrZGtGd1dvZzZkaGhGb0ZYeDRFVWpObUd4UXVzREpHS0lUSU5WNmV4UzZhUVVDOXZ1TDhqZHFMTXdPcGoyNm9WT0NkVk1Hc29SZlZtQ1pUQUlGbTRyTkR6T1YwbnpuYTlEUVk?oc=5
2026-08-26 14:35:36,QQQ,"QQQ fell and TLT advanced as growth weakened, Michael A. Gayed notes",Traders Union,https://news.google.com/rss/articles/CBMihAFBVV95cUxNRVBaZ3lEZklyUU5tYnptbFU1c3hKUGRfTmN2eWFuY0JXT0l2N0NYOWpVWE8yQlprWGE1RXdaWERlY3p4S2s1czZhWTV2aHMyUGpZcUppQnBwSTM4a3p1NnJqZVhpY001RVladEFORFk0Q3dlVjhXVGE4ZDhqSlM1R3FkZE8?oc=5
2026-08-26 13:17:17,QQQ,Technical Analysis Of Stocks: SPY / QQQ / NVDA / TSLA / AMD / PLTR / NOW / SOFI Brandon Lowe (fFQ5Q60jVk),Mshale,https://news.google.com/rss/articles/CBMiW0FVX3lxTFBoQTJnamcwcUVnN3RCZUl0dlpJSWlMZjBubXM1M0lXU0hpaHU5MU5CdmxRVDFlTDdtN3JMQ1RyOE9rTEdxZk5UY2tiV3ozRUlOSlRiX0R6MVJSc1U?oc=5
2026-08-26 13:15:39,QQQ,Technical Analysis Of Stocks: SPY / QQQ / NVDA / TSLA / AMD / PLTR / HOOD Neymar (5m9D0hLZg5),Mshale,https://news.google.com/rss/articles/CBMiW0FVX3lxTE9wdnh1UVNKRmlucDFDOGlfYUlXQnh4T3JkQ05zd2dPQm5ISTd2V1otSzlJbm50WGlPZmQ3anhFUVZuWGF5WklhZTFxU0VDSV92eDRzVFBxOWNOclE?oc=5
2026-08-26 12:50:44,QQQ,"STOCK MARKET PULL BACK, DIP BUY?... (SPY, QQQ, SMH, IWM) Richmond Lacrosse (O3NK7C5pmR)",Mshale,https://news.google.com/rss/articles/CBMiYEFVX3lxTE1QSVdqVFFhTmRBQmJBdTdOVVZhcUJsRlM2alZvOU9wVkhQS1BVZTh1dGRaaGo0WTV4YUFJT3RFeXdKT2FrdWZlandValVGQW5zb193d2dFUGtVMlc1MlNBMA?oc=5
2026-08-26 10:10:00,QQQ,PRICE ACTION ANALYSIS For SPY QQQ TSLA NVDA AMZN META MSFT AAPL IWM VIX Autovelox (inYuQr4gVi),Mshale,https://news.google.com/rss/articles/CBMiYEFVX3lxTE5XcFk0NWlEY2xjOUp3SVRNcXpTUVJ2NVhGMTNZWmNfSXpzSmdRTXNMbGd6LTZpX0lScGxnbGVBNXNzX3gtbXpvOVRkS3FuQkU5TDFaYW00bXFTblROUjE4cg?oc=5
2026-08-26 09:20:30,QQQ,Invesco QQQ $QQQ Stock Position Lowered by Pilgrim Partners Asia Pte Ltd,MarketBeat,https://news.google.com/rss/articles/CBMizAFBVV95cUxOTnhtdzE2ODRPYjZyUDJ2QVQxaUc4dEo2UTFqUHZkVGwzVzZzWm10azFFZ1pBaHFBNy1DSUVZWmNYRjJXMXhFM1RLQlEwczF2c2FqLWJOU1pSNkhlOUFSVmhKSHd3VmlMYlFNV1F2XzZHLVBTeHFnSWM1RXBSdVNfNWMwSW85TGdUMG5pSkIzUFd4V3k2OXZ3LVhuVTM2WXFYNGNCODh3eVhFVDE3LVAxUmJZTDZZcFoxbEVFTDhfRkNzczFOdWx2MDZKVnM?oc=5
2026-08-26 09:20:28,QQQ,Invesco QQQ $QQQ Shares Bought by Sumitomo Mitsui Trust Group Inc.,MarketBeat,https://news.google.com/rss/articles/CBMiwwFBVV95cUxOMzYzY1RSZ2VVaXZIaXl5a0pKeXNGT3lqY3J2RkRwd2paOUd2eldia29MOWJwcWJhdU9CR0U0MFlCLWRmazltSDBLeklBcnJoQ054bFM4VV9FZktPTnlGZlA2R052UkhkN0w3bDJ3LTlTajN6dGRjTENmUHdKUFlOZUZobGVCdVVtcEtjZkdFRXVCSVNZWkdSQzBYOWRDdl9RbGFmY05VT3QzT24waUlSYy1lMVZRbEltNVpoWGVQeUpRRFk?oc=5
2026-08-26 09:10:57,QQQ,SpaceX Earnings LIVE 🚨 $AMD Earnings + $CAT Earnings Live | Live Trading All-Time High $SPY $QQQ Tom Selleck (2hdG53Y0Ct),Mshale,https://news.google.com/rss/articles/CBMiYEFVX3lxTE55Mk5rSVM4WmZzclhmc3BVaVdEQlEtaFAyZjBMaXMwaVo1ZG5OTzNtT0pYZEw2bWNjOEhmWG5xb2o5cVVIVzlPUExrOER5c2tZNXA2akotWVNBMmhPdmN0Rg?oc=5
2026-08-26 08:21:46,QQQ,"🚨 DIP THEN BOUNCE NEXT WEEK? SPY, QQQ, TSLA, ES, NVDA, AAPL, AMZN, META, AMD, & BTC! 🚀 Mls Standings (cCj0gQncJm)",Mshale,https://news.google.com/rss/articles/CBMiW0FVX3lxTE5WUmxNby1HZ1N6cV9vNW9YTW5LM2RmQUI3U2IzQk94anVXNi15end1UDFCb0VNQUtSRmctbHRJZEEzOC1VdWpwZW5uZFpQSGFiMEtSQW5Uc180bE0?oc=5
2026-08-26 08:17:47,QQQ,"🚨 BOUNCE OR REJECTION? SPY, QQQ, TSLA, ES, NVDA, AAPL, AMZN, META, AMD, & BTC Predictions! 🚀 Mateus Fernandes (EnhpQuoKkI)",Mshale,https://news.google.com/rss/articles/CBMiW0FVX3lxTE5fWmRqeWRmNGZORFVBZDMzUmNEdXVqVkVEMi1PU2RTUHpQcWdydkJGSG91TTFsSmNhdzlGS1NCXzFfUUxYQnpGVE1TWUotZ1dtMFMta3VEYXNYYW8?oc=5
2026-08-26 08:17:21,QQQ,"🚨 TEMPORARY BOUNCE? SPY, QQQ, TSLA, ES, NVDA, AAPL, AMZN, META, AMD, & BTC Predictions! 🚀 Tom Rutland (ww2hyMgn8q)",Mshale,https://news.google.com/rss/articles/CBMiYEFVX3lxTFBFdkdYWGJfQnZHaXRqaVplTmdRbXA5QmJGb1hRaERZSkViZjNtTFdrelNIUVJoRmdOWElzZ0M2VTBMVU5vd1l6WmVXeFZEUTA5cTF1TXZFX3dhUXV3dy1BcA?oc=5
2026-08-26 07:52:46,QQQ,Larry Benedict QQQ Strategy Review: Is One Ticker Trader Worth $19?,The Stock Dork,https://news.google.com/rss/articles/CBMickFVX3lxTFByeGhSNjhtbnBxT3VZaDRSY1hWdjRSVXI2N2RNMW9BMHRnWlU1NEFteGRPTlpGYWRaS1dfTFl0alN3OTlxb21rb1Q5WTBzcDl4a0JqaDNIWUg1WEFVajdncERNVkEwVDlPTThlNm02YVdoUQ?oc=5
2026-08-26 07:50:12,QQQ,Invesco QQQ $QQQ Stake Decreased by Beacon Capital Management LLC,MarketBeat,https://news.google.com/rss/articles/CBMiwwFBVV95cUxQWlhUeXg3LVFqTlJ4cG56MHJvSFh3N0pBZ1VhNU1TWFh1X3BsSkJCcTVxQ1FTVTNUYmJ1ZzQ4YzN6WkR4TTdnR1BDQVhMMGVUOXNPX2hiRjZMVlNVN2FybzRxVE5fZ3dUUTdvUVktYVRSdmJnN2x0SlVkRkZ3ZzNhTkljTFU1WEhlWE11LW5ONFZKeldHWWlZTEZCcDZNOEFJZzFPWkF3NkpyQW55dVRKV3VBMkJWek4zNjNxNzg4MXpYekE?oc=5
2026-08-26 06:39:32,QQQ,Technical Analysis Of Stocks: SPY / QQQ / NVDA / TSLA / AMD / PLTR / SOXL / AVGO Surrey Shooting (sX9l4OK769),Mshale,https://news.google.com/rss/articles/CBMiW0FVX3lxTE5SRVhBcnQyOWNsQjVYeHNrQm84cDJOT3ZQQkZFa1NzM3ZoUXJQekhPVnh6UHRpZzN4NHRzdzdaeUx6d0tLYzkxeWdENG5QaU5lUGx6T1RQQUxBd1k?oc=5
2026-08-26 05:57:31,QQQ,"Stocks, Semis & Crypto: SPX, QQQ, MU, SNDK, AAPL & Bitcoin Analysis Palace Vs Everton (iqwiMgzbah)",Mshale,https://news.google.com/rss/articles/CBMiW0FVX3lxTE0zWXE4aHJZRUdNV0FIWDJnVFBFNEIzdlZSak1rM3BmdjY5Wk5TRWZJbExfUExncUJCVDFiMjljMnpXbDV4VEdtMjdkREhPU2FNNXBzdjFQZGZjZ2c?oc=5
2026-08-26 05:49:41,QQQ,Stocks Today MU DRAM INTC SPY QQQ TSLA NVDA Jeff Probst (5i7wkFVEHr),Mshale,https://news.google.com/rss/articles/CBMiYEFVX3lxTE1wdFJQTWFmZHEwM3JVR1R2cC1XZmhVZ2t4LU9CVHU4WFpKbHhxUDJ0cUVPUWFIUlhnbHVBUVRGMUFYd050elBFOFNFVm81MVNUdkNyakNKLVN6cHpsM3dwaA?oc=5
2026-08-26 05:01:56,QQQ,Technical Analysis Of Stocks: SPY / QQQ / NVDA / TSLA / AMD / PLTR / META / ORCL Hms Dragon (TA9ZZ2UXTx),Mshale,https://news.google.com/rss/articles/CBMiYEFVX3lxTFBnUkRKQ2JoMTNBaDZFMUM0bU5reW5Hd0VvYmtWTFNhQUlFZHNxcWZmc1lEWFlib0ZkTnhHbGdWNWdibGpDc2RlUWc5ZWNPZjczd0tXSi1VaElCNmg3YlNPZQ?oc=5
2026-08-26 04:14:00,QQQ,US Stock Market Today 08/26/2026 [UPDATE: 00:14 EDT] [Intuit Slides 10% as QQQ Starts New Trade Date Lower],TechStock²,https://news.google.com/rss/articles/CBMiX0FVX3lxTE05XzZ3dG53NTJ0OWotajF4ZlpjazZVc0QxbU5xZnIteERpeC1hZHkybGFIYm5jMVRVSnQyamlhaE9jX2hFZWZzRHNpaENLSEU3b01sRFhIc3phdi1tamgw?oc=5
2026-08-26 03:57:19,QQQ,5th AUG STOCK MARKET #AMD #PLTR #QQQ #NVDA #IWM Zeppas (aaeZho4MP6),Mshale,https://news.google.com/rss/articles/CBMiYEFVX3lxTE5LQkJIUFVBQ21fRnFqcExLUjEzbGFkWmVmYWxIZmNMeURwUTY4cEo1b2NCNkNLVDNLQXcwVDlZMkZVZm1PcW9YckJrcUFqUWNMTWZBZ3g4dlZ2bHFCWlk5Rg?oc=5
2026-08-26 01:35:28,QQQ,"July 7, 2026, Stock Market Trades: $5,511 Loss (QQQ And ORCL) Nouvelle Lune (ynomNElQVj)",Mshale,https://news.google.com/rss/articles/CBMiW0FVX3lxTFBhQWpRS2JCYkdvRmJOWFlsYnRMdzBxUU80SUJndVVKbkJwbVZWTlUzeDBKVUg5c3lhWTk4bi1NOXZCYjVBdlg2U2MtRmRFcHFWVzRDMXBCTjBMMzQ?oc=5
2026-08-25 23:34:16,QQQ,"🚨 URGENT: SQUEEZE TOMORROW! SPY, QQQ, TSLA, ES, NVDA, AAPL, AMZN, META, AMD, & BTC! 🚀 Shannon Elizabeth (iRHNWciC0U)",Mshale,https://news.google.com/rss/articles/CBMiYEFVX3lxTE1ITHFsaDNvSHdVdW1wQlpscVJCaVA1RHlwUnRhcW8yZEx0ZDFHZk5RSTlQZjlyMm84R1M0aUlCeGtieXNDeWpVU214QzNyNWFJVGxWd0l1dkRYRTVHb0E0Qg?oc=5
2026-08-25 21:06:30,QQQ,Technical Analysis Of Stocks: SPY / QQQ / NVDA / TSLA / AMD / PLTR / ORCL / HOOD Phillies Vs Red Sox (sjmpDJPaKA),Mshale,https://news.google.com/rss/articles/CBMiYEFVX3lxTFA4QkRUQkFjQlc4Q2RkelhLZ3NodGtncjc5eVU3NkJPdllBalJBWTVOR2FER2FKNkJoem42U05zZDh2WGNWdktJSUNVZDFKd1ljQ0EyUmRMaEI4aER1TE9TVg?oc=5
2026-08-25 17:01:57,QQQ,Nvidia Stock Flush | AMD Stock | SMCI Stock | ARM Stock | MU Stock | SPY & QQQ Kharg (mWLxYUxJp9),Mshale,https://news.google.com/rss/articles/CBMiYEFVX3lxTE9TSjcza3BzZDVjd3N6aFN6ZGxYTXlQdGJDT0luNnVuOHktZXBpUXVLektOOXM3U2hUZzNpSU9kbmVTck5RcWFOOWdNTnphQWZlOXp1UlpteDJpYXc4dlJRZw?oc=5
2026-08-25 16:20:16,QQQ,QQQ Price Prediction: Nvidia's Wednesday Earnings Are the Only Thing Standing Between $706 and $740,blockchain.news,https://news.google.com/rss/articles/CBMinwFBVV95cUxQb0d1b1hQN1BxV3lhaFk0NlNMb2w2dWVpcE9HV3lVRWFFeEgwOC1IWDMyMzNaTXVaUXllTVRlZHdmcy1GRUs1OE9xVl92QW1PU19RLUxBOWJfYW1nWlZsakp4ZEVUZjhqV1pnWGwyMUYtaFBjZHVQYWs1TFUwRzFDY3Q2bWxwd1k1V0o5eHluSklGaGlGZEdrVGdUZXp6REU?oc=5
2026-08-25 16:15:00,QQQ,"QQQ is up 0.6% today, on MRVL stock price movement",Quiver Quantitative,https://news.google.com/rss/articles/CBMikAFBVV95cUxQdmtiYzkxLThSbDFBcmNaNnZWNENNNExRTDEwUnJ0U3BhRHc1b2pfeGhKQVdzeGwwVHV3VDByNDlLdUU0WnNTdHpwSnFPQnowYXZRY0VzUzdvWEwyYmg2YmxkNzd0TmVnTmtNejB4YkpObGZLaXVpUnV5MHV1c01IQjVfVUpsdV83TEYxQXZGc2Q?oc=5
2026-08-25 16:02:44,QQQ,"Stock Market Recap By TTG: QQQ Continues To March Higher, Semis SMH And TSLA Also Strong David Wecht (bQWksB6jdw)",Mshale,https://news.google.com/rss/articles/CBMiYEFVX3lxTFA5Yjd0dUpRTlNPTF94N0tRMkRtS0hZZGhkYjNCdTVBRDJnRkZxY2xfM3dtemVVZ0g5TEpZTVNGX3BpbzBWZzVpcWVMOGhsejR1bDhtYUstYm9GLWpQcjhBaQ?oc=5
2026-08-25 14:48:27,QQQ,Nvidia Bull Setup Could Lead Stock Market Rally: NVDA SPY QQQ SMH IWM VIX David Lammy (eTWiCMQwjr),Mshale,https://news.google.com/rss/articles/CBMiW0FVX3lxTFAwZDRuMkduZWJ3VHpFb216b2hJVDkzY1N3TnM1VzFGZUd5UlI4TGtBNTZBRnpPamlUb3lrMThfREE5QWZZNjBDdUtiYVlSeE8yUU1DT2czVHBSODQ?oc=5
2026-08-25 14:36:58,QQQ,QQQ Looks 9.9% Overvalued on GF Value™ as Market Eyes Key Pivot Points,GuruFocus,https://news.google.com/rss/articles/CBMiqgFBVV95cUxPenU2eWJlcUd1dXpqY2lQdk1MWXFocXVGRjY5UnI3c1NXY0t2UWZ3dkl5UWprR0lHYjZxSXQydExaeEViMDZUdGVvdnJvOVowYUlrVFZXLXBiTmtfaVBJYXJfeUtUT0o3SlFBMm1CSGpWWk9NRTI5NzRsSGZHRnkzcnpkVlhtT3c0SFJyMm05Vk5vV0NyaTQ5bkE2VTJZREdTSVFXbHotaEV3QQ?oc=5
2026-08-25 14:21:48,QQQ,"🚨 TESLA STOCK IMPORTANT WARNING! TSLA, SPY, QQQ, ES, NQ, NVDA, AAPL, META BTC! 🚀 Heidi (eLDwDExChe)",Mshale,https://news.google.com/rss/articles/CBMiW0FVX3lxTE9HcWIxM0lIUzJGdEVSNjg0c0FhbzRCQXV1dUdEWlhaenhJbjhOZGg4b0d0eVdLUWF1U0tac1NtS1l2QUo0eTIxa3hweEhFRExScXV4WVdjMzFZRGM?oc=5
2026-08-25 13:10:10,QQQ,Technical Analysis Of Stocks: SPY / QQQ / NVDA / TSLA / AMD / PLTR / NOW / MU Ufc 329 (PFhPqoOFiZ),Mshale,https://news.google.com/rss/articles/CBMiW0FVX3lxTE9fUUZUV2lLdXRuWU12eklDa3pXcnVYRDZfbmZoQVdybDdleWFzT2hjWFIxSlktaFk5RlhfQk9ZQ2M3RHNfeUxIRnp0T0F0Mm5Randyb3Y5Sk55OE0?oc=5
2026-08-25 12:19:00,QQQ,QQQ Rebounds as Bullish Call Bet Targets Record Highs | Smart Money Option,Moomoo,https://news.google.com/rss/articles/CBMiswFBVV95cUxPcnpocnEydUw3a0FBU1QwaWl4WDZ1Z0JUUTVTYUM1Z3N4dEpUYVFuZzNBSlZfanA4TGhIUVlxLVU3UGdRelhyazE0QnhzTmY5eFdDT1RORG1jaDZZekFKTGpKdWxtcGwzamJVaUZ0MWEwU1hwYTlOSUdSTmkxOGhqRGhaMkxWZTBFUzRzbGZqRHZHbUhyUVdLYlNubGprR0NXLTdwemJsc1BZVE9XemhHMnVJWQ?oc=5
2026-08-25 09:09:37,QQQ,Keystone Financial Group Has $17.12 Million Stock Holdings in Invesco QQQ $QQQ,MarketBeat,https://news.google.com/rss/articles/CBMi0gFBVV95cUxQak9WY0pUYTVlc3k2OTRRWnZzR3M5Z0wycHBERjdKVm11WTk3azZaLVV2T0h2eGhsRnZNazhrb3RQd1RqN2pKRURUandLaUtkVjg5S1pNSFFQc1FnNkpRVEdadVcyb2pRbnFMM0d3T1JpZm4tdVRISTV2MVBodk5VSVNhN09lMXVFbW9xenROSlN2VnpmM3UzLXhTMXpmWXc0NkE0S1Q3VkN0cDdFdXE5NU95SDdyWnNMQk9Mb1pTNlB4cXZkU3d2RHRzRm5JNEJMM0E?oc=5
2026-08-25 09:09:37,QQQ,Invesco QQQ $QQQ Shares Bought by Industrial Alliance Investment Management Inc.,MarketBeat,https://news.google.com/rss/articles/CBMi1gFBVV95cUxNU1hfb0VzWl9mLWNOdjZHMW04UDVNaXBaZWxlcTFkYzl6bkd0MGlzRWpWUVpWTkpDNy02MmVvclA0ekdJMUVSbEpBajhiWkRlbDBDV0NJTldZbTlhT3dJbTBnMGJEQnJHRGRYdFptZmpIbjVYOVpQSUFhQTlEWEFoMzJYc3hHMEp3a2pmMjB6RXVoM2xTT092Vi1jMHE5dEQ4MlJGblpFU3UyMTZtbHUtc1FCVEhvdHNVQXNnQjAyNmZJdWppbDBTNzU1QU9xcXNXOW1uNWdR?oc=5
2026-08-25 09:09:36,QQQ,Invesco QQQ $QQQ Shares Sold by Mach 1 Financial Group LLC,MarketBeat,https://news.google.com/rss/articles/CBMiugFBVV95cUxOZGNXSEJQa0ZxR3NRYm5mYUdPR29xRHJXQUx0NFp4LWJJdVE4cG5GRURJQWxxRm9QZXVVdkp1d04zUTkzUG56azZ4aHkxZnUzV0hzc0NidXZLcmcxS2lNd3ZpcDhjOC1rNzMtSEZCQkJ3cUxhYXF2ejNsZnAzR1ZsQjktSGVuN3FqVkNhTk0xSnpTU0Z3dnc4UTBWdkZoYldpT0kta0FTX2M5cUllcFQ0RFpDUF9POHdnYVE?oc=5
2026-08-25 09:07:41,QQQ,QQQ 260824 655.00C (QQQ260824C655000) Stock Options Chain | Quotes & News,Moomoo,https://news.google.com/rss/articles/CBMiX0FVX3lxTE1mYnNmQ1ZSUHJtM1E5aGdMWXozVWlXekswVm1HX1pjb0g0eXFUM0xlUnFzNVpvcFNCVkhrdXN5SWREWHZWNFNIVUlQcWRVX094YUpRX2xtTGNGbHVXeVFz?oc=5
2026-08-25 08:26:38,QQQ,Bear Trend Continues: Stock Market Crash: SPX SPY QQQ IWM SMH VIX Jersey Shore Family Vacation Season 9 (Qf4mIqOd8X),Mshale,https://news.google.com/rss/articles/CBMiYEFVX3lxTE5vNnkzX2dVeDdwWklKNWxQM00xTjhoZlpRZndSSkRZYnRYOXI2emNUX0J4OUlSTTlja2dBZmhlbEJnN3VsazgyNVU3RWxNa0pPVnBuWWU2bFRrdTJITnFVTw?oc=5
2026-08-25 08:05:27,QQQ,Nvidia Stock Flush | AMD Stock | SMCI Stock | ARM Stock | MU Stock | SPY & QQQ Dream Vs Wings (wZZzQJOpVJ),Mshale,https://news.google.com/rss/articles/CBMiW0FVX3lxTE40TWNQd3FvZk0xYXJlZlBlMEJBUEhzSk8wamFFbkY4UDl1TWMycTVobC1oWmRHTmhVcUl1eU1kY2tPU1BoMG9JcEljNlRnREwwN0RNQWhxaFBaX1E?oc=5
2026-08-25 07:51:08,QQQ,EMC Capital Management Invests $42.57 Million in Invesco QQQ $QQQ,MarketBeat,https://news.google.com/rss/articles/CBMiwAFBVV95cUxQN2lHUzB3dHk0Q1NvcHZ0SnMteGcydFU2UV9rVkY5Z3lzaURYWTBUVHlUVnA3ZjhpbnAteGRNRGdBc3BLMjFjVURVTFNzWjFrNHI5RGMteVc2c2hPamlEWUFKc2dGdllZckx5MGRiY0d1MExNM0E1bWhwSjdmb1U3dkd2Tmt2Q2ZyeFQ4UlRVdHJlaW1TX1Y4ZmtiU2hsUHotSzRlYmxub2tidXhmelphRWNaNXpvcXd2cWN3TmotUW8?oc=5
2026-08-25 07:35:58,QQQ,"Barnes Pettey Financial Advisors LLC Purchases 5,279 Shares of Invesco QQQ $QQQ",MarketBeat,https://news.google.com/rss/articles/CBMi1AFBVV95cUxNeWpNa3FfNklLQjVPMDI4WTdnMTFzcWxxWmRDMXVWLUs1N1FaMnFiNW9veXNzdXhOOTljTGxLN0doVTVBSlRLSTUtU2QtSnRma1pSZnR3X1J3Um1kc0FGbGdOVGxmTHRGemRkTXlGYThLYnNuV0RqR2xVZldBSFpJdTBMRHRTUEpoVy0tR0JzVzJMT1lyUUk0U3FUX0F4THMtQm1aNFBWcjNLT3BOX1V3U3dNQlNqN0Y2V3Vac2dVZ2J4d1JWcGJ6N3pmejN5eC1pOTAwZg?oc=5
2026-08-25 07:18:58,QQQ,"Banco Santander S.A. Purchases 33,923 Shares of Invesco QQQ $QQQ",MarketBeat,https://news.google.com/rss/articles/CBMivgFBVV95cUxNTGVhcnc0ZkNFM1VEUjYzUUxyQnpkeFZTUy1iQURQNE1JaC16NU94WDhrUHZiLVZkb3dMNV9TVWlmb0FWVmx4bmQ2dk1tWXNnR1JoTUstRDIzREllY2F5Y0tnaV96RzlDX09NcEVwVnFTSENSdHN3VXc3MkNsYzcyQkJmcUc5U18yLXFmakYyT0l3Sk9xQW82YmtjdHhuSnRQVXROMDNDdmxtdWtaNTQ5Z3NLREZ4emtvdTd5LUhn?oc=5
2026-08-25 07:18:57,QQQ,Baker Avenue Asset Management LP Grows Position in Invesco QQQ $QQQ,MarketBeat,https://news.google.com/rss/articles/CBMixgFBVV95cUxNb0gtWk5Bd0NzOFNrbWxLM2tQRWE2YmwyZmVYLURVYW9LTVV6eENKS3FhNnRUX2ZDZWVGbjVzd0RlcXZYOURKeHl0c1VPLVR0Sk82SFhVT3JGX0FjQ0htVmdaeDQ1WV9LSENfeC1DelFJUGpYal9adjJyZC1yVmdrNFI5czg4STJnQTFLTm1mRjd5MmU2cjYydW1GTWcxQUs3UHlWSHF3LWNmcUs3N1Q1LUdHNjlvRkdKRk14dzQyd1c1UlBDY3c?oc=5
2026-08-25 07:10:58,QQQ,Anchor Capital Management Group Inc Lowers Stake in Invesco QQQ $QQQ,MarketBeat,https://news.google.com/rss/articles/CBMixwFBVV95cUxORUhpQmZFQUdlWUpvakZQTU9wWThReXJHNGJESUlUdGVUQzVJYmxUOTVZRVJoN2g1dTMwNjBoVGZVMEJWdHBJTjkzQUZfTmx2MDhhTTN2NUVsejQwUUhIVERGVURFdmo3aDgzTG1nOVc4OTNQOHdJd3I4V3B2S1p5aGJIZGp6VWI3SXg2SVM0dVMzTXdMMzNaYTJHTGw4eTgxOTI0NHcwUXB4V3VXOGhmalplaVRLckc1TThscEJiWGJNc3M4cmkw?oc=5
2026-08-25 07:10:57,QQQ,Ashton Thomas Private Wealth LLC Boosts Position in Invesco QQQ $QQQ,MarketBeat,https://news.google.com/rss/articles/CBMixwFBVV95cUxOX19zUlg0MVJIVWZjb214MEYtNWQ2aGp3NF9ha19HbW5KNzloWUdoTnBuMkdOdW9XdXg1UFljNTJIb3dIdnNlQl9YNDdCdzdmZkZQQW5CMWZ1SDJ3UGFuUzVQWWo5dUhuem9fczFnWVoyaC13YlZpRlZveE96VFFTeXB4X1lCQWJqbmJjU0VLOE96MlZJa2VQZXBYZGlCeDJtUkNDbWxBekN2V25kemV4NkJfNVBGOWg4MjE2Y1BwcmFxRktZQk0w?oc=5
2026-08-25 07:10:57,QQQ,Invesco QQQ $QQQ is Analyst IMS Investment Management Services Ltd.'s Largest Position,MarketBeat,https://news.google.com/rss/articles/CBMi3AFBVV95cUxOZDJJUVU1NDRXc0hqUXB3VnFRRmtpQ3RMNG5sMVZXQjh2TmNCa2RBODFfcjNqc2FoS2FiUUFKY0FfZHBrZ3Btc0tfOXcydHNqc19uelZYQjI5TFRZMl9TVGYwMkNMdS1uUGxGX2lCaERpZURxTWVjaTFYSHBUOVhiWTlfME4wNGVRU0lMMjRjcFdZclNaZUMzYmlXMFFrNDdBcDhZS25pLWdCZHdINS1uekJLQ3RKQ0hMeWtwaU5mekRKMExHRkVnMk9PRWpKY0VJLUw2am5WR2J4aG9G?oc=5
2026-08-25 02:09:56,QQQ,"Why Is the ProShares UltraPro QQQ (TQQQ) ETF Down Today, 8/20/26?",TipRanks,https://news.google.com/rss/articles/CBMikAFBVV95cUxObzRHZHlzMmVfc01jUXR2ZGlrMVFUUHZ4YlJxYnJSQXFlX2MwbWt5eVpUVkRMX3dBVnhsU0djekY2NDV0VzhETmUzYnQzTlhKSkNHMEZpODB4SjhyTkRVODJaLVZQR000Zi12c0pxZ2xuMzdVTG42OW9ZQ2FHa0hSNzFRVzBYdXpiXzNUSlZYd3M?oc=5
2026-08-24 19:06:29,QQQ,ProShares UltraPro QQQ (TQQQ) ETF Slides Today on Economic Turmoil,TipRanks,https://news.google.com/rss/articles/CBMimgFBVV95cUxNMmF6NlljNW5yWXZkVUpZdU9KZW43Q2RjeDRMZ1R1YzdqZVZkUk1UdzBUay1tZTNyRU9yWHoxT09LeklTeWJKN085S3pqTDJPWGt1OUpXTExWTm55VE4wbUcweUJGemhYNHFEejMyVk9iY2djc3dZUC05VFZDRWpoYno3S2VfSnI4UXhSZi1YaUFSWFZvd0tpX1Z3?oc=5
2026-08-24 18:08:27,QQQ,QQQ is Still in a Negative Gamma Regime. Here’s How a ‘Put Wall’ and Fibonacci Support Could Come Into Play.,Barchart.com,https://news.google.com/rss/articles/CBMi4AFBVV95cUxQbGVTS1JSaURJR0ZObVpJcE1wR2F3blBxZHJ1WUVNcV8taXFoOUh2Q3ZNLXA3ZDlLYi1jT3d0YnRnQUlGQ3VZTkZDMHAzSlNqOFFoR1RDb053SFRGeGpubmZTczhMSWZNOXBVYnRDc2hLSUw0aFk3ZElzUFd4TzIyS0hSdy1YSTJ4eVlSLWtibDB4bU1NcVNrRjVkZHU5WUxvejI5OGdFZ0F0RGZUeGZOWmJIZjN5N3V6YlFhQ0p1MWJHYlVQOGN3TndrdG10Y3VaWjdLNWxRSHowUG95dkZjVA?oc=5
2026-08-24 16:10:00,QQQ,$Invesco QQQ Trust (QQQ.US)$ cheers on my win today.. best day of this month… done for the day.,Moomoo,https://news.google.com/rss/articles/CBMiowFBVV95cUxPMjdjY2thV1YwYVNqRW9Da3NDOWc1QjBJazhfUmtHeHpSekVDanhfMmhTcTVyRUtGQ3JrbmEydVFNMFdEbTd1SFB4T1RTaFRBRG5UX0gtbW9QVnpjcTdYQVRfckVfR2lnR2Q1TThudmZJREZ3b2pxQVBMVWRZY215UGQ5WkxZbHN5Y3RUdFhmSUVDeWVtNERzcFR1UXpyay00MXlR?oc=5
2026-08-24 14:23:01,QQQ,QQQ Drops 1.2% Despite $4.3 Billion Inflow Overshadowed by $9 Million Sell Order,TechStock²,https://news.google.com/rss/articles/CBMijgFBVV95cUxQSS1PbEpfZzU1b1hGRjE2VlIwa1hPTUtmNWdudllwZjBLNFhuYTJpZ0t2OXlDR3JKTzJCNF9jWnk2VDN4anFobWRSN3FfVGwzTTFVMGtqMVRqeThWQjcyc1FBVEE2R2ZEd195OEFqamtNa0R5SHVlZnA0ZHk3SlBweXZYckk1U0pmd2VZanln?oc=5
2026-08-24 13:28:22,QQQ,QQQ Sep 2026 734.000 call (QQQ260901C00734000) Interactive Stock Chart,Yahoo Finance,https://news.google.com/rss/articles/CBMiaEFVX3lxTE10aE9STW51MGdXbGhJVVVLdll6SzU0RFR1dzNpMm1ieEhab2s3b0NnWEg0OE10UmpnVXBzcFVzLUtqdDJBWTItYXJsU3JXbmhJLW55YjFXbmZMMFdQN2ptNWhaaFVsNFdf?oc=5
2026-08-24 13:22:19,QQQ,QUICK SPARK: $6.4 Billion Pours into S&P 500 ETFs in One Day as QQQ Sees Outflows,Benzinga,https://news.google.com/rss/articles/CBMi3gFBVV95cUxQQUxHZ05ZaWdYQ3NQOTNobHNaTFpVZTlVXy1FaEIwMGlHWUU1TGVUTDhWM01Fc3VVclhSWkJLNlFQTHk1WndBT1Q0a1QzNzdTblplblhRbTJNc0xMWjhqQTlHNGU5aUZwdTg1VUZ3VENGX1R6ZV91T01WSFVhUjdqcTJHN1lqVS1IUGV4aFBqUWp5aElEeXhld0ZCWDJXay1sbVh5QUlPZGc0OW5NSWRBYm5JeXJRdmZlb3RaZTItMm5UbmJ3aXNoeUI3OGdNcTBnNWRONzRzU1BMX3VESEE?oc=5
2026-08-24 13:10:08,QQQ,QQQ 260824 708.00C (QQQ260824C708000) Stock Options Chain | Quotes & News,Moomoo,https://news.google.com/rss/articles/CBMiX0FVX3lxTE5YTlRFeGJ6bVlzc3ZNWEtDN0x5Ql9UbEhUc1ZyOGZTWWQ1ZHpFVHRUUFJOSkRQaHdEQVZtb1hrMF90Q2NsX2FadTFBY3NEeUZJb2tNLTU4dWllTTFBQmFV?oc=5
2026-08-24 13:07:54,QQQ,QQQ 260824 650.00C (QQQ260824C650000) Stock Options Chain | Quotes & News,Moomoo,https://news.google.com/rss/articles/CBMiX0FVX3lxTE9iV2x0V1p2b0s5eW9FX3NMNmZTZk5fdHl3YTVTVEZjUTAzZjdvNmw3alY0ci1uSXJNdWJTMHpab3RYc2tNT0lzaURBaEJ4RmItXzE2UUwzdUV5R1MzcHpF?oc=5
2026-08-24 13:03:53,QQQ,QQQ Looks 11.0% Overvalued on GF Value™ as Pivot Levels Signal M,GuruFocus,https://news.google.com/rss/articles/CBMiswFBVV95cUxNckRTVnYyMS1RQmZ1OEk1SmhtNnpTS0Nyc2lJRnBnVjN6ZnlhSU1DUHdFT29xbDNEUmJxaTFMbFE2aHhWVXZUSFdYLUk0OXVZZUNXOG1hVFJhczV3X29QdkwxMmdWSEMwSkRCV1NUM3AyNTdCWkw1dUNKWHp5TlFOZEgtSlI3dDk0QmRaZ2tyTUpLMDRxbkc3akdwMlowWGNpY3NLT083MkxaWGdaNmhqYUJXMA?oc=5
2026-08-24 12:26:03,QQQ,QQQ 260824 703.00C (QQQ260824C703000) Stock Options Chain | Quotes & News,Moomoo,https://news.google.com/rss/articles/CBMiX0FVX3lxTE9SMXA1dnF0enhzODBxMDE1UndOYUV6UVdUa1QwQ3l6eFNMS09EOGVvNnhBajhVZGRKbjZDZ0hxNFdWbFQyaktXUUlCZmUzd3ZxMDEtVEJJcFpsNFpUWmFv?oc=5
2026-08-24 10:31:26,QQQ,QQQ Price Prediction: Squeezed at the Lower Band With NVDA Earnings and Jackson Hole Dead Ahead — $740 or Flush to $695?,blockchain.news,https://news.google.com/rss/articles/CBMilAFBVV95cUxOMHd3Y2dRRDFHdFRYeF8xX3pmYU5KMnYtc19RV25ncFA1NHZIZ0xsYk9tRHAwbEsxaEM3dDB5ZWtHRjJJZDBlR0F4SmlONm5Mck96UFFLTWVzNFVpbGJTRGdUYkFDejM2VlBydnp3QWpHdXRlM1JuVmpBMWtwNllrd0NQYnJ1dmpUaWZYek9IRjFrLWZf?oc=5
2026-08-24 09:30:31,QQQ,"Jmac Enterprises LLC Sells 4,129 Shares of Invesco QQQ $QQQ",MarketBeat,https://news.google.com/rss/articles/CBMiugFBVV95cUxOcXlxY21haFpKNkVHdEpxZUU0OGs2X0NOQmc3N1BZMHhOald4bWQyd2l5bU5oa1M4aWRLZzJWb3JRdm92VGJHUFljRTZTNXJYT3Z4UnpZZE9ubzdiQWlWUF9yd0xDYjhwMlJfelQ2dU1KV2M0a3hfZENQSGpUSWhKd2FnN1JHWkJDYWRqREtMUzFndFdpMU5xenJIY1YxNmV0M0ZmalN0bnpGZVVrN19SaF9iNGkwcTktb3c?oc=5
2026-08-24 09:00:27,QQQ,Kovack Advisors Inc. Has $42.63 Million Holdings in Invesco QQQ $QQQ,MarketBeat,https://news.google.com/rss/articles/CBMiwwFBVV95cUxOcFF4ZFhIWXZNeURucjNxOTVMWWRvSThOQ2ZDUEZSSy0wb3ctbEJud2lOb0s2Sk9FWl9MNEY0WU9JeE9HTElIVU1XN0hnb0s0VEhTQmNmdHdJS3BaZmZHbUNOV0tULUw0bFNOclR3eEw5V3pTc3NPT0pVb3VPbW1RMXNQU2l2Y0N4LV9iaTlXbUJmVzZRbmNMMTJLQ3JLS3UxNmVESXoxNnRaTVFuWkRNcFVxRURseXF5MU43anZHenVsN2s?oc=5
2026-08-24 09:00:25,QQQ,Tepp RIA LLC Has $17.43 Million Stock Position in Invesco QQQ $QQQ,MarketBeat,https://news.google.com/rss/articles/CBMiwgFBVV95cUxPdTVLck9UYTBJMjRJaWRGYlZwdTlpMzRmdUZlTEFDSUFCTTZ0SzFXSjE1dEZEOVdkU1JIYjRsTzZEXy1QS1ZXWF9DNnZvQ3VveUx0Y2hNcmN5REd5X0c0MGhmT0FiMzFLaWM1bkRza09MSDhGZ1J0WE9pZlVOLWUzLXZWdTJKWkExVDRCdkxpMEJBeUc0ZEx2Q3pyb3R0cEtadHAzRkhUSlRpYXhvNjh1NmxGYV9jRVkteVhka1R0eU9FUQ?oc=5
2026-08-24 09:00:23,QQQ,Kestra Private Wealth Services LLC Trims Stake in Invesco QQQ $QQQ,MarketBeat,https://news.google.com/rss/articles/CBMixAFBVV95cUxPcEt6bVRFdVQ0YW9XX1BFWXdiaV9mU3IwWmhUTXhJc08zekV1LXBvdUJmUDBtMndld1QyTGpKazVBQWFvOGc1M1dlQVBCVHZ4c2tHaDkxeWcycEFIVXg2aVFGck1mOEllcjRhd05HV2JUVTAzc1p3RHhYanMtdlBFWHNnRmFkbVQ3eFVzRi1FalRRVUFWOG1ZSjM1a0I0b1A5NHFUNzRnRnB3d0ItTzVBZkFvSDJhOVVoTFRlcGREeHFRTlUz?oc=5
2026-08-24 08:58:29,QQQ,"Paragon Private Wealth Management LLC Buys 1,930 Shares of Invesco QQQ $QQQ",MarketBeat,https://news.google.com/rss/articles/CBMizwFBVV95cUxQMmlSZ3dremFsUzFaNl90LWNCeE82TEdEM0hUUTJJbDZPUmhOYm43VV9naHZsVzd1dTVidUc4WWJpVWp0T3luNHV6b0FiWEg1Z3gyTVZiaFNPbWVwb0VKSVQtR1JZbjFab3J2Rl9mbHk5SzV2WDJiZ0JzZ0pDWDhxUmNZUVpHX2xpRklkajlFaUJ5MEF0Q1U5VVNRd0VNcmNHalJybjlPLXlEbGdzSzlyc2JTZDFhY0gzaTlQTm02cUVkTWE3aDBCbzVxZ2xDYm8?oc=5
2026-08-24 08:00:18,QQQ,Invesco QQQ $QQQ is Canal Capital Management LLC's 4th Largest Position,MarketBeat,https://news.google.com/rss/articles/CBMiygFBVV95cUxQVzNjVTJvYXhCMUxucllQeHM2Vi1WYlNQQV9rc2Z5UVd4TUh3WUx0emZ3a2J6OFpnaVhVb2JrMGNhOVVUdjAwN2Y4SC1pMldLNlR3TEFIdV91cThhTUl2aldyVDBoSG5hVlI2OEJ1QWlkeWFHWGhyM0NNX1RDa0RucmRjQ3k2cDBKZ1RkWWtzVG1xMTM1M0xsRWJ2ZEdIRE0zQ296T3UtRjFGWTFHUUw3WkdtZFgteWNpbEV3cHRIcUowcXBxZU5mRGFR?oc=5
2026-08-24 08:00:14,QQQ,"Creative Financial Designs Inc. ADV Buys 2,696 Shares of Invesco QQQ $QQQ",MarketBeat,https://news.google.com/rss/articles/CBMiywFBVV95cUxPd3lvMl9NMEg0V3pubFRFanZCVXQxN3E2a05TWktLcnlzb3pHNFN2c25BTzZwVkcwWjh6eDh4cGQtWXpjWVFaSzEtN2xqSjFWcUtXYy1CSG12d3otYUFLMXJvemswNTcwOXBXUG1kNGdWQ3FRMVlSc3hEekZrYmh6U3hyQ1VLTHdVMTZYYTJBRHM5d1Y1VWN6Y1laTk1oVjJ2alhERWZxakF3SUM0eHcwT2JyWXBKMjdjNWdIcjFpVGFfZ01iRFdtc1Rfcw?oc=5
2026-08-24 07:30:20,QQQ,Angeles Wealth Management LLC Grows Stock Holdings in Invesco QQQ $QQQ,MarketBeat,https://news.google.com/rss/articles/CBMiygFBVV95cUxNdFZrQzdWdTREV1Z1RkpMaGppTllBcHVib2ZucUxxaEZtTEowY3RxN3lUUEVHUVEtN3dvaWdocW1jSnJwUnd1YzQ4dmgyODYtajJhemJvZVdWbVNZMDB3NFd6VWRnQTdLUUZ5OUhON3U0dVdvSU5ZVXdENHV1Rkh6b2tfQWJvMjJJYjQ3RUdfSXIzSmRMaFBWTWxaN0JOcHFCblJBWWhOSjFZT1dnN1pUYVJkODE5U1J0N1E5V25ocjd5N1hzSnotTV9R?oc=5
2026-08-24 07:30:12,QQQ,Axxcess Wealth Management LLC Increases Holdings in Invesco QQQ $QQQ,MarketBeat,https://news.google.com/rss/articles/CBMixwFBVV95cUxPbXdNb1pVWHhtTHpQeUkyOWNlUFlqbFp3WVpZZ3ltMWZmYVJEazh6d2FGc09PX2M2andnQ0VQRGdsR3BqWGwxS2RvbU1LQndTd2lBcUVuUWhuQ3MtRmc1aXpXOUl6SS1RVkpmQnJUbDBsV1JTNEJBbkJBbVY3SnVSWG1RUE5ZU3puU0dtU1J3RnliRTJSV0kxSnFXanRPMnBPaFE4NG10NEktdDBueXJLTnpQZWFWeDFfckVwTkN6LWJ2b3Rsay04?oc=5
2026-08-24 07:30:11,QQQ,Invesco QQQ $QQQ Shares Sold by Avantax Planning Partners Inc.,MarketBeat,https://news.google.com/rss/articles/CBMivgFBVV95cUxQWkhITVlFYXFyMC1xYmUyRXNxWmtCNkJvMVpUaEp6dUZwSjFyTWNBWHZuVFYwSVZFYXNrSVZ3WnZaVFBZNVhSY2ktUkdYLTNKZFM2V2pwS205aGlxOFgxRlVTeElfTEh2ck1QajJpRGk5ZTQ1Q1NHbGs4WFloeUFUVTByVC1fdnh0cXRTVXVmcVQxcUM0emJPS21mYjRrdEN2TjN5M1UxTE51QU1ndDNHX2l0NVpmQjRmQWViZC1B?oc=5
2026-08-24 07:14:04,QQQ,Invesco QQQ $QQQ Shares Purchased by Ascentis Wealth Management LLC,MarketBeat,https://news.google.com/rss/articles/CBMixgFBVV95cUxQSWhwMjFUdkRWZkpQcm9faFMtb3Q3Y3hfMmZaLXl0RlA4eTVkWGZXTjZZN3NDYUZZQVlZcjVjZTl2Z3JwTzM1Z2l3SndyckxKbURRbkNRczFIVDR3bFVLM2tVMUhjZkhudzJZRThISndxUDBtZHhkaW03S0ZjblgtVmJJVjBzWFpaRU1PekJlRzh1RkY2WkhyZU01UlhoM2VOTndvTTY2bFlXcW9rTkx1MmxGbnhoV2oyYWNSVmxRV3RkWFcyN2c?oc=5
2026-08-24 03:35:14,QQQ,"Why Is the ProShares UltraPro QQQ (TQQQ) ETF Down Today, 8/18/26?",TipRanks,https://news.google.com/rss/articles/CBMilgFBVV95cUxNbU9GVEdNSnZQZXZfeXF1ektRSW1pNzZ5SkRUaFZEVzV6RkdKREgzb0tIcU9KZUk2STd6cjRfOGtCNnF1RGxZXzNNTWxYM3hEQ2xqcHpTWHlVSDkyX3IwNkNrd0lhMUpWc2dwUFh3MHBlWC1TS3ZYNmZGSlJsNFhpcEMtYjVEbHAxcFdoUEtfRFBPVnF3Ync?oc=5
2026-08-24 03:32:00,QQQ,$QQQ 260824 710.00P$ dam. i was happy woth my 600$. i cpuld jave had 6000,Moomoo,https://news.google.com/rss/articles/CBMirAFBVV95cUxOUkNUeHdSeHVwRVJMVkdqM1pucGJJNTU5dWlqU2VBV0d4SkdwZU1ad2ZHdGxhbkJnQmVCbnB5MUdnMWZJZVF0aUVpNy1LRURaaF9leTVPQlJSdEZBVVpCRk9fbkNKLUFyNk9oVWtCbXdpRXNpS21FSGdlSExDMUZxbHdfMnlIRENJdGhZLUEtRkljTkpwODROM1d4Znh3dWphc1FVYXVnSVJyUkNJ?oc=5
2026-08-24 02:23:00,QQQ,$Invesco QQQ Trust (QQQ.US)$$Direxion Daily Semiconductor Bull 3x Shares ETF (SOXL.US)$ Seize every opportunity. Sell off 1/4 first.,Moomoo,https://news.google.com/rss/articles/CBMitgFBVV95cUxNSFhET2VDMzNfRW9HM3J1a0Y2aEMwOF9STmUyLUtQQ05KUXR2ZFpsVGxJN0xtX2pFem9oLVBQLWk3elRyX3F0RC1UcUZuVC00amFRTUViOHFzTnZZcW9BalNJZnRGV1pLVjYxMkJIRmd3TVRXYW5wNmF5UzFyUUNyR3BmV3l4ZmQwbUNzdjkzNjUwd2NTQWZSWGRzaFdGSmoxeGxxTHJRTkpCc2Z1QVVmdDhmWWlFUQ?oc=5
2026-08-23 22:57:00,QQQ,"S&P 500 (SPY), DJIA And Nasdaq (QQQ) Close Higher As Iran Tensions And Bitcoin Surge Drive Session",foreignpolicyjournal.com,https://news.google.com/rss/articles/CBMi2AFBVV95cUxOeG1UeTNFdGVfLTFWTFNpVnZDUE1OV2FPODg1c3FHZm90LVkxVFJCVVplQ0VNbGU4NjZCZm5BUks1YmxQVmZ5TEZ0bHhyWHRHdTRJU3ZHWTJybXpJMWIta2pUbmNzQ0ExYUpIUDRxQmh2Nm9VZjBQbVZ4N1FEWWx0YXFnLW9WRjRPY1VDWTFoUjZTZWdmMEg4SmEtMkxJN2xmTmZEZzB5TFJ5SnZyVmtpcE5SMzVuVWN6S2NoeWlhelRqV21fSGZ6eUEzXzQxNmV4YlVlMUt4RUs?oc=5
2026-08-23 18:09:05,QQQ,QQQ Price Prediction: Coiled at Critical Support — $733 or $708 Gets Tagged First,blockchain.news,https://news.google.com/rss/articles/CBMilwFBVV95cUxNUnJnNHQ2d2FvTDdMVGpvbWd5b3pEbVVjYTJTTmsyck1FbTNKNTMwR2tveDk4enpOaTJONXlEaUlHX25GN3RjUU9HZzNubjhzZW5ub3JUeFBsUjBtVHVFSEpocE5RbDRmT1VsUkpCVVdoWEljYjhxbkQ4SDNiVVdTaFBSMHZZUGhWNUo5alEteEUxUElTaUJn?oc=5
2026-08-23 17:19:05,QQQ,"History Says a $10,000 Investment in the QQQ Will Be Worth $66,000 in 10 Years",AOL.com,https://news.google.com/rss/articles/CBMif0FVX3lxTE51TTB5V2hyTU9kQnBBcUpZWDhOVXFBN0s2djY3TmVwSDhKeHozdGdZd1FCOG8wWEdyZHpTSnY1bXZwMVBSakhZOVZST0ZQYWgzNC1MZGs2YUNqYUF1Y3JRdTYtSURiRG9WRHViVExWZ2sybmRiYzJsb2lqT1NjYUE?oc=5
2026-08-23 13:22:15,QQQ,$Invesco QQQ Trust (QQQ.US)$ QQQ pre market,Moomoo,https://news.google.com/rss/articles/CBMilwFBVV95cUxPVjAxSVgxTVRaYU1YR0ZtRFlBT3ZuS2tSNDNsNmIyRngxWmJrMGtOczBkZDlmZXFRdDF6eHVJZTRvNl9MMXFndzg5RVQ0UnkwVEFZQmZSN2s3enNZdzJwMDItdlF6VWd5TWN1SUN3ZGlJMU5Wb0ZaN1E4NmQ1TWpDSGliT19xSUFQUzZBOUp6Q2RQLWw3elpv?oc=5
2026-08-23 11:05:19,QQQ,Michael A. Gayed: Divergence between TLT and QQQ signals shifting market sentiment,Traders Union,https://news.google.com/rss/articles/CBMihAFBVV95cUxPTFZkMUtuZEEybERLQVVqdFNQYjd3U1ZrczhMLXlyRWJCYVVzcGtYazdRYTVkc200NDd3N0duY1h5c210MEc1dTdaY2s3Y0s5LTVwRnhEbEhneGZZb1F5N3U0dHRqeTlyN0FhamszSmhyTnliRUJEbUp6VUFlSnQzYVlPWGw?oc=5
2026-08-23 09:14:10,QQQ,Invesco QQQ $QQQ Shares Purchased by Virginia Estate & Retirement Planning Advisors Inc.,MarketBeat,https://news.google.com/rss/articles/CBMi3gFBVV95cUxPRzUzMjEyM3pnZWtqQVRBNnY5VmZXUWhvU2VyX24wRE9uT09vV3ZrdW1USUJyaWtfblg1enl3OVlCbzdKWFluODZsVWxCbEZCYWNZX0ZJcVRJNmltekNpMVhfV1Q2NTZIUFpfNFlHT0pzSVotandTdWZ5cTM4NWp3UEFkYTFlUnpzbXZvWGRmOFF1eGZ1R0w1V0dod1oxTDJabG5wdlIySVAtcm1pRENlRlhxakUxMkd0SmRfZ2xkUlRaNjc3QnhFQ0N4WGxZVGdrR2o4dmpVNGRLejFhSHc?oc=5
2026-08-23 09:14:10,QQQ,Werba Rubin Papier Wealth Management Makes New $1.51 Million Investment in Invesco QQQ $QQQ,MarketBeat,https://news.google.com/rss/articles/CBMi4wFBVV95cUxNQU5HM18tOEl6Y1RTM0J3bUNqWXRCX29aWlpNWVFtZlVYOHk2M2QxQXlXZVdKLUdKUXlmb2hIZ0RrRG56QnRkM1RhQ2tuVFBWYU1TVGFrRXBNMmNaSnc2U0g4R1E5N1Jpa05mWnhGNmdNZnJZdGdGa2Z1QVJHcTdYRjU4bGg5X0Q5SnFoZHNxRFZubnZvLUQxMk1jRjR4WmgzazhtTDdFR1FhR0VLRWtjaXJDVjdWeGEyY3pVRElKTnRMbEhkRXBDTHNEN3BPeVJwVGhtWWNMQlctZVM0UU0zbDRKcw?oc=5
2026-08-23 09:14:09,QQQ,KFA Private Wealth Group LLC Has $2.33 Million Stock Position in Invesco QQQ $QQQ,MarketBeat,https://news.google.com/rss/articles/CBMi1gFBVV95cUxNOGp4OVhRTXF1cEJfbnZTTUR5VE9ZWlpOWG4yVHR6aEpMOVA2T21Nc3FNY3gydENhQ0J1ektZaE1sbVNhNGlaRzhVaFB0TjhBU2FieG9kWTRWWFVuZF9JbWV5Vi1sVlhJc25CcFBwRkViTXBLWDdkeG9mcHdoWmNZVE04ZkdWeU96c1NaOG80LWNjTXlEbllSOXBNUWNmckl2aGU1a0xfWlVNc3pwSFI5bHBIX0N5bXZ1ZmR4cmVza0xDaHJzc0NQSmlzMU11QUV5UzBUSGRR?oc=5
2026-08-23 09:14:08,QQQ,Strategic Financial Concepts LLC Decreases Stock Holdings in Invesco QQQ $QQQ,MarketBeat,https://news.google.com/rss/articles/CBMi0wFBVV95cUxQX0FFeFhJVGpsOFNnc2xkQnRuZDkyTUJ5anJ2UUtpTUZzUUVpcTZvOHhRWkFVSDMyT1VwVG9BZzNUdWU2RUh6LWR2cHRBMVpueW4xNTM0aUZVM2F2TlZsYWtUWmNwUjdXejA4bHRRLW9kZzRSS29iTXFfbUkyYXNSZVVkTVAwUHRUX2tRbkZabDEyWXIzMTRNR29QYkU5YmpSM3hzODgxdF83eTNBa0ZnMnFNNmpJcjdRdU5JRU4xZGRILWt3WnI5MjVCbVR1cjRXWmRR?oc=5
2026-08-23 09:14:08,QQQ,"Whittier Trust Co. of Nevada Inc. Sells 2,278 Shares of Invesco QQQ $QQQ",MarketBeat,https://news.google.com/rss/articles/CBMiyAFBVV95cUxQVEdfUHFDMFRJTzA4ajIyNjhyX00zbWtXcHc0dFNzdjl0VkJSRUt2aVlhYUVyV253LWlJRlRFSm1BZ05xRmozQ29ua3Q2TkN6aGFHY0dHVWIzY3dyU2NzM19kVG1YSi1GUWRiblllUl9qcGlWV0NRWE9Jc1lLTndSWE9wVmxkejdDMHg0MWQxaTdRLThwZGNwLUVpSDA0UzhtZUx6OFp3SUdsbk5CSzZPSHo3bUFyWWxudUJ5UVZmQ01PZ0w1Njdabw?oc=5
2026-08-23 08:45:58,QQQ,Invesco QQQ $QQQ is Richmond Investment Services LLC's 4th Largest Position,MarketBeat,https://news.google.com/rss/articles/CBMizwFBVV95cUxQb2owSHlxQ3RqeENaMTJ2eEsyWVhRZE1STkJXSUJ1ZEVJOUQyQVNEa0h6VEdWcWJHZ3FNQUxJV3RETjdpeXJqemZILUhnakVFRUc4YXpuNXRxMkR1Y1FLcTZqcXI3R0NFLVlUZXhEaHJicWs4bzZRWTk2ZDg5Z2hHZG9HME5ta2hpQk9CLWlJeGNZRHRVR1BxZjh0WnU3Nnd0LURsTDJqOFpOR2NDOEJqdWlfdFFJbC01WVZCdENrX0R3clE0UGNaMnNReEhaOFk?oc=5
2026-08-23 07:51:37,QQQ,Florida Trust Wealth Management Co Has $6.23 Million Holdings in Invesco QQQ $QQQ,MarketBeat,https://news.google.com/rss/articles/CBMi1gFBVV95cUxQcFJQa1VZdXk5RlViWUJvRzF2MmhmLWJOV0lMc1VZeGNncXk1TDdISDdnYWl6YVBKMnh2SENHcm9qa3ZWLWRaZDA0eEpPcGhoNjJKUS1pc05iMWN5d2phc2s3SlFqMmFleDJIX01lOEJiNjFvUEVQeEptUU1tUVdFMDc0Mkw0cU1XTXkzN0p2eWVVeFpkNnBRNjR5YmNNVjc3cVZabWs0eUVfRzNpWFZBQjhrNmV2Q1FwVXlnMjlxcE1aUlYwVkY3OTBpMVI5dmdCVTVTMndR?oc=5
2026-08-23 07:51:37,QQQ,Clear Creek Financial Management LLC Reduces Position in Invesco QQQ $QQQ,MarketBeat,https://news.google.com/rss/articles/CBMizgFBVV95cUxPb185dEV5R2lPRGp4T1pLeTYtbUR2RHJVZzRJSXE1SFhIYzBjMXhkeTZUY1AyYU5kdXRrM3dGSG1UM3dxVnk1RmROVzJTZGVQOUdqVVAtZF9LUFh4a1hkZXFXR1Q2dWwzaDRQSDFhSTRyLVJTNmhKam5XclhrWHNRSnZKVjV4Z0JFT2NzMWlsdlU1ZnhuTE5zS0wxYVNnSWlwMFh1dE9mREowdHVmNEVOd0lDa2MtZlMtNFNOSUVpNTRJUEpGLUViazdpdW1PUQ?oc=5
2026-08-23 07:51:37,QQQ,Invesco QQQ $QQQ Position Increased by Clare Market Investments LLC,MarketBeat,https://news.google.com/rss/articles/CBMixgFBVV95cUxNTk5VQTd4OGd4OFAyLVM2Y1hvN0lXc2ZLNEpLVUY2U1lIOTFBZ1hEWGdFbGdLS1A5YW1ob2pWODNMVWZvZGNheXA5OGNHYTVmdzFCWnM4Zk5xbzFqei14QndIWGRBN29IR1BVZzUyamtET0FIay01a3NaaFZnLWJjQlU2SzR3OUtobHp2Y0JtRzJncHJWYzc5LWZ0aU1lYWZadnhMYWVNcU5pMTdHbVlnSE8tem9fd0txM0FOS2Zqb1p2RmxmZHc?oc=5
2026-08-23 05:39:55,QQQ,QQQ Price Prediction: Bulls at a Crossroads — Reclaim $721 or Face a Drop Toward $705,blockchain.news,https://news.google.com/rss/articles/CBMilwFBVV95cUxQQm96alBoUU9lWWkzN0h3WTB1U2FDTktFeXRCR2RXeW81dXFUeW02RDFza1VYSXlxbW8taWlYZlc4YkxMWXd6RkxaQTZVR0p5VzFsSU9VeUtRTkJCQzF1V3BuWGVYS1lkcUp5T2RqODV0Y2Y2ZzdBS2tqWnhhcFJsUHNwUmpTWjlWX3Y4U2R6cmo4Uk9UVG00?oc=5
2026-08-22 21:04:49,QQQ,"Private Wealth Management Group, LLC's INVESCO QQQ Trust(QQQ) Holding History",GuruFocus,https://news.google.com/rss/articles/CBMikwFBVV95cUxNZG16NFpvX180cGFFTzB4NW1ORjdqV2ZmSEV5Wk5Ya0Y0WFR0bTJyUlV0WWVkODNUcU5kSUpVR3MwVXQyM2VrY2tsOWMzdU1PbEE4OXZmNDdkVkdzYWNRbTctVktndWxvZndKemVvUjFXMHNEVW1GbjRpZXAySHBrZnpXSHlXeks1WlprRTktTWQyMnM?oc=5
2026-08-22 16:06:54,QQQ,Invesco QQQ Trust Sees Inflows Amid Tech Volatility,TipRanks,https://news.google.com/rss/articles/CBMioAFBVV95cUxNNjMzU3N0aW15N3gxOWRRd2I0MnJMb2xSbU05LWNRVE04My1ZemRZelk0UHVXQW5Td0xOYUoxQXZoRUV0eE9mNHpoZjRoZnJTcVNZaFVuOWRmdnNUQ282aDlQRzY2enAwSl9YdHVvZzRpcGVHNFRRYVAyaDYzMFpRNmtRVEc4aWt2ZFEySzF2OUVIVnN6czZMeW1UVEswSkRq?oc=5
2026-08-22 15:04:26,QQQ,"Invesco QQQ Low Volatility ETF To Go Ex-Dividend On August 24th, 2026 With 0.04029 USD Dividend Per Share",Moomoo,https://news.google.com/rss/articles/CBMimAFBVV95cUxPei1wVEdNblF2ZkpMeHRKZkVYN1NqbkpvcGhMWUM3UUp4a3ZDVGd6OElfNjF0WHVJU241N2tBVXMxRHJTeVRhWDJFQkt6YjdtNmlReTZzd0JwdXFPZU5wUFhuQk5TODF0QWFRQ0VjWFJ5MnJuTS11a2JwZ0pFZ2c4N1p5UFZNaDg1b0ZnQ2ppdXlJdzRGQS1wdg?oc=5
2026-08-22 09:11:34,QQQ,TD Waterhouse Canada Inc. Has $67.03 Million Stake in Invesco QQQ $QQQ,MarketBeat,https://news.google.com/rss/articles/CBMixgFBVV95cUxNM1R1OUVEbHhzc2VkMmZXU1BkOEJLemV6TFlYMW95WDJGT1A4REVYeldLMGZ4Y2xrLVVpWDJYQk83djNmaVRLenRmUlJpWnRyVkVDZFE0UkFWLVdYQlAxRjlPS1JfbmdWUUk5ZTlWaGlFNjRWT0RwZ3FxQmRpR2ZOd09fc1kyWjUyS2FNdlcwenMyc1dEeHZLNkVHVGgyZHRxc1J0eENMNUhYT3V5c1YyZVNDWlM5Q1Zwems3Qjl3UHozdGdhM0E?oc=5
2026-08-22 08:45:40,QQQ,"Private Wealth Management Group LLC Purchases 4,973 Shares of Invesco QQQ $QQQ",MarketBeat,https://news.google.com/rss/articles/CBMi0wFBVV95cUxPZ3ZqVTR6N2owZ0dHM2pYdWpFQ0M1V05meTJ5c2tQTkt1UXRZd2lSZzk0eTNNaUp0R29FS2RsRjVnbVRUTmpweUxFNEdBTDltNjlJUmxNb29yeWdURGlHMFcyaHNiV1hvU2VIQTJsZHFMQVZDR1g5MG1qQWJjVERmNGtwWVd6MW9rNFlURkR2RXV2bC1jYXpkNmljTldja19GRElZbVBFTkVOaEZZbC1INEIzU2VvaExraUVBNXFfVV91UHk2R215UWloTENfZ3hlNkJn?oc=5
2026-08-22 08:45:35,QQQ,Invesco QQQ $QQQ Shares Acquired by Warner Group LLC,MarketBeat,https://news.google.com/rss/articles/CBMisgFBVV95cUxQX1c4dFJVbnZrOG5VamN0eHNyMEowUXZtMkwzY0ozQXZkQ2JPYnJObGVTdjdyMzU3eEhYbS1xZGZwQWMxVzRrNWJtSGEtSFc3bGtheGZYVXRHVVBXa2g3cWp1c2NQWEhHSGtpY01GdjBjZmRvbC1GSEZIM3BfZjNoYVY4blYxTVdwc2VUam1YbjZXaUYxS3o0bmh1NHd1d2F0TmRBVmp1ZDZJUHRSUzZXSTBR?oc=5
2026-08-22 08:45:33,QQQ,"Larry Mathis Financial Planning LLC Purchases 7,960 Shares of Invesco QQQ $QQQ",MarketBeat,https://news.google.com/rss/articles/CBMi0wFBVV95cUxNVHdwa3ptbUNOOVJFSjMyYmtGSGRuTWR0TFFRVENMMno0Y1VuR2k0a2ZHZVpqSVJNWkFxdlJBVGhJdlpabHdvREJ5R29rOTgyTmxtdkVhV2NWeXUxVHVic3l1U2FiUkdiMFlwMnhWQ1hWNFBuMzhpWkhzWHZfc2ItcThqUkoxUGUyRDlvcnhMeXlqb0hJZU93aDdZMkI5X2ZRQnNOVjRxcEViaVNlTUFfNDZlOUV3QjFlVkxKblplM3FyWjRzV3ppUEhDMGFBNVJ2RzlB?oc=5
2026-08-22 07:47:11,QQQ,Ascentis Wealth Management LLC Increases Holdings in Invesco QQQ $QQQ,MarketBeat,https://news.google.com/rss/articles/CBMiyAFBVV95cUxQQlBJUU51Q1pDWUJKbWx5a0gtYUloTWxrUmdpQlQyazhmdDg5WHdRaHVKM2VtZEV2c05tY3pvR1o0Rjk1VWdwMnpLQzU1UHJZWl93cUZ3ODZZcnJjQklFaXVJTHBIcGNEU1ZLNjNDTklKUmxtdXBiTWpLZVhpZmZVZ0xKTG1leGp3dmNOOThzUUdLM29ZanN3NnE1bzZFR2RPeGVaNGtCdi00emZSbjZnTW5IUXZFWWRadFZQdHo3aEFsWFAyWXBHaw?oc=5
2026-08-22 07:47:08,QQQ,Fortune Financial Group Inc. Raises Holdings in Invesco QQQ $QQQ,MarketBeat,https://news.google.com/rss/articles/CBMiwAFBVV95cUxPSmlDQ0FZUHZXQXQwSmRvMWt0Ry15M1c4TUt6YkRhZUZTZUJSU3c1MS1BQ1F6UGZqNE1TSXZzRHhuMnFuNUdIZ05udmlVLVl0WkJmdzRmR2hGZTBiYkhlQjNKU0JYck9ZZWNRajNaZEloUXp5d2h3OXhOcDJXRU9QZGxuWHlUV2ptYmRkVTNxa2dYeGxRNmRnTlJlNElSWDR4dHhnSDFQQTlJeWRLbnJOYzF2d0NFSXQ4ZGpyZnhJQzc?oc=5
2026-08-22 07:36:39,QQQ,BXM Wealth LLC Has $24.78 Million Stock Holdings in Invesco QQQ $QQQ,MarketBeat,https://news.google.com/rss/articles/CBMixAFBVV95cUxNZllqckhwcGNwQzRVMkFkRlpfTkRLUmxHRjg1MWptNEt0a2dNVGt5TTQzSFJQYlNkSlVIdmYyc3JyaE0wNHp6NkFnbXBYR3N4MDQtRlFhc0hVWDMyLWZWd1QxT2hFU0o4aWlyQnp4WWpKb0thMTVHcE40amNPaDhhRXVzNzRmUTBjeWV5NjdobXlMYjUxTVlNLWtBc2RrQks3UDZWaGQ2Z3pKSm9COVVINW9PcGxDeHNad210N19kZWtNS0Ns?oc=5
2026-08-22 06:51:47,QQQ,Technical Analysis Of Stocks: SPY / QQQ / NVDA / TSLA / AMD / PLTR / SOUN / MU Sunderland Score Today (ygDlPatnF5),Mshale,https://news.google.com/rss/articles/CBMiW0FVX3lxTE1BMnlYUFdkVUVrMUtUa3dLRTFMaHZWSUhhb3VEMHBzQ211by13Q2xLeVBUZ3hmcFMteFBjRHdlc0tDUW9JdGdUdFFpMVdmdDZpdXNCajZZVXRjajg?oc=5
2026-08-22 05:10:13,QQQ,"ProShares Short QQQ (PSQ) Stock Price, Chart & News Today",CoinGecko,https://news.google.com/rss/articles/CBMiY0FVX3lxTE9OUTBfYVRwQUpNZTJKNkgxNjl0MnY2ZHlMdVZOQ1hUeGZYRjRKUXNET01hcnQxVUw1V1VJT01iZlZZb3lwVGxSZzNTSFhOYTk4QjlaYlFWenVDdGtjeDMyYzFvMA?oc=5
2026-08-22 00:59:10,QQQ,"Stock Market Today: SPY, QQQ Mixed as Bessent Boosts Bond Buybacks; U.S.-Canada Advance Toward Trade Deal",TipRanks,https://news.google.com/rss/articles/CBMiywFBVV95cUxNZDM0VG1fdERnLXVpalBRX3lsRjlMZGQ4S2pqUk1OcG5NUVlfTmlaQlNQS0RIRzRDR0ZrZnA3MnNSck42NUZLSkxTYTUzcExnRFRiNWJBc091NEpIRU9DWms0RDlpZC1Wc0NrbG9aVVlZbDFicWFqWDRrb2dUT1Q3eEN4MUlkRmppTUtIVmhvY1BtbE94ZmZhX1VsUzl6SGV0NlRFQlJuSHgxQjhNQjJwOEhENDVYZ3NhcTdjanEyMWJPSTJyMzlLcjZEdw?oc=5
2026-08-22 00:52:49,QQQ,QQQ Price Prediction: Bulls Trapped Below $724 — Nasdaq's 52-Week High or a $705 Flush First?,blockchain.news,https://news.google.com/rss/articles/CBMimAFBVV95cUxOdVNGX1JOdE9LUEwwTk5iRzJaNmlqZWswbGJBbTgzR3JQREIwcGQ4alpOWGp0bzhrY2xsTXhMNEhueGVpU1ZXN2E4bWp2VDRWY0lyYy13cUtSbktLZmxWdGwxVVFEb1BTbEYxaFdNUFZFSEZDclg1bVNoQ1JzYjFpa2dsWGFMUURoMDNZM1lETDhxMGpqT1Zrcw?oc=5
2026-08-21 16:15:00,QQQ,"QQQ is up 0.5% today, on TSLA stock price movement",Quiver Quantitative,https://news.google.com/rss/articles/CBMikAFBVV95cUxNeG9Qczc2V1c5VmFqUkpXcXlpUHoyMENPaTZVeXZONGJpZHJZcEF0eDdwRmdEQkFCbVNKNnIzMjR0ZktZUEJRU3M4Vm55V1MwcjdsWFRQUURZYWg4UVpaVk9WQjZOUHJwYko2NEJKZHFVdFk4Y1ZLWnVxXzF3eDRaNk5NUGVQVHpQZnZCSlNjZWg?oc=5
2026-08-21 15:46:16,QQQ,"If You Invested $100 In ProShares UltraPro QQQ Stock 15 Years Ago, You Would Have This Much Today",Benzinga,https://news.google.com/rss/articles/CBMizAFBVV95cUxNTE11Q2NmaGl5VHAxZjBfanZqUFJkalhobUdHeVhHRmZOMHRwR0doY1RIM3VaUkRpVnJKZ0NOUkxwREFJZFVzdlg5ejdyMXNEUUF3Tjk4c0NaTHJ2UHZaeWdZM3gxcTQ2ZlVJR1U3UGlnMjdTLTNtOVhiR2lwZ1pKaUdDMXdoVFFEUy0wRTFMV09zOXdJNklMSHhEcVV1bTRQd0hUZmxOSnZ0VVN0ZXpDeHRqMzEyY1JUd2Z3dXRpalJiaURuVG1jWUxnVGU?oc=5
2026-08-21 13:48:37,QQQ,"QQQ Looks 12.8% Overvalued on GF Value™ as of August 21, 2026",GuruFocus,https://news.google.com/rss/articles/CBMinAFBVV95cUxONml6ZEtNVWhGTFNqdmRIVEgyMURoVy1CUlJCb2djQTdUbzZxTWFub2NyM2ljOFdRQVRPamV6V3VEZUlaLXJqa3lYcWk2RElTTzVwa2xtamNPelRELURpeF9UZUQ3dEQ1SEtCM0ZpdTBZRklna3RHMGpyQ1NGZVhCeGVLTkFleldTaWJQdUtHcWxKV0VuVFVNNHM1Wng?oc=5
2026-08-21 13:25:29,QQQ,"QQQ Cut Its Fee After 26 Years. On $250,000, the VGT ETF Still Saves You $225 Every Year",24/7 Wall St.,https://news.google.com/rss/articles/CBMiywFBVV95cUxOaS1ULXdiVlVQOUMtdlUyR0VBTllCNW1GU2VSaGhqZEtJZDMzejFSZ1pud3BBRmxhTUp6VUg4Q1BUek1zdElQTTZxeEFJaXpTWDNqbHpGU1YybW51X2l4WkEzUXZLMzV2V3g0Nkg1ZVQwd1JwbEpGaXBUYzNGTEhGMGp3YnFoanVRYTRyXzNBaTI4cWRlY3hYTWVwT2JHU1Z2V0tCVk5jQmtlLVJaQ2xaOEFPZGpzc2oyT2V5b2FpR3NwZV9CZlBOdDNoTQ?oc=5
