date,stock_id,title,source,link
2026-08-26 03:07:42,TSLA,$Tesla (TSLA.US)$,Moomoo,https://news.google.com/rss/articles/CBMidkFVX3lxTE5LVm9nMlhGQWFhUExqQ1JwQm9yUEVvS0EzVzhKOTIxN1FBMG8xeDBRQWIyaW9kR1VQalhkLUc2c05LTy0tZ2QzZngtcF9PeXUtdDVHWDRXZTRKSjBqbjlPSGZmaVZZN1IxbHdRbm8tbTZxMmRUMGc?oc=5
2026-08-26 02:52:31,TSLA,"TSLA Stock Races Past NVDA, GOOG In August Rally: Elon Musk’s TeraFab And Semi Bets Shift Into High Gear",Stocktwits,https://news.google.com/rss/articles/CBMisAFBVV95cUxNVkpKbEZ3QkRGRklQQm5tLWlZV2lmbjduZ0hLNmZyd0ozQkw2dS1JQXh2WDFXZ3l5Z2x2TzRZNTRlQUZmVkp6Q293TW9oTFdvYVktSVh2djBPMjBOai1PQUswaUt6RFgwMXI1cG5HX1RNa2hlRW9sazlUTE9zVnRHcHJTRW4wYkF5T3Iwd0I2c05YMklYSklZZm5LbGpRbHV2a09xc3JpLTgzNkFiUWNlWQ?oc=5
2026-08-26 00:53:57,TSLA,Stronger technical forecast for Tesla stock price after Tuesday trading,StockInvest.us,https://news.google.com/rss/articles/CBMitwFBVV95cUxNZXptbFJiTTFveUhMb2QtZUE3U19MNS1ueXdLMFJFdlQ2QzNMQ2RrZ043cGJsWnJLWThtdldUSmJtbDRTa2NDSXAyOEs0X2lwMDBVWWhZVGlGUG83a2dZUUVZSXUxcHF5cVBVSHlnVkxia1ZneGxINVlZTkI5cFllTmZyc2hoS1R0VjJ5V2pmc1NIcnRiMXJOajNxNFNCVXMzbzVwTTVpWm5XZ1dUZjl0NHJHTkVSNkk?oc=5
2026-08-25 23:40:41,TSLA,"Why Are Nasdaq, S&P 500 Futures Rising Premarket? NVDA, TSLA, BE, GRRR, NVTS, SLS, MSTR Stocks In Focus",Stocktwits,https://news.google.com/rss/articles/CBMi6AFBVV95cUxNY1NWT3hHV0Jfc2g3VVFFbkV2SGdtYVlxT3hmNGlNdXBvQ1R6SWtBcEQ5ZWxGV2Q5V1g3NmVkWjQ3UjFodXZnNEw2amlDZG9VbG9mRWpkd0JvTV9CaXdHYUFpeGpCRkFnNlNGdENFdzdNSFNEd0tWc0oxVUJyUDVEOTk4WDkwYVNybEY0Y0VmZzE4TGY0T1FLSklTbXViU0dYVFlTRTA2TndnNXlwTjhaeThaUFNkWkpKLXJISXB5RTZ5MVByMjZfdElvbDM1dUpaWVNFc1ZJa3hoTmhWWnJNUFJRZVhCaGFh?oc=5
2026-08-25 23:08:41,TSLA,"AI Stock Predictions Jul 16, 2026 | NVDA TSLA AAPL AMD AMZN META MSFT GOOGL NFLX JPM Daniel Rochefort (8Bfsz0ZS1i)",Mshale,https://news.google.com/rss/articles/CBMiW0FVX3lxTE1HYUFIRkk4THdzQnRjaW9YUF83elRDaHVtTGFPeXp5OG10Z1ZKRG10UWlCWndTbmg2bXRUQnRGTzgzc3N1cDVyc0NDTE5hYnNLYkZRRFJfU2tYb00?oc=5
2026-08-25 22:35:13,TSLA,"Nasdaq, S&P 500, Dow Futures Pause After Strong H1 Rally Ahead Of Payrolls: Why NKE, TSLA, NIO, MU, LUNR, CVKD Are In Focus",Stocktwits,https://news.google.com/rss/articles/CBMi3gFBVV95cUxPdkRBQVAtdmNlMnhhZ1lUMDU0R0l2YUU5aks1MWwzRW1yblNqRmtLb2VkbXFZalZSd0VsSy1KbTNsSGwwX2h1NlpwNDJ0cmdFelhET3NneFRVZlItTktYcldSd3pKbTU2M3F0Ql9pY2ZKbjNlTG1kbjVuRktEZUItaU1xaDdYdFhGc1lXdy1mNU9yaXVzc1lUMzY2bXRFNzc4MEhMUFdvV1dReVZIZWlXWlZHZnl3dFJUNHVJWTZ1NU1uWm4zMk5fQ1NXNDdMRTFNdi1Ya0c5bjBJbDF1QWc?oc=5
2026-08-25 22:06:49,TSLA,"Tesla Has 'Effectively' Achieved Level 4 Autonomy, Says Piper Sandler Analyst – How A Trip To Minneapolis Strengthened His Conviction",Stocktwits,https://news.google.com/rss/articles/CBMizwFBVV95cUxPdmJZM1dfUEtwZ29oTk9IUEJlNjVuX3FEZnlsSWxnUkNORTRNTTdwSk9nYVprUTk2bHE3NjJCM0VZMkR0d3RKLUFBdlphSGJ2YWN2M3ZaLWNIU2lzMXVscnVMTjVCUFMzaVA3blJzY0M1R1gtclVqeGd2cE14Q253OVRxaVRaX3RPcVFUQnUwWXFvUDBfQXhtSmZsMXBhZ21wWW9iS0ptVDgwOHFqMGVkUkwxOTBaazNkQlBxWU1jSWZPTlI3T2QyODdsX18ybE0?oc=5
2026-08-25 21:45:55,TSLA,TSLA Stock Watches SpaceX IPO While Cheapest Cybertruck Hits Driveways After Long Wait,Stocktwits,https://news.google.com/rss/articles/CBMi5AFBVV95cUxOckp6YWl1eW1xdFpkWnl5V1Nxd1E1bDk5SlV6LVdmZnNVMWFybDZCTVFUaEIzV2NKWnZPMU1VVG5GSzhabkVNcmlwMHVhU0hUcmQwU1JKN2w5UkFMUG41WmZwVUl4RVZOa21ibktWbExMTXhSZW84dzVDd0NnSGozQWdrQ3djQUlPTm56ZG1uTnJ3b3YtMFZhai11eENpWWNORjhFaFowbEFPQjJKTDNJTmdGbkF4LU80c2F0MEpWNGpWOXhCWFpoeU9sb0VycWxaY2xtUll0SGxZWGY4NVc5dWJaSmw?oc=5
2026-08-25 21:06:30,TSLA,Technical Analysis Of Stocks: SPY / QQQ / NVDA / TSLA / AMD / PLTR / ORCL / HOOD Phillies Vs Red Sox (sjmpDJPaKA),Mshale,https://news.google.com/rss/articles/CBMiYEFVX3lxTFA4QkRUQkFjQlc4Q2RkelhLZ3NodGtncjc5eVU3NkJPdllBalJBWTVOR2FER2FKNkJoem42U05zZDh2WGNWdktJSUNVZDFKd1ljQ0EyUmRMaEI4aER1TE9TVg?oc=5
2026-08-25 21:01:16,TSLA,Tesla Stock Heads For Red June — Jefferies Warns It Could Become a SpaceX Proxy As Merger Talk Builds,Stocktwits,https://news.google.com/rss/articles/CBMiswFBVV95cUxOZUNxOHhPanRNd3M5a0dZbW5qSVJrbXZHeHVXaE1XXzc2Wm01Qy1IaDZzdENVcVFUdkZKQ0M3cVdlUDZXWC0xNktuZmVhSHU2LWZaZXMzcFhMS0hGOS1DWG42XzVwY3k3WmpmNzg3UFd4UWRLWi1POV9lWElhbW94QmlwaHNpS0Q5bjlFckRqZFgyMnVqRVpIZDFRZk5rbmtTQjgzeDlCaXdlT3l6Z2VuUFh6UQ?oc=5
2026-08-25 20:40:47,TSLA,The Real Engine That Could Power Tesla Stock Higher,Trefis,https://news.google.com/rss/articles/CBMisgFBVV95cUxPRkc5NmMyNXJrWDJVVjBVR1RLQUlyaEdfVHpta2FhOVZpM085OGdjblhCOTI1RXo1SFBnRVpmcTFlNGU2NEtIWG01ejlka0RyNV9EeThESE8wRkRZTWpHRG9JWWJOYm5pOHIzei1RQUNkazJjQlJpRENwMGRvbFRCdjc3dUpuVWk0YUtpT3ZYS0xlVm1oYWxLZ0NLdnVLUGd2cmhXeHZ3TFpnd2ZQU3hPLS1n?oc=5
2026-08-25 20:27:49,TSLA,Stock Market Forecast | BTC TSLA NVDA AAPL AMZN META MSFT The Real Housewives Of Beverly Hills (FGEzT3iM7l),Mshale,https://news.google.com/rss/articles/CBMiYEFVX3lxTFBPVDJ4TUttTW5xQ1hyNTdFeXJscHlhb0Z5ZEowaTdycEdnd0lFbjVFOUoxNDE2ZW1vX1VHM3dDZVp5VHY3U1BpR1JBV2dKb0kwc0Q5SU9WbXRrb0ZSWk1oQw?oc=5
2026-08-25 18:07:00,TSLA,Tesla (NASDAQ:TSLA): Why Could the Next Move Matter More Than It Seems?,Kalkine Media,https://news.google.com/rss/articles/CBMisgFBVV95cUxPbjBsRlVtZXNLQzN4ekhIM3NUMHlMQ1doZXVaV1dnNmdYTGNRUFFkR2l1dTBzbFEtNl9iTWJxNEJSMThFTXF6cU9EM3d2Qm5PUUZ0RUF1YVhRbEEtMTZ3RGd6WFJtTnV3YkdldTEzMGV4UWRHaG9NNUpNaWhPaWxnZnFOUnFMVUM1WjRfZzlrWDFhMHJaOGd0eU1vNzBaZndtQ3FtanNHT1VyUllRYlFLYWxR?oc=5
2026-08-25 17:30:02,TSLA,Massive Options in Tesla Shows Investors Placing Huge Bets on TSLA Stock,Barchart.com,https://news.google.com/rss/articles/CBMizAFBVV95cUxNekdFbERwYWtxQzZZYmViNUxqYnhZVFpJV2x1TkNZZ0pLSDU3OWtXRFRuQlFkWTY3TkZXcjZRYnE1bVRRajFRcEg0WGNsdWFDWHN0NlBKbzFSTTc5Y3BFYXhyWmlYbDZUclpHUG9aMzNndEZHTUdLd1NVY2JLWWpfNHVnVHZzTGVJTFVZVVB1NDg4LUhiTFI5TVloMzN2QmVDR2U4Q3BhQW10bm54UEcwRVl2R0tMWTRLNDRwdk40OHdrMWcxdlAwbHNvT00?oc=5
2026-08-25 17:30:02,TSLA,Massive Options in Tesla Shows Investors Placing Huge Bets on TSLA Stock,inkl,https://news.google.com/rss/articles/CBMinwFBVV95cUxQdGpSWXViNy1QRy1aTmg1cnlxODRRNEpuZmYybXBsOU56clhwYllEbnQzR1gwc0NhUGtCYjFLVHptbXlsNnJiU0hNTG9mcElWLTVaU2pXZ2tydTN4cGlMWGF2ZDVGczY3RWNGNk5wbXhRWVJuQXJNQmdia3E2dGhtWnZoNEZuQWFWS0R4a0x0UFJFS3lxVnpiOE9INEVMSXc?oc=5
2026-08-25 17:29:52,TSLA,TSLA Stock Rises Premarket: Tesla Gives Millions Of Older Cars A Major FSD Boost,Stocktwits,https://news.google.com/rss/articles/CBMipwFBVV95cUxPUEZ5bTNicHMyWi1xb0VMUnB5R0thdjFZcTk4VFFGd1Y0REgzT2lISDQ0YWVJY2lmdk5sVjRkdXVWZUl4WUs0cXhqZnVFWXRqZWd0NEhaMDV4cm5aVEZpMmlNU2xEQktDcW1yRWhpWmQ0c3hncEtVajE1Y2RBM2RadWdVckxXTzJHSzR1TDlKYXJNMXQ1dEV5Mngtcm9fR09XZGFMTVZjQQ?oc=5
2026-08-25 17:03:48,TSLA,TSLA Looks 6.6% Overvalued on GF Value™ as Trade Tensions Rise,GuruFocus,https://news.google.com/rss/articles/CBMinwFBVV95cUxOMVZ0QW9UWXpmTm1EUlBIdE9BMVlyOW03MWtwU2toSzgyMUVPY1pjNFpTN3AzS0tYcnZvdkZpTDBBUEE5M2VibzJZaFcwaUNCazZuRFBrUkpaTDdmS3g0bEVoOGFZbXhtWjZ1VUVwcVpxR2UxUjM1bW9XTV9GV0ZVNk82Q3FYc0pEMVFYcFBBaktuc0pENzZkLVVNdWNCSDQ?oc=5
2026-08-25 16:09:34,TSLA,"Stock Market Today: TSLA Earnings, NFLX Sell-Off, ISRG Top SPX Performer Cardinals Vs Padres (ZlUzxvRHGi)",Mshale,https://news.google.com/rss/articles/CBMiYEFVX3lxTE81WlZMV0xCYzg0UWE5UzFLREFFd0ZwNEJJRmJadkFGb0h6Y0xrLTItYlJiSnFJVlo4SmxPTjhSUS1SR1F2V2tMakVOWEcxN2RHY1FyaWNkdmdrNjVndHZuZg?oc=5
2026-08-25 16:05:27,TSLA,TSLA Looks 5.5% Overvalued on GF Value™ Amid Strong Guru and Ins,GuruFocus,https://news.google.com/rss/articles/CBMisgFBVV95cUxNUU84MWM1QzVDcnZuSlhXT1RBbEVXRUZOQmRzQ0E4WEt4RE9XZW9uUjQyXzQzZUFqbXZfNVpKU0NrdUx6WVZCWWlHWFZhdWc4NWtvbjNXd0Vnc2NSMlVfanlMN1k0LVJrWWFVMHBMaF9xQVlNblZzSzZscTdDQzhhSlhGTU5XY3Vuek41TElBYW8wX1dXYjAwUmlidjlLSU5LVi1NSUpES2hqcTZOdVFyTWtn?oc=5
2026-08-25 15:27:11,TSLA,$Tesla (TSLA.US)$,Moomoo,https://news.google.com/rss/articles/CBMidkFVX3lxTE9rOGk4MEx1MUMyY0lMUHRqQ2EzX0NjdTdRa1c5bU82aHFsX2x1dTRFVlhONm05UmE1ZEpOeTc4N0pudTZpM0NPaFdodG5WQVJ5N3E2Y1lIY1pjLWZYTUJqNUZsU2duQlZ0ZnhaeU02T1V3ZGN3NGc?oc=5
2026-08-25 15:08:16,TSLA,Tesla Stock Slips Overnight: Retail Turns Cautious On SpaceX Merger Hype As Analyst Questions ‘Absurd’ $2 Trillion Valuation,Stocktwits,https://news.google.com/rss/articles/CBMiwAFBVV95cUxOT0UwWXVqREtZeEdsM3FCQlRvcDczQUd0REk2V3VKNndGTWFhTXJSaVo1S0lUSWdqZExFVmdoRURHRnUxSjVxZ3l0eHhLTlJRbERoTnFQOVNnZzNWOWZJOE9BZGF2a0k0bTM3Z2V2dVNVdGRCZ1hrTHdFektlREhsYTZMankxZWpNUkdLMEhqTWtpNWllVHJiZlNsNmplSDFwVzRtQnNEci1ndmtwekFIM3pMT1lHU2RURHhxYnJqQjQ?oc=5
2026-08-25 14:48:27,TSLA,Viewers Selected Stocks Weekly Technical Review | AAPL | MSFT | TSLA | NVDA | AMD Luna Springs (WUU2Y5J1s0),Mshale,https://news.google.com/rss/articles/CBMiYEFVX3lxTFBRRWRucURJdkhpYnEtLWx3SjkxSlNoNnlYNWloaUQ4eGJCZ25OeFQzTFp3VzRXM2lhOFNDbXcteEQwOHMtWjVDSGhQeWIyek5QZVh5eWkyd1pTMU5zQkx6Ng?oc=5
2026-08-25 14:34:41,TSLA,TSLA Stock Slips Premarket: Musk Joins Trump’s China Trip As FSD Delays Threaten Tesla’s Biggest Factory,Stocktwits,https://news.google.com/rss/articles/CBMiygFBVV95cUxQVHl5OGJHalFWTEM0d0l2LXRjLVJ6QTVjV0t3a3J6YkxkMF9fT2ZGU2VkNGl2NGpEc0NxMjV0SkRHMDhQUWJVTXZUOTVFeVdfb1I4dDBzV25yNWc2UlRsaGpIb1h0dXZIcVMyUXNQZ0FUd01vMmVPQmd2NDBkMy0tV2E1TGs2emp0Xy1iMHA0Z21ISDNpSTFOQzRKRjZGSGhZQ21vY2R0dzZfbEVnOWh4VzhtRnVoWnRJRXMwblQ0VFdJRzVKWnAyOExR?oc=5
2026-08-25 14:32:36,TSLA,"Nasdaq, S&P 500, Dow Futures Edge Higher, Brushing Off Fresh US-Iran Clashes As Earnings Take Center Stage: TSLA, NOW, GOOGL, NOK In Focus",Stocktwits,https://news.google.com/rss/articles/CBMipgJBVV95cUxQZ2hXeEdGRTNxOXdsM2UyZTZlZGxOczEwOXBwYzI2SkNpbGQ4THdtQnpJcTRUMklhQUlrWlZyZU5qdDFDcEowRG1YM3FWODhiVVdEMUg0V2Jad1VwOWszbDhWS052LTRPSnJXRVAyME9tMVdLX3NWbElKb2FEd0pVWUtWcGNVeXJ4Ty1aVG5Kd0VGRTZBZ1AzQ2FVQXFwR08xU1hpZkJUcHFxTE1hMTlMQ1JGWWY5TlJLNGp4ZUF1MDd6ZzY1YnkyOHVESmtWTlZEZndqb3duaWNmZGstSmFtemtyeldlY3dKTjFUZWM4VVk1YmpuaVJLU2NPdUxlVXhvRWhvQmNvbVZtM2VBWGZoc0phWWNpQmk2WC00UHJ4ckZlM3V0eFE?oc=5
2026-08-25 14:30:10,TSLA,Viewers Selected Stocks Weekly Technical Review | AAPL | MSFT | TSLA | NVDA | AMD Luna Springs (UU2Y5J1s0a),Mshale,https://news.google.com/rss/articles/CBMiW0FVX3lxTE1WbFRmNl9EajhCbTFJd0hGYlgtQlN1S1MwRHZMa1ZENTFWNHNsZFRWaUJ0aEtxRVNyTlRDUkJzQ0FsZWZVa3F5Tk5Rek1QRnBNWW1kaXhzY0pFd1k?oc=5
2026-08-25 14:28:34,TSLA,"Nasdaq, S&P 500 Futures Mixed As Oil Surge, Trump Tariffs Cloud Market Outlook: Why INTC, TSLA, SPCX, ORCL, SLS Are In Focus",Stocktwits,https://news.google.com/rss/articles/CBMihAJBVV95cUxOdVAzN3MtUDg4Z0JxMzNBUFBrNTg0LWZ4MXVSbFZfS0VIYnlUUGlxUUhkNm1wWm94RnJpdVBLYU94UGNVOWE2NVh6aVpuN1hTOS16UHJSci1FVjhUdzJrYzgtTWZ4QzczRjRwRkMzUnNOcWNQUmRibm5GcnFJMHpJcThMT0VXRFlDeHJOY1BHdm51dXk0bmNjVzRtSHJ2NzhmMHMtcFJKejhlN191czBYcnhnUmE2elR0VERWMnVXUDUtRkZhc3F0VDFJTHI4T0UxQVNFZ3dpUTdNX0QwUU9qTW5Ya2IycTM4S0pnREgxU25WanhpWVhIWlBrTHVXMkxVUTlzeg?oc=5
2026-08-25 14:21:48,TSLA,"🚨 TESLA STOCK IMPORTANT WARNING! TSLA, SPY, QQQ, ES, NQ, NVDA, AAPL, META BTC! 🚀 Heidi (eLDwDExChe)",Mshale,https://news.google.com/rss/articles/CBMiW0FVX3lxTE9HcWIxM0lIUzJGdEVSNjg0c0FhbzRCQXV1dUdEWlhaenhJbjhOZGg4b0d0eVdLUWF1U0tac1NtS1l2QUo0eTIxa3hweEhFRExScXV4WVdjMzFZRGM?oc=5
2026-08-25 14:13:02,TSLA,STOCKS CRASH! BUY TOMORROW? PALANTIR STOCK! AMD STOCK! SPCX! SMCI! NVDA! TSLA! SLV! HIMS! META! MORE Disney Plus (EjRbi6yK5x),Mshale,https://news.google.com/rss/articles/CBMiYEFVX3lxTFBXMFRCUFFabFNCSGRwbU9LQkNZYmNZdGp6aklacmQ5OUNDSVV4dEpVSUdiQWpFQ2FzMGlSdWJXQnljUnV1ZXdSaFgzQUZvYnY5S3JlWEU3TnZmTzNJTVRkeQ?oc=5
2026-08-25 14:11:13,TSLA,"S&P 500, Nasdaq End Lower, Futures Extend Declines As Attention Shifts To Tech Earnings, Geopolitics — TSLA, GOOGL, PSKY, RDDT, AMZN In Focus",Stocktwits,https://news.google.com/rss/articles/CBMi6wFBVV95cUxNS3FCM2FtQ09vLVR0YzVSUlRxWTg3azY1WlUzamt4cUE0b0c4a1g2WGVvRWhfTHA3bUlWb05BUXdiaWxjZ282alByRjhFU0NPMFloUF9xRUFWWS1wZVp0Zmc4bzJhckh1dUxQcUd2azdETm5KTmlUVGlDQUxfWXpCOE1GbXp4UWVCdGo2OTNYUUxPNnlEYmVRT0lIWVhiMjZ5MzJtRHFTcWkwbXI3aTJJQ1ZXcE5PWjNkU3ZSWnFfaVNsZm1GdEZGLTBaVFY5aFBNX2Q4dzdfMlNRWDRZT1RZcFhMVHRKVFFHRnNF?oc=5
2026-08-25 14:09:34,TSLA,"$TSLA 260826 355.00C$ Choppy market, I'm out. $Direxion Daily TSLA Bull 2X Shares (TSLL.US)$ Hang in there",Moomoo,https://news.google.com/rss/articles/CBMivgFBVV95cUxNZEt3LU5ELW5yNlB3Z2JDVE5mTmd2MU9FdGE4Q3lMUENwMzZPbldJNkh6RzlBai16cDBkWVFwNzJkcnA4ZUVQdE1JS0hEeU9HRlZpVm5xemx6Rm5lRzlIZ2dfV1dpTnFmZ2RENHpaS0QxQjhBaDlIZFhGQTFPQkdTNFduUEVDYlpGTkZMajcxeXdHLS1tRWhvaExHRExfMDBZMkJuXzZxM3c4SjA2eXplOU14aEdtR3pRcTB1WjRB?oc=5
2026-08-25 13:41:01,TSLA,"S&P 500, Dow And Nasdaq Drop As Inflation Angst Spurs Rate Hike Fears — TSLA, SBUX, POET, MSFT, NVDA In Focus",Stocktwits,https://news.google.com/rss/articles/CBMi_wFBVV95cUxQTDIwWUdzb25ycDRMa3NiLWtHVnpFa18zOW1FbEpuSXlOb1BaN3A3SnJNOGw3QjUxb2VDeFo4X1hiWTlHa1FDNmcwYW1oSVFsaG1HN2pfN1U3Q1pIVlo4QnE4LWVkbHlKUXl2bU1aazNYTlU4WHNDelVKeThaQ0FDbC1NemFqc1lFYTBWcWQ5aU14dHB5N1kzYWctV0t6Q01YaW9Qa2RLdnNGMVpsRjNKMVg0bVZMcHFKUGRIdUZ5Y0VndHZCTzZ0UGVERmFpOFZkNzc3S0RGSGQzRDluM3NhQS1LanpLQ0M4YUN0Unh6UDUzMGhqdE9CZVBhbGtTTzg?oc=5
2026-08-25 13:33:48,TSLA,Tesla Stock Slips Premarket: Ross Gerber Sees Tesla-SpaceX Merger Forming A ‘Berkshire Hathaway Of AI’,Stocktwits,https://news.google.com/rss/articles/CBMixwFBVV95cUxNamU4YmRmYmk1cmFILVM0X04tekNudE9xTzdBWjFTeWhRQnF6NjN6TnBVakVKVU1zSHdTaFNtREs2SXhybHV6QVVxb2NkaFJSVWljU2FXQVR4R2FGR3NobHJKVmpFZzJ6V05DdmpERkRYWHEwN0hrWWItOEotcUtFZHZma2JwQXFwS0ZPWnh4cHV4TVBtX3UzOVdFX195Um1qWHZUVmEtQTgxUlVSczJsemVESzJZXzRSLVFXRkxpUGQyZkZRbkhj?oc=5
2026-08-25 13:22:23,TSLA,"Pierre Ferragu Says Tesla FSD Could Be At An 'Inflection Point,' Compares It To The iPhone Playbook — 'Give Us 2 More Quarters'",Stocktwits,https://news.google.com/rss/articles/CBMivgFBVV95cUxPc1VXbFFIak5YSjF2dUZvQ2R4TTd4dFpoMmdhWm81UGFwRnZwSnZ4UkNDeG9ERmpxMjlkQWNFbE8ycmVLVnVxRkZpNmFMMmNRVldEOXVYUTlIX2JBYVAxZ1d6WktMekZfdWNjTTlMZllDcTNLcXE1SXNHVm9tQkZ5aXZiUVRtNjVnZ25NdVM3ZV9TQjlXNUFvSS1kd1NkLTF2ek1aN25FQ0RISHVHVER5R3J3aklKVlNLMHFvNFJB?oc=5
2026-08-25 13:10:10,TSLA,Technical Analysis Of Stocks: SPY / QQQ / NVDA / TSLA / AMD / PLTR / NOW / MU Ufc 329 (PFhPqoOFiZ),Mshale,https://news.google.com/rss/articles/CBMiW0FVX3lxTE9fUUZUV2lLdXRuWU12eklDa3pXcnVYRDZfbmZoQVdybDdleWFzT2hjWFIxSlktaFk5RlhfQk9ZQ2M3RHNfeUxIRnp0T0F0Mm5Randyb3Y5Sk55OE0?oc=5
2026-08-25 13:03:09,TSLA,Tesla Stock Rises Overnight: Elon Musk Eyes $10 Trillion Net Worth As Massive SpaceX IPO Sparks Tech Sell Rush,Stocktwits,https://news.google.com/rss/articles/CBMiywFBVV95cUxPY2J2bWRzMVB6R0FUR1RWektxUkNwbEJfWE9GRmdoMzhLTFR3OWlLSlhHQkZETjNMUkdlTnpSNHk3WmJLalY5eFNJbzZ4TkRhcW9GeFZYYkNMTE5tTngtd0FHeHRoZmQwWHJkQUVvTkVacWhpN0hvQkh2SlNfWktKSDItbDJ4dU95ODYzZEpTbE8tVWozeTVqMnF1QTZBQ2otTWlZMWpxcGQ4QlJucHRnVUc5Ynh5RHI5aDMwX19penhxN3JKSzVNSW15MA?oc=5
2026-08-25 12:33:39,TSLA,TSLA Stock Eyes Red Week: Elon Musk Says Tesla’s FSD Could Soon Take Directions Like An Uber Driver,Stocktwits,https://news.google.com/rss/articles/CBMitAFBVV95cUxPNXN1QWd4TVp6MDNJM0NCUVlWX3dXTXBhdXo5WEVQaE1uZ0V6cXhNTV9ibFNOYnBOMkJYS2haWXZOYjdjRjRsRjZNZnlUN24wZlpCZ1BNdkxzajItWWJiSzVKSzQyTklWUXFuVnE1ZXpkQkxJbDk3QmJBamFiSnY2MkQtTTVWejRkZGYydzZMeXpPWVBqNXJlbGliNXB5cWZyampJTXpuQzdnNGxQWG5uWURzMzA?oc=5
2026-08-25 12:30:00,TSLA,Tesla: I Want To Buy Back In But The Valuation Won't Let Me (NASDAQ:TSLA),Seeking Alpha,https://news.google.com/rss/articles/CBMinAFBVV95cUxNSHZfZ2xDN0FsUGFnZ0JIeEdnWnA0YkVOZW10NEpqMzc4c0VGRmxRNFhYc2MzdEN1S1UwbE1Uc1VxdnplNExROUhmbWFEQ0ViMjBBeV9HRDZVa0pFYjBRN0dTQnpsTGUwbzYwR01NZmZ5THRJaHBsUktvb3QxMjVtd2hlNXpkb05YTnl5RHJWTHlnaTZIWUJURHhvLXU?oc=5
2026-08-25 12:14:46,TSLA,Huge News for Tesla Stock Fans,TradingView,https://news.google.com/rss/articles/CBMilAFBVV95cUxObFRiSm9HLTBFWmVOY0s3d1VILUJ2Y1JRTG44X2N0SjhzWmxxSTZuek43ZWxXb0ZIRlhQeHNsOWRWRGQzT2FPUVNxQWh3QjhTZmRHaTBVVzNwVFUzUTdpRTlQVHNVRFdrank2eFFRWV9NRUZSNXhqd3hzNzVreWRFU1F3Z3dkMGRITTdGbHRsQ2tsWEY5?oc=5
2026-08-25 12:10:23,TSLA,"US Stock Indices End Week Lower On Pressure From Elevated Long-Duration Treasury Yields — PSKY, MSTR, WMT, TSLA, NVDA In Focus",Stocktwits,https://news.google.com/rss/articles/CBMi7AFBVV95cUxORkpyaHM2ajZJS0JaelRSRzBCNWZ3QldfeGwtd2RRc01ZVktxZEcyN3pvaG9reWNUZ3pYTWt3WVJJelUyYkNPSmNvYUMtazFPelhmQXdKNkY5V0xNcWlPTkw4QlJnbG81SVR2MmdsN1JGY3VhYzBwdC12RVRLWVVpQlZPcFVsdmU4cmxJY0hQODZBakRRVDRNdGFXOUVUR0lQZ01LMjRXSEdmdmpxNFFOU3Bnd1JGaHJpcGc2ZFpnLUZXVVFtMUt5NnY3cmdkWlRRRXVvVjJqYkY4QzhlQm5YTjF4TXEtdG5NeGhTXw?oc=5
2026-08-25 11:54:58,TSLA,"Stock Technical Analysis On TSLA, AMZN, META, AAPL, MSFT, GOOGL San Nicola (hJ9s7eHIIe)",Mshale,https://news.google.com/rss/articles/CBMiW0FVX3lxTE83cXdKQWhZSVo3czF0VGdKdlBVMTliMlZrRE4yLXdiSnY4dkR4eDFYRDB2QnhNRVFucU1VT2hlaHctd20tcVpYNWJmRWpEUUpaVzNEblNNMHljQkE?oc=5
2026-08-25 11:42:51,TSLA,"TSLA Stock Rebounds Premarket After Q2 Rout — Cathie Wood Bought The Dip, Retail Influencer Sees SpaceX Merger Reveal In 3 Weeks",Stocktwits,https://news.google.com/rss/articles/CBMiuwFBVV95cUxOVmdySk5UT2ZvbDBKZ3VkcldESmc2alUyMkJNVzlJVHRyeHFTUmZDODh5WUNobFlFZTUyOGlhOTNvem1KVndJbHYwcjRHTmNXYXBBR1dRZ3R6Uk1ZeFZ3enFVRXRSbGJSNGVHLU1tUkREc043ZEhVNnhFZVJsZ2lTb1h0d1JreVdLZXVzT2hNeE1XQk4zNHhMWTBnUkVqYW1uOGY0azFzdjBkX2txVWxoWVlmdC1tTTlyLV80?oc=5
2026-08-25 11:32:03,TSLA,Huge News for Tesla Stock Fans,GuruFocus,https://news.google.com/rss/articles/CBMieEFVX3lxTE1IamhLM0FlcEF4ZV93R2FENlFNeW1LeTJiVXdTeFlDYzhUc1hNYzJFZWkzSUh1QmYyOTFLTk40TzJYNFo5cXEwaW1iQ2ludFBWblhpajFYWWY2Q2UxaTZKZzdFcUl2Nl9pTkRVaXBSbjNDS2l5SU1xMg?oc=5
2026-08-25 11:28:50,TSLA,TSLA Stock On Track For Worst Week In A Year On Fresh Roadster Delay As Musk’s April Promise Fades,Stocktwits,https://news.google.com/rss/articles/CBMi7wFBVV95cUxOTXpzV2drdVRITXRXaFBEdGsxdFdTR2FSazBFMDJKWUJ4MF8tWWNZQnEwT2tpYXh5cmFEOUZGemN2dUV0ZTFjbjZHNDdXZ005bXV6UlVkVzNJc05Yc0t0Ri0ySzBCOXItVTI5eGZUTFRMTm10RXlLMkhFZWpnbjNvSkVoSnN0V09XaV9ucVNfeWdLWkIzQXNHWDJBZXRsNktwcl80bE40a3g2aS1ibEZwMEJodmlqYTd4UmFGdldSNTdOeElValkwWjU4YWpWNnY0YnQ4VzE1aHRzaTJIMUZqX29CaktiQUxYU2NyZFdoWQ?oc=5
2026-08-25 10:53:27,TSLA,Will Tesla's new solar ambitions join Elon Musk's hall of fame or shame? (TSLA:NASDAQ),Seeking Alpha,https://news.google.com/rss/articles/CBMiqwFBVV95cUxOY01HNDFJUzRhazFSNzVIWXlkclQzYXVnSDM3VFZybkxKaGxpaGg2LTBCdlhtdVhzVXFMeUNBOUFRTUQ3RWdRRThTSmhrczNUb1NtaEtfV1BoQnRFMGZsQnF4Z1kwdUp2N3ZtX0dfUEg0WktDd0Rkek1qSUdLT0NfM1B3djIySlBpRXJRVXBKdXQ2cWw4YXBYSmhaOGc0T1VhVzAyOEliVktGNzg?oc=5
2026-08-25 10:20:23,TSLA,INTC Stock Gains As Tesla Plans To Use 14A Chips In Terafab Project; Earnings Due Thursday,Stocktwits,https://news.google.com/rss/articles/CBMi6gFBVV95cUxQM25pRGFzR012N0RIQTlPT1NMRWc3VGJINHJ3NU00MDhiUHRKTFZ4blNxWlJBdldhX05SRHRva2ltXzFOR3I5N2RHR2VMcEItcGw1M1A4ZTNPdVp3SjA2T2xPbkx6dzcxdC1aWFJGRjFubXl2YXBmLU5uZy1sQ3hBTDBhanZlaFRoV3NzeERNV3ZsOGxNb3M1SjV6RUdzRmJmZ0JtaERzM0d0QmhCLXVRNVdCVWlvT1Naa2ZSX1dMUWhZWnF6UFQtWjVLXzc2REFyWXlPSXIzcnFpemJMYmpQTVQwYktFa1F0ZFE?oc=5
2026-08-25 10:17:51,TSLA,TSLA Stock Slips Overnight: Tesla Model Y L Rumors Heat Up After ‘Long Weekend’ Tease As Investors Await Q2 Deliveries,Stocktwits,https://news.google.com/rss/articles/CBMiugFBVV95cUxNZEZ3MnlxQUVnUmJoX1pkVTYwd0FId1drZ2ZpZy1MSXJQclc2VGtUM3hFVE4yd0xfLXZLMS12azNDMlJEWGN2RG5oeWxEeFF3WW9BdXlrdFlQOW9LU3p2OUZ2WmRKUHp4c0F3U19TSWk3cjJRYXJNN3VqaUxZMzA5UFFjQmZRUnZZY0gybnA1TmdFOW9vRy1HYTdidHZzUFhVeVN0VVotWkFlazVKQTk0TEdDZDZoQlZDYXc?oc=5
2026-08-25 09:40:36,TSLA,Great News for Tesla Stock Investors,The Motley Fool,https://news.google.com/rss/articles/CBMihgFBVV95cUxOLWdrNXNBWG5SYmxoYUVZSEVVVzlhTnBINy02MzlNQ24yTFRjYnBuNDZXUUdiMUd3Y1U1YUlwSXpoanZZSllGQkFkYmZ0bGtoRWloaTFwNHJKbGZvZjVHZTZ4cmJvQzZ3eDYwQ3o4TmZrdUk1Uk9NLXBRN0VUekpqQjk2WEZSdw?oc=5
2026-08-25 09:35:01,TSLA,"Why Are Nasdaq, S&P 500 Futures Rising Premarket? NVDA, TSLA, BE, GRRR, NVTS, NBIS, SLS, MSTR Stocks In Focus",Asianet Newsable,https://news.google.com/rss/articles/CBMi8wFBVV95cUxQTXhUUHUtR19wemZfNEFuX1drV1lDcXBWLXZ3RE11ejdKYU16bXNtTE1kcHY4NmIxcXVjUmlmSEdRR3ZPUTdBektzOGxEeDNDUEdsRUFGZXN0dlVpT3ZPZmM1XzNpWERpQWVzOUZYbWphblNsSE13dDlzaV9LUlhnV3ViSnZGUWpCWUZYVmRNeFRFSGJGZVJGN2JDS083TDhIV3dyUW9QXzlfNjRzWWdlenN3WXNKdWtjUGJfV0FOdTJPRjZ2WWRqOWFQTmI4bU8zY2d5ek5jLWx4VTNNN1hyelR6Ykh0UHc0cFZuM1Z0Um5tNHPSAfgBQVVfeXFMTVJ6Zm84REZPRkc2Zk9yNTFFN2s5Q0VoVTZhRTdaLXJ6VnlNcjNOZm5MUFo4eHp4NVJPQnJ1NEltdGZYTlV5Vzd6bnhrc2JzOVlqLXdvajlDTXJCc1hkdlVaTWN4UDNSVXNxcThLYmdKdzdCZ0VXR1JrVE1MdGM1SjFwX0pvT0tSNjgtX0ZfMmRVTzZVQ2g5NGtQajdoSER2Wjl4VjBCeDJJNDFjUmd2S195Q0d1a1docnlDSjdCVEJGeXRhd1c4V3JGODVRdml6dzJ6Zk5vTG5rMFZnaWU5SDdSSVZKOFh2SnVjRGNITGQ5Z3BPSUFGQks?oc=5
2026-08-25 08:45:29,TSLA,"J. M. Brown & Associates Inc. Purchases Shares of 2,391 Tesla, Inc. $TSLA",MarketBeat,https://news.google.com/rss/articles/CBMiwwFBVV95cUxNSW55QjlCQnhXTnFLVVFvUEZwX2VWb2RNbjNGOUZna3dTTGJ4ZE41TDd3R0JabDZqQjJXeGpvaHAyZURzanF3NFlaSThHdWFtUVkwbHFUUDkxT2dnWm9lT2VDdkJERGFxY244ajNieEZwVlFCMmlIQXpYRWsxdlFqS2o4Z1VpcjFGTWtvYzJ4al9SQTN0X1V0a1FsY3Zzc2RYWWRTT0VqalIzTTFMVHVOT3htS3V0VWZRRm12SVA4ZzNpbnM?oc=5
2026-08-25 08:45:28,TSLA,"Johnson Investment Counsel Inc. Buys 1,688 Shares of Tesla, Inc. $TSLA",MarketBeat,https://news.google.com/rss/articles/CBMixAFBVV95cUxNcjA4d29yZENrRmpPbWJoc25HcE9WcE1qQ1E1TjFWTUhTUWxtbmEwLXFUaTk0U3lneEU4RXVxbDBPaXE3QzZVRVVTLU9wUzVROEctQW1ra3l1MVN1cW1ib1d0YnJDT1J0dHR2N19xZVduRm9EV3RERmV3WklNT0hUTjlVaTN4bjlwcDB0aGloT0NhRklUVV80cml4elpQa2JNeEt1YVRLeHFidzNFXzJNczhQeTlfZDV0WmdKenZSUFlQZzNG?oc=5
2026-08-25 08:45:27,TSLA,"SBI Securities Co. Ltd. Sells 3,301 Shares of Tesla, Inc. $TSLA",MarketBeat,https://news.google.com/rss/articles/CBMiugFBVV95cUxOcjVfb0tfTVBFWEFBak1nMXc1N0dNMTFZTTlLZTRoUHZlenBvdVJ4ZG5ESlNlZ0RCY1cwVXcxYkJWcHpHdHAwVE1vNVFKRjNTSGFTcWl5WDN2V00wMlp0T3NwLXJjQzZlZUpaQ05OTVZqaUEzS1lwTi11aFQ2NG83YzdRTUFVTDJCNW02Z2pHeVNyUk5tWWNrWHlOT0c3NkZjbEFjcU1MeVIteWtfSEdXN2puekg1Z2hvX2c?oc=5
2026-08-25 08:45:27,TSLA,"Tesla, Inc. $TSLA Shares Acquired by New Harbor Financial Group LLC",MarketBeat,https://news.google.com/rss/articles/CBMiwwFBVV95cUxQSkZpWnpzVEdUY2VOcW9Nb3BfTFNjOGhrbHltbklaR2FIT1JIMENOTHFlLVN5akVaOVVvUGhtYWk4WHlISmJLVUNFSG9hRTFCTm9PMG5GS2FmWlBPSHVKci1IeVV0dFRNZXBZckxMS3NYRlFsUVNhakJZNFVwN2VtRmFGcXBpVjJlSEFXUW1JZ3VubklWSU5vQzBwQk93dnVLMzYySFhpeUQySFdKMTU3Y2pNbVFNX2ZNYTF6bC1ZQWUtM0k?oc=5
2026-08-25 08:35:34,TSLA,"Securian Asset Management Inc. Sells 1,485 Shares of Tesla, Inc. $TSLA",MarketBeat,https://news.google.com/rss/articles/CBMixAFBVV95cUxOWTFDU3pGREo2aHdtZUl1aExKRWpfQmVFWGFfMWFNSnl6eEJ5MnN3cmd2d3FOakZHdVBobkhRQU1tY0FSXy1CcVBUMnN4anl4UEJiMElCOGhuU054Rk1tMFd0YVNCVmw2VWtvQloxZGJ2RTlNbklSZ2FRQVNOSlIzMUhGN2d1MGF5RmVYQTdJWWVkV0JTQlJncDRXN0ZMc0dyYUNjQnNMXzJJd2RXdUNnM0NDYUJrNFJ6MHF0LU5Idi1BODF3?oc=5
2026-08-25 08:27:27,TSLA,"Tesla (TSLA) Stock Dips Despite Nevada’s Historic 5,000-Robotaxi Approval",Blockonomi,https://news.google.com/rss/articles/CBMimAFBVV95cUxNRlVYZmpPV0lGbFVfcW1SaGo3cDNvX1A0Y20taHJ3NWI5V1pKcm1UTTItRk1ESHRWcE5fTnlTYlZPVENleHQ3dTI4TXozZzg3eGZ2NzdnQy04MEkxMFRCcXRZcTVkcmJwWFdyMUcydEpvandLSnRRVS1sZnMxYm8xOFA4WGJCRk9WdHVvSk4zVTlqbUY3RUlWeA?oc=5
2026-08-25 07:40:00,TSLA,STOCKS CRASH! HEAVY BUYS MONDAY! AMD STOCK! NVIDIA STOCK! TSLA! SMCI! UNH! AMC! PLTR! MU! SOFI! MORE Stacey Abrams Georgia Senate Subpoena (f9FsUrrOHP),Mshale,https://news.google.com/rss/articles/CBMiW0FVX3lxTE5mSkJ4azBmalR6S3lGekdDU1N6Q1hhVXdhWW5fWFRqTjVKUjI1TktDM0tvUk4xdEIxMm5nRDlNUHdMbjZfcXp2Vm9KVXRKOXdBN3ZDYUZSUkdnakE?oc=5
2026-08-25 07:24:15,TSLA,"Tesla’s $5,000 Cybertruck Price Hike Sparks A Bigger Question: Is Demand Really Strong?",TradingView,https://news.google.com/rss/articles/CBMi3gFBVV95cUxPV1hyTEVuUkF4ZFcxdUg0ZlBRWkQzellTTFZrNFJLSEdvZkFESkVIRzlfY3J5U0pyUnJ2Y3pVRUVXS25zLWYzVUdidFdqMnN0Xzd1ZGZ4X1F5VTFOaVB5SFFrTGlQZ28xdkNjNE1FdWRrajZobEV6ZGFZcWtVTHRyRExSckdYSl9QaGJvMDlzSWtja1ExQlYxRmhpZUFDVWdjckZhWm1iMmxCU1I3RkZmblFYVUpLcENzeVNiNXhGRTZZUzlvT1JOMFYzSWlmV3Q1cmI5RFpvYU41RWkyb1E?oc=5
2026-08-25 07:22:37,TSLA,Tesla Stock Today: TSLA Trades Above Fair Value as Q2 2026 Revenue Jumps 26% – Check Key Metrics & More,The Sunday Guardian,https://news.google.com/rss/articles/CBMi4wFBVV95cUxQS3FRSG9oaWJmZjJ1ZUNmY3J3bnlJSXV1cjVFbElPU2RYYW5YSnd4MFE3VWJ5UEZGZExFeXI4SGlOTUxOWjhMeUpEQld6cGNiRURmLXI2QzZHcFZ3X2JSa214Y1BGeGpTa1liYlF1SW02QUE0elJEWXlmMEZjRTU2VzdsaVRHT3JTX3IwaU1EWDJBYjJSMkszc0M5c3JQS0p5eHZfMHlNWkcxb291cTFYc1cyazJVZE95cnJpTFZobzJObHdUU0dKeTAydlVQdXZUbjN0bnAzZV9uQ1JYZy0wQTAyVdIB4wFBVV95cUxQS3FRSG9oaWJmZjJ1ZUNmY3J3bnlJSXV1cjVFbElPU2RYYW5YSnd4MFE3VWJ5UEZGZExFeXI4SGlOTUxOWjhMeUpEQld6cGNiRURmLXI2QzZHcFZ3X2JSa214Y1BGeGpTa1liYlF1SW02QUE0elJEWXlmMEZjRTU2VzdsaVRHT3JTX3IwaU1EWDJBYjJSMkszc0M5c3JQS0p5eHZfMHlNWkcxb291cTFYc1cyazJVZE95cnJpTFZobzJObHdUU0dKeTAydlVQdXZUbjN0bnAzZV9uQ1JYZy0wQTAyVQ?oc=5
2026-08-25 07:18:58,TSLA,"Apollon Wealth Management LLC Acquires 19,905 Shares of Tesla, Inc. $TSLA",MarketBeat,https://news.google.com/rss/articles/CBMiygFBVV95cUxNOGFadkxsT3hEX3FacVZmdGVkZVQ4WWZCMFIzUnVSVU15QU9zaGJ6X0pVOTBwcER6RG5mRjdoazRWSElHdzNWczdwV2plUXU3RnlLMzNDNmg2LS1ubW15ck52SVhTd1VNVWFmMkJqT0VMVjBfRjR2Z1pCMDFoYXZyd25kaHRIdFRKU0wxM2d2RnNqUmQ5NmJYamo5Y0dfWmswT2d6NF9hNTMxRjJMbjZ3VWl1TEQ1c3pXVmxiWVZWZkl6bDlWdFVxVzlB?oc=5
2026-08-25 07:11:59,TSLA,"Tesla, Inc. $TSLA Shares Acquired by ABN Amro Investment Solutions",MarketBeat,https://news.google.com/rss/articles/CBMiwgFBVV95cUxQcWZXR2ZRY185TWtET1d1dUxDd2NOZFFzblhKSXF4MVFKTUJuNUZURFV2Wlh6ODlIQnppYjlsZl9VV2ZJUlRzemxZajV2SGxiak1qdnh1QXRyT2d3YURSOXFJU3BEUzN3a0l0bzNvek5VTnE4d0FRMzVmZUg2OHJ2OHBMNTRUWTFDZ21pRDZ4czBjOGFxX2dJZ2xSVVRVUmV4d2k4cENaYUhzY0FNZDBfQzE2QUpyZE1TR21iOFlqdzFRQQ?oc=5
2026-08-25 07:07:09,TSLA,"Stock Technical Analysis On TSLA, SPCX, PLTR, HOOD, SOFI, RKLB, IREN, META Eli White (e9jhSlycYK)",Mshale,https://news.google.com/rss/articles/CBMiW0FVX3lxTE4wT0dNeDN1bmZfUHVvQVRyWFFKSmd2TXdmV2xPT3FfZGpDcHpOTlRQMVZsZF9WT053aW1RZW1JWVFscDhWLV9XM2E5bElqNlQwb2t1bXI1SDI4emc?oc=5
2026-08-25 06:59:36,TSLA,"Tesla raises Cybertruck prices by $5,000 in the U.S. (TSLA:NASDAQ)",Seeking Alpha,https://news.google.com/rss/articles/CBMiigFBVV95cUxOeFRtc2R0V1ozTUZlY29rVEd3V2oxWGpZRHZIVWdqMWRLekN2R0NHbF8tdTJOOTNwZTJ1OU81TFdEOVJPUjhlaDU0TUZfU045WEczRDVJMm11T1Vmc1JSU1J5SzU3S2ZES21SdnNNbXdKN0FTX3UzbV9ZRGtfZENYX2g3YmhSTWVrOUE?oc=5
2026-08-25 06:52:40,TSLA,TSLA Today: 6 Driving Forces Behind the Rally,AOL.com,https://news.google.com/rss/articles/CBMie0FVX3lxTFBoRTlqaXR1c3JCdW5zWDNsNURtcmJ5OG9BMGFNamMtRlNkamUzcXBSc1lpcTRsLWltY2wwZU4ydHlSRElITXJIeWpzejBkeGdObmlrcW5fb2psbTYtOXJCeGFjOHRFR25CdlpQMWJrdWpsZ010c1o3SVZPNA?oc=5
2026-08-25 06:52:09,TSLA,RIVN Stock Jumps Overnight: CEO Teases Self-Driving System 'Very Similar To Tesla's FSD' This Year,Stocktwits,https://news.google.com/rss/articles/CBMiswFBVV95cUxOSkZqV0xybl9Ud2R2cU1rNW5TdDFMeXpwLVdtT21FTExsekxJTHUydGJMVzF6eUlfNTljUldVVWZwRE9Ec1lYT0dmQmxQSFRmQ1lodFk5VlZtSXN0N3kybmt6WGtiQ01OQUVoWmUtLU1pbmctSGZWaGdtbGdvY2U1MGN6TnZKU19kT3ZvSXFzX1d1ZHhMZzR1cWgweGhJODZOOEdRVzBVUDNCZTRfdERKdkxTQQ?oc=5
2026-08-25 06:14:38,TSLA,"Stock Technical Analysis On TSLA, SPCX, PLTR, HOOD, SOFI, INTC, AAPL Leonardo Dicaprio (xiSdTuef6T)",Mshale,https://news.google.com/rss/articles/CBMiYEFVX3lxTFB0MkxaMjczNkM2Sk5CR18wbXR5bFVZOVpYZ3RSZF9BRXZjWnV3RU5PZ014bEZrR1R3TzVscXBsSjd1UDNZQjljbm8yQl96djR1WmtnSElBUGY2WDFSbXlfTA?oc=5
2026-08-25 06:02:02,TSLA,TSLA Stock Shows Signs Of Rebound — But Influencers Debate Whether Musk Needs SpaceXAI To Win AI Race,Stocktwits,https://news.google.com/rss/articles/CBMiwgFBVV95cUxQWDdsVzFVQlowZ3pBenhlYmR6TEZWZXN6UEg3TG9fZ0w5cGx3aHA4LWNQR3ZZNWE0X1l4VjB6cWlFbWt2a3duYlltejNSeXJSYVJyVmRWdm1QYXNQajdxRkItY2k5MGxkSGk3THgtcmhSdVg1aS0wcnNmZUVZWTlmelNHUmdzQkoxX291dmEzSzc1NVZsMmNuVm5IR1F3TENUUHVOUmZNYUczV2RYSTZFWTZ6N2JQM2dHby16Q0xWRW8wdw?oc=5
2026-08-25 05:45:19,TSLA,$Tesla (TSLA.US)$ Lets post news from older dates. the main stream media say its not possible.,Moomoo,https://news.google.com/rss/articles/CBMipgFBVV95cUxQenByS21IMUppNDRITDFGbVQzVC02T3hwZVAya0tMVW1nbXVxV0NUT1UzaFMzUFhvc3lpci1qSmpxUks0SVBOS3A3NWNwNjFUUFZRVXNZSjdiMGhzUWFLVXdzaDc3dmxsc0hLY0ZjUEZJMDJhYzQ5TERHTzhqaDZkdGxsd2NOOUJqSGtmZDQ2NWJNdE5vVkwzM3didmxaY1NXNFp6TEVn?oc=5
2026-08-25 05:31:37,TSLA,Stock Market Forecast | BTC TSLA NVDA AAPL AMZN META MSFT Discord Nitro Xbox Game Pass (98Y9gbhUtU),Mshale,https://news.google.com/rss/articles/CBMiYEFVX3lxTE42YU9LWF85TnhQQWx4d0FmOC1BZUJ5U3NtQjFITEZlT2x1eE8xZlRXd1M4aWlXSlBBSnREaWtrRWNTck4yeUNuY1NuOWFDelRYdkxBWmdoT2tqWEt4Wl9JVA?oc=5
2026-08-25 05:01:24,TSLA,Tesla (TSLA) Faces Strict Limits in Vegas Robotaxi Launch,GuruFocus,https://news.google.com/rss/articles/CBMimgFBVV95cUxQN014Rm1FSUxvSmZsRkt0NGRFOU1WTmI3TjlUdGhUZjljYmw0V0JranphSk5xcWR5VWd1eFJVRV92bW1YdVJQVzMtMU5BM2pqTjJHZDBTcExCc1hBTW9xSGR6QklrT3hpbzRwZzJZcmZFZ2hoeDlUTGhvUjJZdGdaQVBISTBFLW1ZVHNGMy1HeXhZU2FnSjVqZmJB?oc=5
2026-08-25 03:53:05,TSLA,"TSLA Stock Rises Overnight: Analyst Sees Q2 Delivery Beat, Says SPCX Merger Buzz Is Limiting Downside Risk",Stocktwits,https://news.google.com/rss/articles/CBMiwgFBVV95cUxOZjBMN3NfNmNROEM4N2xrNWVfazVCNXA3U3ZEVk5wTEpwWWg5ZmItMVE4OHhFVlY5SnVpMk9EVzJEdnpzUHd3MzdETmVlN3Q1UmN0QmdEdkV1Y2pUTG1YN3lrWmRnMzB1MUtrYlBzdV9Xa24taEZmUnlDU1NXQXZqblg2MWdlVE42RFVQaF9BLWpWQ1RpVzIyRXB5cjNyZk9YWEE1ZTB0V2dqdVgxMHZodExTVnMteDNrUVlsNWozVjIxdw?oc=5
2026-08-25 03:25:44,TSLA,Stock Market Forecast | BTC TSLA NVDA AAPL AMZN META MSFT Clima Reynosa (n8sIUQIeWl),Mshale,https://news.google.com/rss/articles/CBMiW0FVX3lxTFBzcDJ6VGtlTzdhanRHQVprcFI1QkpNaWZGUVFxVE4tOUdDQ0RnNXVqaE5mdHFocFZMYkdFcVVCZTFBdmVVdkZwc1RFSTRlcHg0TjRVNVZPZzU3U0U?oc=5
2026-08-25 03:16:44,TSLA,"Nasdaq, S&P 500 Futures Sink As AI Stocks Extend Selloff: Why NFLX, NBIS, SPCX, TSLA, DJT, SLS Are In Focus",Stocktwits,https://news.google.com/rss/articles/CBMilgJBVV95cUxOQzZuaXJLQW9qY1I3YkNFclpxdEFoaGxUUGVlcjBLYm1aLWplVUJqekJxU3RETnFUb1cwNDJMdmpueHBOajhXM1lLcHUwVlBscDMtYlFtZHV5MjRTOVhwWXNCcDFvX3BsTm1GbGJ0M0lDMGZDZDlmaEZtYzB1cGpkUW5TLTl3Wkt2dmczRlIzbUM0MkpWQWE0UmRWQXV0cXI0Z0ZQRlI4SF9RVGJHdEVTdWd4eUl4MjRhWXhoSlc3dVFZWjhDNGlFZEM4cDBmVkVvUTNCRldmZUh3MFJRRkFPekR1aF93SWNqeGhoZlZHWUtJN2pMZEN1TFNlbGlPM3Uya0d6UWdKMTVOdm1kXzBCS2hEMkZudw?oc=5
2026-08-25 03:15:56,TSLA,"TSLA Stock: Elon Musk Exercises 2018 Stock Options Award, Boosts Stake In EV Giant",Stocktwits,https://news.google.com/rss/articles/CBMi3AFBVV95cUxPaGxzTEx6YWhWWkFZTGk5Z2FGbl9pRUxhenpNZ3lXRHE5VDUzN2pQWjBRNG03djh2QWxYOGgzZllRSHhNak1qWXUxOHZaMzBkMWtxMjBUMjFxTDN3andsRlE5WWptWjNMSEZxSlRISjF3cXJwdFpWQXN1RE1oUFp6bGtGSWR0c1hYYzNTQ0phWWZHVmdEQWhrVTdKQ1JBUVdrbDZrbjhocDFEWndZdVBqRVR6X3hfWDNZTkRqWGdhMmU0OXUzQjdNTlh2OFRaMXlucnljazhiYjY2YWZz?oc=5
2026-08-25 02:58:00,TSLA,TSLA Expectations Matter More Than Headlines,Moomoo,https://news.google.com/rss/articles/CBMinwFBVV95cUxON28zQWhTZjhQQmNqR2d3dGlQb3RvSVJZY29TTEJOOFR4eHlZV3BrMnczUEY2aHJOR19WZmprMk0xVE05STI4elJZZ19uSVhwcDZGNlBSU3EyRlBsOEQ3WFNCVWkzclVnMGtxYXB2YXdPTmllVk12RGhBOUNTbWg4blFUUG1yNlhhN0VXUnZnQ3EwSFFBdEZjM2VKVkZMaDA?oc=5
2026-08-25 02:50:32,TSLA,"TSLA Stock Slips Overnight: SpaceX IPO Hype Is Starting To Look Like Amazon's Dot-Com Bubble Peak In 2000, Warns Ex-Lehman Trader",Stocktwits,https://news.google.com/rss/articles/CBMiqwFBVV95cUxOOGRHcHIzZkdkc09kSHRhZjFHRDlhNDlWaDl3SklkZ3IxNFd1UnJBdkQ4ZlhUUTQwWHZkYWh3eWtfNUJkU0VRVWdfRUp4dWNleXBZQVBJSDFGNmhKX2V5MmlVajk1UjA1QzhyaWZfajF3dVhGejU5VEljR3lLT1E1LU5idVA1RjRkdFlDR2N0RG5lOEZnaWNWTzlrUnkzUzdHMEhkQ0J6UGlFMkU?oc=5
2026-08-25 02:46:13,TSLA,Tesla's Hidden Boost: Over Half A Billion In Revenue Came From Musk's Private Empire,Stocktwits,https://news.google.com/rss/articles/CBMisAFBVV95cUxQdGpld3RpS2JRNTNqMlpQb1VTUWRQOHV2X1JrWUhKOEJQcU9sdlFHYVZWNXZybURhaUZiQWtZeC0yVWlzTEdZTFgzZ2UtOTM1SFZqSldrNG5hckpyYldVVll2M3ZYbS1xVmNhbGVQdHJibUppX3podk5Yc25EdFJ5LV9FOElydkJZbWlFMm9qOTRZS2M0cmx4eWF1NXA5cmRGRFBObkdKRFJBWUo2cjVGTQ?oc=5
2026-08-25 02:11:30,TSLA,TSLA Stock Sinks As SpaceX IPO Nears — Analyst Says Investors Are Selling Tesla To Catch A Day-1 Pop In Next Musk Trade,Stocktwits,https://news.google.com/rss/articles/CBMiuwFBVV95cUxPOWhTS3VHemxZNE92eHVGb0lhLW56UE5PaWJBblZkVzJCX21LR0hJZEN3bGpVRHoyQWRrUW9YekJGeGNmR0FncU5pUmEzWHBLWkxOVUNQRWhVcXNjR25MRkhGY21nSlQ2SmRxWWRaZFVKdWRSVU9HdU1NM25NUUtrOU1ZazNwMWh4dnc4TjIwS1hvQUgxOG5CanI2S1ptZGFFWTRFODlBVTg2WWtPSkRmbzJMS1pJRkF2VTNn?oc=5
2026-08-25 02:04:39,TSLA,TSLA Stock Slips After-Hours: Waymo's Massive Robotaxi Lead Casts New Shadow Over Tesla's FSD Push,Stocktwits,https://news.google.com/rss/articles/CBMiswFBVV95cUxQMU9XUWdfQ05IbC1DcVdnTjVtcldQazlLT1AycXdaNUFYT2pXSmw3TDhSY3N0OHRwV1Qzc09NTTdMaE8zYmFxQ0g3SUxQVEswMXlmRS1sdmt4Q0NJazluWWR6ay0wdmZYOHAxN2JRX282YjNENjN3alp5d1Q2b21feFFFUXRtSWdPUjZWTjRTbE15QkxfS0JqcW1kSjRjY1p6eTVxTjJMSmxTeEJDNWVfd2ZrVQ?oc=5
2026-08-25 01:58:27,TSLA,TSLA Stock Trims Losses Overnight: Tesla Cybercab Starts Austin Tests Without ‘Steering Wheel Or Pedals’,Stocktwits,https://news.google.com/rss/articles/CBMivAFBVV95cUxOeUZ3VzQtTzhfcmJLbzBORWxBUnZFWUgzeG1rVmF1Nk5iQi0xSmYxTkNHVHk1U3c0RVpMemdBMDJyNDlDY0dkRHh2anpheE5kQ2Y3TmNkX2llZGViMmJ2T2JieDRYbkFtSURUbkhyZDFsYnpwcTFfd2c1TWVnU2hxWG9majZBRWM4S2FTaVUxa2RtS3ppQ3BEd1I1Y3JLTHNBa2pHSVNFYkpjdlZpb2NvR01lMjBlU0prUTdnRQ?oc=5
2026-08-25 01:54:27,TSLA,TSLA Stock Slips Overnight: Gene Munster Sees Over 50% Odds Of Tesla-SpaceX AI Powerhouse Merger,Stocktwits,https://news.google.com/rss/articles/CBMisgFBVV95cUxOX28zRXpOMmNUM2ttUXc2NzVKa0U2US1BOTAzMEpydDFtQUFRdk9EekJ5SFJmZnExdE5oYXBkRlM5ZEswNDZIeVJQemNHVkcwN25FUV85YUp2UklwRjFxOHpGSHl1LTVQNmdHLS1JM3oyOHZmcHpFME52MjVlMVhRSmtiOVpwU2pvV0lPOW4tblBSMHRWTkRCdjh0ZUhYSkRCRmJyVkZJR1pFMXpjWTJQSEFB?oc=5
2026-08-25 01:31:20,TSLA,TSLA Stock Edges Up After-Hours On First FSD Approval In Europe,Stocktwits,https://news.google.com/rss/articles/CBMixgFBVV95cUxQaUstejhfeDdZLVNWc0FqQ25sbVZsTUNLbTlCNjNQY2JyUTEwWnNJODhRQnI4M01LSzJhVVVSV2cxOVhpNThRQnhveDBmeEZKOW5KcHVFa1BXWGlXbFZMUXkxcjVIcXV6T2hDOXNTZVpId2Z0ODF2RXVrWEZ6cE0tOFNXa29QUzI1dF9NeVFvczlOdWY3MW5fRnd0NjRGTVZoc2kxb2RZdTZOeXVYYi0wN3VldThRTTFfYk1PMl9HZXI4ZDFWVkE?oc=5
2026-08-25 01:30:00,TSLA,Tesla Inc (TSLA) Shares Fall 3.8% -- GF Value Says Still Overval,GuruFocus,https://news.google.com/rss/articles/CBMioAFBVV95cUxQMG5RaUN2VmIzWHRLRzRLY0ZYX1dLbTZJQldkcnVkVHpvVnpha2xaS2MwQUlyVmxjVXJSdy02bU9ZajlxczNTTk05NzVCRTVLOWhfYXlCTjFSTEJkSEx2dXpwYXJqYUE4c0xGeTRqMTZTN291bFAwZHdEUUFOVk15QmF6RkYxTkVJQ3ZRclM3Y3Y3Ykdack1hQUJwMmxnUFgt?oc=5
2026-08-25 01:11:30,TSLA,Tesla-SpaceX Merger Speculation Heats Up As Analysts Clash Ahead Of SpaceX IPO,Stocktwits,https://news.google.com/rss/articles/CBMi2gFBVV95cUxPRTFXQlA0R1JWRXJ3YlhETTFva1VQeHNSSWZMQnB0aWRwVWlmY3BudlNUcWlCbElQQWNtYWxDSmllRDcwR2QwblJ5Nmx4ZTZUSmRSUzRUVEZURHdpTmNMUjlOZDhnNDNQV05sMUY5bWNVOXlSTkdRY1BnSTZ1Xzg0SzRhbUF1OHJoMGVPanNjVVJRWHpQY3ZYMVZjWmlhSzNPdTFuQjQzLTNzWDAzeHFHZ2Vxd2tnSVpnQ2gtTUt3bFk2YmFMS3J1Tmh4NWs4aEhYQkc5ejlJUEYtdw?oc=5
2026-08-25 00:42:28,TSLA,"Trading The Stock Market Open,,,, $TSLA $FB $AAOI U Cluj Vs Rapid București (S92yhiUEen)",Mshale,https://news.google.com/rss/articles/CBMiW0FVX3lxTFBweGFvaG96MExINUplSXIyOG82bmRwcm14MEhBbXhiWEtqQWo1UW9reV9reEhSLXZOQ0gzLWotRmNnSDV0bVZxSEN6NG1tRGY4OGIzeWRNdzVaUTA?oc=5
2026-08-25 00:18:24,TSLA,"SPCX, TSLA Eye Weekly Losses: Elon Musk Sheds Trillionaire Crown As SpaceX’s Red-Hot IPO Rally Loses Steam",Stocktwits,https://news.google.com/rss/articles/CBMiuwFBVV95cUxQaG5HYXRHQk9oQjZyLUx5WjUzX2UxeFh6Wml3OXZmd0swNkVocGdKSXowRDcyTHgzNFdncnlpWExVWU80U3drX1RoY1N3c3ZDZ25iYl9TZktlamVMZFI0bWdNOVF2anh3MVF5VWVPMVRRMGNCREhwNk52QlYyMUd3ZE9vdjBLSGJRMld1M1EzdDFOTE1rVlU1d0YtQm56YWg0d01jTnBCUTM4cDc2b1NhVHlMMVBOcUtZR2RJ?oc=5
2026-08-25 00:00:52,TSLA,Great News for Tesla Stock Investors,The Globe and Mail,https://news.google.com/rss/articles/CBMiwAFBVV95cUxOR3NzNVR1MTdZeG8zcGRRZ1VvZUN0U1JUbkZIVENyaDlxdjBibTJNUUdyUkpmUHZZTHp5bEIycDJMSUtQR1ViTjJDUU5jUlROT2xRak5WM0daV0VfcWJYNGttQ1Ewa2JHeGx3UTNLUkdvWWtra1RkWmpnekJkRXBxMG1xN3lNcjRBaW1meUtvTzRYcGtYTnJsZV9hTFNZd1BzVHFiVndoNGN0Q3ktY3hOd3c3SHhERUVxOEpEbEZNZ3c?oc=5
2026-08-24 23:56:00,TSLA,Tesla (NASDAQ: TSLA) Cybercab Production Launch Set For September 3 As Robotaxi Ambitions Accelerate,foreignpolicyjournal.com,https://news.google.com/rss/articles/CBMi3wFBVV95cUxNUFJsT19nZ2FFdFBwMWpCNnBEQjdjN0tBNm1TanRRdnZHWlczT2xWZkJpNWNkaEdOZnBMVV9FbjZJbDgzb1M3c3FZUlRwWUpxQi1NR0QxYTlpc3pkV2NsR1JqcnpLSkxJN0x6WHVibzRNR3h5ZWNVWE90MG92WUR4QktwQjJTRnZqbTRTVXpwWUFaN01vaUlEelAxczRxOWtwdnJnSy1hQVZTcUxDUERObGhRWFZxZC1kT3k3eUlSNHQwTlgzdk0wdGlsZUdwVXJwZkNiRUNqNUZ4bmVNbmxr?oc=5
2026-08-24 23:50:50,TSLA,Tesla (TSLA) Set to Unveil Cybercab Amidst Regulatory Advances,GuruFocus,https://news.google.com/rss/articles/CBMioAFBVV95cUxQV2llRW85b0F6bGp5OEh0SFFzejFXdmdXNHVmSXhXTGpBQnpuMlQ1Zl9WMExhbDZhd0NBajFTNDZycGdISDV3TmNJVVpCUGJsS2JFNFNOOFdoWU9JUnQwamNibnV5QW9kV2NaQWFERk1kOUVpd0tWalJWZ08yNHhiUDdpZ0IxSGI1dnNBMHUzUGpyT0k4MVgza1NRTWxxZ2lJ?oc=5
2026-08-24 23:47:44,TSLA,"S&P 500, Nasdaq, Dow Drop As US-Iran War Jitters, Inflation Risk Spur Tech Selloffs — SMCI, AMZN, OPEN, SEGG, TSLA In Focus",Stocktwits,https://news.google.com/rss/articles/CBMijwJBVV95cUxPZnFuaktyTTdVZzVqYlVnY2dGaC1NRHdPVVcwdmEyOEU2SmlxTjBWU1VyaTVOa05EUGQtNWdqMzVEUm5waW5KbGY5aXRnQ2ZxUThtVXpmU0dUc3J0eS1zaTJ3ZmNJRFBmUFd6dlBrbHRwdWhQbHRCSWI0RHNGQ3JxM1dMWndMOWs0MXVCaFhxSi1HVHFRVHpuOFZsRGlNYll5WFpGel9ILU03SjZHZGhZVWRMU2tLX0xfRDR6UzNXZF9WdG9Bc0NQNW0xdVRKWmVjU0JJejdHYk9QZDFCRUtSSTJTV2ZDRjROckpuLXFvc1JSclZRcnU4bE8tdXc5elU5TGRGa2tFVS1fX0NibDRj?oc=5
2026-08-24 23:42:08,TSLA,"Nasdaq, S&P 500, Dow Futures Crack On Tech, SpaceX Selloff: Why SPCX, TSLA, INFQ, MU, HOOD, ADTX Are In Focus",Stocktwits,https://news.google.com/rss/articles/CBMi2AFBVV95cUxPR09MeVQyb05DcnZrUzRLQzlPSldDUFJrcTRPYWFLckRYOVJpd2x4VW5SUzJERjgxaGJpSUo1RFRsWW1fUVdPeXdWR3hsQXNCOXlKNjczRzZiRkRLZFV3RlFXWHBtMXFnNWtCSXdnY203ZmFZRXVMQjNTeHVZRmpuSkM4WEFSOXhzYmFUZjV6QUNRcXhOWEphM2djeC1zWGRDT0NvU3F2ajA1T1dCcEZlLWl1R1l2bHpIZ1BNOElTOWxMcXpwMGxvVXk4RFNDeE1zc1BIeW1CNXE?oc=5
2026-08-24 23:40:00,TSLA,Great News for Tesla Stock Investors,The Globe and Mail,https://news.google.com/rss/articles/CBMivgFBVV95cUxNeEEwYkQySTZpS0xIWWViR0x5WUZnbUdLR01HdGVqc2h1WTV6UFJrSnU1M3BFYVhJTHpmb2NXNEJzSk42Ql9ZZ3VjbDA4STRldV9kSC1fVGZlX3FTQVdjTnhkMENWeWgzRTNseDlrWHFsa00zZUU0SE5uN1hiSjc3TFdOWHU0ZzdXbkVQVXB2ZE9TaktEd2NkcTY4Nm5QdC1LYnRIVzBkbUU1R1IyMFdxdm9hR19EX1FYYmdlNmZR?oc=5
2026-08-24 23:12:49,TSLA,"Nasdaq, S&P 500 Futures Rise Despite US–Iran Flare-Up: Why AAPL, META, TSLA, PLTR, GME, SKK Are Keeping Traders Engaged Today",Stocktwits,https://news.google.com/rss/articles/CBMizgFBVV95cUxOcFhMSmFmZF9OeE12bTdoRDlnQmJ4TExEc2lKd20zcmVsbEFkWW45eHF5Y01LZFpWLVM1aGx6SlRXaW1rbmNCMzhhVW85NUxLcU1DYlJCc1ZwTUF6eFB1S01TSHllT3Q5bzRJZGxqdEp2ckVTSmpOeWV0N0k0d0tOTGhNRHcxN1pPcW4zcXJUenpwX2dOcThROEtHU3ByUVRYWjBtRVEtamNURVhpV1FyeEJwZ0hrNDNzZHJuaU04SnB6bk9rTFpMYy00NHZJZw?oc=5
2026-08-24 23:06:28,TSLA,The Stock Market Week Ahead $TSLA $XOM $JPM Cristina D'avena (f4WYRz52UT),Mshale,https://news.google.com/rss/articles/CBMiW0FVX3lxTE1uR256aHFvV1FmbUhxMkE1WDRFa3BxX2pNNW9tM3pVUThyR0d2THVxelhaLUxBREhRRm1NdTZWNDB3WDBaTUREV0xRVFVNbmdHRWRWYUE1LU90STg?oc=5
2026-08-24 23:05:14,TSLA,Tesla Stock Holds Losses Overnight: Did Early Trump Tariff Benefits Make Q1 Look Stronger Than They Were?,Stocktwits,https://news.google.com/rss/articles/CBMixAFBVV95cUxNbERrVjhmWUpTRTF5SWplX0N6XzVFMWlDLXBkMUhkSGZrR2p0VlJ1NnZfVVFZX19SQTVWUGFENC0xNkVueVVsT3RrSlpjN09MZ21XNllZY0ZNRGRMLW9DVGVOUG0yZnNuQ0llQ3ZYa29ESlRjNDJMVDJmMUhDSkJ4U3VCT3BPVVZiZ0VsN0xjYy0yRl83ajZ3ZVNOMkROY0xnTWVqTFkwNzVBLUtma2MySXZ6b1VrUkx2Q05FVHlKZzBaVkhX?oc=5
2026-08-24 22:57:02,TSLA,"TSLA Stock Today: Tesla Asked for 5,000 Robotaxis, Got 10",The Eastern Herald,https://news.google.com/rss/articles/CBMigAFBVV95cUxPM0tXVmpvanM2QTdVdjB6dDZNeVZINnhwekMwcXlhNHI1dTMyT2txY3VZd1hnNnJaOWo0djZfdjZzZkNUd0M5Y2FuQ1B3OWJxSTNXdkF2TVBBanR2aS1wSmdKdkdreXJETWVTTnRrb3Z6SXFfVnU3Skg2UEtmUGd1VQ?oc=5
2026-08-24 22:41:16,TSLA,PLTR Stock Price Targets! Cathie Wood Sells Tesla Stock And Buys GM Stock! NIO Stock News Update! Matheson (pngaPT3PoO),Mshale,https://news.google.com/rss/articles/CBMiW0FVX3lxTFB0U3pXbkszQ1ZBYk9FRWhURGZLMV93NV9Wa0tjaXFSRFdjaG12RDZfY19zanlNWUJCM1ZadEhnWHAteGcwZEJXZUlWa2dmODAxME50Z1ItZmkxTU0?oc=5
2026-08-24 22:12:13,TSLA,Tesla TSLA Stock Prediction: $500 Bull vs $250 Bear,FinanceFeeds,https://news.google.com/rss/articles/CBMie0FVX3lxTE1JUDRINnJpZ0lzNUdhLTUtLVloLWZlRHhWNEFrYjJEXzBDVUc5WVRyRG9wU201Z0R6Z21kN0MwMDlwMjJYa2xKNVA2V3lDd2FxblRMQk1NcDhDOUJvT21fcl96QnFRUjRVNW1qc1JWWjRoRmF0ZXl3VmpxMA?oc=5
2026-08-24 21:26:43,TSLA,"TSLA Q2 Deliveries May Miss Estimates, But Cantor Says AI, Robotics, Chips Could Drive 'Transformational' 2026",Stocktwits,https://news.google.com/rss/articles/CBMiuAFBVV95cUxOYkQtQjNOOWpYRGRhS29wY3VzUU5SOFZUSGw1LUNFaUhXczdtUmpTdlBYMDd1RkZfc1VxcGNtOF9qR1lsS0RwMXdLbTZCN0dzNjBabThMTnpxMVlpdTc2QVV5UHYwc0VYNVpEQjZyV2g4TWg1T1NOMGdqN0pqU1NOcjg3MzlqVE9nczdsSjFqMFNaaEhjYkRVMWF5anM3RnRUdENGZGNuLU1yQkVEQXB2dndDRFpfUjJr?oc=5
2026-08-24 21:22:59,TSLA,Tesla (NASDAQ:TSLA) Stock Price Down 3.8% - Should You Sell?,MarketBeat,https://news.google.com/rss/articles/CBMiqgFBVV95cUxPUnlGc1ZfZWdCVHdlUjFJUVRiVGw3WmxWWGRrRno5M2JabjBLWFNfVjlhTHFSR1lOc3AzUWNmSjk0aS1ZUmc5WVM2QUI2a0d4N25Rc1lRRkdLU05udkJkczBiY1JWd0JMMi1CbGtrR3RFUWJaSVNxaVVVenozdUM5WTZOR0hVakd5UUNMWGxubm5fOTNfQWZtR01XeldQLWlSc01SMm54ajRDZw?oc=5
2026-08-24 20:58:46,TSLA,Tesla Beats Google and Uber with Approval for a Larger Robotaxi Fleet in Nevada; TSLA Stock Falls,TipRanks,https://news.google.com/rss/articles/CBMixAFBVV95cUxPVEx0Vm1PSnlxMGRtXzZZWXVpcUs3cWx4MFQtaFlpZ2JTY0UtbEJNRzJwcVBuN0l5TktZdldJem9henZrSjU1clV3R0pzTEl4S0hOS29TbVpuU2NtRnZwakRBNkNLNVhyS21tMUtWWG00eHFnS1NWaGZwVV9JSXNDdklERFFsWXczLWVSQjZndnctbUZqM1ZBelhrUWk1Xy03TjJLX00zcjkyQlZMSmpRQ0VRNzF2RHV0a3BvWnNoT3lZa0Jv?oc=5
2026-08-24 20:54:53,TSLA,Tesla Stock Under Pressure Ahead Of Q1 Print: Musk's Massive SpaceX Plans Raise Fresh Investor Concerns,Stocktwits,https://news.google.com/rss/articles/CBMi0wFBVV95cUxNTzVLNzNVRlhLTURDRTdtT2VFT2VfcUhSZmFkMHNLUDRMUnZYLXh6T1g2QzE2N3lmNXdmMzVvY2J3VGdRWlRKQzUxalFBb1hGYktiS1huZ3JCeWNhcVVYanB1WTVyWXhPSE5Kd1EtM1U5V3B5aUZSR3NfaWlCM1NvMXlxZ1pRLTNTWm5hQUM3cDlqenkwRXk2V1BDeE5WeVdmVFdocThiN0tWc3RlOFpFLVlCYThyNkdNYWRZRlVLS093dXJMU1V4TllBLTAyUVdSWU1r?oc=5
2026-08-24 20:44:36,TSLA,TSLA Stock Continues Slide After Musk Says ‘A Little Less Capital Efficient’ Is Acceptable — Warns Of Rising Capex for Next 2-3 Years,Stocktwits,https://news.google.com/rss/articles/CBMingJBVV95cUxPaUI2NVFhZmZHS0dZUGxjQTRXVl9RVUJhOHBxN25GSFhBZjJHNHppc2hMSkhiYzRCdnZOb1l1X1VvVmdCQnRiQzFQYllybnpLTndsMThLcTF0a0lYQWw5bTB0eGxVQkJ1blFKNzFKZF9ybzlad0llMzZUT2xwUUhoVk1zYlJHQVpDN0dkallWcFpIeUltYm1WSUFUUzZiOXdvSE9SRVBHc2pORTFxcFpGRE1FemNTY3F5VktPM3dJX0FaWUlsYzJpdUhqV2JTdURjc1FrbWxiZzZNU3gzZFhyMERkckZKWDUycjlEekhoX2RUT2RFRDdJNGUtdTlnSFQ5Ujg2a3d2QnBhSDd4SW1GWU41YUR3Z0JJSm9KNzRB?oc=5
2026-08-24 20:09:47,TSLA,TSLA Looks 5.1% Overvalued on GF Value™,GuruFocus,https://news.google.com/rss/articles/CBMigAFBVV95cUxNZmNsUXNfLXcyTktJYVdZT09CcVBPSEVhZzVmUWN3TmpxTlVzTS04N0xFdGY3bU9ZaUlWckg5eGkxbnZqaDhtLVg5dzlXSDBUMVVFSzFnVms4SGF2bnFsTVdBUm53VVk0Z25XbHZTN0hGXzJJdjBmeDdHd1JOcnAzVA?oc=5
2026-08-24 20:04:45,TSLA,Tesla Stock Dips On SpaceX Merger Fears — Retail Influencer Pitches Bull Case That Could Add $450B To Valuation,Stocktwits,https://news.google.com/rss/articles/CBMipgFBVV95cUxOSUFhU3I4cHBFVTgxWlFRUlAyS0g3SUJQei1pcmJPcWpIYVNHbHFjMldpSk94aVl1S3oyelNweWJaekNxLVNnWWRsZnRXNDBMWXc0em5xU2RSOG5yei1pNEdnZjYxQjZsRFdQQzFUcklXZGQ4UUNpSUZJcnVfeGJrSWFiUFFFXzRnbTNFVkhYbDRBV0REZDVHVnA2N1J3Nkg0WTdwaEhn?oc=5
2026-08-24 19:39:35,TSLA,Tesla drops solar roof tiles as it shifts focus to conventional panels (TSLA:NASDAQ),Seeking Alpha,https://news.google.com/rss/articles/CBMirAFBVV95cUxQT1k1WGtrVU5BQjNfal93WVZFYnZzUW9qUDd0UTdsanNhdWF3YnB5RUNkNEtyc0hib3lnYnFmRlBnX3Z6U0VwR281M0pIWFh0NldCSl9wdXA3U0VPeFhseTREUkI1TS1ZTkdZajlWUi1aSHRCNHpPY05TaTRaNTVFdEdXTEpiNTR3NmliX3d3RERXbDd2WEpNcTVBOHhiQjNaNXVsVVVIUlJtY1RW?oc=5
2026-08-24 18:40:24,TSLA,TSLA Stock Recovers To Close Nearly 2% Higher As SpaceX IPO Debuts,Stocktwits,https://news.google.com/rss/articles/CBMivAFBVV95cUxNdllKT3F6R3RYYjJIQ1JwejV3MlVzZnZ1OGt5THEtZTRhREtBV0VxNEUzVGVlMDkyRzBxdGd0QlFBRVVOb1BteWVvX1NFUjJEeC1uQnp5eWxtbG1VQkp5bWpmTzM4eTdKQlV0T0xZVm5YdGI5bHFfQWtDNVlGVXFrZ3VhcVVOM2R5QXg2TW5ERF9GWjBwbFNCTEtiOFBoSUZQQmRFMVIwRFJlRzJONl9iNUp1dHh6SmQybkZpWA?oc=5
2026-08-24 18:24:56,TSLA,"Nasdaq Posts Worst Drop Since April 2025, S&P 500 And Dow Drop As Strong Jobs Data Ignites Rate Hike Bets — TSLA, GME, META, BA, MSTR, GOOGL In Focus",Stocktwits,https://news.google.com/rss/articles/CBMiqwJBVV95cUxQd1IyTEhlUnNkTVRUT0ZqaDVmUy1PY3ZQYlJuYVNIUW41OW5Qc29BNF9xa3FmaU5HVDNNOXo0dXJCSFpwUVo5ZGhCQTZZV29jd05la0NVR2p0WlA3U3lYQ2dTZDY5OUJSV2lBSDFiOTQ1dE5OSHNDRlB3MmNjV0txMHgxeDMzc1gtN1pKVE9ka1pMTGF6Vk1wRHYxVWhQdUdCZ0xQbHdnbmVnQm1rYVdsVlRyZGhNMmh4R1BSWGh2NXJveUdTWHRJQWJPYkswcF9ZeU8xd1A1MXh2RTZoWE04d2MtQU5ERjJTYWxzc2NfcFRtTTJ5UWNSX2VOQ1hzbEFSZGkzN1g0RFN1c1FGOFhPNXJrSnotZm14dWxnZEZ4eWZ6S3ZHa1pqWE9QSQ?oc=5
2026-08-24 18:15:37,TSLA,Why Tesla (TSLA) Is Up 6.9% After Robotaxi Approvals And 500 Semi Deal News - And What's Next,Yahoo Finance,https://news.google.com/rss/articles/CBMiiwFBVV95cUxQRVJXWC10MWtsWjJfOVBoOVR4eWYzVEFUWm9JVTl0OFpMbXJ3ay03S3hHN1lIekg0Y3BPZlhUNURqeGRkYkhqdWg3TzBEdlJsYlVibHdlWG0yX1BrVlhUWWpneEZHMXRtLTRKb2FtUmxMWnB1Tk1hRHNudzFXMHV1QzBNUjBJR2pidDlr?oc=5
2026-08-24 18:01:00,TSLA,Tesla (NASDAQ:TSLA) Powers Ahead as Battery-Mobility Momentum Revives,Kalkine Media,https://news.google.com/rss/articles/CBMisgFBVV95cUxNM0R0ZGYzOWFLQXFKWDhvSzZ4VkhYcE5mR1J1aHMyLVl3Q1NHSGZxTEF1MGNIaEFvNkJsZG1TSklNcEJCWFppU2NBNzM4ZmVxWkhuaFhHdXNPMnB1dkxUaDNTWHdMblpvU3o4ekNBUnNETW9SbjhCd1M0Y3J2b1JuTEYxbEM1ZWE4S0ljRGl3bFI0aGRkUmJzX2ZpQnE3bU55ZDNTXzJ5VmFpNmlEdUV0dW5n?oc=5
2026-08-24 17:42:07,TSLA,Gary Black Calls Tesla’s 5.4x PEG Unsustainable Vs Peers Ahead Of Q1 Earnings,Stocktwits,https://news.google.com/rss/articles/CBMizgFBVV95cUxPQ3cwUk5jbFVabl9qbnRnRGV1ZTRDM1ZrcXJFbFdVZnhQR0hkU0dha05nVlg1bzZyaHpEQ2Z0UTNYRFBxeWJtY3lKdkg1eDBYOS1qdXRsV0EyaUJYamp0SkV2cWQxMlU3M3FnY2dtSG5QaGE2QVBiQUpVUUVrVk5OclNVSW01MnIxTGZuVDJGa1ljNnh6Tno5RkZZZXRiSkQ1OHNDSjVVVnZpa21zUzhNelNlQkI5eEwxeEJTZl82MnlTcHB2SXBJdEJyM2N5Zw?oc=5
2026-08-24 17:28:51,TSLA,Tesla: SpaceX Is The Only Hope (NASDAQ:TSLA),Seeking Alpha,https://news.google.com/rss/articles/CBMiekFVX3lxTFA4OUZsV2d4am9scnlYTzhMdmhBT25rX015d1l2WFJRZzJ6bmlmMDNkQjJYdXgwU2tVa0tTeDY0TGFyMVc0d2xFaGwyc3RkZEFwaERiQl9JYmlyUHg5MUVtWENqcExoZGdJdGhlXy1SRWhlRXJ5eEgtcXZR?oc=5
2026-08-24 17:27:45,TSLA,Tesla Stock Fans Just Got Bad News From China,TradingView,https://news.google.com/rss/articles/CBMiqAFBVV95cUxNUUwwRHBIS3FhLWVoUUtfV09TTU5SQ2NGLWlJTjYzbnoxN3pJSkNCRElXNGs0SGNXV0M5VjNmOGQzU0VlWC1hUHM2alp3Z0FkZnMwaFpERlpMbGxoVEU4WE9kQUJNdERaa28xQjFRMFBSSmpWQWVZOU01cWFUVWdkamJpZHJSS18yb3NFTTFCNnNaSTFVZGVuZ2NCVWRha3pJWnNMb2ZQaG8?oc=5
2026-08-24 17:14:47,TSLA,TSLA Looks 7.0% Overvalued on GF Value™,GuruFocus,https://news.google.com/rss/articles/CBMigAFBVV95cUxNdWpCdHFLZDlCcmY4VlBXdWhXUkM5VG82WmdOcWlwLWR2N012NmhucTE3R3d5TVJCZm9Fbm9yT2RMTkhmdlAtUWZjRF9yMjdEZzVMMUVHZG54M0dSQVBjc1pzcUlWemZjZXloS3k1S2JFeElIREhQZkdWdFFvc3EyRA?oc=5
2026-08-24 16:54:04,TSLA,TSLA Call Options | 24 August 2026 | Monday,Moomoo,https://news.google.com/rss/articles/CBMilwFBVV95cUxNWWJPUjJfX1JEeFJnSlRiMEVrMWRHajE5WE9GbnlQTDk1SzZWVU9CRm1vSllqcGE0cHNVTWJPMVF5LVRKdEhTdm5uajNjYXVjai0yeEVVSUQ5TkdHZmpNY05nQ1dDTVA5SEgyWWNEWXJaY1RfdWQtcVVXRmctNmNqV3VYbWJsSGR6aVlvejVhWEhjZmU2VUFF?oc=5
2026-08-24 16:42:07,TSLA,TSLA Stock Clocks Worst Day In 11 Months After Q2 Delivery Blows Past Estimates — Investors And Experts Weigh In,Stocktwits,https://news.google.com/rss/articles/CBMi2wFBVV95cUxPcHJSS3VCdU5rMzhIdEFtY1ZSQnV0djhmckxubVJEWExIN2xUdTEwSjJLSVJUQ0JoUlNnc1RoeDZHdk1UcFlaWHZGYjZUQVQ3ZkNWYy1HZEsxaUtOREYxZktUM2ZJQWFhQzRmd3ZDT2Z6MEtFc2laTDA3SjZmVUp0ZlIxaWVreDZBUUthanFqQVlKdmlVVlRCMTNXd3ZpX2tpX3dRQ0FUZ2tXdTVlVm14RHE2OEpaN1ZneGRWS05xcWpSTzZLNzNzLW82bHJKaUpaWWRScFBkVXJwZDg?oc=5
2026-08-24 16:41:09,TSLA,"Tesla Shares Dip Following Broad China Recall, Affecting Volume Much Larger Than 2026 Unit Sales",TechStock²,https://news.google.com/rss/articles/CBMikgFBVV95cUxNZ3RZSndyRkRKVExhMmVlaG9pR0xianE1ZXJ1R2t3a1N4SVE1LWFKNHppQ2VnTFZTNEpCbllXVGd6c1FQb1RzQUl3d01JTkVqM254M0JrYjF3NUFHcFZIYkdYZlAtNDJfUU00NXVUZHlNb0RpOE9xTXhiNjQzNlp0cm52bVRjbzVXemdLeXkyUnB2UQ?oc=5
2026-08-24 16:39:50,TSLA,"Nasdaq, S&P 500 Futures Edge Lower Despite AI Momentum As Iran Risks Linger: Why HPE, MRVL, INTC, TSLA, SPCE, ASTS Are In Focus",Stocktwits,https://news.google.com/rss/articles/CBMi0wFBVV95cUxPUTF1MDJpd2lTQm5va3JoSjdTaTM5Z0g5eTAyRk4tc2lKci1vcmptWktEelozNVFicUd5NEFTTU5RQW9ZbVNTTzZKakZrV2REUUhVWjZJQ04zMlg3ckNObmNNaGtpRXBJMFJhTmtRbGFLTnVwQnFzSXVZeVdULVpUM2NtRHVKVkZlMmkyaTlNUndHUV9KdVo3NHU3OHFEVWlac2xfbkxVYm9rRzlwNGxjZlZkTGZfeVdqQ1hrbTV2eG9CZV8xQTJPTjlST2JvcFFxU1FV?oc=5
2026-08-24 16:33:22,TSLA,Tesla Stock Fans Just Got Bad News From China,GuruFocus,https://news.google.com/rss/articles/CBMijAFBVV95cUxNeEsycVFiTzdrTWIzZnRCUkRMUXhzQ3BjOHB3M1JvNHRWQjhxWXlONW0taERsbjBXUkZUdzNLeTVqZVhXNkdweHdsYmRNMzRkRHVkQ1JocEdYRV92a0JFdHgyQTlDU1pveU5pQjR1eVVId196UFdyWHdtTE5iMnk4Tk12T1REcFZZdHhxZg?oc=5
2026-08-24 16:14:45,TSLA,TSLA Stock Slides Premarket: Australian Judge Warns Tesla Of ‘Really Bad Time’ As Robotaxi Worries Mount,Stocktwits,https://news.google.com/rss/articles/CBMiwgFBVV95cUxOUXhXWjZkbkRVSjhKSDJ1SlVtcGJsc2hReVJ1anp2RnZWc2pRWFpUcklLSFloMDhuRUxUWklSM1prZ2ViUFZ4RVlIRDRSRmFOQVgyMlBaYzVwNjEyYmFYdXNuNHVHRndlVC1kZk5hWVMwOElVMzJNdVc5ZlZDZnBoQzVTeThvaEpPZ3puYkpDaUFUZ2FELXdvWVV1aklROGFwRFo0Y3lZQXVybXhJUW1rWWk1eVlFcEhFQlM5Y0lOLU1NQQ?oc=5
2026-08-24 16:00:43,TSLA,"If You Invested $1000 In Tesla Stock 10 Years Ago, You Would Have This Much Today",Benzinga,https://news.google.com/rss/articles/CBMitwFBVV95cUxPSE1NVVZrazRIZkUxY0UwMHh1dTZHY1MwemVmWDRseElFSTNlNjdkV01zNmVnazRyUE5RN0tSTm1ZSzNBanJOZkJtY2RnTWJhQXhMS0ZTZHhQU1haTUV4OHA0bTg2Z3ZrNVMtTi1ZWjlDeVZCTjBXTC1PRVRLMjhabGRIcTY0RV94S3BpTHhFOG83YkNzblE3YlJ0VXJpVTZhQVN1OGVDWHZScVVFb3RGck1yVUFjcXM?oc=5
2026-08-24 15:56:26,TSLA,Tesla's top chip engineer leaves for DensityAI (TSLA:NASDAQ),Seeking Alpha,https://news.google.com/rss/articles/CBMiiwFBVV95cUxQRkM1UDQxcGxWMXk1TW8yM0lkUVptNExlWTdKZ0lkNmd4cjUtUGVUNkY2MkNQaXFfZ29oSEJQeF9aN0RveXozbGg1M2FrcUh3dDhIaGRJQV9WZHpsV29HbExSekRHZGRGZ1RNenlybkY5WmVyQmdMU2pyMlI1UHhxNGtEQ2lPUFBVcTBj?oc=5
2026-08-24 15:18:28,TSLA,TSLA Looks 6.2% Overvalued on GF Value™ Amid Key AI Talent Depar,GuruFocus,https://news.google.com/rss/articles/CBMiqAFBVV95cUxPRm9Qd0Fsa3RBSkpvYmlrX21BVi14OWJ2VVZoRVRMVWJjWDI2dHBBcnFHRzRDcFpjRmNGUVZ0TURRaWtCTTlWdjhBMWg5cDA0bmJncnpyUVRTem82a2R5dlB1Um94ak1KZjdBNVVENTloSEhqMzN5OFhUalZKNUdYX1ljZF8yZTFEaElGaXJqVG40aEYtNDJ0NzIxQlIzOWU0TUhuV1Vncko?oc=5
2026-08-24 14:39:50,TSLA,"$Tesla (TSLA.US)$ Holding 30 put contracts over the weekend, can clock out early today.[Laugh][Laugh]",Moomoo,https://news.google.com/rss/articles/CBMipgFBVV95cUxPN05KTW5hQmlTbU14bzM2WUpyN1ZVUjRQZlBUT2JjUllLZ1I4YWdTVmRpaVdZbnZuUE0zZkdJRzFVRWhhNEpPWG42ZkcwZUJLN29tZzlLLWJrVmJ6SDhxY2FUaDBtU01EbUg0VGo3UDhybzNpZVlmZ1FUX1dGNmJ5WTNGa1FhMkRkaTJrdF81Uk5PY0ZzaGNIUnVOMmZjQllMalE1ejd3?oc=5
2026-08-24 14:34:12,TSLA,Why is Tesla stock sliding today?,Investing.com,https://news.google.com/rss/articles/CBMimgFBVV95cUxNZmhEZ2dXNXF3Zm5HWnpvbnBpYVRySnhxckxaUFJxc01neXplRFhwNVBKMDctZEdLRFpKTWhKME0welZHdFFmQ1pRdnpucnhDQ2NFNnJYMDB0OEJudkltSzlvUmRYdHMwaVQ2ZVNRbUtsRjJ6SEhEb1YwZ3pQTW0xQVJyam9DUnhMQkgyUk9OVHFKTjhVOG1aT1Vn?oc=5
2026-08-24 13:47:26,TSLA,Tesla Inc Stock (TSLA) Opened Down by 3.03% on Aug 24: Key Drivers Unveiled,TradingKey,https://news.google.com/rss/articles/CBMiiwFBVV95cUxNdjBRX0ZvVDhWWThfRS0tcEQ1ZEFhUTlNOWxHOVZuRnQ1Vjd0dmFHN3lOTDNnbmMxdEdtLWszQk1IazhNSFVqWmFXZXhnTDV0X0pZMkJQeUhGLTFxZzBSdnJBZko1YV91NmdwYTdlQ3AyX1lkZWN4elU3ZWhPajlRdGZHR21FWXVZTUJv?oc=5
2026-08-24 13:21:44,TSLA,"Tesla Stock Is Trending Lower Today, August 24. Here’s Why",TipRanks,https://news.google.com/rss/articles/CBMijgFBVV95cUxOSzQ3UjVFY0twVG1FYUJ4SDd0RFM4Q0JBVV9kNFBSZlBTTXA1eU11cVhkUjZ0RVdseE9HR1JCYjVjLTNVMHdlblZKSi03SDJEbVhaUllvQ2N2cWVZWWFNMWVMM0VjSEN1ZnRfM01laFF4RWJPbWNqdjVXa1dPVllKU1hqeElPTVRlV2lnWFFB?oc=5
2026-08-24 13:18:48,TSLA,$Tesla (TSLA.US)$,Moomoo,https://news.google.com/rss/articles/CBMidkFVX3lxTE9pVkZEbnN0RmZTb0szc2gwTmt4eFg1RnVpTzZvZ0hkaUdWQ0tsMnNnMm9aVE5PSjF3SGtIUEozUkRoZEhHM3dwY29vREtlNmJmeFB5UjBqbHlqcURWVlZ6bkU3ZjBQV1YwaDhRNEV3czBxV2NfU0E?oc=5
2026-08-24 12:22:58,TSLA,"AI Stock Picks Today: CRM, TSLA, NET trade ideas August 24, 2026",StartupHub.ai,https://news.google.com/rss/articles/CBMijgFBVV95cUxPWlZOYzNJOU4ycXZSbFMtelY1VW16SHRuWDhRNXN3NDBUNmhhS29Qc0gxQzZ2VHAyMlVBd3hGelJOcVNoNTFNN3FYeU9DX3ZGblZKOTEwQlNDekR5RGhJMDdPZC11MGtPdU5MX2gyLXVjNUlFWE1uQk4ydm1QMEVJZzBfblBPSEtkdkxOVTBB?oc=5
2026-08-24 12:05:47,TSLA,Tesla Price Forecast: Nevada Robotaxi Victory Offset by China Recall; Cybercab Launch Looms,TradingKey,https://news.google.com/rss/articles/CBMigAJBVV95cUxQSzcwRWl0bGxyMk92Mk5YS2FkRnphbFY0MnFDSjZzQmtDSTJROVFzLUJqQ1p5dkQyTmNWZE16RU5DcTRyci1DLVlmTU03eF9vNjBHaUxHMFJNRHFKYV9MVXBvbTlXRHVSQUtPLWtXdjlvMXVxRTY2bm05aWt5REdYOHdOeE5taDVrT0k0SjMzQm8ybFFXQV80OHh5bU9wX2JkQkdTMk9kZU5NSzRvRktyaDl2Z3dwSWFWY0F6Mk5nU1lZS2tmMlJ2Q19iQjMzVXY1am5JazZpaWppeURLQUwzNmdEeGNhaGJxdnVUZmFVVW1Ccnh3YlFNOXJFWFFEM09Z?oc=5
2026-08-24 11:58:20,TSLA,$Tesla (TSLA.US)$ barrons.com at bottom... and today,Moomoo,https://news.google.com/rss/articles/CBMioAFBVV95cUxPYkxSN3p1UlFyN2xiRjRQdmNRQUdwOWZmOVNmSDRiUnFhZFlWZGx3Q1NRTEpwU1dfa2RHdUVGSmJHOTVmcktPcGY3OTV6X1V2YTV3a1plQ1N0VUw1M2FLeE8yZjlWT0Y3eDYwZndOM2VkV3l3U0M0RjltWVB4cElFMldGMlJaMGp6S3dRYkd3ejhBRnF3WTIxNlV0NDZaRld0?oc=5
2026-08-24 11:11:44,TSLA,"‘Don’t Make This Mistake,’ Says Investor About Tesla Stock",TipRanks,https://news.google.com/rss/articles/CBMijAFBVV95cUxNcHIyTkFBTlc0ekV6NmNqVHNqRm5GbzBZVzJZajg3aDJxdG5BcEEyWldJbm9HRGh1Z2pXZ1duRk9nT25mWGF6YnI4enRNX2lXcmJHbTZCd1o3cjV2Y3R4YzZ5dnk5c0F0czlVaDVYSUVzMUJZUlUxWnJxZUNNSUp3MlNSOWgzYU9yZkFlTw?oc=5
2026-08-24 11:01:43,TSLA,Tesla (TSLA) Triggers Largest-Ever Auto Recall Over Door Handles as China EV Stocks Tumble,TipRanks,https://news.google.com/rss/articles/CBMiugFBVV95cUxNRW9reE5aTzlEZ2Z4WGxLS1pyaW5jN0pyVFJUajdCaERscmx0TFhHM2JJSjFqNEt3dU04cC15ek41cXFIb0VSMWdjUnZfSkVoaWU3cGRPbXhGSWRldmlyOHBJQ1R6ZHhOYzNjUnk2TjJ4WVE3YWVXZEJva0VaQkc3eXBfaU1CUEJoQWJjQm1pN1pEMEI1UnlzZUQzR1BWVk12aUtuTC1PdUVpa01FS3pjYUpZVXdBWk1BQUE?oc=5
2026-08-24 10:05:44,TSLA,Citizens reiterates Market Perform on Tesla stock after robotaxi approval,Investing.com,https://news.google.com/rss/articles/CBMizgFBVV95cUxONVJoUkdJTUlJLTRYNGJrNmlkc0RQYmh5VWtVMWJaSUFKeVp6UG5KYTQxVFpDT2J5bjhzNmMwNHR5X2ZJQjM0T1UweUNjMXlQQXdRVGw5ekhQUzNqVk9hekxwM0VUVzlRc3lYT0t4M1FNajduRU5ERXhXYVJTN3dUb1B0blNCRXJLZExzUC1YdXQyOWRsbFdWS0hiRFl4MTJXR1JBSUNTLVRTUlZFNnltaEs5bXoxQW1jLTc4Z2Q4ZzZiYlY3a1hmbUI3b2xwQQ?oc=5
2026-08-24 10:04:05,TSLA,Citizens reiterates Market Perform on Tesla stock after robotaxi approval By Investing.com,Investing.com Nigeria,https://news.google.com/rss/articles/CBMizwFBVV95cUxNQUhKUVBSczZTTVFMS1ZaeVZyRVpjN3FIMzlhUHJEd29ibGdSTzRvLWQ4Zy1Wd1RvUjBiNWFMZlFVUmprNGxEc0NEWHM0b20xbE4tMzhrenNuOHJjUXRJbER0Q2ExcldUMVBTYllNVkJicUkyWHYwT2VsYndfbTRqeDlRMmFCZy0xLUdVWkR5U3pOUXhudDFjSi1LaWlRZFY3SFpOaHhXNXJrdzVDem91cVpUNnBIaUhrbDZxUnRZVkVmZWplMjhqSWNzQ3NadGc?oc=5
2026-08-24 09:19:51,TSLA,"Testing Key Resistance, TSLA Stock Gains: Explained",JournalArta,https://news.google.com/rss/articles/CBMikwFBVV95cUxQajN2WEU1aHBob3prd0JUeHFJQlZZN0ZnVkxSdVNFakdPS0VzNGVhZ0M5X3IzaTQ5Y0J4dlo1M1RVcWZpTlVUNjJSOUtRT3J4RTRpVlNEUUpQLTUyaDJPN1RrRWdocVpzV2ZkSnczWlZiM3hudDlmeER4dC03OERJY1lPbUJwTTF0a2I1bThNQWF1bkE?oc=5
2026-08-24 09:00:26,TSLA,"Synergy Asset Management LLC Acquires 4,085 Shares of Tesla, Inc. $TSLA",MarketBeat,https://news.google.com/rss/articles/CBMixwFBVV95cUxOZmdKcTN3OHdHbkRfTjh1MGMxNlFOYkxGSVlScUZFcTVXcjhJNi1BbXNjcllNZGl3emdSUWtEN0t6Y2ZYaFA3QnlBakVrYkNvalZUdFdHeWRFU3ZrcUpyNWxmMnpWOThIM3BOdHNiRlQ5SjM5bWw1Z2hxYUg5VFc1d3FiSEJzeXlFN0RJekNnOWlwQ0hZTlVnT0dZOGJBWFgzYUg5VWJ0NDlqUUFkbEJqTC12NVFWSENNQi1FSlFDczRmV0E5WTdR?oc=5
2026-08-24 08:52:25,TSLA,"Tesla, Inc. $TSLA Shares Bought by Lavelle Capital LP",MarketBeat,https://news.google.com/rss/articles/CBMisAFBVV95cUxNOWdrTHpacUptS05ReGluaU5LN05sYW8taWpwOFFoXzltemRIYU5uRnJuZW54cDVXX2ZtVWw4Zm9oQi13Ry01OE12SkRINWtCUlFJZmtYdmNDOTNTUHd3UWVyU2V5WlNVcDJrb2QweTIwaTZ1SzJVbUQ1VHJGS2UwOGs0VktrNFo2NGFJQThSRmtBZ2JRS1ZiRFVCUzdTUmRUT3NuQmUtbzZkandSNUJGdQ?oc=5
2026-08-24 08:52:24,TSLA,"WT Wealth Management Buys 3,138 Shares of Tesla, Inc. $TSLA",MarketBeat,https://news.google.com/rss/articles/CBMitwFBVV95cUxNS0c0cURDWWRlQ2wxMUpJNmNOUjd4WnhRRkJILTFQU05fZ2xZWVFMeDBlbXo5YV9WRHAzNFA5NEJoMVBVTjc1ME5VcFBYX0VtT2xVUHAzRkoxVnpIT2RtTDlrcjJCbzRoNGhHYXFuclh2d0x5Q3hRZHViektKRExwaGxFNVQ4WW5Rb21QaDFTZHNLZzEwaU9aTzVWMzlrS3M3MWNnQUNwYTFWY2EtUGNFSU9XcXdvejQ?oc=5
2026-08-24 08:52:23,TSLA,"Mirae Asset Global Investments Co. Ltd. Has $908.59 Million Stock Position in Tesla, Inc. $TSLA",MarketBeat,https://news.google.com/rss/articles/CBMi4wFBVV95cUxNNThJQS1GTE1kRjJvdnFyZnRzTTJZcDhacFRjU0dacFFCRlBtZkRSUl9iOXNNVWh2V1JlYlBHWDhSUFBfOVNDR2ludkdLYTZ3WklscjlQaFdaTzNzQ0hESnNTM3BmTEJzRUJjRjdvQkxyZ0hmY1lxNk1UaGEwSXlIQ3FlNG92aEFDYjJZbDlXVHFiellFa1U1SjJKZ1VSakRwMGhXUlVhTXF1TjAyR21TcVpKMWxEeGROU0ZDSEZlZWJ0MGZfVmJzSUxBWVRITGlUMmxhb1o0Q19tYV9lcFJseHplMA?oc=5
2026-08-24 08:52:23,TSLA,"RWQ Financial Management Services Inc. Purchases 9,075 Shares of Tesla, Inc. $TSLA",MarketBeat,https://news.google.com/rss/articles/CBMi1AFBVV95cUxOdkkwZ0JKQzFwRkExcUpmZlJzTzNqQ0stbnFuN2loRWN1U1RkanRyT2U5b05GTTdQbHU4eXpFTmJ5STdEcTE5UlJpTTh1U0VTcXk3NzVqel9CQkM5WUZoMkUtQUM4ZUxLUmhkcU9jZTRXQTF3cEdnWE40OWpZeFBiTFBYTjgxbXRISW5YOVZLTDIzckUzQW53WS1Xb1N2VGk4d0RIaHF0amM5bG1SZGhXdXBQUUlaOGs2SWlmLUhzdE1WbDlnYnNUQ0tnOGdmTDczYURmZw?oc=5
2026-08-24 08:38:31,TSLA,Tesla (TSLA) Stock Faces a New Test After Musk’s Bold Revenue Promise,Blockonomi,https://news.google.com/rss/articles/CBMilAFBVV95cUxQbDAzcllZdVVxbTdNV0JsMkkyMlp3YUItNE9hSk9JdUh5cDhTSUc4R0NjajNJQXpkUmFjcDhTTXc4VkRzV1RlQmdMa0lFMy0zMkdUdlMtdmU4bndTbTc2eFFoNEFWd0U3T0tvMGl3NEJ0MHNhUDRiaXE4enpPWXFwdUVXOHVTUDZwRmdjY2ljeWttdV9N?oc=5
2026-08-24 08:00:18,TSLA,"Confluence Wealth Services Inc. Increases Holdings in Tesla, Inc. $TSLA",MarketBeat,https://news.google.com/rss/articles/CBMixwFBVV95cUxPSHJ4S3Q4M2RWNHNiSnJzWThCelBMOGRfdG1VYmNnaG1QN3ZkOE9KcVVIRXJkaExVd3g5ZXg3T2pkSHB3WVNHVWdxUlg4V04tU0xVLWpia1Z4N2VCZ1JyeFRXWmEwMzUybFhJVmc0SGxuaV9XSWdfUXpUTDJxbHNXTE9DT2VrV0lNQUVCOElfek5wVmhPNzVGTVg1WDFYbmdkQy1vNEwxcFRsLUtUZDhJX3RNR3FGVjdCUW5xakE3OWZNcWtOQWRn?oc=5
2026-08-24 07:58:19,TSLA,"Tesla, Inc. $TSLA Shares Sold by Fortitude Advisory Group L.L.C.",MarketBeat,https://news.google.com/rss/articles/CBMiuwFBVV95cUxQanNvbnFEZVJQaDdBTjJIeExPenZ3T1VYaGpBZTVxR3FreFVWS2JqOW4yRVctU2YzMTJsUnpIN285Q3J4SnR2QVVIdU8yT2N6UWxVSnJ0djV3eHgxU0YwSWlITHNOR3pBUFFHdnRiakdyb3k4MmNsYXlLNXpZMUhMSF9zS3FUQ2hrdmM2LTB6RURYSjlfbE5lYWozVHNyWkMxbjN2MGdGQ3RGMVNOYmN4TV90Y3lrazA1cDlv?oc=5
2026-08-24 07:40:20,TSLA,"Tesla, Inc. $TSLA Shares Bought by Ahara Advisors LLC",MarketBeat,https://news.google.com/rss/articles/CBMisAFBVV95cUxPZV85UnZIV3R1UUN3Vkp6WWplZEkwQmRWQm05Y05MUjI1NlMtWDBYY1F0MXA0ZlRwYUhzOWI5U1ZIcFJPNHItZ2c5b0MtQ3hIak9wVlJ6c3hYSTZpNWFabkRiT00xVm5ObWhXakpESEk2ZGlCV3duX01YU1V2R2tkUnN1X3VuQjJJQzBLejNWekhtVDdRN05QclBweEl5THVLOHJUdzFObklmRzVjelpvcA?oc=5
2026-08-24 07:00:00,TSLA,"$Tesla (TSLA.US)$ can't stop, won't stop power hour as short sellers cover!",Moomoo,https://news.google.com/rss/articles/CBMimwFBVV95cUxNVlBrSGh1cVMzekxYS2g3Qk94dnppWldrLWpSdzNzbi04azVpZmFkZ0NCUmh3aUdjaENnNTJDSDFIMy1nYS1RdDlLcTZkWElHa282Zy1aZTBnYkJ2THBPYUtkcS1QcnFudk9CUmlpZzRBaVp2YWljZkIxYmg4RHJmamdoVzJfSTJfVEViUEpCb081OWxLV1dSR2lSNA?oc=5
2026-08-24 07:00:00,TSLA,$Tesla (TSLA.US)$ needs to hook,Moomoo,https://news.google.com/rss/articles/CBMiiAFBVV95cUxQSmw0cTN5OTFpWTEyLUZoUUtMek05dkc2VTM0UXVYUU15S3JLOXl1elVyVnJhUk14X0swVmYwUDA2eVoyQlpUV0VHNlVhVTZ5YWFjZ3lWMUdsMnNCZzJFdU5aRmlhdlM5U2RUelZVQ3N5UGRmMjg1MVBPX1VoaFRibVZqVV9WZFpL?oc=5
2026-08-24 07:00:00,TSLA,$Tesla (TSLA.US)$ - Small profit,Moomoo,https://news.google.com/rss/articles/CBMihwFBVV95cUxPOXIzM1JqOFptY0lIWnZPZGliNi1zdURaRVp2aS1halZqNlNrczZrenZhRjVVbmZFQTJFRlhLeFFKdGRHOHE1QW9fVXpFeVNLN0dMWjR1ZzlrTmVjN085R2VXX3FYcEZQd1E0bFNLeHFqT1QzNXFhZm51NU5RS1hhVzNYT2tIS0E?oc=5
2026-08-24 05:29:00,TSLA,"Elon Musk's Tesla Has 'Massive Advantage' Before Selling Optimus in the Market, Says This Analyst — Crypto Prediction Market Weighs 2026 Launch Odds",TradingView,https://news.google.com/rss/articles/CBMiqgJBVV95cUxQTFVyZGVpOHlmcjRMRTlNYVVvQUtWRGpKUFVvOGtlLTl4TjlSQTk5NFBJNXpzc3Y4Z1E5WVdSRE5WUU5IVVdrRWN2MzRWMXgzeUlfZk1EZmtJYVRkVkhrd1lrWWpQN3NYa1BGeWM2dW54LURoaTB3NGNhdEU4U3ZTeUpjV1RTRW9kbDhzZkcwU2VsREpFTWlwWFhvR2F4d18zNFFudU81MjB4X2VWSmRrX0t6TTNkTmJrNnZrUDVtZDBfTDZYNXgzazBlbEZGbkF0S190XzFxbXY5Mkx5Nk1vQ3g4RTRNMmVKMG5vUGVXMi1QZGdVZ2hCYkRmRDJSOG5teHRRNkFqc0M1OFdQNG5GMmVIR09KTXp6c3dFdkZjV3VDRFgxR19LNUh3?oc=5
2026-08-24 05:20:00,TSLA,Forget the Headlines: Tesla (TSLA) Is Still a Hold Based on What the Data Shows,Yahoo Finance,https://news.google.com/rss/articles/CBMinwFBVV95cUxOQW43M2NOSjBXa2tpbnhIRGQ1MHZ4T1NXY0hBWVBiX0RNZnpEMzJpbU4tRUkzN1BpRUlZbDNKUl96U0UxXzdKQkNLUlliUDJhSHZSVkdVclRKTk53aC1uaVpyRzZyb0JzU3dCM1o2bUczMUpNYkIwaGFpZUh1dnZnTHc5UmtwV21RLWRkNzJKemRtRWkyajhMY1pReHFoRHc?oc=5
2026-08-24 05:20:00,TSLA,Forget the Headlines: Tesla (TSLA) Is Still a Hold Based on What the Data Shows,AOL.com,https://news.google.com/rss/articles/CBMigwFBVV95cUxQcHpxX0VjSnNtdG1KTzF6M09PMC1rTFJTb3ExX194MldRNEJaajh1aTdMZWkyNTVXWmdGa292enkxUXhpa2FLNzNGdzRSdk9uNkVrTVhoWU5TT012bGpJWkVhQ2x6czZsMEJHTmd6REZSS0tfQVBBdmJiczJJTFB1QWUwVQ?oc=5
2026-08-24 04:11:53,TSLA,"TSLA, RIVN, LCID Fall After Trump Repeals Foundational Scientific Finding Supporting EV Transition",Stocktwits,https://news.google.com/rss/articles/CBMi8gFBVV95cUxOYTh1SUJ5ZVpud2xJaVJONFY5elh0TmNTVjA1dWw2MEQwNWpKemNTTWJTbnRDUlJjQkRCX0gzS3FVaXdXREtpN2tMZHNRX28xV2VDSXFIQ3RfVjJNc1VfNU1lWnIyLXFkcWJqOHRNd1lYNXRPMk13SDF1Y25BUmJSbHdkMnRuQlg1aVU3ZHlNT2J4RTBBb0hQUmJnV2o3YUk4NjhWSjJvdWNONGNsRjYwaHNYSFEtU3NwMmR4d2pkWExyc2w3MkpkQXo3OGg4aUdTbDJud2UzMHdkNE1MamxKMGN5SHlER3QxRVZ6SVMyQ3A3QQ?oc=5
2026-08-24 03:27:49,TSLA,"Tesla Shareholders 'Don't Like Table Scraps' — Bulls Make Case Against SpaceX Merger, See Up To 800% Upside On Robotaxi And Optimus",Stocktwits,https://news.google.com/rss/articles/CBMivAFBVV95cUxQMTRxa18zUW96eGNQNEtRdmplRzJ0OENBeVZOOWxwcnhzMTQ0MGp3QUlkYkVfakNDTzE0TTBQMDN6UnpiMGMxMVJqeC1HeXJUNnA4MTcwbFpReVpMeXZlX0xkYjhJYklqci1nSEtwMC1jWU96VW1nSUM2eUNyWGtBY19BTTFfNl9ILV8xd25jeFlncEpuNlBnV1RsWlg0ZjF6RzVsbFYyeWdxZEhfZWc2dzBTWHB5MExIRjhzUQ?oc=5
2026-08-24 02:06:06,TSLA,TSLA Looks 8.9% Overvalued on GF Value™ Amid China Recall,GuruFocus,https://news.google.com/rss/articles/CBMimAFBVV95cUxPeUNPYUVUbEpQS2pnOGNkamhLQXVxX0JGaDdCQnczZ0JrMUVxQjJpeEI2TVdiTTZKM1R1OEZVNDN3djlRa0FMQ1NQRG8tYmk2V2ZDQXhmRUl3NDFNd256ZWVoSm9Hb2JqQV9oejIwWnZVYmhpOTJkaXFCcTQ5YURwNzJLZDBhLWVINFU1RDZZWGZpVXhIa3hhaw?oc=5
2026-08-24 02:06:06,TSLA,Tesla (TSLA) Initiates Recall of 3 Million Vehicles in China Ove,GuruFocus,https://news.google.com/rss/articles/CBMitwFBVV95cUxObEhENzdDTlFkRGwtX2VYckI1SXhpLWlBVFRUdGU0cjk5VV9KZ0RRZWZxcVdaNGJnNUwyemluRGhKOGR3cVhIWTRhMENKM3h4TGNUTEpoQUxnUF9fMUtOTFNtWXFxZXgwRU53OUlVa0hMS0hCZ3ZIemZWd0tRS2FBa1dmSkpDZ0R1dHV1LWs3X3dydTVMSlF5SXV2YWZna3VoNlZRMzA3YXc4N0t4X0JlVmpXeGRPXzA?oc=5
2026-08-24 00:37:29,TSLA,Is Tesla’s (TSLA) China Recall Slowing or Accelerating Its Shift Toward Software and AI?,simplywall.st,https://news.google.com/rss/articles/CBMiywFBVV95cUxQVzBueHMybUhjWlZMcldRNVZ6OExOczRjd205Xzh6VEFwajh2MDFiUXRXLXF2bmNyWFVPVHV3MnlScTNsMV9RcWcweVFIQTVtN2FIRmdyb0Q2VlBMSmh3R3g4Z2hRYVU5TWFKd1J4cEprcXhpNTh0bmxsbEVSMUtWaEpRMzRka2kydXVFcE5UaG9RX25Jamp2QnlIbURZNmpPS0l5M09lZTZwRVU3Z19GMkQ1b2w2eXhxNU8zYkhiNm0zWmIzN3J2bGpiNNIBywFBVV95cUxQVzBueHMybUhjWlZMcldRNVZ6OExOczRjd205Xzh6VEFwajh2MDFiUXRXLXF2bmNyWFVPVHV3MnlScTNsMV9RcWcweVFIQTVtN2FIRmdyb0Q2VlBMSmh3R3g4Z2hRYVU5TWFKd1J4cEprcXhpNTh0bmxsbEVSMUtWaEpRMzRka2kydXVFcE5UaG9RX25Jamp2QnlIbURZNmpPS0l5M09lZTZwRVU3Z19GMkQ1b2w2eXhxNU8zYkhiNm0zWmIzN3J2bGpiNA?oc=5
2026-08-23 22:02:52,TSLA,TSLA Price Prediction: Cybercab September 3 Catalyst Could Snap the Ceiling — or Expose the Valuation Trap,blockchain.news,https://news.google.com/rss/articles/CBMiogFBVV95cUxPM2tnbnJBTGxCTHlOTUpRcHdubzVIZkN4N084eDdHcGJNWVAxSTFtRlpDRWtwbmxZd24weFAtOXFUc2d6Sk0weXRDQkM1SmFCWGRERmN5N2E5ZWFtd0pFc3pGUXVjcXRxS2Q3WkVFVHhadWtwQk5LVmoyMjNEZmhRR0paakpqczAyVWFCME9hTmdJRjgyeUFGLXlra2M4MW5vcHc?oc=5
2026-08-23 19:37:52,TSLA,TSLA Stock Slips Overnight: Tesla Has A New Plan To Fight BYD And Chinese Rivals — And It Starts With Its Best-Selling SUV,Stocktwits,https://news.google.com/rss/articles/CBMiswFBVV95cUxNdk5iSFhNY0h0Um9CSlJ5clg4ODd1UUF2MkZkZjdnSEwxZXBEM3RLTFVTTjlwNzBkTDNGOFVBVjVnUEZUdXhjTHRLOUdwX1VKcUpxcmtxOXRFQXFVUUNSX2pFQ1hreVhITFY5d1dpTFl2N0xDcE4xajhKUnR5cnJRbnFWWkxoSHQ4Q3FTbE04VEdubU1nbUtpRVJ1VEJiOGpYN3haS0dFVkV4Uzl0N0gtME9lQQ?oc=5
2026-08-23 18:46:29,TSLA,Tesla Wins Over Another Skeptic: JPMorgan Raises TSLA Stock Price Target By More Than 200%,Stocktwits,https://news.google.com/rss/articles/CBMivAFBVV95cUxQWTBIMUV2YlFCMlkzSWQwa3JIa3YybnprSnVIUC1YekQxT2dLOHVVWFFxUmlMc0l6ZmNxTWFBR0ViOVBaaEg1LXZ3R29DOGE3WnBpRlNjeFVsbHU5Qlk2dVJxQ1NlWjVkbVQ5bzRfWFpfZ2JnNjE2cko2N0c2U2ZCRl9WeDE3ZFRrWnVFUWFmTmZfUDhrSFhWTk16UzF3MTc3dnVXT29qM0VBak4yNUVZLTl1T2thTy1CTGE0dg?oc=5
2026-08-23 17:45:35,TSLA,TSLA Stock In Focus: Could Optimus Be The Missing Link Between Tesla And SpaceX?,Stocktwits,https://news.google.com/rss/articles/CBMiwwFBVV95cUxPMFRNRTlQa1FMUUhtWi12YVVXYUZJanRXZnJFVU96V2s2US04cnlBNFk1NmdhN2piNzE1M0NBczNQTEZTdDNVSVpZUXhvX2ZLOWxaSjhWWW5MRGxRTGRMSU5veE50MzFjeDBhVjZEVE5kb2l3bXljSDFFY0FJV1FLMzk5bmxlVVlQZUl2bVR2cm5EZFUtZFV2bU9xd0oyOHdCbF9JU1RrN0x1eWlSUm1JZGZON1pSMXNiNGRJd25RZkVaVDQ?oc=5
2026-08-23 11:27:33,TSLA,Tesla Cybercab Launch Plans Push Stock Toward Strongest Weekly Gain Since May,TIKR.com,https://news.google.com/rss/articles/CBMif0FVX3lxTE83ZE9uRkgtcHZSRFctVk1yX20weE9BdmpkcTNqdWVpZVF0U3VIdDR0RFVpSThhV3p5U2E0N2g1M1hLXzVYX3cwM1ROU0p5RFJhUjNoVjVoTF93OTZkbjVCbF8wbkVnOU5WQUNnX3pxN1c5S2xnel93Smgtd25yVTg?oc=5
2026-08-23 10:15:00,TSLA,Tesla Stock in 2027: Why I Think It Still Has Room to Run,The Motley Fool,https://news.google.com/rss/articles/CBMimAFBVV95cUxNMDFUTmJFbEFXdUx2XzNMQWwzX2xEekNwY0FfOFVpZ0VINE1RdEdQWDNwN1JiaVJvWVhyNlBLMlJkSi00VkVhd3FHWmFGMlBiUzdtQjdsRjJPdnVpZkV0ME9hQlcxOEdGVkdScWpCZ1hJX3FHXzAteFBKXzljY2ZDT3NSd2QxSk1qb2pNQTZDazFISnBXSTVIZg?oc=5
2026-08-23 10:03:54,TSLA,Tesla Stock Revs Up On Cybercab Buzz: Analyst Sees ‘Good Entry Point’ As Robotaxis Drive 30% Of Bull Case,Stocktwits,https://news.google.com/rss/articles/CBMiugFBVV95cUxNam5tRkotV3pEaUZYTGtLU2E1Y1F6VFl1Q0NsRjhqUFlmajZMTElER3o1bXRacFp4c0VxaWFvVnZCYjNSeks4c3JOWERsOFpYekdsSXQ5LVE4bkhweFVjTFBQRlFqa3llYzBiQ0Zpd29Ea1pGbWFvZURGMHNQQmM3NnBJMFVhOVZuNnc4bTl0OHF5dHVCczY2VDBnY0ZyYW1qay1UNXEwSklHWG41OWxHbmpSZmk3QlczbUE?oc=5
2026-08-23 08:45:56,TSLA,"Greenleaf Trust Has $21.45 Million Stock Position in Tesla, Inc. $TSLA",MarketBeat,https://news.google.com/rss/articles/CBMixAFBVV95cUxNdF9Yb0d0eE01bmZROTEtMzlxYURvUjdXekQ1eGYwM1FwQVJwQ1JJd3B3LS1ENUowTmYyOHc0ck9OMlBUMDlpNHVkRVdsajYxdl90TWJKTERKSWxfNDJMaEVaYml5b19XVWtEbjlZX1ozZEIwVExBdzVJVTRTX2IxS1ktVWs3ZTE3ckhtbXNxa3RiYUhPaURHLTJVSm5oRTFSeFlXOWYzeTF5X293Tmc4cEF0WW1wa3RoU2xrRkVXcEh4T2NU?oc=5
2026-08-23 08:45:56,TSLA,"Sumitomo Mitsui DS Asset Management Company Ltd Grows Stock Position in Tesla, Inc. $TSLA",MarketBeat,https://news.google.com/rss/articles/CBMi4AFBVV95cUxOemhEcHl3OVdXTEhLX2VJTl9PMHg2aU5zQ1I2aU1paHBvYlRvVkl6Ym9JdWFDbGxDeW13S1NEcWV4Y2RETmprY2ZJMmktaVc5NVFQeWZPM3h4SjkzMUlIUGZCeExtYmhTWnp6TTNMMW96MWlBeXNKOWo4X0IwV3dTZWZNbGNUUk1MUHZDNm1IUTVOM1ZWZGo1WS0tQ3E1eDBDTWxkZ3hzYUlrYVhVUnBHbDJsZTBPNGY5djRkdUNZUnh6WU43MFU2ZE1zSzhFQzFLWU5uNjBzVmowazJjSGhwNQ?oc=5
2026-08-23 08:45:56,TSLA,"Wealthedge Investment Advisors LLC Reduces Stake in Tesla, Inc. $TSLA",MarketBeat,https://news.google.com/rss/articles/CBMixgFBVV95cUxNWmhTOTEwYjZ3UWx2dGcxZDRqVEVRVVdGaDluTDM3T1VrcjI5b3JIS0FzSHdqaG96VVFWMThJTDhQSGRMOHVCaDdVZkhSVXhQT1ZqMnVRY0hWU2c3cDRZMmlHSEZ4QjZNeENPaTV3TVN4TEZLUW03R29CaDI1cnBzXzd1NHNpMHhYR2xrZ0VDQUlSazRtQkx5bnQtOXJ5V18zMHRSTkV0WF9PLS12dXY4b3hwd3NtWlI1MFc2X3lsMHJxYU5vOXc?oc=5
2026-08-23 08:45:56,TSLA,"Life Planning Partners Inc Sells 2,144 Shares of Tesla, Inc. $TSLA",MarketBeat,https://news.google.com/rss/articles/CBMiwAFBVV95cUxPWnZYRDZIeDVUU2dJS1JUM0ZWZXZrY1o2UDlwLVJzLThYTmhCZEtkaktUT0Frczc1d2JNMFBsSnJTbnpjSTZvQmQwaVJSMExQME9RcW5EcG9XaklYb0pWdDlDS0U3VUV4WGNjelF3ZlFFejZvS0F2bUtnZDhKVnAtZjJlemxYSHNzNU05LXpuZlIzOG8zOXEyNldVQ0YxR1dhQ0xqRHJrWEdVUGpOd1JzVWd0M3N4b3paMmtuQUpycGs?oc=5
2026-08-23 08:45:56,TSLA,"5,800 Shares in Tesla, Inc. $TSLA Bought by Vanderbilt University",MarketBeat,https://news.google.com/rss/articles/CBMivwFBVV95cUxOeWZsRTI0YTQ3ZTJMSmtFMVVWeWNtYm80RmxQN3M2bUtCNEdTQ2c5N3ZYSlViVHBOWENfSmN1dVVwU0RPdlV1WGF5ZXVMd0tSdVBQbk9hNElabHVRcjdlcjMtbGlCUjdnLVFPb1JESE45RV9wYkh4anhPeXA4R3h2dXNycHB3TklxM0ZwNlNOd0xoZ1pobFhYSll4NXFnb21aU2RTVDJERURyQmNaOEtGUmR1RDltd3h1dGxBMVZLcw?oc=5
2026-08-23 07:59:43,TSLA,"E Fund Management Hong Kong Co. Ltd. Has $4.41 Million Position in Tesla, Inc. $TSLA",MarketBeat,https://news.google.com/rss/articles/CBMi1AFBVV95cUxPWkdkVE12M2Y1dU42V3dweUFCOFZYZ29qbWFvTGpFTmVOOVVsRy1EblAxNFRNZEhmZlFETFo2cXNTQ25GTTNJOVlIWnBCdGpYSWVSZmMxMHRObE5DbXNRMXdVeFNEcWlZZ2kweHJGVENxZXNXOVNkZkZxa1hvT2ZaaGpsUjJJVnVfM1AyOFJGRlVGVTZOUllhUXllZGpQZjZHcmJ5M2VEQUNlU1NkXzN1ZEdmSW0wdmttUTV3VEZ4ekN6aEpzcWt6TS1sNW1iQzc3SkYzZA?oc=5
2026-08-23 07:06:11,TSLA,Tesla Stock Sits Out The Mag 7 Rally — Cathie Wood’s Ark Keeps Loading Up Anyway,Stocktwits,https://news.google.com/rss/articles/CBMirwFBVV95cUxNcmdnU0FjbWNxRFY1MnM3MUs1TFBRTmJRMGhJdVFoTGRNQXJDNWFWYUtxeGxNWXNhalJLamtJTDdJVzlFTlpPT0h6ZUhMeWZrLUptUXdSUElmQXU4Sm9oaXlnaEVNUlJJNzd5X0xoUWc0S2FNSlhlTGdtand0RHBucEx6SDBrVWhZajgxYzFhMndUUVpRYXRPOHZGTnZ2dlZOblloUFNrTkpQa0lOTnBv?oc=5
2026-08-23 06:17:01,TSLA,"Nasdaq, S&P 500 Futures Rise As Chip Rally Counters Iran Jitters Ahead Of Big Tech Earnings: Why IREN, ACHR, TSLA, BA Stocks Are Drawing Focus",Stocktwits,https://news.google.com/rss/articles/CBMi7wFBVV95cUxNZlZxcHJNdHFWQ2JCdDJIZEJ1dlhGS2tBTWVCV0dEQUFlRWp5MmVJSGRGYnY5V0phMV9UekF6ZDB0ZlNKNUFGUUhPeDA5TXJfUldsUHhuZnR5VnFkSjk5WFYxT0Vud0V2WHZHM3F4UUMxcnpGZkZJLUxpbThyUUkzQXJ4SXpqSmtDdGlpTEdnRWpER2F4RnJaLW9LNml0THVfaW14VXFqVGEyaXVhUFpDVVVtcTNGUWItVlFtMlp1UTFaUGxGaXRBLWREeGhKMmRKVS1ONGFrYWx4WFYxT1JYSHd3bDdrLWlfNDc1dHd2TQ?oc=5
2026-08-23 06:07:13,TSLA,"Nasdaq, S&P 500 Futures Open June On Strong Footing: Why NVDA, DELL, HPE, TSM, TSLA, SPCE, RVMD Are In Focus",Stocktwits,https://news.google.com/rss/articles/CBMi1AFBVV95cUxOWHNnNWFNdnY3ZjhkVFl3b3BhMUVBZlVBTUJETkFPVzVpUWpKNmNELXNKdDRCSGdXWmd3WEwwcHhybUFsNHFoUTZUeDBmdG9vTmlZenRNc3pud1YwSi16Mmk2TUtkb1p2UlB1aVY0ekFtdTNRUU9VU05zV2NYN3E5alU2VFBhNlhxLVh3dEpQWGxHazIySTVUSkFwdWx3bWhENkRXNl9LWDA1aENmd2M1WlZmQkR0NkV2bUxNYzRtMHNlYjNVMzlfeXlOenVkOS1rVFY4Ng?oc=5
2026-08-23 05:09:56,TSLA,Tesla Surges Over 5% on Cybercab Launch and Robotaxi Permits Despite Recall Headwinds,InteractiveCrypto,https://news.google.com/rss/articles/CBMixgFBVV95cUxPS3BvUjBKU0QyenEzVW9jWXlOWTF5aUxBU3E2UUZpakZQSVk0bWg3LThGN0dlZ0JMdVpSWG5KMmpfVUdMbFZhLTYtcTR4UElodmZNTEp4OTAxMDhId2tzZmJSZXZraTYwc0tzTDNQeGlCVGZpeWNjVm1FaHMxa0FicTdrUE5XLXNSMWgteDdXbUh5alY4cWlMdzVjV19fOFNtenBjc3J6V1A3LTdRdkc2OTRhaXRKTkJuTzRvVjJhZlpyT09SX0E?oc=5
2026-08-23 05:04:57,TSLA,QUICK SPARK: Tesla and SpaceX Get Joint ETF as Elon Musk Investing Trend Accelerates,Sahm,https://news.google.com/rss/articles/CBMi0AFBVV95cUxQVnhOTldYRGtmOWFGa1VpeGlwRmkxTVROUEpNOEpfazkwQXFUNWVGSEF1cmw0QWtId21Ca1BidFFKSXVRVi03TzRzTGNpVXlpMHJOWmFwS1pBaDdaM1RGZnRScFNJeFNhempZVWhhY3h2SXVYQ0VUZk9ncy00YUZTNVBsbFFXWVpWVEQzdld6SDlQSGVqMW51MVZOb1d1a0ZMd2YzUjJlSDBiZGV1LUFjd3RjSmw0S1hFbHh4enFNRnQtMFJDc3l6NC1kckVROVgy?oc=5
2026-08-23 04:15:08,TSLA,TSLA Stock Rises Overnight: JPMorgan Says Tesla-SpaceX Merger Looks ‘Coherent On Paper’ — But China Approval Risks Loom,Stocktwits,https://news.google.com/rss/articles/CBMipgFBVV95cUxQSGdaUkJ2bHB1cWluVWdERFBaVVdxc3NyQVVSYWM2R2l5b05qR2diWElYeUtLV3Q1X3NTLVpnQU8yZElmSTBZbVVNNTZJOFRST0Q0akYycTk1Ti1sMmYtUVMwcUcyQURKZW1sRWJWWERxdjNoYlcxc21idmVIeHBQTmZ2aDZRbkg5amdLV2JHb1hydW82eU82MW5ITl9qd28zdWFzaXdn?oc=5
2026-08-23 03:44:59,TSLA,TSLA 260821 410.00P (TSLA260821P410000) Stock Community & Discussion,Moomoo,https://news.google.com/rss/articles/CBMibkFVX3lxTFBYRFdJNUNoZUFfczFrc3VjR0JRTF80TnowLWFiRWxsYUw5aEZ4NzE0NTVZSkUtdU5LQ1luYjVDaHYwdHJkQlVRc0t2VEFNM05MT2pUbWpoc2lBNUR0ZVNmVHpLeUhTblVUNDd6YTZR?oc=5
2026-08-22 23:50:57,TSLA,TSLA Stock Dips Premarket: Tesla Influencer Warns Selling Tesla For SpaceX IPO Could Be ‘Lose-Lose’ Trade,Stocktwits,https://news.google.com/rss/articles/CBMirgFBVV95cUxObVlUeVFKemVVWHE4enAzNmk2VG1qRFpSa2U3UFQxTTZDbVpPdVhhNEpzb3poUmZwVXlQZi1vLTlUUTJ1UExldmFWM05xbnRCRHVtS3AxSmNWRVdxVjlmc05jQ00zaUZDOVZoMzRLUmIzY3VKRGYzazVxaTBjNGNFQnBBSU9Fd2c0blVocjBqczdhLXQ2aVFJMEVKQmVrUDZtaF9EWmJOZGtHNUpfcnc?oc=5
2026-08-22 23:36:52,TSLA,What Is Tesla (TSLA) Telling Investors With Its 3 Million Vehicle China Recall?,simplywall.st,https://news.google.com/rss/articles/CBMixgFBVV95cUxOa2wzTXJpRl9ERUM1S3phbW0wc0o1VWdrXzNQa0pfZG8zeFZ2Sm9BaTluV3Z6dzBEeEY4ZlYzb2s5b19Wb1dPdWF6QVJ5ZENVdW1BdG14VDZTbHFsZmp1T2FfdHdKQ2VKczFrcmNFdGpKNnBpM25wcmJhQ3RMNlpZNDZrb0JhdWdXcHN6RW9Xal9jTkRwVzRWdUo5aXpaMm9oZzhDQmptNzNVVkZGUTg5amMyMlB1Rlg0Mmw1bWdQOURrczdtSVHSAcsBQVVfeXFMTzhfTHNteGtWSkhjSFYyQjRxc0VDMTRqMllQbGRBMXdlY19lTmZGcDlqdUtQM2tITC02ZjAwcXJ4SllPeEJnWV9OamR1ZDBMYlRnY0U5aXhGMmluajdZSmxxMC1nb01KaGJCT2RpUGtfTGxMUFhTUFBCX1NaQkZuV0hQVkNPTlJWVE9YZnk3eE9ZTW5HUlkzZHNNQjRZdDUxTGF6cVFDeDJKYTFIVi1VM2JWcE9YWW9GOV9DSVFqNjRyTWdZNmNIQTd3STQ?oc=5
2026-08-22 21:56:42,TSLA,"Tesla Rises 5.1% After Securing Nevada Robotaxi Permit; 5,000-Vehicle Limit Not Forward Outlook",TechStock²,https://news.google.com/rss/articles/CBMiowFBVV95cUxORkZyY3Q2eEtlRWtMeDJ5b2hmOFhpN2Zla3oxYndRaE9RQVpidzA0Zlh2ckNBcC1QaDVyaHE4T29HUjk1UFFjTHpuZGNtRmZ1ZGk2Yk9tX2xRRndpeHY3UmhXeUpMVkJhYnptdE42X0pKeHFBUDRoZGtPcElwakJIN1I3Q3E5WjdRUTdYS1BwbnlZR3FOWEdHaXUtQ05WbGxJMEdj?oc=5
2026-08-22 21:18:58,TSLA,TSLA Stock Extends Tumble Overnight: Munster Sees Capex Blowing Past Street Estimates Next Year Too,Stocktwits,https://news.google.com/rss/articles/CBMiswFBVV95cUxPRkx0eEM2aTdZcWZEeFdZRDJJVTFWWHgyWndzMTRTTlBsZ3kydXlUbDRaX3VCamRkUndoNV9YNWRvbjZSTzR5VzAxQS1uekNOX1B0RUl1TkJ4eU9UMkxrdDZVaGNKZ2k4cDdERTNMeXZzWVlESzhSZklVZWh6LVhIaWU4a1pmT3ppcHc3MHJDU2o2TWhNU3hOeUtWQ0t4dmlMS0gwc1M0V012Q2FWQkNKQVVVRQ?oc=5
2026-08-22 21:18:57,TSLA,"Nasdaq Futures Tick Higher As Amazon Earnings Lift AI Stocks Despite Apple Selloff: Why TSLA, SPCX, RDDT, SMCI, BE, RKLB Are In Focus",Stocktwits,https://news.google.com/rss/articles/CBMi9gFBVV95cUxPQ0tsMWtzYkhFYlFDZVRSTTBCdnFsOGFGUkEzTVZkMExRYkxNeHc3MjA4cmdmejU1MmdMWG10UVhzSnJaVHlvcGI1WW9BSklsV2lfdjAwaXI3LURaLU53c3pPQlNvdDliMUhyS1FsbUQ1cHMtanFqbXRqRThHTXpWbzd2dVZNMlE2UEVabHdGbEJzU2pKQ0Y3WC1PdWYxbU92OHYydGNva3VISWJUM2pTbHo3RTJXQUY4a2lRb0szNDhGUUlUNDcySXUtOU1waUExRmMxZkJaaG93eTBvUFMyRV9Yc2swT3lhMXBteWNYTXIxWUlrM3c?oc=5
2026-08-22 20:13:22,TSLA,"Will SpaceX Merge With Tesla? Elon Musk’s Combined Company Would Own Over 30,000 BTC",Stocktwits,https://news.google.com/rss/articles/CBMiwwFBVV95cUxNdDdSSTJnZEUxeUUzSHhtTk5QVHlWMFZjNzNQNkdTTEhka3kyLWxzMGtDTlJMOXMxaF9YSll4VjlYOG5xMnZKS2l1Wm14cjlMVG1ZTlZrcDJPTzFIbzZYQnNPRzM3MU5Sbl9LMXhiNDVTczhmaEhHdU5feUVXRDN2anhWTDd1M3VsMGhxQmNHWlhXd1Q4d3V6VFlJSmV2TU5XSFA3MkNwaGx3dEJXeEZsRE5kQ0tPd0RDaG9kd0E3VUlnZ28?oc=5
2026-08-22 19:34:52,TSLA,"Tesla CEO Elon Musk Sees ‘Extremely Bright’ 10-Year Future, Urges Investors To Hold On To Stock",Stocktwits,https://news.google.com/rss/articles/CBMi4wFBVV95cUxOMC1PaDJIWXhOWFVWRlRrOEdlZGNBUTctMGtLdHhKT25zZXlELUljLUpxYW5oX1BkV0QzcWhOdjk4MVZ6MGl1Q1cwNG5hb19fZ3h0cjRsbzUyV0o3TGdpXzZacUo3QzhpU3VueHlrZDVITmtVNy1lbGxObnNPTktsQlU4SUFmSUdzeUY0Y202b2FKTWdSWGJfRVUwcWxYa290N0FtMThJY2JmeGdYTmZRMVpkdy1mck1WMHBpSUpVQWxSdlpjZF9ST3d5LTBnNV9KcnlON1gwUDV1Z0ExdDE5ZDlrSQ?oc=5
2026-08-22 19:23:20,TSLA,"Tesla (TSLA) Q2 Earnings Wednesday — 480K Deliveries, 7.6% Options Swing",TradingKey,https://news.google.com/rss/articles/CBMizgFBVV95cUxOUWNBTEdsMTlMelhBcmpYN21lei1xSmxnMldJYzlIajBlU2ZfSmRITGVJTFdONlJUNlh4b2pMZV9kNWpoZ3V0RGJac0VLR2llbnRMZ3BHNW91NGNLRHRLM1NCdldxcVNHRUhMb1VFYk40UWNSY3c1QWZEZ2N4d3Q4a2RMMUp0N3BRWEJOUS1qZGdlaDFQckJkNTdIMlhDX2hUWko0c1hQbjNZdG9yU21KRmJRMDY5bHpNVWJKNXRkMDhhZnFmMUN5ZTlzNDlfUQ?oc=5
2026-08-22 19:22:05,TSLA,Tesla (TSLA) Stock Price Forecast 2026: 480K Deliveries Beat by 18% - Why Did the Stock Drop 7%?,TradingKey,https://news.google.com/rss/articles/CBMiwgFBVV95cUxOMUdETkhNaTA0YlpuQ2pIZkFqWmVzVTM2aTg5M2U5ZDRUdWJma0FfanA5Tm5FbkxLVnRCcUdXQWhQRUFYTUJVTTBoa2FCdUtOZl9FS3hfWFp5TXZRZHRXUlFxOWljeUpUR2s2NENqNXN1SHRGZ1NCejFYZjludEtGV3JYbG11QUZhX1Z2RTJjTDUxNG0yR2FnbFM3WGEyZ1p6QXQtTkZfNWVaWjZldlFCWWd6MUxrRHJxNnVlUVpRQ0R5Zw?oc=5
2026-08-22 18:45:27,TSLA,"Dow, S&P 500, Nasdaq Futures Slip As Trump’s Hormuz Deadline Looms: Why UNH, CAR, TSLA, AVGO, ENVX Are Trending After-Hours",Stocktwits,https://news.google.com/rss/articles/CBMizwFBVV95cUxPaTFzRnFlV1J4WU0xM2JWeWFSbXJRVkJvS19IRVNRVEN6TnZxOWJKSW0zSzhqY2xWZDJ3b0VFbGstZ0lGN1NYZDVHZkdRb1ZmUnRoQk9DRXpMUTROWVpqWXVlYkc0RkpfM1duX3FFTHN3ZGk2VF9YSTlyandwdDl4TUZwazRZb3BkbVBCQ0thUzFGMGVuS3IzUVlIX2xlTG5TeFNueU9mRXBCZjh4QUkxOFBGXzBVRk1zLWk0VzM1RV9WWEl3Mk9KT0wzSjNIeFE?oc=5
2026-08-22 18:34:07,TSLA,TSLA Price Prediction: Upper Band Breakout or Bull Trap — $370 Is the Line That Decides Everything,blockchain.news,https://news.google.com/rss/articles/CBMilwFBVV95cUxOQ2JHODBfVHBWcngzVWlGMW1oN1RITi02dVRFVnNIamZzcWxTRVBUdmlCRHhUYUJpcWxvRGtWbk04TjhjOURhbC1VN2dBRnA2SFppanZ6YmR2Z280NS1feUk2ZGtBS3hDMlczTlZkb0pzdnF4TWxKS0R3R3dWQnMtd3hLZmIxc1NmcDFNeHZfVy02N1ZJNW1F?oc=5
2026-08-22 17:38:42,TSLA,"Tesla Stock Forecast: How Much Will TSLA Stock Be Worth in 2030? Can It Hit $3,000?",TradingKey,https://news.google.com/rss/articles/CBMi8wFBVV95cUxNVFZibUlDdy02NU1WeTVUWEdZZzAtc1pOLW5HRFgyN2JQYmxIMlRhdTNFZHZUaU9zTFlSTllicUY4dlpCYTFlVXBBN00yeVpRUGVWRl93d3dQQkktRGZCc2lHVnpxUG5RbHFpcy14ZkdvRFVyWGxIajJUTHRSNDJ3c1dQeUxKS0ZaMDZtRlBHd2NEUG9CM01vS2ZhQVpubHo2WW1mYVdCRV8yUUhldWVZWE5MamY4SHBNVTdxM0FONFhqWlZvRXZkUWNZcXk0Q3p2WmRYZzY5RmxGMGI2VGFIZzlQQlE1VngxU0J5X3p5R3ptRDA?oc=5
2026-08-22 17:08:09,TSLA,Tesla (TSLA) Is Recalling Nearly 3 Million Vehicles In China,Yahoo Finance,https://news.google.com/rss/articles/CBMimgFBVV95cUxORHlOSl9aYXpWbUtkTnB3SGRsd2NvR2Rqdl9WcTU1TG9qaGVBQlBaUXlPTndZSWF1X2VYZm14ZnpuYTVveGVQbXJiempJNUVmTE8xckVkU2lERXpJbGxIZ2hiNzFLXzE1TDl1VTk1eGdLOGN0VmFWcXRGTk44eFRRbWtqRTBaZG5TQm44VmRKOFlSY0NHZHhOVDRn?oc=5
2026-08-22 16:37:00,TSLA,$TSLA stock rose 6% this week. Here's what we see in our data.,Quiver Quantitative,https://news.google.com/rss/articles/CBMiogFBVV95cUxOWXlmZjVFdjN2ZkhtNzJHR3JOS1VfT3pLcEtoV2F6OUcxMUVkTTFmSHl3M1BMa2Y4SV85X0ZCOVItdS1oOW45TkpWbG1TNE03bnJRZUdVZFdzMHM1TC0zMUwtX3VLSF9nZXN2NDF4U1JQbnJXX1BBSmNDeTV3RXU2YmZIMTNreWNWTk9kMDI2VkhqVTg0Z1RYQ1RXS0QxUUg1YlE?oc=5
2026-08-22 13:16:46,TSLA,TSLA Stock Breaks Losing Streak: Fund Manager Says Autonomy Beats Rich Valuation,Stocktwits,https://news.google.com/rss/articles/CBMi2wFBVV95cUxPMzdOTXQ1SEJfMnVDYlplYjBHQV9SeUQ5UjFnS3BRWDhSbUNzZWhiQlVtWE5WVm9OWlNxdWlsUzk2LXh5ajhXblU1aHpFdG5RRUZ6LThsWHd1Wmc0MmNUQzdxTFJ2cVhoR01scFE2VHNabzNGQ09fTm9SMmFfWExjTFM2cnJTMHJ6ZzUtNXh3SW42dGpwbU1xeXZuMDk0VEItLWFUWHJTYU9VWUNFbl9yb1NRS0xsNWlNcVFNaDh6QzVPOFEzWGIwaThtTVgzVXgzTVItcTBfS0NUNnM?oc=5
2026-08-22 11:06:16,TSLA,$Tesla (TSLA.US)$,Moomoo,https://news.google.com/rss/articles/CBMidkFVX3lxTFB4QVJIdUtHa1VRNVNqMGw4UmYzQkVPZGVudkhDQ2liOHJaWlJmMUlwaTdRRVdkdGlMaV9JbzQ3VUZBbTRYUWdUM0ZGeUVOcWVKTzFiV3JKc005WDVJd1ZsY2NPZ2hqWnhaY0pSV29pLUh1cVhWa2c?oc=5
2026-08-22 09:43:50,TSLA,"Leavell Investment Management Inc. Cuts Stock Holdings in Tesla, Inc. $TSLA",MarketBeat,https://news.google.com/rss/articles/CBMizAFBVV95cUxNbms3cDB5Z2tKdFNYR2RjTWY3Q3J1bWw3YlNDamFSX0loVU8teU1SQ1NxR3dQdHNRdDNXMFhkSHRsMFBPejRIZk1Tc3ByZkpzcFIydll6TXdYYkdvYU9DRTktSWZjZG5RQWV0akFnN3lKU2lxejlNVXZUQ2c3MmViMklyU0NKS25OajhFM3lYR2pmRmJjZDJ0WnFkd1BPZC1xT1BDLVhmbnlHck9lTThULW5xa1Z5U2ZqMWxOUmRqRV8tTXJiZE13aDVDcTU?oc=5
2026-08-22 09:43:46,TSLA,"Vision Retirement LLC Has $11.53 Million Stock Position in Tesla, Inc. $TSLA",MarketBeat,https://news.google.com/rss/articles/CBMizAFBVV95cUxNM2ViWVRtaDUyS3pHTi1OQzBYUVVUWGtpakV4bmtBRWFKU2Q0YkZoYUlVbFlKcFJIMW5RX29veC1zUHY0dzEtVnhqeTdfcFQtekJ5RmoyLWNJei1BSm9ueWpNR1hhRzMycE5JbzhqLU45azJ6ZGdmdHVyNmNSelZoU1pKcEZzMEVRWl9rclltU0tJVFkxMi1PcXBnRW0yVTZFSXl3cVN3QUtVR000b1Q2ZS1mUXNCcFNuTVAwNDhvMlF4eTl2Z0t4Z0Y2dFk?oc=5
2026-08-22 09:39:31,TSLA,"Quantum Financial Partners LLC Takes $1.36 Million Position in Tesla, Inc. $TSLA",MarketBeat,https://news.google.com/rss/articles/CBMi0gFBVV95cUxPSHlKLXNGM1hpQ2daNkUtVzdxM2N4bzEzQUhMRjFMcWtEZjh1bW9ORFU0Qm1kQjBVbHM0TUFKQWVUWi1xWGNhS1ZLRUh6NUVTX2dWdUE4Tmt5bmJNLTgweFlBNFpKSWlZZTFRSmVua3Q5WWpsamJvUnl5VnRqY2J1Tk1Ec3RvN1pxUzRreTZiaVVCc0tzYW5DME5qZVlpQzRHOENMcVB2SVBpSjlZMklKY00tOFRvVVMwaDB3VWtEQ1hmWnd2YTRtWGVEel9id0lpaEE?oc=5
2026-08-22 07:39:11,TSLA,"Tesla, Inc. $TSLA Shares Acquired by Envestnet Portfolio Solutions Inc.",MarketBeat,https://news.google.com/rss/articles/CBMixwFBVV95cUxOVk12TEZsWFdTZV94bGxmekdJbzRndVd3am5pWDZRdFdqcGJMQi0ydHBUU2tiTEZIcEtKZHhZY3VoelRNMTBhb1ozQ0pPZFpxOWpRQ1I3S0FQaW84dWx3eWtnbS04bmRMeXVhM3lZWTNIaEllN2VRdUE3bWc5WTNBaFpldUprUEJhdWlrYm1DRUcxWU5GcFptZHoyNl9SQmtTdk9MYTJyWFU3T2lma0liUTVTZFRBd1Z6VUdscFAtT3VJLUMxWnZJ?oc=5
2026-08-22 06:51:47,TSLA,Technical Analysis Of Stocks: SPY / QQQ / NVDA / TSLA / AMD / PLTR / SOUN / MU Sunderland Score Today (ygDlPatnF5),Mshale,https://news.google.com/rss/articles/CBMiW0FVX3lxTE1BMnlYUFdkVUVrMUtUa3dLRTFMaHZWSUhhb3VEMHBzQ211by13Q2xLeVBUZ3hmcFMteFBjRHdlc0tDUW9JdGdUdFFpMVdmdDZpdXNCajZZVXRjajg?oc=5
2026-08-22 04:18:21,TSLA,$Tesla (TSLA.US)$ the best trade this week 🙏🏻,Moomoo,https://news.google.com/rss/articles/CBMilwFBVV95cUxPa2RuamFsS1J0WUcxeW5vV2k1S01VWnJ0ZWhVRk11eW0zMk4xWXE4VVpfS1pHWTF2R3NkdlFZTzQ4MTJNd090eHg1YTRaSTR0d1oydU55QXQ1SFl0Q2d5eW5MTE9GREdhTGl6dTdzOGF4UUY5TmNmNFdhRUl0ZjRMYmlTNmpUVjlTcmhhQUZ0ZWp1RHVyci1j?oc=5
2026-08-22 03:20:02,TSLA,even TSLA are climbing higher!!!!!!,Moomoo,https://news.google.com/rss/articles/CBMiiwFBVV95cUxOOVRqcnRUd1NNNnJxeGd0SmVKaVl5NFRiQkZoQlotYVFCTDlRTW5jb083M1V1UjQzZ1Z6TkN1ZDFDS2N6dVl6LWpYdlZDS3hEVjN5WS1fclVyQWNuMGFBQlRCdkJIQlluRWNyV05Ga05jekZhRU5fUHJ4RDVXZjMzOEwwVFV0T3JYWmZZ?oc=5
2026-08-22 03:18:16,TSLA,TSLA Stock Slips On Bear Warning That Upcoming Cybercab Event Is No Milestone,Stocktwits,https://news.google.com/rss/articles/CBMi2AFBVV95cUxNYWRxUmdjelh3QWRzSFRSMy1STWxCMnByU3htdDdPeHV1V3lKejFTWFNHWnBFUllLWnNBMWphWFpacHdQblZVb3c1RUZNdmQwS3EtN0p1VWtFdVI0Z3I1MENfN3BPaWJzbUZfYTk2LXJ1ZGVVT1ZXSFhVQWduN2lZZHl3Rk05Vnpvakk2SVUzMGFfMUE5cjlkZ0VFdTMtbk54SXl1TmhXTDhEREFuMUN3dC1qZjlNT3Q4bmd5WGhObGlyd3BsYWhkbEEyV3h4LV94dHlQM3JIUlk?oc=5
2026-08-22 01:18:45,TSLA,NVIDIA (NVDA) and Tesla (TSLA) Update: Stock Movements and Strat,GuruFocus,https://news.google.com/rss/articles/CBMitgFBVV95cUxQc2thczduMl9aUGpscmJRcld4N1pGbVdmNFk4UFFudGxuQVA1UnVTWGo4ZngtRXpreXRXbzVoY3pxbkg5enZHbGFGTlhodEx0UEVsREdlQTQ5dnJPUERLODEtWTJ2NEoxQjRFbHJCbjMzZFkzTjJVM0QwMzFHd2p2RXZZYkhUdW1YYnEwVzdwRWZVellVcVhqZDNmZFV1TUhNOVRDWi03N2xTNC1mbDBIRTU4ZDhyUQ?oc=5
2026-08-22 00:56:31,TSLA,"Tesla Stock Rides SpaceX Hype: Trump Floats $20B Lunar Push, Musk Eyes 'Major' Moon Base",Stocktwits,https://news.google.com/rss/articles/CBMiugFBVV95cUxPby1FcDZDTzJDWkZzelRDZHBfXzNZVTU4SF9yQ3hWMXl2SDhpeTNTbVpjaTlWZWtDMlNKa1k0TEFPcnVOVWRfYVZlLXBSQmhWWmxvU2ljTmtpenlJZXdnWlFFLWxqRlRyZWZLVFd0aWJfMWNGcloxUmUyTnMzMVd6UUcxX1NjUUVaa0N5TFlJTVhnaU1aNmMxYlhzZThubS1wQURkajUwZTMtc3dDUGpOcFdtUFFOVTlWalE?oc=5
2026-08-22 00:55:07,TSLA,Tesla Tokenized Stock (Robinhood) to Euro Price Today | Live TSLA to EUR Converter & Exchange Rate,CryptoRank,https://news.google.com/rss/articles/CBMicEFVX3lxTE1KYUl1UWpJWFZRZ2hyX3hYbm9LeHk3YnV5RS1OcmFUclpVSEdjMTloYU1DYTl0Si1PMTNvSlhnXzJ0TDY1a0dLaXNjdHFra1k3R1VSbTdLSmZndnBmWjFrQTZiT3FBa2lWX2hIWU1lRXA?oc=5
2026-08-22 00:18:30,TSLA,Tesla Tokenized Stock (Robinhood) to Indian Rupee Price Today | Live TSLA to INR Converter & Exchange Rate,CryptoRank,https://news.google.com/rss/articles/CBMicEFVX3lxTE1RNHViM0N0eDVnYWdGMGptd21Kd0RyMVdiZXB6WEI3MWNsbmpsUHBjOGliZC15bjNXQnJxSkRHc1VfQUFydnFPc1Y1Z1NkeU1TLTNLb04ySjd5S2hOZ3dZX3djWGwzcnFXaF9ITDBDUzk?oc=5
2026-08-22 00:05:05,TSLA,This Analyst Bets On Tesla’s Robotaxi And Cybercab Businesses Ahead Of Q2 Results – Retail Sees Stock Climbing To $450,Stocktwits,https://news.google.com/rss/articles/CBMiqgFBVV95cUxOeVpNYTBWaWlyY0c1MERmZFVTeS1keGU4aFdVUC1yRzlxbFJmRTJEN3pxTllPU3QxbC10SW4xTWVxeGFjT08zaWtRbjFEZF9fdXN6SHpSbmFvTlA3bmEtOUxibHJrTzFmclJtWmJpVjZ4UVdoemt4c1BEUTBjbDJJWGMzaVRPTUZlUl9IcXdlWGh4R2tsdUFTLVBrV1Zlck5iaXJXa2h3cHJpQQ?oc=5
2026-08-21 23:58:41,TSLA,Tesla Tokenized Stock (Robinhood) to United States Dollar Price Today | Live TSLA to USD Converter & Exchange Rate,CryptoRank,https://news.google.com/rss/articles/CBMicEFVX3lxTFBFMkFqc1NJenluSWVTTzBKNjFuNjNzWlQtdi1LYVF4V0NhREpvM3ZzTWRMbzR3WWZFdVJHRXNSeDhWMVNGai03YUhzSUNiZXo2YmZmNTNMSHFsdmR2eWxxT3FNV3lwRk13dUktY0Rxbk0?oc=5
2026-08-21 23:52:06,TSLA,Tesla: The Numbers Do Not Justify The Valuation (NASDAQ:TSLA),Seeking Alpha,https://news.google.com/rss/articles/CBMikAFBVV95cUxORXM3c2h4Sk5WTlBHUjA0ejJfV0EybFBfdE1mRHBuTFI4ZU5IbnpfWGczR19ZUGpBTXRfY2w3cmtVSmNUYUNMM29SZFMxWnAtQ2V0M0Zmbm05ZkxPOUI3SkFBUkMxWnZiNTNONXI0dWdxRTBmMEJURTdTOGpXS3V6XzA1QVVxZGlvVHlkaV9TYUE?oc=5
2026-08-21 23:38:59,TSLA,"Nasdaq, S&P 500 Futures Rise Ahead Of Nvidia Earnings, Fed Minutes: Why TSLA, SLS, IBRX, CAVA, POET, BA Are In Focus",Stocktwits,https://news.google.com/rss/articles/CBMi0wFBVV95cUxQMEZuOVk0MS12VnI0U3FRX1E4Tk1nZTJrM0dzTGtpbDF0ZGxvTFVad3RRdFV0X2J4RXpxRW9ncEJ2V0dDcHpxNVVPQlMxeXZtdTVNRnZZUkJhd0NrbVAwY1lsMWptTW9obmI0Y0ZnSzktYWhURkxyTnZZMGxRajEwc2U4cURlX1NnVFRkT3Y3OG9sRkVsVlJCdVV6ZldGZ1VZQndoU0E2Z19DT0o0ODhncnpWd19QNDZ2bzNsdWs3UUJ4VzRUVkZ2XzFCN1BsVDBuZHR3?oc=5
2026-08-21 23:18:45,TSLA,"🔴 Live Stock Review: IREN, MSTR, OKLO, TSLA & More | Wheel Strategy Setups Lens Fc (k0f1dKObEv)",Mshale,https://news.google.com/rss/articles/CBMiW0FVX3lxTE5LMWhUOU90c2pWS29OSGtneGNuVlpjTnp0UjJxVWt4ODdSdzA5bExrZjBRWHdTMzIzdkZjU3BKTjY2SU9fbmFDdC1JaF8xcVpjX2k5X3RwUEFwX3c?oc=5
2026-08-21 23:05:00,TSLA,Tesla Controls 59% of the U.S. EV Market -- Its Highest Share Since 2023,The Motley Fool,https://news.google.com/rss/articles/CBMilwFBVV95cUxOcUdJWEJTNU5mUlczZzVBWklUdDM4bmFCalJLMmVQQ05yY3FWdVVSNjI3M2xWNDJldGFrMkRRcFhBcGRnQ3pKdVpkTEJ5SjJkN2FEZVFwRHBXVkZDMzBGbnRvT1dMR1dJTVFTTG83MmxoTjdfRUFvc3ZzTTFINVdrZkJ2UXk2SXJuUnowUGRZR3pWcWpSNFhr?oc=5
2026-08-21 22:58:33,TSLA,Tesla Tokenized Stock (Robinhood),CryptoRank,https://news.google.com/rss/articles/CBMicEFVX3lxTE5QNnZsdVhVY3hGRjRUdU5WNlFuczViN1FHUFJyNEJZYnVzMDQxMGZqWkFqT1N6QzlHQWp6bzZjWDFWVTBjQXluSE5JcjBhT0s3MDJPRzhDa01yWDBqbDNvOVhPVlhVRXJHNENuOUpzckY?oc=5
2026-08-21 22:43:26,TSLA,Tesla Tokenized Stock (Robinhood) to Japanese Yen Price Today | Live TSLA to JPY Converter & Exchange Rate,CryptoRank,https://news.google.com/rss/articles/CBMicEFVX3lxTE1DMV9lbTdBM1hKdEVxY05zYUs4cUFFWG1nUWFzTnlZZHQyUENwTFl3TmItTHN6YTA1emZHbk5MMXpnc1ZuR1BJSXJVaWpFRi03bWpYV1M4cXBKWVFQX3dlbmdCSl9XeGhHT1B0UEJVWE4?oc=5
2026-08-21 22:31:30,TSLA,Tesla Stock Edges Up As Morgan Stanley Reiterates Optimism In EV Maker’s Solar Capacity Buildup Plans,Stocktwits,https://news.google.com/rss/articles/CBMi9wFBVV95cUxQbS13MjExMm5yLVhtOVNjQzFDNkUyOTNYckI4eTJfZ1JSTGxxZXc0R000d1VHa0dqaEVldlFDSjNhbm5aREtaZ1o5QjNmalQ5MFl2QVI2ZTBNOHllNFFSVVE0NDJTbndNdWU0eGJSUS1PM1U3bDNRLXUxSVlfenRyYjJKc0ZZanowUlZMMlFnY3ZuZ29TeVNjUUFWQ2UxM3FaYm9aXzNuVFl5MUtkQXJqT1NWaXB3MmktNWVfaXJkUEdIZUpGUjFEWVRaYTc3Z2lmTHkwWVotUzlHazBwcHR2SWMtdGJtekFqMlpBelNxNkFlSE0wQlUw?oc=5
2026-08-21 22:26:00,TSLA,Why Is Tesla Stock Up Today?,The Motley Fool,https://news.google.com/rss/articles/CBMiekFVX3lxTE9ua2UzRGk2Z09kcS16OFZUak1NaUJobUxRN1lscmppeHgwY3JkVjZtV1ZkRzduUUdsOXVKRDF1NUxycXRYTlV2THYtblJXTTVOdUxSajJldTJ6VU5iQlhVRWFsUHRVZG4zRkYtdEpJMHRpSEhuMWo5WG13?oc=5
2026-08-21 22:08:25,TSLA,Tesla Rallies 20%+ From July Lows. How Much Upside Is Left?,Moomoo,https://news.google.com/rss/articles/CBMiqAFBVV95cUxNc2h0b19CSlYxeVAzSndCcUMtVmN0ZVlGX0x2VHlwVlJmUDhUUXgyYVRYeUF0T3BCUEtIQTBqdWlvMkloWkhfaG4xRFcyMTREcmN6OXdiWTVmZFY2OFJ6ajA2ZnBOb1NfeW5ycDVoempRS0MzT0w2RTVJZ016d1M2MllsS2FQMVZNb19VNG9WME9QNFV1QUpMOFVhRk1pdTZkbmpCTlRZZC0?oc=5
2026-08-21 22:05:33,TSLA,Tesla Approved for Robotaxi Launch in Las Vegas,Intellectia AI,https://news.google.com/rss/articles/CBMiiAFBVV95cUxQWGVvS3VaM0xVaktGRUNpYks4VTFSZEtfa1JZS3ZsQUFibW42VVJLWGk1S1FNWHhCV2U2cmRtSGgwVjlOX0JGV01tLTFIOUxTc0s0Zm1tQm9QdVJHZWZpQWUwMGRLRXBhcFFTYVM5UG1ubko3UDk5UHRMOHZJTzNDTTIxZWlkQU1E?oc=5
2026-08-21 21:47:16,TSLA,Tesla (NASDAQ:TSLA) Trading 5.1% Higher - What's Next?,MarketBeat,https://news.google.com/rss/articles/CBMioAFBVV95cUxQRXF6TnllU2o4S1J4Nm1MZ3BTSl9kYTBZSk9xZFZta3U3Z2pMeFRlcDZrbk4zQVFkVGZjVGJvcHUwUkNYMUhORW5SRHQ4WE5HRVI2Qmd2cEcxaHFpOUJab21ZNlNVMGYwZDQzQU8zOTcySGtlblZUMmRDZS1WdC1YRGh2TktlQXB3Qml0MGF3VEdMa1Vma05NM2FZdkE3STFm?oc=5
2026-08-21 21:46:00,TSLA,Why Is Tesla Stock Up Today?,The Globe and Mail,https://news.google.com/rss/articles/CBMisgFBVV95cUxOMjVKaFBUakh0TC1WNG1QRXR0NUlQUF9ZcXUtd0IzZ3JwU2VPV0VFS3lkUkxadV9XSzlOcFcxNzlLZTN5NVB5cGNLV1lOS3QzZmdmT0FMTUExMWtncklzQTg0ekliSU53RnRDSzJ0ZHZYQlZsSEtxaFplMjcyUmxTWFBXOURsUlhhQ3ktQXlXcHdkOUpES3laWnpSSkRsNXN3aTdPcDNiNnhtS1kxcTFSbVNR?oc=5
2026-08-21 21:38:45,TSLA,"Tesla (NASDAQ:TSLA) Stock Jumps 5% After Nevada Clears Up to 5,000 Robotaxis for Las Vegas",Stocks Down Under,https://news.google.com/rss/articles/CBMidkFVX3lxTE1XRThVUkdCZTBTXzlYb0tEV0FyejFiRUF5cXRSQy1hdXBieUNXMTR5Y3AxMGlET1hzMHlIS3NkN21ldkM3VFJyRVdITVdqNFZBWGhyckUzbTE3Y0tXaGQ5RkdfTFM0VDlKVWZoZi1nalFTc25acXc?oc=5
2026-08-21 21:37:00,TSLA,Elon Musk's SpaceX and Tesla Are Building a $16.8 Billion Chip Factory 5 Times Bigger Than Earth's Largest Building. What Does That Mean for Both Stocks?,The Motley Fool,https://news.google.com/rss/articles/CBMimAFBVV95cUxQb01rWFF6a09GSEZOT3o1VjhoLW44andBX0Q3dVFseWNQVFhDZm9yTXQ2dnpialhHV1g0LTFMOENkeTBkWlZMXzVKS0t6bWFLYVBoVTZYWkZzblh4NE5vX3NfZmxxSlRNbVEzZlBOdlVWZl80T2VuNlVsN2tDUmV2cHJFR2JWX2xJTHFHOHZYREFsQzZYaTFiQQ?oc=5
2026-08-21 21:04:30,TSLA,"Tesla Stock Slips Premarket: First High-Volume Semi Rolls Out, But China Weakness Keeps Investors Cautious",Stocktwits,https://news.google.com/rss/articles/CBMiuwFBVV95cUxOaXhNUXYxX3RPWllibFJZcWh6N1Q3MHM3R2k0cGlZYklBZVI5NFoydHpBQmc5N0ltSml6MEp6Q0p5YXAwT3F1NkJaNnpZeHhpdE1uOURobDlRUDVmb2p1ZE4wM2QxeWRMUF9QRlNXdFhkLVBURF9pZ09GYjkzRHExN1V0N1RjZUdIWGdxMHF4ZVZCQVRYQ3VReS1FMnAzUGxRVzItbzA2TzhXWHNydzFUclZ6QUlqUkdZRndZ?oc=5
2026-08-21 20:47:00,TSLA,Tesla Stock Eyeing $400 after Reclaiming $360 as Semi Truck Europe Push Boosts TSLA,FXLeaders,https://news.google.com/rss/articles/CBMiwgFBVV95cUxNVW9ucUVTM09tSlczWE16VkhjU2xaZ1NRcV8wU0xkZTg0UGlmMWVQSXY1eTE5SEF0c0FuUDBIcHBoNXg4OFdGd0NGNHpTZXBVYndySGNlT2s3Z3BMWnR0VmpSRjBiYTRlMUVkdk5yMmJOMTZTLUhIVHpYQmlVSEMxSnN1VHpSSTJ5ZS1mRTRLRUNILTdlbUZXLWFGYWxiRHgtRnBjcVhIdzV0dkVYUkFTNkFuNzhIZFJublpqdWx2QW1oZw?oc=5
2026-08-21 20:41:13,TSLA,Tesla Stock: Robotaxi and Semi Will Test Its 292.5x Valuation,TipRanks,https://news.google.com/rss/articles/CBMilAFBVV95cUxNT3lRZGFHTS1OMm1KZHBDcjBHZTVmdFBhNFJqZ2p1eGQwcVpTQkhETi13QnZFQmIzN09iUlp2VGswWW1hV0xtR2lIdDhZV0lJbEJNZ1dVQWszREVud2FPRHVHS1NxSXduZTlVSG1kT0pfNUpsNkc1dW1Uck9CalNCZ2FGYlY2bEpqUllxWG41bnRhVHVQ?oc=5
2026-08-21 20:34:00,TSLA,Tesla’s stock jumps as the company gets cleared for a Las Vegas robotaxi launch,MarketWatch,https://news.google.com/rss/articles/CBMiqwFBVV95cUxPTU5MR2pXQlZoMDgzSWFXVEZsNEZpcEg1ei15RkNOQkpPaXRYLW8xbEswb1VQa0ZlWFNBcGQwamtuMEZ2dUgtUnp0RHllYWI2WnBTMjhDVVRCM05PUGhaZ25zNm9pdDRGOV95TzZ3bTdtUF9TY19BRVY1d2hJajNjT2taTW0wMjFDMmNGUGE4dEdaVmdjU050WkdnRkZWVmQycndBdi1VcW40c3M?oc=5
2026-08-21 20:01:55,TSLA,‘Buying TSLA Is Like Buying A Piece Of SpaceX’ — Retail Traders Find Hope In IPO Filing That Confirms Cross-Ownership Thesis,Stocktwits,https://news.google.com/rss/articles/CBMiugFBVV95cUxQczQ1S243clV3RGU2WlJDM1M5Mmt1U3RhMGN2YXktQVlpcFN3a1BBTDBEay1EZ2MwRHAxTU51Sm1vYkEtMnJMa2xVRUdqYkhSdWg2ZUtOUTNSa0lQd2JSVHRhaFVKOHlFZXFzQWNtdnVJcUR3NG1rbEMwdG96WktQNnl6c053YzZDbDFVdWZ5dFUwd240OEVCa2JJdndhdkUxZFd1M25lUVQxR2hRQWc1S09GY2hhQUU5RkE?oc=5
2026-08-21 19:59:00,TSLA,TSLA 260821 360.00C (TSLA260821C360000) Stock Options Chain | Quotes & News,Moomoo,https://news.google.com/rss/articles/CBMiYEFVX3lxTFByUlNTd1p6UFFRTmMySTRscHRHX0JJRm9EQlQ3bk5MN2FkeExEY1lqdjU3Zk1yZ3lyNVhCalVYTkNQZFVBREdzR3VRNk1NbkF5QWJ6YlhqSVB4Qm44RkxkUQ?oc=5
2026-08-21 19:33:02,TSLA,Tesla Stock (TSLA) Is Rising Over 5% on Friday – Here’s What Is Driving the Move,TipRanks,https://news.google.com/rss/articles/CBMiowFBVV95cUxQa0JkaHpzXzBobjd6UF90NXlHeml0TUVNY1hZUGxaWGRjVFJqS1Uzb2FOYzFSbi1SWWlBSEczV2U1YWI1cnZYNV9CVE80OEE4NXE4TWdmTWRJek16Q0NaTU1fRlc3MkxGaTdLVGVOYVJSdW1PNmpEWlBnYkJFaG5YY041V0o2YUEwejAxY0s1N3F3S3J1NGtUb1ZPNlY1QVMzSTN3?oc=5
2026-08-21 19:29:01,TSLA,Tesla leads China’s record vehicle recall over door safety (TSLA:NASDAQ),Seeking Alpha,https://news.google.com/rss/articles/CBMimwFBVV95cUxNRkxKeUozQ1VzNUtaWFRvSVBYZ0JSSjNpTG9LcVlYdGFkUk9aejNwczc2cEJPbnNUckR0a3hpMUYyNGV3RlhfVC1lU0VZcGJpS0RabEdVdHA2SDRFdmxVU25RS0RiM3owYjR1RHkyd2VraVJGT0JJellPTUttaDB6Ym5QTjlNUHp4eXFsSXhFeWJ3UXhKb19HY0daVQ?oc=5
2026-08-21 19:01:11,TSLA,Tesla sees 26% revenue growth despite stock dro...,Pluang,https://news.google.com/rss/articles/CBMifEFVX3lxTE9sMHU0VEFqLS1ndjJpM0x0RXZMV0N6Y29mWnFCRDZ6WWVSOTBnT3hWTDdyQ0FOR1RwUEpNYjR0cGhlMGRqSzM4Q09EbjdXU21HU3JmdDE3OUQ0bmpPdnlFdV9BWGEtc2o0TV9ocTZvQkZTVWZFNTN0cjBGWTM?oc=5
2026-08-21 19:00:43,TSLA,Tesla vs. SpaceX: Which Musk Stock Offers the Better Bet on the Future?,24/7 Wall St.,https://news.google.com/rss/articles/CBMisgFBVV95cUxORkQyMlMzYUR0dDBhcEoweGVvcGFTV0R2SjVQTkZHWDBMbHgxZkZPOWdFNDVienVjXy1SNjJSTy1NeVZTY2hHeW9MOUpDbkpzV2lTNGUwcm9hdnFZYjhZU0lwSXdnUjFqaDlmNjZYNms1Q2FfbHNaMWxwclZTS0QxUWNFZXYya3JORFZWeko5djBwWXAzY2licUEzTVBvaVF5eEwwX0xWcXZ4SnJHNDZsODlB?oc=5
2026-08-21 18:38:51,TSLA,Tesla: Tailwinds Outweigh The Noise (NASDAQ:TSLA),Seeking Alpha,https://news.google.com/rss/articles/CBMigAFBVV95cUxOcVNjWFBXVkNMVWwydkMxSmZFb05QVDdlT3ZKaUp6cHVDSlBoYkdYRDM5NFl1Y282UmR1T0ZlVGpUTHNfN0FtZTBITk9tMzhuYS1UWFprTUVNYW1wOEY4cW1WNFh0YXRxOEtIRFducTRZNkVVZndaN1dSSG83YVQzZw?oc=5
2026-08-21 18:33:17,TSLA,"Nevada approves Tesla, Uber, and Waymo for robotaxi rides around Las Vegas (TSLA:NASDAQ)",Seeking Alpha,https://news.google.com/rss/articles/CBMirwFBVV95cUxOUEpxWnV0NjZaQk1LOW45NW5YWXFnME40WjB4YzRGb0RndjkwVTFWeGNidjlCa2R5RWlCX0pDUVRpQlFWYmRCc0hWeUhIZGRDNE00cHl0VklQM0M1V0c1QlJoX0J2RE5YR1ZkdXRUY050OUs5U2JQVzIzQWJFNkJHbmVpTHNGZldPQkRzbmMzYnFYWFpfbnA3WFBrdDBPajlxTkVaVlZUUlpLWmdjdS1J?oc=5
2026-08-21 18:09:58,TSLA,Tesla Stock Slips Premarket As EV Headwinds Mount — But One Wall Street Firm Sees Over 30% Upside On A ‘Physical AI’ Future,Stocktwits,https://news.google.com/rss/articles/CBMi6AFBVV95cUxNZzNnSHdIb0YySzhjeC1QM1VHbW94QWdScV9vc0FTUHk5d2tncHU1U0FsSmJqYktVM05KcmtXMGNEYzFYdzlVd1Z0VjQxMXRTWnFjWHN1SDJsVXRwaWFZdzhxYS1CYjdMTXpSZ2lHandXbFFVRlhhU0w2aUoxT1gzaElhOEpOZWRYYUx1MjFaU0hYaE5QYXFjLTkzZFNzdXV5ZU9MTlB5MkNpOGZ5QmdNUEVZakVvQmZZSEZhcjVKRTBuNlJLV2tBelh4V2lWUThqb1lQOFZTVGw3azlZdkNaMVhEaTJQTDJO?oc=5
2026-08-21 17:50:14,TSLA,TSLA Flashes Red On Technical Charts: Bearish Analyst Warns Up To 36% Stock Plunge By June After Brutal JPMorgan Call,Stocktwits,https://news.google.com/rss/articles/CBMiygFBVV95cUxOaF92Y0pGR2JyQ3JqeTRNdF9hd3RLZW5jd1lhbTQ3YzZ4TDZObmdwY194UlhPQ0d0OXcwM0puYlRYRTU3V2F6aHZDMnBpazlIX3V2dDdYZDRleE0tLW9IajJSZFZQQUZGUzBrMThTUkt4NUp0TTdGejVlcnlMUFN3MjQxYVlUVjhJMFBna1RCVHFqM2lYMWRVQ0g5azJJN0xSUGszOXJ1SUVZajJnMW5vYzYteGU2WnA2UnhSZlhuR2QtN3I2ZDZ5SUxn?oc=5
2026-08-21 17:23:08,TSLA,TSLA vs. the Mag 8: The Numbers Behind Tesla's 2026 Slump,BASENOR - Tesla Accessories,https://news.google.com/rss/articles/CBMikwFBVV95cUxNZzRIbDZmSkNldGVxQzVqUjZBWmFhaU9aRWYwQkY1X1NQbGVvLUhQem1iWjhnZC1EUXR3ZFhRZ1NvZzl0MlFmR2gyR3N2UVFqNDVOQ2tTY01xQkYwdWx4TksyeEdNVXRtMnhTbWlKS1lWUEJ2eDVIZmtrNmhDTDNnQnhLZ2hsRVZ0V19PM1djeENJdE0?oc=5
2026-08-21 17:06:37,TSLA,"Tesla Shuts Down Solar Roof Operations, Tesla Stock (NASDAQ:TSLA) Surges",TipRanks,https://news.google.com/rss/articles/CBMinwFBVV95cUxPRENiN3BITTJEU2V2ZERoUERWemRGV2lhY0ZNYUFycV92M05vcWlWZ3NVSW1xdTZXNFA5cmQ3Wnk2azdaakt6UW14OS1kWDgwb3Fac0hDenpCUDFkWGE0Ti1YTTMyTTNlTUROdjZ0dUU2SjkxbUhBSGowTHAyRVJxdXdFV2p6Ymx5c0VNaEViZ3U0WXRLUUFkWS01Y2VRMDQ?oc=5
2026-08-21 16:18:55,TSLA,"Tesla Stock Jumps as $300,000 Semi Truck Targets Europe",TradingView,https://news.google.com/rss/articles/CBMitAFBVV95cUxNSkZNSjZfeFMxaVR6Z005Rzg4alc1R2x6cTJvNkdBTkxOOVZVeWplLUk1dHhXejN6UnRtbWNzMTQyU1d6cTdJYjdEWGhJdFR6Umg3UzlEOTZ0ZTgxYnRhRlhZLVc1d2w0YzVaTlpldFg2Z2I5YVlJdDZ0ZVZGZ0VVNFk5S3ZGWExzVzltZV9wdWxUT1FTY012aFRIN2RqT1hnamdERVFBSTZOWjRqR3FPUGVKNm8?oc=5
2026-08-21 16:15:00,TSLA,"QQQ is up 0.5% today, on TSLA stock price movement",Quiver Quantitative,https://news.google.com/rss/articles/CBMikAFBVV95cUxNeG9Qczc2V1c5VmFqUkpXcXlpUHoyMENPaTZVeXZONGJpZHJZcEF0eDdwRmdEQkFCbVNKNnIzMjR0ZktZUEJRU3M4Vm55V1MwcjdsWFRQUURZYWg4UVpaVk9WQjZOUHJwYko2NEJKZHFVdFk4Y1ZLWnVxXzF3eDRaNk5NUGVQVHpQZnZCSlNjZWg?oc=5
2026-08-21 15:30:13,TSLA,Tesla (TSLA) Up 8% Since Last Earnings Report: Can It Continue?,Yahoo Finance,https://news.google.com/rss/articles/CBMikgFBVV95cUxPQlJSTy14V19GbUJfLXhSSUF1S2pLZkwzWEpVWmN0dS1RdUlJbk9QaXM3NTVpVEhIM0tsSWVDX1lOR2JhemFQUWwzeDRnWjZQSWJhV2RudkR6ekdkc2xBbkh4Z2VPOTRBYjFnWGZ1V05LeUs1ZzRZRVVjVEhYY0JZeGFaeUQzenRqRXdZaHFIdHQ0UQ?oc=5
2026-08-21 15:28:33,TSLA,$Tesla (TSLA.US)$ it seems i join at the wrong time,Moomoo,https://news.google.com/rss/articles/CBMinAFBVV95cUxPWW9JRkp3RnpXTl9sSzh0dUphMDhaWmIzR2JOakxWRXVRdE5qR3YwVXZPR3JER3lEbkZFckh6Sm9zcWJwdWlZdlh3MEllNEZ1YW9uVmVPMHFRSUZpanQ4UnVrMmRCVlZYSDIzMjhqMlFPMms5RXc1dFJuUDBiS3dzZVJZaHE2RFVUc1c1QTloa0hyTkkyaVRlWXJKMTU?oc=5
2026-08-21 15:26:28,TSLA,TSLA Options | 21 Aug 2026 | Friday — Part 2,Moomoo,https://news.google.com/rss/articles/CBMilwFBVV95cUxPNzVNNzI2MmF3cTQyRTlBS1FiOXZPekFGYTZsbHFKY2VqQ1RUbDMwSi0tR1JjQU1SUXRxYktfUFhiM01BSDF5MFBKZkpESThES3VKanNQU0NkNVVzbVhmTENISHdMeXloeXgtTC11YTZyUUZRU0F5LUhPTXMxdG5wY0RNcHBDRW5MQWNQX2FTNmc5dFlHWVdn?oc=5
2026-08-21 15:26:02,TSLA,$TSLA 260821 355.00P$,Moomoo,https://news.google.com/rss/articles/CBMimgFBVV95cUxPTUx5Vjl2R09Mcm5ZTUQ2ZGFhNWpKREV5N19BX1lSbjJqeUtTSVdVYnNEaFlSRmlQdVVLOTBhN0tJX183azBSTEptcTV3dExBeHZReHE4WW14bksySEVFZnF3U05hTDZqbmEyVjZ0OXlQcC1RZjlGREw1UVZqSldCTG1nOTRjaGJLZW9WWmFnNkdqa2JsUjMtdzZR?oc=5
2026-08-21 15:14:36,TSLA,U.S. Stock Market Movements | Tesla (TSLA.US) Rises Over 5%; Cybercab Expected to Launch First Public Test Rides by Month-End,Moomoo,https://news.google.com/rss/articles/CBMipAFBVV95cUxPNzkwOFZRYXJrQW9lX2w3NDVQZktMZ01ySW1XZm1vTHJUZjVXcFpMNG1adkJPbUdKNzJ1ZV8zbzNPazVYY2I3TWx1X0FlNU9NbnhSZVpvQTlJTjVSWF9ESk9GTGFCalNBSnBOTF95S3libGVZODdCTjBlU1FBU3JwanJIc1lVRTF0bzJrWjFQYlZTMElHN3FKLVhEOXBaY3B3b0l1Sg?oc=5
2026-08-21 15:06:35,TSLA,TSLA Stock Rises Overnight: Elon Musk Drops ‘Quiet Period’ Hint Amid Tesla-SpaceX Merger Buzz,Stocktwits,https://news.google.com/rss/articles/CBMivwFBVV95cUxNWjdEc1FZU0hVR0JSSHFBUXBHd0ptUzNlc3dFQ3M4Mlh6dDVUb2lZLVI4Zl9CcE54c3MxVmxUdVZpZmxvalI0QWVPaFNTTnRGeE9CelZmZ2ctTDJiVVlDbXozcTRVZ2I0QnMxREZWa1h6REpwc0xzWmd6S1NNSnBMX1Z3aXo3RUdvQThFczgtaEpfLV9UNW1wdjVycU9OMUhBRmdQalZZNFZlek9CVWZaNlotclNhNmhEbGJkbDJlQQ?oc=5
2026-08-21 15:02:53,TSLA,$Tesla (TSLA.US)$ love you Elon,Moomoo,https://news.google.com/rss/articles/CBMiiAFBVV95cUxOcHJQbmpfLUVZMjloOFVKb2VHR25jMGtmSHBGMHVWSVd4bmN6d2tSekZ5U0swQW1LNDVEaVRyQlBlZFU3R0NHU081UTVYQ292SFg1UDVReV9GLTlEYkF2WFVfT3NpR3h6ekI4aEEwMG5PNzBOTHNDWlVlUWdrRFRqWTFHUnl0N0tV?oc=5
2026-08-21 14:46:22,TSLA,"Tesla Stock Forecast: Cybercab Test Rides Open at Month-End, Stock May Rebound to $400",TradingKey,https://news.google.com/rss/articles/CBMivgFBVV95cUxNbUg2czlLZi15WVVINHhhb2xEVGtxN0dnRUVxVHJET2hSbUxzOW55NUxXSDJGT0ZLaGFmeDlKVjVubmRUdXhudUxVcHhhRkM2dElhbVp5Nks3bGltXzlld2JSenZlVC04Z2dCTGxkeWhwSDluTklxUG9ESlpmSC1nWTZEVUxobEtEMWhUQ0xOMGVSZ2x4RU92RWVPbFU1ZUtHeVZCMklVeG5NMTV5blBKelZScV9nT244YmU2WWpB?oc=5
2026-08-21 14:43:00,TSLA,Tesla Stock Slips After-Hours: CEO Elon Musk Admits Hardware ‘Simply Does Not Have The Capability’ To Drive Full Autonomy,Stocktwits,https://news.google.com/rss/articles/CBMi0gFBVV95cUxNeS0yRGNVb2VYekR3VzFtQmdOLW0weFhYd1U3YVBkeUlBOS1iSFhjcmFFYnpGMTlNaWdDVjNNNlVVdHFGWFBJS3poR0ZmNVpOaXI5Mm96ZDh3a0ttcm9IdjhoZlBDUENBOW16ZGhucDlMTU51MWVWM2FfeXd4UnBUR3hEQUQxNUFjNkN4Zjl6TnV5d0VETG9CRW5RUG91bFJ0TmtTLUI5bVh2ZnVpT3pkR2pzQ0w4M0hkLTVMX1VxcEoxdkJiTVJiVnVCUE1pYXMzeVE?oc=5
2026-08-21 14:40:08,TSLA,"Tesla-SpaceX Merger Talk Draws Fresh Skepticism – Analyst Says A Deal Could Leave Trillions In FSD, Optimus Value ‘On The Table’",Stocktwits,https://news.google.com/rss/articles/CBMi0wFBVV95cUxQNzNhaERwREhsUTRfelpuTmhodVJ1bnQtQkUtaG5xWGxfX25MVzJDZ0R4ZjJ1X2pfakhNcEhQeF9hSktHbG1VOGc4QmYtdjVuanhYSkJuZkU2ZzBEbXlqWTYtTVVFNjdIXzFJMmEzNFhydW14YU5tcjFJa2ZyTmNiZU1hZFJjb09HWnVnTTdZSUhGcDd0RWJyS3ljM3F5bS1UQjAtNnd1eHNXOXMzWFE1amFvUGktTnJRajBfOVd0WlprNDJtNEdBZzVFd0V4Nk9BYy1R?oc=5
2026-08-21 14:28:43,TSLA,TSLA Stock Up for Fourth Straight Day Before Thursday Deliveries Report — Wall Street Expects Year-On-Year Growth,Stocktwits,https://news.google.com/rss/articles/CBMikgJBVV95cUxQTUVoa2xVVTlwbWtXdG9zYm9fUmlDcC04elM3UDE4RGVFTGlyeG16NjliS2xpa05wcFBIb1FwOFA1cHRYYzljOG5lcjJpRkJuVVJKNFpfTEJ5N3ZoY0prOW03aXJNUG54UzY4U3FackJmV1RHdmc4MUEwUDFIaGtGOTQ2M2tNM09naTFlcWpZOXVtMUlJcFJxM1V1WW1pVkhZUnhCNklxZEJoOGVRZDdvS002TjFyOFFIb24wWTVuZmVERURLcDNJSEpMRTZ6OWFVbks5QkExaGtjZXFfQ2RNYzduUmwtbDVHd3E0enFZLWU0TlQ4QmE5Y1E4ckc1Wlc4WUFodVdTWm9YWUJHODJIN0dB?oc=5
2026-08-21 14:16:36,TSLA,$Tesla (TSLA.US)$ done for today..,Moomoo,https://news.google.com/rss/articles/CBMiigFBVV95cUxOXzhBU2ZVS08wcWU4YmQ5ZUE2NzdSbTZPbVVNLVo4MzViT0JYUnVtalo5TjZ4dzFpQnJ5NGZBY2JNUElPdWpSRE9nTU1oYUhBZEtOYnpRNE56UGlSU0pRUW9pTi16dnlPV1o0cDg1aGk5QmdPN3JFdzQ5Q21GSEtnaWtnOTZtMGtGcXc?oc=5
2026-08-21 14:15:27,TSLA,$Tesla (TSLA.US)$,Moomoo,https://news.google.com/rss/articles/CBMidkFVX3lxTE5OQTV3UUNNeWJoaEZiNnAxQ0hxYTFwd1BINWZ0ZW1ZVk1kYjl4N0NPQjRoTU5tSjVrWTJOMGxBVktlM3ZLRVE4REVWTG9rUE8wXzZacjVSMkRELUQ4eFI2bEdOZ25DQ083RzNkWlJnTEtQTjkzaGc?oc=5
2026-08-21 14:15:23,TSLA,Tesla Inc Stock (TSLA) Moved Up by 3.73% on Aug 21: A Full Analysis,TradingKey,https://news.google.com/rss/articles/CBMiiwFBVV95cUxNMzBETmg5alQ5Ri0zS0N2T040OC1sSTVPLWZaZENLdVBYZ0w2RmdrSlJfOFQ2YURycmthSG45NXg2cU5BSmtPSzhnWlJHVFpKWlBMZTlKM2RLMWoxV1BsejNoNXh3UlRoZzhrRDJZT0d6dWRCYURqWXZmX0tiUkRib3FMajRVLUJPQ1BR?oc=5
2026-08-21 14:13:46,TSLA,$Tesla (TSLA.US)$,Moomoo,https://news.google.com/rss/articles/CBMidkFVX3lxTE43Nk1URlRocDEtX3h1VV9kbHBQV0JNb0ZBOGF4S211TW5icnVZMlNRWmRQeWtJb0M2dUVtcW0xZVBQRy1rV2k5SUFnT0NFSnEyak5WVkU2d0ZleGNHNnBnVUUzd2Q5M2s1WURIQlFUTlZpSzVFbnc?oc=5
2026-08-21 14:12:11,TSLA,$Tesla (TSLA.US)$ Sold too early[Sob][Sob],Moomoo,https://news.google.com/rss/articles/CBMiigFBVV95cUxOQlItMDlFb3JRaV9zSGVhTUt1Ti1GM1dvNWx0TnJGZ0h3Zml2SnJSM3l3SVRDYjgwa285ZWpGYTN6NFNIWHFpSjBJZWx4ZWFyVlB4Vnp2aFNGWlp6djB3QVJhSG5QaGlrM3k0aU5Fay1ibW1WS2pSYl8zUFYzd2xkTUVVUXdubFh1MEE?oc=5
2026-08-21 14:11:12,TSLA,$Tesla (TSLA.US)$ Cathie Wood posted.,Moomoo,https://news.google.com/rss/articles/CBMijwFBVV95cUxQUHNLR0VKd2FZZFV2VGdWRzJCTmNHSlN4OWdOREMtQ1gwS2hqNUl1MmxYSkhpNnBQSGlZQ2JtOUlaM1ZKdWJUbUhtbElUWXJPc0FyMjhPb1U2SlFEaHdBelJvSTQtNzE1U0YycjBFelJERmtOaWFpM054RkoyVEcwRVd0cEZvaHY4VVBEUGZwSQ?oc=5
2026-08-21 14:06:42,TSLA,Tesla stock price forecast: $360 resistance in focus as TSLA gains 1.34%,Traders Union,https://news.google.com/rss/articles/CBMiiwFBVV95cUxPS3QzM2s4aW0wZllHaHEwZHVqN010MnByNTkwME5kYlo4Skk0MVIyQTVLSjh1dmFSQVVVdHVVR2tQUXlweWZkV3BjNTdqX2RyUkVzMzNVZlFqTVlQeGd1bzBLRnV5RWg5aFJodW5NaUhoZmRVNENrOFprXzRleHBjUi1ZM2R6cEdVSldZ?oc=5
2026-08-21 13:55:34,TSLA,Tesla Stock: Autopilot Data Scrutiny Tests a $1.2 Trillion Valuation,TechStock²,https://news.google.com/rss/articles/CBMikAFBVV95cUxQM29yXzQtenJUTGVvQndPMGxRc0VhOWZyTE5sblQxaTlOWDB5TnJzNm1odmRyNFNWNFY0LUpFaHNvRVdPSlgxdXdQb2JMV24zVkRyZlY3QmdGc2gzMGxkZlZ6Vm1McjBWZ2Fna1h5SXFOVzZBd0ZKM2JVOHBOT2tJRTNtSnluM0F6dnVjdVhCRkE?oc=5
2026-08-21 13:43:37,TSLA,Tesla Stock (TSLA) Defies Biggest-Ever Recall in Second-Largest Market,TipRanks,https://news.google.com/rss/articles/CBMinwFBVV95cUxQZXZGNDdLamNqU2s0WDFxaDVOcll6bjYzZTV1OWtjbzl0RlVaWU1lTEpDS051UWxiZV9RUWlWa1RlYU1EQzg0ZTkwUE1vUmJrRkdiN05pdmlnRXRWRkd2d25nUTZZM3BxRk8xWm1JUlo0QlFOTE1BbzlMSThmeHdUcEJfMGF5a0ptdkRxZ3JwQURHQTBOYWxZTDRjb1k0NzA?oc=5
