日期,股票代碼,標題,來源,連結
2026-09-12 13:44:00,TSM,蘋果和臺灣半導體製造公司剛剛宣布推出尖端晶片。1股股價上漲幅度大得多。,finance.yahoo.com,https://news.google.com/rss/articles/CBMirwFBVV95cUxPZ3VnVS1Kd3JUNldqTGRQYVpjNUlDeHZXWHVLSkVTY21DS0FLcTZzcEp3eFgxQzRpVFYwYlk3NDZqQmxqTUE2Q1lUZWNUeGRQd0N5aExwNVZKbUx0bVRYRHVPNmtpaUZiNWZMMXhNSXdqY0dkZmh1XzAzUURrOUszRlI1QmZBcmRBTzU2VmxnajhvaVpZZHQ3TEtDWEt3MGRUZ04xV2JCY0l5dDQ2U2hn?oc=5
2026-09-12 10:41:05,TSM,臺灣半導體製造(NYSE: TSM) 8月營收創紀錄， AI上行是否已經定價？,simplywall.st,https://news.google.com/rss/articles/CBMi7AFBVV95cUxNYnMxVG9PSmNnOW5pRGVtbE1XVXpCQmFGTW1ZWkhYbWp1eVgyRzMzRFpCNDRkc29FUkNjTFN3VlQ5TUo1RUExaFBzVW9qTDl0VlU1TnY5RTNGVENZOFZzdE9rcnE3REJGY3JPQjYybi11SWFjT2FfVHZWMW1sSDllR2VyMUVzcFk4aGNPazRURENHVkxNbm9wVmc2VXBBdkZreERtSnJvaWtzZnhycjBLQkRoTnpJd09CZzNOaElTTkJaRHF6eVFHeEczU1Rlbm1Lc3BGMHlPVy1kX3JtLWU3dW9zRXJQaHc5Vzg3VdIB8gFBVV95cUxNcXo4WV91OHRlb1JyeDQtOXhRRk9iSzM1REs3LTlNLU15T3Bmb1Ztd0VRS0xLQjFlZ2RNSGM4YzRZS1VISy12c3FDNEdjS0hBZGFPTnIydXN2RUZ2OGxHVVJEU3UxU1NQQmZNeFB0TURablpvanhOa0Zjc1FSZDI2MTZVUmpzNWxMbDBXZ0dlNEY3XzdEMkhjXzdyZzhQNEFkNl9xbFpXamNHLWg2NFIwWGwtNGhucjlPdUNKbTNldlh5Y3Jfd0pIYXViZHJuVGM1MGFFSG5FWEp2azJZQ2RXRnQyQmMyLTlOZ09ya3dOdDA0QQ?oc=5
2026-09-12 06:40:57,TSM,納斯達克、標準普爾500指數期貨6月份開盤：為什麼NVDA、戴爾、HPE、TSM、TSLA、SPCE、RVMD是焦點,Stocktwits,https://news.google.com/rss/articles/CBMi1AFBVV95cUxOWHNnNWFNdnY3ZjhkVFl3b3BhMUVBZlVBTUJETkFPVzVpUWpKNmNELXNKdDRCSGdXWmd3WEwwcHhybUFsNHFoUTZUeDBmdG9vTmlZenRNc3pud1YwSi16Mmk2TUtkb1p2UlB1aVY0ekFtdTNRUU9VU05zV2NYN3E5alU2VFBhNlhxLVh3dEpQWGxHazIySTVUSkFwdWx3bWhENkRXNl9LWDA1aENmd2M1WlZmQkR0NkV2bUxNYzRtMHNlYjNVMzlfeXlOenVkOS1rVFY4Ng?oc=5
2026-09-12 04:50:12,TSM,道瓊、標準普爾500指數、納斯達克期貨邊緣高於PPI、失業索賠： NVDA、AAPL、META、ORCL、TSM、TSLA、SLS焦點,Stocktwits,https://news.google.com/rss/articles/CBMi7gFBVV95cUxPdVZocDVQRWRiTUZqT1FMUUFjVUVWa2NjZEh2OGplTmlfTW5Ec09CemtzeXVOU2xmclhlRndGVjNrb3NSbndjQUNzczdSWU0yc0ZLdlVQRnhmckhDM0hfZ1FZNC1aTk9HUnV2RFVoblQwbUQ1N3NPSFFKZHZvZlhsQ2dxN1d6c3Foem1YMXJRWUJQUlNSMk9MX2pFd1UtZDFLRFhfazN4YzZ1V1lvREpDSnJQYnRtRmVIZXNzaWxJSXJ1bXZZeXZuTU5HLV9zUzBxS0cyX0pRMlVxcmU2cXZQMVBYUWZ2RlBIejdwcEV3?oc=5
2026-09-12 03:21:14,TSM,為什麼零售商上週無法將目光從這些股票上移開： IBM、PYPL、TSM、NOK、SPCX,Stocktwits,https://news.google.com/rss/articles/CBMi7AFBVV95cUxQd2R2bm5lWkQxZDMwX08zNVJ0VTJRVmNNWlk5M0dFZEZsSGNWYWZ6ZXNTaWR5eW5iajBRZkZqVC1kamhhaTdNbE9RRmVyemdxT0xySDQxYjFHdzVjYlNuN243NmJlQjZjV0RnWTNWd1FwUjdpTkE2ekVBQlRlYjRlUlJlSHZTZUVXbDljVWg0VXB2MmNfV1llLVh5eTJDOHM0ZEsyOGRwQXo5bFp3NXRPbWQ1YTNQaWZwOXJLV3hxTlJlTnVEU3RSS0taOWIyZmljVXAzMzh4bktvLW9ucW4zOGlhSlBBSms5YjhCUA?oc=5
2026-09-12 03:20:09,TSM,臺積公司報告5月份銷售額增長30 ％ ，但潛在臺灣芯片限制的股票仍然面臨壓力,Stocktwits,https://news.google.com/rss/articles/CBMi-AFBVV95cUxPT3Y5dVNkSjZpbE5jWFVKUVkzaFg1LTJfQldBYnozVFJuOWRjY2FWLXhOYTNCa3RadC0zdk1rX3I2WEVTdHFRWS1PSDd3MThlZUxPYUYxNEwxdFlVd2gwMmVwOXVMc3VaM3hSN3dZRUczUU5UVFJMV1doZTZFT2dJQUdnOWg1RmV3eWVKeDVoWWJzRXZza3JIRWdoaXB1R244V0F5S0xVaXRkRFJRVlktNTlndzZrWTVMUTlWd21heHRlV0JlRnJ1c0lod3RZYzdQRW5HYl8wSXlQdHBGQ3Fxb1M1ZnI0NWo0U293am4tSGhuYnpNQ0hzVg?oc=5
2026-09-12 02:19:17,TSM,Nbis股票在Nvidia支持的公司落地後上漲$ 7.75億美元的債務交易以資助人工智能建設,Stocktwits,https://news.google.com/rss/articles/CBMiyAFBVV95cUxPVFVtUWpnV3loLXhHRnY1WU4zR0pWWXhaNVYxYWZ1NU05c0FJd3U4cV9adWZ3Vi01MGlfOW55UF9aSUlPQVpzZ0Z2TXROV3hWWDB5ZC1OcmtnVDlhZXdUSTNZdGM1NnJ0eGUzNFF4Z216S2VvZnl3QW1Gc2wwbEIxMWlVa19UUGo2RTAzczlBQ2NSaW1ZaEZGcC1CMkQ5Qm91OVhsanZhOERablplQnRzNzdRT0FEbnVMUVRlT2E3QldjcklIY3RiZg?oc=5
2026-09-12 01:32:48,TSM,納斯達克、標準普爾500指數、投資者眼中的道瓊期貨報告、伊朗緊張局勢：為什麼AVGO、CRWD、TSM、NVDA、MSTR、BMNR成為焦點,Stocktwits,https://news.google.com/rss/articles/CBMiywFBVV95cUxPMUZQTkxSeTY1ZEtDNVk1UWRlT3BDWGlRUkltemp3LXA2LXEwdDVKVUh3cVN0V3ZsckV3b2dhSTB3ZjVhZnVyMFVhVDN4S1FDMFNvQW96OVE0bFlPakpOQjJBZXpIcFpEaW9YMjMtZ0Z3T3BUZEFwWVlHZmNwNmZVa3N0RXVZOWl1YW1aREstYkplRU9CNVlDcVcyMVNrdXJJQWphNEFEZ0lXMGw4aGpucTFTZGh1a2RaNzlnNnZ6OU10X1JENEMxWWFUNA?oc=5
2026-09-12 00:54:10,TSM,TSM股票上市前下跌，因為第二季度36%的銷售激增未能抵消伊朗驅動的市場緊張情緒,Stocktwits,https://news.google.com/rss/articles/CBMi5wFBVV95cUxOZEwtT2g0Y0FXNGE5cHlNYW5fQV9HV2FoNndhVEh1TzFiMzhxSHFxMFJuTkxCUEpCZ05veUJTRXlFUUxPQ0JMV2IxWWRkZXVxUmFveTZsSDJ4V2g5ZlFweWxwb2pQcTNKeXF6Wk02OXNDNENVQUFTWnVqblN2Qm1MMW03OHVWY1hfYzhwVU9VT3R6a3plYnBUYkhlT1Z0VGhkT3NsaFEzT09TQzdhNVZVSjUwTHgxU0V5RjdBRnV3cHkzSjkwaGsyc2kxakt6OG81RTZmQ2djQjlydXJzZE5mNFd3TzVOeWM?oc=5
2026-09-11 23:16:14,TSM,Broadcom的客製化AI晶片熱潮擁有強大的業主： TSM,finance.yahoo.com,https://news.google.com/rss/articles/CBMilwFBVV95cUxNWW9WcUFDOGxqS1U3MEgtcUVFNDJ0aWxYdk1adlVBVC00M25oNVYwRGVCSkNjMldWYzFwVkh4dWlJcXF5V3V4YmFsT1NSVFpoUG1IUktBOF9EMzk5bEhMeVg4QXFQc0N6OEdhRDFOTVZnXy1ydmhmdUZHNnBFMDhPa2xEcEpVWERHbURsSDVxZUJfLXY1Ti1V?oc=5
2026-09-11 23:09:05,TSM,TSM創紀錄的月份證實了AMD的人工智能爬坡，但其定價能力可能會帶回一些上行,finance.yahoo.com,https://news.google.com/rss/articles/CBMimAFBVV95cUxNVl9XRHUwUl9nWlNmZVdIY3haTDl3LTNTSmZkY1psSW5raC1HTHZHdlByNEhWcWFjQ21YSHNNRmN1N2hPbzRPM3hzUkJRa2lCZzRvQ0hjckRya2JGZVRBZVhLaW5iak9xbXdZNU9RUjZkdHJwalBnZVBtMUd1V2FvM0duejJXTlFHRDBTUTlwOUlDRVZub3NHdg?oc=5
2026-09-11 22:58:26,TSM,TSM剛剛發布了創紀錄的銷售額。Nvidia可能是贏家，也可能是為此付出代價的人,finance.yahoo.com,https://news.google.com/rss/articles/CBMimAFBVV95cUxPS241UGQyOGN1Y082eDk4UHIzQnE2VEczQmcxeGhZZnFoLWNQbkFrc0R1YlVXQXg2SUsxM0llUTRMVFlWNkV4UHpoUmhoZVdJOHpYZGZ2aXNweDlOcXBYTVN0M2lMeEVxQlhYcnpvMWlFa2FkQVQyWnZjaDA5MjN3YVN3eHR5dTBBcnhpU19kWjFuUlU5ZWd3Tw?oc=5
2026-09-11 19:06:00,TSM,Astera Labs與臺灣半導體製造： 2026年哪家AI供應商股票更適合買入？,The Motley Fool,https://news.google.com/rss/articles/CBMi5AFBVV95cUxObVJta2dGTW1scl80OXRZWm5vRlNZaWpwR2tJd2tBRDM1ZzRRVnVFNlJhZi1nbGI4dXdGdGJWc01BS0ZBOTIyTEcxT1JqNXRzV05FbnJIdmpxMnpIUFZIV1hWYjhTcjM3OEdaNFRUNmQ3dkcxU3Y0TFpqUmVUVWJ2RGlzdXp6Um1XdGZpcjEyZlQ0SXR4b0N0Ty1KdVUtVHVpcEJzUVBoRWQxVUl0dG55YXZTc0pWNlQ1UUpCUDRCVWlfelhSZ0lVOTVsbkk4dnN5QzJpRDI1cWtxNG9TMi00X0hjZGg?oc=5
2026-09-11 18:27:30,TSM,Astera Labs與臺灣半導體製造： 2026年哪家AI供應商股票更適合買入？,The Globe and Mail,https://news.google.com/rss/articles/CBMikAJBVV95cUxPVmJXMy11YWoza1dFci1VWWZKcVY5dVdTUTQ0LWw4RXdvb0pwbDNYZzVDREtveHZmQ3F3R1RkdE5mLTVwWjcxdzFPZ2JBcmZXeFBtVTh3R3R4RXA5RExqQU5OUnY0YWxIdUJuUnRJU0lHLTRpRUZYU0NGVHRKelNXc2FxT0FDNWpSNUF6T2J0VXBRaXV1RWVNb1NyRW9TdzFLRDEtU3FoYlkyUkxvZjRZbDJWYzVCQVdnLU1NSEpxNUtMTUVSMVVjSkxQb0xtWndKNjJVQTVuRWlVZEZaTDFHVWpaZmtOWExYbzFOc2lKTjdoS3hoSlBhekpaSTNrRk5YemNYNmxrbTM0NVdldmZSZg?oc=5
2026-09-11 15:38:07,TSM,ASML與TSM的合作能否推動高NA EUV的增長？,qz.com,https://news.google.com/rss/articles/CBMigwFBVV95cUxQVDI1ckdBTEc2S0tkMFN2NU42NXVJbEhEQUF0TXBBODlSb2J4cFRBWkRsY1FXZXM4WVJ4WmJvNkZnbVNDZXFTa2g5NXRmcGgybDJjUGhKcENxQ1VVZU1ZREg2MWx2MmQxY3p2bktpR1ozc0JBX040ODN0Q2tOSGRKTXRsSQ?oc=5
2026-09-11 14:22:00,TSM,Stifel重申對8月份強勁銷售的臺灣Semi股票評級,Investing.com,https://news.google.com/rss/articles/CBMizgFBVV95cUxOLUlQR1pmOUJvZ1pJRUtCbG1sR2ctZjNBYUcyTzBScHpoV0lycEY2eGxqZXpFb1Rac2FEM1gwdC16ckE4d1RIXzctMFZPUUhhQWhjNUtGSUpZOW40bkVzTzRyWWppWXhHUzFpQ0xBdlZscXhsT2R2bVoydkNGUmtIZllGdWozT2Qta2lFeXBCXzdhMWRXWnlxdkpabWJfdFNfRlVIbjBIWXdRSlBuQkNLaTZNZFMxaDlwZzdSZlhhMUVzdGJabW1MZlV4NWJ2UQ?oc=5
2026-09-11 14:17:44,TSM,英特爾在Piper Sandler中立後第二天芯片價格上漲報告上漲3 ％ ； AMD上漲2 ％ ，臺灣半導體漂移,finance.yahoo.com,https://news.google.com/rss/articles/CBMilAFBVV95cUxOVHRSZWpQd3J6TWFBQVF2blNvbWR4VGRMMmM5d1lPTlhRU0ZacUJONVNJd2N3QmlPYnZNLTM0dmhtRC1hUFhqS21IczdNSlVCeGZ6Q0hWcFAzeURHdkFEaDYtV01JMVVtcGgzNjA1NTl5Z2NBeWhwZi12YTRJMHkyODUyZm1MY0YwX2ZPYnNwYkxxbVl0?oc=5
2026-09-11 14:17:44,TSM,英特爾在Piper Sandler中立後第二天芯片價格上漲報告上漲3 ％ ； AMD上漲2 ％ ，臺灣半導體漂移,AOL.com,https://news.google.com/rss/articles/CBMieEFVX3lxTE91anRoZEFTYnlBQVJ6N0xNaWFjeDBIR29odTZCbnlwVjM2MjU3NkoydlB2b3kwZ0lYdEJGUWxPbng3U1FJSmpHVjBOMVZtbGhqSmhkSWFxRnRsbmVrNmtzcUJtcGFQQmpMVWJUU1djSkNZRW40anA4MQ?oc=5
2026-09-11 14:17:00,TSM,英特爾在Piper Sandler中立後第二天芯片價格上漲報告上漲3 ％ ； AMD上漲2 ％ ，臺灣半導體漂移,24/7 Wall St.,https://news.google.com/rss/articles/CBMi9gFBVV95cUxPaDRhOWxtNGMzWVByYVVYNmRKV2p5eWJvLW9LNEk0VjFxbkV2NlVsanVtcjBMWFRscVhQNjZlRGloaVdhTi1qX096bU9BUExaOG9fSm1MZXR1eGZ5THZOYTdJazZSaTlKVklKMzMyWnpSUTZ5QXVlYTFLakFVaG9nQ004QXZueVVwUEFPZTVUMFg0Y04ydGQxQ2hQNDZjV0VobDBzMi1fUFlubFFJRExpZEdMUGlkejlhVWZBYmpxRE1TREIwWWZIZkt6YjlWUUNwMVF2MjYtcXNXSWt1REhZX0ozc2w5N2JZMWphUDJIVVlRdWJZM0E?oc=5
2026-09-11 12:57:02,TSM,TSM的銷售紀錄顯示， AI晶片正在蓬勃發展。Nvidia-AMD的戰鬥現在是關於誰保持利潤,Yahoo! Finance Canada,https://news.google.com/rss/articles/CBMif0FVX3lxTE9NQ25WYkgyVEFhT0htZTRLaWFFN2JwOVNMRk9YX29oYVRsN1kyZXZtdzRqc09waGtHVVVfZkhvSWl6Z3h3aVhnVVpCRnhyTExjRzhjMkNTWXl3a0Q5RHV5ZExpZWdQOGlzWmVnTnRVZ3VKRWJ5TmpLanFxemVGeUE?oc=5
2026-09-11 10:52:25,TSM,AI需求在臺灣半導體保持破紀錄,tradingview.com,https://news.google.com/rss/articles/CBMiaEFVX3lxTE9hVmlCd0ZDdXhqMzRBRzRlMjZhZy12bkZUNTR2dS1oUDFjQTE3blczOUlMTmwwOGFxbW1ReE1pZWlEYUVXTEp3Nk9CZHctZ3R6Rlp3LWhiNzlHTXVSMzRidVJCM1kxcVI3?oc=5
2026-09-11 10:52:25,TSM,AI需求在臺灣半導體保持破紀錄,Benzinga,https://news.google.com/rss/articles/CBMirgFBVV95cUxOdEp1eDJUQUEwQXA2Y3lOWTZOY0gzbjdOOHhFaXNEcE1RTDltekNKUm9Wb2tPWmRHNk9HS2J3X1FLSFZYSU40cjJVX2oybjhVOFV6TlB0aHM4TDYyQjFuTlZkVnB6Q1gzZnFqZ3dxTndzVGVPYWR1aU1POHBJUHZPdDBsVndtSEctV3pNZHNOeWY3Nk9EQVIyUGN0VnUtcW1ydGhSUnRkcHl5Z0p6UGc?oc=5
2026-09-11 06:06:57,TSM,臺灣半導體股跌4%後企穩，成交價高於20日均線,scanx.trade,https://news.google.com/rss/articles/CBMiygFBVV95cUxNTTlhUXh4SHBaankwNnFKYWVmNG1KM1BzTlNzbFRvQlByLWxqYy1aR0xXa2IxRDBOZlRuOFAxWm5RT1BsS1kxODdjMlZVSEZ1X1llYjQxSTFiV3FpdTByR2FfdkZjXzBjMS1Wdk9MeVp5enc4TmotaUNDLWlFRGdDaVoxM2JrREtrNEhQMnRmS1BSYlZFbFhDNzEyOWhHdmtVZ0JZc3J5SlR6b0JkeHhXRDRKM2pyQ2xwaDdWS2VZdC1sT2ljaFJMcE5n?oc=5
2026-09-11 00:54:14,TSM,臺灣半導體製造（ TSM ） 2奈米GAA斜坡可以改變什麼？,simplywall.st,https://news.google.com/rss/articles/CBMi7AFBVV95cUxONlJ1YVFGS0I5eUlfQ3VkTG5hUl91TkJZRlRRNThLS3lLdzhjWmEwMnRxVGE3M1V1c0Y5dkNBTDY5QjFKT0dsZ2x0VFZvcnV2UGFldElBUVpER3FYbjBvVHFfZXM4anJLcnBRYVl3MWVHc1dxcElORkw0YnJOU2VhTEtTZkp0VGdDU3ZtcVZXNG1XMlJXd3RIUi0tckxFWGl4bmNaR3c2ckpOSjhMcHlkenVvWEM4RTBxWFI3czFvNFl2aWRmUWZ6cklkVW1GYkw3cXg4Mzd2ZkFLY1l1U3RNRVJLSEVsWlJzaDhJSdIB8gFBVV95cUxNTjcycGlBeFZwSXZZZ0pzREhkX1FqY0duRU9XWV9VU1V5b0djaFF0dUMxajl4cVVVb3NnRHJrcHlPbUYxcm9pYktPVXl6YldiZXl2ZGd0VVA4X3NHY3dENVZTYzlxOEhlT2pRX3ZFVEI4NlJSNmZ6Vlo2b3luRS1hVjI2RlFhSnNFTjVVV3M1V2tGYVdickxQNnpmUjY0eXJLQU51Y2tIdUZxUDJwTFFmT1JKYmlheUhoZ2hYOUxsVzROMHhOV1ZwdUpDU2h2SVU5Z2pQREJJcHl5RXlkRkJBX0hSQzRFOHRlbVFSM2k3R21FQQ?oc=5
2026-09-11 00:22:18,TSM,TSM股價隔夜飆升：第一季度人工智能芯片、先進處理器的強勁需求預估,Stocktwits,https://news.google.com/rss/articles/CBMizgFBVV95cUxQVVR5YUJpU3NNN1Jmc1RIaklRc1dXeURFOGVka0U3c1p3cWE4VjZ4eW5aOHFULVJ3UDIyY0cwODJ5VXQ4VnFVcWdDZ1NnOURELW8xUjdpWGZHMzFMM00xMW95WFZkaVY3TGtlWHRuekdybHg0RlpKQzdMY3FJbHNISVVPa0gxSF9IT0FQZWwwSUJncUw1a1VsNVozbXZWU1dCM0F1Wk9FdHRPanYwaFhvWk5NVHk5SjAxM2FmYy00NTFpV0dmWHpncW1pTEJZUQ?oc=5
2026-09-11 00:17:00,TSM,納斯達克，標準普爾500指數期貨下滑，伊朗緊張局勢，芯片疲軟使投資者保持邊緣：為什麼TSM ， NVDA ， NFLX ， ATAI ， ASTS是焦點,Stocktwits,https://news.google.com/rss/articles/CBMi7wFBVV95cUxOY1RicXp5OFVfNGJGT24zOVNDb2NiV3dFMzM1dXloWUEybEpHOElHRlJyWDB0WDFLQnpkdEtJRHpCUXRYQXFNRldxOTE0anZhMGdqeE9EMDkxVXhFZU1UbzU2Z1lMdmtySE5xbk1melpYSFVCNWhkNGxKZEp6UmtOYU9MejhZR3VHc3ktdDdLbTRlOFZuVnppVWhldGJsNFBQS01aMkpYWDktMlh1MDlLOTJSTS1vNEVMQWM3WngyQ3dQb0FFTVV0OHBxbEtMV1JHVjc4MXNYbXJwRWpSMWt2MHh5QWJKZkh0c3p2VElwcw?oc=5
2026-09-10 21:45:05,TSM,臺積公司（ TSM ）的跌幅大於市場：重要事實,finance.yahoo.com,https://news.google.com/rss/articles/CBMimwFBVV95cUxQWXFVaGpzX3VWRVVyTi0xOUxpWE1SRmRCY25oeUZISTUtRE01SkRlaS1iRkRpa25pdkJLak1zUFQ5Zmo3TUljTGZYdFg4THJJNFlSUDVESXBwY1JjcjhMOXVFenNFWktpZGVSU2U2RnlBLUJxZkROOVoxa2JKMDQyLTI4a3BIWEE4aFpiZFYxRnFjUmo2bW5TX3hDOA?oc=5
2026-09-10 20:45:00,TSM,股票隨著油價下跌，收益率飆升； Snowflake、Hinge、Taiwan Semiconductor聚焦-影片- IBD,Investor's Business Daily,https://news.google.com/rss/articles/CBMioAFBVV95cUxQRlN1cmRTUTZCaEFUeGtQM09icHFsT1haUTZXRS14OTkyRndqaExQMEdDSTNITDNCdUdEUEVnVGFNdXB1UHdaX1BPTjFlTnVGTHVMdVAtYWw0SGxVWjVBVjlmejFPOUhHcTNhSURUWkJXWGlsSkRNaUJWdjlwWDhvSUhGaUlXY3FObVdoMXhaMjVjd2pUeGU3aWYtd2IxRWtY?oc=5
2026-09-10 19:38:24,TSM,為什麼臺積公司（紐約證券交易所股票代碼： TSM ）的股票今天下跌？儘管錄得53%的收入激增，但股價仍下跌,stocksdownunder.com,https://news.google.com/rss/articles/CBMieEFVX3lxTFAxOEZqSWhVM21xY0lIVi1IMnZVblVqc3hMNDllbGxKZ18tWWpwT2RlQ3FsT3FqUkx5ZGRKaUF6TGx4WlRLM3QtMVdkdnNKQkdnNDZkWVdkUk9vNFlacXJxOG5ZR3hvUTdhTWJlSW5HUnR1bmZtZll1ag?oc=5
2026-09-10 17:46:21,TSM,好兆頭，壞細節： TSM銷售激增，通貨膨脹使聯儲局面臨壓力,Investing.com,https://news.google.com/rss/articles/CBMiwgFBVV95cUxNR0stM1lrWEFlMWo0RVRKdkV0UUd2YVRFZ3ZQbGhFZ3p0TTFXRDdjWVRaSmZxWS1rTGhkYjZMY0VHbXZSTGtFazZZRUxyQmRzT28xRkRTR1lSNnFjTnljVFNGemFmcGJOVmlkVXdiNG13eEF2aUhGQU1TeWFyZHJKel9XZFlIUUNOQk9IRDcxam5KNlhtT0lQVEdoT01fNTVOWG9JUU13ajA0THFwUHI5alBxS01nWUc0QkNGQ1ZsQ01Kdw?oc=5
2026-09-10 16:37:56,TSM,投資者可能在9月購買的頂級半導體ETF,The Globe and Mail,https://news.google.com/rss/articles/CBMi2wFBVV95cUxNYmx0YTU5TlpQNkIzRXRZYlhZWnNfU2JSdGYwRUNTbEhkVnFGRDNybEJROHVRZ05mYVF1Vi1KbGJpdkJSNGJNYk4xS255dTNrMGthUTBLZFM3bFcyVTlzZGJBN3NSY2VhZWlNSHg5VkhGbmxzU2I3cDRLMTc4NmNvSGI0Nm5qRTJPUXA3X1lPc0NTTjl5MXVOLWlXLUlxUlFLcUxkZTZoUFFvNGhtcXFKb3dVNkZjX2JSamptLWZscGt6eXBiSmlYZFY2c3RMbTNFaC1GTXBFdHk3TXM?oc=5
2026-09-10 15:12:24,TSM,臺灣半導體9月營收飆升53% ，無法跟上需求,Yahoo Finance,https://news.google.com/rss/articles/CBMirwFBVV95cUxQclR4WnRmMEZGSlA3X1VMUHBxRTZvR0tpY01KdVJUX1ZjVFRaeVhEbDBDR21IZ0NRNEJIb2RWTm91VzRGcVZiTzlLNEI2YUN1cnl2YVNLaXdBdVBmdkdnUF9sVk1kcWE3MzRxclQyaU1oV18zYXNxdWRBcmgtLWlsRHBYSUxqcDdNT2U3eUZnZGJxcGhnNVh2alFiTTFMT3FTaGhMMnU0RkdKZk1EU1lB?oc=5
2026-09-10 15:12:24,TSM,臺灣半導體9月營收飆升53% ，無法跟上需求,AOL.com,https://news.google.com/rss/articles/CBMikwFBVV95cUxPVk4yckVETXk0cW9MTmEzM2V1R0Frc2phdUJ5M3BSOXlUZXVzdFFhVVZpbGsyN3N2WmRCaXFUZklMelhrT3NZcFBCUlQ5V3JSVDVsVkNkMmhqcUFrZjkyNkI4T2JwZFlYNm51RmI5T0J2eFdLemVBcjR2Q0xiYUVmSkcydS1Ybk1wb1RoQkdVTXZnZzA?oc=5
2026-09-10 15:12:00,TSM,臺灣半導體9月營收飆升53% ，無法跟上需求,24/7 Wall St.,https://news.google.com/rss/articles/CBMivgFBVV95cUxNaUZDcjl5UjI0bEVUV0lmVUxwLW16ZXVDQ0QxVGlueFBPOHlpWnprUzBHUDAwc1QtVC1wV1Zkc1lWWDJyZmxNWldMaDJXX3F1NjJWbXlPNERyVWN0a2ozMFdJY1dQdnJIRDdlY1ZWc1F6Mm43TmdEU05qTWpVbEFXX2hCN0ctZjNrcE0wNnhmYkJUZEVORVVNYkNIS1FwQUlYTkdkWlJkU3VIa1g5OVRSbkZTdWZFNnI1NzV3ZVpn?oc=5
2026-09-10 15:05:00,TSM,投資者可能在9月購買的頂級半導體ETF,tradingview.com,https://news.google.com/rss/articles/CBMitAFBVV95cUxQek8tdFFuRzRtV0JpaElGUVc1RlpVdW54T21Fanl2U3VsQ0FfMlBuTXplM19CdU1CY2h3dWh4MVZjNElYdnZwYVJUZEVOYktwbUJZZVF1TlJlMllfM0M3VDZSZDdDRUNXYm1LYXVTRlVycXpiTEwxR2x5ejl6SFBEZHc5VEZQZHd4SDZQc2JYVFJUeGozQXFBVjhaeGtrNmRfSnF6QTUxM2h6cnRkczEwSi1QUDQ?oc=5
2026-09-10 14:26:00,TSM,臺積電股票：為何臺灣Semi創紀錄的銷售並未推動AMD及其他晶片製造商,Barron's,https://news.google.com/rss/articles/CBMiekFVX3lxTE9SekxhU1RoU2NEc2RGMEVCS2NDVFVjUmZaX0N6MGg1NEtMbk41YnZWN2xRazhMaVA3NnExUDFmakpqZi1ldGs0WERJMmxzZEluRXh3cmplNUIzX3kxa0NXN1huZFRvUWNOak94QlVNcGVxOGI3SjRZQ0NR?oc=5
2026-09-10 13:40:27,TSM,臺灣半導體8月營收升53%至歷史新高,Baystreet.ca,https://news.google.com/rss/articles/CBMiowFBVV95cUxNMGpoMS1aM0xheEFpZmw1eGdnd3ZpMzRjTzd6al9yaE5vV0ZpMUVUZ3JUUWdEWDBfT2ZfRXZwX0gwaWxpTGhmOHBhRVQxUXhKMkdBYWU1dkZpbnpFQnJWZGF5N2x1OVdYOTE2dk9INlRDVUNYSXdPZFZLZzNMWTlYS0FBMlRqTEROaXFZZk9SOENwTkMzN2s1cGhsMmZ4a21TZkZj0gF7QVVfeXFMUGd1S3o2dVZJb0N5UHpMVTZ1VlhYdVltM0k1bmZkZnhLaVJQRnA1S2hmeVVfX0VxNXU5VkFpWnc0eUxZNWVzakdaSU90Zll1MWU5OHgzUE8zSjUtY1ItUVVQVHNXNVdIN0YxdVZZRWlpMGFFVFE5aC13WHE4?oc=5
2026-09-10 13:40:00,TSM,臺灣半導體8月營收升53%至歷史新高,tradingview.com,https://news.google.com/rss/articles/CBMivAFBVV95cUxPdDljS0U1MWJNdE5fMlR2c0dBZkZWaGRfd1FCcmRkOGZVM2tONGxoeERJeUdzQTg2Qnlxc1I0clpWQ2VucEZnRVBOa1dDWjc0ZkRTNzJ0Z3p1Umdtc3E0MXhHLUgyaVZ3a0p6eWZWN3hFQWpuVmtMTUV3WXpER093N2pHOUZQZEphbkI1ZjZodTRHS0RJZXF6NkNDV3BiSlJ6OUJYaklZV196d0lIYzdIeGJPVjZfdkZrSTg3YQ?oc=5
2026-09-10 13:31:18,TSM,$臺灣半導體(TSM.US) $,Moomoo,https://news.google.com/rss/articles/CBMiiAFBVV95cUxOUlRwVVRCNzNnVFNsSHNwQnNZQUxLZWlsQ2E1ZjZwNGRJckw1YUpoblpRV21aZXdsRkFGVHdNb1UzTEVfRFNQX0NnRzlFdFZXMXNBOW9kajdpRWRRcDJHY2ZMcVdOZndBbUx5eEZpdTN3bVUxZGVmZjVUX1NPZWhVWWdKck9KSHpK?oc=5
2026-09-10 13:31:18,TSM,$臺灣半導體(TSM.US) $,moomoo.com,https://news.google.com/rss/articles/CBMihwFBVV95cUxNMG9ZTTFQR3FZSHdRWTJnbU8yUDZfUnY3NFNGVFFuSlE2NHlnN19pNzN2ZGpfazdUajRnTUFzU2tuWUZZNUNiZGltM0FWd0taaU53bm9xUTVGMjF3WFBUb3A1LVA1WVo0QW10d2xyWDliM0NacldsSkdNamJkZnVudUROcnQtZ0E?oc=5
2026-09-10 11:10:15,TSM,TSM ：臺積電在強勁的AI芯片演示中創下8月營收紀錄,GuruFocus,https://news.google.com/rss/articles/CBMipwFBVV95cUxPeFNXN0hTdl9sRDlUbmphaU15T0daZW9hYXFEa28xQUxjZFRYMWFydHI2WmtwSE81OFVnbVBwZTYzaHVuQV9hMW82TEpqdzZ6RzFCMGNqQkU4cTN5Mkt3VGpBNXQwTzlZVHc4YzJhem5lWlU4RFVOSXlkN0NBVXRwOUd5NXVKODljQ1d0NXZuWHZONWMtQzFJN0lnV3YyUDlBUVFXbEE0Zw?oc=5
2026-09-10 10:06:57,TSM,臺灣半導體（ TSM ）股票創下16.35億$ 8月營收新高,Blockonomi,https://news.google.com/rss/articles/CBMipgFBVV95cUxPMkZnMXFoV1I0X1RXb0hLbTlvNUwwU0xHUTM2aGZ5Zkg1TkFFS19JYml3Nkp6SjFiS3dNYl9tNTdQalQyWGYwNkp3VEd2N0pCRnJUa21sV3FJajN0Uk5ueHp5d2xicDRCd2VDbENJUHpaa01mOFhxVGEyRGwwb3dkZEJUdU1sbE5nMWhFN01kUlBlZHVnb3ZFRFVRQ2MwV1o2aWJIR3NR?oc=5
2026-09-10 09:49:59,TSM,臺灣半導體（ TSM ）在AI需求中報告53.3 ％的收入增長,GuruFocus,https://news.google.com/rss/articles/CBMiqAFBVV95cUxQQVdheG5aR18tVllINXo4dDcxaFRGdUdUVmpWSUhZeW0zRm5ya0F2aUFrNHA3T1cxZE9neUFKd0NqbmZlSzYyWUZMcUZTSjdEU2JNemJHYnVqam1sakVtVTMtRDh1TnM4Z19iclE1UEZHOXFTN3Y5SUE2ODRoeVN0dzhqQ0wwZS1RNEhHX29Na1lpSmhaVDBYR1Y5VVdWc0FXb3M0ZC1KeHI?oc=5
2026-09-10 09:25:00,TSM,預測：這將是臺灣半導體2027年底的股價,fool.com,https://news.google.com/rss/articles/CBMimAFBVV95cUxNMll6LWdWZ1pja1Z1YkFRdU1TTG8tT2JCa192aDV5Ym8yTC1qREdfSlIybXFvVkJGUDJGWkhOdEg2WXJaSGVfU0w4elNzR2NDWTFyQ2xZZGdJRXFCRGhrdE4tYmZmaEIyMTRaNTRrUlRYRkVRbDRIWDduZlZMZUFxbmcxNm9mN2JVT3RRTTRaaFM5azNvalY5cg?oc=5
2026-09-10 08:45:46,TSM,道瓊、標準普爾500指數、納斯達克期貨邊緣高於PPI、失業索賠： NVDA、AAPL、META、ORCL、TSM、TSLA、SLS焦點,Yahoo Finance,https://news.google.com/rss/articles/CBMikwFBVV95cUxNMl9uX0NzdjlVeFJ6TlJwOUllLUZWbG1HUzNKbVhiQjZSSV9hWkhkN2xXUjZXU3JGY1JVNVNtV2toSS10UUFBQXhmUnhOalhVZHNmZGlHWU5ZNGExY2ZMR21tazZMYzJyU0ZXYTdkR3BjeURwb19rU2RhYVRvcXZxT2JtTmpKMEdrNzBWd2FPdTM0Sms?oc=5
2026-09-10 07:53:17,TSM,TSM認為GF Value™的增長和盈利能力被高估了20.6%,GuruFocus,https://news.google.com/rss/articles/CBMirgFBVV95cUxNOWM5NlFBdjQwSTJCSXFjUkxHWkJqQjN6czBYbVFaSldzOG9vY0VzUU5Wa1hEbW5sMkZtTEpOdDcxSzBaVnR5Y2U3eXNQTk5qMzZUV2dOMTdheHZiaWlnNnZQbWFZeFVrclFjaUZpTm1wMER5em4yQ2xITG12TU1hVFdadTdkajRvb3V4TWRmWUkxdXlSdUtWeHg4ci1sMEFhU1liYTJ4VVdSLXhCaVE?oc=5
2026-09-10 06:55:15,TSM,TSM報告由AI芯片需求驅動的銷售記錄,GuruFocus,https://news.google.com/rss/articles/CBMikgFBVV95cUxPTGlNQkJyWm9GaUh4LTRWWnhHWEVVZXBhTDRKZ3VPbDdHcGFJUFRLQ00za3g1YVdhLUE0WFgtRF80a0NhMDdDckhfcHJHMmN6UDl5N1BpUlBHUHZ6R3o0VFUyNmJXQng3MFVQZ3J6NTVFTEJCOWJXeUZmWENVOFZReFpYRTdmejZ3Yk0yLU1YcFY1dw?oc=5
2026-09-10 06:44:38,TSM,8月臺積公司營收躍升53% ，因人工智慧需求維持產能預訂（ TSM ：紐約證券交易所）,Seeking Alpha,https://news.google.com/rss/articles/CBMipwFBVV95cUxNc3NHcjUtZ0RjUHdDUnJvNjhEUnN6UUVlek9md1o0NmM1dkpScDltMmZjNFhYeW84NXQzZTROVkVxTjl6Zmg5Sl9yc3ZJWUk1WWt4MUxvams1SGZqZXlwdlFNQ1o5UjhfdWh5THd3WU5tdHlnVzRvUUlHUG13amdkRnJld1BYWXNsaUdRcGlMTDgwUkJFaEtQa0tnUDZwZ2RhWE9qWnpEbw?oc=5
2026-09-10 05:54:10,TSM,"臺積公司8月營收飆升53%至新臺幣5,148億$ -臺積公司股票接下來的需求",ts2.tech,https://news.google.com/rss/articles/CBMipAFBVV95cUxPNHF0U3hCal94ZTlJT2tHRXlHT0gyT3I0VV9xd0R0R0dqVTJfdzJad1h5OXhKR2c0VmxnaFVtaGtrbG1jV1hjSVVzQk1PYS1uaHh2bm1ad1ZWQ091UGxLM1c2OG5yOGFla0NIQlNxRm9zRU5WVlFQUnNhbVNhSVhpZ1BNbGt0R1NQZkVsaTJMbTJEX3lZLTd0WGJjUFI4eEhyRVU4SQ?oc=5
2026-09-09 23:43:27,TSM,TSM 260904 415.00C (TSM260904C415000)股票期權鏈|報價和新聞,Moomoo,https://news.google.com/rss/articles/CBMiX0FVX3lxTE5wa29fZVlwakRqLUNfeFZxbktNcWdlWnRYX2tXbzVXN09TZUdtVk56SHk2WjlSYlc3ZHktMDYxaFlzbTU2MnkzWmxXc2J1bU03Q2FjbmM5UVpUaklpRUdv?oc=5
2026-09-09 21:39:18,TSM,納斯達克，標準普爾500指數期貨下滑，伊朗再次緊張喋喋不休的市場：為什麼MU ， TSLA ， BATL ， SKHYV ， MSFT ， TSM ， SLS是焦點,Stocktwits,https://news.google.com/rss/articles/CBMigwJBVV95cUxOblNnMHlRNDZKOTYyREowcEF2X3V2bGdvY04yTEY5SThtXzFnQUFFRnVFR2stVVo3VG5ndjhrekxtMFNoZmNwMS1FWWxYR2kwMnA5alpQSjJwRzhRZ0FZMVl2bnduR3QzWHN1XzNoLVRUUThQLW1lOWo0OGtQX2F3NVB1eEVqbjJRNUc0UnJONHBwOTEwdWdhd3dsR3c5UHB3Ty1UelEzTjZ3TmZjVzhUem5XTzkzVkNZU1V1U2c3aU9LZjJZdFRDay03U0NMNGJ3c19YYmI4Y0JFSGNtQ0NVMlJlZXBHSjM5bFIwM1Q1OVNSQjRySEtDa1R2RDJhOGFSdkF3?oc=5
2026-09-09 18:30:43,TSM,TSM股票報價價格及預測,CNN,https://news.google.com/rss/articles/CBMiT0FVX3lxTFBRUno5cWdRaTZJNFVEUWZFNEFWSnIyZXoxMXo0aEwwMHZsbUl0MERWcTVVZXl3QkR0Q2U1TFkwY0NfQ2NLRVRWNGluT3NmZUk?oc=5
2026-09-09 17:23:00,TSM,TSM Roofing的Sheldon Murphy分享了亞利桑那州季風屋頂保護技巧,EIN News,https://news.google.com/rss/articles/CBMi0AFBVV95cUxOZTFEQUlnWS1QN0R0LTVIb3pSVzZYckpEclVNaEZqczBzXzlLRk9BY2NUYWlZc0dsYWJHLTE0bi1abHhjVE1zak8wQXh6MjlOUFlTYUVsYURHZ292SjBRcDk5aFhFX2FiWUJWRUF5UURsZFVHX2hvN2dJYzFtVHpRMkVEX0hXanJEVEZCTU9hdTBJdzJOdnBQYTFKZ1FCbm1uemwyN0tNZ1Q3MzA0S1VUb0VfM1ZKbkJDS2NQeEo5bFpzVUlrYVV6OWpETzduRTlD?oc=5
2026-09-09 16:16:58,TSM,ASML與TSM的合作能否推動高NA EUV的增長？,The Globe and Mail,https://news.google.com/rss/articles/CBMi3wFBVV95cUxOdk5zVFBCc1BvUG10NHNCTXcwdlJheUV4M3pxZk1FZUVHczdBcGVtQl9xM05zLUYzSE9ucEZLRzZIUWVtUnhzRk9Qc1Z1aGVIOUpCdXB1WXZWci1aVmRNT0U5bnJzOGZYT2ljWmd2a08tc2pZbWVFODNXNFdPZmp4a3lLc0NZenRTSWozb1lSVFBvSzdJTnF2d3g4WWdUNVFXUjNEV2xpZGNLME1Kelc5WGl6MGxGd3BtN1g2LWZmLVhYd1NlbGZMUWQwc3ZKVjRxb3FZWlRCeDJfY3lOWllN?oc=5
2026-09-09 14:35:00,TSM,Can ASML's Tie-Up With TSM to Advance High NA EUV Drive Growth?,tradingview.com,https://news.google.com/rss/articles/CBMiugFBVV95cUxOTHBoTjNIREhlVWxPM2owaG4wQ3hzeEI4Z2FyQUp6TVVXNDJWTVBqTVRNa0o5d3ZnRERGSWVMX0EwdzBjSnlPb2phZ19EUXVTQWtNdVUycHkzOWF1Q2RaV0diU0RGNDRVeS1NS0xwV09QRGs3MTBaem1yR2FNUF9XcFRtZGNNVUFLMUtEMWZ5WkZmdW43VHBZSTl0Q0F2bmVKc2dVUVg5cWZDNHJaMVg4ZXhHcERweGk2dXc?oc=5
2026-09-09 14:35:00,TSM,ASML與TSM的合作能否推動高NA EUV的增長？,Yahoo Finance,https://news.google.com/rss/articles/CBMikAFBVV95cUxPX1ZiU3FfMWdPWU9sSTQwSUVwRE5UZ092WWxEeWxtSTNQaWdMME10TkxTTFdmZmRaOXVGcXM3TUlyS1pUSlJLaXVMcXFIU0IyM2lpaXVsOG50VjZUWU1kU3VnMjgtT3l0NWRyV3h1YU5ueDMxUG4tazRwU0tFeV9abkhfTHN1aDhva1dFTV81WEc?oc=5
2026-09-09 13:16:02,TSM,分析師提供有關科技公司的見解：臺積電（ TSM ）和甲骨文（ ORCL ）,The Globe and Mail,https://news.google.com/rss/articles/CBMi8AFBVV95cUxOMEliMmxVLXNVcDNTdG1uZU1pWFRpeEFaVF9TTFEzTEROZGh5OV9sWmY2azBCVXJiVDBmaXlWay1lcVdKQmRKNEFjYU1hOWo4Q3hEWWhhQm9aWE9ZQzA2cWoxdWFGd2NiemZXMXd2WWJnUHAtWldWQ1dicHJKQzdTZE9jSHVUYVdWR0V3UVQ5ZlN4Y3gyMVFLcFRqem9mMk9URHNtS2UwZUJoVHVYa1ZCeVBPMng2eXZpcG1vc2xNdExuakxYdU5JazBDb3BVekJHZzE2aUVtRmdmMy1KRm14aWszaGRVdFZMSVpXLVNkNVY?oc=5
2026-09-09 13:14:24,TSM,NVDA Stock - NVIDIA To $225 Or $190 Next? (NVDA/AMD/TSM/AVGO) Tony Award (ykv7Qc4Y0Z),Mshale,https://news.google.com/rss/articles/CBMiYEFVX3lxTE1Gcm5Vd1lndTd4QnhKU2NDel83YU14ZkM0OUllcWFTZmFDNWZhYzNlUWdLYkhBRDBGdTh6YVByMlMzMU1VMGtwQlRVc0hKSktMOXBrb0xYTGJvaURWeTVkaA?oc=5
2026-09-09 13:00:06,TSM,臺灣半導體製造股份有限公司（ TSM ）吸引投資者關注：以下是您應該知道的事項,Yahoo Finance,https://news.google.com/rss/articles/CBMisAFBVV95cUxNOTVCcGRlbG1tUHlIbDJGaXpKZ1hKbGFLX1ZhNXF4OFRYR0ljVVZOOWxLX2o1SkNlQmRCUEJ1UTNuaGUyVzFFMmFIem5MV2RlY2FMQ1BCZ2ZLeS00YmVhZFRoeTNTcmk3SkZrQW15dHR5aVRXVFNpeEh5MkFHQzlveV9SQmtsQTZ5MTM3UHlfVldXbjl3Mzk1bkg2QnpUbTQ5UnBVbkI2d0hRYUVaYWFpSw?oc=5
2026-09-09 12:55:01,TSM,分析師提供有關科技公司的見解：臺積電（ TSM ）和甲骨文（ ORCL ）,The Globe and Mail,https://news.google.com/rss/articles/CBMi7gFBVV95cUxQUGVEYnlBYnVHOHFZUEpnQzZKUHd6NGNQSlBpdFdPTGdSbjB4OElONE8yeE40M2tVQ3lydVJpSUhMdVpKUzFIZEFSeUd5aGw2NkpxR3o0N04zdGdGQTZwV3dYdVhGb0VDaGVUMlVNZ2RHOGFjdDUwVWx1WEpBOGRsakZYd1JQcjlrTTlaSU0tdGRGQTJwdUNkcmQ2UzloS3UwU3B1VGtMSmsxYVg1TTF4YmE3Ni1ZMkpoV0xmVUlZSEhralZ5c1ZVYktLRC16SEhJb3dHTjFiWFp1QUJDb2RfU2dLOTJDUlFUMFhBOHRn?oc=5
2026-09-09 12:29:36,TSM,TSM股票今日下跌上市前—據報導，首席執行官表示AI芯片短缺不會很快結束,Stocktwits,https://news.google.com/rss/articles/CBMiuAFBVV95cUxQbU5KOHVZT19qRTNCVzJLRDF4UjNCZ3JaeFBUZVM0TDBzY2tHYU9fTDVnajFaOWhOb2xrZUVBZnRDbXJoVnhBNWNOUmN2WFZ3X3d6VVdjcXU4am9yTFBwNEVfdWI0cm5Bd2F3VmN5QXB5X1NWX2JCV3NsZ1JzNHVITHF6X0lJVFdPLVFXQjRwdTBUb2dZVFg2V19xNDFid2V4OURuM2RkdUFTT0RVR0lCYUk4enJxQ3Zm?oc=5
2026-09-09 11:31:50,TSM,$Taiwan Semiconductor (TSM.US)$,Moomoo,https://news.google.com/rss/articles/CBMiiAFBVV95cUxQeGo5RVlzS0pXTlZQSkNCMDhsV083UVI0V1A0ZmlpT3ZnUklld2F4VnMwcU5xVHlfN2Fwdy1IX1dHeFpsT19ONGFhNDZGWHk1bmk1Y21MalYtNkhMLWZ3dEJlV3Z3Uk9pelRRN0VGeEFUd3RlN196czUyNW1UVE84ZHhzb2Z2QU1q?oc=5
2026-09-09 11:30:17,TSM,TSMC's Arizona Bet Was My Biggest Worry In July - Now It's My Best Argument (NYSE:TSM),Seeking Alpha,https://news.google.com/rss/articles/CBMisAFBVV95cUxQUWFVUGI4QjVFemd0RURaR0VPcVpBajNUYmNpTDJ5aWpLamhFYm1haWFqdmFpVHBfeTFSOEltYnRnUld4TlJrVzVyd2VaemxUTEMzdkxPZ0s3cVZkTjhrdl9haTdRNFpYTlRmZWZVYlJ6MGVvMjR6dEZJbDRqMWNaYWlyVlYyM2l0aU1GYWtFbVB1OVVYOVRTV0c3MWZ2TWJCLU9qS0c1OFBrNDVtR19vMw?oc=5
2026-09-09 10:55:17,TSM,亞馬遜首席執行官Andy Jassy解釋了為什麼半導體銷售可能會在未來幾年繼續攀升。這是我現在最喜歡的人工智慧晶片製造商。,The Globe and Mail,https://news.google.com/rss/articles/CBMivwJBVV95cUxNdFNHTHVFMFFMd0RkMDFINmkzb3Blbjdqd0g1dTFrcHcxbGt2OTdpODZucEl0dnN0QWhxWDNfWEZCU282NEpXa3c3ZkdpZDRYbm85SkpvSWYzU3kzZlc5SlNBV3VjSjlwYVBTNVpKNE9TcjlPTnMyVll5bGQyM2x5X2tNQV8yUzdBUmNuWlplOGU3NkhNUVFXWHZyRTU2dlVQYUJuR05BV3RKM09HQS1acE5CUGV5MjZGUFFycWl6WVNfNkpVbV81VGh3b3liU0hQQ1NDQkIxMVUzUXpRV01ibUZEUlktdENWU2xrVURNQWZCdEhEbnJoNVZCVjhma0VmalhDeGRucDdBRUNMaDRMb1c1THFpX2d0cnQ5NW5XMmtHUWJfUUNUYXQ3Nk8zX3pqeGNWNVBISlp5VVVsSDFZ?oc=5
2026-09-09 10:09:46,TSM,臺積公司(NYSE: TSM)副總裁增持小型ESPP買入股份,Stock Titan,https://news.google.com/rss/articles/CBMiygFBVV95cUxOVEt5RldXSW03OU9zZWlhNkNCTVQ0RGVkb3NSTUtxZHpOUUs0cGJtOGgtMDJLb2JBenNEV21mOE5VZFA0dnYxSkJyQTBzU3NkU0RwU1JQRk00QVFacTU4dlFZOHNQTnQxT0hhQl9aREI0UUxjRV96WUhqTjdsR2tueW5IUHd0WFpNSmhERFl2NVMxd0J4enI0TWFYbHFLWVEyX3pwRzh4TDFYNDlVN2hSMmZGa050X2JvMGVCYmwxYW9ZSVRmbDlHVkRB?oc=5
2026-09-09 10:09:33,TSM,臺積公司（紐約證券交易所代碼： TSM ）副總裁現在報告擁有180萬股,Stock Titan,https://news.google.com/rss/articles/CBMiygFBVV95cUxQRFR1d1hweFdObHFxM0xibkxlM0VmU2U1Y2JFTFF1enRsSnh2WHpZdG9YeHBvc2JMUjZDWHdLUmlfcVVfeE54Y1daTm9hQTV0RzlhQXpkTVhBY0V0SkEwbFJiMGMtekt1dUZueU5BWmVfNjBCWkY1NkFfOW03emJZLUhYOVVES1NvbG0zZlROdXVwZUxPMVVmbnpmWW9zY1AzeXo3Z1RKMEJ4YldSYXpwNEFGalUwV0YtVTBVZ2pIQTI4c3psX1dDZXl3?oc=5
2026-09-09 10:09:23,TSM,臺灣半導體(NYSE: TSM)高級副總裁透過員工計畫購買股票,Stock Titan,https://news.google.com/rss/articles/CBMiygFBVV95cUxOS3FaTXdhYldCcnNlSmhwZ3ZGaFhUdXNCWVZmT2dMSm5JWkJvOGM2M3lWZjlxOVhHb0ZvdUFwWkhDTTQybkNLUUdPYUVvYWFzUkVrS2toTTY5dklqLVlFRF9hNG9CbDdaaENWd0FLNnNpMUxhbUJRNllnY1pIWTluc18wcXI2ZmRNN3o3NDFZUlZFcVNETlBiUllTelJYZDY1V0xwMm80NjBmVERvX1pUUWIwcFNXZ1gtbW1NXzczWk9DbmkwUm5RSUtB?oc=5
2026-09-09 10:09:13,TSM,員工持股計劃提振臺積公司（紐約證券交易所代碼： TSM ）高管Kevin Zhang的股份,Stock Titan,https://news.google.com/rss/articles/CBMiygFBVV95cUxPSnJhN1FWOHVzenBrb3ZFanlkNVp4d0xiVXlpTFNyWl9Gb2VVVFFGb1ZOVzR1Q1NsTHU0OFRfNnBCdWJTZXlhVDdfa204a1dHVUtxMlpqVVMyTVBBa1Vra2V4MmhfLU5Mb2pzX1E2V01acUo2WkFmVTRnOWw3SU1hY25RcEZFLWpkN0F4MzFLUjcwV05jdVBrVlhZeUxFV3B5VnBUYVVpa3ZDa29MZGQtT29SczBHSWJIX3dWT1piMWhhOWtpenBCSUlR?oc=5
2026-09-09 10:09:03,TSM,"臺積電副總裁現持有10,301股",Stock Titan,https://news.google.com/rss/articles/CBMiygFBVV95cUxOdXdoNDM0aktXdDFsOS1PRGJwaFVhcWtUR3lVak1uTUg5V3BxZ1p3cXl5THN0Z3lHbF94RnZoSjBmOGFrTWFaWi15YWsyTEJpRU92TzBsYVZOUm5JdXl3TWF2N29qS3pKQlJmZXZ1Nmc3R2taSUx0X1Q0aUYtd19pQ093YjBSZGsyX3A0c0JhN0pZdEg1WGx5QmlhODFrM2NoTm9YOGNCMU9CWkFXSzV4bFJQaVU5d1p2T0RGSTV6OEVCOHFabTFIM1l3?oc=5
2026-09-09 10:08:38,TSM,臺積電（紐約證券交易所代碼： TSM ）高管通過購買ESPP來增加股權,Stock Titan,https://news.google.com/rss/articles/CBMiygFBVV95cUxOLUt5eHIxZFRwYWtnQklqeW5MdlU0bjVoWk5kOVVwamdMekdPb1p2UVo1cEZRYUpSTHNJQUlfcS1uY0FKbWVxa1F4bVkweGxfay1Db0RCOFNXT1dPMTBUdW8wZHgxcVRmQk53S2lJMGprb0ZiRXRHLU9SOVFDeThaR3UxcmFiRnFwaTM1NmRPQS1INW9UdldURkhFX1pINHBldTlTQ1hoU28yNTFncy1QQnhzNXhnQkNyQm5xZExZNkE5bk90RGlGWF93?oc=5
2026-09-09 10:08:38,TSM,"Taiwan Semi (NYSE: TSM)營運長持有1,286,261股股票，並透過員工計劃增加更多股票",Stock Titan,https://news.google.com/rss/articles/CBMiygFBVV95cUxQVU82QUUzeElCSXF2Y3pTZmxWQVAzT3BwTko4S2t4Si1pQXBKOTRLbjNVRWlGbUxzOEN2SkJGaGFKMy1ERXZfeDBESFRoVWE3R3VnbzdSVFZLZlZObGNpbWxWVzFleVVLUWZhcUtkbTFtR2I1UG5FVUdPZFBDSmo4aDhqWmFsNkV6M3cxS3QtOWphcU5PbmVMTHBpNmlLQVlXb1hTbGxhX3lsSFVCbVE1QzVfMno3elEtRDNtRThMVVdNNEtrVWdsd3VR?oc=5
2026-09-09 10:08:21,TSM,臺積公司（紐約證券交易所代碼： TSM ）負責人通過員工計劃增加股份,Stock Titan,https://news.google.com/rss/articles/CBMiygFBVV95cUxOWjJDUFNTenByY0FsQ3UwS0JOSVRLcjF0N2dmeWZaOWh2UFMxb3RqMUF1S0FWc2s1M1NyOFh6VjRkVVpwcFBjeTFLWEt0ck5EaDdYUGlUZnF2SV9sOG9wSGdpZHpHSVduekkwbDZiSnlPMGxVbTFuWXRZbFgyczFQdkVzeVBZandZOGJTUGQ1QWxuX2xlMmUwNjJmVFRiVURkQktWb0llaWJQa0ZpTGNtd3NDNVZfbXZaNnB6NjNsWmE3U0NQcUVyNHl3?oc=5
2026-09-09 10:08:11,TSM,"臺積公司（紐約證券交易所代碼： TSM ）高管將ESPP股份新增至375,273股股份",Stock Titan,https://news.google.com/rss/articles/CBMiygFBVV95cUxPOGoyUUhfVTltdzhITUdtS1pHelgyM3BUMTh4MGRhRy1TMHQxUGx4Ul9yMTdHVVhvMkU0dk5wUi1uLUVaX1FkNXVfdFM0b3ZORE42emh0U2FlSEhlUGZEWDhvTDNrUWIxd0ZDM1BiUGlQaWUyYW5JNEdfVXJaRk1rLUFTSnlJTHZhNmhTTFlfU3pwRGFtclBTT0hkXzBVTGNXUGJ4amhud29mdHBZTjdMVkFpREhQd3g1X2F4Q1g0R2FGRVRwemJRSzJn?oc=5
2026-09-09 10:08:11,TSM,Insider透過員工計劃新增48股臺灣半導體(NYSE: TSM)股票,Stock Titan,https://news.google.com/rss/articles/CBMiygFBVV95cUxPQllzRFpGbzFhMVhXQjlZZTctX25ocFJ2MU9Lc29TaUFFNEx0Yi16UWozWmJuZ3RiYnc5NndtRktHTG1LZ2JnZFZFLTdlOVVVSG5qemptdHdCVXJfbGRxTm5NVXpXRlU3TmplTEE1bV9WNnhlMUdoX010eld4c0tnRmp2bi0tQTFiUS1Oa1g3cEtIaHFVQVRNUFc1Uy1CRWUwYXo1dWRDaTZCQklZblAwYmdLN1dRd3N0YXlFbWlXdW9wVW0wRzJIWW5n?oc=5
2026-09-09 10:07:31,TSM,臺積公司（紐約證券交易所代碼： TSM ）高階主管透過員工股票計劃新增38股,Stock Titan,https://news.google.com/rss/articles/CBMiygFBVV95cUxPRllNb3pScGZKU1RRQU1tLUZFLXJzelhlakpIazM5ekZ3bS0zQmdtVXRWRW5kUUNRZ0ZuTy1ReC11cDBWM3pQY0tMYXlqdTNZNWRqQ0dIbmJQZzU3Y3RrV01iWmpCdUc3U1MyRHU4dklIV01yaG5ZaThkd2pKQVBnQjRiQ2RxclhWd1E2RFNOdW9tNXl4bjkxM2pZUmRST1hwenNRb2k1ejdkSWVOYW53bFFDWXBtZFJ2SW1nVVBCU3Z6U0h1ZHJ0V29n?oc=5
2026-09-09 10:07:28,TSM,員工持股計劃為TSM (NYSE: TSM)副總裁新增股份,Stock Titan,https://news.google.com/rss/articles/CBMiygFBVV95cUxQa2Z5NjRMUjRGUGhYdDFYRVJ3aDBlQTRBUjJ1amJlcUxDWFcwVGpkZVVpWWdXRy1NcGlFbGN4bnZNcEpnMWJfRXRxNEVFb0FzRWt5ODBUX2p0OC1GMFlDckVtXzNRYUo0V2JtYjNjbVp0ZlZLWVdKdVU1T3k5bE9hSkZqMFBxS0UwSXpKX1BoNTJTX0hYOWF2VHJRVS1LTWxad2JWcDl4Q1N5eXlWWnRGdGc3THdUampKUmNzaUx1bkpjSmx6ZTJZd3FR?oc=5
2026-09-09 10:07:28,TSM,臺積公司（紐約證券交易所代碼： TSM ）技術主管增加員工股票計劃的股權,Stock Titan,https://news.google.com/rss/articles/CBMiygFBVV95cUxNdk1qNzJGakUwYjdsSDlMUUJGakJmQm5EWXRha3V1UE1JZ2dWUjd1SlhDdTBzUzF0RmxmNU9jYlFjMmRUODBkNlBONk91Z0dUYXpRbjBCYU5Eejc2UVRhSmY3ZnBKVWU1anpYWXVzaEdHWE1MaFFGLW4xMkl4VGRTNjVGaGo1M0dNdDdUSTlUa1NjNFhKSkNrTm1GTXk2aFlwYkcydS1aUHVfYTQtQzhBV3BfN0pNN0RGRnd5OGFzUXMwdGQwbHJ6NHJn?oc=5
2026-09-09 10:07:27,TSM,臺積公司（紐約證券交易所代碼： TSM ）高階主管透過員工股票計劃增加股票,Stock Titan,https://news.google.com/rss/articles/CBMiygFBVV95cUxQdl9yaXlxaUxsc2RXWWV0bG44SGo5amZkSndZMDFkTFkzdmJwVmNFd1Azeklqd0FEdFlKOHlhc21BWGFsVngzUnpmeEI3UjVXT1dBUDlQamNWNzlwQ0pLN1hHMVRIMUpVU0JzSmljb19BM3lNX01ocm1ka2ZGY2FRZ0hNTU1oN2M4MDVnVnRJX1NVbVBaVWZndGtVV3FZakZZSzF1bXRPQXVWYk9tTFBocXNFVjl4RU12NzdZaU01VzRJVDV1REg3X29R?oc=5
2026-09-09 10:07:27,TSM,員工股票計劃將52股TSM （紐約證券交易所代碼： TSM ）股份添加到高管的股份中,Stock Titan,https://news.google.com/rss/articles/CBMiygFBVV95cUxPeF94aUpfOWdCMVdOelI3U2gzdk1rX1gwU21BZFc2anJra1Rad0x6UWljNS1RNWtBZ0d1UlN5UF90dDhvU2NLaGlHMU9lUEYxRkdqN2FjbkhKSm9YZURWSXJUMjVybVRkWXlUdVdCOTdIVXUwT0M3N0FrdmpGc0U3cDl3c2ptMTVNbTlvbkppbXE3MU44MHdhVWdFTy1DUW1odzlxQzlDejlXTUN3T1hPazlUck5DLWRyaXR1Z2F5MHhqTEtIRlhMaGF3?oc=5
2026-09-09 10:06:26,TSM,員工股票計劃買入提振TSM （紐約證券交易所代碼： TSM ）副總裁股權,Stock Titan,https://news.google.com/rss/articles/CBMiygFBVV95cUxNcE5uX3RRYlR6UG1wX3RkSFlQNWltQ1BrRTI5Z1YyNVF1MDhlRVAzZG5RcTNieTBVdVBoaEwzSkxqdWZIN2tnYWd0S29DS29DX1JBUm9pVlFwekxyWXQwaHFXV0w2V1NlY2xzZ3lHYm1WdnhhWi1qOG9wazFaT1ZZM1VYUVJjaVQ4QlFHR25jTEZhVTNjakNWcHpzWTFMbFFZbGkxLU1JM3dIZjA2ZTVfajBXdVlxUTVHMy1aRG4xbGdKQmM0M0d2SXdn?oc=5
2026-09-09 10:06:23,TSM,"臺積公司(NYSE: TSM)副總裁增持ESPP股，現直接持股206,418股",Stock Titan,https://news.google.com/rss/articles/CBMiygFBVV95cUxQdjNsX3pQUlQ5OXdxbzN4OUs1cktTaWc3VUJHQ1lyZ19KYjhMNUp4Wl9LUXhXeV9hQ0o4eExoLXdTd2t5cWpWX0dnZGdHejZlTVhiVXNaNERyQ1BoNHN5MTM5TzJka0xDSkNMMVpybDBSdDRqcEJaUTB5X3RxSC1hNmpNZGFiYVhnTUhtMFBEam5nUHF3Z1pYTTVlOWdvSzhCbE9pRzRhLXQ1VGdSQTgwTW5kdTc4VnJjVkJTQzcyU1gyVzI1UDU3czRB?oc=5
2026-09-09 10:06:20,TSM,臺積公司(NYSE: TSM)副總經理透過員工持股計畫新增49股,Stock Titan,https://news.google.com/rss/articles/CBMiygFBVV95cUxPaDJNV3ktdF90ZnhmQmtSalZaeWV3cGhtZ0s1RWJyMGhuaFE2bDBRZnpxYnA2YnZOS3RrdkdMMFd1eDJIcDNLb3NOdEFFeHNEMXpKZUllcU9CVG1UUjdEX1pIcTM2RFY0N3RKXzJFVFNGRHdvc2RCNWVaTFJweXIyZGcyS1FiZlRIWkNKb2F5VXNmUHpQOTV4d2UzcGFnSjR1c2VkVGhFUXp1T3VnZW9yNlpnM2hIb2pubHQ5M0RkS09SdUNRVlhpVlpR?oc=5
2026-09-09 10:06:07,TSM,臺灣半導體(NYSE: TSM)首席財務官增持180萬股股份,Stock Titan,https://news.google.com/rss/articles/CBMiygFBVV95cUxOMVY4aUJTRTMtTjRwWjBZZ0h0UFhxQkkwbnM1UFdnU2xPWUpYdnlIVWpjRG9pamVjRTJKUDdFR080ek9VOXcwSW50MEJ3cThLdlZacnJBWm5taFhoVEczMmpGcTh0Y3E1UlI4cTlBdU5NUTZuaW1mTlZ2dmFBSFFuMXBWQmRTRURCTkZMM3hMaDV0a3QxekZ0OGEyWmZNeGo4b0tHRFNabnoyOURWMVpJTms0Qng0UTlTX0dNUnV5TzFGYUNnSWEwLXd3?oc=5
2026-09-09 10:06:00,TSM,員工持股計劃提振臺灣半導體(NYSE: TSM) VP股權,Stock Titan,https://news.google.com/rss/articles/CBMiygFBVV95cUxOYmh1aWpmOUJpN0hmR0hwZzI3M2xmWUR4d1lSN3lWZ0s0Q3lEZVRWQ3lkWTY1T1VYdXN2NzhBamE3ZnJyT1hZU0JCNkVSZ2FobE1WZE50SG00X1ZsbG1NVlJzRHQxZnRsbnd2M3B5OGpwN1hGYjFKQXgzc0xBQVdHd1dfMElHTDV1Nmg2N2tKTGFRb0VYN2dxQUFaVlk1cE5BQ0dHWG1fN3o1eVR6WXozN1g5RGJzTVlob2tHNmItV1d5S0I5TE9iX2VR?oc=5
2026-09-09 10:05:13,TSM,臺積公司（紐約證券交易所代碼： TSM ）高管通過員工股票計劃增加61股,Stock Titan,https://news.google.com/rss/articles/CBMiygFBVV95cUxPM3o0aXQtZEVudUVEOEFVWjI0VnVaZXNuLU1NM3pDbWM4WGo3b0Ewd0VpdTJ1Rk9wR2tlSktpNGhEdmxZR1N2anVGSHExS0hJTDdLTmkzcXR2UnR2T1cyVW5KSG9vYW16RndzWkRMQUJCNzBPREQwRVl5eFphNUtfYnhYcWtQSkVyV0lGN1FFS1U4VW5XWHo2RWNQYWdtZUc1UFNJS3RjcTN2TUhSTzVlNkNQVVpDaFJDLVR1SERyaTBWM2hya3FLY21R?oc=5
2026-09-09 10:05:10,TSM,TSM (NYSE: TSM)法務主管通過員工股票計劃增加股票,Stock Titan,https://news.google.com/rss/articles/CBMiygFBVV95cUxPLW9tc3RvR00zQTVnZDUydHBhWEtrNV9lbDV0SHBZUjJuNlh6RWpGUV9GbV9TY25XQ1AxTDhWQVlxYWxfV1JpblJGcmNPVzlQcFdVeExVVDVyNUJFUzhQUjhJcjdmZ0w1bzJHZDBNc2pRcWo4eTBBejZ0NTFYZElXWUlmSFlJcFV0eDhnNHpYZ3lxZENJcW14VTgwSkd5Ni12NUQwcUVkX1Foc3Z3TGJQcjlSTmk1bXNOZGFONUNTWVhPT1hGNTl3Qzdn?oc=5
2026-09-09 10:05:10,TSM,臺灣半導體(NYSE: TSM)主管透過股票計劃購買50股,Stock Titan,https://news.google.com/rss/articles/CBMiygFBVV95cUxOT1dvZDRQWFJ1dEdUMXlhTGV5elJsUVJiUTJXWWRiRDJqVTVnVnAwVFRhSUZpRThaajlXaVNPeHV6dUk2WXpEMXBreWVaclFwVENQSWNuYjd1MElEalN3eWRmQWU1RzdGWGNUamtKUWRPOVdjdWI0OHBhaWN6NTIyODNkWEFNQnkwVGdZYktUWTdPRk5LY2g0SHFyNzlBbWJTbUs0bURjZXVKMndUY2gwamxvNEdLeHRkZ1hxS3dMc3JCbTdTUDdNSXJR?oc=5
2026-09-09 10:04:52,TSM,臺積公司(NYSE: TSM)副總裁透過員工計畫新增46股,Stock Titan,https://news.google.com/rss/articles/CBMiygFBVV95cUxNem1jaFc2RkNNSjladkJ2NUxMVFI4M0FVcWc1ZHFJeXAwdHRpdDdIUnI0RnAzdDRLRGxvSjBTb2Itb0hDNWxYYVRzZDF6dHRuM3hqbnZmdVNMY0tidnVsTHhnWFQ3dVQ0OWE0ZWVHX1NFSXBiSm1KcFVTU0h4QmE3MDlaeEZEVDVtS2VFbDNCdWUtT1RwZTFucDNPZm45LUtQY1BpVE5MS29kLVhrNjRIbFNFTWxqdUEzTHliMTVCNHJLOHotUGlnYmdR?oc=5
2026-09-09 10:04:44,TSM,臺積公司（紐約證券交易所代碼： TSM ）副總裁透過員工計劃增加股份,Stock Titan,https://news.google.com/rss/articles/CBMiygFBVV95cUxQeEpfYllBNkNDaVllQ1NvNzlCWTFvaTBISVdtVkk1VkZWSzZhUGx1alk1dU9rVnBVQzYydkZuOHB0ZldqN2QwVHlPNW1KRW1tUjBVOHdaNmZ0UmFDTElhNVdYWk9fcVYwX1JUWUgwN2JxNXlOcGFFemNoTEZxNDBjRGFPN1hEeDhwcUpvMzJiRlJ0WVBkYjMzSUNyYV9WUDRCeC1Jd2RsN0lEMm1pX3Y3ZDE5el9DOTNfMEhIcHdxWWwySmw4V3JsUEdn?oc=5
2026-09-09 10:04:36,TSM,臺灣半導體(NYSE: TSM)控制器透過員工股票計畫新增32股,Stock Titan,https://news.google.com/rss/articles/CBMiygFBVV95cUxQZTRETVdIQ054WUVsMndmdW84ZG5INU94aURMVVhRTVA1V0pkUEdSYlM1NnVkMW5qR0EwaGxqTkhDQnYxV3VYYkhTWkZPa2Vudk5CMmdseFVwRy1iX0RZTVlfZGYyNFY4Y0xrM3JxQmYwU2pJZ3VkbFZKVUxVMnB0R0NiaTVpNzFCb05Eei16SjJ4Z2Z3Qkk3ZmRmVXZrMDBJUzlvZV9kVy1FVmpYdWo3a0ZRZ2ZWSDh5eVJsZG5acFB2T1pKWUJoVm1R?oc=5
2026-09-09 10:04:24,TSM,"臺灣半導體（ TSM ）高階主管目前直接持有157,519股股份",Stock Titan,https://news.google.com/rss/articles/CBMiygFBVV95cUxPSy1STzZtbGdSRjl3eXk0M0lENzlycXE2ZGpCVnVOdHdWNjZhTlZOX0p4cFhLRHNMMDdJenM1c3F3Qk5QWTY2RUhyaUxwYldXZ1ZHaHJMX3FrVnQ4bjJsUEo3WS16dXhSZnQ1SUFuRTRfb2o4LVJRUEs5aGVQSy1UeWVzLXJlUkU4UkxtaG1CbFpkNm5oWl9rMmVMUGpIN3RZT0hqMEowQzdBak0wRHRYdU51UGpUN0FlQjBfWmxLRkI5YjJrbVREOEZn?oc=5
2026-09-09 10:04:18,TSM,TSMC (NYSE: TSM) co-COO透過員工計畫新增71股,Stock Titan,https://news.google.com/rss/articles/CBMiygFBVV95cUxPM1pINF85bUdwWkhsTWNqdllEUGZ2T3U3OFpyOXBnbUZTMzZnSWhtVEdiNUlBaFZ0eFgyMGhkNjhValQ2YW1IX2QyZkVsejhnRG1JTFNkT1g5eHBkc3pFQVJlN2huckVZdmlSNDhlYi05bTNKempuS1lDcTFuU3JnU0pNeWZIUzZTVGxadXlXYkE2VG4xQTJhT2Z2cHVaRXJ0OUZpZmtrbldPamV4cWhWT0hBTE1Ub3lwWERsSmtVWFUxOU42WW5hMmZn?oc=5
2026-09-09 10:04:18,TSM,員工持股計劃為公司副總裁新增TSM (NYSE: TSM)股票,Stock Titan,https://news.google.com/rss/articles/CBMiygFBVV95cUxQdHBsYmFqR2VWOEVRMnMtMkxPVkVPc25yelkySmRhV193bHUzNWExUFFLWjdKS0lEbUJCR2gwODZ4cjRxY25zS1ljTVdTeF9IWWNoT0FfbWZGb0dfZWgyYlM1cHJReDMweHFFMXp1Q3JvUmJxUEkzN1RoOXVkX1JzUW9UNURXQlotNkV4N2hIalJ1YnhDUEVDNzYxOFRGeEhoQmxOU3Zwejd6NG40MnlKR3hDUDZvUk1xdDVaaDdRanE3czNxVW5QdWJB?oc=5
2026-09-09 10:04:17,TSM,曹敏副總經理透過員工股票計畫新增TSM (NYSE: TSM)股票,Stock Titan,https://news.google.com/rss/articles/CBMiygFBVV95cUxQZk42dE9VeVdLbFJLYTN3NEFBV1pWcVdObzZJLXExWjRuOGlEcjF6VVB6alpMVmxPZHl0NE1vNXg2RE1oV1VWQlB3VU9JLWF3YVJFaHJJSU84Q0dLSFdUbUVlNExsMUxFenlJOEMtQ3Zfakg1V2hTc25pUFhxVkx4YW9fNXJuNks3VGV6dVBOMTJ2U2VTQkJQZmIwQnBoQnJaOS1OLWk5X3NKM1JXaFkzTmxQd1o1NUJqWDNmWkc2SkVNVTdTc0NFbXRR?oc=5
2026-09-08 23:42:07,TSM,AMKR下班後股價上漲— Amkor通過$ 120B亞利桑那校區擴建，使美國芯片製造業翻了一番,TradingView,https://news.google.com/rss/articles/CBMi-wFBVV95cUxONEdkb1dFbUxGdUx6YUJ1VHRSbFIzZFc3c2ZXWnpDMk9fY2RIazVmS2pZSFdweW9hQkFvbWthSHNucGlJWllyQjJCVncyMjNMcnZjZmR4Zm5TNVJjWDdaQ0VFbFVoQ1hLQlRVMlpfTGQ3X3VOYUJqLVZlU21pZGtZcGE0cWt2WnBPZjJXWHVrU2dDejdLOGFxdTFSM2lJd1VVSzRWMGlGWlk5UWNZYUFWWTItR0lOc1JfYm1fNW1mZnppNEw4WS00dzF6ek5MUW5QLVFZekFFQjNQbjhhOUJTUzVZVGo0Zi1OenBxV2dIcXV0NTE4RExJdm5KWQ?oc=5
2026-09-08 20:42:05,TSM,現金流與盈餘不一致時，臺灣半導體製造(NYSE: TSM)是否合理？,simplywall.st,https://news.google.com/rss/articles/CBMi7AFBVV95cUxNVnFxVlBWVXVnaWNJQUJwQXgzT1lvMENJMHdtdnVQamhfNG4zcmNTNTJGN2YyQWhHeDZVSTUzcEljS0thbUFidVhmdFVxenpxN1duTUVSd2J0czlnNXRUME1zMGRXdU56czBPS2R1Q1JkdW9LcTRtQkhtVUgwS1g0dXZadEgyQ2pZQlE4QlZYV0p4Q0lZc0xRREhHODNsWU5UWEtfc0hZQ3pPVzgxbWU3alYyZ2czSUlBbXlYbjZRSU9jak5mdkdwMk82Qk5YdEZkYVRVeWwxeDMzQUFBcG9SeHotbnU5dk1SWlZBMtIB8gFBVV95cUxPa2gwWFlQazJrNlFpWHhVMTRSX3pmOHQzVVY2MjdaUTNyeTBYTW1pYUdwdFczWnB1a1V4dnM2YUtxenRpcHJhMlBuZjFncEdaNUFNVXpoQUdxb2Q0TlMxUXB2aWJZRkNRTkluSXFjQjlsWWRWOG1OTE4wTm4wdlNnTXoyN2JiNm5WZFVNZldRZW9tWm1nMGU3V0o4T3E2Wjd3ZUcxdkZMd29GVzI3ckFmMWVHVDlzRmhmM1Z3Ui1nS2ZtMzFYVkdseXBrSXFmaURqc21Ga0o5cmpkNlFBWDZyTnRsSFc2NF9vVGJiWHVMY1R2QQ?oc=5
2026-09-08 20:29:00,TSM,當日股票： AI芯片巨頭臺灣半高於早期買入點,Investor's Business Daily,https://news.google.com/rss/articles/CBMikgFBVV95cUxOTEl2SnlnbnFRcUxfVDF4RGlPQUFNZkN1WHJSbE5LOWwwWEJSOHFkSUgxUm95ZHlFc2VlNXpJQW51MEVzSXVTTXo3d1FBY05uTzlja1JuMDNDZGlXUlhfdTE3dmppTHc5WVcwbHBQM1ZrcnEtMS01Uy0xVC03WWxaUXlxZzZxVnR1VldrVC0xZFQtUQ?oc=5
2026-09-08 19:39:11,TSM,NVDA Stock - What Just Happened Today? (NVDA/AMD/TSM/AVGO) Wes Streeting (Ga8kcYxe1b),Mshale,https://news.google.com/rss/articles/CBMiYEFVX3lxTE03TXVrSmVwVFdXcTlnRnlxQlVydzc2VEJfN210RVU2bVpIU3ROM2lmMW90NEJzQm1jSmtsVjU1LTBVNnFOcVhGdG85em5EMjlpczU1cjdTZjZlaTRrWlpGdg?oc=5
2026-09-08 19:12:13,TSM,英特爾與TSM ：哪種半導體股看起來是更好的投資？,TradingKey,https://news.google.com/rss/articles/CBMitAFBVV95cUxNdlUwdE9uMGNJVXlaOU4zQlByQTZ1dHAyQnpaVmVJT3VsWFEwalVJSlNJa0txeFNMdnpJR2dVSHRGNTM4NEN0MmZTMkk0RmFXRlZCdF9FbU1yZGNRZTdXZFlWZXpCamU2bzZFX0wwMWR3anp0dTBadEZBckxPc3ZhbGY4X0p6VEUxUzhNcUJEb19EejluV1ZOWkRndEVKbW5ZaW4wM3JDVGZuYnlkdHlMSVlmMno?oc=5
2026-09-08 17:57:25,TSM,TSM Stock Rises 2.7% Before Sales Report; NT$480 Billion Is the First Test,TechStock²,https://news.google.com/rss/articles/CBMilwFBVV95cUxPVC1neFdSbFpkWG5EMnFVQUpHRWdhZHctTlNSdmVSektRbmpTdFRsNUZqVGxkeWkwN2owOU82NDhIQldFTEhUdGxzQVZnbnFlcVd6UmprOFJBSlpoX1pyZGxQNjFjeWU5X0txRFVsRjJWZlZmeEZYRElLS2lGOE5SaFhRWEUyeV9pV0VEdk42NzgyOE1WX01N?oc=5
2026-09-08 17:30:00,TSM,臺灣半導體創下新公司紀錄。新的歷史高點股價即將推出,The Motley Fool,https://news.google.com/rss/articles/CBMimAFBVV95cUxQQjl3V1V0T0VrX253WXI4OVJyLWstTDlHT3FnbjZBX19JUkhSUVE0aC1MZ0phQTgtN3dOV0lUc0FjZVpzamJTVEQwOWo3QlVKMmxEbDBtbVl3cEJadHcxek14UGNYQ2JlWDdRWmZxME5HRjFZNHZlb0pyR2RyNWdGLWQ3TXhhMWtNWEh3aXVmVWRlUEl3eURRbg?oc=5
2026-09-08 17:25:02,TSM,隨著記憶體收入下降， 7月份半導體銷售下降：瑞銀（ MU ：納斯達克）,Seeking Alpha,https://news.google.com/rss/articles/CBMipgFBVV95cUxQTWYxcFhqX2twYUY1dkhrOFBRWTBOTnpBUUlaRGxNU1AtSWdsOGlmb1ozRUg3MllqOXM5eTdsWmFiX3UzRFVBZVM2SnZBVE1mNU1qeHNhdFhrMUR1TkZ3eXg0emd1ZGhVT1AxY3lMT1pELWV3YTZHclppUlpMZGpCckJnYk5vcWs4NkRqV2RESlpPa1VHTnB6ZWgzTzktMW9wRzBkZ3Bn?oc=5
2026-09-08 16:50:12,TSM,Taiwan Semiconductor Just Set a New Company Record. A New All-Time High Stock Price Is Coming,theglobeandmail.com,https://news.google.com/rss/articles/CBMiigJBVV95cUxNLUFVckhzb2N0REVud0RvTDNoNTItRjVBVUVON2tnSDd6MGU0bGZHWGxqbEhtVGxERkE3MXdaUHJDZnJ4YWF0QjhIamFiWGVNcTF0Qk5jNUdUcUY0SEozNEFvM2tIOWdSTGdESVNCODZ5UGlTOWlMUzc0amcxY0FUMzJnRGRqcmhkQ09Yc2ZtZU5LaWxpSElUaW1DbmV3WnBWNHk2amxRUTlhWFNsdll0N3lLVmlndDEyTkl0R2dNbGZjN0F1a3BmSm1sQ1VNR1dOQ05xS1pDaTlfR3lzal8zQ0lveEJCcklnRkFoNkhKVTdwWHFnZjloSjRtYldDYWc0VS1XSzlKZ1YxUQ?oc=5
2026-09-08 16:50:00,TSM,Taiwan Semiconductor Just Set a New Company Record. A New All-Time High Stock Price Is Coming,AOL.ca,https://news.google.com/rss/articles/CBMihwFBVV95cUxQeWVRU2JYT0pVa2p0eVAtRVQxd3B3cTlNQnVlekl2MzZwUGtWNmEtZjlDSUhVQ3pJbHlrN0UtRnpvV3RaTkZIX05HLUNVUFJrelJnMjg3SVlMZnZOTElfMzE1TkktUElkbndGbUhjTGhoWXRMbjhVOTZ4aE45V3JYaWZ6V2V4OTg?oc=5
2026-09-08 16:31:01,TSM,TSM 260904 580.00C (TSM260904C580000)股票期權鏈|報價和新聞,Moomoo,https://news.google.com/rss/articles/CBMiX0FVX3lxTFBsMWN1eFNiVVMtZnVaZW1Vekl2ZmljSkJoLVhWYnNYVDhEdVF4RGZhTmN0U3BlSFRsc2RXUS1ub3NIdEpOSDFxWFhUdG5odWlSaFdxR2lvT3ZEWlZtTWc4?oc=5
2026-09-08 14:05:00,TSM,臺灣半導體製造股份有限公司(TSM)對AI盈餘激增及設備夥伴關係的意見,Quiver Quantitative,https://news.google.com/rss/articles/CBMi4gFBVV95cUxQMjlaVk5CYVh3UllwZnFvVDl2TWtNTUhuVlZXMVRlXzRGaWRlREk1UXFxQnV2b3NtbE9lNGdWVW4zYjBsUkF5Qk80Rzd1dElLcXA5TXlkOXZmWF9JY1ZSNGRiU3l1SzBDckdZX0wxZFF0SnNSWEVkTS1BYUNBc2dOeHUzaEFUTGo4bE1abTZuQlZZbzZ2SktGbEUzVktQWm9lNkxUNmN4RzVFQXczZzNySTJCal9udGc5c2IwNEtJNjZzbEFvbUw3ZkhQSTVIc1ludjJNdFdnTmhYRkd4aUtyeFZn?oc=5
2026-09-08 14:05:00,TSM,臺灣半導體製造股份有限公司(TSM)對AI盈餘激增及設備夥伴關係的意見,Quiver Quantitative,https://news.google.com/rss/articles/CBMi3AFBVV95cUxNUGVaNXl6UUFFRGdVYmxaaUZaVmZBWGg0Zi1rWEVYdUh6RHJsd0VQZXhBU2JacEljZ0xpb0tWblpaMlVkUkprYk5vdnpqbWFhdzNkcDQydUZEcno5cVBVZmVFOUw4ZlFGYWFlZ3RlLWtjYlZTRk1XdUdfdTBJdnltWGRDSldhSjBFQkVxTkpQNHdINUdSMEpBN1I3VDVackdxOWNHNWtYdTl0WGdRQzFTdkRtbktOc1RKRVNBanhhYjllSElkai0wRmRHem5GTE5nT1d1endrVG96MlVW?oc=5
2026-09-08 13:32:21,TSM,Intel在高NA EUV生產領先優勢、ASML和Taiwan Semiconductor Advance上攀升5% 3%,AOL.com,https://news.google.com/rss/articles/CBMidEFVX3lxTFBYZGRsMVIwQnlaaWd5R3NrX3AybHFjT01kWXpnY0p1UjR2cVF3NnVvc3RnOHpxYnhnRThNQlhKWmgzVzQ5UjB6eXFUMGdWcmFGaFJWeHlqcDRZU0t4cVI4N1RoZnRuYllOZ2lRRFlrZVRCcWh4?oc=5
2026-09-08 13:32:21,TSM,Intel在高NA EUV生產領先優勢、ASML和Taiwan Semiconductor Advance上攀升5% 3%,Yahoo Finance,https://news.google.com/rss/articles/CBMikAFBVV95cUxQOUkyc2p3RHg4c2dEX2h5eFplaXVZeXRWM0pOTUZGV2hsUmtDY1dZWTVDUDJkajhzMGMxblA3QU5Pb1Z5NENkQlJuUHdLbUtHYV9yR2d5c3ViQ0g5WG81NGY1WndWdmpyTHRmSDNrcDdKano2bDlJZU5pUFVjcVB0OElFM3NEbV9CQS15SWZ5SkI?oc=5
2026-09-08 13:32:00,TSM,"Intel Climbs 5% on High-NA EUV Production Lead, ASML and Taiwan Semiconductor Advance 3%",247wallst.com,https://news.google.com/rss/articles/CBMiyAFBVV95cUxQeVdjXzlsZ2hoZGNKMWdYM04xbEVRTDNkOEotUHU3SHdYN2RuSHBxVWUyVDl2S01zNnJQd0psRGttX0toSU5lQlZ5Y3cxYmVZOFRhc0REUTdIYkx3bXdSZ1cwOVNWZEg4azE0cUpBNFFqZkp2bE5Gcnc3c3VBeVp2NDJqVEV3Q0RVTDBka1ZmRVBmV2VkRHpiY3lyb1A2UUlrUWhVTUJUMFRvMXF2dWJ4R3RlZFpkcjVKU29mdTFkcFgwYUtpUlYtMQ?oc=5
2026-09-08 13:04:56,TSM,臺積公司股票預測：臺積公司報告營收$ 359億。爲什麼需求仍然超過供應？,TradingKey,https://news.google.com/rss/articles/CBMiygFBVV95cUxPRDNVeXY1UmNhRlc1N0Vrb2cxc0VzVTJsSFdqUUk0bTFNdUE0WElNeGFtS3I1ZjlwRjg5WVRRWjR0THJDZkl0SXAzOE5DNVhqREtJMm5PUFc1bjM5MkJ5cmNuckRZODlwQVFGdk5MSEVVSDc0d2xlbjI0V2FHYlp2Z0tTdnlOeW1UZ0V4M1ZRa2V4M1JmcXZramdTVjA0OVRqNkRvMkl3a1V6ZjZQcFdGUjFFMk9WZG92aVlHVTdhQld5OW9PMVBPWG5R?oc=5
2026-09-08 13:04:51,TSM,臺積公司（ TSM ）股票預測： 6月營收增長68 ％ ，明天第二季度盈利； $ 438是下一站嗎？,tradingkey.com,https://news.google.com/rss/articles/CBMi0AFBVV95cUxNZ1JnUDhUX2U1ZXlyTk1ZZlJZQUlCanB0VnhQVTE2RktleVdTd2Z5a2JxS25KZGJuYTIzc1duU2lvVkZXMU16WlVSRzB3a2tkQW11czBQUF80VFdJX1pQM2tBelY1akNLaEZlbXF3QVJ5eVNKNGM2TWh1S3ByREV5TDBmUmRTT05kSDNxMXhaZVhDSEhOYXc4WjRJVm9CN0xaLTVQbW1RLWR5WXhzb1RhZ0dFRFdCM3ltVmx3dy1VQ3JqSFlnMjU0ejFGN2V1cWNa?oc=5
2026-09-08 12:06:24,TSM,TSM DCF分析：內在價值$ 395 vs價格$ 429,GuruFocus,https://news.google.com/rss/articles/CBMikgFBVV95cUxOWHpZTFBzejRKUDd3Q1VtUmFIbXNPYXFUcDB4bXhXRDhwRDBXZlp3eks1dEJiN1FmOGU4anFKQl9PbU1RZVBvbGw5VTdyLW1XYnAzbmNlQzhoS2k1RGRIcThFdnBqSFpjUmJjUHNaMC1aQmRGOG54UmhCeVVYX1Rhazc4Y19odGNoV29DWXE0Qm9KZw?oc=5
2026-09-08 10:04:00,TSM,TSM Looks 32.1% Overvalued on GF Value™ as Semiconductor Innovat,GuruFocus,https://news.google.com/rss/articles/CBMisgFBVV95cUxQcS1ySXJwbEF1LTJhOWdETDVmNzZGSmlxWHcwdlAxMEVVbEUydjR6REdURVFMMUs0dllKamhsaXp0eVh2bVFGUmFub19idU9aSEdwRTRiSndyeUs1cHFBZU9Idjh3cFRyWWduVFRVT01ZbzlzRmIyMmoxWDJhZWV0OWw3Z1JicnJhNXBtaEtaQThUb0RYVm9Pczl2SFlBN1RpTy1LOEZocWo3Z3R0QkVSUDJB?oc=5
2026-09-08 09:28:41,TSM,"What's Going On With Taiwan Semiconductor Stock Tuesday? - Taiwan Semiconductor (NYSE:TSM), ASML Holding",Benzinga,https://news.google.com/rss/articles/CBMixwFBVV95cUxOQjR6cHF1WTk1UTdZeGVWX2x3alRUNHhTSHdGNEFiejVkLTBqNG91UzFaQ0I0cXdxaE5tczM0VjVrS0Vudmt2S3pNb0VuazU1bmo1UHZmdl8xdjRudDRGcXo0N0Y3TVViMDZDWVcwMHlQMEgzRXhNbmdTVTJ3TXRKWlV0TkdwOWdTa2c2NDl3YzVSWlhIaTJoZUFUcTdUclRPU19PWWI3a1FZdWNzU3lSU1JmcjJFWlMwd2dkOC02dllqUlpmeWRz?oc=5
2026-09-08 09:28:41,TSM,"Taiwan Semiconductor, ASML Join Forces to Make Advanced Chips Cheaper, Faster",TradingView,https://news.google.com/rss/articles/CBMizwFBVV95cUxOOGxTZVo2WjlMN19LS3JjOVhDREVVdEFzUmtIZjQwT3lELWUyRTdGdVJCQkFQdVZSTXVTRlJVdGpyd2pkd1BadE42R0xNT2ZTT00tYmg2Y1NydURzUVg4YkNSS21NdlNidVROREdMOEdCeUhiUzFKem1VcmFFcDZ5eG1QR0c5N3A4M0tyNWJJbUdfeFRmOW15cl9tMVNLVndJTERTVXBKQnZTWHV2SWlVYXhCa0UwY0p1SlhZNkJOc1FKS0JkT2pSZzR6WkhXdWc?oc=5
2026-09-08 07:57:01,TSM,納斯達克，標準普爾500指數期貨跌至CPI數據之前，甲骨文盈利：為什麼SMCI ， TSM ， CRWV ， YYGH今天讓交易者保持參與,Stocktwits,https://news.google.com/rss/articles/CBMi8AFBVV95cUxNQ1JtdDk3b0E2NE5CcUgxRnJsUlBydllyZmZkVUNvdkJmbDR5UU9kMVljb040dXdzZ1FuRnpvZnZ5ZHQ4Qmw2T0xXY1VwekRVeHlqaFJ0VDAxVGhRb0ZlN0pmVTg5YmF2QU54cTc0OHpReTZZSDJ2TnZlWk52ZGhJV2ZoYjM4OHRLVmhlRm94Y0dONnFhNTRiS1BrV1N3UVN4d2JPQkZYX1RsS0VTbi12QXdHOWQ3Rkt5OTFLRV9HSlFvQUY5bnF3dlZzODJjS3R0VEFvUXIwS2tya2VMYmJaamtQOUZwdTk3aF9iaHdBT0c?oc=5
2026-09-07 21:37:35,TSM,臺積公司股價上漲近3% ， 2650億$成為臺灣外交貨幣,Yahoo Finance,https://news.google.com/rss/articles/CBMikgFBVV95cUxOa0VzSUpMN3JiTk5CV1VZOWhXeUlJX3JhR3dhSmgtdlo4bi1rWGpSY0NNZElPcVI4ck1QREtJUE9DcHI5M05VNnY3VndOSWlkejZJUFBIYURWeFk2TzFscjRYVjhuaUpzRHFLYzFldXhwSElTM0IyZzZmaDFyNDJIUEYxcXppblJpZVlmTFM5eFlrZw?oc=5
2026-09-07 18:04:00,TSM,臺灣半導體（ NYSE ： TSM ） ：什麼將推動其重新開放？,Kalkine Media,https://news.google.com/rss/articles/CBMitAFBVV95cUxPdlgyTkdUbWhyNWs1eXhpVnFycjlJSDVGUEFDZG5mdHBER29RQ0dyUm9vY21uNkhEWXVnTkNmVGZxUjlFWlhlRTB0TW9LcGs5b1BCeVhsTUUtVkxiczJRSl8xeHJaVVRsNnlhMXhJbkhxU09Eel9ueEpOYnpaZENFemlBWHd2MC1CUVZSeFVJR1dvUDhHVjZJWTgwWVBpTHBSb3Z3U1YxV2pGYjhNdjEzN3ZaZWY?oc=5
2026-09-07 14:26:02,TSM,臺灣半導體製造公司（ TSM ）隨著對先進芯片的需求飆升提出指導意見,Yahoo Finance,https://news.google.com/rss/articles/CBMisAFBVV95cUxNU3Q4ZW1zd0JRTFhTNmhoTEpqeDFiN0Q1UkJoMENCYVhlNktSbVJKWjk3VGdkQWg1V1NUMzdLM09CS0JSR1Q3X2E3TGRNbXRXS0dNRDB2T2c0X3lYRUVsLTF6VVkxQzQ0WWhQN3p4aTdiOTdKV0dYWlllb3NRbnExS1hDZlI1czdQRjNhYWhMRjNCNm1STDh6TnAtbXQyMUlMRWFvMkxvTjlybllWaWUwUQ?oc=5
2026-09-07 13:30:05,TSM,華爾街分析師認為臺積公司（ TSM ）是一項好投資：是嗎？,Yahoo Finance,https://news.google.com/rss/articles/CBMinAFBVV95cUxNNTlMdk04M3pMM3ZsdFQxYUdQdU1xVl80TWRFVjBEdFc2VWNzVk92RUVHa1lJa3RSYUNwZFhFdWRXS2s4ZkE4LUFpb0lfaTZMUmhNX2tIcUJTMVAxMU82ekYxNWcxd3F1ZE5xWWNlbkdOY3FXejU4NGwyMWFGeHR5MTFxWHBRSmRHeEVvTHJzaUttTVRwcGlmNl82bHg?oc=5
2026-09-07 12:49:00,TSM,臺灣半導體保留73%代工股：股票是買入嗎？,TradingView,https://news.google.com/rss/articles/CBMivAFBVV95cUxQRHhOa1FKR0pXZXVTSXFDTlF0TlpHWDU2ZHlHUjNlRi1QUlNCWERXUHJiVUczNUNJRjdielEtNWJka1llZGJQbDJnaTJtaHpBWEw4OEhXQTRmTmxvdXVhY2JQVWFwY3EzRkJKelBjd3BMWDlRd1kwOVB2QUtrQ2ZOd2FIbm8xWjVreWxxcm5nakJ0RkZjaG5ua3FKdElBSHN1Qm91STZZUFBlZXJGck8waUdReWdfbUhVTWpOMA?oc=5
2026-09-07 12:49:00,TSM,臺灣半導體保留73%代工股：股票是買入嗎？,Yahoo Finance,https://news.google.com/rss/articles/CBMipwFBVV95cUxQRXdJZkc0b1gxbEp6NmNtLWpZOTlfNGdidUxLWlllZmJUa1BOMmVPempKWEFpUjhGZTl3dUJRTEpOWjdBVTdmcjdNRGpaWktMQ1NNZ1ZqTHphSm9JWGIzaDNneUJRbVhsMlNkN2VBOGIxVlZZbmZkZjBqSVFnMVhuTjBLQWtvZVFDcXlWUjdWNkt2Q0VtYUN1MDltaVU3NmJlaTJKZ3Zxcw?oc=5
2026-09-07 12:36:00,TSM,Buy These 5 Semiconductor Stocks as Sales Skyrocket on Solid AI Demand,TradingView,https://news.google.com/rss/articles/CBMixAFBVV95cUxNbkhMN2VONUhEOWRoTXMwSEZyZFF3MFZQblNUWmlDbEx1NU9TYVRTWEw1VWVqcldNQUNROW1XUW84ZUluWl8xdjFrUzVpR1AwS3FRVkl0UkYxcVc3aFdPN2lxTElCWkNvUFpLNlRSczA4dHptdnYxMEg3R25Uc3F0eVhvZDQ1SnJCVnRqZ3Blal9rbmFpM09SV1pnb1ZJaHc5cTJ5b1N3RWNpY1o0dnFBdjNscFljdGh3elh2WXliZDdvNDBv?oc=5
2026-09-07 12:36:00,TSM,隨著Solid AI需求的銷售暴增，購買這5隻半導體股,Yahoo Finance,https://news.google.com/rss/articles/CBMimAFBVV95cUxPQmVkYXYtQl90UHVpV3lkTjJKOERfbGp1REprVmo1MVV4WW1OV0padkNELWlVV2pmbTRqZTJGZ0ZMY3IxaHZEaUtaR1l3Q3ZFZTV2Y1NSbXFyYzNtbzBJSGp3VnRIN0k1bm9aYUJfak5qTFFVT0c3ZEt4aTdOb1FrME1DaTRSbkZxLTBETC15ZU9Ca0pDa1dmcQ?oc=5
2026-09-07 12:06:33,TSM,Taiwan Semiconductor Retains 73% Foundry Share: Is the Stock a Buy?,Zacks Investment Research,https://news.google.com/rss/articles/CBMiqAFBVV95cUxOSDhBbmJRdTA3Y2VoQVVYSEJJaDVhUTdGQUFFdkxPQThpeXEyOUYtM0tDR1JNOFZRa1RITXRKUjhvTlcwYkxWMDZzMEswbi1jN01WUndwRmswQTVibk1VSFEzS1I2MlJhRGozeWdqTWhqRE9uQ2Uxb0FHaVZ0b0tmbWRSa1lWQmMzQ2xBTTlmY2I1MlpBbkxqdHgxeEl5RzFxcUVyTVlCQUk?oc=5
2026-09-07 10:23:52,TSM,NVDA股票-今天發生了什麼？ (NVDA/AMD/TSM/AVGO) Eminem (qZ9XhIzi1F),Mshale,https://news.google.com/rss/articles/CBMiW0FVX3lxTE00bmFaN3pUb19vUHRkblRoNnNzNXJtVGxBejVtNF9IMlpEbkdBRlRFejRGSVgyZmN4MlhoZWlxNWZrWUxjNFV3aDlqdFpqUksyWWQ0WWNUenJmajg?oc=5
2026-09-07 08:53:32,TSM,臺灣半導體(NYSE: TSM)展示強大的技術突破設定,ChartMill,https://news.google.com/rss/articles/CBMivAFBVV95cUxNMVM4N1d3cXU4Q0VPaW1lYXdKSWJqYmpNRFJfTHFoQTMtejhTYWE5TVV1VmhrbGJKWE1FM1BIaGxqRmM3RDdWM0FpRWF2Um96R0QwQ1RlajdVOVBsNm1qRUJic1Nvd0pUUXV6TThMazA4Sm8yX2p4TzdxOFZnYjRvajFHQzg4cm5UcGk0bEZncER4X0hCWTlZaDJrRU5id1lYUHFaSDhJaFJNT2t3aU40cVlxTDZib09QY3ZGSw?oc=5
2026-09-07 08:14:00,TSM,Situational Awareness LP boosts Taiwan Semiconductor stake 2.6M shares,TipRanks,https://news.google.com/rss/articles/CBMivwFBVV95cUxPa3dScElicHAzbXAyTkFLQmg2RHBRZzFXYzYybnVoVkpHZmx4aHl5cnhFaUNBck5DVk9uUVMxLXJRRmNCcTVhZGx6VjhGM3BmUWtnUFhvM2d0bXdKZ3NjckpNZ3VwbEdNU1VDbHpUU2NyRVVvVnhQdU5OMkhXRnVpR0dPVTBydENHNlB4OWxzOHZsMHA2SlI4TzF0dzVLdkpaRWx0VENLU0pJbHBjcWJOanhjZzF3akRQNkRnN2FmSQ?oc=5
2026-09-06 23:10:13,TSM,預測： 2029年前臺灣半導體市值突破3兆$,Longbridge,https://news.google.com/rss/articles/CBMiUkFVX3lxTE1KSFdoZnFxTDBXVkNONW9RWDE5M2FzNnFXbm5OSVNkN1o0YzZOVFpmY29WRW8xRUI4VVAzOTUtRDFGNlBuVFZ3ejBKUHY4N2dFVHc?oc=5
2026-09-06 23:01:09,TSM,預測： 2029年前臺灣半導體市值突破3兆$,The Globe and Mail,https://news.google.com/rss/articles/CBMi9AFBVV95cUxQOENnVnNMb1BUR0x1YnhZbFc4M0tNVXNKemlDNXpUT2VFQ3hDbUctOG9FQzE0QlZKNlFYX2JmOEV2aHdBTXlVQlp0aXR6TzZGcV81RmRIZG1nQVBfTVM3LTNOZm1Td0Jsa01mMk9sWjZIeVhRYThleFdqbW91Sl9GX3hZcEo4dEd1TmpuNlZ3anFtT1l2MXRybGN6LXFrOWZMZTFTUThSQl9WU0ZWd0tqZlBxcGVyalVIZEVBamlsczBpb0pkVXIxYjByLUVLb0ptR2hfSjZuLXNpRm9qaWlWRmVEWkV6YUxRZmZWYzBYdjRDaTBF?oc=5
2026-09-06 22:51:01,TSM,預測： 2029年前臺灣半導體市值突破3兆$,Yahoo Finance,https://news.google.com/rss/articles/CBMirwFBVV95cUxNUUdZcHVfM2psYVdVYkswMjRKWkM1Q0I4S0FkUkI5cDNjSkVNMmc0MU1lVXVmRHExdVl2Y0dqd0E0a3NObU1Yem1ITTVSRWJobDMwanYtNW9zeGtsMjEwR0FZeWYtU2V0dGZ2NWQzaTF0Y2dPUFRKWmdDQTlaRWpxU0FIRDJ3WHAyZE5tOG5xRkdpaGlULXktMkw3TW9xTlQ0NDhrR1Q2dGh6THg2cTFJ?oc=5
2026-09-06 21:52:29,TSM,標準普爾500指數、納斯達克指數、道瓊指數隨著臺積公司股票資本支出下滑而下跌—關注TSM、MU、NVDA、UNH、GOOGL,Stocktwits,https://news.google.com/rss/articles/CBMigAJBVV95cUxQc3RLVVdMX1h1blF6eExKZ05VX2FpaUdHeHl3WWMzbTVWRFo4bE9SR2t1enp6M2xLU2tXVlNxQnQ4SXR4ek9wVUUySEhWRFlKNzRONXZWV2JqdVBqRUxNTV9ob2NlazJaQnJ2OGRPRWxDZ3d5UTRXUzNSdngzTTJ1dHA1akdZcGcyOTZzakgwdzBpTEpPMFlHdVhiRTF6QVJ3SzQwU3ZOb1FUMjhiQTVJdmR4VF8yYWJXR2NrcmdoR1M0LW5Db2kyQXgzamhEanE0UEZoa1k5T2NwUU8wQVgxQjhUUG9aY0V0ZkpHU3AxZG5sSjVHalJ5MXdXLVZBcWVr?oc=5
2026-09-06 21:49:51,TSM,臺積公司（ TSM ）打破2026年第二季度記錄，然後下跌5 ％ ：原因解釋,tradingkey.com,https://news.google.com/rss/articles/CBMixwFBVV95cUxPUlZ1M3dxcDR6U2hLWk1IMUUyQnlrTWkxcklEVnd5N0tld1FIMFNTMGptZzlvb045VHh1UmQxS1dvODVPMWNZZlhkcXhsX3IzQ0VDYVhyNDd4UGdCS09oZHp0RnZSR2lzcDFvRHlnb3Y0eUt2Zk42S0FjT0tWb25aWGl2V2k3OGhWYTV6cjVMLTdjZXhjTEljWFVJTUNvc0o3MTBsekZxbzN2YVFsTFFBQVdQdDdiLU1qZGh1LWM1OC1hcU5wN2NB?oc=5
2026-09-06 11:14:43,TSM,$臺灣半導體(TSM.US) $,Moomoo,https://news.google.com/rss/articles/CBMisgFBVV95cUxPU256Rm84UEFGTEFBVE9EWmFPU29vSU4wckw1UkpZdmQ4Zmg1eGMyZ2ZtNE5iT0VTRUZwRWl2MjZmRXB5THRZdGIyamlrVVBsTzF5UTRlOTh2T0IweVgwSER1VDllSzA2Q0tsVnUwWVpabzJRLVljQlBVeU5sbnJFNUduRkdEV194RFJIVER2aUtSUzNneXpnTVluX1FpcWVHMnVaeGVmOUhTLTBQRXJSRFpB?oc=5
2026-09-06 10:50:20,TSM,股市分析| MU/SNDK/SK海力士/NVDA/AMD/ARM/AVGO/INTC/STX/TSM凱爾特人與遊騎兵（ NwKYlLKWdT ）,Mshale,https://news.google.com/rss/articles/CBMiW0FVX3lxTE1CUmVWNGlKdDhYei1wTnFvQVpKZWt1eEY0S0JrN2IwZ3BvamR5YllUWWFRYnMybFROd2VOQ3drd3RZUmowQmRUY1AyMUtsdlo4d2VUdllyc1hLR1k?oc=5
2026-09-06 10:42:09,TSM,TSM 260904 452.50C (TSM260904C452500)股票期權鏈|報價和新聞,Moomoo,https://news.google.com/rss/articles/CBMiX0FVX3lxTFBFN0lKdlZld0QzNnNONHlrbXBadUY4bUNwMG5vNEJ2aGFTeTdEeGZaTHJJN3hGTDVfaXE4U1NUd2kzQjBRQWlsbnh6amt1bWcyQVBGdzhFM2NkbGI0YXM0?oc=5
2026-09-06 09:18:19,TSM,盈利會成為提振TSM股票上漲的催化劑嗎？,Investor's Business Daily,https://news.google.com/rss/articles/CBMirAFBVV95cUxNblAycUZNZ1RGRGhzczVyLW5tVjZKcWVScmJncDJQZ2pqYVhqUG5rZ2laTC1vb0hQRHhTTUFXS0p4RU5DcUpjTUNPdWluVVpzeWp4cmVQcGkzY2ViYmtZaFBMeDJ4LUMxcmlibldmZGYxV0s1dGptREx0S2k2X09CdVl5YTJLM1FYRVhONWg4VWdEc3Z2d3RuWEluZkZzS3FQbVBfSHdXaEZuZEZf?oc=5
2026-09-06 07:23:41,TSM,TSM 260904 235.00C （ TSM260904C235000 ）股票期權鏈|報價和新聞,Moomoo,https://news.google.com/rss/articles/CBMiX0FVX3lxTE1jQnpFWnZnOE1EVzRsLVY2OWoyb0VsRDNMR2s0dGhQem5MYVBCYm9rQ3UyOEh5WTJiLUVLUzNuX3JaUXFILXFuYWdzc3otSHBmeVowcWdrdEZ0OGJWdHM0?oc=5
2026-09-06 06:04:04,TSM,TSM Stock Surge! 🚀 3 Key Reasons & Predictive Insights For Monday's Opening Price! Meenu Batra Ice Detention (dfoPsosK9d),Mshale,https://news.google.com/rss/articles/CBMiYEFVX3lxTFA0elRPSWhSSmNxZGZFMU5ha0x5UHBwTDBPeF96aFFyZGVlOUViVnFwRHdMamdqYmcwN092ekdjX1AtVTF5V19NVVk4SWNheXdsZnhkSGdJVDJBa2loTXZ5Wg?oc=5
2026-09-06 03:51:28,TSM,Taiwan Is Reportedly Proposing Tougher AI Chip Export Rules – Why This Matters For Nvidia Investors,Stocktwits,https://news.google.com/rss/articles/CBMivAFBVV95cUxQMTVGODUxa1FwSHRXN1FxZ0xOcjViaWVENGJId0pmYXFkQ1BMMTRWRUx3OWljdnowVGNLaDc3YV95YkE1RGZhY0ZiZ1ozQ0F4eGd3amFvQ0VOMzdQMzJJc3BTVU14M2Z3MXExVXE1S3RnbktSYmZSUFo5c0FRYmZNM1RfVXA5LTFwNDNCZ3VrbzM4MENCeUNRaGRMRV82Qm5xR052Y2RDWjdiNFFRemtMWFNyYmJ6d1dWQmI4Ug?oc=5
2026-09-06 03:02:46,TSM,Stock Market Analysis | MU / SNDK / SK Hynix / NVDA / AMD / ARM / AVGO / INTC / STX / TSM Sting (zAgfk5ZdSz),Mshale,https://news.google.com/rss/articles/CBMiW0FVX3lxTE9PWkVTZVdydFhzMWlvV2FyeDFxRXNsQ2YzVHNpRXB2VWV5bUhaT3ZXMlJyLVk3RlBaRkVCbkhYZlliSHgzMm1mOHFTN2ZRZ2k3V21iMTJWSDZweFk?oc=5
2026-09-06 02:35:42,TSM,NVDA Stock - NVIDIA To $225 Or $190 Next? (NVDA/AMD/TSM/AVGO) Tony Award (ykv7Qc4Y0Z),Mshale,https://news.google.com/rss/articles/CBMiW0FVX3lxTE55NE5ISW4yWjhOYVpqU2F5RGlFVnRMUy1EMmVtVGlkdmNSRjVZemtWMWx2dWFuczNlM19zVWotZTlsVnBzQVM1NVB3cVpndWZ1S09IaXM3VkxJMk0?oc=5
2026-09-05 21:43:35,TSM,標準普爾500指數、納斯達克指數、隨著霍爾木茲不確定性加權而混合的道指期貨：為什麼AAPL、TSM、MU、SPCX、ASTS、SLS股票是焦點,Stocktwits,https://news.google.com/rss/articles/CBMi_wFBVV95cUxNUW91N0lYVC1uZE1NRkF1RWdhUFRyX2l0VDM0bkZXTWozbmdPV3JxLTgtd3huZkRlVUtpLXlLQVhzMjBZeDhwaHgtTEh4VUlKWGFURnFKOGZpMkpoOUlCU1VHLWRuYWd0T0tQd3hxMTk3NTYwWVJKY25OQ3pSem5SdHZLaWdEVnVPV2J4SmpLX2VsY0dNYkVuSmpTVm5FN3JDWUJwUmNZdFhlMnRnRVdLR1Z0TTJxVmd2YXZPVEZZUjRIT3I0Qzl3MTN4WndKLTFTZTRzMS13UGxMcFRNcm5kaThkUkM1czBmc1plbWJWZFZyYkRNV0RoUmNQRXBvR3c?oc=5
2026-09-05 20:00:00,TSM,ASML與臺灣半導體：哪種半導體壟斷是更安全的投資？,The Motley Fool,https://news.google.com/rss/articles/CBMilgFBVV95cUxNN1lEME52UDBPSjNDTEZOLWVpV2s2QTJpVGVuNEEteHNHMjRObXNWaWttYnVrR1N3SkNpT1dMMzh3UjRSZjJ2TVVMNU1vclVtSmFEdmFWRC1jSnhaNmdva3poX29MQ2VsWG1kRE50dGQ4MUtxZE1EZVlMWS1WWFhKU1Q1eUE1cWhUOUZaZ1BRSzdLVVJ5M2c?oc=5
2026-09-05 19:20:33,TSM,ASML與臺灣半導體：哪種半導體壟斷是更安全的投資？,theglobeandmail.com,https://news.google.com/rss/articles/CBMi-gFBVV95cUxQNndPOEVMVWRLbmxWUURhNzRvcWU4U3VTYTFvcmRjTWtCR1gwcC1PN29CV1Bic1lfOFcwRExSaUJmMHJLeHFnMmlwQ3d4bWRxcUZsbGxIak5TYTVLSU9jZzkzZUdpbFh5b0ZBN1VHaWxBbWpueTBjcTdCRDJUNXdQdmRRV1VMVkNYc3hEYmFzaTdfcTdIMHhhTUNvYjhTM29yX0MxVmdIaFRsT3dDYnN3Z0tFRmNiMzR2VzZNLW9YUWc5N203cFV1OEZWaEUtUjZTYkZXbGFxWDhqTzE1QkFzb0M5TDZnVVVXaTFvNjk5Wkw0WHE5WTBIRldR?oc=5
2026-09-05 16:35:08,TSM,NVDA庫存-這可以是巨大的（ NVDA/AMD/TSM/AVGO ） Bolu （ thuiIGPgFS ）,Mshale,https://news.google.com/rss/articles/CBMiW0FVX3lxTE9xckFPZE1EUEwzUlRzZUdaeDloNXh3UGlwem9pOG9hNnYzeHpmdWFBajNCSG11ZnluZy1vVHdvMDJjckRHak4zTWpCSnBWcVpuZ3ZUVjZqRFZVZ2M?oc=5
2026-09-05 09:33:22,TSM,臺積公司臺積公司股票預測： $ 610牛市與$ 265熊市,FinanceFeeds,https://news.google.com/rss/articles/CBMiigFBVV95cUxQTDNLNUVpMzZvZ05SOV95aG5GUHlTS2FSMTZpdHZ6UW13TXo0dVktQWkwQ0poTVR6a2NaV2p2MVhPbnl3N3lLeXhnVjNyZndmMW5veUNqaHMxQ3B2TlFfb2dNQldsNzF5YnpzeUNvN2cwcERlbnpHNDZqVW9qLWkzYlBnbGxUaUxkYUE?oc=5
2026-09-05 07:04:35,TSM,TSM股票-臺灣SEMICNDCTR MNUFCTRNG CO LTD股票今日最新消息| TSM股票IOS (z1BSCd3iyK),Mshale,https://news.google.com/rss/articles/CBMiW0FVX3lxTE1SdDU4U1hzbzBLVUlndVdFaEtReVV0TXRLYnRNdTBhbmFZa0hsOVdySHNzeXVvUUNPRmhwZE45c0NzbHVxZzZwMmp0eWhjWTVXUXF0RzJHc2VqY28?oc=5
2026-09-05 04:05:41,TSM,TSM的祕密武器：綜合股票分析和對WED的預測-不要落後！ Rachel Weisz (46nNl7jyIc),Mshale,https://news.google.com/rss/articles/CBMiYEFVX3lxTE9HUktURXVSakQ3WlRSOUViQUxmd3l4Y1Q0eE9NRzNGWDdLTkgwbC1Pb29iMmxhbXpTMWEyMDktdVh6VzJUdHpoSmtCSlJuNmFuTGpHQ2dIR3NZd3p1U1NpVA?oc=5
2026-09-05 04:02:27,TSM,您應該購買TSM股票嗎？突擊者時間表2026 （ Q0zs3MCGHi ）,Mshale,https://news.google.com/rss/articles/CBMiYEFVX3lxTE13U3lNdTZBUlVrZ1NJblZ1X2VnMEY3VWJKUU9iYW81S2pidXMxaklnRG1heWhibW12YTY5NC1rWXA1OHlweXdNZWQzcW1rWlBaMy0tbktDLW5OSGhZUEkzcQ?oc=5
2026-09-05 02:17:56,TSM,TSM、APLD、AMD和頂級AI股票下跌Merlin Argueta （ dMOtVn4THh ）,Mshale,https://news.google.com/rss/articles/CBMiW0FVX3lxTFBoSnFMWE1GZlNXM25uazg3SEdYQ1owMDJUdjhsQlZZa2JEczE3T2RtOGpwX1ExV3FJc1Vta2tQczl1S3lkQ3UweU9scFRDVVpaRXZiZTltaDFhOGM?oc=5
2026-09-05 00:01:47,TSM,NVDA庫存- NVIDIA準備就緒了嗎？ (NVDA/AMD/TSM/AVGO)今天投票結束的時間(T0HZ5ZYjDG),Mshale,https://news.google.com/rss/articles/CBMikgFBVV95cUxPdnpUUGxBeG5wZ0hPODhac3dubzkzWTRUUFZZXy1FTXljU0NnR2xIMFRPcTVzdHBjbHp5NVJadUJ3V0hCVGQ5VDBUQ3haTFBQeWJjQ0VYTXdQQkdEQWtzY1NfN1NLSG94RXBzT1RWSERZMzhadmJGbFhtT0tkc0lFc1NuM2RVUUNLXzY0b3ItNUczZw?oc=5
2026-09-05 00:00:12,TSM,TSM股票分析：臺灣半導體是否會在第二季度盈利前飆升？📈聖徒（ 8c7yuAYuKk ）,Mshale,https://news.google.com/rss/articles/CBMiYEFVX3lxTE5jRXRybnZwaVNXM0FjakJsV1BTWFg3aTB4RTZmOWQwZEN1R2tEazFXc3BGOF92SGgxelRORFo3R1lzYjYxWFd5a0FmZmVialpTT2FsRjBTeXljWVVyUTNQbA?oc=5
2026-09-04 23:29:07,TSM,為什麼臺灣半導體製造（ TSM ）今天移動？,simplywall.st,https://news.google.com/rss/articles/CBMi7gFBVV95cUxPRU1WOVhWdEk1TmZiTmpYcUxfOTFOYlpCNk5aeUY3cWpLRTl0R1V4WVlWVzJoUGN3cEZvNzRjYXdDSzhnV0NITGhONkRudXpzc3l4eUpkQWRsdFVSeWZvUFBDcFNlWTJVcUszUHZvRXlBRTBLLVA2Ny11QzZPbnBjZEhXTGw1SnY4UlEyd0JvemFESkJPU1FvNWJXaEZkdXVlVmtWV21raFE5UnB2VnRzXzdEcHRTbnA4UEdLUGk1SHF1djl3b0ZCNkNydjI3OG5vYnE1cnJUVDc1X3Z0bzZ2LW1JTFhpRjRQWndtNEtR0gHuAUFVX3lxTE9FTVY5WFZ0STVOZmJOalhxTF85MU5iWkI2Tlp5RjdxaktFOXRHVXhZWVZXMmhQY3dwRm83NGNhd0NLOGdXQ0hMaE42RG51enNzeXh5SmRBZGx0VVJ5Zm9QUENwU2VZMlVxSzNQdm9FeUFFMEstUDY3LXVDNk9ucGNkSFdMbDVKdjhSUTJ3Qm96YURKQk9TUW81YldoRmR1dWVWa1ZXbWtoUTlScHZWdHNfN0RwdFNucDhQR0tQaTVIcXV2OXdvRkI2Q3J2Mjc4bm9icTVyclRUNzVfdnRvNnYtbUlMWGlGNFBad200S1E?oc=5
2026-09-04 23:29:06,TSM,為什麼臺灣半導體製造（ TSM ）今天移動？,simplywall.st,https://news.google.com/rss/articles/CBMi6AFBVV95cUxQdzYxUXdTVG9oajJNS2xuNEVTQmttX2xselJwUlU3c2RkS2dsS3ctTlY4c0h4R2g3cDRjdWM2ZUVVRG1qMWJRTm01V0NFZTE0dDVmdkZXSWR4X0RyU1ExTzhMMkhGd2hzUjdjOVJxc1BzSVpJa1FKU0JHUUJtb1RnRl96NDRzbFBqRm54Y3FSanVwMXZ0WllXV2FqQzVuY1hrRnNaSUVhSk9YOTVrSlRNR0lnM3RScDB3OVdNMWhsaW04b3VISXlROGtGNTk3RE5TbFBFVmI3ZDNnakRQUjJ1Ny0ycWxjR1lU0gHuAUFVX3lxTE9FTVY5WFZ0STVOZmJOalhxTF85MU5iWkI2Tlp5RjdxaktFOXRHVXhZWVZXMmhQY3dwRm83NGNhd0NLOGdXQ0hMaE42RG51enNzeXh5SmRBZGx0VVJ5Zm9QUENwU2VZMlVxSzNQdm9FeUFFMEstUDY3LXVDNk9ucGNkSFdMbDVKdjhSUTJ3Qm96YURKQk9TUW81YldoRmR1dWVWa1ZXbWtoUTlScHZWdHNfN0RwdFNucDhQR0tQaTVIcXV2OXdvRkI2Q3J2Mjc4bm9icTVyclRUNzVfdnRvNnYtbUlMWGlGNFBad200S1E?oc=5
2026-09-04 23:11:08,TSM,臺灣半導體股價預測。您應該購買TSM嗎？,StockInvest.us,https://news.google.com/rss/articles/CBMiR0FVX3lxTE54RWMtdXBBUGpUN045aEI2YVFtc3g1dmQwTkhaT2dpQTNoOGdIc0hsRElEcDJLX0RiclZ3ZUxFbXl3MXZNWVAw?oc=5
2026-09-04 21:45:03,TSM,儘管市場下滑，臺積公司（ TSM ）仍上漲：以下是您需要了解的資訊,Yahoo Finance,https://news.google.com/rss/articles/CBMinwFBVV95cUxOYjVSVkNhYzdubVg5VnZPVDg3aGhDVDQzWi1LcmJ2Z1ZvanVka3hjQi1GYWhYODVXc3hqdTRXWm1FUkptTDVST1ZUelVZczhiZUg4MDJ4Wlp2M1NTM0VsLWFqY2dOZk9hMW0ydklqVlFyM3ZRa0tVRlB1LVpfcGhNLTNKQzlZUkdqOThmZmlSanh0SUR0SXh5bXdyMkFEcmc?oc=5
2026-09-04 20:30:00,TSM,預測： 2026年底前臺灣半導體股將飆升22%,The Motley Fool,https://news.google.com/rss/articles/CBMimAFBVV95cUxQekxfMG1qRjdPWExNVVFfUkRMNFVsQ1Y0NEptaUw2Q1VwQkJudmVjQlFuMkU4TUwyMU9nWjdzSUotR2lRVkxpNzBGUTB5ck9xTVZNb3lNbkNlMkxUcEtETlhEdm1NSGV3S3ptSS1vLUNRaEZTX1lRbVdxNDRzMXNZR0htM2c1Zjc1TEpUUmxJXzFyZnZwQVNlYg?oc=5
2026-09-04 19:50:37,TSM,預測： 2026年底前臺灣半導體股將飆升22%,The Globe and Mail,https://news.google.com/rss/articles/CBMi7gFBVV95cUxNOUF0VWVIOHcxQnE2YXJrZUp1U3BDMjNTaWdKZnZwOTlRZWJMb1puQ1NUUG51RDdTVHhlbzdIc1lKd0dPTjl2MFpsT0ROUXhGaGlDVnhvQk1pdG9lZ3ZPREFqekI5VHlDUjBXRDJmMXBnNEs4M09LMjAxVmFsM2FVa2s4TTBMakxKZnFzR3A1cDZaS3JJREhZQm4wRjhFN0h2aHJaWW55M0huVmR1a2xmcHhBSGNNM1lvU0pkVUpsUzFjY2xPUmdFRkpWT2lEQm1mdmdIcHg1dG05MzRiVk9YT08tRlBiOWc5YVVIejBR?oc=5
2026-09-04 19:50:00,TSM,預測： 2026年底前臺灣半導體股將飆升22%,Yahoo Finance,https://news.google.com/rss/articles/CBMirAFBVV95cUxNZEVHbHlGS29Vck1GOFkwQUI3cWZ4cXFqTDVQUmdMRHl1aTFEX2lWYUtvSHBsU1F0dWRUWUVhNWljNEp3ZFB2SmZqQkdRb0J1STNjb1VLQWhQUXZibW1VMjdxbG1iZGk5MWdjNmFZVWJlSkhXMFVqV0c3eVhya0JWZlVZOUhzNUpVNFhXcnZxM1BmUDFPUDJIYW5EWWRRQmtfdFY5dllKcTRZZnFW?oc=5
2026-09-04 19:06:35,TSM,Cboe數據顯示臺灣半導體流量看漲，股價上漲2.5%,TipRanks,https://news.google.com/rss/articles/CBMitgFBVV95cUxPT2o2LVphRVBSOXFJWDYtUDliMFBnSW9ueDBwY1Y3WjdSVkVwSlZRZjdXNE9nT0ladUo1TnY1a1ZBN2lDbzNtOEtNUGEzTWZKNm9lSnE4amZJa2cwLVFNR1lIXzQ4ZjZrVGVjQkpSTEhSY1hLYnd5Mzhab0pGM2loSzF5RGhEdGZJdWtNNkx6amFoOTVVdXlzSXZjQ2xYTG1rRTdxZ2RMNWNVR01hV1o5UmtCdDB2UQ?oc=5
2026-09-04 18:56:15,TSM,TSM股票因內部購買和強勁的人工智能驅動增長而上漲,AD HOC NEWS,https://news.google.com/rss/articles/CBMivAFBVV95cUxORFBUTVFTRUpjalZfcFpDXzhZR1d0RllEcVc4cGlTd2d1SjJYekVFZ2d3R3AwNkJrcG5zcjBBdFZCNjNNanBvQllJcF9sOEpHUWZ1S2Foakl2WEE3TkxTZEFWY0ZlUVFNV2tISjA2U2kzVjFfY1NpblA3UzNRVDRQZnBmcnEweW41MFZ6SWFaQ1ZzUnpmdlRsRnNFbmRKSndOVGwza0oxcXM0LXBSSHViSXY1VHd4ZldhMFJhRg?oc=5
2026-09-04 18:29:48,TSM,NVDA股票-即將到來，準備就緒（ NVDA/AMD/TSM/AVGO ）中心點中斷（ 5tbqBRiHdb ）,Mshale,https://news.google.com/rss/articles/CBMiW0FVX3lxTE91RDJsZmtXYU9xTjRKd1RySW5aLUVUZXNoQnU0ZV8wRkpZbnZITDl4ODNIX0FKVXlYWEEtRVBZNGdHSHl0QThybFNOMHFwdWJaV0NQVWFKX3dEcGM?oc=5
2026-09-04 15:55:00,TSM,值得關注的晶片股和半導體行業新聞,Investor's Business Daily,https://news.google.com/rss/articles/CBMiqwFBVV95cUxOOE90WGMyV2RoaVE5dU0tX2NTMFNLejVhRWoxZEZpS3lBVllNSGlZMkNpVkZoRTd2YmI2dXBDM1NEUVlEZU1tcTU5aDZmZXhZUzJ0cHJ5YUVNZkt1aHdPZFFyYUo0X0poc1VQb0hpMlpGbFhodlpmcUZyMHBNcWFfSFloLUVTaXRGcUM5NngxcXJvMUpxUlBfckl2RWpFX2J4a25McE5iWEZERkE?oc=5
2026-09-04 15:01:21,TSM,內幕消息： Shu-Hua Fang向臺灣半導體股投資$ 154K,benzinga.com,https://news.google.com/rss/articles/CBMirwFBVV95cUxQeG5aYklwX0FpbFA2STRPWWk5WGRWNlBJSHJmcVNEVE1HWkI5Y0NOX2d4NFBuY01XYUtvWk1FQXRIWDJ0bVNnU1NqNlRZSzhoMnlCVkxhTTA5b3FLY3BmZkM0ZnlCUENkTjJfMllVWklJUUJySFB4a05Mc2ZNSjVIRkVHNmd4dmgzTXRxUmEwWWxXMzd0aW1ZRGdSYld1bzVoNHB5YWlpMGlENnZZNllN?oc=5
2026-09-04 14:51:00,TSM,$ TSM股票今日上漲2%。以下是我們在數據中看到的內容。,Quiver Quantitative,https://news.google.com/rss/articles/CBMingFBVV95cUxPNktWNGpTZnUyRjh3U24waTdUSGxERmVJb3RTWXJTcFRRd2cyUl8yc3U0QUc4ck0xX1VsM0RQNzl2d0FvbkZJZ0RzNGhxZmRZMjEwSFBFY3h3RWtObTJFcmVsUmhIeWVaR0tqM0VjQUNTVGVEWVJfZXl4ckJjU0ZpSWpxdGpfWkRacXZuV0tKQ2E0cFdhX0dCakdjZXJwZw?oc=5
2026-09-04 14:08:27,TSM,NVDA股票-剛剛發生了什麼？ （ NVDA/AMD/TSM/AVGO ）鄧迪聯隊對利文斯頓（ KHuIGlFkGm ）,mshale.com,https://news.google.com/rss/articles/CBMiW0FVX3lxTE12anFXYzRDR3QxT0lMQnNiY2NqazlzRDRJdExQaUtQUzQzbHZNakFSTXdpOE5Nd1JEckVpaDdmS2phajlfMVI1ZHg5TFVUMkQ4cjNUZHZpS1ZmLWM?oc=5
2026-09-04 11:54:24,TSM,臺灣半導體（ TSM ） ： $ 64B AI資本支出海嘯和峯值利潤率現實[2026年第二季度]雷恩與巴黎FC （ 1zYGILLhxY ）,Mshale,https://news.google.com/rss/articles/CBMiW0FVX3lxTFA0Zm9XQk9KcnF4dzF1YTVXd1FfQzlfTUdfM0JkeFktc0F4NEl5MlRWVHo1RTdFbHc0d3htT2hlWnBPU2dkMVpXWWVSTGxfR3BWSTRXNzUtdDktWW8?oc=5
2026-09-04 11:26:25,TSM,Marvell Technology和臺灣半導體是明智之選：他們在淘金熱中贏得了勝利,AOL.com,https://news.google.com/rss/articles/CBMijwFBVV95cUxNNTRVclZLSXRnTEdidVhTZTZUWWk2RV9Gbk14VXNpb2dpbHBNTEktc1VCQWZ0eWhXVXB4ZGhhRmFJeldUTHpJUFE0X2hOQ0RMWFVIOWxSbmtBNHNSM0FSWDhxUGlLREtoeHg1SVlxV0dkekdHaHpvbExmR3hQSHlhaENOV1d3TEo3WEhuajd3SQ?oc=5
2026-09-04 11:26:00,TSM,Marvell Technology和臺灣半導體是明智之選：他們在淘金熱中贏得了勝利,24/7 Wall St.,https://news.google.com/rss/articles/CBMi2wFBVV95cUxNWWtmLVRRTEtWNUdMbVhmOGZ6RlhTWTdWRER6ck1vMXZzSmZHeVNKM3FUTzlHSVBiVjRfN044Y1ZCaUhlcGpMSF9nQ2xuOERaRExXU3l3ZzFGc2JJZFRaTEZNbzlvSzZvY0NDbW5pblM3U1NMWjZaZDBncU4tNVBKcGF6SVJzUWRvbXp2ZjNnWDRBblYzQ0QwSFNYUmxEMEREaGVrZ3d5ZXhpYVNKNDRFMmNXVHVWVXFyemFQM1NqWWtFWmxRcXh5MTFHYzVpTHVNdTF1cGkzclh0RXc?oc=5
2026-09-04 11:08:08,TSM,臺灣半導體爭相推動人工智慧熱潮,TradingView,https://news.google.com/rss/articles/CBMirgFBVV95cUxQa2ZxUWx4RWFKWHRWZV9naEsxamFFU2kyWlZZTHhHYUx3NW1fU09UZjNfWG9zUEhQUTRXRHpjUkdBcXhzWHNmME5jckM2M2E3bndFeVdqb3o4RHQwcEhaaFRMZ20zdlZHQkY5eUR4WnlXYjR6S2hydHBNdUlVbjd5OER3UWlTQWl1QU9HazlIUk1ZZi16cWhHZUFUbTZoU2NUMm52YlJuVmV0S3VrS0E?oc=5
2026-09-04 11:06:50,TSM,NVDA庫存- NVIDIA準備好了嗎？ (NVDA/AMD/TSM/AVGO)結直腸癌(2CqPytNOzL),mshale.com,https://news.google.com/rss/articles/CBMiYEFVX3lxTE5xV3FHYnRxYWhmSkhEenVhaDdNY0R1N1Z2NHNwc3RLRjlWbmUzcFgtOVdraUxMMXk0WUhyWXFuUlpjWWUtYVVqNFh6bm1OQ2JYREZnUGp0Q3d2bHJEUm8yWg?oc=5
2026-09-04 10:45:00,TSM,"內部人購買： $ TSM購買1,000股的高級副總裁和GC",Quiver Quantitative,https://news.google.com/rss/articles/CBMimAFBVV95cUxNTFZNRTY1dVJERjc1RjltZkhpcjY5aXZEdmFlTmxkNWlvS29ZTFo5RVczcGRJZXlLNmdhUE9nU3A1OXo0bXV4VXJlZmlmSDU3VEpiTlcxcV9vMjZ3Vy05cG9TWFVSUVVsQXFKbUwwc1dqaG9yeno2cExLT0pGd19SVTJ3S1RsajNNaWJoaXlRclFORWkzM1otaA?oc=5
2026-09-04 10:30:41,TSM,"臺積公司（紐約證券交易所代碼： TSM ）法務主管直接持有878,705股股份",Stock Titan,https://news.google.com/rss/articles/CBMiygFBVV95cUxPWmZOLTFFM0R2NWpSZmxJa3h4MFhsS1BkN1hMMXFfb2xfUDNxNWFSSGVIY3hrd2dDemJkOTZTaXBRU253T1hpZF8wN21nTHNZZWFDc3FVU203ZExLa0l4aUF0WW5YaTJ5SnpFSFdzeFd2RWJ6N2FpUm9GMjUzV1dpREZ1blJMZW1YajFaa21HYVBhemFFaVhFVkxLeUtJS25yVTA3SUxOYmRJaHV4ZWJqa2ZfcEUwX2VqeVRaV09OZC14T19mbTZDYXB3?oc=5
2026-09-04 10:28:16,TSM,NVDA股票- NVIDIA能走多高？ (NVDA/AMD/TSM/AVGO) Gt與Rr (w1IaUSSi3F),mshale.com,https://news.google.com/rss/articles/CBMiW0FVX3lxTE00S1pWRUpfX0FCWGVSQjB0ZXpDTzZJbWRDR3ZFZS0wSFIxOXhaUW9RWlM0cElqR19LaHpWN1pJV1ZYQWFrckttekVSa3pSRjlJd3hqUElGTmduaGs?oc=5
2026-09-04 10:19:13,TSM,NVDA股票- NVIDIA怎麼了？ （ NVDA/AMD/TSM/AVGO ） Kara Young Leaving Proof Broadway （ jIrOlDk8bA ）,mshale.com,https://news.google.com/rss/articles/CBMiW0FVX3lxTE0zUkFsYW40NFRULTZiUmhXNUxBRlgwb01JQUhZXzd3NWRBY1k1c2Jqc3Z3OTNndXdiMmRsOXIzWDBQanN6YjJHUXlqTjg2WDJpSEdiNlhkVmhqMXM?oc=5
2026-09-04 06:45:16,TSM,NVDA股票-剛剛發生了什麼？ （ NVDA/AMD/TSM/AVGO ） Roma Termini （ lvnbkcGPhM ）,Mshale,https://news.google.com/rss/articles/CBMiYEFVX3lxTFBEQkRieEV2dkdBU3F2R0toRmlucm5hcEZ0UFpMVERVMVZIUTBQQmswVmJXWXctX2pld1o3S2l3MmFVUHlfUGJfc1F1WGp5MnhrTVozeU5PWFpPMl93UXlPcg?oc=5
2026-09-04 04:45:54,TSM,NVDA股票- NVIDIA接下來會這麼做！ （ NVDA/AMD/TSM/AVGO ） Amal Clooney （ ApULBipOEE ）,Mshale,https://news.google.com/rss/articles/CBMiYEFVX3lxTFB1RWRNOEFibGE5RG5WR2hWT3RNVzhBYS1KbVNUZTBoazJFVGM5VjlzaFQ5V1lXdUtvQ2ZRSVUwd2xtNXhuYy1tQlJJV2E2cjZ0Z09GcjI3RW9SZ05JRExDLQ?oc=5
2026-09-04 01:08:26,TSM,納斯達克、標準普爾500指數期貨反彈，美光反彈提振晶片股：為何聚焦SPCX、QCOM、TSM、BABA、PLTR、CBRS、WEN、IBRX,Stocktwits,https://news.google.com/rss/articles/CBMiigJBVV95cUxQZjEyUjNpdUFBSU1TbzlQNmpzSV9LcDA3cDJHcDdWRWdmN0pqa2Nma3lfdEdJdmM2eGwtUE9PMTdqYUh1bno4cC04b3lUUVNGMEVlY0xYMTRZODJHREltVkNSYzlsbnJFd0RMdjQ4X0lDSWZRM1pfR0RJYTdPbl9UYThhRUhtdU91T2NsSVJqQlBCT2J2YmNXbXFWV1BQdkkyMVZmM0NwLXRGWk52WmRUeU9CZzRnalNQX3BMWmQ3VEpYMUE3RVhaTWNNOElQTllMR1NVYnUtWVFIbHh4a25heWJjWjZfNjdoT1d2eFhhTnlHN3dTVU05MnhGZGxHZTRpWm1xc2o0MEdSZw?oc=5
2026-09-04 01:02:41,TSM,NVDA庫存- NVIDIA還能看得更高嗎？ （ NVDA/AMD/TSM/AVGO ） Ed Miliband （ R4zuGZRH6p ）,Mshale,https://news.google.com/rss/articles/CBMiYEFVX3lxTE9FM0hQY3BmUnJlc2hPMk5GQlVPYXI1Q2F2c1FQdktWWEVtOUlYdThOWVVkTnNJek93TEtHT005WEtyMDZxOXJqWXBCblh0SzAwVWJFczFhOW92TWlHY3NYbw?oc=5
2026-09-03 23:02:29,TSM,NVDA股票- NVIDIA將在此甦醒(NVDA/AMD/TSM/AVGO) Pablo Escobar (h3mLPtupn1),Mshale,https://news.google.com/rss/articles/CBMiW0FVX3lxTFAxYmFDNzJWS0tVWmVFeU5Oc0FobjFuU0prcW9UQXVnOTZxWG9hZUl3dUhnaGNUbWplSzh4OEhMMGM5eGVQMnNYMVRPaGZ1a0xZVmRBeHpmWWVHZDA?oc=5
2026-09-03 17:35:50,TSM,TSM 260828 405.00P (TSM260828P405000)股票期權鏈|報價和新聞,Moomoo,https://news.google.com/rss/articles/CBMiX0FVX3lxTE5Lem9oN0ROdVFNSnRLaGxIU3RtS21zS0RMQmRLdDRVR0RpTEc0eC1SX1F6VThpQ1Z2allHaGpCbXZRYnVFTURlOU9aT0JxUTRCX2cwcy1mbi05OU1fRnY4?oc=5
2026-09-03 16:01:00,TSM,TSM 260828 485.00C （ TSM260828C485000 ）股票期權鏈|報價和新聞,Moomoo,https://news.google.com/rss/articles/CBMiX0FVX3lxTE9PRDRCMy1tSzdCUGhYQjRzeTk3VzJzeVlCOC14ZUJlQVZmVEhOa0dEdUdfbDUwQUxULVVDaEdkQnE2cU5JNTNCSjB4VkxsdHRiaGotWFo3eldQbFhOcjM0?oc=5
2026-09-03 13:06:09,TSM,隨著資本支出計劃的增長，臺灣半導體製造業（ TSM ）可能高於公允價值9 ％,Yahoo! Finance Canada,https://news.google.com/rss/articles/CBMimAFBVV95cUxNbi1Eb2pnYUE2cDh5aExUX3o2LXlDb2pya3Zpb082UXhmYlZpUm9kbThPdF93eDhiVW5PV3hEa016X3BreWdNQ0h4MGpIcXdrQ005VkRZV3JtVm9mNzNSa00zLU5kVG1YQXphbTJJalpHYmdmWS1oSU1tbTh4Vm9RX0tZZnBUczU3dUYxOV81MnRJQjBSM0E1UA?oc=5
2026-09-03 13:06:09,TSM,隨著資本支出計劃的增長，臺灣半導體製造業（ TSM ）可能高於公允價值9 ％,Yahoo Finance,https://news.google.com/rss/articles/CBMirgFBVV95cUxPVU5RZ1ZLM09jZWhZbjlGNXVsaGRUVEl1OG9yMjVoS0lqVjF4WXI3R3R2OEJNVXlQSFZCcmRYcHIwSTZHZ19KNDh0NEZEd3NzQ3IxTUY3SnVaUHpWbncxV1ZTUTV0RlA1SnFqZ2N0cHZRZ1lLZXNWU24wQW93Z1hXTWtYVHJJUkg2bkRGYlBPc2FORGR4XzVJZVEwNkl2aU5UMG5uaGgwNTVYZjc0aFE?oc=5
2026-09-03 11:20:00,TSM,One Huge Fund剛買入臺灣半導體製造廠並拋售美光股票。哪種股票是優越的選擇？,Yahoo Finance,https://news.google.com/rss/articles/CBMilAFBVV95cUxQZWF6djZ5WTJRM1BQeGJGQUtyQV9VQVQtUnpuRk5qeGtsd1ZoaFlKQ0NOTlh6aDFKVjhCZ1d2Y2QtNHdxWDh0YTFaMGRTN0R4eGhhNmd2WHlVdVhtaGFOTG12Y3hmaTA1Rkp3QXMwUzYtODRKeXRBWGMyZ0lVMjVNZ3VrUGx2b2pwRXF2Mnh2SGNqTGhT?oc=5
2026-09-03 10:42:23,TSM,TSM AI設備支出股票收益,AD HOC NEWS,https://news.google.com/rss/articles/CBMioAFBVV95cUxQNmRab3lzY08yUHZHQm94RHI0U0xRNkRURG9vVTZyMmNDRUJ2UlJtU0tSelZmVnBuS1ZqVlpGblVFc0JzV2l1cWlXVWNnTzl6MUwzUExBcURfNGdiYkFPMVptc09sV2k3QnBDOXV2bm45cUhrN0s3anpmcVR5b05nNWxCRHB4WUx2SzRNU0lIajVTa2lpcVlXVXlPazd0dE9P?oc=5
2026-09-03 08:03:00,TSM,為什麼臺灣要隱藏其200億$美國承諾的支持者？,thestreet.com,https://news.google.com/rss/articles/CBMif0FVX3lxTFBXVHZJOHJqQ3FqMmlaQXVJN1dLOHlCS2pTY3E5VnZ1UGVsaGt0ajhPZGVmUVVEMDJkSlhVY1RxSnpaQmxJS2laSXAtYm84anJRcUFMZk9kM0dmNWZ0OVpoZ3pLVEV5clhZZ2FtalEySUhEWVVvZ2trckxJdlZDUEE?oc=5
2026-09-03 07:36:01,TSM,(TSM)變動如何告知風險分配模型,Stock Traders Daily,https://news.google.com/rss/articles/CBMixgFBVV95cUxNeHd2RjNXUTJMSndlWVh4bHdmZGoxaHVSVV8xV1pxUVBURDBCWDUweE56TkM0eDQ3ZkpZcHg2TDVhNU5qcVBib0dzMkx3ZjBNRTBOYUhGVTNDdzRVT3RzOHFkYi1xZWhVY0g3OWh0dnBhTFpSRHRUZ0F3Tjh4dkhuNl9DQzZVcjh6TUc4ZmxPTUpWbHlZY3o5Qk96ME9uVUw3Zk12RXFKOXFEVmZvLUZYeHIxWUczN2tQWFlRTy1EaF9QZTJBSmc?oc=5
2026-09-03 07:00:00,TSM,臺灣半導體製造股份有限公司,TradingKey,https://news.google.com/rss/articles/CBMiZkFVX3lxTFBBYVYyR29ZclhwUzRMbkFBdVZtVlFOaVlCTUxzd1Q3U0QtMUhYbFlma0NTaFpISWlOcVE3VFB1VGlGTG5XTFhrTjZyTHRFb3BhM29lbDFIVzVxa1NyWG1peVlNeWlzUQ?oc=5
2026-09-02 18:58:36,TSM,TSM開始覆蓋Stifel -宣布價格目標為5 $,GuruFocus,https://news.google.com/rss/articles/CBMiowFBVV95cUxNaGlubUtQNllGZHJYMm5uUXh2XzY1WmRGVnN4UFJvTW9Qak1BUncxTWIyWkxacmFQdTh3eTNZQ3NGNUVwek1xM0ZkOGFQaTk0NlpHWVd5anZHcUI1NDRiNmRBcUl0cnBJQjM4a1VkSTRfZDJjajdNVGlyYjFFZXJXSzZfQ2Z0MkZkV2NtWXhIdzNzMXdWeWlkc2xqamlKbnNZekNv?oc=5
2026-09-02 17:30:00,TSM,"臺灣半導體製造股份有限公司(NYSE: TSM)免費授予副總經理Yoo Chue-San 8,175股股份",kalkinemedia.com,https://news.google.com/rss/articles/CBMi0gFBVV95cUxQeG1oS2E4Rmd3LUZ1eDFhdG1ZcUgya29kODh3d004TTJOX3ZvdkNTLS1SMjNjRTFQZEJvSHNjenF2SXF6ZG1aR3FpbW5yT04yVGNZWHFKZjlaaDd4RElGOFhIQlpLN3lqQTJLdzduOExfbjBLc2Fpal9CQkZDRHEweFB4eWJuakk1X3JubUY2YVE0RXp0TksyLXlpeVk4Ml9sbmszTS1SNUlMS1d6ZmtiN2NpYTcxa3N1Q0pFbWRPWUFRUUdXU1R3aXJrOUhQWW9KSVE?oc=5
2026-09-02 16:23:43,TSM,臺積公司以67.7%的利潤率攀升-以及臺灣的信託推銷,TradingView,https://news.google.com/rss/articles/CBMivAFBVV95cUxQR3h3dkx6alYwMWtEQlNlemRteGVOSXdtdklJUElEZmpfanpYTjZZeHVnVUNjZ1htZUNfSWN1cGJyS01VLWNyeWk1VTZuLXJNb0dMV1JMNGg3U21xSXVYUkNORmxKZ3ZoUm5KZ1pmcEQ4N1o2ZHJiVzBMRFo1ZlYwLVFpQnZ4N1FGNEl5b0hkZ25tSG1LUUZIMHF4UnR3RXJ1cVBoQW90ZDgtbGJwdmZPa2xpaDdTa0NQdmtzcw?oc=5
2026-09-02 16:23:43,TSM,臺積公司以67.7%的利潤率攀升-以及臺灣的信託推銷,finance.yahoo.com,https://news.google.com/rss/articles/CBMiigFBVV95cUxOLXlzSm1Yd05KVjJyNjloRzJSTEVUMEhOX3BDXzZMV25WbjItRXBXRFFzZUJhR3ZKVDN5dkR1OXVHS0RVWWppVU1XRTBlcGFqWmJ6cE1wTWo5ZlFia3IwLXNMcHdzekZHSWd5ZExIb2N5Sk9HLUZQakMtOG1VX1NRWXBwcnRudU1YNWc?oc=5
2026-09-02 15:14:07,TSM,臺灣半導體製造股份有限公司（ TSM ） ：先進半導體製造的發電廠,Yahoo Finance,https://news.google.com/rss/articles/CBMitgFBVV95cUxNU09qeUg0QUZ0aVNnUkZTVjdFQmZ2SGtuaVktTndPbzBITzlmeXd3dzN4emZYM2lteE1JRkxoQjdreEtidEJva0N6Z1V1Y0lqYnloZG9oaUVYX2ZyaHlEQy1zaHdjdk9CbTNuZEw4TkhqQXgzQTVOenVVblNqdllvMGh4UEpWd2R0dGF4VWN1SWVyRnZIcDhNNUFfVkxROGsyOVJqVW5GVUVRbVVFQUpFR29vUjlLZw?oc=5
2026-09-02 14:55:17,TSM,TSM對GF Value™的增長和質量估值高達32.3%,GuruFocus,https://news.google.com/rss/articles/CBMipgFBVV95cUxPZkhDUnRrd1RQcm9GcmxpajZ0Z0VqTlZfMUhaSmZ4VGh0OVByUGg5ZVNNSnpBSkhiaEwxZ1JYLWUwUDB0aVZ1dlNOcXN2d04xaldKNkJMMkZFMVlhMFI4OW5IUi1ZQmVlRXl5NkhZaVo4Zi1xYUxlaTVEd3pvaGpYakVLTWI2ZXVzbGdXUVhrenpRWkxHYjlYMk9SQUgzLTAxVE41ZVJR?oc=5
2026-09-02 14:47:45,TSM,臺灣半導體： Stifel表示TSM是長期「必須擁有」,theglobeandmail.com,https://news.google.com/rss/articles/CBMi5wFBVV95cUxPQ0JSbnJ6bmdzcWoxbDhkc0pvNUNidTh5alRCdWt6cnhSams0M1pQNDBTS0EzZ2d2VXhEQmEyM0RiekpyeS1ZMlNvVGpEVno4by1VZU1JOExoZ0VJRGJ4WkdPNGZDMW91cFg1anFwcUFWSGJXT01tSWQ0eTZ5RWhLT1MzYkYyZ253TWRISnktUGJwSzY3XzdZa1pabE9Fc0R3anBZWmFwSXZOSnZYelo3amRwSUxrZzlQVGRrVFQyYUp5b0g4QjRSd1hGRDNLRVRFb2Jza0NDYWdqRmtEVUxwTFhPZk9vaGM?oc=5
2026-09-02 14:47:04,TSM,臺灣半導體： Stifel表示TSM是長期「必須擁有」,Barchart.com,https://news.google.com/rss/articles/CBMisgFBVV95cUxNaFpuQUgzLUdwSXFacHdRcWR2QmNsNkRXa3p6eGd3bmZ4VEQ2dmhsSW05YnoyZlpVcEhQZDczWFJxcEtCNDMzWTZOSlFvRlRJVjNxZ1RYdU1YcjZ6Zll1MlNwWDlkMndmdTRoajJXWmZGM1FYOVhWdjhDMVBVVGtCNnRHZnpXQlJrZWN5bWFiSVVnb0xQa3JQRE5Sc05TQ3A3MXhTeURZTlQzQUtOTnlLbzd3?oc=5
2026-09-02 14:30:25,TSM,20年前投資於臺灣半導體的$ 100 ，今天將值這麼多,Benzinga,https://news.google.com/rss/articles/CBMiuAFBVV95cUxNRVZKOFZaZHQ0UExYY0daSWYzRjNpaVFxQ2otejZjYk9hSW5LaEJHbFc5UTZtaGl2ck1hQW94dUlaWmFxbnZWeDBDbENncUNhb084eVV2N284d3lYR1BvM1AwZVRkSlhGN1JfdlNzaTB1NktBZjFoY3ZCTnlsNnBreGI2M0xqU2NiZ0Yya3kwaUlEOXhIci1ndWh5VDF1WGdxdWpLWnlrMnlkbFo4ZjZkZHZJN3hDT245?oc=5
2026-09-02 13:18:39,TSM,Taiwan Semi、GlobalFoundries、Tower Semi成為重點，因為Stifel從買入評級開始（ TSM ：紐約證券交易所）,Seeking Alpha,https://news.google.com/rss/articles/CBMiugFBVV95cUxOeEhZLXRZUzhaR3YwS3FPbnBZQjJfczZfNVA1c0RQSmZpY0lYaWtZV1BlSlZUcDhKcDEtbnVJNF9pVHdGVC1MUnczTFhOSEpldC00cnhfbXFrSlFqekFGVnJRQ3FfVmJlMENneEdjenZiRDJvekFlUGNZcEdKM1VzcGFuZER3WnU1M2FNYjB0N005UFNSMkxRUE9TYlFCcWQtVk9yOUpIT3ZjY1ZyOFBoSUozdDJyTU95dnc?oc=5
2026-09-02 11:37:19,TSM,TSM股票：在分析師提升AI芯片激增的目標之後，牛市和熊市案例所處的位置,FinanceFeeds,https://news.google.com/rss/articles/CBMieEFVX3lxTE9hNGg0RW0ycTFWTzhNRnd4dzRUQVBfdWsxdzFoS1R2b092bG9pa1NicXdNaVNzc3loeUZYZWhIdXZRYXM4aTU0SmFVVjA4RDZMek1lVjNXaVdpQWpNT25TdzZ6eVJGcFNqN3NoSzJnSXdhSFZzQjN6dA?oc=5
2026-09-02 11:09:00,TSM,對臺灣半導體下賭注的公司，五天後推出代工基金,24/7 Wall St.,https://news.google.com/rss/articles/CBMi4AFBVV95cUxNNU1BOHp2clhwUDNkVzNQVXU4RTlzd3ctVFgzY1lmQ2djek1RRktnaERaeGZFWXd0anltZVZUd29fWk9iNmFnSU9xbm82TTNHNzdIVV9TMDRzNjNQNG8xeDNnTDVldjVxcFlBTXI0SEhwbVNOSkNUNTFiMV9XVGpQaGNnUlEwNjFkdFJoaDhTOVoxV3ZMVTRrMTRuaENOQmNfRFRGeVFUOC15WGhzWlVJcGdscmh3M19wRlhRNUNsY3MxODNLRVN4OG96bXM4Z3RUeFdhWEVocVJCWWhQNHZWcQ?oc=5
2026-09-02 11:04:45,TSM,作為設備支出預測， TSM對GF Value™的估值高達31.9%,GuruFocus,https://news.google.com/rss/articles/CBMirgFBVV95cUxOOXBvR0FvYzdES2ZhQmZ2RktJQ3gwdGZ3VThiMGxqV1NTeHd4Y3J0UGxfTU9Ib1VfNHAyamc0RE1tcG9tRDlkMHJlNFJSWEdaLWpOY1VwNVprRVd4ZHUzNVJRRDlBT3RzdnNRM2hSU0JIN1MtMUVRMGRva1FPVnZEUlYyWlNDWXJlQ2JTLXRERlFaakNYdS1jZjh3MmZLT2hCTnVvOFE5U2NqMS1sX1E?oc=5
2026-09-02 10:48:52,TSM,"臺積公司（紐約證券交易所代碼： TSM ）副總裁通過無現金獎勵歸屬增加8,175股",Stock Titan,https://news.google.com/rss/articles/CBMiygFBVV95cUxNY0RiS3p6ek1jdHNKVjNja24ybjVFN2hHV3QtSHJSaDZjVnR2bEZpemljbjUxc2NDVzNELUduVE02SGk2Snd4ZGJNUmoycEk2VjJudGU2cWcybHBuV200clNMaUFZeTJVTW1UTThoQjZaZWJmMk5sWnFjMW1IRG02UC1ISE9mNFR0VG0zRnQ1WjVPZXRFM1NwUndjYVZQQ1VtRW5oSW5HTGFBc2g1RUsyQmVMUTBDWVA4eDR2ZHBKR2l0cjZ1RGZ0YnFB?oc=5
2026-09-02 10:48:51,TSM,"臺灣半導體(NYSE: TSM)高級副總裁獲獎後直接持有157,519股股份",Stock Titan,https://news.google.com/rss/articles/CBMiygFBVV95cUxPYTlYQmRJUXlVZ0tmUXczU2E3aVRMQjlVdGZ2VGNuMzhPQ3I3dGZBNEJ2aXZGM01QUzhkOXp0TWU2WG83a3NnYVNnQUFQcm9vd2FVcjZxUnBVdS1NdEFTdGZGQjZjaENzRFJfTDRXYTlMRmN6QU11QlVxOVJlRGlZQk1ZNmd5TkFCdENRUHN0NTJRTDBwemYteE54MG4zVXpOLUwtMUlwaGRwWVNuSDQwZE5LYS1BV2duT0VYZ1VVcmdlOFNqTWpnTlNn?oc=5
2026-09-02 10:48:51,TSM,"臺灣半導體（紐約證券交易所代碼： TSM ）高管報告配偶持有1,135,529股",Stock Titan,https://news.google.com/rss/articles/CBMiygFBVV95cUxQeXQ0NXZkRVgySHJWZHpBZEg1SjRLck8yWC1yQXhEQzhqbDFEUFpxNnJNUXprNjgwZ3NPYTNhNG1pWEJkNTNhcTQzZVhNT3pxMEd5Sld0QkM4ajJvVDZfRkMzOGdmV1ZuWjRCTGlIbzR6WlJtNU1tNUF3T1FNZ0hBR0FqNlFpT3FTb25vWlJkSzVWTF90MVFYUzJlc0Q0X1JaV2RiLTFqOE80aHk5cDZTa0RlUzBaa0l1a3pNaERzalUwT2pEazJFcTFB?oc=5
2026-09-02 10:48:51,TSM,臺灣半導體(NYSE: TSM)首席財務官授予2萬多股股票歸屬,Stock Titan,https://news.google.com/rss/articles/CBMiygFBVV95cUxPakQ5NXpsWXIzX3dFTUFsSklyRGdUY0dkbGQ0cVRXem16eF80dlRzM1Iwb1VsbXAwVWxIVXh2Y0VfMkRoMnB2NjVKZDNCbnhYXzlwREZJbVVWVE51aEZfeXE5TUIweURDdmU3bEVGUXhGVjU4VkNUdGktbndJaTVxVkZHVmplNG9OTERIdnVwZzQwa1dsM0ZscGdNQjY2bThvRllOWVpPRmZPYTNZOHNFRWdCYTdiNkRPM01JLXFyVzhvZ0tMSFEzcFZR?oc=5
2026-09-02 10:48:51,TSM,Taiwan Semiconductor (NYSE: TSM) SVP Zhang的股票獎勵背心,Stock Titan,https://news.google.com/rss/articles/CBMiygFBVV95cUxQVExMejdIUlZtaUh1YWpyUXZhNGZtaFRYSnVxMi14MnVPWjcwUGxXUkw2dV9nV1pxSUlobUxDRy1KNW9maXByMHZjekFzZHk0a0NucGh2d2FVWU1kb1ZaUXN6bjdEbmdvQXF4bWlTbzhkc2otOFQ2MXNvdXBsaTBUVEloV08yYS1DS3FJNmV5WkZfOUVOUmFQRENJYkluMXdnZEE3dGxYQXcyUWhzQk96UU1HS0J2ck93U09FWGVVb2dqVzg2T3Z4QTJR?oc=5
2026-09-02 10:29:09,TSM,臺灣半導體(NYSE: TSM)結合強勁增長與良好的技術設置,ChartMill,https://news.google.com/rss/articles/CBMi0AFBVV95cUxQZ2VpZEhfbG5IWEZmYUVLbzZiNk5iNGdpS2daZFVHcTlBVGpUZU5uRWhvQ0xYSG5UOTUzWndrNDNoNEwwcW5mRDVzMTU5ajNLTmxrVjY3QXhYSnFyMzV3UWVhWFpRbnlMeW04WUd5aXhKc3FvSmxiOHNfZEZsSVRSZzg1UmJOdjVrMjlYMERxLVJSbDFTeU5JbzFoVFR6Y1NOY2RpdENYbE1ib0VMYVpQYm1tZ2RTaVZRRVppQmJPUTRkQkNLWmhsM1ZVNF9Jd0NS?oc=5
2026-09-02 10:24:57,TSM,臺積公司（紐約證券交易所代碼： TSM ）副總裁現持有180萬股股票,Stock Titan,https://news.google.com/rss/articles/CBMiygFBVV95cUxQSl9lbGN5eF9CUnJ2MHpZWUo1dWxmMFNVbWhYRGlxbzVWc01RVlBsM1RjQkl3ZEVVcjRkbDJaQ2dnTVdEdEw4aGkzcGRHMWlLbjNydGItYm5TS3MwSmxRY1djVHdnZm9OWDR0dDVNSS1HY3N6ZUhtU2RTbVRvenh6VmxkTW85eHZKaFdRRE0xOTlEQW94bTJoV1NWajNQdUZIdl9lQ2lkQVMxZl9LVU9aWmZWRmNZUlFVcjl2bDZWaTVvRHZMc3VjSkh3?oc=5
2026-09-02 10:24:56,TSM,"SVP在臺灣半導體（紐約證券交易所代碼： TSM ）新增12,881股股票獎勵",Stock Titan,https://news.google.com/rss/articles/CBMiygFBVV95cUxOekN1ZXhpc2hVd3J5Rm1CZi1xRlFhVnR4MjFwVTBHZ2dIUWxtbl9jQ0t3VlNNRU5tWllraHBCNGl5Z3BVLXdLME4zemFJZDhNTWVVVzFUQ1F6NTF2c3M4VVowRUF6UmVYVHNoRmpIOVJuanZTSjNaZmVvQXdKeDJ0QjJaMkVpcmNqelRseFVpbnoxazgxUklVQXhINlNCVUVaejRpMGllUXY2VjljcmRPbmJILU03NkQzU1MxZHZadmh5bkNoOHF6Rmp3?oc=5
2026-09-02 10:24:56,TSM,"Taiwan Semiconductor (NYSE: TSM) SVP新增12,881股既得股票",Stock Titan,https://news.google.com/rss/articles/CBMiygFBVV95cUxNU0c5Z3pZdTdKWklPUFRRSUJiV3BVVzBEYVEzNWNkSUduYWtBOXlyYml5RHl3aThIOXRXTlBLM21hbU1HaS1MZFMtYkVYbnBIR2FES0J5d0djTnMzNTJzbnlSMGFrZHRjbjQzaEZDdXRrX3BvNEFqMVNrbnhTU1hFdk9JTU9Ia2NXOXJKd3VjS2p6TkZrRTVLOUJwaWs4WG83djZYdWJwcnBmOXRMZ0dMbDdVbUMzTEtublZBVnNjN294U2lCV0RlOTVB?oc=5
2026-09-02 10:22:31,TSM,臺灣半導體(NYSE: TSM)執行長通過股票歸屬獲得204K股票,Stock Titan,https://news.google.com/rss/articles/CBMiygFBVV95cUxOLXhmc0hCa0ZfbGY4eDI1UUpUZmlwZnBUcTFJTkdRQ0dHT1B1OGlvZ0t3M0pzcnlsalZyZHJ1MFBMTU5kTUJIaVRWUFh3YVpoQm5sUmp2aFltWDVRTDZKZUtVdnZ5NjFpdjd2YXY4cTNra2RKN3FEdE90MjRYTWxqNXVySVExS2kyYW1RaEpfaHBnNnIxdjEwZ1AwUVFfbkVMYThSWl8zTFV2S2ZaN1ZMRUZxaXMtNTBPYXNEdjFXRXRmemJZMk5lS1dB?oc=5
2026-09-02 10:22:12,TSM,"臺灣半導體(NYSE: TSM)執行副總裁新增32,204股股票獎勵",Stock Titan,https://news.google.com/rss/articles/CBMiygFBVV95cUxPMFYzVi1TZlZTMXlVZ3dJZHEzRzdfSVhMMFFoajhQeW9fSlNmNHU2TnpHR3BxVXB6cjExNXNKTC1odGNUUzV1VVpLaFZDMTN0ZVVLeVpWRDluWVV6cGNDel80dFNwOWxUa183S004TDhWYXY4aGFyMXdGR2V1U0VxaUNmY01QdmVRYUpGdkZxYTBlN0QzVkJRWDdSUXNzdmg0N3ZzcFR1Z0dIdmN2bEcxRV9zcVFoRFdvdjVXcnZIaWJHWTlYQU4wUFpB?oc=5
2026-09-02 10:21:49,TSM,"臺積公司（紐約證券交易所代碼： TSM ）高管新增8,175股既得股票",Stock Titan,https://news.google.com/rss/articles/CBMiygFBVV95cUxNNGpWdHVzYWR1UEw2YmRIWHpnZjBlbzdFNFdKVkk5REtrYmxkR2JhRlhHNFNuVktaUVVzS0NOTXh3LXdvZXZOel91QjN6RGJWQjlpN0Z1cDZUeVg2bGhKWjdiRUtTRHNWNHlkSXdOYlFLUTFFcFMxZzk1SldFQURHdU56aFppMklzY2ZYSkNxRWt6NFdJU05iSThTVUZBT0RESHlKVWdXQ01FNGwzYlpJYjZma0hJaGZVS3l2TDM3TVhfU3gzWUZaM2l3?oc=5
2026-09-02 10:21:46,TSM,"臺灣半導體（紐約證券交易所代碼： TSM ）高管獲得12,881股股票獎勵歸屬",Stock Titan,https://news.google.com/rss/articles/CBMiygFBVV95cUxNekRiMEJac2dPWXIxUHVydmFRVmlmSThvWDVLdlhvWTNOVldPZThEcHZ3ZjNSdl92RFpPMzJSdzlNVnBEM2pmSVdJdGFyRWg4TUpkc0VERkRNa0JVR1Rub05xZEhzdUEtVEpKWUczM3lLT1hiMFVkYmN4dWVxdlFZdWJPcUx6LVhoM05KcWFZMFRLUktoTkxjTzNFLXVqZ254Q2xaRnUxM05taUdiMjFiT0JBSTFZRjR1UnRYZFRkZXJxMU55bVRrYzV3?oc=5
2026-09-02 10:16:16,TSM,"股權獎勵將TSMC （紐約證券交易所代碼： TSM ） VP Hsu提升至187,099股",Stock Titan,https://news.google.com/rss/articles/CBMiygFBVV95cUxNT3pJSlROcGxaWkJ6eWd0akxuVmNUREJ1bHdIX1ZlTHM4dHZnUl9Sbnl5ZU05XzlhQlhvd19uSURIQTZaVWVjc2VvdFBickFKMDRtTDZaSnZBa3BnQ3dzc0VqQmo0OHY1QmVxY1JlTGlRWGp6TTlxN0RWSFdXQTRybW1nUmVGT1pDNjVVQnYwUWNpcWx3RTRDVnkxb0hyWmEya1VPc2I5UHRiQXpVaHY1RUphRGlpZ2NmM1dhUmVjYUlGa0xHVnVjZEJ3?oc=5
2026-09-02 10:16:06,TSM,"臺積公司（ TSM ）副總裁獲得8,175股股票獎勵",Stock Titan,https://news.google.com/rss/articles/CBMiygFBVV95cUxPRG91WlBRS1pzSzJsRHlNbUFCdkRzQ21meG1VdlJoM2VFSVA1TFpKY2tBd3lUbkw3OEZSWVJOWHVRaHJlNlVDdkNaamxLSUZWblBvWlkzeWp5SThuZ2hoY1Z4TkVYYlpqX2xyMjJRbXExSVZVcVJUVHJHRzdSNDdMWS1vRkY4UTJ3bXdWa21SRFRMU1hXVjhqbWxHYVpjd3VyN1dqMldYb09ZWXc1V3VNamM0THhORElMQlNXY0JVb1NwbGtqU1Z0aUR3?oc=5
2026-09-02 10:15:43,TSM,"臺灣半導體（紐約證券交易所代碼： TSM ） SVP從股票授予歸屬中獲得20,313股股票",Stock Titan,https://news.google.com/rss/articles/CBMiygFBVV95cUxQUnNocVp5dERIaDJJNUZxZzliYXFIY1VfNHlqY0l6aHB4OXlXY0o0ZDBKOVdzbXNfU2hrVlhFeWxMbnlMMWdKekZHd0p2TFBIYjJwTmVDMC1IeWRRSHJBZDdlN0E2cGpicEFKQmQ0UGp6T0QteDFGd1M1Q3JvVDlRRGNVQk05dGwzMGZEYm85TXVjZGhJbjY2SXpLTUdkQldmSkhtSGNCVXRFSnItYVNyR2diYmNfRF9wdXI0b29qTE51UjU4X3Z2ak5B?oc=5
2026-09-02 10:15:09,TSM,周三臺灣半導體股發生了什麼事？,Benzinga,https://news.google.com/rss/articles/CBMisAFBVV95cUxNSGpISGs0Z2wySjFQSFRHYktJR2UtUnVRUlptckYtVkVGQnh5ZUxOSTZHSzVDRVpWVGhkYXhjbl9IM2p1Z2hTV1RTWWcyeEdIQWM3bHhOa2Y3NDY2MWt5Mk44TjQ1MV9EVU9kZUxOVV9NNjRyUWdic2xxZnRObnlidGxWLXdhZ25sZG9hX1ptaVBQcmdMRHlIdjl0WklWYUl3TGFGV2dwS1dFUGg4Z2tYWA?oc=5
2026-09-02 10:15:09,TSM,周三臺灣半導體股發生了什麼事？,TradingView,https://news.google.com/rss/articles/CBMitwFBVV95cUxPaXJpVzJwQ0dRTG1BbTNBMlI3T1VVS3ZGalo4LVFsMWI5dkU1Y08xRkQwYUg2cGNKU1NOd0dVOGJabFkzZjhmdHJnTVV6RUNUVHNwRmNOX294REpwZDhNOUc5M0NGdDctYV9WWnd5Z2d3bEY1QnBYVGFqZEVtUy1NMnhPXzdSaDQ2czNjazRwLXFuem9ZRGphQlhJbkc2U0hMRzNVM19BSENSY3RXWmExNmFsX1UwV1U?oc=5
2026-09-02 10:09:35,TSM,"臺灣半導體（紐約證券交易所代碼： TSM ）高階主管在限制性股票歸屬中獲得32,000股股份",Stock Titan,https://news.google.com/rss/articles/CBMiygFBVV95cUxPSGhIbndabHNGUDJpQ0Z2Y1JyRTUwQjg2dmhURlB3WjVqNkc2Sm53M0d2TUFVTVY3SGdHZ0c2UmRMTnBwd1M5MWdDZGdYSVFhVF83SDdvUVVOSGY4YWNYSGQyQ3cydHpOMUVKaEZtdC0xRmMzM21xT1FkcWcyaU1YeVQ0bHpXWm1GN0lHbURPSHRrZ0tLUTJDcWRtRlZUVTdTd0tFVkdGcG1mMmk3SGhTS0RHQ2tRSmNtd0dJZHVqVUxyNFcxVjRzMDh3?oc=5
2026-09-02 10:09:13,TSM,臺積公司（紐約證券交易所代號： TSM ）內部人士報告最新股票交易,Stock Titan,https://news.google.com/rss/articles/CBMiygFBVV95cUxQc1pYMGlGVUVDYi1TOWJyMHJMNjJpeEdkLUpJN1R1NWlkMUVaakJQTEZ0UE4wUl82Nk11aXRHMmRJQkxBZDVEWlBmendmWmZFTW01QTNwWUlRcl8yQ1JUOWRmaTlsR3BkV05rb2ZSVkFhQm9PSzMxbHhzeE5XbGhVMkYxbzJTSEc0Zko5dFZFbWFxa1k3T0NsWXB3bVFYT0RtUUxVcVc3Q0dmRG95RUhUc0FxeEh5VjhwaDFia09rNkJKQXg3RV9zQUZB?oc=5
2026-09-02 10:09:10,TSM,"臺灣半導體(NYSE: TSM)副總裁於授權歸屬後現持有247,913股股份",Stock Titan,https://news.google.com/rss/articles/CBMiygFBVV95cUxObXVxRXl3ZTlMajdJcU85VkJCTVJ4Q2ZSY3VZMXdrXzh4YlJ6bVRDWllXWFlWTkxzT0RUdlEyek1xcHlST3g0MjNjMFMwRWRER0ZKSEd3QnBOUkpfbUJLZ3pZREFPd3VEaEdQV0FveTE3NDZ1X2J6Y1c1NzZ2OURMcHR4ZnJBcFRTeHRwLVhBWXJFOHBhRTlnbVFtZU5vZERNU2doVk1vRlRpdWRlck9XdS13ZmlNakJ3QnNPSWlwb0ZHb3JRcUx0Z3Fn?oc=5
2026-09-02 07:10:02,TSM,TSM在美國$ 200億臺灣科技投資中，對GF Value™的估值似乎高達15.7%,GuruFocus,https://news.google.com/rss/articles/CBMiswFBVV95cUxQYzNmOVlNQkZ2ZTZHT09HTE5GUnlPYXBuYzF3UjczQVBXOGt6Y2tfWFNlUHlTVVJJRUlFdDgtUEZhVXNCVUs5YktFTFp1Tm0tZk5UN1M3U1JTWXYtMjJPTzJaUWdqWVFadU93d3RCeXo0Y0p2TlB4ZkdOMGpDbnY3VnJIdHJyNTlXdS1EdWkzbnkwekpDUzVybTV6YVVkZFl0UWEwQk1CWV9nbW5OYTZqT0YwWQ?oc=5
2026-09-02 07:00:00,TSM,您應該購買Broadcom股票而不是臺灣半導體股票嗎？,The Globe and Mail,https://news.google.com/rss/articles/CBMi5gFBVV95cUxOQlkyMnkzSnQ5WjZXaWg2TzlxSDBXV3gxQUtHbERobWRhQ1RpZHcxN3lEM2l0XzFpdmlVRm1lWGx3bVdKQTV2S1JGUjBuX0NzMHZiRjNlclRuYmFZSmU5SzFwa0tWSEJKaElTbE9zWDdEU09qQzdKUjNFYWdRZ3QyUkNVWUlsb2E5NFBqM1gzYWFTaDJvc0REaGMyRGROQXJ0eTNDS1o1cXdjdG5DYmxvYWQ0LVBUV2hBcDhVMGlKeHBSRUdJVzFuVDBGZ29ZbGs3UHpsaFhXdXh6dUhiSlZaOHhUWkJxZw?oc=5
2026-09-01 23:18:24,TSM,"TSM $ 1,000 20年前的投資價值$ 47,270今天",scanx.trade,https://news.google.com/rss/articles/CBMirgFBVV95cUxQcmNNVWM2cTNORTFORTZSR09mdFoweUlTRWlPU3IyV2w5aEU0UFU2cndsMnMzVnZTdElGbnA2aDhJUVpkVks0THFvREo0UXFuVTJ4UEVUNV92ZHlGNjkySl9BYVNxcjgtOTZVcUNDc1lrRUdURlFESEdHZC00Y1lmdGhycnBMQVFaWlBmeU96QzZINHdBWFMtTTNHc2k4SllwcFlhLWo5ZExhdFhYa1E?oc=5
2026-09-01 21:33:45,TSM,期權交易商適度看跌臺灣半導體，股價上漲0.11%,TipRanks,https://news.google.com/rss/articles/CBMiugFBVV95cUxOR0p1NFdpOV9sQWd1YkY1NjRrZ1RRYld5OTZSaUN4ZHhwakY2eS1PV0FYTlZ5VmtGXzQ2YnVydUZ2NkNScU9ubFZQbTMzX3ZORnVEZXM1U2c2dVJfWGFOZnRGaEtRNTVHZXgyOWRrWEIwRUgwWVZFcjc5WlJsSW1VeWQtVVNCOUhrSFNDLUhNZjlTNWg5a0k4aGM4QWpBTVRnbnRkR1otWFBST25xN3k2QWpjSTVCTUJ5TkE?oc=5
2026-09-01 21:09:27,TSM,Stifel以買入評級啟動臺灣Semi股票，目標價為$ 515,Investing.com India,https://news.google.com/rss/articles/CBMivwFBVV95cUxPSXp4RlF0MGgwZG5pdlM1dUVNUndBX0FWeUxrNHA4TS1iUmppNHcxWktGZnd6TEVlS0NuZ0NWOUtJVF9lRmpyU1cyajNNMzlLZUxWQm1paEdtdmtHRzRvNHkza2xVOUFYRmx6SkxhSXJRSFVqUzBMaUY5SkNxMnoyWEg3WEE4RzhmUWhhQV9IeldxVU1Cdm9DT3BTYkJrT2VSYWU0NGZ6OGU2ZTR0blc2bmZ5Y2xQV1lsU05HNnhDcw?oc=5
2026-09-01 21:02:00,TSM,Stifel以買入評級啟動臺灣Semi股票，目標價為$ 515,Investing.com,https://news.google.com/rss/articles/CBMiyAFBVV95cUxNMkhLZl9xOVV3NGF6TVQ5SEhzS3JsQ2lYYlZtdHVteWhEZVZVbE5Ya2FkQWZ0cWZkenRac19OLVhEeUVqN1ZCWDdpVi1Val9yQTR4RGRqeHFJYURoYTJxT2VsczBYNExiN25UYVktTS1GUjRjMVgzSGNxVEtmd05ablpzckVhQUREcElETWpqTURqOGpiT0tGQkUyZWlQN1RLNjE0U3R6VzhzYldhcEhlc3dIeWZRSXVvVWtQRDJEdnFwNkFFZlU0bw?oc=5
2026-09-01 17:41:18,TSM,由於市場情緒變得謹慎， TSM對GF Value™的估值似乎高達30.1%,GuruFocus,https://news.google.com/rss/articles/CBMirwFBVV95cUxOMTlHSi1xZFJnYXFmb0hhcnBiZDV2d2FtUlhZOGxvTDQ3RjBwd2RTa01LZU51cEFJb0lKSHFYLWROQ2pEcEJ6dTJFSER2NG51a2F6VFVDbXlYOHRxRDhuY3hib29Ib01mSy1wV05ZankzM0ZKSXBfUFQwVEYxMERLWm9kSWQ3Q2NYNnVaYmlvc0dTcFFpY05XRWVjWEtkODRQODVVLUhOWFZ6R0Iya0hr?oc=5
2026-09-01 13:18:31,TSM,臺灣積體電路製造股份有限公司（ TSM ）繼續提供出色的財務業績,finance.yahoo.com,https://news.google.com/rss/articles/CBMisAFBVV95cUxORlZiNmFFck5HTzlFUEszWFlUMDN5Ykk0QXRLWUJuamRhRDVCZy1xc2hXcjAyLWNpSldrbV8xaVlCejJSd0RCZW9sN0ZXVmd6aGtqN1pJOUNPQ3p0b2NvVld2MTd6RVhaaEFpVnQxREFCSlNBb0VVcnZ4Zlp4bmh2ZHZUSHJpbVJsdjBPWmhUcVVtQnhycnZ0X2ltYTZNczJnU2o1bTV2UGs0bkpONVVIYg?oc=5
2026-09-01 13:18:31,TSM,臺灣積體電路製造股份有限公司（ TSM ）繼續提供出色的財務業績,Yahoo Finance Australia,https://news.google.com/rss/articles/CBMimwFBVV95cUxNVGNRWjFydGh4eFA5RENNODd5dXN0bHRUM1hzNnB3aGVsVkczLW9EYmlSYjVoV3R6WF9IT3hZZUdrLThnaURFb2Y0QmpSSF9JQndSb1o2VjYxekVnMVhlSlRtVTZIUTMyR282RTE2YVl0WUkzQWxqSUNlTHc1RXZkNGlrT2pVaVJEX3NIQmdnR1FsalhaYThiUGcxdw?oc=5
2026-09-01 09:32:51,TSM,臺灣半導體製造（ TSM ）股票可能因最新AI芯片新聞而全面定價,simplywall.st,https://news.google.com/rss/articles/CBMi8gFBVV95cUxNMkMzYjhCekwwV1R5WWFIcmdHM0lUamhtSGVwODg3M2tMenZYR0htUU1wUVNUX2VLUk9hRVFKajBDSEZ2UURybEZKQXRkMUZNSXg3OWdRWWE1dTVVMjk1RFZsemRGU0lrdU82TjI2ajc0LTBuUlExN2FZTmN1N0o1RHh4aDJlSWs1Q1cwWDNfVkIwWjhmVUJfNGJicHp5alBaWlh6Y01XazVhQlBpWXNXZXZpMGc5SlBVX19QXzZTdFB1cHBXbzdIUEktLXBRV2JnX0V0ZjBwN1MwSVJGVUZ1blBtZ2hVOXBhRVNmSm5RdngwZ9IB8gFBVV95cUxNMkMzYjhCekwwV1R5WWFIcmdHM0lUamhtSGVwODg3M2tMenZYR0htUU1wUVNUX2VLUk9hRVFKajBDSEZ2UURybEZKQXRkMUZNSXg3OWdRWWE1dTVVMjk1RFZsemRGU0lrdU82TjI2ajc0LTBuUlExN2FZTmN1N0o1RHh4aDJlSWs1Q1cwWDNfVkIwWjhmVUJfNGJicHp5alBaWlh6Y01XazVhQlBpWXNXZXZpMGc5SlBVX19QXzZTdFB1cHBXbzdIUEktLXBRV2JnX0V0ZjBwN1MwSVJGVUZ1blBtZ2hVOXBhRVNmSm5RdngwZw?oc=5
2026-09-01 09:32:50,TSM,臺灣半導體製造（ TSM ）股票可能因最新AI芯片新聞而全面定價,simplywall.st,https://news.google.com/rss/articles/CBMi7AFBVV95cUxQMzVDUms0TTNjSkdDay1FRUtfQjJ3TkFlbUIxcXJXSnVub0xIcUQ5d1BiYUprX1J1WkEyV2UtaWZlLXRpYktBWURNa3loeUFCTWJlSlV3RDZ0VldKaV9kcVI4cFdjTmQxMVJfT1ZYdkJ6UEtGbFVHV2c0SlhmaVIxT0pWUEVtYTBBU1FjNzUzb2d3OWxqTWRLc1NBS1VfYUh3M1ZnQTVTT19XM043WWh3NkxfM0dSUm1yUXZEblp2anVRZkJjRGh3eVBqUnk4UEZtTEZ0YW9lWG9oYWw4eWZRZXpydHZNTy1yMlFrNdIB8gFBVV95cUxNMkMzYjhCekwwV1R5WWFIcmdHM0lUamhtSGVwODg3M2tMenZYR0htUU1wUVNUX2VLUk9hRVFKajBDSEZ2UURybEZKQXRkMUZNSXg3OWdRWWE1dTVVMjk1RFZsemRGU0lrdU82TjI2ajc0LTBuUlExN2FZTmN1N0o1RHh4aDJlSWs1Q1cwWDNfVkIwWjhmVUJfNGJicHp5alBaWlh6Y01XazVhQlBpWXNXZXZpMGc5SlBVX19QXzZTdFB1cHBXbzdIUEktLXBRV2JnX0V0ZjBwN1MwSVJGVUZ1blBtZ2hVOXBhRVNmSm5RdngwZw?oc=5
2026-09-01 08:11:34,TSM,臺灣半導體製造• Robinhood代幣- TSM -股價與新聞,The Motley Fool,https://news.google.com/rss/articles/CBMiT0FVX3lxTFA3RTdZRlFVYzdwMzl4OEZrVXZVbWMtZnlUSEl4OW5QQ0lacWJ1REdNdU1OSkxFbDBkMFZGUnhwTGRNUE9SZWMwMXNzQUI3VTg?oc=5
2026-09-01 07:07:05,TSM,NVDA庫存- NVIDIA現在準備好了嗎？ (NVDA/AMD/TSM/AVGO)維吉尼亞州LIV高爾夫球場(CU5sbtjZfr),Mshale,https://news.google.com/rss/articles/CBMiYEFVX3lxTFAxME05ZllyT3pRTTJJRm5LeVlGNEhoc0stazhHcHRReFJaNDFZdlFCVnRJOVpCTWdNSi1ZSFdtVEdjLXlCQU9GLTNHckdYd1NpRDk0UkxtRFlSYVJJS0pmRg?oc=5
2026-09-01 06:21:07,TSM,現在擁有的半導體股票： KXCO本體的稀缺性,livetradingnews.com,https://news.google.com/rss/articles/CBMicEFVX3lxTE10bThleGs2OVZRSl91ZW1OTXlEQUJmNEtub0VkNUlQSVBMVnhneVY4QmVlTDM4NHQxZFd2ZTZpSlBTa3pLcVFIZGNkczVGYVdtTXM2TTVBb21MOTA3bVhlN0RxekJzLVhaTFlVdGFiS3g?oc=5
2026-09-01 03:25:12,TSM,TSM股票預測開盤價[10月7日週一] Conor Mcgregor (LMXfLrclwP),Mshale,https://news.google.com/rss/articles/CBMiW0FVX3lxTE93cUlnRjJ4d2gyVDJEQm9Fb09UdlNvbml3SmlUR1dGVTNfQUNIejZkM0R1QmFOZVdRanVERjloYUpOa2xzQ0pmQzZROE9DTlEwZmZRTFdNWXRwZEU?oc=5
2026-09-01 02:16:44,TSM,獨家： NVIDIA首席執行官Jensen Huang幾乎每個月都會飛往臺灣尋求更多GPU –答案尚未出現,stocktwits.com,https://news.google.com/rss/articles/CBMikwJBVV95cUxPMjNVWmJSWDlzbWx3ejNOZGl5ZlJDSXE4bDZ1OTFHREd0XzVZdmV5V1BrcXQ5NVI1RVVseW55Rl9MTVJabDY3M1JOTGZNSUloVFJxdHNfQWZfZ1VvamstbWNraWN2UXRNelk5Mzl5cnRDZ01hUXdMUnV0N2h1S2xSVmlDVTg4QzYyblpiSEc0ZGZHZEY2V3lzZUlJVUdfc3ZmUDV2Ykk1THJvcVI3UXR2OUg2dU1uWEdLdXUyQzBmQWh2aTBvU01pWnJjdUMwSlNmanVtY0p5WS1xajZnRFVud3VwYzI1d0ktWUtudnVPS3NmMmZRMDFPMXFzMzhQYlM1ckEtOUwyWkVaYV9xT0VaR2lmSQ?oc=5
2026-08-31 20:56:56,TSM,今天NVIDIA、TSM和ASML股票發生了什麼事？天氣（ KYZpJuWQUi ）,Mshale,https://news.google.com/rss/articles/CBMiW0FVX3lxTE9BdnIzSjg5dzFPTHNBcTh1TFNjUU1hTXN2OGxwb1pWOTVBQlRtZjJaakVsRE1CMmNuV0lJYmJrSHB5RVFvQXBEMkV3RF9QZjlOLVhIeGdCVGxnUmM?oc=5
2026-08-31 13:49:15,TSM,隨著收入和資本支出預期上升， TSM股票獲得新的目標加息,AD HOC NEWS,https://news.google.com/rss/articles/CBMizAFBVV95cUxQWTJZR2dJLUU5NFhxTUEyaC1OSlItT0JlZjFUbGlhOGRveHRUWlBsUHRPcG4xaUE5Tm5yTlVZWVhiY1dtS2laeDN1VkMzbUxDSy1DRk14VkhVQ09PcEg0NlpBbTZQZG9JM3lydFZIQ3UtMk9Jc0ttYXBlY0VyQjJ2Z0EtaWhvd3FGWlR5bGxOQ3p3Z3lKYjlrZUh1WG9sTEVZdWQ4UjUxWnp5OEQyV0NsMndXZ01kcVBXM0xjdkpJN1dqeXJmNk1tdXp1aTk?oc=5
2026-08-31 12:09:25,TSM,NVIDIA與臺積電： AI運算平臺與半導體代工廠—有何不同？,mexc.co,https://news.google.com/rss/articles/CBMiuwFBVV95cUxPVndlME1Gc0Q3OGNvSzBJenNra2JzTE9TXzY1cHYyY2tKcmtrSTNkYWFtckVRNGJKUVlyeV9KUWs4VWVRekQ4Sk4yZnJ0THFDaDV5aGdOREE2TG1JTjc4Z1Qxd1dWa1VqRDI1b1FNNTBPRGRTd3RvWTYwOTNJRU9mdjhBOTQ0c3BkbWtmS2VOdHJYbmNDQWJCcGx2NHowdFRzZmRWVFB0S3lyX05wdjZzenlRcktnQ2tSenVz?oc=5
2026-08-31 11:08:56,TSM,DCF對TSM的公平估值為$ 395,GuruFocus,https://news.google.com/rss/articles/CBMiekFVX3lxTFBtX0czbkZkWEtGU3FKY1RUQXpySUZZcjJlQXlkRnF5TFItZ1hfdmdLQ05iSUdQcGFRTFBwaGNmOFRfNzRHbTFmMFNJOUZEZUFLaUJacEdWNm1WRHppdGwtbDMxUWR4LXVVcGpSUE52bnQxWUZNTS14NGlB?oc=5
2026-08-31 11:08:55,TSM,DCF對TSM的公平估值為$ 395,GuruFocus,https://news.google.com/rss/articles/CBMiT0FVX3lxTE1tT1lDRU1kTE9hV0s1RGhiVWNlbUppcWJ0ZnpCXy1MRm03TVRGX1pXajc3YnpVdmNNSW5aaUpGRkZvUE5JQkc2R0NjNnR4OFE?oc=5
2026-08-31 10:59:29,TSM,臺灣半導體能否保持其在半製造業的世界主導地位| TSM股票分析中心（ MTRTqH7BQz ）,Mshale,https://news.google.com/rss/articles/CBMiYEFVX3lxTE1UbUlhY1doNnp6NDVnNmtRWWdpVzJibTBsa3l2UHlBSmJqVzZGNDlrR0h1QkZYSHhmbHlVeS1heERQeE54Zy1NSzcxMjQ0N2lkTVoxcjZldTRNZDdJYUdmSg?oc=5
2026-08-31 10:12:21,TSM,NVDA股票- NVIDIA能看到$ 220 +嗎？ (NVDA/AMD/TSM/AVGO) Shahbaz Ahmed (eh52BPxPts),Mshale,https://news.google.com/rss/articles/CBMiYEFVX3lxTE1hdU43ZDM1LUM4Q2xUcGt6dC1vZDVvUTNRemU1SlBOUDRCQWY0YVpmWjZtMUxaRXdheHR6TlozMXBEUzdBYUYtaHhNSGpaRUxtQTlxaTFnbXBBb3VJd29SYQ?oc=5
2026-08-31 08:41:34,TSM,TSM 260828 255.00C (TSM260828C255000)股票期權鏈|報價和新聞,Moomoo,https://news.google.com/rss/articles/CBMiX0FVX3lxTFA1VnVRZUc4ZkVOVk1vMmNRazBhZE1zcmswM3luRlkzT19IN0E1Tk9OSlVpZHV0cjVKeHY1NlBlVloydEowcDBoY2hkWGJObEg0ZGpWbHYxU3UtbkROQmVV?oc=5
2026-08-31 07:56:11,TSM,NVIDIA與臺積電： AI運算平臺與半導體代工廠—有何不同？,MEXC,https://news.google.com/rss/articles/CBMivAFBVV95cUxNa0NOUkhGeTZZWG1xQmdkYmxaNTBzdlgxb184SWZ1cUVvcDd0MTdCeUN3ZTVLX1dQVmRmdnBBWlpsM211UERJWUJBMUZxakNHQmJwNGFYMGh4YjZLWkZGZGpiQ3otOHJPWWRQVnJLVkFNN1RKOGhjbEZiYzdDdW5tRjFoSUdvUzNxbnRZQkdobVF3MjUwX1FheUxiUERIbEVBdnVKLVRxb2pYbFZqMm85Vi1UT0tYd1NqT1VmcA?oc=5
2026-08-31 07:00:00,TSM,為什麼臺灣證券交易所的負責人希望您超越臺積公司並擁抱「科技島」,Yahoo Finance,https://news.google.com/rss/articles/CBMimwFBVV95cUxQNHBoeFdPbDE1c0ZBTGl2bTVvcnNjTnpTTDZ1bWdDamdxQzhyX2NZQ3J3amdnQm0td1BLVW5OUkhzdXNkbFB1NFVYZUMyVUxxWFphR0pHRVFrODBTemQ1VWxnRWVKQ2FKaXp2NXlKS0QtRE5sbFc2dWFWb1JoUzhCUk8zdU5WVXVLN01WQlEzX1k2OGxSc2tQY2pqbw?oc=5
2026-08-31 05:32:48,TSM,TSM 260828 310.00C (TSM260828C310000)股票期權鏈|報價和新聞,Moomoo,https://news.google.com/rss/articles/CBMiX0FVX3lxTE1FSDkyTWNpVldtV05fbHpRdUs2RWZJbzdfVmN6M1NVanlxc1J0cFhKY1duZGN0Y1FJTURaa2h4OWlKZUJyam0xWS0zcThrYjF3TmtFdzNBZEZuLWxmeFhR?oc=5
2026-08-31 04:37:17,TSM,臺灣半導體（ TSM ）在Op中看到向矽光子學的轉變,GuruFocus,https://news.google.com/rss/articles/CBMiuwFBVV95cUxQSnQ1cFZma3k1cmgyV2UwdXJCYnpkaTlXN01wdFlhZ0l1NlA2V2NTLWtwVDFseTdIUHJPcUFYb3VNY3NId0lBSnY3VVdVUkcyWWw0RWNyZUYtUTk4SWIxVUdUa2JGTDh4cG9mRWdtVFZCTEdOYVp4UjRFTEJKUTdvZzNidFJnOTc5akdLbS1za3lDMkQtTnZlVjl0cUZnOHBKSDVob25sbGVBSENYSzVILWM4Y0VJRnhCS0ln?oc=5
2026-08-30 18:16:22,TSM,TSM股價上漲600% ：您是否在等待$ 378的回調？ Pfe股票（ 5fnnbBQ1ji ）,Mshale,https://news.google.com/rss/articles/CBMiYEFVX3lxTE1aU0kxZkwzZjlteFR6WkFKeXRCcU93UXdQSnJxOGR6M1pKUWEyMExOdVJQZkZrSU5sZW1SQmdkNlhKR3dxNTQ2UjF4TnlKcXFJa3ZSbmx6RzViQWZZYzNBZQ?oc=5
2026-08-30 18:15:00,TSM,不是NVIDIA ，不是AMD。這家半導體巨頭將成為人工智能（ AI ）硬件競賽的最終贏家。,The Motley Fool,https://news.google.com/rss/articles/CBMilgFBVV95cUxPeFN0RTZoMXNQZ0JUS2dHcWtFeGdKVGZtQjl2M1I4N1BYZWNkNVo5SkxPcWdQNmxIcnRkbnhRVUl1X3ZhbktwN2FKZWlmaEJXNm1DdXZLVkctLTE5T2hVS0JaUUlQVGtWTFAyaXoxbGp3NUNaRlYwRVBqQi1rLTVZbXF3VF9Ka2MyTWJacTNiandvN21CZ1E?oc=5
2026-08-30 17:37:19,TSM,不是NVIDIA ，不是AMD。這家半導體巨頭將成為人工智能（ AI ）硬件競賽的最終贏家。,The Globe and Mail,https://news.google.com/rss/articles/CBMiqwJBVV95cUxQcG5aVGM4ZXpHTmlaMklRUHMzSnVqNHRLTVpISURjVkJaV1FxZ1hiQ0lJVlA1Vm5zOXBIaXJJRGVRamZUNFpfTXJYc0RIaGk3VlJZWmRZY0pVS0NtUmMwZTRadm9KREhHYS1RY2ZkTlBSQTBETXpCajliYW5odFVBdWRPVDZ5X2JEUmlyNTktRzJQU1R2UkZSUWY3Xzlzb09wVk0tT3BXZjhwOEZ2Q1hOQkJmc1h5Vi0zbmpzWW5VWU81dU9yWXR4UFd4TXdBX3cxeU5LQTdXT2RPbVZRZE91SmNmcXNBZVZXaGprOXJjSnlhMFRnY3RHMG4xcEl1NllSak1fTkJrTlZlOHZqbHIyejN6R0pReWlLZGRPTDNvLV95NW95YnZiUEdQMA?oc=5
2026-08-30 17:33:00,TSM,臺灣半導體製造公司股票（ TSM ）對7月營收激增與人工智慧需求的看法,Quiver Quantitative,https://news.google.com/rss/articles/CBMi0gFBVV95cUxPYlZ1NUZOY3JRSDBFTnFEVnMzWm1GWlZuSFlPWUY1bXJKNy12RGxrX0kxdzI3dWF1cEtQTXNzNHpCMzdOcF9LUlhKdjF4OFgxTE9sWUhCYkl1Y2lKc05BY29UaU1qeVc3NVd0OEJkUC1tdC1MZkY3ZFoyZERKcEpmZkxidnVucFBTY0xjcnV6UVdZcnVUaG5DakdWOWJVU2dadUFPYTM3ZUUtZERTeW5vakVDS0RmZkRyVmZRb0FSVUdIUlJBVVAtcmpPdkhUZG1Rd0E?oc=5
2026-08-30 03:36:25,TSM,TSM股價飆升！周一開盤價的🚀3個關鍵原因和預測見解！ Leonardo Dicaprio （ Mf5kjt9tMa ）,Mshale,https://news.google.com/rss/articles/CBMiW0FVX3lxTE9FcUZuUm82QlF2a3RFUEdFd2VORERVLUppZmhHang2eWVRb3RDUVVVcHljUHd0RXFZWWtHY1cxR2tBRWFaMUJKcFlBUVl4QVpaQU1ld1lGMjNISkk?oc=5
2026-08-29 23:03:22,TSM,NVDA股票-很快就會瘋狂（ NVDA/AMD/TSM/AVGO ）皇家社會與皇家貝蒂斯（ puSYi8uphM ）,Mshale,https://news.google.com/rss/articles/CBMiYEFVX3lxTE1NRF92Vzd3TzZmZ2xqdU9VSmpLeHFaTWh4bjZPUzZwQk1ITTQtSTdoN2RoTUZvNVRSNG1mRnBLanpwMjlYb2hoakZNeXMwZm1HMkc1QWpva2xJbHAyb3pDTw?oc=5
2026-08-29 19:04:59,TSM,"TSMC Stock Price Prediction: As AI Chip Demand Heats Up, Can TSM Hit New Highs in 2026?",TradingKey,https://news.google.com/rss/articles/CBMiqAFBVV95cUxPM3FHbEVkSTAwUDVGNVJFM1NsblpXa1R6NllybnJsRm9XX2JyZWJGWFR6T2puZHVDNWtFRjVmVkFsWXY0aUVUZFpFZFN2S0xPWnQ1Y2NQSl9tdkl0VXNIY0pveTlUWXZRdVNsZGNVYUxlYlFvODREUVlXOXcwZWxGeHZIZEN6VDZQaXJ6WjBERDdJalZZb1Vjc0ZrdFFEdnZIUF9hMWtqY04?oc=5
2026-08-29 17:44:55,TSM,TSM 260821 300.00C (TSM260821C300000) Stock Options Chain | Quotes & News,Moomoo,https://news.google.com/rss/articles/CBMiX0FVX3lxTE84YzNKb2pHNFBwQnByMnJ5UTlPY0lQaWVXcUlFU0lxdDhpNDlwcE5PNWo3MExKQjdtVVBRMkhtS003cE9uVUI3SF90aEI5SGNGMVdxekRQS1VpQ3pHSV9N?oc=5
2026-08-29 15:47:19,TSM,TSM 260828 270.00P (TSM260828P270000) 股票選擇權鏈 | 報價與新聞,Moomoo,https://news.google.com/rss/articles/CBMiX0FVX3lxTE5MTm1yZ0xlQ2hXZnhqeE1JRjIzV0hVbmdsaEpxUHpVSS1jNTVFZDZZQndBaFlMOTc1Y2VXb2tWVkRJaDVoeDlkM1hqZWtVUEo0SFF2LTFhWGtocU53Uzhz?oc=5
2026-08-29 13:59:47,TSM,獎金激增後TSM股票走緩，人工智能需求推動第二季度強勁增長,AD HOC NEWS,https://news.google.com/rss/articles/CBMixwFBVV95cUxNY2Y3ZUhCNHhIaktsNFo5WENpMmdnaGNTcXhGVml1WFd3V0xXcEd4Mk45TXlDNjFjMVI5VVB3Nmpmb181eG5PeTFTZk9fbHY2UFRzNklHNjA2ZGNBNHF0cTZZdE8xM0tFalEtdWtFNTByYXpSd3FRNW9RcnVISS1qX2JqRnlsSFV5Tmx0ZU04MEkwdDhyZ2lVR0F4cEhSaUFzQ2MzTVhrdlZid2wyR0RxSnprR1A0YmpXaVFlRmdGZEMyYkp6RnFJ?oc=5
2026-08-29 13:45:00,TSM,臺積公司與ASML ：哪個半導體巨頭是更好的股票買入？,The Motley Fool,https://news.google.com/rss/articles/CBMijwFBVV95cUxQNEU4YlFQaGlnd1RibjZXdkNnRTdkTnRvWW5aejdSSVFVNWlzWG9Qd3QxbDNDdi1EQm1DTGxQRmdvTHJ5bmk3Y3hnRE5EUzVwZ1JGU1RtQ1hDX19ybUU1YXAtM2IzNVhPLUJ5ZE5NNU1oLXNpTGR2WGtaSlpGVUExUHNiTXY3OUxnZlZVWFVjcw?oc=5
2026-08-29 13:05:45,TSM,臺積公司與ASML ：哪個半導體巨頭是更好的股票買入？,The Globe and Mail,https://news.google.com/rss/articles/CBMi3wFBVV95cUxNUEpxS0pwMVF3a3RQcHhxc3VXNEkyTE5GaHB4UjdPejVNUm1DT0hVNU1LbTlrVldKcWlGWnJhX0VuUXJiY1lBc25TNjdRQzFJYWJXVURHZW5ObWl5X1dlYUk3ZUpnWHE0QUZIVkhXc0k1cnRab3E4MUJlelhGRDNGQW5RbVlmUkRNcGlETHJNcmNOSl9tWV9peWstNVJxc0I1ZGlnemx6bFlZS3RxZ0NaMUZUZVRQNFMtdE5wem5UOXZvNnYwa29vY2h5RTZJT0ZxdUJTMFZra0ZRMVVsODZ3?oc=5
2026-08-29 13:05:34,TSM,臺積公司與ASML ：哪個半導體巨頭是更好的股票買入？,The Globe and Mail,https://news.google.com/rss/articles/CBMi4gFBVV95cUxQMDA0NXUwWWpoQnI5a3ZfdFM2dHlTS0lPcm1mWFJvMFh6cTFyRzdlZHIzeEpHN19QLU0wcnViZUx3Y2ZYOXRKXzIxUzZ5ejZjWGxIWER0dlZUU2V6SUcwTC1nS21RakFQT1V4TXdPSHJHZlczYzdKbFhtOHQ1ZENrTm54a1NzeWc0YjRxbTZ0Z3c4SnRadHgyeFd6bFRGYTRJakVTM0VNaFNmaEZPUWtXMXFwT3dUS2taTVg4SzB3SWxBckVpcUVreVBZTDMzOFZBRG81dDhXUXJvYzMtb2lJb2Vn?oc=5
2026-08-29 13:05:00,TSM,臺積公司與ASML ：哪個半導體巨頭是更好的股票買入？,Yahoo Finance,https://news.google.com/rss/articles/CBMingFBVV95cUxOVmNkR05rOTRKSkVUekJIUHpFNVZtSWhWYXQ4dlNIY25SWXlOSFZQTFZCMFg0NUVCaFZ3ZGI5ck1JaWZodFdSYnhoT2NMRjZsVjRyOTRlUWZId3JkYlk3eGgzekZmQmxhelFEVlIzeDhoNFlaVVpGcHFHZUVLUFJWaVp1MGtkRGtWeGR0YTZpdU9iRUdnQl9FNTBsLXg3Zw?oc=5
2026-08-29 07:09:46,TSM,臺灣半導體製造（ TSM ）股票看起來緊張，因為其363 ％的持續運行,Yahoo Finance,https://news.google.com/rss/articles/CBMirgFBVV95cUxNVHNLR2ViUjM2SHNnaFBqWXhza3dHTVVhaGw4c2hKR1lfSVF4SGtXbTdnam85RGhKN1RoSlF0T21iSjZQYXVuSXlRTGFWMjB3bGJDWkZabW1mRndtZzM4ZjBfem1Jb2VDYlhRRFplTU5jc0ZkSFotNG53RkltQWoyOEc5ekNPUkhHS2F5R1liOHdpTDhENmRSYm5pdkZwZDVULTVtbXBvS1ZwV2Y4UVE?oc=5
2026-08-28 23:39:51,TSM,臺灣半導體製造（ TSM ）從其3奈米晶片合作夥伴關係中獲得什麼？,simplywall.st,https://news.google.com/rss/articles/CBMi6wFBVV95cUxQU2YzVEVRb0FTeW1JNFhNSmlaV2JGWTVRdUkyczhBU29PeEtQaVNOWGRIRUp5Ul83bDVMWDJxMmVDZWZQc1hwTVh3NUxHMUk0aDVrTVVSdC1hZ1NIVlhKRk1ZRGtOdWRzbk5PRU4ydTZkVnZSdFVaUHlOel9uRnhHQTVDVEFBaGtiZzBSLVE0Wm9pVXVKN3RGVFZucmVtRmZFR0xZSkc1S0NnRFp1Z0ltZEFtNE9kdnpBcW1YVnhxTktrNDNZSE1RZHBKTGcxV3hhcWI4MUN6LWxpdkpEUnU3NGNvN2xoUlQ0aHVF0gHwAUFVX3lxTE9BcVFHYm1qc0p1LUtWME8yQU91TmJyRVR6MmRUaGxOUnZmMmpZT3BXdFVGaEIxSjRyaFpRZ2JsTi16OEtDQmZ6NWxleTVIOTJxTFpuUW9ZVXlmRmY2eHFIX2VQSllnbUNmOWNtM1lnWENaYkVreUZIMWRjTnU3VjAtNFRtcUlfSlhkalRndDdtY3FUR25GeVFOOHAzVWVTb1lMSTNWU3FLcXlrZkxCNHRDX1BZSVptVTdyMDA1VEhSUUxyNXpYU0FRR1NWUjNSUmVCaW1PNWJUTHhYblNEWnZWbjZxVFNiUnM5cGlfV2JwUA?oc=5
2026-08-28 19:47:00,TSM,TSM 260828 375.00P (TSM260828P375000)股票期權鏈|報價和新聞,Moomoo,https://news.google.com/rss/articles/CBMiX0FVX3lxTE5zRTZRSHBRMG5MeERiOGNOcENINWtfMnZuVGRVTUMzdHc3XzhQOEV5cTlOZGZfdmRBMGVOOEluNWkycnpVMVotZDdmR0pmYUtzTkdZYWRKT2Y5VUZEZ1dZ?oc=5
2026-08-28 17:12:22,TSM,$ ASML或$ TSM ？請選擇一個。https://t.co/muod7BHx8b,KuCoin,https://news.google.com/rss/articles/CBMidkFVX3lxTE8wQUkxZUZoNUxFdFBZSU4zREJvZVlkOFlZT2lJRjN5OE9GY3pQcEJYUmgybXY5ZzJqSlR1ZWg2MEVKVTRPZnRjY1BpYmdYZmh5cEVIdEFxaTU4RDRuVFE1aEdMYzk2UXZPMmFUVHVvQkV4XzktalE?oc=5
2026-08-28 16:56:00,TSM,億萬富翁Stanley Druckenmiller剛買入臺灣半導體股。鑄造廠巨頭還在尖叫購買嗎？,The Motley Fool,https://news.google.com/rss/articles/CBMimAFBVV95cUxQc0llM18tcVVBbjQwLTVhcHExc2Vtd2d2cGN5a09VWW9YTUw3b2pjdmtLaV8zelFPR183VUlkWnp6dndIWXRRcFlVam0yMXU2LXNkX3o4WmprUXNydEh2cmNLMXl5QTF5WW5EOF9HR0V4U09wYVBDLXkzbHhRang5WHhlMTBXZm5kaGNsSGhuSVZueUpDczVIZA?oc=5
2026-08-28 16:16:00,TSM,Billionaire Stanley Druckenmiller Just Bought Taiwan Semiconductor Stock. Is the Foundry Giant Still a Screaming Buy?,AOL.com,https://news.google.com/rss/articles/CBMikwFBVV95cUxOQ19Kb1ptS1hRRFhlNWZGNWNGcEFjLUdtd1lqaFI1cmVvUHB3ZzU2NnBrVk1pUE44dVd6S3lGRTVJdXJ6ckVyZVVucUlrTHJTcTJyNURESEtuU2tXUHZwSWJycExDRlZucDNtMmlYTXozMFRSaDhRVlZIOEdLVkVUNU5uWW5tY3VSTkdBZmN4WGZoSGM?oc=5
2026-08-28 13:23:39,TSM,Nvidia的交易幾乎獨立於半導體產業（ NVDA ：納斯達克）,Seeking Alpha,https://news.google.com/rss/articles/CBMinAFBVV95cUxPXzBBalJYQUk0eU5EMTh4LUNYdnRCa0NCT1R5SXNZNUx3VFB3UTBoRHNRdXNrQVFEZUJkZ0QzeVVKM1lFcjRUZHlJc1JSSWRJaE5OODNZWHlFUlFyWEdNSTlfd05SODVucllsb2ZFQXJDY3cxVUVxY2lwMzVLNm1GbHVDS0JiOVpkYkI1NHplTjQxUVZ4LU9Ya1d4SWY?oc=5
2026-08-28 12:23:25,TSM,您應該購買TSM股票嗎？突擊者時間表2026 （ Q0zs3MCGHi ）,Mshale,https://news.google.com/rss/articles/CBMiW0FVX3lxTE42b2xKLUdlVTdkWVlJMTJGU1ZGcE5xdkFwcnFQMGg1V3lCV3hHcHB4dW5xQ3A2ajI0b0lkcUlkdUJYSXp2TU9CZldBODJNZDhhR2U0WnNVZ0ZJVDA?oc=5
2026-08-28 11:41:40,TSM,臺灣半導體(NYSE: TSM)將高增長勢頭與突破設置相結合,ChartMill,https://news.google.com/rss/articles/CBMiywFBVV95cUxOa3lVWEw5UUhSUXdFajVuX25MM1lURVJ3Wk4zLWJkdGpwOHZqckZBdG9wTWpvcUFFc0MzQVppZ0dhaGlZTnVSamNrSmJsTjEyZFpXcU9RLTZzMWtLdTRoUVpBRUVNc0FmNUNna1BWejR2VWdfUFJ6Rk5wY25PMThjNUdpR3QxUUhzeFpyOUU4SEt1OE9ETXZab1JacENvMHVDLUtwWjBBbkc0Z0p0WXA2Q1pGVHk2aTh0NkVfcEhpRkNUUDhYd2xlUjJIYw?oc=5
2026-08-28 10:51:22,TSM,TSM在29%的增長中以73%的份額引領全球代工市場,GuruFocus,https://news.google.com/rss/articles/CBMioAFBVV95cUxOSHhFdzB2TlUyOXFuN0hmMjIzUUZLdkdXMTg0Y0FlaV8tekZfYUppc3F6dDFiZmVyWDRDMjdHR09GWWhtVG4zYkUxS09kU1NOMHM1ZDE2QkpqWjV4bkdkZ05YN3BzNldWMDN1d1FNMEJQcUZEUmRrSGhQTHloZHhhd3p5LWZKQzJ3TEdMbHEwM3VHaWE1X0RBVXFBUkxZWGRk?oc=5
2026-08-28 05:58:29,TSM,TSM ：在強勁的3月份，穆迪將臺積公司的前景升級為樂觀,GuruFocus,https://news.google.com/rss/articles/CBMisgFBVV95cUxOVzhwM1ZYaW84ZHlZQWctY1pscmFVSTdNaWs5VmVMR3NkOWc4MjB3bC1GTXVvcVZyRkc1UlFDWFpmOWNfUnB2SC1HdnJxdGNOQWY0ZmJmSkZVODZDT3llRFRHa3J3RUJOVFhtSG9vUnhoQUFFX3lud3RqZjFBLXB0dHBQa29sQW4wVzFMckNqZDNFR2FiWUxFYTM4eXh2WjFVWDBrRW9Da0thOGtaV0hLbV9B?oc=5
2026-08-28 02:54:36,TSM,NVDA庫存- NVIDIA是否已準備就緒？ （ NVDA/AMD/TSM/AVGO ）阿森納對埃弗頓（ wgf1cfySVP ）,Mshale,https://news.google.com/rss/articles/CBMiW0FVX3lxTE1nUGMyZVJDUWVlRzFtbWExRFBGVXkzUUVlNXJNZkN2TTNtMjVuTlRweHhCOGJzV3E1d2tWVDZGYjZWRm5FMElaelBhQjFSNWtVQjFJTnlsVjl6RnM?oc=5
2026-08-27 19:56:55,TSM,今天NVIDIA、TSM和ASML股票發生了什麼事？天氣（ KYZpJuWQUi ）,Mshale,https://news.google.com/rss/articles/CBMiYEFVX3lxTE1vWFlfOFRiRklJb0lJYW1MVmg3eGd4SXRsbXVlbl8tNWVxNXJuMTBjOXRkdzQ5QVlYdkl0RDZyR3Aydmo4OWpOTXBvSE0tTS0zUGNKWHY4SlJSQTBoc0RRcg?oc=5
2026-08-27 12:16:58,TSM,Today On Taking Stock | TSM & UNH Headline Another Big Day Of Earnings On Wall Street Sevilla Vs Espanyol (Llg3p0ogT7),Mshale,https://news.google.com/rss/articles/CBMiYEFVX3lxTE14VWpqUVFLZ0F4aFBnbnlISDloSWNEbWEzejJnbUF2OXk5NWFWUHh6cm41enlwWDF2Vk1zWjg4VWdfMWQ3ZXhMNXJnb1JpbzlnZnp2bUFMZ1JYbU03WFRyZA?oc=5
2026-08-27 11:27:49,TSM,Taiwan Semiconductor (TSM) Stock: Druckenmiller’s Strategic Pivot from Sandisk Explained,Blockonomi,https://news.google.com/rss/articles/CBMirAFBVV95cUxQWU1neUJ6bjNuaVI5Mk1yWHM4TmoyR2JqcW9yV0lNRUtpbmIwdzc2dkhteTI2RUNzeHN0Ynp5eUg5MUFRZjNUcjhpaUs5U01wbnFVR0dsM3EzaFNvM0xhNnNaYzJxeVRZNVRWOWIyTWVyMHlMWTFpbVlIMUI0dDhxVkdQbjdYWGVwVWxNUnlGd3dEc2ZCeXY1RmlxUlU5M0E0U1h4UDFEM2o0YW83?oc=5
2026-08-27 11:05:03,TSM,This Hedge Fund Just Sold Sandisk and Bought Taiwan Semiconductor Manufacturing Stock. Does Wall Street Agree With the Move?,The Globe and Mail,https://news.google.com/rss/articles/CBMirwJBVV95cUxNZ2lTckhBTC0ydW9CbGVfd3FBNW5DU2lBTnVBSloyR3ZWY3B1d2RYQS1OcjdJRHl4V18xd1V2SjFyLVFSSks3Y2hsRmlxd1VOamxRSGh3ZFYzZW80N1FFWW1JYzRtaTI2STZRUU5fR09ibDJpanFJNnNuY2ZkNDlQeEN6VHUyWkRORVVvSlZkcjBVSkg3MFBPSkM2YU1FQjdBLTdZY3NLWVMySF9zS2UyZi11d0MyUVJaODJTQ2tjdExTLVZ1ZFlXUS1uQ25pajRGcHQxWVVmNFR4ZnNxSlpod0w4bTNMRWYtYVE1UkpwTUZWV0pDODFlNl9LSEJib1BNRllsU0piLVdqOUdKWDZxMDBYdGxndUJINTI5LTdEOXpoSWZhTjZTeG1BMDhHR2M?oc=5
2026-08-27 04:40:14,TSM,Take Profits Before The Long Weekend | Micron / Sandisk / NVDA / AMD / ARM / AVGO / INTC / STX / TSM Kirk Muller (5QQKWcEC3p),Mshale,https://news.google.com/rss/articles/CBMiW0FVX3lxTE8wR2ZZT2xYUnBLSVpZcWQ5NDhMNmhmejA2U0haejJseGQyM2drXzI0LVQzbExvelI4SnpMNkU2SmxKVHBVUDVsM0ZfV0h0M05KaUwzdFdBMV9uZHc?oc=5
2026-08-27 03:58:28,TSM,TSM 260828 285.00P (TSM260828P285000) Stock Options Chain | Quotes & News,Moomoo,https://news.google.com/rss/articles/CBMiX0FVX3lxTFBSSVdZVUVIdDRpVGk2ZkxRVE9aN1BIY0VIT2otWEY1U1hvczB3dHJjNzdlVzZ5eXZIZlIxMmdweWJ0Vml6Wk9VZV9qMlBFZEtPOE9xVDdzQ0NWUHllNGVj?oc=5
2026-08-27 02:12:42,TSM,Is Taiwan Semiconductor Manufacturing (TSM) Overvalued Following AI Concentration Concerns?,simplywall.st,https://news.google.com/rss/articles/CBMi7AFBVV95cUxQTU9nVmVWQzRBWjNUWnZqUURpRGVNVG1sQmZSN0dxbDREYnAzR1Y3V3pHY092bWxET0N4d1F1X1hnX1VvRThHRXhIT1FsMURQbWcyd3hrVktUOW9taTBSeHdNcXFiZHM1SUpvbHdVQlgxVWVyc2VKaGxQWWJUSUlYejRxUnBlY0IwLUMycGpKaTZyU01fSG9QbkpUMFVpMjlnS3ZDMmdFUDNoOFNGYnFRZWkwdVFfWDh5d1dPS0NrOFJVRnpMdFlrLWRTV0lKRWdfck9aX0xmcFBJN3dxdnZmeHZMNWNJLTMyRWhQbNIB8gFBVV95cUxQWllZTWRxbTlmUjhoOVZIR1V6Z1BRa0Y3cDk3Smx5cm5Edm9YLXN2VG5TYlpFS2s2RE94NlhaVEhyUEtTaU1xRWVaT2ExWk5ualI2VG90U25NN3AzTDM5VENJX04tWTBKUHFocFJyeEEwRjE0QTBJVkZxeFFSTmhlVjFhSlJ1X1FYSV81UHJlQ3l1dnVZT2NTWjJncTdZS0FQRTREb0hkTXV6Wm9PRktyNk0wdkJDNzZqbUw3YWRMRTEwb1ZGNHY4dVAzUFpiLS1XSHJPUWpwYlJBNjBaUS1Wd3k3bWdnUVBRSEZ6WlMtd1pRQQ?oc=5
2026-08-27 01:53:14,TSM,NVDA Stock - NVIDIA Is Getting Close.. (NVDA/AMD/TSM/AVGO) Prudential Center (LN7RsnbKWw),Mshale,https://news.google.com/rss/articles/CBMiYEFVX3lxTE5KcGtiTTNReTY0WUQ5ODNJMko2Sk9NdXN6SERpVy1zSThaN3hfRlZJSjJDcWtSQXhaZUNpSFN0VVphUmpQa21sX0dCUjVlWnlBNUk5TnFOejJmYm1wYVdpSw?oc=5
2026-08-27 00:32:59,TSM,Taiwan Semiconductor Manufacturing Co Ltd (TSM) Shares Surge 0.1% -- What GF Score of 97 Tells Investors,GuruFocus,https://news.google.com/rss/articles/CBMi0gFBVV95cUxNczd3UHptZFhWY0t1WUtHZklrV2tuVDlOdnNxN1B4a1otblZQNF9oRmJCVzkyNmpkREt5M0JPZXQ1OTQzVnlhUlotSHBISTA5VE5zOFJkYnE0bGlHaGM2NFI1aVIzOWRHZjZzXzhhYTZhWF9pRzZZNlBwNUIxMEdKeVZrR09PV3BRY0lUUm1UZjRZNmgzVGVsaWdqdDMyUmhSb1B1dkxGUExlaHNNeXZ4b1ktY1FaS3MxcDlpTjBDdGtNWU1kVFNTdjJjWmJSTElQS2c?oc=5
2026-08-26 23:34:17,TSM,Taiwan Semiconductor's 68% Surge Sets Up Record Earnings! TSM Stock Analysis Pluie (m2cJmkzyZm),Mshale,https://news.google.com/rss/articles/CBMiYEFVX3lxTE5zcXplc2pBZUR4cDdsNmg0N3pmY0lnNC1UbTFadTc4cDN2UEY5cFdGcjlLandLTGRhenMxQy1mQ0l5Ykp4TEFETXdMMllyMXdsaVNCS0Rqdm5sMVRzaDVZYQ?oc=5
2026-08-26 23:34:14,TSM,🚀 TSM Stock Analysis: Is TSMC's Opportunity Too Good To Miss? | May 14 Predicted Opening Price! Millwall Vs Hull (dLMRvHmijp),Mshale,https://news.google.com/rss/articles/CBMiYEFVX3lxTE01LWhoaHNweUJDVVJfXzdFbkNjdXFWRVNoWkliYnZOSzVLVnJxMzJQRFpRSXpXV2ZzWF9mNkhDUnVQYnJPQzRXNVhpWHBiMEdzQmsxQWJ4Z0pKTDJxLXprZg?oc=5
2026-08-26 21:46:17,TSM,TSM Stock Jumps Above $423 Post-Closure After NVIDIA Boosts Chip Spending,FXLeaders,https://news.google.com/rss/articles/CBMitgFBVV95cUxQYkhqX3F0X0hDZFF0X0FMbUtwMl9UWEJDcW51TF9xbVZCTmNNTHhyTTVlX2kzeXVBY2pyMUs5TUwxaEZOdHRROVJNcldiQ0JwMUFIdWRNdV9iMkNGY0tBTEFQRzNSUHVUVDF3aVhvRjBzX1d6N0cwcVkwRFRkQjVTYU85VkEyaXFRcFRFbVBZdVluY2NpUFJrQS1LS3hMbEV3ZFZRMjZSa2c4dFliajd0azBsRElfdw?oc=5
2026-08-26 19:50:09,TSM,"NVDA Stock - Its Coming, Get Ready (NVDA/AMD/TSM/AVGO) Centerpoint Outage (5tbqBRiHdb)",Mshale,https://news.google.com/rss/articles/CBMiYEFVX3lxTE80THczeWZuMmh6T3RnblhBX1Ytc2xxbWRvLU5nc2ZLU0prTy0yYzNKNHc5dTJLRGF0cC0xc04zU2ZkY2VoSUVlNVV4Mk1ySk1BczhJNDVPbTNBQjlXSGpwVg?oc=5
2026-08-26 14:30:12,TSM,Price Prediction: TSM Will Trade at This Price in 2027,Yahoo Finance,https://news.google.com/rss/articles/CBMingFBVV95cUxOVXJMbzJHSUNCNjNtWU5aQ3luZjA3Z3Z2RjByb3RXdnBtMHE1Yi1RaGtCdE41WTFYenBaRF9TU3kwY3dfczFZMVlMRXVKNzhyd2hxbHdVbk5qMWY2QktRMUQwaWJWTGYtUExTenlaZ0h5czJNenBZb3AwcXlZNkRyYUxRYTdwUXlGRFBoaVJNODhKTHg2bXRuRUZ3dWhkZw?oc=5
2026-08-26 14:30:00,TSM,Price Prediction: TSM Will Trade at This Price in 2027,24/7 Wall St.,https://news.google.com/rss/articles/CBMingFBVV95cUxOUDIzVGpBZV9GRENQMGpjYmFpZG93dnAtOGZBZlJ5SjUwaUJWRXhmcG1Sc09BV1BLb3pyQmdnRXpZM0QwamM3VW94SG1KUjhuY1NOZDJzMU4zSS0xMlluWFUtZzFaejhRS25ISWNpU0pfWXEzV3lSMEVFTUQtdFhxYnF1cVpmSTdEcXB3TFJ5RXY3aFBHZmdoclNnbUxhQQ?oc=5
2026-08-26 13:37:56,TSM,TSM Stock: Bears Don't Understand The Real China Risk Pbks Vs Mi (gUPf8sv23u),Mshale,https://news.google.com/rss/articles/CBMiYEFVX3lxTE11OGRpc1NPMEhJY3dodjlPd1JYZzVJN18xNERlcnRhTzQ4YjlKMHkxWFNvSjZJNzZnUVpTcWJhOHRWd0JEdnhhTFNueVlaMjNHaDJ0aGN2UzdTdXNOeGl1VQ?oc=5
2026-08-26 13:19:54,TSM,TSM Earnings Couldn't Save Memory | Micron / SNDK / SK Hynix / NVDA / AMD / ARM / AVGO / INTC / STX Casper Ruud (freWVmBb1Z),Mshale,https://news.google.com/rss/articles/CBMiYEFVX3lxTFA1VXlUTUYwUFJvTktNcmRYTkxtLTgyREE0azZ6MDZXSnFaZTVaTTc4UUFsUjhLY1VBdl9lNTA0R3FjY0JZX1dEcksxZk4yVVFvaUtFSHM2U0Rmdlo0Y24wVg?oc=5
2026-08-26 13:18:43,TSM,Take Profits Before The Long Weekend | Micron / Sandisk / NVDA / AMD / ARM / AVGO / INTC / STX / TSM Kirk Muller (5QQKWcEC3p),Mshale,https://news.google.com/rss/articles/CBMiYEFVX3lxTE5XbFNrMGlmNXlMWkxQRTlWNlZabWdPeUJHWUkyZWY4OGc3Qld2U05rOTlJRmo4S0M1dFV5anRoVHNFd1U5OVZPb3d2ZmVfN0RZS0VWV01uOFVmLVlacC1XSA?oc=5
2026-08-26 13:18:01,TSM,NVDA Stock - Has NVIDIA Bottomed? (NVDA/AMD/TSM/AVGO) Ragnetti Rossi (htML64mH70),Mshale,https://news.google.com/rss/articles/CBMiYEFVX3lxTFBjdnVBYW04UFZ3bjAzZDAyZGJOSnRUZ3ZGcll2dVgxLWhubXl3bjQ3MldVdnlrajNIOF9Ydl9rSVloRVE3bXVrSHlsUVJLLUUybjBDYlMwMWFkSVFKdUI1Zg?oc=5
2026-08-26 13:15:13,TSM,Stock Market Analysis | MU / SNDK / SK Hynix / NVDA / AMD / ARM / AVGO / INTC / STX / TSM Sting (zAgfk5ZdSz),Mshale,https://news.google.com/rss/articles/CBMiYEFVX3lxTE43SUNrOVhjQ0VxSGVmWTJMYkI4eEkwUVBKQnRBdTVlMGdQVUluN1ZfQ185anVRUFZIZmxpZGJORWpHb25Sb29melpaaFZsSHJzREJWaE5NOFhlRWNvV2VFcg?oc=5
2026-08-26 10:35:46,TSM,"TSM, APLD, AMD, And Top AI Stocks Drop Merlin Argueta (dMOtVn4THh)",Mshale,https://news.google.com/rss/articles/CBMiYEFVX3lxTE5iVU95MDkzMHV3Y3c3MmlXZkN1bWdQZTFzZVRkbXgxTU9KVndIdGVTcjNBZkxkSEw3d0FXY21mVkllamNpSVRqMFgyZW45REhVRlFUVVdaX080TDBsVzJnWQ?oc=5
2026-08-26 09:37:54,TSM,What's Going On With Taiwan Semiconductor Stock Wednesday?,Benzinga,https://news.google.com/rss/articles/CBMisAFBVV95cUxPTkVxQ3RKeWNiWlkxOTFSSE5kN0JRYkJJTXJQSnR6dVhPbnVOTUxQUHgtRW1vU1R2Mlg5SHlSQ1R4MDJEakVHRWJycmNYNXV2OEFJb0dLeXhhTnZmV1pvdVZhblhaZThadXhId2pXSk5ncGFSaHdhN291elpqRWpPX0lIa2NIb0tPX1gxbzIwUFNOLXV5MEFJajgxdGRTV1pSS2V1TmdCR2RPekNHS1MtNg?oc=5
2026-08-26 09:37:54,TSM,What's Going On With Taiwan Semiconductor Stock Wednesday?,TradingView,https://news.google.com/rss/articles/CBMitwFBVV95cUxPOGFZUGRjaFdoMElPWS1Za0tKS1lickhlbklvR0xOcGszblhDN20xa1Rhd0dJajR4bDU2WUZtcUM2QUx2OFhLTHRCRzVIRzJiLVMxS0RaRlZDVlZCVjl3MEdwRndnSERxWnB6Wl9TUWN0R3FfRlJCX3VPc3dvNTBsMHRwS0pkYXBXQ0puWDNvUzduX0RkdkVzTnNOZVpVOWNyWGZtWlNVZ1dFMmJtaV8zT3hxM3p4OEk?oc=5
2026-08-26 06:40:28,TSM,"TSM, Goldman Sachs And UnitedHealth: What To Watch As Earnings Kick Off | IBD Found (QnTQYxNxP7)",Mshale,https://news.google.com/rss/articles/CBMiW0FVX3lxTFA1eFpOZG9oVjVISzV4M3ZtSjJneFd1b19ndTdlNVV0VkkxMG52S2JlRG9wdHkyNTdsQ2x5RG5xNV9SVUkwQVdLV2p0M2dfcUQ1b0R3U0x0Q1o3ekk?oc=5
2026-08-26 04:29:07,TSM,NVDA Stock - Can NVIDIA Go Even Higher? (NVDA/AMD/TSM/AVGO) Bts (our0om7X7N),Mshale,https://news.google.com/rss/articles/CBMiYEFVX3lxTE9SZnhwYUk4T2ItM2k3MHlVWUxTR2tnTEFGQTdvUTV1VXNjQk5kWWxHMS1iREJ4R3Rvb1RfWm1QbjBRQzM1TVAyXzN6Mkd2U0o0QnZ6VjJkOWs2aVJEVTA2aw?oc=5
2026-08-26 01:01:30,TSM,🚨 TSM Stock Analysis: Can Taiwan Semiconductor Survive Market Turbulence? | April 23 Predicted Openi Labor (Q12MmR37Hz),Mshale,https://news.google.com/rss/articles/CBMiYEFVX3lxTE9LMzJxV1Y5ZE1kYXVGdjlmZG1QOFNvQ09aRnYzbjFIbUhSeWFsbFFRMUlvd1VMRnpaQTVBQlA0Z29FdWVKRnlTZFFkdUVnbjQ3eVdDdjlJT2RJOE83emlWVA?oc=5
2026-08-26 00:45:19,TSM,Best AI Stock To Buy: Taiwan Semiconductor (TSM) Stock Analysis Q4 2025 Minnesota Frost (I6NYGqfWaN),Mshale,https://news.google.com/rss/articles/CBMiYEFVX3lxTFAzN05NRHhRUXg5WjBVbWNDb2kyRWRoWDhGVzg0WmRMbVN5dTMyd1Fpb19SbTJ1SEhRLXI3Y1NFNGxRc3J0MXFsc3p1QVV6eVFYT3hZRlo0UlNCVXgweWpZVw?oc=5
2026-08-26 00:19:28,TSM,TSM STOCK LATEST UPDATE- TAIWAN SEMICONDUCTOR MNUFCTRNG CO LTD (BUY??) Olivia Rodrigo (y9RoWfnNu1),Mshale,https://news.google.com/rss/articles/CBMiYEFVX3lxTE1rd0tQWDhGbi1wWHg3Rng1M3doVG82LWV3M0stN3MwcUxyWkhFZ2RGM0ZTdWhGMFJnU2VNMjJ1SmllRVhlRzlldjNkc2NoT01XMzZZZW5wVDRKSTZmV0pYNA?oc=5
2026-08-25 23:47:18,TSM,Memory Stocks Collapsing | Micron / Sandisk / NVDA / AMD / ARM / AVGO / INTC / STX / TSM Evan Mobley (vO3ar185l8),Mshale,https://news.google.com/rss/articles/CBMiW0FVX3lxTE9JUVlySG5EaGJEQ3dFb3M3dWd2bEtKR3JNZDR4UnZkRU9BNV9iZ2t5UFkxb1NzVzNqUEpqaGVJaEY5OGJ5UlJic2FWQlFLTVo5eERta1Nic3lNTmc?oc=5
2026-08-25 23:21:43,TSM,Stock Market Analysis | Micron / Sandisk / NVDA / AMD / ARM / AVGO / INTC / STX / TSM Giants Game (ldvymEWiue),Mshale,https://news.google.com/rss/articles/CBMiYEFVX3lxTE9nZDBNamdHWW5iSlB6Xzk2THZIMVZzUkRTbXVsY1p4Rmk3VDhZanI0UjlKQllwaWRlZVpMWXBNYTR2UjFhcTc5VkdmWW8xWWJVZmJQS2FaUmh6WjhRZDl5eg?oc=5
2026-08-25 22:02:14,TSM,NVDA Stock - Can NVIDIA Bottom Here? (NVDA/AMD/TSM/AVGO) Celtic Vs Rangers (KdDNPbAiVD),Mshale,https://news.google.com/rss/articles/CBMiW0FVX3lxTFBWZXNOS0NrVU5oM1ZWb0RpUk01dWd0dU9Kanh6WnFIbXBKcV93WkhCOUN0cl9ScE5tcW1QYWdhUjBUMjN6a0VBOS1VY2Q2TUJqeThhQ0VzZ2NnWE0?oc=5
2026-08-25 20:05:43,TSM,NVDA Stock - Can NVIDIA Still See Higher? (NVDA/AMD/TSM/AVGO) Ed Miliband (R4zuGZRH6p),Mshale,https://news.google.com/rss/articles/CBMiW0FVX3lxTE9oWnVobi1OS29BSjhyVFphTGh6Zk1JM1Ryd2d4WFlDUGlnZmpwZEx4a2Q3U1lOc181aDlBbk9lSXJwb3ZLb2M2TjNHWHlmWVoxWWtvS2MzNkQ4YlU?oc=5
2026-08-25 16:10:00,TSM,NVDA Stock - Is NVIDIA Ready To Pop Higher? (NVDA/AMD/TSM/AVGO) Hull City Tickets (XwDI2eeFBQ),Mshale,https://news.google.com/rss/articles/CBMiYEFVX3lxTE9laFlEZHYyNWxsRUxHMFY4WlZLbXc4MGx1aUpCV2hJd08xa29fSjdCaHhHRGUxV2txWk5ZdVpnb3pUTnlTNk9OSmpnSHNTQ2tIMGRUdmN6LVpodlg4b1R0Yg?oc=5
2026-08-25 15:52:00,TSM,"TSM Rides on AI, Advanced Nodes & Capacity Expansion: Worth a Buy?",Yahoo Finance,https://news.google.com/rss/articles/CBMilgFBVV95cUxPdHBCVzdSTlh6SE1nM3NlU1pHZk1qOFdHR2hUSmNtSGFsaldBZFdQSGozSHAzME9LRGNudUdxTVhheDlKb0tnNmQySExoYVB0VTFHR25OdzB4NjhmVVJhUmY0djE4WHltOGg2dWtsNzIwSGlTbTRLU1h4bmNRbFBmZEJha2dLZEluamU5eG8tLUZzUURKYlE?oc=5
2026-08-25 14:56:18,TSM,TSMC: The Semiconductor Giant Is Still Sprinting (NYSE:TSM),Seeking Alpha,https://news.google.com/rss/articles/CBMitgFBVV95cUxQdGE3QmU0cGtkUGtld2VTVFR6M2pVSE1Gdk5EV1REWGJXYmZxcHN0R1kwdENKM00zV3ljTC1JME00SXE1eTdtUHV1T3JpVjRlV2hCTktSQ3NHSEFZLU80WV94Q0hmZTBvU0VEZUtzTVNVT084OU5taFozVEppQTRTSHRJajBIZnVRaFFQenJRU21NTk1qbXlKQ1JBUzlYbWpaTnRIdlhzdXk0WDA4M1FKb1VrWlhOZw?oc=5
2026-08-25 14:08:27,TSM,TSMC (TSM): Explosive Growth For A.I. & Semiconductors Now Stock (BQw105kKca),Mshale,https://news.google.com/rss/articles/CBMiW0FVX3lxTE9kaFMzck5FUmVsWEpySW4xbzh5cjRoWkVqTVdSc1BhakJ6SFpoQUZUZnJtcmhoNHh0UHNhakplN2IycmV5S0I4NGI1ZzVRa2VrV3B2UXEtakFCR1k?oc=5
2026-08-25 13:07:25,TSM,How Much Upside is Left in TSMC (TSM)? Wall Street Analysts Think 25.01%,Zacks Investment Research,https://news.google.com/rss/articles/CBMirAFBVV95cUxPTUN3cHVCX2x3X1BDaVkyWFhxZm8yTFVOcy1ZM1hwRFdCNDg2OTR6bEU3WF9oVWc0VGRUVGVDcDEyN1MtZUhYSFE2d1JKVUxjWDR0V0RROTNjeVJwSEFLbzFXWkx5elBYVzJ2TUI1WUZkSEU5MExRdmRSbGJHbHZOVlNjdlpFR1VaQVdlM0VNVEpsbWU1dTFMMnlURm5ZWU1MbmdCWlo0enVybkNn?oc=5
2026-08-25 09:41:33,TSM,"Cat Rock Capital trims Taiwan Semiconductor stake by 9,200 shares",TipRanks,https://news.google.com/rss/articles/CBMitwFBVV95cUxQVGEwQmNnTWh3eWY1Y3d5LTQtZWJ1eDQzX2p4Um1vZFVMS3dzWVo5YVFHTkpITEpPb3ZJY3VoM1VaNURKMzJTNVo3T29rX0lsNzQ2dllqcGZuTGZLLWl5UHJvWVRPalRjWERNcDBnR19oWUVIOE50dnFUU2FIUkpHNUszb053NVlEdGdRQTRkT1JZRWpNaWdTRjhxaHRQYng2WGozenZKMUF5ZzU0WFFlSXJ3Qng2WUk?oc=5
2026-08-25 07:18:05,TSM,NVDA Stock - Is NVIDIA Still Bullish? (NVDA/AMD/TSM/AVGO) Acl Two (5mbkNLJ9VW),Mshale,https://news.google.com/rss/articles/CBMiYEFVX3lxTE1XT240S1FpS3FlbzBJVHhwSXdVWHdTRTlET2xmUG5YZ252OWk3M0QwOFFmSFU1YnM0TEZYLXdkQjhTOW91SWMxTkQ2ekxGdFk5dVRrSU1sQnR4RG5MYmJYYg?oc=5
2026-08-25 05:32:44,TSM,Taiwan (TSM) Results Versus Estimates: Profit Per Share Surpasses Its Benchmark at the Close; After Earnings: Shares Move 2.11% Lower in Latest Trading - Margin Expansion Trends,vinanet.vn,https://news.google.com/rss/articles/CBMilAJBVV95cUxOOVZTX05fZXJJRVRXRDB1bWtwRGZjQjE0TVo4d3Zka01PdDc0dFFhVHNQQ1JKYkJydFg0MW81TXhQM3lEVW14UTVfLXpYRE9WNVZqc2t4a3RmaHpUbkl3a0JSNnJ3OTk2d0lXTWNLTnViVXhTSUpJQU9tTXpyaDY3aV9Ga3QtOFJMUDdtdW0wRVFCZ0tYeVRXb0hLQ2JtVWdnUnQ5YURpT2dBWkl4X0RPS1hBS0stb1Z2MmdFOGNubjBYN2NrNDM3NU5qQndaSWNhWU96STd5dWRXWGwzcVVkUk9yLTdMNWVNeEhKLTFMbUt2S3dUQXhWQWVqZHE3WmFROFdHQ3dwVG16TnpET0V0aGRQUno?oc=5
2026-08-25 05:32:37,TSM,TSM Stock BUY Before It's Too Late ?? Siviglia - Espanyol (qiRYw7DqMq),Mshale,https://news.google.com/rss/articles/CBMiYEFVX3lxTE03U2R0Tno1czZiOTF0SHFDaVIyMXlyWGxvQ3ZBSzNjbWg4NU1SUUJEbXE1bkZHWGNPdERSNFZIZm5iUmpkSnkxLWc0bzFfUkFZaHdDNHVtUk5PYkZ3dHJjNg?oc=5
2026-08-25 05:17:14,TSM,TSM's Secret Weapon: Comprehensive Stock Analysis & Predictions For Wed - Don't Get Left Behind! Rachel Weisz (46nNl7jyIc),Mshale,https://news.google.com/rss/articles/CBMiW0FVX3lxTE5pdEVqenNuWjRvR3c0QlhGeWdOTWxadFhGTXNOTGtUM2sxT1F4a1M4MFZNUFFQNjF6TnNsRVNUVjl4RUJmSXhnWXE0TldXRnV3TEM5anVkUk1aRWs?oc=5
2026-08-25 03:43:33,TSM,NVDA Stock - NVIDIA Can See A Huge Move (NVDA/AMD/TSM/AVGO) Marcello Hernandez (LXlEAQHrpi),Mshale,https://news.google.com/rss/articles/CBMiYEFVX3lxTE81dmExay1CcklUaVZEaDhweGJEeUdtYlZvMVREXzJoYTZRd2E2M1dSVnRuRVFncS1CdFBzUE5sOUlFMDRVcXl4ekdIa05QYVMxdkpuRm4yektYUHNDQVFvUQ?oc=5
2026-08-25 03:28:42,TSM,"AAPL Delays A.I. Siri Update To 2026, TSM Revenue Falls Brampton Weather (0C7DRGsNpS)",Mshale,https://news.google.com/rss/articles/CBMiYEFVX3lxTE80VFAxSFd4UXBuM2lqbDdTZmljeGdzTm5fal9nSF80cFdhSjNYSmFCVUVvNkFWeGtqbnVrTzJkRW1PSFk5RWg3c1gzMXgyTWVZdHQwS2s0aUVfMUZVZHlVaw?oc=5
2026-08-25 00:53:37,TSM,What's Going On With Taiwan Semiconductor Stock? | TSM Stock Analysis | Wwe Backlash (SBd3IXMejY),Mshale,https://news.google.com/rss/articles/CBMiYEFVX3lxTE5WNlVGRHpMVnJHclZfbE5TcjBVcGdRVVN2SEs5R2RBakJWc0x6dWJIa2lwN3ZXRHZZOHZxYlFSdTZIc0RQSE5oNEtSbnd5NzBaWDRQMVRmZU9PeG12VnowTg?oc=5
2026-08-25 00:42:59,TSM,Best AI Stock To Buy: Taiwan Semiconductor (TSM) Stock Analysis Q4 2025 Minnesota Frost (I6NYGqfWaN),Mshale,https://news.google.com/rss/articles/CBMiW0FVX3lxTE5iRmIzVzJ1eDVKa0gyTF9MMmFrYWNUSnFoTE1YWUlUUXZLSjN1NFppZmZLUjRSQnRSQXZ1WmZ1RTAxSVdwd2hvUUdlRV9BWW9oU3VCMzdlM2xDWGM?oc=5
2026-08-24 23:40:52,TSM,TSM STOCK- TAIWAN SEMICNDCTR MNUFCTRNG CO LTD STOCK TODAYS BREAKING NEWS | TSM STOCK Ios (z1BSCd3iyK),Mshale,https://news.google.com/rss/articles/CBMiYEFVX3lxTE1MbV9LWENlbm1jVlBHUnFaQ2h1eWU1UEZ1Y3VwSThOZW9jSVFqSXBXQlk3UVRwTFFlSk40ai1halhJekdCMm9MVWo4RFFEOUJyd1ZPWVA4dHM2REFEeHgzMQ?oc=5
2026-08-24 21:45:03,TSM,TSMC (TSM) Falls More Steeply Than Broader Market: What Investors Need to Know,Yahoo Finance,https://news.google.com/rss/articles/CBMilwFBVV95cUxNT2htMTZTcVJCRF9Gc01faEFudHNhSUR4aDNyNUh0MGpEelFMakh3WmlUVUxqMGp0QmFCQUE4b1ZUdGgzNExYVUZUNG5HZXdtcnhIdzF4Q0hGdkNIRUxLY0picTIzQl9NUk9QN01CeS1iWUR5M2JyQnlTZENsaXUxRGR1c1VLODExXzVZUGFRTjBOSTJ0Unhz?oc=5
2026-08-24 20:41:23,TSM,Prediction: Taiwan Semiconductor Stock Will Reach a Fresh High Before 2026 Ends,AOL.com,https://news.google.com/rss/articles/CBMikAFBVV95cUxOa05XSkttZWh0QjBxN3hZZW9aZmpSaWlRNnJMTzhKZzBhZEdqeTB4YWQ3ZjlMU2pSYzV4RWtfT2ZLZVZLRXFjTzZoRnhzTFhfb0wyTml6Sm53bk5vWHo1amlTM09DTHdIQVhLRlVlbXhLZzBmN2x2RlFoZjBBMmlyYkVHcVhNalZldHVzSW9YTlc?oc=5
2026-08-24 18:16:23,TSM,"George Soros Quietly Raised His Taiwan Semi Stake by 1,000%. Here’s Why You Should Be Buying Too.",Barchart.com,https://news.google.com/rss/articles/CBMi0wFBVV95cUxOdjdIZXFWNUxvUTdIRUpKVDZoOXJvM3dnTmpCVnUxLXVXa2Z0VDYtbjZ6NlhpUzhQb0hscGlNOHJySUhCZURPb0RkcmFwREk2NEFSRkhnOGw3b09VdWxMd2pZU2pGMTM4eXhqX0NrWjl3Y2tYTTYwYWx6ZU9ZTTVER2czWHVrSFlQUU03c2I0S3FqSEdPWVE3YnQ2akY4UmRjd1NtOGtIcUFGOWRUeXNuQy1KRDNjMjJsQm9mNlRSR0M5eEttX2tfSTQ4aElCeThBaUpj?oc=5
2026-08-24 18:07:44,TSM,Why Is TSM Stock Rising Premarket?,Stocktwits,https://news.google.com/rss/articles/CBMingFBVV95cUxPX0IzT1pGZ1JESnZlRkdkampTalg2ODFiSExpME4wZUtNVHJWSzR1U1pDNWFkcXAyeVlyVjl3NVFQamg5dmdVVE1uYWhxVE9ta2RwRXVrcy13RW1UTjhQTU56RWV5allqYm5mNENqTkpXSExmTjdhSU5sT1dRZHJXNUxyRDhxdEo4dEdFeTBscUlVenhSTmVfa18tUFNSQQ?oc=5
2026-08-24 15:35:00,TSM,Why Taiwan Semiconductor Manufacturing (TSM) Stock Is Down Today,Quiver Quantitative,https://news.google.com/rss/articles/CBMiowFBVV95cUxOTFNTYWtyXzBqdG11SHkyYnVCbWU1REQzZVJEcGlYNEJJVzZHZUwtR2lvV255cVZBR0lQdVVWUlh1a3lrRFZkVzVpdEpOSUFyUDVSMGlXRE01dUNFZUdDSVBVbHFyXzduZEV2RUhCRGYtbDZGVlI4VTVULUxPUVRaMi1YRzMxMmV4OHp4SHZmTUpEcnVGNGIyLUFGdjF1VnEwRngw?oc=5
2026-08-24 14:43:50,TSM,"Semiconductor Stocks Slide Ahead of NVIDIA Earnings: Intel Falls 5%, AMD Slides 4%, Taiwan Semiconductor Slips 3%",24/7 Wall St.,https://news.google.com/rss/articles/CBMi5gFBVV95cUxOQmFiNk4tUVVKOWFFNXE4NlZrUVVPRVFlTUtTaFZFTnZ3TE5zTG54SmZOamgxNGZ6ZFdZYVV5YkdLVXE2RkliSXVLUENxMTVfc3ZEUGFrdVItUFV2akJaYXQ1VEYwQUJFYUM2Zk5TWHA0eGEwOVR0YTdLMU92Q0J4cTh3RDM5ck5aNk83RGxObGNWZWpJRVpvZDRXWEhmM0JSMHhCejZzOHFGV2lBSWZuS2VQWTN1cUZhRlM4TUplWnJMVVNlXzNqS0tVOWg3WURGdVpEa0FJbE8wNHhPWkxRMFV0UTgtUQ?oc=5
2026-08-24 14:43:50,TSM,"Semiconductor Stocks Slide Ahead of NVIDIA Earnings: Intel Falls 5%, AMD Slides 4%, Taiwan Semiconductor Slips 3%",Yahoo Finance,https://news.google.com/rss/articles/CBMipwFBVV95cUxOaDBmM0FRUG1yQU9HbC1CQmkycUNUTkp2XzVpY0F6ZW01c2F2RTdxOC1LSHNsMW9weUtDLU9jZVY0aFlBMi1MLXBUV2p3TmFMa2JjMzYtUXhZVHFYVGFDUC1CSVRmRkRBeHRpc0p3ZnowV0xOU1Bqak1kNXdjZm5EZHNBSU90ekdadElkMEprbEJyTVJFVE94N2pMWXpGZ3N0QWNwM1lzVQ?oc=5
2026-08-24 14:15:27,TSM,Taiwan Semiconductor Manufacturing Co Ltd Stock (TSM) Moved Down by 3.11% on Aug 24: Facts Behind the Movement,TradingKey,https://news.google.com/rss/articles/CBMiigFBVV95cUxNZHlrcDl4dHEzNmJYMlB4RlNBWlhNNEtrMlRPOTY4M3dScGx0WnpzZ2dCZGZCQXNENGRYQ0hXLVZfRlJ1X3QtNHhaTG1VdnRnalZIQ3pra2hFUWhkN3ViNEJleVRPcTMwYUJJSFozSjQzU3pxR2k1S0JtN3AxSUVMamtpOGFpdS1ERWc?oc=5
2026-08-24 13:48:36,TSM,Could Taiwan Semiconductor Manufacturing Co. (TSM) Be the Biggest Long-Term Winner From the AI Chip Boom?,Yahoo Finance,https://news.google.com/rss/articles/CBMirAFBVV95cUxNNmZUeEgtRmFJVmFMSlFmZmpPbk9WYlpZdVU1UmlIbWd0S0w4SkhjT2lkTmttVDRQaUl6LVA5TzRjejFZSmJVd21ZWm01amwzVjRKYWt1cDZ2ZWd0YmVsLTJFTjh1aFBXNzhSZDdoX0J1aEFhNDVBb3p0Vy1XcGxWSWFQOVczaGtkbm53am1mRlVVbGI1dEZNWXdyTnZzM1BEQWZqbzQtRDJQLXo5?oc=5
2026-08-24 13:06:41,TSM,TSM 260821 417.50C (TSM260821C417500) Stock Community & Discussion,Moomoo,https://news.google.com/rss/articles/CBMibEFVX3lxTFB0RGYyMHF6QkxaYl9rcWlXVDlvNW1YSkhDX0J4bkNESTdsRXlCcEpVeEJjMFlOeFNJNDBlcUtFZlVNUE5OV2VGbGxZSmxLd3ZKNENnaUpDVFFSWHZDY3hLSnBQbi1wN3NmUXoxMA?oc=5
2026-08-24 11:35:06,TSM,UMC Shares Climb 6% on AI Foundry Investment Defying Market's Semiconductor Downturn,TechStock²,https://news.google.com/rss/articles/CBMiggFBVV95cUxNbkxtbEF6Q2pmREVHNkhwdHV5b0cyTWc0M21xWU9jOXRVOGVpazJHeHhFVEtoM2luSkVEOHpsTGIwNTVvVFNtMURVZDZkSHdabXVGLXRuTGxSR1RZRzkxTmw3NnhOVVBMUlFEZF95RkdsV0RHU3RiUjRCOEJWNWdBUUNB?oc=5
2026-08-24 11:27:45,TSM,TSM DCF Analysis: Intrinsic Value $395 vs Price $419,GuruFocus,https://news.google.com/rss/articles/CBMikgFBVV95cUxQcnJvUkhaRG9IOWxQNzhhTnpneHFETFF6NG1WYmFrd2NfSmNPNmlhN0pJM3laMEdpOWtuR19MR1BQRkNhRVFmblVPeXZoTnp1Mmxvc1daTnJRb09DVFdKQ1lzVVdvMXFDaHlnZm03YlpyRXN1LUx2d0JPODBmS29YQk0yNE1ockpwS29IalhCSnJqZw?oc=5
2026-08-24 10:55:28,TSM,Should You Buy Taiwan Semiconductor Stock Below $440? Here's What History Says.,AOL.com,https://news.google.com/rss/articles/CBMihwFBVV95cUxQUEJMOWw4VVk3TGRxbmNMZFloTldCTWZZa01velo4T0tib25hOGpQZXpLMVkzRUJxb0xOOEFrbjJNNkEweHZNM1lSei1CZHFOZkxEQUhfY24yYzFWdm5RTGlLY3VHc3k3d3lDbnVrZEJ0Y2gwUnhEejNBMlFEQmVDQnFVSEJZa1U?oc=5
2026-08-24 10:53:04,TSM,"Xiaomi unveils new Xring chip, teams up with TSM for manufacturing: report",Seeking Alpha,https://news.google.com/rss/articles/CBMipgFBVV95cUxQQ014dVhxck1aV0ljbjl4Z1lEbEJHYVJtdEY2NFMxVkRmdHBhZWVIOVZoX2p0UFR4cU1LV2dCTnJIX3BoQXN5T3E2Q25ScGlYLU1OanpCbWQzNnM5cE5aa21MdHJFLUpPSEhObFBiUHhmUnZ4RUR0STZ1NDNpekhTYkZnalNLajdHTkRXd3ZSNE81RjZRdlUyNGJBcjJKNloxX3Z3bG5n?oc=5
2026-08-24 10:15:00,TSM,"Beyond Nvidia, AMD, and Broadcom: Why This Chip Stock Will Emerge as the Biggest Winner of the AI Semiconductor Boom",The Motley Fool,https://news.google.com/rss/articles/CBMimAFBVV95cUxOTWJhbHpIQ1k4UF96ZTgwQnR1dkpLelRhWWphRWQtMlhjNnFhamZ1aVhVOEo5SS0yNEgza2taMWhDZmVJbHJ5dWRuWk9ZVm1PS2JIRngzS29GWmJIbGxqeVM2VkpoUTBxZkdRQUUzaUdEd3ByOVlOUmVXbXZTOXRQb1ZYX0M0XzhMOVBxa0hfeHljbEduS0hxMA?oc=5
2026-08-24 09:43:33,TSM,"Beyond Nvidia, AMD, and Broadcom: Why This Chip Stock Will Emerge as the Biggest Winner of the AI Semiconductor Boom",AOL.com,https://news.google.com/rss/articles/CBMif0FVX3lxTE1vQ2w4Y3BtREVaZVVYdUE2TjBlRXdXdFYzYjBmOVpGcVJZeHlEOTJKOFRrcktzcXZEcm5aSWRMWVFSNE9MWExRclZXQ0FyNGVORlRJd29sZ29tQVhLSE0tOS1ERkFXTUNKdVRJdVFnaW5kNURzRGU0Y1FDVzc3Um8?oc=5
2026-08-24 09:35:34,TSM,TSM Stock: Xiaomi’s New Xring Chip Could Give TSMC Another Boost,TipRanks,https://news.google.com/rss/articles/CBMilwFBVV95cUxNUWdzSUV0N1VqRXVXbzc4TGhLZHhjWmk2YXNCUjFNdHpTSGUxZjAtVzRST1dxdmFadXhlQzZ1TnVCNlJweGpFaWNEelRVdmg0ejdEeXQ5SXFXRTVQWURpdEN3dTNGZGo5QnFBWmhyVXAySmVwNUlxcWdIaEhuUXhvQnFSYWs0NU5kaXVTU0RXSDFKYlVLUXU0?oc=5
2026-08-24 09:25:49,TSM,Not Nvidia. Not AMD. This Chip Stock Will Be the Biggest Winner of the Historic AI Semiconductor Boom,AOL.com,https://news.google.com/rss/articles/CBMidkFVX3lxTE8wXzFrdFdNcG4xeG16N0ZQdFNIM1o4b3hfZmxkS1FXOTVhWE9xV1pzZ1Y3YUg4QlZhSnBISjRqS0FEQW85a2VZb1lYV215d25nSmFmT1V4N3l2UDRzZjhpX1UwMG9YQnlwcXFLWTRmWDczUEJSV2c?oc=5
2026-08-23 14:42:51,TSM,"Soros Capital Loads Up On MU, AMAT, AMD And TSM In Massive Semiconductor Pivot",Stocktwits,https://news.google.com/rss/articles/CBMi1wFBVV95cUxQZGFaVmR0LUVCQVVMZjZnNXdOSGZWcHhTZVR3WlE4XzA3YTFUNEFPaW1YQWQxRnRWZjBwNEd3RTMwZVBsM2xBU2tOcjExWm84V0dTR1dLS1FWdUlRRXQ0RHlOTlBQcjJ0c1BvWWhJcVNNTjVPZXZTZmxCWUtxcmlmZWdHNDBobnhBdnJYQmNEeVViOVhCdFRtMDlZZnc1NE9iQmFVTHJUelFidEtoakFINFRkUTJiMm5Lc1Bodnc1b3Nmc3UwZl9kMEQ0SkFyTGRNWnZZaVNqaw?oc=5
2026-08-23 10:27:53,TSM,TSM 260821 447.50C (TSM260821C447500) Stock Options Chain | Quotes & News,Moomoo,https://news.google.com/rss/articles/CBMiX0FVX3lxTFBFUElfT0J1WUFlT3hDcEQweGY5Sl8wcHpxOUxzaXhUSmxaY0N3UFhNWS1PMnByMnVQRFZYZjZkQWd6NFplNTNPemZIZ1U3d2o1U0FWRkwtOHVoYXAwSlZJ?oc=5
2026-08-23 05:21:54,TSM,Taiwan Semiconductor Stock: Does the Booming Revenue Outweigh Geopolitical Risk?,The Globe and Mail,https://news.google.com/rss/articles/CBMi9wFBVV95cUxQNFVWeWRScmUwNkRrZ2dSLWI2VGFZeDNQZE1LNHFqekU3bUdmdWNwdzNuT1lGd0NCN0FNMXBHbnZ0dUFhWUdSdFBsN0ZFMVpvYmZwa0pBTE5qVnVVVkJJU0RvQ0N3Ni12OUZlLVQzcFVhLXlzNnpUMkEwOEVEV2ItUlZvbmJtVVVBaWREM0RXWUhISnVfdDFvYUF3V0VKNFFHMndEdnhwUlpaMHZTX1ozd3hmZVpqUFVYbUVoZkh2S3dXZUd1cVhPZ25Ta0ZlTG1YcnZGZ1R4ams1MmR2eDBUbEhjZkJpNUR4TGR0MmJ6ZkF6Y3dHS1cw?oc=5
2026-08-23 02:23:58,TSM,Taiwan Semiconductor Manufacturing (TSM) Stock Could Be 27% Overvalued On Fresh AI Demand News,simplywall.st,https://news.google.com/rss/articles/CBMi7AFBVV95cUxPM1BFNVY3ZkI5QVJyY2FEQmZ5Ukp2ek5rdDExNDhNdkpoci1lQ0RTSEE0ZVVkY0dBbDJHdFlHaEVVQmVJUEJJWnhwbURTTmZER3A4Mm0wcGljc2hBOHV4VHhWdTRPMkNyU2hBZ1dfeV9wMDhZTmZZSVR4TkRBSi1KZE5meXlNd29vajVhT3JyU3ZTLVVfZGVfWEZIeWdvdXNYS0JGRkNEVmlIaHRGMWJkTUtYd2dCVTJqUmNROE5ocUYxdkUzZU1QcVg0bWZvWnlGWTJjdmxoQ3c1Xy1TdEpGZmgtWDhFck9rbVZhbNIB8gFBVV95cUxNdVB4eHlhLW1hQlJXckI2bGphVExoOVlNellkM3JuclRaLWlhaWRqOVlwdU43QVlzRGg5M2lmc0c2ajlLQ0R2bTFRa2NubmlQN0pLY0x4Ullnd3hEaTgwNUVJQUxMQ2tsRVlySlhSTXJReWI0TGZtVENxS2VONjNlX2JQXzBDYURnYkp0clVKbHdBM0RXLWdqd3JzdWNWRVV5Yk83NzBaTXZnSzNnNVRhTENZYUwtY0dMTGVkVTl4YUxkMm9SOUQxZXNYNVJ1eTA4WkZUVm4wcnMxQlgwQzZuREdzWlhPYWhKSm5mUzA0N2lKUQ?oc=5
2026-08-23 02:17:51,TSM,NVDA Stock - Has NVIDIA Bottomed? (NVDA/AMD/TSM/AVGO) Ragnetti Rossi (htML64mH70),Mshale,https://news.google.com/rss/articles/CBMiW0FVX3lxTFBqM3ZVMktseEdsa1FUVktVT0JGcnl1aWhDUHdtbmtjRUItQlN3cE15SVZhYnNuTUNHUTB6MWhOZmFXSWtENjk0RTZwM0hsUko0UUMzcWtNQ2JIYjA?oc=5
2026-08-22 15:33:05,TSM,Gavilan Investment Partners LLC's Taiwan Semiconductor Manufacturing Co Ltd(TSM) Holding History,GuruFocus,https://news.google.com/rss/articles/CBMiigFBVV95cUxOYlRKWHFNMG9YRHdIWm5URUNER1d1S1c0eU16WWpIWWVfV3ZBdE1EaEpxYWY3THEyekF3TC1XWEFqLXZOdms0TGFoYmJ1VkpJb2thSTdvNlc4T3JhRXc0eWFxbW9HNkt3YmQ2bnNuUUZXTzZyZmRTZ0F5bjRiYkNzRWd2d19rd0VGN1E?oc=5
2026-08-22 14:30:01,TSM,Taiwan (TSM) Levels: Records a 0.71% Increase to $418.95; Current Setup: the Price Remains Bounded by the Supplied Support and Resistance at the Close - Symmetrical Triangle,vinanet.vn,https://news.google.com/rss/articles/CBMikAJBVV95cUxPeFlBaDVFY0p6dTRodTJULVAzOGEzeF8zeks2V1J6WEktTEd3UHlKN2hDQVJJdFNSYXNUTGZROU42QjNHOWRoLVFnRFNaTnc4RGdnVGV1NDdBNVB5M1FrOGo1Zm5WZWZSNVJVNDRYWThfaUNLZjJiTnhDZktTSW9kbDRkWl9tUENCeC0wQ1hsbTVDZF9Cd1h5b3FfZ3UwRmtJQzdLSHVITVJSYVlkMEctTFAtaXllMWVWVFBSZmJ5dklreWlLcDJYbVQzd2Zzbm9tMFlveWIycFBIS3dKdlpHNlpaUmFtSU9rOGktQVFmWVRPODVtRURoOXlLT1NBcHJrR2JNNlRqT2dyWVlIMmJacg?oc=5
2026-08-22 10:33:00,TSM,Prediction: Taiwan Semiconductor Stock Will Reach a Fresh High Before 2026 Ends,The Motley Fool,https://news.google.com/rss/articles/CBMimAFBVV95cUxOWTRQTnRKWU01Wnpia0dUV1piU1cyYXR5ZU5xOWN3ZXQ0eGVLZzhpYmI3VDlKYUd2d215QlV5Wm5qeHV5cU9NOWZiZzJqVzRzMXoxbF85cjN0V3hqdHBsejVaZjFHcVZmSk43dDQ2ZFoyNFVHYXVZM0hWamcxejZ0Q2dJdm1BRWlLWnBtdjJMS3FTQk9DMld4TA?oc=5
2026-08-22 09:55:59,TSM,TSM 260821 415.00P (TSM260821P415000) Stock Options Chain | Quotes & News,Moomoo,https://news.google.com/rss/articles/CBMiqgJBVV95cUxNbG41bmowdlF1aktKdEtOamhBNUJmV20zVWhjU1dTY1ZvdVRrNDFJT1Y3RERqYzJqVXBIaVlOTWVZb2Z0SVhMYUVQalpVSF82Nk02WGlMNThtTVNNZ1hxOUpvWG9jOU43NXEzQUlRWENOMWZVZWdidVpfUjNZREJJc2EwUHVseFhJVWpQcnU3N1ZmdElhdU9kOFlqX3FJSTZZWDJxQUpidnhQNFhfbWZkeHhWeE9mcU0wRURGa0s3UWVpRXNPOGNreVBFd2JNcTBoc3FmVEJLQnJvblBEbWtRX1dHYWU3a1Z4Q2JhZnFQWGRyeE5sd0wzSHFXdjZzaUhNNG5kT2JtYjBYTkN1ZDdqVnJaWGZoQmdrVVBQU1pIVGFmM3JiS1hlTzhR?oc=5
2026-08-22 09:53:00,TSM,Prediction: Taiwan Semiconductor Stock Will Reach a Fresh High Before 2026 Ends,Currently.com,https://news.google.com/rss/articles/CBMimgFBVV95cUxORGJBcEtCV3NiSEFMTnhRZ3oydVRoU3ppanRKT29oUUhEWmltaW51ckppMF96aVAtYUdtU0drZTdSenNWRVJ1TmJZa016VlhmZERGZ2F5czVna0t0MWZEOFdCWDF4SUpwb3p3RGw4T2V2TjNXaWdTMVgwbTQzOHY1VXppRmhlQW1TQWdNZExrTzRJMFJnRFB5VFpn?oc=5
2026-08-22 08:13:46,TSM,TSMC Tokenized Stock (Robinhood) to Chinese Yuan Price Today | Live TSM to CNY Converter & Exchange Rate,CryptoRank,https://news.google.com/rss/articles/CBMib0FVX3lxTE83T2x5aS03c1o3RmdGYmNJejZXUzEtclFJZ25rSlBHWFZzeFJ5Q29nYUlubkFoc1NuQnhaQ3ZyVTdsZnNSTmhKbmhEZElDdzhxajdEQzRrN2w2dlVwd09kQmlXTkpHLWRHTS0xb29kOA?oc=5
2026-08-22 05:15:55,TSM,TSM 260821 170.00P (TSM260821P170000) Stock Options Chain | Quotes & News,Moomoo,https://news.google.com/rss/articles/CBMiuwJBVV95cUxNcC1XQU5XeXp0LWJGUWJadTFJMkZkY2tvZjd6em9ieEZKS2xmbWFLMWJsUTVWRWl6aWxuU2REcmRQR1lfOFlmTkxiZGFtSXJDVDhPWHBhZElnTW9pbV9qREdzdUFPdVlxOElEak1lUFNubjh0elJ4NXRIWFkwbE1YdTNGNk42ckJqVC15dkJHR3l0TlNwSTJsRHB3SFZNcDZ6S0N0VnBTX1dKd0dkOGZ2UEFrX0pnU1p2UERZU0NnU1pMRGpOTG5GWkJDamRlWW9mVkVKWnRhVngyQWNFSi1ESEpuYlhRQVlyeWMtSzVJTjE1U2NtNVlFMkhpbkMtbUdKdDlDcjZLdFQ1anhFRjdjOXM4NjdyRXVFSmwwTGpVTnZGdnRTWlg4T29ZYlpvRkg2ZGdTazJHNGI5Ulk?oc=5
2026-08-22 03:45:03,TSM,TSM Stock Analysis 2026 AI Backbone Or Too Expensive Severe Thunderstorm Watch (V5OFvv5mVy),Mshale,https://news.google.com/rss/articles/CBMiW0FVX3lxTE1ueGlWanZ4aTV6ajBpWGlsTGFfMUZkbTNjUlpPMWhWTjRzeWhHQXB2UHhqMHlWNTREU2w3SHpXc2JGS3YyNXpCZS1icHVITExTQTVnVGZqM1JydGc?oc=5
2026-08-22 00:29:01,TSM,TSMC Tokenized Stock (Robinhood) to Vietnamese Dong Price Today | Live TSM to VND Converter & Exchange Rate,CryptoRank,https://news.google.com/rss/articles/CBMib0FVX3lxTE5EVXRfVUNDSjVuRGNMSkwyNDI2NFdIWThyU0NjLTlsemp3WE04ZUMwY01QeFcyUzBZYTNWbjNiQlN1WnhXUm45Vmh2cWdXZGVhd3p6aThSanlnbklzYUJ0a3hKbjFVMVdSbEpQRXhRbw?oc=5
2026-08-22 00:25:54,TSM,TSMC Tokenized Stock (Robinhood) to United States Dollar Price Today | Live TSM to USD Converter & Exchange Rate,CryptoRank,https://news.google.com/rss/articles/CBMib0FVX3lxTFBuNF9WaDFXNUU2LVRWeEdKY1lId1BLQnJyUGJvMktaemZlNUVveERYWEl0MS1KQjlPcVdEQ0lDZ2JjekFMYXlsYjBiS2R3SHR4ZzV1UWt4YkVBTFY5YjVvOTctY3NMNUVLZkZNWHNqWQ?oc=5
2026-08-21 23:19:41,TSM,TSM 260821 160.00P (TSM260821P160000) Stock Options Chain | Quotes & News,Moomoo,https://news.google.com/rss/articles/CBMiX0FVX3lxTE5yaFBYNVE0N2V3OTV2T2VmVDVNeVdPQkJibXZOMUhFbnJmQmp0bFBwN3prSjZmNC1jWkpFanFVbDRic0VJbjdxRTA0RnhEZGN2QmkzS1FuMEZpNW5hVWk0?oc=5
2026-08-21 20:58:44,TSM,Taiwan Semiconductor (TSM) Sales Just Jumped 45%. Why is the Chip Sector Still Selling Off?,Yahoo Finance,https://news.google.com/rss/articles/CBMioAFBVV95cUxPaEhpWVBjX1Vic3dJUC1VODI0Uy1pRHY2U0JPUG5NLWFGemNSWkZyT1BtOXlINWJDd3R4TmlrZHNEWmlGTWJUSXhERV8wbTZTZU1GRG03TG5GRTNQYUo3WVdoWW1vMHF4NEN3SVBIaFgxd3VXN05mY01McFIwQ1BQNGVBemVVWHQ3Q2QxWVF3ZU9vVk1Ob0dCZzZLQVFKaVZL?oc=5
2026-08-21 15:02:56,TSM,174K Reasons To Be Bullish On Taiwan Semiconductor Stock,Benzinga,https://news.google.com/rss/articles/CBMimwFBVV95cUxPTEd6Z0tNVzd1WVJqQXFGa0g5UURSeGRhaVRSNVJQcENvN256NjY2eklhM2tpWldVaWxnM3BkckhRUWJaNW5obktYT3hvREpSc1hXNUc4c1lDV1Z6empjZ2lfX1BrRmJodV9GZWZNR3VKblZ1YVQ5YkxpaGh0UTNZMFFJdWdKM3d1ak9LYW1NNUdVREJDU2R3WEg5cw?oc=5
2026-08-21 13:30:03,TSM,Is It Worth Investing in TSMC (TSM) Based on Wall Street's Bullish Views?,Yahoo Finance,https://news.google.com/rss/articles/CBMimwFBVV95cUxPMFpSbXdvcG9iVUxzVkRoYmNlb256ZUdVZ1hsdDZYS3VLVm5vU05HeFpMWFQ4ckRGT3NwWlh4eGlNeEZTYWJRNXV4X3pYb1RHY1FMN21oZ1NmU3ZpN0Q5MXA3VHBwbzNxdkpFLWFURmFVMXJoNUQtSmYycmoxVWdJYkx2N1lvaUttS2F6OExuYU4xR2F3T3lsZDlXbw?oc=5
